time,raw_fx,raw_fy,raw_fz,corrected_fx,corrected_fy,corrected_fz,contact_force,target_force,force_xy_norm,v_des_x,v_des_y,v_x,v_y,z_dot,x,y,z,x_d,y_d,z_d,z_offset,f_z
0.000000,-4.796433,-0.988243,3.212608,-4.704413,-0.346207,1.724124,0.000000,3.000000,4.717135,-0.004987,-0.000367,0.000215,-0.000594,-0.000057,0.231343,-0.013973,0.549275,0.231217,-0.013979,0.549331,0.000000,0.001505
0.010000,-4.820324,-0.868921,3.188336,-4.728305,-0.226885,1.699852,0.000000,3.000000,4.733745,-0.004994,-0.000240,0.006643,-0.000416,-0.000720,0.231375,-0.013974,0.549272,0.231167,-0.013982,0.549331,0.000000,0.007170
0.020000,-5.167467,-0.717144,3.154744,-5.075448,-0.075108,1.666260,0.000000,3.000000,5.076004,-0.004999,-0.000074,0.018037,-0.002197,-0.000461,0.231538,-0.013993,0.549266,0.231117,-0.013983,0.549331,0.000000,0.005085
0.030000,-5.068307,-0.683130,3.172953,-4.976287,-0.041094,1.684469,0.000000,3.000000,4.976457,-0.005000,-0.000041,0.027298,-0.003097,0.001144,0.231792,-0.014021,0.549275,0.231067,-0.013983,0.549331,0.000000,-0.008696
0.040000,-4.603451,-0.745612,3.080257,-4.511431,-0.103577,1.591773,0.000000,3.000000,4.512620,-0.004999,-0.000115,0.032851,-0.003418,0.002741,0.232116,-0.014054,0.549298,0.231017,-0.013984,0.549331,0.000000,-0.022667
0.050000,-4.073517,-0.844309,2.874234,-3.981498,-0.202273,1.385750,0.000000,3.000000,3.986632,-0.004994,-0.000254,0.033614,-0.003321,0.003231,0.232455,-0.014087,0.549326,0.230967,-0.013986,0.549331,0.000000,-0.027321
0.060000,-3.535768,-0.976473,2.724591,-3.443749,-0.334437,1.236107,0.000000,3.000000,3.459950,-0.004977,-0.000483,0.035358,-0.003048,0.004142,0.232805,-0.014116,0.549365,0.230917,-0.013990,0.549331,0.000000,-0.035748
0.070000,-3.543501,-1.091100,2.527465,-3.451482,-0.449064,1.038981,0.000000,3.000000,3.480573,-0.004958,-0.000645,0.040162,-0.002244,0.003564,0.233191,-0.014137,0.549401,0.230868,-0.013996,0.549331,0.000000,-0.031496
0.080000,-3.938892,-1.050896,2.469256,-3.846872,-0.408861,0.980772,0.000000,3.000000,3.868539,-0.004972,-0.000528,0.042491,-0.002446,0.002091,0.233606,-0.014159,0.549423,0.230818,-0.014002,0.549331,0.000000,-0.019399
0.090000,-4.226519,-1.118884,2.421920,-4.134500,-0.476848,0.933436,0.000000,3.000000,4.161908,-0.004967,-0.000573,0.045206,-0.001565,0.001828,0.234058,-0.014175,0.549442,0.230768,-0.014007,0.549331,0.000000,-0.017499
0.100000,-4.212723,-1.203574,2.319147,-4.120703,-0.561538,0.830663,0.000000,3.000000,4.158788,-0.004954,-0.000675,0.047396,-0.000713,0.002090,0.234531,-0.014180,0.549460,0.230719,-0.014013,0.549331,0.000000,-0.020043
0.110000,-4.055224,-1.240845,2.266729,-3.963205,-0.598810,0.778245,0.000000,3.000000,4.008187,-0.004944,-0.000747,0.049629,-0.000532,0.001785,0.235025,-0.014187,0.549473,0.230669,-0.014021,0.549331,0.000000,-0.017704
0.120000,-3.741477,-1.220421,2.177315,-3.649457,-0.578385,0.688831,0.000000,3.000000,3.695006,-0.004938,-0.000783,0.050454,-0.001058,0.002324,0.235527,-0.014195,0.549495,0.230620,-0.014028,0.549331,0.000000,-0.022658
0.131000,-3.499124,-1.053233,2.136950,-3.407105,-0.411197,0.648466,0.000000,3.000000,3.431828,-0.004964,-0.000599,0.053327,-0.002068,0.001499,0.236102,-0.014213,0.549515,0.230565,-0.014036,0.549331,0.000000,-0.016032
0.141000,-3.480453,-0.889850,2.083235,-3.388434,-0.247814,0.594751,0.000000,3.000000,3.397484,-0.004987,-0.000365,0.055445,-0.002830,0.001219,0.236650,-0.014235,0.549532,0.230515,-0.014041,0.549331,0.000000,-0.013950
0.151000,-3.522222,-0.736362,2.069470,-3.430202,-0.094327,0.580986,0.000000,3.000000,3.431499,-0.004998,-0.000137,0.053957,-0.002752,0.000320,0.237202,-0.014264,0.549536,0.230466,-0.014043,0.549331,0.000000,-0.006405
0.161000,-3.638223,-0.600487,2.015878,-3.546204,0.041549,0.527394,0.000000,3.000000,3.546447,-0.005000,0.000059,0.051312,-0.004131,-0.000885,0.237718,-0.014301,0.549531,0.230416,-0.014043,0.549331,0.000000,0.003914
0.171000,-3.779193,-0.470983,2.017261,-3.687174,0.171053,0.528777,0.000000,3.000000,3.691139,-0.004995,0.000232,0.050680,-0.004183,-0.001306,0.238231,-0.014345,0.549515,0.230366,-0.014042,0.549331,0.000000,0.007767
0.181000,-3.670789,-0.483951,1.997885,-3.578770,0.158085,0.509401,0.000000,3.000000,3.582260,-0.004995,0.000221,0.049314,-0.004720,-0.002417,0.238726,-0.014392,0.549490,0.230316,-0.014040,0.549331,0.000000,0.017647
0.191000,-3.413192,-0.549363,2.003100,-3.321172,0.092673,0.514616,0.000000,3.000000,3.322465,-0.004998,0.000139,0.046874,-0.004350,-0.002533,0.239203,-0.014435,0.549462,0.230266,-0.014038,0.549331,0.000000,0.019137
0.201000,-3.032850,-0.698791,2.010586,-2.940831,-0.056755,0.522102,0.000000,3.000000,2.941379,-0.004999,-0.000096,0.045105,-0.004036,-0.002746,0.239660,-0.014479,0.549438,0.230216,-0.014037,0.549331,0.000000,0.021374
0.211000,-2.883279,-0.800387,2.010655,-2.791260,-0.158351,0.522171,0.000000,3.000000,2.795748,-0.004992,-0.000283,0.042528,-0.004546,-0.002954,0.240093,-0.014523,0.549408,0.230166,-0.014040,0.549331,0.000000,0.023694
0.221000,-2.849405,-0.862909,1.902830,-2.757385,-0.220873,0.414346,0.000000,3.000000,2.766217,-0.004984,-0.000399,0.041937,-0.004211,-0.003718,0.240514,-0.014559,0.549371,0.230116,-0.014043,0.549331,0.000000,0.030824
0.231000,-3.039993,-0.913711,1.887311,-2.947974,-0.271675,0.398827,0.000000,3.000000,2.960466,-0.004979,-0.000459,0.040370,-0.003027,-0.004889,0.240926,-0.014593,0.549329,0.230066,-0.014047,0.549331,0.000000,0.041532
0.241000,-3.126408,-0.957804,1.913775,-3.034389,-0.315768,0.425291,0.000000,3.000000,3.050775,-0.004973,-0.000518,0.038629,-0.002885,-0.005170,0.241314,-0.014624,0.549280,0.230016,-0.014052,0.549331,0.000000,0.044798
0.252000,-3.065379,-0.849354,1.889182,-2.973360,-0.207318,0.400698,0.000000,3.000000,2.980579,-0.004988,-0.000348,0.033642,-0.003138,-0.005993,0.241707,-0.014659,0.549220,0.229961,-0.014057,0.549331,0.000000,0.052854
0.262000,-2.840452,-0.845362,1.927968,-2.748432,-0.203326,0.439484,0.000000,3.000000,2.755943,-0.004986,-0.000369,0.029668,-0.002258,-0.005640,0.242012,-0.014686,0.549164,0.229912,-0.014060,0.549331,0.000000,0.050856
0.272000,-2.559915,-0.818968,1.973743,-2.467895,-0.176932,0.485259,0.000000,3.000000,2.474230,-0.004987,-0.000358,0.026719,-0.003149,-0.005628,0.242280,-0.014716,0.549111,0.229862,-0.014064,0.549331,0.000000,0.051717
0.282000,-2.450649,-0.784887,1.999624,-2.358629,-0.142851,0.511141,0.000000,3.000000,2.362951,-0.004991,-0.000302,0.025073,-0.002904,-0.005071,0.242531,-0.014746,0.549062,0.229812,-0.014067,0.549331,0.000000,0.047874
0.292000,-2.414430,-0.788490,1.977269,-2.322411,-0.146454,0.488785,0.000000,3.000000,2.327024,-0.004990,-0.000315,0.024568,-0.002865,-0.004263,0.242776,-0.014777,0.549020,0.229762,-0.014071,0.549331,0.000000,0.041774
0.302000,-2.618147,-0.814270,1.990611,-2.526127,-0.172234,0.502127,0.000000,3.000000,2.531992,-0.004988,-0.000340,0.025258,-0.002850,-0.004501,0.243030,-0.014807,0.548974,0.229712,-0.014074,0.549331,0.000000,0.044616
0.312000,-3.017915,-0.715934,1.977205,-2.925895,-0.073898,0.488721,0.000000,3.000000,2.926828,-0.004998,-0.000126,0.025565,-0.003539,-0.004141,0.243285,-0.014839,0.548931,0.229662,-0.014076,0.549331,0.000000,0.042345
0.322000,-3.203051,-0.721743,1.977640,-3.111032,-0.079708,0.489156,0.000000,3.000000,3.112053,-0.004998,-0.000128,0.026826,-0.003076,-0.004733,0.243552,-0.014868,0.548886,0.229612,-0.014077,0.549331,0.000000,0.048184
0.332000,-3.326427,-0.778037,2.049796,-3.234407,-0.136001,0.561312,0.000000,3.000000,3.237265,-0.004996,-0.000210,0.030077,-0.003030,-0.004430,0.243846,-0.014896,0.548842,0.229562,-0.014079,0.549331,0.000000,0.046395
0.342000,-3.227621,-0.876795,2.089680,-3.135601,-0.234759,0.601196,0.000000,3.000000,3.144377,-0.004986,-0.000373,0.031208,-0.001731,-0.004182,0.244157,-0.014922,0.548804,0.229512,-0.014082,0.549331,0.000000,0.044972
0.352000,-3.055941,-1.056542,2.152836,-2.963922,-0.414507,0.664352,0.000000,3.000000,2.992766,-0.004952,-0.000693,0.034858,-0.002685,-0.002495,0.244495,-0.014948,0.548775,0.229463,-0.014087,0.549331,0.000000,0.031190
0.362000,-2.825781,-1.221045,2.177275,-2.733762,-0.579009,0.688791,0.000000,3.000000,2.794406,-0.004891,-0.001036,0.039146,-0.002350,-0.001175,0.244874,-0.014971,0.548758,0.229413,-0.014096,0.549331,0.000000,0.020297
0.372000,-2.837924,-1.299428,2.208424,-2.745905,-0.657392,0.719940,0.000000,3.000000,2.823501,-0.004863,-0.001164,0.043913,-0.002161,-0.000709,0.245305,-0.014994,0.548747,0.229365,-0.014107,0.549331,0.000000,0.016529
0.382000,-3.078023,-1.322997,2.207504,-2.986004,-0.680961,0.719020,0.000000,3.000000,3.062666,-0.004875,-0.001112,0.050602,-0.002319,-0.000199,0.245795,-0.015021,0.548742,0.229316,-0.014119,0.549331,0.000000,0.012288
0.392000,-3.488100,-1.344639,2.205677,-3.396080,-0.702603,0.717193,0.000000,3.000000,3.467998,-0.004896,-0.001013,0.058402,-0.003491,0.000690,0.246360,-0.015052,0.548744,0.229267,-0.014129,0.549331,0.000000,0.004713
0.402000,-3.761067,-1.421531,2.204644,-3.669048,-0.779495,0.716160,0.000000,3.000000,3.750936,-0.004891,-0.001039,0.064494,-0.003579,0.001278,0.246998,-0.015080,0.548752,0.229218,-0.014140,0.549331,0.000000,-0.000413
0.412000,-3.835390,-1.412364,2.247039,-3.743371,-0.770328,0.758555,0.000000,3.000000,3.821810,-0.004897,-0.001008,0.067566,-0.003657,0.002955,0.247676,-0.015114,0.548772,0.229169,-0.014150,0.549331,0.000000,-0.014999
0.422000,-3.789550,-1.366967,2.218298,-3.697531,-0.724931,0.729814,0.000000,3.000000,3.767925,-0.004907,-0.000962,0.073026,-0.004035,0.003170,0.248393,-0.015152,0.548796,0.229120,-0.014160,0.549331,0.000000,-0.017262
0.432000,-3.804877,-1.251856,2.253303,-3.712858,-0.609820,0.764819,0.000000,3.000000,3.762604,-0.004934,-0.000810,0.077481,-0.005395,0.002383,0.249158,-0.015203,0.548819,0.229071,-0.014168,0.549331,0.000000,-0.010994
0.442000,-3.819474,-1.152257,2.321606,-3.727455,-0.510221,0.833122,0.000000,3.000000,3.762213,-0.004954,-0.000678,0.083196,-0.006253,0.003283,0.249976,-0.015263,0.548853,0.229021,-0.014176,0.549331,0.000000,-0.019251
0.452000,-3.851391,-1.130260,2.372445,-3.759371,-0.488224,0.883961,0.000000,3.000000,3.790941,-0.004958,-0.000644,0.089915,-0.005975,0.004388,0.250858,-0.015327,0.548893,0.228972,-0.014182,0.549331,0.000000,-0.029346
0.462000,-3.710556,-1.127024,2.336985,-3.618537,-0.484988,0.848501,0.000000,3.000000,3.650893,-0.004956,-0.000664,0.095259,-0.007420,0.005968,0.251784,-0.015400,0.548946,0.228922,-0.014189,0.549331,0.000000,-0.043710
0.472000,-3.689019,-1.146499,2.322876,-3.596999,-0.504463,0.834392,0.000000,3.000000,3.632201,-0.004952,-0.000694,0.096548,-0.007199,0.005910,0.252767,-0.015477,0.549010,0.228873,-0.014196,0.549331,0.000000,-0.044370
0.482000,-3.875704,-1.131786,2.279082,-3.783685,-0.489750,0.790598,0.000000,3.000000,3.815249,-0.004959,-0.000642,0.101033,-0.007678,0.006072,0.253767,-0.015551,0.549074,0.228823,-0.014202,0.549331,0.000000,-0.046899
0.492000,-4.020455,-1.187258,2.229407,-3.928436,-0.545222,0.740923,0.000000,3.000000,3.966091,-0.004953,-0.000687,0.104607,-0.008115,0.007435,0.254803,-0.015629,0.549143,0.228774,-0.014209,0.549331,0.000000,-0.059698
0.503000,-3.870577,-1.359851,2.274777,-3.778558,-0.717815,0.786293,0.000000,3.000000,3.846135,-0.004912,-0.000933,0.106888,-0.007419,0.007287,0.255972,-0.015710,0.549221,0.228719,-0.014218,0.549331,0.000000,-0.059839
0.513000,-3.630710,-1.418629,2.330520,-3.538691,-0.776593,0.842036,0.000000,3.000000,3.622903,-0.004884,-0.001072,0.109054,-0.007695,0.006251,0.257065,-0.015788,0.549291,0.228670,-0.014228,0.549331,0.000000,-0.052316
0.523000,-3.457839,-1.458233,2.432390,-3.365820,-0.816198,0.943906,0.000000,3.000000,3.463368,-0.004859,-0.001178,0.107039,-0.007213,0.005429,0.258134,-0.015858,0.549355,0.228622,-0.014239,0.549331,0.000000,-0.046497
0.533000,-3.575505,-1.488937,2.503410,-3.483485,-0.846901,1.014926,0.000000,3.000000,3.584956,-0.004858,-0.001181,0.107383,-0.007214,0.005351,0.259210,-0.015928,0.549410,0.228573,-0.014251,0.549331,0.000000,-0.046825
0.543000,-3.712706,-1.450169,2.580984,-3.620687,-0.808133,1.092500,0.000000,3.000000,3.709778,-0.004880,-0.001089,0.109076,-0.007256,0.003487,0.260274,-0.015996,0.549446,0.228524,-0.014262,0.549331,0.000000,-0.031661
0.553000,-3.925835,-1.463597,2.673149,-3.833816,-0.821561,1.184665,0.000000,3.000000,3.920855,-0.004889,-0.001048,0.112035,-0.007528,0.004429,0.261400,-0.016072,0.549482,0.228476,-0.014273,0.549331,0.000000,-0.040307
0.563000,-3.808725,-1.311710,2.594555,-3.716705,-0.669674,1.106071,0.000000,3.000000,3.776554,-0.004921,-0.000887,0.110297,-0.008563,0.004146,0.262515,-0.016158,0.549525,0.228427,-0.014283,0.549331,0.000000,-0.038667
0.573000,-3.762524,-1.136437,2.566899,-3.670504,-0.494401,1.078415,0.000000,3.000000,3.703651,-0.004955,-0.000667,0.109216,-0.009877,0.004471,0.263620,-0.016252,0.549567,0.228377,-0.014290,0.549331,0.000000,-0.042176
0.583000,-3.823326,-0.966856,2.528195,-3.731307,-0.324820,1.039711,0.000000,3.000000,3.745419,-0.004981,-0.000434,0.109988,-0.010809,0.003633,0.264725,-0.016358,0.549601,0.228327,-0.014296,0.549331,0.000000,-0.035683
0.593000,-3.879725,-0.838977,2.493750,-3.787706,-0.196942,1.005266,0.000000,3.000000,3.792822,-0.004993,-0.000260,0.110051,-0.012003,0.001316,0.265825,-0.016474,0.549620,0.228278,-0.014299,0.549331,0.000000,-0.016372
0.603000,-3.677395,-0.742337,2.490872,-3.585375,-0.100301,1.002388,0.000000,3.000000,3.586778,-0.004998,-0.000140,0.103196,-0.011494,0.000987,0.266878,-0.016593,0.549629,0.228228,-0.014301,0.549331,0.000000,-0.013743
0.613000,-3.334208,-0.618337,2.486244,-3.242189,0.023699,0.997760,0.000000,3.000000,3.242276,-0.005000,0.000037,0.097742,-0.012601,-0.001603,0.267852,-0.016716,0.549614,0.228178,-0.014302,0.549331,0.000000,0.008506
0.623000,-2.909093,-0.614529,2.437970,-2.817074,0.027507,0.949486,0.000000,3.000000,2.817208,-0.005000,0.000049,0.090244,-0.011240,-0.001695,0.268761,-0.016829,0.549597,0.228128,-0.014301,0.549331,0.000000,0.009590
0.633000,-2.501723,-0.708873,2.422051,-2.409704,-0.066837,0.933567,0.000000,3.000000,2.410631,-0.004998,-0.000139,0.083867,-0.009836,-0.003913,0.269631,-0.016935,0.549562,0.228078,-0.014301,0.549331,0.000000,0.029041
0.643000,-2.492328,-0.789499,2.442729,-2.400309,-0.147463,0.954246,0.000000,3.000000,2.404834,-0.004991,-0.000307,0.076865,-0.009429,-0.004956,0.270415,-0.017031,0.549514,0.228028,-0.014304,0.549331,0.000000,0.038764
0.653000,-2.506305,-0.810189,2.357013,-2.414286,-0.168153,0.868529,0.000000,3.000000,2.420134,-0.004988,-0.000347,0.065571,-0.007807,-0.007104,0.271098,-0.017110,0.549450,0.227978,-0.014307,0.549331,0.000000,0.058147
0.663000,-2.327157,-0.888584,2.286350,-2.235137,-0.246548,0.797866,0.000000,3.000000,2.248694,-0.004970,-0.000548,0.054466,-0.005917,-0.007335,0.271660,-0.017171,0.549375,0.227928,-0.014312,0.549331,0.000000,0.061459
0.673000,-2.117279,-1.005857,2.218000,-2.025260,-0.363821,0.729516,0.000000,3.000000,2.057679,-0.004921,-0.000884,0.044501,-0.003556,-0.008992,0.272130,-0.017214,0.549285,0.227879,-0.014319,0.549331,0.000000,0.077127
0.683000,-1.742855,-1.075030,2.152586,-1.650835,-0.432995,0.664102,0.000000,3.000000,1.706675,-0.004836,-0.001269,0.034101,-0.002413,-0.009864,0.272492,-0.017245,0.549190,0.227830,-0.014330,0.549331,0.000000,0.086242
0.693000,-1.629017,-1.055001,2.232914,-1.536998,-0.412965,0.744430,0.000000,3.000000,1.591510,-0.004829,-0.001297,0.025250,-0.001787,-0.013548,0.272766,-0.017263,0.549056,0.227782,-0.014343,0.549331,0.000000,0.119907
0.703000,-1.682092,-1.009175,2.364985,-1.590073,-0.367139,0.876501,0.000000,3.000000,1.631907,-0.004872,-0.001125,0.017200,-0.000985,-0.017677,0.272951,-0.017274,0.548889,0.227733,-0.014355,0.549331,0.000000,0.157961
0.713000,-1.771725,-1.005503,2.443980,-1.679706,-0.363468,0.955497,0.000000,3.000000,1.718581,-0.004887,-0.001057,0.014827,-0.000481,-0.020411,0.273098,-0.017279,0.548687,0.227684,-0.014365,0.549331,0.000000,0.184793
0.723000,-1.912557,-0.913069,2.548950,-1.820537,-0.271033,1.060466,0.000000,3.000000,1.840602,-0.004945,-0.000736,0.015083,-0.001146,-0.020000,0.273252,-0.017288,0.548482,0.227635,-0.014374,0.549331,0.000000,0.184981
0.733000,-1.780208,-0.903055,2.630856,-1.688189,-0.261019,1.142372,0.000000,3.000000,1.708248,-0.004941,-0.000764,0.015267,-0.001347,-0.018779,0.273406,-0.017299,0.548292,0.227585,-0.014381,0.549331,0.000000,0.178053
0.743000,-1.563482,-0.852323,2.751475,-1.471463,-0.210288,1.262991,0.000000,3.000000,1.486413,-0.004950,-0.000707,0.014733,-0.001595,-0.017913,0.273556,-0.017315,0.548103,0.227536,-0.014389,0.549331,0.000000,0.174106
0.753000,-1.238397,-0.876125,2.788223,-1.146377,-0.234089,1.299739,0.000000,3.000000,1.170034,-0.004899,-0.001000,0.013492,-0.001581,-0.017943,0.273693,-0.017331,0.547926,0.227487,-0.014397,0.549331,0.000000,0.177555
0.763000,-0.988633,-0.961504,2.767474,-0.896613,-0.319468,1.278990,0.000000,3.000000,0.951827,0.000000,0.000000,0.013698,-0.000588,-0.016568,0.273823,-0.017344,0.547757,0.227458,-0.014404,0.549331,0.000000,0.168920
0.773000,-1.157532,-0.959672,2.756616,-1.065513,-0.317636,1.268132,0.000000,3.000000,1.111850,-0.004792,-0.001428,0.013433,-0.000662,-0.017764,0.273956,-0.017357,0.547586,0.227424,-0.014415,0.549331,0.000000,0.182149
0.783000,-1.469199,-0.916148,2.727239,-1.377180,-0.274113,1.238755,0.000000,3.000000,1.404195,-0.004904,-0.000976,0.013052,-0.000547,-0.017109,0.274092,-0.017371,0.547411,0.227376,-0.014426,0.549331,0.000000,0.179733
0.793000,-1.617479,-0.895660,2.716094,-1.525460,-0.253624,1.227610,0.000000,3.000000,1.546400,-0.004932,-0.000820,0.013581,-0.001056,-0.017596,0.274224,-0.017384,0.547243,0.227326,-0.014435,0.549331,0.000000,0.186896
0.803000,-1.677002,-0.916667,2.759076,-1.584983,-0.274631,1.270592,0.000000,3.000000,1.608600,-0.004927,-0.000854,0.013152,-0.001290,-0.017878,0.274355,-0.017394,0.547065,0.227277,-0.014443,0.549331,0.000000,0.192485
0.813000,-1.294609,-1.025261,2.720315,-1.202590,-0.383226,1.231831,0.000000,3.000000,1.262175,-0.004764,-0.001518,0.011763,-0.001121,-0.016359,0.274475,-0.017403,0.546905,0.227228,-0.014455,0.549331,0.000000,0.182483
0.823000,-0.850606,-1.026691,2.700762,-0.758586,-0.384655,1.212278,0.000000,3.000000,0.850537,0.000000,0.000000,0.010749,-0.000683,-0.014546,0.274584,-0.017413,0.546760,0.227205,-0.014463,0.549331,0.000000,0.169706
0.833000,-0.750769,-0.979759,2.762134,-0.658750,-0.337723,1.273650,0.000000,3.000000,0.740276,0.000000,0.000000,0.011331,-0.001477,-0.013964,0.274693,-0.017428,0.546621,0.227205,-0.014463,0.549331,0.000000,0.167275
0.843000,-0.956142,-0.897329,2.824471,-0.864123,-0.255293,1.335987,0.000000,3.000000,0.901045,0.000000,0.000000,0.011547,-0.001533,-0.014548,0.274809,-0.017442,0.546476,0.227205,-0.014463,0.549331,0.000000,0.174838
0.853000,-1.328182,-0.824503,2.908453,-1.236162,-0.182467,1.419969,0.000000,3.000000,1.249556,-0.004946,-0.000730,0.012575,-0.001413,-0.016532,0.274930,-0.017455,0.546319,0.227166,-0.014471,0.549331,0.000000,0.194509
0.863000,-1.603116,-0.789306,3.010634,-1.511097,-0.147271,1.522150,0.000000,3.000000,1.518256,-0.004976,-0.000485,0.012869,-0.000972,-0.016827,0.275058,-0.017469,0.546149,0.227116,-0.014477,0.549331,0.000000,0.200065
0.873000,-1.531958,-0.737626,3.062447,-1.439938,-0.095590,1.573963,0.000000,3.000000,1.443108,-0.004989,-0.000331,0.012768,-0.001724,-0.016370,0.275185,-0.017487,0.545986,0.227066,-0.014481,0.549331,0.000000,0.199114
0.883000,-1.329920,-0.693340,3.110164,-1.237900,-0.051305,1.621680,0.000000,3.000000,1.238963,-0.004996,-0.000207,0.012698,-0.001552,-0.015910,0.275313,-0.017504,0.545823,0.227016,-0.014483,0.549331,0.000000,0.198156
0.893000,-0.830195,-0.715524,3.053931,-0.738176,-0.073488,1.565447,0.000000,3.000000,0.741825,0.000000,0.000000,0.011674,-0.001437,-0.015076,0.275429,-0.017518,0.545674,0.226991,-0.014485,0.549331,0.000000,0.193756
0.903000,-0.503168,-0.709533,2.977219,-0.411148,-0.067497,1.488735,0.000000,3.000000,0.416652,0.000000,0.000000,0.012201,-0.001146,-0.014724,0.275542,-0.017529,0.545528,0.226991,-0.014485,0.549331,0.000000,0.193399
0.913000,-0.747892,-0.683524,2.980475,-0.655873,-0.041488,1.491991,0.000000,3.000000,0.657184,0.000000,0.000000,0.012204,-0.000725,-0.016038,0.275660,-0.017540,0.545376,0.226991,-0.014485,0.549331,0.000000,0.207287
0.923000,-0.892340,-0.636555,2.896869,-0.800320,0.005480,1.408385,0.000000,3.000000,0.800339,0.000000,0.000000,0.012669,-0.000642,-0.016834,0.275782,-0.017552,0.545216,0.226991,-0.014485,0.549331,0.000000,0.216919
0.933000,-0.854358,-0.636578,2.763471,-0.762339,0.005458,1.274987,0.000000,3.000000,0.762358,0.000000,0.000000,0.011686,-0.000368,-0.015363,0.275901,-0.017561,0.545065,0.226991,-0.014485,0.549331,0.000000,0.207142
0.943000,-0.828364,-0.630460,2.708502,-0.736345,0.011576,1.220018,0.000000,3.000000,0.736436,0.000000,0.000000,0.011574,-0.001437,-0.015301,0.276016,-0.017574,0.544910,0.226991,-0.014485,0.549331,0.000000,0.209422
0.953000,-0.733845,-0.617841,2.689756,-0.641825,0.024195,1.201272,0.000000,3.000000,0.642281,0.000000,0.000000,0.011072,-0.000705,-0.014625,0.276128,-0.017585,0.544765,0.226991,-0.014485,0.549331,0.000000,0.206292
0.963000,-0.329032,-0.739546,2.609140,-0.237012,-0.097510,1.120656,0.000000,3.000000,0.256287,0.000000,0.000000,0.010049,-0.001191,-0.013085,0.276235,-0.017597,0.544627,0.226991,-0.014485,0.549331,0.000000,0.195706
0.973000,0.120692,-0.801082,2.538898,0.212712,-0.159046,1.050414,0.000000,3.000000,0.265597,0.000000,0.000000,0.008921,-0.000762,-0.012120,0.276324,-0.017605,0.544502,0.226991,-0.014485,0.549331,0.000000,0.189766
0.983000,0.262320,-0.800415,2.518562,0.354340,-0.158379,1.030078,0.000000,3.000000,0.388124,0.000000,0.000000,0.008794,-0.000825,-0.012160,0.276411,-0.017616,0.544386,0.226991,-0.014485,0.549331,0.000000,0.192200
0.993000,-0.066598,-0.770754,2.509137,0.025421,-0.128718,1.020653,0.000000,3.000000,0.131204,0.000000,0.000000,0.009238,-0.000881,-0.010942,0.276499,-0.017624,0.544277,0.226991,-0.014485,0.549331,0.000000,0.183823
1.004000,-0.441128,-0.770301,2.532638,-0.349109,-0.128265,1.044154,0.000000,3.000000,0.371926,0.000000,0.000000,0.008978,-0.001318,-0.011720,0.276598,-0.017634,0.544148,0.226991,-0.014485,0.549331,0.000000,0.192745
1.015000,-0.679442,-0.771966,2.508085,-0.587423,-0.129931,1.019601,0.000000,3.000000,0.601621,0.000000,0.000000,0.008743,-0.001082,-0.011889,0.276696,-0.017643,0.544017,0.226991,-0.014485,0.549331,0.000000,0.196536
1.026000,-0.588726,-0.824535,2.472530,-0.496706,-0.182499,0.984046,0.000000,3.000000,0.529172,0.000000,0.000000,0.008166,-0.001208,-0.010861,0.276791,-0.017652,0.543891,0.226991,-0.014485,0.549331,0.000000,0.190080
1.037000,-0.157463,-0.810095,2.378436,-0.065443,-0.168059,0.889953,0.000000,3.000000,0.180352,0.000000,0.000000,0.006923,-0.001224,-0.008779,0.276868,-0.017662,0.543793,0.226991,-0.014485,0.549331,0.000000,0.174188
1.048000,0.113571,-0.884901,2.390912,0.205590,-0.242865,0.902428,0.000000,3.000000,0.318199,0.000000,0.000000,0.005779,-0.001462,-0.008845,0.276935,-0.017673,0.543700,0.226991,-0.014485,0.549331,0.000000,0.176414
1.059000,0.192541,-0.870254,2.373933,0.284560,-0.228218,0.885449,0.000000,3.000000,0.364771,0.000000,0.000000,0.005351,-0.000685,-0.006802,0.276999,-0.017679,0.543618,0.226991,-0.014485,0.549331,0.000000,0.160568
1.070000,-0.107878,-0.851501,2.371882,-0.015858,-0.209466,0.883398,0.000000,3.000000,0.210065,0.000000,0.000000,0.005613,-0.000538,-0.008042,0.277065,-0.017685,0.543532,0.226991,-0.014485,0.549331,0.000000,0.172621
1.081000,-0.378165,-0.804571,2.413929,-0.286146,-0.162536,0.925445,0.000000,3.000000,0.329086,0.000000,0.000000,0.006131,-0.000149,-0.008845,0.277132,-0.017691,0.543444,0.226991,-0.014485,0.549331,0.000000,0.181018
1.092000,-0.406816,-0.792752,2.406068,-0.314797,-0.150716,0.917584,0.000000,3.000000,0.349016,0.000000,0.000000,0.005778,-0.000108,-0.007391,0.277193,-0.017697,0.543363,0.226991,-0.014485,0.549331,0.000000,0.170147
1.103000,-0.184897,-0.805278,2.338685,-0.092878,-0.163242,0.850201,0.000000,3.000000,0.187814,0.000000,0.000000,0.004590,-0.001291,-0.006023,0.277247,-0.017704,0.543292,0.226991,-0.014485,0.549331,0.000000,0.159815
1.114000,0.015072,-0.764543,2.300735,0.107092,-0.122507,0.812251,0.000000,3.000000,0.162717,0.000000,0.000000,0.004244,-0.000530,-0.005422,0.277294,-0.017708,0.543230,0.226991,-0.014485,0.549331,0.000000,0.155827
1.125000,-0.064900,-0.849851,2.321764,0.027119,-0.207815,0.833280,0.000000,3.000000,0.209577,0.000000,0.000000,0.003948,-0.000392,-0.005273,0.277338,-0.017714,0.543172,0.226991,-0.014485,0.549331,0.000000,0.155612
1.136000,-0.239633,-0.781065,2.332565,-0.147613,-0.139029,0.844081,0.000000,3.000000,0.202778,0.000000,0.000000,0.003550,-0.000223,-0.005184,0.277383,-0.017718,0.543114,0.226991,-0.014485,0.549331,0.000000,0.155904
1.147000,-0.355144,-0.825055,2.318630,-0.263125,-0.183019,0.830146,0.000000,3.000000,0.320516,0.000000,0.000000,0.003451,0.000513,-0.004885,0.277424,-0.017720,0.543062,0.226991,-0.014485,0.549331,0.000000,0.154304
1.158000,-0.478560,-0.794878,2.296791,-0.386541,-0.152842,0.808307,0.000000,3.000000,0.415662,0.000000,0.000000,0.003170,-0.000204,-0.004249,0.277463,-0.017724,0.543011,0.226991,-0.014485,0.549331,0.000000,0.149829
1.169000,-0.503842,-0.784795,2.289417,-0.411823,-0.142759,0.800933,0.000000,3.000000,0.435865,0.000000,0.000000,0.003084,0.000263,-0.004211,0.277499,-0.017728,0.542963,0.226991,-0.014485,0.549331,0.000000,0.150370
1.180000,-0.458472,-0.809163,2.294503,-0.366452,-0.167127,0.806019,0.000000,3.000000,0.402764,0.000000,0.000000,0.002605,0.000366,-0.003506,0.277528,-0.017733,0.542922,0.226991,-0.014485,0.549331,0.000000,0.145121
1.191000,-0.380575,-0.743533,2.294820,-0.288555,-0.101497,0.806336,0.000000,3.000000,0.305885,0.000000,0.000000,0.002189,-0.000267,-0.002759,0.277554,-0.017739,0.542889,0.226991,-0.014485,0.549331,0.000000,0.139375
1.202000,-0.309783,-0.725304,2.289383,-0.217764,-0.083268,0.800899,0.000000,3.000000,0.233141,0.000000,0.000000,0.001878,-0.000915,-0.002657,0.277577,-0.017745,0.542858,0.226991,-0.014485,0.549331,0.000000,0.139063
1.213000,-0.326471,-0.723079,2.309946,-0.234451,-0.081043,0.821462,0.000000,3.000000,0.248063,0.000000,0.000000,0.001514,-0.000021,-0.002946,0.277595,-0.017747,0.542831,0.226991,-0.014485,0.549331,0.000000,0.142004
1.224000,-0.402710,-0.704322,2.345991,-0.310691,-0.062286,0.857507,0.000000,3.000000,0.316873,0.000000,0.000000,0.001782,-0.000106,-0.002657,0.277615,-0.017749,0.542805,0.226991,-0.014485,0.549331,0.000000,0.140023
1.235000,-0.511494,-0.625731,2.343294,-0.419475,0.016305,0.854810,0.000000,3.000000,0.419792,0.000000,0.000000,0.002070,-0.000496,-0.002142,0.277636,-0.017751,0.542781,0.226991,-0.014485,0.549331,0.000000,0.136080
1.246000,-0.489613,-0.608090,2.314384,-0.397594,0.033946,0.825900,0.000000,3.000000,0.399040,0.000000,0.000000,0.001585,-0.000278,-0.001775,0.277654,-0.017751,0.542757,0.226991,-0.014485,0.549331,0.000000,0.133403
1.257000,-0.412119,-0.617796,2.343273,-0.320099,0.024239,0.854789,0.000000,3.000000,0.321016,0.000000,0.000000,0.001240,-0.000216,-0.001250,0.277669,-0.017753,0.542736,0.226991,-0.014485,0.549331,0.000000,0.129315
1.268000,-0.275080,-0.641594,2.358565,-0.183060,0.000442,0.870081,0.000000,3.000000,0.183061,0.000000,0.000000,0.001031,-0.000280,-0.001014,0.277682,-0.017753,0.542720,0.226991,-0.014485,0.549331,0.000000,0.127608
1.279000,-0.192652,-0.643299,2.356279,-0.100633,-0.001263,0.867795,0.000000,3.000000,0.100641,0.000000,0.000000,0.001044,0.000452,-0.001057,0.277690,-0.017752,0.542709,0.226991,-0.014485,0.549331,0.000000,0.128171
1.290000,-0.149716,-0.689368,2.371388,-0.057697,-0.047332,0.882905,0.000000,3.000000,0.074628,0.000000,0.000000,0.000599,0.000755,-0.001541,0.277695,-0.017752,0.542699,0.226991,-0.014485,0.549331,0.000000,0.132464
1.301000,-0.139361,-0.706307,2.376884,-0.047342,-0.064271,0.888400,0.000000,3.000000,0.079825,0.000000,0.000000,0.000062,0.000263,0.000075,0.277697,-0.017753,0.542697,0.226991,-0.014485,0.549331,0.000000,0.118785
1.312000,-0.070761,-0.736335,2.400948,0.021258,-0.094300,0.912464,0.000000,3.000000,0.096666,0.000000,0.000000,0.000401,0.000063,0.000117,0.277699,-0.017751,0.542696,0.226991,-0.014485,0.549331,0.000000,0.118436
1.323000,0.010864,-0.763523,2.418001,0.102884,-0.121487,0.929517,0.000000,3.000000,0.159199,0.000000,0.000000,-0.000179,-0.000426,0.000603,0.277698,-0.017750,0.542696,0.226991,-0.014485,0.549331,0.000000,0.114313
1.334000,-0.063802,-0.765032,2.486455,0.028218,-0.122996,0.997971,0.000000,3.000000,0.126191,0.000000,0.000000,0.000222,0.000178,-0.000597,0.277699,-0.017751,0.542695,0.226991,-0.014485,0.549331,0.000000,0.124524
1.345000,-0.078355,-0.748754,2.531461,0.013664,-0.106719,1.042977,0.000000,3.000000,0.107590,0.000000,0.000000,0.000034,0.000240,0.000138,0.277698,-0.017750,0.542698,0.226991,-0.014485,0.549331,0.000000,0.118234
1.356000,-0.029742,-0.775969,2.569273,0.062277,-0.133934,1.080789,0.000000,3.000000,0.147705,0.000000,0.000000,-0.000146,-0.000404,-0.001204,0.277697,-0.017753,0.542693,0.226991,-0.014485,0.549331,0.000000,0.129698
1.367000,0.010483,-0.745276,2.583277,0.102502,-0.103240,1.094793,0.000000,3.000000,0.145483,0.000000,0.000000,0.000021,-0.000690,0.000149,0.277696,-0.017755,0.542696,0.226991,-0.014485,0.549331,0.000000,0.118171
1.378000,0.023589,-0.755542,2.621131,0.115608,-0.113506,1.132647,0.000000,3.000000,0.162015,0.000000,0.000000,-0.000023,0.000401,-0.000437,0.277697,-0.017756,0.542695,0.226991,-0.014485,0.549331,0.000000,0.123153
1.389000,0.072603,-0.747124,2.604826,0.164622,-0.105089,1.116343,0.000000,3.000000,0.195305,0.000000,0.000000,0.000502,0.000291,0.000096,0.277698,-0.017755,0.542699,0.226991,-0.014485,0.549331,0.000000,0.118569
1.400000,0.039261,-0.710452,2.599621,0.131280,-0.068416,1.111137,0.000000,3.000000,0.148038,0.000000,0.000000,-0.000156,0.000307,0.000334,0.277698,-0.017755,0.542701,0.226991,-0.014485,0.549331,0.000000,0.116513
1.411000,0.039694,-0.697393,2.579061,0.131713,-0.055357,1.090577,0.000000,3.000000,0.142873,0.000000,0.000000,0.000205,-0.000241,-0.000750,0.277698,-0.017755,0.542697,0.226991,-0.014485,0.549331,0.000000,0.125775
1.422000,0.011970,-0.680842,2.546621,0.103990,-0.038806,1.058138,0.000000,3.000000,0.110995,0.000000,0.000000,-0.000431,-0.000106,-0.000097,0.277696,-0.017755,0.542699,0.226991,-0.014485,0.549331,0.000000,0.120201
1.433000,0.092383,-0.675428,2.527063,0.184402,-0.033392,1.038579,0.000000,3.000000,0.187401,0.000000,0.000000,-0.000263,-0.000079,0.000754,0.277696,-0.017756,0.542701,0.226991,-0.014485,0.549331,0.000000,0.112946
1.444000,0.014801,-0.687835,2.529001,0.106821,-0.045799,1.040517,0.000000,3.000000,0.116225,0.000000,0.000000,0.000051,0.000195,0.000316,0.277698,-0.017755,0.542703,0.226991,-0.014485,0.549331,0.000000,0.116637
1.455000,0.053188,-0.693208,2.470590,0.145208,-0.051173,0.982106,0.000000,3.000000,0.153961,0.000000,0.000000,-0.000062,-0.000046,0.000498,0.277697,-0.017757,0.542705,0.226991,-0.014485,0.549331,0.000000,0.115044
1.466000,0.035533,-0.724214,2.409559,0.127553,-0.082179,0.921075,0.000000,3.000000,0.151733,0.000000,0.000000,0.000213,0.000671,-0.000229,0.277697,-0.017754,0.542706,0.226991,-0.014485,0.549331,0.000000,0.121196
1.477000,-0.041647,-0.732782,2.325142,0.050373,-0.090746,0.836658,0.000000,3.000000,0.103789,0.000000,0.000000,-0.000585,0.000248,0.000411,0.277697,-0.017753,0.542711,0.226991,-0.014485,0.549331,0.000000,0.115685
1.488000,-0.004746,-0.671224,2.312028,0.087273,-0.029189,0.823544,0.000000,3.000000,0.092025,0.000000,0.000000,-0.000166,-0.000287,-0.000313,0.277697,-0.017754,0.542708,0.226991,-0.014485,0.549331,0.000000,0.121870
1.499000,-0.048759,-0.696935,2.265082,0.043261,-0.054900,0.776598,0.000000,3.000000,0.069896,0.000000,0.000000,-0.000014,0.000301,0.000189,0.277697,-0.017753,0.542709,0.226991,-0.014485,0.549331,0.000000,0.117607
1.510000,-0.043043,-0.736869,2.226508,0.048976,-0.094833,0.738024,0.000000,3.000000,0.106733,0.000000,0.000000,0.000224,0.000022,0.000055,0.277698,-0.017754,0.542707,0.226991,-0.014485,0.549331,0.000000,0.118772
1.521000,-0.023674,-0.741831,2.202556,0.068346,-0.099795,0.714072,0.000000,3.000000,0.120955,0.000000,0.000000,0.000192,-0.000405,0.000501,0.277698,-0.017756,0.542707,0.226991,-0.014485,0.549331,0.000000,0.114980
1.532000,0.040277,-0.729190,2.176213,0.132297,-0.087155,0.687729,0.000000,3.000000,0.158424,0.000000,0.000000,-0.000001,0.000177,-0.000716,0.277698,-0.017755,0.542705,0.226991,-0.014485,0.549331,0.000000,0.125351
1.543000,-0.057716,-0.690891,2.216312,0.034303,-0.048855,0.727829,0.000000,3.000000,0.059695,0.000000,0.000000,-0.000070,-0.000555,-0.000015,0.277699,-0.017756,0.542706,0.226991,-0.014485,0.549331,0.000000,0.119379
1.554000,-0.093126,-0.662834,2.207151,-0.001106,-0.020798,0.718667,0.000000,3.000000,0.020828,0.000000,0.000000,0.000244,0.000016,-0.000479,0.277699,-0.017756,0.542703,0.226991,-0.014485,0.549331,0.000000,0.123370
1.565000,-0.144796,-0.724349,2.203178,-0.052776,-0.082314,0.714695,0.000000,3.000000,0.097780,0.000000,0.000000,-0.000255,0.000631,-0.000933,0.277699,-0.017754,0.542699,0.226991,-0.014485,0.549331,0.000000,0.127294
1.576000,-0.131367,-0.694200,2.254468,-0.039348,-0.052164,0.765984,0.000000,3.000000,0.065340,0.000000,0.000000,-0.000018,0.000050,-0.000357,0.277699,-0.017754,0.542698,0.226991,-0.014485,0.549331,0.000000,0.122432
1.587000,-0.143335,-0.696143,2.333656,-0.051316,-0.054107,0.845172,0.000000,3.000000,0.074572,0.000000,0.000000,-0.000051,-0.000175,-0.000061,0.277698,-0.017754,0.542697,0.226991,-0.014485,0.549331,0.000000,0.119945
1.598000,-0.096045,-0.712358,2.372174,-0.004026,-0.070322,0.883690,0.000000,3.000000,0.070437,0.000000,0.000000,0.000247,-0.000369,-0.000293,0.277699,-0.017754,0.542697,0.226991,-0.014485,0.549331,0.000000,0.121896
1.609000,-0.049709,-0.710714,2.424487,0.042311,-0.068678,0.936003,0.000000,3.000000,0.080665,0.000000,0.000000,0.000172,0.000471,-0.000378,0.277699,-0.017751,0.542699,0.226991,-0.014485,0.549331,0.000000,0.122584
1.620000,-0.063357,-0.739477,2.480085,0.028663,-0.097441,0.991601,0.000000,3.000000,0.101569,0.000000,0.000000,0.000031,0.000862,0.000039,0.277699,-0.017748,0.542702,0.226991,-0.014485,0.549331,0.000000,0.118997
1.631000,0.021250,-0.825184,2.448692,0.113270,-0.183149,0.960208,0.000000,3.000000,0.215345,0.000000,0.000000,-0.000014,0.001005,0.001911,0.277699,-0.017744,0.542706,0.226991,-0.014485,0.549331,0.000000,0.103032
1.642000,0.054853,-0.875376,2.422456,0.146873,-0.233340,0.933972,0.000000,3.000000,0.275716,0.000000,0.000000,-0.000188,0.000659,0.000455,0.277697,-0.017742,0.542706,0.226991,-0.014485,0.549331,0.000000,0.115385
1.653000,0.101348,-0.901674,2.425181,0.193367,-0.259639,0.936697,0.000000,3.000000,0.323733,0.000000,0.000000,-0.000204,0.000731,-0.000712,0.277696,-0.017740,0.542704,0.226991,-0.014485,0.549331,0.000000,0.125330
1.664000,0.038797,-0.959522,2.461083,0.130816,-0.317486,0.972599,0.000000,3.000000,0.343381,0.000000,0.000000,-0.000291,0.000097,0.000640,0.277695,-0.017740,0.542708,0.226991,-0.014485,0.549331,0.000000,0.113784
1.675000,0.186200,-0.981479,2.378910,0.278219,-0.339443,0.890426,0.000000,3.000000,0.438893,0.000000,0.000000,-0.000218,-0.000019,-0.000023,0.277696,-0.017741,0.542708,0.226991,-0.014485,0.549331,0.000000,0.119408
1.686000,0.173489,-1.010605,2.446090,0.265508,-0.368569,0.957606,0.000000,3.000000,0.454244,0.000000,0.000000,-0.000154,0.000179,-0.000225,0.277697,-0.017742,0.542709,0.226991,-0.014485,0.549331,0.000000,0.121107
1.697000,0.219348,-0.973226,2.398862,0.311367,-0.331191,0.910378,0.000000,3.000000,0.454573,0.000000,0.000000,-0.000105,0.000707,0.000718,0.277696,-0.017740,0.542712,0.226991,-0.014485,0.549331,0.000000,0.113063
1.708000,0.198356,-0.969268,2.363299,0.290376,-0.327232,0.874815,0.000000,3.000000,0.437491,0.000000,0.000000,-0.000293,0.000267,0.000142,0.277696,-0.017742,0.542711,0.226991,-0.014485,0.549331,0.000000,0.117970
1.719000,0.204634,-0.956414,2.378669,0.296653,-0.314378,0.890185,0.000000,3.000000,0.432246,0.000000,0.000000,0.000005,-0.000060,-0.000289,0.277697,-0.017741,0.542709,0.226991,-0.014485,0.549331,0.000000,0.121647
1.730000,0.278389,-0.938579,2.313752,0.370408,-0.296543,0.825268,0.000000,3.000000,0.474489,0.000000,0.000000,-0.000325,0.000131,-0.000044,0.277697,-0.017741,0.542708,0.226991,-0.014485,0.549331,0.000000,0.119591
1.741000,0.232271,-0.994051,2.290020,0.324290,-0.352016,0.801536,0.000000,3.000000,0.478622,0.000000,0.000000,-0.000122,0.000007,0.000975,0.277696,-0.017742,0.542710,0.226991,-0.014485,0.549331,0.000000,0.110903
1.752000,0.203370,-0.981083,2.302368,0.295390,-0.339048,0.813884,0.000000,3.000000,0.449676,0.000000,0.000000,0.000248,0.000590,0.000130,0.277698,-0.017743,0.542708,0.226991,-0.014485,0.549331,0.000000,0.118119
1.763000,0.150451,-0.961381,2.299976,0.242471,-0.319346,0.811492,0.000000,3.000000,0.400966,0.000000,0.000000,0.000119,-0.000308,0.000246,0.277697,-0.017743,0.542709,0.226991,-0.014485,0.549331,0.000000,0.117121
1.774000,0.192811,-0.939725,2.292245,0.284831,-0.297690,0.803761,0.000000,3.000000,0.412004,0.000000,0.000000,-0.000422,-0.000515,-0.000292,0.277697,-0.017744,0.542708,0.226991,-0.014485,0.549331,0.000000,0.121696
1.785000,0.183928,-0.955112,2.317051,0.275948,-0.313077,0.828567,0.000000,3.000000,0.417330,0.000000,0.000000,0.000283,-0.000259,0.000176,0.277698,-0.017742,0.542708,0.226991,-0.014485,0.549331,0.000000,0.117726
1.796000,0.156109,-0.973918,2.291048,0.248128,-0.331882,0.802564,0.000000,3.000000,0.414383,0.000000,0.000000,-0.000111,0.000057,-0.000434,0.277698,-0.017742,0.542706,0.226991,-0.014485,0.549331,0.000000,0.122936
1.807000,0.173928,-0.993785,2.277586,0.265947,-0.351750,0.789102,0.000000,3.000000,0.440971,0.000000,0.000000,-0.000203,0.000388,-0.000979,0.277697,-0.017741,0.542705,0.226991,-0.014485,0.549331,0.000000,0.127575
1.818000,0.110784,-0.943954,2.319144,0.202803,-0.301918,0.830660,0.000000,3.000000,0.363708,0.000000,0.000000,0.000130,-0.000831,-0.000161,0.277697,-0.017744,0.542706,0.226991,-0.014485,0.549331,0.000000,0.120616
1.829000,0.113100,-0.979331,2.330683,0.205120,-0.337295,0.842199,0.000000,3.000000,0.394768,0.000000,0.000000,0.000233,-0.000559,-0.000637,0.277698,-0.017744,0.542704,0.226991,-0.014485,0.549331,0.000000,0.124687
1.840000,0.132908,-0.924746,2.300518,0.224927,-0.282710,0.812034,0.000000,3.000000,0.361271,0.000000,0.000000,0.000084,-0.000140,-0.000028,0.277698,-0.017744,0.542706,0.226991,-0.014485,0.549331,0.000000,0.119496
1.851000,0.086159,-0.884047,2.322837,0.178179,-0.242011,0.834353,0.000000,3.000000,0.300527,0.000000,0.000000,-0.000028,-0.000092,-0.000535,0.277699,-0.017744,0.542703,0.226991,-0.014485,0.549331,0.000000,0.123851
1.862000,0.014098,-0.925386,2.284323,0.106117,-0.283350,0.795839,0.000000,3.000000,0.302569,0.000000,0.000000,0.000553,-0.000064,-0.000477,0.277701,-0.017746,0.542701,0.226991,-0.014485,0.549331,0.000000,0.123401
1.873000,-0.080078,-0.890802,2.237420,0.011942,-0.248766,0.748937,0.000000,3.000000,0.249052,0.000000,0.000000,0.000111,-0.000518,0.000561,0.277701,-0.017745,0.542704,0.226991,-0.014485,0.549331,0.000000,0.114539
1.884000,-0.171766,-0.840440,2.235733,-0.079747,-0.198404,0.747249,0.000000,3.000000,0.213831,0.000000,0.000000,0.000105,0.000150,-0.000358,0.277701,-0.017745,0.542701,0.226991,-0.014485,0.549331,0.000000,0.122387
1.895000,-0.205950,-0.855523,2.186440,-0.113930,-0.213487,0.697957,0.000000,3.000000,0.241985,0.000000,0.000000,-0.000114,-0.000405,0.000163,0.277702,-0.017746,0.542700,0.226991,-0.014485,0.549331,0.000000,0.117986
1.906000,-0.285904,-0.823716,2.151912,-0.193885,-0.181680,0.663428,0.000000,3.000000,0.265705,0.000000,0.000000,-0.000125,-0.000747,-0.000306,0.277702,-0.017749,0.542698,0.226991,-0.014485,0.549331,0.000000,0.121989
1.917000,-0.356443,-0.773104,2.129175,-0.264424,-0.131068,0.640691,0.000000,3.000000,0.295125,0.000000,0.000000,0.000144,0.000208,-0.000103,0.277703,-0.017747,0.542700,0.226991,-0.014485,0.549331,0.000000,0.120238
1.928000,-0.422092,-0.747947,2.091893,-0.330073,-0.105911,0.603409,0.000000,3.000000,0.346649,0.000000,0.000000,0.000346,-0.000016,-0.000104,0.277703,-0.017749,0.542697,0.226991,-0.014485,0.549331,0.000000,0.120296
1.939000,-0.426549,-0.768994,2.107678,-0.334530,-0.126958,0.619194,0.000000,3.000000,0.357811,0.000000,0.000000,0.000159,0.000282,0.000542,0.277703,-0.017747,0.542700,0.226991,-0.014485,0.549331,0.000000,0.114767
1.950000,-0.443563,-0.743084,2.097411,-0.351544,-0.101049,0.608927,0.000000,3.000000,0.365778,0.000000,0.000000,-0.000299,-0.000048,-0.000041,0.277703,-0.017747,0.542698,0.226991,-0.014485,0.549331,0.000000,0.119754
1.961000,-0.473564,-0.733888,2.082786,-0.381545,-0.091852,0.594302,0.000000,3.000000,0.392445,0.000000,0.000000,0.000339,0.000219,-0.000175,0.277704,-0.017746,0.542698,0.226991,-0.014485,0.549331,0.000000,0.120882
1.972000,-0.551551,-0.726133,2.093474,-0.459532,-0.084097,0.604990,0.000000,3.000000,0.467164,0.000000,0.000000,-0.000015,0.000876,-0.000137,0.277705,-0.017747,0.542696,0.226991,-0.014485,0.549331,0.000000,0.120589
1.983000,-0.666982,-0.753695,2.093068,-0.574963,-0.111659,0.604584,0.000000,3.000000,0.585705,0.000000,0.000000,0.000115,-0.000030,-0.000810,0.277707,-0.017747,0.542692,0.226991,-0.014485,0.549331,0.000000,0.126384
1.994000,-0.711387,-0.729609,2.049423,-0.619368,-0.087573,0.560939,0.000000,3.000000,0.625528,0.000000,0.000000,0.000088,-0.000216,-0.000142,0.277711,-0.017748,0.542689,0.226991,-0.014485,0.549331,0.000000,0.120761
2.005000,-0.772780,-0.712351,2.002125,-0.680760,-0.070315,0.513641,0.000000,3.000000,0.684382,0.000000,0.000000,0.000365,-0.000080,-0.000060,0.277714,-0.017748,0.542686,0.226991,-0.014485,0.549331,0.000000,0.120112
2.016000,-0.870845,-0.665820,1.959237,-0.778825,-0.023785,0.470753,0.000000,3.000000,0.779188,0.000000,0.000000,0.000440,-0.000776,-0.000212,0.277719,-0.017751,0.542679,0.226991,-0.014485,0.549331,0.000000,0.121530
2.027000,-0.950066,-0.681119,1.991614,-0.858047,-0.039084,0.503130,0.000000,3.000000,0.858937,0.000000,0.000000,0.000616,-0.000123,-0.001671,0.277728,-0.017750,0.542665,0.226991,-0.014485,0.549331,0.000000,0.134174
2.038000,-1.009225,-0.660521,2.033018,-0.917206,-0.018485,0.544534,0.000000,3.000000,0.917392,0.000000,0.000000,0.001121,-0.000209,-0.001797,0.277738,-0.017749,0.542653,0.226991,-0.014485,0.549331,0.000000,0.135455
2.049000,-1.048937,-0.686985,2.046140,-0.956918,-0.044950,0.557656,0.000000,3.000000,0.957973,0.000000,0.000000,0.000911,-0.000521,-0.001910,0.277751,-0.017751,0.542636,0.226991,-0.014485,0.549331,0.000000,0.136719
2.060000,-0.941274,-0.684792,2.029301,-0.849254,-0.042756,0.540817,0.000000,3.000000,0.850330,0.000000,0.000000,0.001251,0.000074,-0.001899,0.277765,-0.017750,0.542619,0.226991,-0.014485,0.549331,0.000000,0.136930
2.071000,-0.975247,-0.735498,1.996525,-0.883228,-0.093462,0.508041,0.000000,3.000000,0.888159,0.000000,0.000000,0.001761,-0.000109,-0.001439,0.277782,-0.017750,0.542605,0.226991,-0.014485,0.549331,0.000000,0.133289
2.082000,-1.153851,-0.809834,1.962960,-1.061831,-0.167798,0.474476,0.000000,3.000000,1.075008,-0.004939,-0.000780,0.002046,-0.000001,-0.001567,0.277801,-0.017750,0.542587,0.226967,-0.014489,0.549331,0.000000,0.134690
2.093000,-1.329945,-0.816867,1.904094,-1.237925,-0.174831,0.415610,0.000000,3.000000,1.250210,-0.004951,-0.000699,0.001927,0.000478,-0.002176,0.277822,-0.017748,0.542566,0.226912,-0.014496,0.549331,0.000000,0.140228
2.104000,-1.439275,-0.873364,1.828192,-1.347256,-0.231329,0.339708,0.000000,3.000000,1.366972,-0.004928,-0.000846,0.002161,0.000501,-0.002011,0.277844,-0.017745,0.542542,0.226858,-0.014505,0.549331,0.000000,0.139276
2.115000,-1.546153,-0.990814,1.745386,-1.454133,-0.348778,0.256903,0.000000,3.000000,1.495376,-0.004862,-0.001166,0.002431,0.000827,-0.001853,0.277866,-0.017738,0.542517,0.226804,-0.014516,0.549331,0.000000,0.138372
2.126000,-1.604153,-1.077274,1.670880,-1.512134,-0.435238,0.182396,0.000000,3.000000,1.573525,-0.004805,-0.001383,0.002124,0.001497,-0.002685,0.277889,-0.017724,0.542486,0.226751,-0.014531,0.549331,0.000000,0.146006
2.137000,-1.688465,-1.061284,1.571450,-1.596446,-0.419248,0.082966,0.000000,3.000000,1.650578,-0.004836,-0.001270,0.002301,0.001840,-0.002324,0.277915,-0.017706,0.542459,0.226698,-0.014546,0.549331,0.000000,0.143421
2.148000,-1.804204,-1.098991,1.526296,-1.712185,-0.456956,0.037812,0.000000,3.000000,1.772113,-0.004831,-0.001289,0.002852,0.001652,-0.002201,0.277945,-0.017688,0.542431,0.226645,-0.014560,0.549331,0.000000,0.142871
2.159000,-1.967923,-1.142854,1.483514,-1.875904,-0.500818,-0.004970,0.004970,3.000000,1.941606,-0.004831,-0.001290,0.002968,0.001713,-0.003248,0.277974,-0.017664,0.542397,0.226592,-0.014574,0.549331,0.000000,0.152384
2.170000,-2.106427,-1.149409,1.423439,-2.014407,-0.507373,-0.065045,0.065045,3.000000,2.077321,-0.004849,-0.001221,0.002765,0.001934,-0.004512,0.278006,-0.017638,0.542354,0.226539,-0.014588,0.549331,0.000000,0.163869
2.181000,-2.294283,-1.027092,1.405068,-2.202264,-0.385056,-0.083416,0.083416,3.000000,2.235673,-0.004925,-0.000861,0.003501,0.001507,-0.004053,0.278043,-0.017614,0.542309,0.226485,-0.014599,0.549331,0.000000,0.160787
2.192000,-2.437782,-0.931080,1.339389,-2.345763,-0.289044,-0.149095,0.149095,3.000000,2.363504,-0.004962,-0.000611,0.004086,0.001590,-0.005100,0.278086,-0.017596,0.542255,0.226430,-0.014607,0.549331,0.000000,0.170646
2.203000,-2.632767,-0.875633,1.308737,-2.540747,-0.233597,-0.179747,0.179747,3.000000,2.551463,-0.004979,-0.000458,0.004564,0.000867,-0.006505,0.278131,-0.017584,0.542195,0.226376,-0.014613,0.549331,0.000000,0.183641
2.214000,-2.670452,-0.841014,1.304368,-2.578432,-0.198979,-0.184116,0.184116,3.000000,2.586098,-0.004985,-0.000385,0.004767,0.001286,-0.006587,0.278180,-0.017575,0.542132,0.226321,-0.014617,0.549331,0.000000,0.185481
2.225000,-2.811005,-0.775463,1.312127,-2.718986,-0.133427,-0.176357,0.176357,3.000000,2.722258,-0.004994,-0.000245,0.004964,0.000907,-0.007621,0.278234,-0.017569,0.542058,0.226266,-0.014621,0.549331,0.000000,0.195591
2.236000,-2.935400,-0.722030,1.304783,-2.843380,-0.079994,-0.183701,0.183701,3.000000,2.844506,-0.004998,-0.000141,0.005910,0.000402,-0.008183,0.278297,-0.017567,0.541975,0.226211,-0.014623,0.549331,0.000000,0.201842
2.247000,-3.007635,-0.726918,1.317919,-2.915615,-0.084882,-0.170565,0.170565,3.000000,2.916851,-0.004998,-0.000146,0.006680,-0.000410,-0.008602,0.278367,-0.017565,0.541882,0.226156,-0.014624,0.549331,0.000000,0.207082
2.258000,-2.975201,-0.740577,1.288546,-2.883182,-0.098541,-0.199938,0.199938,3.000000,2.884865,-0.004997,-0.000171,0.006755,0.000497,-0.008401,0.278438,-0.017561,0.541788,0.226101,-0.014626,0.549331,0.000000,0.207067
2.269000,-2.921295,-0.825765,1.287665,-2.829276,-0.183729,-0.200819,0.200819,3.000000,2.835235,-0.004989,-0.000324,0.006508,-0.000022,-0.008793,0.278511,-0.017560,0.541689,0.226046,-0.014628,0.549331,0.000000,0.212161
2.280000,-2.872685,-0.799152,1.295191,-2.780666,-0.157117,-0.193293,0.193293,3.000000,2.785101,-0.004992,-0.000282,0.006945,-0.000661,-0.009931,0.278588,-0.017560,0.541586,0.225991,-0.014632,0.549331,0.000000,0.223677
2.291000,-2.864922,-0.803940,1.261765,-2.772903,-0.161904,-0.226719,0.226719,3.000000,2.777626,-0.004991,-0.000291,0.007045,-0.000432,-0.010574,0.278669,-0.017558,0.541475,0.225936,-0.014635,0.549331,0.000000,0.231138
2.302000,-2.825247,-0.802825,1.198619,-2.733228,-0.160789,-0.289864,0.289864,3.000000,2.737953,-0.004991,-0.000294,0.007885,0.000660,-0.009380,0.278750,-0.017556,0.541369,0.225881,-0.014638,0.549331,0.000000,0.222902
2.313000,-2.842265,-0.810698,1.168877,-2.750246,-0.168662,-0.319607,0.319607,3.000000,2.755413,-0.004991,-0.000306,0.007588,0.000241,-0.010191,0.278832,-0.017558,0.541260,0.225826,-0.014641,0.549331,0.000000,0.231754
2.324000,-2.932653,-0.709760,1.150871,-2.840634,-0.067725,-0.337613,0.337613,3.000000,2.841441,-0.004999,-0.000119,0.007823,-0.000578,-0.010686,0.278919,-0.017564,0.541143,0.225772,-0.014644,0.549331,0.000000,0.238056
2.335000,-2.850594,-0.703899,1.120119,-2.758575,-0.061863,-0.368364,0.368364,3.000000,2.759269,-0.004999,-0.000112,0.007913,-0.000744,-0.010317,0.279004,-0.017570,0.541029,0.225717,-0.014645,0.549331,0.000000,0.236977
2.346000,-2.750125,-0.728096,1.083317,-2.658106,-0.086060,-0.405167,0.405167,3.000000,2.659499,-0.004997,-0.000162,0.007453,-0.000651,-0.009606,0.279086,-0.017576,0.540919,0.225662,-0.014646,0.549331,0.000000,0.232939
2.357000,-2.462007,-0.775373,0.996229,-2.369988,-0.133338,-0.492254,0.492254,3.000000,2.373736,-0.004992,-0.000281,0.006875,-0.000233,-0.009501,0.279159,-0.017578,0.540819,0.225607,-0.014649,0.549331,0.000000,0.233827
2.368000,-2.348802,-0.781125,0.947696,-2.256783,-0.139089,-0.540788,0.540788,3.000000,2.261065,-0.004991,-0.000308,0.006457,-0.000450,-0.008821,0.279229,-0.017584,0.540728,0.225552,-0.014652,0.549331,0.000000,0.229699
2.379000,-2.342823,-0.794104,0.881021,-2.250803,-0.152068,-0.607463,0.607463,3.000000,2.255935,-0.004989,-0.000337,0.005945,-0.000541,-0.006779,0.279295,-0.017590,0.540644,0.225497,-0.014655,0.549331,0.000000,0.213900
2.390000,-2.468201,-0.809846,0.842009,-2.376182,-0.167810,-0.646475,0.646475,3.000000,2.382100,-0.004988,-0.000352,0.006256,-0.000496,-0.008055,0.279360,-0.017593,0.540555,0.225442,-0.014660,0.549331,0.000000,0.226314
2.401000,-2.697823,-0.868929,0.870599,-2.605803,-0.226893,-0.617885,0.617885,3.000000,2.615663,-0.004981,-0.000434,0.005867,-0.000011,-0.007516,0.279426,-0.017591,0.540472,0.225387,-0.014664,0.549331,0.000000,0.223250
2.412000,-2.668218,-0.885106,0.825300,-2.576199,-0.243071,-0.663184,0.663184,3.000000,2.587641,-0.004978,-0.000470,0.005927,0.000907,-0.007586,0.279490,-0.017586,0.540390,0.225332,-0.014669,0.549331,0.000000,0.225317
2.423000,-2.459796,-0.951159,0.798562,-2.367777,-0.309123,-0.689922,0.689922,3.000000,2.387870,-0.004958,-0.000647,0.004781,0.000745,-0.006363,0.279542,-0.017580,0.540320,0.225278,-0.014675,0.549331,0.000000,0.216188
2.434000,-2.258311,-0.951137,0.732674,-2.166292,-0.309101,-0.755810,0.755810,3.000000,2.188233,-0.004950,-0.000706,0.004694,0.000283,-0.005259,0.279590,-0.017574,0.540261,0.225223,-0.014682,0.549331,0.000000,0.207896
2.445000,-2.200643,-0.931528,0.701839,-2.108624,-0.289492,-0.786645,0.786645,3.000000,2.128403,-0.004954,-0.000680,0.004410,0.000704,-0.004835,0.279634,-0.017564,0.540207,0.225169,-0.014690,0.549331,0.000000,0.205266
2.456000,-2.337712,-0.862900,0.746462,-2.245693,-0.220864,-0.742022,0.742022,3.000000,2.256528,-0.004976,-0.000489,0.004141,0.000256,-0.004569,0.279678,-0.017559,0.540156,0.225114,-0.014696,0.549331,0.000000,0.203919
2.467000,-2.561978,-0.822963,0.788562,-2.469959,-0.180927,-0.699922,0.699922,3.000000,2.476576,-0.004987,-0.000365,0.004184,0.000143,-0.005066,0.279725,-0.017555,0.540101,0.225059,-0.014701,0.549331,0.000000,0.209130
2.478000,-2.827372,-0.800126,0.795426,-2.735352,-0.158090,-0.693058,0.693058,3.000000,2.739917,-0.004992,-0.000288,0.004823,0.000104,-0.005184,0.279778,-0.017552,0.540044,0.225004,-0.014705,0.549331,0.000000,0.211163
2.489000,-2.929217,-0.780755,0.787690,-2.837197,-0.138719,-0.700794,0.700794,3.000000,2.840586,-0.004994,-0.000244,0.004910,-0.000228,-0.005668,0.279833,-0.017554,0.539982,0.224950,-0.014708,0.549331,0.000000,0.216391
2.500000,-2.974466,-0.743092,0.813862,-2.882447,-0.101056,-0.674622,0.674622,3.000000,2.884218,-0.004997,-0.000175,0.004446,0.000021,-0.005632,0.279886,-0.017554,0.539920,0.224895,-0.014710,0.549331,0.000000,0.217191
2.511000,-2.876704,-0.787341,0.810616,-2.784684,-0.145305,-0.677868,0.677868,3.000000,2.788473,-0.004993,-0.000261,0.003872,-0.000541,-0.005107,0.279934,-0.017558,0.539863,0.224840,-0.014712,0.549331,0.000000,0.213763
2.522000,-2.765020,-0.776566,0.825328,-2.673001,-0.134531,-0.663156,0.663156,3.000000,2.676384,-0.004994,-0.000251,0.003990,-0.000129,-0.004748,0.279978,-0.017560,0.539808,0.224785,-0.014715,0.549331,0.000000,0.211707
2.533000,-2.665923,-0.787740,0.785319,-2.573903,-0.145704,-0.703165,0.703165,3.000000,2.578024,-0.004992,-0.000283,0.003663,0.000683,-0.004703,0.280023,-0.017556,0.539752,0.224730,-0.014718,0.549331,0.000000,0.212337
2.544000,-2.730675,-0.900820,0.768543,-2.638656,-0.258784,-0.719941,0.719941,3.000000,2.651315,-0.004976,-0.000488,0.003763,0.000708,-0.004910,0.280067,-0.017554,0.539701,0.224675,-0.014722,0.549331,0.000000,0.215015
2.555000,-2.845040,-0.939507,0.758312,-2.753021,-0.297471,-0.730172,0.730172,3.000000,2.769045,-0.004971,-0.000537,0.004075,0.000413,-0.004794,0.280110,-0.017546,0.539651,0.224620,-0.014728,0.549331,0.000000,0.214928
2.566000,-2.968494,-0.940974,0.759124,-2.876474,-0.298939,-0.729360,0.729360,3.000000,2.891966,-0.004973,-0.000517,0.004207,0.000602,-0.005312,0.280155,-0.017535,0.539596,0.224566,-0.014734,0.549331,0.000000,0.220306
2.577000,-3.041172,-1.028143,0.760081,-2.949152,-0.386107,-0.728403,0.728403,3.000000,2.974320,-0.004958,-0.000649,0.003986,0.001221,-0.004960,0.280200,-0.017519,0.539543,0.224511,-0.014740,0.549331,0.000000,0.218265
2.588000,-2.890880,-1.118267,0.803770,-2.798860,-0.476231,-0.684714,0.684714,3.000000,2.839087,-0.004929,-0.000839,0.003263,0.002583,-0.004886,0.280241,-0.017494,0.539492,0.224457,-0.014748,0.549331,0.000000,0.218571
2.599000,-2.610043,-1.222953,0.793580,-2.518024,-0.580917,-0.694904,0.694904,3.000000,2.584165,-0.004872,-0.001124,0.002766,0.003058,-0.004412,0.280274,-0.017465,0.539450,0.224403,-0.014759,0.549331,0.000000,0.215306
2.610000,-2.468069,-1.164423,0.780357,-2.376050,-0.522387,-0.708127,0.708127,3.000000,2.432797,-0.004883,-0.001074,0.002847,0.002353,-0.002542,0.280308,-0.017438,0.539416,0.224349,-0.014771,0.549331,0.000000,0.200048
2.621000,-2.422498,-1.164661,0.807099,-2.330478,-0.522625,-0.681385,0.681385,3.000000,2.388361,-0.004879,-0.001094,0.003054,0.002515,-0.003454,0.280341,-0.017408,0.539378,0.224295,-0.014783,0.549331,0.000000,0.208463
2.632000,-2.405482,-1.137875,0.816756,-2.313462,-0.495839,-0.671728,0.671728,3.000000,2.366002,-0.004889,-0.001048,0.002677,0.003214,-0.003253,0.280370,-0.017375,0.539343,0.224242,-0.014795,0.549331,0.000000,0.207389
2.643000,-2.390359,-1.202295,0.817901,-2.298340,-0.560259,-0.670583,0.670583,3.000000,2.365641,-0.004858,-0.001184,0.002762,0.003451,-0.002366,0.280399,-0.017339,0.539315,0.224188,-0.014808,0.549331,0.000000,0.200362
2.654000,-2.339978,-1.225092,0.806242,-2.247958,-0.583057,-0.682242,0.682242,3.000000,2.322342,-0.004840,-0.001255,0.002442,0.003834,-0.001919,0.280426,-0.017298,0.539290,0.224135,-0.014821,0.549331,0.000000,0.197029
2.665000,-2.184782,-1.261455,0.822353,-2.092763,-0.619419,-0.666131,0.666131,3.000000,2.182507,-0.004794,-0.001419,0.002449,0.004142,-0.002033,0.280448,-0.017256,0.539269,0.224082,-0.014836,0.549331,0.000000,0.198369
2.676000,-2.033536,-1.269891,0.840712,-1.941516,-0.627855,-0.647772,0.647772,3.000000,2.040512,-0.004757,-0.001538,0.002262,0.004589,-0.000909,0.280468,-0.017210,0.539261,0.224029,-0.014852,0.549331,0.000000,0.188973
2.687000,-1.816398,-1.318742,0.811170,-1.724378,-0.676706,-0.677313,0.677313,3.000000,1.852407,-0.004654,-0.001827,0.002624,0.004018,-0.000072,0.280494,-0.017167,0.539264,0.223977,-0.014870,0.549331,0.000000,0.181814
2.698000,-1.798685,-1.327422,0.746107,-1.706665,-0.685386,-0.742377,0.742377,3.000000,1.839147,-0.004640,-0.001863,0.004986,0.003746,0.001842,0.280541,-0.017122,0.539282,0.223926,-0.014891,0.549331,0.000000,0.165253
2.709000,-1.982164,-1.277984,0.573158,-1.890144,-0.635948,-0.915325,0.915325,3.000000,1.994260,-0.004739,-0.001594,0.008004,0.003645,0.003153,0.280619,-0.017081,0.539317,0.223875,-0.014910,0.549331,0.000000,0.153499
2.720000,-2.304133,-1.211950,0.353660,-2.212113,-0.569915,-1.134824,1.134824,3.000000,2.284348,-0.004842,-0.001247,0.011857,0.001955,0.006131,0.280734,-0.017052,0.539374,0.223822,-0.014925,0.549211,-0.000120,0.125048
2.731000,-2.397398,-1.260046,0.132898,-2.305379,-0.618010,-1.355585,1.355585,3.000000,2.386778,-0.004829,-0.001295,0.015680,0.002182,0.006750,0.280892,-0.017023,0.539446,0.223769,-0.014939,0.548991,-0.000340,0.114536
2.742000,-2.421756,-1.267023,0.020129,-2.329737,-0.624988,-1.468355,1.468355,3.000000,2.412112,-0.004829,-0.001296,0.018014,0.001521,0.008037,0.281083,-0.017002,0.539539,0.223716,-0.014953,0.548771,-0.000560,0.097979
2.753000,-2.524872,-1.146603,0.032237,-2.432852,-0.504567,-1.456247,1.456247,3.000000,2.484624,-0.004896,-0.001015,0.021725,0.000450,0.008662,0.281310,-0.016993,0.539632,0.223662,-0.014966,0.548551,-0.000780,0.087040
2.764000,-2.555633,-1.088127,0.101334,-2.463613,-0.446091,-1.387150,1.387150,3.000000,2.503675,-0.004920,-0.000891,0.024518,0.000289,0.007654,0.281565,-0.016989,0.539720,0.223608,-0.014976,0.548331,-0.001000,0.090049
2.775000,-2.454812,-1.064422,0.203776,-2.362793,-0.422386,-1.284708,1.284708,3.000000,2.400250,-0.004922,-0.000880,0.026034,-0.000741,0.008027,0.281849,-0.016994,0.539810,0.223554,-0.014986,0.548111,-0.001220,0.081311
2.786000,-2.469197,-0.972423,0.300115,-2.377178,-0.330387,-1.188369,1.188369,3.000000,2.400027,-0.004952,-0.000688,0.030305,-0.001566,0.007796,0.282164,-0.017008,0.539891,0.223500,-0.014994,0.547891,-0.001440,0.077853
2.797000,-2.617802,-0.937927,0.418193,-2.525782,-0.295891,-1.070291,1.070291,3.000000,2.543055,-0.004966,-0.000582,0.033975,-0.002664,0.007452,0.282538,-0.017034,0.539981,0.223445,-0.015001,0.547671,-0.001660,0.075198
2.808000,-2.750994,-0.892529,0.530735,-2.658975,-0.250493,-0.957749,0.957749,3.000000,2.670748,-0.004978,-0.000469,0.037345,-0.003286,0.009363,0.282942,-0.017064,0.540082,0.223390,-0.015007,0.547531,-0.001800,0.054632
2.819000,-2.835476,-0.810479,0.575146,-2.743457,-0.168443,-0.913338,0.913338,3.000000,2.748623,-0.004991,-0.000306,0.037037,-0.002627,0.008629,0.283352,-0.017100,0.540180,0.223335,-0.015011,0.547531,-0.001800,0.059094
2.830000,-3.231073,-0.779944,0.764340,-3.139054,-0.137908,-0.724144,0.724144,3.000000,3.142082,-0.004995,-0.000219,0.036186,-0.003060,0.007346,0.283744,-0.017137,0.540266,0.223281,-0.015014,0.547531,-0.001800,0.068446
2.841000,-3.719248,-0.688692,0.928160,-3.627228,-0.046657,-0.560324,0.560324,3.000000,3.627528,-0.005000,-0.000064,0.038202,-0.003227,0.006320,0.284154,-0.017177,0.540334,0.223226,-0.015016,0.547531,-0.001800,0.075921
2.852000,-3.910736,-0.634187,1.059606,-3.818716,0.007848,-0.428878,0.428878,3.000000,3.818724,-0.005000,0.000010,0.037287,-0.003873,0.004860,0.284574,-0.017224,0.540389,0.223171,-0.015016,0.547531,-0.001800,0.087330
2.863000,-3.573610,-0.688261,1.166875,-3.481590,-0.046226,-0.321609,0.321609,3.000000,3.481897,-0.005000,-0.000066,0.036006,-0.003416,0.005049,0.284976,-0.017265,0.540446,0.223116,-0.015016,0.547531,-0.001800,0.084703
2.874000,-3.028615,-0.735651,1.262889,-2.936596,-0.093616,-0.225595,0.225595,3.000000,2.938087,-0.004997,-0.000159,0.034705,-0.004559,0.006049,0.285365,-0.017312,0.540516,0.223061,-0.015018,0.547531,-0.001800,0.074947
2.885000,-2.655395,-0.766128,1.398872,-2.563376,-0.124093,-0.089612,0.089612,3.000000,2.566377,-0.004994,-0.000242,0.035700,-0.004185,0.006552,0.285754,-0.017356,0.540592,0.223006,-0.015020,0.547531,-0.001800,0.069312
2.896000,-2.743907,-0.754950,1.457944,-2.651888,-0.112914,-0.030540,0.030540,3.000000,2.654290,-0.004995,-0.000213,0.036906,-0.005091,0.006489,0.286160,-0.017406,0.540664,0.222951,-0.015022,0.547531,-0.001800,0.068551
2.907000,-3.201050,-0.748522,1.495696,-3.109031,-0.106486,0.007212,0.000000,3.000000,3.110854,-0.004997,-0.000171,0.039955,-0.004000,0.005668,0.286587,-0.017450,0.540726,0.222896,-0.015024,0.547531,-0.001800,0.074407
2.918000,-3.797790,-0.909606,1.507153,-3.705771,-0.267570,0.018669,0.000000,3.000000,3.715418,-0.004987,-0.000360,0.042265,-0.003736,0.003866,0.287051,-0.017487,0.540775,0.222841,-0.015027,0.547531,-0.001800,0.088812
2.929000,-4.059267,-1.131173,1.494944,-3.967248,-0.489137,0.006460,0.000000,3.000000,3.997288,-0.004962,-0.000612,0.042198,-0.001171,0.002773,0.287514,-0.017506,0.540811,0.222786,-0.015032,0.547531,-0.001800,0.097442
2.940000,-3.983099,-1.276076,1.453415,-3.891080,-0.634041,-0.035069,0.035069,3.000000,3.942399,-0.004935,-0.000804,0.039778,-0.000979,0.001376,0.287965,-0.017517,0.540833,0.222732,-0.015040,0.547531,-0.001800,0.108891
2.951000,-3.617345,-1.370995,1.447934,-3.525325,-0.728959,-0.040550,0.040550,3.000000,3.599903,-0.004896,-0.001012,0.035724,0.001289,0.000965,0.288372,-0.017509,0.540848,0.222678,-0.015050,0.547531,-0.001800,0.112119
2.962000,-3.321453,-1.477311,1.396705,-3.229433,-0.835275,-0.091779,0.091779,3.000000,3.335705,-0.004841,-0.001252,0.034225,0.002318,0.000722,0.288749,-0.017484,0.540852,0.222624,-0.015063,0.547531,-0.001800,0.114101
2.973000,-3.526202,-1.477735,1.388534,-3.434182,-0.835699,-0.099949,0.099949,3.000000,3.534402,-0.004858,-0.001182,0.033262,0.003733,-0.001595,0.289120,-0.017450,0.540833,0.222571,-0.015077,0.547531,-0.001800,0.134103
2.984000,-3.935746,-1.436863,1.374395,-3.843726,-0.794827,-0.114089,0.114089,3.000000,3.925045,-0.004896,-0.001013,0.033492,0.004225,-0.003668,0.289481,-0.017403,0.540795,0.222517,-0.015089,0.547531,-0.001800,0.152372
2.995000,-4.394378,-1.373090,1.411860,-4.302359,-0.731055,-0.076624,0.076624,3.000000,4.364027,-0.004929,-0.000838,0.035022,0.005573,-0.006150,0.289863,-0.017344,0.540727,0.222463,-0.015099,0.547531,-0.001800,0.174663
3.006000,-4.542569,-1.418374,1.304456,-4.450550,-0.776338,-0.184028,0.184028,3.000000,4.517754,-0.004926,-0.000859,0.038044,0.006617,-0.006415,0.290271,-0.017276,0.540654,0.222409,-0.015108,0.547531,-0.001800,0.178224
3.017000,-4.491003,-1.541674,1.238320,-4.398983,-0.899638,-0.250163,0.250163,3.000000,4.490034,-0.004899,-0.001002,0.040965,0.007579,-0.006583,0.290698,-0.017199,0.540587,0.222355,-0.015118,0.547531,-0.001800,0.180858
3.028000,-4.559579,-1.617652,1.222687,-4.467560,-0.975616,-0.265797,0.265797,3.000000,4.572846,-0.004885,-0.001067,0.046360,0.007905,-0.006574,0.291202,-0.017109,0.540516,0.222301,-0.015130,0.547531,-0.001800,0.182060
3.039000,-4.971292,-1.592729,1.228843,-4.879272,-0.950693,-0.259641,0.259641,3.000000,4.971028,-0.004908,-0.000956,0.052331,0.008688,-0.007206,0.291763,-0.017015,0.540436,0.222247,-0.015141,0.547531,-0.001800,0.188863
3.050000,-5.430102,-1.730574,1.278844,-5.338082,-1.088538,-0.209640,0.209640,3.000000,5.447939,-0.004899,-0.000999,0.058325,0.010678,-0.008198,0.292376,-0.016901,0.540346,0.222193,-0.015151,0.547531,-0.001800,0.198892
3.061000,-5.630874,-1.941799,1.204565,-5.538854,-1.299763,-0.283919,0.283919,3.000000,5.689314,-0.004868,-0.001142,0.064561,0.011672,-0.008097,0.293078,-0.016777,0.540258,0.222139,-0.015163,0.547531,-0.001800,0.199628
3.072000,-6.088898,-1.950270,1.216774,-5.996879,-1.308234,-0.271710,0.271710,3.000000,6.137917,-0.004885,-0.001066,0.068735,0.012059,-0.009999,0.293831,-0.016639,0.540156,0.222086,-0.015175,0.547531,-0.001800,0.217595
3.083000,-6.365904,-1.866992,1.239357,-6.273885,-1.224956,-0.249127,0.249127,3.000000,6.392351,-0.004907,-0.000958,0.071183,0.013904,-0.010013,0.294596,-0.016490,0.540047,0.222032,-0.015186,0.547531,-0.001800,0.219667
3.094000,-6.521123,-1.789877,1.256939,-6.429104,-1.147841,-0.231545,0.231545,3.000000,6.530767,-0.004922,-0.000879,0.076464,0.015497,-0.012547,0.295438,-0.016328,0.539919,0.221978,-0.015197,0.547531,-0.001800,0.243483
3.105000,-6.667416,-1.850081,1.279770,-6.575396,-1.208045,-0.208714,0.208714,3.000000,6.685448,-0.004918,-0.000903,0.079449,0.015641,-0.012515,0.296293,-0.016157,0.539784,0.221924,-0.015206,0.547531,-0.001800,0.245636
3.116000,-6.528519,-1.871501,1.190338,-6.436500,-1.229465,-0.298146,0.298146,3.000000,6.552871,-0.004911,-0.000938,0.083730,0.016078,-0.013148,0.297213,-0.015972,0.539644,0.221870,-0.015216,0.547531,-0.001800,0.253527
3.127000,-6.497360,-1.662349,1.139209,-6.405341,-1.020313,-0.349275,0.349275,3.000000,6.486095,-0.004938,-0.000787,0.088259,0.015642,-0.014131,0.298164,-0.015795,0.539494,0.221816,-0.015226,0.547531,-0.001800,0.264582
3.138000,-6.786936,-1.563724,1.178323,-6.694917,-0.921688,-0.310160,0.310160,3.000000,6.758064,-0.004953,-0.000682,0.091449,0.017068,-0.014589,0.299158,-0.015615,0.539331,0.221761,-0.015234,0.547531,-0.001800,0.271399
3.149000,-6.900913,-1.528151,1.165604,-6.808894,-0.886115,-0.322880,0.322880,3.000000,6.866311,-0.004958,-0.000645,0.091327,0.018086,-0.016728,0.300171,-0.015417,0.539147,0.221707,-0.015241,0.547531,-0.001800,0.292859
3.160000,-7.114613,-1.361166,1.151312,-7.022594,-0.719130,-0.337172,0.337172,3.000000,7.059318,-0.004974,-0.000509,0.093559,0.016921,-0.020084,0.301171,-0.015228,0.538935,0.221652,-0.015248,0.547531,-0.001800,0.325156
3.171000,-7.501802,-1.161189,1.076581,-7.409782,-0.519153,-0.411903,0.411903,3.000000,7.427947,-0.004988,-0.000349,0.096359,0.017194,-0.021954,0.302251,-0.015032,0.538693,0.221597,-0.015252,0.547531,-0.001800,0.345370
3.182000,-7.688155,-1.057017,0.924544,-7.596135,-0.414981,-0.563939,0.563939,3.000000,7.607462,-0.004993,-0.000273,0.098011,0.018487,-0.023223,0.303325,-0.014835,0.538445,0.221542,-0.015255,0.547531,-0.001800,0.360614
3.193000,-7.540908,-1.193819,0.761396,-7.448888,-0.551784,-0.727088,0.727088,3.000000,7.469297,-0.004986,-0.000369,0.099817,0.018694,-0.022558,0.304418,-0.014632,0.538196,0.221487,-0.015259,0.547531,-0.001800,0.359445
3.204000,-7.579113,-1.086422,0.734815,-7.487094,-0.444386,-0.753669,0.753669,3.000000,7.500271,-0.004991,-0.000296,0.103437,0.017921,-0.024234,0.305531,-0.014438,0.537936,0.221433,-0.015263,0.547531,-0.001800,0.378346
3.215000,-7.372940,-0.866762,0.695777,-7.280921,-0.224726,-0.792707,0.792707,3.000000,7.284388,-0.004998,-0.000154,0.102080,0.017169,-0.024578,0.306674,-0.014246,0.537669,0.221378,-0.015265,0.547531,-0.001800,0.386080
3.226000,-7.525487,-0.714117,0.722572,-7.433468,-0.072081,-0.765912,0.765912,3.000000,7.433817,-0.005000,-0.000048,0.104464,0.016670,-0.027288,0.307812,-0.014067,0.537377,0.221323,-0.015266,0.547531,-0.001800,0.414323
3.237000,-7.448762,-0.680636,0.655345,-7.356743,-0.038600,-0.833139,0.833139,3.000000,7.356844,-0.005000,-0.000026,0.105221,0.015469,-0.027519,0.308973,-0.013897,0.537072,0.221268,-0.015267,0.547531,-0.001800,0.421770
3.248000,-7.305046,-0.842296,0.528424,-7.213027,-0.200260,-0.960060,0.960060,3.000000,7.215806,-0.004998,-0.000139,0.106425,0.016623,-0.029507,0.310124,-0.013719,0.536761,0.221213,-0.015268,0.547531,-0.001800,0.444232
3.259000,-6.936383,-0.816639,0.351677,-6.844364,-0.174603,-1.136807,1.136807,3.000000,6.846590,-0.004998,-0.000128,0.107489,0.014319,-0.027373,0.311330,-0.013550,0.536447,0.221158,-0.015269,0.547351,-0.001980,0.428540
3.270000,-6.258812,-0.565447,0.102210,-6.166793,0.076589,-1.386274,1.386274,3.000000,6.167268,-0.005000,0.000062,0.103622,0.012127,-0.026579,0.312484,-0.013404,0.536151,0.221103,-0.015270,0.547131,-0.002200,0.423171
3.281000,-5.728262,-0.593140,-0.075420,-5.636242,0.048896,-1.563904,1.563904,3.000000,5.636454,-0.005000,0.000043,0.102042,0.012989,-0.028131,0.313607,-0.013261,0.535850,0.221048,-0.015269,0.546911,-0.002420,0.437804
3.292000,-5.818822,-0.751068,-0.118723,-5.726802,-0.109033,-1.607207,1.607207,3.000000,5.727840,-0.004999,-0.000095,0.099773,0.013108,-0.029719,0.314709,-0.013118,0.535532,0.220993,-0.015269,0.546691,-0.002640,0.453049
3.303000,-6.022485,-0.747698,-0.164248,-5.930466,-0.105663,-1.652732,1.652732,3.000000,5.931407,-0.004999,-0.000089,0.100280,0.012398,-0.031270,0.315809,-0.012981,0.535197,0.220938,-0.015270,0.546471,-0.002860,0.468263
3.314000,-6.505631,-0.689206,-0.157996,-6.413612,-0.047170,-1.646480,1.646480,3.000000,6.413785,-0.005000,-0.000037,0.099791,0.012018,-0.033663,0.316890,-0.012856,0.534841,0.220883,-0.015271,0.546251,-0.003080,0.491016
3.325000,-6.571985,-0.795656,-0.242056,-6.479966,-0.153620,-1.730540,1.730540,3.000000,6.481786,-0.004999,-0.000119,0.099536,0.011653,-0.032734,0.318002,-0.012726,0.534468,0.220828,-0.015272,0.546031,-0.003300,0.485887
3.336000,-6.166914,-0.887843,-0.410698,-6.074895,-0.245807,-1.899181,1.899181,3.000000,6.079866,-0.004996,-0.000202,0.095940,0.012053,-0.034667,0.319078,-0.012591,0.534105,0.220773,-0.015274,0.545811,-0.003520,0.504878
3.347000,-5.803150,-0.999909,-0.585267,-5.711131,-0.357873,-2.073751,2.073751,3.000000,5.722332,-0.004990,-0.000313,0.091496,0.012577,-0.032955,0.320072,-0.012452,0.533750,0.220718,-0.015276,0.545651,-0.003680,0.493847
3.358000,-5.805894,-1.012950,-0.766001,-5.713874,-0.370914,-2.254485,2.254485,3.000000,5.725901,-0.004989,-0.000324,0.090171,0.012058,-0.035043,0.321085,-0.012317,0.533371,0.220663,-0.015280,0.545651,-0.003680,0.518403
3.369000,-6.531468,-0.972517,-0.618215,-6.439448,-0.330481,-2.106699,2.106699,3.000000,6.447923,-0.004993,-0.000256,0.089478,0.012474,-0.037436,0.322069,-0.012188,0.532963,0.220608,-0.015283,0.545651,-0.003680,0.546043
3.380000,-6.765421,-1.151605,-0.611779,-6.673402,-0.509569,-2.100263,2.100263,3.000000,6.692828,-0.004985,-0.000381,0.087837,0.013814,-0.038662,0.323042,-0.012034,0.532541,0.220553,-0.015287,0.545651,-0.003680,0.564041
3.391000,-6.540102,-1.238402,-0.535531,-6.448083,-0.596366,-2.024015,2.024015,3.000000,6.475602,-0.004979,-0.000460,0.087182,0.013958,-0.038539,0.323993,-0.011876,0.532125,0.220498,-0.015291,0.545651,-0.003680,0.570479
3.402000,-5.556096,-1.193578,-0.697037,-5.464076,-0.551542,-2.185521,2.185521,3.000000,5.491842,-0.004975,-0.000502,0.081764,0.012653,-0.035704,0.324894,-0.011728,0.531725,0.220444,-0.015297,0.545651,-0.003680,0.553641
3.413000,-4.717762,-1.224893,-0.810123,-4.625742,-0.582857,-2.298607,2.298607,3.000000,4.662318,-0.004961,-0.000625,0.077802,0.015087,-0.035138,0.325782,-0.011574,0.531327,0.220389,-0.015303,0.545651,-0.003680,0.555997
3.424000,-3.946324,-1.513243,-1.103302,-3.854305,-0.871207,-2.591786,2.591786,3.000000,3.951540,-0.004877,-0.001102,0.072834,0.015696,-0.032642,0.326587,-0.011401,0.530963,0.220335,-0.015312,0.545651,-0.003680,0.541360
3.435000,-4.010457,-1.651574,-1.212537,-3.918437,-1.009538,-2.701021,2.701021,3.000000,4.046396,-0.004842,-0.001247,0.072534,0.016454,-0.032079,0.327382,-0.011220,0.530607,0.220281,-0.015326,0.545651,-0.003680,0.542999
3.446000,-4.834915,-1.551926,-1.206191,-4.742896,-0.909890,-2.694675,2.694675,3.000000,4.829385,-0.004910,-0.000942,0.072480,0.017530,-0.032681,0.328176,-0.011034,0.530251,0.220228,-0.015338,0.545651,-0.003680,0.554507
3.457000,-5.163691,-1.513375,-1.313306,-5.071672,-0.871339,-2.801790,2.801790,3.000000,5.145978,-0.004928,-0.000847,0.071340,0.017137,-0.032248,0.328954,-0.010849,0.529899,0.220174,-0.015347,0.545651,-0.003680,0.557166
3.468000,-5.143038,-1.485048,-1.250866,-5.051019,-0.843013,-2.739350,2.739350,3.000000,5.120885,-0.004932,-0.000823,0.069717,0.018607,-0.033301,0.329736,-0.010645,0.529533,0.220119,-0.015357,0.545651,-0.003680,0.572690
3.479000,-4.935793,-1.582161,-1.203376,-4.843774,-0.940126,-2.691860,2.691860,3.000000,4.934165,-0.004908,-0.000953,0.067539,0.019957,-0.030887,0.330468,-0.010437,0.529189,0.220065,-0.015366,0.545651,-0.003680,0.558397
3.490000,-4.589959,-1.625545,-1.286530,-4.497940,-0.983509,-2.775014,2.775014,3.000000,4.604210,-0.004885,-0.001068,0.067849,0.020161,-0.031238,0.331221,-0.010218,0.528840,0.220011,-0.015378,0.545651,-0.003680,0.567669
3.501000,-4.967541,-1.505634,-1.307330,-4.875522,-0.863599,-2.795814,2.795814,3.000000,4.951415,-0.004923,-0.000872,0.069218,0.018706,-0.030275,0.331973,-0.010022,0.528496,0.219958,-0.015388,0.545651,-0.003680,0.565685
3.512000,-5.481728,-1.432365,-1.366238,-5.389709,-0.790329,-2.854722,2.854722,3.000000,5.447346,-0.004947,-0.000725,0.070243,0.019107,-0.032374,0.332757,-0.009815,0.528150,0.219903,-0.015397,0.545651,-0.003680,0.589722
3.523000,-5.794618,-1.422809,-1.367050,-5.702598,-0.780773,-2.855534,2.855534,3.000000,5.755800,-0.004954,-0.000678,0.068419,0.018957,-0.031554,0.333516,-0.009603,0.527803,0.219849,-0.015405,0.545651,-0.003680,0.589012
3.534000,-5.953219,-1.256757,-1.332657,-5.861199,-0.614721,-2.821141,2.821141,3.000000,5.893347,-0.004973,-0.000522,0.064691,0.017962,-0.033895,0.334237,-0.009401,0.527434,0.219794,-0.015411,0.545651,-0.003680,0.615523
3.545000,-5.825326,-1.027645,-1.308895,-5.733306,-0.385609,-2.797379,2.797379,3.000000,5.746259,-0.004989,-0.000336,0.065542,0.018032,-0.031979,0.334943,-0.009210,0.527082,0.219739,-0.015416,0.545651,-0.003680,0.605592
3.556000,-5.587610,-1.013643,-1.318237,-5.495591,-0.371608,-2.806721,2.806721,3.000000,5.508141,-0.004989,-0.000337,0.064980,0.016842,-0.031779,0.335669,-0.009023,0.526723,0.219684,-0.015419,0.545651,-0.003680,0.610365
3.567000,-5.314954,-1.138005,-1.380038,-5.222934,-0.495969,-2.868522,2.868522,3.000000,5.246430,-0.004978,-0.000473,0.064942,0.016362,-0.029044,0.336384,-0.008838,0.526392,0.219630,-0.015424,0.545651,-0.003680,0.593118
3.578000,-5.011024,-1.180772,-1.501037,-4.919004,-0.538736,-2.989520,2.989520,3.000000,4.948418,-0.004970,-0.000544,0.064468,0.017332,-0.028934,0.337088,-0.008652,0.526074,0.219575,-0.015430,0.545651,-0.003680,0.597910
3.589000,-5.020084,-1.058500,-1.520431,-4.928065,-0.416464,-3.008915,3.008915,3.000000,4.945631,-0.004982,-0.000421,0.066457,0.015953,-0.027158,0.337828,-0.008478,0.525769,0.219520,-0.015435,0.545651,-0.003680,0.588319
3.600000,-4.997824,-0.966280,-1.661521,-4.905804,-0.324244,-3.150005,3.150005,3.000000,4.916508,-0.004989,-0.000330,0.065515,0.015362,-0.024425,0.338547,-0.008312,0.525486,0.219465,-0.015439,0.545651,-0.003680,0.570215
3.611000,-4.984144,-1.021757,-1.814151,-4.892125,-0.379721,-3.302634,3.302634,3.000000,4.906839,-0.004985,-0.000387,0.067321,0.015552,-0.021863,0.339285,-0.008149,0.525227,0.219410,-0.015443,0.545651,-0.003680,0.553144
3.622000,-5.198376,-1.079051,-1.852577,-5.106357,-0.437015,-3.341061,3.341061,3.000000,5.125023,-0.004982,-0.000426,0.068894,0.013688,-0.021502,0.340037,-0.007995,0.524984,0.219356,-0.015448,0.545651,-0.003680,0.554467
3.633000,-5.270846,-0.938295,-2.014428,-5.178826,-0.296259,-3.502912,3.502912,3.000000,5.187293,-0.004992,-0.000286,0.067932,0.012197,-0.018731,0.340779,-0.007861,0.524769,0.219301,-0.015452,0.545651,-0.003680,0.534821
3.644000,-4.992851,-0.961909,-2.180242,-4.900832,-0.319873,-3.668726,3.668726,3.000000,4.911260,-0.004989,-0.000326,0.067179,0.011402,-0.016234,0.341510,-0.007737,0.524583,0.219246,-0.015455,0.545651,-0.003680,0.516974
3.655000,-5.305037,-1.111342,-2.164044,-5.213017,-0.469306,-3.652528,3.652528,3.000000,5.234100,-0.004980,-0.000448,0.068855,0.011683,-0.016057,0.342280,-0.007605,0.524399,0.219191,-0.015459,0.545651,-0.003680,0.518796
3.666000,-5.702416,-1.069478,-2.125564,-5.610397,-0.427442,-3.614048,3.614048,3.000000,5.626656,-0.004986,-0.000380,0.068964,0.010413,-0.014438,0.343037,-0.007486,0.524232,0.219136,-0.015464,0.545651,-0.003680,0.508049
3.677000,-6.025332,-1.013559,-1.989753,-5.933312,-0.371524,-3.478237,3.478237,3.000000,5.944933,-0.004990,-0.000312,0.070349,0.009940,-0.013943,0.343816,-0.007375,0.524070,0.219081,-0.015467,0.545651,-0.003680,0.506768
3.688000,-6.007213,-0.996298,-1.997433,-5.915194,-0.354262,-3.485917,3.485917,3.000000,5.925793,-0.004991,-0.000299,0.073176,0.007336,-0.012735,0.344614,-0.007284,0.523927,0.219027,-0.015471,0.545651,-0.003680,0.499086
3.699000,-6.000414,-0.980682,-2.048405,-5.908394,-0.338646,-3.536889,3.536889,3.000000,5.918091,-0.004992,-0.000286,0.074316,0.007646,-0.010086,0.345421,-0.007202,0.523813,0.218972,-0.015474,0.545651,-0.003680,0.478668
3.710000,-5.740830,-1.147721,-2.205217,-5.648811,-0.505686,-3.693701,3.693701,3.000000,5.671401,-0.004980,-0.000446,0.075737,0.006918,-0.007878,0.346248,-0.007125,0.523726,0.218917,-0.015478,0.545651,-0.003680,0.461506
3.721000,-5.813872,-1.238806,-2.188462,-5.721853,-0.596770,-3.676946,3.676946,3.000000,5.752889,-0.004973,-0.000519,0.078418,0.005447,-0.006041,0.347087,-0.007058,0.523659,0.218862,-0.015484,0.545651,-0.003680,0.447125
3.732000,-6.025202,-1.048075,-2.183311,-5.933183,-0.406039,-3.671795,3.671795,3.000000,5.947060,-0.004988,-0.000341,0.076432,0.003708,-0.005387,0.347947,-0.007014,0.523591,0.218807,-0.015488,0.545651,-0.003680,0.442794
3.743000,-5.841789,-1.122256,-2.276460,-5.749769,-0.480220,-3.764944,3.764944,3.000000,5.769788,-0.004983,-0.000416,0.078005,0.004716,-0.003979,0.348795,-0.006964,0.523542,0.218752,-0.015492,0.545651,-0.003680,0.431734
3.754000,-5.819919,-1.309431,-2.120028,-5.727900,-0.667395,-3.608512,3.608512,3.000000,5.766650,-0.004966,-0.000579,0.077724,0.004516,-0.003080,0.349648,-0.006909,0.523501,0.218698,-0.015498,0.545651,-0.003680,0.424834
3.765000,-5.820628,-1.301312,-2.101525,-5.728608,-0.659276,-3.590009,3.590009,3.000000,5.766420,-0.004967,-0.000572,0.079151,0.004182,-0.002597,0.350502,-0.006857,0.523471,0.218643,-0.015504,0.545651,-0.003680,0.421286
3.776000,-5.721928,-1.251515,-2.118178,-5.629909,-0.609479,-3.606662,3.606662,3.000000,5.662803,-0.004971,-0.000538,0.080432,0.003543,-0.002250,0.351394,-0.006812,0.523445,0.218588,-0.015510,0.545651,-0.003680,0.418807
3.787000,-5.484206,-1.297323,-2.135232,-5.392187,-0.655287,-3.623716,3.623716,3.000000,5.431858,-0.004963,-0.000603,0.081385,0.002851,-0.000117,0.352281,-0.006775,0.523445,0.218534,-0.015517,0.545651,-0.003680,0.400709
3.798000,-5.376412,-1.303230,-2.122003,-5.284393,-0.661194,-3.610487,3.610487,3.000000,5.325597,-0.004961,-0.000621,0.080233,0.002067,0.001562,0.353155,-0.006749,0.523453,0.218479,-0.015523,0.545651,-0.003680,0.386312
3.809000,-5.183387,-1.307481,-2.112680,-5.091368,-0.665445,-3.601164,3.601164,3.000000,5.134671,-0.004958,-0.000648,0.076236,0.002526,0.002520,0.354012,-0.006720,0.523466,0.218425,-0.015530,0.545651,-0.003680,0.377950
3.820000,-4.800578,-1.411944,-2.182988,-4.708558,-0.769908,-3.671472,3.671472,3.000000,4.771088,-0.004934,-0.000807,0.074325,0.002120,0.002666,0.354845,-0.006692,0.523501,0.218370,-0.015538,0.545651,-0.003680,0.376089
3.831000,-4.767514,-1.355943,-2.114373,-4.675495,-0.713908,-3.602857,3.602857,3.000000,4.729685,-0.004943,-0.000755,0.071734,0.001964,0.002327,0.355640,-0.006669,0.523530,0.218316,-0.015547,0.545651,-0.003680,0.378432
3.842000,-4.917993,-1.279911,-2.120271,-4.825974,-0.637875,-3.608755,3.608755,3.000000,4.867947,-0.004957,-0.000655,0.071428,0.000843,0.002402,0.356420,-0.006656,0.523563,0.218261,-0.015555,0.545651,-0.003680,0.377198
3.853000,-5.203061,-1.246772,-2.038687,-5.111041,-0.604736,-3.527171,3.527171,3.000000,5.146693,-0.004965,-0.000587,0.069224,0.001517,0.001226,0.357191,-0.006642,0.523578,0.218207,-0.015561,0.545651,-0.003680,0.386911
3.864000,-5.122523,-1.342861,-2.011121,-5.030504,-0.700825,-3.499605,3.499605,3.000000,5.079087,-0.004952,-0.000690,0.067448,0.001598,0.001618,0.357938,-0.006626,0.523594,0.218152,-0.015569,0.545651,-0.003680,0.383298
3.875000,-4.814752,-1.384002,-1.913389,-4.722733,-0.741966,-3.401873,3.401873,3.000000,4.780661,-0.004939,-0.000776,0.065451,0.001096,-0.000008,0.358648,-0.006612,0.523600,0.218098,-0.015577,0.545651,-0.003680,0.396996
3.886000,-4.744934,-1.373572,-1.841305,-4.652914,-0.731536,-3.329789,3.329789,3.000000,4.710070,-0.004939,-0.000777,0.062187,0.000951,-0.000463,0.359367,-0.006599,0.523594,0.218044,-0.015585,0.545651,-0.003680,0.400961
3.897000,-4.934208,-1.358065,-1.780359,-4.842189,-0.716030,-3.268843,3.268843,3.000000,4.894843,-0.004946,-0.000731,0.058500,0.001315,-0.003114,0.360020,-0.006583,0.523567,0.217989,-0.015594,0.545651,-0.003680,0.423951
3.908000,-5.253721,-1.471789,-1.689607,-5.161702,-0.829753,-3.178091,3.178091,3.000000,5.227968,-0.004937,-0.000794,0.056799,0.002517,-0.004648,0.360648,-0.006550,0.523513,0.217935,-0.015602,0.545651,-0.003680,0.437931
3.919000,-5.511047,-1.535770,-1.586046,-5.419028,-0.893734,-3.074530,3.074530,3.000000,5.492233,-0.004933,-0.000814,0.055144,0.003764,-0.004847,0.361262,-0.006516,0.523457,0.217881,-0.015611,0.545651,-0.003680,0.440626
3.930000,-5.550902,-1.532276,-1.543052,-5.458883,-0.890240,-3.031536,3.031536,3.000000,5.530997,-0.004935,-0.000805,0.052934,0.002460,-0.005798,0.361842,-0.006491,0.523390,0.217826,-0.015620,0.545651,-0.003680,0.449899
3.941000,-5.639015,-1.469319,-1.543707,-5.546996,-0.827284,-3.032191,3.032191,3.000000,5.608348,-0.004945,-0.000738,0.050865,0.002088,-0.006709,0.362410,-0.006465,0.523322,0.217772,-0.015628,0.545651,-0.003680,0.458851
3.952000,-5.701601,-1.455522,-1.543794,-5.609582,-0.813487,-3.032278,3.032278,3.000000,5.668260,-0.004948,-0.000718,0.048335,0.002659,-0.006130,0.362940,-0.006432,0.523251,0.217718,-0.015636,0.545651,-0.003680,0.455230
3.963000,-5.282851,-1.571552,-1.658785,-5.190831,-0.929516,-3.147268,3.147268,3.000000,5.273398,-0.004922,-0.000881,0.045669,0.003459,-0.006107,0.363456,-0.006397,0.523191,0.217663,-0.015645,0.545651,-0.003680,0.456112
3.974000,-5.159431,-1.576373,-1.599053,-5.067411,-0.934338,-3.087537,3.087537,3.000000,5.152829,-0.004917,-0.000907,0.041793,0.002728,-0.006174,0.363929,-0.006367,0.523119,0.217609,-0.015655,0.545651,-0.003680,0.457979
3.985000,-5.074781,-1.530577,-1.713345,-4.982762,-0.888541,-3.201829,3.201829,3.000000,5.061366,-0.004922,-0.000878,0.039140,0.002786,-0.007951,0.364362,-0.006330,0.523046,0.217555,-0.015665,0.545651,-0.003680,0.474353
3.996000,-5.311023,-1.493125,-1.695789,-5.219003,-0.851089,-3.184273,3.184273,3.000000,5.287944,-0.004935,-0.000805,0.037033,0.003289,-0.007526,0.364779,-0.006291,0.522953,0.217501,-0.015674,0.545651,-0.003680,0.472428
4.006000,-5.479087,-1.487804,-1.725760,-5.387068,-0.845768,-3.214244,3.214244,3.000000,5.453056,-0.004939,-0.000775,0.036804,0.003785,-0.009639,0.365146,-0.006252,0.522855,0.217451,-0.015682,0.545651,-0.003680,0.492112
4.016000,-5.663797,-1.488641,-1.661804,-5.571777,-0.846605,-3.150288,3.150288,3.000000,5.635729,-0.004943,-0.000751,0.035136,0.004616,-0.011719,0.365501,-0.006209,0.522744,0.217402,-0.015690,0.545651,-0.003680,0.511765
4.026000,-5.610309,-1.504379,-1.739788,-5.518290,-0.862343,-3.228272,3.228272,3.000000,5.585263,-0.004940,-0.000772,0.033832,0.004660,-0.010489,0.365837,-0.006166,0.522635,0.217353,-0.015697,0.545651,-0.003680,0.503293
4.036000,-5.444441,-1.482224,-1.854900,-5.352422,-0.840189,-3.343384,3.343384,3.000000,5.417965,-0.004940,-0.000775,0.033095,0.005177,-0.011645,0.366162,-0.006119,0.522524,0.217303,-0.015705,0.545651,-0.003680,0.515109
4.046000,-5.462626,-1.429507,-1.846931,-5.370606,-0.787471,-3.335415,3.335415,3.000000,5.428031,-0.004947,-0.000725,0.031338,0.004069,-0.011664,0.366486,-0.006075,0.522401,0.217254,-0.015712,0.545651,-0.003680,0.517467
4.056000,-5.213533,-1.466919,-1.959887,-5.121514,-0.824883,-3.448371,3.448371,3.000000,5.187518,-0.004936,-0.000795,0.030099,0.006082,-0.011181,0.366790,-0.006019,0.522289,0.217204,-0.015720,0.545651,-0.003680,0.515383
4.066000,-5.028960,-1.457199,-2.000501,-4.936941,-0.815164,-3.488985,3.488985,3.000000,5.003786,-0.004933,-0.000815,0.027866,0.006337,-0.012330,0.367068,-0.005966,0.522172,0.217155,-0.015728,0.545651,-0.003680,0.527250
4.076000,-4.946898,-1.419206,-2.049009,-4.854879,-0.777170,-3.537493,3.537493,3.000000,4.916690,-0.004937,-0.000790,0.025855,0.005943,-0.012035,0.367336,-0.005909,0.522050,0.217106,-0.015736,0.545651,-0.003680,0.526942
4.086000,-5.359949,-1.282933,-2.004485,-5.267930,-0.640897,-3.492968,3.492968,3.000000,5.306772,-0.004963,-0.000604,0.025693,0.005202,-0.014223,0.367595,-0.005862,0.521911,0.217056,-0.015743,0.545651,-0.003680,0.548013
4.096000,-5.472132,-1.220630,-2.035667,-5.380112,-0.578594,-3.524151,3.524151,3.000000,5.411135,-0.004971,-0.000535,0.024078,0.005436,-0.013125,0.367838,-0.005816,0.521776,0.217007,-0.015749,0.545651,-0.003680,0.541127
4.106000,-5.252545,-1.162314,-2.159804,-5.160526,-0.520279,-3.648288,3.648288,3.000000,5.186686,-0.004975,-0.000502,0.022510,0.004221,-0.012216,0.368067,-0.005773,0.521650,0.216957,-0.015754,0.545651,-0.003680,0.535670
4.116000,-5.215458,-1.092893,-2.187294,-5.123438,-0.450857,-3.675778,3.675778,3.000000,5.143237,-0.004981,-0.000438,0.021836,0.003735,-0.011946,0.368291,-0.005738,0.521523,0.216907,-0.015759,0.545651,-0.003680,0.535670
4.126000,-5.194647,-1.029998,-2.273691,-5.102628,-0.387963,-3.762175,3.762175,3.000000,5.117356,-0.004986,-0.000379,0.021931,0.002763,-0.012105,0.368507,-0.005710,0.521409,0.216857,-0.015763,0.545651,-0.003680,0.539077
4.136000,-5.447595,-0.991517,-2.237572,-5.355576,-0.349481,-3.726056,3.726056,3.000000,5.366966,-0.004989,-0.000326,0.022526,0.002244,-0.011762,0.368734,-0.005687,0.521291,0.216807,-0.015766,0.545651,-0.003680,0.538301
4.146000,-5.625801,-0.979790,-2.198953,-5.533782,-0.337755,-3.687437,3.687437,3.000000,5.544080,-0.004991,-0.000305,0.023197,0.002427,-0.010884,0.368961,-0.005663,0.521179,0.216757,-0.015769,0.545651,-0.003680,0.532863
4.156000,-5.733665,-1.053815,-2.264010,-5.641645,-0.411780,-3.752493,3.752493,3.000000,5.656653,-0.004987,-0.000364,0.023296,0.002391,-0.009158,0.369196,-0.005643,0.521075,0.216708,-0.015773,0.545651,-0.003680,0.520089
4.166000,-5.634911,-1.092334,-2.320485,-5.542892,-0.450298,-3.808969,3.808969,3.000000,5.561153,-0.004984,-0.000405,0.024305,0.002031,-0.007774,0.369437,-0.005623,0.520996,0.216658,-0.015777,0.545651,-0.003680,0.509763
4.176000,-5.879522,-1.107067,-2.303133,-5.787502,-0.465031,-3.791617,3.791617,3.000000,5.806155,-0.004984,-0.000400,0.025939,0.000447,-0.007539,0.369697,-0.005609,0.520922,0.216608,-0.015781,0.545651,-0.003680,0.509093
4.186000,-6.158062,-1.014234,-2.325947,-6.066043,-0.372198,-3.814431,3.814431,3.000000,6.077450,-0.004991,-0.000306,0.028042,0.001232,-0.006799,0.369969,-0.005597,0.520862,0.216558,-0.015784,0.545651,-0.003680,0.503898
4.196000,-6.302921,-1.019463,-2.435560,-6.210902,-0.377428,-3.924044,3.924044,3.000000,6.222359,-0.004991,-0.000303,0.029371,0.001044,-0.005301,0.370257,-0.005590,0.520813,0.216508,-0.015787,0.545651,-0.003680,0.492064
4.206000,-6.437933,-1.017653,-2.453212,-6.345913,-0.375617,-3.941696,3.941696,3.000000,6.357020,-0.004991,-0.000295,0.030302,0.000047,-0.003906,0.370565,-0.005585,0.520774,0.216458,-0.015790,0.545651,-0.003680,0.480928
4.216000,-6.454603,-0.967271,-2.515940,-6.362584,-0.325235,-4.004424,4.004424,3.000000,6.370891,-0.004993,-0.000255,0.031652,-0.000216,-0.002148,0.370879,-0.005587,0.520757,0.216408,-0.015793,0.545751,-0.003580,0.468124
4.226000,-6.626221,-0.893380,-2.430725,-6.534202,-0.251344,-3.919208,3.919208,3.000000,6.539034,-0.004996,-0.000192,0.033922,-0.000555,0.000087,0.371212,-0.005592,0.520759,0.216358,-0.015795,0.545751,-0.003580,0.449125
4.236000,-6.954936,-0.879744,-2.301591,-6.862917,-0.237708,-3.790075,3.790075,3.000000,6.867032,-0.004997,-0.000173,0.034409,-0.000820,0.002369,0.371561,-0.005603,0.520772,0.216308,-0.015797,0.545751,-0.003580,0.429529
4.246000,-6.855254,-0.926857,-2.256955,-6.763235,-0.284822,-3.745439,3.745439,3.000000,6.769229,-0.004996,-0.000210,0.035537,-0.001163,0.002865,0.371916,-0.005615,0.520789,0.216258,-0.015799,0.545751,-0.003580,0.425004
4.256000,-6.746276,-0.899531,-2.359385,-6.654257,-0.257495,-3.847869,3.847869,3.000000,6.659237,-0.004996,-0.000193,0.035352,-0.002684,0.001622,0.372270,-0.005630,0.520816,0.216208,-0.015801,0.545751,-0.003580,0.435072
4.266000,-6.888880,-0.899336,-2.308249,-6.796860,-0.257301,-3.796732,3.796732,3.000000,6.801729,-0.004996,-0.000189,0.036282,-0.001908,0.002182,0.372630,-0.005646,0.520843,0.216158,-0.015803,0.545751,-0.003580,0.429839
4.276000,-6.867702,-0.891460,-2.246062,-6.775683,-0.249424,-3.734546,3.734546,3.000000,6.780272,-0.004997,-0.000184,0.036506,-0.002109,0.003502,0.372989,-0.005666,0.520874,0.216108,-0.015805,0.545751,-0.003580,0.418076
4.286000,-6.942923,-0.864780,-2.209670,-6.850903,-0.222745,-3.698154,3.698154,3.000000,6.854523,-0.004997,-0.000162,0.037769,-0.001895,0.003279,0.373376,-0.005688,0.520908,0.216058,-0.015806,0.545751,-0.003580,0.419359
4.296000,-7.057373,-0.841577,-2.210401,-6.965354,-0.199541,-3.698885,3.698885,3.000000,6.968212,-0.004998,-0.000143,0.040030,-0.002791,0.002415,0.373766,-0.005718,0.520937,0.216009,-0.015808,0.545751,-0.003580,0.426169
4.306000,-7.171863,-0.825204,-2.159507,-7.079844,-0.183168,-3.647991,3.647991,3.000000,7.082213,-0.004998,-0.000129,0.040409,-0.003296,0.003758,0.374167,-0.005749,0.520970,0.215959,-0.015809,0.545751,-0.003580,0.414183
4.316000,-6.976755,-0.790094,-2.144921,-6.884735,-0.148058,-3.633405,3.633405,3.000000,6.886327,-0.004999,-0.000108,0.041151,-0.003169,0.003698,0.374579,-0.005780,0.521009,0.215909,-0.015810,0.545751,-0.003580,0.413981
4.326000,-6.757092,-0.810211,-2.152142,-6.665073,-0.168176,-3.640626,3.640626,3.000000,6.667194,-0.004998,-0.000126,0.041782,-0.002863,0.004606,0.374994,-0.005808,0.521060,0.215859,-0.015812,0.545751,-0.003580,0.405352
4.336000,-6.474335,-0.773596,-2.234646,-6.382316,-0.131560,-3.723130,3.723130,3.000000,6.383672,-0.004999,-0.000103,0.041931,-0.003529,0.007572,0.375412,-0.005844,0.521124,0.215809,-0.015813,0.545751,-0.003580,0.379043
4.346000,-5.889504,-0.816351,-2.286791,-5.797485,-0.174315,-3.775275,3.775275,3.000000,5.800105,-0.004998,-0.000150,0.041492,-0.002836,0.008281,0.375816,-0.005871,0.521206,0.215759,-0.015814,0.545751,-0.003580,0.371557
4.356000,-5.922824,-0.758000,-2.166080,-5.830804,-0.115965,-3.654564,3.654564,3.000000,5.831957,-0.004999,-0.000099,0.042724,-0.003195,0.007369,0.376250,-0.005901,0.521284,0.215709,-0.015815,0.545751,-0.003580,0.377883
4.366000,-6.219146,-0.763671,-2.214234,-6.127127,-0.121635,-3.702718,3.702718,3.000000,6.128334,-0.004999,-0.000099,0.042981,-0.003076,0.006290,0.376677,-0.005933,0.521355,0.215659,-0.015816,0.545751,-0.003580,0.385756
4.376000,-6.247845,-0.701303,-2.324305,-6.155825,-0.059268,-3.812788,3.812788,3.000000,6.156111,-0.005000,-0.000048,0.041917,-0.002789,0.005114,0.377101,-0.005959,0.521419,0.215609,-0.015817,0.545751,-0.003580,0.394583
4.386000,-6.536515,-0.676824,-2.286202,-6.444496,-0.034788,-3.774686,3.774686,3.000000,6.444590,-0.005000,-0.000027,0.043875,-0.003278,0.004966,0.377532,-0.005989,0.521467,0.215559,-0.015817,0.545751,-0.003580,0.394984
4.396000,-6.910688,-0.577795,-2.315338,-6.818669,0.064241,-3.803822,3.803822,3.000000,6.818971,-0.005000,0.000047,0.043865,-0.002493,0.004242,0.377975,-0.006019,0.521502,0.215509,-0.015817,0.545751,-0.003580,0.400482
4.406000,-7.034775,-0.594199,-2.533009,-6.942756,0.047836,-4.021493,4.021493,3.000000,6.942921,-0.005000,0.000034,0.043978,-0.002711,0.005602,0.378419,-0.006049,0.521556,0.215459,-0.015817,0.545791,-0.003540,0.388695
4.416000,-7.010199,-0.652080,-2.691716,-6.918179,-0.010045,-4.180200,4.180200,3.000000,6.918187,-0.005000,-0.000007,0.045365,-0.002702,0.006998,0.378870,-0.006076,0.521624,0.215409,-0.015817,0.545991,-0.003340,0.379230
4.426000,-7.197063,-0.668608,-2.794851,-7.105044,-0.026572,-4.283334,4.283334,3.000000,7.105093,-0.005000,-0.000019,0.047111,-0.002869,0.009203,0.379336,-0.006108,0.521712,0.215359,-0.015817,0.546191,-0.003140,0.362531
4.436000,-7.428984,-0.662862,-2.911912,-7.336965,-0.020826,-4.400396,4.400396,3.000000,7.336994,-0.005000,-0.000014,0.048132,-0.002663,0.011510,0.379805,-0.006137,0.521823,0.215309,-0.015817,0.546391,-0.002940,0.344561
4.446000,-7.497342,-0.729596,-2.846185,-7.405322,-0.087560,-4.334669,4.334669,3.000000,7.405840,-0.005000,-0.000059,0.048951,-0.002437,0.012344,0.380301,-0.006164,0.521934,0.215259,-0.015817,0.546591,-0.002740,0.339092
4.456000,-7.625859,-0.753353,-2.343538,-7.533840,-0.111318,-3.832022,3.832022,3.000000,7.534662,-0.004999,-0.000074,0.049173,-0.003013,0.011300,0.380799,-0.006194,0.522034,0.215209,-0.015818,0.546711,-0.002620,0.348310
4.466000,-7.649545,-0.780214,-2.119828,-7.557525,-0.138178,-3.608312,3.608312,3.000000,7.558788,-0.004999,-0.000091,0.049573,-0.002797,0.007171,0.381290,-0.006221,0.522108,0.215159,-0.015819,0.546711,-0.002620,0.382011
4.476000,-7.846623,-0.747337,-1.816996,-7.754603,-0.105302,-3.305480,3.305480,3.000000,7.755318,-0.005000,-0.000068,0.050318,-0.002653,0.004822,0.381796,-0.006246,0.522152,0.215109,-0.015820,0.546711,-0.002620,0.401158
4.486000,-7.385446,-0.882094,-1.717894,-7.293426,-0.240058,-3.206378,3.206378,3.000000,7.297376,-0.004997,-0.000164,0.050793,-0.001957,0.006219,0.382299,-0.006268,0.522208,0.215059,-0.015821,0.546711,-0.002620,0.388282
4.496000,-7.029576,-0.995023,-1.934648,-6.937557,-0.352988,-3.423132,3.423132,3.000000,6.946531,-0.004994,-0.000254,0.050672,-0.001705,0.007780,0.382808,-0.006283,0.522276,0.215009,-0.015823,0.546711,-0.002620,0.373822
4.506000,-6.741077,-1.080123,-2.049981,-6.649058,-0.438087,-3.538465,3.538465,3.000000,6.663475,-0.004989,-0.000329,0.050246,-0.000905,0.008865,0.383314,-0.006293,0.522357,0.214959,-0.015826,0.546711,-0.002620,0.363164
4.516000,-6.200250,-1.111853,-2.208722,-6.108231,-0.469817,-3.697205,3.697205,3.000000,6.126273,-0.004985,-0.000383,0.051432,-0.000551,0.010079,0.383817,-0.006298,0.522457,0.214909,-0.015830,0.546711,-0.002620,0.351041
4.526000,-6.439333,-1.014897,-2.250691,-6.347314,-0.372861,-3.739175,3.739175,3.000000,6.358256,-0.004991,-0.000293,0.052157,-0.001389,0.008652,0.384340,-0.006309,0.522551,0.214859,-0.015833,0.546711,-0.002620,0.361463
4.536000,-6.598480,-1.011509,-2.233219,-6.506460,-0.369473,-3.721703,3.721703,3.000000,6.516942,-0.004992,-0.000283,0.053494,0.000188,0.011464,0.384877,-0.006311,0.522664,0.214809,-0.015836,0.546711,-0.002620,0.335565
4.546000,-6.712845,-1.027773,-2.199137,-6.620826,-0.385737,-3.687621,3.687621,3.000000,6.632053,-0.004992,-0.000291,0.053892,0.000195,0.008964,0.385415,-0.006317,0.522762,0.214759,-0.015839,0.546711,-0.002620,0.355026
4.556000,-7.096700,-0.967035,-2.167866,-7.004680,-0.324999,-3.656350,3.656350,3.000000,7.012216,-0.004995,-0.000232,0.053637,-0.000390,0.006064,0.385961,-0.006320,0.522827,0.214709,-0.015841,0.546711,-0.002620,0.378471
4.566000,-7.231403,-1.000148,-2.213817,-7.139384,-0.358112,-3.702301,3.702301,3.000000,7.148359,-0.004994,-0.000250,0.054052,0.000629,0.005673,0.386503,-0.006320,0.522881,0.214659,-0.015844,0.546711,-0.002620,0.380809
4.576000,-7.242313,-1.068377,-2.420628,-7.150294,-0.426341,-3.909112,3.909112,3.000000,7.162993,-0.004991,-0.000298,0.054461,0.000593,0.007496,0.387046,-0.006318,0.522953,0.214609,-0.015847,0.546711,-0.002620,0.364045
4.586000,-7.270757,-1.070390,-2.772830,-7.178738,-0.428355,-4.261314,4.261314,3.000000,7.191507,-0.004991,-0.000298,0.054935,0.000639,0.010743,0.387585,-0.006305,0.523064,0.214560,-0.015850,0.546851,-0.002480,0.337017
4.596000,-7.337733,-1.181175,-2.991558,-7.245713,-0.539139,-4.480042,4.480042,3.000000,7.265744,-0.004986,-0.000371,0.056138,0.004023,0.011356,0.388143,-0.006278,0.523178,0.214510,-0.015853,0.547051,-0.002280,0.333357
4.606000,-7.561805,-1.216255,-2.987949,-7.469785,-0.574220,-4.476433,4.476433,3.000000,7.491824,-0.004985,-0.000383,0.056787,0.003537,0.011647,0.388706,-0.006251,0.523296,0.214460,-0.015857,0.547251,-0.002080,0.332365
4.616000,-7.747531,-1.155578,-2.859769,-7.655512,-0.513542,-4.348253,4.348253,3.000000,7.672717,-0.004989,-0.000335,0.056850,0.003307,0.010309,0.389275,-0.006220,0.523416,0.214410,-0.015860,0.547451,-0.001880,0.345168
4.626000,-7.631407,-1.083947,-2.238383,-7.539387,-0.441911,-3.726867,3.726867,3.000000,7.552327,-0.004991,-0.000293,0.056218,0.003096,0.007915,0.389845,-0.006185,0.523492,0.214360,-0.015863,0.547571,-0.001760,0.366257
4.636000,-7.337864,-1.098187,-1.881411,-7.245844,-0.456151,-3.369895,3.369895,3.000000,7.260188,-0.004990,-0.000314,0.054860,0.004725,0.005482,0.390397,-0.006142,0.523551,0.214310,-0.015866,0.547571,-0.001760,0.385852
4.646000,-6.878367,-1.117719,-1.765340,-6.786348,-0.475683,-3.253824,3.253824,3.000000,6.802998,-0.004988,-0.000350,0.054126,0.004490,0.006044,0.390940,-0.006098,0.523612,0.214260,-0.015870,0.547571,-0.001760,0.379977
4.656000,-6.302222,-1.113891,-1.685958,-6.210203,-0.471855,-3.174442,3.174442,3.000000,6.228103,-0.004986,-0.000379,0.054299,0.005459,0.005892,0.391480,-0.006055,0.523667,0.214210,-0.015874,0.547571,-0.001760,0.380283
4.666000,-6.082419,-1.107335,-1.954483,-5.990400,-0.465300,-3.442967,3.442967,3.000000,6.008443,-0.004985,-0.000387,0.053675,0.004221,0.007334,0.392010,-0.006011,0.523747,0.214160,-0.015878,0.547571,-0.001760,0.366611
4.676000,-6.114375,-1.005124,-1.857610,-6.022356,-0.363088,-3.346094,3.346094,3.000000,6.033291,-0.004991,-0.000301,0.053909,0.003890,0.005163,0.392537,-0.005970,0.523806,0.214111,-0.015881,0.547571,-0.001760,0.383958
4.686000,-6.349125,-0.935185,-1.697675,-6.257106,-0.293149,-3.186159,3.186159,3.000000,6.263969,-0.004995,-0.000234,0.055230,0.004761,0.005747,0.393092,-0.005930,0.523867,0.214061,-0.015884,0.547571,-0.001760,0.377920
4.696000,-6.571856,-0.876475,-1.725686,-6.479836,-0.234439,-3.214170,3.214170,3.000000,6.484076,-0.004997,-0.000181,0.054667,0.003222,0.002581,0.393640,-0.005900,0.523905,0.214011,-0.015886,0.547571,-0.001760,0.404099
4.706000,-6.730429,-0.812708,-1.336394,-6.638409,-0.170672,-2.824878,2.824878,3.000000,6.640603,-0.004998,-0.000129,0.054810,0.003678,-0.000365,0.394191,-0.005869,0.523917,0.213961,-0.015887,0.547571,-0.001760,0.428882
4.716000,-6.750934,-0.783969,-1.418282,-6.658914,-0.141933,-2.906766,2.906766,3.000000,6.660427,-0.004999,-0.000107,0.054159,0.001824,-0.000332,0.394741,-0.005844,0.523915,0.213911,-0.015888,0.547571,-0.001760,0.428619
4.726000,-6.649165,-0.713244,-1.544984,-6.557146,-0.071208,-3.033468,3.033468,3.000000,6.557532,-0.005000,-0.000054,0.053968,0.001052,-0.002546,0.395279,-0.005826,0.523898,0.213861,-0.015889,0.547571,-0.001760,0.447729
4.736000,-6.831121,-0.630045,-1.596051,-6.739101,0.011991,-3.084535,3.084535,3.000000,6.739112,-0.005000,0.000009,0.055083,0.001904,-0.002374,0.395825,-0.005805,0.523870,0.213811,-0.015889,0.547571,-0.001760,0.446761
4.746000,-7.172770,-0.684202,-1.986831,-7.080750,-0.042167,-3.475315,3.475315,3.000000,7.080876,-0.005000,-0.000030,0.055776,0.001807,-0.001286,0.396377,-0.005789,0.523858,0.213761,-0.015889,0.547571,-0.001760,0.437757
4.756000,-7.478796,-0.752188,-2.125206,-7.386777,-0.110152,-3.613690,3.613690,3.000000,7.387598,-0.004999,-0.000075,0.056667,0.001872,-0.001210,0.396935,-0.005766,0.523854,0.213711,-0.015890,0.547571,-0.001760,0.437178
4.766000,-7.550771,-0.735018,-2.131537,-7.458751,-0.092983,-3.620020,3.620020,3.000000,7.459331,-0.005000,-0.000062,0.057997,0.001396,0.000057,0.397522,-0.005748,0.523832,0.213661,-0.015891,0.547571,-0.001760,0.426816
4.776000,-7.548908,-0.709641,-2.118476,-7.456888,-0.067605,-3.606960,3.606960,3.000000,7.457195,-0.005000,-0.000045,0.059358,0.001464,-0.001008,0.398114,-0.005731,0.523827,0.213611,-0.015891,0.547571,-0.001760,0.435938
4.786000,-7.101135,-0.725489,-2.041482,-7.009115,-0.083454,-3.529966,3.529966,3.000000,7.009612,-0.005000,-0.000060,0.057943,0.000483,0.002253,0.398697,-0.005719,0.523847,0.213561,-0.015892,0.547571,-0.001760,0.407910
4.796000,-6.273895,-0.755293,-1.771686,-6.181876,-0.113258,-3.260170,3.260170,3.000000,6.182913,-0.004999,-0.000092,0.056287,0.001356,0.001116,0.399267,-0.005705,0.523867,0.213511,-0.015892,0.547571,-0.001760,0.417208
4.806000,-5.681427,-0.829493,-1.627025,-5.589407,-0.187457,-3.115509,3.115509,3.000000,5.592550,-0.004997,-0.000168,0.055136,0.001315,0.000146,0.399822,-0.005692,0.523876,0.213461,-0.015894,0.547571,-0.001760,0.425271
4.816000,-5.353370,-0.801172,-1.698495,-5.261350,-0.159136,-3.186979,3.186979,3.000000,5.263756,-0.004998,-0.000151,0.053883,0.000107,0.000115,0.400359,-0.005690,0.523892,0.213411,-0.015895,0.547571,-0.001760,0.425255
4.826000,-5.602679,-0.664154,-1.427171,-5.510659,-0.022118,-2.915655,2.915655,3.000000,5.510704,-0.005000,-0.000020,0.054806,-0.000192,-0.003172,0.400891,-0.005695,0.523875,0.213361,-0.015896,0.547571,-0.001760,0.453446
4.836000,-6.145725,-0.496662,-1.332041,-6.053705,0.145373,-2.820525,2.820525,3.000000,6.055451,-0.004999,0.000120,0.055034,-0.001083,-0.002525,0.401440,-0.005709,0.523851,0.213311,-0.015896,0.547571,-0.001760,0.448387
4.846000,-6.489490,-0.524397,-1.385285,-6.397470,0.117639,-2.873769,2.873769,3.000000,6.398552,-0.004999,0.000092,0.055422,-0.000767,-0.005649,0.402003,-0.005719,0.523812,0.213261,-0.015895,0.547571,-0.001760,0.475593
4.856000,-6.985062,-0.575373,-1.046199,-6.893042,0.066663,-2.534683,2.534683,3.000000,6.893365,-0.005000,0.000048,0.056345,-0.000916,-0.006408,0.402572,-0.005733,0.523744,0.213211,-0.015894,0.547571,-0.001760,0.483265
4.866000,-6.835270,-0.572128,-1.102500,-6.743250,0.069907,-2.590984,2.590984,3.000000,6.743613,-0.005000,0.000052,0.056118,-0.000660,-0.006632,0.403133,-0.005747,0.523677,0.213161,-0.015893,0.547571,-0.001760,0.486362
4.876000,-6.569092,-0.618187,-1.115290,-6.477072,0.023849,-2.603773,2.603773,3.000000,6.477116,-0.005000,0.000018,0.054755,-0.002587,-0.006423,0.403685,-0.005766,0.523606,0.213111,-0.015893,0.547571,-0.001760,0.485876
4.886000,-6.455515,-0.635530,-1.173137,-6.363495,0.006505,-2.661621,2.661621,3.000000,6.363499,-0.005000,0.000005,0.055037,-0.001842,-0.004558,0.404238,-0.005781,0.523551,0.213061,-0.015893,0.547571,-0.001760,0.471042
4.896000,-6.696818,-0.758817,-1.267723,-6.604798,-0.116781,-2.756207,2.756207,3.000000,6.605831,-0.004999,-0.000088,0.056750,0.000060,-0.007043,0.404801,-0.005788,0.523490,0.213011,-0.015893,0.547571,-0.001760,0.493229
4.906000,-7.300983,-0.820948,-1.251970,-7.208964,-0.178913,-2.740454,2.740454,3.000000,7.211184,-0.004998,-0.000124,0.058602,-0.000518,-0.009111,0.405384,-0.005792,0.523408,0.212961,-0.015894,0.547571,-0.001760,0.512242
4.916000,-7.483468,-0.830964,-1.308727,-7.391449,-0.188928,-2.797211,2.797211,3.000000,7.393863,-0.004998,-0.000128,0.060782,-0.001107,-0.009973,0.405978,-0.005797,0.523332,0.212911,-0.015896,0.547571,-0.001760,0.520934
4.926000,-7.580191,-0.803607,-1.347918,-7.488172,-0.161571,-2.836402,2.836402,3.000000,7.489915,-0.004999,-0.000108,0.062944,-0.000802,-0.010798,0.406616,-0.005803,0.523217,0.212861,-0.015897,0.547571,-0.001760,0.529999
4.936000,-7.500085,-0.857665,-1.492853,-7.408066,-0.215629,-2.981336,2.981336,3.000000,7.411203,-0.004998,-0.000145,0.064923,-0.000766,-0.006666,0.407265,-0.005807,0.523126,0.212811,-0.015898,0.547571,-0.001760,0.496575
4.946000,-7.020955,-0.909182,-1.826960,-6.928936,-0.267146,-3.315444,3.315444,3.000000,6.934084,-0.004996,-0.000193,0.067596,-0.000288,-0.005614,0.407935,-0.005807,0.523065,0.212761,-0.015900,0.547571,-0.001760,0.488749
4.956000,-6.587740,-0.958663,-2.077074,-6.495721,-0.316627,-3.565558,3.565558,3.000000,6.503433,-0.004994,-0.000243,0.070243,0.000013,-0.001526,0.408641,-0.005804,0.523034,0.212711,-0.015902,0.547571,-0.001760,0.454612
4.966000,-6.030856,-1.042472,-2.312949,-5.938837,-0.400436,-3.801433,3.801433,3.000000,5.952321,-0.004989,-0.000336,0.072078,0.001832,0.001669,0.409354,-0.005796,0.523036,0.212661,-0.015905,0.547571,-0.001760,0.427475
4.976000,-5.810033,-0.986739,-2.324105,-5.718014,-0.344703,-3.812588,3.812588,3.000000,5.728394,-0.004991,-0.000301,0.074438,-0.000650,0.001351,0.410089,-0.005799,0.523053,0.212611,-0.015908,0.547571,-0.001760,0.429862
4.986000,-6.139888,-0.931649,-2.209219,-6.047869,-0.289613,-3.697703,3.697703,3.000000,6.054799,-0.004994,-0.000239,0.078176,-0.000590,0.002452,0.410853,-0.005797,0.523083,0.212561,-0.015911,0.547571,-0.001760,0.419986
4.996000,-6.300437,-0.925317,-2.133769,-6.208417,-0.283281,-3.622253,3.622253,3.000000,6.214877,-0.004995,-0.000228,0.082357,0.000491,0.005048,0.411680,-0.005790,0.523125,0.212511,-0.015913,0.547571,-0.001760,0.397187
5.006000,-6.644304,-0.942945,-1.773731,-6.552285,-0.300909,-3.262215,3.262215,3.000000,6.559191,-0.004995,-0.000229,0.084910,0.001138,0.001503,0.412526,-0.005784,0.523149,0.212461,-0.015916,0.547571,-0.001760,0.426844
5.016000,-6.999186,-0.901516,-1.337686,-6.907167,-0.259481,-2.826170,2.826170,3.000000,6.912039,-0.004996,-0.000188,0.083556,0.000660,-0.001254,0.413372,-0.005781,0.523140,0.212411,-0.015918,0.547571,-0.001760,0.450401
5.026000,-6.951974,-0.818688,-1.164364,-6.859955,-0.176653,-2.652848,2.652848,3.000000,6.862229,-0.004998,-0.000129,0.084096,0.000137,-0.003527,0.414209,-0.005778,0.523112,0.212361,-0.015919,0.547571,-0.001760,0.470192
5.036000,-6.835014,-0.791159,-1.164491,-6.742995,-0.149123,-2.652975,2.652975,3.000000,6.744644,-0.004999,-0.000111,0.084792,0.001518,-0.004164,0.415041,-0.005768,0.523081,0.212311,-0.015920,0.547571,-0.001760,0.476153
5.046000,-7.017542,-0.777491,-1.038505,-6.925523,-0.135455,-2.526989,2.526989,3.000000,6.926847,-0.004999,-0.000098,0.085403,0.000381,-0.005647,0.415907,-0.005765,0.523029,0.212261,-0.015922,0.547571,-0.001760,0.489679
5.056000,-7.372554,-0.707187,-0.981669,-7.280535,-0.065151,-2.470153,2.470153,3.000000,7.280826,-0.005000,-0.000045,0.086247,0.000214,-0.007544,0.416752,-0.005765,0.522964,0.212211,-0.015922,0.547571,-0.001760,0.506947
5.066000,-7.563043,-0.696718,-0.949937,-7.471023,-0.054682,-2.438421,2.438421,3.000000,7.471224,-0.005000,-0.000037,0.087255,-0.000440,-0.009378,0.417644,-0.005766,0.522867,0.212161,-0.015923,0.547571,-0.001760,0.524257
5.076000,-7.282118,-0.648174,-0.986384,-7.190098,-0.006138,-2.474868,2.474868,3.000000,7.190101,-0.005000,-0.000004,0.086032,-0.002158,-0.010042,0.418503,-0.005773,0.522772,0.212111,-0.015923,0.547571,-0.001760,0.531605
5.086000,-7.273759,-0.528089,-0.897081,-7.181740,0.113947,-2.385565,2.385565,3.000000,7.182643,-0.004999,0.000079,0.088102,-0.001406,-0.010680,0.419386,-0.005783,0.522659,0.212061,-0.015922,0.547571,-0.001760,0.539042
5.096000,-7.223657,-0.422791,-0.904574,-7.131638,0.219245,-2.393058,2.393058,3.000000,7.135007,-0.004998,0.000154,0.087551,-0.002265,-0.013366,0.420263,-0.005802,0.522525,0.212012,-0.015921,0.547571,-0.001760,0.564244
5.106000,-6.880798,-0.435636,-0.969344,-6.788778,0.206400,-2.457828,2.457828,3.000000,6.791915,-0.004998,0.000152,0.083657,-0.002134,-0.013706,0.421104,-0.005822,0.522392,0.211962,-0.015920,0.547571,-0.001760,0.569527
5.116000,-6.324124,-0.518602,-1.111788,-6.232105,0.123433,-2.600272,2.600272,3.000000,6.233327,-0.004999,0.000099,0.081555,-0.002646,-0.014754,0.421923,-0.005842,0.522254,0.211912,-0.015918,0.547571,-0.001760,0.580905
5.126000,-6.132346,-0.464841,-1.154999,-6.040326,0.177195,-2.643483,2.643483,3.000000,6.042925,-0.004998,0.000147,0.078227,-0.002490,-0.013846,0.422711,-0.005866,0.522116,0.211862,-0.015917,0.547571,-0.001760,0.575678
5.136000,-5.788175,-0.377682,-1.377176,-5.696156,0.264354,-2.865660,2.865660,3.000000,5.702287,-0.004995,0.000232,0.075926,-0.003497,-0.013986,0.423462,-0.005899,0.521986,0.211812,-0.015915,0.547571,-0.001760,0.579205
5.146000,-5.553974,-0.392442,-1.471834,-5.461955,0.249594,-2.960318,2.960318,3.000000,5.467655,-0.004995,0.000228,0.073609,-0.004410,-0.015122,0.424217,-0.005935,0.521841,0.211762,-0.015913,0.547571,-0.001760,0.591455
5.156000,-5.737423,-0.388322,-1.388944,-5.645404,0.253713,-2.877428,2.877428,3.000000,5.651102,-0.004995,0.000224,0.070878,-0.003382,-0.016448,0.424939,-0.005968,0.521683,0.211712,-0.015910,0.547571,-0.001760,0.605562
5.166000,-5.616392,-0.517353,-1.482768,-5.524373,0.124683,-2.971252,2.971252,3.000000,5.525780,-0.004999,0.000113,0.068767,-0.002961,-0.015796,0.425625,-0.005998,0.521529,0.211662,-0.015909,0.547571,-0.001760,0.602799
5.176000,-5.597420,-0.547158,-1.473201,-5.505400,0.094877,-2.961684,2.961684,3.000000,5.506218,-0.004999,0.000086,0.068958,-0.003066,-0.016072,0.426319,-0.006028,0.521367,0.211612,-0.015908,0.547571,-0.001760,0.608053
5.186000,-5.931669,-0.498914,-1.405345,-5.839650,0.143122,-2.893829,2.893829,3.000000,5.841403,-0.004998,0.000123,0.069476,-0.003413,-0.018542,0.427010,-0.006062,0.521193,0.211562,-0.015907,0.547571,-0.001760,0.632140
5.196000,-6.211982,-0.509744,-1.254787,-6.119962,0.132292,-2.743271,2.743271,3.000000,6.121392,-0.004999,0.000108,0.066533,-0.002659,-0.019204,0.427682,-0.006094,0.520995,0.211512,-0.015906,0.547571,-0.001760,0.641335
5.206000,-6.161665,-0.528932,-1.271371,-6.069645,0.113104,-2.759855,2.759855,3.000000,6.070699,-0.004999,0.000093,0.063166,-0.002644,-0.020653,0.428322,-0.006121,0.520787,0.211462,-0.015905,0.547571,-0.001760,0.657358
5.216000,-6.378658,-0.577407,-1.269049,-6.286639,0.064629,-2.757533,2.757533,3.000000,6.286971,-0.005000,0.000051,0.060296,-0.001964,-0.022327,0.428918,-0.006138,0.520562,0.211412,-0.015904,0.547571,-0.001760,0.675611
5.226000,-6.655639,-0.627627,-1.383612,-6.563619,0.014409,-2.872096,2.872096,3.000000,6.563635,-0.005000,0.000011,0.059373,-0.002253,-0.022858,0.429523,-0.006154,0.520331,0.211362,-0.015904,0.547571,-0.001760,0.684278
5.236000,-6.935113,-0.652167,-1.542724,-6.843094,-0.010131,-3.031207,3.031207,3.000000,6.843101,-0.005000,-0.000007,0.059808,-0.000058,-0.023798,0.430123,-0.006163,0.520092,0.211312,-0.015904,0.547571,-0.001760,0.696549
5.246000,-7.331202,-0.736148,-1.629627,-7.239182,-0.094112,-3.118111,3.118111,3.000000,7.239794,-0.005000,-0.000065,0.059641,-0.000953,-0.025786,0.430718,-0.006169,0.519848,0.211262,-0.015904,0.547571,-0.001760,0.717821
5.256000,-7.239839,-0.827910,-1.717569,-7.147820,-0.185875,-3.206053,3.206053,3.000000,7.150236,-0.004998,-0.000130,0.058072,0.001219,-0.023659,0.431306,-0.006164,0.519607,0.211212,-0.015905,0.547571,-0.001760,0.704108
5.266000,-6.793715,-0.926460,-1.900202,-6.701696,-0.284424,-3.388686,3.388686,3.000000,6.707729,-0.004996,-0.000212,0.056066,0.000634,-0.023381,0.431865,-0.006156,0.519375,0.211162,-0.015907,0.547571,-0.001760,0.705929
5.276000,-6.860025,-0.940851,-1.876134,-6.768005,-0.298815,-3.364618,3.364618,3.000000,6.774599,-0.004995,-0.000221,0.055033,0.000962,-0.024586,0.432410,-0.006141,0.519132,0.211112,-0.015909,0.547571,-0.001760,0.720525
5.286000,-6.858496,-0.968704,-1.901066,-6.766476,-0.326668,-3.389550,3.389550,3.000000,6.774357,-0.004994,-0.000241,0.054108,0.002124,-0.024607,0.432959,-0.006121,0.518888,0.211062,-0.015911,0.547571,-0.001760,0.725106
5.296000,-6.732272,-0.986467,-2.020709,-6.640253,-0.344431,-3.509193,3.509193,3.000000,6.649180,-0.004993,-0.000259,0.053853,0.003308,-0.024208,0.433508,-0.006089,0.518641,0.211012,-0.015914,0.547571,-0.001760,0.726148
5.306000,-6.724276,-1.083592,-2.185240,-6.632256,-0.441556,-3.673724,3.673724,3.000000,6.646939,-0.004989,-0.000332,0.053142,0.004708,-0.023751,0.434039,-0.006047,0.518408,0.210962,-0.015917,0.547571,-0.001760,0.726478
5.316000,-6.830330,-1.133447,-2.308907,-6.738310,-0.491411,-3.797391,3.797391,3.000000,6.756205,-0.004987,-0.000364,0.051994,0.003230,-0.023342,0.434560,-0.006005,0.518180,0.210912,-0.015920,0.547571,-0.001760,0.727103
5.326000,-6.505412,-1.082469,-2.545129,-6.413393,-0.440433,-4.033613,4.033613,3.000000,6.428498,-0.004988,-0.000343,0.051711,0.004398,-0.018634,0.435075,-0.005952,0.517984,0.210862,-0.015924,0.547611,-0.001720,0.691397
5.336000,-6.297867,-1.144738,-2.722603,-6.205848,-0.502702,-4.211087,4.211087,3.000000,6.226175,-0.004984,-0.000404,0.050220,0.006257,-0.017761,0.435581,-0.005892,0.517808,0.210812,-0.015927,0.547811,-0.001520,0.690767
5.346000,-6.434794,-1.156437,-2.707084,-6.342775,-0.514401,-4.195568,4.195568,3.000000,6.363600,-0.004984,-0.000404,0.050022,0.005290,-0.016439,0.436082,-0.005830,0.517638,0.210763,-0.015932,0.548011,-0.001320,0.686203
5.356000,-6.330325,-1.131259,-2.875876,-6.238306,-0.489223,-4.364360,4.364360,3.000000,6.257460,-0.004985,-0.000391,0.049620,0.006285,-0.012876,0.436578,-0.005768,0.517499,0.210713,-0.015935,0.548211,-0.001120,0.662072
5.366000,-6.368256,-1.126261,-2.905102,-6.276236,-0.484225,-4.393586,4.393586,3.000000,6.294888,-0.004985,-0.000385,0.048934,0.006486,-0.011353,0.437057,-0.005702,0.517379,0.210663,-0.015939,0.548411,-0.000920,0.654917
5.376000,-6.843850,-1.055230,-2.877644,-6.751830,-0.413194,-4.366127,4.366127,3.000000,6.764462,-0.004991,-0.000305,0.049497,0.006539,-0.011381,0.437558,-0.005637,0.517259,0.210613,-0.015943,0.548611,-0.000720,0.660916
5.386000,-7.104331,-0.961608,-2.791356,-7.012312,-0.319572,-4.279840,4.279840,3.000000,7.019590,-0.004995,-0.000228,0.048652,0.006434,-0.010745,0.438046,-0.005576,0.517152,0.210563,-0.015946,0.548811,-0.000520,0.661028
5.396000,-7.089079,-0.911152,-2.724606,-6.997060,-0.269117,-4.213090,4.213090,3.000000,7.002233,-0.004996,-0.000192,0.047417,0.005879,-0.008211,0.438523,-0.005513,0.517073,0.210513,-0.015948,0.549011,-0.000320,0.644557
5.406000,-7.219473,-0.876254,-2.514197,-7.127454,-0.234218,-4.002681,4.002681,3.000000,7.131301,-0.004997,-0.000164,0.046216,0.006150,-0.008673,0.438989,-0.005454,0.516986,0.210463,-0.015949,0.549211,-0.000120,0.653650
5.416000,-7.239381,-0.753335,-2.485165,-7.147362,-0.111299,-3.973649,3.973649,3.000000,7.148228,-0.004999,-0.000078,0.044691,0.005266,-0.007848,0.439443,-0.005408,0.516911,0.210413,-0.015951,0.549211,-0.000120,0.648003
5.426000,-7.208549,-0.683562,-2.621133,-7.116529,-0.041526,-4.109617,4.109617,3.000000,7.116650,-0.005000,-0.000029,0.045409,0.004424,-0.006154,0.439891,-0.005361,0.516846,0.210363,-0.015951,0.549391,0.000060,0.638027
5.436000,-7.448524,-0.699949,-2.414014,-7.356505,-0.057913,-3.902498,3.902498,3.000000,7.356733,-0.005000,-0.000039,0.045995,0.003968,-0.006934,0.440349,-0.005323,0.516767,0.210313,-0.015951,0.549531,0.000200,0.648595
5.446000,-7.596896,-0.688137,-2.249296,-7.504877,-0.046102,-3.737780,3.737780,3.000000,7.505019,-0.005000,-0.000031,0.045570,0.004073,-0.005602,0.440797,-0.005287,0.516700,0.210263,-0.015952,0.549531,0.000200,0.638503
5.456000,-7.706393,-0.618628,-2.237506,-7.614374,0.023407,-3.725990,3.725990,3.000000,7.614410,-0.005000,0.000015,0.046886,0.001508,-0.006605,0.441275,-0.005265,0.516626,0.210213,-0.015952,0.549531,0.000200,0.648345
5.466000,-7.842548,-0.531081,-2.078199,-7.750529,0.110954,-3.566682,3.566682,3.000000,7.751323,-0.004999,0.000072,0.048053,0.000407,-0.007173,0.441757,-0.005250,0.516547,0.210163,-0.015951,0.549531,0.000200,0.654577
5.476000,-7.384576,-0.543610,-2.058995,-7.292557,0.098426,-3.547479,3.547479,3.000000,7.293221,-0.005000,0.000067,0.047829,0.000677,-0.005436,0.442239,-0.005241,0.516496,0.210113,-0.015951,0.549531,0.000200,0.640752
5.486000,-6.820655,-0.527005,-2.069143,-6.728636,0.115031,-3.557626,3.557626,3.000000,6.729619,-0.004999,0.000085,0.047222,-0.000798,-0.004983,0.442716,-0.005241,0.516430,0.210063,-0.015950,0.549531,0.000200,0.638102
5.496000,-6.552883,-0.475541,-2.098715,-6.460863,0.166495,-3.587199,3.587199,3.000000,6.463008,-0.004998,0.000129,0.048084,-0.001468,-0.002509,0.443202,-0.005253,0.516402,0.210013,-0.015949,0.549531,0.000200,0.617619
5.506000,-6.353423,-0.469027,-2.123266,-6.261404,0.173009,-3.611750,3.611750,3.000000,6.263794,-0.004998,0.000138,0.048628,-0.002346,-0.001168,0.443679,-0.005274,0.516388,0.209963,-0.015947,0.549531,0.000200,0.606487
5.516000,-6.503466,-0.362441,-2.162424,-6.411447,0.279595,-3.650908,3.650908,3.000000,6.417540,-0.004995,0.000218,0.049223,-0.002985,-0.004233,0.444167,-0.005300,0.516363,0.209913,-0.015946,0.549531,0.000200,0.632952
5.526000,-6.951173,-0.371812,-2.168259,-6.859154,0.270223,-3.656743,3.656743,3.000000,6.864474,-0.004996,0.000197,0.048865,-0.003261,-0.004263,0.444669,-0.005334,0.516315,0.209863,-0.015943,0.549531,0.000200,0.634069
5.536000,-7.086774,-0.418597,-2.233191,-6.994755,0.223439,-3.721675,3.721675,3.000000,6.998322,-0.004997,0.000160,0.049475,-0.003081,-0.004241,0.445159,-0.005366,0.516264,0.209813,-0.015942,0.549531,0.000200,0.634793
5.546000,-7.538723,-0.431527,-2.293446,-7.446703,0.210509,-3.781929,3.781929,3.000000,7.449678,-0.004998,0.000141,0.051482,-0.003633,-0.008313,0.445665,-0.005398,0.516199,0.209763,-0.015940,0.549531,0.000200,0.670523
5.556000,-8.098225,-0.369425,-2.265082,-8.006206,0.272611,-3.753565,3.753565,3.000000,8.010846,-0.004997,0.000170,0.052086,-0.003819,-0.006306,0.446187,-0.005435,0.516129,0.209713,-0.015939,0.549531,0.000200,0.654748
5.566000,-7.898221,-0.459276,-2.378318,-7.806202,0.182760,-3.866801,3.866801,3.000000,7.808341,-0.004999,0.000117,0.051913,-0.002904,-0.003752,0.446705,-0.005468,0.516082,0.209663,-0.015937,0.549531,0.000200,0.633925
5.576000,-7.898534,-0.523097,-2.428147,-7.806514,0.118938,-3.916631,3.916631,3.000000,7.807420,-0.004999,0.000076,0.052837,-0.002590,-0.003286,0.447229,-0.005499,0.516041,0.209613,-0.015936,0.549531,0.000200,0.630699
5.586000,-7.987255,-0.457355,-2.546873,-7.895236,0.184681,-4.035357,4.035357,3.000000,7.897396,-0.004999,0.000117,0.053754,-0.002818,-0.001928,0.447773,-0.005535,0.516020,0.209563,-0.015935,0.549651,0.000320,0.621719
5.596000,-8.337576,-0.421035,-2.190222,-8.245556,0.221001,-3.678706,3.678706,3.000000,8.248518,-0.004998,0.000134,0.056218,-0.003382,-0.004810,0.448331,-0.005574,0.515972,0.209514,-0.015934,0.549691,0.000360,0.647755
5.606000,-8.512546,-0.392158,-1.770740,-8.420527,0.249878,-3.259224,3.259224,3.000000,8.424233,-0.004998,0.000148,0.054238,-0.003896,-0.008416,0.448882,-0.005609,0.515900,0.209464,-0.015933,0.549691,0.000360,0.679662
5.616000,-8.369221,-0.409117,-1.598383,-8.277202,0.232919,-3.086867,3.086867,3.000000,8.280478,-0.004998,0.000141,0.055478,-0.003727,-0.010262,0.449430,-0.005644,0.515805,0.209414,-0.015931,0.549691,0.000360,0.697032
5.626000,-8.168046,-0.433845,-1.338164,-8.076027,0.208191,-2.826648,2.826648,3.000000,8.078710,-0.004998,0.000129,0.054375,-0.003249,-0.012118,0.449978,-0.005681,0.515684,0.209364,-0.015930,0.549691,0.000360,0.714943
5.636000,-7.561333,-0.507503,-1.470205,-7.469314,0.134533,-2.958688,2.958688,3.000000,7.470525,-0.004999,0.000090,0.054310,-0.003408,-0.010646,0.450519,-0.005717,0.515584,0.209314,-0.015929,0.549691,0.000360,0.704270
5.646000,-7.231981,-0.548640,-1.738025,-7.139961,0.093396,-3.226509,3.226509,3.000000,7.140572,-0.005000,0.000065,0.054806,-0.002933,-0.008145,0.451063,-0.005748,0.515508,0.209264,-0.015928,0.549691,0.000360,0.684416
5.656000,-6.727966,-0.551362,-1.874054,-6.635947,0.090674,-3.362538,3.362538,3.000000,6.636566,-0.005000,0.000068,0.054127,-0.003809,-0.003722,0.451608,-0.005786,0.515448,0.209214,-0.015927,0.549691,0.000360,0.647952
5.666000,-6.348309,-0.576533,-2.029200,-6.256290,0.065502,-3.517683,3.517683,3.000000,6.256633,-0.005000,0.000052,0.054303,-0.003163,-0.006831,0.452136,-0.005819,0.515393,0.209164,-0.015927,0.549691,0.000360,0.675336
5.676000,-6.639525,-0.571402,-1.946150,-6.547506,0.070634,-3.434634,3.434634,3.000000,6.547887,-0.005000,0.000054,0.055143,-0.002420,-0.002686,0.452701,-0.005851,0.515347,0.209114,-0.015926,0.549691,0.000360,0.640988
5.686000,-6.516235,-0.569834,-1.912509,-6.424215,0.072202,-3.400992,3.400992,3.000000,6.424621,-0.005000,0.000056,0.054743,-0.003446,-0.005028,0.453251,-0.005894,0.515293,0.209064,-0.015926,0.549691,0.000360,0.661827
5.696000,-6.972750,-0.496547,-1.810647,-6.880731,0.145489,-3.299131,3.299131,3.000000,6.882269,-0.004999,0.000106,0.054865,-0.002528,-0.008606,0.453803,-0.005925,0.515206,0.209014,-0.015925,0.549691,0.000360,0.693755
5.706000,-7.123534,-0.551291,-1.899755,-7.031515,0.090744,-3.388239,3.388239,3.000000,7.032100,-0.005000,0.000065,0.053856,-0.003258,-0.008840,0.454340,-0.005962,0.515119,0.208964,-0.015924,0.549691,0.000360,0.697307
5.716000,-7.302521,-0.499191,-1.934905,-7.210501,0.142845,-3.423389,3.423389,3.000000,7.211916,-0.004999,0.000099,0.053843,-0.003400,-0.010636,0.454879,-0.005997,0.515021,0.208914,-0.015923,0.549691,0.000360,0.714319
5.726000,-7.835817,-0.464477,-2.299713,-7.743798,0.177559,-3.788197,3.788197,3.000000,7.745833,-0.004999,0.000115,0.054659,-0.002228,-0.006320,0.455423,-0.006030,0.514954,0.208864,-0.015922,0.549691,0.000360,0.678903
5.736000,-7.996374,-0.496010,-2.731410,-7.904355,0.146026,-4.219894,4.219894,3.000000,7.905703,-0.004999,0.000092,0.056128,-0.003477,-0.004653,0.455979,-0.006062,0.514905,0.208814,-0.015921,0.549831,0.000500,0.668154
5.746000,-8.364655,-0.493254,-2.737000,-8.272635,0.148782,-4.225484,4.225484,3.000000,8.273973,-0.004999,0.000090,0.057119,-0.002966,-0.002445,0.456534,-0.006094,0.514872,0.208764,-0.015920,0.550031,0.000700,0.653615
5.756000,-8.320193,-0.531391,-2.860103,-8.228174,0.110645,-4.348587,4.348587,3.000000,8.228918,-0.005000,0.000067,0.058653,-0.002599,-0.001047,0.457131,-0.006127,0.514864,0.208714,-0.015920,0.550231,0.000900,0.645497
5.766000,-8.392323,-0.528039,-2.217348,-8.300304,0.113997,-3.705832,3.705832,3.000000,8.301087,-0.005000,0.000069,0.058785,-0.003235,-0.004392,0.457729,-0.006163,0.514820,0.208664,-0.015919,0.550351,0.001020,0.676828
5.776000,-7.687737,-0.541291,-2.073996,-7.595718,0.100745,-3.562479,3.562479,3.000000,7.596386,-0.005000,0.000066,0.057218,-0.004721,-0.003552,0.458305,-0.006202,0.514795,0.208614,-0.015918,0.550351,0.001020,0.670153
5.786000,-6.937813,-0.618237,-2.147451,-6.845794,0.023799,-3.635935,3.635935,3.000000,6.845835,-0.005000,0.000017,0.056502,-0.001923,-0.001510,0.458868,-0.006226,0.514773,0.208564,-0.015918,0.550351,0.001020,0.653222
5.796000,-6.490434,-0.687555,-2.069827,-6.398414,-0.045519,-3.558311,3.558311,3.000000,6.398576,-0.005000,-0.000036,0.055659,-0.003652,-0.001148,0.459426,-0.006262,0.514757,0.208514,-0.015918,0.550351,0.001020,0.650434
5.806000,-6.472173,-0.687161,-2.323043,-6.380154,-0.045125,-3.811527,3.811527,3.000000,6.380313,-0.005000,-0.000035,0.056847,-0.003186,0.001240,0.459994,-0.006291,0.514773,0.208464,-0.015918,0.550351,0.001020,0.629892
5.816000,-7.023699,-0.671281,-2.331958,-6.931680,-0.029245,-3.820442,3.820442,3.000000,6.931742,-0.005000,-0.000021,0.058600,-0.001994,0.001485,0.460568,-0.006313,0.514779,0.208414,-0.015918,0.550351,0.001020,0.627700
5.826000,-7.388801,-0.666700,-2.117665,-7.296781,-0.024664,-3.606149,3.606149,3.000000,7.296823,-0.005000,-0.000017,0.059705,-0.002535,-0.001232,0.461169,-0.006338,0.514769,0.208364,-0.015919,0.550351,0.001020,0.650930
5.836000,-7.756002,-0.665263,-2.080972,-7.663983,-0.023227,-3.569456,3.569456,3.000000,7.664018,-0.005000,-0.000015,0.061603,-0.002763,-0.000617,0.461781,-0.006362,0.514765,0.208314,-0.015919,0.550351,0.001020,0.645790
5.846000,-7.935714,-0.629992,-1.816606,-7.843695,0.012044,-3.305090,3.305090,3.000000,7.843704,-0.005000,0.000008,0.060293,-0.002741,-0.004130,0.462392,-0.006386,0.514724,0.208264,-0.015919,0.550351,0.001020,0.676328
5.856000,-7.703550,-0.597366,-1.846854,-7.611530,0.044669,-3.335338,3.335338,3.000000,7.611661,-0.005000,0.000029,0.058167,-0.002484,-0.002920,0.462980,-0.006412,0.514690,0.208214,-0.015919,0.550351,0.001020,0.666684
5.866000,-7.576768,-0.576138,-2.187295,-7.484749,0.065898,-3.675779,3.675779,3.000000,7.485039,-0.005000,0.000044,0.058251,-0.002987,-0.003009,0.463558,-0.006441,0.514660,0.208164,-0.015918,0.550351,0.001020,0.667979
5.876000,-7.912817,-0.535333,-2.496144,-7.820797,0.106703,-3.984628,3.984628,3.000000,7.821525,-0.005000,0.000068,0.059531,-0.003329,-0.000677,0.464149,-0.006471,0.514645,0.208114,-0.015918,0.550351,0.001020,0.648462
5.886000,-8.729383,-0.481090,-2.877371,-8.637363,0.160946,-4.365855,4.365855,3.000000,8.638863,-0.004999,0.000093,0.062089,-0.002047,-0.000282,0.464762,-0.006497,0.514649,0.208064,-0.015917,0.550551,0.001220,0.648630
5.896000,-9.207926,-0.467988,-3.000460,-9.115907,0.174048,-4.488944,4.488944,3.000000,9.117568,-0.004999,0.000095,0.063455,-0.002833,0.001387,0.465382,-0.006525,0.514669,0.208014,-0.015916,0.550751,0.001420,0.637708
5.906000,-9.270120,-0.450900,-2.998753,-9.178101,0.191136,-4.487236,4.487236,3.000000,9.180091,-0.004999,0.000104,0.064991,-0.003551,0.003554,0.466048,-0.006555,0.514703,0.207964,-0.015915,0.550951,0.001620,0.622306
5.916000,-8.716901,-0.496875,-2.592865,-8.624882,0.145161,-4.081349,4.081349,3.000000,8.626104,-0.004999,0.000084,0.063756,-0.002340,0.003965,0.466691,-0.006582,0.514733,0.207914,-0.015914,0.551151,0.001820,0.621876
5.926000,-7.410259,-0.606831,-2.489490,-7.318240,0.035205,-3.977973,3.977973,3.000000,7.318325,-0.005000,0.000024,0.060611,-0.002328,0.004684,0.467302,-0.006608,0.514773,0.207864,-0.015913,0.551211,0.001880,0.616147
5.936000,-6.596471,-0.722924,-2.593414,-6.504451,-0.080888,-4.081898,4.081898,3.000000,6.504954,-0.005000,-0.000062,0.059188,-0.001741,0.006194,0.467902,-0.006629,0.514837,0.207814,-0.015914,0.551391,0.002060,0.605417
5.946000,-6.002573,-0.764602,-2.669359,-5.910553,-0.122566,-4.157843,4.157843,3.000000,5.911824,-0.004999,-0.000104,0.059383,-0.002459,0.008840,0.468491,-0.006653,0.514922,0.207764,-0.015915,0.551591,0.002260,0.585040
5.956000,-6.628267,-0.780038,-2.584234,-6.536248,-0.138002,-4.072718,4.072718,3.000000,6.537705,-0.004999,-0.000106,0.062103,-0.001723,0.007844,0.469108,-0.006670,0.514998,0.207714,-0.015916,0.551791,0.002460,0.595717
5.966000,-7.345826,-0.750438,-2.383707,-7.253807,-0.108402,-3.872191,3.872191,3.000000,7.254617,-0.004999,-0.000075,0.062699,-0.001029,0.003506,0.469725,-0.006685,0.515060,0.207664,-0.015916,0.551891,0.002560,0.633220
5.976000,-8.090750,-0.709592,-2.016251,-7.998731,-0.067556,-3.504735,3.504735,3.000000,7.999016,-0.005000,-0.000042,0.064807,-0.001536,0.001014,0.470369,-0.006704,0.515079,0.207614,-0.015917,0.551891,0.002560,0.654021
5.986000,-8.360856,-0.678911,-1.731094,-8.268837,-0.036875,-3.219578,3.219578,3.000000,8.268919,-0.005000,-0.000022,0.062752,-0.001759,-0.000452,0.471006,-0.006720,0.515077,0.207564,-0.015917,0.551891,0.002560,0.666499
5.996000,-7.856585,-0.658561,-1.841490,-7.764566,-0.016525,-3.329974,3.329974,3.000000,7.764584,-0.005000,-0.000011,0.060258,-0.001740,-0.000161,0.471613,-0.006737,0.515079,0.207514,-0.015918,0.551891,0.002560,0.663986
6.006000,-7.640437,-0.656889,-2.195224,-7.548418,-0.014853,-3.683708,3.683708,3.000000,7.548432,-0.005000,-0.000010,0.058954,-0.002375,0.003854,0.472208,-0.006759,0.515102,0.207464,-0.015918,0.551891,0.002560,0.629506
6.016000,-7.671390,-0.655710,-2.585944,-7.579370,-0.013675,-4.074428,4.074428,3.000000,7.579383,-0.005000,-0.000009,0.059466,-0.001423,0.003364,0.472800,-0.006776,0.515130,0.207414,-0.015918,0.551951,0.002620,0.634238
6.026000,-8.366692,-0.635250,-2.878644,-8.274672,0.006786,-4.367128,4.367128,3.000000,8.274675,-0.005000,0.000004,0.061511,-0.000775,0.005849,0.473417,-0.006791,0.515181,0.207364,-0.015918,0.552151,0.002820,0.615844
6.036000,-9.000830,-0.608172,-2.894277,-8.908810,0.033863,-4.382761,4.382761,3.000000,8.908875,-0.005000,0.000019,0.064600,-0.002011,0.005968,0.474056,-0.006809,0.515236,0.207314,-0.015918,0.552351,0.003020,0.617434
6.046000,-9.488410,-0.513537,-2.474942,-9.396390,0.128499,-3.963425,3.963425,3.000000,9.397269,-0.005000,0.000068,0.066154,-0.001927,0.003304,0.474722,-0.006831,0.515268,0.207264,-0.015917,0.552531,0.003200,0.642698
6.056000,-8.734806,-0.534158,-2.107552,-8.642787,0.107878,-3.596036,3.596036,3.000000,8.643460,-0.005000,0.000062,0.063514,-0.001686,0.003423,0.475350,-0.006851,0.515302,0.207214,-0.015916,0.552531,0.003200,0.641085
6.066000,-7.369014,-0.648605,-2.110069,-7.276995,-0.006569,-3.598553,3.598553,3.000000,7.276998,-0.005000,-0.000005,0.060640,-0.001958,0.005685,0.475972,-0.006871,0.515357,0.207164,-0.015916,0.552531,0.003200,0.620897
6.076000,-6.158589,-0.773939,-2.274917,-6.066569,-0.131904,-3.763401,3.763401,3.000000,6.068003,-0.004999,-0.000109,0.058556,-0.001904,0.008198,0.476565,-0.006885,0.515431,0.207114,-0.015917,0.552531,0.003200,0.598241
6.086000,-5.806305,-0.830513,-2.394094,-5.714285,-0.188477,-3.882578,3.882578,3.000000,5.717393,-0.004997,-0.000165,0.059585,-0.000838,0.009745,0.477158,-0.006896,0.515525,0.207064,-0.015918,0.552531,0.003200,0.583426
6.096000,-6.689159,-0.785751,-2.265036,-6.597139,-0.143715,-3.753520,3.753520,3.000000,6.598704,-0.004999,-0.000109,0.061543,-0.001720,0.006846,0.477771,-0.006907,0.515592,0.207014,-0.015920,0.552531,0.003200,0.606816
6.106000,-7.639151,-0.775337,-1.950170,-7.547132,-0.133302,-3.438654,3.438654,3.000000,7.548309,-0.004999,-0.000088,0.063382,-0.000333,0.002976,0.478395,-0.006910,0.515626,0.206964,-0.015921,0.552531,0.003200,0.639031
6.116000,-8.418475,-0.767095,-1.722616,-8.326456,-0.125059,-3.211100,3.211100,3.000000,8.327395,-0.004999,-0.000075,0.065498,0.000002,0.001689,0.479051,-0.006913,0.515641,0.206914,-0.015921,0.552531,0.003200,0.649692
6.126000,-8.628869,-0.824616,-1.506020,-8.536850,-0.182580,-2.994504,2.994504,3.000000,8.538802,-0.004999,-0.000107,0.063449,0.001230,-0.004200,0.479690,-0.006909,0.515609,0.206864,-0.015922,0.552531,0.003200,0.700244
6.136000,-8.082142,-0.803667,-1.614434,-7.990123,-0.161631,-3.102918,3.102918,3.000000,7.991758,-0.004999,-0.000101,0.059678,-0.000699,-0.000425,0.480280,-0.006915,0.515598,0.206814,-0.015923,0.552531,0.003200,0.668398
6.146000,-7.514268,-0.767660,-2.227285,-7.422248,-0.125624,-3.715768,3.715768,3.000000,7.423311,-0.004999,-0.000085,0.059438,-0.000107,0.002455,0.480892,-0.006914,0.515620,0.206764,-0.015924,0.552531,0.003200,0.643563
6.156000,-7.718447,-0.735213,-2.649382,-7.626427,-0.093177,-4.137865,4.137865,3.000000,7.626996,-0.005000,-0.000061,0.060881,0.000170,0.004850,0.481494,-0.006918,0.515656,0.206714,-0.015925,0.552611,0.003280,0.624037
6.166000,-8.448799,-0.749939,-2.959512,-8.356779,-0.107904,-4.447996,4.447996,3.000000,8.357476,-0.005000,-0.000065,0.063274,0.000211,0.004075,0.482125,-0.006916,0.515707,0.206664,-0.015926,0.552811,0.003480,0.633292
6.176000,-9.336339,-0.687776,-2.853233,-9.244320,-0.045741,-4.341717,4.341717,3.000000,9.244433,-0.005000,-0.000025,0.066143,-0.000431,0.004072,0.482778,-0.006916,0.515752,0.206614,-0.015926,0.553011,0.003680,0.636121
6.186000,-9.597186,-0.579624,-2.377262,-9.505167,0.062411,-3.865746,3.865746,3.000000,9.505372,-0.005000,0.000033,0.065862,0.000791,0.003916,0.483439,-0.006916,0.515779,0.206564,-0.015926,0.553151,0.003820,0.639463
6.196000,-8.858049,-0.690607,-1.975956,-8.766030,-0.048572,-3.464440,3.464440,3.000000,8.766165,-0.005000,-0.000028,0.063371,0.000370,-0.000361,0.484082,-0.006915,0.515778,0.206514,-0.015926,0.553151,0.003820,0.675790
6.206000,-7.563570,-0.700367,-2.201583,-7.471551,-0.058332,-3.690067,3.690067,3.000000,7.471779,-0.005000,-0.000039,0.061788,0.000270,0.006187,0.484697,-0.006917,0.515828,0.206464,-0.015926,0.553151,0.003820,0.619315
6.216000,-6.640314,-0.800751,-2.319131,-6.548294,-0.158715,-3.807615,3.807615,3.000000,6.550217,-0.004999,-0.000121,0.059875,-0.000052,0.005909,0.485298,-0.006917,0.515879,0.206414,-0.015927,0.553151,0.003820,0.620761
6.226000,-6.220942,-0.858172,-2.456416,-6.128923,-0.216136,-3.944900,3.944900,3.000000,6.132733,-0.004997,-0.000176,0.060593,-0.000085,0.006732,0.485898,-0.006912,0.515954,0.206364,-0.015929,0.553151,0.003820,0.612427
6.236000,-6.925275,-0.845944,-2.223815,-6.833255,-0.203908,-3.712299,3.712299,3.000000,6.836297,-0.004998,-0.000149,0.061294,0.001015,0.003401,0.486501,-0.006905,0.515992,0.206314,-0.015930,0.553151,0.003820,0.640001
6.246000,-7.698586,-0.764134,-1.950014,-7.606567,-0.122098,-3.438498,3.438498,3.000000,7.607547,-0.004999,-0.000080,0.063467,0.000179,0.002663,0.487140,-0.006905,0.516017,0.206264,-0.015932,0.553151,0.003820,0.645821
6.256000,-8.396293,-0.704233,-1.657753,-8.304273,-0.062197,-3.146237,3.146237,3.000000,8.304506,-0.005000,-0.000037,0.063861,0.000938,-0.004611,0.487781,-0.006904,0.515993,0.206214,-0.015932,0.553151,0.003820,0.707971
6.266000,-8.654764,-0.709650,-1.411227,-8.562745,-0.067614,-2.899711,2.899711,3.000000,8.563012,-0.005000,-0.000039,0.061601,0.000002,-0.003777,0.488400,-0.006900,0.515946,0.206164,-0.015932,0.553151,0.003820,0.701732
6.276000,-8.184852,-0.729033,-1.887950,-8.092833,-0.086997,-3.376434,3.376434,3.000000,8.093300,-0.005000,-0.000054,0.060591,-0.000187,-0.001455,0.489008,-0.006900,0.515919,0.206114,-0.015933,0.553151,0.003820,0.682532
6.286000,-8.134091,-0.708080,-2.214929,-8.042071,-0.066045,-3.703413,3.703413,3.000000,8.042342,-0.005000,-0.000041,0.060806,-0.000410,-0.002483,0.489609,-0.006905,0.515891,0.206064,-0.015933,0.553151,0.003820,0.691757
6.296000,-8.479297,-0.652728,-2.773472,-8.387277,-0.010693,-4.261956,4.261956,3.000000,8.387284,-0.005000,-0.000006,0.062570,0.000633,0.004716,0.490231,-0.006906,0.515931,0.206014,-0.015934,0.553231,0.003900,0.631380
6.306000,-8.969583,-0.689265,-2.960780,-8.877564,-0.047229,-4.449264,4.449264,3.000000,8.877689,-0.005000,-0.000027,0.064784,-0.000920,0.002706,0.490869,-0.006914,0.515961,0.205964,-0.015934,0.553431,0.004100,0.651493
6.316000,-9.510918,-0.689175,-2.643346,-9.418899,-0.047139,-4.131830,4.131830,3.000000,9.419017,-0.005000,-0.000025,0.067093,-0.001016,0.002725,0.491533,-0.006918,0.515989,0.205914,-0.015934,0.553631,0.004300,0.654433
6.326000,-9.670025,-0.614137,-2.063351,-9.578006,0.027899,-3.551835,3.551835,3.000000,9.578047,-0.005000,0.000015,0.065433,-0.000860,-0.004399,0.492199,-0.006931,0.515962,0.205864,-0.015934,0.553671,0.004340,0.716086
6.336000,-8.794809,-0.641326,-1.885994,-8.702790,0.000710,-3.374478,3.374478,3.000000,8.702790,-0.005000,0.000000,0.063461,-0.003094,0.000248,0.492836,-0.006949,0.515954,0.205814,-0.015934,0.553671,0.004340,0.676800
6.346000,-7.411167,-0.691668,-2.178051,-7.319147,-0.049633,-3.666534,3.666534,3.000000,7.319316,-0.005000,-0.000034,0.061580,-0.001115,0.001551,0.493453,-0.006960,0.515971,0.205764,-0.015934,0.553671,0.004340,0.665449
6.356000,-6.695400,-0.857143,-2.222417,-6.603381,-0.215108,-3.710901,3.710901,3.000000,6.606883,-0.004997,-0.000163,0.061049,-0.000466,0.006329,0.494064,-0.006973,0.516015,0.205714,-0.015935,0.553671,0.004340,0.624109
6.366000,-6.666673,-0.811892,-2.458050,-6.574654,-0.169856,-3.946534,3.946534,3.000000,6.576848,-0.004998,-0.000129,0.062248,-0.001796,0.002778,0.494674,-0.006991,0.516062,0.205664,-0.015937,0.553671,0.004340,0.653399
6.376000,-7.374908,-0.767951,-2.069479,-7.282888,-0.125915,-3.557963,3.557963,3.000000,7.283977,-0.004999,-0.000086,0.063157,-0.002487,0.002137,0.495309,-0.007010,0.516084,0.205614,-0.015938,0.553671,0.004340,0.658431
6.386000,-7.789264,-0.766586,-2.054543,-7.697244,-0.124550,-3.543027,3.543027,3.000000,7.698252,-0.004999,-0.000081,0.064446,-0.001677,0.001493,0.495946,-0.007025,0.516108,0.205564,-0.015939,0.553671,0.004340,0.663469
6.396000,-8.443547,-0.786820,-1.685476,-8.351528,-0.144784,-3.173960,3.173960,3.000000,8.352783,-0.004999,-0.000087,0.063583,-0.001592,-0.004753,0.496595,-0.007043,0.516064,0.205514,-0.015939,0.553671,0.004340,0.717255
6.406000,-8.399801,-0.766609,-1.789361,-8.307781,-0.124573,-3.277845,3.277845,3.000000,8.308715,-0.004999,-0.000075,0.061984,-0.002144,-0.001276,0.497209,-0.007057,0.516033,0.205464,-0.015940,0.553671,0.004340,0.688322
6.416000,-7.850058,-0.755710,-2.228656,-7.758038,-0.113675,-3.717140,3.717140,3.000000,7.758871,-0.004999,-0.000073,0.060004,-0.002541,-0.000951,0.497821,-0.007075,0.516020,0.205414,-0.015941,0.553671,0.004340,0.685797
6.426000,-7.890041,-0.811729,-2.650059,-7.798022,-0.169693,-4.138543,4.138543,3.000000,7.799868,-0.004999,-0.000109,0.061351,-0.002058,0.001831,0.498429,-0.007092,0.516038,0.205364,-0.015942,0.553751,0.004420,0.663294
6.436000,-8.291857,-0.835956,-3.017536,-8.199838,-0.193921,-4.506020,4.506020,3.000000,8.202130,-0.004999,-0.000118,0.062605,-0.001236,0.003253,0.499052,-0.007109,0.516083,0.205314,-0.015943,0.553951,0.004620,0.654018
6.446000,-8.940751,-0.766867,-2.899186,-8.848732,-0.124832,-4.387670,4.387670,3.000000,8.849612,-0.005000,-0.000071,0.064375,-0.001654,0.002886,0.499684,-0.007128,0.516123,0.205264,-0.015944,0.554151,0.004820,0.660012
6.456000,-9.070299,-0.797421,-2.321164,-8.978280,-0.155385,-3.809648,3.809648,3.000000,8.979624,-0.004999,-0.000087,0.062976,-0.000782,0.000109,0.500335,-0.007140,0.516130,0.205214,-0.015945,0.554271,0.004940,0.685627
6.466000,-8.847154,-0.833987,-1.795648,-8.755134,-0.191951,-3.284132,3.284132,3.000000,8.757238,-0.004999,-0.000110,0.062274,-0.002366,-0.003103,0.500946,-0.007156,0.516095,0.205164,-0.015946,0.554271,0.004940,0.713503
6.476000,-7.937106,-0.851856,-1.843272,-7.845086,-0.209820,-3.331756,3.331756,3.000000,7.847892,-0.004998,-0.000134,0.059793,-0.002122,-0.002013,0.501558,-0.007172,0.516072,0.205114,-0.015947,0.554271,0.004940,0.704668
6.486000,-6.942261,-0.936737,-1.962217,-6.850241,-0.294702,-3.450701,3.450701,3.000000,6.856577,-0.004995,-0.000215,0.059313,-0.000666,-0.001445,0.502146,-0.007183,0.516062,0.205064,-0.015949,0.554271,0.004940,0.700021
6.496000,-6.609674,-1.000360,-2.060513,-6.517654,-0.358324,-3.548997,3.548997,3.000000,6.527497,-0.004992,-0.000274,0.057981,-0.001514,0.002377,0.502729,-0.007197,0.516079,0.205014,-0.015951,0.554271,0.004940,0.667288
6.506000,-6.577565,-1.025465,-2.016677,-6.485546,-0.383429,-3.505161,3.505161,3.000000,6.496870,-0.004991,-0.000295,0.058441,0.000869,-0.001768,0.503308,-0.007201,0.516078,0.204964,-0.015954,0.554271,0.004940,0.702486
6.516000,-7.104751,-0.994814,-1.809281,-7.012732,-0.352778,-3.297765,3.297765,3.000000,7.021599,-0.004994,-0.000251,0.059184,0.000373,0.000125,0.503905,-0.007207,0.516070,0.204914,-0.015957,0.554271,0.004940,0.686563
6.526000,-7.311467,-0.998015,-1.814139,-7.219448,-0.355979,-3.302623,3.302623,3.000000,7.228219,-0.004994,-0.000246,0.058833,-0.000525,-0.000800,0.504500,-0.007215,0.516057,0.204864,-0.015959,0.554271,0.004940,0.694644
6.536000,-7.562115,-0.987832,-1.631058,-7.470096,-0.345796,-3.119542,3.119542,3.000000,7.478095,-0.004995,-0.000231,0.058673,-0.000028,-0.006914,0.505085,-0.007218,0.515995,0.204814,-0.015962,0.554271,0.004940,0.747649
6.546000,-7.737143,-1.073955,-1.683429,-7.645124,-0.431919,-3.171913,3.171913,3.000000,7.657315,-0.004992,-0.000282,0.056203,0.001013,-0.005100,0.505654,-0.007213,0.515937,0.204765,-0.015965,0.554271,0.004940,0.733295
6.556000,-7.543016,-1.145215,-1.965554,-7.450996,-0.503179,-3.454038,3.454038,3.000000,7.467967,-0.004989,-0.000337,0.055364,0.001091,-0.006136,0.506208,-0.007204,0.515873,0.204715,-0.015968,0.554271,0.004940,0.743232
6.566000,-8.053489,-1.010207,-2.261359,-7.961469,-0.368171,-3.749843,3.749843,3.000000,7.969978,-0.004995,-0.000231,0.057563,0.000392,-0.002109,0.506781,-0.007197,0.515839,0.204665,-0.015971,0.554271,0.004940,0.709678
6.576000,-8.602062,-1.062365,-2.567032,-8.510043,-0.420329,-4.055516,4.055516,3.000000,8.520417,-0.004994,-0.000247,0.058161,0.002381,-0.001690,0.507363,-0.007185,0.515814,0.204615,-0.015973,0.554331,0.005000,0.707644
6.586000,-8.976010,-1.074152,-2.544770,-8.883991,-0.432117,-4.033254,4.033254,3.000000,8.894493,-0.004994,-0.000243,0.060081,0.001133,0.000285,0.507960,-0.007172,0.515809,0.204565,-0.015975,0.554531,0.005200,0.694572
6.596000,-8.916617,-1.093691,-2.305499,-8.824597,-0.451656,-3.793983,3.793983,3.000000,8.836148,-0.004993,-0.000256,0.060361,0.002035,-0.001187,0.508565,-0.007149,0.515797,0.204515,-0.015978,0.554571,0.005240,0.708006
6.606000,-8.576211,-1.152451,-1.911380,-8.484191,-0.510416,-3.399864,3.399864,3.000000,8.499531,-0.004991,-0.000300,0.058591,0.002132,-0.006228,0.509142,-0.007129,0.515749,0.204465,-0.015981,0.554571,0.005240,0.751636
6.616000,-8.056035,-1.092458,-1.887728,-7.964015,-0.450422,-3.376212,3.376212,3.000000,7.976742,-0.004992,-0.000282,0.056340,0.002294,-0.002071,0.509709,-0.007110,0.515716,0.204415,-0.015983,0.554571,0.005240,0.716960
6.626000,-7.198782,-1.213854,-1.943787,-7.106763,-0.571818,-3.432271,3.432271,3.000000,7.129730,-0.004984,-0.000401,0.056095,0.002088,-0.002672,0.510281,-0.007087,0.515690,0.204365,-0.015987,0.554571,0.005240,0.722530
6.636000,-7.097199,-1.229310,-2.036225,-7.005180,-0.587274,-3.524709,3.524709,3.000000,7.029754,-0.004983,-0.000418,0.057580,0.003780,-0.000040,0.510850,-0.007052,0.515683,0.204315,-0.015991,0.554571,0.005240,0.700316
6.646000,-7.127445,-1.331328,-2.228506,-7.035426,-0.689292,-3.716990,3.716990,3.000000,7.069112,-0.004976,-0.000488,0.056164,0.003743,0.000478,0.511414,-0.007017,0.515687,0.204266,-0.015996,0.554571,0.005240,0.695861
6.656000,-7.270079,-1.271242,-2.095398,-7.178059,-0.629206,-3.583882,3.583882,3.000000,7.205584,-0.004981,-0.000437,0.057300,0.002965,-0.000416,0.511987,-0.006982,0.515678,0.204216,-0.016000,0.554571,0.005240,0.703603
6.666000,-7.433905,-1.241499,-2.215836,-7.341886,-0.599463,-3.704320,3.704320,3.000000,7.366318,-0.004983,-0.000407,0.058064,0.005037,0.000927,0.512561,-0.006940,0.515704,0.204166,-0.016004,0.554571,0.005240,0.691749
6.676000,-7.261637,-1.299460,-2.129500,-7.169618,-0.657425,-3.617984,3.617984,3.000000,7.199697,-0.004979,-0.000457,0.056623,0.004350,-0.000568,0.513137,-0.006894,0.515694,0.204116,-0.016009,0.554571,0.005240,0.704616
6.686000,-7.398661,-1.302722,-2.043601,-7.306642,-0.660687,-3.532085,3.532085,3.000000,7.336452,-0.004980,-0.000450,0.055969,0.005388,-0.001833,0.513698,-0.006843,0.515675,0.204066,-0.016013,0.554571,0.005240,0.715682
6.696000,-7.432465,-1.360767,-2.211878,-7.340445,-0.718732,-3.700362,3.700362,3.000000,7.375548,-0.004976,-0.000487,0.054661,0.004872,-0.001549,0.514237,-0.006787,0.515656,0.204017,-0.016018,0.554571,0.005240,0.713624
6.706000,-7.760486,-1.259703,-2.247156,-7.668467,-0.617668,-3.735640,3.735640,3.000000,7.693302,-0.004984,-0.000401,0.055858,0.004670,0.000594,0.514797,-0.006734,0.515641,0.203967,-0.016022,0.554571,0.005240,0.695695
6.716000,-8.229617,-1.145419,-2.587940,-8.137598,-0.503383,-4.076424,4.076424,3.000000,8.153152,-0.004990,-0.000309,0.057899,0.004448,0.001051,0.515385,-0.006683,0.515644,0.203917,-0.016026,0.554651,0.005320,0.693221
6.726000,-8.841208,-1.123980,-2.600111,-8.749189,-0.481944,-4.088595,4.088595,3.000000,8.762453,-0.004992,-0.000275,0.058529,0.005037,0.000966,0.515970,-0.006633,0.515649,0.203867,-0.016029,0.554851,0.005520,0.697438
6.736000,-9.130546,-1.117397,-2.690842,-9.038527,-0.475361,-4.179326,4.179326,3.000000,9.051018,-0.004993,-0.000263,0.059067,0.004757,0.001022,0.516560,-0.006581,0.515673,0.203817,-0.016031,0.555051,0.005720,0.700135
6.746000,-8.804352,-1.098947,-2.275204,-8.712332,-0.456911,-3.763688,3.763688,3.000000,8.724305,-0.004993,-0.000262,0.056640,0.005915,0.001418,0.517129,-0.006526,0.515678,0.203767,-0.016034,0.555131,0.005800,0.698127
6.756000,-8.125045,-1.001274,-2.106328,-8.033026,-0.359238,-3.594812,3.594812,3.000000,8.041055,-0.004995,-0.000223,0.054519,0.004020,-0.000826,0.517683,-0.006487,0.515672,0.203717,-0.016036,0.555131,0.005800,0.717271
6.766000,-7.663884,-1.012203,-2.022459,-7.571865,-0.370168,-3.510943,3.510943,3.000000,7.580907,-0.004994,-0.000244,0.053525,0.004018,-0.002090,0.518226,-0.006447,0.515665,0.203667,-0.016039,0.555131,0.005800,0.728126
6.776000,-7.388561,-1.015277,-1.894337,-7.296541,-0.373241,-3.382821,3.382821,3.000000,7.306081,-0.004993,-0.000255,0.054092,0.004477,-0.001269,0.518762,-0.006405,0.515654,0.203617,-0.016041,0.555131,0.005800,0.721354
6.786000,-7.547339,-1.059461,-1.988649,-7.455320,-0.417425,-3.477133,3.477133,3.000000,7.466997,-0.004992,-0.000280,0.054747,0.004633,-0.000671,0.519298,-0.006360,0.515656,0.203567,-0.016044,0.555131,0.005800,0.716247
6.796000,-7.927609,-1.133524,-1.875820,-7.835590,-0.491488,-3.364304,3.364304,3.000000,7.850989,-0.004990,-0.000313,0.056392,0.005193,-0.002903,0.519871,-0.006308,0.515631,0.203517,-0.016047,0.555131,0.005800,0.735635
6.806000,-7.768850,-1.085121,-1.941639,-7.676830,-0.443085,-3.430123,3.430123,3.000000,7.689607,-0.004992,-0.000288,0.055805,0.005538,0.001538,0.520428,-0.006264,0.515638,0.203468,-0.016050,0.555131,0.005800,0.697821
6.816000,-7.521946,-1.155627,-2.074889,-7.429926,-0.513591,-3.563373,3.563373,3.000000,7.447656,-0.004988,-0.000345,0.056014,0.005327,0.001821,0.520991,-0.006212,0.515654,0.203418,-0.016053,0.555131,0.005800,0.695136
6.826000,-7.163817,-1.118853,-2.050902,-7.071797,-0.476817,-3.539386,3.539386,3.000000,7.087854,-0.004989,-0.000336,0.054019,0.003665,0.002675,0.521533,-0.006167,0.515673,0.203368,-0.016056,0.555131,0.005800,0.687541
6.836000,-6.891577,-1.141090,-2.290813,-6.799558,-0.499054,-3.779297,3.779297,3.000000,6.817847,-0.004987,-0.000366,0.053288,0.004676,0.001720,0.522068,-0.006115,0.515694,0.203318,-0.016060,0.555131,0.005800,0.695282
6.846000,-7.432820,-1.070187,-2.291001,-7.340801,-0.428151,-3.779485,3.779485,3.000000,7.353276,-0.004992,-0.000291,0.055215,0.003841,-0.000554,0.522619,-0.006074,0.515697,0.203268,-0.016063,0.555131,0.005800,0.714514
6.856000,-8.170684,-0.923322,-2.311359,-8.078664,-0.281287,-3.799843,3.799843,3.000000,8.083560,-0.004997,-0.000174,0.056495,0.003385,0.000177,0.523176,-0.006038,0.515697,0.203218,-0.016066,0.555131,0.005800,0.708321
6.866000,-8.669423,-0.887101,-2.522843,-8.577403,-0.245065,-4.011327,4.011327,3.000000,8.580903,-0.004998,-0.000143,0.057341,0.002738,0.001134,0.523739,-0.006012,0.515718,0.203168,-0.016067,0.555171,0.005840,0.700542
6.876000,-9.193373,-0.790847,-2.574946,-9.101354,-0.148811,-4.063430,4.063430,3.000000,9.102571,-0.004999,-0.000082,0.059605,0.003490,0.003775,0.524341,-0.005989,0.515750,0.203118,-0.016068,0.555371,0.006040,0.681156
6.886000,-9.377777,-0.753829,-2.555024,-9.285758,-0.111793,-4.043508,4.043508,3.000000,9.286431,-0.005000,-0.000060,0.058738,0.002761,0.003262,0.524931,-0.005973,0.515788,0.203068,-0.016069,0.555571,0.006240,0.688419
6.896000,-8.833717,-0.661561,-2.279046,-8.741698,-0.019525,-3.767530,3.767530,3.000000,8.741720,-0.005000,-0.000011,0.056139,0.000744,0.002418,0.525503,-0.005977,0.515809,0.203018,-0.016069,0.555591,0.006260,0.695562
6.906000,-8.308554,-0.675738,-2.074719,-8.216535,-0.033702,-3.563203,3.563203,3.000000,8.216604,-0.005000,-0.000021,0.054049,0.000759,0.001683,0.526040,-0.005977,0.515822,0.202968,-0.016069,0.555591,0.006260,0.701566
6.916000,-7.928925,-0.670089,-1.895459,-7.836905,-0.028053,-3.383943,3.383943,3.000000,7.836956,-0.005000,-0.000018,0.054193,-0.001297,-0.002431,0.526573,-0.005991,0.515824,0.202918,-0.016070,0.555591,0.006260,0.736444
6.926000,-8.177515,-0.618002,-1.576452,-8.085496,0.024034,-3.064936,3.064936,3.000000,8.085532,-0.005000,0.000015,0.055073,-0.002092,-0.003043,0.527123,-0.006007,0.515783,0.202868,-0.016070,0.555591,0.006260,0.742378
6.936000,-8.300394,-0.655209,-1.661312,-8.208375,-0.013173,-3.149796,3.149796,3.000000,8.208385,-0.005000,-0.000008,0.054868,-0.000556,-0.003558,0.527671,-0.006013,0.515763,0.202818,-0.016069,0.555591,0.006260,0.747103
6.946000,-8.223463,-0.698967,-1.465062,-8.131444,-0.056931,-2.953546,2.953546,3.000000,8.131643,-0.005000,-0.000035,0.054550,-0.001145,-0.003910,0.528208,-0.006030,0.515725,0.202768,-0.016070,0.555591,0.006260,0.750758
6.956000,-7.769477,-0.839237,-1.700410,-7.677458,-0.197202,-3.188894,3.188894,3.000000,7.679990,-0.004998,-0.000128,0.054701,-0.001557,-0.000002,0.528763,-0.006048,0.515710,0.202718,-0.016071,0.555591,0.006260,0.717881
6.966000,-7.174456,-0.876392,-1.845887,-7.082437,-0.234356,-3.334371,3.334371,3.000000,7.086313,-0.004997,-0.000165,0.053674,-0.001499,0.001622,0.529305,-0.006061,0.515720,0.202668,-0.016072,0.555591,0.006260,0.703924
6.976000,-6.731686,-0.793073,-2.003184,-6.639666,-0.151037,-3.491668,3.491668,3.000000,6.641384,-0.004999,-0.000114,0.052139,-0.001950,-0.000380,0.529827,-0.006080,0.515728,0.202618,-0.016074,0.555591,0.006260,0.720762
6.986000,-6.655673,-0.856501,-2.290158,-6.563653,-0.214465,-3.778642,3.778642,3.000000,6.567156,-0.004997,-0.000163,0.050500,-0.000817,0.001103,0.530330,-0.006094,0.515747,0.202568,-0.016075,0.555591,0.006260,0.707831
6.996000,-6.827579,-0.915069,-2.395193,-6.735560,-0.273033,-3.883677,3.883677,3.000000,6.741091,-0.004996,-0.000203,0.050580,-0.001526,0.001681,0.530839,-0.006111,0.515765,0.202518,-0.016077,0.555591,0.006260,0.702609
7.006000,-7.824594,-0.871671,-2.459163,-7.732575,-0.229635,-3.947647,3.947647,3.000000,7.735984,-0.004998,-0.000148,0.053998,-0.001383,-0.000142,0.531376,-0.006126,0.515768,0.202468,-0.016079,0.555591,0.006260,0.718023
7.016000,-8.736133,-0.797841,-2.405657,-8.644114,-0.155805,-3.894141,3.894141,3.000000,8.645518,-0.004999,-0.000090,0.055192,-0.002609,0.000889,0.531924,-0.006145,0.515761,0.202418,-0.016080,0.555591,0.006260,0.709406
7.026000,-8.748128,-0.767138,-2.503109,-8.656108,-0.125102,-3.991593,3.991593,3.000000,8.657012,-0.004999,-0.000072,0.055365,-0.002328,0.002661,0.532476,-0.006165,0.515778,0.202368,-0.016081,0.555591,0.006260,0.694061
7.036000,-8.650082,-0.718174,-2.433374,-8.558062,-0.076138,-3.921857,3.921857,3.000000,8.558401,-0.005000,-0.000044,0.055226,-0.002648,0.000998,0.533028,-0.006192,0.515801,0.202318,-0.016081,0.555751,0.006420,0.710638
7.046000,-8.328872,-0.662536,-2.038604,-8.236853,-0.020501,-3.527088,3.527088,3.000000,8.236878,-0.005000,-0.000012,0.052929,-0.002564,0.000536,0.533568,-0.006229,0.515809,0.202268,-0.016082,0.555751,0.006420,0.714402
7.056000,-8.217277,-0.650139,-1.955249,-8.125258,-0.008103,-3.443733,3.443733,3.000000,8.125262,-0.005000,-0.000005,0.051977,-0.002431,-0.000941,0.534090,-0.006258,0.515807,0.202218,-0.016082,0.555751,0.006420,0.726975
7.066000,-8.163830,-0.677775,-1.939656,-8.071811,-0.035739,-3.428140,3.428140,3.000000,8.071890,-0.005000,-0.000022,0.051549,-0.002134,-0.001954,0.534601,-0.006286,0.515796,0.202168,-0.016082,0.555751,0.006420,0.735776
7.076000,-8.348464,-0.694619,-1.764570,-8.256444,-0.052583,-3.253054,3.253054,3.000000,8.256612,-0.005000,-0.000032,0.052331,-0.003052,-0.002806,0.535122,-0.006323,0.515761,0.202118,-0.016082,0.555751,0.006420,0.743631
7.086000,-8.756522,-0.652601,-1.707680,-8.664503,-0.010565,-3.196163,3.196163,3.000000,8.664509,-0.005000,-0.000006,0.053711,-0.003172,-0.004934,0.535655,-0.006358,0.515714,0.202068,-0.016082,0.555751,0.006420,0.762545
7.096000,-8.867726,-0.617082,-1.408080,-8.775707,0.024954,-2.896564,2.896564,3.000000,8.775742,-0.005000,0.000014,0.053468,-0.002543,-0.006710,0.536186,-0.006388,0.515638,0.202018,-0.016082,0.555751,0.006420,0.778971
7.106000,-8.281068,-0.696355,-1.634224,-8.189048,-0.054320,-3.122708,3.122708,3.000000,8.189229,-0.005000,-0.000033,0.053018,-0.002138,-0.004475,0.536702,-0.006417,0.515600,0.201968,-0.016082,0.555751,0.006420,0.760694
7.116000,-7.753850,-0.759585,-1.751126,-7.661830,-0.117549,-3.239610,3.239610,3.000000,7.662732,-0.004999,-0.000077,0.052828,-0.003538,-0.001124,0.537241,-0.006450,0.515580,0.201918,-0.016083,0.555751,0.006420,0.732617
7.126000,-7.002878,-0.815465,-2.064668,-6.910858,-0.173430,-3.553152,3.553152,3.000000,6.913034,-0.004998,-0.000125,0.049985,-0.002665,0.001328,0.537749,-0.006478,0.515583,0.201868,-0.016084,0.555751,0.006420,0.711754
7.136000,-6.686096,-0.887298,-2.369841,-6.594077,-0.245262,-3.858325,3.858325,3.000000,6.598637,-0.004997,-0.000186,0.049984,-0.002945,0.000370,0.538245,-0.006502,0.515591,0.201818,-0.016086,0.555751,0.006420,0.719745
7.146000,-6.922107,-0.847107,-2.546063,-6.830087,-0.205071,-4.034546,4.034546,3.000000,6.833165,-0.004998,-0.000150,0.050219,-0.002452,0.001959,0.538745,-0.006529,0.515608,0.201768,-0.016087,0.555811,0.006480,0.707043
7.156000,-7.358252,-0.756594,-2.807571,-7.266233,-0.114558,-4.296055,4.296055,3.000000,7.267136,-0.004999,-0.000079,0.050693,-0.002314,0.002832,0.539248,-0.006558,0.515637,0.201718,-0.016088,0.556011,0.006680,0.702710
7.166000,-8.123642,-0.737152,-2.798598,-8.031623,-0.095116,-4.287082,4.287082,3.000000,8.032186,-0.005000,-0.000059,0.053875,-0.002281,0.002983,0.539782,-0.006584,0.515667,0.201668,-0.016089,0.556211,0.006880,0.704475
7.176000,-8.599348,-0.719835,-2.747795,-8.507328,-0.077799,-4.236278,4.236278,3.000000,8.507684,-0.005000,-0.000046,0.055580,-0.003370,0.003598,0.540335,-0.006615,0.515704,0.201618,-0.016090,0.556411,0.007080,0.702201
7.186000,-8.617964,-0.623962,-2.455831,-8.525944,0.018074,-3.944315,3.944315,3.000000,8.525964,-0.005000,0.000011,0.055444,-0.003676,0.004446,0.540890,-0.006647,0.515747,0.201568,-0.016090,0.556571,0.007240,0.697110
7.196000,-7.961834,-0.602548,-2.068613,-7.869815,0.039487,-3.557097,3.557097,3.000000,7.869914,-0.005000,0.000025,0.052443,-0.003995,0.004080,0.541424,-0.006684,0.515771,0.201518,-0.016090,0.556571,0.007240,0.699793
7.206000,-7.931731,-0.570459,-1.782050,-7.839712,0.071576,-3.270534,3.270534,3.000000,7.840038,-0.005000,0.000046,0.051159,-0.004708,-0.001625,0.541937,-0.006723,0.515762,0.201468,-0.016089,0.556571,0.007240,0.748351
7.216000,-8.215675,-0.528374,-1.701959,-8.123656,0.113662,-3.190443,3.190443,3.000000,8.124451,-0.005000,0.000070,0.051244,-0.003513,-0.003787,0.542450,-0.006759,0.515745,0.201418,-0.016089,0.556571,0.007240,0.767011
7.226000,-8.729248,-0.579236,-1.521178,-8.637229,0.062800,-3.009662,3.009662,3.000000,8.637457,-0.005000,0.000036,0.052675,-0.002468,-0.005357,0.542967,-0.006794,0.515699,0.201368,-0.016088,0.556571,0.007240,0.781163
7.236000,-9.265611,-0.523541,-1.585979,-9.173592,0.118495,-3.074463,3.074463,3.000000,9.174357,-0.005000,0.000065,0.052184,-0.004068,-0.005383,0.543492,-0.006830,0.515648,0.201318,-0.016088,0.556571,0.007240,0.782299
7.246000,-9.404780,-0.469354,-1.465184,-9.312761,0.172682,-2.953668,2.953668,3.000000,9.314362,-0.004999,0.000093,0.052279,-0.004495,-0.007995,0.544019,-0.006871,0.515573,0.201268,-0.016087,0.556571,0.007240,0.805813
7.256000,-9.316917,-0.500400,-1.353629,-9.224898,0.141636,-2.842113,2.842113,3.000000,9.225985,-0.004999,0.000077,0.053903,-0.003849,-0.007287,0.544555,-0.006910,0.515495,0.201218,-0.016086,0.556571,0.007240,0.801203
7.266000,-8.656327,-0.592087,-1.640821,-8.564308,0.049949,-3.129305,3.129305,3.000000,8.564454,-0.005000,0.000029,0.053571,-0.003520,-0.002209,0.545080,-0.006941,0.515457,0.201168,-0.016085,0.556571,0.007240,0.758800
7.276000,-7.570205,-0.537011,-1.899075,-7.478186,0.105025,-3.387559,3.387559,3.000000,7.478923,-0.005000,0.000070,0.051004,-0.004858,-0.001292,0.545600,-0.006983,0.515431,0.201118,-0.016085,0.556571,0.007240,0.751485
7.286000,-7.064948,-0.588752,-2.301273,-6.972929,0.053284,-3.789757,3.789757,3.000000,6.973133,-0.005000,0.000038,0.050179,-0.004099,0.000110,0.546103,-0.007018,0.515433,0.201068,-0.016084,0.556571,0.007240,0.739554
7.296000,-7.034644,-0.647763,-2.592051,-6.942624,-0.005727,-4.080535,4.080535,3.000000,6.942627,-0.005000,-0.000004,0.049518,-0.004646,0.001935,0.546598,-0.007055,0.515439,0.201018,-0.016084,0.556631,0.007300,0.725038
7.306000,-7.435412,-0.588749,-2.897814,-7.343393,0.053287,-4.386298,4.386298,3.000000,7.343586,-0.005000,0.000036,0.051514,-0.004611,0.003225,0.547108,-0.007093,0.515466,0.200968,-0.016084,0.556831,0.007500,0.717207
7.316000,-8.514168,-0.572429,-3.027401,-8.422149,0.069607,-4.515885,4.515885,3.000000,8.422436,-0.005000,0.000041,0.053903,-0.002570,0.003912,0.547649,-0.007121,0.515496,0.200918,-0.016084,0.557031,0.007700,0.714436
7.326000,-8.684645,-0.543188,-3.127054,-8.592626,0.098847,-4.615538,4.615538,3.000000,8.593194,-0.005000,0.000058,0.054791,-0.004066,0.007594,0.548194,-0.007161,0.515565,0.200868,-0.016083,0.557231,0.007900,0.685562
7.336000,-8.616248,-0.543066,-3.139176,-8.524229,0.098969,-4.627660,4.627660,3.000000,8.524803,-0.005000,0.000058,0.057087,-0.003166,0.007258,0.548757,-0.007192,0.515648,0.200818,-0.016083,0.557431,0.008100,0.690509
7.346000,-8.585669,-0.531282,-2.535156,-8.493650,0.110754,-4.023640,4.023640,3.000000,8.494372,-0.005000,0.000065,0.055172,-0.003605,0.004110,0.549310,-0.007232,0.515697,0.200768,-0.016082,0.557631,0.008300,0.719946
7.356000,-8.015553,-0.592038,-2.216120,-7.923534,0.049998,-3.704604,3.704604,3.000000,7.923692,-0.005000,0.000032,0.053438,-0.004463,0.004964,0.549848,-0.007269,0.515737,0.200718,-0.016081,0.557631,0.008300,0.711972
7.366000,-7.787631,-0.607835,-2.198954,-7.695611,0.034200,-3.687437,3.687437,3.000000,7.695687,-0.005000,0.000022,0.052817,-0.002288,0.002986,0.550374,-0.007301,0.515777,0.200668,-0.016081,0.557631,0.008300,0.728036
7.376000,-8.479968,-0.593831,-1.983177,-8.387949,0.048204,-3.471661,3.471661,3.000000,8.388087,-0.005000,0.000029,0.054186,-0.004373,0.000428,0.550906,-0.007339,0.515791,0.200618,-0.016081,0.557631,0.008300,0.749491
7.386000,-9.527005,-0.497033,-1.859701,-9.434986,0.145003,-3.348185,3.348185,3.000000,9.436100,-0.004999,0.000077,0.055668,-0.004394,-0.002267,0.551454,-0.007376,0.515778,0.200568,-0.016080,0.557631,0.008300,0.772585
7.396000,-10.184436,-0.523573,-1.736462,-10.092417,0.118463,-3.224946,3.224946,3.000000,10.093112,-0.005000,0.000059,0.056507,-0.003332,-0.004280,0.552020,-0.007404,0.515739,0.200518,-0.016080,0.557631,0.008300,0.790366
7.406000,-9.997433,-0.592327,-1.699531,-9.905413,0.049708,-3.188015,3.188015,3.000000,9.905538,-0.005000,0.000025,0.055390,-0.002998,-0.002196,0.552575,-0.007426,0.515717,0.200468,-0.016079,0.557631,0.008300,0.773099
7.416000,-9.183851,-0.644009,-1.867335,-9.091831,-0.001974,-3.355819,3.355819,3.000000,9.091832,-0.005000,-0.000001,0.054641,-0.001562,-0.000998,0.553126,-0.007449,0.515709,0.200418,-0.016079,0.557631,0.008300,0.763072
7.426000,-8.386469,-0.692039,-2.024755,-8.294449,-0.050003,-3.513239,3.513239,3.000000,8.294600,-0.005000,-0.000030,0.051998,-0.002986,0.000027,0.553649,-0.007476,0.515707,0.200368,-0.016079,0.557631,0.008300,0.754409
7.436000,-7.469804,-0.724022,-2.578731,-7.377784,-0.081987,-4.067215,4.067215,3.000000,7.378240,-0.005000,-0.000056,0.050916,-0.001929,0.003295,0.554155,-0.007492,0.515745,0.200318,-0.016080,0.557671,0.008340,0.726707
7.446000,-7.317307,-0.797603,-2.964902,-7.225288,-0.155568,-4.453386,4.453386,3.000000,7.226963,-0.004999,-0.000108,0.051291,0.001263,0.005473,0.554665,-0.007497,0.515806,0.200268,-0.016081,0.557871,0.008540,0.710733
7.456000,-8.032042,-0.893814,-3.302428,-7.940023,-0.251778,-4.790912,4.790912,3.000000,7.944014,-0.004997,-0.000158,0.054032,0.000501,0.009824,0.555199,-0.007499,0.515901,0.200218,-0.016082,0.558071,0.008740,0.675697
7.466000,-8.519453,-0.831221,-3.545992,-8.427434,-0.189185,-5.034476,5.034476,3.000000,8.429557,-0.004999,-0.000112,0.055958,0.000561,0.012567,0.555756,-0.007497,0.516025,0.200168,-0.016083,0.558271,0.008940,0.653794
7.476000,-8.632864,-0.824333,-3.514034,-8.540845,-0.182297,-5.002518,5.002518,3.000000,8.542790,-0.004999,-0.000107,0.058375,0.000732,0.014531,0.556334,-0.007489,0.516181,0.200118,-0.016084,0.558471,0.009140,0.637922
7.486000,-8.169496,-0.874225,-3.195134,-8.077476,-0.232189,-4.683617,4.683617,3.000000,8.080813,-0.004998,-0.000144,0.055607,0.001003,0.016256,0.556899,-0.007474,0.516342,0.200068,-0.016086,0.558671,0.009340,0.623995
7.496000,-7.346072,-0.894220,-2.927338,-7.254053,-0.252184,-4.415822,4.415822,3.000000,7.258435,-0.004997,-0.000174,0.053663,0.000513,0.013623,0.557432,-0.007460,0.516487,0.200019,-0.016087,0.558871,0.009540,0.647310
7.506000,-7.252944,-0.889807,-2.564088,-7.160924,-0.247771,-4.052572,4.052572,3.000000,7.165210,-0.004997,-0.000173,0.053542,0.002383,0.012069,0.557953,-0.007438,0.516623,0.199969,-0.016089,0.559071,0.009740,0.661658
7.516000,-7.665152,-0.819561,-2.172930,-7.573133,-0.177525,-3.661414,3.661414,3.000000,7.575213,-0.004999,-0.000117,0.054052,0.000789,0.006834,0.558501,-0.007421,0.516705,0.199919,-0.016091,0.559091,0.009760,0.704964
7.526000,-8.372226,-0.787690,-1.930960,-8.280207,-0.145654,-3.419443,3.419443,3.000000,8.281488,-0.004999,-0.000088,0.054928,0.001717,0.007241,0.559050,-0.007399,0.516782,0.199869,-0.016092,0.559091,0.009760,0.700131
7.536000,-9.357836,-0.712018,-1.524804,-9.265816,-0.069982,-3.013288,3.013288,3.000000,9.266080,-0.005000,-0.000038,0.055240,0.002445,0.000237,0.559599,-0.007369,0.516788,0.199819,-0.016092,0.559091,0.009760,0.759440
7.546000,-10.015904,-0.748477,-1.271247,-9.923884,-0.106442,-2.759731,2.759731,3.000000,9.924455,-0.005000,-0.000054,0.056124,0.002997,0.000726,0.560161,-0.007338,0.516779,0.199769,-0.016093,0.559091,0.009760,0.755463
7.556000,-9.765062,-0.717987,-1.407775,-9.673043,-0.075951,-2.896259,2.896259,3.000000,9.673341,-0.005000,-0.000039,0.053536,0.003090,-0.001543,0.560709,-0.007308,0.516766,0.199719,-0.016093,0.559091,0.009760,0.774943
7.566000,-9.197263,-0.716533,-1.533338,-9.105244,-0.074497,-3.021822,3.021822,3.000000,9.105548,-0.005000,-0.000041,0.049882,0.002854,-0.000939,0.561219,-0.007281,0.516749,0.199669,-0.016094,0.559091,0.009760,0.770121
7.576000,-8.268781,-0.805290,-1.967058,-8.176762,-0.163254,-3.455542,3.455542,3.000000,8.178391,-0.004999,-0.000100,0.047702,0.003038,0.000462,0.561698,-0.007248,0.516754,0.199619,-0.016094,0.559091,0.009760,0.758151
7.586000,-8.055569,-0.792093,-2.174939,-7.963550,-0.150057,-3.663423,3.663423,3.000000,7.964964,-0.004999,-0.000094,0.047983,0.004562,0.000954,0.562177,-0.007217,0.516752,0.199569,-0.016095,0.559091,0.009760,0.754015
7.596000,-8.606607,-0.775250,-2.197921,-8.514588,-0.133214,-3.686405,3.686405,3.000000,8.515630,-0.004999,-0.000078,0.050294,0.002441,-0.001274,0.562664,-0.007190,0.516740,0.199519,-0.016096,0.559091,0.009760,0.773138
7.606000,-8.842965,-0.854349,-2.278471,-8.750945,-0.212313,-3.766955,3.766955,3.000000,8.753521,-0.004999,-0.000121,0.050881,0.004545,0.001196,0.563182,-0.007138,0.516744,0.199469,-0.016097,0.559091,0.009760,0.752097
7.616000,-8.361224,-0.895606,-2.504295,-8.269205,-0.253570,-3.992779,3.992779,3.000000,8.273092,-0.004998,-0.000153,0.052193,0.004616,0.001676,0.563693,-0.007094,0.516783,0.199419,-0.016098,0.559111,0.009780,0.747694
7.626000,-8.217480,-0.898794,-2.149750,-8.125461,-0.256758,-3.638234,3.638234,3.000000,8.129517,-0.004998,-0.000158,0.050628,0.004005,0.003074,0.564208,-0.007049,0.516810,0.199369,-0.016100,0.559111,0.009780,0.735326
7.636000,-7.470452,-0.970473,-2.141754,-7.378433,-0.328437,-3.630238,3.630238,3.000000,7.385739,-0.004995,-0.000222,0.047758,0.004972,0.003951,0.564697,-0.006998,0.516855,0.199319,-0.016102,0.559111,0.009780,0.727085
7.646000,-7.000802,-1.136642,-2.238224,-6.908783,-0.494606,-3.726708,3.726708,3.000000,6.926465,-0.004987,-0.000357,0.048536,0.006577,0.004491,0.565181,-0.006934,0.516906,0.199269,-0.016105,0.559111,0.009780,0.721588
7.656000,-7.130413,-1.170593,-2.115376,-7.038393,-0.528558,-3.603860,3.603860,3.000000,7.058212,-0.004986,-0.000374,0.048755,0.006881,0.003985,0.565663,-0.006864,0.516942,0.199219,-0.016109,0.559111,0.009780,0.725232
7.666000,-7.613324,-1.138223,-2.176506,-7.521304,-0.496187,-3.664990,3.664990,3.000000,7.537653,-0.004989,-0.000329,0.049321,0.007581,0.003878,0.566144,-0.006791,0.516978,0.199169,-0.016112,0.559111,0.009780,0.725499
7.676000,-8.254566,-1.104878,-1.931821,-8.162547,-0.462842,-3.420305,3.420305,3.000000,8.175659,-0.004992,-0.000283,0.050676,0.007001,0.000505,0.566663,-0.006717,0.516978,0.199119,-0.016115,0.559111,0.009780,0.754119
7.686000,-8.921414,-1.005696,-1.627994,-8.829395,-0.363660,-3.116478,3.116478,3.000000,8.836881,-0.004996,-0.000206,0.052897,0.008053,-0.004545,0.567184,-0.006644,0.516948,0.199069,-0.016118,0.559111,0.009780,0.797514
7.696000,-8.972756,-1.000535,-1.504395,-8.880737,-0.358499,-2.992879,2.992879,3.000000,8.887970,-0.004996,-0.000202,0.051492,0.008491,-0.003683,0.567704,-0.006565,0.516920,0.199019,-0.016120,0.559111,0.009780,0.790698
7.706000,-8.316543,-0.974400,-1.428136,-8.224524,-0.332364,-2.916620,2.916620,3.000000,8.231237,-0.004996,-0.000202,0.048769,0.006308,-0.002768,0.568193,-0.006502,0.516891,0.198969,-0.016122,0.559111,0.009780,0.783455
7.716000,-7.981794,-0.888434,-1.714317,-7.889775,-0.246399,-3.202801,3.202801,3.000000,7.893622,-0.004998,-0.000156,0.046294,0.004579,-0.002897,0.568664,-0.006439,0.516863,0.198919,-0.016123,0.559111,0.009780,0.785043
7.726000,-7.940179,-0.821791,-1.985386,-7.848160,-0.179755,-3.473870,3.473870,3.000000,7.850218,-0.004999,-0.000114,0.045115,0.003737,-0.003399,0.569108,-0.006385,0.516827,0.198869,-0.016125,0.559111,0.009780,0.789967
7.736000,-8.276701,-0.684596,-2.057644,-8.184682,-0.042560,-3.546127,3.546127,3.000000,8.184792,-0.005000,-0.000026,0.044779,0.005611,-0.004240,0.569555,-0.006327,0.516783,0.198819,-0.016125,0.559111,0.009780,0.797881
7.746000,-8.870040,-0.780414,-2.189619,-8.778021,-0.138378,-3.678103,3.678103,3.000000,8.779111,-0.004999,-0.000079,0.045460,0.006336,-0.004315,0.570020,-0.006264,0.516736,0.198769,-0.016126,0.559111,0.009780,0.799367
7.756000,-8.669129,-0.842375,-2.267137,-8.577110,-0.200339,-3.755621,3.755621,3.000000,8.579449,-0.004999,-0.000117,0.044387,0.006235,-0.000266,0.570465,-0.006206,0.516716,0.198719,-0.016127,0.559111,0.009780,0.765374
7.766000,-7.957352,-0.836754,-2.409678,-7.865333,-0.194718,-3.898162,3.898162,3.000000,7.867743,-0.004998,-0.000124,0.044695,0.007184,0.002604,0.570910,-0.006140,0.516736,0.198669,-0.016128,0.559111,0.009780,0.740663
7.776000,-7.560568,-0.809010,-2.320396,-7.468549,-0.166974,-3.808880,3.808880,3.000000,7.470415,-0.004999,-0.000112,0.044869,0.005355,0.001723,0.571360,-0.006088,0.516762,0.198619,-0.016129,0.559111,0.009780,0.747655
7.786000,-6.796516,-0.698506,-2.038617,-6.704496,-0.056470,-3.527101,3.527101,3.000000,6.704734,-0.005000,-0.000042,0.042768,0.004392,0.004653,0.571794,-0.006043,0.516801,0.198569,-0.016130,0.559111,0.009780,0.722101
7.796000,-6.252006,-0.736029,-2.075402,-6.159987,-0.093993,-3.563886,3.563886,3.000000,6.160704,-0.004999,-0.000076,0.040007,0.004414,0.005155,0.572199,-0.005988,0.516850,0.198519,-0.016131,0.559111,0.009780,0.716957
7.806000,-6.457271,-0.697566,-1.866740,-6.365251,-0.055530,-3.355224,3.355224,3.000000,6.365494,-0.005000,-0.000044,0.040845,0.004068,0.001359,0.572600,-0.005942,0.516859,0.198469,-0.016131,0.559111,0.009780,0.749007
7.816000,-6.851383,-0.668698,-1.588119,-6.759363,-0.026663,-3.076603,3.076603,3.000000,6.759416,-0.005000,-0.000020,0.041876,0.004173,-0.001217,0.573023,-0.005896,0.516850,0.198419,-0.016132,0.559111,0.009780,0.771026
7.826000,-7.233324,-0.540396,-1.634915,-7.141304,0.101640,-3.123399,3.123399,3.000000,7.142028,-0.004999,0.000071,0.042004,0.004633,0.000356,0.573439,-0.005858,0.516853,0.198369,-0.016131,0.559111,0.009780,0.757622
7.836000,-7.276759,-0.476213,-1.627238,-7.184740,0.165823,-3.115722,3.115722,3.000000,7.186653,-0.004999,0.000115,0.041131,0.002350,0.000034,0.573848,-0.005823,0.516853,0.198319,-0.016130,0.559111,0.009780,0.760358
7.846000,-7.018716,-0.449947,-1.640208,-6.926697,0.192089,-3.128692,3.128692,3.000000,6.929360,-0.004998,0.000139,0.040946,0.002402,0.002501,0.574269,-0.005794,0.516863,0.198269,-0.016129,0.559111,0.009780,0.739256
7.856000,-6.607776,-0.536566,-1.795848,-6.515756,0.105470,-3.284331,3.284331,3.000000,6.516610,-0.004999,0.000081,0.040365,0.004328,0.002602,0.574671,-0.005763,0.516885,0.198219,-0.016128,0.559111,0.009780,0.737998
7.866000,-6.354397,-0.522231,-1.742238,-6.262377,0.119805,-3.230722,3.230722,3.000000,6.263523,-0.004999,0.000096,0.041046,0.001008,0.004187,0.575074,-0.005753,0.516919,0.198169,-0.016127,0.559111,0.009780,0.723937
7.876000,-6.705098,-0.385568,-1.685830,-6.613079,0.256468,-3.174314,3.174314,3.000000,6.618050,-0.004996,0.000194,0.041651,0.000055,0.003223,0.575489,-0.005747,0.516947,0.198119,-0.016126,0.559111,0.009780,0.731615
7.886000,-7.380191,-0.292087,-1.586093,-7.288172,0.349949,-3.074577,3.074577,3.000000,7.296569,-0.004994,0.000240,0.041102,-0.000478,-0.002498,0.575904,-0.005744,0.516932,0.198070,-0.016124,0.559111,0.009780,0.780417
7.896000,-7.638043,-0.293853,-1.606603,-7.546024,0.348183,-3.095087,3.095087,3.000000,7.554053,-0.004995,0.000230,0.039311,-0.000215,-0.002432,0.576301,-0.005742,0.516909,0.198020,-0.016121,0.559111,0.009780,0.780285
7.906000,-7.739367,-0.338759,-1.727637,-7.647347,0.303277,-3.216121,3.216121,3.000000,7.653359,-0.004996,0.000198,0.038162,-0.000594,-0.004416,0.576685,-0.005744,0.516868,0.197970,-0.016119,0.559111,0.009780,0.797844
7.916000,-8.116552,-0.309196,-1.743947,-8.024533,0.332840,-3.232431,3.232431,3.000000,8.031432,-0.004996,0.000207,0.037872,-0.000306,-0.005234,0.577061,-0.005749,0.516819,0.197920,-0.016117,0.559111,0.009780,0.805675
7.926000,-8.493463,-0.352076,-1.921110,-8.401443,0.289960,-3.409594,3.409594,3.000000,8.406445,-0.004997,0.000172,0.038496,-0.000759,-0.004405,0.577440,-0.005759,0.516770,0.197870,-0.016115,0.559111,0.009780,0.799519
7.936000,-8.579965,-0.346931,-2.171995,-8.487945,0.295104,-3.660479,3.660479,3.000000,8.493074,-0.004997,0.000174,0.037807,-0.001340,-0.002015,0.577820,-0.005769,0.516746,0.197820,-0.016114,0.559111,0.009780,0.779665
7.946000,-8.366231,-0.369086,-2.331979,-8.274212,0.272949,-3.820463,3.820463,3.000000,8.278713,-0.004997,0.000165,0.036761,-0.000479,-0.000135,0.578191,-0.005774,0.516743,0.197770,-0.016112,0.559111,0.009780,0.763768
7.956000,-7.963195,-0.484062,-2.374705,-7.871176,0.157974,-3.863189,3.863189,3.000000,7.872761,-0.004999,0.000100,0.036213,-0.000057,0.002877,0.578550,-0.005776,0.516766,0.197720,-0.016111,0.559111,0.009780,0.737808
7.966000,-7.538682,-0.489399,-2.354284,-7.446663,0.152637,-3.842768,3.842768,3.000000,7.448227,-0.004999,0.000102,0.036478,-0.001016,0.005026,0.578924,-0.005785,0.516814,0.197670,-0.016110,0.559111,0.009780,0.718701
7.976000,-7.176464,-0.466831,-2.178903,-7.084445,0.175204,-3.667387,3.667387,3.000000,7.086611,-0.004998,0.000124,0.034945,-0.001546,0.004226,0.579274,-0.005792,0.516863,0.197620,-0.016108,0.559111,0.009780,0.724604
7.986000,-7.317559,-0.552892,-2.027987,-7.225539,0.089144,-3.516471,3.516471,3.000000,7.226089,-0.005000,0.000062,0.034376,0.000003,0.002526,0.579614,-0.005795,0.516893,0.197570,-0.016107,0.559111,0.009780,0.738494
7.996000,-7.888255,-0.499968,-1.763529,-7.796235,0.142068,-3.252013,3.252013,3.000000,7.797530,-0.004999,0.000091,0.035153,0.000307,-0.001218,0.579962,-0.005798,0.516883,0.197520,-0.016107,0.559111,0.009780,0.770443
8.007000,-8.331253,-0.540863,-1.441159,-8.239234,0.101173,-2.929643,2.929643,3.000000,8.239855,-0.005000,0.000061,0.036017,0.001272,-0.004582,0.580361,-0.005790,0.516848,0.197465,-0.016106,0.559111,0.009780,0.799625
8.018000,-8.413338,-0.558381,-1.377062,-8.321318,0.083655,-2.865546,2.865546,3.000000,8.321739,-0.005000,0.000050,0.036119,0.000722,-0.004526,0.580754,-0.005781,0.516813,0.197410,-0.016105,0.559111,0.009780,0.799781
8.029000,-7.688422,-0.622150,-1.555379,-7.596402,0.019885,-3.043863,3.043863,3.000000,7.596428,-0.005000,0.000013,0.034737,0.000412,-0.000094,0.581145,-0.005774,0.516792,0.197355,-0.016105,0.559111,0.009780,0.762554
8.040000,-7.048320,-0.649824,-1.655189,-6.956301,-0.007788,-3.143673,3.143673,3.000000,6.956305,-0.005000,-0.000006,0.035478,0.000369,0.000860,0.581530,-0.005765,0.516793,0.197300,-0.016105,0.559111,0.009780,0.754422
8.051000,-7.209673,-0.635480,-1.759559,-7.117654,0.006556,-3.248042,3.248042,3.000000,7.117657,-0.005000,0.000005,0.036317,0.000721,-0.001591,0.581926,-0.005748,0.516778,0.197245,-0.016105,0.559111,0.009780,0.775498
8.062000,-7.514933,-0.652936,-1.740477,-7.422913,-0.010900,-3.228961,3.228961,3.000000,7.422921,-0.005000,-0.000007,0.037296,0.001868,-0.002228,0.582334,-0.005730,0.516767,0.197190,-0.016105,0.559111,0.009780,0.781105
8.073000,-7.876209,-0.700458,-1.633392,-7.784189,-0.058423,-3.121876,3.121876,3.000000,7.784408,-0.005000,-0.000038,0.038991,0.002769,-0.001941,0.582758,-0.005706,0.516752,0.197135,-0.016105,0.559111,0.009780,0.778928
8.084000,-8.042817,-0.638303,-1.739697,-7.950798,0.003732,-3.228181,3.228181,3.000000,7.950799,-0.005000,0.000002,0.038205,0.001393,-0.001776,0.583187,-0.005683,0.516732,0.197080,-0.016105,0.559111,0.009780,0.777899
8.095000,-7.977341,-0.572878,-1.831045,-7.885321,0.069158,-3.319529,3.319529,3.000000,7.885625,-0.005000,0.000044,0.037107,0.001763,-0.003048,0.583597,-0.005667,0.516695,0.197025,-0.016105,0.559111,0.009780,0.789357
8.106000,-7.742957,-0.537414,-1.995780,-7.650938,0.104622,-3.484264,3.484264,3.000000,7.651653,-0.005000,0.000068,0.036560,0.001309,-0.002511,0.583995,-0.005652,0.516658,0.196970,-0.016104,0.559111,0.009780,0.785459
8.117000,-8.250021,-0.467203,-2.001748,-8.158002,0.174833,-3.490232,3.490232,3.000000,8.159875,-0.004999,0.000107,0.037650,-0.000225,-0.007470,0.584403,-0.005647,0.516592,0.196915,-0.016103,0.559111,0.009780,0.828724
8.128000,-8.958573,-0.438367,-2.013651,-8.866553,0.203669,-3.502135,3.502135,3.000000,8.868892,-0.004999,0.000115,0.038726,0.000469,-0.006835,0.584824,-0.005640,0.516525,0.196860,-0.016102,0.559111,0.009780,0.824552
8.139000,-9.006287,-0.479896,-2.141556,-8.914268,0.162139,-3.630040,3.630040,3.000000,8.915742,-0.004999,0.000091,0.039421,0.001314,-0.005097,0.585265,-0.005628,0.516455,0.196805,-0.016101,0.559111,0.009780,0.811055
8.150000,-8.838984,-0.444514,-2.176585,-8.746965,0.197522,-3.665069,3.665069,3.000000,8.749195,-0.004999,0.000113,0.039984,0.000836,-0.005390,0.585702,-0.005625,0.516407,0.196750,-0.016100,0.559111,0.009780,0.814413
8.161000,-8.966891,-0.397185,-2.175451,-8.874872,0.244851,-3.663935,3.663935,3.000000,8.878249,-0.004998,0.000138,0.041513,-0.001496,-0.003878,0.586151,-0.005630,0.516373,0.196695,-0.016099,0.559111,0.009780,0.802191
8.172000,-8.970726,-0.442532,-2.059214,-8.878707,0.199504,-3.547698,3.547698,3.000000,8.880948,-0.004999,0.000112,0.041261,0.000656,-0.002269,0.586610,-0.005626,0.516346,0.196640,-0.016097,0.559111,0.009780,0.789030
8.183000,-8.771611,-0.559885,-1.956088,-8.679592,0.082151,-3.444572,3.444572,3.000000,8.679980,-0.005000,0.000047,0.039226,0.000761,-0.004882,0.587047,-0.005615,0.516303,0.196585,-0.016096,0.559111,0.009780,0.811968
8.194000,-9.051346,-0.662281,-1.830991,-8.959327,-0.020245,-3.319475,3.319475,3.000000,8.959350,-0.005000,-0.000011,0.039604,0.002676,-0.006403,0.587474,-0.005595,0.516239,0.196530,-0.016096,0.559111,0.009780,0.826027
8.205000,-8.668013,-0.670939,-1.778611,-8.575994,-0.028903,-3.267095,3.267095,3.000000,8.576043,-0.005000,-0.000017,0.038155,0.001539,-0.004364,0.587899,-0.005581,0.516168,0.196475,-0.016096,0.559111,0.009780,0.810010
8.216000,-8.512392,-0.687091,-1.708360,-8.420373,-0.045055,-3.196844,3.196844,3.000000,8.420493,-0.005000,-0.000027,0.038128,0.002338,-0.007162,0.588316,-0.005557,0.516095,0.196420,-0.016097,0.559111,0.009780,0.835063
8.227000,-8.884312,-0.603073,-1.742634,-8.792292,0.038963,-3.231118,3.231118,3.000000,8.792379,-0.005000,0.000022,0.039818,0.003529,-0.009449,0.588750,-0.005529,0.516007,0.196365,-0.016097,0.559111,0.009780,0.856063
8.238000,-8.820906,-0.722247,-1.689905,-8.728887,-0.080211,-3.178389,3.178389,3.000000,8.729255,-0.005000,-0.000046,0.040056,0.003694,-0.005478,0.589193,-0.005494,0.515939,0.196310,-0.016097,0.559111,0.009780,0.823574
8.249000,-8.358073,-0.873320,-1.957016,-8.266054,-0.231284,-3.445499,3.445499,3.000000,8.269289,-0.004998,-0.000140,0.039710,0.004658,-0.005760,0.589629,-0.005439,0.515888,0.196255,-0.016098,0.559111,0.009780,0.826902
8.260000,-8.245293,-0.845594,-1.952868,-8.153274,-0.203559,-3.441351,3.441351,3.000000,8.155815,-0.004998,-0.000125,0.041809,0.004544,-0.002622,0.590083,-0.005386,0.515843,0.196200,-0.016099,0.559111,0.009780,0.801080
8.271000,-7.996829,-0.800656,-2.028156,-7.904810,-0.158621,-3.516639,3.516639,3.000000,7.906401,-0.004999,-0.000100,0.042019,0.005778,-0.002663,0.590540,-0.005332,0.515837,0.196145,-0.016101,0.559111,0.009780,0.801539
8.282000,-7.654328,-0.929314,-2.276992,-7.562309,-0.287278,-3.765476,3.765476,3.000000,7.567763,-0.004996,-0.000190,0.040480,0.005903,0.000469,0.590991,-0.005263,0.515834,0.196090,-0.016102,0.559111,0.009780,0.774999
8.293000,-7.534833,-0.958258,-2.521975,-7.442814,-0.316222,-4.010459,4.010459,3.000000,7.449528,-0.004995,-0.000212,0.040342,0.007939,-0.001534,0.591432,-0.005180,0.515833,0.196035,-0.016105,0.559211,0.009880,0.793821
8.304000,-7.918628,-0.907890,-2.497417,-7.826608,-0.265854,-3.985901,3.985901,3.000000,7.831122,-0.004997,-0.000170,0.039894,0.006983,-0.000529,0.591867,-0.005104,0.515824,0.195980,-0.016107,0.559271,0.009940,0.786542
8.315000,-8.173052,-0.921185,-2.809854,-8.081033,-0.279149,-4.298338,4.298338,3.000000,8.085853,-0.004997,-0.000173,0.040513,0.008894,0.002361,0.592309,-0.005014,0.515849,0.195925,-0.016108,0.559491,0.010160,0.765517
8.326000,-8.580460,-0.858945,-2.909342,-8.488440,-0.216910,-4.397826,4.397826,3.000000,8.491211,-0.004998,-0.000128,0.042810,0.008083,0.002372,0.592773,-0.004925,0.515873,0.195870,-0.016110,0.559711,0.010380,0.768964
8.337000,-8.867937,-0.869959,-2.904665,-8.775918,-0.227923,-4.393149,4.393149,3.000000,8.778877,-0.004998,-0.000130,0.043782,0.009831,0.004310,0.593245,-0.004825,0.515913,0.195815,-0.016111,0.559931,0.010600,0.755751
8.348000,-8.605567,-0.927686,-2.848577,-8.513548,-0.285651,-4.337061,4.337061,3.000000,8.518338,-0.004997,-0.000168,0.043688,0.010750,0.005827,0.593731,-0.004717,0.515978,0.195760,-0.016113,0.560151,0.010820,0.745678
8.359000,-8.066134,-0.909619,-2.426401,-7.974115,-0.267583,-3.914885,3.914885,3.000000,7.978603,-0.004997,-0.000168,0.041441,0.009325,0.005884,0.594197,-0.004621,0.516037,0.195705,-0.016115,0.560311,0.010980,0.747020
8.370000,-8.067854,-0.780064,-2.117015,-7.975835,-0.138028,-3.605499,3.605499,3.000000,7.977029,-0.004999,-0.000087,0.040087,0.008785,0.000994,0.594636,-0.004530,0.516065,0.195650,-0.016117,0.560311,0.010980,0.787998
8.381000,-8.706937,-0.681768,-1.849955,-8.614917,-0.039732,-3.338439,3.338439,3.000000,8.615009,-0.005000,-0.000023,0.040071,0.008234,-0.000675,0.595080,-0.004436,0.516051,0.195595,-0.016117,0.560311,0.010980,0.802403
8.392000,-9.197706,-0.803612,-1.690416,-9.105687,-0.161576,-3.178899,3.178899,3.000000,9.107121,-0.004999,-0.000089,0.040301,0.010726,-0.002036,0.595524,-0.004330,0.516028,0.195540,-0.016118,0.560311,0.010980,0.814379
8.403000,-9.658989,-0.774024,-1.666809,-9.566970,-0.131988,-3.155293,3.155293,3.000000,9.567880,-0.005000,-0.000069,0.040395,0.009301,-0.005173,0.595970,-0.004231,0.515975,0.195485,-0.016119,0.560311,0.010980,0.841947
8.414000,-9.276041,-0.679798,-1.631855,-9.184022,-0.037762,-3.120339,3.120339,3.000000,9.184099,-0.005000,-0.000021,0.038458,0.008412,-0.002725,0.596401,-0.004134,0.515942,0.195430,-0.016119,0.560311,0.010980,0.821765
8.425000,-8.067472,-0.754907,-1.906503,-7.975453,-0.112871,-3.394987,3.394987,3.000000,7.976252,-0.004999,-0.000071,0.036488,0.009980,0.000919,0.596797,-0.004033,0.515950,0.195375,-0.016120,0.560311,0.010980,0.790693
8.436000,-7.854085,-0.797917,-1.991349,-7.762066,-0.155881,-3.479833,3.479833,3.000000,7.763631,-0.004999,-0.000100,0.038255,0.008695,-0.000880,0.597215,-0.003935,0.515951,0.195320,-0.016121,0.560311,0.010980,0.805957
8.447000,-8.111251,-0.757709,-1.740672,-8.019232,-0.115673,-3.229156,3.229156,3.000000,8.020066,-0.004999,-0.000072,0.039156,0.009119,-0.000891,0.597636,-0.003842,0.515953,0.195265,-0.016122,0.560311,0.010980,0.806012
8.458000,-8.262270,-0.792562,-1.813163,-8.170250,-0.150526,-3.301647,3.301647,3.000000,8.171637,-0.004999,-0.000092,0.038112,0.009864,-0.000753,0.598065,-0.003740,0.515935,0.195210,-0.016122,0.560311,0.010980,0.805153
8.469000,-8.071394,-0.817086,-1.990778,-7.979374,-0.175050,-3.479262,3.479262,3.000000,7.981294,-0.004999,-0.000110,0.036946,0.008272,-0.001130,0.598475,-0.003642,0.515924,0.195155,-0.016124,0.560311,0.010980,0.808563
8.480000,-7.787221,-0.719842,-2.185730,-7.695201,-0.077807,-3.674213,3.674213,3.000000,7.695595,-0.005000,-0.000051,0.036005,0.009276,-0.000001,0.598869,-0.003548,0.515915,0.195100,-0.016124,0.560311,0.010980,0.799148
8.491000,-7.867765,-0.740426,-2.431889,-7.775745,-0.098390,-3.920373,3.920373,3.000000,7.776368,-0.005000,-0.000063,0.036440,0.008049,-0.001833,0.599266,-0.003456,0.515907,0.195045,-0.016125,0.560311,0.010980,0.814830
8.502000,-8.051044,-0.710615,-2.638602,-7.959025,-0.068580,-4.127086,4.127086,3.000000,7.959321,-0.005000,-0.000043,0.036964,0.008131,0.003258,0.599668,-0.003362,0.515941,0.194990,-0.016126,0.560431,0.011100,0.773177
8.513000,-7.984170,-0.690300,-2.699176,-7.892151,-0.048264,-4.187660,4.187660,3.000000,7.892298,-0.005000,-0.000031,0.037841,0.008474,0.005502,0.600075,-0.003274,0.515996,0.194935,-0.016126,0.560651,0.011320,0.757113
8.524000,-7.716414,-0.739823,-2.875051,-7.624394,-0.097787,-4.363535,4.363535,3.000000,7.625022,-0.005000,-0.000064,0.038764,0.007687,0.008821,0.600498,-0.003183,0.516104,0.194880,-0.016126,0.560871,0.011540,0.730958
8.535000,-7.578683,-0.720852,-2.752582,-7.486663,-0.078816,-4.241066,4.241066,3.000000,7.487078,-0.005000,-0.000053,0.039357,0.007236,0.010920,0.600939,-0.003092,0.516215,0.194825,-0.016127,0.561091,0.011760,0.715110
8.546000,-7.287667,-0.673566,-2.413882,-7.195648,-0.031530,-3.902366,3.902366,3.000000,7.195717,-0.005000,-0.000022,0.038056,0.008333,0.012168,0.601361,-0.003006,0.516323,0.194770,-0.016127,0.561191,0.011860,0.704380
8.557000,-7.444123,-0.693679,-2.254794,-7.352104,-0.051643,-3.743278,3.743278,3.000000,7.352285,-0.005000,-0.000035,0.038044,0.007787,0.006362,0.601781,-0.002918,0.516412,0.194715,-0.016128,0.561191,0.011860,0.752034
8.568000,-8.362062,-0.589430,-1.717398,-8.270043,0.052606,-3.205882,3.205882,3.000000,8.270210,-0.005000,0.000032,0.039808,0.006837,0.000851,0.602213,-0.002841,0.516431,0.194660,-0.016128,0.561191,0.011860,0.798468
8.579000,-8.852937,-0.569439,-1.449556,-8.760918,0.072597,-2.938039,2.938039,3.000000,8.761218,-0.005000,0.000041,0.039686,0.007653,0.000187,0.602646,-0.002759,0.516429,0.194605,-0.016127,0.561191,0.011860,0.804131
8.590000,-8.809010,-0.647686,-1.452697,-8.716991,-0.005650,-2.941181,2.941181,3.000000,8.716993,-0.005000,-0.000003,0.038570,0.007258,-0.001852,0.603076,-0.002681,0.516422,0.194550,-0.016127,0.561191,0.011860,0.821570
8.601000,-8.712298,-0.612420,-1.255758,-8.620278,0.029615,-2.744242,2.744242,3.000000,8.620329,-0.005000,0.000017,0.037928,0.006718,-0.002239,0.603486,-0.002619,0.516401,0.194495,-0.016127,0.561191,0.011860,0.825230
8.612000,-8.764217,-0.505836,-1.483775,-8.672198,0.136200,-2.972259,2.972259,3.000000,8.673267,-0.004999,0.000079,0.037529,0.006225,-0.001809,0.603904,-0.002561,0.516381,0.194440,-0.016127,0.561191,0.011860,0.821937
8.623000,-8.821665,-0.493441,-1.603045,-8.729646,0.148595,-3.091529,3.091529,3.000000,8.730910,-0.004999,0.000085,0.037823,0.005419,-0.001832,0.604323,-0.002512,0.516360,0.194385,-0.016126,0.561191,0.011860,0.822511
8.634000,-8.893742,-0.528857,-1.592705,-8.801723,0.113179,-3.081189,3.081189,3.000000,8.802451,-0.005000,0.000064,0.037518,0.004923,-0.000962,0.604739,-0.002462,0.516346,0.194330,-0.016125,0.561191,0.011860,0.815382
8.645000,-8.774494,-0.509732,-1.686947,-8.682474,0.132304,-3.175431,3.175431,3.000000,8.683482,-0.004999,0.000076,0.035578,0.003627,-0.003357,0.605140,-0.002419,0.516311,0.194275,-0.016124,0.561191,0.011860,0.836334
8.656000,-8.001713,-0.582058,-1.936895,-7.909693,0.059978,-3.425379,3.425379,3.000000,7.909921,-0.005000,0.000038,0.032512,0.004306,-0.000202,0.605498,-0.002377,0.516304,0.194220,-0.016123,0.561191,0.011860,0.809683
8.667000,-7.698302,-0.599765,-2.175621,-7.606282,0.042271,-3.664105,3.664105,3.000000,7.606400,-0.005000,0.000028,0.031707,0.002922,-0.002211,0.605840,-0.002346,0.516294,0.194165,-0.016123,0.561191,0.011860,0.826919
8.678000,-8.438816,-0.536542,-2.066725,-8.346797,0.105494,-3.555209,3.555209,3.000000,8.347463,-0.005000,0.000063,0.032591,0.001998,-0.005030,0.606195,-0.002319,0.516250,0.194110,-0.016123,0.561191,0.011860,0.851617
8.689000,-8.879505,-0.571455,-2.096970,-8.787486,0.070581,-3.585454,3.585454,3.000000,8.787769,-0.005000,0.000040,0.033484,0.002437,-0.002918,0.606554,-0.002290,0.516207,0.194055,-0.016122,0.561191,0.011860,0.834477
8.700000,-8.653280,-0.710119,-2.285860,-8.561261,-0.068083,-3.774344,3.774344,3.000000,8.561532,-0.005000,-0.000040,0.033232,0.003499,-0.000384,0.606924,-0.002253,0.516186,0.194000,-0.016122,0.561191,0.011860,0.813362
8.711000,-8.138824,-0.686510,-2.513760,-8.046804,-0.044474,-4.002244,4.002244,3.000000,8.046927,-0.005000,-0.000028,0.032599,0.002374,0.003720,0.607287,-0.002224,0.516214,0.193945,-0.016122,0.561211,0.011880,0.778375
8.722000,-7.582496,-0.753142,-2.649872,-7.490477,-0.111107,-4.138356,4.138356,3.000000,7.491301,-0.004999,-0.000074,0.033874,0.002459,0.004332,0.607646,-0.002194,0.516264,0.193890,-0.016123,0.561431,0.012100,0.776253
8.733000,-7.621072,-0.752690,-2.555305,-7.529053,-0.110654,-4.043789,4.043789,3.000000,7.529866,-0.004999,-0.000073,0.035522,0.002771,0.007223,0.608036,-0.002162,0.516344,0.193835,-0.016124,0.561651,0.012320,0.754240
8.744000,-7.624571,-0.764371,-2.401517,-7.532552,-0.122335,-3.890001,3.890001,3.000000,7.533545,-0.004999,-0.000081,0.034702,0.002806,0.006306,0.608418,-0.002131,0.516424,0.193780,-0.016125,0.561691,0.012360,0.761294
8.755000,-7.789653,-0.763452,-2.162074,-7.697634,-0.121417,-3.650558,3.650558,3.000000,7.698591,-0.004999,-0.000079,0.034681,0.002730,0.002416,0.608799,-0.002098,0.516459,0.193725,-0.016126,0.561691,0.012360,0.793677
8.766000,-7.946533,-0.708912,-2.081209,-7.854514,-0.066876,-3.569693,3.569693,3.000000,7.854798,-0.005000,-0.000043,0.034938,0.002034,0.003404,0.609180,-0.002072,0.516503,0.193670,-0.016126,0.561691,0.012360,0.784507
8.777000,-8.248182,-0.642233,-1.938747,-8.156163,-0.000197,-3.427231,3.427231,3.000000,8.156163,-0.005000,-0.000000,0.034949,0.001234,0.002252,0.609565,-0.002055,0.516533,0.193615,-0.016126,0.561691,0.012360,0.793745
8.788000,-8.271056,-0.674853,-1.938624,-8.179037,-0.032818,-3.427108,3.427108,3.000000,8.179103,-0.005000,-0.000020,0.035086,0.001832,0.001810,0.609954,-0.002033,0.516543,0.193560,-0.016126,0.561691,0.012360,0.797302
8.799000,-8.145495,-0.714277,-1.862019,-8.053476,-0.072241,-3.350503,3.350503,3.000000,8.053800,-0.005000,-0.000045,0.036107,0.000562,0.001923,0.610347,-0.002012,0.516561,0.193505,-0.016127,0.561691,0.012360,0.796030
8.810000,-8.207855,-0.611626,-1.854369,-8.115836,0.030410,-3.342852,3.342852,3.000000,8.115893,-0.005000,0.000019,0.036241,0.000884,0.001045,0.610738,-0.001999,0.516567,0.193450,-0.016127,0.561691,0.012360,0.803370
8.821000,-8.604635,-0.636033,-1.669636,-8.512616,0.006003,-3.158120,3.158120,3.000000,8.512618,-0.005000,0.000004,0.037615,0.000890,-0.001050,0.611154,-0.001984,0.516550,0.193395,-0.016127,0.561691,0.012360,0.821455
8.832000,-8.376233,-0.634410,-1.548031,-8.284213,0.007626,-3.036515,3.036515,3.000000,8.284217,-0.005000,0.000005,0.036118,0.000674,0.000313,0.611553,-0.001979,0.516537,0.193340,-0.016127,0.561691,0.012360,0.810124
8.843000,-8.293397,-0.652788,-1.580379,-8.201377,-0.010752,-3.068863,3.068863,3.000000,8.201384,-0.005000,-0.000007,0.034693,-0.000689,-0.002026,0.611938,-0.001971,0.516519,0.193285,-0.016127,0.561691,0.012360,0.830287
8.854000,-8.807015,-0.561664,-1.642662,-8.714996,0.080372,-3.131146,3.131146,3.000000,8.715366,-0.005000,0.000046,0.033570,-0.000551,-0.004907,0.612310,-0.001968,0.516462,0.193230,-0.016127,0.561691,0.012360,0.855775
8.865000,-9.323601,-0.515160,-1.692587,-9.231582,0.126875,-3.181071,3.181071,3.000000,9.232454,-0.005000,0.000069,0.033261,0.000907,-0.007358,0.612678,-0.001968,0.516377,0.193175,-0.016126,0.561691,0.012360,0.878088
8.876000,-9.400804,-0.592182,-1.909185,-9.308785,0.049854,-3.397669,3.397669,3.000000,9.308918,-0.005000,0.000027,0.032062,-0.001759,-0.007647,0.613032,-0.001976,0.516298,0.193120,-0.016125,0.561691,0.012360,0.881974
8.887000,-9.191021,-0.611748,-2.104607,-9.099002,0.030287,-3.593091,3.593091,3.000000,9.099052,-0.005000,0.000017,0.029767,0.000377,-0.004040,0.613363,-0.001972,0.516235,0.193065,-0.016125,0.561691,0.012360,0.852503
8.898000,-8.597400,-0.673923,-2.389563,-8.505381,-0.031887,-3.878047,3.878047,3.000000,8.505441,-0.005000,-0.000019,0.029614,0.000326,-0.001852,0.613687,-0.001971,0.516203,0.193010,-0.016125,0.561691,0.012360,0.834495
8.909000,-7.845374,-0.705681,-2.701955,-7.753355,-0.063645,-4.190439,4.190439,3.000000,7.753616,-0.005000,-0.000041,0.028240,-0.000110,0.003352,0.614000,-0.001969,0.516237,0.192955,-0.016125,0.561831,0.012500,0.792247
8.920000,-7.760100,-0.689829,-2.731544,-7.668080,-0.047793,-4.220027,4.220027,3.000000,7.668229,-0.005000,-0.000031,0.029365,-0.000721,0.004404,0.614320,-0.001972,0.516287,0.192900,-0.016126,0.562051,0.012720,0.786376
8.931000,-8.310555,-0.633700,-2.539569,-8.218536,0.008336,-4.028053,4.028053,3.000000,8.218540,-0.005000,0.000005,0.032121,-0.001387,0.002629,0.614657,-0.001980,0.516329,0.192845,-0.016126,0.562271,0.012940,0.804655
8.942000,-8.890953,-0.561270,-2.188031,-8.798934,0.080766,-3.676515,3.676515,3.000000,8.799304,-0.005000,0.000046,0.034021,0.000401,0.003730,0.615029,-0.001976,0.516364,0.192790,-0.016125,0.562271,0.012940,0.794682
8.953000,-8.602468,-0.619811,-1.988901,-8.510449,0.022224,-3.477385,3.477385,3.000000,8.510478,-0.005000,0.000013,0.031359,-0.000359,0.002779,0.615383,-0.001981,0.516399,0.192735,-0.016125,0.562271,0.012940,0.802114
8.964000,-7.747025,-0.660543,-1.975946,-7.655006,-0.018507,-3.464430,3.464430,3.000000,7.655028,-0.005000,-0.000012,0.029148,-0.000977,0.003711,0.615710,-0.001981,0.516414,0.192680,-0.016125,0.562271,0.012940,0.793945
8.975000,-7.027259,-0.743846,-2.019171,-6.935239,-0.101810,-3.507655,3.507655,3.000000,6.935987,-0.004999,-0.000073,0.028540,0.000407,0.003347,0.616027,-0.001980,0.516472,0.192625,-0.016126,0.562271,0.012940,0.795982
8.986000,-7.059393,-0.674188,-1.904528,-6.967373,-0.032152,-3.393012,3.393012,3.000000,6.967447,-0.005000,-0.000023,0.029561,-0.000808,0.002838,0.616346,-0.001988,0.516512,0.192570,-0.016126,0.562271,0.012940,0.799577
8.997000,-7.580918,-0.722486,-1.793135,-7.488898,-0.080450,-3.281619,3.281619,3.000000,7.489331,-0.005000,-0.000054,0.030556,-0.000187,0.002586,0.616677,-0.001986,0.516540,0.192515,-0.016127,0.562271,0.012940,0.801228
9.008000,-8.019977,-0.718731,-1.739047,-7.927958,-0.076695,-3.227531,3.227531,3.000000,7.928329,-0.005000,-0.000048,0.031275,0.000689,0.001497,0.617018,-0.001980,0.516558,0.192460,-0.016127,0.562271,0.012940,0.810146
9.019000,-7.942662,-0.698984,-1.698365,-7.850642,-0.056948,-3.186849,3.186849,3.000000,7.850849,-0.005000,-0.000036,0.031236,-0.000328,0.000333,0.617362,-0.001978,0.516578,0.192405,-0.016128,0.562271,0.012940,0.819649
9.030000,-7.445689,-0.647259,-1.832074,-7.353669,-0.005223,-3.320558,3.320558,3.000000,7.353671,-0.005000,-0.000004,0.029520,-0.000864,0.003531,0.617691,-0.001979,0.516611,0.192350,-0.016128,0.562271,0.012940,0.791921
9.041000,-6.838950,-0.677610,-1.855372,-6.746931,-0.035574,-3.343856,3.343856,3.000000,6.747025,-0.005000,-0.000026,0.029840,0.001339,0.006249,0.618016,-0.001973,0.516683,0.192295,-0.016128,0.562271,0.012940,0.767561
9.052000,-6.570427,-0.736950,-1.796149,-6.478408,-0.094914,-3.284633,3.284633,3.000000,6.479103,-0.004999,-0.000073,0.029898,0.000671,0.006740,0.618348,-0.001976,0.516746,0.192240,-0.016129,0.562271,0.012940,0.762268
9.063000,-6.719290,-0.703688,-1.676824,-6.627271,-0.061652,-3.165308,3.165308,3.000000,6.627557,-0.005000,-0.000047,0.028679,0.000087,0.004955,0.618661,-0.001977,0.516803,0.192185,-0.016129,0.562271,0.012940,0.776384
9.074000,-7.030481,-0.669727,-1.576342,-6.938461,-0.027691,-3.064826,3.064826,3.000000,6.938517,-0.005000,-0.000020,0.027686,-0.000664,-0.000397,0.618976,-0.001985,0.516818,0.192130,-0.016130,0.562271,0.012940,0.821529
9.085000,-7.435046,-0.593699,-1.506843,-7.343027,0.048337,-2.995327,2.995327,3.000000,7.343186,-0.005000,0.000033,0.026853,-0.001109,-0.000255,0.619276,-0.001998,0.516819,0.192075,-0.016129,0.562271,0.012940,0.820304
9.096000,-7.877134,-0.591792,-1.368549,-7.785114,0.050244,-2.857032,2.857032,3.000000,7.785277,-0.005000,0.000032,0.026792,0.000089,-0.005192,0.619570,-0.002006,0.516760,0.192020,-0.016129,0.562271,0.012940,0.863257
9.107000,-7.879256,-0.508447,-1.263536,-7.787237,0.133588,-2.752020,2.752020,3.000000,7.788383,-0.004999,0.000086,0.024823,-0.001326,-0.006018,0.619851,-0.002022,0.516684,0.191965,-0.016128,0.562271,0.012940,0.871632
9.118000,-7.235769,-0.583021,-1.325157,-7.143750,0.059015,-2.813641,2.813641,3.000000,7.143994,-0.005000,0.000041,0.023234,-0.001906,-0.006129,0.620108,-0.002032,0.516617,0.191910,-0.016128,0.562271,0.012940,0.873780
9.129000,-6.719600,-0.633104,-1.427039,-6.627581,0.008932,-2.915523,2.915523,3.000000,6.627587,-0.005000,0.000007,0.020977,-0.001039,-0.003950,0.620343,-0.002041,0.516562,0.191855,-0.016128,0.562271,0.012940,0.856273
9.140000,-6.712695,-0.665161,-1.463681,-6.620676,-0.023125,-2.952165,2.952165,3.000000,6.620716,-0.005000,-0.000017,0.020740,-0.001182,-0.006104,0.620573,-0.002057,0.516506,0.191800,-0.016128,0.562271,0.012940,0.875572
9.151000,-7.464202,-0.624462,-1.189047,-7.372183,0.017574,-2.677531,2.677531,3.000000,7.372204,-0.005000,0.000012,0.020291,-0.001206,-0.009055,0.620802,-0.002071,0.516407,0.191745,-0.016128,0.562271,0.012940,0.902398
9.162000,-7.993427,-0.604651,-1.053069,-7.901408,0.037385,-2.541553,2.541553,3.000000,7.901496,-0.005000,0.000024,0.021060,-0.000883,-0.011640,0.621034,-0.002082,0.516288,0.191690,-0.016127,0.562271,0.012940,0.926471
9.173000,-7.947659,-0.580910,-0.972959,-7.855640,0.061126,-2.461443,2.461443,3.000000,7.855878,-0.005000,0.000039,0.019849,-0.000509,-0.009177,0.621256,-0.002099,0.516174,0.191635,-0.016127,0.562271,0.012940,0.907620
9.184000,-7.418108,-0.652788,-1.031936,-7.326089,-0.010753,-2.520420,2.520420,3.000000,7.326097,-0.005000,-0.000007,0.018792,-0.001682,-0.006834,0.621468,-0.002112,0.516079,0.191580,-0.016127,0.562271,0.012940,0.889449
9.195000,-6.778145,-0.631451,-1.017314,-6.686126,0.010585,-2.505798,2.505798,3.000000,6.686134,-0.005000,0.000008,0.018020,-0.001144,-0.006946,0.621672,-0.002127,0.515997,0.191525,-0.016127,0.562271,0.012940,0.891882
9.206000,-6.394234,-0.702279,-1.002897,-6.302215,-0.060243,-2.491381,2.491381,3.000000,6.302503,-0.005000,-0.000048,0.017908,-0.000842,-0.006194,0.621863,-0.002143,0.515944,0.191470,-0.016127,0.562271,0.012940,0.886445
9.217000,-6.637216,-0.683920,-0.903595,-6.545197,-0.041884,-2.392079,2.392079,3.000000,6.545331,-0.005000,-0.000032,0.017548,-0.001131,-0.006763,0.622061,-0.002157,0.515867,0.191415,-0.016128,0.562271,0.012940,0.892661
9.228000,-6.985633,-0.609167,-0.847430,-6.893614,0.032869,-2.335914,2.335914,3.000000,6.893692,-0.005000,0.000024,0.017059,-0.000335,-0.007433,0.622252,-0.002173,0.515773,0.191360,-0.016128,0.562271,0.012940,0.900045
9.239000,-7.176743,-0.596400,-0.867471,-7.084724,0.045636,-2.355955,2.355955,3.000000,7.084871,-0.005000,0.000032,0.016342,-0.001455,-0.010019,0.622430,-0.002193,0.515667,0.191305,-0.016127,0.562271,0.012940,0.923900
9.250000,-7.337732,-0.669639,-0.841436,-7.245713,-0.027603,-2.329920,2.329920,3.000000,7.245765,-0.005000,-0.000019,0.015153,-0.000745,-0.010257,0.622598,-0.002200,0.515547,0.191250,-0.016127,0.562271,0.012940,0.928070
9.261000,-7.209947,-0.712052,-0.905948,-7.117927,-0.070016,-2.394432,2.394432,3.000000,7.118272,-0.005000,-0.000049,0.013674,-0.000821,-0.009469,0.622754,-0.002207,0.515431,0.191195,-0.016127,0.562271,0.012940,0.923469
9.272000,-7.070947,-0.729391,-0.963535,-6.978927,-0.087355,-2.452019,2.452019,3.000000,6.979474,-0.005000,-0.000063,0.014024,0.000512,-0.010057,0.622910,-0.002209,0.515315,0.191140,-0.016128,0.562271,0.012940,0.930554
9.283000,-6.930271,-0.720376,-1.011332,-6.838252,-0.078340,-2.499816,2.499816,3.000000,6.838701,-0.005000,-0.000057,0.013892,-0.000567,-0.011120,0.623062,-0.002218,0.515206,0.191085,-0.016129,0.562271,0.012940,0.941543
9.294000,-6.868543,-0.706570,-1.061902,-6.776524,-0.064534,-2.550386,2.550386,3.000000,6.776831,-0.005000,-0.000048,0.014346,0.000454,-0.009937,0.623217,-0.002222,0.515106,0.191030,-0.016129,0.562271,0.012940,0.933295
9.305000,-6.822121,-0.703318,-1.072996,-6.730102,-0.061282,-2.561480,2.561480,3.000000,6.730381,-0.005000,-0.000046,0.014024,0.000103,-0.009109,0.623376,-0.002231,0.514998,0.190975,-0.016130,0.562271,0.012940,0.928210
9.316000,-6.679056,-0.709109,-1.064644,-6.587037,-0.067073,-2.553128,2.553128,3.000000,6.587378,-0.005000,-0.000051,0.013566,-0.001040,-0.007696,0.623528,-0.002242,0.514907,0.190920,-0.016130,0.562271,0.012940,0.917848
9.327000,-6.442800,-0.731091,-1.190810,-6.350781,-0.089055,-2.679294,2.679294,3.000000,6.351405,-0.005000,-0.000070,0.013406,-0.001123,-0.007894,0.623677,-0.002250,0.514816,0.190865,-0.016131,0.562271,0.012940,0.921183
9.338000,-6.405849,-0.742230,-1.242159,-6.313830,-0.100194,-2.730643,2.730643,3.000000,6.314625,-0.004999,-0.000079,0.013620,0.000489,-0.008212,0.623823,-0.002251,0.514734,0.190810,-0.016132,0.562271,0.012940,0.925352
9.349000,-6.441813,-0.786295,-1.297579,-6.349794,-0.144259,-2.786063,2.786063,3.000000,6.351432,-0.004999,-0.000114,0.013309,-0.000078,-0.007013,0.623967,-0.002252,0.514658,0.190755,-0.016133,0.562271,0.012940,0.916556
9.360000,-6.465815,-0.769251,-1.261824,-6.373796,-0.127215,-2.750308,2.750308,3.000000,6.375065,-0.004999,-0.000100,0.013630,0.000398,-0.006678,0.624116,-0.002252,0.514584,0.190700,-0.016134,0.562271,0.012940,0.915034
9.371000,-6.566908,-0.746698,-1.164096,-6.474888,-0.104662,-2.652579,2.652579,3.000000,6.475734,-0.004999,-0.000081,0.014285,-0.000698,-0.006090,0.624265,-0.002255,0.514524,0.190646,-0.016135,0.562271,0.012940,0.911124
9.382000,-6.524409,-0.770487,-1.124598,-6.432390,-0.128451,-2.613081,2.613081,3.000000,6.433672,-0.004999,-0.000100,0.014874,0.000517,-0.007784,0.624425,-0.002253,0.514452,0.190591,-0.016136,0.562271,0.012940,0.926791
9.393000,-6.434417,-0.699395,-1.168988,-6.342398,-0.057359,-2.657472,2.657472,3.000000,6.342657,-0.005000,-0.000045,0.015033,0.000293,-0.004973,0.624590,-0.002258,0.514397,0.190536,-0.016137,0.562271,0.012940,0.903944
9.404000,-6.151162,-0.709620,-1.187604,-6.059143,-0.067584,-2.676088,2.676088,3.000000,6.059519,-0.005000,-0.000056,0.014306,0.000071,-0.003288,0.624752,-0.002270,0.514361,0.190481,-0.016137,0.562271,0.012940,0.890292
9.415000,-5.903510,-0.737092,-1.236852,-5.811490,-0.095056,-2.725336,2.725336,3.000000,5.812268,-0.004999,-0.000082,0.014050,0.000162,-0.001751,0.624908,-0.002278,0.514334,0.190426,-0.016138,0.562271,0.012940,0.877736
9.426000,-5.939419,-0.715723,-1.206146,-5.847399,-0.073687,-2.694630,2.694630,3.000000,5.847864,-0.005000,-0.000063,0.014171,-0.001657,-0.002831,0.625063,-0.002292,0.514301,0.190371,-0.016139,0.562271,0.012940,0.887480
9.437000,-6.148050,-0.637618,-1.128735,-6.056031,0.004417,-2.617219,2.617219,3.000000,6.056033,-0.005000,0.000004,0.015142,-0.000858,-0.003443,0.625224,-0.002304,0.514267,0.190316,-0.016139,0.562271,0.012940,0.893290
9.448000,-6.391959,-0.610045,-1.074586,-6.299939,0.031991,-2.563070,2.563070,3.000000,6.300020,-0.005000,0.000025,0.016085,-0.000586,-0.001798,0.625396,-0.002313,0.514241,0.190261,-0.016139,0.562271,0.012940,0.879800
9.459000,-6.532122,-0.639028,-1.002771,-6.440103,0.003007,-2.491255,2.491255,3.000000,6.440104,-0.005000,0.000002,0.016182,-0.002194,-0.001640,0.625575,-0.002333,0.514217,0.190206,-0.016139,0.562271,0.012940,0.878899
9.470000,-6.053222,-0.598144,-1.131657,-5.961202,0.043892,-2.620141,2.620141,3.000000,5.961364,-0.005000,0.000037,0.015997,-0.000170,0.001492,0.625755,-0.002346,0.514224,0.190151,-0.016138,0.562271,0.012940,0.852189
9.481000,-5.654115,-0.597852,-1.185374,-5.562096,0.044183,-2.673858,2.673858,3.000000,5.562271,-0.005000,0.000040,0.014865,-0.002028,0.002813,0.625922,-0.002370,0.514237,0.190096,-0.016138,0.562271,0.012940,0.840756
9.492000,-5.421505,-0.625602,-1.135257,-5.329485,0.016434,-2.623741,2.623741,3.000000,5.329511,-0.005000,0.000015,0.013673,-0.000849,0.000476,0.626082,-0.002385,0.514240,0.190041,-0.016138,0.562271,0.012940,0.860519
9.503000,-5.273111,-0.623989,-1.109097,-5.181092,0.018047,-2.597581,2.597581,3.000000,5.181123,-0.005000,0.000017,0.012504,-0.001144,-0.001064,0.626221,-0.002402,0.514239,0.189986,-0.016137,0.562271,0.012940,0.873608
9.514000,-5.534002,-0.578735,-0.949327,-5.441983,0.063301,-2.437811,2.437811,3.000000,5.442351,-0.005000,0.000058,0.011198,-0.002069,-0.001568,0.626349,-0.002416,0.514221,0.189931,-0.016137,0.562271,0.012940,0.878205
9.525000,-5.798373,-0.510779,-0.836019,-5.706354,0.131256,-2.324503,2.324503,3.000000,5.707863,-0.004999,0.000115,0.010466,0.000125,-0.005493,0.626469,-0.002424,0.514165,0.189876,-0.016136,0.562271,0.012940,0.912532
9.536000,-5.902737,-0.516846,-0.719722,-5.810717,0.125190,-2.208206,2.208206,3.000000,5.812066,-0.004999,0.000108,0.009696,-0.000800,-0.007611,0.626575,-0.002438,0.514097,0.189821,-0.016135,0.562271,0.012940,0.931725
9.547000,-5.600371,-0.511916,-0.722516,-5.508352,0.130119,-2.211000,2.211000,3.000000,5.509889,-0.004999,0.000118,0.007482,0.000855,-0.006018,0.626665,-0.002444,0.514026,0.189766,-0.016134,0.562271,0.012940,0.919472
9.558000,-5.180994,-0.537214,-0.671821,-5.088975,0.104822,-2.160305,2.160305,3.000000,5.090054,-0.004999,0.000103,0.005884,-0.001029,-0.007300,0.626735,-0.002454,0.513943,0.189711,-0.016133,0.562271,0.012940,0.931853
9.569000,-4.684732,-0.576678,-0.686712,-4.592713,0.065357,-2.175196,2.175196,3.000000,4.593178,-0.004999,0.000071,0.004161,-0.001180,-0.006989,0.626783,-0.002460,0.513871,0.189656,-0.016131,0.562271,0.012940,0.930513
9.580000,-4.435011,-0.611300,-0.611575,-4.342991,0.030735,-2.100058,2.100058,3.000000,4.343100,-0.005000,0.000035,0.002737,0.000098,-0.006899,0.626819,-0.002462,0.513793,0.189601,-0.016131,0.562271,0.012940,0.931143
9.591000,-4.437872,-0.637662,-0.546463,-4.345853,0.004373,-2.034947,2.034947,3.000000,4.345855,-0.005000,0.000005,0.002312,-0.001402,-0.008127,0.626845,-0.002467,0.513709,0.189546,-0.016131,0.562271,0.012940,0.943074
9.602000,-4.510913,-0.555120,-0.539345,-4.418894,0.086915,-2.027829,2.027829,3.000000,4.419749,-0.004999,0.000098,0.002386,-0.000392,-0.007493,0.626867,-0.002465,0.513628,0.189491,-0.016130,0.562271,0.012940,0.939153
9.613000,-4.588977,-0.592196,-0.553493,-4.496957,0.049840,-2.041977,2.041977,3.000000,4.497233,-0.005000,0.000055,0.002430,-0.000511,-0.007359,0.626891,-0.002466,0.513545,0.189436,-0.016129,0.562271,0.012940,0.939510
9.624000,-4.546515,-0.506677,-0.567010,-4.454496,0.135359,-2.055494,2.055494,3.000000,4.456552,-0.004998,0.000152,0.001749,0.000409,-0.006851,0.626913,-0.002466,0.513468,0.189381,-0.016128,0.562271,0.012940,0.936581
9.635000,-4.310298,-0.579313,-0.615969,-4.218279,0.062723,-2.104453,2.104453,3.000000,4.218745,-0.004999,0.000074,0.001269,-0.000283,-0.005226,0.626929,-0.002472,0.513411,0.189326,-0.016127,0.562271,0.012940,0.923828
9.646000,-4.085512,-0.494023,-0.671268,-3.993493,0.148013,-2.159752,2.159752,3.000000,3.996235,-0.004997,0.000185,0.001017,-0.000942,-0.004073,0.626941,-0.002474,0.513368,0.189271,-0.016125,0.562271,0.012940,0.914826
9.657000,-3.896087,-0.523668,-0.675630,-3.804067,0.118368,-2.164114,2.164114,3.000000,3.805908,-0.004998,0.000156,0.000951,0.000837,-0.003255,0.626949,-0.002475,0.513340,0.189216,-0.016123,0.562271,0.012940,0.908382
9.668000,-3.946266,-0.576644,-0.621350,-3.854247,0.065392,-2.109834,2.109834,3.000000,3.854802,-0.004999,0.000085,0.001106,-0.000164,-0.001085,0.626956,-0.002479,0.513315,0.189161,-0.016122,0.562271,0.012940,0.890422
9.679000,-3.966373,-0.567740,-0.602274,-3.874354,0.074296,-2.090758,2.090758,3.000000,3.875066,-0.004999,0.000096,0.000740,0.000259,-0.001965,0.626963,-0.002481,0.513290,0.189106,-0.016121,0.562271,0.012940,0.898339
9.690000,-4.057032,-0.467940,-0.533572,-3.965013,0.174096,-2.022056,2.022056,3.000000,3.968833,-0.004995,0.000219,0.000714,0.000113,-0.001779,0.626970,-0.002485,0.513263,0.189051,-0.016119,0.562271,0.012940,0.897241
9.701000,-4.060591,-0.465091,-0.489010,-3.968572,0.176945,-1.977494,1.977494,3.000000,3.972514,-0.004995,0.000223,0.000706,0.001003,-0.002074,0.626976,-0.002489,0.513239,0.188996,-0.016116,0.562191,0.012860,0.898731
9.712000,-3.883013,-0.452764,-0.477584,-3.790994,0.189272,-1.966067,1.966067,3.000000,3.795716,-0.004994,0.000249,0.000508,-0.000195,-0.001215,0.626979,-0.002495,0.513230,0.188941,-0.016114,0.561971,0.012640,0.887642
9.723000,-3.744472,-0.411843,-0.412603,-3.652453,0.230193,-1.901087,1.901087,3.000000,3.659700,-0.004990,0.000314,-0.000293,-0.000638,0.000076,0.626977,-0.002502,0.513235,0.188886,-0.016111,0.561751,0.012420,0.872648
9.734000,-3.548106,-0.422319,-0.420429,-3.456087,0.219717,-1.908913,1.908913,3.000000,3.463064,-0.004990,0.000317,-0.000139,0.000098,0.000737,0.626978,-0.002504,0.513239,0.188831,-0.016107,0.561531,0.012200,0.863012
9.745000,-3.429588,-0.326995,-0.387935,-3.337569,0.315041,-1.876418,1.876418,3.000000,3.352405,-0.004978,0.000470,-0.000359,0.000688,0.000169,0.626975,-0.002505,0.513244,0.188776,-0.016103,0.561311,0.011980,0.863772
9.756000,-3.292203,-0.313080,-0.338034,-3.200183,0.328956,-1.826518,1.826518,3.000000,3.217046,-0.004974,0.000511,-0.000038,-0.001305,-0.000143,0.626974,-0.002509,0.513250,0.188722,-0.016098,0.561091,0.011760,0.862366
9.767000,-3.175555,-0.276878,-0.219245,-3.083535,0.365157,-1.707729,1.707729,3.000000,3.105081,-0.004965,0.000588,-0.000488,0.000901,-0.000653,0.626971,-0.002506,0.513253,0.188667,-0.016091,0.560871,0.011540,0.862671
9.778000,-2.818725,-0.297056,-0.210739,-2.726705,0.344980,-1.699223,1.699223,3.000000,2.748442,-0.004960,0.000628,-0.000034,0.000425,0.002140,0.626969,-0.002506,0.513266,0.188612,-0.016085,0.560651,0.011320,0.834779
9.789000,-2.496952,-0.270859,-0.165932,-2.404932,0.371177,-1.654416,1.654416,3.000000,2.433408,-0.004941,0.000763,-0.000382,-0.000175,0.000318,0.626964,-0.002507,0.513274,0.188558,-0.016077,0.560431,0.011100,0.846121
9.800000,-2.129658,-0.267293,-0.044434,-2.037639,0.374743,-1.532918,1.532918,3.000000,2.071812,-0.004918,0.000904,0.000054,-0.000597,-0.000782,0.626964,-0.002511,0.513276,0.188504,-0.016068,0.560211,0.010880,0.851467
9.811000,-1.814312,-0.238891,0.036802,-1.722293,0.403145,-1.451682,1.451682,3.000000,1.768847,-0.004868,0.001140,-0.000315,0.000135,-0.001106,0.626962,-0.002508,0.513271,0.188450,-0.016057,0.559991,0.010660,0.850355
9.822000,-1.524525,-0.172655,0.095237,-1.432506,0.469381,-1.393246,1.393246,3.000000,1.507445,-0.004751,0.001557,-0.000044,-0.000259,-0.000174,0.626960,-0.002516,0.513273,0.188397,-0.016042,0.559771,0.010440,0.838449
9.833000,-1.320908,-0.232915,0.204861,-1.228889,0.409120,-1.283623,1.283623,3.000000,1.295202,-0.004744,0.001579,-0.000218,0.000483,-0.000148,0.626959,-0.002522,0.513267,0.188344,-0.016025,0.559551,0.010220,0.834369
9.844000,-0.994391,-0.168911,0.235359,-0.902372,0.473125,-1.253125,1.253125,3.000000,1.018882,-0.004428,0.002322,0.000399,-0.000399,-0.001141,0.626959,-0.002532,0.513264,0.188294,-0.016004,0.559331,0.010000,0.838892
9.855000,-0.776659,-0.066182,0.342876,-0.684640,0.575853,-1.145608,1.145608,3.000000,0.894617,0.000000,0.000000,0.000073,-0.000705,-0.000238,0.626957,-0.002541,0.513261,0.188289,-0.016001,0.559111,0.009780,0.827323
9.866000,-0.563831,0.029527,0.453297,-0.471812,0.671563,-1.035186,1.035186,3.000000,0.820733,0.000000,0.000000,-0.000424,-0.001828,-0.000809,0.626955,-0.002553,0.513255,0.188289,-0.016001,0.558891,0.009560,0.828322
9.877000,-0.302235,0.045629,0.537711,-0.210216,0.687665,-0.950773,0.950773,3.000000,0.719078,0.000000,0.000000,-0.000113,-0.001942,0.000683,0.626955,-0.002571,0.513253,0.188289,-0.016001,0.558831,0.009500,0.814614
9.888000,-0.073481,0.059604,0.666976,0.018538,0.701640,-0.821508,0.821508,3.000000,0.701885,0.000000,0.000000,0.000213,-0.000857,-0.000739,0.626956,-0.002580,0.513246,0.188289,-0.016001,0.558831,0.009500,0.826814
9.899000,0.071380,0.018417,0.810532,0.163400,0.660453,-0.677952,0.677952,3.000000,0.680365,0.000000,0.000000,0.000026,-0.000582,0.000121,0.626954,-0.002594,0.513248,0.188289,-0.016001,0.558831,0.009500,0.819477
9.910000,0.293469,0.031439,0.913999,0.385488,0.673475,-0.574485,0.574485,3.000000,0.775996,0.000000,0.000000,-0.000543,-0.000586,-0.001261,0.626952,-0.002601,0.513241,0.188289,-0.016001,0.558831,0.009500,0.831328
9.921000,0.427490,0.043444,1.137702,0.519509,0.685480,-0.350782,0.350782,3.000000,0.860100,0.000000,0.000000,0.000025,-0.000001,-0.000747,0.626951,-0.002608,0.513232,0.188289,-0.016001,0.558831,0.009500,0.827117
9.932000,0.704238,0.074768,1.239725,0.796258,0.716804,-0.248759,0.248759,3.000000,1.071370,0.003716,0.003345,-0.000202,-0.001658,-0.000610,0.626950,-0.002617,0.513230,0.188308,-0.015984,0.558831,0.009500,0.826009
9.943000,0.877309,0.102461,1.351958,0.969329,0.744496,-0.136526,0.136526,3.000000,1.222241,0.003965,0.003046,0.000468,-0.000307,-0.000382,0.626951,-0.002616,0.513233,0.188350,-0.015949,0.558831,0.009500,0.824005
9.954000,0.973822,0.121965,1.433642,1.065841,0.764001,-0.054842,0.054842,3.000000,1.311379,0.004064,0.002913,0.000080,-0.000594,-0.000563,0.626949,-0.002617,0.513236,0.188394,-0.015916,0.558831,0.009500,0.825485
9.965000,1.092286,0.145751,1.473487,1.184305,0.787787,-0.014997,0.014997,3.000000,1.422388,0.004163,0.002769,-0.000106,-0.001257,0.000782,0.626949,-0.002624,0.513237,0.188440,-0.015886,0.558831,0.009500,0.814059
9.976000,1.193783,0.182776,1.492994,1.285803,0.824812,0.004510,0.000000,3.000000,1.527614,0.004209,0.002700,-0.000236,-0.000734,0.001787,0.626948,-0.002629,0.513244,0.188486,-0.015855,0.558831,0.009500,0.805416
9.987000,1.374644,0.204494,1.471904,1.466664,0.846530,-0.016580,0.016580,3.000000,1.693433,0.004330,0.002499,0.000292,-0.001663,0.001317,0.626947,-0.002638,0.513253,0.188533,-0.015827,0.558831,0.009500,0.809237
9.998000,1.660519,0.197376,1.470053,1.752538,0.839412,-0.018431,0.018431,3.000000,1.943194,0.004509,0.002160,-0.000595,-0.001102,0.001919,0.626941,-0.002643,0.513271,0.188581,-0.015801,0.558831,0.009500,0.803808
10.009000,2.042180,0.162956,1.509465,2.134199,0.804992,0.020981,0.000000,3.000000,2.280969,0.004678,0.001765,0.000046,-0.000457,0.001897,0.626937,-0.002645,0.513289,0.188632,-0.015779,0.558831,0.009500,0.803660
10.020000,2.356371,0.114108,1.568572,2.448390,0.756144,0.080088,0.000000,3.000000,2.562492,0.004777,0.001475,-0.000272,0.000750,0.001341,0.626932,-0.002641,0.513311,0.188684,-0.015761,0.558831,0.009500,0.807984
10.031000,2.611447,0.044262,1.620673,2.703466,0.686298,0.132189,0.000000,3.000000,2.789218,0.004846,0.001230,-0.000317,0.001866,0.001325,0.626926,-0.002636,0.513326,0.188737,-0.015747,0.558831,0.009500,0.807846
10.042000,2.870953,0.127878,1.608535,2.962972,0.769914,0.120051,0.000000,3.000000,3.061368,0.004839,0.001257,-0.000516,-0.001222,0.001203,0.626922,-0.002646,0.513345,0.188790,-0.015733,0.558831,0.009500,0.808546
10.053000,2.888083,0.104326,1.621692,2.980103,0.746362,0.133208,0.000000,3.000000,3.072144,0.004850,0.001215,-0.000082,-0.000563,0.000613,0.626918,-0.002648,0.513361,0.188844,-0.015720,0.558831,0.009500,0.813267
10.064000,2.786363,0.163397,1.642943,2.878382,0.805433,0.154460,0.000000,3.000000,2.988948,0.004815,0.001347,0.000110,-0.000669,-0.001301,0.626917,-0.002648,0.513362,0.188897,-0.015706,0.558831,0.009500,0.829496
10.075000,2.597883,0.157788,1.692049,2.689902,0.799824,0.203566,0.000000,3.000000,2.806295,0.004793,0.001425,-0.000182,0.000399,-0.000110,0.626917,-0.002649,0.513361,0.188949,-0.015690,0.558831,0.009500,0.819404
10.086000,2.571608,0.138434,1.623769,2.663627,0.780470,0.135285,0.000000,3.000000,2.775616,0.004798,0.001406,-0.000143,0.001097,0.000531,0.626917,-0.002647,0.513361,0.189002,-0.015675,0.558831,0.009500,0.813958
10.097000,2.582053,0.094695,1.550911,2.674073,0.736731,0.062427,0.000000,3.000000,2.773705,0.004820,0.001328,-0.000127,0.000131,0.000096,0.626917,-0.002648,0.513355,0.189055,-0.015660,0.558831,0.009500,0.817758
10.108000,2.515178,0.075509,1.515708,2.607197,0.717545,0.027225,0.000000,3.000000,2.704135,0.004821,0.001327,0.000090,-0.000185,-0.000669,0.626917,-0.002647,0.513353,0.189108,-0.015645,0.558831,0.009500,0.824290
10.119000,2.436812,0.114052,1.514096,2.528831,0.756088,0.025612,0.000000,3.000000,2.639442,0.004790,0.001432,0.000028,0.000544,-0.000372,0.626917,-0.002643,0.513354,0.189161,-0.015630,0.558831,0.009500,0.821752
10.130000,2.374725,0.086919,1.506822,2.466745,0.728955,0.018338,0.000000,3.000000,2.572198,0.004795,0.001417,-0.000408,-0.001601,0.000521,0.626916,-0.002648,0.513354,0.189214,-0.015615,0.558831,0.009500,0.814175
10.141000,2.357563,0.125559,1.498658,2.449582,0.767594,0.010174,0.000000,3.000000,2.567032,0.004771,0.001495,-0.000091,-0.000343,-0.001388,0.626916,-0.002645,0.513346,0.189266,-0.015599,0.558831,0.009500,0.830506
10.152000,2.427570,0.098464,1.473383,2.519589,0.740500,-0.015101,0.015101,3.000000,2.626151,0.004797,0.001410,-0.000534,-0.000494,0.000545,0.626914,-0.002649,0.513352,0.189319,-0.015583,0.558831,0.009500,0.813996
10.163000,2.424704,0.037068,1.519499,2.516723,0.679104,0.031015,0.000000,3.000000,2.606737,0.004827,0.001303,-0.000238,-0.000155,0.000728,0.626912,-0.002647,0.513349,0.189372,-0.015568,0.558831,0.009500,0.812499
10.174000,2.528603,0.044557,1.525290,2.620622,0.686592,0.036806,0.000000,3.000000,2.709072,0.004837,0.001267,-0.000027,-0.001185,0.000407,0.626910,-0.002648,0.513350,0.189425,-0.015554,0.558831,0.009500,0.815216
10.185000,2.728665,0.007838,1.527108,2.820684,0.649873,0.038624,0.000000,3.000000,2.894580,0.004872,0.001123,0.000023,-0.000777,0.001155,0.626909,-0.002647,0.513361,0.189479,-0.015540,0.558831,0.009500,0.808667
10.196000,2.994328,-0.007491,1.542800,3.086348,0.634545,0.054316,0.000000,3.000000,3.150903,0.004898,0.001007,-0.000343,-0.000430,0.000695,0.626906,-0.002646,0.513367,0.189532,-0.015529,0.558831,0.009500,0.812466
10.207000,3.060643,0.004873,1.704748,3.152662,0.646909,0.216264,0.000000,3.000000,3.218349,0.004898,0.001005,-0.000091,0.000497,-0.001092,0.626906,-0.002646,0.513362,0.189586,-0.015518,0.558831,0.009500,0.827708
10.218000,3.097172,0.094156,1.769258,3.189192,0.736192,0.280774,0.000000,3.000000,3.273060,0.004872,0.001125,0.000010,0.000073,-0.000131,0.626906,-0.002656,0.513358,0.189640,-0.015506,0.558831,0.009500,0.819631
10.229000,3.126495,0.134397,1.819704,3.218515,0.776433,0.331220,0.000000,3.000000,3.310843,0.004861,0.001173,-0.000300,-0.000107,-0.001273,0.626903,-0.002663,0.513346,0.189693,-0.015493,0.558831,0.009500,0.829533
10.240000,3.256194,0.143546,1.902633,3.348213,0.785582,0.414149,0.000000,3.000000,3.439138,0.004868,0.001142,-0.000198,-0.000355,-0.000971,0.626902,-0.002669,0.513339,0.189747,-0.015481,0.558831,0.009500,0.827100
10.251000,3.365214,0.135953,1.966218,3.457234,0.777989,0.477734,0.000000,3.000000,3.543689,0.004878,0.001098,0.000075,-0.001028,-0.001127,0.626902,-0.002674,0.513333,0.189801,-0.015468,0.558831,0.009500,0.828520
10.262000,3.464468,0.073953,2.024742,3.556487,0.715989,0.536258,0.000000,3.000000,3.627842,0.004902,0.000987,-0.000229,0.001441,-0.000226,0.626901,-0.002672,0.513329,0.189854,-0.015457,0.558831,0.009500,0.820956
10.273000,3.435753,0.085188,2.102599,3.527773,0.727223,0.614115,0.000000,3.000000,3.601949,0.004897,0.001009,-0.000476,0.000611,0.000091,0.626900,-0.002673,0.513322,0.189908,-0.015446,0.558831,0.009500,0.818398
10.284000,3.488762,0.059703,2.125847,3.580781,0.701739,0.637363,0.000000,3.000000,3.648894,0.004907,0.000962,-0.000471,0.001538,-0.000376,0.626897,-0.002672,0.513316,0.189962,-0.015435,0.558831,0.009500,0.822475
10.295000,3.591875,0.160679,2.088287,3.683895,0.802715,0.599803,0.000000,3.000000,3.770336,0.004885,0.001065,-0.000101,-0.000916,-0.001263,0.626897,-0.002683,0.513315,0.190016,-0.015424,0.558831,0.009500,0.830000
10.306000,3.638994,0.173119,2.038270,3.731013,0.815155,0.549786,0.000000,3.000000,3.819023,0.004885,0.001067,-0.000350,0.001194,0.000927,0.626894,-0.002682,0.513328,0.190070,-0.015413,0.558831,0.009500,0.811190
10.317000,3.902606,0.131420,1.941688,3.994625,0.773455,0.453205,0.000000,3.000000,4.068816,0.004909,0.000950,-0.000686,0.000894,0.002232,0.626888,-0.002682,0.513353,0.190124,-0.015402,0.558831,0.009500,0.799664
10.328000,4.344335,0.081434,1.905490,4.436354,0.723470,0.417006,0.000000,3.000000,4.494958,0.004935,0.000805,-0.001032,-0.000461,0.003255,0.626879,-0.002689,0.513385,0.190178,-0.015392,0.558831,0.009500,0.790421
10.339000,4.920115,0.052116,1.847671,5.012135,0.694152,0.359187,0.000000,3.000000,5.059974,0.004953,0.000686,-0.001931,-0.000068,0.005083,0.626863,-0.002689,0.513435,0.190232,-0.015384,0.558831,0.009500,0.774001
10.350000,5.274171,0.018883,1.775240,5.366190,0.660919,0.286756,0.000000,3.000000,5.406738,0.004963,0.000611,-0.002178,0.002289,0.007404,0.626840,-0.002681,0.513514,0.190287,-0.015377,0.558831,0.009500,0.752875
10.361000,5.395795,0.049181,1.737696,5.487814,0.691217,0.249212,0.000000,3.000000,5.531174,0.004961,0.000625,-0.002326,0.000392,0.006461,0.626817,-0.002683,0.513595,0.190341,-0.015370,0.558831,0.009500,0.759419
10.372000,5.230101,0.081633,1.824687,5.322121,0.723668,0.336203,0.000000,3.000000,5.371095,0.004954,0.000674,-0.001984,-0.000112,0.006938,0.626792,-0.002686,0.513679,0.190396,-0.015363,0.558831,0.009500,0.753875
10.383000,5.033287,0.142040,1.895902,5.125306,0.784075,0.407418,0.000000,3.000000,5.184934,0.004942,0.000756,-0.002214,-0.001972,0.007350,0.626769,-0.002688,0.513755,0.190450,-0.015355,0.558831,0.009500,0.749011
10.394000,4.778857,0.182068,1.966414,4.870877,0.824104,0.477930,0.000000,3.000000,4.940100,0.004930,0.000834,-0.001641,0.000871,0.007192,0.626748,-0.002687,0.513826,0.190505,-0.015346,0.558831,0.009500,0.749074
10.405000,4.808994,0.125671,1.923855,4.901013,0.767707,0.435371,0.000000,3.000000,4.960777,0.004940,0.000774,-0.002107,0.000204,0.006555,0.626725,-0.002690,0.513896,0.190559,-0.015337,0.558831,0.009500,0.753215
10.416000,5.108449,0.177806,1.824474,5.200468,0.819841,0.335990,0.000000,3.000000,5.264694,0.004939,0.000779,-0.002664,-0.000704,0.008768,0.626696,-0.002700,0.513989,0.190613,-0.015329,0.558831,0.009500,0.732753
10.427000,5.411395,0.262364,1.704218,5.503414,0.904400,0.215734,0.000000,3.000000,5.577231,0.004934,0.000811,-0.003149,-0.001222,0.011311,0.626661,-0.002712,0.514107,0.190668,-0.015320,0.558831,0.009500,0.709058
10.438000,5.528379,0.311670,1.687509,5.620399,0.953706,0.199025,0.000000,3.000000,5.700740,0.004930,0.000836,-0.003151,-0.001094,0.011551,0.626623,-0.002726,0.514232,0.190722,-0.015311,0.558831,0.009500,0.704772
10.449000,5.568859,0.365148,1.665654,5.660878,1.007183,0.177170,0.000000,3.000000,5.749779,0.004923,0.000876,-0.004143,-0.001119,0.012907,0.626582,-0.002749,0.514362,0.190776,-0.015302,0.558831,0.009500,0.690931
10.460000,5.459944,0.443084,1.722894,5.551964,1.085120,0.234410,0.000000,3.000000,5.657012,0.004907,0.000959,-0.004507,-0.002989,0.013889,0.626537,-0.002783,0.514500,0.190830,-0.015292,0.558831,0.009500,0.680108
10.471000,5.374756,0.513657,1.800469,5.466776,1.155693,0.311985,0.000000,3.000000,5.587599,0.004892,0.001034,-0.004479,-0.003813,0.012402,0.626491,-0.002823,0.514634,0.190884,-0.015281,0.558831,0.009500,0.690323
10.482000,5.351352,0.494072,1.893496,5.443372,1.136108,0.405012,0.000000,3.000000,5.560669,0.004895,0.001022,-0.004745,-0.004468,0.012690,0.626440,-0.002864,0.514773,0.190938,-0.015269,0.558831,0.009500,0.685360
10.493000,5.653536,0.521045,1.920939,5.745556,1.163081,0.432455,0.000000,3.000000,5.862096,0.004901,0.000992,-0.008920,-0.004647,0.013762,0.626360,-0.002911,0.514925,0.190992,-0.015258,0.558831,0.009500,0.673539
10.504000,5.994676,0.537368,1.902422,6.086696,1.179403,0.413938,0.000000,3.000000,6.199908,0.004909,0.000951,-0.011168,-0.004916,0.013125,0.626232,-0.002960,0.515070,0.191046,-0.015247,0.558831,0.009500,0.676330
10.515000,6.159987,0.558903,1.936635,6.252006,1.200939,0.448151,0.000000,3.000000,6.366304,0.004910,0.000943,-0.012046,-0.004764,0.014786,0.626101,-0.003005,0.515224,0.191100,-0.015237,0.558831,0.009500,0.659470
10.526000,6.115028,0.523762,2.034676,6.207047,1.165798,0.546192,0.000000,3.000000,6.315577,0.004914,0.000923,-0.011655,-0.004819,0.014826,0.625976,-0.003054,0.515381,0.191154,-0.015227,0.558831,0.009500,0.656301
10.537000,6.169243,0.497289,2.088360,6.261262,1.139325,0.599876,0.000000,3.000000,6.364076,0.004919,0.000895,-0.012255,-0.004909,0.014389,0.625840,-0.003096,0.515537,0.191208,-0.015217,0.558831,0.009500,0.657201
10.548000,6.492938,0.431222,2.155752,6.584957,1.073257,0.667268,0.000000,3.000000,6.671847,0.004935,0.000804,-0.012805,-0.004222,0.015387,0.625702,-0.003140,0.515699,0.191262,-0.015207,0.558831,0.009500,0.645815
10.559000,6.909013,0.453238,2.245782,7.001032,1.095274,0.757298,0.000000,3.000000,7.086189,0.004940,0.000773,-0.012940,-0.003105,0.016854,0.625561,-0.003182,0.515883,0.191316,-0.015199,0.558831,0.009500,0.630061
10.570000,7.172595,0.369024,2.359789,7.264614,1.011060,0.871305,0.000000,3.000000,7.334634,0.004952,0.000689,-0.013404,-0.004752,0.017798,0.625415,-0.003228,0.516073,0.191371,-0.015191,0.558831,0.009500,0.618630
10.581000,7.586166,0.392584,2.315551,7.678185,1.034620,0.827067,0.000000,3.000000,7.747578,0.004955,0.000668,-0.013530,-0.003169,0.020250,0.625261,-0.003268,0.516288,0.191425,-0.015183,0.558831,0.009500,0.593961
10.592000,7.491984,0.430180,2.407205,7.584003,1.072216,0.918721,0.000000,3.000000,7.659422,0.004951,0.000700,-0.013527,-0.004444,0.019058,0.625115,-0.003320,0.516494,0.191480,-0.015176,0.558831,0.009500,0.600358
10.603000,7.373035,0.485762,2.603571,7.465054,1.127798,1.115087,0.000000,3.000000,7.549766,0.004944,0.000747,-0.012855,-0.004843,0.018642,0.624970,-0.003376,0.516708,0.191534,-0.015168,0.558831,0.009500,0.600028
10.614000,7.367347,0.501100,2.701309,7.459366,1.143136,1.212825,0.000000,3.000000,7.546450,0.004942,0.000757,-0.012469,-0.006303,0.019290,0.624835,-0.003442,0.516918,0.191588,-0.015160,0.558831,0.009500,0.590750
10.625000,7.336133,0.626931,2.826803,7.428152,1.268967,1.338319,0.000000,3.000000,7.535763,0.004929,0.000842,-0.012622,-0.006138,0.019093,0.624704,-0.003510,0.517120,0.191643,-0.015151,0.558831,0.009500,0.588797
10.636000,7.629272,0.558351,2.866524,7.721291,1.200387,1.378041,0.000000,3.000000,7.814043,0.004941,0.000768,-0.012387,-0.004913,0.019490,0.624565,-0.003583,0.517336,0.191697,-0.015142,0.558831,0.009500,0.581543
10.647000,7.840456,0.595373,2.899453,7.932475,1.237409,1.410969,0.000000,3.000000,8.028408,0.004940,0.000771,-0.013240,-0.006089,0.020038,0.624420,-0.003659,0.517560,0.191751,-0.015134,0.558831,0.009500,0.572855
10.658000,8.110278,0.564758,2.866700,8.202297,1.206794,1.378216,0.000000,3.000000,8.290599,0.004947,0.000728,-0.013890,-0.006395,0.020630,0.624267,-0.003738,0.517789,0.191806,-0.015125,0.558831,0.009500,0.563701
10.669000,8.027340,0.640335,2.994365,8.119359,1.282371,1.505881,0.000000,3.000000,8.220004,0.004939,0.000780,-0.014369,-0.007930,0.020565,0.624109,-0.003827,0.518015,0.191860,-0.015117,0.558831,0.009500,0.560199
10.680000,7.846851,0.703547,3.115394,7.938870,1.345582,1.626910,0.000000,3.000000,8.052096,0.004930,0.000836,-0.014494,-0.009703,0.019902,0.623949,-0.003925,0.518231,0.191914,-0.015108,0.558831,0.009500,0.561929
10.691000,7.406888,0.743429,3.293552,7.498907,1.385465,1.805068,0.000000,3.000000,7.625820,0.004917,0.000908,-0.013861,-0.008682,0.017735,0.623800,-0.004020,0.518423,0.191969,-0.015099,0.558831,0.009500,0.576861
10.702000,7.281714,0.874327,3.416350,7.373733,1.516363,1.927866,0.000000,3.000000,7.528034,0.004898,0.001007,-0.013063,-0.010354,0.016254,0.623653,-0.004135,0.518603,0.192023,-0.015088,0.558831,0.009500,0.586200
10.713000,7.324977,1.005743,3.497729,7.416996,1.647779,2.009245,0.000000,3.000000,7.597829,0.004881,0.001084,-0.012421,-0.014045,0.017723,0.623515,-0.004268,0.518783,0.192076,-0.015077,0.558831,0.009500,0.570490
10.724000,7.638840,1.019756,3.503929,7.730859,1.661791,2.015445,0.000000,3.000000,7.907448,0.004888,0.001051,-0.012766,-0.011882,0.017073,0.623371,-0.004405,0.518974,0.192130,-0.015065,0.558831,0.009500,0.572564
10.735000,7.813937,0.747468,3.552916,7.905957,1.389504,2.064432,0.000000,3.000000,8.027134,0.004925,0.000866,-0.012713,-0.010565,0.018721,0.623233,-0.004523,0.519164,0.192184,-0.015054,0.558831,0.009500,0.555157
10.746000,7.877957,0.813838,3.549418,7.969977,1.455874,2.060934,0.000000,3.000000,8.101857,0.004919,0.000898,-0.011270,-0.012806,0.017183,0.623108,-0.004656,0.519345,0.192238,-0.015045,0.558831,0.009500,0.564950
10.757000,7.565059,1.045404,3.672731,7.657078,1.687440,2.184247,0.000000,3.000000,7.840810,0.004883,0.001076,-0.010407,-0.013278,0.016069,0.622988,-0.004813,0.519519,0.192292,-0.015034,0.558831,0.009500,0.571275
10.768000,7.406984,0.917791,3.770897,7.499003,1.559827,2.282413,0.000000,3.000000,7.659511,0.004895,0.001018,-0.009963,-0.010908,0.014084,0.622878,-0.004950,0.519675,0.192346,-0.015022,0.558831,0.009500,0.585298
10.779000,7.383100,0.722754,3.825423,7.475119,1.364790,2.336940,0.000000,3.000000,7.598688,0.004919,0.000898,-0.009569,-0.011843,0.013037,0.622774,-0.005076,0.519826,0.192400,-0.015012,0.558831,0.009500,0.591469
10.790000,7.264304,0.763199,3.864369,7.356323,1.405235,2.375885,0.000000,3.000000,7.489337,0.004911,0.000938,-0.009482,-0.011333,0.012904,0.622673,-0.005209,0.519971,0.192454,-0.015002,0.558831,0.009500,0.589979
10.801000,7.306802,0.819523,3.911272,7.398821,1.461559,2.422788,0.000000,3.000000,7.541798,0.004905,0.000969,-0.008859,-0.013177,0.013100,0.622576,-0.005346,0.520111,0.192508,-0.014991,0.558831,0.009500,0.585813
10.812000,7.499661,0.726399,3.847471,7.591681,1.368435,2.358987,0.000000,3.000000,7.714028,0.004921,0.000887,-0.009594,-0.011281,0.013683,0.622474,-0.005471,0.520254,0.192562,-0.014981,0.558831,0.009500,0.578283
10.823000,7.571385,0.562879,3.856914,7.663404,1.204915,2.368430,0.000000,3.000000,7.757550,0.004939,0.000777,-0.009944,-0.010269,0.013113,0.622368,-0.005579,0.520391,0.192616,-0.014972,0.558831,0.009500,0.580657
10.834000,7.588222,0.650004,3.860667,7.680242,1.292040,2.372183,0.000000,3.000000,7.788163,0.004931,0.000829,-0.010423,-0.010326,0.012731,0.622260,-0.005690,0.520523,0.192670,-0.014963,0.558831,0.009500,0.581513
10.845000,7.522627,0.644551,3.942957,7.614646,1.286587,2.454473,0.000000,3.000000,7.722574,0.004930,0.000833,-0.010782,-0.009455,0.011927,0.622145,-0.005796,0.520647,0.192725,-0.014954,0.558831,0.009500,0.586112
10.856000,7.549580,0.579552,3.991902,7.641600,1.221588,2.503418,0.000000,3.000000,7.738625,0.004937,0.000789,-0.011461,-0.009166,0.009405,0.622025,-0.005893,0.520758,0.192779,-0.014945,0.558831,0.009500,0.605517
10.867000,7.714369,0.417212,4.020081,7.806388,1.059247,2.531598,0.000000,3.000000,7.877925,0.004955,0.000672,-0.012380,-0.005324,0.009601,0.621890,-0.005962,0.520871,0.192833,-0.014937,0.558831,0.009500,0.601814
10.878000,7.905211,0.356710,4.009986,7.997230,0.998746,2.521503,0.000000,3.000000,8.059354,0.004961,0.000620,-0.014594,-0.005258,0.009611,0.621731,-0.006030,0.520981,0.192888,-0.014930,0.558831,0.009500,0.599753
10.889000,7.922504,0.316091,4.093459,8.014523,0.958127,2.604975,0.000000,3.000000,8.071591,0.004965,0.000594,-0.015447,-0.004501,0.008169,0.621566,-0.006084,0.521074,0.192942,-0.014923,0.558831,0.009500,0.610310
10.900000,8.050210,0.275745,4.066217,8.142229,0.917781,2.577733,0.000000,3.000000,8.193792,0.004969,0.000560,-0.016519,-0.003910,0.007746,0.621387,-0.006130,0.521173,0.192997,-0.014917,0.558831,0.009500,0.612121
10.911000,8.177743,0.198243,4.034827,8.269762,0.840279,2.546343,0.000000,3.000000,8.312343,0.004974,0.000505,-0.016953,-0.003500,0.009054,0.621202,-0.006167,0.521265,0.193052,-0.014911,0.558831,0.009500,0.599356
10.922000,8.367860,0.131973,3.950649,8.459880,0.774009,2.462165,0.000000,3.000000,8.495213,0.004979,0.000456,-0.017962,-0.001104,0.009151,0.621004,-0.006195,0.521366,0.193107,-0.014906,0.558831,0.009500,0.596729
10.933000,8.442446,0.248257,4.022799,8.534465,0.890293,2.534315,0.000000,3.000000,8.580776,0.004973,0.000519,-0.019610,-0.004067,0.009163,0.620792,-0.006229,0.521464,0.193161,-0.014900,0.558831,0.009500,0.594855
10.944000,8.619172,0.203260,3.995592,8.711192,0.845296,2.507108,0.000000,3.000000,8.752107,0.004977,0.000483,-0.021812,-0.000505,0.009987,0.620561,-0.006247,0.521564,0.193216,-0.014895,0.558831,0.009500,0.586066
10.955000,8.869503,0.170175,4.014755,8.961523,0.812210,2.526271,0.000000,3.000000,8.998254,0.004980,0.000451,-0.023981,-0.000747,0.010157,0.620303,-0.006271,0.521665,0.193271,-0.014890,0.558831,0.009500,0.582816
10.966000,9.053190,0.252782,3.897383,9.145209,0.894818,2.408899,0.000000,3.000000,9.188882,0.004976,0.000487,-0.025996,-0.001926,0.010832,0.620023,-0.006293,0.521778,0.193326,-0.014885,0.558831,0.009500,0.575051
10.977000,8.978583,0.292201,3.899393,9.070603,0.934237,2.410909,0.000000,3.000000,9.118587,0.004974,0.000512,-0.027139,-0.002194,0.011993,0.619733,-0.006316,0.521891,0.193380,-0.014879,0.558831,0.009500,0.563159
10.988000,8.963202,0.290217,3.877311,9.055221,0.932252,2.388827,0.000000,3.000000,9.103083,0.004974,0.000512,-0.028118,-0.001156,0.010996,0.619422,-0.006334,0.522013,0.193435,-0.014874,0.558831,0.009500,0.569437
10.999000,8.968160,0.337444,3.837396,9.060180,0.979480,2.348912,0.000000,3.000000,9.112971,0.004971,0.000537,-0.029431,-0.002334,0.012497,0.619102,-0.006354,0.522139,0.193490,-0.014868,0.558831,0.009500,0.554421
11.010000,8.934414,0.374374,3.855308,9.026433,1.016410,2.366825,0.000000,3.000000,9.083479,0.004969,0.000559,-0.030112,-0.002186,0.011950,0.618778,-0.006378,0.522268,0.193544,-0.014862,0.558831,0.009500,0.556742
11.021000,9.052420,0.353055,3.868849,9.144439,0.995091,2.380365,0.000000,3.000000,9.198422,0.004971,0.000541,-0.030941,-0.002646,0.012243,0.618443,-0.006402,0.522401,0.193599,-0.014856,0.558831,0.009500,0.551857
11.032000,9.149087,0.405706,3.908941,9.241106,1.047742,2.420457,0.000000,3.000000,9.300312,0.004968,0.000563,-0.032346,-0.002283,0.013565,0.618094,-0.006430,0.522542,0.193654,-0.014850,0.558831,0.009500,0.538108
11.043000,9.155955,0.447742,3.901094,9.247974,1.089778,2.412610,0.000000,3.000000,9.311962,0.004966,0.000585,-0.033271,-0.003646,0.013669,0.617730,-0.006470,0.522671,0.193708,-0.014843,0.558831,0.009500,0.534898
11.054000,9.285001,0.438321,3.809237,9.377021,1.080357,2.320753,0.000000,3.000000,9.439051,0.004967,0.000572,-0.033161,-0.003970,0.013744,0.617365,-0.006505,0.522810,0.193763,-0.014837,0.558831,0.009500,0.531754
11.065000,9.257763,0.502994,3.787207,9.349783,1.145029,2.298723,0.000000,3.000000,9.419635,0.004963,0.000608,-0.031722,-0.004265,0.013184,0.617009,-0.006550,0.522953,0.193818,-0.014830,0.558831,0.009500,0.533939
11.076000,9.223183,0.529253,3.888676,9.315203,1.171289,2.400192,0.000000,3.000000,9.388552,0.004961,0.000624,-0.031198,-0.004734,0.014260,0.616663,-0.006599,0.523111,0.193872,-0.014824,0.558831,0.009500,0.521968
11.087000,9.357986,0.572813,3.892746,9.450006,1.214849,2.404262,0.000000,3.000000,9.527773,0.004959,0.000638,-0.030111,-0.005403,0.014314,0.616329,-0.006660,0.523273,0.193927,-0.014817,0.558831,0.009500,0.518597
11.098000,9.691113,0.567401,3.897869,9.783133,1.209437,2.409385,0.000000,3.000000,9.857607,0.004962,0.000613,-0.031343,-0.006599,0.016648,0.615986,-0.006732,0.523452,0.193981,-0.014810,0.558831,0.009500,0.495568
11.109000,9.822324,0.567372,4.019985,9.914343,1.209408,2.531501,0.000000,3.000000,9.987836,0.004963,0.000605,-0.032040,-0.007195,0.016136,0.615635,-0.006809,0.523622,0.194036,-0.014803,0.558831,0.009500,0.496852
11.120000,9.949386,0.616670,4.012997,10.041405,1.258706,2.524513,0.000000,3.000000,10.119988,0.004961,0.000622,-0.033336,-0.007549,0.015531,0.615273,-0.006893,0.523796,0.194090,-0.014796,0.558831,0.009500,0.498853
11.131000,9.734144,0.642700,4.132546,9.826163,1.284736,2.644062,0.000000,3.000000,9.909795,0.004958,0.000648,-0.035533,-0.009215,0.014236,0.614895,-0.006983,0.523950,0.194145,-0.014789,0.558831,0.009500,0.507066
11.142000,9.354676,0.713877,4.262801,9.446695,1.355913,2.774317,0.000000,3.000000,9.543508,0.004949,0.000710,-0.036245,-0.008295,0.010094,0.614486,-0.007076,0.524072,0.194199,-0.014782,0.558831,0.009500,0.540011
11.153000,8.992472,0.716840,4.394298,9.084492,1.358875,2.905814,0.000000,3.000000,9.185561,0.004945,0.000740,-0.037843,-0.007814,0.008928,0.614077,-0.007165,0.524179,0.194254,-0.014774,0.558831,0.009500,0.547984
11.164000,9.065011,0.648541,4.414918,9.157030,1.290577,2.926434,0.000000,3.000000,9.247529,0.004951,0.000698,-0.039925,-0.008469,0.009709,0.613639,-0.007255,0.524277,0.194308,-0.014766,0.558831,0.009500,0.539598
11.175000,9.622307,0.502856,4.265862,9.714326,1.144892,2.777378,0.000000,3.000000,9.781560,0.004966,0.000585,-0.042861,-0.006128,0.010691,0.613174,-0.007326,0.524390,0.194363,-0.014759,0.558831,0.009500,0.529231
11.186000,10.047620,0.475317,4.198311,10.139639,1.117353,2.709827,0.000000,3.000000,10.201018,0.004970,0.000548,-0.044922,-0.006324,0.011605,0.612692,-0.007396,0.524520,0.194417,-0.014753,0.558831,0.009500,0.519135
11.197000,10.507869,0.335391,4.018631,10.599888,0.977427,2.530147,0.000000,3.000000,10.644858,0.004979,0.000459,-0.046908,-0.004428,0.011937,0.612173,-0.007456,0.524658,0.194472,-0.014747,0.558831,0.009500,0.513828
11.208000,10.141075,0.211973,4.088064,10.233094,0.854009,2.599580,0.000000,3.000000,10.268668,0.004983,0.000416,-0.045949,-0.003999,0.011267,0.611670,-0.007496,0.524788,0.194527,-0.014742,0.558831,0.009500,0.517164
11.219000,9.595437,0.165953,4.106354,9.687456,0.807989,2.617870,0.000000,3.000000,9.721094,0.004983,0.000416,-0.046575,-0.001560,0.012345,0.611158,-0.007526,0.524920,0.194582,-0.014738,0.558831,0.009500,0.505651
11.230000,9.355854,0.050161,4.069990,9.447873,0.692196,2.581506,0.000000,3.000000,9.473196,0.004987,0.000365,-0.047599,-0.001264,0.011442,0.610629,-0.007543,0.525056,0.194637,-0.014734,0.558831,0.009500,0.510857
11.241000,9.362064,0.023040,4.101823,9.454083,0.665075,2.613339,0.000000,3.000000,9.477448,0.004988,0.000351,-0.048099,0.001135,0.011917,0.610095,-0.007544,0.525189,0.194691,-0.014730,0.558831,0.009500,0.504443
11.252000,9.582663,0.047797,4.044502,9.674682,0.689832,2.556018,0.000000,3.000000,9.699245,0.004987,0.000356,-0.049148,0.000575,0.014573,0.609556,-0.007543,0.525349,0.194746,-0.014726,0.558831,0.009500,0.479024
11.263000,9.845652,0.009009,3.983353,9.937671,0.651045,2.494869,0.000000,3.000000,9.958974,0.004989,0.000327,-0.050391,0.001628,0.015250,0.609005,-0.007528,0.525512,0.194801,-0.014722,0.558831,0.009500,0.470342
11.274000,10.024730,-0.043962,3.934130,10.116750,0.598074,2.445646,0.000000,3.000000,10.134412,0.004991,0.000295,-0.052010,0.002821,0.014447,0.608443,-0.007506,0.525687,0.194856,-0.014719,0.558831,0.009500,0.474018
11.285000,9.766786,-0.023318,4.057021,9.858805,0.618718,2.568537,0.000000,3.000000,9.878201,0.004990,0.000313,-0.053108,0.003197,0.014542,0.607860,-0.007473,0.525845,0.194911,-0.014715,0.558831,0.009500,0.470350
11.296000,9.639837,-0.094833,4.131814,9.731857,0.547202,2.643330,0.000000,3.000000,9.747228,0.004992,0.000281,-0.054856,0.004240,0.011980,0.607269,-0.007427,0.525978,0.194966,-0.014712,0.558831,0.009500,0.489707
11.307000,9.738997,-0.179461,4.175549,9.831016,0.462575,2.687065,0.000000,3.000000,9.841893,0.004994,0.000235,-0.055870,0.005022,0.012432,0.606640,-0.007373,0.526121,0.195021,-0.014709,0.558831,0.009500,0.483295
11.318000,9.774019,-0.112395,4.203930,9.866039,0.529641,2.715446,0.000000,3.000000,9.880245,0.004993,0.000268,-0.054786,0.004780,0.013147,0.606039,-0.007326,0.526262,0.195076,-0.014706,0.558831,0.009500,0.474685
11.329000,9.883337,-0.057680,4.239654,9.975357,0.584356,2.751170,0.000000,3.000000,9.992458,0.004991,0.000292,-0.056167,0.004921,0.014604,0.605412,-0.007277,0.526425,0.195131,-0.014703,0.558831,0.009500,0.459404
11.340000,9.699500,-0.113005,4.290926,9.791519,0.529030,2.802442,0.000000,3.000000,9.805800,0.004993,0.000270,-0.053422,0.003933,0.015164,0.604818,-0.007225,0.526586,0.195186,-0.014700,0.558831,0.009500,0.451744
11.351000,9.159016,0.003532,4.518840,9.251035,0.645568,3.030356,0.000000,3.000000,9.273533,0.004988,0.000348,-0.049473,0.005105,0.014150,0.604263,-0.007176,0.526737,0.195240,-0.014697,0.558831,0.009500,0.457631
11.362000,8.773377,0.067454,4.628535,8.865397,0.709490,3.140051,0.000000,3.000000,8.893741,0.004984,0.000399,-0.048213,0.001884,0.015285,0.603741,-0.007145,0.526893,0.195295,-0.014693,0.558831,0.009500,0.445181
11.373000,8.822484,0.113076,4.542707,8.914504,0.755112,3.054223,0.000000,3.000000,8.946428,0.004982,0.000422,-0.045625,0.003345,0.016170,0.603229,-0.007111,0.527060,0.195350,-0.014688,0.558831,0.009500,0.434676
11.384000,8.967508,0.159586,4.415963,9.059528,0.801622,2.927479,0.000000,3.000000,9.094924,0.004981,0.000441,-0.044387,0.000494,0.019641,0.602744,-0.007099,0.527258,0.195405,-0.014683,0.558831,0.009500,0.401657
11.395000,9.248058,0.305359,4.256015,9.340077,0.947394,2.767531,0.000000,3.000000,9.388003,0.004974,0.000505,-0.043165,-0.000250,0.022163,0.602264,-0.007097,0.527481,0.195460,-0.014678,0.558831,0.009500,0.376235
11.406000,9.653308,0.286875,4.049394,9.745327,0.928911,2.560910,0.000000,3.000000,9.789499,0.004977,0.000474,-0.043422,0.000164,0.025308,0.601789,-0.007096,0.527744,0.195514,-0.014673,0.558831,0.009500,0.344821
11.417000,9.741530,0.327310,3.988444,9.833550,0.969345,2.499960,0.000000,3.000000,9.881211,0.004976,0.000490,-0.042800,-0.000023,0.024673,0.601313,-0.007106,0.528024,0.195569,-0.014667,0.558831,0.009500,0.345181
11.428000,9.388809,0.318552,4.108498,9.480829,0.960588,2.620014,0.000000,3.000000,9.529367,0.004975,0.000504,-0.040994,-0.001608,0.024628,0.600860,-0.007123,0.528300,0.195624,-0.014662,0.558831,0.009500,0.340593
11.439000,9.124716,0.417604,4.237563,9.216736,1.059639,2.749079,0.000000,3.000000,9.277449,0.004967,0.000571,-0.041157,-0.002169,0.024410,0.600413,-0.007150,0.528568,0.195679,-0.014656,0.558831,0.009500,0.337605
11.450000,9.061499,0.436616,4.465944,9.153518,1.078652,2.977460,0.000000,3.000000,9.216853,0.004966,0.000585,-0.041413,-0.001875,0.023243,0.599968,-0.007177,0.528822,0.195733,-0.014650,0.558831,0.009500,0.342954
11.461000,9.351829,0.476230,4.580506,9.443848,1.118265,3.092022,0.000000,3.000000,9.509826,0.004965,0.000588,-0.041962,-0.004220,0.023361,0.599501,-0.007224,0.529078,0.195788,-0.014643,0.558831,0.009500,0.337343
11.472000,9.629428,0.551029,4.671928,9.721447,1.193065,3.183444,0.000000,3.000000,9.794383,0.004963,0.000609,-0.043316,-0.005885,0.023688,0.599028,-0.007284,0.529329,0.195842,-0.014637,0.558831,0.009500,0.330037
11.483000,9.774889,0.562031,4.726453,9.866908,1.204067,3.237969,0.000000,3.000000,9.940103,0.004963,0.000606,-0.043323,-0.005234,0.022238,0.598551,-0.007339,0.529571,0.195897,-0.014630,0.558831,0.009500,0.337998
11.494000,9.506599,0.534968,4.868027,9.598618,1.177003,3.379543,0.000000,3.000000,9.670513,0.004963,0.000609,-0.042742,-0.004936,0.020111,0.598080,-0.007396,0.529794,0.195952,-0.014623,0.558831,0.009500,0.352018
11.505000,9.424378,0.538662,4.958944,9.516397,1.180698,3.470460,0.000000,3.000000,9.589362,0.004962,0.000616,-0.042965,-0.004918,0.018460,0.597608,-0.007456,0.530008,0.196006,-0.014616,0.558831,0.009500,0.362177
11.516000,9.738378,0.451435,4.997038,9.830398,1.093471,3.508554,0.000000,3.000000,9.891026,0.004969,0.000553,-0.044468,-0.004768,0.020416,0.597122,-0.007510,0.530229,0.196061,-0.014610,0.558831,0.009500,0.341599
11.527000,10.306324,0.306120,5.038208,10.398343,0.948156,3.549724,0.000000,3.000000,10.441481,0.004979,0.000454,-0.047364,-0.003871,0.020532,0.596623,-0.007563,0.530444,0.196116,-0.014605,0.558831,0.009500,0.336747
11.538000,10.781997,0.344298,5.097825,10.874016,0.986334,3.609341,0.000000,3.000000,10.918657,0.004980,0.000452,-0.049157,-0.005686,0.018738,0.596074,-0.007620,0.530662,0.196170,-0.014600,0.558831,0.009500,0.348051
11.549000,10.694997,0.407944,5.252057,10.787016,1.049980,3.763573,0.000000,3.000000,10.837997,0.004976,0.000484,-0.049607,-0.005658,0.017340,0.595526,-0.007681,0.530864,0.196225,-0.014595,0.558831,0.009500,0.356277
11.560000,10.213962,0.441095,5.454679,10.305981,1.083131,3.966195,0.000000,3.000000,10.362742,0.004973,0.000523,-0.047254,-0.005604,0.015312,0.594998,-0.007754,0.531035,0.196280,-0.014589,0.558831,0.009500,0.370413
11.571000,9.919286,0.460166,5.640777,10.011306,1.102202,4.152294,0.000000,3.000000,10.071797,0.004970,0.000547,-0.046899,-0.005759,0.015089,0.594489,-0.007824,0.531195,0.196334,-0.014583,0.558831,0.009500,0.369425
11.582000,10.374446,0.450888,5.752047,10.466466,1.092924,4.263563,0.000000,3.000000,10.523373,0.004973,0.000519,-0.048027,-0.005984,0.015319,0.593962,-0.007895,0.531362,0.196389,-0.014577,0.558831,0.009500,0.364455
11.593000,11.136022,0.482939,5.680637,11.228041,1.124975,4.192153,0.000000,3.000000,11.284258,0.004975,0.000498,-0.046573,-0.006395,0.016762,0.593449,-0.007966,0.531552,0.196444,-0.014572,0.558831,0.009500,0.348786
11.604000,11.631875,0.536385,5.742793,11.723895,1.178421,4.254309,0.000000,3.000000,11.782970,0.004975,0.000500,-0.043935,-0.007469,0.017595,0.592956,-0.008051,0.531747,0.196499,-0.014566,0.558831,0.009500,0.338221
11.615000,11.578713,0.444459,6.014320,11.670732,1.086495,4.525836,0.000000,3.000000,11.721197,0.004978,0.000463,-0.041900,-0.006990,0.016279,0.592484,-0.008126,0.531952,0.196553,-0.014561,0.558831,0.009500,0.345701
11.626000,11.424540,0.310859,6.300896,11.516560,0.952895,4.812412,0.000000,3.000000,11.555914,0.004983,0.000412,-0.039738,-0.006594,0.016868,0.592044,-0.008194,0.532134,0.196608,-0.014556,0.558831,0.009500,0.337425
11.637000,11.370207,0.325253,6.531521,11.462226,0.967288,5.043037,0.000000,3.000000,11.502968,0.004982,0.000420,-0.036913,-0.007859,0.017528,0.591630,-0.008277,0.532315,0.196663,-0.014552,0.558831,0.009500,0.328563
11.648000,11.411427,0.498909,6.723164,11.503446,1.140944,5.234680,0.000000,3.000000,11.559889,0.004976,0.000493,-0.033974,-0.009299,0.014905,0.591249,-0.008370,0.532484,0.196718,-0.014546,0.558831,0.009500,0.347774
11.659000,11.334500,0.488478,6.848576,11.426519,1.130514,5.360092,0.000000,3.000000,11.482308,0.004976,0.000492,-0.029914,-0.008406,0.015107,0.590910,-0.008457,0.532656,0.196772,-0.014541,0.558831,0.009500,0.342965
11.670000,11.283833,0.466604,6.982241,11.375853,1.108640,5.493757,0.000000,3.000000,11.429747,0.004976,0.000485,-0.026603,-0.008873,0.016210,0.590611,-0.008550,0.532832,0.196827,-0.014536,0.558831,0.009500,0.330445
11.681000,11.160434,0.419167,7.069232,11.252453,1.061202,5.580748,0.000000,3.000000,11.302382,0.004978,0.000469,-0.022856,-0.007139,0.015065,0.590357,-0.008635,0.532980,0.196882,-0.014530,0.558831,0.009500,0.337488
11.692000,11.279766,0.361630,7.128559,11.371786,1.003666,5.640075,0.000000,3.000000,11.415991,0.004981,0.000440,-0.020567,-0.006882,0.012360,0.590125,-0.008718,0.533129,0.196937,-0.014525,0.558831,0.009500,0.357755
11.703000,11.487713,0.238656,7.310140,11.579732,0.880691,5.821656,0.000000,3.000000,11.613174,0.004986,0.000379,-0.020669,-0.006753,0.012088,0.589899,-0.008793,0.533256,0.196992,-0.014521,0.558831,0.009500,0.357785
11.714000,11.665755,0.043399,7.441902,11.757775,0.685435,5.953418,0.000000,3.000000,11.777737,0.004992,0.000291,-0.022323,-0.004814,0.007943,0.589656,-0.008844,0.533347,0.197046,-0.014517,0.558831,0.009500,0.391313
11.725000,11.594836,-0.038018,7.549776,11.686856,0.604018,6.061292,0.000000,3.000000,11.702454,0.004993,0.000258,-0.024433,-0.004691,0.004125,0.589391,-0.008886,0.533399,0.197101,-0.014514,0.558831,0.009500,0.422774
11.736000,11.295695,-0.101670,7.553792,11.387714,0.540365,6.065308,0.000000,3.000000,11.400528,0.004994,0.000237,-0.026451,-0.002854,-0.002031,0.589107,-0.008914,0.533407,0.197156,-0.014512,0.558831,0.009500,0.474870
11.747000,11.116453,-0.151330,7.549110,11.208472,0.490706,6.060626,0.000000,3.000000,11.219209,0.004995,0.000219,-0.029426,-0.001549,-0.003667,0.588789,-0.008932,0.533372,0.197211,-0.014509,0.558831,0.009500,0.489380
11.758000,11.198279,-0.257649,7.436619,11.290299,0.384387,5.948135,0.000000,3.000000,11.296840,0.004997,0.000170,-0.032914,0.000149,-0.008767,0.588441,-0.008936,0.533307,0.197266,-0.014507,0.558831,0.009500,0.533834
11.769000,11.523793,-0.414694,7.380570,11.615812,0.227342,5.892086,0.000000,3.000000,11.618037,0.004999,0.000098,-0.037222,0.000976,-0.010378,0.588047,-0.008921,0.533174,0.197321,-0.014506,0.558831,0.009500,0.549882
11.780000,12.058313,-0.491839,7.404518,12.150333,0.150197,5.916034,0.000000,3.000000,12.151261,0.005000,0.000062,-0.040415,0.002360,-0.012602,0.587606,-0.008897,0.533046,0.197376,-0.014505,0.558831,0.009500,0.571071
11.791000,12.520992,-0.410252,7.476708,12.613011,0.231784,5.988224,0.000000,3.000000,12.615141,0.004999,0.000092,-0.042310,0.001547,-0.014744,0.587143,-0.008877,0.532893,0.197431,-0.014504,0.558831,0.009500,0.591994
11.802000,12.806167,-0.512142,7.824952,12.898186,0.129894,6.336468,0.000000,3.000000,12.898840,0.005000,0.000050,-0.045003,0.004854,-0.019255,0.586655,-0.008835,0.532711,0.197486,-0.014503,0.558831,0.009500,0.633546
11.813000,12.525140,-0.566488,8.263669,12.617159,0.075548,6.775185,0.000000,3.000000,12.617385,0.005000,0.000030,-0.046527,0.003501,-0.025284,0.586146,-0.008791,0.532458,0.197541,-0.014503,0.558831,0.009500,0.689262
11.824000,12.151247,-0.419822,8.679512,12.243266,0.222214,7.191028,0.000000,3.000000,12.245283,0.004999,0.000091,-0.046966,0.003850,-0.028724,0.585639,-0.008751,0.532133,0.197596,-0.014502,0.558831,0.009500,0.724296
11.835000,12.359081,-0.462454,8.824316,12.451100,0.179581,7.335832,0.000000,3.000000,12.452395,0.004999,0.000072,-0.047687,0.004298,-0.033480,0.585115,-0.008703,0.531778,0.197651,-0.014501,0.558831,0.009500,0.771049
11.846000,12.758311,-0.477893,9.186118,12.850331,0.164143,7.697634,0.000000,3.000000,12.851379,0.005000,0.000064,-0.049756,0.004616,-0.033528,0.584579,-0.008654,0.531380,0.197706,-0.014500,0.558831,0.009500,0.778610
11.857000,12.993803,-0.462514,9.417207,13.085822,0.179522,7.928723,0.000000,3.000000,13.087054,0.005000,0.000069,-0.048354,0.003808,-0.036827,0.584041,-0.008611,0.530976,0.197761,-0.014500,0.558831,0.009500,0.813890
11.868000,12.908649,-0.325723,9.431531,13.000669,0.316313,7.943047,0.000000,3.000000,13.004516,0.004999,0.000122,-0.048311,0.003892,-0.034830,0.583511,-0.008571,0.530591,0.197816,-0.014499,0.558831,0.009500,0.803872
11.879000,12.859744,-0.289709,8.755885,12.951763,0.352327,7.267401,0.000000,3.000000,12.956555,0.004998,0.000136,-0.049887,0.001326,-0.032716,0.582968,-0.008544,0.530208,0.197871,-0.014497,0.558831,0.009500,0.792822
11.890000,13.161537,-0.116390,7.759008,13.253556,0.525646,6.270525,0.000000,3.000000,13.263976,0.004996,0.000198,-0.052825,0.001002,-0.030983,0.582400,-0.008525,0.529880,0.197926,-0.014495,0.558831,0.009500,0.784018
11.901000,13.230802,0.002161,7.415353,13.322822,0.644197,5.926869,0.000000,3.000000,13.338387,0.004994,0.000241,-0.053326,-0.000762,-0.029213,0.581811,-0.008525,0.529544,0.197981,-0.014493,0.558831,0.009500,0.775042
11.912000,12.999769,-0.018437,7.386791,13.091789,0.623599,5.898307,0.000000,3.000000,13.106632,0.004994,0.000238,-0.052990,0.000914,-0.031873,0.581221,-0.008517,0.529206,0.198036,-0.014490,0.558831,0.009500,0.803703
11.923000,12.781065,-0.071665,7.643270,12.873084,0.570371,6.154786,0.000000,3.000000,12.885714,0.004995,0.000221,-0.053774,0.002707,-0.032184,0.580644,-0.008508,0.528881,0.198091,-0.014488,0.558831,0.009500,0.812190
11.934000,13.123761,-0.127596,7.708391,13.215780,0.514440,6.219907,0.000000,3.000000,13.225789,0.004996,0.000194,-0.055681,0.001171,-0.030517,0.580027,-0.008497,0.528527,0.198146,-0.014485,0.558831,0.009500,0.804426
11.945000,13.810220,-0.139261,7.587506,13.902239,0.502775,6.099022,0.000000,3.000000,13.911328,0.004997,0.000181,-0.059026,0.001104,-0.028038,0.579391,-0.008494,0.528211,0.198201,-0.014483,0.558831,0.009500,0.789076
11.956000,13.945380,-0.029956,7.639303,14.037399,0.612080,6.150819,0.000000,3.000000,14.050738,0.004995,0.000218,-0.058196,-0.001745,-0.026171,0.578741,-0.008501,0.527926,0.198256,-0.014481,0.558831,0.009500,0.778350
11.967000,12.681000,0.017939,7.970479,12.773020,0.659974,6.481995,0.000000,3.000000,12.790059,0.004993,0.000258,-0.053981,0.000351,-0.030626,0.578135,-0.008501,0.527597,0.198311,-0.014479,0.558831,0.009500,0.822084
11.978000,11.505371,0.136992,8.063252,11.597390,0.779028,6.574769,0.000000,3.000000,11.623525,0.004989,0.000335,-0.051902,-0.000868,-0.026571,0.577559,-0.008514,0.527282,0.198366,-0.014475,0.558831,0.009500,0.793348
11.989000,11.470078,0.055816,7.269355,11.562097,0.697852,5.780871,0.000000,3.000000,11.583138,0.004991,0.000301,-0.054624,-0.000981,-0.024210,0.576970,-0.008518,0.527016,0.198420,-0.014472,0.558831,0.009500,0.778094
12.000000,12.187459,0.024829,6.429294,12.279479,0.666865,4.940810,0.000000,3.000000,12.297573,0.004993,0.000271,-0.056470,0.000026,-0.017820,0.576366,-0.008526,0.526818,0.198475,-0.014469,0.558831,0.009500,0.727442
12.011000,12.129484,0.003127,6.131581,12.221503,0.645163,4.643097,0.000000,3.000000,12.238520,0.004993,0.000264,-0.056289,-0.000897,-0.019045,0.575732,-0.008528,0.526621,0.198530,-0.014466,0.558831,0.009500,0.741381
12.022000,11.121239,-0.094224,6.434788,11.213258,0.547812,4.946304,0.000000,3.000000,11.226632,0.004994,0.000244,-0.053387,0.002803,-0.020733,0.575145,-0.008509,0.526383,0.198585,-0.014463,0.558831,0.009500,0.759997
12.033000,10.935102,-0.208840,6.614300,11.027121,0.433196,5.125817,0.000000,3.000000,11.035627,0.004996,0.000196,-0.054100,0.003585,-0.019629,0.574550,-0.008477,0.526182,0.198640,-0.014460,0.558831,0.009500,0.754246
12.044000,10.879094,-0.330002,6.813679,10.971113,0.312034,5.325195,0.000000,3.000000,10.975550,0.004998,0.000142,-0.054295,0.003891,-0.020702,0.573952,-0.008433,0.525956,0.198695,-0.014459,0.558831,0.009500,0.767422
12.055000,10.945503,-0.397346,6.801055,11.037523,0.244690,5.312571,0.000000,3.000000,11.040235,0.004999,0.000111,-0.053715,0.004558,-0.017667,0.573360,-0.008382,0.525754,0.198750,-0.014457,0.558831,0.009500,0.745306
12.066000,11.183930,-0.381865,6.743266,11.275949,0.260170,5.254782,0.000000,3.000000,11.278950,0.004999,0.000115,-0.052482,0.006541,-0.018241,0.572783,-0.008322,0.525559,0.198805,-0.014456,0.558831,0.009500,0.753679
12.077000,11.467459,-0.543868,6.863156,11.559479,0.098168,5.374672,0.000000,3.000000,11.559896,0.005000,0.000042,-0.051979,0.005542,-0.014131,0.572204,-0.008262,0.525415,0.198860,-0.014455,0.558831,0.009500,0.721402
12.088000,12.020495,-0.523071,6.947375,12.112514,0.118965,5.458891,0.000000,3.000000,12.113098,0.005000,0.000049,-0.050182,0.004726,-0.007589,0.571644,-0.008202,0.525309,0.198915,-0.014455,0.558831,0.009500,0.667803
12.099000,12.781251,-0.562472,6.730855,12.873270,0.079564,5.242371,0.000000,3.000000,12.873516,0.005000,0.000031,-0.051212,0.004384,-0.002608,0.571087,-0.008152,0.525267,0.198970,-0.014454,0.558831,0.009500,0.626290
12.110000,12.941628,-0.587237,6.247374,13.033648,0.054799,4.758891,0.000000,3.000000,13.033763,0.005000,0.000021,-0.052454,0.003861,0.002002,0.570521,-0.008100,0.525273,0.199025,-0.014454,0.558831,0.009500,0.587055
12.121000,13.126073,-0.590010,5.741408,13.218092,0.052026,4.252924,0.000000,3.000000,13.218195,0.005000,0.000020,-0.054085,0.003957,0.004006,0.569931,-0.008051,0.525321,0.199080,-0.014454,0.558831,0.009500,0.569201
12.132000,12.371378,-0.632626,5.552313,12.463397,0.009410,4.063829,0.000000,3.000000,12.463400,0.005000,0.000004,-0.053769,0.005120,0.005356,0.569337,-0.007998,0.525374,0.199135,-0.014454,0.558831,0.009500,0.556772
12.143000,11.255361,-0.660577,5.744167,11.347381,-0.018542,4.255683,0.000000,3.000000,11.347396,0.005000,-0.000008,-0.053656,0.004677,0.000542,0.568754,-0.007942,0.525393,0.199190,-0.014454,0.558831,0.009500,0.597300
12.154000,10.521230,-0.594902,6.120959,10.613249,0.047134,4.632475,0.000000,3.000000,10.613354,0.005000,0.000022,-0.052649,0.004678,0.003332,0.568184,-0.007887,0.525393,0.199245,-0.014453,0.558831,0.009500,0.573608
12.165000,11.173613,-0.741689,6.151500,11.265633,-0.099653,4.663016,0.000000,3.000000,11.266073,0.005000,-0.000044,-0.056570,0.005745,0.003432,0.567570,-0.007825,0.525455,0.199300,-0.014454,0.558831,0.009500,0.571651
12.176000,11.884518,-0.715400,6.389494,11.976537,-0.073364,4.901011,0.000000,3.000000,11.976762,0.005000,-0.000031,-0.056281,0.004234,0.002702,0.566948,-0.007772,0.525492,0.199355,-0.014454,0.558831,0.009500,0.577186
12.187000,12.013739,-0.666344,6.736249,12.105758,-0.024308,5.247765,0.000000,3.000000,12.105783,0.005000,-0.000010,-0.056909,0.005711,0.000809,0.566324,-0.007722,0.525514,0.199410,-0.014454,0.558831,0.009500,0.592855
12.198000,11.863137,-0.744903,6.975858,11.955156,-0.102867,5.487374,0.000000,3.000000,11.955599,0.005000,-0.000043,-0.056931,0.005073,0.002093,0.565697,-0.007670,0.525527,0.199465,-0.014455,0.558831,0.009500,0.581721
12.209000,11.353436,-0.616516,7.236519,11.445455,0.025520,5.748035,0.000000,3.000000,11.445484,0.005000,0.000011,-0.053668,0.003789,-0.002471,0.565095,-0.007624,0.525508,0.199520,-0.014455,0.558831,0.009500,0.620790
12.220000,10.125627,-0.533654,7.560585,10.217646,0.108382,6.072101,0.000000,3.000000,10.218221,0.005000,0.000053,-0.049659,0.003399,-0.003158,0.564537,-0.007577,0.525462,0.199575,-0.014454,0.558831,0.009500,0.627435
12.231000,9.899281,-0.548957,7.577099,9.991300,0.093078,6.088615,0.000000,3.000000,9.991734,0.005000,0.000047,-0.049453,0.005236,-0.000859,0.563998,-0.007520,0.525445,0.199630,-0.014454,0.558831,0.009500,0.608245
12.242000,10.881473,-0.673237,7.041609,10.973492,-0.031201,5.553125,0.000000,3.000000,10.973536,0.005000,-0.000014,-0.051021,0.005208,0.006285,0.563452,-0.007462,0.525495,0.199685,-0.014454,0.558831,0.009500,0.546734
12.253000,12.260983,-0.790444,6.189525,12.353002,-0.148408,4.701041,0.000000,3.000000,12.353893,0.005000,-0.000060,-0.053687,0.006692,0.012630,0.562860,-0.007402,0.525625,0.199740,-0.014454,0.558831,0.009500,0.490545
12.264000,12.730417,-0.922874,5.711846,12.822436,-0.280839,4.223362,0.000000,3.000000,12.825511,0.004999,-0.000109,-0.052563,0.005245,0.014129,0.562274,-0.007342,0.525784,0.199795,-0.014455,0.558831,0.009500,0.474959
12.275000,11.979803,-0.933184,5.624157,12.071823,-0.291148,4.135674,0.000000,3.000000,12.075333,0.004999,-0.000121,-0.051844,0.005788,0.013718,0.561706,-0.007276,0.525939,0.199850,-0.014456,0.558831,0.009500,0.475660
12.286000,11.194751,-0.907543,6.101495,11.286770,-0.265508,4.613012,0.000000,3.000000,11.289892,0.004999,-0.000118,-0.052005,0.005552,0.009612,0.561134,-0.007222,0.526054,0.199905,-0.014458,0.558831,0.009500,0.508428
12.297000,10.470424,-0.852603,6.447279,10.562443,-0.210567,4.958795,0.000000,3.000000,10.564542,0.004999,-0.000100,-0.052243,0.003871,0.008934,0.560564,-0.007172,0.526163,0.199960,-0.014459,0.558831,0.009500,0.512226
12.308000,10.215512,-0.880601,6.836715,10.307531,-0.238565,5.348231,0.000000,3.000000,10.310292,0.004999,-0.000116,-0.054331,0.005318,0.007199,0.559975,-0.007123,0.526230,0.200015,-0.014460,0.558831,0.009500,0.525735
12.319000,10.738638,-0.948070,6.808695,10.830657,-0.306034,5.320211,0.000000,3.000000,10.834980,0.004998,-0.000141,-0.056174,0.004659,0.005608,0.559370,-0.007074,0.526309,0.200070,-0.014462,0.558831,0.009500,0.537816
12.330000,11.169316,-0.925489,7.075467,11.261336,-0.283453,5.586983,0.000000,3.000000,11.264902,0.004998,-0.000126,-0.057432,0.002959,0.004168,0.558748,-0.007028,0.526366,0.200125,-0.014463,0.558831,0.009500,0.549008
12.341000,10.697842,-0.878665,7.584082,10.789862,-0.236630,6.095598,0.000000,3.000000,10.792456,0.004999,-0.000110,-0.054620,0.004389,-0.000808,0.558128,-0.006978,0.526383,0.200180,-0.014464,0.558831,0.009500,0.590931
12.352000,9.992400,-0.810871,8.153520,10.084420,-0.168836,6.665036,0.000000,3.000000,10.085833,0.004999,-0.000084,-0.053194,0.004218,-0.002960,0.557544,-0.006930,0.526346,0.200235,-0.014465,0.558831,0.009500,0.609853
12.363000,10.102208,-0.771298,8.095150,10.194227,-0.129262,6.606666,0.000000,3.000000,10.195047,0.005000,-0.000063,-0.050918,0.003545,-0.001529,0.556974,-0.006883,0.526335,0.200290,-0.014466,0.558831,0.009500,0.597915
12.374000,9.947192,-0.678394,8.181171,10.039211,-0.036358,6.692687,0.000000,3.000000,10.039277,0.005000,-0.000018,-0.049256,0.003389,-0.002591,0.556429,-0.006845,0.526303,0.200345,-0.014467,0.558831,0.009500,0.607491
12.385000,10.121745,-0.578086,7.632924,10.213764,0.063950,6.144440,0.000000,3.000000,10.213965,0.005000,0.000031,-0.049336,0.002761,0.001799,0.555882,-0.006812,0.526314,0.200400,-0.014466,0.558831,0.009500,0.570037
12.396000,10.658923,-0.601330,6.993218,10.750943,0.040706,5.504734,0.000000,3.000000,10.751020,0.005000,0.000019,-0.050456,0.003373,0.004139,0.555326,-0.006773,0.526354,0.200455,-0.014466,0.558831,0.009500,0.549475
12.407000,10.921809,-0.563467,6.569385,11.013828,0.078569,5.080902,0.000000,3.000000,11.014108,0.005000,0.000036,-0.050009,0.003317,0.005900,0.554773,-0.006733,0.526405,0.200510,-0.014466,0.558831,0.009500,0.533613
12.418000,11.055604,-0.560554,6.352037,11.147623,0.081482,4.863553,0.000000,3.000000,11.147921,0.005000,0.000037,-0.048642,0.003436,0.006145,0.554233,-0.006691,0.526479,0.200565,-0.014465,0.558831,0.009500,0.530206
12.429000,10.658317,-0.525108,6.759302,10.750336,0.116927,5.270818,0.000000,3.000000,10.750972,0.005000,0.000054,-0.045727,0.003904,0.004288,0.553724,-0.006639,0.526533,0.200620,-0.014465,0.558831,0.009500,0.544978
12.440000,10.691230,-0.554442,6.853957,10.783250,0.087594,5.365473,0.000000,3.000000,10.783605,0.005000,0.000041,-0.048876,0.005266,0.004575,0.553193,-0.006586,0.526578,0.200675,-0.014464,0.558831,0.009500,0.541742
12.451000,11.328478,-0.515383,7.071468,11.420497,0.126653,5.582984,0.000000,3.000000,11.421199,0.005000,0.000055,-0.051386,0.003548,0.003914,0.552630,-0.006540,0.526614,0.200730,-0.014464,0.558831,0.009500,0.546700
12.462000,11.224290,-0.501007,7.084258,11.316309,0.141029,5.595774,0.000000,3.000000,11.317188,0.005000,0.000062,-0.051763,0.004278,0.000234,0.552059,-0.006492,0.526628,0.200785,-0.014463,0.558831,0.009500,0.577663
12.473000,10.698568,-0.446004,7.491185,10.790587,0.196031,6.002701,0.000000,3.000000,10.792368,0.004999,0.000091,-0.051364,0.003166,-0.002839,0.551494,-0.006453,0.526623,0.200840,-0.014462,0.558831,0.009500,0.603842
12.484000,9.907335,-0.409317,7.774731,9.999354,0.232719,6.286247,0.000000,3.000000,10.002062,0.004999,0.000116,-0.047765,0.004577,-0.007256,0.550965,-0.006412,0.526558,0.200895,-0.014461,0.558831,0.009500,0.642481
12.495000,9.558562,-0.344481,8.183976,9.650581,0.297555,6.695492,0.000000,3.000000,9.655167,0.004998,0.000154,-0.043291,0.002656,-0.007512,0.550474,-0.006381,0.526484,0.200950,-0.014460,0.558831,0.009500,0.645993
12.506000,9.397257,-0.232282,8.462331,9.489276,0.409754,6.973847,0.000000,3.000000,9.498119,0.004995,0.000216,-0.039502,0.002479,-0.007419,0.550025,-0.006356,0.526401,0.201005,-0.014458,0.558831,0.009500,0.646696
12.517000,9.910139,-0.252993,8.166963,10.002159,0.389042,6.678479,0.000000,3.000000,10.009722,0.004996,0.000194,-0.039353,0.002502,-0.003802,0.549589,-0.006326,0.526354,0.201060,-0.014455,0.558831,0.009500,0.616848
12.528000,10.926919,-0.204536,7.364681,11.018938,0.437500,5.876197,0.000000,3.000000,11.027620,0.004996,0.000198,-0.039077,0.001700,0.001407,0.549156,-0.006300,0.526374,0.201115,-0.014453,0.558831,0.009500,0.572296
12.539000,10.686580,-0.200877,6.912381,10.778600,0.441158,5.423897,0.000000,3.000000,10.787624,0.004996,0.000204,-0.035925,0.001438,-0.002426,0.548745,-0.006274,0.526376,0.201170,-0.014451,0.558831,0.009500,0.604784
12.550000,9.374794,-0.051785,6.838866,9.466813,0.590251,5.350382,0.000000,3.000000,9.485196,0.004990,0.000311,-0.033229,0.003342,-0.004608,0.548376,-0.006249,0.526350,0.201225,-0.014448,0.558831,0.009500,0.623756
12.561000,8.575061,-0.051037,7.196566,8.667080,0.590998,5.708082,0.000000,3.000000,8.687207,0.004988,0.000340,-0.032029,0.002491,-0.009506,0.548021,-0.006224,0.526245,0.201280,-0.014444,0.558831,0.009500,0.667217
12.572000,9.120510,-0.038140,7.239550,9.212529,0.603896,5.751066,0.000000,3.000000,9.232301,0.004989,0.000327,-0.035518,0.003823,-0.003471,0.547645,-0.006194,0.526193,0.201334,-0.014441,0.558831,0.009500,0.616930
12.583000,11.007133,-0.201041,7.023915,11.099152,0.440995,5.535431,0.000000,3.000000,11.107910,0.004996,0.000199,-0.042309,0.002098,-0.001733,0.547191,-0.006164,0.526162,0.201389,-0.014438,0.558831,0.009500,0.602751
12.594000,12.173923,-0.191963,6.842654,12.265943,0.450073,5.354170,0.000000,3.000000,12.274197,0.004997,0.000183,-0.044668,0.003809,-0.000313,0.546702,-0.006124,0.526155,0.201444,-0.014436,0.558831,0.009500,0.590826
12.605000,12.429797,-0.325383,6.825149,12.521816,0.316652,5.336665,0.000000,3.000000,12.525820,0.004998,0.000126,-0.047097,0.004989,-0.002269,0.546185,-0.006075,0.526144,0.201499,-0.014434,0.558831,0.009500,0.607630
12.616000,11.656302,-0.230218,7.261536,11.748321,0.411818,5.773052,0.000000,3.000000,11.755537,0.004997,0.000175,-0.047119,0.003963,-0.007385,0.545660,-0.006035,0.526091,0.201554,-0.014433,0.558831,0.009500,0.651990
12.627000,10.218013,-0.136876,7.772447,10.310033,0.505160,6.283963,0.000000,3.000000,10.322401,0.004994,0.000245,-0.048432,0.002748,-0.014151,0.545133,-0.005994,0.525974,0.201609,-0.014430,0.558831,0.009500,0.711507
12.638000,9.101266,0.022906,8.310314,9.193285,0.664941,6.821830,0.000000,3.000000,9.217301,0.004987,0.000361,-0.049982,0.003481,-0.013806,0.544594,-0.005953,0.525808,0.201664,-0.014427,0.558831,0.009500,0.711570
12.649000,9.729113,-0.006031,7.897191,9.821132,0.636005,6.408708,0.000000,3.000000,9.841704,0.004990,0.000323,-0.052474,0.004512,-0.010752,0.544024,-0.005907,0.525676,0.201719,-0.014423,0.558831,0.009500,0.688022
12.660000,11.194697,-0.113601,6.980483,11.286716,0.528435,5.491999,0.000000,3.000000,11.299080,0.004995,0.000234,-0.056042,0.004018,-0.004697,0.543416,-0.005866,0.525625,0.201774,-0.014420,0.558831,0.009500,0.637573
12.671000,11.816548,-0.157795,6.603441,11.908567,0.484241,5.114957,0.000000,3.000000,11.918408,0.004996,0.000203,-0.053251,0.004374,-0.004814,0.542818,-0.005831,0.525588,0.201829,-0.014418,0.558831,0.009500,0.639222
12.682000,10.660409,-0.066278,6.756180,10.752429,0.575758,5.267697,0.000000,3.000000,10.767833,0.004993,0.000267,-0.046800,0.002484,-0.005776,0.542287,-0.005796,0.525526,0.201884,-0.014415,0.558831,0.009500,0.648498
12.693000,9.535015,0.026065,7.020867,9.627034,0.668101,5.532383,0.000000,3.000000,9.650189,0.004988,0.000346,-0.044656,0.003682,-0.008259,0.541791,-0.005756,0.525438,0.201939,-0.014411,0.558831,0.009500,0.671155
12.704000,8.846099,0.046692,7.179158,8.938118,0.688727,5.690674,0.000000,3.000000,8.964614,0.004985,0.000384,-0.042940,0.002153,-0.011915,0.541317,-0.005724,0.525333,0.201993,-0.014407,0.558831,0.009500,0.704076
12.715000,8.564980,0.182849,7.181273,8.656999,0.824885,5.692789,0.000000,3.000000,8.696210,0.004977,0.000474,-0.046197,0.003380,-0.012179,0.540819,-0.005697,0.525205,0.202048,-0.014403,0.558831,0.009500,0.708609
12.726000,9.722468,0.317518,6.945192,9.814487,0.959554,5.456708,0.000000,3.000000,9.861283,0.004976,0.000487,-0.054216,0.001370,-0.011056,0.540252,-0.005689,0.525101,0.202103,-0.014397,0.558831,0.009500,0.700959
12.737000,10.805749,0.414881,6.854502,10.897768,1.056916,5.366018,0.000000,3.000000,10.948901,0.004977,0.000483,-0.058109,-0.000341,-0.010821,0.539622,-0.005692,0.524952,0.202158,-0.014392,0.558831,0.009500,0.701638
12.748000,11.665992,0.456087,6.992923,11.758012,1.098123,5.504439,0.000000,3.000000,11.809179,0.004978,0.000465,-0.058624,-0.002225,-0.007582,0.538972,-0.005704,0.524866,0.202212,-0.014387,0.558831,0.009500,0.675703
12.759000,11.488106,0.448170,7.446547,11.580125,1.090205,5.958063,0.000000,3.000000,11.631330,0.004978,0.000469,-0.055405,-0.000611,-0.012109,0.538360,-0.005712,0.524738,0.202267,-0.014382,0.558831,0.009500,0.716419
12.770000,11.451374,0.236651,7.438801,11.543393,0.878687,5.950317,0.000000,3.000000,11.576788,0.004986,0.000380,-0.055111,0.000664,-0.006068,0.537756,-0.005705,0.524655,0.202322,-0.014377,0.558831,0.009500,0.666665
12.781000,11.573890,0.119540,6.923930,11.665909,0.761576,5.435446,0.000000,3.000000,11.690742,0.004989,0.000326,-0.054992,0.000771,-0.004202,0.537142,-0.005693,0.524600,0.202377,-0.014373,0.558831,0.009500,0.651813
12.792000,10.931572,0.043045,6.252755,11.023592,0.685081,4.764271,0.000000,3.000000,11.044859,0.004990,0.000310,-0.053030,0.003024,-0.000541,0.536553,-0.005669,0.524598,0.202432,-0.014369,0.558831,0.009500,0.620790
12.803000,9.941619,0.019338,5.953228,10.033638,0.661374,4.464744,0.000000,3.000000,10.055412,0.004989,0.000329,-0.049100,0.002962,-0.002579,0.535998,-0.005645,0.524586,0.202487,-0.014366,0.558831,0.009500,0.638303
12.814000,8.952893,-0.065744,6.197558,9.044913,0.576292,4.709074,0.000000,3.000000,9.063253,0.004990,0.000318,-0.047261,0.003387,-0.004990,0.535479,-0.005608,0.524541,0.202542,-0.014363,0.558831,0.009500,0.659556
12.825000,9.139610,-0.117463,6.506040,9.231630,0.524573,5.017556,0.000000,3.000000,9.246522,0.004992,0.000284,-0.047643,0.003356,-0.001341,0.534952,-0.005573,0.524513,0.202596,-0.014359,0.558831,0.009500,0.629101
12.836000,9.719410,-0.043484,6.853290,9.811429,0.598552,5.364806,0.000000,3.000000,9.829670,0.004991,0.000304,-0.048841,0.001159,-0.006223,0.534424,-0.005550,0.524456,0.202651,-0.014356,0.558831,0.009500,0.671559
12.847000,10.183731,0.153418,7.271265,10.275750,0.795454,5.782781,0.000000,3.000000,10.306492,0.004985,0.000386,-0.048094,0.000602,-0.004776,0.533896,-0.005538,0.524393,0.202706,-0.014352,0.558831,0.009500,0.660413
12.858000,11.094518,0.215261,7.174744,11.186537,0.857296,5.686260,0.000000,3.000000,11.219339,0.004985,0.000382,-0.047623,-0.000306,-0.003692,0.533367,-0.005537,0.524362,0.202761,-0.014348,0.558831,0.009500,0.651775
12.869000,10.477642,0.257752,7.478387,10.569661,0.899788,5.989903,0.000000,3.000000,10.607891,0.004982,0.000424,-0.042038,0.000431,-0.006797,0.532885,-0.005534,0.524300,0.202816,-0.014344,0.558831,0.009500,0.679233
12.880000,8.993368,0.257163,7.850586,9.085387,0.899199,6.362102,0.000000,3.000000,9.129776,0.004976,0.000492,-0.036169,0.000482,-0.010196,0.532481,-0.005529,0.524196,0.202871,-0.014338,0.558831,0.009500,0.709943
12.891000,8.454673,0.106307,8.105023,8.546692,0.748342,6.616539,0.000000,3.000000,8.579392,0.004981,0.000436,-0.034848,0.001652,-0.008138,0.532094,-0.005510,0.524098,0.202925,-0.014333,0.558831,0.009500,0.694253
12.902000,9.507695,-0.049839,7.880623,9.599714,0.592197,6.392139,0.000000,3.000000,9.617963,0.004991,0.000308,-0.038547,0.003506,-0.004938,0.531688,-0.005479,0.524039,0.202980,-0.014329,0.558831,0.009500,0.668161
12.913000,11.394226,-0.251728,7.237935,11.486246,0.390308,5.749451,0.000000,3.000000,11.492875,0.004997,0.000170,-0.041421,0.004499,0.004347,0.531238,-0.005447,0.524062,0.203035,-0.014327,0.558831,0.009500,0.588954
12.924000,12.467320,-0.295304,6.432842,12.559339,0.346732,4.944358,0.000000,3.000000,12.564124,0.004998,0.000138,-0.039559,0.002553,0.007428,0.530790,-0.005416,0.524147,0.203090,-0.014325,0.558831,0.009500,0.561288
12.935000,12.215233,-0.285602,6.175289,12.307252,0.356434,4.686805,0.000000,3.000000,12.312412,0.004998,0.000145,-0.036959,0.002779,0.008775,0.530375,-0.005378,0.524238,0.203145,-0.014323,0.558831,0.009500,0.548214
12.946000,11.206765,-0.257363,6.501123,11.298784,0.384673,5.012639,0.000000,3.000000,11.305330,0.004997,0.000170,-0.032977,0.002165,0.003549,0.530001,-0.005352,0.524304,0.203200,-0.014322,0.558831,0.009500,0.591384
12.957000,9.550017,-0.151731,7.208724,9.642036,0.490305,5.720240,0.000000,3.000000,9.654494,0.004994,0.000254,-0.027678,0.001997,-0.001350,0.529683,-0.005326,0.524296,0.203255,-0.014319,0.558831,0.009500,0.633084
12.968000,8.745907,-0.125401,7.600157,8.837927,0.516635,6.111673,0.000000,3.000000,8.853014,0.004991,0.000292,-0.026871,0.001568,-0.002366,0.529396,-0.005309,0.524275,0.203310,-0.014316,0.558831,0.009500,0.642081
12.979000,9.359801,-0.206826,7.581099,9.451820,0.435210,6.092615,0.000000,3.000000,9.461835,0.004995,0.000230,-0.029992,0.000643,0.000757,0.529073,-0.005296,0.524270,0.203365,-0.014314,0.558831,0.009500,0.615690
12.990000,10.525634,-0.313934,7.548880,10.617653,0.328102,6.060396,0.000000,3.000000,10.622722,0.004998,0.000154,-0.032464,0.002153,-0.003646,0.528722,-0.005274,0.524250,0.203420,-0.014312,0.558831,0.009500,0.653408
13.001000,10.394999,-0.224777,8.141232,10.487018,0.417259,6.652748,0.000000,3.000000,10.495316,0.004996,0.000199,-0.035352,0.001391,-0.010943,0.528335,-0.005259,0.524153,0.203475,-0.014310,0.558831,0.009500,0.717073
13.012000,10.013989,-0.169669,8.633529,10.106008,0.472366,7.145045,0.000000,3.000000,10.117042,0.004995,0.000233,-0.035802,0.003005,-0.013289,0.527937,-0.005237,0.524006,0.203530,-0.014307,0.558831,0.009500,0.739606
13.023000,9.687510,-0.187125,8.668873,9.779529,0.454910,7.180389,0.000000,3.000000,9.790104,0.004995,0.000232,-0.032980,0.002479,-0.011791,0.527566,-0.005211,0.523869,0.203585,-0.014305,0.558831,0.009500,0.729380
13.034000,9.282519,-0.204986,7.994748,9.374538,0.437050,6.506264,0.000000,3.000000,9.384721,0.004995,0.000233,-0.028180,0.001716,-0.008358,0.527245,-0.005193,0.523748,0.203640,-0.014302,0.558831,0.009500,0.702427
13.045000,9.512861,-0.179128,7.018472,9.604880,0.462908,5.529988,0.000000,3.000000,9.616028,0.004994,0.000241,-0.024799,0.000764,-0.002865,0.526966,-0.005177,0.523719,0.203695,-0.014299,0.558831,0.009500,0.656334
13.056000,9.864567,-0.251764,6.591621,9.956586,0.390272,5.103137,0.000000,3.000000,9.964232,0.004996,0.000196,-0.021578,0.001810,-0.001752,0.526715,-0.005159,0.523696,0.203750,-0.014297,0.558831,0.009500,0.647306
13.067000,10.472555,-0.304992,6.522133,10.564575,0.337044,5.033649,0.000000,3.000000,10.569950,0.004997,0.000159,-0.022621,0.000184,0.000582,0.526475,-0.005150,0.523707,0.203805,-0.014295,0.558831,0.009500,0.627306
13.078000,11.063278,-0.332308,6.852847,11.155297,0.309727,5.364363,0.000000,3.000000,11.159596,0.004998,0.000139,-0.029852,0.001501,-0.004144,0.526176,-0.005139,0.523678,0.203859,-0.014293,0.558831,0.009500,0.667915
13.089000,11.843253,-0.449464,6.910920,11.935272,0.192572,5.422436,0.000000,3.000000,11.936826,0.004999,0.000081,-0.039591,0.001492,-0.004465,0.525756,-0.005119,0.523637,0.203914,-0.014292,0.558831,0.009500,0.671374
13.100000,11.445222,-0.308416,7.492214,11.537241,0.333620,6.003730,0.000000,3.000000,11.542064,0.004998,0.000145,-0.042921,0.001598,-0.013069,0.525296,-0.005105,0.523509,0.203969,-0.014291,0.558831,0.009500,0.746697
13.111000,10.421951,-0.164808,8.076563,10.513971,0.477228,6.588079,0.000000,3.000000,10.524796,0.004995,0.000227,-0.047028,0.002112,-0.019381,0.524790,-0.005081,0.523315,0.204024,-0.014289,0.558831,0.009500,0.803753
13.122000,9.682198,-0.188739,8.534527,9.774217,0.453297,7.046043,0.000000,3.000000,9.784723,0.004995,0.000232,-0.049630,0.003452,-0.022104,0.524267,-0.005047,0.523074,0.204079,-0.014286,0.558831,0.009500,0.831190
13.133000,9.851518,-0.149923,8.013771,9.943537,0.492113,6.525287,0.000000,3.000000,9.955707,0.004994,0.000247,-0.051140,0.002888,-0.017281,0.523698,-0.005011,0.522860,0.204134,-0.014284,0.558831,0.009500,0.794118
13.144000,10.344643,-0.135255,7.116189,10.436663,0.506781,5.627705,0.000000,3.000000,10.448959,0.004994,0.000243,-0.051223,0.002583,-0.015928,0.523136,-0.004978,0.522675,0.204189,-0.014281,0.558831,0.009500,0.785960
13.155000,11.192138,-0.235142,6.585834,11.284158,0.406894,5.097350,0.000000,3.000000,11.291492,0.004997,0.000180,-0.051980,0.003390,-0.013199,0.522557,-0.004942,0.522538,0.204244,-0.014279,0.558831,0.009500,0.765276
13.166000,10.457622,-0.217226,6.877858,10.549642,0.424810,5.389374,0.000000,3.000000,10.558191,0.004996,0.000201,-0.050363,0.003174,-0.017447,0.521999,-0.004913,0.522348,0.204299,-0.014277,0.558831,0.009500,0.804751
13.177000,9.454194,-0.051145,7.470579,9.546214,0.590891,5.982095,0.000000,3.000000,9.564484,0.004990,0.000309,-0.052105,0.002504,-0.024233,0.521446,-0.004889,0.522103,0.204354,-0.014274,0.558831,0.009500,0.866738
13.188000,9.843058,-0.021783,7.554818,9.935077,0.620252,6.066334,0.000000,3.000000,9.954420,0.004990,0.000312,-0.054331,0.002484,-0.022060,0.520857,-0.004858,0.521858,0.204409,-0.014270,0.558831,0.009500,0.852707
13.199000,10.845356,-0.084561,7.558340,10.937376,0.557474,6.069856,0.000000,3.000000,10.951574,0.004994,0.000255,-0.055081,0.001873,-0.022694,0.520237,-0.004831,0.521612,0.204464,-0.014267,0.558831,0.009500,0.862505
13.210000,11.429542,0.047610,8.058570,11.521562,0.689645,6.570086,0.000000,3.000000,11.542183,0.004991,0.000299,-0.061133,0.001907,-0.024182,0.519578,-0.004809,0.521349,0.204519,-0.014264,0.558831,0.009500,0.879876
13.221000,12.832077,-0.120761,7.689337,12.924096,0.521274,6.200853,0.000000,3.000000,12.934605,0.004996,0.000202,-0.065658,0.005383,-0.012581,0.518860,-0.004768,0.521176,0.204574,-0.014261,0.558831,0.009500,0.784551
13.232000,13.145131,-0.139507,6.465263,13.237150,0.502529,4.976779,0.000000,3.000000,13.246686,0.004996,0.000190,-0.064427,0.003480,-0.008849,0.518144,-0.004729,0.521079,0.204629,-0.014259,0.558831,0.009500,0.754632
13.243000,11.430369,-0.011491,5.846959,11.522388,0.630545,4.358475,0.000000,3.000000,11.539628,0.004993,0.000273,-0.061089,0.002675,-0.011690,0.517469,-0.004692,0.520971,0.204684,-0.014257,0.558831,0.009500,0.780678
13.254000,9.291882,0.074684,6.394285,9.383901,0.716720,4.905801,0.000000,3.000000,9.411232,0.004985,0.000381,-0.060520,0.004436,-0.019748,0.516803,-0.004649,0.520784,0.204738,-0.014253,0.558831,0.009500,0.852408
13.265000,8.065695,0.113074,7.309275,8.157715,0.755109,5.820791,0.000000,3.000000,8.192588,0.004979,0.000461,-0.064464,0.003142,-0.029482,0.516119,-0.004605,0.520494,0.204793,-0.014248,0.558831,0.009500,0.940236
13.276000,8.781559,0.109344,7.891792,8.873579,0.751380,6.403308,0.000000,3.000000,8.905334,0.004982,0.000422,-0.072919,0.003575,-0.025153,0.515340,-0.004561,0.520175,0.204848,-0.014243,0.558831,0.009500,0.909250
13.287000,11.441461,-0.027713,7.396755,11.533481,0.614323,5.908271,0.000000,3.000000,11.549830,0.004993,0.000266,-0.078512,0.003843,-0.023501,0.514472,-0.004515,0.519930,0.204903,-0.014240,0.558831,0.009500,0.899635
13.298000,12.139341,0.055215,7.489878,12.231360,0.697251,6.001394,0.000000,3.000000,12.251218,0.004992,0.000285,-0.077664,0.002685,-0.023073,0.513606,-0.004477,0.519685,0.204958,-0.014237,0.558831,0.009500,0.900407
13.309000,11.236136,0.285293,7.782539,11.328155,0.927329,6.294056,0.000000,3.000000,11.366048,0.004983,0.000408,-0.071438,0.002611,-0.021216,0.512797,-0.004450,0.519445,0.205013,-0.014233,0.558831,0.009500,0.888981
13.320000,10.835655,0.150794,7.051748,10.927674,0.792830,5.563264,0.000000,3.000000,10.956397,0.004987,0.000362,-0.071570,0.004526,-0.011328,0.512011,-0.004408,0.519296,0.205068,-0.014229,0.558831,0.009500,0.807755
13.331000,10.620110,-0.102330,5.959725,10.712129,0.539706,4.471241,0.000000,3.000000,10.725717,0.004994,0.000252,-0.070020,0.005061,-0.007843,0.511240,-0.004355,0.519198,0.205122,-0.014225,0.558831,0.009500,0.779940
13.342000,10.874831,-0.093507,5.529823,10.966850,0.548529,4.041339,0.000000,3.000000,10.980559,0.004994,0.000250,-0.072164,0.003678,-0.003630,0.510449,-0.004313,0.519146,0.205177,-0.014223,0.558831,0.009500,0.745128
13.353000,10.966066,-0.157864,5.691330,11.058086,0.484172,4.202846,0.000000,3.000000,11.068680,0.004995,0.000219,-0.072685,0.006281,-0.004050,0.509656,-0.004250,0.519124,0.205232,-0.014220,0.558831,0.009500,0.749103
13.364000,10.849799,-0.218981,5.974516,10.941818,0.423055,4.486032,0.000000,3.000000,10.949994,0.004996,0.000193,-0.072782,0.005273,-0.003447,0.508849,-0.004187,0.519065,0.205287,-0.014218,0.558831,0.009500,0.745043
13.375000,10.273232,-0.153863,6.411988,10.365251,0.488173,4.923504,0.000000,3.000000,10.376740,0.004994,0.000235,-0.073027,0.004645,-0.005588,0.508042,-0.004131,0.518995,0.205342,-0.014215,0.558831,0.009500,0.764468
13.386000,9.659527,-0.194614,6.748728,9.751546,0.447422,5.260244,0.000000,3.000000,9.761805,0.004995,0.000229,-0.070610,0.005054,-0.011817,0.507264,-0.004066,0.518883,0.205397,-0.014213,0.558831,0.009500,0.819343
13.397000,8.632047,-0.171535,7.517280,8.724067,0.470501,6.028796,0.000000,3.000000,8.736745,0.004993,0.000269,-0.068249,0.004486,-0.015720,0.506511,-0.004006,0.518717,0.205452,-0.014210,0.558831,0.009500,0.855455
13.408000,9.088030,-0.171165,7.628222,9.180049,0.470871,6.139738,0.000000,3.000000,9.192117,0.004993,0.000256,-0.067778,0.004365,-0.012006,0.505760,-0.003960,0.518593,0.205507,-0.014207,0.558831,0.009500,0.826160
13.419000,9.489932,-0.329716,7.739730,9.581951,0.312320,6.251246,0.000000,3.000000,9.587040,0.004997,0.000163,-0.066458,0.004775,-0.005537,0.505027,-0.003910,0.518492,0.205562,-0.014205,0.558831,0.009500,0.773088
13.430000,9.933889,-0.448135,6.792683,10.025909,0.193901,5.304199,0.000000,3.000000,10.027784,0.004999,0.000097,-0.066216,0.003980,0.000333,0.504308,-0.003862,0.518478,0.205617,-0.014203,0.558831,0.009500,0.723537
13.441000,10.384130,-0.435067,5.751099,10.476149,0.206968,4.262615,0.000000,3.000000,10.478194,0.004999,0.000099,-0.065911,0.003952,0.004859,0.503572,-0.003812,0.518529,0.205672,-0.014202,0.558831,0.009500,0.684204
13.452000,10.332606,-0.580897,5.178487,10.424625,0.061138,3.690003,0.000000,3.000000,10.424804,0.005000,0.000029,-0.064708,0.004886,0.007714,0.502850,-0.003757,0.518619,0.205727,-0.014202,0.558831,0.009500,0.658358
13.463000,9.885142,-0.574735,5.374808,9.977162,0.067300,3.886324,0.000000,3.000000,9.977389,0.005000,0.000034,-0.066242,0.005254,0.005751,0.502129,-0.003706,0.518685,0.205782,-0.014201,0.558831,0.009500,0.673836
13.474000,10.389689,-0.682234,5.630770,10.481709,-0.040198,4.142286,0.000000,3.000000,10.481786,0.005000,-0.000019,-0.068130,0.005039,0.010519,0.501383,-0.003652,0.518784,0.205837,-0.014201,0.558831,0.009500,0.631604
13.485000,10.845247,-0.740078,5.890173,10.937266,-0.098042,4.401689,0.000000,3.000000,10.937706,0.005000,-0.000045,-0.070931,0.005953,0.008922,0.500611,-0.003592,0.518890,0.205892,-0.014202,0.558831,0.009500,0.643236
13.496000,10.306736,-0.628436,6.189214,10.398756,0.013600,4.700730,0.000000,3.000000,10.398765,0.005000,0.000007,-0.069343,0.004365,0.007174,0.499845,-0.003546,0.518967,0.205947,-0.014202,0.558831,0.009500,0.656687
13.507000,9.764478,-0.564951,6.426529,9.856497,0.077085,4.938045,0.000000,3.000000,9.856799,0.005000,0.000039,-0.068299,0.004983,0.003794,0.499084,-0.003492,0.519032,0.206002,-0.014202,0.558831,0.009500,0.684182
13.518000,8.451765,-0.586805,7.392452,8.543784,0.055231,5.903968,0.000000,3.000000,8.543963,0.005000,0.000032,-0.065879,0.004685,-0.003407,0.498357,-0.003438,0.519001,0.206057,-0.014201,0.558831,0.009500,0.745851
13.529000,8.298550,-0.499239,7.999302,8.390570,0.142797,6.510818,0.000000,3.000000,8.391785,0.004999,0.000085,-0.066603,0.004357,-0.004765,0.497632,-0.003394,0.518945,0.206112,-0.014200,0.558831,0.009500,0.758378
13.540000,9.174309,-0.538383,8.249938,9.266328,0.103652,6.761454,0.000000,3.000000,9.266908,0.005000,0.000056,-0.065311,0.004867,-0.002179,0.496914,-0.003346,0.518909,0.206167,-0.014200,0.558831,0.009500,0.737094
13.551000,10.065348,-0.674965,7.743221,10.157367,-0.032929,6.254737,0.000000,3.000000,10.157420,0.005000,-0.000016,-0.066050,0.004596,0.001712,0.496184,-0.003298,0.518924,0.206222,-0.014200,0.558831,0.009500,0.703796
13.562000,10.539840,-0.661600,6.643742,10.631859,-0.019564,5.155258,0.000000,3.000000,10.631877,0.005000,-0.000009,-0.066568,0.003420,0.007764,0.495453,-0.003262,0.518999,0.206277,-0.014200,0.558831,0.009500,0.651100
13.573000,10.458098,-0.617412,5.858162,10.550117,0.024624,4.369678,0.000000,3.000000,10.550146,0.005000,0.000012,-0.066981,0.006212,0.009252,0.494713,-0.003205,0.519116,0.206332,-0.014200,0.558831,0.009500,0.636366
13.584000,9.844535,-0.617126,5.940513,9.936555,0.024910,4.452029,0.000000,3.000000,9.936586,0.005000,0.000013,-0.066986,0.004659,0.007004,0.493990,-0.003154,0.519183,0.206387,-0.014200,0.558831,0.009500,0.654240
13.595000,9.758371,-0.560830,6.330413,9.850390,0.081206,4.841929,0.000000,3.000000,9.850725,0.005000,0.000041,-0.068706,0.004474,0.004051,0.493232,-0.003103,0.519254,0.206442,-0.014199,0.558831,0.009500,0.678012
13.606000,10.653503,-0.682259,6.631406,10.745522,-0.040223,5.142922,0.000000,3.000000,10.745597,0.005000,-0.000019,-0.073110,0.005803,0.008136,0.492442,-0.003049,0.519324,0.206497,-0.014199,0.558831,0.009500,0.642098
13.617000,11.317002,-0.698166,6.815515,11.409021,-0.056130,5.327031,0.000000,3.000000,11.409159,0.005000,-0.000025,-0.074599,0.004269,0.003380,0.491622,-0.002997,0.519373,0.206552,-0.014200,0.558831,0.009500,0.681569
13.628000,11.088676,-0.569484,7.038717,11.180695,0.072551,5.550233,0.000000,3.000000,11.180930,0.005000,0.000032,-0.075614,0.003974,0.001744,0.490791,-0.002955,0.519399,0.206607,-0.014199,0.558831,0.009500,0.694991
13.639000,9.857726,-0.461458,7.730012,9.949745,0.180578,6.241528,0.000000,3.000000,9.951384,0.004999,0.000091,-0.071843,0.004588,-0.009851,0.489990,-0.002901,0.519329,0.206662,-0.014199,0.558831,0.009500,0.794622
13.650000,8.646585,-0.392971,8.608199,8.738605,0.249065,7.119715,0.000000,3.000000,8.742153,0.004998,0.000142,-0.071335,0.003931,-0.011602,0.489218,-0.002856,0.519214,0.206717,-0.014197,0.558831,0.009500,0.811562
13.661000,8.998487,-0.399602,9.055450,9.090507,0.242434,7.566966,0.000000,3.000000,9.093739,0.004998,0.000133,-0.070504,0.003301,-0.012191,0.488431,-0.002814,0.519034,0.206772,-0.014196,0.558831,0.009500,0.819783
13.672000,10.026021,-0.459024,8.410015,10.118040,0.183012,6.921531,0.000000,3.000000,10.119695,0.004999,0.000090,-0.072995,0.004859,-0.008619,0.487628,-0.002761,0.518932,0.206827,-0.014195,0.558831,0.009500,0.791323
13.683000,11.078556,-0.517711,7.111155,11.170575,0.124324,5.622671,0.000000,3.000000,11.171267,0.005000,0.000056,-0.075513,0.004403,0.000407,0.486799,-0.002710,0.518911,0.206882,-0.014194,0.558831,0.009500,0.715101
13.694000,11.410006,-0.499348,6.120019,11.502026,0.142687,4.631535,0.000000,3.000000,11.502911,0.005000,0.000062,-0.075602,0.004656,0.000149,0.485965,-0.002659,0.518923,0.206937,-0.014193,0.558831,0.009500,0.717076
13.705000,10.623979,-0.447595,6.231951,10.715998,0.194441,4.743467,0.000000,3.000000,10.717762,0.004999,0.000091,-0.075048,0.005403,-0.003717,0.485142,-0.002602,0.518896,0.206992,-0.014192,0.558831,0.009500,0.750363
13.716000,10.402322,-0.434997,6.666573,10.494341,0.207038,5.178089,0.000000,3.000000,10.496384,0.004999,0.000099,-0.076987,0.005373,-0.001923,0.484311,-0.002538,0.518868,0.207047,-0.014191,0.558831,0.009500,0.735659
13.727000,11.085503,-0.509725,6.934435,11.177522,0.132311,5.445952,0.000000,3.000000,11.178305,0.005000,0.000059,-0.080086,0.005669,-0.005420,0.483431,-0.002483,0.518825,0.207102,-0.014190,0.558831,0.009500,0.766095
13.738000,11.027012,-0.583553,7.213713,11.119031,0.058482,5.725229,0.000000,3.000000,11.119185,0.005000,0.000026,-0.080245,0.004599,-0.004988,0.482560,-0.002435,0.518750,0.207157,-0.014190,0.558831,0.009500,0.763797
13.749000,10.454767,-0.481560,7.487626,10.546786,0.160476,5.999142,0.000000,3.000000,10.548007,0.004999,0.000076,-0.078952,0.004940,-0.012455,0.481680,-0.002386,0.518665,0.207212,-0.014189,0.558831,0.009500,0.828675
13.760000,9.095414,-0.349824,8.475001,9.187434,0.292212,6.986517,0.000000,3.000000,9.192079,0.004997,0.000159,-0.074965,0.004489,-0.020022,0.480844,-0.002335,0.518473,0.207267,-0.014188,0.558831,0.009500,0.896333
13.771000,8.411634,-0.281776,9.237089,8.503653,0.360260,7.748606,0.000000,3.000000,8.511281,0.004996,0.000212,-0.074099,0.003766,-0.017483,0.480032,-0.002291,0.518241,0.207322,-0.014186,0.558831,0.009500,0.878970
13.782000,9.724641,-0.354476,8.120486,9.816661,0.287560,6.632003,0.000000,3.000000,9.820871,0.004998,0.000146,-0.076701,0.005529,-0.010362,0.479201,-0.002237,0.518117,0.207377,-0.014184,0.558831,0.009500,0.820787
13.793000,10.469772,-0.553951,6.655471,10.561791,0.088085,5.166987,0.000000,3.000000,10.562159,0.005000,0.000042,-0.077731,0.005809,-0.001934,0.478360,-0.002181,0.518044,0.207432,-0.014183,0.558831,0.009500,0.750575
13.804000,10.454777,-0.605415,5.838966,10.546796,0.036621,4.350482,0.000000,3.000000,10.546859,0.005000,0.000017,-0.075944,0.004902,-0.004582,0.477526,-0.002126,0.518027,0.207487,-0.014183,0.558831,0.009500,0.773352
13.815000,10.031105,-0.576598,5.936528,10.123125,0.065438,4.448044,0.000000,3.000000,10.123336,0.005000,0.000032,-0.074690,0.005115,-0.004912,0.476687,-0.002070,0.517991,0.207542,-0.014183,0.558831,0.009500,0.776801
13.826000,9.622909,-0.626385,6.555051,9.714928,0.015651,5.066567,0.000000,3.000000,9.714940,0.005000,0.000008,-0.077292,0.004746,-0.004856,0.475862,-0.002011,0.517904,0.207597,-0.014182,0.558831,0.009500,0.777904
13.837000,10.954184,-0.739096,6.638365,11.046203,-0.097060,5.149881,0.000000,3.000000,11.046630,0.005000,-0.000044,-0.080897,0.004451,-0.004381,0.474963,-0.001961,0.517883,0.207652,-0.014183,0.558831,0.009500,0.774232
13.848000,11.785623,-0.696943,6.647615,11.877643,-0.054908,5.159131,0.000000,3.000000,11.877770,0.005000,-0.000023,-0.082319,0.004646,-0.002207,0.474051,-0.001920,0.517861,0.207707,-0.014183,0.558831,0.009500,0.756186
13.859000,10.846027,-0.582289,7.198843,10.938046,0.059747,5.710359,0.000000,3.000000,10.938209,0.005000,0.000027,-0.079864,0.003297,-0.007528,0.473163,-0.001882,0.517783,0.207762,-0.014183,0.558831,0.009500,0.802752
13.870000,9.122667,-0.404510,8.115837,9.214686,0.237526,6.627353,0.000000,3.000000,9.217747,0.004998,0.000129,-0.074663,0.004011,-0.017601,0.472333,-0.001836,0.517618,0.207817,-0.014182,0.558831,0.009500,0.891186
13.881000,8.194512,-0.297685,8.713996,8.286531,0.344351,7.225512,0.000000,3.000000,8.293683,0.004996,0.000208,-0.074150,0.004303,-0.016220,0.471521,-0.001786,0.517397,0.207872,-0.014180,0.558831,0.009500,0.883455
13.892000,9.367391,-0.354814,7.607164,9.459410,0.287222,6.118680,0.000000,3.000000,9.463769,0.004998,0.000152,-0.078266,0.004181,-0.011055,0.470659,-0.001736,0.517300,0.207927,-0.014178,0.558831,0.009500,0.841376
13.903000,10.613429,-0.405794,6.245953,10.705448,0.236242,4.757469,0.000000,3.000000,10.708055,0.004999,0.000110,-0.079803,0.005590,-0.003880,0.469784,-0.001683,0.517262,0.207982,-0.014177,0.558831,0.009500,0.781179
13.914000,10.813855,-0.500543,5.602151,10.905874,0.141493,4.113667,0.000000,3.000000,10.906792,0.005000,0.000065,-0.079266,0.005006,-0.000934,0.468907,-0.001630,0.517248,0.208037,-0.014176,0.558831,0.009500,0.756422
13.925000,10.438284,-0.427558,5.791471,10.530303,0.214478,4.302987,0.000000,3.000000,10.532487,0.004999,0.000102,-0.078093,0.005454,-0.002711,0.468046,-0.001570,0.517204,0.208092,-0.014175,0.558831,0.009500,0.772293
13.936000,10.265978,-0.353710,6.362397,10.357998,0.288326,4.873913,0.000000,3.000000,10.362010,0.004998,0.000139,-0.080706,0.005531,-0.004113,0.467162,-0.001516,0.517166,0.208147,-0.014173,0.558831,0.009500,0.784874
13.947000,11.547211,-0.511348,6.437101,11.639230,0.130688,4.948617,0.000000,3.000000,11.639964,0.005000,0.000056,-0.085144,0.004729,-0.001473,0.466227,-0.001461,0.517147,0.208202,-0.014172,0.558831,0.009500,0.762825
13.958000,12.001311,-0.476436,6.727170,12.093331,0.165600,5.238686,0.000000,3.000000,12.094465,0.005000,0.000068,-0.086166,0.003021,-0.003863,0.465278,-0.001417,0.517119,0.208257,-0.014172,0.558831,0.009500,0.783600
13.969000,10.788119,-0.326678,7.477492,10.880139,0.315358,5.989008,0.000000,3.000000,10.884708,0.004998,0.000145,-0.082729,0.004351,-0.008669,0.464375,-0.001371,0.517030,0.208312,-0.014171,0.558831,0.009500,0.825975
13.980000,9.140795,-0.209365,8.466808,9.232814,0.432671,6.978324,0.000000,3.000000,9.242947,0.004995,0.000234,-0.077652,0.004869,-0.015363,0.463495,-0.001315,0.516855,0.208366,-0.014168,0.558831,0.009500,0.885933
13.991000,8.675088,-0.239841,8.201255,8.767108,0.402195,6.712771,0.000000,3.000000,8.776328,0.004995,0.000229,-0.080056,0.006069,-0.009521,0.462639,-0.001255,0.516717,0.208421,-0.014166,0.558831,0.009500,0.838850
14.002000,9.665095,-0.311999,6.832415,9.757114,0.330037,5.343931,0.000000,3.000000,9.762695,0.004997,0.000169,-0.081443,0.005810,-0.001386,0.461741,-0.001197,0.516666,0.208476,-0.014164,0.558831,0.009500,0.770730
14.013000,10.392933,-0.487823,5.753027,10.484952,0.154213,4.264543,0.000000,3.000000,10.486086,0.004999,0.000074,-0.081824,0.005876,0.000526,0.460834,-0.001132,0.516662,0.208531,-0.014162,0.558831,0.009500,0.754579
14.024000,10.161222,-0.588400,5.585460,10.253241,0.053636,4.096977,0.000000,3.000000,10.253381,0.005000,0.000026,-0.080543,0.006918,0.000665,0.459945,-0.001065,0.516676,0.208586,-0.014162,0.558831,0.009500,0.753151
14.035000,10.085220,-0.670337,5.915811,10.177239,-0.028301,4.427327,0.000000,3.000000,10.177279,0.005000,-0.000014,-0.081590,0.005380,-0.000701,0.459056,-0.001006,0.516677,0.208641,-0.014162,0.558831,0.009500,0.764713
14.046000,10.832933,-0.798539,6.315054,10.924953,-0.156503,4.826570,0.000000,3.000000,10.926074,0.004999,-0.000072,-0.085698,0.004804,0.002456,0.458123,-0.000947,0.516686,0.208696,-0.014162,0.558831,0.009500,0.737765
14.057000,12.004097,-0.834909,6.432536,12.096116,-0.192873,4.944052,0.000000,3.000000,12.097654,0.004999,-0.000080,-0.088439,0.003772,0.002699,0.457148,-0.000900,0.516713,0.208751,-0.014163,0.558831,0.009500,0.735225
14.068000,11.540835,-0.620500,6.912040,11.632855,0.021535,5.423556,0.000000,3.000000,11.632875,0.005000,0.000009,-0.086241,0.003826,-0.001984,0.456207,-0.000863,0.516704,0.208806,-0.014164,0.558831,0.009500,0.775132
14.079000,9.796067,-0.514334,7.829257,9.888086,0.127702,6.340773,0.000000,3.000000,9.888911,0.005000,0.000065,-0.081110,0.004294,-0.010218,0.455281,-0.000812,0.516607,0.208861,-0.014163,0.558831,0.009500,0.846736
14.090000,8.270683,-0.390396,8.416021,8.362703,0.251640,6.927537,0.000000,3.000000,8.366488,0.004998,0.000150,-0.080413,0.004506,-0.009454,0.454400,-0.000757,0.516475,0.208916,-0.014162,0.558831,0.009500,0.842622
14.101000,8.914675,-0.512235,7.263358,9.006694,0.129801,5.774874,0.000000,3.000000,9.007630,0.004999,0.000072,-0.082254,0.004601,-0.002835,0.453496,-0.000700,0.516426,0.208971,-0.014161,0.558831,0.009500,0.787344
14.112000,10.082179,-0.532974,5.907434,10.174198,0.109062,4.418950,0.000000,3.000000,10.174783,0.005000,0.000054,-0.084308,0.004794,0.003098,0.452569,-0.000645,0.516458,0.209026,-0.014160,0.558831,0.009500,0.736435
14.123000,10.506535,-0.531012,5.409763,10.598554,0.111024,3.921279,0.000000,3.000000,10.599136,0.005000,0.000052,-0.083858,0.005724,0.005703,0.451642,-0.000585,0.516520,0.209081,-0.014159,0.558831,0.009500,0.713211
14.134000,10.196202,-0.619492,5.830806,10.288222,0.022544,4.342322,0.000000,3.000000,10.288246,0.005000,0.000011,-0.083583,0.005776,0.003759,0.450728,-0.000527,0.516566,0.209136,-0.014159,0.558831,0.009500,0.728868
14.145000,10.544002,-0.633326,6.316192,10.636022,0.008710,4.827708,0.000000,3.000000,10.636025,0.005000,0.000004,-0.086684,0.004409,0.003248,0.449796,-0.000475,0.516591,0.209191,-0.014159,0.558831,0.009500,0.732756
14.156000,11.726234,-0.713321,6.205215,11.818253,-0.071285,4.716731,0.000000,3.000000,11.818468,0.005000,-0.000030,-0.089531,0.004539,0.005512,0.448790,-0.000423,0.516681,0.209246,-0.014159,0.558831,0.009500,0.711935
14.167000,11.151664,-0.525848,6.657917,11.243683,0.116187,5.169433,0.000000,3.000000,11.244284,0.005000,0.000052,-0.086826,0.004022,0.001971,0.447821,-0.000379,0.516727,0.209301,-0.014159,0.558831,0.009500,0.741156
14.178000,9.335082,-0.414649,7.538180,9.427101,0.227387,6.049696,0.000000,3.000000,9.429843,0.004999,0.000121,-0.082246,0.005178,-0.007487,0.446901,-0.000328,0.516691,0.209356,-0.014158,0.558831,0.009500,0.822065
14.189000,7.750609,-0.358166,8.632662,7.842628,0.283869,7.144178,0.000000,3.000000,7.847764,0.004997,0.000181,-0.080105,0.004605,-0.009521,0.446033,-0.000273,0.516577,0.209411,-0.014156,0.558831,0.009500,0.841368
14.200000,8.410500,-0.377252,7.960851,8.502519,0.264784,6.472367,0.000000,3.000000,8.506641,0.004998,0.000156,-0.082218,0.004532,-0.002695,0.445122,-0.000221,0.516528,0.209466,-0.014154,0.558831,0.009500,0.784327
14.211000,9.580031,-0.408547,6.598147,9.672050,0.233489,5.109663,0.000000,3.000000,9.674868,0.004999,0.000121,-0.085009,0.003873,0.005456,0.444195,-0.000173,0.516563,0.209521,-0.014153,0.558831,0.009500,0.714525
14.222000,10.558080,-0.503753,5.631325,10.650099,0.138283,4.142841,0.000000,3.000000,10.650997,0.005000,0.000065,-0.084938,0.004783,0.007064,0.443277,-0.000118,0.516642,0.209576,-0.014152,0.558831,0.009500,0.699469
14.233000,10.301945,-0.509957,5.889821,10.393964,0.132079,4.401337,0.000000,3.000000,10.394803,0.005000,0.000064,-0.084238,0.004954,0.002595,0.442342,-0.000063,0.516693,0.209631,-0.014151,0.558831,0.009500,0.736463
14.244000,10.514045,-0.517746,6.477452,10.606064,0.124290,4.988968,0.000000,3.000000,10.606792,0.005000,0.000059,-0.088979,0.004900,0.003568,0.441367,-0.000012,0.516731,0.209686,-0.014151,0.558831,0.009500,0.727535
14.255000,10.971508,-0.448684,6.773107,11.063527,0.193352,5.284623,0.000000,3.000000,11.065216,0.004999,0.000087,-0.091204,0.003882,0.003099,0.440375,0.000039,0.516747,0.209741,-0.014150,0.558831,0.009500,0.731230
14.266000,10.595187,-0.339392,7.089452,10.687206,0.302643,5.600968,0.000000,3.000000,10.691490,0.004998,0.000142,-0.089378,0.003644,-0.004621,0.439388,0.000079,0.516725,0.209796,-0.014149,0.558831,0.009500,0.797124
14.277000,8.881222,-0.154972,8.070732,8.973241,0.487064,6.582248,0.000000,3.000000,8.986450,0.004993,0.000271,-0.084686,0.004108,-0.013854,0.438441,0.000123,0.516594,0.209851,-0.014146,0.558831,0.009500,0.877828
14.288000,7.560535,-0.007096,9.079282,7.652555,0.634939,7.590798,0.000000,3.000000,7.678850,0.004983,0.000413,-0.084131,0.004653,-0.018145,0.437521,0.000171,0.516386,0.209906,-0.014142,0.558831,0.009500,0.917971
14.299000,8.386819,-0.013383,8.653745,8.478838,0.628653,7.165261,0.000000,3.000000,8.502112,0.004986,0.000370,-0.085837,0.003327,-0.012848,0.436600,0.000210,0.516208,0.209961,-0.014138,0.558831,0.009500,0.876235
14.310000,10.015522,-0.027205,6.918972,10.107541,0.614830,5.430488,0.000000,3.000000,10.126223,0.004991,0.000304,-0.087914,0.004342,-0.002564,0.435622,0.000259,0.516184,0.210016,-0.014134,0.558831,0.009500,0.789409
14.321000,10.959988,-0.103722,5.741349,11.052008,0.538314,4.252865,0.000000,3.000000,11.065110,0.004994,0.000243,-0.088952,0.004201,-0.000352,0.434645,0.000311,0.516178,0.210071,-0.014132,0.558831,0.009500,0.770736
14.332000,10.467440,-0.104842,6.013794,10.559459,0.537194,4.525310,0.000000,3.000000,10.573115,0.004994,0.000254,-0.088658,0.004908,-0.004877,0.433680,0.000367,0.516126,0.210126,-0.014129,0.558831,0.009500,0.810080
14.343000,10.784556,-0.082413,6.464360,10.876576,0.559622,4.975876,0.000000,3.000000,10.890963,0.004993,0.000257,-0.092145,0.005345,-0.005896,0.432678,0.000421,0.516069,0.210180,-0.014126,0.558831,0.009500,0.819749
14.354000,10.867677,-0.034645,6.897337,10.959696,0.607391,5.408853,0.000000,3.000000,10.976514,0.004992,0.000277,-0.092333,0.004703,-0.008354,0.431656,0.000470,0.515970,0.210235,-0.014123,0.558831,0.009500,0.842390
14.365000,10.001296,0.075834,7.284115,10.093316,0.717870,5.795631,0.000000,3.000000,10.118812,0.004987,0.000355,-0.091017,0.004760,-0.016475,0.430649,0.000516,0.515811,0.210290,-0.014120,0.558831,0.009500,0.914149
14.376000,8.379038,0.231930,8.431613,8.471057,0.873966,6.943129,0.000000,3.000000,8.516021,0.004974,0.000513,-0.087355,0.003763,-0.027227,0.429690,0.000557,0.515541,0.210345,-0.014115,0.558831,0.009500,1.010260
14.387000,7.717416,0.318844,9.119612,7.809435,0.960880,7.631128,0.000000,3.000000,7.868327,0.004963,0.000611,-0.086123,0.004593,-0.024964,0.428735,0.000606,0.515239,0.210400,-0.014108,0.558831,0.009500,0.996490
14.398000,8.820528,0.241089,8.017767,8.912547,0.883124,6.529283,0.000000,3.000000,8.956194,0.004976,0.000493,-0.087647,0.004495,-0.016393,0.427778,0.000652,0.515031,0.210454,-0.014102,0.558831,0.009500,0.927507
14.409000,9.933317,0.071870,6.009955,10.025336,0.713906,4.521471,0.000000,3.000000,10.050722,0.004987,0.000355,-0.087554,0.004952,-0.008013,0.426811,0.000706,0.514946,0.210509,-0.014098,0.558831,0.009500,0.857922
14.420000,9.989852,0.003598,5.252754,10.081871,0.645633,3.764270,0.000000,3.000000,10.102523,0.004990,0.000320,-0.087686,0.004972,-0.007001,0.425855,0.000764,0.514883,0.210564,-0.014094,0.558831,0.009500,0.850476
14.431000,9.336009,0.029295,5.688484,9.428028,0.671331,4.200000,0.000000,3.000000,9.451899,0.004987,0.000355,-0.086323,0.004484,-0.008498,0.424910,0.000818,0.514787,0.210619,-0.014090,0.558831,0.009500,0.864901
14.442000,9.684669,-0.049753,6.098504,9.776688,0.592283,4.610020,0.000000,3.000000,9.794613,0.004991,0.000302,-0.088123,0.004370,-0.013372,0.423935,0.000866,0.514675,0.210674,-0.014087,0.558831,0.009500,0.908284
14.453000,9.884180,-0.050453,6.302433,9.976200,0.591583,4.813950,0.000000,3.000000,9.993724,0.004991,0.000296,-0.088853,0.003985,-0.011468,0.422954,0.000911,0.514561,0.210729,-0.014084,0.558831,0.009500,0.894179
14.464000,8.926002,0.017546,6.830866,9.018021,0.659582,5.342382,0.000000,3.000000,9.042110,0.004987,0.000365,-0.086514,0.002808,-0.019563,0.421999,0.000949,0.514371,0.210784,-0.014080,0.558831,0.009500,0.966283
14.475000,7.549819,0.088533,7.875230,7.641838,0.730569,6.386746,0.000000,3.000000,7.676680,0.004977,0.000476,-0.083065,0.004540,-0.028067,0.421079,0.000996,0.514087,0.210838,-0.014075,0.558831,0.009500,1.043548
14.486000,7.739586,0.090928,8.120474,7.831605,0.732964,6.631990,0.000000,3.000000,7.865829,0.004978,0.000466,-0.082498,0.004020,-0.022522,0.420163,0.001039,0.513834,0.210893,-0.014070,0.558831,0.009500,1.001060
14.497000,8.850127,-0.029639,6.877692,8.942147,0.612397,5.389208,0.000000,3.000000,8.963092,0.004988,0.000342,-0.084441,0.003953,-0.012812,0.419237,0.001087,0.513668,0.210948,-0.014065,0.558831,0.009500,0.921650
14.508000,9.832946,-0.226120,5.172458,9.924965,0.415916,3.683974,0.000000,3.000000,9.933676,0.004996,0.000209,-0.083958,0.004678,-0.005790,0.418309,0.001143,0.513599,0.211003,-0.014062,0.558831,0.009500,0.863318
14.519000,9.760267,-0.231179,4.742672,9.852286,0.410857,3.254188,0.000000,3.000000,9.860849,0.004996,0.000208,-0.083128,0.003801,-0.007819,0.417384,0.001190,0.513525,0.211058,-0.014060,0.558831,0.009500,0.881857
14.530000,9.476131,-0.221764,5.211038,9.568151,0.420272,3.722554,0.000000,3.000000,9.577376,0.004995,0.000219,-0.085016,0.003434,-0.008248,0.416461,0.001238,0.513441,0.211113,-0.014058,0.558831,0.009500,0.887008
14.541000,10.153675,-0.244313,5.626513,10.245695,0.397723,4.138029,0.000000,3.000000,10.253411,0.004996,0.000194,-0.088262,0.003845,-0.007628,0.415494,0.001283,0.513349,0.211168,-0.014055,0.558831,0.009500,0.883417
14.552000,10.018166,-0.216093,5.935754,10.110185,0.425943,4.447270,0.000000,3.000000,10.119154,0.004996,0.000210,-0.086645,0.003369,-0.011862,0.414543,0.001321,0.513211,0.211223,-0.014053,0.558831,0.009500,0.921824
14.563000,8.992680,-0.108547,6.470825,9.084699,0.533489,4.982341,0.000000,3.000000,9.100350,0.004991,0.000293,-0.084390,0.003124,-0.020104,0.413593,0.001363,0.513051,0.211278,-0.014051,0.558831,0.009500,0.994630
14.574000,7.550628,-0.037435,7.393460,7.642648,0.604601,5.904976,0.000000,3.000000,7.666525,0.004984,0.000394,-0.081948,0.004509,-0.026416,0.412691,0.001409,0.512789,0.211332,-0.014047,0.558831,0.009500,1.052911
14.585000,7.312524,0.067895,7.841669,7.404543,0.709930,6.353185,0.000000,3.000000,7.438499,0.004977,0.000477,-0.080950,0.003506,-0.021160,0.411796,0.001449,0.512528,0.211387,-0.014042,0.558831,0.009500,1.013014
14.596000,8.529631,-0.046300,6.801398,8.621650,0.595735,5.312914,0.000000,3.000000,8.642208,0.004988,0.000345,-0.082480,0.003518,-0.013043,0.410891,0.001491,0.512359,0.211442,-0.014037,0.558831,0.009500,0.947172
14.607000,9.524003,-0.169784,5.198509,9.616023,0.472252,3.710025,0.000000,3.000000,9.627612,0.004994,0.000245,-0.082230,0.003526,-0.007266,0.409985,0.001535,0.512277,0.211497,-0.014034,0.558831,0.009500,0.899623
14.618000,9.563528,-0.161630,4.662185,9.655548,0.480406,3.173701,0.000000,3.000000,9.667491,0.004994,0.000248,-0.082129,0.003864,-0.006623,0.409084,0.001578,0.512202,0.211552,-0.014031,0.558831,0.009500,0.895517
14.629000,9.292874,-0.152075,4.951867,9.384893,0.489961,3.463384,0.000000,3.000000,9.397674,0.004993,0.000261,-0.083377,0.004196,-0.009615,0.408179,0.001624,0.512102,0.211607,-0.014029,0.558831,0.009500,0.922721
14.640000,9.670775,-0.199329,5.334139,9.762795,0.442707,3.845655,0.000000,3.000000,9.772827,0.004995,0.000226,-0.085271,0.003986,-0.010407,0.407235,0.001667,0.511995,0.211662,-0.014026,0.558831,0.009500,0.931362
14.651000,9.365298,-0.135385,5.773624,9.457318,0.506651,4.285140,0.000000,3.000000,9.470879,0.004993,0.000267,-0.085876,0.003552,-0.014201,0.406286,0.001708,0.511837,0.211717,-0.014023,0.558831,0.009500,0.966404
14.662000,8.589167,-0.038830,6.056911,8.681186,0.603206,4.568427,0.000000,3.000000,8.702118,0.004988,0.000347,-0.084164,0.004246,-0.021928,0.405360,0.001755,0.511634,0.211772,-0.014020,0.558831,0.009500,1.035619
14.673000,7.507220,0.050283,6.913565,7.599240,0.692319,5.425081,0.000000,3.000000,7.630711,0.004979,0.000454,-0.081926,0.003244,-0.025212,0.404450,0.001795,0.511349,0.211826,-0.014015,0.558831,0.009500,1.068616
14.684000,7.511856,0.084197,7.317902,7.603875,0.726233,5.829418,0.000000,3.000000,7.638477,0.004977,0.000475,-0.083682,0.003841,-0.027653,0.403527,0.001835,0.511046,0.211881,-0.014010,0.558831,0.009500,1.094772
14.695000,8.427188,-0.041882,6.808835,8.519207,0.600154,5.320351,0.000000,3.000000,8.540321,0.004988,0.000351,-0.082959,0.003615,-0.020570,0.402623,0.001876,0.510809,0.211936,-0.014006,0.558831,0.009500,1.038937
14.706000,9.219204,-0.139658,5.435094,9.311223,0.502378,3.946610,0.000000,3.000000,9.324766,0.004993,0.000269,-0.079753,0.003519,-0.011181,0.401723,0.001918,0.510668,0.211991,-0.014002,0.558831,0.009500,0.961804
14.717000,9.389511,-0.143625,4.561817,9.481531,0.498410,3.073333,0.000000,3.000000,9.494622,0.004993,0.000262,-0.078880,0.003654,-0.009131,0.400841,0.001960,0.510556,0.212046,-0.013999,0.558831,0.009500,0.946424
14.728000,9.272120,-0.067787,4.608942,9.364140,0.574249,3.120458,0.000000,3.000000,9.381731,0.004991,0.000306,-0.080316,0.003318,-0.011826,0.399964,0.001998,0.510432,0.212101,-0.013996,0.558831,0.009500,0.971531
14.739000,9.818779,-0.145529,4.852733,9.910798,0.496507,3.364249,0.000000,3.000000,9.923227,0.004994,0.000250,-0.082069,0.003208,-0.009459,0.399060,0.002045,0.510333,0.212156,-0.013993,0.558831,0.009500,0.953234
14.750000,9.696702,-0.142227,5.147475,9.788721,0.499809,3.658991,0.000000,3.000000,9.801473,0.004993,0.000255,-0.082396,0.004523,-0.012383,0.398162,0.002084,0.510207,0.212211,-0.013990,0.558831,0.009500,0.980302
14.761000,8.802320,-0.156587,5.371993,8.894340,0.485449,3.883509,0.000000,3.000000,8.907578,0.004993,0.000272,-0.079751,0.004112,-0.014356,0.397276,0.002125,0.510051,0.212265,-0.013987,0.558831,0.009500,0.999857
14.772000,7.425435,-0.053133,6.020889,7.517455,0.588903,4.532405,0.000000,3.000000,7.540486,0.004985,0.000390,-0.077181,0.003376,-0.022560,0.396434,0.002162,0.509829,0.212320,-0.013984,0.558831,0.009500,1.073462
14.783000,7.100466,0.013101,6.498987,7.192485,0.655137,5.010504,0.000000,3.000000,7.222260,0.004979,0.000454,-0.078649,0.003355,-0.022269,0.395566,0.002200,0.509587,0.212375,-0.013979,0.558831,0.009500,1.075358
14.794000,7.806478,-0.012614,6.615283,7.898498,0.629422,5.126799,0.000000,3.000000,7.923537,0.004984,0.000397,-0.079650,0.002849,-0.016504,0.394691,0.002238,0.509371,0.212430,-0.013974,0.558831,0.009500,1.030326
14.805000,9.049277,-0.122789,5.785741,9.141296,0.519247,4.297257,0.000000,3.000000,9.156031,0.004992,0.000284,-0.079731,0.004391,-0.010868,0.393803,0.002282,0.509237,0.212485,-0.013971,0.558831,0.009500,0.984921
14.816000,9.605857,-0.213559,4.650782,9.697877,0.428476,3.162298,0.000000,3.000000,9.707338,0.004995,0.000221,-0.077308,0.003755,-0.004232,0.392949,0.002321,0.509177,0.212540,-0.013968,0.558831,0.009500,0.929682
14.827000,9.879767,-0.256886,4.016825,9.971787,0.385150,2.528341,0.000000,3.000000,9.979222,0.004996,0.000193,-0.076563,0.003529,-0.001826,0.392106,0.002361,0.509155,0.212595,-0.013966,0.558831,0.009500,0.909674
14.838000,9.969043,-0.293620,4.093320,10.061062,0.348416,2.604836,0.000000,3.000000,10.067093,0.004997,0.000173,-0.078348,0.004561,-0.000726,0.391253,0.002403,0.509136,0.212650,-0.013964,0.558831,0.009500,0.900667
14.849000,9.607751,-0.226848,4.452818,9.699770,0.415188,2.964334,0.000000,3.000000,9.708652,0.004995,0.000214,-0.077478,0.002695,-0.003234,0.390409,0.002438,0.509107,0.212705,-0.013962,0.558831,0.009500,0.922479
14.860000,8.984620,-0.127287,4.728919,9.076640,0.514748,3.240435,0.000000,3.000000,9.091224,0.004992,0.000283,-0.076254,0.003568,-0.006744,0.389548,0.002477,0.509060,0.212760,-0.013959,0.558831,0.009500,0.953103
14.871000,7.687677,-0.075032,5.277318,7.779697,0.567004,3.788834,0.000000,3.000000,7.800332,0.004987,0.000363,-0.074823,0.004511,-0.012220,0.388721,0.002518,0.508930,0.212814,-0.013955,0.558831,0.009500,1.001913
14.882000,7.189333,0.035725,5.822461,7.281352,0.677761,4.333977,0.000000,3.000000,7.312828,0.004978,0.000463,-0.076387,0.003675,-0.016408,0.387897,0.002550,0.508759,0.212869,-0.013950,0.558831,0.009500,1.040518
14.893000,7.921404,0.052238,6.042885,8.013423,0.694273,4.554401,0.000000,3.000000,8.043442,0.004981,0.000432,-0.077953,0.003595,-0.014227,0.387038,0.002582,0.508594,0.212924,-0.013945,0.558831,0.009500,1.024994
14.904000,8.770137,-0.049817,6.073680,8.862157,0.592219,4.585196,0.000000,3.000000,8.881923,0.004989,0.000333,-0.080037,0.003385,-0.013423,0.386162,0.002622,0.508443,0.212979,-0.013941,0.558831,0.009500,1.020879
14.915000,9.112866,-0.041008,5.872479,9.204885,0.601028,4.383996,0.000000,3.000000,9.224486,0.004989,0.000326,-0.078477,0.004653,-0.008956,0.385298,0.002665,0.508330,0.213034,-0.013938,0.558831,0.009500,0.985004
14.926000,9.203342,-0.049771,5.160937,9.295361,0.592265,3.672453,0.000000,3.000000,9.314211,0.004990,0.000318,-0.076134,0.003577,-0.005714,0.384459,0.002705,0.508258,0.213089,-0.013934,0.558831,0.009500,0.958809
14.937000,9.580716,-0.039704,4.560668,9.672735,0.602332,3.072184,0.000000,3.000000,9.691471,0.004990,0.000311,-0.077781,0.003387,-0.001968,0.383609,0.002747,0.508227,0.213143,-0.013931,0.558831,0.009500,0.927582
14.948000,10.085997,-0.077858,4.085541,10.178016,0.564178,2.597057,0.000000,3.000000,10.193641,0.004992,0.000277,-0.076331,0.003852,-0.000337,0.382758,0.002786,0.508233,0.213198,-0.013928,0.558831,0.009500,0.913626
14.959000,9.118940,-0.036475,4.354535,9.210960,0.605561,2.866052,0.000000,3.000000,9.230844,0.004989,0.000328,-0.075401,0.003313,-0.005258,0.381920,0.002823,0.508192,0.213253,-0.013924,0.558831,0.009500,0.956121
14.970000,7.649644,0.100162,4.897683,7.741664,0.742198,3.409199,0.000000,3.000000,7.777160,0.004977,0.000477,-0.072545,0.002123,-0.007225,0.381123,0.002859,0.508115,0.213308,-0.013920,0.558831,0.009500,0.974200
14.981000,6.679604,0.096382,5.466716,6.771624,0.738418,3.978233,0.000000,3.000000,6.811765,0.004971,0.000542,-0.072941,0.003836,-0.017732,0.380319,0.002901,0.507950,0.213363,-0.013914,0.558831,0.009500,1.066329
14.992000,7.215826,0.087779,5.705400,7.307846,0.729815,4.216916,0.000000,3.000000,7.344198,0.004975,0.000497,-0.075410,0.003010,-0.014169,0.379506,0.002932,0.507792,0.213417,-0.013908,0.558831,0.009500,1.038932
15.003000,8.489342,0.028383,5.607524,8.581361,0.670419,4.119040,0.000000,3.000000,8.607509,0.004985,0.000389,-0.078734,0.003888,-0.012897,0.378634,0.002965,0.507653,0.213472,-0.013903,0.558831,0.009500,1.030641
15.014000,9.187680,-0.061469,5.530441,9.279700,0.580566,4.041957,0.000000,3.000000,9.297843,0.004990,0.000312,-0.078425,0.004332,-0.011521,0.377776,0.003005,0.507527,0.213527,-0.013900,0.558831,0.009500,1.021242
15.025000,9.038823,-0.037644,5.727596,9.130843,0.604392,4.239112,0.000000,3.000000,9.150824,0.004989,0.000330,-0.078183,0.003245,-0.013261,0.376910,0.003045,0.507400,0.213582,-0.013896,0.558831,0.009500,1.038293
15.036000,8.873375,0.007529,5.914025,8.965394,0.649565,4.425542,0.000000,3.000000,8.988894,0.004987,0.000361,-0.080282,0.003660,-0.008689,0.376041,0.003088,0.507280,0.213637,-0.013892,0.558831,0.009500,1.001659
15.047000,9.642033,-0.068569,5.303693,9.734052,0.573467,3.815209,0.000000,3.000000,9.750930,0.004991,0.000294,-0.081510,0.004340,-0.005520,0.375147,0.003134,0.507207,0.213692,-0.013889,0.558831,0.009500,0.976076
15.058000,9.890652,-0.085258,4.560920,9.982672,0.556778,3.072436,0.000000,3.000000,9.998186,0.004992,0.000278,-0.080472,0.003649,-0.002404,0.374270,0.003169,0.507177,0.213747,-0.013886,0.558831,0.009500,0.950180
15.069000,8.838236,-0.017915,4.320923,8.930255,0.624121,2.832439,0.000000,3.000000,8.952038,0.004988,0.000349,-0.075652,0.004269,-0.004960,0.373429,0.003209,0.507125,0.213802,-0.013882,0.558831,0.009500,0.972808
15.080000,7.260128,0.092909,4.693350,7.352148,0.734945,3.204866,0.000000,3.000000,7.388790,0.004975,0.000497,-0.073337,0.004286,-0.011580,0.372607,0.003253,0.507012,0.213856,-0.013877,0.558831,0.009500,1.030997
15.091000,6.643802,0.181167,5.272811,6.735821,0.823203,3.784327,0.000000,3.000000,6.785937,0.004963,0.000607,-0.073826,0.002249,-0.011302,0.371809,0.003290,0.506873,0.213911,-0.013871,0.558831,0.009500,1.031153
15.102000,7.973220,0.062590,5.240802,8.065239,0.704625,3.752318,0.000000,3.000000,8.095961,0.004981,0.000435,-0.077328,0.003665,-0.010279,0.370963,0.003327,0.506749,0.213966,-0.013865,0.558831,0.009500,1.024700
15.113000,9.083466,-0.060325,5.096683,9.175485,0.581710,3.608199,0.000000,3.000000,9.193907,0.004990,0.000316,-0.078839,0.003081,-0.009407,0.370112,0.003366,0.506644,0.214021,-0.013861,0.558831,0.009500,1.019197
15.124000,9.480053,-0.082254,5.099968,9.572073,0.559782,3.611485,0.000000,3.000000,9.588427,0.004991,0.000292,-0.078080,0.003775,-0.010418,0.369236,0.003402,0.506542,0.214075,-0.013858,0.558831,0.009500,1.029606
15.135000,9.034966,-0.067058,5.353122,9.126986,0.574978,3.864638,0.000000,3.000000,9.145079,0.004990,0.000314,-0.077204,0.003250,-0.011484,0.368386,0.003442,0.506420,0.214130,-0.013855,0.558831,0.009500,1.040839
15.146000,9.054530,-0.080218,5.850004,9.146550,0.561818,4.361521,0.000000,3.000000,9.163788,0.004991,0.000307,-0.080847,0.004689,-0.011829,0.367513,0.003486,0.506285,0.214185,-0.013851,0.558831,0.009500,1.046209
15.157000,9.432578,-0.097969,5.974263,9.524597,0.544066,4.485779,0.000000,3.000000,9.540123,0.004992,0.000285,-0.081550,0.002325,-0.009434,0.366621,0.003522,0.506173,0.214240,-0.013848,0.558831,0.009500,1.027894
15.168000,9.160659,-0.047176,5.571958,9.252679,0.594860,4.083474,0.000000,3.000000,9.271781,0.004990,0.000321,-0.078509,0.003873,-0.008522,0.365741,0.003565,0.506073,0.214295,-0.013845,0.558831,0.009500,1.021951
15.179000,8.188273,-0.045868,4.980684,8.280293,0.596168,3.492200,0.000000,3.000000,8.301727,0.004987,0.000359,-0.076108,0.003439,-0.007817,0.364895,0.003607,0.505992,0.214350,-0.013841,0.558831,0.009500,1.017437
15.190000,7.175218,0.001403,4.777235,7.267238,0.643439,3.288751,0.000000,3.000000,7.295667,0.004981,0.000441,-0.073309,0.003631,-0.011305,0.364086,0.003648,0.505877,0.214405,-0.013837,0.558831,0.009500,1.049110
15.201000,7.252845,0.003537,4.688077,7.344864,0.645573,3.199593,0.000000,3.000000,7.373181,0.004981,0.000438,-0.075453,0.004392,-0.010468,0.363270,0.003684,0.505769,0.214460,-0.013832,0.558831,0.009500,1.043950
15.212000,8.043667,-0.037759,4.822005,8.135686,0.604277,3.333521,0.000000,3.000000,8.158096,0.004986,0.000370,-0.077428,0.003072,-0.009497,0.362412,0.003717,0.505661,0.214514,-0.013827,0.558831,0.009500,1.037640
15.223000,8.801573,-0.090612,4.669610,8.893592,0.551424,3.181126,0.000000,3.000000,8.910671,0.004990,0.000309,-0.078514,0.003430,-0.006711,0.361551,0.003760,0.505586,0.214569,-0.013823,0.558831,0.009500,1.015354
15.234000,9.147714,-0.105920,4.756574,9.239733,0.536116,3.268090,0.000000,3.000000,9.255274,0.004992,0.000290,-0.079340,0.003335,-0.010010,0.360694,0.003798,0.505492,0.214624,-0.013820,0.558831,0.009500,1.045038
15.245000,9.453451,-0.094656,4.934014,9.545470,0.547379,3.445530,0.000000,3.000000,9.561152,0.004992,0.000286,-0.082203,0.004333,-0.007789,0.359786,0.003843,0.505405,0.214679,-0.013817,0.558831,0.009500,1.027772
15.256000,9.856553,-0.135530,5.109436,9.948573,0.506506,3.620952,0.000000,3.000000,9.961458,0.004994,0.000254,-0.084755,0.004155,-0.008195,0.358862,0.003887,0.505319,0.214734,-0.013814,0.558831,0.009500,1.032767
15.267000,9.480899,-0.068606,5.448092,9.572918,0.573429,3.959608,0.000000,3.000000,9.590077,0.004991,0.000299,-0.085764,0.004100,-0.010168,0.357923,0.003931,0.505212,0.214789,-0.013811,0.558831,0.009500,1.051433
15.278000,8.330385,-0.030577,5.786497,8.422404,0.611459,4.298013,0.000000,3.000000,8.444571,0.004987,0.000362,-0.084833,0.004420,-0.013285,0.356988,0.003982,0.505076,0.214844,-0.013807,0.558831,0.009500,1.080318
15.289000,7.077460,0.004437,6.007566,7.169479,0.646473,4.519082,0.000000,3.000000,7.198566,0.004980,0.000449,-0.085403,0.005412,-0.016418,0.356067,0.004040,0.504908,0.214899,-0.013803,0.558831,0.009500,1.109936
15.300000,7.297469,0.001122,5.682957,7.389488,0.643157,4.194474,0.000000,3.000000,7.417424,0.004981,0.000434,-0.089130,0.004939,-0.011006,0.355087,0.004091,0.504757,0.214953,-0.013798,0.558831,0.009500,1.066722
15.311000,8.659214,-0.139098,4.786305,8.751234,0.502938,3.297821,0.000000,3.000000,8.765674,0.004992,0.000287,-0.091230,0.004884,-0.006686,0.354105,0.004144,0.504673,0.215008,-0.013794,0.558831,0.009500,1.031578
15.322000,9.549151,-0.246700,4.266128,9.641170,0.395336,2.777644,0.000000,3.000000,9.649272,0.004996,0.000205,-0.090517,0.004710,-0.003965,0.353083,0.004204,0.504625,0.215063,-0.013791,0.558831,0.009500,1.009359
15.333000,9.256045,-0.285057,3.978800,9.348065,0.356979,2.490316,0.000000,3.000000,9.354878,0.004996,0.000191,-0.089512,0.005329,-0.003236,0.352098,0.004266,0.504597,0.215118,-0.013789,0.558831,0.009500,1.003680
15.344000,8.807379,-0.321856,4.310821,8.899399,0.320180,2.822337,0.000000,3.000000,8.905156,0.004997,0.000180,-0.090472,0.005652,-0.005013,0.351108,0.004331,0.504534,0.215173,-0.013787,0.558831,0.009500,1.019881
15.355000,9.320910,-0.433128,4.413255,9.412930,0.208908,2.924771,0.000000,3.000000,9.415248,0.004999,0.000111,-0.095131,0.006746,-0.001739,0.350078,0.004399,0.504507,0.215228,-0.013786,0.558831,0.009500,0.992595
15.366000,10.141029,-0.430999,4.500121,10.233049,0.211037,3.011637,0.000000,3.000000,10.235224,0.004999,0.000103,-0.096487,0.004335,-0.004167,0.349017,0.004454,0.504482,0.215283,-0.013785,0.558831,0.009500,1.013641
15.377000,9.607680,-0.289500,4.710577,9.699699,0.352535,3.222093,0.000000,3.000000,9.706104,0.004997,0.000182,-0.095105,0.005508,-0.004104,0.347980,0.004508,0.504426,0.215338,-0.013783,0.558831,0.009500,1.014120
15.388000,8.367641,-0.233298,5.037060,8.459661,0.408737,3.548576,0.000000,3.000000,8.469529,0.004994,0.000241,-0.093032,0.005318,-0.011127,0.346955,0.004567,0.504341,0.215393,-0.013781,0.558831,0.009500,1.075236
15.399000,7.080184,-0.096110,5.556158,7.172204,0.545926,4.067674,0.000000,3.000000,7.192951,0.004986,0.000379,-0.092546,0.006175,-0.014028,0.345927,0.004630,0.504189,0.215448,-0.013777,0.558831,0.009500,1.102596
15.410000,7.429636,-0.094468,5.807285,7.521656,0.547568,4.318801,0.000000,3.000000,7.541561,0.004987,0.000363,-0.096812,0.005792,-0.012760,0.344872,0.004691,0.504045,0.215503,-0.013773,0.558831,0.009500,1.094417
15.421000,8.597199,-0.166375,5.698758,8.689218,0.475660,4.210274,0.000000,3.000000,8.702228,0.004993,0.000273,-0.100310,0.005688,-0.008121,0.343770,0.004754,0.503940,0.215558,-0.013769,0.558831,0.009500,1.056950
15.432000,9.367489,-0.229484,5.381048,9.459508,0.412552,3.892564,0.000000,3.000000,9.468500,0.004995,0.000218,-0.102361,0.007133,-0.004857,0.342644,0.004830,0.503880,0.215613,-0.013767,0.558831,0.009500,1.030341
15.443000,9.769945,-0.257295,5.073236,9.861965,0.384741,3.584752,0.000000,3.000000,9.869467,0.004996,0.000195,-0.104110,0.006344,-0.001340,0.341506,0.004900,0.503855,0.215667,-0.013765,0.558831,0.009500,1.000935
15.454000,9.966943,-0.302308,4.644480,10.058963,0.339728,3.155996,0.000000,3.000000,10.064698,0.004997,0.000169,-0.106364,0.007350,0.002027,0.340356,0.004978,0.503862,0.215722,-0.013763,0.558831,0.009500,0.972246
15.465000,10.121659,-0.359703,4.432417,10.213678,0.282333,2.943933,0.000000,3.000000,10.217580,0.004998,0.000138,-0.104111,0.006378,0.003187,0.339200,0.005054,0.503903,0.215777,-0.013761,0.558831,0.009500,0.961670
15.476000,9.473001,-0.270881,4.251126,9.565020,0.371154,2.762642,0.000000,3.000000,9.572219,0.004996,0.000194,-0.100562,0.006701,0.003258,0.338061,0.005127,0.503942,0.215832,-0.013759,0.558831,0.009500,0.960363
15.487000,8.014763,-0.194868,4.378158,8.106782,0.447167,2.889674,0.000000,3.000000,8.119105,0.004992,0.000275,-0.095648,0.007136,0.001049,0.337002,0.005200,0.503961,0.215887,-0.013756,0.558831,0.009500,0.978773
15.498000,6.944454,-0.146830,4.836144,7.036473,0.495206,3.347660,0.000000,3.000000,7.053877,0.004988,0.000351,-0.093750,0.007181,-0.003687,0.335972,0.005270,0.503927,0.215942,-0.013753,0.558831,0.009500,1.019571
15.509000,7.563334,-0.155848,5.005944,7.655354,0.486188,3.517460,0.000000,3.000000,7.670777,0.004990,0.000317,-0.095785,0.005591,0.001181,0.334923,0.005336,0.503930,0.215997,-0.013749,0.558831,0.009500,0.978209
15.520000,9.014766,-0.205407,5.000675,9.106785,0.436628,3.512191,0.000000,3.000000,9.117246,0.004994,0.000239,-0.097764,0.005646,0.005122,0.333858,0.005400,0.503978,0.216052,-0.013746,0.558831,0.009500,0.943901
15.531000,9.845757,-0.338651,4.801072,9.937776,0.303384,3.312588,0.000000,3.000000,9.942406,0.004998,0.000153,-0.095215,0.006233,0.005952,0.332800,0.005469,0.504042,0.216107,-0.013744,0.558831,0.009500,0.935700
15.542000,9.574520,-0.310903,4.998761,9.666540,0.331133,3.510277,0.000000,3.000000,9.672210,0.004997,0.000171,-0.091091,0.006704,0.005909,0.331801,0.005535,0.504107,0.216162,-0.013743,0.558831,0.009500,0.934901
15.553000,9.162978,-0.284276,5.210128,9.254997,0.357760,3.721644,0.000000,3.000000,9.261909,0.004996,0.000193,-0.089383,0.006083,0.006086,0.330804,0.005599,0.504178,0.216217,-0.013740,0.558831,0.009500,0.932119
15.564000,9.467721,-0.321274,5.361729,9.559740,0.320762,3.873245,0.000000,3.000000,9.565120,0.004997,0.000168,-0.089296,0.006306,0.008104,0.329812,0.005661,0.504266,0.216272,-0.013739,0.558831,0.009500,0.913405
15.575000,9.204217,-0.241510,5.727536,9.296237,0.400526,4.239052,0.000000,3.000000,9.304861,0.004995,0.000215,-0.084799,0.005248,0.008020,0.328863,0.005713,0.504352,0.216327,-0.013736,0.558831,0.009500,0.912563
15.586000,8.004570,-0.076556,6.025671,8.096589,0.565480,4.537187,0.000000,3.000000,8.116312,0.004988,0.000348,-0.080698,0.004133,0.005169,0.327975,0.005761,0.504413,0.216382,-0.013733,0.558831,0.009500,0.935671
15.597000,6.929338,0.026647,6.519898,7.021358,0.668683,5.031414,0.000000,3.000000,7.053127,0.004977,0.000474,-0.077317,0.004512,0.001967,0.327117,0.005811,0.504435,0.216437,-0.013729,0.558831,0.009500,0.962434
15.608000,7.187791,0.013081,6.676563,7.279811,0.655117,5.188079,0.000000,3.000000,7.309228,0.004980,0.000448,-0.076853,0.004059,0.004579,0.326273,0.005855,0.504475,0.216491,-0.013724,0.558831,0.009500,0.939559
15.619000,8.099657,0.049739,6.338638,8.191676,0.691775,4.850154,0.000000,3.000000,8.220834,0.004982,0.000421,-0.076868,0.004214,0.008004,0.325444,0.005899,0.504541,0.216546,-0.013719,0.558831,0.009500,0.909306
15.630000,8.976886,-0.007887,5.694001,9.068905,0.634149,4.205517,0.000000,3.000000,9.091050,0.004988,0.000349,-0.075994,0.004608,0.010329,0.324584,0.005948,0.504658,0.216601,-0.013715,0.558831,0.009500,0.887471
15.641000,9.003649,-0.044795,5.329419,9.095668,0.597240,3.840935,0.000000,3.000000,9.115255,0.004989,0.000328,-0.075046,0.004340,0.008311,0.323758,0.005995,0.504756,0.216656,-0.013711,0.558831,0.009500,0.902828
15.652000,9.023403,0.026944,5.346344,9.115423,0.668979,3.857860,0.000000,3.000000,9.139938,0.004987,0.000366,-0.075728,0.003862,0.006665,0.322930,0.006038,0.504834,0.216711,-0.013707,0.558831,0.009500,0.915394
15.663000,9.591087,-0.046849,5.422178,9.683106,0.595187,3.933694,0.000000,3.000000,9.701381,0.004991,0.000307,-0.076582,0.003345,0.004383,0.322083,0.006079,0.504904,0.216766,-0.013703,0.558831,0.009500,0.933497
15.674000,9.678949,0.043754,5.770198,9.770969,0.685790,4.281714,0.000000,3.000000,9.795006,0.004988,0.000350,-0.077066,0.003024,0.001546,0.321233,0.006116,0.504942,0.216820,-0.013700,0.558831,0.009500,0.956894
15.685000,8.448312,0.187068,6.280340,8.540332,0.829104,4.791857,0.000000,3.000000,8.580483,0.004977,0.000483,-0.074775,0.003390,-0.004992,0.320406,0.006152,0.504907,0.216875,-0.013695,0.558831,0.009500,1.012999
15.696000,7.441657,0.272024,6.701777,7.533676,0.914059,5.213293,0.000000,3.000000,7.588925,0.004964,0.000602,-0.074196,0.003464,-0.011454,0.319596,0.006190,0.504796,0.216930,-0.013689,0.558831,0.009500,1.069819
15.707000,8.000999,0.275069,6.935463,8.093018,0.917104,5.446979,0.000000,3.000000,8.144816,0.004968,0.000563,-0.075649,0.001706,-0.011958,0.318777,0.006220,0.504676,0.216984,-0.013683,0.558831,0.009500,1.076265
15.718000,9.031700,0.202425,7.027778,9.123719,0.844461,5.539295,0.000000,3.000000,9.162716,0.004979,0.000461,-0.078451,0.002209,-0.013364,0.317906,0.006253,0.504521,0.217039,-0.013677,0.558831,0.009500,1.090989
15.729000,9.570979,0.151806,7.133670,9.662999,0.793842,5.645186,0.000000,3.000000,9.695552,0.004983,0.000409,-0.077570,0.002594,-0.015919,0.317052,0.006288,0.504363,0.217094,-0.013672,0.558831,0.009500,1.115509
15.740000,9.542254,0.203301,7.609305,9.634273,0.845337,6.120821,0.000000,3.000000,9.671288,0.004981,0.000437,-0.078142,0.002900,-0.017503,0.316192,0.006320,0.504169,0.217149,-0.013668,0.558831,0.009500,1.132440
15.751000,10.320339,0.147195,7.507071,10.412358,0.789230,6.018587,0.000000,3.000000,10.442226,0.004986,0.000378,-0.081265,0.002903,-0.014190,0.315298,0.006351,0.503996,0.217204,-0.013663,0.558831,0.009500,1.107447
15.762000,10.749323,0.168448,6.823675,10.841342,0.810484,5.335191,0.000000,3.000000,10.871595,0.004986,0.000373,-0.080798,0.002219,-0.013761,0.314406,0.006377,0.503849,0.217258,-0.013659,0.558831,0.009500,1.106442
15.773000,9.746620,0.263903,6.135329,9.838639,0.905938,4.646845,0.000000,3.000000,9.880260,0.004979,0.000458,-0.078834,0.002400,-0.014894,0.313538,0.006402,0.503698,0.217313,-0.013655,0.558831,0.009500,1.118785
15.784000,8.006348,0.330121,6.031511,8.098367,0.972157,4.543027,0.000000,3.000000,8.156509,0.004964,0.000596,-0.077547,0.002819,-0.021350,0.312686,0.006433,0.503470,0.217368,-0.013649,0.558831,0.009500,1.177668
15.795000,7.482367,0.308186,6.409520,7.574387,0.950221,4.921036,0.000000,3.000000,7.633757,0.004961,0.000622,-0.078913,0.002719,-0.023534,0.311817,0.006466,0.503207,0.217423,-0.013642,0.558831,0.009500,1.200920
15.806000,8.450422,0.285227,6.576735,8.542441,0.927262,5.088251,0.000000,3.000000,8.592620,0.004971,0.000540,-0.081714,0.001789,-0.024600,0.310927,0.006490,0.502945,0.217477,-0.013635,0.558831,0.009500,1.214684
15.817000,9.527266,0.200652,6.640762,9.619285,0.842688,5.152278,0.000000,3.000000,9.656126,0.004981,0.000436,-0.082841,0.002784,-0.024125,0.310018,0.006520,0.502680,0.217532,-0.013630,0.558831,0.009500,1.215428
15.828000,10.453028,0.103631,6.909824,10.545047,0.745667,5.421340,0.000000,3.000000,10.571378,0.004988,0.000353,-0.085277,0.003149,-0.024582,0.309100,0.006550,0.502409,0.217587,-0.013626,0.558831,0.009500,1.224182
15.839000,11.170916,0.137820,7.302631,11.262936,0.779856,5.814147,0.000000,3.000000,11.289902,0.004988,0.000345,-0.087485,0.001923,-0.026393,0.308128,0.006575,0.502119,0.217642,-0.013622,0.558831,0.009500,1.244773
15.850000,10.646172,0.198404,7.767207,10.738192,0.840439,6.278723,0.000000,3.000000,10.771031,0.004985,0.000390,-0.084478,0.002209,-0.027178,0.307188,0.006601,0.501810,0.217696,-0.013618,0.558831,0.009500,1.257001
15.861000,8.726453,0.358304,7.464525,8.818473,1.000339,5.976041,0.000000,3.000000,8.875029,0.004968,0.000564,-0.079911,0.002453,-0.029302,0.306298,0.006628,0.501486,0.217751,-0.013613,0.558831,0.009500,1.280857
15.872000,7.416620,0.347482,6.188493,7.508640,0.989518,4.700009,0.000000,3.000000,7.573560,0.004957,0.000653,-0.079957,0.003763,-0.026567,0.305420,0.006663,0.501195,0.217806,-0.013606,0.558831,0.009500,1.262880
15.883000,7.592782,0.245723,5.466095,7.684802,0.887759,3.977612,0.000000,3.000000,7.735909,0.004967,0.000574,-0.080736,0.002537,-0.022651,0.304538,0.006695,0.500930,0.217860,-0.013599,0.558831,0.009500,1.234426
15.894000,8.457156,0.237834,5.228655,8.549175,0.879870,3.740171,0.000000,3.000000,8.594333,0.004974,0.000512,-0.080453,0.002792,-0.021420,0.303652,0.006725,0.500693,0.217915,-0.013593,0.558831,0.009500,1.228234
15.905000,9.257169,0.121046,5.434343,9.349188,0.763082,3.945859,0.000000,3.000000,9.380278,0.004983,0.000407,-0.081381,0.003454,-0.019518,0.302758,0.006756,0.500472,0.217970,-0.013588,0.558831,0.009500,1.216092
15.916000,10.136289,-0.097999,5.737876,10.228309,0.544036,4.249393,0.000000,3.000000,10.242767,0.004993,0.000266,-0.085656,0.002943,-0.018717,0.301831,0.006792,0.500248,0.218025,-0.013585,0.558831,0.009500,1.213308
15.927000,10.991297,-0.066756,5.754069,11.083316,0.575279,4.265585,0.000000,3.000000,11.098236,0.004993,0.000259,-0.085909,0.002650,-0.018131,0.300883,0.006822,0.500052,0.218080,-0.013582,0.558831,0.009500,1.211869
15.938000,9.455754,0.092015,6.235381,9.547773,0.734051,4.746897,0.000000,3.000000,9.575949,0.004985,0.000383,-0.081045,0.002210,-0.024141,0.299981,0.006845,0.499789,0.218134,-0.013578,0.558831,0.009500,1.267608
15.949000,6.895879,0.294705,6.720084,6.987899,0.936741,5.231600,0.000000,3.000000,7.050405,0.004956,0.000664,-0.077167,0.002397,-0.029076,0.299118,0.006875,0.499482,0.218189,-0.013572,0.558831,0.009500,1.315007
15.960000,6.015063,0.304134,6.646763,6.107082,0.946170,5.158279,0.000000,3.000000,6.179943,0.004941,0.000766,-0.075574,0.003148,-0.026948,0.298278,0.006910,0.499179,0.218244,-0.013564,0.558831,0.009500,1.302400
15.971000,6.703300,0.142014,5.446613,6.795319,0.784050,3.958129,0.000000,3.000000,6.840402,0.004967,0.000573,-0.076487,0.003396,-0.017768,0.297440,0.006943,0.498966,0.218298,-0.013557,0.558831,0.009500,1.228336
15.982000,8.244215,-0.048007,4.317810,8.336234,0.594029,2.829326,0.000000,3.000000,8.357372,0.004987,0.000355,-0.077010,0.003518,-0.011381,0.296596,0.006980,0.498841,0.218353,-0.013552,0.558831,0.009500,1.176394
15.993000,9.374728,-0.199299,4.004956,9.466747,0.442737,2.516472,0.000000,3.000000,9.477094,0.004995,0.000234,-0.079254,0.004165,-0.007009,0.295747,0.007022,0.498749,0.218408,-0.013549,0.558831,0.009500,1.140956
16.004000,10.436820,-0.298552,4.082573,10.528839,0.343484,2.594089,0.000000,3.000000,10.534441,0.004997,0.000163,-0.082599,0.003229,-0.005262,0.294832,0.007065,0.498685,0.218463,-0.013547,0.558831,0.009500,1.127282
16.014000,10.446593,-0.232300,4.461573,10.538613,0.409736,2.973089,0.000000,3.000000,10.546575,0.004996,0.000194,-0.081353,0.003585,-0.008408,0.294006,0.007103,0.498611,0.218513,-0.013545,0.558831,0.009500,1.155305
16.024000,8.527306,-0.027711,4.821122,8.619326,0.614325,3.332638,0.000000,3.000000,8.641190,0.004987,0.000355,-0.079911,0.003537,-0.015962,0.293221,0.007136,0.498471,0.218563,-0.013542,0.558831,0.009500,1.221921
16.034000,6.857251,0.063881,5.212875,6.949270,0.705917,3.724392,0.000000,3.000000,6.985033,0.004974,0.000505,-0.079769,0.003146,-0.017296,0.292418,0.007168,0.498294,0.218612,-0.013538,0.558831,0.009500,1.236433
16.044000,6.685351,0.030118,5.478733,6.777370,0.672154,3.990249,0.000000,3.000000,6.810620,0.004976,0.000493,-0.080371,0.002980,-0.018233,0.291619,0.007202,0.498110,0.218662,-0.013533,0.558831,0.009500,1.247694
16.054000,7.321171,0.022528,5.615710,7.413191,0.664564,4.127226,0.000000,3.000000,7.442919,0.004980,0.000446,-0.081976,0.003342,-0.015706,0.290802,0.007235,0.497947,0.218712,-0.013528,0.558831,0.009500,1.229191
16.064000,8.186575,-0.032104,5.683037,8.278594,0.609932,4.194553,0.000000,3.000000,8.301032,0.004986,0.000367,-0.084024,0.003390,-0.014949,0.289969,0.007269,0.497806,0.218762,-0.013524,0.558831,0.009500,1.225298
16.074000,9.076839,-0.078239,5.641253,9.168858,0.563797,4.152769,0.000000,3.000000,9.186176,0.004991,0.000307,-0.087971,0.004230,-0.009519,0.289111,0.007308,0.497686,0.218812,-0.013520,0.558831,0.009500,1.181396
16.084000,10.018954,-0.163858,5.174211,10.110973,0.478178,3.685727,0.000000,3.000000,10.122274,0.004994,0.000236,-0.090889,0.004734,-0.004750,0.288191,0.007354,0.497645,0.218862,-0.013518,0.558831,0.009500,1.141665
16.094000,10.424819,-0.116250,4.511426,10.516838,0.525786,3.022942,0.000000,3.000000,10.529973,0.004994,0.000250,-0.089503,0.004145,-0.001401,0.287288,0.007396,0.497632,0.218911,-0.013515,0.558831,0.009500,1.113466
16.104000,8.877212,0.001124,4.197655,8.969232,0.643159,2.709171,0.000000,3.000000,8.992262,0.004987,0.000358,-0.085634,0.004126,-0.004861,0.286422,0.007439,0.497586,0.218961,-0.013512,0.558831,0.009500,1.143655
16.114000,6.696231,0.192386,4.212578,6.788250,0.834422,2.724094,0.000000,3.000000,6.839342,0.004963,0.000610,-0.083430,0.004221,-0.008886,0.285592,0.007483,0.497513,0.219011,-0.013508,0.558831,0.009500,1.179125
16.124000,5.794988,0.253892,4.460687,5.887007,0.895928,2.972203,0.000000,3.000000,5.954791,0.004943,0.000752,-0.084641,0.004342,-0.011475,0.284743,0.007528,0.497380,0.219061,-0.013500,0.558831,0.009500,1.203487
16.134000,6.200125,0.297296,4.528780,6.292145,0.939332,3.040296,0.000000,3.000000,6.361873,0.004945,0.000738,-0.086988,0.003722,-0.009024,0.283881,0.007569,0.497283,0.219110,-0.013493,0.558831,0.009500,1.184449
16.144000,7.717029,0.226896,4.701852,7.809048,0.868932,3.213368,0.000000,3.000000,7.857244,0.004969,0.000553,-0.090864,0.003669,-0.008134,0.282978,0.007610,0.497203,0.219160,-0.013487,0.558831,0.009500,1.178321
16.154000,8.557173,0.211552,4.743432,8.649192,0.853588,3.254948,0.000000,3.000000,8.691211,0.004976,0.000491,-0.094051,0.004704,-0.008712,0.282045,0.007658,0.497126,0.219209,-0.013481,0.558831,0.009500,1.184614
16.164000,9.383789,0.176391,4.808028,9.475808,0.818426,3.319544,0.000000,3.000000,9.511086,0.004981,0.000430,-0.098806,0.005184,-0.007655,0.281075,0.007711,0.497051,0.219259,-0.013477,0.558831,0.009500,1.176995
16.174000,10.030586,0.203765,5.082024,10.122606,0.845801,3.593540,0.000000,3.000000,10.157880,0.004983,0.000416,-0.100410,0.005485,-0.008080,0.280070,0.007764,0.496970,0.219309,-0.013473,0.558831,0.009500,1.182072
16.184000,9.054349,0.312900,5.156477,9.146368,0.954935,3.667993,0.000000,3.000000,9.196083,0.004973,0.000519,-0.098611,0.005066,-0.010653,0.279093,0.007817,0.496872,0.219359,-0.013468,0.558831,0.009500,1.205658
16.194000,6.872220,0.496943,5.591610,6.964239,1.138979,4.103127,0.000000,3.000000,7.056763,0.004934,0.000807,-0.096627,0.006156,-0.018219,0.278120,0.007872,0.496701,0.219408,-0.013461,0.558831,0.009500,1.272935
16.204000,5.206591,0.615357,5.825676,5.298611,1.257393,4.337192,0.000000,3.000000,5.445761,0.004865,0.001154,-0.095892,0.005516,-0.019189,0.277157,0.007929,0.496507,0.219457,-0.013451,0.558831,0.009500,1.284670
16.214000,5.220184,0.629127,5.751349,5.312203,1.271163,4.262865,0.000000,3.000000,5.462175,0.004863,0.001164,-0.097259,0.005319,-0.016163,0.276187,0.007989,0.496339,0.219506,-0.013439,0.558831,0.009500,1.262001
16.224000,6.376771,0.625962,5.753778,6.468790,1.267998,4.265294,0.000000,3.000000,6.591894,0.004907,0.000962,-0.100894,0.005067,-0.013027,0.275191,0.008042,0.496198,0.219555,-0.013429,0.558831,0.009500,1.237934
16.234000,7.471979,0.539749,5.173916,7.563998,1.181785,3.685433,0.000000,3.000000,7.655761,0.004940,0.000772,-0.100377,0.006372,-0.007378,0.274190,0.008103,0.496114,0.219604,-0.013420,0.558831,0.009500,1.191518
16.244000,8.264557,0.424026,4.716381,8.356577,1.066061,3.227897,0.000000,3.000000,8.424302,0.004960,0.000633,-0.102353,0.007170,-0.005304,0.273168,0.008171,0.496058,0.219653,-0.013413,0.558831,0.009500,1.174928
16.254000,8.525510,0.352627,4.689836,8.617529,0.994662,3.201352,0.000000,3.000000,8.674743,0.004967,0.000573,-0.104190,0.007069,-0.005505,0.272144,0.008241,0.496004,0.219703,-0.013407,0.558831,0.009500,1.177601
16.264000,8.567923,0.278657,4.417164,8.659943,0.920693,2.928681,0.000000,3.000000,8.708747,0.004972,0.000529,-0.106375,0.007364,-0.004526,0.271091,0.008313,0.495965,0.219753,-0.013402,0.558831,0.009500,1.170003
16.274000,8.052838,0.324781,4.369228,8.144857,0.966817,2.880744,0.000000,3.000000,8.202039,0.004965,0.000589,-0.102516,0.007027,-0.005441,0.270040,0.008383,0.495917,0.219803,-0.013396,0.558831,0.009500,1.178621
16.284000,6.770888,0.417140,4.482848,6.862907,1.059176,2.994364,0.000000,3.000000,6.944159,0.004941,0.000763,-0.097456,0.006429,-0.007158,0.269055,0.008447,0.495858,0.219852,-0.013390,0.558831,0.009500,1.194254
16.294000,5.463855,0.484110,4.539293,5.555874,1.126146,3.050809,0.000000,3.000000,5.668857,0.004900,0.000993,-0.095550,0.006673,-0.010253,0.268104,0.008511,0.495766,0.219901,-0.013381,0.558831,0.009500,1.222169
16.304000,4.871745,0.501384,4.745863,4.963764,1.143420,3.257379,0.000000,3.000000,5.093757,0.004872,0.001122,-0.091585,0.006385,-0.010944,0.267179,0.008573,0.495661,0.219950,-0.013370,0.558831,0.009500,1.229932
16.314000,5.544780,0.487928,4.946761,5.636799,1.129964,3.458277,0.000000,3.000000,5.748941,0.004902,0.000983,-0.090236,0.006185,-0.007360,0.266270,0.008626,0.495581,0.219999,-0.013359,0.558831,0.009500,1.200948
16.324000,6.727552,0.456000,5.038051,6.819571,1.098036,3.549567,0.000000,3.000000,6.907404,0.004936,0.000795,-0.090477,0.004994,-0.004118,0.265372,0.008678,0.495533,0.220048,-0.013351,0.558831,0.009500,1.174299
16.334000,7.328395,0.395478,5.022838,7.420414,1.037514,3.534354,0.000000,3.000000,7.492595,0.004952,0.000692,-0.087151,0.005796,-0.004011,0.264486,0.008737,0.495493,0.220098,-0.013343,0.558831,0.009500,1.174128
16.344000,6.960300,0.406837,5.056945,7.052320,1.048873,3.568461,0.000000,3.000000,7.129891,0.004946,0.000736,-0.083253,0.005536,-0.004990,0.263650,0.008793,0.495448,0.220147,-0.013336,0.558831,0.009500,1.183238
16.354000,6.387983,0.450714,5.099424,6.480003,1.092750,3.610940,0.000000,3.000000,6.571494,0.004930,0.000831,-0.079879,0.004968,-0.004420,0.262851,0.008845,0.495400,0.220197,-0.013328,0.558831,0.009500,1.179268
16.364000,6.212280,0.419897,5.296660,6.304300,1.061933,3.808176,0.000000,3.000000,6.393113,0.004931,0.000831,-0.079168,0.005023,-0.004596,0.262056,0.008895,0.495358,0.220246,-0.013320,0.558831,0.009500,1.181522
16.374000,6.355929,0.382096,5.398055,6.447948,1.024132,3.909571,0.000000,3.000000,6.528774,0.004938,0.000784,-0.076810,0.004167,-0.003453,0.261291,0.008937,0.495325,0.220295,-0.013312,0.558831,0.009500,1.172418
16.384000,6.242634,0.426409,5.392782,6.334653,1.068445,3.904298,0.000000,3.000000,6.424127,0.004930,0.000832,-0.072889,0.003736,-0.002050,0.260542,0.008977,0.495297,0.220345,-0.013304,0.558831,0.009500,1.161013
16.394000,5.554653,0.491246,5.494372,5.646672,1.133282,4.005888,0.000000,3.000000,5.759274,0.004902,0.000984,-0.067230,0.003820,-0.004876,0.259866,0.009016,0.495262,0.220394,-0.013295,0.558831,0.009500,1.185622
16.404000,4.650512,0.598704,5.814388,4.742531,1.240740,4.325904,0.000000,3.000000,4.902146,0.004837,0.001266,-0.063573,0.004002,-0.006325,0.259228,0.009054,0.495204,0.220442,-0.013284,0.558831,0.009500,1.198960
16.414000,4.594325,0.639708,6.052007,4.686345,1.281744,4.563523,0.000000,3.000000,4.858466,0.004823,0.001319,-0.062224,0.002989,-0.006474,0.258612,0.009084,0.495144,0.220491,-0.013270,0.558831,0.009500,1.201305
16.424000,5.302624,0.593282,6.105626,5.394643,1.235317,4.617142,0.000000,3.000000,5.534274,0.004874,0.001116,-0.061476,0.003526,-0.002461,0.257984,0.009121,0.495111,0.220539,-0.013258,0.558831,0.009500,1.167847
16.434000,5.906241,0.535619,6.171361,5.998261,1.177655,4.682877,0.000000,3.000000,6.112774,0.004906,0.000963,-0.058390,0.003279,-0.002371,0.257396,0.009151,0.495096,0.220588,-0.013248,0.558831,0.009500,1.167354
16.444000,5.718297,0.539326,6.329978,5.810316,1.181362,4.841494,0.000000,3.000000,5.929198,0.004900,0.000996,-0.054558,0.002825,-0.000823,0.256838,0.009181,0.495089,0.220637,-0.013238,0.558831,0.009500,1.154350
16.454000,5.106102,0.611336,6.216137,5.198122,1.253372,4.727653,0.000000,3.000000,5.347094,0.004861,0.001172,-0.048820,0.002295,-0.001986,0.256337,0.009207,0.495070,0.220686,-0.013227,0.558831,0.009500,1.164547
16.464000,4.856900,0.636031,6.132694,4.948920,1.278067,4.644210,0.000000,3.000000,5.111288,0.004841,0.001250,-0.046789,0.002632,-0.001892,0.255864,0.009234,0.495052,0.220734,-0.013215,0.558831,0.009500,1.164073
16.474000,5.383410,0.628209,5.968308,5.475429,1.270245,4.479824,0.000000,3.000000,5.620840,0.004871,0.001130,-0.045944,0.002068,-0.000573,0.255414,0.009253,0.495047,0.220783,-0.013203,0.558831,0.009500,1.152975
16.484000,5.888474,0.567689,5.992297,5.980494,1.209725,4.503813,0.000000,3.000000,6.101618,0.004901,0.000991,-0.046270,0.001380,0.000062,0.254952,0.009273,0.495054,0.220832,-0.013193,0.558831,0.009500,1.147456
16.494000,6.764256,0.530815,5.877788,6.856276,1.172851,4.389304,0.000000,3.000000,6.955868,0.004928,0.000843,-0.045658,0.001571,-0.001075,0.254498,0.009291,0.495048,0.220881,-0.013183,0.558831,0.009500,1.157229
16.504000,6.624170,0.518222,5.751988,6.716189,1.160258,4.263504,0.000000,3.000000,6.815673,0.004927,0.000851,-0.044022,0.000993,-0.003444,0.254044,0.009307,0.495022,0.220930,-0.013175,0.558831,0.009500,1.177787
16.514000,5.709459,0.517274,5.637021,5.801478,1.159310,4.148537,0.000000,3.000000,5.916177,0.004903,0.000980,-0.041062,0.001642,-0.006726,0.253626,0.009322,0.494962,0.220979,-0.013166,0.558831,0.009500,1.206724
16.524000,4.485684,0.579038,5.675080,4.577703,1.221073,4.186596,0.000000,3.000000,4.737762,0.004831,0.001289,-0.039808,0.001230,-0.012087,0.253227,0.009335,0.494852,0.221028,-0.013155,0.558831,0.009500,1.254184
16.534000,3.957892,0.591629,5.830069,4.049911,1.233665,4.341585,0.000000,3.000000,4.233640,0.004783,0.001457,-0.040054,0.001397,-0.016487,0.252828,0.009347,0.494695,0.221076,-0.013141,0.558831,0.009500,1.294349
16.544000,4.404596,0.551117,5.891984,4.496615,1.193152,4.403500,0.000000,3.000000,4.652221,0.004833,0.001282,-0.041995,0.000828,-0.017034,0.252415,0.009356,0.494533,0.221124,-0.013127,0.558831,0.009500,1.301909
16.554000,5.598721,0.482973,6.079673,5.690741,1.125009,4.591189,0.000000,3.000000,5.800877,0.004905,0.000970,-0.043901,0.000898,-0.015462,0.251979,0.009366,0.494375,0.221173,-0.013116,0.558831,0.009500,1.291407
16.564000,6.432274,0.461767,6.160235,6.524294,1.103803,4.671751,0.000000,3.000000,6.617008,0.004930,0.000834,-0.044724,0.000614,-0.019298,0.251530,0.009374,0.494197,0.221222,-0.013107,0.558831,0.009500,1.327173
16.574000,6.317188,0.431005,6.142483,6.409207,1.073040,4.653999,0.000000,3.000000,6.498412,0.004931,0.000826,-0.044351,0.001784,-0.019086,0.251091,0.009385,0.494005,0.221271,-0.013099,0.558831,0.009500,1.328832
16.584000,5.745921,0.444204,6.069309,5.837941,1.086239,4.580825,0.000000,3.000000,5.938137,0.004916,0.000915,-0.042835,0.000922,-0.022973,0.250661,0.009394,0.493783,0.221321,-0.013090,0.558831,0.009500,1.365799
16.594000,4.884669,0.482445,6.192058,4.976689,1.124481,4.703574,0.000000,3.000000,5.102145,0.004877,0.001102,-0.040975,0.000832,-0.024924,0.250245,0.009401,0.493523,0.221370,-0.013080,0.558831,0.009500,1.387046
16.604000,4.792555,0.500138,6.095883,4.884574,1.142174,4.607399,0.000000,3.000000,5.016336,0.004869,0.001138,-0.040875,0.000626,-0.024262,0.249836,0.009407,0.493262,0.221418,-0.013068,0.558831,0.009500,1.386108
16.614000,5.527228,0.472576,6.026692,5.619247,1.114612,4.538208,0.000000,3.000000,5.728726,0.004904,0.000973,-0.042815,0.000543,-0.025601,0.249413,0.009410,0.493013,0.221467,-0.013058,0.558831,0.009500,1.401968
16.624000,6.401560,0.455214,6.313050,6.493579,1.097250,4.824566,0.000000,3.000000,6.585631,0.004930,0.000833,-0.044965,0.000353,-0.024618,0.248966,0.009413,0.492766,0.221516,-0.013049,0.558831,0.009500,1.398067
16.634000,6.985882,0.523366,6.313980,7.077901,1.165402,4.825496,0.000000,3.000000,7.173203,0.004934,0.000812,-0.046594,-0.000063,-0.023816,0.248501,0.009414,0.492530,0.221566,-0.013041,0.558831,0.009500,1.395496
16.644000,6.428356,0.682310,6.436406,6.520375,1.324346,4.947922,0.000000,3.000000,6.653509,0.004900,0.000995,-0.045358,0.000072,-0.026418,0.248044,0.009413,0.492269,0.221615,-0.013032,0.558831,0.009500,1.422276
16.654000,5.272814,0.771862,6.579922,5.364833,1.413898,5.091438,0.000000,3.000000,5.548021,0.004835,0.001274,-0.042621,0.000320,-0.028003,0.247610,0.009409,0.491988,0.221663,-0.013021,0.558831,0.009500,1.440793
16.664000,3.884367,0.740997,6.234935,3.976387,1.383032,4.746451,0.000000,3.000000,4.210039,0.004723,0.001643,-0.039161,-0.000232,-0.031269,0.247222,0.009407,0.491689,0.221711,-0.013006,0.558831,0.009500,1.473881
16.674000,3.441131,0.732978,5.971472,3.533150,1.375014,4.482988,0.000000,3.000000,3.791281,0.004660,0.001813,-0.038202,-0.000495,-0.029286,0.246837,0.009406,0.491382,0.221758,-0.012988,0.558831,0.009500,1.462595
16.684000,4.356189,0.727002,5.769021,4.448209,1.369038,4.280537,0.000000,3.000000,4.654119,0.004779,0.001471,-0.038555,-0.001195,-0.029303,0.246447,0.009398,0.491092,0.221805,-0.012972,0.558831,0.009500,1.467950
16.694000,5.399925,0.783842,5.393719,5.491944,1.425877,3.905235,0.000000,3.000000,5.674027,0.004840,0.001256,-0.040932,-0.001726,-0.027644,0.246044,0.009387,0.490817,0.221853,-0.012958,0.558831,0.009500,1.458828
16.704000,6.663514,0.695112,5.250386,6.755534,1.337148,3.761902,0.000000,3.000000,6.886596,0.004905,0.000971,-0.042552,-0.001162,-0.025836,0.245622,0.009375,0.490562,0.221902,-0.012947,0.558831,0.009500,1.448065
16.714000,6.927675,0.510277,5.208192,7.019695,1.152313,3.719708,0.000000,3.000000,7.113644,0.004934,0.000810,-0.040208,-0.000512,-0.026134,0.245210,0.009369,0.490307,0.221951,-0.012939,0.558831,0.009500,1.455186
16.724000,5.848219,0.497666,5.285171,5.940239,1.139702,3.796687,0.000000,3.000000,6.048583,0.004910,0.000942,-0.039187,-0.000416,-0.029952,0.244817,0.009363,0.490014,0.222001,-0.012930,0.558831,0.009500,1.492865
16.734000,4.864614,0.547997,5.351744,4.956633,1.190033,3.863260,0.000000,3.000000,5.097489,0.004862,0.001167,-0.036633,-0.001063,-0.029407,0.244453,0.009355,0.489724,0.222049,-0.012919,0.558831,0.009500,1.493461
16.744000,4.218214,0.581091,5.405150,4.310233,1.223126,3.916666,0.000000,3.000000,4.480418,0.004810,0.001365,-0.034350,-0.000299,-0.031455,0.244103,0.009349,0.489415,0.222098,-0.012907,0.558831,0.009500,1.516404
16.754000,4.573025,0.517487,5.389133,4.665045,1.159523,3.900649,0.000000,3.000000,4.806988,0.004852,0.001206,-0.035897,-0.000748,-0.030013,0.243738,0.009342,0.489101,0.222146,-0.012893,0.558831,0.009500,1.509816
16.764000,6.146760,0.317237,5.311606,6.238779,0.959273,3.823122,0.000000,3.000000,6.312097,0.004942,0.000760,-0.038279,0.000512,-0.026957,0.243358,0.009341,0.488831,0.222195,-0.012884,0.558831,0.009500,1.488743
16.774000,7.564533,0.192791,5.403731,7.656553,0.834827,3.915247,0.000000,3.000000,7.701931,0.004971,0.000542,-0.039973,-0.000637,-0.024635,0.242963,0.009342,0.488587,0.222245,-0.012877,0.558831,0.009500,1.473422
16.784000,8.209047,0.201062,5.370528,8.301066,0.843098,3.882044,0.000000,3.000000,8.343771,0.004974,0.000505,-0.041740,0.000476,-0.021833,0.242547,0.009346,0.488374,0.222294,-0.012872,0.558831,0.009500,1.453487
16.794000,7.867534,0.282133,5.316491,7.959553,0.924169,3.828007,0.000000,3.000000,8.013025,0.004967,0.000577,-0.039673,0.000360,-0.020103,0.242144,0.009349,0.488171,0.222344,-0.012867,0.558831,0.009500,1.442475
16.804000,6.346951,0.398049,5.382442,6.438971,1.040085,3.893959,0.000000,3.000000,6.522432,0.004936,0.000797,-0.037206,0.000508,-0.022843,0.241768,0.009354,0.487953,0.222394,-0.012860,0.558831,0.009500,1.469639
16.814000,4.609947,0.482352,5.480997,4.701966,1.124387,3.992513,0.000000,3.000000,4.834535,0.004863,0.001163,-0.033709,0.000330,-0.023003,0.241426,0.009358,0.487719,0.222443,-0.012850,0.558831,0.009500,1.475205
16.824000,3.728801,0.557083,5.276992,3.820821,1.199119,3.788508,0.000000,3.000000,4.004567,0.004771,0.001497,-0.031864,0.000122,-0.020610,0.241109,0.009360,0.487505,0.222491,-0.012836,0.558831,0.009500,1.458747
16.834000,4.162409,0.570130,5.233264,4.254429,1.212166,3.744780,0.000000,3.000000,4.423744,0.004809,0.001370,-0.032892,0.000794,-0.015575,0.240787,0.009365,0.487334,0.222538,-0.012822,0.558831,0.009500,1.419119
16.844000,5.732119,0.534262,5.224765,5.824138,1.176298,3.736281,0.000000,3.000000,5.941739,0.004901,0.000990,-0.034963,0.000183,-0.011248,0.240439,0.009367,0.487221,0.222587,-0.012810,0.558831,0.009500,1.384432
16.854000,7.044331,0.600597,5.140107,7.136350,1.242633,3.651623,0.000000,3.000000,7.243730,0.004926,0.000858,-0.036728,-0.001182,-0.006085,0.240072,0.009360,0.487151,0.222636,-0.012801,0.558831,0.009500,1.341883
16.864000,7.599767,0.649585,4.928821,7.691787,1.291621,3.440337,0.000000,3.000000,7.799478,0.004931,0.000828,-0.036963,-0.001030,-0.003330,0.239701,0.009354,0.487112,0.222686,-0.012793,0.558831,0.009500,1.319215
16.874000,7.052884,0.669366,4.688652,7.144903,1.311402,3.200168,0.000000,3.000000,7.264256,0.004918,0.000903,-0.034533,-0.001175,-0.001980,0.239347,0.009343,0.487085,0.222735,-0.012784,0.558831,0.009500,1.308240
16.884000,5.429218,0.717979,4.546172,5.521237,1.360015,3.057688,0.000000,3.000000,5.686273,0.004855,0.001196,-0.030574,-0.001270,-0.004737,0.239032,0.009330,0.487041,0.222784,-0.012774,0.558831,0.009500,1.332418
16.894000,3.845815,0.834836,4.453385,3.937835,1.476872,2.964902,0.000000,3.000000,4.205674,0.004682,0.001756,-0.028516,-0.001568,-0.005558,0.238751,0.009312,0.486989,0.222831,-0.012759,0.558831,0.009500,1.340327
16.904000,3.578730,0.845807,4.355918,3.670750,1.487842,2.867434,0.000000,3.000000,3.960818,0.004634,0.001878,-0.028548,-0.002390,-0.005508,0.238465,0.009292,0.486929,0.222878,-0.012740,0.558831,0.009500,1.340967
16.914000,4.394683,0.839750,4.303257,4.486702,1.481786,2.814773,0.000000,3.000000,4.725059,0.004748,0.001568,-0.029136,-0.001947,-0.004676,0.238177,0.009270,0.486878,0.222925,-0.012723,0.558831,0.009500,1.334843
16.924000,5.912478,0.768594,4.217549,6.004497,1.410630,2.729065,0.000000,3.000000,6.167971,0.004867,0.001144,-0.032372,-0.002198,0.000073,0.237858,0.009246,0.486868,0.222973,-0.012709,0.558831,0.009500,1.294720
16.934000,7.822594,0.557106,4.172152,7.914614,1.199141,2.683668,0.000000,3.000000,8.004939,0.004944,0.000749,-0.034785,-0.001800,0.003381,0.237511,0.009227,0.486897,0.223022,-0.012700,0.558831,0.009500,1.266137
16.944000,8.356824,0.583799,4.252953,8.448844,1.225835,2.764469,0.000000,3.000000,8.537308,0.004948,0.000718,-0.035064,-0.002552,0.002445,0.237158,0.009203,0.486928,0.223071,-0.012693,0.558831,0.009500,1.273501
16.954000,7.695138,0.612962,4.366639,7.787158,1.254998,2.878156,0.000000,3.000000,7.887639,0.004936,0.000796,-0.034744,-0.002713,0.001068,0.236808,0.009176,0.486945,0.223121,-0.012686,0.558831,0.009500,1.284897
16.964000,6.353065,0.757651,4.417558,6.445084,1.399687,2.929074,0.000000,3.000000,6.595319,0.004886,0.001061,-0.032356,-0.003523,-0.002376,0.236481,0.009144,0.486932,0.223170,-0.012676,0.558831,0.009500,1.314338
16.974000,4.482189,0.913240,4.475045,4.574208,1.555276,2.986562,0.000000,3.000000,4.831383,0.004734,0.001610,-0.029999,-0.003796,-0.005498,0.236185,0.009110,0.486880,0.223218,-0.012663,0.558831,0.009500,1.341784
16.984000,3.695778,0.975523,4.556576,3.787797,1.617559,3.068093,0.000000,3.000000,4.118726,0.004598,0.001964,-0.030144,-0.003822,-0.005069,0.235880,0.009072,0.486819,0.223265,-0.012644,0.558831,0.009500,1.339228
16.994000,4.036807,0.995964,4.675680,4.128826,1.637999,3.187196,0.000000,3.000000,4.441874,0.004648,0.001844,-0.031171,-0.003655,-0.005950,0.235570,0.009036,0.486758,0.223311,-0.012625,0.558831,0.009500,1.347795
17.004000,5.022292,0.976152,4.845151,5.114311,1.618188,3.356667,0.000000,3.000000,5.364206,0.004767,0.001508,-0.034164,-0.003038,-0.004500,0.235239,0.009001,0.486707,0.223358,-0.012608,0.558831,0.009500,1.336424
17.014000,6.525031,0.961995,4.821886,6.617051,1.604030,3.333402,0.000000,3.000000,6.808691,0.004859,0.001178,-0.037530,-0.004171,-0.002934,0.234872,0.008959,0.486676,0.223406,-0.012595,0.558831,0.009500,1.323694
17.024000,7.427925,0.820231,4.852713,7.519944,1.462267,3.364229,0.000000,3.000000,7.660795,0.004908,0.000954,-0.038367,-0.004178,-0.003209,0.234487,0.008922,0.486648,0.223455,-0.012585,0.558831,0.009500,1.326526
17.034000,7.235611,0.816422,4.891996,7.327630,1.458458,3.403512,0.000000,3.000000,7.471363,0.004904,0.000976,-0.038548,-0.004010,-0.003967,0.234104,0.008885,0.486616,0.223504,-0.012575,0.558831,0.009500,1.333531
17.044000,6.506539,0.876229,4.845830,6.598558,1.518265,3.357346,0.000000,3.000000,6.770975,0.004873,0.001121,-0.037750,-0.004650,-0.004713,0.233721,0.008842,0.486570,0.223553,-0.012565,0.558831,0.009500,1.340690
17.054000,4.977767,0.964757,4.829028,5.069786,1.606793,3.340544,0.000000,3.000000,5.318319,0.004766,0.001511,-0.035521,-0.004459,-0.009153,0.233367,0.008801,0.486489,0.223601,-0.012552,0.558831,0.009500,1.379822
17.064000,3.789312,1.040425,4.896590,3.881332,1.682461,3.408106,0.000000,3.000000,4.230297,0.004588,0.001989,-0.035571,-0.004628,-0.011052,0.233004,0.008754,0.486380,0.223648,-0.012534,0.558831,0.009500,1.397906
17.074000,3.760191,1.025261,4.881545,3.852210,1.667297,3.393061,0.000000,3.000000,4.197547,0.004589,0.001986,-0.037187,-0.004586,-0.009791,0.232639,0.008705,0.486277,0.223693,-0.012514,0.558831,0.009500,1.389066
17.084000,4.644583,0.895151,4.952809,4.736602,1.537187,3.464326,0.000000,3.000000,4.979794,0.004756,0.001543,-0.039447,-0.004828,-0.009370,0.232246,0.008657,0.486180,0.223740,-0.012496,0.558831,0.009500,1.387227
17.094000,5.930311,0.775342,4.909026,6.022330,1.417378,3.420542,0.000000,3.000000,6.186875,0.004867,0.001145,-0.042579,-0.004718,-0.004907,0.231828,0.008610,0.486120,0.223789,-0.012483,0.558831,0.009500,1.350428
17.104000,7.295841,0.658357,4.855674,7.387861,1.300393,3.367191,0.000000,3.000000,7.501434,0.004924,0.000867,-0.044497,-0.004209,-0.001663,0.231383,0.008564,0.486100,0.223838,-0.012473,0.558831,0.009500,1.323283
17.114000,7.473436,0.569100,4.809120,7.565456,1.211136,3.320636,0.000000,3.000000,7.661786,0.004937,0.000790,-0.044879,-0.004264,-0.001564,0.230933,0.008523,0.486092,0.223887,-0.012465,0.558831,0.009500,1.322585
17.124000,6.783149,0.496456,4.846152,6.875169,1.138492,3.357668,0.000000,3.000000,6.968795,0.004933,0.000817,-0.044805,-0.003229,-0.001048,0.230483,0.008489,0.486080,0.223936,-0.012457,0.558831,0.009500,1.318409
17.134000,5.689095,0.546034,4.771384,5.781115,1.188070,3.282900,0.000000,3.000000,5.901932,0.004898,0.001007,-0.042526,-0.003406,-0.001028,0.230057,0.008455,0.486068,0.223985,-0.012448,0.558831,0.009500,1.318464
17.144000,4.412415,0.564928,4.650176,4.504434,1.206964,3.161692,0.000000,3.000000,4.663335,0.004830,0.001294,-0.040792,-0.002824,-0.002801,0.229642,0.008421,0.486048,0.224034,-0.012436,0.558831,0.009500,1.333877
17.154000,3.550800,0.506036,4.598757,3.642819,1.148072,3.110273,0.000000,3.000000,3.819450,0.004769,0.001503,-0.040262,-0.002513,-0.001537,0.229239,0.008395,0.486030,0.224082,-0.012422,0.558831,0.009500,1.323465
17.164000,3.794059,0.451208,4.538398,3.886079,1.093243,3.049914,0.000000,3.000000,4.036928,0.004813,0.001354,-0.043817,-0.001370,0.001884,0.228813,0.008376,0.486037,0.224130,-0.012408,0.558831,0.009500,1.294318
17.174000,4.712485,0.371981,4.514472,4.804504,1.014017,3.025988,0.000000,3.000000,4.910346,0.004892,0.001033,-0.045912,-0.001250,0.004406,0.228354,0.008359,0.486070,0.224178,-0.012396,0.558831,0.009500,1.272309
17.184000,5.718663,0.276680,4.536007,5.810683,0.918716,3.047523,0.000000,3.000000,5.882863,0.004939,0.000781,-0.046084,-0.001635,0.007413,0.227888,0.008345,0.486137,0.224228,-0.012387,0.558831,0.009500,1.245595
17.194000,6.501312,0.195222,4.594187,6.593331,0.837258,3.105703,0.000000,3.000000,6.646278,0.004960,0.000630,-0.046846,-0.001246,0.011049,0.227424,0.008333,0.486244,0.224277,-0.012380,0.558831,0.009500,1.212825
17.204000,6.853091,0.133517,4.611944,6.945110,0.775553,3.123460,0.000000,3.000000,6.988279,0.004969,0.000555,-0.046078,-0.000318,0.013254,0.226961,0.008327,0.486373,0.224327,-0.012374,0.558831,0.009500,1.191786
17.214000,6.317531,0.167344,4.640236,6.409551,0.809380,3.151752,0.000000,3.000000,6.460452,0.004961,0.000626,-0.044871,-0.000512,0.011912,0.226518,0.008320,0.486495,0.224376,-0.012369,0.558831,0.009500,1.200981
17.224000,5.217770,0.244451,4.654656,5.309790,0.886487,3.166172,0.000000,3.000000,5.383282,0.004932,0.000823,-0.042742,-0.000909,0.010992,0.226081,0.008310,0.486616,0.224426,-0.012361,0.558831,0.009500,1.206604
17.234000,4.619373,0.228205,4.647455,4.711393,0.870241,3.158971,0.000000,3.000000,4.791090,0.004917,0.000908,-0.042977,-0.000132,0.012078,0.225650,0.008306,0.486736,0.224475,-0.012352,0.558831,0.009500,1.195233
17.244000,4.525388,0.136739,4.679578,4.617408,0.778775,3.191094,0.000000,3.000000,4.682622,0.004930,0.000832,-0.043974,0.000140,0.011701,0.225212,0.008308,0.486850,0.224524,-0.012344,0.558831,0.009500,1.196366
17.254000,4.677137,0.151953,4.781424,4.769156,0.793988,3.292940,0.000000,3.000000,4.834797,0.004932,0.000821,-0.044890,-0.000204,0.011405,0.224761,0.008308,0.486964,0.224574,-0.012335,0.558831,0.009500,1.196844
17.264000,5.224786,0.160668,4.893636,5.316805,0.802704,3.405152,0.000000,3.000000,5.377058,0.004944,0.000746,-0.048006,-0.000057,0.012747,0.224293,0.008310,0.487086,0.224623,-0.012327,0.558831,0.009500,1.183250
17.274000,6.145771,0.039602,4.995880,6.237790,0.681638,3.507396,0.000000,3.000000,6.274923,0.004970,0.000543,-0.050150,0.000436,0.011915,0.223798,0.008316,0.487216,0.224673,-0.012321,0.558831,0.009500,1.187983
17.284000,6.628650,-0.046462,5.130344,6.720670,0.595574,3.641861,0.000000,3.000000,6.747007,0.004980,0.000441,-0.050301,0.000656,0.013223,0.223290,0.008324,0.487352,0.224722,-0.012316,0.558831,0.009500,1.174428
17.294000,6.493096,-0.019590,5.200209,6.585115,0.622446,3.711725,0.000000,3.000000,6.614468,0.004978,0.000471,-0.048974,0.000694,0.013107,0.222796,0.008331,0.487484,0.224772,-0.012312,0.558831,0.009500,1.173037
17.304000,6.095216,0.021268,5.250942,6.187235,0.663303,3.762459,0.000000,3.000000,6.222688,0.004972,0.000533,-0.049240,0.001126,0.012535,0.222306,0.008339,0.487607,0.224822,-0.012307,0.558831,0.009500,1.175668
17.314000,6.037821,-0.041920,5.302018,6.129840,0.600115,3.813534,0.000000,3.000000,6.159146,0.004976,0.000487,-0.049355,0.001264,0.011022,0.221821,0.008350,0.487722,0.224872,-0.012302,0.558831,0.009500,1.186443
17.324000,6.013599,-0.051767,5.337725,6.105618,0.590269,3.849241,0.000000,3.000000,6.134084,0.004977,0.000481,-0.048475,0.001684,0.010742,0.221324,0.008366,0.487829,0.224921,-0.012297,0.558831,0.009500,1.186899
17.334000,6.025501,0.011811,5.328643,6.117520,0.653847,3.840160,0.000000,3.000000,6.152363,0.004972,0.000531,-0.048866,0.001389,0.010988,0.220840,0.008378,0.487943,0.224971,-0.012292,0.558831,0.009500,1.182747
17.344000,6.427893,-0.076529,5.301671,6.519913,0.565507,3.813187,0.000000,3.000000,6.544392,0.004981,0.000432,-0.049896,0.001213,0.011736,0.220334,0.008394,0.488059,0.225021,-0.012287,0.558831,0.009500,1.174318
17.354000,6.345130,-0.130594,5.312409,6.437149,0.511441,3.823925,0.000000,3.000000,6.457435,0.004984,0.000396,-0.049874,0.002082,0.010926,0.219838,0.008416,0.488176,0.225071,-0.012283,0.558831,0.009500,1.179085
17.364000,5.849201,-0.141633,5.352611,5.941221,0.500403,3.864127,0.000000,3.000000,5.962257,0.004982,0.000420,-0.049297,0.002357,0.010739,0.219356,0.008439,0.488282,0.225121,-0.012279,0.558831,0.009500,1.178769
17.374000,5.371695,-0.077976,5.326276,5.463714,0.564060,3.837793,0.000000,3.000000,5.492753,0.004974,0.000513,-0.048939,0.002088,0.009238,0.218859,0.008464,0.488383,0.225170,-0.012274,0.558831,0.009500,1.189685
17.384000,4.964504,-0.077966,5.389737,5.056523,0.564070,3.901253,0.000000,3.000000,5.087888,0.004969,0.000554,-0.049464,0.003278,0.009311,0.218359,0.008496,0.488471,0.225220,-0.012268,0.558831,0.009500,1.187488
17.394000,4.858271,-0.110545,5.425902,4.950290,0.531490,3.937418,0.000000,3.000000,4.978740,0.004971,0.000534,-0.051652,0.003408,0.007806,0.217855,0.008529,0.488550,0.225270,-0.012263,0.558831,0.009500,1.198835
17.404000,5.118666,-0.117576,5.472948,5.210686,0.524460,3.984464,0.000000,3.000000,5.237013,0.004975,0.000501,-0.051244,0.003343,0.007757,0.217332,0.008565,0.488619,0.225319,-0.012258,0.558831,0.009500,1.197998
17.414000,5.396680,-0.099066,5.611480,5.488699,0.542970,4.122997,0.000000,3.000000,5.515490,0.004976,0.000492,-0.051821,0.003468,0.007778,0.216820,0.008601,0.488699,0.225369,-0.012253,0.558831,0.009500,1.196372
17.424000,5.867873,-0.135363,5.670074,5.959893,0.506673,4.181590,0.000000,3.000000,5.981391,0.004982,0.000424,-0.051192,0.003533,0.008359,0.216301,0.008639,0.488777,0.225419,-0.012248,0.558831,0.009500,1.190047
17.434000,6.100118,-0.125015,5.648571,6.192138,0.517021,4.160087,0.000000,3.000000,6.213685,0.004983,0.000416,-0.051460,0.003793,0.008259,0.215793,0.008676,0.488860,0.225469,-0.012244,0.558831,0.009500,1.189411
17.444000,6.001002,-0.059815,5.672823,6.093021,0.582220,4.184339,0.000000,3.000000,6.120775,0.004977,0.000476,-0.050895,0.003215,0.007450,0.215282,0.008712,0.488931,0.225519,-0.012240,0.558831,0.009500,1.194998
17.454000,5.506835,0.029325,5.603257,5.598855,0.671361,4.114774,0.000000,3.000000,5.638963,0.004964,0.000595,-0.046452,0.003219,0.006977,0.214800,0.008745,0.489010,0.225568,-0.012234,0.558831,0.009500,1.197585
17.464000,4.856728,0.125627,5.549756,4.948748,0.767663,4.061272,0.000000,3.000000,5.007935,0.004941,0.000766,-0.043388,0.003298,0.007471,0.214361,0.008772,0.489084,0.225618,-0.012228,0.558831,0.009500,1.192052
17.474000,4.254021,0.194020,5.466641,4.346040,0.836056,3.978157,0.000000,3.000000,4.425726,0.004910,0.000945,-0.042426,0.001990,0.007582,0.213932,0.008795,0.489155,0.225667,-0.012219,0.558831,0.009500,1.189840
17.484000,4.009250,0.298523,5.438275,4.101269,0.940559,3.949791,0.000000,3.000000,4.207738,0.004873,0.001118,-0.040854,0.001992,0.007517,0.213521,0.008817,0.489226,0.225716,-0.012209,0.558831,0.009500,1.189115
17.494000,4.072891,0.344415,5.460716,4.164910,0.986451,3.972232,0.000000,3.000000,4.280136,0.004865,0.001152,-0.041082,0.002276,0.006779,0.213111,0.008839,0.489292,0.225765,-0.012197,0.558831,0.009500,1.194188
17.504000,4.481273,0.344020,5.472670,4.573293,0.986056,3.984186,0.000000,3.000000,4.678388,0.004888,0.001054,-0.041649,0.002408,0.006308,0.212694,0.008858,0.489359,0.225813,-0.012186,0.558831,0.009500,1.196968
17.514000,4.917519,0.353190,5.518517,5.009538,0.995226,4.030033,0.000000,3.000000,5.107441,0.004904,0.000974,-0.043029,0.001628,0.006360,0.212271,0.008874,0.489434,0.225862,-0.012176,0.558831,0.009500,1.195179
17.524000,5.184959,0.353489,5.572799,5.276979,0.995525,4.084315,0.000000,3.000000,5.370063,0.004913,0.000927,-0.044534,0.001811,0.006512,0.211824,0.008894,0.489498,0.225912,-0.012166,0.558831,0.009500,1.192738
17.534000,5.092308,0.308957,5.586327,5.184327,0.950993,4.097843,0.000000,3.000000,5.270829,0.004918,0.000902,-0.042881,0.002007,0.005529,0.211389,0.008915,0.489554,0.225961,-0.012157,0.558831,0.009500,1.200070
17.544000,4.564645,0.394818,5.635891,4.656664,1.036853,4.147407,0.000000,3.000000,4.770701,0.004880,0.001087,-0.042082,0.001629,0.002946,0.210966,0.008931,0.489592,0.226010,-0.012147,0.558831,0.009500,1.221303
17.554000,4.150264,0.416160,5.712885,4.242283,1.058195,4.224401,0.000000,3.000000,4.372270,0.004851,0.001210,-0.040744,0.001967,0.002330,0.210550,0.008950,0.489614,0.226058,-0.012136,0.558831,0.009500,1.226132
17.564000,4.212553,0.390013,5.748479,4.304573,1.032049,4.259995,0.000000,3.000000,4.426564,0.004862,0.001166,-0.040032,0.001059,0.002083,0.210151,0.008964,0.489637,0.226107,-0.012124,0.558831,0.009500,1.227828
17.574000,4.525106,0.338870,5.770030,4.617126,0.980906,4.281546,0.000000,3.000000,4.720172,0.004891,0.001039,-0.040200,0.001068,0.001371,0.209749,0.008980,0.489657,0.226156,-0.012113,0.558831,0.009500,1.233499
17.584000,4.704058,0.338367,5.826404,4.796077,0.980403,4.337920,0.000000,3.000000,4.895257,0.004899,0.001001,-0.038863,0.001229,0.001763,0.209356,0.008994,0.489674,0.226205,-0.012103,0.558831,0.009500,1.229878
17.594000,4.770615,0.313003,5.869427,4.862635,0.955038,4.380943,0.000000,3.000000,4.955534,0.004906,0.000964,-0.037492,0.001355,0.001835,0.208973,0.009009,0.489690,0.226254,-0.012093,0.558831,0.009500,1.228973
17.604000,4.752055,0.205295,5.885876,4.844075,0.847331,4.397392,0.000000,3.000000,4.917624,0.004925,0.000862,-0.035142,0.001457,0.001797,0.208613,0.009025,0.489710,0.226303,-0.012084,0.558831,0.009500,1.228946
17.614000,4.579800,0.153915,5.861482,4.671820,0.795951,4.372998,0.000000,3.000000,4.739139,0.004929,0.000840,-0.033982,0.001390,0.001904,0.208271,0.009040,0.489728,0.226352,-0.012075,0.558831,0.009500,1.227702
17.624000,4.454796,0.123763,5.777585,4.546816,0.765799,4.289101,0.000000,3.000000,4.610855,0.004931,0.000830,-0.032333,0.001257,0.001975,0.207944,0.009055,0.489747,0.226401,-0.012067,0.558831,0.009500,1.226760
17.634000,4.339224,0.100172,5.741330,4.431243,0.742208,4.252846,0.000000,3.000000,4.492971,0.004931,0.000826,-0.031399,0.001555,0.002308,0.207630,0.009071,0.489769,0.226451,-0.012059,0.558831,0.009500,1.223528
17.644000,4.400526,0.041173,5.684285,4.492545,0.683209,4.195801,0.000000,3.000000,4.544198,0.004943,0.000752,-0.030664,0.002198,0.002804,0.207321,0.009089,0.489797,0.226500,-0.012051,0.558831,0.009500,1.218827
17.654000,4.285163,0.022307,5.619186,4.377182,0.664343,4.130703,0.000000,3.000000,4.427310,0.004943,0.000750,-0.028613,0.001130,0.003379,0.207032,0.009103,0.489826,0.226549,-0.012043,0.558831,0.009500,1.213413
17.664000,4.164964,0.035017,5.588872,4.256984,0.677052,4.100388,0.000000,3.000000,4.310488,0.004938,0.000785,-0.026408,0.001844,0.004153,0.206763,0.009122,0.489867,0.226599,-0.012035,0.558831,0.009500,1.206117
17.674000,4.142757,-0.006061,5.563175,4.234776,0.635975,4.074691,0.000000,3.000000,4.282265,0.004945,0.000743,-0.025396,0.002032,0.004314,0.206510,0.009139,0.489913,0.226648,-0.012028,0.558831,0.009500,1.203922
17.684000,4.155948,-0.033711,5.583260,4.247968,0.608325,4.094776,0.000000,3.000000,4.291304,0.004950,0.000709,-0.024412,0.001745,0.005062,0.206262,0.009157,0.489962,0.226698,-0.012021,0.558831,0.009500,1.196688
17.694000,4.180281,-0.015443,5.579602,4.272300,0.626593,4.091118,0.000000,3.000000,4.318005,0.004947,0.000726,-0.023097,0.001805,0.005251,0.206030,0.009174,0.490019,0.226747,-0.012014,0.558831,0.009500,1.194057
17.704000,4.245463,-0.010436,5.566925,4.337482,0.631600,4.078441,0.000000,3.000000,4.383226,0.004948,0.000720,-0.020901,0.001416,0.007071,0.205817,0.009191,0.490087,0.226797,-0.012006,0.558831,0.009500,1.177384
17.714000,4.162380,-0.006376,5.483330,4.254399,0.635660,3.994846,0.000000,3.000000,4.301625,0.004945,0.000739,-0.019505,0.001694,0.006945,0.205622,0.009207,0.490160,0.226846,-0.011999,0.558831,0.009500,1.177148
17.724000,3.913452,0.000740,5.495708,4.005471,0.642776,4.007224,0.000000,3.000000,4.056718,0.004937,0.000792,-0.017416,0.001332,0.006828,0.205442,0.009222,0.490232,0.226896,-0.011991,0.558831,0.009500,1.176851
17.734000,3.750778,-0.005577,5.504032,3.842797,0.636459,4.015548,0.000000,3.000000,3.895147,0.004933,0.000817,-0.016195,0.001459,0.007576,0.205279,0.009237,0.490301,0.226945,-0.011983,0.558831,0.009500,1.169259
17.744000,3.701563,0.013524,5.541086,3.793582,0.655560,4.052602,0.000000,3.000000,3.849809,0.004927,0.000851,-0.015086,0.001451,0.006678,0.205123,0.009253,0.490370,0.226994,-0.011975,0.558831,0.009500,1.175643
17.754000,3.734194,0.040829,5.614170,3.826214,0.682865,4.125686,0.000000,3.000000,3.886671,0.004922,0.000878,-0.013931,0.000768,0.005924,0.204980,0.009264,0.490434,0.227043,-0.011966,0.558831,0.009500,1.180892
17.764000,3.978439,0.042098,5.634050,4.070459,0.684134,4.145566,0.000000,3.000000,4.127551,0.004931,0.000829,-0.013108,0.001119,0.006786,0.204846,0.009278,0.490501,0.227093,-0.011958,0.558831,0.009500,1.172356
17.774000,4.250832,0.004430,5.614419,4.342851,0.646466,4.125935,0.000000,3.000000,4.390703,0.004946,0.000736,-0.012592,0.001140,0.007637,0.204717,0.009292,0.490577,0.227142,-0.011950,0.558831,0.009500,1.163774
17.784000,4.312353,-0.006882,5.652333,4.404372,0.635154,4.163849,0.000000,3.000000,4.449935,0.004949,0.000714,-0.010927,0.000640,0.007107,0.204602,0.009302,0.490652,0.227192,-0.011943,0.558831,0.009500,1.166919
17.794000,4.062225,0.012933,5.617027,4.154244,0.654969,4.128543,0.000000,3.000000,4.205559,0.004939,0.000779,-0.009030,0.001027,0.006637,0.204507,0.009314,0.490724,0.227241,-0.011935,0.558831,0.009500,1.169604
17.804000,3.503079,0.076391,5.616224,3.595098,0.718427,4.127740,0.000000,3.000000,3.666179,0.004903,0.000980,-0.007715,0.000353,0.005976,0.204428,0.009320,0.490788,0.227290,-0.011926,0.558831,0.009500,1.174075
17.814000,3.104363,0.082446,5.604667,3.196382,0.724482,4.116183,0.000000,3.000000,3.277458,0.004876,0.001105,-0.005769,0.000735,0.005366,0.204368,0.009328,0.490839,0.227339,-0.011916,0.558831,0.009500,1.178330
17.824000,2.984935,0.062109,5.646068,3.076954,0.704145,4.157584,0.000000,3.000000,3.156496,0.004874,0.001115,-0.005264,0.000776,0.004082,0.204313,0.009333,0.490885,0.227388,-0.011905,0.558831,0.009500,1.188389
17.834000,3.120577,0.090756,5.683054,3.212596,0.732791,4.194570,0.000000,3.000000,3.295111,0.004875,0.001112,-0.005153,0.000080,0.005208,0.204263,0.009337,0.490934,0.227437,-0.011893,0.558831,0.009500,1.177960
17.844000,3.509164,0.066153,5.720359,3.601183,0.708188,4.231875,0.000000,3.000000,3.670157,0.004906,0.000965,-0.004879,0.000961,0.005498,0.204215,0.009343,0.490984,0.227485,-0.011883,0.558831,0.009500,1.174599
17.854000,3.678759,0.032898,5.744384,3.770779,0.674934,4.255900,0.000000,3.000000,3.830706,0.004922,0.000881,-0.004492,0.000228,0.004535,0.204169,0.009345,0.491031,0.227535,-0.011874,0.558831,0.009500,1.181919
17.864000,3.501642,0.061777,5.780290,3.593661,0.703813,4.291807,0.000000,3.000000,3.661933,0.004907,0.000961,-0.003701,0.000210,0.003721,0.204132,0.009351,0.491069,0.227584,-0.011865,0.558831,0.009500,1.188145
17.874000,3.080395,0.091486,5.724239,3.172414,0.733521,4.235755,0.000000,3.000000,3.256112,0.004871,0.001126,-0.002286,0.000395,0.002616,0.204106,0.009353,0.491096,0.227633,-0.011854,0.558831,0.009500,1.197038
17.884000,2.720788,0.099023,5.633829,2.812807,0.741059,4.145345,0.000000,3.000000,2.908789,0.004835,0.001274,-0.001858,0.000959,0.001013,0.204085,0.009356,0.491110,0.227681,-0.011842,0.558831,0.009500,1.210382
17.894000,2.504219,0.093573,5.648119,2.596239,0.735608,4.159635,0.000000,3.000000,2.698439,0.004811,0.001363,-0.001654,0.000248,0.001005,0.204070,0.009356,0.491118,0.227729,-0.011829,0.558831,0.009500,1.210314
17.904000,2.610665,0.114458,5.625281,2.702685,0.756493,4.136798,0.000000,3.000000,2.806561,0.004815,0.001348,-0.001250,-0.000084,0.000029,0.204057,0.009355,0.491122,0.227777,-0.011815,0.558831,0.009500,1.218522
17.914000,2.785042,0.108080,5.623888,2.877061,0.750116,4.135404,0.000000,3.000000,2.973240,0.004838,0.001261,-0.001397,-0.000547,0.000177,0.204043,0.009356,0.491126,0.227826,-0.011802,0.558831,0.009500,1.217187
17.924000,2.963796,0.092185,5.668557,3.055815,0.734221,4.180073,0.000000,3.000000,3.142783,0.004862,0.001168,-0.001336,-0.000456,-0.000442,0.204031,0.009356,0.491125,0.227874,-0.011790,0.558831,0.009500,1.222455
17.934000,2.976761,0.065318,5.659963,3.068781,0.707354,4.171479,0.000000,3.000000,3.149248,0.004872,0.001123,-0.000627,0.000701,-0.000318,0.204024,0.009359,0.491123,0.227923,-0.011778,0.558831,0.009500,1.221458
17.944000,2.796385,0.078889,5.600170,2.888404,0.720924,4.111687,0.000000,3.000000,2.977014,0.004851,0.001211,-0.000414,0.000241,-0.000651,0.204021,0.009360,0.491116,0.227972,-0.011767,0.558831,0.009500,1.224408
17.954000,2.696718,0.092254,5.533035,2.788737,0.734290,4.044552,0.000000,3.000000,2.883789,0.004835,0.001273,0.000084,0.000133,-0.001147,0.204022,0.009358,0.491103,0.228020,-0.011754,0.558831,0.009500,1.228833
17.964000,2.735844,0.045518,5.564567,2.827864,0.687554,4.076083,0.000000,3.000000,2.910248,0.004858,0.001181,-0.000316,0.000406,-0.001382,0.204019,0.009358,0.491091,0.228068,-0.011742,0.558831,0.009500,1.231042
17.974000,2.789327,0.042907,5.583447,2.881347,0.684943,4.094963,0.000000,3.000000,2.961639,0.004864,0.001156,-0.000047,0.000376,-0.001785,0.204018,0.009357,0.491076,0.228117,-0.011730,0.558831,0.009500,1.234742
17.984000,2.798086,0.051732,5.626836,2.890106,0.693768,4.138352,0.000000,3.000000,2.972209,0.004862,0.001167,-0.000650,-0.000306,-0.001832,0.204015,0.009356,0.491060,0.228166,-0.011719,0.558831,0.009500,1.235419
17.994000,2.792887,0.055574,5.626341,2.884907,0.697610,4.137857,0.000000,3.000000,2.968054,0.004860,0.001175,-0.000431,0.000106,-0.001840,0.204014,0.009356,0.491040,0.228214,-0.011707,0.558831,0.009500,1.235855
18.004000,2.810635,0.044715,5.625100,2.902655,0.686750,4.136616,0.000000,3.000000,2.982789,0.004866,0.001151,-0.000497,-0.000110,-0.001259,0.204012,0.009354,0.491022,0.228263,-0.011695,0.558831,0.009500,1.231255
18.014000,2.890773,0.033652,5.603477,2.982793,0.675687,4.114993,0.000000,3.000000,3.058367,0.004876,0.001105,-0.000327,-0.000307,-0.001726,0.204009,0.009355,0.491001,0.228312,-0.011684,0.558831,0.009500,1.235598
18.024000,2.838025,0.025130,5.566453,2.930044,0.667166,4.077969,0.000000,3.000000,3.005041,0.004875,0.001110,0.000237,-0.000203,-0.002374,0.204008,0.009353,0.490983,0.228360,-0.011673,0.558831,0.009500,1.241422
18.034000,2.863255,-0.004269,5.500428,2.955275,0.637767,4.011944,0.000000,3.000000,3.023309,0.004887,0.001055,-0.000071,-0.000519,-0.001310,0.204006,0.009353,0.490973,0.228409,-0.011662,0.558831,0.009500,1.232570
18.044000,2.995129,-0.012737,5.426909,3.087148,0.629298,3.938425,0.000000,3.000000,3.150635,0.004899,0.000999,-0.000209,-0.000257,0.000503,0.204004,0.009353,0.490969,0.228458,-0.011652,0.558831,0.009500,1.217241
18.054000,3.041675,-0.025431,5.376097,3.133694,0.616605,3.887613,0.000000,3.000000,3.193782,0.004906,0.000965,0.000047,0.000065,-0.000555,0.204004,0.009353,0.490965,0.228507,-0.011642,0.558831,0.009500,1.226292
18.064000,3.041205,-0.025174,5.331814,3.133225,0.616862,3.843330,0.000000,3.000000,3.193370,0.004906,0.000966,-0.000379,-0.000206,-0.000455,0.204004,0.009353,0.490964,0.228556,-0.011633,0.558831,0.009500,1.225465
18.074000,3.041137,-0.016725,5.273232,3.133156,0.625311,3.784748,0.000000,3.000000,3.194946,0.004903,0.000979,-0.000054,0.000413,0.000320,0.204004,0.009354,0.490965,0.228605,-0.011623,0.558831,0.009500,1.218882
18.084000,2.918409,-0.041637,5.263418,3.010429,0.600398,3.774934,0.000000,3.000000,3.069716,0.004903,0.000978,0.000138,-0.000155,-0.000446,0.204004,0.009353,0.490961,0.228654,-0.011613,0.558831,0.009500,1.225437
18.094000,2.935980,-0.033805,5.241648,3.027999,0.608231,3.753164,0.000000,3.000000,3.088482,0.004902,0.000985,0.000150,0.000049,-0.000612,0.204004,0.009353,0.490959,0.228703,-0.011603,0.558831,0.009500,1.226899
18.104000,2.939414,-0.015777,5.271381,3.031433,0.626259,3.782897,0.000000,3.000000,3.095446,0.004897,0.001012,-0.000157,0.000100,-0.000048,0.204004,0.009352,0.490957,0.228752,-0.011593,0.558831,0.009500,1.222152
18.114000,3.013052,-0.007232,5.287501,3.105071,0.634804,3.799017,0.000000,3.000000,3.169297,0.004899,0.001001,-0.000031,-0.000522,0.000015,0.204003,0.009350,0.490954,0.228801,-0.011583,0.558831,0.009500,1.221673
18.124000,2.944701,0.016779,5.313705,3.036720,0.658814,3.825221,0.000000,3.000000,3.107363,0.004886,0.001060,-0.000119,-0.000109,-0.000264,0.204003,0.009350,0.490951,0.228850,-0.011573,0.558831,0.009500,1.224083
18.134000,2.951763,0.039859,5.342725,3.043782,0.681895,3.854241,0.000000,3.000000,3.119229,0.004879,0.001093,-0.000100,0.000143,0.000154,0.204003,0.009349,0.490950,0.228899,-0.011562,0.558831,0.009500,1.220561
18.144000,2.926372,0.022057,5.322178,3.018392,0.664093,3.833694,0.000000,3.000000,3.090584,0.004883,0.001074,0.000026,-0.000149,-0.000019,0.204003,0.009348,0.490949,0.228948,-0.011551,0.558831,0.009500,1.222038
18.154000,2.934579,0.045213,5.305327,3.026598,0.687249,3.816843,0.000000,3.000000,3.103644,0.004876,0.001107,0.000064,-0.000225,-0.000903,0.204003,0.009347,0.490947,0.228997,-0.011540,0.558831,0.009500,1.229582
18.164000,2.910298,0.064962,5.250903,3.002317,0.706998,3.762419,0.000000,3.000000,3.084438,0.004867,0.001146,0.000269,-0.000149,-0.000474,0.204004,0.009347,0.490945,0.229045,-0.011529,0.558831,0.009500,1.225964
18.174000,2.875408,0.093722,5.251316,2.967427,0.735757,3.762832,0.000000,3.000000,3.057280,0.004853,0.001203,-0.000223,0.000084,-0.000509,0.204002,0.009345,0.490945,0.229094,-0.011517,0.558831,0.009500,1.226271
18.184000,2.867263,0.146292,5.221138,2.959282,0.788328,3.732654,0.000000,3.000000,3.062484,0.004832,0.001287,-0.000194,-0.000335,0.000161,0.204002,0.009340,0.490945,0.229142,-0.011505,0.558831,0.009500,1.220591
18.194000,2.866094,0.157177,5.228971,2.958114,0.799213,3.740488,0.000000,3.000000,3.064177,0.004827,0.001304,-0.000072,-0.000325,0.000015,0.204002,0.009337,0.490946,0.229191,-0.011492,0.558831,0.009500,1.221803
18.204000,2.826222,0.189419,5.262378,2.918242,0.831454,3.773894,0.000000,3.000000,3.034378,0.004809,0.001370,0.000158,-0.000480,0.000188,0.204002,0.009331,0.490944,0.229239,-0.011478,0.558831,0.009500,1.220385
18.214000,2.830085,0.157429,5.247185,2.922104,0.799465,3.758701,0.000000,3.000000,3.029495,0.004823,0.001319,-0.000040,-0.000484,-0.000389,0.204002,0.009326,0.490943,0.229287,-0.011465,0.558831,0.009500,1.225288
18.224000,2.687101,0.137791,5.247855,2.779120,0.779827,3.759371,0.000000,3.000000,2.886458,0.004814,0.001351,0.000280,-0.000678,-0.000547,0.204002,0.009322,0.490943,0.229335,-0.011451,0.558831,0.009500,1.226631
18.234000,2.745066,0.138390,5.286166,2.837085,0.780426,3.797682,0.000000,3.000000,2.942468,0.004821,0.001326,0.000082,-0.000731,-0.001267,0.204001,0.009315,0.490936,0.229383,-0.011438,0.558831,0.009500,1.232859
18.244000,2.812983,0.149667,5.312358,2.905002,0.791703,3.823874,0.000000,3.000000,3.010952,0.004824,0.001315,-0.000123,-0.000670,-0.000499,0.204000,0.009309,0.490932,0.229431,-0.011425,0.558831,0.009500,1.226420
18.254000,2.804353,0.167844,5.332514,2.896372,0.809880,3.844030,0.000000,3.000000,3.007470,0.004815,0.001346,-0.000200,-0.001024,-0.000319,0.203999,0.009301,0.490931,0.229480,-0.011411,0.558831,0.009500,1.224918
18.264000,2.762561,0.141943,5.381276,2.854581,0.783979,3.892792,0.000000,3.000000,2.960279,0.004821,0.001324,-0.000569,-0.000557,-0.000256,0.203997,0.009296,0.490924,0.229528,-0.011398,0.558831,0.009500,1.224496
18.274000,2.741006,0.094908,5.412066,2.833025,0.736943,3.923582,0.000000,3.000000,2.927306,0.004839,0.001259,-0.000069,-0.000742,-0.000662,0.203998,0.009290,0.490918,0.229576,-0.011385,0.558831,0.009500,1.228055
18.284000,2.748201,0.082651,5.347446,2.840220,0.724686,3.858962,0.000000,3.000000,2.931215,0.004845,0.001236,0.000081,-0.000111,-0.000330,0.203997,0.009285,0.490914,0.229625,-0.011373,0.558831,0.009500,1.225303
18.294000,2.762217,0.072379,5.305789,2.854236,0.714415,3.817305,0.000000,3.000000,2.942287,0.004850,0.001214,-0.000293,-0.000527,-0.000150,0.203995,0.009280,0.490909,0.229673,-0.011360,0.558831,0.009500,1.223868
18.304000,2.741835,0.038621,5.282408,2.833854,0.680657,3.793924,0.000000,3.000000,2.914451,0.004862,0.001168,-0.000033,0.000326,-0.000735,0.203995,0.009278,0.490904,0.229722,-0.011348,0.558831,0.009500,1.228922
18.314000,2.678472,-0.022155,5.263628,2.770491,0.619881,3.775144,0.000000,3.000000,2.838992,0.004879,0.001092,-0.000105,-0.000353,-0.000324,0.203994,0.009274,0.490904,0.229770,-0.011337,0.558831,0.009500,1.225445
18.324000,2.705050,-0.018669,5.185062,2.797070,0.623366,3.696578,0.000000,3.000000,2.865691,0.004880,0.001088,0.000012,-0.000296,0.000134,0.203994,0.009274,0.490904,0.229819,-0.011326,0.558831,0.009500,1.221548
18.334000,2.699306,-0.037385,5.153961,2.791326,0.604651,3.665477,0.000000,3.000000,2.856064,0.004887,0.001059,-0.000050,-0.000201,-0.000263,0.203994,0.009274,0.490904,0.229868,-0.011316,0.558831,0.009500,1.224925
18.344000,2.669963,-0.053598,5.111590,2.761982,0.588438,3.623106,0.000000,3.000000,2.823969,0.004890,0.001042,-0.000009,-0.000057,-0.000941,0.203995,0.009275,0.490903,0.229917,-0.011305,0.558831,0.009500,1.230697
18.354000,2.641382,-0.071310,5.031363,2.733401,0.570726,3.542879,0.000000,3.000000,2.792348,0.004894,0.001022,0.000464,0.000348,-0.000294,0.203996,0.009277,0.490905,0.229966,-0.011295,0.558831,0.009500,1.225168
18.364000,2.644796,-0.084297,4.991486,2.736815,0.557738,3.503002,0.000000,3.000000,2.793068,0.004899,0.000998,-0.000327,0.000646,0.000598,0.203994,0.009278,0.490906,0.230015,-0.011284,0.558831,0.009500,1.217569
18.374000,2.636670,-0.133087,4.966929,2.728690,0.508949,3.478445,0.000000,3.000000,2.775748,0.004915,0.000917,0.000113,0.000188,-0.000511,0.203995,0.009277,0.490903,0.230064,-0.011275,0.558831,0.009500,1.227044
18.384000,2.610276,-0.134679,4.969116,2.702296,0.507356,3.480632,0.000000,3.000000,2.749511,0.004914,0.000923,0.000008,-0.000053,-0.001303,0.203995,0.009275,0.490902,0.230113,-0.011266,0.558831,0.009500,1.233784
18.394000,2.594856,-0.139381,4.919810,2.686876,0.502655,3.431326,0.000000,3.000000,2.733489,0.004915,0.000919,0.000003,0.000496,-0.000062,0.203995,0.009277,0.490906,0.230162,-0.011257,0.558831,0.009500,1.223183
18.404000,2.589743,-0.141817,4.923258,2.681762,0.500219,3.434774,0.000000,3.000000,2.728015,0.004915,0.000917,0.000030,-0.000190,0.000331,0.203996,0.009275,0.490906,0.230211,-0.011247,0.558831,0.009500,1.219839
18.414000,2.595156,-0.135104,4.870414,2.687175,0.506931,3.381930,0.000000,3.000000,2.734573,0.004913,0.000927,0.000298,-0.000031,-0.000155,0.203996,0.009275,0.490905,0.230260,-0.011238,0.558831,0.009500,1.223987
18.424000,2.540809,-0.132867,4.825886,2.632828,0.509169,3.337402,0.000000,3.000000,2.681611,0.004909,0.000949,0.000014,0.000096,-0.000371,0.203996,0.009275,0.490906,0.230309,-0.011229,0.558831,0.009500,1.225812
18.434000,2.507148,-0.138472,4.830806,2.599168,0.503564,3.342322,0.000000,3.000000,2.647499,0.004909,0.000951,0.000098,-0.000116,0.000014,0.203996,0.009275,0.490905,0.230359,-0.011219,0.558831,0.009500,1.222545
18.444000,2.445350,-0.123731,4.815244,2.537369,0.518305,3.326760,0.000000,3.000000,2.589765,0.004899,0.001001,0.000278,-0.000029,-0.000559,0.203997,0.009274,0.490906,0.230408,-0.011209,0.558831,0.009500,1.227402
18.454000,2.373280,-0.113796,4.781572,2.465299,0.528240,3.293088,0.000000,3.000000,2.521257,0.004889,0.001048,-0.000034,-0.000352,-0.000399,0.203999,0.009272,0.490906,0.230456,-0.011199,0.558831,0.009500,1.226046
18.464000,2.341156,-0.073713,4.801568,2.433175,0.568323,3.313084,0.000000,3.000000,2.498666,0.004869,0.001137,-0.000014,0.000083,0.000851,0.204001,0.009272,0.490909,0.230505,-0.011188,0.558831,0.009500,1.215378
18.474000,2.274194,-0.093742,4.749175,2.366213,0.548294,3.260691,0.000000,3.000000,2.428907,0.004871,0.001129,0.000160,0.000390,0.000519,0.204002,0.009273,0.490912,0.230554,-0.011177,0.558831,0.009500,1.218144
18.484000,2.160912,-0.090046,4.675862,2.252932,0.551990,3.187379,0.000000,3.000000,2.319568,0.004856,0.001190,0.000116,0.000064,0.000170,0.204004,0.009273,0.490916,0.230603,-0.011165,0.558831,0.009500,1.221034
18.494000,2.022736,-0.076870,4.573038,2.114755,0.565166,3.084555,0.000000,3.000000,2.188973,0.004830,0.001291,0.000184,-0.000188,0.000460,0.204005,0.009273,0.490920,0.230651,-0.011153,0.558831,0.009500,1.218501
18.504000,1.960680,-0.095787,4.456679,2.052699,0.546249,2.968195,0.000000,3.000000,2.124138,0.004832,0.001286,-0.000096,0.000507,0.000599,0.204005,0.009275,0.490922,0.230699,-0.011140,0.558831,0.009500,1.217291
18.514000,1.835614,-0.127903,4.302063,1.927634,0.514133,2.813579,0.000000,3.000000,1.995020,0.004831,0.001289,0.000175,0.000470,0.000290,0.204007,0.009276,0.490925,0.230748,-0.011127,0.558831,0.009500,1.219857
18.524000,1.682211,-0.159635,4.148067,1.774231,0.482400,2.659583,0.000000,3.000000,1.838642,0.004825,0.001312,0.000482,0.000534,0.000247,0.204009,0.009278,0.490930,0.230796,-0.011114,0.558831,0.009500,1.220130
18.534000,1.565616,-0.259070,3.977056,1.657636,0.382966,2.488572,0.000000,3.000000,1.701299,0.004872,0.001126,0.000557,0.000374,0.000600,0.204010,0.009281,0.490934,0.230844,-0.011102,0.558831,0.009500,1.217064
18.544000,1.475504,-0.348042,3.797054,1.567523,0.293994,2.308570,0.000000,3.000000,1.594854,0.004914,0.000922,0.000429,0.000391,0.000684,0.204011,0.009285,0.490937,0.230893,-0.011091,0.558831,0.009500,1.216294
18.554000,1.383799,-0.482307,3.601307,1.475819,0.159728,2.112823,0.000000,3.000000,1.484437,0.004971,0.000538,0.000152,0.000175,0.000460,0.204013,0.009288,0.490942,0.230943,-0.011084,0.558831,0.009500,1.218115
18.564000,1.301910,-0.590374,3.434902,1.393929,0.051662,1.946418,0.000000,3.000000,1.394886,0.004997,0.000185,0.000496,0.000404,0.000167,0.204015,0.009293,0.490944,0.230993,-0.011081,0.558831,0.009500,1.220543
18.574000,1.159025,-0.678274,3.260312,1.251044,-0.036239,1.771828,0.000000,3.000000,1.251569,0.004998,-0.000145,-0.000037,0.000411,0.000002,0.204017,0.009298,0.490948,0.231043,-0.011081,0.558831,0.009500,1.221892
18.584000,1.050379,-0.756359,3.068778,1.142399,-0.114323,1.580294,0.000000,3.000000,1.148105,0.004975,-0.000498,-0.000097,0.000842,0.000190,0.204019,0.009301,0.490951,0.231093,-0.011084,0.558831,0.009500,1.220224
18.594000,0.929942,-0.782448,2.872804,1.021961,-0.140412,1.384320,0.000000,3.000000,1.031562,0.004953,-0.000681,-0.000101,-0.000018,-0.000144,0.204021,0.009305,0.490953,0.231142,-0.011090,0.558831,0.009500,1.223035
18.604000,0.852128,-0.794829,2.756657,0.944147,-0.152794,1.268173,0.000000,3.000000,0.956431,0.000000,0.000000,0.000058,0.000375,0.000873,0.204022,0.009310,0.490955,0.231177,-0.011095,0.558831,0.009500,1.214371
18.614000,0.696482,-0.796696,2.684984,0.788502,-0.154660,1.196500,0.000000,3.000000,0.803526,0.000000,0.000000,-0.000028,0.000152,0.000046,0.204022,0.009316,0.490954,0.231177,-0.011095,0.558831,0.009500,1.221404
18.624000,0.673511,-0.781464,2.584155,0.765530,-0.139428,1.095671,0.000000,3.000000,0.778124,0.000000,0.000000,0.000026,0.000137,0.001100,0.204022,0.009320,0.490959,0.231177,-0.011095,0.558831,0.009500,1.212373
18.634000,0.679995,-0.751400,2.475760,0.772015,-0.109364,0.987276,0.000000,3.000000,0.779723,0.000000,0.000000,-0.000174,-0.000416,-0.000239,0.204023,0.009320,0.490958,0.231177,-0.011095,0.558831,0.009500,1.223742
18.644000,0.647251,-0.751933,2.426402,0.739271,-0.109897,0.937918,0.000000,3.000000,0.747395,0.000000,0.000000,0.000120,-0.000313,0.000684,0.204024,0.009320,0.490962,0.231177,-0.011095,0.558831,0.009500,1.215848
18.654000,0.649402,-0.762093,2.300915,0.741421,-0.120057,0.812431,0.000000,3.000000,0.751079,0.000000,0.000000,0.000103,0.000153,0.000218,0.204024,0.009322,0.490963,0.231177,-0.011095,0.558831,0.009500,1.219787
18.664000,0.621338,-0.760303,2.263996,0.713357,-0.118267,0.775512,0.000000,3.000000,0.723095,0.000000,0.000000,0.000152,-0.000099,0.000091,0.204025,0.009322,0.490965,0.231177,-0.011095,0.558831,0.009500,1.220817
18.674000,0.584975,-0.785010,2.190920,0.676994,-0.142975,0.702436,0.000000,3.000000,0.691927,0.000000,0.000000,-0.000004,-0.000145,0.000061,0.204026,0.009322,0.490966,0.231177,-0.011095,0.558831,0.009500,1.221055
18.684000,0.556504,-0.819769,2.151146,0.648523,-0.177734,0.662662,0.000000,3.000000,0.672437,0.000000,0.000000,-0.000097,-0.000051,-0.000031,0.204026,0.009322,0.490966,0.231177,-0.011095,0.558831,0.009500,1.221834
18.694000,0.537917,-0.819227,2.142724,0.629937,-0.177191,0.654240,0.000000,3.000000,0.654383,0.000000,0.000000,-0.000045,0.000175,0.000054,0.204026,0.009324,0.490968,0.231177,-0.011095,0.558831,0.009500,1.221080
18.704000,0.473010,-0.844391,2.165324,0.565029,-0.202355,0.676840,0.000000,3.000000,0.600171,0.000000,0.000000,-0.000058,0.000064,0.000460,0.204027,0.009326,0.490967,0.231177,-0.011095,0.558831,0.009500,1.217655
18.714000,0.515817,-0.867548,2.113520,0.607836,-0.225512,0.625036,0.000000,3.000000,0.648321,0.000000,0.000000,-0.000111,0.000528,-0.000633,0.204027,0.009330,0.490965,0.231177,-0.011095,0.558831,0.009500,1.226959
18.724000,0.495411,-0.917794,2.147670,0.587430,-0.275758,0.659186,0.000000,3.000000,0.648935,0.000000,0.000000,-0.000053,0.000460,-0.000243,0.204027,0.009333,0.490966,0.231177,-0.011095,0.558831,0.009500,1.223644
18.734000,0.491903,-0.912189,2.152456,0.583922,-0.270154,0.663972,0.000000,3.000000,0.643388,0.000000,0.000000,-0.000225,0.000637,0.000288,0.204027,0.009337,0.490966,0.231177,-0.011095,0.558831,0.009500,1.219135
18.744000,0.494485,-0.928531,2.148593,0.586504,-0.286496,0.660110,0.000000,3.000000,0.652738,0.000000,0.000000,0.000013,0.000487,0.000240,0.204028,0.009341,0.490966,0.231177,-0.011095,0.558831,0.009500,1.219540
18.754000,0.442216,-0.954086,2.137326,0.534236,-0.312050,0.648842,0.000000,3.000000,0.618694,0.000000,0.000000,-0.000143,-0.000075,0.000477,0.204028,0.009346,0.490967,0.231177,-0.011095,0.558831,0.009500,1.217499
18.764000,0.485496,-0.912568,2.123675,0.577515,-0.270533,0.635191,0.000000,3.000000,0.637739,0.000000,0.000000,0.000007,0.000678,0.000667,0.204029,0.009352,0.490968,0.231177,-0.011095,0.558831,0.009500,1.215872
18.774000,0.476250,-0.900381,2.080006,0.568270,-0.258345,0.591522,0.000000,3.000000,0.624238,0.000000,0.000000,0.000017,0.000574,0.000087,0.204031,0.009355,0.490970,0.231177,-0.011095,0.558831,0.009500,1.220755
18.784000,0.461004,-0.860442,2.032938,0.553024,-0.218406,0.544454,0.000000,3.000000,0.594589,0.000000,0.000000,-0.000092,-0.000049,0.000711,0.204031,0.009358,0.490974,0.231177,-0.011095,0.558831,0.009500,1.215395
18.794000,0.452974,-0.872185,1.933533,0.544994,-0.230149,0.445049,0.000000,3.000000,0.591597,0.000000,0.000000,-0.000053,0.000206,0.000518,0.204034,0.009362,0.490982,0.231177,-0.011095,0.558831,0.009500,1.216897
18.804000,0.386429,-0.862779,1.860975,0.478448,-0.220743,0.372491,0.000000,3.000000,0.526916,0.000000,0.000000,0.000014,0.000540,0.000837,0.204035,0.009365,0.490988,0.231177,-0.011095,0.558831,0.009500,1.214080
18.814000,0.412555,-0.888439,1.766994,0.504574,-0.246403,0.278510,0.000000,3.000000,0.561524,0.000000,0.000000,-0.000004,0.000856,0.000626,0.204037,0.009367,0.490997,0.231177,-0.011095,0.558831,0.009500,1.215700
18.824000,0.389526,-0.902566,1.695722,0.481546,-0.260531,0.207238,0.000000,3.000000,0.547506,0.000000,0.000000,0.000022,0.000533,0.000648,0.204040,0.009369,0.491010,0.231177,-0.011095,0.558831,0.009500,1.215276
18.834000,0.372308,-0.873272,1.631077,0.464327,-0.231237,0.142593,0.000000,3.000000,0.518720,0.000000,0.000000,0.000134,-0.000346,0.002017,0.204044,0.009371,0.491030,0.231177,-0.011095,0.558831,0.009500,1.203301
18.844000,0.326004,-0.913154,1.583506,0.418024,-0.271119,0.095022,0.000000,3.000000,0.498246,0.000000,0.000000,0.000453,0.000125,0.002606,0.204049,0.009377,0.491051,0.231177,-0.011095,0.558831,0.009500,1.197931
18.854000,0.292222,-0.948187,1.520644,0.384242,-0.306151,0.032160,0.000000,3.000000,0.491294,0.000000,0.000000,0.000310,0.000210,0.002557,0.204054,0.009382,0.491076,0.231177,-0.011095,0.558831,0.009500,1.197894
18.864000,0.276264,-0.975667,1.474297,0.368283,-0.333631,-0.014187,0.014187,3.000000,0.496933,0.000000,0.000000,0.000622,0.000645,0.003214,0.204060,0.009388,0.491102,0.231177,-0.011095,0.558831,0.009500,1.191846
18.874000,0.223282,-1.018483,1.455059,0.315301,-0.376447,-0.033425,0.033425,3.000000,0.491047,0.000000,0.000000,0.000731,0.000726,0.002476,0.204066,0.009396,0.491127,0.231177,-0.011095,0.558831,0.009500,1.197664
18.884000,0.180483,-1.007410,1.414516,0.272502,-0.365375,-0.073968,0.073968,3.000000,0.455803,0.000000,0.000000,0.000753,0.000297,0.002727,0.204073,0.009402,0.491155,0.231177,-0.011095,0.558831,0.009500,1.195031
18.894000,0.113792,-0.979473,1.411191,0.205812,-0.337437,-0.077293,0.077293,3.000000,0.395250,0.000000,0.000000,0.001045,0.000731,0.002724,0.204083,0.009410,0.491187,0.231177,-0.011095,0.558831,0.009500,1.194480
18.904000,0.078298,-0.948896,1.371291,0.170317,-0.306860,-0.117193,0.117193,3.000000,0.350957,0.000000,0.000000,0.000733,0.000614,0.002853,0.204090,0.009417,0.491219,0.231177,-0.011095,0.558831,0.009500,1.192822
18.914000,0.136500,-0.944023,1.324688,0.228519,-0.301988,-0.163796,0.163796,3.000000,0.378705,0.000000,0.000000,0.001072,0.000026,0.004328,0.204099,0.009421,0.491256,0.231177,-0.011095,0.558831,0.009500,1.179626
18.924000,0.133993,-0.898523,1.272936,0.226012,-0.256487,-0.215548,0.215548,3.000000,0.341859,0.000000,0.000000,0.000693,0.000127,0.003725,0.204104,0.009424,0.491294,0.231177,-0.011095,0.558831,0.009500,1.184063
18.934000,0.192951,-0.857556,1.223013,0.284970,-0.215520,-0.265471,0.265471,3.000000,0.357291,0.000000,0.000000,0.000650,0.000276,0.005246,0.204111,0.009428,0.491341,0.231177,-0.011095,0.558831,0.009500,1.170305
18.944000,0.194183,-0.881168,1.176351,0.286203,-0.239132,-0.312133,0.312133,3.000000,0.372956,0.000000,0.000000,0.000527,0.000876,0.004937,0.204118,0.009431,0.491390,0.231177,-0.011095,0.558831,0.009500,1.172047
18.954000,0.148473,-0.856068,1.122046,0.240492,-0.214032,-0.366438,0.366438,3.000000,0.321941,0.000000,0.000000,0.001167,0.000228,0.005546,0.204126,0.009431,0.491446,0.231177,-0.011095,0.558831,0.009500,1.165870
18.964000,0.113439,-0.822902,1.111773,0.205458,-0.180866,-0.376711,0.376711,3.000000,0.273726,0.000000,0.000000,0.000667,0.000235,0.005738,0.204132,0.009432,0.491505,0.231177,-0.011095,0.558831,0.009500,1.163179
18.974000,0.098846,-0.827085,1.141994,0.190865,-0.185049,-0.346490,0.346490,3.000000,0.265843,0.000000,0.000000,0.000521,0.000078,0.005247,0.204138,0.009434,0.491561,0.231177,-0.011095,0.558831,0.009500,1.166337
18.984000,0.042770,-0.743859,1.213871,0.134789,-0.101823,-0.274613,0.274613,3.000000,0.168926,0.000000,0.000000,0.000284,-0.000234,0.005068,0.204144,0.009434,0.491611,0.231177,-0.011095,0.558831,0.009500,1.166963
18.994000,-0.047952,-0.760865,1.322104,0.044068,-0.118829,-0.166380,0.166380,3.000000,0.126737,0.000000,0.000000,0.000327,0.000688,0.003511,0.204148,0.009439,0.491647,0.231177,-0.011095,0.558831,0.009500,1.179532
19.004000,-0.056729,-0.729367,1.491433,0.035290,-0.087331,0.002949,0.000000,3.000000,0.094192,0.000000,0.000000,0.000200,-0.000050,0.002188,0.204151,0.009440,0.491669,0.231177,-0.011095,0.558831,0.009500,1.190361
19.014000,-0.048596,-0.769656,1.599549,0.043423,-0.127620,0.111065,0.000000,3.000000,0.134805,0.000000,0.000000,-0.000151,0.000129,0.000667,0.204151,0.009442,0.491674,0.231177,-0.011095,0.558831,0.009500,1.203169
19.024000,-0.009464,-0.806897,1.730705,0.082555,-0.164862,0.242221,0.000000,3.000000,0.184377,0.000000,0.000000,-0.000347,-0.000038,0.000237,0.204152,0.009443,0.491674,0.231177,-0.011095,0.558831,0.009500,1.206820
19.034000,-0.021709,-0.816597,1.767208,0.070310,-0.174562,0.278724,0.000000,3.000000,0.188190,0.000000,0.000000,0.000529,0.000032,-0.000394,0.204153,0.009443,0.491671,0.231177,-0.011095,0.558831,0.009500,1.212230
19.044000,-0.009145,-0.770766,1.768447,0.082874,-0.128730,0.279963,0.000000,3.000000,0.153100,0.000000,0.000000,0.000149,-0.000224,0.000161,0.204152,0.009442,0.491672,0.231177,-0.011095,0.558831,0.009500,1.207512
19.054000,0.120245,-0.783202,1.744791,0.212264,-0.141166,0.256307,0.000000,3.000000,0.254920,0.000000,0.000000,0.000181,-0.000012,-0.000417,0.204153,0.009442,0.491673,0.231177,-0.011095,0.558831,0.009500,1.212393
19.064000,0.066097,-0.784002,1.719684,0.158116,-0.141966,0.231200,0.000000,3.000000,0.212498,0.000000,0.000000,0.000054,0.000189,-0.000405,0.204152,0.009444,0.491672,0.231177,-0.011095,0.558831,0.009500,1.212301
19.074000,0.048662,-0.765521,1.739471,0.140681,-0.123486,0.250987,0.000000,3.000000,0.187189,0.000000,0.000000,-0.000243,-0.000075,-0.000604,0.204153,0.009443,0.491670,0.231177,-0.011095,0.558831,0.009500,1.214024
19.084000,0.079321,-0.760043,1.711552,0.171340,-0.118008,0.223068,0.000000,3.000000,0.208046,0.000000,0.000000,0.000308,-0.000340,0.000349,0.204154,0.009442,0.491671,0.231177,-0.011095,0.558831,0.009500,1.205926
19.094000,0.049039,-0.750891,1.697052,0.141059,-0.108855,0.208568,0.000000,3.000000,0.178177,0.000000,0.000000,0.000381,-0.000346,-0.000127,0.204154,0.009443,0.491671,0.231177,-0.011095,0.558831,0.009500,1.209968
19.104000,-0.046187,-0.755353,1.701558,0.045832,-0.113318,0.213074,0.000000,3.000000,0.122235,0.000000,0.000000,-0.000196,0.000132,-0.000333,0.204153,0.009442,0.491671,0.231177,-0.011095,0.558831,0.009500,1.211712
19.114000,-0.042008,-0.725519,1.722030,0.050011,-0.083483,0.233546,0.000000,3.000000,0.097317,0.000000,0.000000,-0.000250,-0.000111,-0.000025,0.204153,0.009442,0.491668,0.231177,-0.011095,0.558831,0.009500,1.209152
19.124000,0.035433,-0.741505,1.710731,0.127452,-0.099469,0.222247,0.000000,3.000000,0.161673,0.000000,0.000000,0.000260,0.000960,-0.000019,0.204154,0.009443,0.491670,0.231177,-0.011095,0.558831,0.009500,1.209067
19.134000,-0.004055,-0.696591,1.761169,0.087964,-0.054556,0.272685,0.000000,3.000000,0.103508,0.000000,0.000000,-0.000130,0.000249,-0.000932,0.204153,0.009442,0.491670,0.231177,-0.011095,0.558831,0.009500,1.216820
19.144000,0.046378,-0.679462,1.774245,0.138398,-0.037426,0.285761,0.000000,3.000000,0.143369,0.000000,0.000000,-0.000313,0.000300,0.000537,0.204153,0.009441,0.491674,0.231177,-0.011095,0.558831,0.009500,1.204273
19.154000,0.008808,-0.667337,1.724728,0.100827,-0.025302,0.236244,0.000000,3.000000,0.103953,0.000000,0.000000,-0.000133,-0.000064,0.000973,0.204152,0.009442,0.491672,0.231177,-0.011095,0.558831,0.009500,1.200603
19.164000,0.012428,-0.676577,1.731617,0.104447,-0.034541,0.243134,0.000000,3.000000,0.110010,0.000000,0.000000,-0.000005,0.000467,-0.000688,0.204153,0.009443,0.491669,0.231177,-0.011095,0.558831,0.009500,1.214763
19.174000,-0.002864,-0.658973,1.794313,0.089156,-0.016937,0.305829,0.000000,3.000000,0.090750,0.000000,0.000000,0.000094,0.000232,-0.000291,0.204154,0.009442,0.491669,0.231177,-0.011095,0.558831,0.009500,1.211386
19.184000,0.040666,-0.658760,1.804612,0.132685,-0.016724,0.316128,0.000000,3.000000,0.133735,0.000000,0.000000,0.000014,-0.000129,-0.000263,0.204153,0.009441,0.491668,0.231177,-0.011095,0.558831,0.009500,1.211168
19.194000,0.043887,-0.645120,1.777252,0.135906,-0.003084,0.288768,0.000000,3.000000,0.135941,0.000000,0.000000,-0.000282,-0.000298,-0.000364,0.204153,0.009441,0.491670,0.231177,-0.011095,0.558831,0.009500,1.211986
19.204000,0.002967,-0.667611,1.785597,0.094986,-0.025575,0.297113,0.000000,3.000000,0.098369,0.000000,0.000000,-0.000003,0.000342,-0.000038,0.204153,0.009441,0.491669,0.231177,-0.011095,0.558831,0.009500,1.209243
19.214000,-0.028129,-0.647651,1.796289,0.063890,-0.005615,0.307805,0.000000,3.000000,0.064137,0.000000,0.000000,-0.000260,-0.000286,0.000115,0.204153,0.009441,0.491667,0.231177,-0.011095,0.558831,0.009500,1.207977
19.224000,-0.055745,-0.629721,1.815018,0.036274,0.012315,0.326534,0.000000,3.000000,0.038308,0.000000,0.000000,0.000076,0.000027,0.000654,0.204153,0.009442,0.491670,0.231177,-0.011095,0.558831,0.009500,1.203352
19.234000,0.003865,-0.652702,1.851047,0.095884,-0.010667,0.362563,0.000000,3.000000,0.096476,0.000000,0.000000,0.000057,-0.000333,-0.000286,0.204153,0.009441,0.491669,0.231177,-0.011095,0.558831,0.009500,1.211347
19.244000,0.074119,-0.665113,1.861251,0.166139,-0.023077,0.372767,0.000000,3.000000,0.167734,0.000000,0.000000,0.000052,0.000027,-0.000287,0.204153,0.009441,0.491669,0.231177,-0.011095,0.558831,0.009500,1.211362
19.254000,0.038191,-0.641046,1.865128,0.130210,0.000990,0.376644,0.000000,3.000000,0.130214,0.000000,0.000000,-0.000220,0.000497,0.000085,0.204153,0.009442,0.491670,0.231177,-0.011095,0.558831,0.009500,1.208177
19.264000,0.097776,-0.644860,1.841797,0.189795,-0.002824,0.353313,0.000000,3.000000,0.189816,0.000000,0.000000,-0.000429,0.000659,0.000216,0.204152,0.009442,0.491671,0.231177,-0.011095,0.558831,0.009500,1.207049
19.274000,0.023208,-0.638378,1.831692,0.115227,0.003658,0.343208,0.000000,3.000000,0.115285,0.000000,0.000000,-0.000001,-0.000623,-0.000158,0.204153,0.009440,0.491670,0.231177,-0.011095,0.558831,0.009500,1.210241
19.284000,0.015505,-0.615613,1.852327,0.107524,0.026423,0.363843,0.000000,3.000000,0.110723,0.000000,0.000000,-0.000421,0.000052,-0.000075,0.204152,0.009443,0.491669,0.231177,-0.011095,0.558831,0.009500,1.209559
19.294000,0.041980,-0.633041,1.824479,0.134000,0.008995,0.335995,0.000000,3.000000,0.134301,0.000000,0.000000,0.000255,-0.000256,0.001028,0.204153,0.009441,0.491671,0.231177,-0.011095,0.558831,0.009500,1.200160
19.304000,0.071015,-0.631471,1.823798,0.163034,0.010565,0.335314,0.000000,3.000000,0.163376,0.000000,0.000000,0.000180,-0.000613,-0.000062,0.204154,0.009440,0.491668,0.231177,-0.011095,0.558831,0.009500,1.209463
19.314000,0.016919,-0.631075,1.843681,0.108938,0.010961,0.355197,0.000000,3.000000,0.109488,0.000000,0.000000,-0.000149,0.000400,-0.000019,0.204154,0.009442,0.491669,0.231177,-0.011095,0.558831,0.009500,1.209081
19.324000,-0.013913,-0.661142,1.836757,0.078106,-0.019106,0.348273,0.000000,3.000000,0.080409,0.000000,0.000000,-0.000052,0.000068,0.000078,0.204154,0.009441,0.491669,0.231177,-0.011095,0.558831,0.009500,1.208249
19.334000,-0.010701,-0.625940,1.832089,0.081319,0.016096,0.343605,0.000000,3.000000,0.082896,0.000000,0.000000,0.000561,-0.000192,-0.000131,0.204154,0.009440,0.491669,0.231177,-0.011095,0.558831,0.009500,1.210032
19.344000,0.007432,-0.626973,1.810522,0.099452,0.015063,0.322038,0.000000,3.000000,0.100586,0.000000,0.000000,0.000135,-0.000366,0.000743,0.204153,0.009441,0.491670,0.231177,-0.011095,0.558831,0.009500,1.202604
19.354000,0.023823,-0.633511,1.799486,0.115843,0.008525,0.311002,0.000000,3.000000,0.116156,0.000000,0.000000,-0.000243,0.000314,0.000389,0.204153,0.009443,0.491669,0.231177,-0.011095,0.558831,0.009500,1.205623
19.364000,-0.002401,-0.649598,1.811689,0.089618,-0.007562,0.323206,0.000000,3.000000,0.089937,0.000000,0.000000,0.000380,-0.000114,0.000276,0.204154,0.009442,0.491670,0.231177,-0.011095,0.558831,0.009500,1.206568
19.374000,-0.019883,-0.650307,1.820592,0.072137,-0.008271,0.332108,0.000000,3.000000,0.072609,0.000000,0.000000,-0.000088,-0.000121,-0.000382,0.204153,0.009441,0.491670,0.231177,-0.011095,0.558831,0.009500,1.212147
19.384000,-0.010683,-0.631685,1.836202,0.081336,0.010351,0.347718,0.000000,3.000000,0.081992,0.000000,0.000000,0.000219,0.000119,-0.000318,0.204154,0.009442,0.491669,0.231177,-0.011095,0.558831,0.009500,1.211617
19.394000,0.031725,-0.644213,1.831593,0.123745,-0.002177,0.343109,0.000000,3.000000,0.123764,0.000000,0.000000,-0.000476,0.000041,-0.000509,0.204152,0.009442,0.491669,0.231177,-0.011095,0.558831,0.009500,1.213244
19.404000,0.020945,-0.619958,1.833973,0.112964,0.022078,0.345489,0.000000,3.000000,0.115101,0.000000,0.000000,0.000230,-0.000555,-0.000705,0.204154,0.009442,0.491670,0.231177,-0.011095,0.558831,0.009500,1.214887
19.414000,-0.015314,-0.623047,1.819189,0.076705,0.018989,0.330705,0.000000,3.000000,0.079021,0.000000,0.000000,0.000171,0.000017,-0.000413,0.204154,0.009442,0.491668,0.231177,-0.011095,0.558831,0.009500,1.212439
19.424000,0.009295,-0.653049,1.801312,0.101314,-0.011013,0.312828,0.000000,3.000000,0.101911,0.000000,0.000000,0.000245,0.000047,0.000166,0.204154,0.009441,0.491671,0.231177,-0.011095,0.558831,0.009500,1.207487
19.434000,0.033752,-0.643402,1.798906,0.125771,-0.001366,0.310422,0.000000,3.000000,0.125778,0.000000,0.000000,-0.000106,0.000264,-0.000207,0.204153,0.009442,0.491669,0.231177,-0.011095,0.558831,0.009500,1.210675
19.444000,-0.007785,-0.634912,1.836239,0.084234,0.007124,0.347755,0.000000,3.000000,0.084535,0.000000,0.000000,0.000050,-0.000036,-0.001171,0.204154,0.009441,0.491667,0.231177,-0.011095,0.558831,0.009500,1.218896
19.454000,-0.022150,-0.642701,1.805676,0.069870,-0.000665,0.317192,0.000000,3.000000,0.069873,0.000000,0.000000,0.000156,-0.000124,0.000180,0.204154,0.009441,0.491669,0.231177,-0.011095,0.558831,0.009500,1.207394
19.464000,0.018209,-0.659612,1.806043,0.110228,-0.017576,0.317559,0.000000,3.000000,0.111620,0.000000,0.000000,-0.000216,-0.000165,0.000184,0.204153,0.009440,0.491670,0.231177,-0.011095,0.558831,0.009500,1.207341
19.474000,-0.020663,-0.639248,1.845339,0.071357,0.002788,0.356855,0.000000,3.000000,0.071411,0.000000,0.000000,-0.000436,0.000130,-0.000563,0.204153,0.009442,0.491668,0.231177,-0.011095,0.558831,0.009500,1.213725
19.484000,0.006555,-0.649974,1.829805,0.098574,-0.007938,0.341321,0.000000,3.000000,0.098893,0.000000,0.000000,-0.000305,0.000003,-0.000843,0.204153,0.009441,0.491667,0.231177,-0.011095,0.558831,0.009500,1.216109
19.494000,0.008759,-0.640840,1.825485,0.100779,0.001196,0.337001,0.000000,3.000000,0.100786,0.000000,0.000000,-0.000195,-0.000807,-0.000138,0.204153,0.009441,0.491670,0.231177,-0.011095,0.558831,0.009500,1.210083
19.504000,0.036199,-0.635024,1.804530,0.128218,0.007012,0.316046,0.000000,3.000000,0.128410,0.000000,0.000000,-0.000295,-0.000013,-0.000514,0.204153,0.009441,0.491670,0.231177,-0.011095,0.558831,0.009500,1.213269
19.514000,0.008124,-0.643988,1.807191,0.100143,-0.001953,0.318707,0.000000,3.000000,0.100162,0.000000,0.000000,-0.000144,-0.000497,-0.000745,0.204152,0.009439,0.491667,0.231177,-0.011095,0.558831,0.009500,1.215267
19.524000,0.029342,-0.638188,1.782321,0.121361,0.003848,0.293837,0.000000,3.000000,0.121422,0.000000,0.000000,0.000274,0.000442,-0.000092,0.204154,0.009442,0.491670,0.231177,-0.011095,0.558831,0.009500,1.209682
19.534000,0.002041,-0.652188,1.798215,0.094061,-0.010152,0.309732,0.000000,3.000000,0.094607,0.000000,0.000000,-0.000338,0.000331,0.000015,0.204153,0.009442,0.491669,0.231177,-0.011095,0.558831,0.009500,1.208790
19.544000,0.023696,-0.648039,1.806629,0.115715,-0.006004,0.318146,0.000000,3.000000,0.115871,0.000000,0.000000,0.000320,-0.000384,-0.000434,0.204154,0.009441,0.491668,0.231177,-0.011095,0.558831,0.009500,1.212613
19.554000,-0.002911,-0.620968,1.825823,0.089108,0.021068,0.337339,0.000000,3.000000,0.091565,0.000000,0.000000,-0.000025,-0.000155,0.000214,0.204153,0.009441,0.491669,0.231177,-0.011095,0.558831,0.009500,1.207104
19.564000,0.026615,-0.628214,1.802333,0.118634,0.013822,0.313849,0.000000,3.000000,0.119437,0.000000,0.000000,-0.000144,-0.000131,-0.000042,0.204154,0.009441,0.491669,0.231177,-0.011095,0.558831,0.009500,1.209276
19.574000,0.010608,-0.657461,1.819434,0.102627,-0.015425,0.330950,0.000000,3.000000,0.103780,0.000000,0.000000,-0.000240,0.000348,-0.000128,0.204153,0.009441,0.491669,0.231177,-0.011095,0.558831,0.009500,1.210011
19.584000,0.046000,-0.642182,1.846698,0.138019,-0.000147,0.358214,0.000000,3.000000,0.138020,0.000000,0.000000,0.000021,0.000233,-0.000206,0.204154,0.009442,0.491669,0.231177,-0.011095,0.558831,0.009500,1.210677
19.594000,-0.018153,-0.625539,1.806496,0.073866,0.016497,0.318012,0.000000,3.000000,0.075686,0.000000,0.000000,-0.000088,-0.000174,-0.000374,0.204153,0.009440,0.491669,0.231177,-0.011095,0.558831,0.009500,1.212095
19.604000,-0.052768,-0.611576,1.804692,0.039251,0.030459,0.316208,0.000000,3.000000,0.049683,0.000000,0.000000,0.000115,-0.000517,0.000112,0.204153,0.009441,0.491669,0.231177,-0.011095,0.558831,0.009500,1.207976
19.614000,-0.012442,-0.626340,1.790511,0.079578,0.015695,0.302027,0.000000,3.000000,0.081111,0.000000,0.000000,0.000152,0.000016,-0.000465,0.204153,0.009442,0.491668,0.231177,-0.011095,0.558831,0.009500,1.212885
19.624000,0.006250,-0.649965,1.780983,0.098269,-0.007930,0.292499,0.000000,3.000000,0.098588,0.000000,0.000000,-0.000118,-0.000221,0.000003,0.204153,0.009441,0.491671,0.231177,-0.011095,0.558831,0.009500,1.208870
19.634000,0.034181,-0.639736,1.768408,0.126201,0.002300,0.279924,0.000000,3.000000,0.126222,0.000000,0.000000,-0.000068,0.000251,0.000438,0.204153,0.009442,0.491671,0.231177,-0.011095,0.558831,0.009500,1.205176
19.644000,0.016719,-0.641834,1.787679,0.108739,0.000201,0.299195,0.000000,3.000000,0.108739,0.000000,0.000000,-0.000254,-0.000113,-0.000548,0.204153,0.009441,0.491668,0.231177,-0.011095,0.558831,0.009500,1.213581
19.654000,0.071003,-0.659090,1.843985,0.163023,-0.017054,0.355501,0.000000,3.000000,0.163912,0.000000,0.000000,-0.000151,-0.000006,-0.000067,0.204153,0.009442,0.491671,0.231177,-0.011095,0.558831,0.009500,1.209458
19.664000,-0.002937,-0.671110,1.833029,0.089082,-0.029074,0.344545,0.000000,3.000000,0.093707,0.000000,0.000000,-0.000152,0.000054,0.000690,0.204153,0.009441,0.491673,0.231177,-0.011095,0.558831,0.009500,1.202995
19.674000,0.047083,-0.676261,1.808898,0.139102,-0.034225,0.320414,0.000000,3.000000,0.143251,0.000000,0.000000,-0.000003,-0.000077,0.000313,0.204154,0.009441,0.491670,0.231177,-0.011095,0.558831,0.009500,1.206257
19.684000,0.089131,-0.656133,1.774811,0.181151,-0.014097,0.286327,0.000000,3.000000,0.181698,0.000000,0.000000,0.000120,0.000127,0.000750,0.204153,0.009442,0.491670,0.231177,-0.011095,0.558831,0.009500,1.202533
19.694000,0.040100,-0.643455,1.797197,0.132120,-0.001420,0.308713,0.000000,3.000000,0.132127,0.000000,0.000000,0.000209,0.000087,0.000292,0.204154,0.009442,0.491668,0.231177,-0.011095,0.558831,0.009500,1.206452
19.704000,-0.004028,-0.635875,1.793399,0.087992,0.006160,0.304915,0.000000,3.000000,0.088207,0.000000,0.000000,-0.000036,0.000433,0.000292,0.204153,0.009441,0.491670,0.231177,-0.011095,0.558831,0.009500,1.206413
19.714000,-0.016251,-0.661101,1.820038,0.075768,-0.019065,0.331554,0.000000,3.000000,0.078130,0.000000,0.000000,0.000194,0.000450,0.000562,0.204154,0.009442,0.491670,0.231177,-0.011095,0.558831,0.009500,1.204127
19.724000,0.018843,-0.617852,1.821309,0.110862,0.024184,0.332825,0.000000,3.000000,0.113469,0.000000,0.000000,-0.000117,-0.000221,-0.000116,0.204153,0.009441,0.491668,0.231177,-0.011095,0.558831,0.009500,1.209914
19.734000,-0.008754,-0.574072,1.815190,0.083266,0.067964,0.326706,0.000000,3.000000,0.107482,0.000000,0.000000,0.000136,-0.000304,0.000142,0.204154,0.009441,0.491670,0.231177,-0.011095,0.558831,0.009500,1.207699
19.744000,-0.013995,-0.579976,1.828278,0.078024,0.062060,0.339794,0.000000,3.000000,0.099695,0.000000,0.000000,-0.000011,-0.000153,0.000225,0.204153,0.009442,0.491670,0.231177,-0.011095,0.558831,0.009500,1.206988
19.754000,0.019738,-0.605240,1.834306,0.111757,0.036796,0.345823,0.000000,3.000000,0.117659,0.000000,0.000000,0.000035,-0.000106,0.000215,0.204153,0.009440,0.491670,0.231177,-0.011095,0.558831,0.009500,1.207083
19.764000,0.083695,-0.624975,1.773349,0.175715,0.017060,0.284865,0.000000,3.000000,0.176541,0.000000,0.000000,-0.000024,-0.000012,0.000644,0.204153,0.009441,0.491671,0.231177,-0.011095,0.558831,0.009500,1.203418
19.774000,0.077943,-0.663289,1.797968,0.169962,-0.021253,0.309484,0.000000,3.000000,0.171286,0.000000,0.000000,-0.000143,0.000409,-0.000220,0.204153,0.009442,0.491670,0.231177,-0.011095,0.558831,0.009500,1.210758
19.784000,-0.008583,-0.643079,1.829137,0.083436,-0.001043,0.340653,0.000000,3.000000,0.083443,0.000000,0.000000,-0.000099,0.000241,-0.000433,0.204153,0.009442,0.491669,0.231177,-0.011095,0.558831,0.009500,1.212601
19.794000,-0.041814,-0.623388,1.815894,0.050205,0.018648,0.327410,0.000000,3.000000,0.053556,0.000000,0.000000,-0.000101,-0.000606,-0.000781,0.204154,0.009440,0.491668,0.231177,-0.011095,0.558831,0.009500,1.215576
19.804000,0.012958,-0.646911,1.816905,0.104977,-0.004875,0.328421,0.000000,3.000000,0.105090,0.000000,0.000000,0.000195,0.000003,-0.000528,0.204153,0.009441,0.491666,0.231177,-0.011095,0.558831,0.009500,1.213445
19.814000,0.021285,-0.634986,1.812835,0.113304,0.007050,0.324352,0.000000,3.000000,0.113523,0.000000,0.000000,-0.000025,0.000558,-0.000783,0.204154,0.009442,0.491668,0.231177,-0.011095,0.558831,0.009500,1.215571
19.824000,0.030916,-0.669681,1.818544,0.122936,-0.027645,0.330060,0.000000,3.000000,0.126006,0.000000,0.000000,0.000167,0.000373,0.000196,0.204154,0.009442,0.491671,0.231177,-0.011095,0.558831,0.009500,1.207218
19.834000,0.003633,-0.652427,1.781131,0.095653,-0.010391,0.292647,0.000000,3.000000,0.096216,0.000000,0.000000,0.000236,0.000156,0.000443,0.204154,0.009441,0.491672,0.231177,-0.011095,0.558831,0.009500,1.205119
19.844000,0.015675,-0.633701,1.791874,0.107694,0.008335,0.303390,0.000000,3.000000,0.108016,0.000000,0.000000,0.000033,-0.000277,0.000471,0.204154,0.009441,0.491670,0.231177,-0.011095,0.558831,0.009500,1.204912
19.854000,0.007459,-0.594602,1.784580,0.099478,0.047434,0.296096,0.000000,3.000000,0.110208,0.000000,0.000000,0.000027,-0.000099,0.000477,0.204153,0.009442,0.491671,0.231177,-0.011095,0.558831,0.009500,1.204849
19.864000,0.010372,-0.612392,1.803076,0.102391,0.029644,0.314592,0.000000,3.000000,0.106596,0.000000,0.000000,0.000333,0.000160,-0.000269,0.204154,0.009441,0.491670,0.231177,-0.011095,0.558831,0.009500,1.211191
19.874000,-0.005526,-0.639347,1.783118,0.086493,0.002689,0.294634,0.000000,3.000000,0.086535,0.000000,0.000000,-0.000194,-0.000150,-0.000108,0.204154,0.009442,0.491672,0.231177,-0.011095,0.558831,0.009500,1.209781
19.884000,0.036870,-0.636680,1.791209,0.128890,0.005356,0.302725,0.000000,3.000000,0.129001,0.000000,0.000000,0.000006,-0.000310,-0.000532,0.204154,0.009441,0.491668,0.231177,-0.011095,0.558831,0.009500,1.213446
19.894000,0.026624,-0.640439,1.766613,0.118643,0.001596,0.278129,0.000000,3.000000,0.118654,0.000000,0.000000,0.000269,-0.000118,-0.000102,0.204154,0.009442,0.491670,0.231177,-0.011095,0.558831,0.009500,1.209770
19.904000,-0.011239,-0.614701,1.795362,0.080781,0.027335,0.306878,0.000000,3.000000,0.085280,0.000000,0.000000,-0.000046,-0.000193,-0.000296,0.204153,0.009442,0.491669,0.231177,-0.011095,0.558831,0.009500,1.211427
19.914000,0.037025,-0.605329,1.769726,0.129044,0.036707,0.281242,0.000000,3.000000,0.134163,0.000000,0.000000,-0.000251,0.000014,0.000188,0.204153,0.009441,0.491671,0.231177,-0.011095,0.558831,0.009500,1.207285
19.924000,0.018817,-0.627237,1.757726,0.110837,0.014799,0.269242,0.000000,3.000000,0.111820,0.000000,0.000000,0.000180,-0.000475,-0.000351,0.204154,0.009441,0.491669,0.231177,-0.011095,0.558831,0.009500,1.211897
19.934000,0.007884,-0.656686,1.773167,0.099903,-0.014650,0.284683,0.000000,3.000000,0.100972,0.000000,0.000000,-0.000077,0.000321,0.000423,0.204154,0.009442,0.491672,0.231177,-0.011095,0.558831,0.009500,1.205283
19.944000,0.000171,-0.632442,1.779553,0.092190,0.009593,0.291069,0.000000,3.000000,0.092688,0.000000,0.000000,0.000246,0.000041,0.000253,0.204154,0.009441,0.491670,0.231177,-0.011095,0.558831,0.009500,1.206759
19.954000,-0.035865,-0.639954,1.778557,0.056154,0.002081,0.290073,0.000000,3.000000,0.056193,0.000000,0.000000,0.000270,-0.000118,-0.000539,0.204154,0.009441,0.491668,0.231177,-0.011095,0.558831,0.009500,1.213502
19.964000,-0.002264,-0.624343,1.783101,0.089755,0.017693,0.294617,0.000000,3.000000,0.091482,0.000000,0.000000,0.000032,0.000283,0.000072,0.204154,0.009442,0.491670,0.231177,-0.011095,0.558831,0.009500,1.208301
19.974000,-0.024893,-0.661118,1.795633,0.067126,-0.019082,0.307149,0.000000,3.000000,0.069786,0.000000,0.000000,-0.000075,-0.000055,-0.000143,0.204153,0.009441,0.491670,0.231177,-0.011095,0.558831,0.009500,1.210114
19.984000,-0.003727,-0.651013,1.806925,0.088293,-0.008977,0.318441,0.000000,3.000000,0.088748,0.000000,0.000000,-0.000040,-0.000025,0.000338,0.204153,0.009441,0.491671,0.231177,-0.011095,0.558831,0.009500,1.206025
19.994000,-0.017095,-0.621850,1.810641,0.074924,0.020186,0.322157,0.000000,3.000000,0.077596,0.000000,0.000000,-0.000295,0.000143,0.000044,0.204153,0.009442,0.491671,0.231177,-0.011095,0.558831,0.009500,1.208520
20.004000,0.045791,-0.608291,1.759205,0.137810,0.033745,0.270721,0.000000,3.000000,0.141881,0.000000,0.000000,-0.000317,0.000982,0.001022,0.204153,0.009443,0.491671,0.231177,-0.011095,0.558831,0.009500,1.200210
20.014000,0.030210,-0.631056,1.765998,0.122230,0.010980,0.277514,0.000000,3.000000,0.122722,0.000000,0.000000,-0.000051,-0.000220,-0.000089,0.204153,0.009442,0.491671,0.231177,-0.011095,0.558831,0.009500,1.209637
20.024000,0.030532,-0.616799,1.780620,0.122552,0.025237,0.292136,0.000000,3.000000,0.125123,0.000000,0.000000,0.000053,-0.000374,0.000189,0.204154,0.009441,0.491670,0.231177,-0.011095,0.558831,0.009500,1.207295
20.034000,0.033594,-0.642278,1.761201,0.125614,-0.000242,0.272717,0.000000,3.000000,0.125614,0.000000,0.000000,-0.000299,-0.000186,0.000290,0.204153,0.009441,0.491671,0.231177,-0.011095,0.558831,0.009500,1.206434
20.044000,0.052389,-0.659700,1.759837,0.144408,-0.017664,0.271353,0.000000,3.000000,0.145484,0.000000,0.000000,0.000319,0.000214,0.000220,0.204154,0.009442,0.491670,0.231177,-0.011095,0.558831,0.009500,1.207034
20.054000,0.007753,-0.659375,1.738514,0.099772,-0.017340,0.250031,0.000000,3.000000,0.101268,0.000000,0.000000,0.000140,0.000352,0.000206,0.204154,0.009441,0.491670,0.231177,-0.011095,0.558831,0.009500,1.207160
20.064000,0.037542,-0.633134,1.761916,0.129561,0.008902,0.273432,0.000000,3.000000,0.129866,0.000000,0.000000,0.000174,-0.000185,0.000700,0.204154,0.009442,0.491671,0.231177,-0.011095,0.558831,0.009500,1.202947
20.074000,0.023793,-0.642879,1.753391,0.115813,-0.000843,0.264907,0.000000,3.000000,0.115816,0.000000,0.000000,-0.000180,0.000028,-0.000591,0.204154,0.009442,0.491666,0.231177,-0.011095,0.558831,0.009500,1.213982
20.084000,-0.031037,-0.636244,1.761219,0.060982,0.005792,0.272735,0.000000,3.000000,0.061257,0.000000,0.000000,0.000021,0.000314,0.000260,0.204154,0.009442,0.491669,0.231177,-0.011095,0.558831,0.009500,1.206714
20.094000,-0.022591,-0.671904,1.775965,0.069428,-0.029868,0.287481,0.000000,3.000000,0.075580,0.000000,0.000000,0.000042,0.000395,0.000683,0.204153,0.009442,0.491671,0.231177,-0.011095,0.558831,0.009500,1.203080
20.104000,0.028088,-0.620131,1.798811,0.120107,0.021905,0.310327,0.000000,3.000000,0.122088,0.000000,0.000000,0.000113,0.000221,-0.000364,0.204153,0.009442,0.491669,0.231177,-0.011095,0.558831,0.009500,1.212012
20.114000,0.023012,-0.605122,1.776276,0.115031,0.036914,0.287792,0.000000,3.000000,0.120809,0.000000,0.000000,-0.000329,-0.000451,-0.000162,0.204153,0.009440,0.491669,0.231177,-0.011095,0.558831,0.009500,1.210292
20.124000,0.004057,-0.619016,1.841696,0.096076,0.023020,0.353212,0.000000,3.000000,0.098795,0.000000,0.000000,-0.000236,0.000091,0.000291,0.204153,0.009443,0.491670,0.231177,-0.011095,0.558831,0.009500,1.206424
20.134000,0.035628,-0.646332,1.809827,0.127647,-0.004296,0.321343,0.000000,3.000000,0.127719,0.000000,0.000000,-0.000074,0.000008,-0.000528,0.204153,0.009441,0.491669,0.231177,-0.011095,0.558831,0.009500,1.213398
20.144000,0.028244,-0.632371,1.767154,0.120263,0.009664,0.278670,0.000000,3.000000,0.120651,0.000000,0.000000,-0.000095,-0.000105,-0.000491,0.204153,0.009441,0.491668,0.231177,-0.011095,0.558831,0.009500,1.213113
20.154000,-0.021551,-0.632257,1.790992,0.070468,0.009779,0.302509,0.000000,3.000000,0.071144,0.000000,0.000000,0.000037,-0.000061,-0.000158,0.204154,0.009442,0.491671,0.231177,-0.011095,0.558831,0.009500,1.210226
20.164000,-0.004085,-0.622895,1.773199,0.087934,0.019140,0.284716,0.000000,3.000000,0.089993,0.000000,0.000000,-0.000090,-0.000364,-0.000316,0.204153,0.009441,0.491669,0.231177,-0.011095,0.558831,0.009500,1.211598
20.174000,-0.031525,-0.647976,1.794035,0.060495,-0.005940,0.305551,0.000000,3.000000,0.060786,0.000000,0.000000,0.000234,0.000038,-0.000886,0.204154,0.009441,0.491668,0.231177,-0.011095,0.558831,0.009500,1.216458
20.184000,-0.065115,-0.653094,1.810855,0.026904,-0.011058,0.322372,0.000000,3.000000,0.029088,0.000000,0.000000,-0.000027,0.000618,-0.000181,0.204153,0.009443,0.491669,0.231177,-0.011095,0.558831,0.009500,1.210456
20.194000,0.017249,-0.632784,1.784143,0.109269,0.009252,0.295659,0.000000,3.000000,0.109660,0.000000,0.000000,-0.000002,-0.000483,-0.000522,0.204154,0.009441,0.491667,0.231177,-0.011095,0.558831,0.009500,1.213382
20.204000,0.063161,-0.664471,1.764612,0.155180,-0.022435,0.276128,0.000000,3.000000,0.156794,0.000000,0.000000,0.000177,-0.000324,0.000213,0.204154,0.009441,0.491669,0.231177,-0.011095,0.558831,0.009500,1.207117
20.214000,0.047874,-0.650180,1.781808,0.139894,-0.008144,0.293324,0.000000,3.000000,0.140130,0.000000,0.000000,0.000066,-0.000236,-0.000011,0.204154,0.009441,0.491670,0.231177,-0.011095,0.558831,0.009500,1.209003
20.224000,-0.045534,-0.635648,1.807998,0.046486,0.006388,0.319514,0.000000,3.000000,0.046922,0.000000,0.000000,-0.000231,-0.000025,0.000201,0.204153,0.009440,0.491669,0.231177,-0.011095,0.558831,0.009500,1.207211
20.234000,0.034699,-0.650644,1.778851,0.126718,-0.008608,0.290367,0.000000,3.000000,0.127011,0.000000,0.000000,0.000054,0.000022,0.000676,0.204154,0.009441,0.491670,0.231177,-0.011095,0.558831,0.009500,1.203168
20.244000,0.063119,-0.624858,1.789584,0.155138,0.017177,0.301100,0.000000,3.000000,0.156086,0.000000,0.000000,-0.000063,0.000302,-0.000231,0.204154,0.009442,0.491671,0.231177,-0.011095,0.558831,0.009500,1.210844
20.254000,0.014985,-0.640685,1.810189,0.107004,0.001350,0.321705,0.000000,3.000000,0.107013,0.000000,0.000000,0.000198,0.000537,0.000090,0.204154,0.009443,0.491671,0.231177,-0.011095,0.558831,0.009500,1.208126
20.264000,-0.023847,-0.637053,1.786150,0.068173,0.004983,0.297666,0.000000,3.000000,0.068354,0.000000,0.000000,-0.000103,0.000105,-0.000591,0.204154,0.009442,0.491669,0.231177,-0.011095,0.558831,0.009500,1.213933
20.274000,0.018065,-0.625107,1.784652,0.110085,0.016928,0.296168,0.000000,3.000000,0.111379,0.000000,0.000000,-0.000277,-0.000067,-0.001217,0.204153,0.009442,0.491668,0.231177,-0.011095,0.558831,0.009500,1.219269
20.284000,-0.015419,-0.610571,1.799009,0.076600,0.031465,0.310525,0.000000,3.000000,0.082810,0.000000,0.000000,-0.000230,0.000039,-0.000427,0.204153,0.009441,0.491670,0.231177,-0.011095,0.558831,0.009500,1.212531
20.294000,0.026221,-0.638079,1.760214,0.118240,0.003956,0.271730,0.000000,3.000000,0.118307,0.000000,0.000000,0.000241,-0.000312,0.000127,0.204154,0.009441,0.491671,0.231177,-0.011095,0.558831,0.009500,1.207799
20.304000,-0.019171,-0.625213,1.759064,0.072848,0.016823,0.270580,0.000000,3.000000,0.074766,0.000000,0.000000,0.000012,-0.000082,-0.000067,0.204153,0.009442,0.491670,0.231177,-0.011095,0.558831,0.009500,1.209476
20.314000,-0.029386,-0.632471,1.750775,0.062633,0.009564,0.262291,0.000000,3.000000,0.063359,0.000000,0.000000,-0.000168,0.000149,0.000139,0.204153,0.009443,0.491669,0.231177,-0.011095,0.558831,0.009500,1.207738
20.324000,-0.006806,-0.634727,1.735341,0.085214,0.007309,0.246857,0.000000,3.000000,0.085527,0.000000,0.000000,0.000093,-0.000086,-0.000145,0.204154,0.009441,0.491669,0.231177,-0.011095,0.558831,0.009500,1.210148
20.334000,0.032821,-0.646712,1.774396,0.124841,-0.004677,0.285912,0.000000,3.000000,0.124928,0.000000,0.000000,0.000044,-0.000520,-0.000597,0.204154,0.009441,0.491669,0.231177,-0.011095,0.558831,0.009500,1.213985
20.344000,0.048454,-0.648607,1.773776,0.140474,-0.006571,0.285292,0.000000,3.000000,0.140627,0.000000,0.000000,0.000068,0.000121,-0.000137,0.204154,0.009442,0.491669,0.231177,-0.011095,0.558831,0.009500,1.210081
20.354000,-0.029914,-0.610839,1.818658,0.062105,0.031196,0.330174,0.000000,3.000000,0.069500,0.000000,0.000000,-0.000068,-0.000370,-0.000727,0.204154,0.009441,0.491667,0.231177,-0.011095,0.558831,0.009500,1.215122
20.364000,-0.026542,-0.645044,1.801112,0.065477,-0.003008,0.312628,0.000000,3.000000,0.065546,0.000000,0.000000,0.000027,-0.000107,-0.000231,0.204153,0.009441,0.491671,0.231177,-0.011095,0.558831,0.009500,1.210850
20.374000,0.010423,-0.633498,1.798334,0.102442,0.008538,0.309850,0.000000,3.000000,0.102797,0.000000,0.000000,-0.000332,0.000032,-0.000212,0.204153,0.009443,0.491671,0.231177,-0.011095,0.558831,0.009500,1.210689
20.384000,0.009434,-0.635159,1.799082,0.101453,0.006876,0.310598,0.000000,3.000000,0.101686,0.000000,0.000000,0.000049,0.000225,-0.000416,0.204154,0.009442,0.491670,0.231177,-0.011095,0.558831,0.009500,1.212441
20.394000,0.028140,-0.625504,1.780211,0.120159,0.016532,0.291727,0.000000,3.000000,0.121291,0.000000,0.000000,-0.000067,-0.000248,-0.000349,0.204154,0.009441,0.491669,0.231177,-0.011095,0.558831,0.009500,1.211878
20.404000,0.027230,-0.621438,1.778386,0.119249,0.020598,0.289902,0.000000,3.000000,0.121015,0.000000,0.000000,0.000114,0.000342,-0.000212,0.204154,0.009443,0.491670,0.231177,-0.011095,0.558831,0.009500,1.210693
20.414000,0.028689,-0.647048,1.761424,0.120708,-0.005012,0.272940,0.000000,3.000000,0.120812,0.000000,0.000000,-0.000015,-0.000032,-0.000250,0.204153,0.009442,0.491671,0.231177,-0.011095,0.558831,0.009500,1.211008
20.424000,-0.036747,-0.615308,1.769494,0.055273,0.026728,0.281010,0.000000,3.000000,0.061396,0.000000,0.000000,0.000116,-0.000382,0.000074,0.204154,0.009441,0.491670,0.231177,-0.011095,0.558831,0.009500,1.208271
