time,raw_fx,raw_fy,raw_fz,corrected_fx,corrected_fy,corrected_fz,contact_force,target_force,force_xy_norm,v_des_x,v_des_y,v_x,v_y,z_dot,x,y,z,x_d,y_d,z_d,z_offset,f_z
0.000000,-9.323253,0.905167,0.075898,-8.776309,1.155891,-1.182331,1.182331,3.000000,8.852101,-0.004957,0.000653,-0.000066,0.000264,0.000500,0.224685,0.017784,0.475254,0.224541,0.017814,0.475368,0.000000,-0.002185
0.010000,-9.119472,0.911436,0.075335,-8.572528,1.162160,-1.182894,1.182894,3.000000,8.650945,-0.004955,0.000672,0.000266,-0.000263,0.000142,0.224685,0.017782,0.475252,0.224491,0.017821,0.475168,-0.000200,-0.002726
0.020000,-9.035550,0.883867,0.005757,-8.488605,1.134591,-1.252472,1.252472,3.000000,8.564095,-0.004956,0.000662,0.005343,0.000024,-0.000796,0.224728,0.017781,0.475248,0.224442,0.017827,0.474968,-0.000400,0.001715
0.030000,-8.842090,0.851969,0.020888,-8.295146,1.102692,-1.237340,1.237340,3.000000,8.368117,-0.004956,0.000659,0.008762,-0.000362,-0.001479,0.224812,0.017776,0.475239,0.224392,0.017834,0.474768,-0.000600,0.004075
0.040000,-8.151348,0.786804,0.108464,-7.604403,1.037528,-1.149764,1.149764,3.000000,7.674856,-0.004954,0.000676,0.011206,-0.000535,-0.001114,0.224923,0.017771,0.475233,0.224342,0.017841,0.474568,-0.000800,-0.002520
0.050000,-7.145131,0.664906,0.129265,-6.598187,0.915629,-1.128964,1.128964,3.000000,6.661415,-0.004953,0.000687,0.011671,-0.000811,-0.000218,0.225037,0.017764,0.475227,0.224293,0.017847,0.474368,-0.001000,-0.013621
0.060000,-6.029911,0.559677,0.117446,-5.482967,0.810401,-1.140783,1.140783,3.000000,5.542533,-0.004946,0.000731,0.011144,-0.000863,-0.000620,0.225147,0.017758,0.475222,0.224243,0.017854,0.474168,-0.001200,-0.013717
0.070000,-5.105902,0.442385,0.084347,-4.558958,0.693108,-1.173882,1.173882,3.000000,4.611344,-0.004943,0.000752,0.009867,-0.000522,0.000121,0.225247,0.017751,0.475221,0.224194,0.017862,0.473968,-0.001400,-0.023584
0.080000,-4.772520,0.381890,0.027128,-4.225576,0.632613,-1.231101,1.231101,3.000000,4.272668,-0.004945,0.000740,0.010404,-0.000418,-0.001549,0.225348,0.017744,0.475209,0.224144,0.017869,0.473768,-0.001600,-0.012791
0.090000,-5.009827,0.336674,-0.092661,-4.462883,0.587397,-1.350890,1.350890,3.000000,4.501373,-0.004957,0.000652,0.010785,-0.000669,-0.003238,0.225452,0.017736,0.475178,0.224095,0.017876,0.473568,-0.001800,-0.001514
0.100000,-5.518349,0.359784,-0.151341,-4.971405,0.610508,-1.409569,1.409569,3.000000,5.008751,-0.004963,0.000609,0.011455,-0.001074,-0.005405,0.225565,0.017728,0.475130,0.224045,0.017883,0.473368,-0.002000,0.014131
0.110000,-5.925081,0.367500,-0.184463,-5.378136,0.618223,-1.442691,1.442691,3.000000,5.413553,-0.004967,0.000571,0.011888,-0.001111,-0.006416,0.225679,0.017719,0.475066,0.223996,0.017888,0.473168,-0.002200,0.020275
0.120000,-5.940221,0.349368,-0.246661,-5.393276,0.600091,-1.504890,1.504890,3.000000,5.426559,-0.004969,0.000553,0.011366,-0.000474,-0.007469,0.225794,0.017711,0.474991,0.223946,0.017894,0.472968,-0.002400,0.026959
0.131000,-5.484335,0.299260,-0.254550,-4.937391,0.549983,-1.512779,1.512779,3.000000,4.967928,-0.004969,0.000554,0.010067,-0.000308,-0.008734,0.225911,0.017700,0.474897,0.223891,0.017900,0.472748,-0.002620,0.035425
0.141000,-4.679030,0.289111,-0.250792,-4.132086,0.539835,-1.509021,1.509021,3.000000,4.167200,-0.004958,0.000648,0.008329,-0.001082,-0.008706,0.226001,0.017692,0.474815,0.223842,0.017906,0.472548,-0.002820,0.033059
0.151000,-4.121735,0.282114,-0.243361,-3.574790,0.532838,-1.501590,1.501590,3.000000,3.614283,-0.004945,0.000737,0.007388,-0.001019,-0.008901,0.226079,0.017685,0.474731,0.223792,0.017913,0.472348,-0.003020,0.032632
0.161000,-3.959449,0.267121,-0.231467,-3.412505,0.517844,-1.489695,1.489695,3.000000,3.451572,-0.004943,0.000750,0.007763,-0.000237,-0.009585,0.226155,0.017679,0.474638,0.223743,0.017921,0.472148,-0.003220,0.036502
0.171000,-4.268049,0.285915,-0.237705,-3.721105,0.536639,-1.495933,1.495933,3.000000,3.759601,-0.004949,0.000714,0.007836,-0.000933,-0.011241,0.226229,0.017670,0.474536,0.223693,0.017928,0.471948,-0.003420,0.048800
0.181000,-4.757042,0.300808,-0.255988,-4.210097,0.551531,-1.514217,1.514217,3.000000,4.246070,-0.004958,0.000649,0.008735,-0.000061,-0.012382,0.226314,0.017665,0.474412,0.223644,0.017935,0.471748,-0.003620,0.057116
0.191000,-5.195452,0.353292,-0.278462,-4.648507,0.604016,-1.536691,1.536691,3.000000,4.687585,-0.004958,0.000644,0.009377,-0.000544,-0.013409,0.226404,0.017656,0.474278,0.223594,0.017941,0.471548,-0.003820,0.064634
0.201000,-5.378936,0.337699,-0.261793,-4.831991,0.588423,-1.520022,1.520022,3.000000,4.867687,-0.004963,0.000604,0.009251,-0.001165,-0.014401,0.226500,0.017645,0.474133,0.223545,0.017947,0.471348,-0.004020,0.072066
0.211000,-5.073748,0.312266,-0.207334,-4.526804,0.562989,-1.465563,1.465563,3.000000,4.561678,-0.004962,0.000617,0.009431,-0.001101,-0.015039,0.226597,0.017636,0.473982,0.223495,0.017953,0.471148,-0.004220,0.076595
0.221000,-4.511165,0.242039,-0.230758,-3.964221,0.492763,-1.488987,1.488987,3.000000,3.994729,-0.004962,0.000617,0.009206,-0.000180,-0.014326,0.226688,0.017628,0.473841,0.223445,0.017959,0.470948,-0.004420,0.069481
0.231000,-4.020457,0.220866,-0.229814,-3.473513,0.471590,-1.488042,1.488042,3.000000,3.505380,-0.004955,0.000673,0.009020,-0.001133,-0.014157,0.226776,0.017617,0.473705,0.223396,0.017966,0.470748,-0.004620,0.066888
0.241000,-4.041465,0.252089,-0.223717,-3.494521,0.502813,-1.481946,1.481946,3.000000,3.530509,-0.004949,0.000712,0.009587,-0.000694,-0.014221,0.226872,0.017609,0.473560,0.223346,0.017973,0.470548,-0.004820,0.066447
0.252000,-4.424998,0.278170,-0.229744,-3.878054,0.528894,-1.487972,1.487972,3.000000,3.913953,-0.004954,0.000676,0.010602,-0.000899,-0.015783,0.226990,0.017598,0.473391,0.223292,0.017981,0.470328,-0.005040,0.078787
0.262000,-4.751977,0.281631,-0.259091,-4.205033,0.532355,-1.517320,1.517320,3.000000,4.238597,-0.004960,0.000628,0.012028,-0.001016,-0.016501,0.227106,0.017586,0.473229,0.223242,0.017987,0.470128,-0.005240,0.084201
0.272000,-5.090392,0.308393,-0.288090,-4.543447,0.559117,-1.546319,1.546319,3.000000,4.577720,-0.004963,0.000611,0.013190,-0.001397,-0.016688,0.227234,0.017575,0.473061,0.223193,0.017993,0.469928,-0.005440,0.085207
0.282000,-5.066215,0.284160,-0.319456,-4.519270,0.534884,-1.577684,1.577684,3.000000,4.550814,-0.004965,0.000588,0.013350,-0.001332,-0.015838,0.227365,0.017562,0.472897,0.223143,0.017999,0.469728,-0.005640,0.077338
0.292000,-4.599940,0.276612,-0.422120,-4.052995,0.527335,-1.680349,1.680349,3.000000,4.087157,-0.004958,0.000645,0.012911,-0.000836,-0.014942,0.227494,0.017552,0.472750,0.223093,0.018005,0.469528,-0.005840,0.068788
0.302000,-4.245333,0.234727,-0.481484,-3.698389,0.485450,-1.739712,1.739712,3.000000,3.730113,-0.004957,0.000651,0.013160,-0.001431,-0.014554,0.227626,0.017540,0.472606,0.223044,0.018012,0.469328,-0.006040,0.064483
0.312000,-4.140967,0.204762,-0.523078,-3.594023,0.455485,-1.781307,1.781307,3.000000,3.622770,-0.004960,0.000629,0.013910,-0.001163,-0.013289,0.227758,0.017529,0.472470,0.222994,0.018019,0.469128,-0.006240,0.052599
0.322000,-4.265845,0.210165,-0.596020,-3.718901,0.460889,-1.854249,1.854249,3.000000,3.747352,-0.004962,0.000615,0.014237,-0.001220,-0.013461,0.227898,0.017517,0.472337,0.222945,0.018025,0.468928,-0.006440,0.052853
0.332000,-4.778701,0.242379,-0.644062,-4.231757,0.493103,-1.902290,1.902290,3.000000,4.260389,-0.004966,0.000579,0.016158,-0.001232,-0.013890,0.228057,0.017505,0.472200,0.222895,0.018031,0.468728,-0.006640,0.055363
0.342000,-5.125844,0.226073,-0.680610,-4.578900,0.476797,-1.938839,1.938839,3.000000,4.603658,-0.004973,0.000518,0.016750,-0.001439,-0.013111,0.228226,0.017492,0.472064,0.222845,0.018036,0.468528,-0.006840,0.047607
0.352000,-5.113065,0.232448,-0.767071,-4.566121,0.483172,-2.025299,2.025299,3.000000,4.591613,-0.004972,0.000526,0.017852,-0.001282,-0.011649,0.228403,0.017478,0.471943,0.222795,0.018041,0.468368,-0.007000,0.034496
0.362000,-5.213391,0.232882,-0.817814,-4.666447,0.483606,-2.076043,2.076043,3.000000,4.691439,-0.004973,0.000515,0.019426,-0.000825,-0.011171,0.228594,0.017466,0.471829,0.222746,0.018046,0.468368,-0.007000,0.032487
0.372000,-5.258871,0.222741,-0.887659,-4.711927,0.473464,-2.145888,2.145888,3.000000,4.735654,-0.004975,0.000500,0.021105,-0.001479,-0.009577,0.228801,0.017452,0.471729,0.222696,0.018051,0.468368,-0.007000,0.020767
0.382000,-5.394982,0.206575,-1.014069,-4.848038,0.457299,-2.272298,2.272298,3.000000,4.869558,-0.004978,0.000470,0.023576,-0.001089,-0.009083,0.229038,0.017438,0.471632,0.222646,0.018056,0.468368,-0.007000,0.018320
0.392000,-5.405957,0.179971,-1.122700,-4.859013,0.430695,-2.380929,2.380929,3.000000,4.878063,-0.004980,0.000441,0.026271,-0.001219,-0.007372,0.229291,0.017425,0.471554,0.222596,0.018061,0.468368,-0.007000,0.005199
0.402000,-5.333180,0.148551,-1.236526,-4.786235,0.399274,-2.494755,2.494755,3.000000,4.802861,-0.004983,0.000416,0.028518,-0.001558,-0.005775,0.229574,0.017409,0.471498,0.222547,0.018065,0.468368,-0.007000,-0.007351
0.412000,-5.257985,0.123554,-1.354233,-4.711041,0.374278,-2.612462,2.612462,3.000000,4.725885,-0.004984,0.000396,0.030602,-0.001748,-0.004126,0.229869,0.017393,0.471454,0.222497,0.018069,0.468368,-0.007000,-0.020535
0.422000,-5.332372,0.137459,-1.493732,-4.785428,0.388183,-2.751960,2.751960,3.000000,4.801146,-0.004984,0.000404,0.032930,-0.000982,-0.002526,0.230196,0.017379,0.471424,0.222447,0.018073,0.468368,-0.007000,-0.033581
0.432000,-5.624777,0.168645,-1.551316,-5.077832,0.419369,-2.809544,2.809544,3.000000,5.095120,-0.004983,0.000412,0.035815,-0.001791,-0.002669,0.230549,0.017361,0.471398,0.222397,0.018077,0.468368,-0.007000,-0.031891
0.442000,-5.776736,0.143420,-1.584372,-5.229791,0.394144,-2.842601,2.842601,3.000000,5.244623,-0.004986,0.000376,0.038902,-0.001792,-0.001432,0.230935,0.017343,0.471379,0.222347,0.018081,0.468368,-0.007000,-0.042064
0.452000,-5.385603,0.120961,-1.787121,-4.838658,0.371685,-3.045349,3.045349,3.000000,4.852913,-0.004985,0.000383,0.039148,-0.002240,0.000602,0.231324,0.017325,0.471389,0.222297,0.018085,0.468368,-0.007000,-0.059498
0.462000,-5.117045,0.091617,-1.850924,-4.570101,0.342340,-3.109153,3.109153,3.000000,4.582905,-0.004986,0.000373,0.040944,-0.001947,0.001831,0.231732,0.017306,0.471403,0.222248,0.018089,0.468368,-0.007000,-0.070166
0.472000,-5.412509,0.071974,-1.917006,-4.865565,0.322698,-3.175235,3.175235,3.000000,4.876254,-0.004989,0.000331,0.044261,-0.001923,0.002129,0.232162,0.017287,0.471421,0.222198,0.018092,0.468368,-0.007000,-0.073020
0.482000,-5.851168,0.101021,-2.030126,-5.304223,0.351745,-3.288355,3.288355,3.000000,5.315873,-0.004989,0.000331,0.048850,-0.002454,0.002822,0.232645,0.017263,0.471452,0.222148,0.018095,0.468368,-0.007000,-0.079470
0.492000,-6.285892,0.085593,-2.117154,-5.738948,0.336317,-3.375382,3.375382,3.000000,5.748794,-0.004991,0.000293,0.050669,-0.002106,0.003857,0.233139,0.017240,0.471486,0.222098,0.018098,0.468368,-0.007000,-0.088860
0.503000,-6.413234,0.085656,-2.266413,-5.866289,0.336380,-3.524641,3.524641,3.000000,5.875926,-0.004992,0.000286,0.053079,-0.002599,0.004781,0.233715,0.017210,0.471530,0.222043,0.018102,0.468368,-0.007000,-0.097493
0.513000,-6.548482,0.046233,-2.318468,-6.001538,0.296956,-3.576697,3.576697,3.000000,6.008880,-0.004994,0.000247,0.052925,-0.002516,0.003153,0.234249,0.017186,0.471573,0.221993,0.018104,0.468368,-0.007000,-0.084446
0.523000,-6.610525,0.020553,-2.289308,-6.063580,0.271277,-3.547537,3.547537,3.000000,6.069646,-0.004995,0.000223,0.053017,-0.002182,0.003120,0.234776,0.017162,0.471608,0.221943,0.018106,0.468368,-0.007000,-0.084804
0.533000,-6.579470,0.014144,-2.307547,-6.032525,0.264868,-3.565775,3.565775,3.000000,6.038337,-0.004995,0.000219,0.053566,-0.001994,0.003783,0.235322,0.017135,0.471650,0.221893,0.018109,0.468368,-0.007000,-0.091169
0.543000,-6.862142,0.040399,-2.184365,-6.315198,0.291123,-3.442594,3.442594,3.000000,6.321904,-0.004995,0.000230,0.054735,-0.002846,0.001188,0.235854,0.017108,0.471659,0.221843,0.018111,0.468368,-0.007000,-0.069324
0.553000,-7.194889,0.057614,-2.193330,-6.647944,0.308338,-3.451558,3.451558,3.000000,6.655091,-0.004995,0.000232,0.055280,-0.002380,0.001300,0.236411,0.017082,0.471663,0.221793,0.018113,0.468368,-0.007000,-0.070340
0.563000,-7.278850,0.047781,-2.198271,-6.731906,0.298504,-3.456500,3.456500,3.000000,6.738521,-0.004995,0.000221,0.057098,-0.002407,0.000345,0.236981,0.017054,0.471667,0.221743,0.018115,0.468368,-0.007000,-0.062312
0.573000,-7.354452,0.052086,-2.195731,-6.807508,0.302809,-3.453959,3.453959,3.000000,6.814239,-0.004995,0.000222,0.057871,-0.003128,-0.001418,0.237560,0.017023,0.471658,0.221693,0.018118,0.468368,-0.007000,-0.047199
0.583000,-7.673563,0.083592,-2.146778,-7.126619,0.334316,-3.405007,3.405007,3.000000,7.134456,-0.004995,0.000234,0.058761,-0.003074,-0.003166,0.238144,0.016993,0.471630,0.221643,0.018120,0.468368,-0.007000,-0.031845
0.593000,-7.963960,0.120582,-2.051524,-7.417016,0.371306,-3.309753,3.309753,3.000000,7.426304,-0.004994,0.000250,0.060037,-0.003606,-0.005149,0.238738,0.016959,0.471579,0.221593,0.018122,0.468368,-0.007000,-0.014106
0.603000,-8.195972,0.179527,-1.991058,-7.649028,0.430251,-3.249287,3.249287,3.000000,7.661119,-0.004992,0.000281,0.061385,-0.004064,-0.007421,0.239350,0.016924,0.471511,0.221544,0.018125,0.468368,-0.007000,0.006396
0.613000,-8.264625,0.187962,-1.863286,-7.717680,0.438686,-3.121514,3.121514,3.000000,7.730138,-0.004992,0.000284,0.061709,-0.003478,-0.010120,0.239962,0.016889,0.471416,0.221494,0.018128,0.468368,-0.007000,0.030997
0.623000,-8.093068,0.205049,-1.819924,-7.546123,0.455772,-3.078153,3.078153,3.000000,7.559875,-0.004991,0.000301,0.059975,-0.003785,-0.010950,0.240569,0.016852,0.471304,0.221444,0.018131,0.468368,-0.007000,0.040071
0.633000,-7.682467,0.193490,-1.826932,-7.135522,0.444214,-3.085161,3.085161,3.000000,7.149336,-0.004990,0.000311,0.059296,-0.003522,-0.012606,0.241164,0.016816,0.471172,0.221394,0.018134,0.468368,-0.007000,0.056483
0.643000,-7.685140,0.190297,-1.841374,-7.138196,0.441020,-3.099602,3.099602,3.000000,7.151807,-0.004990,0.000308,0.061602,-0.003717,-0.014469,0.241772,0.016782,0.471030,0.221344,0.018137,0.468368,-0.007000,0.074847
0.653000,-7.836743,0.175298,-1.867791,-7.289799,0.426022,-3.126020,3.126020,3.000000,7.302237,-0.004991,0.000292,0.062156,-0.003929,-0.014284,0.242398,0.016747,0.470888,0.221294,0.018140,0.468368,-0.007000,0.075828
0.663000,-7.598274,0.130051,-1.967587,-7.051330,0.380774,-3.225815,3.225815,3.000000,7.061604,-0.004993,0.000270,0.061442,-0.003238,-0.014551,0.243009,0.016714,0.470741,0.221244,0.018143,0.468368,-0.007000,0.080747
0.673000,-7.613353,0.036033,-2.003086,-7.066409,0.286757,-3.261315,3.261315,3.000000,7.072225,-0.004996,0.000203,0.062713,-0.003545,-0.014518,0.243637,0.016680,0.470602,0.221194,0.018145,0.468368,-0.007000,0.082972
0.683000,-7.759276,0.010209,-2.001176,-7.212331,0.260933,-3.259404,3.259404,3.000000,7.217050,-0.004997,0.000181,0.064917,-0.004257,-0.014491,0.244272,0.016640,0.470442,0.221144,0.018147,0.468368,-0.007000,0.085630
0.693000,-7.924501,-0.003923,-2.066611,-7.377557,0.246801,-3.324840,3.324840,3.000000,7.381684,-0.004997,0.000167,0.066344,-0.004202,-0.017477,0.244925,0.016602,0.470289,0.221094,0.018149,0.468368,-0.007000,0.113718
0.703000,-8.354183,-0.016617,-2.054788,-7.807239,0.234106,-3.313017,3.313017,3.000000,7.810748,-0.004998,0.000150,0.069068,-0.004184,-0.017716,0.245611,0.016563,0.470118,0.221044,0.018150,0.468368,-0.007000,0.118826
0.713000,-8.756493,-0.008116,-2.085868,-8.209548,0.242608,-3.344097,3.344097,3.000000,8.213132,-0.004998,0.000148,0.069827,-0.003609,-0.018216,0.246315,0.016522,0.469928,0.220994,0.018152,0.468368,-0.007000,0.126478
0.723000,-8.557619,-0.036273,-2.163046,-8.010675,0.214451,-3.421275,3.421275,3.000000,8.013545,-0.004998,0.000134,0.070057,-0.003888,-0.017272,0.247010,0.016480,0.469749,0.220944,0.018153,0.468368,-0.007000,0.121703
0.733000,-8.215252,-0.066940,-2.302120,-7.668308,0.183784,-3.560349,3.560349,3.000000,7.670510,-0.004999,0.000120,0.068974,-0.003765,-0.017627,0.247706,0.016441,0.469575,0.220894,0.018154,0.468368,-0.007000,0.127848
0.743000,-8.269321,-0.072011,-2.390224,-7.722377,0.178712,-3.648453,3.648453,3.000000,7.724445,-0.004999,0.000116,0.069004,-0.004278,-0.018615,0.248387,0.016402,0.469386,0.220844,0.018156,0.468368,-0.007000,0.139630
0.753000,-8.960261,-0.042975,-2.402812,-8.413317,0.207749,-3.661040,3.661040,3.000000,8.415881,-0.004998,0.000123,0.072310,-0.003858,-0.019920,0.249108,0.016362,0.469190,0.220794,0.018157,0.468368,-0.007000,0.154224
0.763000,-9.588030,0.021143,-2.400788,-9.041086,0.271867,-3.659017,3.659017,3.000000,9.045173,-0.004998,0.000150,0.073003,-0.003861,-0.022993,0.249836,0.016319,0.468964,0.220744,0.018158,0.468368,-0.007000,0.184366
0.773000,-9.602075,0.001295,-2.464975,-9.055131,0.252018,-3.723204,3.723204,3.000000,9.058637,-0.004998,0.000139,0.074743,-0.004358,-0.021008,0.250564,0.016279,0.468755,0.220694,0.018160,0.468368,-0.007000,0.171297
0.783000,-8.836954,-0.015035,-2.538535,-8.290010,0.235689,-3.796764,3.796764,3.000000,8.293360,-0.004998,0.000142,0.073176,-0.003385,-0.018822,0.251303,0.016240,0.468556,0.220644,0.018161,0.468368,-0.007000,0.156317
0.793000,-7.535487,-0.113933,-2.687353,-6.988543,0.136791,-3.945582,3.945582,3.000000,6.989882,-0.004999,0.000098,0.073542,-0.003392,-0.013797,0.252046,0.016202,0.468402,0.220594,0.018162,0.468368,-0.007000,0.116455
0.803000,-7.028275,-0.099393,-2.803216,-6.481330,0.151331,-4.061444,4.061444,3.000000,6.483097,-0.004999,0.000117,0.074745,-0.003456,-0.013625,0.252780,0.016166,0.468261,0.220544,0.018163,0.468528,-0.006840,0.120423
0.813000,-7.590113,-0.047929,-2.785851,-7.043169,0.202795,-4.044079,4.044079,3.000000,7.046088,-0.004998,0.000144,0.079042,-0.003798,-0.014543,0.253561,0.016128,0.468120,0.220494,0.018165,0.468728,-0.006640,0.134341
0.823000,-9.072187,0.030600,-2.779562,-8.525242,0.281324,-4.037791,4.037791,3.000000,8.529883,-0.004997,0.000165,0.083685,-0.003877,-0.018430,0.254380,0.016088,0.467942,0.220444,0.018166,0.468928,-0.006440,0.174125
0.833000,-10.264699,0.081397,-2.634376,-9.717754,0.332120,-3.892605,3.892605,3.000000,9.723428,-0.004997,0.000171,0.085764,-0.003559,-0.018730,0.255246,0.016046,0.467763,0.220394,0.018168,0.468948,-0.006420,0.180259
0.843000,-10.046663,0.034727,-2.717613,-9.499719,0.285451,-3.975842,3.975842,3.000000,9.504007,-0.004998,0.000150,0.083149,-0.004264,-0.019951,0.256092,0.016004,0.467576,0.220344,0.018169,0.468948,-0.006420,0.193987
0.853000,-9.771403,0.015054,-2.767276,-9.224459,0.265778,-4.025504,4.025504,3.000000,9.228287,-0.004998,0.000144,0.085353,-0.004493,-0.020874,0.256941,0.015959,0.467375,0.220294,0.018171,0.469048,-0.006320,0.207225
0.863000,-9.884228,0.020238,-2.716420,-9.337284,0.270961,-3.974648,3.974648,3.000000,9.341214,-0.004998,0.000145,0.087612,-0.003834,-0.021850,0.257798,0.015918,0.467164,0.220244,0.018172,0.469128,-0.006240,0.220757
0.873000,-9.872989,0.002548,-2.762172,-9.326044,0.253272,-4.020400,4.020400,3.000000,9.329483,-0.004998,0.000136,0.089652,-0.004897,-0.022243,0.258696,0.015869,0.466930,0.220195,0.018174,0.469168,-0.006200,0.229022
0.883000,-9.556661,-0.016597,-2.882069,-9.009716,0.234127,-4.140297,4.140297,3.000000,9.012758,-0.004998,0.000130,0.091334,-0.004149,-0.021323,0.259613,0.015824,0.466719,0.220145,0.018175,0.469368,-0.006000,0.228620
0.893000,-8.748944,-0.085845,-3.044509,-8.201999,0.164879,-4.302738,4.302738,3.000000,8.203657,-0.004999,0.000100,0.092244,-0.004288,-0.017372,0.260540,0.015778,0.466540,0.220095,0.018176,0.469568,-0.005800,0.201911
0.903000,-8.083395,-0.202797,-3.262665,-7.536451,0.047927,-4.520894,4.520894,3.000000,7.536603,-0.005000,0.000032,0.092877,-0.004892,-0.016951,0.261452,0.015730,0.466365,0.220045,0.018177,0.469768,-0.005600,0.205089
0.913000,-8.405228,-0.204041,-3.235076,-7.858284,0.046682,-4.493305,4.493305,3.000000,7.858423,-0.005000,0.000030,0.096209,-0.004681,-0.018499,0.262416,0.015684,0.466195,0.219995,0.018177,0.469968,-0.005400,0.224877
0.923000,-9.298430,-0.126286,-3.245645,-8.751486,0.124438,-4.503874,4.503874,3.000000,8.752370,-0.004999,0.000071,0.096963,-0.005210,-0.018890,0.263386,0.015632,0.466007,0.219945,0.018178,0.470168,-0.005200,0.235180
0.933000,-9.750500,-0.093052,-3.250621,-9.203555,0.157671,-4.508849,4.508849,3.000000,9.204906,-0.004999,0.000086,0.096767,-0.004904,-0.019472,0.264363,0.015582,0.465808,0.219895,0.018178,0.470368,-0.005000,0.247307
0.943000,-9.464712,-0.101818,-3.369117,-8.917768,0.148906,-4.627345,4.627345,3.000000,8.919011,-0.004999,0.000083,0.096782,-0.004686,-0.018014,0.265313,0.015536,0.465638,0.219845,0.018179,0.470568,-0.004800,0.241583
0.953000,-9.819152,-0.082035,-3.401321,-9.272208,0.168689,-4.659550,4.659550,3.000000,9.273742,-0.004999,0.000091,0.097637,-0.004334,-0.020275,0.266302,0.015491,0.465440,0.219795,0.018180,0.470768,-0.004600,0.267946
0.963000,-10.565645,-0.045327,-3.258763,-10.018701,0.205397,-4.516991,4.516991,3.000000,10.020806,-0.004999,0.000102,0.100053,-0.004462,-0.020220,0.267300,0.015444,0.465231,0.219745,0.018181,0.470968,-0.004400,0.274845
0.973000,-10.357682,-0.056213,-3.331129,-9.810738,0.194511,-4.589358,4.589358,3.000000,9.812666,-0.004999,0.000099,0.100874,-0.004869,-0.017997,0.268314,0.015398,0.465045,0.219695,0.018182,0.471168,-0.004200,0.262917
0.983000,-9.092883,-0.163498,-3.553232,-8.545938,0.087225,-4.811460,4.811460,3.000000,8.546383,-0.005000,0.000051,0.100968,-0.004123,-0.011581,0.269312,0.015357,0.464902,0.219645,0.018183,0.471368,-0.004000,0.214654
0.993000,-7.786586,-0.238892,-3.842734,-7.239642,0.011832,-5.100962,5.100962,3.000000,7.239652,-0.005000,0.000008,0.101339,-0.004279,-0.007166,0.270333,0.015316,0.464834,0.219595,0.018183,0.471568,-0.003800,0.182011
1.004000,-7.792871,-0.283715,-3.701074,-7.245927,-0.032991,-4.959302,4.959302,3.000000,7.246002,-0.005000,-0.000023,0.101733,-0.003988,-0.009589,0.271445,0.015271,0.464740,0.219540,0.018183,0.471788,-0.003580,0.208229
1.015000,-8.895535,-0.247812,-3.449549,-8.348591,0.002912,-4.707778,4.707778,3.000000,8.348591,-0.005000,0.000002,0.100372,-0.004945,-0.010807,0.272543,0.015228,0.464635,0.219485,0.018183,0.472008,-0.003360,0.224412
1.026000,-9.234748,-0.224462,-3.500999,-8.687804,0.026262,-4.759227,4.759227,3.000000,8.687843,-0.005000,0.000015,0.100904,-0.004804,-0.010766,0.273669,0.015187,0.464520,0.219430,0.018183,0.472228,-0.003140,0.230100
1.037000,-9.839639,-0.194003,-3.397525,-9.292694,0.056721,-4.655753,4.655753,3.000000,9.292868,-0.005000,0.000031,0.102011,-0.003547,-0.012642,0.274798,0.015149,0.464401,0.219375,0.018183,0.472448,-0.002920,0.252121
1.048000,-10.874713,-0.139896,-3.119046,-10.327769,0.110827,-4.377275,4.377275,3.000000,10.328363,-0.005000,0.000054,0.103419,-0.003845,-0.014803,0.275926,0.015105,0.464231,0.219320,0.018184,0.472668,-0.002700,0.277482
1.059000,-10.628387,-0.200368,-3.140468,-10.081443,0.050356,-4.398697,4.398697,3.000000,10.081568,-0.005000,0.000025,0.102109,-0.004297,-0.012482,0.277048,0.015065,0.464096,0.219265,0.018184,0.472888,-0.002480,0.264172
1.070000,-8.623707,-0.301107,-3.478178,-8.076762,-0.050384,-4.736407,4.736407,3.000000,8.076920,-0.005000,-0.000031,0.100004,-0.002608,-0.006299,0.278145,0.015034,0.464008,0.219210,0.018184,0.473108,-0.002260,0.217236
1.081000,-7.239593,-0.391232,-3.615259,-6.692648,-0.140509,-4.873488,4.873488,3.000000,6.694123,-0.004999,-0.000105,0.097408,-0.002834,-0.005690,0.279232,0.015002,0.463964,0.219155,0.018183,0.473328,-0.002040,0.216837
1.092000,-7.828075,-0.373664,-3.427300,-7.281131,-0.122941,-4.685528,4.685528,3.000000,7.282168,-0.004999,-0.000084,0.095788,-0.003029,-0.007807,0.280291,0.014973,0.463879,0.219100,0.018182,0.473548,-0.001820,0.240277
1.103000,-8.315067,-0.337592,-3.557212,-7.768122,-0.086868,-4.815441,4.815441,3.000000,7.768608,-0.005000,-0.000056,0.092660,-0.002065,-0.006128,0.281308,0.014948,0.463824,0.219045,0.018181,0.473768,-0.001600,0.230992
1.114000,-8.918315,-0.309749,-3.512586,-8.371370,-0.059026,-4.770814,4.770814,3.000000,8.371578,-0.005000,-0.000035,0.092518,-0.002489,-0.009327,0.282325,0.014926,0.463718,0.218990,0.018181,0.473988,-0.001380,0.264005
1.125000,-10.676638,-0.204434,-3.436794,-10.129694,0.046290,-4.695022,4.695022,3.000000,10.129800,-0.005000,0.000023,0.094327,-0.002176,-0.014322,0.283354,0.014905,0.463578,0.218935,0.018181,0.474208,-0.001160,0.312858
1.136000,-11.197535,-0.162475,-3.447948,-10.650591,0.088249,-4.706177,4.706177,3.000000,10.650956,-0.005000,0.000041,0.091284,-0.002032,-0.013992,0.284355,0.014883,0.463411,0.218880,0.018181,0.474428,-0.000940,0.317032
1.147000,-9.147224,-0.313199,-3.908706,-8.600280,-0.062475,-5.166934,5.166934,3.000000,8.600507,-0.005000,-0.000036,0.085762,-0.001450,-0.006313,0.285312,0.014867,0.463328,0.218825,0.018181,0.474648,-0.000720,0.257324
1.158000,-7.056904,-0.462280,-4.617958,-6.509959,-0.211556,-5.876187,5.876187,3.000000,6.513396,-0.004997,-0.000162,0.084283,-0.000765,-0.000135,0.286240,0.014859,0.463327,0.218770,0.018180,0.474868,-0.000500,0.208880
1.169000,-6.867224,-0.465587,-4.844760,-6.320280,-0.214863,-6.102988,6.102988,3.000000,6.323931,-0.004997,-0.000170,0.083228,-0.000232,0.003244,0.287147,0.014854,0.463341,0.218715,0.018178,0.475088,-0.000280,0.183915
1.180000,-7.157743,-0.485546,-4.986850,-6.610799,-0.234822,-6.245079,6.245079,3.000000,6.614968,-0.004997,-0.000177,0.081793,0.000726,0.008814,0.288062,0.014858,0.463448,0.218660,0.018177,0.475308,-0.000060,0.138690
1.191000,-8.212068,-0.402550,-4.738739,-7.665124,-0.151827,-5.996968,5.996968,3.000000,7.666628,-0.004999,-0.000099,0.081992,0.000171,0.005808,0.288957,0.014861,0.463519,0.218605,0.018175,0.475528,0.000160,0.166871
1.202000,-10.434528,-0.251757,-4.006349,-9.887584,-0.001033,-5.264577,5.264577,3.000000,9.887584,-0.005000,-0.000001,0.083981,-0.000459,-0.002825,0.289873,0.014862,0.463508,0.218550,0.018174,0.475748,0.000380,0.244296
1.213000,-11.334096,-0.179820,-3.585036,-10.787151,0.070904,-4.843265,4.843265,3.000000,10.787384,-0.005000,0.000033,0.082870,0.000575,-0.001613,0.290793,0.014868,0.463479,0.218495,0.018175,0.475968,0.000600,0.238488
1.224000,-9.445882,-0.242225,-3.716765,-8.898938,0.008499,-4.974994,4.974994,3.000000,8.898942,-0.005000,0.000005,0.078625,0.000560,0.005171,0.291656,0.014874,0.463526,0.218440,0.018175,0.476188,0.000820,0.184025
1.235000,-7.494826,-0.313093,-4.080335,-6.947881,-0.062370,-5.338564,5.338564,3.000000,6.948161,-0.005000,-0.000045,0.076089,0.001476,0.005629,0.292493,0.014885,0.463587,0.218385,0.018175,0.476408,0.001040,0.183007
1.246000,-7.169504,-0.253049,-3.684143,-6.622560,-0.002325,-4.942372,4.942372,3.000000,6.622560,-0.005000,-0.000002,0.076948,0.000971,0.006961,0.293327,0.014897,0.463656,0.218330,0.018174,0.476628,0.001260,0.174421
1.257000,-7.005414,-0.187602,-3.824796,-6.458470,0.063122,-5.083025,5.083025,3.000000,6.458778,-0.005000,0.000049,0.075716,0.001189,0.008519,0.294184,0.014910,0.463765,0.218275,0.018175,0.476848,0.001480,0.163200
1.268000,-8.348024,-0.091424,-3.858105,-7.801079,0.159300,-5.116334,5.116334,3.000000,7.802706,-0.004999,0.000102,0.079193,0.000651,0.005389,0.295041,0.014920,0.463824,0.218220,0.018175,0.477068,0.001700,0.192666
1.279000,-10.636073,0.013880,-4.069767,-10.089129,0.264604,-5.327996,5.327996,3.000000,10.092598,-0.004998,0.000131,0.083897,0.001295,0.004165,0.295937,0.014934,0.463869,0.218165,0.018177,0.477288,0.001920,0.206199
1.290000,-11.335213,0.023438,-4.621920,-10.788268,0.274161,-5.880148,5.880148,3.000000,10.791751,-0.004998,0.000127,0.086283,0.001946,0.014477,0.296896,0.014952,0.464000,0.218110,0.018178,0.477508,0.002140,0.120294
1.301000,-9.423087,-0.050635,-5.152038,-8.876143,0.200089,-6.410267,6.410267,3.000000,8.878398,-0.004999,0.000113,0.085019,0.001596,0.019574,0.297835,0.014971,0.464220,0.218055,0.018180,0.477728,0.002360,0.077050
1.312000,-7.822544,-0.051695,-4.365549,-7.275600,0.199029,-5.623777,5.623777,3.000000,7.278322,-0.004998,0.000137,0.083552,0.001603,0.016597,0.298753,0.014989,0.464404,0.218000,0.018181,0.477948,0.002580,0.102949
1.323000,-7.024757,-0.047755,-3.731456,-6.477813,0.202969,-4.989685,4.989685,3.000000,6.480992,-0.004998,0.000157,0.081484,0.001865,0.018230,0.299647,0.015006,0.464597,0.217945,0.018183,0.478168,0.002800,0.089588
1.334000,-6.345547,-0.092085,-3.769546,-5.798603,0.158638,-5.027775,5.027775,3.000000,5.800772,-0.004998,0.000137,0.081842,0.001347,0.015800,0.300542,0.015025,0.464799,0.217890,0.018184,0.478388,0.003020,0.110527
1.345000,-8.363604,0.002883,-3.222988,-7.816660,0.253607,-4.481217,4.481217,3.000000,7.820773,-0.004997,0.000162,0.085446,0.001579,0.011213,0.301472,0.015044,0.464937,0.217835,0.018186,0.478608,0.003240,0.150936
1.356000,-11.100821,0.125039,-2.845794,-10.553877,0.375763,-4.104022,4.104022,3.000000,10.560564,-0.004997,0.000178,0.089182,0.001115,0.005021,0.302446,0.015057,0.465006,0.217780,0.018188,0.478828,0.003460,0.206192
1.367000,-11.203171,0.092748,-3.007379,-10.656226,0.343472,-4.265607,4.265607,3.000000,10.661760,-0.004997,0.000161,0.087696,0.001341,0.010635,0.303405,0.015070,0.465093,0.217725,0.018189,0.479048,0.003680,0.160951
1.378000,-9.194186,-0.077450,-4.091905,-8.647242,0.173274,-5.350133,5.350133,3.000000,8.648978,-0.004999,0.000100,0.088094,0.001778,0.019780,0.304389,0.015086,0.465280,0.217670,0.018191,0.479268,0.003900,0.083942
1.389000,-7.616702,-0.131968,-4.920516,-7.069758,0.118756,-6.178744,6.178744,3.000000,7.070755,-0.004999,0.000084,0.087938,0.001107,0.026899,0.305357,0.015104,0.465561,0.217615,0.018192,0.479488,0.004120,0.022428
1.400000,-6.163901,-0.203924,-5.314716,-5.616956,0.046799,-6.572944,6.572944,3.000000,5.617151,-0.005000,0.000042,0.086566,0.001733,0.033190,0.306317,0.015125,0.465943,0.217560,0.018192,0.479708,0.004340,-0.033858
1.411000,-6.078005,-0.154726,-4.474587,-5.531060,0.095998,-5.732816,5.732816,3.000000,5.531893,-0.004999,0.000087,0.087327,0.001898,0.026581,0.307272,0.015151,0.466264,0.217505,0.018193,0.479928,0.004560,0.020405
1.422000,-8.748041,0.022162,-3.360536,-8.201097,0.272885,-4.618765,4.618765,3.000000,8.205635,-0.004997,0.000166,0.091777,0.002285,0.019427,0.308262,0.015174,0.466478,0.217450,0.018195,0.480148,0.004780,0.081206
1.433000,-10.699256,0.144500,-2.739291,-10.152312,0.395224,-3.997520,3.997520,3.000000,10.160002,-0.004996,0.000195,0.091461,0.000695,0.014040,0.309271,0.015189,0.466636,0.217395,0.018197,0.480348,0.004980,0.127679
1.444000,-9.804380,0.096113,-2.744214,-9.257436,0.346836,-4.002442,4.002442,3.000000,9.263930,-0.004996,0.000187,0.090004,0.001754,0.017125,0.310269,0.015205,0.466820,0.217340,0.018199,0.480368,0.005000,0.098542
1.455000,-8.309159,0.048211,-2.768416,-7.762215,0.298934,-4.026645,4.026645,3.000000,7.767969,-0.004996,0.000192,0.087809,0.000852,0.014981,0.311234,0.015214,0.466976,0.217285,0.018201,0.480588,0.005220,0.117890
1.466000,-7.121495,0.108059,-2.839148,-6.574551,0.358783,-4.097376,4.097376,3.000000,6.584333,-0.004993,0.000272,0.086046,0.000556,0.019920,0.312187,0.015222,0.467193,0.217230,0.018203,0.480628,0.005260,0.072797
1.477000,-5.642515,-0.032679,-3.997503,-5.095571,0.218045,-5.255732,5.255732,3.000000,5.100234,-0.004995,0.000214,0.087308,0.002060,0.029991,0.313124,0.015244,0.467521,0.217175,0.018206,0.480848,0.005480,-0.014598
1.488000,-6.946978,0.034847,-4.527595,-6.400033,0.285570,-5.785823,5.785823,3.000000,6.406401,-0.004995,0.000223,0.093621,0.003113,0.030688,0.314149,0.015268,0.467841,0.217120,0.018209,0.481068,0.005700,-0.022308
1.499000,-9.810964,0.143047,-3.959615,-9.264020,0.393771,-5.217843,5.217843,3.000000,9.272385,-0.004995,0.000212,0.097113,0.002520,0.020930,0.315212,0.015293,0.468101,0.217065,0.018211,0.481288,0.005920,0.059768
1.510000,-10.619183,0.177389,-2.985247,-10.072239,0.428113,-4.243476,4.243476,3.000000,10.081333,-0.004995,0.000212,0.095925,0.001637,0.018140,0.316275,0.015309,0.468297,0.217010,0.018213,0.481508,0.006140,0.083861
1.521000,-8.774128,0.028627,-2.948579,-8.227183,0.279350,-4.206808,4.206808,3.000000,8.231925,-0.004997,0.000170,0.092662,0.001123,0.022701,0.317303,0.015322,0.468540,0.216955,0.018216,0.481728,0.006360,0.044762
1.532000,-6.940969,-0.055069,-2.679118,-6.394024,0.195655,-3.937347,3.937347,3.000000,6.397017,-0.004998,0.000153,0.089217,-0.000280,0.020190,0.318292,0.015327,0.468762,0.216900,0.018217,0.481908,0.006540,0.065302
1.543000,-5.391455,-0.090093,-2.671744,-4.844511,0.160631,-3.929973,3.929973,3.000000,4.847173,-0.004997,0.000166,0.086838,0.000679,0.022596,0.319251,0.015331,0.469018,0.216846,0.018219,0.481908,0.006540,0.040274
1.554000,-5.081903,-0.096131,-2.766772,-4.534958,0.154593,-4.025001,4.025001,3.000000,4.537593,-0.004997,0.000170,0.087609,0.000915,0.023303,0.320189,0.015340,0.469287,0.216791,0.018221,0.482008,0.006640,0.031237
1.565000,-7.415132,-0.001352,-2.813447,-6.868187,0.249371,-4.071675,4.071675,3.000000,6.872713,-0.004997,0.000181,0.095151,0.001633,0.017837,0.321221,0.015355,0.469484,0.216736,0.018223,0.482228,0.006860,0.078034
1.576000,-10.248973,0.067860,-3.148127,-9.702029,0.318584,-4.406356,4.406356,3.000000,9.707258,-0.004997,0.000164,0.103773,0.000359,0.019808,0.322338,0.015366,0.469696,0.216681,0.018225,0.482448,0.007080,0.061448
1.587000,-10.549329,0.107066,-3.760294,-10.002384,0.357790,-5.018523,5.018523,3.000000,10.008781,-0.004997,0.000179,0.106330,0.000664,0.028051,0.323504,0.015373,0.469991,0.216626,0.018227,0.482668,0.007300,-0.009838
1.598000,-8.201330,-0.014655,-3.782149,-7.654386,0.236069,-5.040378,5.040378,3.000000,7.658025,-0.004998,0.000154,0.101259,0.000111,0.028556,0.324634,0.015375,0.470317,0.216571,0.018228,0.482888,0.007520,-0.016026
1.609000,-5.936639,-0.048244,-3.153038,-5.389695,0.202480,-4.411267,4.411267,3.000000,5.393497,-0.004996,0.000188,0.097948,-0.000354,0.024879,0.325714,0.015374,0.470609,0.216516,0.018230,0.483108,0.007740,0.013877
1.620000,-4.944762,-0.027039,-2.828048,-4.397817,0.223685,-4.086277,4.086277,3.000000,4.403502,-0.004994,0.000254,0.096615,-0.000211,0.029149,0.326780,0.015371,0.470915,0.216461,0.018233,0.483328,0.007960,-0.023914
1.631000,-5.154096,-0.013101,-2.560336,-4.607152,0.237623,-3.818564,3.818564,3.000000,4.613276,-0.004993,0.000258,0.098721,-0.000139,0.024990,0.327846,0.015370,0.471191,0.216406,0.018235,0.483448,0.008080,0.008578
1.642000,-7.568035,0.120447,-2.312875,-7.021091,0.371170,-3.571103,3.571103,3.000000,7.030895,-0.004993,0.000264,0.104686,-0.000540,0.016400,0.329009,0.015367,0.471404,0.216351,0.018238,0.483448,0.008080,0.077637
1.653000,-10.539908,0.250035,-1.614053,-9.992964,0.500759,-2.872282,2.872282,3.000000,10.005503,-0.004994,0.000250,0.107402,-0.000323,0.007767,0.330190,0.015364,0.471505,0.216296,0.018241,0.483448,0.008080,0.149066
1.664000,-11.165609,0.286132,-1.627471,-10.618664,0.536856,-2.885700,2.885700,3.000000,10.632227,-0.004994,0.000252,0.106254,-0.001281,0.008547,0.331357,0.015353,0.471582,0.216241,0.018244,0.483448,0.008080,0.141065
1.675000,-8.446711,0.159955,-2.759400,-7.899766,0.410679,-4.017629,4.017629,3.000000,7.910434,-0.004993,0.000260,0.104354,-0.001707,0.019977,0.332503,0.015337,0.471770,0.216186,0.018247,0.483468,0.008100,0.041040
1.686000,-5.562018,0.051105,-3.714799,-5.015074,0.301829,-4.973028,4.973028,3.000000,5.024148,-0.004991,0.000300,0.102481,-0.000587,0.027529,0.333628,0.015324,0.472053,0.216131,0.018250,0.483688,0.008320,-0.024162
1.697000,-4.893167,-0.037682,-3.951842,-4.346222,0.213041,-5.210071,5.210071,3.000000,4.351441,-0.004994,0.000245,0.101146,-0.001144,0.027485,0.334750,0.015320,0.472362,0.216076,0.018253,0.483908,0.008540,-0.025396
1.708000,-5.549941,0.048925,-3.298536,-5.002997,0.299649,-4.556765,4.556765,3.000000,5.011963,-0.004991,0.000299,0.100782,-0.000546,0.021681,0.335857,0.015317,0.472625,0.216021,0.018256,0.484128,0.008760,0.023076
1.719000,-7.356730,0.084016,-2.460559,-6.809786,0.334740,-3.718787,3.718787,3.000000,6.818008,-0.004994,0.000245,0.102744,-0.000619,0.013111,0.336964,0.015314,0.472813,0.215966,0.018259,0.484248,0.008880,0.094575
1.730000,-9.856227,0.213076,-1.830223,-9.309282,0.463800,-3.088452,3.088452,3.000000,9.320829,-0.004994,0.000249,0.106560,-0.000835,0.006545,0.338140,0.015300,0.472881,0.215912,0.018262,0.484248,0.008880,0.149064
1.741000,-11.196635,0.326927,-1.137615,-10.649691,0.577650,-2.395844,2.395844,3.000000,10.665345,-0.004993,0.000271,0.105989,-0.001713,-0.001217,0.339293,0.015275,0.472872,0.215857,0.018264,0.484248,0.008880,0.215089
1.752000,-9.788408,0.253436,-1.453947,-9.241464,0.504160,-2.712176,2.712176,3.000000,9.255206,-0.004993,0.000272,0.100759,-0.002946,0.003879,0.340441,0.015247,0.472896,0.215802,0.018267,0.484248,0.008880,0.171415
1.763000,-6.609013,0.095735,-2.113658,-6.062068,0.346459,-3.371886,3.371886,3.000000,6.071961,-0.004992,0.000285,0.096733,-0.001774,0.010378,0.341516,0.015228,0.472993,0.215747,0.018270,0.484248,0.008880,0.114522
1.774000,-4.746338,0.000229,-2.462226,-4.199394,0.250952,-3.720455,3.720455,3.000000,4.206886,-0.004991,0.000298,0.094235,-0.001602,0.009269,0.342555,0.015215,0.473112,0.215692,0.018274,0.484248,0.008880,0.121795
1.785000,-5.563197,0.027363,-2.410448,-5.016253,0.278087,-3.668676,3.668676,3.000000,5.023955,-0.004992,0.000277,0.095654,-0.001497,0.005494,0.343594,0.015203,0.473173,0.215637,0.018277,0.484248,0.008880,0.152735
1.796000,-7.332134,0.163109,-2.402561,-6.785190,0.413833,-3.660790,3.660790,3.000000,6.797798,-0.004991,0.000304,0.096224,-0.001274,0.002696,0.344649,0.015186,0.473209,0.215582,0.018280,0.484248,0.008880,0.175816
1.807000,-9.119606,0.238387,-2.575535,-8.572661,0.489110,-3.833764,3.833764,3.000000,8.586603,-0.004992,0.000285,0.098483,-0.001059,-0.000469,0.345712,0.015167,0.473222,0.215527,0.018283,0.484248,0.008880,0.202451
1.818000,-10.536314,0.308008,-2.770872,-9.989370,0.558732,-4.029101,4.029101,3.000000,10.004983,-0.004992,0.000279,0.098927,-0.001925,-0.001302,0.346812,0.015145,0.473205,0.215472,0.018286,0.484368,0.009000,0.211981
1.829000,-10.560631,0.355890,-2.505450,-10.013686,0.606614,-3.763679,3.763679,3.000000,10.032043,-0.004991,0.000302,0.097411,-0.002788,-0.001728,0.347886,0.015124,0.473177,0.215417,0.018289,0.484388,0.009020,0.216467
1.840000,-8.765105,0.310925,-2.487556,-8.218160,0.561649,-3.745785,3.745785,3.000000,8.237330,-0.004988,0.000341,0.089019,-0.001089,0.000001,0.348882,0.015113,0.473174,0.215362,0.018293,0.484388,0.009020,0.201844
1.851000,-6.160291,0.106489,-2.662584,-5.613347,0.357212,-3.920813,3.920813,3.000000,5.624701,-0.004990,0.000318,0.081940,-0.000518,0.003293,0.349801,0.015109,0.473204,0.215308,0.018297,0.484388,0.009020,0.173373
1.862000,-4.816477,0.036175,-2.924585,-4.269533,0.286899,-4.182814,4.182814,3.000000,4.279161,-0.004989,0.000335,0.079941,0.000178,0.003826,0.350682,0.015110,0.473263,0.215253,0.018300,0.484568,0.009200,0.171021
1.873000,-6.075148,0.036155,-2.470069,-5.528203,0.286879,-3.728298,3.728298,3.000000,5.535642,-0.004993,0.000259,0.083549,0.000022,-0.000967,0.351583,0.015104,0.473263,0.215198,0.018304,0.484668,0.009300,0.213488
1.884000,-8.323275,0.176829,-2.106530,-7.776331,0.427553,-3.364759,3.364759,3.000000,7.788076,-0.004992,0.000274,0.084502,-0.000769,-0.006616,0.352505,0.015090,0.473194,0.215143,0.018307,0.484668,0.009300,0.262665
1.895000,-9.562541,0.275469,-1.664518,-9.015596,0.526192,-2.922747,2.922747,3.000000,9.030939,-0.004992,0.000291,0.085167,-0.001734,-0.008617,0.353445,0.015074,0.473114,0.215088,0.018310,0.484668,0.009300,0.281096
1.906000,-10.023366,0.305157,-1.781274,-9.476422,0.555881,-3.039503,3.039503,3.000000,9.492712,-0.004991,0.000293,0.085400,-0.001473,-0.009595,0.354398,0.015060,0.473011,0.215033,0.018313,0.484668,0.009300,0.291244
1.917000,-10.048299,0.276286,-1.659368,-9.501355,0.527009,-2.917597,2.917597,3.000000,9.515959,-0.004992,0.000277,0.085964,-0.001005,-0.013324,0.355340,0.015048,0.472861,0.214978,0.018316,0.484668,0.009300,0.325583
1.928000,-8.889913,0.184426,-2.229646,-8.342968,0.435150,-3.487875,3.487875,3.000000,8.354309,-0.004993,0.000260,0.085191,-0.000849,-0.005988,0.356276,0.015036,0.472767,0.214923,0.018319,0.484668,0.009300,0.265018
1.939000,-6.623922,0.000068,-3.330700,-6.076977,0.250792,-4.588929,4.588929,3.000000,6.082150,-0.004996,0.000206,0.084237,-0.000514,0.002123,0.357202,0.015032,0.472788,0.214868,0.018322,0.484808,0.009440,0.198346
1.950000,-5.881132,-0.079080,-4.118109,-5.334187,0.171644,-5.376338,5.376338,3.000000,5.336948,-0.004997,0.000161,0.085441,0.000183,0.010536,0.358138,0.015030,0.472895,0.214813,0.018324,0.485028,0.009660,0.128996
1.961000,-6.810496,-0.029749,-4.154836,-6.263551,0.220975,-5.413065,5.413065,3.000000,6.267448,-0.004997,0.000176,0.088796,-0.001034,0.006805,0.359106,0.015020,0.472990,0.214758,0.018325,0.485248,0.009880,0.162906
1.972000,-8.518897,0.078333,-3.283251,-7.971953,0.329057,-4.541479,4.541479,3.000000,7.978741,-0.004996,0.000206,0.090396,-0.001448,0.003560,0.360076,0.015007,0.473045,0.214703,0.018327,0.485468,0.010100,0.193404
1.983000,-9.069870,0.157669,-2.596288,-8.522926,0.408393,-3.854517,3.854517,3.000000,8.532705,-0.004994,0.000239,0.090487,-0.001975,-0.000220,0.361072,0.014992,0.473047,0.214648,0.018330,0.485628,0.010260,0.228321
1.994000,-9.489448,0.226968,-2.305933,-8.942504,0.477692,-3.564161,3.564161,3.000000,8.955253,-0.004993,0.000267,0.091113,-0.001913,-0.001777,0.362086,0.014977,0.473009,0.214594,0.018333,0.485628,0.010260,0.242206
2.005000,-9.559220,0.256999,-1.997942,-9.012276,0.507723,-3.256171,3.256171,3.000000,9.026566,-0.004992,0.000281,0.092505,-0.001032,-0.004533,0.363103,0.014967,0.472960,0.214539,0.018336,0.485628,0.010260,0.266481
2.016000,-9.382854,0.227985,-2.008880,-8.835910,0.478709,-3.267109,3.267109,3.000000,8.848868,-0.004993,0.000270,0.094503,-0.001263,-0.002408,0.364134,0.014957,0.472911,0.214484,0.018339,0.485628,0.010260,0.249337
2.027000,-8.298915,0.132203,-2.328008,-7.751970,0.382927,-3.586236,3.586236,3.000000,7.761422,-0.004994,0.000247,0.095157,-0.002167,0.001117,0.365185,0.014948,0.472906,0.214429,0.018342,0.485628,0.010260,0.219506
2.038000,-7.054313,0.014022,-2.831068,-6.507369,0.264745,-4.089296,4.089296,3.000000,6.512752,-0.004996,0.000203,0.095722,-0.000953,0.004894,0.366232,0.014938,0.472958,0.214374,0.018344,0.485688,0.010320,0.187609
2.049000,-7.084301,-0.047065,-2.786806,-6.537356,0.203659,-4.045035,4.045035,3.000000,6.540528,-0.004998,0.000156,0.096064,-0.001984,0.001521,0.367281,0.014922,0.472984,0.214319,0.018346,0.485908,0.010540,0.219729
2.060000,-7.914177,0.058644,-2.824808,-7.367233,0.309368,-4.083037,4.083037,3.000000,7.373726,-0.004996,0.000210,0.097585,-0.001788,0.001648,0.368348,0.014894,0.472993,0.214264,0.018348,0.486128,0.010760,0.222439
2.071000,-8.546424,0.009253,-3.037342,-7.999480,0.259977,-4.295571,4.295571,3.000000,8.003703,-0.004997,0.000162,0.101711,-0.001953,0.005229,0.369453,0.014869,0.473054,0.214209,0.018350,0.486348,0.010980,0.194920
2.082000,-9.207834,0.021318,-3.385304,-8.660890,0.272042,-4.643533,4.643533,3.000000,8.665161,-0.004998,0.000157,0.105210,-0.002191,0.007160,0.370618,0.014849,0.473120,0.214154,0.018352,0.486568,0.011200,0.181311
2.093000,-10.246749,0.098338,-2.967013,-9.699805,0.349061,-4.225242,4.225242,3.000000,9.706084,-0.004997,0.000180,0.108693,-0.001906,0.002674,0.371807,0.014830,0.473164,0.214099,0.018354,0.486788,0.011420,0.222531
2.104000,-10.464966,0.097679,-2.206718,-9.918022,0.348403,-3.464947,3.464947,3.000000,9.924140,-0.004997,0.000176,0.106284,-0.001099,-0.001256,0.372986,0.014815,0.473146,0.214044,0.018356,0.486828,0.011460,0.256933
2.115000,-8.807772,0.030441,-2.292639,-8.260828,0.281165,-3.550867,3.550867,3.000000,8.265611,-0.004997,0.000170,0.103135,-0.001678,0.003544,0.374127,0.014793,0.473171,0.213989,0.018358,0.486828,0.011460,0.215748
2.126000,-6.546235,-0.089147,-2.647082,-5.999290,0.161577,-3.905310,3.905310,3.000000,6.001466,-0.004998,0.000135,0.101048,-0.001653,0.007122,0.375236,0.014771,0.473241,0.213934,0.018359,0.486828,0.011460,0.184130
2.137000,-6.049898,-0.165050,-2.609585,-5.502953,0.085674,-3.867813,3.867813,3.000000,5.503620,-0.004999,0.000078,0.102503,-0.002848,0.004846,0.376337,0.014745,0.473291,0.213879,0.018360,0.486828,0.011460,0.202542
2.148000,-7.496781,-0.032137,-2.122464,-6.949837,0.218587,-3.380693,3.380693,3.000000,6.953274,-0.004998,0.000157,0.103987,-0.002617,-0.001224,0.377489,0.014715,0.473300,0.213824,0.018362,0.486828,0.011460,0.253876
2.159000,-9.007825,0.062363,-1.590219,-8.460880,0.313087,-2.848447,2.848447,3.000000,8.466671,-0.004997,0.000185,0.107026,-0.001974,-0.003468,0.378649,0.014683,0.473258,0.213769,0.018364,0.486828,0.011460,0.273678
2.170000,-9.686054,0.117065,-1.696584,-9.139110,0.367789,-2.954813,2.954813,3.000000,9.146508,-0.004996,0.000201,0.108433,-0.001937,-0.007435,0.379857,0.014657,0.473202,0.213714,0.018366,0.486828,0.011460,0.308359
2.181000,-10.342251,0.148618,-1.548387,-9.795306,0.399342,-2.806616,2.806616,3.000000,9.803443,-0.004996,0.000204,0.107579,-0.003223,-0.010985,0.381038,0.014625,0.473084,0.213659,0.018368,0.486828,0.011460,0.340594
2.192000,-10.190905,0.109306,-1.842698,-9.643961,0.360030,-3.100927,3.100927,3.000000,9.650679,-0.004997,0.000187,0.105136,-0.002171,-0.011194,0.382200,0.014595,0.472952,0.213604,0.018370,0.486828,0.011460,0.344751
2.203000,-9.209715,0.076660,-2.504112,-8.662770,0.327383,-3.762340,3.762340,3.000000,8.668954,-0.004996,0.000189,0.104044,-0.002238,-0.004213,0.383343,0.014567,0.472874,0.213549,0.018372,0.486828,0.011460,0.286916
2.214000,-7.419168,-0.004726,-3.474518,-6.872224,0.245997,-4.732747,4.732747,3.000000,6.876625,-0.004997,0.000179,0.100387,-0.001803,0.001951,0.384452,0.014542,0.472891,0.213494,0.018374,0.487008,0.011640,0.237547
2.225000,-6.639545,-0.090234,-3.866088,-6.092601,0.160490,-5.124317,5.124317,3.000000,6.094714,-0.004998,0.000132,0.100178,-0.001097,0.004615,0.385546,0.014523,0.472947,0.213439,0.018376,0.487228,0.011860,0.217899
2.236000,-7.611146,-0.014062,-3.084452,-7.064202,0.236661,-4.342681,4.342681,3.000000,7.068165,-0.004997,0.000167,0.100539,-0.001986,-0.003443,0.386664,0.014499,0.472929,0.213384,0.018378,0.487448,0.012080,0.290550
2.247000,-8.679999,0.049516,-2.178457,-8.133055,0.300240,-3.436685,3.436685,3.000000,8.138595,-0.004997,0.000184,0.099748,-0.002053,-0.007175,0.387746,0.014470,0.472856,0.213329,0.018380,0.487508,0.012140,0.324612
2.258000,-9.288731,0.073532,-2.017619,-8.741787,0.324256,-3.275847,3.275847,3.000000,8.747798,-0.004997,0.000185,0.099135,-0.002863,-0.010350,0.388857,0.014443,0.472760,0.213274,0.018382,0.487508,0.012140,0.353291
2.269000,-9.763136,0.130195,-1.802587,-9.216192,0.380919,-3.060816,3.060816,3.000000,9.224060,-0.004996,0.000206,0.099987,-0.002805,-0.014494,0.389952,0.014416,0.472626,0.213219,0.018384,0.487508,0.012140,0.390855
2.280000,-10.742398,0.183985,-1.532802,-10.195453,0.434709,-2.791031,2.791031,3.000000,10.204717,-0.004995,0.000213,0.102810,-0.002940,-0.017545,0.391054,0.014387,0.472442,0.213165,0.018386,0.487508,0.012140,0.420055
2.291000,-10.508453,0.165772,-1.433987,-9.961509,0.416496,-2.692216,2.692216,3.000000,9.970212,-0.004996,0.000209,0.102312,-0.002947,-0.017438,0.392196,0.014355,0.472239,0.213110,0.018389,0.487508,0.012140,0.422808
2.302000,-8.775852,0.111138,-2.098009,-8.228908,0.361862,-3.356238,3.356238,3.000000,8.236860,-0.004995,0.000220,0.099328,-0.002829,-0.008904,0.393282,0.014330,0.472128,0.213055,0.018391,0.487508,0.012140,0.352395
2.313000,-7.021475,0.061269,-2.629032,-6.474531,0.311993,-3.887260,3.887260,3.000000,6.482043,-0.004994,0.000241,0.098503,-0.003771,-0.009251,0.394388,0.014299,0.472037,0.213000,0.018393,0.487508,0.012140,0.356966
2.324000,-6.988435,0.063106,-2.742415,-6.441490,0.313830,-4.000643,4.000643,3.000000,6.449131,-0.004994,0.000243,0.098367,-0.003459,-0.012186,0.395460,0.014269,0.471915,0.212945,0.018396,0.487628,0.012260,0.386226
2.335000,-8.073026,0.162172,-2.595166,-7.526082,0.412896,-3.853395,3.853395,3.000000,7.537399,-0.004992,0.000274,0.097321,-0.002808,-0.014479,0.396522,0.014236,0.471773,0.212890,0.018399,0.487628,0.012260,0.408251
2.346000,-9.336516,0.235724,-2.711879,-8.789572,0.486447,-3.970107,3.970107,3.000000,8.803023,-0.004992,0.000276,0.099445,-0.002052,-0.012666,0.397620,0.014205,0.471632,0.212835,0.018402,0.487628,0.012260,0.395401
2.357000,-10.503299,0.294405,-2.921441,-9.956355,0.545129,-4.179670,4.179670,3.000000,9.971267,-0.004993,0.000273,0.104305,-0.003377,-0.014166,0.398764,0.014176,0.471507,0.212780,0.018405,0.487828,0.012460,0.413982
2.368000,-11.314180,0.414148,-2.481310,-10.767235,0.664872,-3.739539,3.739539,3.000000,10.787743,-0.004990,0.000308,0.105121,-0.001840,-0.017129,0.399907,0.014153,0.471339,0.212725,0.018408,0.487928,0.012560,0.443940
2.379000,-10.627798,0.377481,-2.089653,-10.080854,0.628205,-3.347882,3.347882,3.000000,10.100408,-0.004990,0.000311,0.100878,-0.002557,-0.015494,0.401032,0.014127,0.471168,0.212670,0.018412,0.487928,0.012560,0.433153
2.390000,-8.588353,0.308675,-2.354658,-8.041408,0.559399,-3.612887,3.612887,3.000000,8.060842,-0.004988,0.000347,0.095987,-0.001772,-0.009696,0.402095,0.014108,0.471036,0.212615,0.018415,0.487928,0.012560,0.386329
2.401000,-6.399578,0.245317,-2.914013,-5.852633,0.496041,-4.172242,4.172242,3.000000,5.873617,-0.004982,0.000422,0.092101,-0.001096,-0.007187,0.403119,0.014086,0.470961,0.212561,0.018420,0.488048,0.012680,0.368544
2.412000,-6.459579,0.201773,-2.814871,-5.912634,0.452497,-4.073100,4.073100,3.000000,5.929924,-0.004985,0.000382,0.093376,-0.002671,-0.010832,0.404138,0.014063,0.470864,0.212506,0.018424,0.488268,0.012900,0.405179
2.423000,-8.182721,0.329880,-2.227646,-7.635777,0.580604,-3.485875,3.485875,3.000000,7.657819,-0.004986,0.000379,0.094670,-0.002490,-0.017286,0.405169,0.014040,0.470709,0.212451,0.018428,0.488288,0.012920,0.463097
2.434000,-9.711748,0.421359,-1.703960,-9.164803,0.672083,-2.962189,2.962189,3.000000,9.189413,-0.004987,0.000366,0.096357,-0.002376,-0.017205,0.406238,0.014011,0.470514,0.212396,0.018432,0.488288,0.012920,0.465918
2.445000,-10.507037,0.390273,-1.720577,-9.960093,0.640997,-2.978805,2.978805,3.000000,9.980698,-0.004990,0.000321,0.094946,-0.002396,-0.021079,0.407288,0.013990,0.470291,0.212341,0.018436,0.488288,0.012920,0.502794
2.456000,-11.075067,0.481859,-1.509814,-10.528123,0.732583,-2.768042,2.768042,3.000000,10.553580,-0.004988,0.000347,0.096308,-0.001952,-0.023916,0.408346,0.013964,0.470014,0.212286,0.018440,0.488288,0.012920,0.531861
2.467000,-10.542208,0.434781,-1.988827,-9.995264,0.685505,-3.247056,3.247056,3.000000,10.018743,-0.004988,0.000342,0.096235,-0.001740,-0.017523,0.409410,0.013938,0.469787,0.212231,0.018444,0.488288,0.012920,0.481692
2.478000,-8.488045,0.299844,-3.206652,-7.941100,0.550567,-4.464881,4.464881,3.000000,7.960163,-0.004988,0.000346,0.096889,-0.001707,-0.005031,0.410475,0.013919,0.469692,0.212177,0.018447,0.488388,0.013020,0.379215
2.489000,-6.677198,0.196705,-4.343621,-6.130254,0.447429,-5.601850,5.601850,3.000000,6.146560,-0.004987,0.000364,0.096391,-0.000934,0.002397,0.411533,0.013902,0.469711,0.212122,0.018451,0.488608,0.013240,0.319799
2.500000,-7.023976,0.244093,-4.038987,-6.477031,0.494817,-5.297215,5.297215,3.000000,6.495905,-0.004985,0.000381,0.097608,-0.001924,-0.001596,0.412600,0.013884,0.469714,0.212067,0.018456,0.488828,0.013460,0.357598
2.511000,-8.474706,0.377813,-2.768901,-7.927761,0.628536,-4.027130,4.027130,3.000000,7.952638,-0.004984,0.000395,0.096443,-0.001347,-0.009006,0.413661,0.013862,0.469607,0.212012,0.018460,0.489048,0.013680,0.426351
2.522000,-9.567673,0.465334,-2.201131,-9.020729,0.716058,-3.459360,3.459360,3.000000,9.049104,-0.004984,0.000396,0.097020,-0.001965,-0.010323,0.414742,0.013836,0.469507,0.211957,0.018464,0.489048,0.013680,0.439332
2.533000,-10.151846,0.514347,-2.006171,-9.604902,0.765071,-3.264400,3.264400,3.000000,9.635324,-0.004984,0.000397,0.097614,-0.003508,-0.015426,0.415810,0.013807,0.469359,0.211902,0.018469,0.489048,0.013680,0.485299
2.544000,-10.627430,0.576270,-1.783515,-10.080486,0.826994,-3.041744,3.041744,3.000000,10.114352,-0.004983,0.000409,0.096912,-0.002887,-0.017898,0.416846,0.013786,0.469178,0.211848,0.018473,0.489048,0.013680,0.509523
2.555000,-10.555512,0.629780,-1.668604,-10.008568,0.880504,-2.926832,2.926832,3.000000,10.047224,-0.004981,0.000438,0.094768,-0.002404,-0.016319,0.417908,0.013765,0.468974,0.211793,0.018478,0.489048,0.013680,0.499800
2.566000,-8.885358,0.551761,-2.284688,-8.338413,0.802485,-3.542917,3.542917,3.000000,8.376940,-0.004977,0.000479,0.090030,-0.001120,-0.010163,0.418915,0.013746,0.468844,0.211738,0.018483,0.489048,0.013680,0.449907
2.577000,-7.130872,0.367193,-3.107681,-6.583927,0.617916,-4.365910,4.365910,3.000000,6.612860,-0.004978,0.000467,0.087738,-0.000734,-0.005153,0.419881,0.013737,0.468777,0.211683,0.018488,0.489168,0.013800,0.410755
2.588000,-6.910984,0.309663,-3.608621,-6.364039,0.560387,-4.866850,4.866850,3.000000,6.388664,-0.004981,0.000439,0.089527,-0.002283,-0.004451,0.420860,0.013721,0.468750,0.211628,0.018493,0.489388,0.014020,0.409244
2.599000,-8.108256,0.445385,-3.734652,-7.561312,0.696109,-4.992881,4.992881,3.000000,7.593287,-0.004979,0.000458,0.093641,-0.002253,0.001139,0.421864,0.013702,0.468722,0.211574,0.018498,0.489608,0.014240,0.366283
2.610000,-9.368031,0.511491,-3.784529,-8.821086,0.762215,-5.042758,5.042758,3.000000,8.853956,-0.004981,0.000430,0.094223,-0.002853,-0.000101,0.422910,0.013676,0.468760,0.211519,0.018503,0.489828,0.014460,0.380075
2.621000,-10.380026,0.639403,-3.025791,-9.833081,0.890127,-4.284020,4.284020,3.000000,9.873288,-0.004980,0.000451,0.092152,-0.004371,-0.004520,0.423914,0.013637,0.468729,0.211464,0.018508,0.490048,0.014680,0.422098
2.632000,-11.024739,0.610971,-2.012199,-10.477795,0.861695,-3.270428,3.270428,3.000000,10.513168,-0.004983,0.000410,0.090657,-0.002403,-0.012657,0.424935,0.013608,0.468601,0.211409,0.018512,0.490108,0.014740,0.494528
2.643000,-10.205538,0.457455,-1.967922,-9.658594,0.708179,-3.226150,3.226150,3.000000,9.684521,-0.004987,0.000366,0.088227,-0.003041,-0.009269,0.425918,0.013585,0.468487,0.211354,0.018517,0.490108,0.014740,0.467827
2.654000,-7.913950,0.296161,-2.608527,-7.367006,0.546885,-3.866755,3.866755,3.000000,7.387277,-0.004986,0.000370,0.085913,-0.001910,-0.001523,0.426866,0.013565,0.468462,0.211300,0.018521,0.490108,0.014740,0.402545
2.665000,-6.332361,0.257310,-3.066618,-5.785417,0.508034,-4.324846,4.324846,3.000000,5.807680,-0.004981,0.000437,0.084761,-0.001432,0.002939,0.427795,0.013549,0.468489,0.211245,0.018525,0.490288,0.014920,0.367445
2.676000,-6.380499,0.258575,-2.785777,-5.833554,0.509299,-4.044005,4.044005,3.000000,5.855744,-0.004981,0.000435,0.083609,-0.000532,-0.002175,0.428721,0.013531,0.468481,0.211190,0.018530,0.490508,0.015140,0.414929
2.687000,-7.856940,0.341398,-2.537442,-7.309995,0.592121,-3.795671,3.795671,3.000000,7.333937,-0.004984,0.000404,0.085388,-0.001564,-0.002267,0.429659,0.013511,0.468444,0.211135,0.018534,0.490528,0.015160,0.416746
2.698000,-9.081367,0.366360,-3.028678,-8.534423,0.617084,-4.286907,4.286907,3.000000,8.556703,-0.004987,0.000361,0.089884,-0.001134,0.002312,0.430632,0.013498,0.468458,0.211080,0.018539,0.490668,0.015300,0.380165
2.709000,-10.266238,0.417725,-3.391862,-9.719294,0.668448,-4.650091,4.650091,3.000000,9.742253,-0.004988,0.000343,0.093094,-0.001822,0.003435,0.431627,0.013479,0.468495,0.211025,0.018542,0.490888,0.015520,0.373924
2.720000,-11.175956,0.547939,-2.761534,-10.629012,0.798663,-4.019763,4.019763,3.000000,10.658975,-0.004986,0.000375,0.092892,-0.001993,-0.003909,0.432652,0.013455,0.468478,0.210971,0.018547,0.491108,0.015740,0.440509
2.731000,-10.345498,0.544452,-1.913460,-9.798553,0.795176,-3.171688,3.171688,3.000000,9.830766,-0.004984,0.000404,0.089661,-0.000983,-0.004927,0.433672,0.013442,0.468427,0.210916,0.018551,0.491108,0.015740,0.450055
2.742000,-8.117262,0.391412,-2.360858,-7.570318,0.642136,-3.619087,3.619087,3.000000,7.597503,-0.004982,0.000423,0.085668,-0.000565,0.005405,0.434629,0.013429,0.468452,0.210861,0.018555,0.491108,0.015740,0.361950
2.753000,-5.919069,0.317010,-2.897672,-5.372125,0.567734,-4.155901,4.155901,3.000000,5.402041,-0.004972,0.000525,0.084383,-0.000938,0.007789,0.435553,0.013417,0.468528,0.210806,0.018561,0.491248,0.015880,0.342863
2.764000,-5.895775,0.288837,-2.703008,-5.348831,0.539561,-3.961236,3.961236,3.000000,5.375976,-0.004975,0.000502,0.084766,-0.000858,0.002031,0.436478,0.013409,0.468578,0.210752,0.018566,0.491448,0.016080,0.394426
2.775000,-7.778659,0.378032,-1.936553,-7.231715,0.628756,-3.194782,3.194782,3.000000,7.258997,-0.004981,0.000433,0.085024,-0.001327,-0.004886,0.437420,0.013396,0.468550,0.210697,0.018571,0.491448,0.016080,0.453620
2.786000,-9.322899,0.498595,-1.679719,-8.775955,0.749319,-2.937948,2.937948,3.000000,8.807886,-0.004982,0.000425,0.086653,-0.001525,-0.004501,0.438363,0.013381,0.468482,0.210642,0.018576,0.491448,0.016080,0.451576
2.797000,-10.117546,0.426670,-2.496868,-9.570602,0.677393,-3.755096,3.755096,3.000000,9.594544,-0.004988,0.000353,0.089360,-0.000440,-0.002905,0.439319,0.013372,0.468471,0.210587,0.018580,0.491448,0.016080,0.438233
2.808000,-10.476667,0.483508,-3.067616,-9.929722,0.734232,-4.325845,4.325845,3.000000,9.956831,-0.004986,0.000369,0.093102,-0.001458,0.003482,0.440342,0.013350,0.468506,0.210532,0.018584,0.491568,0.016200,0.385569
2.819000,-10.531258,0.506586,-2.686222,-9.984314,0.757309,-3.944450,3.944450,3.000000,10.012994,-0.004986,0.000378,0.092082,-0.001807,0.001809,0.441361,0.013336,0.468518,0.210477,0.018588,0.491748,0.016380,0.402794
2.830000,-8.618138,0.427935,-2.397017,-8.071193,0.678659,-3.655246,3.655246,3.000000,8.099675,-0.004982,0.000419,0.086425,-0.000631,0.003602,0.442326,0.013324,0.468548,0.210423,0.018593,0.491748,0.016380,0.387026
2.841000,-6.273690,0.323984,-2.784138,-5.726746,0.574708,-4.042366,4.042366,3.000000,5.755511,-0.004975,0.000499,0.083537,-0.000800,0.010678,0.443250,0.013311,0.468656,0.210368,0.018598,0.491788,0.016420,0.325769
2.852000,-5.337914,0.308166,-2.982424,-4.790970,0.558890,-4.240653,4.240653,3.000000,4.823458,-0.004966,0.000579,0.082302,-0.002409,0.009679,0.444155,0.013295,0.468772,0.210313,0.018604,0.492008,0.016640,0.336108
2.863000,-6.850775,0.495436,-2.215741,-6.303831,0.746160,-3.473969,3.473969,3.000000,6.347837,-0.004965,0.000588,0.085417,-0.002255,0.002365,0.445080,0.013277,0.468829,0.210259,0.018610,0.492088,0.016720,0.398581
2.874000,-8.870257,0.620761,-1.484582,-8.323313,0.871485,-2.742811,2.742811,3.000000,8.368813,-0.004973,0.000521,0.086344,-0.002908,-0.002835,0.446018,0.013250,0.468783,0.210204,0.018616,0.492088,0.016720,0.443549
2.885000,-9.772362,0.667051,-1.457438,-9.225418,0.917775,-2.715667,2.715667,3.000000,9.270957,-0.004975,0.000495,0.086163,-0.003365,-0.004347,0.446979,0.013220,0.468718,0.210149,0.018622,0.492088,0.016720,0.457535
2.896000,-10.068148,0.698210,-2.228368,-9.521204,0.948934,-3.486597,3.486597,3.000000,9.568375,-0.004975,0.000496,0.087291,-0.002366,-0.000984,0.447926,0.013189,0.468706,0.210094,0.018627,0.492088,0.016720,0.429233
2.907000,-10.008911,0.735793,-2.656834,-9.461967,0.986517,-3.915063,3.915063,3.000000,9.513255,-0.004973,0.000518,0.089255,-0.003791,0.004514,0.448907,0.013145,0.468734,0.210040,0.018633,0.492088,0.016720,0.382060
2.918000,-9.349081,0.672565,-2.883631,-8.802137,0.923289,-4.141860,4.141860,3.000000,8.850428,-0.004973,0.000522,0.088135,-0.003853,0.004871,0.449883,0.013107,0.468793,0.209985,0.018638,0.492288,0.016920,0.381580
2.929000,-7.750467,0.651396,-2.611379,-7.203523,0.902120,-3.869608,3.869608,3.000000,7.259791,-0.004961,0.000621,0.084032,-0.001892,0.005519,0.450817,0.013073,0.468855,0.209930,0.018645,0.492408,0.017040,0.377110
2.940000,-6.436869,0.518002,-2.609233,-5.889925,0.768726,-3.867462,3.867462,3.000000,5.939879,-0.004958,0.000647,0.081742,-0.002459,0.010876,0.451726,0.013040,0.468950,0.209876,0.018652,0.492408,0.017040,0.329957
2.951000,-6.245628,0.437979,-2.562663,-5.698684,0.688703,-3.820892,3.820892,3.000000,5.740149,-0.004964,0.000600,0.082337,-0.002687,0.004782,0.452614,0.013013,0.469038,0.209821,0.018658,0.492448,0.017080,0.380794
2.962000,-7.650437,0.575921,-1.677627,-7.103493,0.826645,-2.935856,2.935856,3.000000,7.151430,-0.004966,0.000578,0.082761,-0.004308,-0.001750,0.453532,0.012974,0.469007,0.209767,0.018665,0.492448,0.017080,0.436778
2.973000,-8.879203,0.651548,-1.164331,-8.332258,0.902271,-2.422560,2.422560,3.000000,8.380968,-0.004971,0.000538,0.083239,-0.004355,-0.005141,0.454450,0.012937,0.468950,0.209712,0.018671,0.492448,0.017080,0.466578
2.984000,-9.498754,0.681223,-1.143842,-8.951809,0.931947,-2.402071,2.402071,3.000000,9.000190,-0.004973,0.000518,0.081208,-0.002814,-0.008287,0.455345,0.012898,0.468859,0.209657,0.018677,0.492448,0.017080,0.494921
2.995000,-9.714991,0.651252,-1.695938,-9.168047,0.901976,-2.954167,2.954167,3.000000,9.212309,-0.004976,0.000490,0.081531,-0.004551,-0.004567,0.456243,0.012850,0.468815,0.209603,0.018682,0.492448,0.017080,0.464149
3.006000,-9.834798,0.609879,-2.233802,-9.287853,0.860603,-3.492031,3.492031,3.000000,9.327639,-0.004979,0.000461,0.085513,-0.003736,-0.002638,0.457181,0.012805,0.468753,0.209548,0.018688,0.492448,0.017080,0.448886
3.017000,-9.289905,0.570813,-3.034380,-8.742960,0.821537,-4.292609,4.292609,3.000000,8.781474,-0.004978,0.000468,0.086211,-0.003244,0.004696,0.458124,0.012764,0.468810,0.209493,0.018693,0.492528,0.017160,0.387072
3.028000,-7.915433,0.508127,-2.946388,-7.368489,0.758851,-4.204617,4.204617,3.000000,7.407461,-0.004974,0.000512,0.082773,-0.002963,0.009685,0.459054,0.012725,0.468892,0.209438,0.018698,0.492748,0.017380,0.347230
3.039000,-6.400519,0.346901,-2.857491,-5.853575,0.597625,-4.115720,4.115720,3.000000,5.884003,-0.004974,0.000508,0.079363,-0.001323,0.007945,0.459923,0.012703,0.468975,0.209384,0.018704,0.492968,0.017600,0.364454
3.050000,-5.892404,0.310323,-2.761828,-5.345460,0.561047,-4.020056,4.020056,3.000000,5.374822,-0.004973,0.000522,0.079396,-0.002433,0.008170,0.460807,0.012674,0.469076,0.209329,0.018709,0.493188,0.017820,0.364687
3.061000,-7.091701,0.440553,-2.063426,-6.544757,0.691277,-3.321655,3.321655,3.000000,6.581163,-0.004972,0.000525,0.080546,-0.002916,0.000965,0.461690,0.012642,0.469095,0.209274,0.018715,0.493188,0.017820,0.425486
3.072000,-8.831194,0.549328,-1.369151,-8.284250,0.800051,-2.627380,2.627380,3.000000,8.322792,-0.004977,0.000481,0.081524,-0.002793,-0.004209,0.462581,0.012610,0.469048,0.209219,0.018720,0.493188,0.017820,0.470240
3.083000,-9.608887,0.641880,-1.185745,-9.061943,0.892604,-2.443974,2.443974,3.000000,9.105798,-0.004976,0.000490,0.081918,-0.003280,-0.005889,0.463487,0.012567,0.468987,0.209165,0.018726,0.493188,0.017820,0.485587
3.094000,-9.845455,0.663134,-1.386281,-9.298511,0.913857,-2.644509,2.644509,3.000000,9.343310,-0.004976,0.000489,0.080156,-0.002557,-0.006187,0.464368,0.012529,0.468905,0.209110,0.018731,0.493188,0.017820,0.489594
3.105000,-9.582040,0.623124,-1.986488,-9.035096,0.873848,-3.244717,3.244717,3.000000,9.077255,-0.004977,0.000481,0.081066,-0.003250,-0.003377,0.465246,0.012490,0.468883,0.209055,0.018736,0.493188,0.017820,0.466149
3.116000,-9.087046,0.646549,-2.714601,-8.540102,0.897272,-3.972830,3.972830,3.000000,8.587108,-0.004973,0.000522,0.082068,-0.003086,0.004268,0.466157,0.012448,0.468883,0.209000,0.018742,0.493188,0.017820,0.401280
3.127000,-8.207310,0.526900,-3.336440,-7.660365,0.777624,-4.594669,4.594669,3.000000,7.699733,-0.004974,0.000505,0.083051,-0.003320,0.008109,0.467061,0.012415,0.468974,0.208946,0.018748,0.493408,0.018040,0.371001
3.138000,-7.210831,0.399526,-3.076540,-6.663887,0.650250,-4.334769,4.334769,3.000000,6.695537,-0.004976,0.000486,0.080926,-0.001269,0.007897,0.467965,0.012396,0.469073,0.208891,0.018753,0.493628,0.018260,0.374976
3.149000,-6.915288,0.297515,-2.583424,-6.368343,0.548238,-3.841653,3.841653,3.000000,6.391898,-0.004982,0.000429,0.078995,-0.001900,0.004140,0.468832,0.012380,0.469149,0.208836,0.018758,0.493768,0.018400,0.408002
3.160000,-7.398958,0.420912,-2.108942,-6.852013,0.671636,-3.367171,3.367171,3.000000,6.884852,-0.004976,0.000488,0.079575,-0.002123,0.000160,0.469703,0.012357,0.469181,0.208781,0.018763,0.493768,0.018400,0.441204
3.171000,-8.253898,0.532822,-1.398349,-7.706953,0.783546,-2.656578,2.656578,3.000000,7.746681,-0.004974,0.000506,0.078940,-0.002118,-0.003597,0.470557,0.012333,0.469150,0.208727,0.018769,0.493768,0.018400,0.473638
3.182000,-9.068402,0.610294,-1.124074,-8.521457,0.861017,-2.382302,2.382302,3.000000,8.564846,-0.004975,0.000503,0.080076,-0.002772,-0.007348,0.471428,0.012304,0.469091,0.208672,0.018774,0.493768,0.018400,0.506533
3.193000,-9.539327,0.671664,-1.101264,-8.992383,0.922388,-2.359493,2.359493,3.000000,9.039566,-0.004974,0.000510,0.078509,-0.004050,-0.007495,0.472310,0.012266,0.469012,0.208617,0.018780,0.493768,0.018400,0.509203
3.204000,-9.786165,0.692000,-1.334738,-9.239221,0.942724,-2.592967,2.592967,3.000000,9.287192,-0.004974,0.000508,0.078334,-0.003736,-0.008491,0.473173,0.012234,0.468912,0.208563,0.018785,0.493768,0.018400,0.519459
3.215000,-9.867626,0.665227,-1.961689,-9.320682,0.915951,-3.219918,3.219918,3.000000,9.365579,-0.004976,0.000489,0.079747,-0.002642,-0.004115,0.474039,0.012204,0.468849,0.208508,0.018791,0.493768,0.018400,0.483448
3.226000,-9.158011,0.597730,-2.875547,-8.611067,0.848454,-4.133776,4.133776,3.000000,8.652765,-0.004976,0.000490,0.081716,-0.002488,0.006919,0.474950,0.012177,0.468885,0.208453,0.018796,0.493808,0.018440,0.389905
3.237000,-8.029868,0.402252,-3.319304,-7.482923,0.652975,-4.577532,4.577532,3.000000,7.511359,-0.004981,0.000435,0.081309,-0.001261,0.010257,0.475852,0.012167,0.468992,0.208398,0.018801,0.494028,0.018660,0.363601
3.248000,-6.892295,0.379071,-3.026576,-6.345351,0.629795,-4.284804,4.284804,3.000000,6.376528,-0.004976,0.000494,0.077986,-0.001108,0.010538,0.476722,0.012158,0.469102,0.208344,0.018806,0.494248,0.018880,0.363207
3.259000,-6.572248,0.342120,-2.565985,-6.025304,0.592843,-3.824213,3.824213,3.000000,6.054399,-0.004976,0.000490,0.077146,-0.002180,0.007053,0.477550,0.012141,0.469171,0.208289,0.018812,0.494388,0.019020,0.394063
3.270000,-7.455505,0.407409,-1.951266,-6.908561,0.658132,-3.209495,3.209495,3.000000,6.939838,-0.004977,0.000474,0.078420,-0.002239,0.001165,0.478426,0.012119,0.469201,0.208234,0.018817,0.494388,0.019020,0.443478
3.281000,-8.685634,0.387718,-1.284693,-8.138689,0.638442,-2.542922,2.542922,3.000000,8.163692,-0.004985,0.000391,0.079165,-0.002103,-0.002426,0.479291,0.012098,0.469173,0.208179,0.018822,0.494388,0.019020,0.474447
3.292000,-9.552826,0.492549,-1.056178,-9.005882,0.743273,-2.314407,2.314407,3.000000,9.036502,-0.004983,0.000411,0.080206,-0.002401,-0.006103,0.480171,0.012073,0.469111,0.208125,0.018826,0.494388,0.019020,0.506760
3.303000,-9.926609,0.565893,-1.099838,-9.379665,0.816617,-2.358067,2.358067,3.000000,9.415146,-0.004981,0.000434,0.078548,-0.001242,-0.007919,0.481028,0.012048,0.469036,0.208070,0.018831,0.494388,0.019020,0.523529
3.314000,-9.550031,0.485166,-1.637716,-9.003087,0.735890,-2.895945,2.895945,3.000000,9.033112,-0.004983,0.000407,0.077917,-0.001816,-0.004077,0.481893,0.012028,0.468976,0.208015,0.018836,0.494388,0.019020,0.492013
3.325000,-9.133289,0.468844,-2.240809,-8.586344,0.719568,-3.499038,3.499038,3.000000,8.616443,-0.004983,0.000418,0.078087,-0.001646,0.000059,0.482753,0.012009,0.468957,0.207960,0.018840,0.494388,0.019020,0.457259
3.336000,-8.285862,0.441869,-3.102844,-7.738918,0.692592,-4.361073,4.361073,3.000000,7.769848,-0.004980,0.000446,0.079688,-0.000393,0.008628,0.483610,0.011993,0.469039,0.207905,0.018845,0.494488,0.019120,0.384865
3.347000,-7.516421,0.387032,-3.368120,-6.969476,0.637755,-4.626349,4.626349,3.000000,6.998595,-0.004979,0.000456,0.079219,-0.002233,0.013242,0.484499,0.011976,0.469159,0.207851,0.018850,0.494708,0.019340,0.347517
3.358000,-6.952263,0.399959,-2.802116,-6.405319,0.650683,-4.060344,4.060344,3.000000,6.438284,-0.004974,0.000505,0.075855,-0.001298,0.007434,0.485342,0.011962,0.469243,0.207796,0.018855,0.494928,0.019560,0.399246
3.369000,-7.031368,0.383023,-2.221608,-6.484424,0.633747,-3.479837,3.479837,3.000000,6.515320,-0.004976,0.000486,0.075677,-0.001584,0.003860,0.486173,0.011944,0.469298,0.207741,0.018861,0.494948,0.019580,0.428946
3.380000,-7.672246,0.450900,-1.748499,-7.125302,0.701624,-3.006728,3.006728,3.000000,7.159763,-0.004976,0.000490,0.075604,-0.002059,-0.000927,0.486991,0.011923,0.469303,0.207686,0.018866,0.494948,0.019580,0.469462
3.391000,-8.472601,0.541761,-1.178857,-7.925657,0.792485,-2.437086,2.437086,3.000000,7.965178,-0.004975,0.000497,0.075382,-0.002432,-0.003945,0.487816,0.011900,0.469263,0.207632,0.018871,0.494948,0.019580,0.495811
3.402000,-9.193611,0.501355,-0.936334,-8.646666,0.752078,-2.194563,2.194563,3.000000,8.679312,-0.004981,0.000433,0.075997,-0.001574,-0.007424,0.488666,0.011878,0.469191,0.207577,0.018877,0.494948,0.019580,0.526613
3.413000,-9.398034,0.497961,-1.049875,-8.851090,0.748684,-2.308103,2.308103,3.000000,8.882698,-0.004982,0.000421,0.073309,-0.002231,-0.007875,0.489475,0.011857,0.469125,0.207522,0.018881,0.494948,0.019580,0.531639
3.424000,-9.359108,0.440596,-1.401163,-8.812164,0.691320,-2.659392,2.659392,3.000000,8.839240,-0.004985,0.000391,0.072905,-0.002447,-0.007970,0.490289,0.011840,0.469012,0.207467,0.018886,0.494948,0.019580,0.534464
3.435000,-9.418300,0.505395,-1.839941,-8.871356,0.756119,-3.098170,3.098170,3.000000,8.903520,-0.004982,0.000425,0.075050,-0.002653,-0.004826,0.491095,0.011820,0.468943,0.207412,0.018890,0.494948,0.019580,0.509045
3.446000,-8.746444,0.425842,-2.659476,-8.199499,0.676566,-3.917704,3.917704,3.000000,8.227365,-0.004983,0.000411,0.075621,-0.001002,0.005255,0.491936,0.011801,0.468965,0.207358,0.018895,0.494948,0.019580,0.423096
3.457000,-7.695467,0.308986,-3.187346,-7.148523,0.559710,-4.445574,4.445574,3.000000,7.170401,-0.004985,0.000390,0.076034,-0.000936,0.008004,0.492776,0.011788,0.469051,0.207303,0.018899,0.495148,0.019780,0.401837
3.468000,-6.789513,0.289407,-2.842314,-6.242569,0.540131,-4.100543,4.100543,3.000000,6.265892,-0.004981,0.000431,0.074103,-0.001871,0.008269,0.493597,0.011770,0.469140,0.207248,0.018904,0.495368,0.020000,0.401938
3.479000,-6.631916,0.269780,-2.478649,-6.084972,0.520504,-3.736878,3.736878,3.000000,6.107193,-0.004982,0.000426,0.072157,-0.001775,0.003929,0.494373,0.011752,0.469200,0.207193,0.018908,0.495448,0.020080,0.439124
3.490000,-7.038340,0.271472,-2.140649,-6.491396,0.522196,-3.398877,3.398877,3.000000,6.512366,-0.004984,0.000401,0.073643,-0.001429,0.002032,0.495188,0.011732,0.469244,0.207138,0.018913,0.495448,0.020080,0.454423
3.501000,-8.455868,0.315840,-1.426038,-7.908923,0.566564,-2.684267,2.684267,3.000000,7.929190,-0.004987,0.000357,0.073443,-0.001771,-0.003392,0.496002,0.011707,0.469215,0.207084,0.018917,0.495448,0.020080,0.500973
3.512000,-9.241920,0.402665,-1.136955,-8.694976,0.653389,-2.395184,2.395184,3.000000,8.719491,-0.004986,0.000375,0.074996,-0.002314,-0.003313,0.496825,0.011680,0.469163,0.207029,0.018921,0.495448,0.020080,0.501238
3.523000,-9.508673,0.435193,-1.092193,-8.961729,0.685917,-2.350422,2.350422,3.000000,8.987940,-0.004985,0.000382,0.074391,-0.001818,-0.005510,0.497645,0.011655,0.469100,0.206974,0.018925,0.495448,0.020080,0.521017
3.534000,-9.369835,0.388464,-1.502979,-8.822891,0.639188,-2.761208,2.761208,3.000000,8.846014,-0.004987,0.000361,0.071406,-0.002835,-0.005578,0.498442,0.011632,0.469044,0.206919,0.018929,0.495448,0.020080,0.522605
3.545000,-9.057908,0.423562,-2.013349,-8.510964,0.674286,-3.271578,3.271578,3.000000,8.537632,-0.004984,0.000395,0.073183,-0.001991,-0.002403,0.499240,0.011614,0.469014,0.206864,0.018933,0.495448,0.020080,0.496203
3.556000,-8.992806,0.402973,-2.536688,-8.445862,0.653697,-3.794917,3.794917,3.000000,8.471121,-0.004985,0.000386,0.074064,-0.001652,0.002560,0.500057,0.011596,0.469035,0.206809,0.018938,0.495448,0.020080,0.453713
3.567000,-8.592964,0.332094,-3.138913,-8.046020,0.582818,-4.397141,4.397141,3.000000,8.067101,-0.004987,0.000361,0.076449,-0.000920,0.009042,0.500892,0.011581,0.469122,0.206754,0.018942,0.495608,0.020240,0.400013
3.578000,-7.994294,0.308734,-3.004792,-7.447349,0.559458,-4.263021,4.263021,3.000000,7.468334,-0.004986,0.000375,0.073762,-0.001912,0.010577,0.501719,0.011559,0.469223,0.206700,0.018946,0.495828,0.020460,0.389136
3.589000,-7.290057,0.251672,-2.636545,-6.743113,0.502396,-3.894774,3.894774,3.000000,6.761802,-0.004986,0.000371,0.072596,-0.001396,0.008023,0.502523,0.011543,0.469310,0.206645,0.018950,0.495988,0.020620,0.412119
3.600000,-6.932657,0.237926,-2.537320,-6.385713,0.488650,-3.795549,3.795549,3.000000,6.404382,-0.004985,0.000381,0.071940,-0.001661,0.009289,0.503311,0.011524,0.469406,0.206590,0.018954,0.495988,0.020620,0.399662
3.611000,-7.574836,0.245720,-2.007631,-7.027892,0.496444,-3.265860,3.265860,3.000000,7.045404,-0.004988,0.000352,0.072923,-0.001412,0.001842,0.504113,0.011500,0.469451,0.206535,0.018958,0.495988,0.020620,0.462031
3.622000,-8.450552,0.223535,-1.463279,-7.903608,0.474259,-2.721507,2.721507,3.000000,7.917824,-0.004991,0.000299,0.073281,-0.001920,0.000024,0.504916,0.011479,0.469453,0.206480,0.018962,0.495988,0.020620,0.477428
3.633000,-9.229399,0.303358,-1.082421,-8.682455,0.554082,-2.340650,2.340650,3.000000,8.700117,-0.004990,0.000318,0.072833,-0.002088,-0.003011,0.505720,0.011454,0.469417,0.206425,0.018965,0.495988,0.020620,0.503835
3.644000,-9.458210,0.346886,-1.299074,-8.911265,0.597610,-2.557302,2.557302,3.000000,8.931281,-0.004989,0.000335,0.071943,-0.000748,-0.002013,0.506504,0.011431,0.469385,0.206370,0.018969,0.495988,0.020620,0.495926
3.655000,-9.441837,0.292612,-1.838744,-8.894893,0.543335,-3.096973,3.096973,3.000000,8.911472,-0.004991,0.000305,0.071913,-0.002281,0.000303,0.507301,0.011406,0.469377,0.206316,0.018972,0.495988,0.020620,0.476417
3.666000,-9.563803,0.294490,-2.285461,-9.016859,0.545213,-3.543690,3.543690,3.000000,9.033327,-0.004991,0.000302,0.074237,-0.002232,0.001759,0.508108,0.011383,0.469391,0.206261,0.018976,0.495988,0.020620,0.463810
3.677000,-9.616347,0.266352,-2.679229,-9.069403,0.517076,-3.937458,3.937458,3.000000,9.084131,-0.004992,0.000285,0.076500,-0.001666,0.007386,0.508947,0.011363,0.469462,0.206206,0.018979,0.495988,0.020620,0.414787
3.688000,-8.747045,0.222742,-2.688248,-8.200101,0.473465,-3.946477,3.946477,3.000000,8.213758,-0.004992,0.000288,0.075163,-0.003179,0.010259,0.509772,0.011345,0.469554,0.206151,0.018982,0.496088,0.020720,0.390564
3.699000,-7.378172,0.142218,-2.653959,-6.831228,0.392941,-3.912188,3.912188,3.000000,6.842520,-0.004992,0.000287,0.070294,-0.000889,0.010628,0.510570,0.011330,0.469667,0.206096,0.018985,0.496088,0.020720,0.385397
3.710000,-6.610686,0.073677,-2.597003,-6.063742,0.324401,-3.855231,3.855231,3.000000,6.072413,-0.004993,0.000267,0.070387,-0.001784,0.012085,0.511339,0.011308,0.469778,0.206041,0.018988,0.496088,0.020720,0.371039
3.721000,-6.563319,0.082790,-2.561868,-6.016374,0.333514,-3.820096,3.820096,3.000000,6.025611,-0.004992,0.000277,0.070172,-0.002316,0.009487,0.512105,0.011282,0.469901,0.205986,0.018991,0.496088,0.020720,0.390869
3.732000,-7.816431,0.158106,-1.981517,-7.269486,0.408830,-3.239745,3.239745,3.000000,7.280974,-0.004992,0.000281,0.072793,-0.001973,0.003169,0.512887,0.011258,0.469950,0.205931,0.018994,0.496088,0.020720,0.443597
3.743000,-9.420968,0.281753,-1.129612,-8.874024,0.532477,-2.387841,2.387841,3.000000,8.889985,-0.004991,0.000299,0.073523,-0.002864,-0.002019,0.513712,0.011230,0.469930,0.205876,0.018997,0.496088,0.020720,0.487968
3.754000,-9.481820,0.285346,-1.071741,-8.934875,0.536069,-2.329970,2.329970,3.000000,8.950942,-0.004991,0.000299,0.071031,-0.002559,-0.003571,0.514506,0.011199,0.469903,0.205821,0.019001,0.496088,0.020720,0.501634
3.765000,-9.174839,0.231528,-1.579352,-8.627895,0.482252,-2.837580,2.837580,3.000000,8.641362,-0.004992,0.000279,0.069349,-0.002195,0.000409,0.515274,0.011173,0.469900,0.205766,0.019004,0.496088,0.020720,0.467907
3.776000,-9.060394,0.253370,-2.282063,-8.513450,0.504094,-3.540292,3.540292,3.000000,8.528361,-0.004991,0.000296,0.070999,-0.003235,0.004602,0.516052,0.011142,0.469936,0.205712,0.019007,0.496088,0.020720,0.431674
3.787000,-9.147264,0.291628,-2.734150,-8.600320,0.542352,-3.992379,3.992379,3.000000,8.617403,-0.004990,0.000315,0.072929,-0.001854,0.007603,0.516842,0.011124,0.470016,0.205657,0.019010,0.496088,0.020720,0.404780
3.798000,-9.847062,0.310732,-2.411140,-9.300118,0.561455,-3.669368,3.669368,3.000000,9.317050,-0.004991,0.000301,0.074068,-0.002330,0.002795,0.517659,0.011101,0.470057,0.205602,0.019014,0.496168,0.020800,0.446281
3.809000,-9.370307,0.346185,-1.913547,-8.823363,0.596908,-3.171776,3.171776,3.000000,8.843530,-0.004989,0.000337,0.072221,-0.002373,0.001269,0.518450,0.011074,0.470079,0.205547,0.019017,0.496168,0.020800,0.458843
3.820000,-8.316616,0.280769,-1.948103,-7.769671,0.531493,-3.206332,3.206332,3.000000,7.787829,-0.004988,0.000341,0.070193,-0.002753,0.003920,0.519237,0.011051,0.470123,0.205492,0.019021,0.496168,0.020800,0.435544
3.831000,-7.046565,0.224774,-2.436921,-6.499621,0.475497,-3.695150,3.695150,3.000000,6.516991,-0.004987,0.000365,0.068650,-0.002349,0.008827,0.519991,0.011026,0.470218,0.205437,0.019025,0.496168,0.020800,0.392196
3.842000,-6.964797,0.331954,-2.395069,-6.417853,0.582678,-3.653297,3.653297,3.000000,6.444249,-0.004980,0.000452,0.068727,-0.002535,0.008325,0.520751,0.010992,0.470303,0.205382,0.019030,0.496168,0.020800,0.394935
3.853000,-7.808895,0.404588,-2.143251,-7.261950,0.655312,-3.401479,3.401479,3.000000,7.291458,-0.004980,0.000449,0.072031,-0.002268,0.006452,0.521530,0.010964,0.470367,0.205328,0.019035,0.496168,0.020800,0.409662
3.864000,-9.148966,0.466833,-1.389605,-8.602022,0.717557,-2.647834,2.647834,3.000000,8.631899,-0.004983,0.000416,0.072826,-0.002684,-0.002100,0.522324,0.010939,0.470336,0.205273,0.019039,0.496168,0.020800,0.482787
3.875000,-9.485894,0.464765,-1.370051,-8.938949,0.715489,-2.628280,2.628280,3.000000,8.967538,-0.004984,0.000399,0.070327,-0.002655,-0.002690,0.523100,0.010914,0.470307,0.205218,0.019044,0.496168,0.020800,0.488325
3.886000,-9.615250,0.487280,-1.773982,-9.068306,0.738004,-3.032210,3.032210,3.000000,9.098287,-0.004984,0.000406,0.070808,-0.002251,-0.000893,0.523872,0.010890,0.470286,0.205163,0.019048,0.496168,0.020800,0.473459
3.897000,-9.712227,0.523163,-2.505206,-9.165283,0.773887,-3.763435,3.763435,3.000000,9.197897,-0.004982,0.000421,0.072406,-0.002542,0.004964,0.524655,0.010861,0.470330,0.205108,0.019053,0.496168,0.020800,0.422967
3.908000,-9.971000,0.401052,-2.794019,-9.424056,0.651776,-4.052248,4.052248,3.000000,9.446568,-0.004988,0.000345,0.073626,-0.001187,0.005092,0.525469,0.010840,0.470396,0.205053,0.019057,0.496288,0.020920,0.422845
3.919000,-10.320989,0.451676,-2.053081,-9.774044,0.702400,-3.311310,3.311310,3.000000,9.799250,-0.004987,0.000358,0.075618,-0.002307,-0.000110,0.526303,0.010814,0.470409,0.204999,0.019061,0.496308,0.020940,0.467111
3.930000,-9.846401,0.473096,-1.677217,-9.299457,0.723819,-2.935446,2.935446,3.000000,9.327584,-0.004985,0.000388,0.072867,-0.002273,-0.001019,0.527105,0.010788,0.470400,0.204944,0.019065,0.496308,0.020940,0.474989
3.941000,-8.507113,0.392182,-2.012921,-7.960169,0.642906,-3.271150,3.271150,3.000000,7.986089,-0.004984,0.000403,0.070785,-0.002073,0.005858,0.527886,0.010763,0.470435,0.204889,0.019069,0.496308,0.020940,0.416003
3.952000,-7.471683,0.282813,-2.440985,-6.924739,0.533537,-3.699213,3.699213,3.000000,6.945262,-0.004985,0.000384,0.070825,-0.001781,0.007614,0.528660,0.010738,0.470514,0.204834,0.019073,0.496308,0.020940,0.399688
3.963000,-7.622676,0.301901,-2.394582,-7.075732,0.552625,-3.652811,3.652811,3.000000,7.097279,-0.004985,0.000389,0.071509,-0.002511,0.006355,0.529448,0.010706,0.470592,0.204779,0.019078,0.496308,0.020940,0.408969
3.974000,-8.113769,0.307546,-2.247644,-7.566825,0.558269,-3.505873,3.505873,3.000000,7.587391,-0.004986,0.000368,0.072718,-0.002485,0.003089,0.530247,0.010677,0.470653,0.204724,0.019082,0.496308,0.020940,0.435586
3.985000,-9.005117,0.353492,-1.825817,-8.458173,0.604216,-3.084046,3.084046,3.000000,8.479726,-0.004987,0.000356,0.072557,-0.002837,-0.002478,0.531043,0.010649,0.470663,0.204670,0.019086,0.496308,0.020940,0.482638
3.996000,-9.679739,0.380493,-1.869966,-9.132795,0.631216,-3.128195,3.128195,3.000000,9.154582,-0.004988,0.000345,0.071804,-0.003718,-0.000971,0.531845,0.010618,0.470647,0.204615,0.019090,0.496308,0.020940,0.470133
4.006000,-9.742582,0.432053,-2.271292,-9.195638,0.682777,-3.529521,3.529521,3.000000,9.220951,-0.004986,0.000370,0.073897,-0.002931,0.004272,0.532577,0.010586,0.470673,0.204565,0.019093,0.496308,0.020940,0.425179
4.016000,-9.959976,0.394689,-2.735983,-9.413031,0.645413,-3.994212,3.994212,3.000000,9.435132,-0.004988,0.000342,0.075561,-0.002477,0.007494,0.533326,0.010557,0.470738,0.204515,0.019097,0.496308,0.020940,0.396674
4.026000,-10.382295,0.425109,-2.563971,-9.835351,0.675832,-3.822200,3.822200,3.000000,9.858543,-0.004988,0.000343,0.077035,-0.002787,0.004988,0.534099,0.010528,0.470787,0.204465,0.019100,0.496448,0.021080,0.419561
4.036000,-10.200112,0.492695,-2.019120,-9.653167,0.743419,-3.277349,3.277349,3.000000,9.681752,-0.004985,0.000384,0.074041,-0.002084,-0.000404,0.534846,0.010501,0.470796,0.204415,0.019104,0.496448,0.021080,0.465168
4.046000,-10.156967,0.406019,-1.574714,-9.610023,0.656742,-2.832943,2.832943,3.000000,9.632437,-0.004988,0.000341,0.074083,-0.003446,-0.002741,0.535588,0.010473,0.470769,0.204365,0.019107,0.496448,0.021080,0.485469
4.056000,-9.583208,0.474905,-1.615161,-9.036263,0.725628,-2.873390,2.873390,3.000000,9.065351,-0.004984,0.000400,0.073157,-0.003225,-0.000914,0.536308,0.010443,0.470758,0.204315,0.019111,0.496448,0.021080,0.470168
4.066000,-8.788929,0.495528,-1.819147,-8.241985,0.746251,-3.077375,3.077375,3.000000,8.275699,-0.004980,0.000451,0.072937,-0.002602,0.001097,0.537040,0.010413,0.470783,0.204266,0.019115,0.496448,0.021080,0.452653
4.076000,-8.333229,0.488097,-2.110614,-7.786285,0.738821,-3.368843,3.368843,3.000000,7.821258,-0.004978,0.000472,0.073024,-0.002585,0.003298,0.537780,0.010386,0.470801,0.204216,0.019120,0.496448,0.021080,0.433655
4.086000,-8.100695,0.473501,-2.223330,-7.553751,0.724225,-3.481559,3.481559,3.000000,7.588389,-0.004977,0.000477,0.073395,-0.003954,0.003219,0.538515,0.010349,0.470824,0.204166,0.019125,0.496448,0.021080,0.433904
4.096000,-8.063202,0.533670,-2.416539,-7.516257,0.784393,-3.674767,3.674767,3.000000,7.557076,-0.004973,0.000519,0.071905,-0.002812,0.003001,0.539228,0.010318,0.470852,0.204116,0.019130,0.496448,0.021080,0.435268
4.106000,-8.622395,0.493512,-2.582030,-8.075450,0.744236,-3.840259,3.840259,3.000000,8.109672,-0.004979,0.000459,0.073230,-0.002591,-0.000064,0.539960,0.010292,0.470886,0.204067,0.019135,0.496448,0.021080,0.460663
4.116000,-9.378750,0.529495,-2.671708,-8.831806,0.780219,-3.929936,3.929936,3.000000,8.866202,-0.004981,0.000440,0.075051,-0.002015,0.005580,0.540696,0.010264,0.470929,0.204017,0.019139,0.496448,0.021080,0.411992
4.126000,-9.888517,0.537293,-2.860472,-9.341573,0.788017,-4.118701,4.118701,3.000000,9.374751,-0.004982,0.000420,0.077260,-0.001191,0.006121,0.541479,0.010238,0.471004,0.203967,0.019143,0.496628,0.021260,0.409286
4.136000,-10.495377,0.545844,-2.329343,-9.948433,0.796568,-3.587572,3.587572,3.000000,9.980272,-0.004984,0.000399,0.078333,-0.003450,0.001594,0.542245,0.010205,0.471033,0.203917,0.019148,0.496688,0.021320,0.448264
4.146000,-10.258993,0.565396,-1.907425,-9.712048,0.816120,-3.165654,3.165654,3.000000,9.746278,-0.004982,0.000419,0.074194,-0.003966,-0.001656,0.543001,0.010174,0.471027,0.203867,0.019152,0.496688,0.021320,0.475952
4.156000,-9.829644,0.572931,-1.734531,-9.282700,0.823655,-2.992760,2.992760,3.000000,9.319170,-0.004980,0.000442,0.072724,-0.003061,0.000084,0.543735,0.010142,0.471019,0.203817,0.019156,0.496688,0.021320,0.461324
4.166000,-9.657607,0.584331,-1.541300,-9.110663,0.835055,-2.799528,2.799528,3.000000,9.148852,-0.004979,0.000456,0.073535,-0.004255,-0.006395,0.544465,0.010106,0.470994,0.203768,0.019161,0.496688,0.021320,0.516741
4.176000,-9.643829,0.614370,-1.426411,-9.096884,0.865094,-2.684639,2.684639,3.000000,9.137926,-0.004978,0.000473,0.073217,-0.004070,-0.004190,0.545204,0.010070,0.470928,0.203718,0.019165,0.496688,0.021320,0.499220
4.186000,-9.136345,0.563112,-1.711061,-8.589401,0.813836,-2.969290,2.969290,3.000000,8.627870,-0.004978,0.000472,0.074007,-0.002867,-0.001731,0.545943,0.010043,0.470907,0.203668,0.019170,0.496688,0.021320,0.478744
4.196000,-8.569254,0.548489,-1.930085,-8.022309,0.799213,-3.188313,3.188313,3.000000,8.062021,-0.004975,0.000496,0.072069,-0.002471,0.002147,0.546673,0.010014,0.470910,0.203618,0.019175,0.496688,0.021320,0.445788
4.206000,-7.974314,0.416666,-2.565924,-7.427369,0.667390,-3.824152,3.824152,3.000000,7.457293,-0.004980,0.000447,0.071622,-0.002421,0.004671,0.547374,0.009990,0.470946,0.203569,0.019179,0.496688,0.021320,0.423712
4.216000,-7.818408,0.444785,-3.290912,-7.271463,0.695509,-4.549140,4.549140,3.000000,7.304650,-0.004977,0.000476,0.071832,-0.003061,0.011010,0.548087,0.009961,0.471045,0.203519,0.019184,0.496848,0.021480,0.371031
4.226000,-8.340946,0.457172,-3.612416,-7.794002,0.707896,-4.870644,4.870644,3.000000,7.826083,-0.004980,0.000452,0.075735,-0.003159,0.011074,0.548850,0.009931,0.471156,0.203469,0.019189,0.497048,0.021680,0.372085
4.236000,-9.726960,0.514792,-3.259832,-9.180016,0.765515,-4.518060,4.518060,3.000000,9.211879,-0.004983,0.000416,0.078063,-0.001685,0.005431,0.549632,0.009908,0.471238,0.203419,0.019193,0.497248,0.021880,0.422093
4.246000,-10.351495,0.608902,-2.230905,-9.804551,0.859626,-3.489133,3.489133,3.000000,9.842163,-0.004981,0.000437,0.076225,-0.004356,0.003963,0.550402,0.009868,0.471265,0.203369,0.019197,0.497328,0.021960,0.435498
4.256000,-9.859664,0.520713,-1.729554,-9.312720,0.771436,-2.987783,2.987783,3.000000,9.344617,-0.004983,0.000413,0.073173,-0.003374,-0.001225,0.551139,0.009835,0.471251,0.203320,0.019202,0.497328,0.021960,0.479770
4.266000,-9.518391,0.464569,-1.694962,-8.971446,0.715293,-2.953191,2.953191,3.000000,8.999916,-0.004984,0.000397,0.071397,-0.003612,-0.000437,0.551856,0.009801,0.471250,0.203270,0.019206,0.497328,0.021960,0.473108
4.276000,-9.483692,0.571315,-1.634532,-8.936748,0.822039,-2.892761,2.892761,3.000000,8.974476,-0.004979,0.000458,0.071688,-0.003003,-0.000507,0.552573,0.009762,0.471228,0.203220,0.019210,0.497328,0.021960,0.474096
4.286000,-9.496937,0.472110,-1.574937,-8.949993,0.722834,-2.833165,2.833165,3.000000,8.979135,-0.004984,0.000403,0.071397,-0.003383,-0.005896,0.553285,0.009729,0.471185,0.203170,0.019214,0.497328,0.021960,0.520598
4.296000,-10.117863,0.457752,-1.276771,-9.570918,0.708476,-2.534999,2.534999,3.000000,9.597104,-0.004986,0.000369,0.073089,-0.002423,-0.006709,0.554012,0.009703,0.471119,0.203120,0.019218,0.497328,0.021960,0.528681
4.306000,-9.717870,0.522594,-1.396882,-9.170926,0.773317,-2.655110,2.655110,3.000000,9.203472,-0.004982,0.000420,0.070874,-0.002801,-0.004888,0.554728,0.009669,0.471045,0.203070,0.019222,0.497328,0.021960,0.514557
4.316000,-8.802646,0.430094,-2.119429,-8.255702,0.680818,-3.377658,3.377658,3.000000,8.283727,-0.004983,0.000411,0.069500,-0.001911,0.000182,0.555421,0.009643,0.471030,0.203021,0.019226,0.497328,0.021960,0.471821
4.326000,-7.819024,0.388873,-3.091930,-7.272080,0.639596,-4.350158,4.350158,3.000000,7.300152,-0.004981,0.000438,0.068854,-0.003291,0.008061,0.556108,0.009617,0.471088,0.202971,0.019230,0.497408,0.022040,0.405360
4.336000,-7.580274,0.444350,-3.707786,-7.033329,0.695074,-4.966014,4.966014,3.000000,7.067591,-0.004976,0.000492,0.071508,-0.003976,0.013220,0.556818,0.009579,0.471203,0.202921,0.019235,0.497608,0.022240,0.363109
4.346000,-8.066024,0.521038,-3.790745,-7.519080,0.771762,-5.048973,5.048973,3.000000,7.558583,-0.004974,0.000511,0.073641,-0.004151,0.011791,0.557550,0.009543,0.471347,0.202871,0.019240,0.497808,0.022440,0.376234
4.356000,-9.039418,0.477338,-2.779924,-8.492474,0.728062,-4.038153,4.038153,3.000000,8.523625,-0.004982,0.000427,0.074972,-0.002707,0.003810,0.558302,0.009510,0.471409,0.202821,0.019245,0.498008,0.022640,0.446457
4.366000,-9.477899,0.462180,-2.000280,-8.930954,0.712904,-3.258508,3.258508,3.000000,8.959362,-0.004984,0.000398,0.071757,-0.004459,0.002555,0.559006,0.009475,0.471432,0.202772,0.019249,0.498008,0.022640,0.456686
4.376000,-9.537728,0.508903,-1.563522,-8.990784,0.759627,-2.821751,2.821751,3.000000,9.022817,-0.004982,0.000421,0.070792,-0.002665,-0.001456,0.559727,0.009440,0.471416,0.202722,0.019253,0.498008,0.022640,0.491017
4.386000,-9.695840,0.534932,-1.429941,-9.148896,0.785656,-2.688169,2.688169,3.000000,9.182568,-0.004982,0.000428,0.070792,-0.002874,-0.001605,0.560438,0.009403,0.471387,0.202672,0.019257,0.498008,0.022640,0.492783
4.396000,-9.879135,0.532708,-1.445717,-9.332191,0.783431,-2.703946,2.703946,3.000000,9.365017,-0.004982,0.000418,0.070773,-0.002925,-0.004801,0.561140,0.009370,0.471352,0.202622,0.019261,0.498008,0.022640,0.520540
4.406000,-10.201772,0.573894,-1.307310,-9.654828,0.824618,-2.565539,2.565539,3.000000,9.689979,-0.004982,0.000426,0.070709,-0.003990,-0.005308,0.561849,0.009335,0.471295,0.202572,0.019266,0.498008,0.022640,0.525865
4.416000,-10.256803,0.589324,-1.217760,-9.709859,0.840048,-2.475988,2.475988,3.000000,9.746130,-0.004981,0.000431,0.070560,-0.003936,-0.009578,0.562553,0.009300,0.471205,0.202523,0.019270,0.498008,0.022640,0.563722
4.426000,-10.205268,0.579749,-1.495227,-9.658323,0.830473,-2.753455,2.753455,3.000000,9.693962,-0.004982,0.000428,0.069046,-0.002714,-0.005395,0.563251,0.009270,0.471135,0.202473,0.019274,0.498008,0.022640,0.529476
4.436000,-9.170420,0.582893,-2.506750,-8.623476,0.833617,-3.764979,3.764979,3.000000,8.663674,-0.004977,0.000481,0.069272,-0.003503,0.004091,0.563927,0.009232,0.471141,0.202423,0.019279,0.498008,0.022640,0.448897
4.446000,-8.444988,0.458390,-3.283689,-7.898044,0.709114,-4.541917,4.541917,3.000000,7.929814,-0.004980,0.000447,0.070385,-0.003634,0.009291,0.564641,0.009201,0.471218,0.202373,0.019284,0.498168,0.022800,0.406269
4.456000,-8.077153,0.461891,-3.946118,-7.530208,0.712615,-5.204346,5.204346,3.000000,7.563852,-0.004978,0.000471,0.072271,-0.004334,0.012291,0.565357,0.009170,0.471367,0.202323,0.019288,0.498368,0.023000,0.381715
4.466000,-8.273381,0.544422,-3.446479,-7.726437,0.795145,-4.704708,4.704708,3.000000,7.767244,-0.004974,0.000512,0.071185,-0.004079,0.010295,0.566079,0.009132,0.471476,0.202274,0.019293,0.498568,0.023200,0.400300
4.476000,-8.411039,0.501448,-2.704511,-7.864095,0.752172,-3.962739,3.962739,3.000000,7.899985,-0.004977,0.000476,0.070182,-0.002859,0.005749,0.566782,0.009107,0.471549,0.202224,0.019298,0.498748,0.023380,0.440800
4.486000,-9.189069,0.459007,-2.017143,-8.642124,0.709731,-3.275371,3.275371,3.000000,8.671218,-0.004983,0.000409,0.070685,-0.003288,0.000282,0.567490,0.009073,0.471556,0.202174,0.019302,0.498748,0.023380,0.487062
4.496000,-9.647934,0.558172,-1.548875,-9.100989,0.808896,-2.807103,2.807103,3.000000,9.136866,-0.004980,0.000443,0.070055,-0.004987,-0.000570,0.568179,0.009030,0.471536,0.202124,0.019307,0.498748,0.023380,0.494647
4.506000,-9.710063,0.609001,-1.321386,-9.163119,0.859725,-2.579614,2.579614,3.000000,9.203362,-0.004978,0.000467,0.069527,-0.004396,-0.005893,0.568890,0.008991,0.471490,0.202074,0.019311,0.498748,0.023380,0.540650
4.516000,-10.252628,0.579013,-1.215195,-9.705684,0.829737,-2.473424,2.473424,3.000000,9.741086,-0.004982,0.000426,0.070716,-0.002990,-0.005817,0.569584,0.008957,0.471429,0.202025,0.019316,0.498748,0.023380,0.541093
4.526000,-10.426496,0.690662,-1.337142,-9.879551,0.941386,-2.595370,2.595370,3.000000,9.924301,-0.004977,0.000474,0.068669,-0.004810,-0.007645,0.570292,0.008909,0.471351,0.201975,0.019320,0.498748,0.023380,0.558008
4.536000,-10.237680,0.680056,-1.720133,-9.690735,0.930780,-2.978362,2.978362,3.000000,9.735333,-0.004977,0.000478,0.068132,-0.003467,-0.006109,0.570972,0.008867,0.471297,0.201925,0.019325,0.498748,0.023380,0.545943
4.546000,-10.241357,0.686506,-2.154910,-9.694413,0.937230,-3.413139,3.413139,3.000000,9.739612,-0.004977,0.000481,0.068906,-0.004252,-0.004454,0.571660,0.008827,0.471238,0.201875,0.019330,0.498748,0.023380,0.532961
4.556000,-10.219204,0.715634,-2.728304,-9.672259,0.966357,-3.986533,3.986533,3.000000,9.720414,-0.004975,0.000497,0.071693,-0.004045,0.004139,0.572371,0.008785,0.471251,0.201826,0.019335,0.498748,0.023380,0.459828
4.566000,-9.717938,0.616279,-3.334987,-9.170993,0.867003,-4.593216,4.593216,3.000000,9.211884,-0.004978,0.000471,0.073456,-0.002730,0.007199,0.573102,0.008753,0.471321,0.201776,0.019340,0.498948,0.023580,0.436194
4.576000,-9.147790,0.572331,-3.143848,-8.600845,0.823055,-4.402076,4.402076,3.000000,8.640137,-0.004977,0.000476,0.071947,-0.002516,0.009029,0.573833,0.008724,0.471403,0.201726,0.019344,0.499148,0.023780,0.422797
4.586000,-8.178321,0.555420,-3.113782,-7.631377,0.806144,-4.372010,4.372010,3.000000,7.673837,-0.004972,0.000525,0.069247,-0.003944,0.007486,0.574529,0.008686,0.471498,0.201676,0.019349,0.499348,0.023980,0.437784
4.596000,-7.929602,0.492489,-2.934688,-7.382658,0.743213,-4.192917,4.192917,3.000000,7.419973,-0.004975,0.000501,0.068993,-0.002900,0.009304,0.575216,0.008653,0.471583,0.201626,0.019354,0.499548,0.024180,0.424414
4.606000,-8.048622,0.448401,-2.655660,-7.501678,0.699125,-3.913889,3.913889,3.000000,7.534185,-0.004978,0.000464,0.070131,-0.003479,0.007295,0.575913,0.008617,0.471664,0.201577,0.019359,0.499688,0.024320,0.442530
4.616000,-9.180873,0.615579,-1.940185,-8.633928,0.866303,-3.198413,3.198413,3.000000,8.677281,-0.004975,0.000499,0.071136,-0.004140,-0.002394,0.576621,0.008574,0.471664,0.201527,0.019364,0.499688,0.024320,0.524736
4.626000,-10.247466,0.626965,-1.310588,-9.700522,0.877689,-2.568816,2.568816,3.000000,9.740147,-0.004980,0.000451,0.071820,-0.004409,-0.005330,0.577339,0.008531,0.471621,0.201477,0.019369,0.499688,0.024320,0.550420
4.636000,-10.426917,0.628016,-1.154929,-9.879973,0.878739,-2.413158,2.413158,3.000000,9.918974,-0.004980,0.000443,0.069325,-0.002573,-0.007351,0.578033,0.008497,0.471553,0.201427,0.019373,0.499688,0.024320,0.568806
4.646000,-10.609239,0.555321,-1.553445,-10.062295,0.806045,-2.811674,2.811674,3.000000,10.094528,-0.004984,0.000399,0.068511,-0.004005,-0.004733,0.578725,0.008459,0.471502,0.201378,0.019377,0.499688,0.024320,0.547503
4.656000,-10.425272,0.550583,-2.358307,-9.878327,0.801307,-3.616536,3.616536,3.000000,9.910774,-0.004984,0.000404,0.069204,-0.003417,0.001366,0.579413,0.008422,0.471505,0.201328,0.019381,0.499688,0.024320,0.495693
4.666000,-10.113775,0.460533,-3.017264,-9.566831,0.711257,-4.275493,4.275493,3.000000,9.593234,-0.004986,0.000371,0.070601,-0.002945,0.005512,0.580108,0.008395,0.471562,0.201278,0.019385,0.499788,0.024420,0.461297
4.676000,-10.477428,0.413911,-3.111845,-9.930484,0.664635,-4.370074,4.370074,3.000000,9.952701,-0.004989,0.000334,0.073549,-0.003165,0.002488,0.580822,0.008369,0.471612,0.201228,0.019389,0.499988,0.024620,0.489654
4.686000,-10.330307,0.472498,-2.508927,-9.783363,0.723222,-3.767155,3.767155,3.000000,9.810058,-0.004986,0.000369,0.071027,-0.003287,0.005607,0.581555,0.008334,0.471652,0.201178,0.019392,0.500068,0.024700,0.463910
4.696000,-9.131702,0.368415,-2.495862,-8.584758,0.619139,-3.754091,3.754091,3.000000,8.607055,-0.004987,0.000360,0.068251,-0.002833,0.005658,0.582240,0.008301,0.471711,0.201128,0.019396,0.500068,0.024700,0.462412
4.706000,-7.990274,0.207244,-2.738696,-7.443330,0.457968,-3.996925,3.996925,3.000000,7.457405,-0.004991,0.000307,0.066865,-0.004016,0.008947,0.582911,0.008265,0.471798,0.201078,0.019399,0.500068,0.024700,0.432938
4.716000,-7.262869,0.284163,-2.855575,-6.715925,0.534886,-4.113804,4.113804,3.000000,6.737192,-0.004984,0.000397,0.066309,-0.005133,0.012159,0.583566,0.008217,0.471912,0.201028,0.019403,0.500268,0.024900,0.407235
4.726000,-7.496359,0.275964,-2.705836,-6.949415,0.526688,-3.964064,3.964064,3.000000,6.969345,-0.004986,0.000378,0.066562,-0.003877,0.009173,0.584232,0.008171,0.472007,0.200979,0.019407,0.500448,0.025080,0.434090
4.736000,-8.291985,0.247744,-2.246203,-7.745041,0.498468,-3.504432,3.504432,3.000000,7.761065,-0.004990,0.000321,0.067324,-0.003903,0.005991,0.584904,0.008137,0.472076,0.200929,0.019410,0.500448,0.025080,0.459866
4.746000,-9.220465,0.344148,-1.793756,-8.673520,0.594872,-3.051984,3.051984,3.000000,8.693896,-0.004988,0.000342,0.066471,-0.003218,-0.004056,0.585563,0.008099,0.472072,0.200879,0.019414,0.500448,0.025080,0.545183
4.756000,-10.050431,0.361072,-1.618169,-9.503487,0.611795,-2.876398,2.876398,3.000000,9.523159,-0.004990,0.000321,0.065798,-0.004662,-0.000020,0.586239,0.008059,0.472058,0.200829,0.019417,0.500448,0.025080,0.511183
4.766000,-9.956190,0.348022,-2.025001,-9.409246,0.598746,-3.283229,3.283229,3.000000,9.428277,-0.004990,0.000318,0.065158,-0.002222,0.000929,0.586892,0.008030,0.472064,0.200779,0.019420,0.500448,0.025080,0.503026
4.776000,-9.853695,0.329150,-2.556389,-9.306751,0.579874,-3.814617,3.814617,3.000000,9.324798,-0.004990,0.000311,0.067519,-0.003888,0.008434,0.587562,0.007989,0.472134,0.200729,0.019423,0.500448,0.025080,0.438080
4.786000,-10.192544,0.391944,-2.717836,-9.645600,0.642668,-3.976065,3.976065,3.000000,9.666986,-0.004989,0.000332,0.068499,-0.003283,0.003033,0.588250,0.007950,0.472189,0.200679,0.019426,0.500568,0.025200,0.485080
4.796000,-10.072282,0.311912,-2.162392,-9.525338,0.562636,-3.420620,3.420620,3.000000,9.541940,-0.004991,0.000295,0.065611,-0.004073,0.004196,0.588915,0.007914,0.472234,0.200629,0.019430,0.500568,0.025200,0.474406
4.806000,-9.611087,0.254714,-1.887739,-9.064143,0.505438,-3.145967,3.145967,3.000000,9.078224,-0.004992,0.000278,0.063757,-0.003305,-0.000615,0.589559,0.007878,0.472245,0.200579,0.019432,0.500568,0.025200,0.515031
4.816000,-9.417545,0.337774,-1.590344,-8.870600,0.588498,-2.848573,2.848573,3.000000,8.890100,-0.004989,0.000331,0.063352,-0.004401,-0.000900,0.590191,0.007832,0.472221,0.200530,0.019435,0.500568,0.025200,0.517872
4.826000,-8.982766,0.360976,-1.584880,-8.435822,0.611700,-2.843109,2.843109,3.000000,8.457971,-0.004987,0.000362,0.063245,-0.004513,0.000622,0.590812,0.007791,0.472225,0.200480,0.019439,0.500568,0.025200,0.504889
4.836000,-8.608196,0.310577,-1.687461,-8.061252,0.561301,-2.945689,2.945689,3.000000,8.080770,-0.004988,0.000347,0.062029,-0.003232,-0.000087,0.591451,0.007757,0.472216,0.200430,0.019443,0.500568,0.025200,0.511075
4.846000,-8.668608,0.307814,-1.695739,-8.121664,0.558538,-2.953968,2.953968,3.000000,8.140847,-0.004988,0.000343,0.063473,-0.004186,-0.001086,0.592089,0.007716,0.472205,0.200380,0.019446,0.500568,0.025200,0.519744
4.856000,-8.378582,0.412200,-1.925529,-7.831638,0.662924,-3.183757,3.183757,3.000000,7.859645,-0.004982,0.000422,0.062444,-0.004632,0.002104,0.592715,0.007673,0.472225,0.200330,0.019450,0.500568,0.025200,0.492307
4.866000,-8.176421,0.248829,-2.261634,-7.629476,0.499553,-3.519862,3.519862,3.000000,7.645813,-0.004989,0.000327,0.060226,-0.002091,0.002088,0.593319,0.007649,0.472242,0.200280,0.019454,0.500568,0.025200,0.492144
4.876000,-8.225953,0.231774,-2.590642,-7.679009,0.482497,-3.848870,3.848870,3.000000,7.694153,-0.004990,0.000314,0.060720,-0.003650,0.005064,0.593921,0.007615,0.472278,0.200230,0.019457,0.500568,0.025200,0.466243
4.886000,-8.910182,0.360766,-2.709285,-8.363237,0.611490,-3.967514,3.967514,3.000000,8.385563,-0.004987,0.000365,0.063237,-0.004837,0.002425,0.594545,0.007572,0.472303,0.200180,0.019460,0.500568,0.025200,0.488185
4.896000,-9.864110,0.417676,-2.492561,-9.317166,0.668399,-3.750789,3.750789,3.000000,9.341110,-0.004987,0.000358,0.063642,-0.004298,0.001903,0.595183,0.007534,0.472309,0.200131,0.019464,0.500568,0.025200,0.492517
4.906000,-10.191970,0.393690,-2.055218,-9.645025,0.644414,-3.313446,3.313446,3.000000,9.666529,-0.004989,0.000333,0.064126,-0.004430,-0.004292,0.595829,0.007493,0.472306,0.200081,0.019467,0.500568,0.025200,0.545131
4.916000,-10.106565,0.515183,-1.456241,-9.559621,0.765907,-2.714470,2.714470,3.000000,9.590253,-0.004984,0.000399,0.061000,-0.006092,-0.006485,0.596449,0.007438,0.472250,0.200031,0.019471,0.500568,0.025200,0.564744
4.926000,-10.259931,0.509438,-1.190255,-9.712987,0.760162,-2.448483,2.448483,3.000000,9.742687,-0.004985,0.000390,0.060156,-0.005195,-0.008910,0.597053,0.007389,0.472165,0.199981,0.019475,0.500568,0.025200,0.586849
4.936000,-9.946524,0.480106,-1.398646,-9.399580,0.730830,-2.656874,2.656874,3.000000,9.427948,-0.004985,0.000388,0.059299,-0.004124,-0.007387,0.597645,0.007346,0.472089,0.199931,0.019479,0.500568,0.025200,0.575292
4.946000,-10.053983,0.512687,-1.368326,-9.507039,0.763411,-2.626554,2.626554,3.000000,9.537640,-0.004984,0.000400,0.059811,-0.004931,-0.009973,0.598243,0.007299,0.471991,0.199881,0.019483,0.500568,0.025200,0.599007
4.956000,-10.490008,0.614326,-1.230344,-9.943063,0.865050,-2.488572,2.488572,3.000000,9.980622,-0.004981,0.000433,0.061244,-0.004257,-0.014025,0.598856,0.007256,0.471863,0.199831,0.019487,0.500568,0.025200,0.635700
4.966000,-10.803446,0.646958,-1.067160,-10.256501,0.897682,-2.325388,2.325388,3.000000,10.295710,-0.004981,0.000436,0.062293,-0.004662,-0.011285,0.599481,0.007209,0.471727,0.199782,0.019491,0.500568,0.025200,0.614893
4.976000,-9.795600,0.635285,-1.570605,-9.248655,0.886008,-2.828834,2.828834,3.000000,9.290998,-0.004977,0.000477,0.060711,-0.002779,-0.009204,0.600084,0.007173,0.471638,0.199732,0.019496,0.500568,0.025200,0.598837
4.986000,-9.019776,0.572605,-1.981145,-8.472832,0.823328,-3.239374,3.239374,3.000000,8.512741,-0.004977,0.000484,0.058788,-0.003655,-0.007348,0.600690,0.007135,0.471567,0.199682,0.019501,0.500568,0.025200,0.584375
4.996000,-8.289128,0.589362,-2.615049,-7.742184,0.840086,-3.873278,3.873278,3.000000,7.787628,-0.004971,0.000539,0.058359,-0.003688,0.000500,0.601272,0.007092,0.471546,0.199632,0.019506,0.500568,0.025200,0.518150
5.006000,-8.078437,0.640283,-3.288625,-7.531492,0.891007,-4.546854,4.546854,3.000000,7.584014,-0.004965,0.000587,0.059782,-0.004690,0.000654,0.601861,0.007047,0.471563,0.199583,0.019511,0.500748,0.025380,0.519777
5.016000,-8.799901,0.687528,-3.560154,-8.252957,0.938251,-4.818382,4.818382,3.000000,8.306119,-0.004968,0.000565,0.063009,-0.003399,0.004882,0.602480,0.007012,0.471617,0.199533,0.019517,0.500948,0.025580,0.486517
5.026000,-9.838766,0.689725,-3.382364,-9.291822,0.940449,-4.640593,4.640593,3.000000,9.339293,-0.004975,0.000503,0.067237,-0.005152,0.001815,0.603145,0.006969,0.471661,0.199483,0.019523,0.501148,0.025780,0.515353
5.036000,-10.867844,0.790860,-2.337978,-10.320899,1.041584,-3.596207,3.596207,3.000000,10.373324,-0.004975,0.000502,0.066459,-0.003207,-0.001800,0.603821,0.006929,0.471633,0.199434,0.019528,0.501248,0.025880,0.548344
5.046000,-10.472804,0.622763,-1.943523,-9.925860,0.873487,-3.201752,3.201752,3.000000,9.964220,-0.004981,0.000438,0.063442,-0.003247,-0.006181,0.604456,0.006896,0.471577,0.199384,0.019532,0.501248,0.025880,0.586522
5.056000,-9.956136,0.597781,-1.619168,-9.409192,0.848505,-2.877396,2.877396,3.000000,9.447373,-0.004980,0.000449,0.061443,-0.004477,-0.005226,0.605057,0.006857,0.471512,0.199334,0.019537,0.501248,0.025880,0.579588
5.066000,-9.858118,0.673546,-1.615650,-9.311174,0.924270,-2.873879,2.873879,3.000000,9.356935,-0.004976,0.000494,0.061761,-0.003758,-0.008759,0.605688,0.006807,0.471437,0.199284,0.019541,0.501248,0.025880,0.610919
5.076000,-10.473022,0.659981,-1.465737,-9.926078,0.910705,-2.723965,2.723965,3.000000,9.967768,-0.004979,0.000457,0.062420,-0.003876,-0.012176,0.606311,0.006761,0.471335,0.199234,0.019546,0.501248,0.025880,0.641741
5.086000,-11.075669,0.638836,-1.294167,-10.528724,0.889559,-2.552395,2.552395,3.000000,10.566236,-0.004982,0.000421,0.064522,-0.004797,-0.013285,0.606950,0.006714,0.471211,0.199185,0.019551,0.501248,0.025880,0.653391
5.096000,-11.583747,0.830832,-1.068017,-11.036802,1.081555,-2.326246,2.326246,3.000000,11.089669,-0.004976,0.000488,0.064699,-0.004692,-0.017635,0.607600,0.006657,0.471049,0.199135,0.019555,0.501248,0.025880,0.693220
5.106000,-11.340097,0.754424,-1.319257,-10.793153,1.005148,-2.577486,2.577486,3.000000,10.839856,-0.004978,0.000464,0.062607,-0.004518,-0.014828,0.608232,0.006604,0.470898,0.199085,0.019560,0.501248,0.025880,0.672113
5.116000,-10.333469,0.650289,-2.071355,-9.786524,0.901013,-3.329583,3.329583,3.000000,9.827913,-0.004979,0.000458,0.061443,-0.004443,-0.008739,0.608849,0.006562,0.470792,0.199035,0.019564,0.501248,0.025880,0.622356
5.126000,-9.383730,0.682677,-3.018945,-8.836786,0.933400,-4.277174,4.277174,3.000000,8.885945,-0.004972,0.000525,0.063027,-0.003948,-0.001570,0.609461,0.006523,0.470770,0.198986,0.019569,0.501328,0.025960,0.563360
5.136000,-9.114731,0.738996,-3.719112,-8.567787,0.989720,-4.977340,4.977340,3.000000,8.624762,-0.004967,0.000574,0.064124,-0.005767,0.005665,0.610113,0.006473,0.470806,0.198936,0.019575,0.501528,0.026160,0.504919
5.146000,-9.329040,0.719752,-3.844418,-8.782095,0.970476,-5.102647,5.102647,3.000000,8.835555,-0.004970,0.000549,0.067234,-0.005052,0.004619,0.610783,0.006432,0.470871,0.198886,0.019581,0.501728,0.026360,0.516224
5.156000,-9.750949,0.705788,-3.152054,-9.204005,0.956512,-4.410283,4.410283,3.000000,9.253573,-0.004973,0.000517,0.066530,-0.003910,0.000943,0.611451,0.006393,0.470887,0.198836,0.019586,0.501928,0.026560,0.550731
5.166000,-10.174323,0.648073,-2.504838,-9.627379,0.898797,-3.763066,3.763066,3.000000,9.669243,-0.004978,0.000465,0.066094,-0.004175,-0.006624,0.612111,0.006352,0.470847,0.198787,0.019591,0.502048,0.026680,0.617827
5.176000,-10.532386,0.668924,-1.943589,-9.985441,0.919648,-3.201818,3.201818,3.000000,10.027701,-0.004979,0.000459,0.064737,-0.005511,-0.008042,0.612763,0.006304,0.470772,0.198737,0.019595,0.502048,0.026680,0.631211
5.186000,-10.423217,0.667266,-1.604686,-9.876272,0.917990,-2.862915,2.862915,3.000000,9.918844,-0.004979,0.000463,0.064516,-0.004838,-0.008651,0.613410,0.006259,0.470684,0.198687,0.019600,0.502048,0.026680,0.637958
5.196000,-10.721804,0.608952,-1.516814,-10.174860,0.859675,-2.775043,2.775043,3.000000,10.211112,-0.004982,0.000421,0.064893,-0.005049,-0.011275,0.614051,0.006213,0.470576,0.198637,0.019604,0.502048,0.026680,0.662172
5.206000,-11.468392,0.617249,-1.392391,-10.921447,0.867973,-2.650620,2.650620,3.000000,10.955884,-0.004984,0.000396,0.066219,-0.004638,-0.012457,0.614716,0.006165,0.470448,0.198587,0.019608,0.502048,0.026680,0.674503
5.216000,-11.403195,0.622334,-1.707091,-10.856251,0.873058,-2.965319,2.965319,3.000000,10.891300,-0.004984,0.000401,0.063463,-0.005257,-0.015322,0.615355,0.006114,0.470321,0.198538,0.019612,0.502048,0.026680,0.701101
5.226000,-11.310417,0.506802,-1.974351,-10.763473,0.757526,-3.232579,3.232579,3.000000,10.790097,-0.004988,0.000351,0.063499,-0.004571,-0.011813,0.615987,0.006075,0.470206,0.198488,0.019616,0.502048,0.026680,0.673387
5.236000,-11.314004,0.540269,-2.367856,-10.767059,0.790993,-3.626085,3.626085,3.000000,10.796075,-0.004987,0.000366,0.064055,-0.005210,-0.009012,0.616628,0.006028,0.470100,0.198438,0.019620,0.502048,0.026680,0.651529
5.246000,-10.558113,0.602851,-3.092995,-10.011169,0.853575,-4.351224,4.351224,3.000000,10.047492,-0.004982,0.000425,0.065320,-0.005820,-0.001471,0.617279,0.005980,0.470075,0.198388,0.019624,0.502128,0.026760,0.589430
5.256000,-9.653325,0.501276,-3.642921,-9.106381,0.752000,-4.901150,4.901150,3.000000,9.137378,-0.004983,0.000411,0.066710,-0.003865,0.003913,0.617940,0.005937,0.470118,0.198338,0.019628,0.502328,0.026960,0.546581
5.266000,-9.238934,0.556346,-3.333496,-8.691990,0.807070,-4.591724,4.591724,3.000000,8.729379,-0.004979,0.000462,0.065605,-0.005487,0.008153,0.618609,0.005884,0.470166,0.198288,0.019632,0.502528,0.027160,0.513332
5.276000,-8.594347,0.530359,-3.345150,-8.047403,0.781083,-4.603378,4.603378,3.000000,8.085220,-0.004977,0.000483,0.064133,-0.004694,0.004363,0.619243,0.005831,0.470236,0.198239,0.019637,0.502728,0.027360,0.547828
5.286000,-8.584238,0.546331,-3.118031,-8.037294,0.797055,-4.376260,4.376260,3.000000,8.076719,-0.004976,0.000493,0.064154,-0.006528,0.006990,0.619882,0.005777,0.470274,0.198189,0.019642,0.502928,0.027560,0.528466
5.296000,-9.168104,0.595911,-2.723475,-8.621159,0.846635,-3.981704,3.981704,3.000000,8.662631,-0.004976,0.000489,0.065622,-0.005496,0.002461,0.620537,0.005730,0.470304,0.198139,0.019647,0.503108,0.027740,0.569593
5.306000,-10.547842,0.710533,-1.911573,-10.000897,0.961257,-3.169802,3.169802,3.000000,10.046988,-0.004977,0.000478,0.066877,-0.005614,-0.007679,0.621206,0.005678,0.470243,0.198089,0.019652,0.503108,0.027740,0.656731
5.316000,-11.253160,0.683597,-1.331507,-10.706216,0.934321,-2.589736,2.589736,3.000000,10.746907,-0.004981,0.000435,0.067180,-0.004716,-0.008102,0.621876,0.005632,0.470159,0.198040,0.019656,0.503108,0.027740,0.661823
5.326000,-10.924136,0.707249,-1.290075,-10.377192,0.957972,-2.548304,2.548304,3.000000,10.421316,-0.004979,0.000460,0.063401,-0.003942,-0.008907,0.622517,0.005585,0.470062,0.197990,0.019661,0.503108,0.027740,0.670414
5.336000,-10.776774,0.617577,-1.693541,-10.229829,0.868301,-2.951769,2.951769,3.000000,10.266614,-0.004982,0.000423,0.061749,-0.005573,-0.008759,0.623130,0.005534,0.469965,0.197940,0.019665,0.503108,0.027740,0.670881
5.346000,-10.709103,0.632740,-2.377507,-10.162159,0.883464,-3.635736,3.635736,3.000000,10.200489,-0.004981,0.000433,0.062202,-0.004164,-0.004883,0.623754,0.005487,0.469910,0.197890,0.019669,0.503108,0.027740,0.638998
5.356000,-10.757175,0.602957,-2.925720,-10.210231,0.853681,-4.183948,4.183948,3.000000,10.245857,-0.004983,0.000417,0.063104,-0.004342,-0.000599,0.624376,0.005445,0.469921,0.197840,0.019674,0.503208,0.027840,0.604245
5.366000,-11.147640,0.598794,-3.062151,-10.600696,0.849517,-4.320380,4.320380,3.000000,10.634681,-0.004984,0.000399,0.065400,-0.003788,-0.004241,0.625031,0.005401,0.469885,0.197790,0.019678,0.503408,0.028040,0.639395
5.376000,-11.474095,0.701516,-2.382116,-10.927151,0.952240,-3.640345,3.640345,3.000000,10.968564,-0.004981,0.000434,0.064950,-0.005101,-0.002878,0.625689,0.005349,0.469836,0.197741,0.019682,0.503488,0.028120,0.630156
5.386000,-10.196478,0.569958,-2.357421,-9.649533,0.820682,-3.615649,3.615649,3.000000,9.684370,-0.004982,0.000424,0.061727,-0.002765,-0.003856,0.626309,0.005315,0.469802,0.197691,0.019686,0.503488,0.028120,0.639066
5.396000,-9.079403,0.325244,-2.408008,-8.532459,0.575967,-3.666237,3.666237,3.000000,8.551876,-0.004989,0.000337,0.060951,-0.004092,0.000524,0.626913,0.005280,0.469805,0.197641,0.019690,0.503488,0.028120,0.601848
5.406000,-8.300969,0.418930,-2.670640,-7.754025,0.669654,-3.928868,3.928868,3.000000,7.782887,-0.004981,0.000430,0.059100,-0.005521,0.001421,0.627508,0.005229,0.469818,0.197591,0.019694,0.503488,0.028120,0.593991
5.416000,-8.233453,0.497743,-2.626285,-7.686509,0.748467,-3.884513,3.884513,3.000000,7.722863,-0.004976,0.000485,0.060228,-0.004868,0.002870,0.628105,0.005172,0.469848,0.197541,0.019698,0.503488,0.028120,0.581171
5.426000,-8.953502,0.426193,-2.409384,-8.406558,0.676917,-3.667613,3.667613,3.000000,8.433767,-0.004984,0.000401,0.061577,-0.005689,-0.000999,0.628720,0.005127,0.469855,0.197492,0.019703,0.503488,0.028120,0.613875
5.436000,-9.793750,0.507236,-2.048060,-9.246806,0.757960,-3.306289,3.306289,3.000000,9.277819,-0.004983,0.000408,0.062213,-0.005019,-0.003000,0.629326,0.005074,0.469828,0.197442,0.019707,0.503488,0.028120,0.631326
5.446000,-10.576793,0.567066,-1.792487,-10.029848,0.817790,-3.050716,3.050716,3.000000,10.063133,-0.004983,0.000406,0.060049,-0.005002,-0.008657,0.629949,0.005011,0.469745,0.197392,0.019711,0.503488,0.028120,0.680831
5.456000,-10.623376,0.478863,-1.968823,-10.076432,0.729586,-3.227051,3.227051,3.000000,10.102810,-0.004987,0.000361,0.059097,-0.004199,-0.004853,0.630540,0.004965,0.469676,0.197342,0.019715,0.503488,0.028120,0.649797
5.466000,-10.317264,0.504534,-2.482869,-9.770319,0.755258,-3.741098,3.741098,3.000000,9.799467,-0.004985,0.000385,0.059347,-0.005120,-0.001795,0.631128,0.004917,0.469651,0.197292,0.019718,0.503488,0.028120,0.624286
5.476000,-10.732351,0.598785,-2.830270,-10.185407,0.849509,-4.088499,4.088499,3.000000,10.220772,-0.004983,0.000416,0.061354,-0.004666,0.001426,0.631737,0.004866,0.469661,0.197242,0.019722,0.503568,0.028200,0.598220
5.486000,-11.233943,0.596992,-2.704310,-10.686999,0.847715,-3.962539,3.962539,3.000000,10.720567,-0.004984,0.000395,0.062227,-0.004062,-0.001666,0.632359,0.004823,0.469658,0.197192,0.019726,0.503748,0.028380,0.627755
5.496000,-10.700281,0.506568,-2.464993,-10.153337,0.757292,-3.723221,3.723221,3.000000,10.181539,-0.004986,0.000372,0.058115,-0.003149,0.000154,0.632948,0.004781,0.469664,0.197143,0.019730,0.503748,0.028380,0.612197
5.506000,-10.248748,0.497684,-2.187901,-9.701804,0.748407,-3.446130,3.446130,3.000000,9.730628,-0.004985,0.000385,0.056501,-0.005825,-0.004866,0.633507,0.004736,0.469643,0.197093,0.019734,0.503748,0.028380,0.655172
5.516000,-9.853244,0.528279,-1.901425,-9.306300,0.779003,-3.159653,3.159653,3.000000,9.338847,-0.004983,0.000417,0.056893,-0.004419,-0.003374,0.634083,0.004690,0.469578,0.197043,0.019738,0.503748,0.028380,0.643679
5.526000,-9.479542,0.516485,-1.827685,-8.932598,0.767209,-3.085913,3.085913,3.000000,8.965485,-0.004982,0.000428,0.055836,-0.005704,-0.002770,0.634643,0.004639,0.469542,0.196993,0.019742,0.503748,0.028380,0.639208
5.536000,-8.767929,0.461724,-2.100561,-8.220985,0.712448,-3.358790,3.358790,3.000000,8.251798,-0.004981,0.000432,0.055024,-0.004426,-0.002255,0.635193,0.004598,0.469530,0.196943,0.019747,0.503748,0.028380,0.635063
5.546000,-8.697165,0.473965,-1.960034,-8.150220,0.724689,-3.218262,3.218262,3.000000,8.182375,-0.004980,0.000443,0.056043,-0.004948,-0.001822,0.635749,0.004549,0.469512,0.196893,0.019751,0.503748,0.028380,0.631708
5.556000,-8.547319,0.466481,-2.153684,-8.000374,0.717205,-3.411913,3.411913,3.000000,8.032457,-0.004980,0.000446,0.054360,-0.003352,0.001695,0.636301,0.004503,0.469522,0.196844,0.019755,0.503748,0.028380,0.601686
5.566000,-8.549168,0.384487,-2.399645,-8.002224,0.635211,-3.657873,3.657873,3.000000,8.027395,-0.004984,0.000396,0.053431,-0.003896,-0.000855,0.636837,0.004463,0.469521,0.196794,0.019760,0.503748,0.028380,0.623331
5.576000,-8.951383,0.446249,-2.595491,-8.404438,0.696973,-3.853720,3.853720,3.000000,8.433288,-0.004983,0.000413,0.053129,-0.003693,-0.000561,0.637367,0.004423,0.469525,0.196744,0.019764,0.503748,0.028380,0.620767
5.586000,-9.356228,0.464550,-2.763229,-8.809283,0.715274,-4.021458,4.021458,3.000000,8.838274,-0.004984,0.000405,0.054318,-0.004598,0.001594,0.637899,0.004377,0.469564,0.196694,0.019768,0.503808,0.028440,0.602873
5.596000,-9.953576,0.506727,-2.793196,-9.406631,0.757451,-4.051425,4.051425,3.000000,9.437078,-0.004984,0.000401,0.056198,-0.003830,0.004330,0.638467,0.004334,0.469576,0.196644,0.019772,0.504008,0.028640,0.583029
5.606000,-10.176624,0.474494,-2.741085,-9.629680,0.725218,-3.999313,3.999313,3.000000,9.656950,-0.004986,0.000375,0.056339,-0.003981,0.001461,0.639033,0.004286,0.469592,0.196595,0.019776,0.504188,0.028820,0.610329
5.616000,-9.937100,0.533906,-2.071600,-9.390155,0.784630,-3.329829,3.329829,3.000000,9.422880,-0.004983,0.000416,0.054119,-0.005467,-0.000283,0.639582,0.004230,0.469587,0.196545,0.019780,0.504188,0.028820,0.625210
5.626000,-9.490019,0.431209,-1.777743,-8.943075,0.681933,-3.035971,3.035971,3.000000,8.969036,-0.004986,0.000380,0.051416,-0.004037,-0.005134,0.640092,0.004187,0.469553,0.196495,0.019784,0.504188,0.028820,0.666988
5.636000,-9.626828,0.476410,-1.658435,-9.079883,0.727134,-2.916664,2.916664,3.000000,9.108952,-0.004984,0.000399,0.050217,-0.005598,-0.005193,0.640593,0.004135,0.469512,0.196445,0.019788,0.504188,0.028820,0.668234
5.646000,-9.731151,0.546714,-1.605526,-9.184207,0.797438,-2.863755,2.863755,3.000000,9.218761,-0.004981,0.000433,0.050143,-0.005478,-0.005602,0.641091,0.004083,0.469453,0.196395,0.019792,0.504188,0.028820,0.672759
5.656000,-10.424012,0.509365,-1.403526,-9.877067,0.760089,-2.661755,2.661755,3.000000,9.906271,-0.004985,0.000384,0.050655,-0.003192,-0.008548,0.641588,0.004046,0.469373,0.196345,0.019796,0.504188,0.028820,0.699204
5.666000,-10.381765,0.513152,-1.320068,-9.834821,0.763875,-2.578297,2.578297,3.000000,9.864441,-0.004985,0.000387,0.049424,-0.002917,-0.008920,0.642086,0.004006,0.469260,0.196295,0.019800,0.504188,0.028820,0.704394
5.676000,-10.200429,0.561374,-1.265137,-9.653485,0.812098,-2.523366,2.523366,3.000000,9.687584,-0.004982,0.000419,0.049911,-0.003130,-0.010492,0.642586,0.003962,0.469151,0.196246,0.019804,0.504188,0.028820,0.719695
5.686000,-9.731194,0.524320,-1.330965,-9.184250,0.775044,-2.589194,2.589194,3.000000,9.216894,-0.004982,0.000420,0.048323,-0.003294,-0.009223,0.643069,0.003926,0.469062,0.196196,0.019808,0.504188,0.028820,0.710528
5.696000,-8.571290,0.409426,-1.867436,-8.024346,0.660150,-3.125665,3.125665,3.000000,8.051455,-0.004983,0.000410,0.045564,-0.002788,-0.003938,0.643534,0.003899,0.469012,0.196146,0.019812,0.504188,0.028820,0.666575
5.706000,-7.960274,0.375585,-2.239107,-7.413330,0.626308,-3.497335,3.497335,3.000000,7.439740,-0.004982,0.000421,0.043961,-0.003332,-0.004366,0.643972,0.003863,0.468963,0.196096,0.019816,0.504188,0.028820,0.671086
5.716000,-8.214380,0.349865,-2.365982,-7.667436,0.600589,-3.624211,3.624211,3.000000,7.690922,-0.004985,0.000390,0.044213,-0.003552,-0.004725,0.644410,0.003831,0.468923,0.196046,0.019820,0.504188,0.028820,0.674852
5.726000,-8.392987,0.337969,-2.625250,-7.846043,0.588693,-3.883479,3.883479,3.000000,7.868097,-0.004986,0.000374,0.045150,-0.004103,-0.000175,0.644856,0.003793,0.468911,0.195996,0.019824,0.504188,0.028820,0.636468
5.736000,-8.883022,0.415797,-2.679524,-8.336078,0.666521,-3.937753,3.937753,3.000000,8.362681,-0.004984,0.000399,0.047277,-0.004305,-0.001238,0.645315,0.003754,0.468926,0.195947,0.019828,0.504208,0.028840,0.645570
5.746000,-9.088934,0.403983,-2.573274,-8.541990,0.654707,-3.831502,3.831502,3.000000,8.567043,-0.004985,0.000382,0.047972,-0.003948,0.003916,0.645795,0.003711,0.468941,0.195897,0.019832,0.504208,0.028840,0.601575
5.756000,-8.613311,0.267756,-2.361928,-8.066366,0.518480,-3.620157,3.620157,3.000000,8.083012,-0.004990,0.000321,0.047026,-0.003287,0.001989,0.646273,0.003673,0.468966,0.195847,0.019835,0.504208,0.028840,0.617469
5.766000,-8.127200,0.242103,-2.054210,-7.580255,0.492827,-3.312439,3.312439,3.000000,7.596259,-0.004989,0.000324,0.043186,-0.004254,-0.000136,0.646717,0.003630,0.468976,0.195797,0.019839,0.504208,0.028840,0.635328
5.776000,-8.140755,0.217688,-1.783030,-7.593810,0.468411,-3.041259,3.041259,3.000000,7.608243,-0.004991,0.000308,0.043336,-0.005377,-0.001673,0.647153,0.003584,0.468959,0.195747,0.019842,0.504208,0.028840,0.648669
5.786000,-8.164178,0.261187,-1.408839,-7.617234,0.511911,-2.667068,2.667068,3.000000,7.634416,-0.004989,0.000335,0.042363,-0.004652,-0.005126,0.647576,0.003547,0.468909,0.195697,0.019845,0.504208,0.028840,0.678863
5.796000,-8.495844,0.170810,-1.304190,-7.948900,0.421534,-2.562418,2.562418,3.000000,7.960069,-0.004993,0.000265,0.041797,-0.002536,-0.007815,0.647992,0.003516,0.468854,0.195647,0.019848,0.504208,0.028840,0.702672
5.806000,-9.589023,0.246547,-0.936784,-9.042079,0.497271,-2.195012,2.195012,3.000000,9.055742,-0.004992,0.000275,0.042470,-0.003108,-0.011778,0.648417,0.003475,0.468739,0.195597,0.019851,0.504208,0.028840,0.738374
5.816000,-10.292078,0.423038,-0.606710,-9.745133,0.673762,-1.864939,1.864939,3.000000,9.768397,-0.004988,0.000345,0.041730,-0.005351,-0.015342,0.648829,0.003420,0.468597,0.195547,0.019854,0.504088,0.028720,0.769022
5.826000,-10.336869,0.388860,-0.695648,-9.789924,0.639584,-1.953876,1.953876,3.000000,9.810795,-0.004989,0.000326,0.041262,-0.003560,-0.014957,0.649250,0.003382,0.468435,0.195498,0.019857,0.503888,0.028520,0.765064
5.836000,-9.925571,0.399145,-0.711234,-9.378626,0.649869,-1.969463,1.969463,3.000000,9.401115,-0.004988,0.000346,0.040072,-0.004414,-0.012492,0.649658,0.003334,0.468293,0.195448,0.019860,0.503688,0.028320,0.743104
5.846000,-8.808732,0.454033,-1.093414,-8.261788,0.704757,-2.351643,2.351643,3.000000,8.291792,-0.004982,0.000425,0.036926,-0.004084,-0.010213,0.650033,0.003287,0.468189,0.195398,0.019864,0.503668,0.028300,0.725273
5.856000,-7.925229,0.421830,-1.436410,-7.378285,0.672554,-2.694639,2.694639,3.000000,7.408874,-0.004979,0.000454,0.033549,-0.004065,-0.009852,0.650371,0.003250,0.468090,0.195348,0.019869,0.503668,0.028300,0.723998
5.866000,-7.851927,0.440499,-1.460964,-7.304983,0.691222,-2.719193,2.719193,3.000000,7.337613,-0.004978,0.000471,0.032126,-0.003850,-0.011274,0.650698,0.003220,0.467973,0.195298,0.019873,0.503668,0.028300,0.738162
5.876000,-8.451885,0.466916,-1.360400,-7.904941,0.717640,-2.618629,2.618629,3.000000,7.937449,-0.004980,0.000452,0.033660,-0.002816,-0.017957,0.651031,0.003191,0.467812,0.195248,0.019878,0.503668,0.028300,0.797772
5.886000,-9.327726,0.503842,-1.126840,-8.780782,0.754565,-2.385069,2.385069,3.000000,8.813144,-0.004982,0.000428,0.033575,-0.001838,-0.018961,0.651368,0.003166,0.467624,0.195199,0.019882,0.503668,0.028300,0.809680
5.896000,-9.258706,0.558033,-1.221653,-8.711761,0.808757,-2.479882,2.479882,3.000000,8.749221,-0.004979,0.000462,0.033653,-0.001851,-0.016585,0.651701,0.003140,0.467447,0.195149,0.019887,0.503668,0.028300,0.792709
5.906000,-8.712178,0.525843,-1.441493,-8.165234,0.776566,-2.699722,2.699722,3.000000,8.202079,-0.004978,0.000473,0.032588,-0.003985,-0.015543,0.652025,0.003105,0.467304,0.195099,0.019891,0.503668,0.028300,0.786442
5.916000,-8.104111,0.543175,-1.652208,-7.557167,0.793899,-2.910436,2.910436,3.000000,7.598753,-0.004973,0.000522,0.033692,-0.003177,-0.010905,0.652364,0.003077,0.467170,0.195049,0.019896,0.503668,0.028300,0.749499
5.926000,-7.698460,0.481321,-1.883695,-7.151516,0.732045,-3.141923,3.141923,3.000000,7.188885,-0.004974,0.000509,0.033694,-0.002624,-0.009306,0.652699,0.003044,0.467080,0.195000,0.019902,0.503668,0.028300,0.737541
5.936000,-7.561025,0.508951,-1.874749,-7.014080,0.759675,-3.132978,3.132978,3.000000,7.055100,-0.004971,0.000538,0.035369,-0.003122,-0.008089,0.653047,0.003011,0.467006,0.194950,0.019907,0.503668,0.028300,0.728551
5.946000,-7.724525,0.461449,-1.650662,-7.177580,0.712172,-2.908891,2.908891,3.000000,7.212825,-0.004976,0.000494,0.034629,-0.002091,-0.008815,0.653395,0.002980,0.466921,0.194900,0.019912,0.503668,0.028300,0.736247
5.956000,-8.036689,0.526630,-1.453911,-7.489745,0.777354,-2.712140,2.712140,3.000000,7.529977,-0.004973,0.000516,0.033737,-0.004510,-0.014048,0.653736,0.002947,0.466801,0.194850,0.019917,0.503668,0.028300,0.782795
5.966000,-8.418422,0.587554,-1.167491,-7.871477,0.838278,-2.425720,2.425720,3.000000,7.915988,-0.004972,0.000529,0.033607,-0.002692,-0.013952,0.654072,0.002919,0.466661,0.194801,0.019922,0.503668,0.028300,0.784516
5.976000,-8.559614,0.605188,-0.923284,-8.012669,0.855912,-2.181513,2.181513,3.000000,8.058254,-0.004972,0.000531,0.033397,-0.004201,-0.017339,0.654402,0.002885,0.466484,0.194751,0.019928,0.503668,0.028300,0.816437
5.986000,-8.982492,0.602133,-0.600519,-8.435548,0.852857,-1.858747,1.858747,3.000000,8.478551,-0.004975,0.000503,0.033773,-0.003010,-0.021310,0.654734,0.002853,0.466274,0.194701,0.019933,0.503568,0.028200,0.852112
5.996000,-9.388375,0.602718,-0.439943,-8.841431,0.853442,-1.698172,1.698172,3.000000,8.882526,-0.004977,0.000480,0.034004,-0.004130,-0.023051,0.655085,0.002815,0.466029,0.194651,0.019938,0.503368,0.028000,0.867686
6.006000,-9.040359,0.585551,-0.524274,-8.493414,0.836275,-1.782503,1.782503,3.000000,8.534486,-0.004976,0.000490,0.033283,-0.002021,-0.020041,0.655423,0.002785,0.465814,0.194602,0.019942,0.503168,0.027800,0.842426
6.016000,-8.512096,0.529507,-0.645987,-7.965152,0.780231,-1.904216,1.904216,3.000000,8.003275,-0.004976,0.000487,0.031645,-0.004219,-0.021558,0.655745,0.002747,0.465599,0.194552,0.019947,0.502968,0.027600,0.855568
6.026000,-8.533691,0.528767,-0.734516,-7.986747,0.779491,-1.992745,1.992745,3.000000,8.024695,-0.004976,0.000486,0.031653,-0.004393,-0.024233,0.656059,0.002714,0.465371,0.194502,0.019952,0.502788,0.027420,0.879130
6.036000,-9.025166,0.578791,-0.718068,-8.478221,0.829515,-1.976296,1.976296,3.000000,8.518705,-0.004976,0.000487,0.032208,-0.003802,-0.022097,0.656380,0.002684,0.465146,0.194452,0.019957,0.502588,0.027220,0.861447
6.046000,-9.262225,0.643350,-0.804769,-8.715281,0.894073,-2.062998,2.062998,3.000000,8.761021,-0.004974,0.000510,0.032400,-0.003167,-0.022737,0.656706,0.002659,0.464916,0.194403,0.019962,0.502568,0.027200,0.870665
6.056000,-9.408798,0.638478,-0.673650,-8.861854,0.889202,-1.931878,1.931878,3.000000,8.906353,-0.004975,0.000499,0.032053,-0.003076,-0.024142,0.657026,0.002632,0.464687,0.194353,0.019967,0.502488,0.027120,0.885261
6.066000,-9.170773,0.599360,-0.737249,-8.623829,0.850084,-1.995478,1.995478,3.000000,8.665625,-0.004976,0.000490,0.029262,-0.002967,-0.022948,0.657325,0.002602,0.464450,0.194303,0.019972,0.502288,0.026920,0.875797
6.076000,-7.959771,0.459137,-1.289066,-7.412827,0.709861,-2.547295,2.547295,3.000000,7.446738,-0.004977,0.000477,0.025922,-0.000496,-0.017390,0.657593,0.002583,0.464267,0.194253,0.019977,0.502288,0.026920,0.831931
6.086000,-7.057578,0.390867,-1.678404,-6.510634,0.641591,-2.936633,2.936633,3.000000,6.542170,-0.004976,0.000490,0.023782,-0.002893,-0.015667,0.657834,0.002552,0.464097,0.194204,0.019981,0.502288,0.026920,0.820373
6.096000,-7.313217,0.457239,-1.616242,-6.766273,0.707962,-2.874470,2.874470,3.000000,6.803209,-0.004973,0.000520,0.024254,-0.002268,-0.018495,0.658070,0.002526,0.463922,0.194154,0.019986,0.502288,0.026920,0.847512
6.106000,-7.890486,0.508792,-1.529613,-7.343541,0.759515,-2.787842,2.787842,3.000000,7.382714,-0.004973,0.000514,0.023943,-0.001273,-0.020454,0.658307,0.002504,0.463724,0.194104,0.019992,0.502288,0.026920,0.867708
6.116000,-8.215279,0.437355,-1.485006,-7.668335,0.688079,-2.743235,2.743235,3.000000,7.699144,-0.004980,0.000447,0.023180,-0.002164,-0.018749,0.658539,0.002485,0.463530,0.194054,0.019996,0.502288,0.026920,0.856734
6.126000,-8.191313,0.540856,-1.540862,-7.644369,0.791580,-2.799091,2.799091,3.000000,7.685244,-0.004973,0.000515,0.022275,-0.002492,-0.017918,0.658768,0.002464,0.463335,0.194005,0.020001,0.502288,0.026920,0.853185
6.136000,-7.681296,0.473014,-1.701413,-7.134352,0.723738,-2.959642,2.959642,3.000000,7.170967,-0.004974,0.000505,0.021147,-0.001178,-0.013790,0.658984,0.002442,0.463180,0.193955,0.020006,0.502288,0.026920,0.820950
6.146000,-7.036315,0.409819,-1.916921,-6.489371,0.660543,-3.175150,3.175150,3.000000,6.522902,-0.004974,0.000506,0.020962,-0.001456,-0.010451,0.659198,0.002422,0.463063,0.193905,0.020011,0.502288,0.026920,0.794729
6.156000,-6.751053,0.430745,-2.139019,-6.204108,0.681469,-3.397248,3.397248,3.000000,6.241423,-0.004970,0.000546,0.021867,-0.001571,-0.007785,0.659413,0.002403,0.462990,0.193855,0.020017,0.502288,0.026920,0.773415
6.166000,-7.019843,0.479980,-2.109422,-6.472898,0.730704,-3.367651,3.367651,3.000000,6.514011,-0.004968,0.000561,0.023770,-0.003297,-0.005382,0.659647,0.002370,0.462913,0.193806,0.020022,0.502288,0.026920,0.754413
6.176000,-7.175078,0.540095,-2.110598,-6.628134,0.790818,-3.368826,3.368826,3.000000,6.675144,-0.004965,0.000592,0.024580,-0.003291,-0.003413,0.659892,0.002345,0.462875,0.193756,0.020028,0.502288,0.026920,0.738397
6.186000,-7.198914,0.547573,-2.105023,-6.651969,0.798296,-3.363251,3.363251,3.000000,6.699700,-0.004964,0.000596,0.026322,-0.003057,-0.000753,0.660150,0.002321,0.462865,0.193706,0.020034,0.502288,0.026920,0.716007
6.196000,-7.089711,0.642187,-2.036299,-6.542767,0.892911,-3.294528,3.294528,3.000000,6.603415,-0.004954,0.000676,0.026745,-0.003731,0.000946,0.660413,0.002289,0.462872,0.193657,0.020040,0.502288,0.026920,0.701453
6.206000,-7.026138,0.610536,-1.876433,-6.479194,0.861260,-3.134662,3.134662,3.000000,6.536185,-0.004956,0.000659,0.026301,-0.002664,0.004111,0.660680,0.002262,0.462902,0.193607,0.020047,0.502288,0.026920,0.674061
6.216000,-6.778615,0.537320,-2.000779,-6.231671,0.788044,-3.259008,3.259008,3.000000,6.281301,-0.004960,0.000627,0.025432,-0.002014,0.004364,0.660934,0.002242,0.462943,0.193558,0.020053,0.502288,0.026920,0.671180
6.226000,-6.842097,0.539949,-1.951710,-6.295153,0.790673,-3.209939,3.209939,3.000000,6.344613,-0.004961,0.000623,0.024790,-0.002145,0.003199,0.661181,0.002221,0.462977,0.193508,0.020060,0.502288,0.026920,0.680456
6.236000,-7.137183,0.570077,-1.806464,-6.590239,0.820801,-3.064693,3.064693,3.000000,6.641157,-0.004962,0.000618,0.024481,-0.002037,0.003381,0.661423,0.002195,0.463014,0.193458,0.020066,0.502288,0.026920,0.678233
6.246000,-7.305786,0.544009,-1.680670,-6.758842,0.794732,-2.938899,2.938899,3.000000,6.805405,-0.004966,0.000584,0.024682,-0.002637,0.002157,0.661670,0.002172,0.463028,0.193409,0.020072,0.502288,0.026920,0.688384
6.256000,-7.485539,0.587831,-1.453502,-6.938595,0.838555,-2.711730,2.711730,3.000000,6.989083,-0.004964,0.000600,0.023960,-0.002465,0.000731,0.661909,0.002151,0.463046,0.193359,0.020078,0.502288,0.026920,0.700153
6.266000,-7.555553,0.608048,-1.353435,-7.008609,0.858772,-2.611664,2.611664,3.000000,7.061026,-0.004963,0.000608,0.023960,-0.002711,0.001511,0.662148,0.002125,0.463063,0.193309,0.020084,0.502288,0.026920,0.693223
6.276000,-7.359719,0.556701,-1.308628,-6.812775,0.807424,-2.566857,2.566857,3.000000,6.860454,-0.004965,0.000588,0.024258,-0.003077,0.001286,0.662388,0.002095,0.463086,0.193260,0.020090,0.502288,0.026920,0.694712
6.286000,-6.974136,0.528775,-1.270894,-6.427192,0.779498,-2.529123,2.529123,3.000000,6.474289,-0.004964,0.000602,0.022821,-0.003406,0.003603,0.662624,0.002072,0.463121,0.193210,0.020096,0.502288,0.026920,0.674430
6.296000,-6.460309,0.523067,-1.245164,-5.913365,0.773791,-2.503393,2.503393,3.000000,5.963777,-0.004958,0.000649,0.020901,-0.001994,0.005674,0.662838,0.002054,0.463159,0.193161,0.020102,0.502288,0.026920,0.656176
6.306000,-6.012409,0.449872,-1.259948,-5.465465,0.700596,-2.518176,2.518176,3.000000,5.510185,-0.004959,0.000636,0.019280,-0.001412,0.003570,0.663035,0.002037,0.463201,0.193111,0.020108,0.502288,0.026920,0.673279
6.316000,-5.997935,0.468068,-1.078489,-5.450991,0.718791,-2.336718,2.336718,3.000000,5.498178,-0.004957,0.000654,0.018559,-0.001574,0.003553,0.663222,0.002020,0.463253,0.193061,0.020115,0.502288,0.026920,0.672477
6.326000,-6.208031,0.467237,-0.827695,-5.661087,0.717961,-2.085924,2.085924,3.000000,5.706433,-0.004960,0.000629,0.018633,-0.000642,0.003270,0.663409,0.002010,0.463279,0.193012,0.020121,0.502288,0.026920,0.674401
6.336000,-6.323125,0.388655,-0.542846,-5.776181,0.639379,-1.801075,1.801075,3.000000,5.811461,-0.004970,0.000550,0.016707,-0.000774,0.003348,0.663579,0.002003,0.463304,0.192962,0.020127,0.502148,0.026780,0.670783
6.346000,-5.833088,0.281690,-0.476707,-5.286143,0.532414,-1.734936,1.734936,3.000000,5.312888,-0.004975,0.000501,0.013041,-0.001653,0.002957,0.663723,0.001992,0.463334,0.192912,0.020132,0.501948,0.026580,0.669952
6.356000,-5.052536,0.301588,-0.478394,-4.505592,0.552312,-1.736622,1.736622,3.000000,4.539318,-0.004963,0.000608,0.010570,-0.000937,0.003557,0.663836,0.001984,0.463371,0.192863,0.020138,0.501748,0.026380,0.660597
6.366000,-4.249134,0.244050,-0.471633,-3.702190,0.494774,-1.729862,1.729862,3.000000,3.735105,-0.004956,0.000662,0.006450,-0.000666,0.003795,0.663909,0.001972,0.463420,0.192813,0.020144,0.501548,0.026180,0.654094
6.376000,-3.568076,0.145669,-0.387641,-3.021131,0.396393,-1.645870,1.645870,3.000000,3.047025,-0.004958,0.000650,0.002588,-0.001956,0.004937,0.663943,0.001959,0.463468,0.192764,0.020151,0.501348,0.025980,0.639949
6.386000,-3.233001,0.154475,-0.289907,-2.686057,0.405199,-1.548136,1.548136,3.000000,2.716447,-0.004944,0.000746,0.000898,-0.001523,0.001588,0.663954,0.001952,0.463494,0.192714,0.020158,0.501148,0.025780,0.664297
6.396000,-3.531836,0.229777,0.066697,-2.984891,0.480501,-1.191532,1.191532,3.000000,3.023319,-0.004936,0.000795,0.000050,-0.001571,-0.001189,0.663954,0.001935,0.463495,0.192665,0.020165,0.500948,0.025580,0.684247
6.406000,-3.907187,0.285376,0.307925,-3.360243,0.536100,-0.950303,0.950303,3.000000,3.402739,-0.004938,0.000788,0.000058,-0.000608,-0.001211,0.663951,0.001931,0.463481,0.192615,0.020173,0.500808,0.025440,0.682164
6.416000,-3.841888,0.374052,0.344746,-3.294944,0.624776,-0.913483,0.913483,3.000000,3.353655,-0.004912,0.000931,-0.000030,-0.000154,-0.000440,0.663948,0.001927,0.463478,0.192566,0.020182,0.500808,0.025440,0.675669
6.426000,-3.601827,0.370960,0.309759,-3.054883,0.621684,-0.948470,0.948470,3.000000,3.117499,-0.004900,0.000997,-0.000311,0.000132,0.002746,0.663946,0.001922,0.463495,0.192517,0.020192,0.500808,0.025440,0.648327
6.436000,-3.226435,0.416167,0.209091,-2.679490,0.666891,-1.049138,1.049138,3.000000,2.761234,-0.004852,0.001208,-0.000427,0.000904,0.002503,0.663942,0.001920,0.463519,0.192468,0.020203,0.500668,0.025300,0.647442
6.446000,-2.803207,0.445013,0.277762,-2.256263,0.695737,-0.980467,0.980467,3.000000,2.361096,-0.004778,0.001473,-0.000032,0.001520,0.002386,0.663938,0.001922,0.463548,0.192420,0.020216,0.500568,0.025200,0.646107
6.456000,-2.462263,0.385919,0.495986,-1.915318,0.636643,-0.762243,0.762243,3.000000,2.018355,-0.004745,0.001577,-0.000313,0.000490,0.001306,0.663935,0.001924,0.463560,0.192372,0.020231,0.500568,0.025200,0.655054
6.466000,-2.068681,0.474157,0.667581,-1.521737,0.724881,-0.590648,0.590648,3.000000,1.685567,-0.004514,0.002150,-0.000537,-0.001681,-0.000467,0.663931,0.001921,0.463562,0.192326,0.020250,0.500568,0.025200,0.670070
6.476000,-1.545225,0.469626,0.666123,-0.998281,0.720350,-0.592105,0.592105,3.000000,1.231044,-0.004055,0.002926,-0.000342,0.000622,0.001359,0.663927,0.001928,0.463564,0.192283,0.020276,0.500568,0.025200,0.654524
6.486000,-1.083321,0.427879,0.694121,-0.536377,0.678603,-0.564108,0.564108,3.000000,0.864987,0.000000,0.000000,-0.000186,0.001669,0.001522,0.663924,0.001937,0.463573,0.192261,0.020296,0.500568,0.025200,0.652982
6.496000,-0.598296,0.385933,0.688688,-0.051352,0.636657,-0.569541,0.569541,3.000000,0.638725,0.000000,0.000000,-0.000146,0.000949,0.001973,0.663923,0.001945,0.463582,0.192261,0.020296,0.500568,0.025200,0.649005
6.506000,-0.378188,0.309321,0.809564,0.168756,0.560045,-0.448665,0.448665,3.000000,0.584918,0.000000,0.000000,-0.000140,0.001960,0.001136,0.663923,0.001956,0.463583,0.192261,0.020296,0.500568,0.025200,0.656090
6.516000,-0.252069,0.189313,0.936361,0.294876,0.440036,-0.321868,0.321868,3.000000,0.529701,0.000000,0.000000,0.000123,0.001817,-0.000534,0.663923,0.001969,0.463576,0.192261,0.020296,0.500568,0.025200,0.670389
6.526000,-0.098993,0.033549,1.025053,0.447951,0.284272,-0.233176,0.233176,3.000000,0.530538,0.000000,0.000000,-0.000461,0.003447,-0.000719,0.663920,0.001994,0.463566,0.192261,0.020296,0.500568,0.025200,0.672133
6.536000,0.113961,-0.060260,1.198524,0.660905,0.190464,-0.059705,0.059705,3.000000,0.687802,0.000000,0.000000,-0.000021,0.000695,-0.002352,0.663916,0.002012,0.463543,0.192261,0.020296,0.500568,0.025200,0.686406
6.546000,0.417491,-0.110469,1.413069,0.964436,0.140255,0.154840,0.000000,3.000000,0.974581,0.000000,0.000000,-0.000420,0.000573,-0.000849,0.663912,0.002027,0.463530,0.192261,0.020296,0.500568,0.025200,0.673879
6.556000,0.830640,-0.312832,1.504911,1.377584,-0.062108,0.246682,0.000000,3.000000,1.378984,0.004995,-0.000225,-0.000332,0.002901,0.000547,0.663908,0.002053,0.463526,0.192311,0.020298,0.500568,0.025200,0.662117
6.566000,1.017351,-0.520587,1.561817,1.564295,-0.269863,0.303588,0.000000,3.000000,1.587402,0.004927,-0.000850,-0.000053,0.002998,-0.001212,0.663908,0.002079,0.463519,0.192360,0.020291,0.500568,0.025200,0.677164
6.576000,1.187124,-0.556297,1.544357,1.734068,-0.305573,0.286129,0.000000,3.000000,1.760786,0.004924,-0.000868,0.000387,0.002604,-0.000215,0.663907,0.002091,0.463521,0.192409,0.020282,0.500568,0.025200,0.668660
6.586000,1.218403,-0.599822,1.577562,1.765347,-0.349098,0.319333,0.000000,3.000000,1.799533,0.004905,-0.000970,-0.000013,0.000987,0.000447,0.663906,0.002097,0.463526,0.192459,0.020273,0.500568,0.025200,0.662958
6.596000,1.280242,-0.631802,1.588220,1.827186,-0.381078,0.329992,0.000000,3.000000,1.866502,0.004895,-0.001021,-0.000149,0.001261,-0.000211,0.663906,0.002107,0.463528,0.192507,0.020263,0.500568,0.025200,0.668501
6.606000,1.312122,-0.609001,1.628537,1.859066,-0.358278,0.370308,0.000000,3.000000,1.893275,0.004910,-0.000946,-0.000256,-0.000370,0.001320,0.663906,0.002103,0.463532,0.192557,0.020253,0.500568,0.025200,0.655441
6.616000,1.391529,-0.559770,1.640086,1.938473,-0.309046,0.381857,0.000000,3.000000,1.962954,0.004938,-0.000787,-0.000041,-0.000006,0.002094,0.663905,0.002101,0.463536,0.192606,0.020244,0.500568,0.025200,0.648807
6.626000,1.383256,-0.563865,1.689638,1.930200,-0.313141,0.431410,0.000000,3.000000,1.955436,0.004935,-0.000801,0.000004,0.000264,-0.000762,0.663905,0.002098,0.463531,0.192655,0.020237,0.500568,0.025200,0.673121
6.636000,1.450318,-0.517322,1.675029,1.997262,-0.266599,0.416800,0.000000,3.000000,2.014977,0.004956,-0.000662,-0.000113,-0.000033,-0.000687,0.663905,0.002092,0.463534,0.192705,0.020229,0.500568,0.025200,0.672436
6.646000,1.517679,-0.613069,1.683986,2.064623,-0.362345,0.425757,0.000000,3.000000,2.096178,0.004925,-0.000864,0.000173,0.000819,-0.000067,0.663906,0.002094,0.463536,0.192754,0.020222,0.500568,0.025200,0.667148
6.656000,1.547950,-0.629441,1.670053,2.094895,-0.378717,0.411824,0.000000,3.000000,2.128852,0.004920,-0.000889,-0.000110,0.000541,-0.000168,0.663905,0.002096,0.463527,0.192803,0.020213,0.500568,0.025200,0.668166
6.666000,1.627610,-0.599306,1.661302,2.174554,-0.348583,0.403073,0.000000,3.000000,2.202316,0.004937,-0.000791,-0.000304,-0.000203,-0.000363,0.663904,0.002098,0.463526,0.192853,0.020205,0.500568,0.025200,0.669829
6.676000,1.608958,-0.585349,1.724775,2.155902,-0.334625,0.466546,0.000000,3.000000,2.181716,0.004941,-0.000767,-0.000100,0.001324,-0.000052,0.663904,0.002105,0.463523,0.192902,0.020197,0.500568,0.025200,0.667243
6.686000,1.617143,-0.630150,1.762333,2.164087,-0.379426,0.504104,0.000000,3.000000,2.197098,0.004925,-0.000863,-0.000063,0.000457,0.000205,0.663904,0.002106,0.463522,0.192951,0.020188,0.500568,0.025200,0.665085
6.696000,1.640075,-0.649541,1.819490,2.187020,-0.398818,0.561262,0.000000,3.000000,2.223086,0.004919,-0.000897,-0.000246,-0.000047,-0.001345,0.663904,0.002111,0.463517,0.193000,0.020179,0.500568,0.025200,0.678327
6.706000,1.611449,-0.651319,1.871140,2.158393,-0.400596,0.612911,0.000000,3.000000,2.195254,0.004916,-0.000912,0.000130,-0.000756,0.000109,0.663904,0.002111,0.463521,0.193050,0.020170,0.500568,0.025200,0.665907
6.716000,1.648661,-0.655117,1.841121,2.195605,-0.404394,0.582892,0.000000,3.000000,2.232536,0.004917,-0.000906,-0.000085,0.001516,0.001284,0.663902,0.002119,0.463522,0.193099,0.020161,0.500568,0.025200,0.655925
6.726000,1.665011,-0.693110,1.863898,2.211955,-0.442386,0.605669,0.000000,3.000000,2.255760,0.004903,-0.000981,-0.000080,0.000745,-0.000151,0.663904,0.002118,0.463520,0.193148,0.020152,0.500568,0.025200,0.668145
6.736000,1.705807,-0.682648,1.857348,2.252752,-0.431924,0.599119,0.000000,3.000000,2.293785,0.004911,-0.000942,-0.000155,-0.000797,0.000991,0.663903,0.002112,0.463528,0.193197,0.020142,0.500568,0.025200,0.658307
6.746000,1.666653,-0.699824,1.851443,2.213598,-0.449100,0.593214,0.000000,3.000000,2.258696,0.004900,-0.000994,-0.000152,0.002408,-0.000207,0.663903,0.002120,0.463526,0.193246,0.020133,0.500568,0.025200,0.668500
6.756000,1.710608,-0.788504,1.771313,2.257552,-0.537780,0.513084,0.000000,3.000000,2.320722,0.004864,-0.001159,-0.000046,0.000579,0.001400,0.663902,0.002123,0.463536,0.193295,0.020121,0.500568,0.025200,0.654692
6.766000,1.841333,-0.796041,1.699745,2.388277,-0.545317,0.441516,0.000000,3.000000,2.449743,0.004875,-0.001113,-0.000095,0.000091,-0.000303,0.663901,0.002129,0.463543,0.193343,0.020110,0.500568,0.025200,0.669017
6.776000,2.001253,-0.781744,1.722422,2.548197,-0.531021,0.464194,0.000000,3.000000,2.602939,0.004895,-0.001020,-0.000196,0.000736,0.001407,0.663898,0.002140,0.463558,0.193392,0.020100,0.500568,0.025200,0.654237
6.786000,2.322786,-0.824555,1.668693,2.869730,-0.573831,0.410464,0.000000,3.000000,2.926540,0.004903,-0.000980,-0.000381,0.000389,0.001204,0.663894,0.002148,0.463574,0.193441,0.020090,0.500568,0.025200,0.655666
6.796000,2.592119,-0.835318,1.702997,3.139064,-0.584594,0.444769,0.000000,3.000000,3.193035,0.004915,-0.000915,-0.000730,0.000731,0.002508,0.663887,0.002154,0.463602,0.193490,0.020080,0.500568,0.025200,0.644113
6.806000,2.951194,-0.810621,1.614533,3.498138,-0.559897,0.356304,0.000000,3.000000,3.542662,0.004937,-0.000790,-0.001091,0.000925,0.004468,0.663879,0.002157,0.463640,0.193540,0.020071,0.500568,0.025200,0.626790
6.816000,3.330126,-0.811751,1.496557,3.877071,-0.561027,0.238329,0.000000,3.000000,3.917452,0.004948,-0.000716,-0.001044,-0.001186,0.005148,0.663870,0.002153,0.463687,0.193589,0.020064,0.500568,0.025200,0.620173
6.826000,3.530070,-0.785584,1.435276,4.077014,-0.534861,0.177047,0.000000,3.000000,4.111948,0.004958,-0.000650,-0.000850,0.000900,0.004411,0.663861,0.002158,0.463736,0.193639,0.020057,0.500568,0.025200,0.625549
6.836000,3.345534,-0.778249,1.606969,3.892478,-0.527525,0.348741,0.000000,3.000000,3.928062,0.004955,-0.000671,-0.000395,0.000736,0.004253,0.663854,0.002156,0.463778,0.193688,0.020051,0.500568,0.025200,0.626130
6.846000,2.959147,-0.812151,1.823795,3.506091,-0.561427,0.565566,0.000000,3.000000,3.550757,0.004937,-0.000791,-0.000200,-0.000109,0.000242,0.663851,0.002155,0.463791,0.193738,0.020043,0.500568,0.025200,0.659923
6.856000,2.539652,-0.727827,2.018840,3.086597,-0.477103,0.760612,0.000000,3.000000,3.123253,0.004941,-0.000764,0.000146,-0.001366,-0.001979,0.663851,0.002153,0.463784,0.193787,0.020036,0.500568,0.025200,0.678902
6.866000,2.332683,-0.680844,2.059054,2.879627,-0.430121,0.800825,0.000000,3.000000,2.911573,0.004945,-0.000739,-0.000144,-0.000719,-0.001470,0.663849,0.002154,0.463773,0.193836,0.020028,0.500568,0.025200,0.674791
6.876000,2.370112,-0.716214,2.129346,2.917056,-0.465490,0.871117,0.000000,3.000000,2.953963,0.004938,-0.000788,-0.000185,-0.000433,-0.002993,0.663846,0.002152,0.463751,0.193886,0.020021,0.500568,0.025200,0.688092
6.886000,2.498872,-0.647080,2.126630,3.045817,-0.396356,0.868401,0.000000,3.000000,3.071497,0.004958,-0.000645,-0.000433,-0.000476,-0.000861,0.663845,0.002148,0.463746,0.193935,0.020014,0.500568,0.025200,0.670094
6.896000,2.473381,-0.659907,2.149263,3.020325,-0.409183,0.891034,0.000000,3.000000,3.047916,0.004955,-0.000671,-0.000381,0.000486,-0.002039,0.663842,0.002142,0.463729,0.193985,0.020007,0.500568,0.025200,0.680398
6.906000,2.297190,-0.523890,2.306074,2.844135,-0.273166,1.047846,0.000000,3.000000,2.857223,0.004977,-0.000478,-0.001089,-0.003340,-0.003936,0.663833,0.002121,0.463693,0.194035,0.020001,0.500568,0.025200,0.697143
6.916000,2.234255,-0.367776,2.591434,2.781199,-0.117053,1.333205,0.000000,3.000000,2.783662,0.004996,-0.000210,-0.001808,-0.001955,-0.005889,0.663818,0.002107,0.463640,0.194084,0.019998,0.500568,0.025200,0.714660
6.926000,2.405569,-0.293172,2.801044,2.952513,-0.042448,1.542815,0.000000,3.000000,2.952818,0.004999,-0.000072,-0.002609,-0.001214,-0.007373,0.663795,0.002089,0.463562,0.194134,0.019997,0.500568,0.025200,0.728670
6.936000,2.561444,-0.196581,2.939804,3.108388,0.054142,1.681576,0.000000,3.000000,3.108860,0.004999,0.000087,-0.002882,-0.002584,-0.007989,0.663767,0.002068,0.463477,0.194184,0.019997,0.500568,0.025200,0.735426
6.946000,2.739485,-0.090701,2.966313,3.286429,0.160023,1.708084,0.000000,3.000000,3.290323,0.004994,0.000243,-0.002592,-0.001543,-0.008204,0.663740,0.002050,0.463388,0.194234,0.019999,0.500568,0.025200,0.738845
6.956000,2.905615,-0.021377,2.921437,3.452559,0.229347,1.663208,0.000000,3.000000,3.460169,0.004989,0.000331,-0.002598,-0.001214,-0.007554,0.663717,0.002040,0.463316,0.194284,0.020002,0.500568,0.025200,0.734632
6.966000,3.031256,-0.032695,2.823580,3.578200,0.218029,1.565352,0.000000,3.000000,3.584837,0.004991,0.000304,-0.001860,-0.001824,-0.006466,0.663698,0.002034,0.463253,0.194334,0.020005,0.500568,0.025200,0.726528
6.976000,3.179771,0.003645,2.747667,3.726715,0.254369,1.489438,0.000000,3.000000,3.735386,0.004988,0.000340,-0.001451,0.000237,-0.005880,0.663683,0.002040,0.463201,0.194384,0.020008,0.500568,0.025200,0.722504
6.986000,3.253185,0.060175,2.742170,3.800129,0.310898,1.483941,0.000000,3.000000,3.812826,0.004983,0.000408,-0.001626,-0.000283,-0.006200,0.663669,0.002035,0.463150,0.194434,0.020012,0.500568,0.025200,0.726123
6.996000,3.279755,0.162610,2.810711,3.826699,0.413334,1.552482,0.000000,3.000000,3.848957,0.004971,0.000537,-0.001502,-0.001919,-0.005676,0.663657,0.002026,0.463098,0.194484,0.020017,0.500568,0.025200,0.722627
7.006000,3.263377,0.264022,2.965753,3.810321,0.514746,1.707525,0.000000,3.000000,3.844933,0.004955,0.000669,-0.001627,-0.001641,-0.005280,0.663642,0.002022,0.463033,0.194533,0.020023,0.500568,0.025200,0.720438
7.016000,3.219157,0.215975,3.192613,3.766101,0.466699,1.934385,0.000000,3.000000,3.794908,0.004962,0.000615,-0.002368,-0.000153,-0.009290,0.663621,0.002020,0.462942,0.194583,0.020030,0.500568,0.025200,0.756102
7.026000,3.164255,0.176114,3.393927,3.711199,0.426837,2.135699,0.000000,3.000000,3.735665,0.004967,0.000571,-0.002985,0.001318,-0.010534,0.663594,0.002025,0.462844,0.194633,0.020035,0.500568,0.025200,0.768401
7.036000,3.076231,0.125159,3.562341,3.623175,0.375883,2.304112,0.000000,3.000000,3.642620,0.004973,0.000516,-0.003448,0.001303,-0.010663,0.663561,0.002031,0.462741,0.194682,0.020041,0.500568,0.025200,0.771357
7.046000,3.033227,0.050361,3.707889,3.580171,0.301085,2.449660,0.000000,3.000000,3.592809,0.004982,0.000419,-0.003428,0.000823,-0.012786,0.663525,0.002047,0.462622,0.194732,0.020045,0.500568,0.025200,0.791520
7.056000,2.936321,0.000415,3.767312,3.483266,0.251139,2.509083,0.000000,3.000000,3.492307,0.004987,0.000360,-0.003596,0.001131,-0.012998,0.663487,0.002071,0.462501,0.194782,0.020049,0.500568,0.025200,0.795498
7.066000,2.937772,-0.091220,3.690463,3.484717,0.159504,2.432235,0.000000,3.000000,3.488365,0.004995,0.000229,-0.003675,0.001249,-0.011321,0.663448,0.002091,0.462386,0.194832,0.020052,0.500568,0.025200,0.783342
7.076000,2.990298,-0.175829,3.469336,3.537242,0.074895,2.211107,0.000000,3.000000,3.538035,0.004999,0.000106,-0.003744,0.000368,-0.010218,0.663412,0.002097,0.462279,0.194882,0.020054,0.500568,0.025200,0.775894
7.086000,3.078762,-0.276748,3.271159,3.625707,-0.026024,2.012930,0.000000,3.000000,3.625800,0.005000,-0.000036,-0.002773,-0.000356,-0.009295,0.663382,0.002103,0.462192,0.194932,0.020054,0.500568,0.025200,0.769634
7.096000,3.133311,-0.236680,3.039449,3.680256,0.014044,1.781221,0.000000,3.000000,3.680282,0.005000,0.000019,-0.001905,-0.001727,-0.005473,0.663359,0.002099,0.462127,0.194982,0.020054,0.500568,0.025200,0.738376
7.106000,3.146398,-0.195618,2.859490,3.693343,0.055106,1.601261,0.000000,3.000000,3.693754,0.004999,0.000075,-0.001499,-0.000700,-0.004703,0.663343,0.002095,0.462073,0.195032,0.020054,0.500568,0.025200,0.732814
7.116000,3.196113,-0.261393,2.657200,3.743058,-0.010669,1.398971,0.000000,3.000000,3.743073,0.005000,-0.000014,-0.000870,0.001062,-0.003143,0.663333,0.002096,0.462038,0.195082,0.020054,0.500568,0.025200,0.720210
7.126000,3.139929,-0.354127,2.514945,3.686873,-0.103403,1.256716,0.000000,3.000000,3.688323,0.004998,-0.000140,-0.000592,0.000021,-0.001406,0.663326,0.002093,0.462020,0.195132,0.020053,0.500568,0.025200,0.705793
7.136000,3.059236,-0.368177,2.519945,3.606180,-0.117453,1.261717,0.000000,3.000000,3.608092,0.004997,-0.000163,-0.000510,0.001314,-0.002102,0.663323,0.002098,0.462001,0.195182,0.020052,0.500568,0.025200,0.712044
7.146000,3.040349,-0.390760,2.539240,3.587293,-0.140037,1.281012,0.000000,3.000000,3.590025,0.004996,-0.000195,-0.000060,0.000294,-0.001005,0.663319,0.002096,0.461989,0.195232,0.020050,0.500568,0.025200,0.702941
7.156000,3.068663,-0.383325,2.546542,3.615607,-0.132602,1.288314,0.000000,3.000000,3.618038,0.004997,-0.000183,-0.000078,-0.000548,-0.000154,0.663316,0.002093,0.461980,0.195282,0.020048,0.500568,0.025200,0.695877
7.166000,3.072233,-0.371144,2.644347,3.619177,-0.120421,1.386118,0.000000,3.000000,3.621180,0.004997,-0.000166,-0.000113,-0.000951,-0.000740,0.663313,0.002083,0.461968,0.195332,0.020046,0.500568,0.025200,0.701086
7.176000,3.104241,-0.204624,2.769224,3.651186,0.046100,1.510995,0.000000,3.000000,3.651477,0.005000,0.000063,0.000189,-0.002556,-0.001301,0.663308,0.002060,0.461950,0.195382,0.020045,0.500568,0.025200,0.706148
7.186000,3.165785,-0.055329,2.834282,3.712730,0.195395,1.576053,0.000000,3.000000,3.717868,0.004993,0.000263,-0.000428,-0.004576,-0.002418,0.663302,0.002027,0.461931,0.195432,0.020047,0.500568,0.025200,0.715977
7.196000,3.162410,0.094522,2.877416,3.709354,0.345246,1.619188,0.000000,3.000000,3.725386,0.004978,0.000463,-0.000182,-0.003558,-0.002442,0.663297,0.001997,0.461917,0.195481,0.020051,0.500568,0.025200,0.716438
7.206000,3.200686,0.170165,2.784848,3.747630,0.420889,1.526619,0.000000,3.000000,3.771191,0.004969,0.000558,-0.000220,-0.002214,0.000902,0.663293,0.001966,0.461918,0.195531,0.020056,0.500568,0.025200,0.688048
7.216000,3.331441,0.205794,2.630880,3.878385,0.456518,1.372651,0.000000,3.000000,3.905161,0.004966,0.000585,-0.000091,-0.002694,0.000333,0.663292,0.001936,0.461920,0.195581,0.020062,0.500568,0.025200,0.692836
7.226000,3.366739,0.259075,2.590466,3.913683,0.509799,1.332237,0.000000,3.000000,3.946747,0.004958,0.000646,0.000092,-0.005063,0.000233,0.663292,0.001896,0.461925,0.195630,0.020068,0.500568,0.025200,0.693597
7.236000,3.458832,0.203722,2.561769,4.005776,0.454446,1.303540,0.000000,3.000000,4.031472,0.004968,0.000564,-0.000758,-0.003098,0.001124,0.663289,0.001871,0.461933,0.195680,0.020074,0.500568,0.025200,0.685889
7.246000,3.533899,0.085019,2.576128,4.080843,0.335743,1.317899,0.000000,3.000000,4.094631,0.004983,0.000410,-0.000239,-0.003814,0.000348,0.663289,0.001835,0.461939,0.195730,0.020079,0.500568,0.025200,0.692370
7.256000,3.694229,0.130123,2.437468,4.241173,0.380847,1.179240,0.000000,3.000000,4.258238,0.004980,0.000447,-0.000708,-0.004962,0.001215,0.663286,0.001790,0.461950,0.195780,0.020083,0.500568,0.025200,0.684812
7.266000,3.776614,0.181374,2.409648,4.323559,0.432097,1.151420,0.000000,3.000000,4.345097,0.004975,0.000497,-0.000274,-0.006367,-0.000028,0.663284,0.001729,0.461954,0.195829,0.020088,0.500568,0.025200,0.695290
7.276000,3.920566,0.200964,2.389840,4.467511,0.451688,1.131611,0.000000,3.000000,4.490287,0.004975,0.000503,-0.000350,-0.006446,0.000604,0.663279,0.001667,0.461960,0.195879,0.020093,0.500568,0.025200,0.689826
7.286000,4.134734,0.213544,2.277085,4.681678,0.464268,1.018856,0.000000,3.000000,4.704642,0.004976,0.000493,-0.000581,-0.006477,0.000485,0.663274,0.001608,0.461964,0.195929,0.020098,0.500568,0.025200,0.690753
7.296000,4.365562,0.191833,2.251516,4.912506,0.442557,0.993287,0.000000,3.000000,4.932400,0.004980,0.000449,-0.000418,-0.004925,0.001159,0.663268,0.001557,0.461975,0.195979,0.020103,0.500568,0.025200,0.684836
7.306000,4.662649,0.154851,2.170111,5.209594,0.405575,0.911883,0.000000,3.000000,5.225357,0.004985,0.000388,-0.000949,-0.005267,0.002899,0.663260,0.001504,0.461997,0.196029,0.020107,0.500568,0.025200,0.669681
7.316000,4.764003,0.079875,2.203284,5.310948,0.330599,0.945056,0.000000,3.000000,5.321227,0.004990,0.000311,-0.000754,-0.005531,0.002540,0.663255,0.001451,0.462023,0.196078,0.020111,0.500568,0.025200,0.672254
7.326000,4.807588,0.031650,2.212024,5.354533,0.282374,0.953796,0.000000,3.000000,5.361973,0.004993,0.000263,-0.000728,-0.004130,0.002186,0.663248,0.001403,0.462048,0.196128,0.020114,0.500568,0.025200,0.674804
7.336000,4.712523,-0.079195,2.266811,5.259467,0.171528,1.008582,0.000000,3.000000,5.262264,0.004997,0.000163,-0.000786,-0.004895,0.001980,0.663240,0.001360,0.462063,0.196178,0.020116,0.500568,0.025200,0.676277
7.346000,4.543044,-0.218790,2.359551,5.089989,0.031934,1.101323,0.000000,3.000000,5.090089,0.005000,0.000031,-0.000776,-0.003421,0.000095,0.663233,0.001328,0.462069,0.196228,0.020117,0.500568,0.025200,0.692168
7.356000,4.532664,-0.326213,2.392654,5.079608,-0.075489,1.134425,0.000000,3.000000,5.080169,0.004999,-0.000074,-0.000859,-0.002980,0.001434,0.663226,0.001300,0.462079,0.196278,0.020116,0.500568,0.025200,0.680639
7.366000,4.555978,-0.389413,2.445967,5.102922,-0.138689,1.187738,0.000000,3.000000,5.104807,0.004998,-0.000136,-0.000173,-0.003621,0.000748,0.663221,0.001264,0.462085,0.196328,0.020115,0.500568,0.025200,0.686351
7.376000,4.844381,-0.553302,2.415287,5.391325,-0.302578,1.157058,0.000000,3.000000,5.399809,0.004992,-0.000280,-0.000551,-0.003508,0.002906,0.663215,0.001229,0.462105,0.196378,0.020113,0.500568,0.025200,0.667675
7.386000,5.184571,-0.630928,2.369059,5.731515,-0.380205,1.110830,0.000000,3.000000,5.744112,0.004989,-0.000331,-0.001048,-0.005050,0.001700,0.663206,0.001185,0.462134,0.196428,0.020110,0.500568,0.025200,0.677380
7.396000,5.447505,-0.678192,2.343702,5.994449,-0.427468,1.085473,0.000000,3.000000,6.009671,0.004987,-0.000356,-0.001109,-0.005360,0.004737,0.663195,0.001138,0.462180,0.196478,0.020107,0.500568,0.025200,0.650784
7.406000,5.683170,-0.719440,2.212929,6.230114,-0.468716,0.954700,0.000000,3.000000,6.247721,0.004986,-0.000375,-0.001023,-0.005523,0.005169,0.663183,0.001084,0.462233,0.196528,0.020103,0.500568,0.025200,0.646172
7.416000,5.646357,-0.842949,2.223779,6.193302,-0.592226,0.965550,0.000000,3.000000,6.221553,0.004977,-0.000476,-0.001352,-0.004326,0.005878,0.663170,0.001037,0.462294,0.196578,0.020099,0.500568,0.025200,0.639059
7.426000,5.512852,-1.004366,2.291128,6.059796,-0.753642,1.032900,0.000000,3.000000,6.106481,0.004962,-0.000617,-0.001784,-0.003894,0.005251,0.663156,0.000997,0.462345,0.196627,0.020093,0.500568,0.025200,0.643450
7.436000,5.316024,-0.922512,2.397869,5.862968,-0.671788,1.139640,0.000000,3.000000,5.901330,0.004967,-0.000569,-0.001342,-0.003436,0.003478,0.663140,0.000954,0.462387,0.196677,0.020087,0.500568,0.025200,0.657739
7.446000,5.256643,-0.784499,2.435699,5.803588,-0.533776,1.177471,0.000000,3.000000,5.828083,0.004979,-0.000458,-0.001196,-0.007510,0.004156,0.663127,0.000889,0.462425,0.196727,0.020082,0.500568,0.025200,0.651296
7.456000,5.412070,-0.789582,2.420934,5.959014,-0.538858,1.162705,0.000000,3.000000,5.983328,0.004980,-0.000450,-0.001706,-0.004775,0.005173,0.663114,0.000840,0.462469,0.196777,0.020078,0.500568,0.025200,0.641878
7.466000,5.675639,-0.821856,2.462821,6.222584,-0.571132,1.204592,0.000000,3.000000,6.248739,0.004979,-0.000457,-0.001581,-0.003954,0.003937,0.663099,0.000794,0.462519,0.196826,0.020073,0.500568,0.025200,0.651467
7.476000,6.040823,-0.786181,2.425212,6.587767,-0.535458,1.166984,0.000000,3.000000,6.609492,0.004984,-0.000405,-0.001765,-0.005099,0.007493,0.663083,0.000744,0.462590,0.196876,0.020069,0.500568,0.025200,0.620017
7.486000,6.375948,-0.734738,2.289343,6.922893,-0.484014,1.031114,0.000000,3.000000,6.939792,0.004988,-0.000349,-0.001750,-0.004755,0.008551,0.663066,0.000689,0.462670,0.196926,0.020065,0.500568,0.025200,0.609610
7.496000,6.420516,-0.760445,2.314520,6.967461,-0.509721,1.056291,0.000000,3.000000,6.986081,0.004987,-0.000365,-0.002003,-0.002658,0.006925,0.663048,0.000649,0.462749,0.196976,0.020061,0.500568,0.025200,0.621982
7.506000,6.308797,-0.774686,2.368768,6.855741,-0.523962,1.110540,0.000000,3.000000,6.875734,0.004985,-0.000381,-0.001604,-0.002297,0.007004,0.663028,0.000615,0.462831,0.197026,0.020058,0.500568,0.025200,0.619837
7.516000,6.045798,-0.786961,2.537980,6.592742,-0.536237,1.279752,0.000000,3.000000,6.614514,0.004984,-0.000405,-0.002343,-0.001062,0.006465,0.663010,0.000592,0.462896,0.197076,0.020054,0.500568,0.025200,0.623230
7.526000,5.957022,-0.751337,2.627132,6.503966,-0.500614,1.368903,0.000000,3.000000,6.523204,0.004985,-0.000384,-0.001169,0.000437,0.005038,0.662996,0.000583,0.462949,0.197125,0.020050,0.500568,0.025200,0.634391
7.536000,6.051945,-0.831535,2.716309,6.598889,-0.580811,1.458081,0.000000,3.000000,6.624401,0.004981,-0.000438,-0.001800,0.000044,0.005232,0.662977,0.000580,0.463005,0.197175,0.020046,0.500568,0.025200,0.631726
7.546000,6.291671,-0.829938,2.779560,6.838615,-0.579214,1.521331,0.000000,3.000000,6.863101,0.004982,-0.000422,-0.002791,0.001370,0.004991,0.662952,0.000588,0.463062,0.197225,0.020041,0.500568,0.025200,0.632744
7.556000,6.740364,-0.880506,2.717632,7.287309,-0.629783,1.459403,0.000000,3.000000,7.314472,0.004981,-0.000431,-0.008376,0.000529,0.008275,0.662885,0.000596,0.463129,0.197275,0.020037,0.500568,0.025200,0.603681
7.566000,7.133575,-1.011686,2.591536,7.680519,-0.760962,1.333307,0.000000,3.000000,7.718124,0.004976,-0.000493,-0.008284,0.001945,0.006640,0.662798,0.000613,0.463194,0.197325,0.020032,0.500568,0.025200,0.616377
7.576000,7.212341,-1.144004,2.489648,7.759285,-0.893280,1.231419,0.000000,3.000000,7.810535,0.004967,-0.000572,-0.008146,0.002143,0.007193,0.662717,0.000631,0.463266,0.197374,0.020027,0.500568,0.025200,0.610408
7.586000,7.101329,-1.234302,2.553964,7.648273,-0.983578,1.295736,0.000000,3.000000,7.711258,0.004959,-0.000638,-0.007874,0.001770,0.006840,0.662636,0.000654,0.463336,0.197424,0.020021,0.500568,0.025200,0.612131
7.596000,7.014014,-1.328641,2.607717,7.560959,-1.077917,1.349489,0.000000,3.000000,7.637408,0.004950,-0.000706,-0.008175,0.002243,0.007462,0.662556,0.000673,0.463407,0.197474,0.020014,0.500568,0.025200,0.605575
7.606000,7.174406,-1.281488,2.599634,7.721350,-1.030764,1.341405,0.000000,3.000000,7.789848,0.004956,-0.000662,-0.007957,-0.000981,0.006250,0.662480,0.000681,0.463473,0.197523,0.020007,0.500568,0.025200,0.614669
7.616000,7.438399,-1.135311,2.651888,7.985343,-0.884587,1.393659,0.000000,3.000000,8.034189,0.004970,-0.000551,-0.007516,-0.001542,0.007994,0.662402,0.000681,0.463557,0.197573,0.020001,0.500568,0.025200,0.598356
7.626000,7.938231,-1.115190,2.554740,8.485175,-0.864466,1.296511,0.000000,3.000000,8.529097,0.004974,-0.000507,-0.008506,-0.002264,0.009831,0.662316,0.000668,0.463659,0.197622,0.019996,0.500568,0.025200,0.580940
7.636000,8.347074,-1.074358,2.596839,8.894018,-0.823634,1.338610,0.000000,3.000000,8.932073,0.004979,-0.000461,-0.008950,-0.002405,0.010274,0.662227,0.000645,0.463765,0.197672,0.019991,0.500568,0.025200,0.575276
7.646000,8.678677,-0.998262,2.662968,9.225622,-0.747538,1.404739,0.000000,3.000000,9.255858,0.004984,-0.000404,-0.008906,-0.002352,0.011549,0.662139,0.000615,0.463882,0.197722,0.019987,0.500568,0.025200,0.562354
7.656000,8.854474,-0.939238,2.662925,9.401419,-0.688514,1.404697,0.000000,3.000000,9.426597,0.004987,-0.000365,-0.008537,-0.002961,0.012037,0.662055,0.000580,0.464001,0.197772,0.019983,0.500568,0.025200,0.556068
7.666000,8.805005,-0.909703,2.787442,9.351949,-0.658979,1.529213,0.000000,3.000000,9.375138,0.004988,-0.000351,-0.007708,-0.003405,0.011948,0.661974,0.000545,0.464122,0.197822,0.019980,0.500568,0.025200,0.554645
7.676000,8.743433,-0.872831,2.954146,9.290377,-0.622107,1.695918,0.000000,3.000000,9.311183,0.004989,-0.000334,-0.007510,-0.002869,0.010966,0.661896,0.000522,0.464236,0.197872,0.019976,0.500568,0.025200,0.560925
7.686000,8.835724,-0.819277,3.031006,9.382668,-0.568553,1.772777,0.000000,3.000000,9.399879,0.004991,-0.000302,-0.006967,-0.002202,0.011024,0.661822,0.000503,0.464351,0.197922,0.019973,0.500568,0.025200,0.558364
7.696000,9.009224,-0.777687,3.029145,9.556168,-0.526963,1.770916,0.000000,3.000000,9.570686,0.004992,-0.000275,-0.007975,-0.003460,0.012346,0.661747,0.000486,0.464473,0.197971,0.019970,0.500568,0.025200,0.544944
7.706000,9.405049,-0.745512,2.930100,9.951993,-0.494788,1.671872,0.000000,3.000000,9.964286,0.004994,-0.000248,-0.008077,-0.004832,0.012800,0.661670,0.000458,0.464615,0.198021,0.019967,0.500568,0.025200,0.538544
7.716000,9.676921,-0.669702,2.856740,10.223866,-0.418978,1.598512,0.000000,3.000000,10.232447,0.004996,-0.000205,-0.008581,-0.003897,0.015262,0.661588,0.000424,0.464772,0.198071,0.019965,0.500568,0.025200,0.514822
7.726000,9.941466,-0.689291,2.829729,10.488411,-0.438567,1.571500,0.000000,3.000000,10.497576,0.004996,-0.000209,-0.010217,-0.005591,0.016878,0.661489,0.000373,0.464938,0.198121,0.019963,0.500568,0.025200,0.498118
7.736000,10.130823,-0.620775,2.862207,10.677767,-0.370051,1.603978,0.000000,3.000000,10.684178,0.004997,-0.000173,-0.011386,-0.005769,0.016517,0.661375,0.000316,0.465095,0.198171,0.019961,0.500568,0.025200,0.498356
7.746000,10.093326,-0.486789,3.021282,10.640271,-0.236065,1.763053,0.000000,3.000000,10.642889,0.004999,-0.000111,-0.012821,-0.005889,0.015105,0.661248,0.000254,0.465259,0.198221,0.019960,0.500568,0.025200,0.507388
7.756000,10.051212,-0.401380,3.153708,10.598157,-0.150656,1.895480,0.000000,3.000000,10.599228,0.004999,-0.000071,-0.013641,-0.005947,0.015464,0.661113,0.000185,0.465415,0.198271,0.019959,0.500568,0.025200,0.501545
7.766000,10.107711,-0.316904,3.218697,10.654655,-0.066180,1.960468,0.000000,3.000000,10.654860,0.005000,-0.000031,-0.014014,-0.006730,0.015180,0.660977,0.000122,0.465569,0.198321,0.019959,0.500568,0.025200,0.501172
7.776000,10.170834,-0.262576,3.359280,10.717778,-0.011853,2.101051,0.000000,3.000000,10.717785,0.005000,-0.000006,-0.014167,-0.004187,0.017886,0.660838,0.000074,0.465734,0.198371,0.019958,0.500568,0.025200,0.475239
7.786000,10.512808,-0.277227,3.388449,11.059752,-0.026503,2.130221,0.000000,3.000000,11.059784,0.005000,-0.000012,-0.014393,-0.005187,0.017737,0.660698,0.000019,0.465907,0.198421,0.019958,0.500568,0.025200,0.473401
7.796000,11.060915,-0.325825,3.236340,11.607860,-0.075101,1.978112,0.000000,3.000000,11.608103,0.005000,-0.000032,-0.015565,-0.005972,0.021241,0.660546,-0.000035,0.466119,0.198471,0.019958,0.500568,0.025200,0.439842
7.806000,11.309804,-0.295255,3.182296,11.856748,-0.044531,1.924067,0.000000,3.000000,11.856832,0.005000,-0.000019,-0.016255,-0.006736,0.021843,0.660387,-0.000090,0.466336,0.198521,0.019958,0.500568,0.025200,0.430837
7.816000,11.285694,-0.333932,3.237770,11.832638,-0.083208,1.979541,0.000000,3.000000,11.832931,0.005000,-0.000035,-0.016927,-0.005702,0.023045,0.660215,-0.000150,0.466575,0.198571,0.019958,0.500568,0.025200,0.416322
7.826000,10.838261,-0.251143,3.427971,11.385205,-0.000419,2.169742,0.000000,3.000000,11.385205,0.005000,-0.000000,-0.016706,-0.008162,0.021309,0.660051,-0.000228,0.466782,0.198621,0.019957,0.500568,0.025200,0.427338
7.836000,10.357797,-0.073426,3.689630,10.904741,0.177297,2.431402,0.000000,3.000000,10.906182,0.004999,0.000081,-0.016374,-0.006324,0.019012,0.659887,-0.000298,0.466970,0.198671,0.019958,0.500568,0.025200,0.443445
7.846000,10.404376,-0.121957,3.864432,10.951320,0.128767,2.606204,0.000000,3.000000,10.952077,0.005000,0.000059,-0.016766,-0.007197,0.018083,0.659718,-0.000364,0.467157,0.198721,0.019959,0.500568,0.025200,0.447959
7.856000,10.927436,-0.160906,3.917667,11.474380,0.089817,2.659438,0.000000,3.000000,11.474732,0.005000,0.000039,-0.018267,-0.005850,0.021348,0.659540,-0.000421,0.467363,0.198771,0.019959,0.500568,0.025200,0.416548
7.866000,11.664360,-0.175558,3.888231,12.211305,0.075166,2.630003,0.000000,3.000000,12.211536,0.005000,0.000031,-0.019129,-0.004795,0.023383,0.659352,-0.000464,0.467593,0.198821,0.019959,0.500568,0.025200,0.395138
7.876000,12.160262,-0.239373,3.952753,12.707206,0.011351,2.694525,0.000000,3.000000,12.707211,0.005000,0.000004,-0.020328,-0.002080,0.023101,0.659152,-0.000485,0.467813,0.198871,0.019960,0.500568,0.025200,0.393568
7.886000,12.025068,-0.228745,4.209766,12.572013,0.021979,2.951538,0.000000,3.000000,12.572032,0.005000,0.000009,-0.019758,-0.000672,0.019791,0.658957,-0.000497,0.468025,0.198921,0.019960,0.500568,0.025200,0.417841
7.896000,11.677664,-0.235072,4.465929,12.224609,0.015651,3.207701,0.000000,3.000000,12.224619,0.005000,0.000006,-0.019184,-0.000058,0.018891,0.658762,-0.000488,0.468230,0.198971,0.019960,0.500568,0.025200,0.421784
7.906000,11.453342,-0.281220,4.792606,12.000286,-0.030496,3.534378,0.000000,3.000000,12.000325,0.005000,-0.000013,-0.019283,0.001802,0.015700,0.658568,-0.000470,0.468387,0.199021,0.019960,0.500568,0.025200,0.446028
7.916000,11.694894,-0.279134,4.980728,12.241838,-0.028410,3.722499,0.000000,3.000000,12.241871,0.005000,-0.000012,-0.020442,0.001984,0.017299,0.658367,-0.000456,0.468552,0.199071,0.019960,0.500568,0.025200,0.429494
7.926000,12.373684,-0.426271,5.072000,12.920628,-0.175548,3.813771,0.000000,3.000000,12.921820,0.005000,-0.000068,-0.021512,0.002332,0.020631,0.658155,-0.000439,0.468742,0.199121,0.019959,0.500568,0.025200,0.397804
7.936000,12.853294,-0.449754,5.268463,13.400238,-0.199030,4.010234,0.000000,3.000000,13.401716,0.004999,-0.000074,-0.021730,0.002637,0.018544,0.657942,-0.000420,0.468918,0.199171,0.019958,0.500568,0.025200,0.412335
7.946000,12.857511,-0.357144,5.527231,13.404456,-0.106421,4.269002,0.000000,3.000000,13.404878,0.005000,-0.000040,-0.021850,0.001013,0.016373,0.657718,-0.000407,0.469087,0.199221,0.019958,0.500568,0.025200,0.427736
7.956000,12.561311,-0.273984,5.750403,13.108255,-0.023260,4.492174,0.000000,3.000000,13.108276,0.005000,-0.000009,-0.022254,0.001995,0.013695,0.657498,-0.000393,0.469226,0.199271,0.019958,0.500568,0.025200,0.447935
7.966000,12.279155,-0.333291,5.919381,12.826099,-0.082568,4.661153,0.000000,3.000000,12.826365,0.005000,-0.000032,-0.023289,0.002713,0.012151,0.657273,-0.000369,0.469345,0.199321,0.019957,0.500568,0.025200,0.458895
7.976000,12.300870,-0.291263,5.949529,12.847815,-0.040539,4.691301,0.000000,3.000000,12.847879,0.005000,-0.000016,-0.024008,0.002168,0.010382,0.657036,-0.000350,0.469455,0.199371,0.019957,0.500568,0.025200,0.471932
7.986000,12.481082,-0.300120,5.934993,13.028026,-0.049396,4.676764,0.000000,3.000000,13.028120,0.005000,-0.000019,-0.026054,0.001803,0.009305,0.656787,-0.000329,0.469557,0.199421,0.019957,0.500568,0.025200,0.479239
7.996000,12.992575,-0.299689,5.786237,13.539519,-0.048966,4.528008,0.000000,3.000000,13.539608,0.005000,-0.000018,-0.029502,0.002095,0.010610,0.656493,-0.000308,0.469656,0.199471,0.019957,0.500568,0.025200,0.466374
8.007000,13.477133,-0.259182,5.593316,14.024078,-0.008458,4.335087,0.000000,3.000000,14.024080,0.005000,-0.000003,-0.034249,0.000994,0.009484,0.656127,-0.000285,0.469760,0.199526,0.019957,0.500568,0.025200,0.474069
8.018000,13.704313,-0.215694,5.527593,14.251257,0.035030,4.269365,0.000000,3.000000,14.251300,0.005000,0.000012,-0.037284,0.002336,0.004464,0.655719,-0.000268,0.469829,0.199581,0.019957,0.500568,0.025200,0.515418
8.029000,13.069986,-0.126282,5.844425,13.616930,0.124442,4.586196,0.000000,3.000000,13.617499,0.005000,0.000046,-0.038764,0.000852,-0.002589,0.655295,-0.000264,0.469820,0.199636,0.019957,0.500568,0.025200,0.575431
8.040000,12.116041,-0.077761,6.506819,12.662986,0.172963,5.248590,0.000000,3.000000,12.664167,0.005000,0.000068,-0.039460,0.000432,-0.010690,0.654861,-0.000256,0.469727,0.199691,0.019958,0.500568,0.025200,0.645838
8.051000,12.411705,-0.089644,6.715607,12.958649,0.161079,5.457378,0.000000,3.000000,12.959650,0.005000,0.000062,-0.041667,0.000796,-0.010732,0.654409,-0.000244,0.469603,0.199746,0.019958,0.500568,0.025200,0.648427
8.062000,13.903063,-0.221389,6.753913,14.450007,0.029334,5.495685,0.000000,3.000000,14.450037,0.005000,0.000010,-0.046467,0.001831,-0.010114,0.653912,-0.000218,0.469481,0.199801,0.019959,0.500568,0.025200,0.645383
8.073000,15.229141,-0.313456,6.657218,15.776086,-0.062732,5.398989,0.000000,3.000000,15.776210,0.005000,-0.000020,-0.051017,0.002489,-0.013225,0.653372,-0.000187,0.469358,0.199856,0.019959,0.500568,0.025200,0.673993
8.084000,15.427022,-0.332207,6.909004,15.973966,-0.081483,5.650776,0.000000,3.000000,15.974174,0.005000,-0.000026,-0.052666,0.003284,-0.014504,0.652785,-0.000153,0.469182,0.199911,0.019958,0.500568,0.025200,0.688009
8.095000,14.842991,-0.323015,7.069697,15.389936,-0.072291,5.811469,0.000000,3.000000,15.390105,0.005000,-0.000023,-0.052494,0.004925,-0.022269,0.652207,-0.000106,0.468951,0.199966,0.019958,0.500568,0.025200,0.758052
8.106000,13.979545,-0.472311,7.542321,14.526489,-0.221587,6.284093,0.000000,3.000000,14.528179,0.004999,-0.000076,-0.051810,0.006711,-0.023443,0.651633,-0.000046,0.468697,0.200021,0.019958,0.500568,0.025200,0.772600
8.117000,13.866484,-0.533952,7.855640,14.413428,-0.283229,6.597411,0.000000,3.000000,14.416211,0.004999,-0.000098,-0.052074,0.004871,-0.026127,0.651065,0.000016,0.468407,0.200076,0.019957,0.500568,0.025200,0.800596
8.128000,15.016751,-0.569859,7.441146,15.563695,-0.319135,6.182918,0.000000,3.000000,15.566966,0.004999,-0.000103,-0.054084,0.004150,-0.021077,0.650483,0.000079,0.468183,0.200131,0.019956,0.500568,0.025200,0.761781
8.139000,16.193789,-0.600446,6.494320,16.740733,-0.349722,5.236091,0.000000,3.000000,16.744385,0.004999,-0.000104,-0.056821,0.004444,-0.012818,0.649867,0.000133,0.467997,0.200186,0.019955,0.500568,0.025200,0.695044
8.150000,17.164492,-0.721162,5.319741,17.711436,-0.470438,4.061512,0.000000,3.000000,17.717683,0.004998,-0.000133,-0.060773,0.003871,-0.006076,0.649215,0.000187,0.467938,0.200241,0.019953,0.500568,0.025200,0.638887
8.161000,16.935839,-0.741135,5.163022,17.482783,-0.490411,3.904794,0.000000,3.000000,17.489660,0.004998,-0.000140,-0.063376,0.004871,-0.009806,0.648507,0.000247,0.467845,0.200296,0.019952,0.500568,0.025200,0.672208
8.172000,15.358233,-0.740896,5.729713,15.905178,-0.490172,4.471484,0.000000,3.000000,15.912729,0.004998,-0.000154,-0.061658,0.004676,-0.014130,0.647824,0.000305,0.467708,0.200351,0.019950,0.500568,0.025200,0.711383
8.183000,13.803986,-0.572667,6.423578,14.350930,-0.321943,5.165349,0.000000,3.000000,14.354541,0.004999,-0.000112,-0.062855,0.004134,-0.017097,0.647141,0.000357,0.467505,0.200406,0.019949,0.500568,0.025200,0.740196
8.194000,13.752853,-0.643085,6.598299,14.299798,-0.392362,5.340071,0.000000,3.000000,14.305179,0.004998,-0.000137,-0.064590,0.006912,-0.017204,0.646440,0.000427,0.467303,0.200461,0.019947,0.500568,0.025200,0.744743
8.205000,14.451966,-0.717646,6.699195,14.998911,-0.466922,5.440967,0.000000,3.000000,15.006177,0.004998,-0.000156,-0.065828,0.006050,-0.020576,0.645719,0.000492,0.467107,0.200516,0.019946,0.500568,0.025200,0.776880
8.216000,14.562110,-0.586091,7.328822,15.109054,-0.335368,6.070593,0.000000,3.000000,15.112775,0.004999,-0.000111,-0.063755,0.007138,-0.020633,0.645017,0.000553,0.466888,0.200571,0.019944,0.500568,0.025200,0.781316
8.227000,14.622579,-0.571017,7.637999,15.169523,-0.320293,6.379771,0.000000,3.000000,15.172904,0.004999,-0.000106,-0.062495,0.005868,-0.016282,0.644325,0.000616,0.466660,0.200626,0.019943,0.500568,0.025200,0.748493
8.238000,15.384153,-0.563168,6.728119,15.931098,-0.312444,5.469891,0.000000,3.000000,15.934161,0.004999,-0.000098,-0.063537,0.005131,-0.010826,0.643631,0.000672,0.466546,0.200681,0.019942,0.500568,0.025200,0.704259
8.249000,14.692874,-0.469441,5.750761,15.239818,-0.218718,4.492532,0.000000,3.000000,15.241387,0.004999,-0.000072,-0.063485,0.004744,-0.006494,0.642938,0.000720,0.466450,0.200736,0.019941,0.500568,0.025200,0.669223
8.260000,13.521797,-0.420576,5.325160,14.068742,-0.169852,4.066932,0.000000,3.000000,14.069767,0.005000,-0.000060,-0.060945,0.005327,-0.006931,0.642258,0.000775,0.466371,0.200791,0.019940,0.500568,0.025200,0.674357
8.271000,12.491634,-0.472116,5.368363,13.038578,-0.221392,4.110134,0.000000,3.000000,13.040457,0.004999,-0.000085,-0.059450,0.006761,-0.008663,0.641595,0.000844,0.466275,0.200846,0.019939,0.500568,0.025200,0.690766
8.282000,12.546149,-0.560212,5.564189,13.093093,-0.309488,4.305960,0.000000,3.000000,13.096750,0.004999,-0.000118,-0.060616,0.007606,-0.005951,0.640932,0.000920,0.466203,0.200901,0.019938,0.500568,0.025200,0.669063
8.293000,13.542080,-0.606882,5.747471,14.089025,-0.356158,4.489243,0.000000,3.000000,14.093526,0.004998,-0.000126,-0.062863,0.007216,-0.003324,0.640241,0.000995,0.466142,0.200956,0.019937,0.500568,0.025200,0.647871
8.304000,15.792558,-0.866711,5.179886,16.339502,-0.615987,3.921657,0.000000,3.000000,16.351109,0.004996,-0.000188,-0.067709,0.007841,0.004213,0.639512,0.001077,0.466171,0.201011,0.019935,0.500568,0.025200,0.583392
8.315000,16.470282,-0.905556,5.498498,17.017226,-0.654832,4.240269,0.000000,3.000000,17.029821,0.004996,-0.000192,-0.067833,0.004377,0.004645,0.638755,0.001141,0.466214,0.201066,0.019933,0.500568,0.025200,0.578948
8.326000,15.426219,-0.843675,6.080470,15.973164,-0.592951,4.822241,0.000000,3.000000,15.984166,0.004997,-0.000185,-0.065295,0.004177,-0.001786,0.638024,0.001196,0.466253,0.201121,0.019931,0.500568,0.025200,0.632826
8.337000,13.980527,-0.822619,6.390267,14.527471,-0.571896,5.132038,0.000000,3.000000,14.538724,0.004996,-0.000197,-0.063238,0.004384,0.003360,0.637330,0.001244,0.466273,0.201176,0.019929,0.500568,0.025200,0.588808
8.348000,12.946125,-0.707376,6.073328,13.493069,-0.456653,4.815099,0.000000,3.000000,13.500794,0.004997,-0.000169,-0.062830,0.001791,-0.002130,0.636641,0.001290,0.466297,0.201231,0.019927,0.500568,0.025200,0.634952
8.359000,11.971043,-0.595912,6.032160,12.517987,-0.345188,4.773932,0.000000,3.000000,12.522746,0.004998,-0.000138,-0.062638,0.003493,-0.001908,0.635965,0.001335,0.466276,0.201286,0.019925,0.500568,0.025200,0.633445
8.370000,12.519163,-0.749763,5.764890,13.066108,-0.499039,4.506662,0.000000,3.000000,13.075634,0.004996,-0.000191,-0.065394,0.006171,-0.000272,0.635245,0.001398,0.466275,0.201341,0.019923,0.500568,0.025200,0.619577
8.381000,13.581047,-0.903889,5.709957,14.127991,-0.653165,4.451729,0.000000,3.000000,14.143082,0.004995,-0.000231,-0.064964,0.006270,0.004052,0.634527,0.001469,0.466307,0.201396,0.019921,0.500568,0.025200,0.582310
8.392000,14.048202,-0.864874,5.795301,14.595147,-0.614150,4.537073,0.000000,3.000000,14.608063,0.004996,-0.000210,-0.067303,0.005953,0.002905,0.633794,0.001538,0.466345,0.201451,0.019919,0.500568,0.025200,0.591360
8.403000,14.312301,-0.860517,5.820962,14.859245,-0.609793,4.562733,0.000000,3.000000,14.871752,0.004996,-0.000205,-0.067789,0.006537,0.004665,0.633046,0.001606,0.466386,0.201506,0.019916,0.500568,0.025200,0.575690
8.414000,14.334032,-0.953030,5.788416,14.880976,-0.702306,4.530187,0.000000,3.000000,14.897540,0.004994,-0.000236,-0.066179,0.005556,0.005501,0.632313,0.001671,0.466453,0.201560,0.019914,0.500568,0.025200,0.567379
8.425000,13.350958,-0.819788,6.488616,13.897903,-0.569065,5.230387,0.000000,3.000000,13.909548,0.004996,-0.000205,-0.063547,0.005132,0.000709,0.631608,0.001726,0.466458,0.201615,0.019912,0.500568,0.025200,0.607950
8.436000,13.244336,-0.775472,6.908349,13.791280,-0.524748,5.650120,0.000000,3.000000,13.801260,0.004996,-0.000190,-0.062866,0.003029,0.005379,0.630920,0.001766,0.466500,0.201670,0.019909,0.500568,0.025200,0.567582
8.447000,14.816788,-0.819208,6.177079,15.363733,-0.568484,4.918850,0.000000,3.000000,15.374247,0.004997,-0.000185,-0.064836,0.005545,0.015070,0.630207,0.001819,0.466642,0.201725,0.019907,0.500568,0.025200,0.482790
8.458000,15.278376,-0.891067,5.336647,15.825321,-0.640343,4.078419,0.000000,3.000000,15.838270,0.004996,-0.000202,-0.066417,0.004026,0.020497,0.629490,0.001868,0.466848,0.201780,0.019905,0.500568,0.025200,0.433042
8.469000,14.490147,-0.791797,4.745189,15.037092,-0.541073,3.486960,0.000000,3.000000,15.046823,0.004997,-0.000180,-0.064688,0.005100,0.018080,0.628759,0.001916,0.467086,0.201835,0.019903,0.500568,0.025200,0.449258
8.480000,12.808073,-0.777647,5.254366,13.355018,-0.526923,3.996138,0.000000,3.000000,13.365408,0.004996,-0.000197,-0.061454,0.005973,0.010938,0.628073,0.001990,0.467256,0.201890,0.019901,0.500568,0.025200,0.506796
8.491000,10.261717,-0.747026,6.744148,10.808661,-0.496302,5.485919,0.000000,3.000000,10.820050,0.004995,-0.000229,-0.059106,0.006014,-0.002340,0.627414,0.002066,0.467259,0.201945,0.019899,0.500568,0.025200,0.619412
8.502000,10.310042,-0.670535,7.316165,10.856986,-0.419811,6.057937,0.000000,3.000000,10.865100,0.004996,-0.000193,-0.064521,0.004750,-0.002537,0.626723,0.002122,0.467234,0.202000,0.019896,0.500568,0.025200,0.621527
8.513000,12.536335,-0.812469,6.999492,13.083279,-0.561745,5.741263,0.000000,3.000000,13.095333,0.004995,-0.000214,-0.067978,0.005009,0.000702,0.625978,0.002182,0.467245,0.202055,0.019894,0.500568,0.025200,0.593849
8.524000,13.836446,-0.840914,6.745562,14.383390,-0.590190,5.487333,0.000000,3.000000,14.395494,0.004996,-0.000205,-0.068978,0.003331,0.002285,0.625232,0.002228,0.467294,0.202110,0.019892,0.500568,0.025200,0.579529
8.535000,14.137591,-0.737366,6.616781,14.684535,-0.486642,5.358553,0.000000,3.000000,14.692597,0.004997,-0.000166,-0.065758,0.002776,0.005035,0.624499,0.002262,0.467358,0.202165,0.019890,0.500568,0.025200,0.555051
8.546000,13.499300,-0.787255,6.766936,14.046244,-0.536531,5.508707,0.000000,3.000000,14.056487,0.004996,-0.000191,-0.062591,0.004626,0.007345,0.623781,0.002321,0.467429,0.202220,0.019888,0.500568,0.025200,0.534169
8.557000,12.682353,-0.704415,6.535739,13.229297,-0.453691,5.277510,0.000000,3.000000,13.237074,0.004997,-0.000171,-0.059980,0.003634,0.005515,0.623116,0.002370,0.467503,0.202275,0.019886,0.500568,0.025200,0.548372
8.568000,12.828288,-0.719398,5.947000,13.375233,-0.468674,4.688771,0.000000,3.000000,13.383442,0.004997,-0.000175,-0.061982,0.003780,0.013383,0.622444,0.002420,0.467634,0.202330,0.019884,0.500568,0.025200,0.479245
8.579000,13.964327,-0.924864,5.138859,14.511271,-0.674140,3.880631,0.000000,3.000000,14.526922,0.004995,-0.000232,-0.064192,0.007748,0.016396,0.621737,0.002494,0.467838,0.202385,0.019882,0.500568,0.025200,0.450020
8.590000,13.747744,-0.851987,5.372567,14.294688,-0.601263,4.114338,0.000000,3.000000,14.307328,0.004996,-0.000210,-0.065429,0.005048,0.013992,0.621020,0.002553,0.468010,0.202440,0.019879,0.500568,0.025200,0.467324
8.601000,13.129412,-0.763659,5.928842,13.676356,-0.512935,4.670614,0.000000,3.000000,13.685972,0.004996,-0.000187,-0.066602,0.003899,0.012611,0.620300,0.002600,0.468148,0.202495,0.019877,0.500568,0.025200,0.476542
8.612000,12.517177,-0.859898,6.716348,13.064121,-0.609174,5.458120,0.000000,3.000000,13.078316,0.004995,-0.000233,-0.065778,0.005464,0.001622,0.619580,0.002667,0.468199,0.202550,0.019875,0.500568,0.025200,0.568873
8.623000,11.448910,-0.744162,7.662767,11.995855,-0.493438,6.404539,0.000000,3.000000,12.005999,0.004996,-0.000205,-0.064060,0.003817,-0.006145,0.618869,0.002714,0.468161,0.202605,0.019872,0.500568,0.025200,0.635468
8.634000,11.720328,-0.712037,7.982412,12.267272,-0.461313,6.724184,0.000000,3.000000,12.275943,0.004996,-0.000188,-0.066571,0.003962,-0.005487,0.618138,0.002759,0.468084,0.202660,0.019870,0.500568,0.025200,0.631263
8.645000,12.544463,-0.981658,7.899924,13.091408,-0.730934,6.641696,0.000000,3.000000,13.111797,0.004992,-0.000279,-0.064766,0.007296,-0.005653,0.617422,0.002829,0.468026,0.202715,0.019868,0.500568,0.025200,0.633717
8.656000,12.502697,-0.894291,7.840098,13.049642,-0.643567,6.581869,0.000000,3.000000,13.065501,0.004994,-0.000246,-0.062289,0.004565,0.000118,0.616730,0.002878,0.467984,0.202769,0.019865,0.500568,0.025200,0.585510
8.667000,12.941310,-0.829705,6.743905,13.488254,-0.578981,5.485676,0.000000,3.000000,13.500675,0.004995,-0.000214,-0.061678,0.005739,0.005281,0.616051,0.002925,0.468044,0.202824,0.019862,0.500568,0.025200,0.540616
8.678000,13.131630,-0.968597,5.785194,13.678574,-0.717873,4.526965,0.000000,3.000000,13.697399,0.004993,-0.000262,-0.060169,0.004402,0.010860,0.615382,0.002976,0.468150,0.202879,0.019860,0.500568,0.025200,0.491362
8.689000,12.228679,-0.777912,5.664449,12.775623,-0.527188,4.406220,0.000000,3.000000,12.786496,0.004996,-0.000206,-0.059049,0.002321,0.004370,0.614745,0.003002,0.468201,0.202934,0.019857,0.500568,0.025200,0.545516
8.700000,11.921776,-0.669174,5.923900,12.468721,-0.418450,4.665671,0.000000,3.000000,12.475740,0.004997,-0.000168,-0.058392,0.004529,0.007226,0.614094,0.003027,0.468292,0.202989,0.019855,0.500568,0.025200,0.519647
8.711000,12.311753,-0.794394,6.139440,12.858698,-0.543671,4.881211,0.000000,3.000000,12.870186,0.004996,-0.000211,-0.061198,0.003314,0.005523,0.613433,0.003071,0.468383,0.203044,0.019853,0.500568,0.025200,0.532466
8.722000,12.451343,-0.646989,6.268182,12.998287,-0.396266,5.009953,0.000000,3.000000,13.004326,0.004998,-0.000152,-0.061035,0.003543,0.005730,0.612743,0.003115,0.468432,0.203099,0.019851,0.500568,0.025200,0.529816
8.733000,12.180708,-0.487914,6.420135,12.727652,-0.237190,5.161906,0.000000,3.000000,12.729862,0.004999,-0.000093,-0.061205,0.004300,0.002914,0.612070,0.003153,0.468478,0.203154,0.019850,0.500568,0.025200,0.552886
8.744000,11.770123,-0.595267,6.698356,12.317068,-0.344543,5.440127,0.000000,3.000000,12.321886,0.004998,-0.000140,-0.060305,0.006767,-0.000945,0.611399,0.003220,0.468490,0.203209,0.019848,0.500568,0.025200,0.585418
8.755000,10.338087,-0.521011,7.617974,10.885031,-0.270287,6.359745,0.000000,3.000000,10.888386,0.004998,-0.000124,-0.057565,0.004180,-0.011248,0.610761,0.003270,0.468399,0.203264,0.019847,0.500568,0.025200,0.674479
8.766000,9.699391,-0.286319,8.214797,10.246335,-0.035595,6.956568,0.000000,3.000000,10.246397,0.005000,-0.000017,-0.057129,0.004436,-0.010163,0.610144,0.003309,0.468253,0.203319,0.019846,0.500568,0.025200,0.667910
8.777000,11.133128,-0.450478,7.251197,11.680073,-0.199754,5.992968,0.000000,3.000000,11.681781,0.004999,-0.000085,-0.059479,0.003581,-0.002964,0.609489,0.003344,0.468235,0.203374,0.019846,0.500568,0.025200,0.607134
8.788000,11.765260,-0.356401,6.357709,12.312204,-0.105677,5.099480,0.000000,3.000000,12.312657,0.005000,-0.000043,-0.058330,0.001362,0.000552,0.608843,0.003369,0.468229,0.203429,0.019845,0.500568,0.025200,0.577421
8.799000,11.563819,-0.227445,5.611096,12.110763,0.023279,4.352868,0.000000,3.000000,12.110785,0.005000,0.000010,-0.057998,0.001570,0.002386,0.608213,0.003396,0.468257,0.203484,0.019845,0.500568,0.025200,0.561359
8.810000,10.791128,-0.270397,5.644105,11.338072,-0.019673,4.385876,0.000000,3.000000,11.338089,0.005000,-0.000009,-0.054723,0.002954,-0.002151,0.607590,0.003443,0.468241,0.203539,0.019845,0.500568,0.025200,0.600143
8.821000,10.249665,-0.219927,5.965352,10.796610,0.030797,4.707123,0.000000,3.000000,10.796654,0.005000,0.000014,-0.053717,0.004039,0.000100,0.606997,0.003492,0.468224,0.203594,0.019845,0.500568,0.025200,0.581333
8.832000,10.779521,-0.233258,6.068884,11.326465,0.017466,4.810655,0.000000,3.000000,11.326479,0.005000,0.000008,-0.054724,0.004876,-0.003032,0.606399,0.003538,0.468188,0.203649,0.019845,0.500568,0.025200,0.608571
8.843000,11.920228,-0.430625,5.942805,12.467173,-0.179901,4.684577,0.000000,3.000000,12.468470,0.004999,-0.000072,-0.056528,0.004403,0.004420,0.605789,0.003592,0.468212,0.203704,0.019845,0.500568,0.025200,0.544900
8.854000,13.335162,-0.436578,5.590736,13.882106,-0.185855,4.332508,0.000000,3.000000,13.883350,0.005000,-0.000067,-0.057688,0.003220,0.005184,0.605154,0.003630,0.468286,0.203759,0.019844,0.500568,0.025200,0.537081
8.865000,12.887904,-0.350245,5.980371,13.434848,-0.099521,4.722142,0.000000,3.000000,13.435217,0.005000,-0.000037,-0.056320,0.003255,0.003198,0.604533,0.003662,0.468330,0.203814,0.019843,0.500568,0.025200,0.553145
8.876000,11.664258,-0.326034,6.434927,12.211203,-0.075310,5.176698,0.000000,3.000000,12.211435,0.005000,-0.000031,-0.053105,0.002009,-0.001212,0.603941,0.003694,0.468339,0.203869,0.019843,0.500568,0.025200,0.590392
8.887000,10.161596,-0.055704,7.089839,10.708540,0.195020,5.831610,0.000000,3.000000,10.710315,0.004999,0.000091,-0.051323,0.001042,-0.006584,0.603378,0.003711,0.468271,0.203924,0.019843,0.500568,0.025200,0.637213
8.898000,10.112831,0.055315,7.015549,10.659775,0.306039,5.757320,0.000000,3.000000,10.664168,0.004998,0.000143,-0.052534,0.002121,-0.003338,0.602800,0.003730,0.468254,0.203979,0.019845,0.500568,0.025200,0.609984
8.909000,10.620333,0.048877,6.603564,11.167277,0.299600,5.345336,0.000000,3.000000,11.171295,0.004998,0.000134,-0.052676,0.002956,-0.002754,0.602223,0.003755,0.468224,0.204034,0.019846,0.500568,0.025200,0.605561
8.920000,11.477314,0.075007,6.026384,12.024258,0.325731,4.768155,0.000000,3.000000,12.028669,0.004998,0.000135,-0.053552,0.001736,0.000934,0.601648,0.003777,0.468242,0.204089,0.019848,0.500568,0.025200,0.573933
8.931000,12.083165,0.027180,5.689241,12.630110,0.277904,4.431013,0.000000,3.000000,12.633167,0.004999,0.000110,-0.053377,0.002195,0.001782,0.601044,0.003801,0.468239,0.204144,0.019849,0.500568,0.025200,0.566791
8.942000,11.323222,-0.000843,6.084913,11.870166,0.249880,4.826685,0.000000,3.000000,11.872796,0.004999,0.000105,-0.049873,0.002849,-0.004273,0.600481,0.003825,0.468215,0.204199,0.019850,0.500568,0.025200,0.618607
8.953000,10.481810,-0.007554,6.319657,11.028755,0.243170,5.061428,0.000000,3.000000,11.031435,0.004999,0.000110,-0.046733,0.001666,-0.003656,0.599958,0.003847,0.468182,0.204254,0.019851,0.500568,0.025200,0.613964
8.964000,10.366589,-0.059816,6.366873,10.913534,0.190908,5.108644,0.000000,3.000000,10.915203,0.004999,0.000087,-0.044822,0.001698,-0.004311,0.599462,0.003872,0.468141,0.204309,0.019852,0.500568,0.025200,0.620270
8.975000,10.910646,-0.040523,6.325067,11.457590,0.210201,5.066839,0.000000,3.000000,11.459518,0.004999,0.000092,-0.045792,0.001155,-0.001765,0.598965,0.003887,0.468116,0.204364,0.019853,0.500568,0.025200,0.599101
8.986000,11.909425,0.029265,6.169570,12.456370,0.279988,4.911341,0.000000,3.000000,12.459516,0.004999,0.000112,-0.045634,0.001356,-0.000934,0.598455,0.003893,0.468108,0.204419,0.019854,0.500568,0.025200,0.592210
8.997000,12.423083,0.025118,6.276499,12.970027,0.275841,5.018270,0.000000,3.000000,12.972960,0.004999,0.000106,-0.046009,0.003027,-0.001110,0.597945,0.003914,0.468099,0.204474,0.019856,0.500568,0.025200,0.593854
9.008000,12.602471,-0.049989,6.607096,13.149415,0.200735,5.348868,0.000000,3.000000,13.150948,0.004999,0.000076,-0.047043,0.002186,-0.000088,0.597433,0.003943,0.468094,0.204529,0.019857,0.500568,0.025200,0.585278
9.019000,12.539012,-0.035915,6.689888,13.085956,0.214808,5.431659,0.000000,3.000000,13.087719,0.004999,0.000082,-0.044830,0.001760,0.001045,0.596928,0.003968,0.468085,0.204584,0.019858,0.500568,0.025200,0.575820
9.030000,11.949656,-0.013931,6.287672,12.496600,0.236792,5.029443,0.000000,3.000000,12.498843,0.004999,0.000095,-0.040497,0.002569,0.003938,0.596469,0.003995,0.468121,0.204639,0.019859,0.500568,0.025200,0.550633
9.041000,11.275216,0.055099,5.816535,11.822160,0.305823,4.558306,0.000000,3.000000,11.826115,0.004998,0.000129,-0.033707,0.001776,0.006153,0.596085,0.004009,0.468180,0.204694,0.019860,0.500568,0.025200,0.530763
9.052000,10.580987,0.063452,5.826165,11.127931,0.314176,4.567936,0.000000,3.000000,11.132365,0.004998,0.000141,-0.029238,0.002505,0.006239,0.595755,0.004027,0.468235,0.204749,0.019861,0.500568,0.025200,0.529051
9.063000,10.324797,0.164545,6.359427,10.871741,0.415269,5.101199,0.000000,3.000000,10.879669,0.004996,0.000191,-0.025987,-0.000038,0.000614,0.595463,0.004032,0.468229,0.204804,0.019863,0.500568,0.025200,0.576881
9.074000,10.444574,0.288707,6.988328,10.991518,0.539431,5.730100,0.000000,3.000000,11.004747,0.004994,0.000245,-0.027799,0.000885,-0.003572,0.595172,0.004034,0.468211,0.204859,0.019866,0.500568,0.025200,0.612732
9.085000,11.399057,0.137278,7.172808,11.946001,0.388002,5.914579,0.000000,3.000000,11.952301,0.004997,0.000162,-0.028428,0.001815,-0.002395,0.594858,0.004044,0.468186,0.204914,0.019868,0.500568,0.025200,0.603197
9.096000,12.252233,0.156760,7.221500,12.799177,0.407484,5.963271,0.000000,3.000000,12.805662,0.004997,0.000159,-0.029563,0.001608,-0.006939,0.594534,0.004053,0.468116,0.204969,0.019869,0.500568,0.025200,0.643004
9.107000,11.780548,0.203184,7.662252,12.327492,0.453908,6.404024,0.000000,3.000000,12.335846,0.004997,0.000184,-0.028678,0.001242,-0.013867,0.594219,0.004055,0.467993,0.205024,0.019871,0.500568,0.025200,0.704015
9.118000,11.033155,0.268718,8.087760,11.580100,0.519442,6.829531,0.000000,3.000000,11.591744,0.004995,0.000224,-0.024070,0.000378,-0.012803,0.593935,0.004068,0.467834,0.205079,0.019874,0.500568,0.025200,0.697839
9.129000,11.316486,0.117945,7.504045,11.863430,0.368669,6.245816,0.000000,3.000000,11.869157,0.004998,0.000155,-0.024325,0.002255,-0.005970,0.593678,0.004094,0.467743,0.205134,0.019876,0.500568,0.025200,0.641496
9.140000,12.396793,-0.013562,6.078016,12.943738,0.237162,4.819787,0.000000,3.000000,12.945910,0.004999,0.000092,-0.023939,0.001864,0.000627,0.593419,0.004115,0.467752,0.205189,0.019877,0.500568,0.025200,0.585359
9.151000,13.192311,-0.063552,5.322980,13.739255,0.187171,4.064751,0.000000,3.000000,13.740530,0.005000,0.000068,-0.024316,0.000961,0.003900,0.593167,0.004120,0.467784,0.205244,0.019878,0.500568,0.025200,0.557014
9.162000,13.157334,-0.208686,5.477108,13.704278,0.042037,4.218879,0.000000,3.000000,13.704342,0.005000,0.000015,-0.027033,0.001291,0.000910,0.592864,0.004140,0.467827,0.205299,0.019878,0.500568,0.025200,0.581622
9.173000,12.360865,-0.142450,6.087212,12.907810,0.108274,4.828984,0.000000,3.000000,12.908264,0.005000,0.000042,-0.030717,0.001414,-0.009473,0.592535,0.004152,0.467766,0.205354,0.019879,0.500568,0.025200,0.670817
9.184000,11.647131,-0.112594,6.561643,12.194075,0.138130,5.303414,0.000000,3.000000,12.194857,0.005000,0.000057,-0.034764,0.000056,-0.010786,0.592167,0.004153,0.467665,0.205409,0.019879,0.500568,0.025200,0.683761
9.195000,11.248738,-0.027455,6.881490,11.795682,0.223269,5.623262,0.000000,3.000000,11.797795,0.004999,0.000095,-0.039260,0.000407,-0.018994,0.591751,0.004156,0.467486,0.205464,0.019880,0.500568,0.025200,0.756637
9.206000,10.447089,0.075909,7.846444,10.994033,0.326633,6.588215,0.000000,3.000000,10.998884,0.004998,0.000148,-0.047503,-0.000303,-0.030305,0.591244,0.004155,0.467166,0.205519,0.019881,0.500568,0.025200,0.858384
9.217000,10.877134,0.155562,7.366551,11.424078,0.406286,6.108323,0.000000,3.000000,11.431300,0.004997,0.000178,-0.059218,0.001692,-0.026997,0.590629,0.004176,0.466847,0.205573,0.019883,0.500568,0.025200,0.836049
9.228000,12.667253,0.006421,5.602713,13.214197,0.257145,4.344484,0.000000,3.000000,13.216699,0.004999,0.000097,-0.073126,0.004225,-0.021710,0.589857,0.004224,0.466609,0.205628,0.019885,0.500568,0.025200,0.795477
9.239000,12.892368,0.094133,4.949986,13.439313,0.344856,3.691758,0.000000,3.000000,13.443737,0.004998,0.000128,-0.081490,0.005033,-0.030802,0.588991,0.004269,0.466301,0.205683,0.019886,0.500568,0.025200,0.878170
9.250000,11.652859,0.160724,5.550655,12.199803,0.411447,4.292426,0.000000,3.000000,12.206739,0.004997,0.000169,-0.080901,0.004780,-0.034880,0.588081,0.004313,0.465913,0.205738,0.019888,0.500568,0.025200,0.919753
9.261000,11.273907,0.115058,6.211383,11.820852,0.365782,4.953154,0.000000,3.000000,11.826510,0.004998,0.000155,-0.083501,0.007089,-0.040665,0.587174,0.004381,0.465480,0.205793,0.019889,0.500568,0.025200,0.976625
9.272000,12.037537,0.022444,6.310647,12.584481,0.273168,5.052418,0.000000,3.000000,12.587445,0.004999,0.000109,-0.083290,0.003305,-0.038920,0.586261,0.004428,0.465059,0.205848,0.019891,0.500568,0.025200,0.969396
9.283000,13.070884,0.066343,6.474824,13.617828,0.317066,5.216596,0.000000,3.000000,13.621519,0.004999,0.000116,-0.084871,0.003945,-0.037219,0.585338,0.004469,0.464622,0.205903,0.019892,0.500568,0.025200,0.962830
9.294000,14.773462,-0.189513,6.305287,15.320406,0.061211,5.047058,0.000000,3.000000,15.320529,0.005000,0.000020,-0.085802,0.006957,-0.022909,0.584384,0.004534,0.464328,0.205958,0.019893,0.500568,0.025200,0.846709
9.305000,15.226999,-0.407599,4.988449,15.773944,-0.156875,3.730220,0.000000,3.000000,15.774724,0.005000,-0.000050,-0.086112,0.007702,-0.017560,0.583439,0.004603,0.464115,0.206013,0.019893,0.500568,0.025200,0.805161
9.316000,13.413046,-0.404444,4.004672,13.959990,-0.153721,2.746444,0.000000,3.000000,13.960837,0.005000,-0.000055,-0.082172,0.004547,-0.017435,0.582528,0.004655,0.463928,0.206068,0.019892,0.500568,0.025200,0.807446
9.327000,10.951386,-0.368009,4.448803,11.498330,-0.117285,3.190575,0.000000,3.000000,11.498928,0.005000,-0.000051,-0.078049,0.005702,-0.027551,0.581660,0.004714,0.463691,0.206123,0.019891,0.500568,0.025200,0.897567
9.338000,8.647042,-0.509003,5.961118,9.193986,-0.258279,4.702890,0.000000,3.000000,9.197613,0.004998,-0.000140,-0.075985,0.006223,-0.032869,0.580814,0.004785,0.463319,0.206178,0.019890,0.500568,0.025200,0.949391
9.349000,8.921632,-0.692871,6.590179,9.468576,-0.442147,5.331951,0.000000,3.000000,9.478893,0.004995,-0.000233,-0.080372,0.007255,-0.033399,0.579948,0.004862,0.462917,0.206233,0.019888,0.500568,0.025200,0.961113
9.360000,11.977443,-0.980131,5.954823,12.524387,-0.729407,4.696594,0.000000,3.000000,12.545609,0.004992,-0.000291,-0.083752,0.007530,-0.024863,0.579031,0.004942,0.462633,0.206288,0.019885,0.500568,0.025200,0.893806
9.371000,13.547294,-1.106868,5.637137,14.094238,-0.856144,4.378908,0.000000,3.000000,14.120217,0.004991,-0.000303,-0.083401,0.007360,-0.023477,0.578110,0.005026,0.462380,0.206343,0.019882,0.500568,0.025200,0.886593
9.382000,13.636567,-1.000916,5.612862,14.183511,-0.750192,4.354634,0.000000,3.000000,14.203337,0.004993,-0.000264,-0.079385,0.006294,-0.015294,0.577242,0.005086,0.462185,0.206398,0.019879,0.500568,0.025200,0.820664
9.393000,13.152048,-1.064893,4.668055,13.698993,-0.814169,3.409826,0.000000,3.000000,13.723165,0.004991,-0.000297,-0.078639,0.007290,-0.008442,0.576363,0.005164,0.462074,0.206453,0.019876,0.500568,0.025200,0.764525
9.404000,12.232763,-1.031094,3.890009,12.779707,-0.780371,2.631781,0.000000,3.000000,12.803511,0.004991,-0.000305,-0.077445,0.005113,-0.006480,0.575518,0.005232,0.462001,0.206508,0.019872,0.500568,0.025200,0.749177
9.415000,12.097052,-0.840479,3.844895,12.643997,-0.589755,2.586666,0.000000,3.000000,12.657743,0.004995,-0.000233,-0.079922,0.003810,-0.005066,0.574659,0.005267,0.461943,0.206563,0.019869,0.500568,0.025200,0.738226
9.426000,12.384087,-0.855899,4.149642,12.931032,-0.605175,2.891413,0.000000,3.000000,12.945185,0.004995,-0.000234,-0.080199,0.005335,-0.002154,0.573771,0.005316,0.461903,0.206618,0.019867,0.500568,0.025200,0.714236
9.437000,13.069734,-0.950795,4.268675,13.616678,-0.700071,3.010447,0.000000,3.000000,13.634662,0.004993,-0.000257,-0.082584,0.003252,-0.001653,0.572870,0.005362,0.461901,0.206673,0.019864,0.500568,0.025200,0.710024
9.448000,13.255697,-0.904350,4.472477,13.802641,-0.653626,3.214248,0.000000,3.000000,13.818108,0.004994,-0.000237,-0.081945,0.002824,0.000755,0.571963,0.005405,0.461916,0.206728,0.019861,0.500568,0.025200,0.689319
9.459000,12.102728,-0.956134,5.629670,12.649672,-0.705410,4.371441,0.000000,3.000000,12.669326,0.004992,-0.000278,-0.079050,0.003430,-0.008308,0.571078,0.005456,0.461818,0.206782,0.019859,0.500568,0.025200,0.767997
9.470000,11.392182,-0.940782,6.383725,11.939126,-0.690058,5.125496,0.000000,3.000000,11.959052,0.004992,-0.000289,-0.078156,0.003971,-0.010563,0.570222,0.005503,0.461715,0.206837,0.019856,0.500568,0.025200,0.788980
9.481000,11.512559,-0.916150,6.723960,12.059503,-0.665426,5.465731,0.000000,3.000000,12.077848,0.004992,-0.000275,-0.076834,0.003585,-0.004750,0.569387,0.005533,0.461612,0.206892,0.019852,0.500568,0.025200,0.741513
9.492000,12.192916,-0.879300,5.617497,12.739861,-0.628576,4.359269,0.000000,3.000000,12.755358,0.004994,-0.000246,-0.078222,0.003265,0.002959,0.568521,0.005569,0.461643,0.206947,0.019850,0.500568,0.025200,0.675537
9.503000,13.009284,-0.814956,4.064772,13.556228,-0.564232,2.806543,0.000000,3.000000,13.567965,0.004996,-0.000208,-0.079048,0.001616,0.012205,0.567657,0.005595,0.461785,0.207002,0.019847,0.500568,0.025200,0.594529
9.514000,13.023268,-0.813170,3.714699,13.570212,-0.562446,2.456471,0.000000,3.000000,13.581863,0.004996,-0.000207,-0.078024,0.004492,0.010366,0.566783,0.005638,0.461889,0.207057,0.019845,0.500568,0.025200,0.608261
9.525000,12.159651,-0.857604,4.433026,12.706596,-0.606880,3.174798,0.000000,3.000000,12.721080,0.004994,-0.000239,-0.079619,0.004859,0.009095,0.565923,0.005689,0.461981,0.207112,0.019842,0.500568,0.025200,0.617389
9.536000,12.936280,-0.840898,4.721387,13.483225,-0.590174,3.463158,0.000000,3.000000,13.496135,0.004995,-0.000219,-0.083164,0.003787,0.010528,0.565010,0.005735,0.462097,0.207167,0.019840,0.500568,0.025200,0.603140
9.547000,13.205154,-0.786105,4.913641,13.752099,-0.535382,3.655413,0.000000,3.000000,13.762516,0.004996,-0.000195,-0.083994,0.002812,0.012835,0.564095,0.005772,0.462248,0.207222,0.019838,0.500568,0.025200,0.580846
9.558000,12.536483,-0.771862,5.412350,13.083428,-0.521138,4.154121,0.000000,3.000000,13.093802,0.004996,-0.000199,-0.083431,0.003528,0.005718,0.563183,0.005811,0.462313,0.207277,0.019835,0.500568,0.025200,0.640073
9.569000,11.045367,-0.577337,6.784729,11.592311,-0.326614,5.526500,0.000000,3.000000,11.596911,0.004998,-0.000141,-0.079265,0.003369,-0.005653,0.562285,0.005840,0.462285,0.207332,0.019834,0.500568,0.025200,0.737061
9.580000,10.221870,-0.478184,7.681235,10.768815,-0.227460,6.423007,0.000000,3.000000,10.771217,0.004999,-0.000106,-0.079197,0.002385,-0.003191,0.561423,0.005863,0.462208,0.207387,0.019832,0.500568,0.025200,0.717564
9.591000,11.409246,-0.490420,6.684080,11.956190,-0.239696,5.425852,0.000000,3.000000,11.958593,0.004999,-0.000100,-0.083088,0.002235,0.002244,0.560533,0.005894,0.462235,0.207442,0.019831,0.500568,0.025200,0.670949
9.602000,12.398144,-0.533487,5.180292,12.945088,-0.282763,3.922063,0.000000,3.000000,12.948176,0.004999,-0.000109,-0.082771,0.003739,0.009866,0.559611,0.005935,0.462307,0.207497,0.019830,0.500568,0.025200,0.604985
9.613000,12.411373,-0.509538,4.594565,12.958318,-0.258814,3.336336,0.000000,3.000000,12.960902,0.004999,-0.000100,-0.082620,0.005146,0.009077,0.558699,0.005985,0.462399,0.207552,0.019829,0.500568,0.025200,0.610017
9.624000,11.986251,-0.663605,5.046168,12.533196,-0.412881,3.787939,0.000000,3.000000,12.539994,0.004997,-0.000165,-0.081591,0.006562,0.003860,0.557821,0.006051,0.462463,0.207607,0.019827,0.500568,0.025200,0.653133
9.635000,12.250470,-0.803713,5.527177,12.797414,-0.552989,4.268948,0.000000,3.000000,12.809356,0.004995,-0.000216,-0.085899,0.005915,0.004819,0.556888,0.006120,0.462545,0.207662,0.019825,0.500568,0.025200,0.643515
9.646000,13.476382,-0.937886,5.444991,14.023327,-0.687162,4.186763,0.000000,3.000000,14.040152,0.004994,-0.000245,-0.089109,0.007454,0.007701,0.555899,0.006188,0.462610,0.207717,0.019823,0.500568,0.025200,0.617884
9.657000,13.607305,-1.060243,5.797557,14.154249,-0.809519,4.539329,0.000000,3.000000,14.177380,0.004992,-0.000285,-0.087763,0.004292,0.005518,0.554926,0.006238,0.462687,0.207772,0.019820,0.500568,0.025200,0.635042
9.668000,12.433243,-0.973181,6.657116,12.980187,-0.722458,5.398888,0.000000,3.000000,13.000277,0.004992,-0.000278,-0.083654,0.003668,-0.003251,0.553987,0.006286,0.462692,0.207827,0.019817,0.500568,0.025200,0.709342
9.679000,10.888026,-0.813570,7.517439,11.434970,-0.562846,6.259211,0.000000,3.000000,11.448814,0.004994,-0.000246,-0.081262,0.003744,-0.004504,0.553103,0.006332,0.462631,0.207881,0.019814,0.500568,0.025200,0.721078
9.690000,10.818556,-0.867361,6.550470,11.365500,-0.616637,5.292242,0.000000,3.000000,11.382216,0.004993,-0.000271,-0.084296,0.003258,0.003068,0.552168,0.006377,0.462633,0.207936,0.019811,0.500568,0.025200,0.656792
9.701000,11.391183,-0.844862,5.357697,11.938127,-0.594138,4.099468,0.000000,3.000000,11.952902,0.004994,-0.000249,-0.084320,0.003550,0.002507,0.551239,0.006421,0.462673,0.207991,0.019808,0.500568,0.025200,0.660829
9.712000,11.442280,-0.987139,4.973373,11.989224,-0.736415,3.715144,0.000000,3.000000,12.011819,0.004991,-0.000307,-0.083528,0.006391,0.006526,0.550337,0.006476,0.462743,0.208046,0.019805,0.500568,0.025200,0.625472
9.723000,11.402974,-1.200618,5.224795,11.949918,-0.949895,3.966567,0.000000,3.000000,11.987612,0.004984,-0.000396,-0.084255,0.006592,0.005659,0.549400,0.006551,0.462799,0.208101,0.019801,0.500568,0.025200,0.631810
9.734000,11.813813,-1.362309,5.541237,12.360758,-1.111586,4.283008,0.000000,3.000000,12.410639,0.004980,-0.000448,-0.086623,0.007387,0.003896,0.548459,0.006640,0.462836,0.208156,0.019797,0.500568,0.025200,0.646115
9.745000,13.379823,-1.531535,5.292846,13.926768,-1.280811,4.034617,0.000000,3.000000,13.985540,0.004979,-0.000458,-0.091635,0.007536,0.007906,0.547462,0.006734,0.462925,0.208211,0.019792,0.500568,0.025200,0.610485
9.756000,13.582895,-1.378368,5.955310,14.129839,-1.127644,4.697081,0.000000,3.000000,14.174764,0.004984,-0.000398,-0.089867,0.006165,0.004289,0.546467,0.006809,0.462977,0.208266,0.019787,0.500568,0.025200,0.640250
9.767000,12.383454,-1.049687,6.753009,12.930398,-0.798963,5.494781,0.000000,3.000000,12.955058,0.004990,-0.000308,-0.086893,0.004548,0.003083,0.545515,0.006865,0.463010,0.208320,0.019783,0.500568,0.025200,0.649885
9.778000,11.211877,-1.021573,6.712604,11.758821,-0.770849,5.454376,0.000000,3.000000,11.784061,0.004989,-0.000327,-0.084133,0.006099,-0.003392,0.544574,0.006931,0.462969,0.208375,0.019780,0.500568,0.025200,0.705562
9.789000,10.127557,-1.099698,6.309706,10.674501,-0.848974,5.051478,0.000000,3.000000,10.708208,0.004984,-0.000396,-0.084611,0.005021,0.000072,0.543650,0.006991,0.462955,0.208430,0.019776,0.500568,0.025200,0.676417
9.800000,10.325176,-1.015673,5.763410,10.872120,-0.764949,4.505181,0.000000,3.000000,10.898997,0.004988,-0.000351,-0.084315,0.005250,0.001327,0.542739,0.007040,0.462960,0.208485,0.019772,0.500568,0.025200,0.665681
9.811000,10.609047,-1.053257,5.521036,11.155991,-0.802534,4.262807,0.000000,3.000000,11.184820,0.004987,-0.000359,-0.083611,0.005355,0.003692,0.541802,0.007096,0.462998,0.208540,0.019768,0.500568,0.025200,0.644929
9.822000,11.168175,-1.322656,5.503186,11.715119,-1.071932,4.244957,0.000000,3.000000,11.764058,0.004979,-0.000456,-0.086313,0.008753,0.005334,0.540865,0.007181,0.463035,0.208595,0.019763,0.500568,0.025200,0.630320
9.833000,12.146636,-1.536697,5.397152,12.693581,-1.285973,4.138923,0.000000,3.000000,12.758555,0.004975,-0.000504,-0.086870,0.008489,0.005134,0.539916,0.007277,0.463100,0.208649,0.019758,0.500568,0.025200,0.630851
9.844000,13.087653,-1.591465,5.459835,13.634597,-1.340741,4.201606,0.000000,3.000000,13.700358,0.004976,-0.000489,-0.089800,0.008280,0.006548,0.538928,0.007383,0.463176,0.208704,0.019752,0.500568,0.025200,0.617484
9.855000,13.088593,-1.350683,6.027884,13.635537,-1.099959,4.769655,0.000000,3.000000,13.679831,0.004984,-0.000402,-0.087704,0.006794,0.005713,0.537956,0.007460,0.463244,0.208759,0.019747,0.500568,0.025200,0.623345
9.866000,12.106161,-1.210620,6.406999,12.653105,-0.959896,5.148770,0.000000,3.000000,12.689463,0.004986,-0.000378,-0.084892,0.005407,0.007765,0.537016,0.007524,0.463311,0.208814,0.019743,0.500568,0.025200,0.604729
9.877000,11.095656,-1.205928,5.764747,11.642600,-0.955204,4.506518,0.000000,3.000000,11.681718,0.004983,-0.000409,-0.082327,0.006483,0.005363,0.536119,0.007598,0.463380,0.208869,0.019739,0.500568,0.025200,0.623867
9.888000,9.544830,-1.012574,5.709087,10.091774,-0.761850,4.450858,0.000000,3.000000,10.120490,0.004986,-0.000376,-0.080465,0.002872,0.000677,0.535230,0.007645,0.463432,0.208923,0.019734,0.500568,0.025200,0.662695
9.899000,9.289778,-0.835218,5.824101,9.836723,-0.584494,4.565872,0.000000,3.000000,9.854073,0.004991,-0.000297,-0.081415,0.001660,0.000823,0.534318,0.007671,0.463422,0.208978,0.019731,0.500568,0.025200,0.661645
9.910000,9.638698,-0.841798,5.853275,10.185643,-0.591074,4.595046,0.000000,3.000000,10.202778,0.004992,-0.000290,-0.082518,0.002481,0.000811,0.533421,0.007704,0.463436,0.209033,0.019728,0.500568,0.025200,0.661496
9.921000,10.787812,-1.051902,5.543650,11.334756,-0.801179,4.285422,0.000000,3.000000,11.363036,0.004988,-0.000353,-0.084209,0.003927,0.006261,0.532496,0.007751,0.463494,0.209088,0.019724,0.500568,0.025200,0.614210
9.932000,11.884859,-1.189909,5.222962,12.431803,-0.939186,3.964734,0.000000,3.000000,12.467229,0.004986,-0.000377,-0.085510,0.003171,0.005504,0.531558,0.007797,0.463562,0.209143,0.019720,0.500568,0.025200,0.619394
9.943000,12.045086,-1.138457,5.580961,12.592030,-0.887733,4.322732,0.000000,3.000000,12.623283,0.004988,-0.000352,-0.086658,0.002553,0.006434,0.530614,0.007833,0.463595,0.209198,0.019716,0.500568,0.025200,0.610922
9.954000,12.224918,-1.101758,6.122244,12.771863,-0.851034,4.864015,0.000000,3.000000,12.800185,0.004989,-0.000332,-0.085491,0.001858,0.002225,0.529658,0.007861,0.463658,0.209253,0.019712,0.500568,0.025200,0.645486
9.965000,11.575290,-1.042473,6.243927,12.122234,-0.791750,4.985698,0.000000,3.000000,12.148063,0.004989,-0.000326,-0.083694,0.003193,0.006358,0.528746,0.007891,0.463708,0.209307,0.019709,0.500568,0.025200,0.609518
9.976000,10.610880,-1.035704,5.533980,11.157825,-0.784980,4.275751,0.000000,3.000000,11.185403,0.004988,-0.000351,-0.083085,0.002705,0.006094,0.527815,0.007918,0.463790,0.209362,0.019705,0.500568,0.025200,0.610298
9.987000,9.275358,-0.942125,5.421933,9.822302,-0.691401,4.163705,0.000000,3.000000,9.846607,0.004988,-0.000351,-0.080351,0.001994,-0.000657,0.526926,0.007937,0.463808,0.209417,0.019701,0.500568,0.025200,0.667249
9.998000,8.516326,-0.896186,5.824876,9.063271,-0.645462,4.566648,0.000000,3.000000,9.086226,0.004987,-0.000355,-0.081270,0.003614,-0.002453,0.526032,0.007968,0.463781,0.209472,0.019697,0.500568,0.025200,0.682971
10.009000,9.016039,-1.066410,5.914494,9.562984,-0.815686,4.656265,0.000000,3.000000,9.597708,0.004982,-0.000425,-0.081867,0.005639,-0.000345,0.525143,0.008016,0.463760,0.209527,0.019693,0.500568,0.025200,0.665464
10.020000,10.062526,-1.237583,5.699562,10.609471,-0.986859,4.441333,0.000000,3.000000,10.655269,0.004979,-0.000463,-0.083080,0.004849,0.001178,0.524232,0.008068,0.463770,0.209582,0.019688,0.500568,0.025200,0.652373
10.031000,11.094603,-1.374420,5.185720,11.641547,-1.123696,3.927492,0.000000,3.000000,11.695654,0.004977,-0.000480,-0.083457,0.005995,0.005868,0.523319,0.008132,0.463809,0.209636,0.019683,0.500568,0.025200,0.611864
10.042000,11.499463,-1.498541,5.429216,12.046407,-1.247817,4.170988,0.000000,3.000000,12.110862,0.004973,-0.000515,-0.082245,0.007332,0.003367,0.522427,0.008202,0.463878,0.209691,0.019677,0.500568,0.025200,0.631836
10.053000,11.525244,-1.390383,5.927988,12.072188,-1.139659,4.669760,0.000000,3.000000,12.125863,0.004978,-0.000470,-0.082603,0.006321,0.003469,0.521499,0.008269,0.463922,0.209746,0.019672,0.500568,0.025200,0.630186
10.064000,11.339562,-1.250077,6.219139,11.886506,-0.999353,4.960911,0.000000,3.000000,11.928442,0.004982,-0.000419,-0.079581,0.004605,0.009309,0.520627,0.008319,0.463986,0.209801,0.019667,0.500568,0.025200,0.579478
10.075000,11.006261,-1.225255,5.145995,11.553206,-0.974531,3.887766,0.000000,3.000000,11.594234,0.004982,-0.000420,-0.078058,0.005545,0.010649,0.519760,0.008374,0.464117,0.209856,0.019662,0.500568,0.025200,0.565754
10.086000,9.908810,-1.272173,4.728159,10.455754,-1.021450,3.469930,0.000000,3.000000,10.505530,0.004976,-0.000486,-0.073206,0.004584,0.010272,0.518936,0.008432,0.464245,0.209910,0.019657,0.500568,0.025200,0.566646
10.097000,8.336461,-1.291888,5.361422,8.883406,-1.041164,4.103194,0.000000,3.000000,8.944212,0.004966,-0.000582,-0.072511,0.007112,0.001679,0.518140,0.008503,0.464277,0.209965,0.019651,0.500568,0.025200,0.638983
10.108000,8.337386,-1.365450,5.747221,8.884330,-1.114726,4.488993,0.000000,3.000000,8.953990,0.004961,-0.000622,-0.074694,0.007634,0.004086,0.517325,0.008578,0.464299,0.210020,0.019645,0.500568,0.025200,0.618157
10.119000,9.546218,-1.440434,5.648023,10.093162,-1.189710,4.389795,0.000000,3.000000,10.163037,0.004966,-0.000585,-0.077836,0.007519,0.003009,0.516476,0.008659,0.464310,0.210074,0.019638,0.500568,0.025200,0.627098
10.130000,10.731973,-1.509112,5.207985,11.278918,-1.258388,3.949756,0.000000,3.000000,11.348900,0.004969,-0.000554,-0.080301,0.008125,0.008090,0.515595,0.008753,0.464408,0.210129,0.019632,0.500568,0.025200,0.582223
10.141000,11.584752,-1.593653,4.972804,12.131696,-1.342929,3.714575,0.000000,3.000000,12.205798,0.004970,-0.000550,-0.080212,0.008640,0.007645,0.514700,0.008852,0.464495,0.210183,0.019626,0.500568,0.025200,0.584439
10.152000,11.280344,-1.437053,5.473680,11.827289,-1.186329,4.215451,0.000000,3.000000,11.886637,0.004975,-0.000499,-0.080311,0.007905,0.005085,0.513820,0.008945,0.464560,0.210238,0.019620,0.500568,0.025200,0.604993
10.163000,11.371153,-1.376256,6.029155,11.918098,-1.125532,4.770927,0.000000,3.000000,11.971127,0.004978,-0.000470,-0.080131,0.007774,0.006346,0.512935,0.009037,0.464616,0.210293,0.019615,0.500568,0.025200,0.593279
10.174000,11.391980,-1.324736,5.859164,11.938924,-1.074012,4.600936,0.000000,3.000000,11.987136,0.004980,-0.000448,-0.079151,0.007741,0.010638,0.512062,0.009125,0.464723,0.210348,0.019610,0.500568,0.025200,0.554932
10.185000,10.853441,-1.265789,4.939846,11.400385,-1.015065,3.681617,0.000000,3.000000,11.445485,0.004980,-0.000443,-0.077631,0.008133,0.015339,0.511203,0.009212,0.464880,0.210402,0.019605,0.500568,0.025200,0.512220
10.196000,9.890520,-1.196680,4.736336,10.437464,-0.945956,3.478108,0.000000,3.000000,10.480243,0.004980,-0.000451,-0.076128,0.007338,0.007675,0.510369,0.009291,0.464988,0.210457,0.019600,0.500568,0.025200,0.575308
10.207000,8.515644,-1.164300,5.575418,9.062588,-0.913576,4.317189,0.000000,3.000000,9.108519,0.004975,-0.000501,-0.077003,0.006628,0.001306,0.509533,0.009374,0.465033,0.210512,0.019594,0.500568,0.025200,0.628539
10.218000,8.772670,-1.147892,5.868392,9.319615,-0.897168,4.610164,0.000000,3.000000,9.362699,0.004977,-0.000479,-0.078460,0.007690,0.001753,0.508658,0.009464,0.465055,0.210567,0.019589,0.500568,0.025200,0.624359
10.229000,9.793598,-1.218172,5.794073,10.340543,-0.967448,4.535844,0.000000,3.000000,10.385701,0.004978,-0.000466,-0.081010,0.008079,0.002521,0.507777,0.009555,0.465080,0.210621,0.019584,0.500568,0.025200,0.617379
10.240000,10.839641,-1.283041,5.264203,11.386585,-1.032317,4.005974,0.000000,3.000000,11.433285,0.004980,-0.000451,-0.081303,0.008664,0.008135,0.506884,0.009650,0.465174,0.210676,0.019579,0.500568,0.025200,0.568069
10.251000,11.461968,-1.210242,5.261942,12.008912,-0.959518,4.003713,0.000000,3.000000,12.047184,0.004984,-0.000398,-0.081607,0.006865,0.007141,0.505983,0.009728,0.465256,0.210731,0.019574,0.500568,0.025200,0.575021
10.262000,11.384300,-1.247613,5.824386,11.931244,-0.996890,4.566157,0.000000,3.000000,11.972818,0.004983,-0.000416,-0.081683,0.007893,0.006636,0.505087,0.009824,0.465326,0.210786,0.019570,0.500568,0.025200,0.578033
10.273000,11.511551,-1.287343,6.265795,12.058495,-1.036619,5.007567,0.000000,3.000000,12.102970,0.004982,-0.000428,-0.080866,0.009130,0.006029,0.504214,0.009921,0.465393,0.210841,0.019565,0.500568,0.025200,0.581985
10.284000,11.370918,-1.126896,5.778894,11.917862,-0.876173,4.520665,0.000000,3.000000,11.950026,0.004987,-0.000367,-0.079680,0.006533,0.010756,0.503315,0.009999,0.465516,0.210895,0.019561,0.500568,0.025200,0.539654
10.295000,10.497486,-0.804039,5.116337,11.044430,-0.553315,3.858108,0.000000,3.000000,11.058282,0.004994,-0.000250,-0.078835,0.004122,0.010138,0.502459,0.010051,0.465636,0.210950,0.019557,0.500568,0.025200,0.542757
10.306000,9.126257,-0.673170,5.426800,9.673202,-0.422446,4.168571,0.000000,3.000000,9.682422,0.004995,-0.000218,-0.077413,0.003895,-0.000033,0.501598,0.010096,0.465673,0.211005,0.019555,0.500568,0.025200,0.628381
10.317000,8.601966,-0.750232,5.986837,9.148910,-0.499508,4.728608,0.000000,3.000000,9.162536,0.004993,-0.000273,-0.078974,0.003885,-0.001258,0.500732,0.010138,0.465670,0.211060,0.019552,0.500568,0.025200,0.638825
10.328000,9.248342,-0.755728,6.111548,9.795286,-0.505005,4.853319,0.000000,3.000000,9.808295,0.004993,-0.000257,-0.080463,0.003421,-0.000531,0.499851,0.010188,0.465664,0.211115,0.019549,0.500568,0.025200,0.632768
10.339000,10.282047,-0.801759,5.818134,10.828991,-0.551035,4.559906,0.000000,3.000000,10.843002,0.004994,-0.000254,-0.082632,0.003874,0.001708,0.498946,0.010225,0.465682,0.211170,0.019546,0.500568,0.025200,0.613457
10.350000,11.266110,-0.837833,5.347096,11.813055,-0.587109,4.088867,0.000000,3.000000,11.827635,0.004994,-0.000248,-0.084017,0.003451,0.002496,0.498047,0.010258,0.465730,0.211225,0.019544,0.500568,0.025200,0.605907
10.361000,11.227796,-0.858441,5.772558,11.774740,-0.607717,4.514330,0.000000,3.000000,11.790413,0.004993,-0.000258,-0.083240,0.003994,0.000681,0.497113,0.010294,0.465730,0.211280,0.019541,0.500568,0.025200,0.621296
10.372000,11.465372,-0.883104,6.218919,12.012317,-0.632381,4.960690,0.000000,3.000000,12.028951,0.004993,-0.000263,-0.083957,0.003083,-0.000269,0.496190,0.010324,0.465741,0.211335,0.019538,0.500568,0.025200,0.629160
10.383000,11.280492,-0.727969,6.482317,11.827436,-0.477245,5.224088,0.000000,3.000000,11.837061,0.004996,-0.000202,-0.083239,0.001295,0.002171,0.495268,0.010339,0.465740,0.211390,0.019535,0.500568,0.025200,0.608475
10.394000,10.594528,-0.587517,5.626808,11.141472,-0.336793,4.368579,0.000000,3.000000,11.146562,0.004998,-0.000151,-0.082352,0.001263,0.004282,0.494361,0.010346,0.465785,0.211445,0.019533,0.500568,0.025200,0.589763
10.405000,9.552148,-0.615206,5.218491,10.099092,-0.364482,3.960262,0.000000,3.000000,10.105667,0.004997,-0.000180,-0.080999,0.001248,-0.002796,0.493463,0.010358,0.465786,0.211500,0.019532,0.500568,0.025200,0.649787
10.416000,8.219137,-0.581677,5.907098,8.766081,-0.330953,4.648869,0.000000,3.000000,8.772326,0.004996,-0.000189,-0.081482,0.000905,-0.009839,0.492574,0.010377,0.465697,0.211555,0.019530,0.500568,0.025200,0.711153
10.427000,8.334581,-0.533416,6.182873,8.881525,-0.282692,4.924645,0.000000,3.000000,8.886023,0.004997,-0.000159,-0.082488,0.002003,-0.009164,0.491679,0.010398,0.465594,0.211610,0.019528,0.500568,0.025200,0.707279
10.438000,9.476310,-0.691277,6.013011,10.023254,-0.440553,4.754782,0.000000,3.000000,10.032931,0.004995,-0.000220,-0.084833,0.002817,-0.007717,0.490755,0.010427,0.465525,0.211665,0.019526,0.500568,0.025200,0.696258
10.449000,10.602093,-0.898599,5.473901,11.149037,-0.647875,4.215672,0.000000,3.000000,11.167845,0.004992,-0.000290,-0.084624,0.003509,-0.000506,0.489827,0.010461,0.465502,0.211720,0.019523,0.500568,0.025200,0.635485
10.460000,11.143473,-1.001942,5.523030,11.690418,-0.751218,4.264802,0.000000,3.000000,11.714529,0.004990,-0.000321,-0.083848,0.002290,-0.004158,0.488901,0.010489,0.465472,0.211774,0.019519,0.500568,0.025200,0.667018
10.471000,10.962785,-0.993048,6.030319,11.509730,-0.742324,4.772090,0.000000,3.000000,11.533643,0.004990,-0.000322,-0.083560,0.002994,-0.005962,0.488001,0.010516,0.465428,0.211829,0.019516,0.500568,0.025200,0.683095
10.482000,11.061148,-0.901283,6.448938,11.608092,-0.650560,5.190710,0.000000,3.000000,11.626308,0.004992,-0.000280,-0.081997,0.001414,-0.000562,0.487077,0.010535,0.465397,0.211884,0.019512,0.500568,0.025200,0.637841
10.493000,11.008565,-0.780225,5.686091,11.555509,-0.529502,4.427862,0.000000,3.000000,11.567634,0.004995,-0.000229,-0.081714,0.000884,0.002753,0.486171,0.010549,0.465418,0.211939,0.019510,0.500568,0.025200,0.609332
10.504000,10.158363,-0.764939,4.865708,10.705308,-0.514215,3.607480,0.000000,3.000000,10.717650,0.004994,-0.000240,-0.080637,0.002372,0.002017,0.485300,0.010570,0.465462,0.211994,0.019507,0.500568,0.025200,0.614794
10.515000,8.839576,-0.854608,5.283202,9.386520,-0.603884,4.024973,0.000000,3.000000,9.405926,0.004990,-0.000321,-0.079108,0.002728,-0.005693,0.484420,0.010597,0.465423,0.212049,0.019504,0.500568,0.025200,0.680917
10.526000,8.289512,-0.885359,5.916695,8.836456,-0.634635,4.658467,0.000000,3.000000,8.859217,0.004987,-0.000358,-0.080463,0.002609,-0.009401,0.483520,0.010627,0.465331,0.212104,0.019500,0.500568,0.025200,0.714027
10.537000,9.053286,-1.041111,6.110289,9.600230,-0.790388,4.852061,0.000000,3.000000,9.632711,0.004983,-0.000410,-0.083281,0.003579,-0.006053,0.482612,0.010664,0.465246,0.212159,0.019496,0.500568,0.025200,0.687162
10.548000,10.285894,-1.154156,5.763321,10.832838,-0.903432,4.505092,0.000000,3.000000,10.870445,0.004983,-0.000416,-0.084434,0.003192,-0.003652,0.481680,0.010703,0.465188,0.212214,0.019492,0.500568,0.025200,0.667825
10.559000,11.262999,-1.099731,5.485280,11.809944,-0.849007,4.227051,0.000000,3.000000,11.840422,0.004987,-0.000359,-0.085681,0.001796,-0.005618,0.480734,0.010732,0.465139,0.212268,0.019487,0.500568,0.025200,0.685383
10.570000,11.113302,-0.896823,6.158285,11.660246,-0.646099,4.900057,0.000000,3.000000,11.678133,0.004992,-0.000277,-0.086022,0.002682,-0.006998,0.479796,0.010753,0.465048,0.212323,0.019484,0.500568,0.025200,0.698733
10.581000,11.470384,-0.819422,6.602902,12.017328,-0.568698,5.344673,0.000000,3.000000,12.030777,0.004994,-0.000236,-0.086043,0.000484,-0.006567,0.478849,0.010760,0.464964,0.212378,0.019481,0.500568,0.025200,0.696584
10.592000,11.598727,-0.716901,6.106623,12.145672,-0.466177,4.848394,0.000000,3.000000,12.154615,0.004996,-0.000192,-0.086035,0.000303,-0.002338,0.477914,0.010763,0.464938,0.212433,0.019479,0.500568,0.025200,0.661180
10.603000,10.744722,-0.637335,5.140153,11.291666,-0.386611,3.881924,0.000000,3.000000,11.298283,0.004997,-0.000171,-0.085240,-0.000199,0.000583,0.476965,0.010758,0.464939,0.212488,0.019477,0.500568,0.025200,0.636367
10.614000,9.177488,-0.489669,5.129235,9.724432,-0.238945,3.871007,0.000000,3.000000,9.727367,0.004998,-0.000123,-0.082695,0.000483,-0.009377,0.476055,0.010757,0.464873,0.212543,0.019475,0.500568,0.025200,0.722073
10.625000,7.637398,-0.379959,6.027744,8.184342,-0.129235,4.769516,0.000000,3.000000,8.185362,0.004999,-0.000079,-0.081487,0.000399,-0.012427,0.475162,0.010763,0.464729,0.212598,0.019474,0.500568,0.025200,0.750536
10.636000,8.053796,-0.378413,6.339246,8.600741,-0.127689,5.081017,0.000000,3.000000,8.601688,0.004999,-0.000074,-0.083872,0.001568,-0.013312,0.474242,0.010777,0.464564,0.212653,0.019473,0.500568,0.025200,0.761014
10.647000,9.335103,-0.422056,6.028368,9.882048,-0.171332,4.770139,0.000000,3.000000,9.883533,0.004999,-0.000087,-0.085508,0.001391,-0.009646,0.473324,0.010796,0.464443,0.212708,0.019472,0.500568,0.025200,0.732090
10.658000,10.531058,-0.488491,5.486862,11.078002,-0.237767,4.228633,0.000000,3.000000,11.080554,0.004999,-0.000107,-0.085187,0.000663,-0.009782,0.472369,0.010812,0.464356,0.212763,0.019471,0.500568,0.025200,0.734821
10.669000,10.679887,-0.365315,5.870494,11.226831,-0.114591,4.612265,0.000000,3.000000,11.227416,0.005000,-0.000051,-0.082984,0.000056,-0.008534,0.471446,0.010814,0.464254,0.212818,0.019470,0.500568,0.025200,0.726066
10.680000,10.421627,-0.355877,6.487408,10.968571,-0.105154,5.229180,0.000000,3.000000,10.969075,0.005000,-0.000048,-0.083445,0.000341,-0.010838,0.470550,0.010818,0.464131,0.212873,0.019470,0.500568,0.025200,0.747831
10.691000,10.632463,-0.363690,6.146337,11.179408,-0.112966,4.888109,0.000000,3.000000,11.179978,0.005000,-0.000051,-0.082072,-0.000370,-0.005904,0.469627,0.010819,0.464070,0.212928,0.019469,0.500568,0.025200,0.707054
10.702000,10.135512,-0.352764,5.074141,10.682457,-0.102040,3.815912,0.000000,3.000000,10.682944,0.005000,-0.000048,-0.080793,0.000649,-0.000262,0.468729,0.010817,0.464058,0.212983,0.019469,0.500568,0.025200,0.659402
10.713000,8.955631,-0.307049,4.772903,9.502576,-0.056325,3.514674,0.000000,3.000000,9.502743,0.005000,-0.000030,-0.078999,0.001003,-0.006943,0.467855,0.010818,0.463996,0.213038,0.019468,0.500568,0.025200,0.717202
10.724000,7.584623,-0.247959,5.578281,8.131568,0.002765,4.320052,0.000000,3.000000,8.131568,0.005000,0.000002,-0.078265,0.002403,-0.015953,0.467011,0.010836,0.463845,0.213093,0.019468,0.500568,0.025200,0.796382
10.735000,7.912435,-0.319513,6.153316,8.459380,-0.068789,4.895087,0.000000,3.000000,8.459659,0.005000,-0.000041,-0.081478,0.001804,-0.015223,0.466112,0.010851,0.463656,0.213148,0.019468,0.500568,0.025200,0.793595
10.746000,9.478222,-0.399606,6.035526,10.025166,-0.148883,4.777297,0.000000,3.000000,10.026271,0.004999,-0.000074,-0.084664,0.000762,-0.013909,0.465192,0.010865,0.463495,0.213203,0.019468,0.500568,0.025200,0.785334
10.757000,10.574529,-0.401530,5.516871,11.121474,-0.150806,4.258642,0.000000,3.000000,11.122496,0.005000,-0.000068,-0.084778,0.000198,-0.010217,0.464263,0.010874,0.463382,0.213258,0.019467,0.500568,0.025200,0.756031
10.768000,10.634609,-0.436334,5.690336,11.181553,-0.185610,4.432108,0.000000,3.000000,11.183094,0.004999,-0.000083,-0.082603,-0.000630,-0.013372,0.463349,0.010871,0.463230,0.213313,0.019466,0.500568,0.025200,0.785542
10.779000,9.989232,-0.459841,6.328261,10.536176,-0.209117,5.070032,0.000000,3.000000,10.538251,0.004999,-0.000099,-0.080532,-0.000862,-0.016294,0.462460,0.010874,0.463068,0.213368,0.019465,0.500568,0.025200,0.813261
10.790000,10.416177,-0.466409,6.245062,10.963122,-0.215685,4.986834,0.000000,3.000000,10.965243,0.004999,-0.000098,-0.082288,-0.000655,-0.009547,0.461562,0.010875,0.462944,0.213423,0.019464,0.500568,0.025200,0.758237
10.801000,10.842127,-0.452468,5.155322,11.389071,-0.201744,3.897094,0.000000,3.000000,11.390858,0.004999,-0.000089,-0.081943,-0.001571,-0.004712,0.460660,0.010865,0.462895,0.213478,0.019463,0.500568,0.025200,0.718096
10.812000,10.333123,-0.424104,4.112319,10.880068,-0.173380,2.854090,0.000000,3.000000,10.881449,0.004999,-0.000080,-0.080514,-0.000312,-0.002545,0.459783,0.010865,0.462887,0.213533,0.019462,0.500568,0.025200,0.699846
10.823000,8.879597,-0.432054,4.411687,9.426541,-0.181330,3.153458,0.000000,3.000000,9.428285,0.004999,-0.000096,-0.078026,0.001734,-0.010584,0.458897,0.010880,0.462801,0.213588,0.019461,0.500568,0.025200,0.769617
10.834000,7.331937,-0.372866,5.490855,7.878881,-0.122142,4.232627,0.000000,3.000000,7.879828,0.004999,-0.000078,-0.077598,0.001697,-0.015702,0.458048,0.010898,0.462633,0.213643,0.019460,0.500568,0.025200,0.816055
10.845000,7.933960,-0.351891,5.831672,8.480904,-0.101167,4.573444,0.000000,3.000000,8.481508,0.005000,-0.000060,-0.081084,0.001340,-0.016525,0.457166,0.010906,0.462462,0.213698,0.019459,0.500568,0.025200,0.826119
10.856000,9.412505,-0.470244,5.472050,9.959449,-0.219520,4.213821,0.000000,3.000000,9.961868,0.004999,-0.000110,-0.081878,0.000834,-0.010722,0.456266,0.010909,0.462332,0.213753,0.019458,0.500568,0.025200,0.779223
10.867000,10.345104,-0.487470,5.232490,10.892048,-0.236746,3.974261,0.000000,3.000000,10.894620,0.004999,-0.000109,-0.081610,-0.001189,-0.008339,0.455365,0.010902,0.462250,0.213808,0.019457,0.500568,0.025200,0.760482
10.878000,10.392279,-0.408585,5.509643,10.939224,-0.157862,4.251414,0.000000,3.000000,10.940363,0.004999,-0.000072,-0.079586,-0.000144,-0.010333,0.454485,0.010899,0.462151,0.213863,0.019456,0.500568,0.025200,0.779179
10.889000,10.236146,-0.337696,6.057364,10.783090,-0.086973,4.799136,0.000000,3.000000,10.783441,0.005000,-0.000040,-0.078538,-0.000772,-0.007242,0.453635,0.010893,0.462048,0.213918,0.019455,0.500568,0.025200,0.754805
10.900000,10.800773,-0.303964,5.486770,11.347718,-0.053240,4.228541,0.000000,3.000000,11.347843,0.005000,-0.000023,-0.079826,0.000542,-0.002570,0.452741,0.010890,0.462013,0.213973,0.019455,0.500568,0.025200,0.715798
10.911000,10.788394,-0.222130,4.485524,11.335338,0.028594,3.227296,0.000000,3.000000,11.335374,0.005000,0.000013,-0.080445,-0.000544,0.001294,0.451855,0.010880,0.462015,0.214028,0.019455,0.500568,0.025200,0.682966
10.922000,9.932900,-0.119829,3.999958,10.479844,0.130895,2.741730,0.000000,3.000000,10.480661,0.005000,0.000062,-0.077932,0.000195,-0.003581,0.450989,0.010877,0.462007,0.214083,0.019455,0.500568,0.025200,0.724469
10.933000,8.136386,0.029730,4.845900,8.683330,0.280454,3.587672,0.000000,3.000000,8.687858,0.004997,0.000161,-0.076263,0.000933,-0.010800,0.450145,0.010883,0.461902,0.214138,0.019456,0.500568,0.025200,0.787635
10.944000,7.441919,0.071317,5.731822,7.988864,0.322041,4.473593,0.000000,3.000000,7.995352,0.004996,0.000201,-0.079443,-0.001277,-0.016320,0.449292,0.010881,0.461723,0.214193,0.019459,0.500568,0.025200,0.837689
10.955000,8.860597,0.085532,5.681076,9.407541,0.336256,4.422848,0.000000,3.000000,9.413549,0.004997,0.000179,-0.082056,0.000878,-0.014406,0.448392,0.010885,0.461563,0.214248,0.019461,0.500568,0.025200,0.824322
10.966000,10.321469,0.019544,5.365219,10.868414,0.270268,4.106990,0.000000,3.000000,10.871774,0.004998,0.000124,-0.084463,-0.000978,-0.011764,0.447467,0.010881,0.461429,0.214303,0.019462,0.500568,0.025200,0.804313
10.977000,10.897115,0.060814,5.301216,11.444059,0.311537,4.042987,0.000000,3.000000,11.448299,0.004998,0.000136,-0.084291,-0.000868,-0.014395,0.446563,0.010881,0.461295,0.214358,0.019464,0.500568,0.025200,0.829051
10.988000,10.722050,0.098535,5.768770,11.268994,0.349259,4.510541,0.000000,3.000000,11.274405,0.004998,0.000155,-0.082311,0.000301,-0.016987,0.445633,0.010883,0.461123,0.214413,0.019465,0.500568,0.025200,0.854151
10.999000,10.910207,0.070690,6.004369,11.457152,0.321413,4.746140,0.000000,3.000000,11.461659,0.004998,0.000140,-0.084492,0.000099,-0.012666,0.444719,0.010885,0.460940,0.214468,0.019467,0.500568,0.025200,0.820773
11.010000,11.478157,0.084316,4.886904,12.025102,0.335040,3.628675,0.000000,3.000000,12.029768,0.004998,0.000139,-0.085161,-0.000927,-0.006781,0.443780,0.010881,0.460879,0.214523,0.019468,0.500568,0.025200,0.771943
11.021000,10.876597,0.113424,3.880508,11.423541,0.364148,2.622279,0.000000,3.000000,11.429344,0.004997,0.000159,-0.082961,-0.000423,-0.006187,0.442860,0.010875,0.460831,0.214578,0.019470,0.500568,0.025200,0.767765
11.032000,9.274104,0.132820,3.881261,9.821049,0.383543,2.623032,0.000000,3.000000,9.828535,0.004996,0.000195,-0.080787,0.001070,-0.012026,0.441975,0.010882,0.460713,0.214633,0.019472,0.500568,0.025200,0.819431
11.043000,7.409628,0.094119,5.001546,7.956572,0.344842,3.743317,0.000000,3.000000,7.964042,0.004995,0.000216,-0.079521,0.001238,-0.018399,0.441092,0.010894,0.460526,0.214688,0.019474,0.500568,0.025200,0.876866
11.054000,7.714655,0.104147,5.523944,8.261600,0.354871,4.265715,0.000000,3.000000,8.269218,0.004995,0.000215,-0.082860,-0.000537,-0.020981,0.440186,0.010896,0.460300,0.214743,0.019477,0.500568,0.025200,0.902845
11.065000,9.244080,-0.006347,5.240896,9.791024,0.244377,3.982667,0.000000,3.000000,9.794074,0.004998,0.000125,-0.085163,-0.000592,-0.018553,0.439251,0.010893,0.460108,0.214798,0.019479,0.500568,0.025200,0.885707
11.076000,10.518624,-0.094557,4.925025,11.065568,0.156167,3.666797,0.000000,3.000000,11.066670,0.005000,0.000071,-0.085399,-0.001223,-0.015883,0.438315,0.010888,0.459956,0.214852,0.019480,0.500568,0.025200,0.865789
11.087000,10.880239,-0.069011,5.028677,11.427183,0.181713,3.770449,0.000000,3.000000,11.428628,0.004999,0.000079,-0.083765,-0.000147,-0.014741,0.437398,0.010880,0.459784,0.214907,0.019480,0.500568,0.025200,0.859190
11.098000,10.655233,-0.072625,5.465505,11.202177,0.178098,4.207276,0.000000,3.000000,11.203593,0.004999,0.000079,-0.082133,-0.000268,-0.011019,0.436482,0.010873,0.459651,0.214962,0.019481,0.500568,0.025200,0.830000
11.109000,10.853982,-0.046186,4.713523,11.400926,0.204538,3.455294,0.000000,3.000000,11.402761,0.004999,0.000090,-0.082115,-0.000862,-0.005641,0.435574,0.010870,0.459571,0.215017,0.019482,0.500568,0.025200,0.785799
11.120000,10.285879,0.006315,3.681592,10.832824,0.257038,2.423363,0.000000,3.000000,10.835873,0.004999,0.000119,-0.080591,-0.000320,-0.003325,0.434691,0.010861,0.459523,0.215072,0.019483,0.500568,0.025200,0.767030
11.131000,8.907586,0.113797,3.544286,9.454530,0.364520,2.286057,0.000000,3.000000,9.461555,0.004996,0.000193,-0.077638,-0.000584,-0.008965,0.433819,0.010859,0.459467,0.215127,0.019485,0.500568,0.025200,0.815884
11.142000,7.140504,0.147540,4.531190,7.687449,0.398264,3.272961,0.000000,3.000000,7.697758,0.004993,0.000259,-0.077405,0.002004,-0.017788,0.432964,0.010869,0.459290,0.215182,0.019488,0.500568,0.025200,0.893938
11.153000,7.366722,0.183944,5.035986,7.913666,0.434668,3.777758,0.000000,3.000000,7.925594,0.004992,0.000274,-0.081436,0.000710,-0.017414,0.432087,0.010870,0.459088,0.215237,0.019491,0.500568,0.025200,0.894389
11.164000,9.016987,0.167341,4.840639,9.563931,0.418065,3.582410,0.000000,3.000000,9.573064,0.004995,0.000218,-0.084264,0.000091,-0.015069,0.431172,0.010867,0.458915,0.215292,0.019493,0.500568,0.025200,0.877620
11.175000,10.412797,0.028938,4.530952,10.959741,0.279662,3.272723,0.000000,3.000000,10.963309,0.004998,0.000128,-0.084644,0.001183,-0.012376,0.430250,0.010869,0.458772,0.215347,0.019495,0.500568,0.025200,0.857343
11.186000,10.546169,0.015521,4.528700,11.093114,0.266245,3.270471,0.000000,3.000000,11.096308,0.004999,0.000120,-0.084226,-0.000060,-0.013611,0.429309,0.010866,0.458619,0.215402,0.019497,0.500568,0.025200,0.870567
11.197000,10.048616,0.049497,5.070425,10.595560,0.300221,3.812196,0.000000,3.000000,10.599812,0.004998,0.000142,-0.083010,0.001656,-0.015732,0.428398,0.010873,0.458441,0.215457,0.019498,0.500568,0.025200,0.891774
11.208000,10.363365,0.026421,4.966552,10.910309,0.277144,3.708324,0.000000,3.000000,10.913828,0.004998,0.000127,-0.083655,0.000157,-0.009905,0.427482,0.010875,0.458317,0.215512,0.019500,0.500568,0.025200,0.844553
11.219000,10.407534,0.012290,4.004363,10.954478,0.263014,2.746134,0.000000,3.000000,10.957635,0.004999,0.000120,-0.080466,-0.000945,-0.004476,0.426581,0.010873,0.458258,0.215567,0.019501,0.500568,0.025200,0.799556
11.230000,9.617708,0.052337,3.283429,10.164652,0.303061,2.025200,0.000000,3.000000,10.169169,0.004998,0.000149,-0.078143,-0.000357,-0.004493,0.425719,0.010868,0.458219,0.215622,0.019502,0.500568,0.025200,0.800390
11.241000,8.363837,-0.021994,3.498197,8.910781,0.228729,2.239968,0.000000,3.000000,8.913717,0.004998,0.000128,-0.076990,0.000810,-0.012732,0.424868,0.010873,0.458114,0.215677,0.019504,0.500568,0.025200,0.872194
11.252000,7.336800,0.036868,4.486011,7.883744,0.287592,3.227782,0.000000,3.000000,7.888988,0.004997,0.000182,-0.077819,0.000546,-0.012326,0.424019,0.010880,0.457956,0.215732,0.019506,0.500568,0.025200,0.871606
11.263000,8.406911,0.025228,4.585048,8.953855,0.275952,3.326819,0.000000,3.000000,8.958106,0.004998,0.000154,-0.080700,-0.000661,-0.014621,0.423139,0.010875,0.457792,0.215787,0.019507,0.500568,0.025200,0.894028
11.274000,9.880290,-0.109114,4.259378,10.427234,0.141610,3.001149,0.000000,3.000000,10.428195,0.005000,0.000068,-0.082001,-0.000511,-0.010481,0.422232,0.010872,0.457672,0.215842,0.019509,0.500568,0.025200,0.861068
11.285000,10.510439,-0.151016,4.223467,11.057383,0.099707,2.965238,0.000000,3.000000,11.057832,0.005000,0.000045,-0.082154,-0.000041,-0.009590,0.421335,0.010867,0.457539,0.215897,0.019509,0.500568,0.025200,0.855881
11.296000,10.468331,-0.161036,4.626017,11.015275,0.089688,3.367789,0.000000,3.000000,11.015640,0.005000,0.000041,-0.081073,-0.000404,-0.011989,0.420440,0.010859,0.457438,0.215952,0.019510,0.500568,0.025200,0.878068
11.307000,10.614898,-0.138544,4.974489,11.161843,0.112179,3.716261,0.000000,3.000000,11.162406,0.005000,0.000050,-0.082623,-0.000290,-0.011233,0.419527,0.010855,0.457308,0.216007,0.019510,0.500568,0.025200,0.873996
11.318000,10.864627,-0.041429,4.634539,11.411571,0.209295,3.376310,0.000000,3.000000,11.413491,0.004999,0.000092,-0.080537,-0.001033,-0.004761,0.418629,0.010844,0.457238,0.216062,0.019511,0.500568,0.025200,0.820337
11.329000,10.061777,-0.037631,3.798559,10.608722,0.213093,2.540330,0.000000,3.000000,10.610862,0.004999,0.000100,-0.077835,-0.000440,-0.001465,0.417768,0.010836,0.457208,0.216117,0.019512,0.500568,0.025200,0.792900
11.340000,8.824768,0.018759,3.454919,9.371712,0.269482,2.196690,0.000000,3.000000,9.375586,0.004998,0.000144,-0.075294,-0.000134,-0.007528,0.416938,0.010836,0.457162,0.216172,0.019513,0.500568,0.025200,0.845192
11.351000,7.640160,0.124666,3.903977,8.187104,0.375390,2.645748,0.000000,3.000000,8.195705,0.004995,0.000229,-0.075465,-0.001082,-0.011722,0.416126,0.010838,0.457057,0.216227,0.019515,0.500568,0.025200,0.882656
11.362000,7.843787,0.099637,4.225082,8.390731,0.350361,2.966854,0.000000,3.000000,8.398042,0.004996,0.000209,-0.076682,-0.000205,-0.009677,0.415291,0.010839,0.456945,0.216282,0.019518,0.500568,0.025200,0.867326
11.373000,9.161790,0.056486,4.077379,9.708734,0.307210,2.819150,0.000000,3.000000,9.713594,0.004997,0.000158,-0.079196,-0.000594,-0.007887,0.414409,0.010837,0.456853,0.216337,0.019520,0.500568,0.025200,0.853800
11.384000,10.271479,0.000461,3.658718,10.818423,0.251185,2.400489,0.000000,3.000000,10.821339,0.004999,0.000116,-0.078738,-0.000239,-0.003606,0.413537,0.010838,0.456807,0.216392,0.019521,0.500568,0.025200,0.818301
11.395000,10.440973,-0.004323,3.812219,10.987917,0.246401,2.553991,0.000000,3.000000,10.990680,0.004999,0.000112,-0.078893,-0.000433,-0.006148,0.412662,0.010837,0.456742,0.216447,0.019523,0.500568,0.025200,0.841042
11.406000,10.363373,0.063627,4.192505,10.910317,0.314351,2.934276,0.000000,3.000000,10.914845,0.004998,0.000144,-0.081103,0.000200,-0.006156,0.411782,0.010835,0.456676,0.216502,0.019524,0.500568,0.025200,0.842280
11.417000,10.575303,0.034811,4.584614,11.122248,0.285534,3.326385,0.000000,3.000000,11.125912,0.004998,0.000128,-0.082034,-0.000453,-0.005952,0.410873,0.010829,0.456605,0.216557,0.019526,0.500568,0.025200,0.841830
11.428000,9.802064,0.112511,4.581363,10.349009,0.363235,3.323134,0.000000,3.000000,10.355381,0.004997,0.000175,-0.079318,0.000249,-0.005262,0.409989,0.010827,0.456544,0.216612,0.019527,0.500568,0.025200,0.837076
11.439000,8.820967,0.104596,4.003304,9.367912,0.355320,2.745075,0.000000,3.000000,9.374648,0.004996,0.000190,-0.076354,0.001221,-0.005002,0.409159,0.010838,0.456500,0.216667,0.019529,0.500568,0.025200,0.835659
11.450000,7.909439,0.117381,3.834688,8.456384,0.368105,2.576460,0.000000,3.000000,8.464392,0.004995,0.000217,-0.074918,0.001634,-0.006652,0.408320,0.010859,0.456443,0.216722,0.019532,0.500568,0.025200,0.850680
11.461000,8.142730,0.114373,3.653961,8.689674,0.365097,2.395732,0.000000,3.000000,8.697341,0.004996,0.000210,-0.077121,0.001223,-0.006784,0.407469,0.010874,0.456379,0.216777,0.019534,0.500568,0.025200,0.852964
11.472000,8.896724,0.077041,3.688034,9.443668,0.327764,2.429805,0.000000,3.000000,9.449354,0.004997,0.000173,-0.079291,0.000647,-0.003939,0.406602,0.010883,0.456336,0.216832,0.019536,0.500568,0.025200,0.829603
11.483000,9.879354,0.008355,3.482156,10.426299,0.259079,2.223927,0.000000,3.000000,10.429517,0.004998,0.000124,-0.078538,0.002707,-0.001208,0.405741,0.010904,0.456330,0.216887,0.019538,0.500568,0.025200,0.806538
11.494000,10.335790,-0.047121,3.506847,10.882734,0.203603,2.248618,0.000000,3.000000,10.884638,0.004999,0.000094,-0.078854,0.000646,-0.002181,0.404871,0.010913,0.456311,0.216942,0.019539,0.500568,0.025200,0.815131
11.505000,10.778767,-0.027128,3.805554,11.325712,0.223596,2.547326,0.000000,3.000000,11.327918,0.004999,0.000099,-0.082861,-0.000919,-0.001396,0.403973,0.010912,0.456293,0.216997,0.019540,0.500568,0.025200,0.808782
11.516000,11.180401,-0.014863,4.175529,11.727345,0.235860,2.917300,0.000000,3.000000,11.729717,0.004999,0.000101,-0.084564,-0.000728,-0.003372,0.403048,0.010909,0.456262,0.217051,0.019541,0.500568,0.025200,0.826110
11.527000,10.455009,0.058343,4.731688,11.001953,0.309066,3.473459,0.000000,3.000000,11.006293,0.004998,0.000140,-0.082194,-0.000634,-0.008013,0.402137,0.010901,0.456198,0.217106,0.019542,0.500568,0.025200,0.866652
11.538000,8.946609,0.167751,5.353025,9.493553,0.418475,4.094797,0.000000,3.000000,9.502772,0.004995,0.000220,-0.079588,-0.000470,-0.011433,0.401253,0.010898,0.456085,0.217161,0.019544,0.500568,0.025200,0.897709
11.549000,8.045759,0.109639,5.289837,8.592703,0.360363,4.031608,0.000000,3.000000,8.600257,0.004996,0.000210,-0.078324,0.000139,-0.010562,0.400393,0.010907,0.455961,0.217216,0.019547,0.500568,0.025200,0.892538
11.560000,8.749403,0.138987,4.283177,9.296347,0.389710,3.024949,0.000000,3.000000,9.304512,0.004996,0.000209,-0.077191,0.000363,-0.003669,0.399543,0.010911,0.455918,0.217271,0.019549,0.500568,0.025200,0.834830
11.571000,9.708562,0.060420,3.452155,10.255506,0.311144,2.193927,0.000000,3.000000,10.260225,0.004998,0.000152,-0.077184,0.000258,0.000724,0.398706,0.010912,0.455931,0.217326,0.019551,0.500568,0.025200,0.797315
11.582000,10.075587,-0.059907,3.163472,10.622531,0.190817,1.905244,0.000000,3.000000,10.624245,0.004999,0.000090,-0.077166,-0.000030,0.001580,0.397847,0.010916,0.455952,0.217381,0.019552,0.500568,0.025200,0.789685
11.593000,9.814256,-0.035815,3.583016,10.361201,0.214909,2.324788,0.000000,3.000000,10.363429,0.004999,0.000104,-0.075894,-0.000200,-0.001074,0.397003,0.010923,0.455941,0.217436,0.019553,0.500568,0.025200,0.812391
11.604000,10.354174,-0.068312,3.894868,10.901118,0.182412,2.636639,0.000000,3.000000,10.902644,0.004999,0.000084,-0.082251,-0.000565,-0.000850,0.396117,0.010921,0.455928,0.217491,0.019554,0.500568,0.025200,0.810723
11.615000,10.933945,-0.031023,3.952193,11.480889,0.219701,2.693965,0.000000,3.000000,11.482991,0.004999,0.000096,-0.082194,-0.001810,-0.001889,0.395225,0.010908,0.455913,0.217546,0.019555,0.500568,0.025200,0.819814
11.626000,10.068843,0.191002,4.572744,10.615787,0.441725,3.314515,0.000000,3.000000,10.624973,0.004996,0.000208,-0.080530,-0.002170,-0.010749,0.394318,0.010884,0.455830,0.217601,0.019557,0.500568,0.025200,0.896493
11.637000,8.366597,0.314666,5.366513,8.913541,0.565390,4.108284,0.000000,3.000000,8.931455,0.004990,0.000317,-0.077932,-0.000918,-0.015504,0.393453,0.010870,0.455678,0.217656,0.019560,0.500568,0.025200,0.939581
11.648000,7.398697,0.348788,6.245675,7.945642,0.599511,4.987447,0.000000,3.000000,7.968227,0.004986,0.000376,-0.078488,-0.000806,-0.016241,0.392591,0.010864,0.455466,0.217711,0.019564,0.500568,0.025200,0.949645
11.659000,8.109701,0.398941,5.535990,8.656645,0.649665,4.277762,0.000000,3.000000,8.680989,0.004986,0.000374,-0.077654,-0.000415,-0.010308,0.391743,0.010851,0.455335,0.217766,0.019568,0.500568,0.025200,0.901661
11.670000,9.570775,0.292377,4.060881,10.117720,0.543100,2.802653,0.000000,3.000000,10.132286,0.004993,0.000268,-0.077461,-0.001018,-0.003433,0.390876,0.010842,0.455264,0.217821,0.019572,0.500568,0.025200,0.844591
11.681000,10.124866,0.097610,3.150305,10.671811,0.348334,1.892076,0.000000,3.000000,10.677494,0.004997,0.000163,-0.077670,0.001858,0.000772,0.390026,0.010854,0.455256,0.217876,0.019574,0.500568,0.025200,0.809053
11.692000,9.964335,0.126506,3.289810,10.511280,0.377230,2.031581,0.000000,3.000000,10.518046,0.004997,0.000179,-0.079409,0.000617,-0.004293,0.389159,0.010859,0.455220,0.217931,0.019576,0.500568,0.025200,0.852695
11.703000,10.071611,0.114084,3.760633,10.618556,0.364807,2.502404,0.000000,3.000000,10.624820,0.004997,0.000172,-0.079509,0.000440,-0.003545,0.388282,0.010861,0.455177,0.217986,0.019578,0.500568,0.025200,0.847117
11.714000,10.040114,0.127070,4.006015,10.587058,0.377794,2.747786,0.000000,3.000000,10.593797,0.004997,0.000178,-0.080064,-0.000771,-0.008891,0.387392,0.010855,0.455104,0.218041,0.019580,0.500568,0.025200,0.893790
11.725000,8.854512,0.255334,4.573118,9.401457,0.506058,3.314889,0.000000,3.000000,9.415067,0.004993,0.000269,-0.078970,-0.001484,-0.012534,0.386520,0.010841,0.454974,0.218096,0.019582,0.500568,0.025200,0.927042
11.736000,7.768474,0.361237,5.445189,8.315419,0.611960,4.186961,0.000000,3.000000,8.337906,0.004987,0.000367,-0.079212,-0.001090,-0.021398,0.385658,0.010825,0.454749,0.218150,0.019586,0.500568,0.025200,1.006312
11.747000,8.007075,0.395725,5.830864,8.554019,0.646449,4.572635,0.000000,3.000000,8.578411,0.004986,0.000377,-0.079282,-0.002120,-0.021242,0.384785,0.010808,0.454529,0.218205,0.019590,0.500568,0.025200,1.008940
11.758000,8.856213,0.371223,5.942980,9.403157,0.621947,4.684751,0.000000,3.000000,9.423703,0.004989,0.000330,-0.079415,-0.002231,-0.017427,0.383908,0.010787,0.454321,0.218260,0.019594,0.500568,0.025200,0.980315
11.769000,9.784116,0.313465,5.089101,10.331060,0.564188,3.830872,0.000000,3.000000,10.346454,0.004993,0.000273,-0.077721,-0.000432,-0.010717,0.383050,0.010779,0.454193,0.218315,0.019597,0.500568,0.025200,0.925680
11.780000,10.185764,0.219492,3.843031,10.732708,0.470216,2.584803,0.000000,3.000000,10.743003,0.004995,0.000219,-0.076686,-0.001469,-0.007172,0.382204,0.010771,0.454120,0.218370,0.019600,0.500568,0.025200,0.896916
11.791000,10.247761,0.214489,3.326599,10.794705,0.465213,2.068370,0.000000,3.000000,10.804725,0.004995,0.000215,-0.077941,-0.001382,-0.004144,0.381351,0.010759,0.454072,0.218425,0.019602,0.500568,0.025200,0.872097
11.802000,10.222712,0.303066,3.381392,10.769656,0.553790,2.123164,0.000000,3.000000,10.783885,0.004993,0.000257,-0.078504,-0.002151,-0.004827,0.380481,0.010736,0.454020,0.218480,0.019605,0.500568,0.025200,0.878814
11.813000,9.070968,0.437840,4.036604,9.617912,0.688564,2.778375,0.000000,3.000000,9.642528,0.004987,0.000357,-0.077472,-0.003306,-0.012426,0.379628,0.010705,0.453902,0.218535,0.019608,0.500568,0.025200,0.945423
11.824000,7.925942,0.631356,4.655369,8.472886,0.882080,3.397141,0.000000,3.000000,8.518678,0.004973,0.000518,-0.077037,-0.001991,-0.018888,0.378799,0.010672,0.453729,0.218590,0.019613,0.500568,0.025200,1.003359
11.835000,7.187419,0.672346,5.272536,7.734363,0.923069,4.014307,0.000000,3.000000,7.789251,0.004965,0.000593,-0.078255,-0.002723,-0.022086,0.377929,0.010638,0.453478,0.218644,0.019619,0.500568,0.025200,1.035020
11.846000,7.921543,0.672197,5.518245,8.468487,0.922921,4.260016,0.000000,3.000000,8.518630,0.004971,0.000542,-0.078802,-0.004759,-0.022634,0.377059,0.010596,0.453230,0.218699,0.019625,0.500568,0.025200,1.044131
11.857000,8.831780,0.760054,5.380215,9.378725,1.010778,4.121986,0.000000,3.000000,9.433035,0.004971,0.000536,-0.078446,-0.003590,-0.019930,0.376195,0.010548,0.453008,0.218753,0.019631,0.500568,0.025200,1.025182
11.868000,9.176304,0.716514,5.423231,9.723249,0.967238,4.165002,0.000000,3.000000,9.771239,0.004975,0.000495,-0.075923,-0.003108,-0.018116,0.375351,0.010512,0.452796,0.218808,0.019637,0.500568,0.025200,1.013606
11.879000,9.298474,0.631058,4.724120,9.845418,0.881782,3.465892,0.000000,3.000000,9.884827,0.004980,0.000446,-0.074316,-0.003383,-0.012730,0.374528,0.010484,0.452643,0.218863,0.019642,0.500568,0.025200,0.970673
11.890000,9.642665,0.587292,3.753939,10.189609,0.838016,2.495710,0.000000,3.000000,10.224011,0.004983,0.000410,-0.075716,-0.001957,-0.007287,0.373692,0.010458,0.452539,0.218918,0.019647,0.500568,0.025200,0.926350
11.901000,9.450901,0.645763,3.082475,9.997845,0.896487,1.824246,0.000000,3.000000,10.037958,0.004980,0.000447,-0.075546,-0.003433,-0.006550,0.372871,0.010418,0.452471,0.218973,0.019651,0.500568,0.025200,0.921324
11.912000,8.141751,0.723652,3.283090,8.688695,0.974375,2.024862,0.000000,3.000000,8.743159,0.004969,0.000557,-0.072074,-0.003165,-0.012817,0.372087,0.010382,0.452363,0.219027,0.019657,0.500568,0.025200,0.976433
11.923000,6.430708,0.676776,4.098701,6.977653,0.927500,2.840473,0.000000,3.000000,7.039027,0.004956,0.000659,-0.068437,-0.002799,-0.016790,0.371305,0.010354,0.452180,0.219082,0.019663,0.500568,0.025200,1.013454
11.934000,6.107592,0.681606,4.516657,6.654537,0.932330,3.258429,0.000000,3.000000,6.719531,0.004952,0.000694,-0.071371,-0.002651,-0.019684,0.370538,0.010334,0.451956,0.219136,0.019671,0.500568,0.025200,1.042047
11.945000,7.187984,0.774978,4.506192,7.734929,1.025702,3.247963,0.000000,3.000000,7.802640,0.004957,0.000657,-0.070951,-0.004750,-0.014554,0.369747,0.010292,0.451789,0.219191,0.019678,0.500568,0.025200,1.001507
11.956000,8.539257,0.846613,4.157808,9.086201,1.097336,2.899580,0.000000,3.000000,9.152224,0.004964,0.000599,-0.071276,-0.003627,-0.013492,0.368957,0.010252,0.451647,0.219245,0.019685,0.500568,0.025200,0.995059
11.967000,8.551282,0.766526,4.271444,9.098226,1.017250,3.013215,0.000000,3.000000,9.154918,0.004969,0.000556,-0.068246,-0.002921,-0.010195,0.368196,0.010220,0.451510,0.219300,0.019692,0.500568,0.025200,0.969552
11.978000,7.993350,0.596299,4.602338,8.540294,0.847023,3.344110,0.000000,3.000000,8.582195,0.004976,0.000493,-0.066049,-0.002228,-0.015387,0.367462,0.010204,0.451350,0.219355,0.019697,0.500568,0.025200,1.016494
11.989000,7.934543,0.614344,4.695296,8.481487,0.865068,3.437067,0.000000,3.000000,8.525489,0.004974,0.000507,-0.066231,-0.002007,-0.010596,0.366753,0.010185,0.451230,0.219409,0.019703,0.500568,0.025200,0.977995
12.000000,8.347727,0.606330,4.116042,8.894672,0.857054,2.857813,0.000000,3.000000,8.935867,0.004977,0.000480,-0.064826,-0.002061,-0.006028,0.366018,0.010166,0.451151,0.219464,0.019708,0.500568,0.025200,0.940641
12.011000,8.054494,0.639487,3.444805,8.601438,0.890211,2.186577,0.000000,3.000000,8.647382,0.004973,0.000515,-0.062829,-0.000488,-0.004680,0.365320,0.010150,0.451099,0.219519,0.019714,0.500568,0.025200,0.930151
12.022000,7.046675,0.531572,3.210901,7.593619,0.782295,1.952672,0.000000,3.000000,7.633809,0.004974,0.000512,-0.061028,-0.000552,-0.007597,0.364639,0.010147,0.451027,0.219574,0.019719,0.500568,0.025200,0.956206
12.033000,6.056767,0.429049,3.629652,6.603711,0.679773,2.371424,0.000000,3.000000,6.638606,0.004974,0.000512,-0.060952,0.000322,-0.011822,0.363974,0.010153,0.450908,0.219628,0.019725,0.500568,0.025200,0.994195
12.044000,5.872969,0.458099,3.976814,6.419914,0.708823,2.718585,0.000000,3.000000,6.458926,0.004970,0.000549,-0.061723,-0.000962,-0.013287,0.363299,0.010145,0.450757,0.219683,0.019731,0.500568,0.025200,1.009334
12.055000,6.908768,0.450902,4.020678,7.455713,0.701625,2.762450,0.000000,3.000000,7.488654,0.004978,0.000468,-0.062916,0.000354,-0.010955,0.362612,0.010136,0.450631,0.219738,0.019737,0.500568,0.025200,0.991809
12.066000,7.822926,0.311025,3.808251,8.369870,0.561749,2.550022,0.000000,3.000000,8.388700,0.004989,0.000335,-0.062830,0.000225,-0.010245,0.361933,0.010135,0.450524,0.219793,0.019741,0.500568,0.025200,0.987725
12.077000,8.046743,0.277766,3.752852,8.593688,0.528490,2.494624,0.000000,3.000000,8.609923,0.004991,0.000307,-0.062132,-0.000285,-0.010190,0.361251,0.010130,0.450410,0.219847,0.019744,0.500568,0.025200,0.989304
12.088000,7.945374,0.267440,3.992095,8.492318,0.518164,2.733867,0.000000,3.000000,8.508112,0.004991,0.000305,-0.060557,-0.001115,-0.010832,0.360561,0.010124,0.450276,0.219902,0.019748,0.500568,0.025200,0.997164
12.099000,8.042497,0.193215,4.024778,8.589441,0.443939,2.766549,0.000000,3.000000,8.600906,0.004993,0.000258,-0.061916,-0.001501,-0.011414,0.359886,0.010115,0.450162,0.219957,0.019751,0.500568,0.025200,1.004154
12.110000,8.316255,0.084828,4.429585,8.863199,0.335552,3.171356,0.000000,3.000000,8.869548,0.004996,0.000189,-0.061688,-0.001603,-0.012564,0.359203,0.010099,0.450037,0.220012,0.019753,0.500568,0.025200,1.016164
12.121000,7.828103,0.111546,4.550337,8.375047,0.362269,3.292109,0.000000,3.000000,8.382879,0.004995,0.000216,-0.059384,-0.001479,-0.009025,0.358544,0.010082,0.449936,0.220067,0.019755,0.500568,0.025200,0.987945
12.132000,7.214019,0.162073,4.429278,7.760964,0.412797,3.171049,0.000000,3.000000,7.771934,0.004993,0.000266,-0.057231,-0.000875,-0.009704,0.357900,0.010072,0.449821,0.220122,0.019758,0.500568,0.025200,0.995778
12.143000,6.311703,0.179475,4.073523,6.858648,0.430199,2.815294,0.000000,3.000000,6.872126,0.004990,0.000313,-0.055293,-0.000882,-0.010561,0.357303,0.010060,0.449713,0.220177,0.019761,0.500568,0.025200,1.004989
12.154000,6.280421,0.172650,3.962807,6.827365,0.423374,2.704579,0.000000,3.000000,6.840479,0.004990,0.000309,-0.054388,-0.000216,-0.010105,0.356692,0.010053,0.449591,0.220232,0.019765,0.500568,0.025200,1.003334
12.165000,7.010559,0.199167,3.465373,7.557504,0.449891,2.207144,0.000000,3.000000,7.570883,0.004991,0.000297,-0.055812,-0.000227,-0.005792,0.356080,0.010048,0.449509,0.220287,0.019768,0.500568,0.025200,0.968209
12.176000,7.680556,0.158844,3.228280,8.227500,0.409567,1.970052,0.000000,3.000000,8.237688,0.004994,0.000249,-0.055523,-0.000808,-0.007570,0.355466,0.010038,0.449431,0.220342,0.019771,0.500568,0.025200,0.984697
12.187000,7.409109,0.158182,3.354106,7.956053,0.408906,2.095877,0.000000,3.000000,7.966554,0.004993,0.000257,-0.055089,-0.000191,-0.007382,0.354857,0.010032,0.449341,0.220397,0.019774,0.500568,0.025200,0.984720
12.198000,7.088931,0.183721,3.525442,7.635875,0.434445,2.267213,0.000000,3.000000,7.648224,0.004992,0.000284,-0.054182,-0.000499,-0.009974,0.354265,0.010024,0.449243,0.220452,0.019777,0.500568,0.025200,1.008476
12.209000,7.113771,0.236352,3.777623,7.660715,0.487076,2.519395,0.000000,3.000000,7.676184,0.004990,0.000317,-0.054397,0.000085,-0.009861,0.353669,0.010018,0.449131,0.220506,0.019780,0.500568,0.025200,1.009541
12.220000,7.774016,0.242135,3.703978,8.320960,0.492858,2.445749,0.000000,3.000000,8.335543,0.004991,0.000296,-0.057677,-0.000074,-0.010615,0.353052,0.010009,0.449020,0.220561,0.019783,0.500568,0.025200,1.017941
12.231000,8.955355,0.223460,3.829138,9.502300,0.474184,2.570909,0.000000,3.000000,9.514123,0.004994,0.000249,-0.060196,-0.001010,-0.007921,0.352399,0.009999,0.448921,0.220616,0.019786,0.500568,0.025200,0.996852
12.242000,8.558390,0.274909,3.900468,9.105334,0.525633,2.642240,0.000000,3.000000,9.120493,0.004992,0.000288,-0.059387,-0.001028,-0.011520,0.351730,0.009991,0.448809,0.220671,0.019789,0.500568,0.025200,1.029401
12.253000,7.129842,0.368503,4.410476,7.676786,0.619226,3.152247,0.000000,3.000000,7.701720,0.004984,0.000402,-0.057705,-0.001321,-0.015547,0.351089,0.009980,0.448651,0.220726,0.019793,0.500568,0.025200,1.066428
12.264000,5.961841,0.400336,4.766373,6.508786,0.651060,3.508144,0.000000,3.000000,6.541267,0.004975,0.000498,-0.057383,-0.000635,-0.017260,0.350461,0.009978,0.448469,0.220781,0.019798,0.500568,0.025200,1.084235
12.275000,5.724223,0.389173,4.820040,6.271167,0.639897,3.561811,0.000000,3.000000,6.303729,0.004974,0.000508,-0.058973,-0.000497,-0.017720,0.349819,0.009971,0.448279,0.220836,0.019804,0.500568,0.025200,1.091552
12.286000,6.752271,0.406405,4.961008,7.299216,0.657129,3.702779,0.000000,3.000000,7.328736,0.004980,0.000448,-0.062596,-0.000757,-0.014939,0.349135,0.009960,0.448094,0.220890,0.019809,0.500568,0.025200,1.071289
12.297000,8.106869,0.329900,4.029163,8.653814,0.580624,2.770935,0.000000,3.000000,8.673270,0.004989,0.000335,-0.064312,0.000168,-0.008680,0.348430,0.009954,0.447990,0.220945,0.019813,0.500568,0.025200,1.020058
12.308000,8.657601,0.299787,3.540218,9.204545,0.550511,2.281989,0.000000,3.000000,9.220993,0.004991,0.000299,-0.064589,0.000386,-0.007025,0.347724,0.009955,0.447896,0.221000,0.019817,0.500568,0.025200,1.007709
12.319000,7.777861,0.375369,3.310798,8.324805,0.626092,2.052570,0.000000,3.000000,8.348316,0.004986,0.000375,-0.061625,0.000359,-0.008193,0.347038,0.009960,0.447819,0.221055,0.019820,0.500568,0.025200,1.018992
12.330000,6.549061,0.449402,3.219073,7.096005,0.700126,1.960844,0.000000,3.000000,7.130461,0.004976,0.000491,-0.058731,0.000382,-0.008701,0.346385,0.009962,0.447719,0.221110,0.019825,0.500568,0.025200,1.025096
12.341000,6.508238,0.430255,3.298309,7.055182,0.680979,2.040081,0.000000,3.000000,7.087970,0.004977,0.000480,-0.059912,0.000683,-0.008954,0.345731,0.009968,0.447615,0.221164,0.019831,0.500568,0.025200,1.029133
12.352000,7.410354,0.362150,3.244644,7.957298,0.612874,1.986415,0.000000,3.000000,7.980865,0.004985,0.000384,-0.062704,0.000355,-0.007101,0.345052,0.009968,0.447523,0.221219,0.019835,0.500568,0.025200,1.015054
12.363000,8.850246,0.286708,3.052159,9.397190,0.537431,1.793930,0.000000,3.000000,9.412546,0.004992,0.000285,-0.065580,0.000476,-0.003152,0.344335,0.009971,0.447474,0.221274,0.019839,0.500568,0.025200,0.982435
12.374000,9.306691,0.317664,3.033200,9.853636,0.568387,1.774972,0.000000,3.000000,9.870015,0.004992,0.000288,-0.065668,0.000143,-0.004479,0.343610,0.009973,0.447436,0.221329,0.019842,0.500568,0.025200,0.994366
12.385000,8.394451,0.327978,3.261847,8.941395,0.578702,2.003618,0.000000,3.000000,8.960103,0.004990,0.000323,-0.064503,0.001028,-0.004884,0.342901,0.009977,0.447370,0.221384,0.019845,0.500568,0.025200,0.998995
12.396000,7.023083,0.396253,3.426151,7.570028,0.646977,2.167922,0.000000,3.000000,7.597624,0.004982,0.000426,-0.061910,0.001069,-0.008497,0.342208,0.009986,0.447298,0.221439,0.019849,0.500568,0.025200,1.030966
12.407000,5.995126,0.364352,3.796637,6.542070,0.615076,2.538409,0.000000,3.000000,6.570921,0.004978,0.000468,-0.060155,0.000796,-0.009532,0.341555,0.009996,0.447194,0.221494,0.019854,0.500568,0.025200,1.041608
12.418000,6.238755,0.376004,3.957749,6.785699,0.626728,2.699520,0.000000,3.000000,6.814580,0.004979,0.000460,-0.060737,0.000392,-0.009323,0.340882,0.009997,0.447092,0.221548,0.019860,0.500568,0.025200,1.041685
12.429000,7.464178,0.321933,3.758388,8.011122,0.572657,2.500160,0.000000,3.000000,8.031564,0.004987,0.000357,-0.061630,-0.000609,-0.003290,0.340204,0.009996,0.447032,0.221603,0.019864,0.500568,0.025200,0.991568
12.440000,8.507082,0.255010,3.390296,9.054026,0.505734,2.132068,0.000000,3.000000,9.068140,0.004992,0.000279,-0.061034,0.000955,0.000967,0.339530,0.009999,0.447032,0.221658,0.019868,0.500568,0.025200,0.955439
12.451000,8.351811,0.206856,3.514700,8.898755,0.457580,2.256471,0.000000,3.000000,8.910512,0.004993,0.000257,-0.060865,0.000905,0.001427,0.338853,0.010006,0.447042,0.221713,0.019870,0.500568,0.025200,0.951354
12.462000,7.442657,0.296787,3.494239,7.989601,0.547511,2.236010,0.000000,3.000000,8.008339,0.004988,0.000342,-0.057674,0.000876,0.001700,0.338212,0.010016,0.447057,0.221768,0.019874,0.500568,0.025200,0.948770
12.473000,6.812132,0.352982,3.568334,7.359076,0.603706,2.310106,0.000000,3.000000,7.383797,0.004983,0.000409,-0.056754,0.000888,0.004475,0.337594,0.010030,0.447080,0.221823,0.019878,0.500568,0.025200,0.924804
12.484000,7.165949,0.359004,3.539354,7.712893,0.609727,2.281125,0.000000,3.000000,7.736956,0.004984,0.000394,-0.059874,0.001763,0.005812,0.336939,0.010046,0.447145,0.221877,0.019882,0.500568,0.025200,0.912300
12.495000,8.245252,0.327764,3.332275,8.792197,0.578487,2.074046,0.000000,3.000000,8.811207,0.004989,0.000328,-0.063446,0.001616,0.010274,0.336265,0.010063,0.447239,0.221932,0.019886,0.500568,0.025200,0.872751
12.506000,9.463928,0.311009,3.069971,10.010872,0.561733,1.811742,0.000000,3.000000,10.026620,0.004992,0.000280,-0.068670,0.002089,0.011544,0.335512,0.010081,0.447371,0.221987,0.019890,0.500568,0.025200,0.859588
12.517000,9.129563,0.474633,3.048918,9.676508,0.725357,1.790689,0.000000,3.000000,9.703656,0.004986,0.000374,-0.069933,0.001079,0.011110,0.334742,0.010094,0.447490,0.222042,0.019893,0.500568,0.025200,0.861137
12.528000,7.618265,0.623543,3.197204,8.165210,0.874267,1.938975,0.000000,3.000000,8.211881,0.004972,0.000532,-0.069619,0.001909,0.007537,0.333971,0.010112,0.447577,0.222097,0.019898,0.500568,0.025200,0.889884
12.539000,6.336688,0.653232,3.455250,6.883633,0.903955,2.197021,0.000000,3.000000,6.942733,0.004957,0.000651,-0.068616,0.002670,0.005381,0.333216,0.010136,0.447638,0.222152,0.019905,0.500568,0.025200,0.907068
12.550000,6.197699,0.556134,3.590998,6.744643,0.806857,2.332769,0.000000,3.000000,6.792733,0.004965,0.000594,-0.070776,0.001682,0.004836,0.332455,0.010161,0.447678,0.222206,0.019912,0.500568,0.025200,0.910976
12.561000,7.183617,0.507931,3.528011,7.730561,0.758654,2.269782,0.000000,3.000000,7.767698,0.004976,0.000488,-0.072528,0.002457,0.005103,0.331650,0.010189,0.447744,0.222261,0.019918,0.500568,0.025200,0.907536
12.572000,8.594809,0.442471,3.314597,9.141754,0.693195,2.056368,0.000000,3.000000,9.167998,0.004986,0.000378,-0.074470,0.002034,0.009636,0.330837,0.010216,0.447837,0.222316,0.019922,0.500568,0.025200,0.867389
12.583000,9.232114,0.378904,3.085919,9.779059,0.629628,1.827691,0.000000,3.000000,9.799307,0.004990,0.000321,-0.075136,0.002058,0.008095,0.330025,0.010246,0.447941,0.222370,0.019926,0.500568,0.025200,0.878591
12.594000,8.468913,0.411909,3.161163,9.015857,0.662633,1.902935,0.000000,3.000000,9.040175,0.004987,0.000366,-0.073840,0.003269,0.007083,0.329195,0.010277,0.448027,0.222425,0.019930,0.500568,0.025200,0.885640
12.605000,7.384259,0.432249,3.311416,7.931203,0.682973,2.053188,0.000000,3.000000,7.960555,0.004982,0.000429,-0.073103,0.003047,0.004053,0.328386,0.010309,0.448079,0.222480,0.019934,0.500568,0.025200,0.910404
12.616000,7.074740,0.492466,3.443783,7.621685,0.743190,2.185555,0.000000,3.000000,7.657833,0.004976,0.000485,-0.075758,0.002760,0.003662,0.327571,0.010339,0.448119,0.222535,0.019939,0.500568,0.025200,0.913009
12.627000,7.900909,0.453938,3.394526,8.447853,0.704661,2.136298,0.000000,3.000000,8.477191,0.004983,0.000416,-0.079415,0.002918,0.003287,0.326707,0.010370,0.448163,0.222590,0.019944,0.500568,0.025200,0.915402
12.638000,9.343934,0.386059,3.394056,9.890878,0.636782,2.135827,0.000000,3.000000,9.911355,0.004990,0.000321,-0.082627,0.003467,0.007386,0.325802,0.010404,0.448236,0.222644,0.019948,0.500568,0.025200,0.879310
12.649000,10.114300,0.351143,3.372151,10.661245,0.601867,2.113923,0.000000,3.000000,10.678220,0.004992,0.000282,-0.083603,0.002525,0.008501,0.324886,0.010434,0.448332,0.222699,0.019951,0.500568,0.025200,0.868111
12.660000,9.295604,0.477160,3.562205,9.842548,0.727883,2.303977,0.000000,3.000000,9.869426,0.004986,0.000369,-0.080051,0.002717,0.007575,0.323990,0.010464,0.448423,0.222754,0.019955,0.500568,0.025200,0.874328
12.671000,7.610712,0.619226,3.766428,8.157656,0.869950,2.508199,0.000000,3.000000,8.203912,0.004972,0.000530,-0.076436,0.002498,0.004776,0.323148,0.010488,0.448476,0.222809,0.019960,0.500568,0.025200,0.897124
12.682000,6.386477,0.695647,4.085066,6.933421,0.946370,2.826838,0.000000,3.000000,6.997710,0.004954,0.000676,-0.074145,0.001696,0.001290,0.322324,0.010515,0.448515,0.222864,0.019967,0.500568,0.025200,0.925999
12.693000,6.183612,0.737864,4.239112,6.730556,0.988588,2.980884,0.000000,3.000000,6.802771,0.004947,0.000727,-0.074251,0.001908,0.001882,0.321522,0.010538,0.448524,0.222918,0.019975,0.500568,0.025200,0.920825
12.704000,7.541853,0.667080,4.133493,8.088797,0.917804,2.875264,0.000000,3.000000,8.140701,0.004968,0.000564,-0.075795,0.001455,0.005886,0.320686,0.010560,0.448583,0.222973,0.019982,0.500568,0.025200,0.885782
12.715000,8.892135,0.553845,3.935656,9.439080,0.804569,2.677427,0.000000,3.000000,9.473308,0.004982,0.000425,-0.075609,0.002400,0.009215,0.319848,0.010588,0.448676,0.223027,0.019987,0.500568,0.025200,0.855860
12.726000,9.196556,0.459255,3.846662,9.743501,0.709979,2.588434,0.000000,3.000000,9.769333,0.004987,0.000363,-0.073145,0.001258,0.010595,0.319032,0.010610,0.448790,0.223082,0.019991,0.500568,0.025200,0.842100
12.737000,8.356878,0.490533,3.992595,8.903822,0.741257,2.734366,0.000000,3.000000,8.934624,0.004983,0.000415,-0.069133,0.002360,0.008051,0.318257,0.010637,0.448890,0.223137,0.019996,0.500568,0.025200,0.861874
12.748000,7.477490,0.555624,4.257436,8.024434,0.806348,2.999207,0.000000,3.000000,8.064846,0.004975,0.000500,-0.067313,0.002013,0.007796,0.317514,0.010657,0.448980,0.223192,0.020001,0.500568,0.025200,0.862436
12.759000,7.479240,0.625196,4.408082,8.026184,0.875920,3.149853,0.000000,3.000000,8.073839,0.004970,0.000542,-0.065962,0.001702,0.008667,0.316796,0.010676,0.449065,0.223246,0.020007,0.500568,0.025200,0.853503
12.770000,8.583495,0.620358,4.403635,9.130440,0.871082,3.145407,0.000000,3.000000,9.171898,0.004977,0.000475,-0.065603,0.001073,0.014448,0.316071,0.010692,0.449209,0.223301,0.020012,0.500568,0.025200,0.801860
12.781000,9.612695,0.597861,4.439041,10.159639,0.848584,3.180812,0.000000,3.000000,10.195017,0.004983,0.000416,-0.063970,0.000517,0.014537,0.315354,0.010708,0.449367,0.223356,0.020017,0.500568,0.025200,0.798265
12.792000,9.215886,0.623291,4.719971,9.762830,0.874015,3.461742,0.000000,3.000000,9.801875,0.004980,0.000446,-0.061707,0.001434,0.013272,0.314664,0.010721,0.449512,0.223411,0.020022,0.500568,0.025200,0.806397
12.803000,7.942326,0.690496,4.726195,8.489270,0.941220,3.467966,0.000000,3.000000,8.541288,0.004970,0.000551,-0.056908,0.001184,0.013427,0.314023,0.010733,0.449652,0.223465,0.020027,0.500568,0.025200,0.802555
12.814000,6.728329,0.761036,5.133235,7.275274,1.011760,3.875007,0.000000,3.000000,7.345289,0.004952,0.000689,-0.054848,0.001806,0.008367,0.313417,0.010756,0.449760,0.223520,0.020034,0.500568,0.025200,0.843537
12.825000,6.265855,0.834440,5.389109,6.812799,1.085164,4.130881,0.000000,3.000000,6.898682,0.004938,0.000787,-0.054859,0.001759,0.009366,0.312817,0.010773,0.449860,0.223574,0.020042,0.500568,0.025200,0.833260
12.836000,7.375982,0.831541,5.180171,7.922926,1.082265,3.921943,0.000000,3.000000,7.996503,0.004954,0.000677,-0.057189,0.000866,0.012883,0.312192,0.010783,0.449988,0.223629,0.020050,0.500568,0.025200,0.801118
12.847000,8.569426,0.807733,4.880015,9.116370,1.058457,3.621786,0.000000,3.000000,9.177611,0.004967,0.000577,-0.057117,0.000826,0.013391,0.311565,0.010794,0.450132,0.223683,0.020057,0.500568,0.025200,0.794207
12.858000,8.747142,0.759597,4.610116,9.294086,1.010321,3.351888,0.000000,3.000000,9.348839,0.004971,0.000540,-0.055461,0.000338,0.014405,0.310960,0.010804,0.450291,0.223738,0.020063,0.500568,0.025200,0.782759
12.869000,8.174985,0.742048,4.471194,8.721929,0.992772,3.212965,0.000000,3.000000,8.778248,0.004968,0.000565,-0.052897,0.001891,0.013313,0.310362,0.010821,0.450447,0.223793,0.020069,0.500568,0.025200,0.789211
12.880000,7.614074,0.728487,4.479028,8.161019,0.979211,3.220799,0.000000,3.000000,8.219555,0.004964,0.000596,-0.050419,0.001423,0.013071,0.309804,0.010832,0.450583,0.223847,0.020076,0.500568,0.025200,0.788820
12.891000,7.908055,0.680826,4.429363,8.455000,0.931549,3.171135,0.000000,3.000000,8.506163,0.004970,0.000548,-0.052280,0.001458,0.009024,0.309235,0.010845,0.450692,0.223902,0.020082,0.500568,0.025200,0.821193
12.902000,8.763390,0.689609,4.351848,9.310334,0.940333,3.093619,0.000000,3.000000,9.357700,0.004975,0.000502,-0.055430,0.000188,0.010793,0.308631,0.010851,0.450799,0.223957,0.020088,0.500568,0.025200,0.804254
12.913000,9.444624,0.679181,4.148233,9.991569,0.929905,2.890004,0.000000,3.000000,10.034748,0.004978,0.000463,-0.056636,0.000117,0.008784,0.308010,0.010859,0.450907,0.224011,0.020093,0.500568,0.025200,0.819351
12.924000,9.053872,0.700495,4.230182,9.600817,0.951219,2.971954,0.000000,3.000000,9.647823,0.004976,0.000493,-0.056417,-0.000231,0.004956,0.307392,0.010859,0.450970,0.224066,0.020098,0.500568,0.025200,0.850701
12.935000,7.740366,0.745430,4.427769,8.287310,0.996154,3.169540,0.000000,3.000000,8.346965,0.004964,0.000597,-0.055533,-0.000573,-0.000250,0.306776,0.010859,0.450999,0.224121,0.020104,0.500568,0.025200,0.894361
12.946000,6.756742,0.742204,4.778556,7.303686,0.992928,3.520327,0.000000,3.000000,7.370871,0.004954,0.000674,-0.055926,-0.000625,-0.003598,0.306166,0.010849,0.450965,0.224175,0.020111,0.500568,0.025200,0.923387
12.957000,6.965207,0.783791,4.971110,7.512151,1.034515,3.712881,0.000000,3.000000,7.583049,0.004953,0.000682,-0.059585,-0.001578,-0.006494,0.305520,0.010831,0.450901,0.224230,0.020119,0.500568,0.025200,0.949102
12.968000,8.070858,0.806923,4.770675,8.617803,1.057647,3.512447,0.000000,3.000000,8.682462,0.004963,0.000609,-0.063405,-0.003036,-0.005733,0.304837,0.010803,0.450848,0.224284,0.020126,0.500568,0.025200,0.943596
12.979000,8.898817,0.749197,4.633189,9.445761,0.999920,3.374960,0.000000,3.000000,9.498539,0.004972,0.000526,-0.065468,-0.002546,-0.006085,0.304114,0.010774,0.450786,0.224339,0.020132,0.500568,0.025200,0.947709
12.990000,8.765427,0.629116,4.594445,9.312371,0.879840,3.336216,0.000000,3.000000,9.353843,0.004978,0.000470,-0.065276,-0.002379,-0.008596,0.303392,0.010742,0.450707,0.224394,0.020137,0.500568,0.025200,0.970427
13.001000,8.047910,0.594037,4.823525,8.594854,0.844761,3.565297,0.000000,3.000000,8.636269,0.004976,0.000489,-0.065355,-0.003143,-0.011187,0.302670,0.010708,0.450585,0.224449,0.020143,0.500568,0.025200,0.994606
13.012000,7.938125,0.636450,4.803854,8.485069,0.887174,3.545626,0.000000,3.000000,8.531323,0.004973,0.000520,-0.066822,-0.003455,-0.010714,0.301948,0.010669,0.450470,0.224503,0.020148,0.500568,0.025200,0.992675
13.023000,8.532718,0.619144,4.824156,9.079662,0.869868,3.565927,0.000000,3.000000,9.121236,0.004977,0.000477,-0.069996,-0.003177,-0.010171,0.301186,0.010631,0.450360,0.224558,0.020154,0.500568,0.025200,0.990036
13.034000,8.785588,0.627756,4.788252,9.332532,0.878479,3.530024,0.000000,3.000000,9.373787,0.004978,0.000469,-0.071382,-0.004062,-0.010055,0.300398,0.010588,0.450257,0.224613,0.020159,0.500568,0.025200,0.990918
13.045000,7.952110,0.683587,4.843799,8.499054,0.934311,3.585570,0.000000,3.000000,8.550255,0.004970,0.000546,-0.069790,-0.002667,-0.009718,0.299621,0.010547,0.450143,0.224667,0.020165,0.500568,0.025200,0.990107
13.056000,6.972842,0.716160,4.902267,7.519786,0.966884,3.644038,0.000000,3.000000,7.581692,0.004959,0.000638,-0.069572,-0.003023,-0.011319,0.298857,0.010509,0.450021,0.224722,0.020171,0.500568,0.025200,1.005890
13.067000,5.970096,0.726539,4.796073,6.517041,0.977263,3.537844,0.000000,3.000000,6.589906,0.004945,0.000741,-0.068381,-0.002897,-0.013518,0.298100,0.010475,0.449874,0.224777,0.020179,0.500568,0.025200,1.027195
13.078000,6.126723,0.785111,4.515056,6.673667,1.035834,3.256827,0.000000,3.000000,6.753576,0.004941,0.000767,-0.069499,-0.003888,-0.010520,0.297339,0.010433,0.449752,0.224831,0.020187,0.500568,0.025200,1.003953
13.089000,6.908405,0.768322,4.078980,7.455349,1.019046,2.820751,0.000000,3.000000,7.524672,0.004954,0.000677,-0.069850,-0.003089,-0.006863,0.296570,0.010396,0.449670,0.224885,0.020195,0.500568,0.025200,0.974403
13.100000,7.085412,0.638262,3.692153,7.632356,0.888986,2.433925,0.000000,3.000000,7.683954,0.004966,0.000578,-0.068203,-0.002473,-0.007023,0.295815,0.010366,0.449603,0.224940,0.020202,0.500568,0.025200,0.976963
13.111000,6.656771,0.639280,3.439893,7.203715,0.890004,2.181665,0.000000,3.000000,7.258486,0.004962,0.000613,-0.064115,-0.002879,-0.005676,0.295098,0.010334,0.449547,0.224995,0.020208,0.500568,0.025200,0.966527
13.122000,6.148998,0.657522,3.420795,6.695942,0.908246,2.162566,0.000000,3.000000,6.757259,0.004955,0.000672,-0.060971,-0.002948,-0.005126,0.294423,0.010301,0.449487,0.225049,0.020215,0.500568,0.025200,0.962956
13.133000,6.289455,0.645000,3.456563,6.836399,0.895723,2.198335,0.000000,3.000000,6.894829,0.004958,0.000650,-0.059783,-0.002992,-0.005040,0.293768,0.010266,0.449428,0.225104,0.020223,0.500568,0.025200,0.963279
13.144000,6.796353,0.608439,3.525412,7.343297,0.859163,2.267183,0.000000,3.000000,7.393387,0.004966,0.000581,-0.059217,-0.003663,-0.003660,0.293117,0.010230,0.449381,0.225158,0.020229,0.500568,0.025200,0.952422
13.155000,7.186460,0.646789,3.497407,7.733405,0.897513,2.239178,0.000000,3.000000,7.785312,0.004967,0.000576,-0.056759,-0.004083,-0.001266,0.292479,0.010191,0.449362,0.225213,0.020236,0.500568,0.025200,0.932436
13.166000,6.629406,0.724002,3.620203,7.176351,0.974726,2.361974,0.000000,3.000000,7.242244,0.004955,0.000673,-0.051618,-0.003598,-0.001001,0.291895,0.010149,0.449358,0.225267,0.020243,0.500568,0.025200,0.930266
13.177000,5.213872,0.742125,3.655563,5.760816,0.992848,2.397334,0.000000,3.000000,5.845747,0.004927,0.000849,-0.044876,-0.004672,-0.002142,0.291384,0.010099,0.449339,0.225322,0.020251,0.500568,0.025200,0.940289
13.188000,4.129653,0.755967,3.734150,4.676597,1.006690,2.475922,0.000000,3.000000,4.783721,0.004888,0.001052,-0.041392,-0.004436,-0.004034,0.290923,0.010051,0.449302,0.225376,0.020262,0.500568,0.025200,0.957011
13.199000,3.730577,0.733284,3.815174,4.277522,0.984008,2.556946,0.000000,3.000000,4.389244,0.004873,0.001121,-0.038231,-0.004400,-0.004050,0.290500,0.010000,0.449253,0.225429,0.020274,0.500568,0.025200,0.958031
13.210000,4.415520,0.744075,3.865269,4.962465,0.994799,2.607041,0.000000,3.000000,5.061193,0.004902,0.000983,-0.037762,-0.005738,-0.001897,0.290084,0.009941,0.449218,0.225483,0.020285,0.500568,0.025200,0.940397
13.221000,5.739984,0.629497,3.747375,6.286928,0.880221,2.489147,0.000000,3.000000,6.348248,0.004952,0.000693,-0.038381,-0.006486,0.000269,0.289664,0.009884,0.449217,0.225537,0.020294,0.500568,0.025200,0.922039
13.232000,6.176341,0.525258,3.568754,6.723286,0.775982,2.310525,0.000000,3.000000,6.767918,0.004967,0.000573,-0.036251,-0.004714,0.000419,0.289260,0.009833,0.449233,0.225592,0.020301,0.500568,0.025200,0.920463
13.243000,5.333575,0.480848,3.643576,5.880520,0.731572,2.385347,0.000000,3.000000,5.925851,0.004962,0.000617,-0.032842,-0.003773,0.001605,0.288886,0.009785,0.449243,0.225647,0.020308,0.500568,0.025200,0.910231
13.254000,4.097919,0.461559,3.627745,4.644864,0.712283,2.369517,0.000000,3.000000,4.699160,0.004942,0.000758,-0.029332,-0.003778,0.000175,0.288559,0.009739,0.449250,0.225701,0.020315,0.500568,0.025200,0.922228
13.265000,3.336073,0.498204,3.704220,3.883018,0.748928,2.445992,0.000000,3.000000,3.954582,0.004910,0.000947,-0.026822,-0.004406,0.000546,0.288263,0.009691,0.449249,0.225755,0.020325,0.500568,0.025200,0.919095
13.276000,3.862447,0.371303,3.624058,4.409392,0.622027,2.365830,0.000000,3.000000,4.453050,0.004951,0.000698,-0.026299,-0.003657,0.002114,0.287977,0.009653,0.449275,0.225809,0.020334,0.500568,0.025200,0.905325
13.287000,5.170111,0.240224,3.457685,5.717055,0.490947,2.199457,0.000000,3.000000,5.738096,0.004982,0.000428,-0.026986,-0.003433,0.006649,0.287685,0.009617,0.449341,0.225864,0.020340,0.500568,0.025200,0.865657
13.298000,6.352940,0.221582,3.317585,6.899884,0.472306,2.059357,0.000000,3.000000,6.916031,0.004988,0.000341,-0.027362,-0.003241,0.010345,0.287384,0.009582,0.449443,0.225919,0.020344,0.500568,0.025200,0.832462
13.309000,6.688009,0.313157,3.214409,7.234953,0.563881,1.956180,0.000000,3.000000,7.256894,0.004985,0.000389,-0.027332,-0.003986,0.010413,0.287082,0.009542,0.449558,0.225974,0.020348,0.500568,0.025200,0.829831
13.320000,5.958920,0.404832,3.387275,6.505864,0.655556,2.129047,0.000000,3.000000,6.538809,0.004975,0.000501,-0.026964,-0.004170,0.009517,0.286785,0.009500,0.449669,0.226029,0.020353,0.500568,0.025200,0.835418
13.331000,4.626169,0.479446,3.643075,5.173113,0.730170,2.384847,0.000000,3.000000,5.224390,0.004951,0.000699,-0.024616,-0.004032,0.008270,0.286507,0.009461,0.449762,0.226083,0.020359,0.500568,0.025200,0.844334
13.342000,3.465115,0.674351,3.819658,4.012060,0.925074,2.561429,0.000000,3.000000,4.117327,0.004872,0.001123,-0.023280,-0.004648,0.006537,0.286248,0.009412,0.449836,0.226137,0.020370,0.500568,0.025200,0.857716
13.353000,3.162082,0.689169,3.889607,3.709026,0.939893,2.631378,0.000000,3.000000,3.826261,0.004847,0.001228,-0.024278,-0.004765,0.006616,0.285984,0.009363,0.449907,0.226191,0.020383,0.500568,0.025200,0.855764
13.364000,4.202290,0.578537,3.791614,4.749235,0.829261,2.533385,0.000000,3.000000,4.821090,0.004925,0.000860,-0.027198,-0.004039,0.008842,0.285690,0.009319,0.450005,0.226244,0.020395,0.500568,0.025200,0.835102
13.375000,5.495448,0.490592,3.631828,6.042392,0.741315,2.373599,0.000000,3.000000,6.087697,0.004963,0.000609,-0.030266,-0.004064,0.012429,0.285372,0.009272,0.450132,0.226299,0.020402,0.500568,0.025200,0.802386
13.386000,6.436645,0.444554,3.529634,6.983589,0.695278,2.271405,0.000000,3.000000,7.018114,0.004975,0.000495,-0.031461,-0.004049,0.013411,0.285023,0.009222,0.450285,0.226353,0.020408,0.500568,0.025200,0.791296
13.397000,6.372572,0.401800,3.521057,6.919517,0.652524,2.262829,0.000000,3.000000,6.950216,0.004978,0.000469,-0.031807,-0.004617,0.013499,0.284676,0.009174,0.450441,0.226408,0.020414,0.500568,0.025200,0.787732
13.408000,5.614677,0.425668,3.630875,6.161621,0.676392,2.372646,0.000000,3.000000,6.198636,0.004970,0.000546,-0.032473,-0.005351,0.010868,0.284318,0.009121,0.450578,0.226463,0.020419,0.500568,0.025200,0.807600
13.419000,4.624010,0.515960,3.892491,5.170954,0.766684,2.634262,0.000000,3.000000,5.227482,0.004946,0.000733,-0.031503,-0.006003,0.007570,0.283973,0.009062,0.450671,0.226517,0.020426,0.500568,0.025200,0.833899
13.430000,4.256581,0.497965,4.005682,4.803525,0.748689,2.747454,0.000000,3.000000,4.861521,0.004940,0.000770,-0.032733,-0.005571,0.006542,0.283611,0.009004,0.450753,0.226572,0.020435,0.500568,0.025200,0.841166
13.441000,4.552873,0.458558,4.055196,5.099817,0.709282,2.796968,0.000000,3.000000,5.148905,0.004952,0.000689,-0.034226,-0.005660,0.006209,0.283234,0.008939,0.450823,0.226626,0.020443,0.500568,0.025200,0.842715
13.452000,5.029241,0.408691,4.023153,5.576185,0.659414,2.764925,0.000000,3.000000,5.615040,0.004965,0.000587,-0.034098,-0.005912,0.008130,0.282864,0.008872,0.450902,0.226681,0.020450,0.500568,0.025200,0.825004
13.463000,5.660542,0.389665,3.939349,6.207486,0.640389,2.681120,0.000000,3.000000,6.240431,0.004974,0.000513,-0.034746,-0.006580,0.009273,0.282483,0.008797,0.450996,0.226735,0.020456,0.500568,0.025200,0.813616
13.474000,5.845230,0.440688,3.920707,6.392174,0.691412,2.662478,0.000000,3.000000,6.429459,0.004971,0.000538,-0.033979,-0.006677,0.008559,0.282099,0.008722,0.451096,0.226790,0.020462,0.500568,0.025200,0.817874
13.485000,5.398276,0.432742,3.895026,5.945220,0.683466,2.636797,0.000000,3.000000,5.984377,0.004967,0.000571,-0.031314,-0.007288,0.008940,0.281743,0.008643,0.451196,0.226845,0.020468,0.500568,0.025200,0.812830
13.496000,4.592457,0.409565,4.040263,5.139401,0.660289,2.782034,0.000000,3.000000,5.181643,0.004959,0.000637,-0.029234,-0.006631,0.007110,0.281419,0.008567,0.451280,0.226899,0.020474,0.500568,0.025200,0.826842
13.507000,4.108278,0.495556,4.113713,4.655222,0.746280,2.855484,0.000000,3.000000,4.714661,0.004937,0.000791,-0.028392,-0.008193,0.007287,0.281111,0.008483,0.451357,0.226954,0.020482,0.500568,0.025200,0.823953
13.518000,4.328267,0.559635,4.120690,4.875211,0.810358,2.862461,0.000000,3.000000,4.942101,0.004932,0.000820,-0.028880,-0.007482,0.005880,0.280795,0.008403,0.451426,0.227008,0.020491,0.500568,0.025200,0.834654
13.529000,5.198282,0.463459,4.029100,5.745226,0.714183,2.770871,0.000000,3.000000,5.789446,0.004962,0.000617,-0.029609,-0.007234,0.009665,0.280470,0.008320,0.451528,0.227062,0.020499,0.500568,0.025200,0.800711
13.540000,5.867764,0.380540,3.977592,6.414709,0.631264,2.719363,0.000000,3.000000,6.445695,0.004976,0.000490,-0.029974,-0.007638,0.010157,0.280139,0.008235,0.451638,0.227117,0.020505,0.500568,0.025200,0.794542
13.551000,5.805147,0.389204,4.053909,6.352091,0.639928,2.795680,0.000000,3.000000,6.384244,0.004975,0.000501,-0.027737,-0.007751,0.010020,0.279826,0.008150,0.451755,0.227172,0.020510,0.500568,0.025200,0.793611
13.562000,5.383665,0.374114,4.149771,5.930610,0.624838,2.891543,0.000000,3.000000,5.963435,0.004972,0.000524,-0.024556,-0.007462,0.009334,0.279549,0.008065,0.451865,0.227227,0.020516,0.500568,0.025200,0.797446
13.573000,4.567228,0.278760,4.285384,5.114172,0.529484,3.027155,0.000000,3.000000,5.141508,0.004973,0.000515,-0.020907,-0.007086,0.007873,0.279312,0.007987,0.451958,0.227281,0.020522,0.500568,0.025200,0.808166
13.584000,4.265535,0.265457,4.341567,4.812479,0.516181,3.083339,0.000000,3.000000,4.840083,0.004971,0.000533,-0.019041,-0.006769,0.007205,0.279098,0.007913,0.452044,0.227336,0.020527,0.500568,0.025200,0.812299
13.595000,4.691522,0.139388,4.326699,5.238466,0.390112,3.068471,0.000000,3.000000,5.252972,0.004986,0.000371,-0.017679,-0.005241,0.009342,0.278899,0.007849,0.452142,0.227391,0.020532,0.500568,0.025200,0.792390
13.606000,5.498383,-0.068318,4.243408,6.045328,0.182406,2.985180,0.000000,3.000000,6.048079,0.004998,0.000151,-0.017046,-0.005095,0.010824,0.278705,0.007791,0.452255,0.227446,0.020535,0.500568,0.025200,0.777779
13.617000,6.090683,-0.140036,4.167051,6.637628,0.110688,2.908823,0.000000,3.000000,6.638551,0.004999,0.000083,-0.015449,-0.004311,0.012604,0.278527,0.007743,0.452388,0.227501,0.020536,0.500568,0.025200,0.760294
13.628000,5.983677,-0.123864,4.205382,6.530622,0.126860,2.947153,0.000000,3.000000,6.531854,0.004999,0.000097,-0.013179,-0.003664,0.011718,0.278377,0.007700,0.452516,0.227556,0.020537,0.500568,0.025200,0.765500
13.639000,5.287513,-0.042948,4.318355,5.834457,0.207776,3.060127,0.000000,3.000000,5.838156,0.004997,0.000178,-0.010642,-0.003059,0.010610,0.278253,0.007658,0.452635,0.227611,0.020539,0.500568,0.025200,0.772770
13.650000,4.682760,0.019220,4.405324,5.229704,0.269944,3.147095,0.000000,3.000000,5.236666,0.004993,0.000258,-0.009441,-0.003795,0.008093,0.278153,0.007620,0.452730,0.227666,0.020541,0.500568,0.025200,0.792403
13.661000,4.487785,0.022979,4.410368,5.034730,0.273702,3.152139,0.000000,3.000000,5.042164,0.004993,0.000271,-0.007337,-0.002487,0.008537,0.278068,0.007587,0.452824,0.227720,0.020544,0.500568,0.025200,0.786938
13.672000,4.607189,0.103321,4.376535,5.154133,0.354045,3.118306,0.000000,3.000000,5.166279,0.004988,0.000343,-0.007283,-0.003430,0.008763,0.277986,0.007550,0.452915,0.227775,0.020547,0.500568,0.025200,0.783396
13.683000,5.142972,0.136963,4.342692,5.689916,0.387686,3.084463,0.000000,3.000000,5.703108,0.004988,0.000340,-0.008071,-0.002525,0.008128,0.277900,0.007517,0.453010,0.227830,0.020551,0.500568,0.025200,0.787069
13.694000,5.547882,0.122862,4.304414,6.094826,0.373586,3.046185,0.000000,3.000000,6.106265,0.004991,0.000306,-0.007602,-0.003287,0.008352,0.277813,0.007483,0.453109,0.227885,0.020555,0.500568,0.025200,0.783393
13.705000,5.556535,0.112241,4.271826,6.103479,0.362964,3.013598,0.000000,3.000000,6.114262,0.004991,0.000297,-0.007203,-0.002642,0.009176,0.277733,0.007453,0.453207,0.227940,0.020558,0.500568,0.025200,0.774641
13.716000,5.177963,0.112982,4.266342,5.724907,0.363705,3.008114,0.000000,3.000000,5.736449,0.004990,0.000317,-0.006313,-0.002739,0.007830,0.277660,0.007423,0.453297,0.227995,0.020561,0.500568,0.025200,0.784438
13.727000,4.623806,0.167263,4.341613,5.170750,0.417987,3.083384,0.000000,3.000000,5.187617,0.004984,0.000403,-0.005000,-0.002899,0.006127,0.277603,0.007394,0.453367,0.228050,0.020565,0.500568,0.025200,0.797630
13.738000,4.255745,0.162231,4.341863,4.802690,0.412955,3.083635,0.000000,3.000000,4.820411,0.004982,0.000428,-0.004280,-0.002306,0.006546,0.277553,0.007367,0.453436,0.228105,0.020570,0.500568,0.025200,0.792819
13.749000,4.438936,0.142179,4.288037,4.985880,0.392902,3.029808,0.000000,3.000000,5.001337,0.004985,0.000393,-0.004898,-0.002733,0.005942,0.277501,0.007340,0.453501,0.228159,0.020575,0.500568,0.025200,0.796778
13.760000,4.741562,0.135909,4.253921,5.288506,0.386633,2.995692,0.000000,3.000000,5.302621,0.004987,0.000365,-0.005136,-0.002334,0.006435,0.277445,0.007315,0.453573,0.228214,0.020579,0.500568,0.025200,0.791298
13.771000,4.989309,0.159005,4.214806,5.536253,0.409729,2.956577,0.000000,3.000000,5.551394,0.004986,0.000369,-0.005280,-0.002259,0.007224,0.277386,0.007290,0.453651,0.228269,0.020583,0.500568,0.025200,0.783207
13.782000,5.096338,0.150229,4.197461,5.643282,0.400953,2.939232,0.000000,3.000000,5.657508,0.004987,0.000354,-0.005565,-0.002434,0.006838,0.277325,0.007264,0.453728,0.228324,0.020587,0.500568,0.025200,0.785099
13.793000,4.979298,0.157663,4.193701,5.526242,0.408387,2.935472,0.000000,3.000000,5.541312,0.004986,0.000368,-0.005578,-0.002030,0.005955,0.277264,0.007238,0.453798,0.228379,0.020591,0.500568,0.025200,0.791327
13.804000,4.644961,0.205477,4.200684,5.191905,0.456201,2.942456,0.000000,3.000000,5.211909,0.004981,0.000438,-0.004460,-0.002243,0.005020,0.277212,0.007210,0.453860,0.228434,0.020595,0.500568,0.025200,0.798151
13.815000,4.308626,0.260960,4.220999,4.855570,0.511684,2.962771,0.000000,3.000000,4.882456,0.004972,0.000524,-0.004897,-0.002643,0.004269,0.277161,0.007182,0.453909,0.228488,0.020601,0.500568,0.025200,0.803636
13.826000,4.309633,0.237881,4.213492,4.856578,0.488605,2.955263,0.000000,3.000000,4.881094,0.004975,0.000501,-0.005039,-0.001619,0.003599,0.277112,0.007156,0.453956,0.228543,0.020606,0.500568,0.025200,0.808476
13.837000,4.566534,0.223936,4.194733,5.113479,0.474660,2.936504,0.000000,3.000000,5.135462,0.004979,0.000462,-0.005118,-0.002412,0.004530,0.277058,0.007127,0.454004,0.228598,0.020612,0.500568,0.025200,0.799703
13.848000,4.984228,0.234922,4.123605,5.531173,0.485646,2.865376,0.000000,3.000000,5.552452,0.004981,0.000437,-0.006589,-0.002345,0.004661,0.276991,0.007101,0.454055,0.228653,0.020617,0.500568,0.025200,0.797682
13.859000,5.296081,0.243168,4.100520,5.843026,0.493892,2.842291,0.000000,3.000000,5.863862,0.004982,0.000421,-0.007591,-0.001963,0.005015,0.276907,0.007077,0.454105,0.228707,0.020621,0.500568,0.025200,0.793780
13.870000,5.287062,0.286162,4.156117,5.834006,0.536885,2.897888,0.000000,3.000000,5.858658,0.004979,0.000458,-0.009567,-0.002291,0.002405,0.276810,0.007052,0.454139,0.228762,0.020626,0.500568,0.025200,0.815306
13.881000,5.154144,0.280103,4.237523,5.701089,0.530826,2.979295,0.000000,3.000000,5.725748,0.004978,0.000464,-0.010180,-0.001739,0.001512,0.276695,0.007030,0.454166,0.228817,0.020631,0.500568,0.025200,0.822395
13.892000,4.951891,0.330185,4.283442,5.498836,0.580908,3.025214,0.000000,3.000000,5.529435,0.004972,0.000525,-0.011988,-0.002064,0.000985,0.276567,0.007009,0.454178,0.228872,0.020637,0.500568,0.025200,0.826652
13.903000,4.846909,0.390210,4.380664,5.393853,0.640933,3.122435,0.000000,3.000000,5.431800,0.004965,0.000590,-0.013831,-0.002090,-0.000744,0.276422,0.006989,0.454175,0.228926,0.020643,0.500568,0.025200,0.841394
13.914000,5.046110,0.351226,4.396902,5.593055,0.601950,3.138673,0.000000,3.000000,5.625354,0.004971,0.000535,-0.015251,-0.001776,-0.000461,0.276257,0.006970,0.454168,0.228981,0.020649,0.500568,0.025200,0.839109
13.925000,5.362922,0.307373,4.358736,5.909866,0.558097,3.100508,0.000000,3.000000,5.936159,0.004978,0.000470,-0.016853,-0.001688,-0.000214,0.276075,0.006954,0.454164,0.229036,0.020655,0.500568,0.025200,0.837090
13.936000,5.664991,0.257271,4.358307,6.211935,0.507995,3.100079,0.000000,3.000000,6.232671,0.004983,0.000408,-0.017648,-0.001667,-0.000482,0.275886,0.006942,0.454157,0.229090,0.020659,0.500568,0.025200,0.839477
13.947000,5.715913,0.278753,4.355960,6.262857,0.529477,3.097731,0.000000,3.000000,6.285199,0.004982,0.000421,-0.016857,-0.001917,-0.000485,0.275702,0.006926,0.454158,0.229145,0.020664,0.500568,0.025200,0.839492
13.958000,5.642816,0.286414,4.336134,6.189760,0.537138,3.077905,0.000000,3.000000,6.213023,0.004981,0.000432,-0.016387,-0.001451,0.000169,0.275522,0.006914,0.454160,0.229200,0.020669,0.500568,0.025200,0.833904
13.969000,5.431690,0.265562,4.424188,5.978634,0.516286,3.165959,0.000000,3.000000,6.000885,0.004981,0.000430,-0.015036,-0.001063,-0.000279,0.275354,0.006904,0.454158,0.229255,0.020673,0.500568,0.025200,0.837737
13.980000,5.283287,0.334462,4.433643,5.830231,0.585186,3.175414,0.000000,3.000000,5.859526,0.004975,0.000499,-0.013896,-0.001253,-0.000532,0.275196,0.006892,0.454155,0.229310,0.020678,0.500568,0.025200,0.839934
13.991000,5.231397,0.323956,4.436908,5.778341,0.574680,3.178679,0.000000,3.000000,5.806848,0.004975,0.000495,-0.013626,-0.000791,0.000207,0.275043,0.006883,0.454160,0.229364,0.020684,0.500568,0.025200,0.833585
14.002000,5.167132,0.249024,4.460529,5.714076,0.499748,3.202301,0.000000,3.000000,5.735888,0.004981,0.000436,-0.013098,-0.000551,0.000077,0.274898,0.006876,0.454161,0.229419,0.020689,0.500568,0.025200,0.834673
14.013000,5.215681,0.245806,4.433069,5.762625,0.496530,3.174841,0.000000,3.000000,5.783977,0.004982,0.000429,-0.011694,-0.000509,0.000827,0.274768,0.006871,0.454169,0.229474,0.020694,0.500568,0.025200,0.828161
14.024000,5.209981,0.208991,4.429409,5.756925,0.459714,3.171180,0.000000,3.000000,5.775251,0.004984,0.000398,-0.010436,0.000436,0.001138,0.274654,0.006873,0.454178,0.229529,0.020698,0.500568,0.025200,0.825352
14.035000,5.207326,0.157670,4.476184,5.754270,0.408394,3.217955,0.000000,3.000000,5.768744,0.004987,0.000354,-0.008465,0.000127,0.001020,0.274556,0.006873,0.454187,0.229584,0.020703,0.500568,0.025200,0.826190
14.046000,5.229423,0.145936,4.499167,5.776367,0.396660,3.240938,0.000000,3.000000,5.789971,0.004988,0.000343,-0.007649,0.000612,0.000867,0.274471,0.006879,0.454199,0.229638,0.020706,0.500568,0.025200,0.827272
14.057000,5.202392,0.157049,4.484697,5.749336,0.407773,3.226468,0.000000,3.000000,5.763779,0.004987,0.000354,-0.005784,0.000453,0.001012,0.274400,0.006884,0.454212,0.229693,0.020710,0.500568,0.025200,0.825825
14.068000,5.229210,0.151929,4.467546,5.776154,0.402653,3.209318,0.000000,3.000000,5.790171,0.004988,0.000348,-0.005376,-0.000029,0.002207,0.274336,0.006888,0.454228,0.229748,0.020714,0.500568,0.025200,0.815382
14.079000,5.105944,0.195778,4.474694,5.652888,0.446502,3.216465,0.000000,3.000000,5.670495,0.004984,0.000394,-0.004422,0.000457,0.001490,0.274286,0.006893,0.454241,0.229803,0.020718,0.500568,0.025200,0.821232
14.090000,5.041015,0.184733,4.509358,5.587960,0.435456,3.251130,0.000000,3.000000,5.604901,0.004985,0.000388,-0.004017,0.000341,0.000651,0.274243,0.006897,0.454253,0.229858,0.020722,0.500568,0.025200,0.828135
14.101000,4.945109,0.167107,4.537835,5.492053,0.417831,3.279606,0.000000,3.000000,5.507924,0.004986,0.000379,-0.003054,0.000354,0.000771,0.274211,0.006902,0.454265,0.229913,0.020727,0.500568,0.025200,0.826903
14.112000,4.872965,0.238782,4.518979,5.419910,0.489506,3.260751,0.000000,3.000000,5.441970,0.004980,0.000450,-0.002418,0.000219,0.000523,0.274185,0.006903,0.454274,0.229967,0.020731,0.500568,0.025200,0.828849
14.123000,4.881633,0.216782,4.495374,5.428578,0.467506,3.237145,0.000000,3.000000,5.448671,0.004982,0.000429,-0.001532,0.000187,0.001478,0.274165,0.006903,0.454289,0.230022,0.020736,0.500568,0.025200,0.820470
14.134000,4.978467,0.189024,4.465843,5.525411,0.439748,3.207614,0.000000,3.000000,5.542883,0.004984,0.000397,-0.001103,-0.000012,0.001897,0.274150,0.006905,0.454302,0.230077,0.020741,0.500568,0.025200,0.816683
14.145000,5.072454,0.210707,4.449240,5.619399,0.461431,3.191012,0.000000,3.000000,5.638312,0.004983,0.000409,-0.001291,-0.000236,0.001177,0.274135,0.006907,0.454315,0.230132,0.020745,0.500568,0.025200,0.822553
14.156000,5.102089,0.179346,4.446780,5.649034,0.430070,3.188551,0.000000,3.000000,5.665381,0.004986,0.000380,-0.000950,0.000117,0.001666,0.274123,0.006908,0.454333,0.230187,0.020749,0.500568,0.025200,0.818090
14.167000,5.200205,0.170388,4.415266,5.747149,0.421111,3.157037,0.000000,3.000000,5.762557,0.004987,0.000365,-0.000733,-0.000017,0.000574,0.274114,0.006908,0.454346,0.230242,0.020753,0.500568,0.025200,0.827128
14.178000,5.155672,0.184336,4.422772,5.702617,0.435060,3.164543,0.000000,3.000000,5.719188,0.004986,0.000380,-0.001000,-0.000129,0.000718,0.274105,0.006908,0.454360,0.230296,0.020757,0.500568,0.025200,0.825650
14.189000,5.190176,0.212462,4.390909,5.737121,0.463186,3.132680,0.000000,3.000000,5.755788,0.004984,0.000402,-0.000857,-0.000056,0.001119,0.274095,0.006908,0.454372,0.230351,0.020762,0.500568,0.025200,0.822035
14.200000,5.199622,0.225731,4.434714,5.746566,0.476455,3.176485,0.000000,3.000000,5.766284,0.004983,0.000413,-0.000783,-0.000093,0.000264,0.274085,0.006907,0.454380,0.230406,0.020766,0.500568,0.025200,0.829141
14.211000,5.203367,0.250306,4.478030,5.750311,0.501030,3.219801,0.000000,3.000000,5.772097,0.004981,0.000434,-0.000337,0.000143,0.002066,0.274078,0.006908,0.454395,0.230461,0.020771,0.500568,0.025200,0.813586
14.222000,5.259523,0.279125,4.499932,5.806467,0.529848,3.241703,0.000000,3.000000,5.830592,0.004979,0.000454,-0.001024,-0.001015,0.000231,0.274067,0.006906,0.454399,0.230516,0.020776,0.500568,0.025200,0.829078
14.233000,5.335651,0.245883,4.571641,5.882595,0.496607,3.313412,0.000000,3.000000,5.903519,0.004982,0.000421,-0.000933,-0.000418,0.000444,0.274057,0.006907,0.454404,0.230570,0.020781,0.500568,0.025200,0.827183
14.244000,5.457928,0.275198,4.570357,6.004873,0.525922,3.312128,0.000000,3.000000,6.027860,0.004981,0.000436,-0.000943,0.000138,0.000910,0.274045,0.006906,0.454410,0.230625,0.020785,0.500568,0.025200,0.823114
14.255000,5.545218,0.297811,4.595663,6.092162,0.548535,3.337435,0.000000,3.000000,6.116807,0.004980,0.000448,-0.001039,0.000581,0.000427,0.274031,0.006905,0.454413,0.230680,0.020790,0.500568,0.025200,0.827166
14.266000,5.534414,0.338777,4.718907,6.081359,0.589501,3.460678,0.000000,3.000000,6.109864,0.004977,0.000482,-0.001667,-0.000693,-0.000748,0.274014,0.006903,0.454409,0.230735,0.020795,0.500568,0.025200,0.837207
14.277000,5.544509,0.341255,4.736242,6.091453,0.591979,3.478013,0.000000,3.000000,6.120150,0.004977,0.000484,-0.001809,0.000153,-0.000884,0.273998,0.006902,0.454404,0.230790,0.020801,0.500568,0.025200,0.838456
14.288000,5.572353,0.298180,4.780462,6.119297,0.548903,3.522234,0.000000,3.000000,6.143867,0.004980,0.000447,-0.001486,0.000615,-0.002445,0.273979,0.006901,0.454387,0.230844,0.020806,0.500568,0.025200,0.851991
14.299000,5.668545,0.302551,4.757585,6.215490,0.553275,3.499356,0.000000,3.000000,6.240066,0.004980,0.000443,-0.001805,-0.000467,-0.000957,0.273957,0.006900,0.454371,0.230899,0.020811,0.500568,0.025200,0.839670
14.310000,5.659319,0.339035,4.762006,6.206264,0.589759,3.503778,0.000000,3.000000,6.234222,0.004978,0.000473,-0.001821,-0.000310,-0.001769,0.273936,0.006899,0.454348,0.230954,0.020816,0.500568,0.025200,0.846971
14.321000,5.750090,0.299110,4.803079,6.297034,0.549833,3.544850,0.000000,3.000000,6.320994,0.004981,0.000435,-0.002283,-0.000048,-0.002085,0.273915,0.006901,0.454327,0.231009,0.020821,0.500568,0.025200,0.850023
14.332000,5.767652,0.272487,4.815604,6.314596,0.523210,3.557375,0.000000,3.000000,6.336235,0.004983,0.000413,-0.001499,-0.000746,-0.002429,0.273896,0.006899,0.454303,0.231063,0.020825,0.500568,0.025200,0.853378
14.343000,5.731517,0.280757,4.799302,6.278461,0.531480,3.541073,0.000000,3.000000,6.300916,0.004982,0.000422,-0.001857,-0.000082,-0.000841,0.273881,0.006898,0.454286,0.231118,0.020830,0.500568,0.025200,0.840207
14.354000,5.716387,0.268130,4.735182,6.263332,0.518854,3.476953,0.000000,3.000000,6.284786,0.004983,0.000413,-0.001248,0.000043,-0.002005,0.273867,0.006899,0.454267,0.231173,0.020834,0.500568,0.025200,0.850436
14.365000,5.698047,0.244020,4.643886,6.244992,0.494743,3.385657,0.000000,3.000000,6.264558,0.004984,0.000395,-0.001334,0.000169,-0.001243,0.273854,0.006899,0.454254,0.231228,0.020839,0.500568,0.025200,0.844188
14.376000,5.833532,0.236508,4.581220,6.380476,0.487232,3.322992,0.000000,3.000000,6.399053,0.004985,0.000381,-0.001539,0.000056,-0.000167,0.273842,0.006898,0.454248,0.231283,0.020843,0.500568,0.025200,0.835173
14.387000,5.914734,0.225749,4.545169,6.461679,0.476472,3.286941,0.000000,3.000000,6.479222,0.004986,0.000368,-0.001351,-0.000119,-0.000799,0.273829,0.006897,0.454247,0.231338,0.020847,0.500568,0.025200,0.840549
14.398000,6.003811,0.219865,4.515059,6.550755,0.470589,3.256830,0.000000,3.000000,6.567636,0.004987,0.000358,-0.001150,-0.000309,0.001156,0.273816,0.006900,0.454255,0.231392,0.020851,0.500568,0.025200,0.823818
14.409000,6.043702,0.206138,4.411737,6.590647,0.456861,3.153508,0.000000,3.000000,6.606463,0.004988,0.000346,-0.000840,0.000041,0.001057,0.273804,0.006900,0.454264,0.231447,0.020855,0.500568,0.025200,0.824496
14.420000,6.024919,0.209009,4.366506,6.571863,0.459733,3.108277,0.000000,3.000000,6.587924,0.004988,0.000349,-0.000937,-0.000348,0.001401,0.273793,0.006900,0.454282,0.231502,0.020859,0.500568,0.025200,0.821253
14.431000,6.020221,0.204103,4.329405,6.567165,0.454827,3.071176,0.000000,3.000000,6.582896,0.004988,0.000345,-0.000849,0.000656,0.002106,0.273781,0.006903,0.454304,0.231557,0.020863,0.500568,0.025200,0.814878
14.442000,5.929740,0.173694,4.320576,6.476684,0.424417,3.062348,0.000000,3.000000,6.490575,0.004989,0.000327,-0.001001,-0.000277,0.002244,0.273769,0.006904,0.454327,0.231612,0.020867,0.500568,0.025200,0.813289
14.453000,5.873926,0.160253,4.307227,6.420870,0.410976,3.048998,0.000000,3.000000,6.434009,0.004990,0.000319,-0.001223,0.000634,0.001392,0.273758,0.006905,0.454350,0.231667,0.020870,0.500568,0.025200,0.820099
14.464000,5.832502,0.155996,4.273251,6.379446,0.406720,3.015022,0.000000,3.000000,6.392398,0.004990,0.000318,-0.001323,0.000447,0.002159,0.273745,0.006906,0.454379,0.231722,0.020874,0.500568,0.025200,0.813079
14.475000,5.776022,0.162231,4.255024,6.322967,0.412955,2.996795,0.000000,3.000000,6.336437,0.004989,0.000326,-0.000915,-0.000046,0.003401,0.273733,0.006907,0.454406,0.231777,0.020877,0.500568,0.025200,0.802053
14.486000,5.717860,0.186081,4.216551,6.264805,0.436804,2.958322,0.000000,3.000000,6.280014,0.004988,0.000348,-0.001245,0.000544,0.002394,0.273721,0.006908,0.454433,0.231831,0.020881,0.500568,0.025200,0.810108
14.497000,5.740047,0.172271,4.216045,6.286992,0.422994,2.957816,0.000000,3.000000,6.301205,0.004989,0.000336,-0.001465,0.000107,0.002143,0.273708,0.006908,0.454459,0.231886,0.020885,0.500568,0.025200,0.811768
14.508000,5.674291,0.191522,4.159014,6.221235,0.442246,2.900786,0.000000,3.000000,6.236935,0.004987,0.000355,-0.001281,-0.000041,0.002280,0.273694,0.006909,0.454489,0.231941,0.020888,0.500568,0.025200,0.810067
14.519000,5.601892,0.183898,4.132750,6.148837,0.434622,2.874521,0.000000,3.000000,6.164178,0.004988,0.000353,-0.001416,-0.000141,0.003402,0.273681,0.006912,0.454520,0.231996,0.020892,0.500568,0.025200,0.799995
14.530000,5.577165,0.165069,4.174799,6.124109,0.415793,2.916570,0.000000,3.000000,6.138208,0.004989,0.000339,-0.001136,-0.000287,0.001843,0.273668,0.006913,0.454544,0.232051,0.020896,0.500568,0.025200,0.812800
14.541000,5.548732,0.175140,4.189969,6.095677,0.425863,2.931740,0.000000,3.000000,6.110535,0.004988,0.000348,-0.001327,-0.000412,0.002970,0.273654,0.006912,0.454573,0.232106,0.020900,0.500568,0.025200,0.802699
14.552000,5.603704,0.209941,4.183805,6.150648,0.460664,2.925577,0.000000,3.000000,6.167875,0.004986,0.000373,-0.001477,0.000203,0.002295,0.273637,0.006912,0.454599,0.232161,0.020904,0.500568,0.025200,0.807961
14.563000,5.740970,0.289908,4.198284,6.287914,0.540632,2.940055,0.000000,3.000000,6.311113,0.004982,0.000428,-0.001727,0.000218,0.002958,0.273615,0.006912,0.454630,0.232215,0.020908,0.500568,0.025200,0.801783
14.574000,5.692694,0.348480,4.232156,6.239638,0.599204,2.973927,0.000000,3.000000,6.268343,0.004977,0.000478,-0.001880,-0.000313,0.003161,0.273596,0.006907,0.454660,0.232270,0.020913,0.500568,0.025200,0.799519
14.585000,5.646562,0.401403,4.301449,6.193506,0.652126,3.043220,0.000000,3.000000,6.227743,0.004973,0.000524,-0.001870,-0.001115,0.002431,0.273576,0.006900,0.454683,0.232325,0.020919,0.500568,0.025200,0.805295
14.596000,5.582340,0.468887,4.363311,6.129284,0.719610,3.105083,0.000000,3.000000,6.171383,0.004966,0.000583,-0.002150,-0.000660,0.001196,0.273556,0.006891,0.454701,0.232380,0.020925,0.500568,0.025200,0.815455
14.607000,5.599939,0.582665,4.436453,6.146884,0.833389,3.178224,0.000000,3.000000,6.203121,0.004955,0.000672,-0.002357,-0.002052,0.001341,0.273532,0.006874,0.454714,0.232434,0.020932,0.500568,0.025200,0.813993
14.618000,5.657617,0.658913,4.447194,6.204561,0.909637,3.188965,0.000000,3.000000,6.270886,0.004947,0.000725,-0.003810,-0.002034,0.000469,0.273495,0.006852,0.454714,0.232489,0.020940,0.500568,0.025200,0.821385
14.629000,5.755164,0.721168,4.503343,6.302108,0.971892,3.245114,0.000000,3.000000,6.376609,0.004942,0.000762,-0.004908,-0.002318,-0.001442,0.273441,0.006827,0.454703,0.232543,0.020948,0.500568,0.025200,0.837809
14.640000,5.769308,0.697814,4.555690,6.316253,0.948538,3.297461,0.000000,3.000000,6.387078,0.004945,0.000743,-0.005767,-0.003177,-0.002330,0.273380,0.006798,0.454685,0.232597,0.020956,0.500568,0.025200,0.845649
14.651000,5.790210,0.670550,4.528362,6.337155,0.921274,3.270133,0.000000,3.000000,6.403770,0.004948,0.000719,-0.005609,-0.002963,-0.000741,0.273321,0.006769,0.454671,0.232652,0.020964,0.500568,0.025200,0.832425
14.662000,5.694259,0.679469,4.566272,6.241203,0.930192,3.308043,0.000000,3.000000,6.310140,0.004945,0.000737,-0.005446,-0.003183,-0.002957,0.273260,0.006739,0.454645,0.232706,0.020972,0.500568,0.025200,0.851710
14.673000,5.642485,0.613396,4.575821,6.189429,0.864119,3.317592,0.000000,3.000000,6.249459,0.004952,0.000691,-0.005570,-0.002718,-0.002579,0.273200,0.006709,0.454617,0.232761,0.020980,0.500568,0.025200,0.848998
14.684000,5.582008,0.569021,4.567937,6.128953,0.819745,3.309708,0.000000,3.000000,6.183530,0.004956,0.000663,-0.005326,-0.002743,-0.003358,0.273143,0.006679,0.454586,0.232815,0.020988,0.500568,0.025200,0.856169
14.695000,5.551558,0.464372,4.568145,6.098502,0.715096,3.309916,0.000000,3.000000,6.140284,0.004966,0.000582,-0.004928,-0.002122,-0.003396,0.273085,0.006654,0.454549,0.232870,0.020994,0.500568,0.025200,0.857147
14.706000,5.573387,0.455955,4.590613,6.120331,0.706679,3.332385,0.000000,3.000000,6.160994,0.004967,0.000574,-0.004883,-0.002179,-0.004050,0.273029,0.006628,0.454511,0.232924,0.021001,0.500568,0.025200,0.863388
14.717000,5.476282,0.443001,4.606868,6.023227,0.693725,3.348639,0.000000,3.000000,6.063045,0.004967,0.000572,-0.004867,-0.002807,-0.004636,0.272975,0.006602,0.454463,0.232979,0.021007,0.500568,0.025200,0.869227
14.728000,5.309931,0.423739,4.639744,5.856875,0.674463,3.381516,0.000000,3.000000,5.895582,0.004967,0.000572,-0.004629,-0.002029,-0.005362,0.272923,0.006579,0.454406,0.233034,0.021013,0.500568,0.025200,0.876401
14.739000,5.233259,0.350405,4.599963,5.780203,0.601129,3.341734,0.000000,3.000000,5.811377,0.004973,0.000517,-0.004790,-0.001342,-0.006020,0.272873,0.006560,0.454342,0.233088,0.021019,0.500568,0.025200,0.883148
14.750000,5.335806,0.291036,4.471432,5.882750,0.541760,3.213203,0.000000,3.000000,5.907644,0.004979,0.000459,-0.005022,-0.001087,-0.005999,0.272820,0.006542,0.454279,0.233143,0.021025,0.500568,0.025200,0.884106
14.761000,5.271411,0.309723,4.439335,5.818355,0.560447,3.181106,0.000000,3.000000,5.845285,0.004977,0.000479,-0.005371,-0.001169,-0.006679,0.272764,0.006527,0.454208,0.233198,0.021030,0.500568,0.025200,0.891150
14.772000,5.206171,0.221052,4.424565,5.753115,0.471776,3.166337,0.000000,3.000000,5.772426,0.004983,0.000409,-0.005804,-0.000767,-0.007882,0.272705,0.006516,0.454128,0.233253,0.021035,0.500568,0.025200,0.902798
14.783000,5.265103,0.209695,4.379998,5.812048,0.460418,3.121769,0.000000,3.000000,5.830256,0.004984,0.000395,-0.006383,-0.000737,-0.008837,0.272636,0.006509,0.454033,0.233307,0.021039,0.500568,0.025200,0.912606
14.794000,5.355358,0.224591,4.358970,5.902303,0.475315,3.100741,0.000000,3.000000,5.921410,0.004984,0.000401,-0.007403,-0.000226,-0.008784,0.272559,0.006504,0.453935,0.233362,0.021044,0.500568,0.025200,0.913930
14.805000,5.488233,0.236551,4.330543,6.035178,0.487275,3.072315,0.000000,3.000000,6.054817,0.004984,0.000402,-0.008087,-0.000709,-0.010288,0.272471,0.006497,0.453826,0.233417,0.021048,0.500568,0.025200,0.928648
14.816000,5.507884,0.250697,4.306849,6.054828,0.501421,3.048621,0.000000,3.000000,6.075555,0.004983,0.000413,-0.009255,0.000064,-0.010878,0.272372,0.006494,0.453706,0.233472,0.021052,0.500568,0.025200,0.935817
14.827000,5.534354,0.243860,4.301429,6.081298,0.494584,3.043201,0.000000,3.000000,6.101377,0.004984,0.000405,-0.010569,-0.000735,-0.013566,0.272258,0.006487,0.453562,0.233527,0.021057,0.500568,0.025200,0.961217
14.838000,5.417666,0.284450,4.274215,5.964610,0.535174,3.015986,0.000000,3.000000,5.988571,0.004980,0.000447,-0.011373,-0.000178,-0.014700,0.272137,0.006484,0.453402,0.233581,0.021062,0.500568,0.025200,0.973717
14.849000,5.397218,0.253010,4.249989,5.944163,0.503734,2.991760,0.000000,3.000000,5.965469,0.004982,0.000422,-0.012775,-0.000078,-0.016998,0.271999,0.006479,0.453217,0.233636,0.021066,0.500568,0.025200,0.996543
14.860000,5.665793,0.245298,4.213463,6.212738,0.496021,2.955234,0.000000,3.000000,6.232507,0.004984,0.000398,-0.013567,-0.000576,-0.016749,0.271851,0.006473,0.453030,0.233691,0.021071,0.500568,0.025200,0.997798
14.871000,5.974715,0.225569,4.066441,6.521659,0.476293,2.808212,0.000000,3.000000,6.539028,0.004987,0.000364,-0.014680,-0.000759,-0.016569,0.271691,0.006467,0.452843,0.233746,0.021075,0.500568,0.025200,0.999647
14.882000,6.412325,0.208249,4.012064,6.959269,0.458972,2.753835,0.000000,3.000000,6.974388,0.004989,0.000329,-0.016802,-0.000236,-0.017775,0.271511,0.006462,0.452651,0.233801,0.021079,0.500568,0.025200,1.013317
14.893000,6.440241,0.201699,4.017179,6.987185,0.452422,2.758950,0.000000,3.000000,7.001817,0.004990,0.000323,-0.017192,-0.000914,-0.018641,0.271329,0.006453,0.452460,0.233856,0.021082,0.500568,0.025200,1.024115
14.904000,6.236848,0.256136,4.090878,6.783792,0.506860,2.832649,0.000000,3.000000,6.802701,0.004986,0.000373,-0.018385,-0.000430,-0.020005,0.271126,0.006446,0.452241,0.233910,0.021086,0.500568,0.025200,1.039623
14.915000,6.198922,0.303570,4.116860,6.745867,0.554294,2.858631,0.000000,3.000000,6.768601,0.004983,0.000409,-0.018590,-0.001029,-0.020135,0.270922,0.006437,0.452019,0.233965,0.021091,0.500568,0.025200,1.044719
14.926000,6.029941,0.357868,4.267084,6.576885,0.608592,3.008855,0.000000,3.000000,6.604983,0.004979,0.000461,-0.018441,-0.001088,-0.021928,0.270718,0.006429,0.451788,0.234020,0.021095,0.500568,0.025200,1.064103
14.937000,6.013680,0.366910,4.273398,6.560625,0.617634,3.015169,0.000000,3.000000,6.589633,0.004978,0.000469,-0.018101,-0.000813,-0.019685,0.270517,0.006420,0.451565,0.234075,0.021101,0.500568,0.025200,1.049088
14.948000,6.315576,0.408348,4.160256,6.862520,0.659072,2.902027,0.000000,3.000000,6.894096,0.004977,0.000478,-0.018609,-0.001476,-0.019120,0.270314,0.006409,0.451353,0.234130,0.021106,0.500568,0.025200,1.048099
14.959000,6.843131,0.326115,4.061353,7.390076,0.576839,2.803125,0.000000,3.000000,7.412554,0.004985,0.000389,-0.019539,-0.000732,-0.018669,0.270100,0.006403,0.451150,0.234184,0.021111,0.500568,0.025200,1.047934
14.970000,7.186647,0.285002,3.948898,7.733591,0.535726,2.690669,0.000000,3.000000,7.752125,0.004988,0.000346,-0.019451,-0.000593,-0.017504,0.269882,0.006397,0.450962,0.234239,0.021115,0.500568,0.025200,1.041432
14.981000,7.073821,0.291239,3.905469,7.620765,0.541962,2.647240,0.000000,3.000000,7.640012,0.004987,0.000355,-0.019603,-0.001272,-0.016678,0.269672,0.006388,0.450787,0.234294,0.021118,0.500568,0.025200,1.037571
14.992000,6.572880,0.336186,3.900444,7.119824,0.586910,2.642215,0.000000,3.000000,7.143974,0.004983,0.000411,-0.018730,0.000026,-0.016512,0.269461,0.006382,0.450603,0.234349,0.021123,0.500568,0.025200,1.039474
15.003000,6.215120,0.347878,3.977466,6.762064,0.598602,2.719237,0.000000,3.000000,6.788508,0.004981,0.000441,-0.018143,-0.000367,-0.016216,0.269259,0.006375,0.450419,0.234404,0.021127,0.500568,0.025200,1.040273
15.014000,6.152556,0.369185,3.910740,6.699500,0.619909,2.652511,0.000000,3.000000,6.728119,0.004979,0.000461,-0.019024,0.000038,-0.015560,0.269052,0.006368,0.450247,0.234459,0.021132,0.500568,0.025200,1.037806
15.025000,6.482326,0.319254,3.919299,7.029270,0.569978,2.661070,0.000000,3.000000,7.052341,0.004984,0.000404,-0.020070,-0.000694,-0.013606,0.268835,0.006361,0.450089,0.234513,0.021137,0.500568,0.025200,1.024076
15.036000,6.688596,0.299515,3.946727,7.235540,0.550239,2.688499,0.000000,3.000000,7.256432,0.004986,0.000379,-0.020187,-0.001055,-0.012393,0.268614,0.006356,0.449947,0.234568,0.021141,0.500568,0.025200,1.016330
15.047000,6.455957,0.353286,3.973558,7.002901,0.604010,2.715329,0.000000,3.000000,7.028901,0.004982,0.000430,-0.019389,-0.000288,-0.010207,0.268397,0.006353,0.449818,0.234623,0.021146,0.500568,0.025200,1.000100
15.058000,6.010911,0.364267,4.008267,6.557855,0.614991,2.750038,0.000000,3.000000,6.586629,0.004978,0.000467,-0.019153,-0.000294,-0.010232,0.268190,0.006353,0.449704,0.234678,0.021151,0.500568,0.025200,1.002367
15.069000,5.940507,0.362773,4.029396,6.487452,0.613497,2.771168,0.000000,3.000000,6.516395,0.004978,0.000471,-0.019321,-0.000525,-0.009750,0.267977,0.006350,0.449600,0.234733,0.021156,0.500568,0.025200,1.000152
15.080000,6.121599,0.335073,4.024781,6.668543,0.585797,2.766553,0.000000,3.000000,6.694223,0.004981,0.000438,-0.019142,-0.000004,-0.007405,0.267766,0.006349,0.449519,0.234787,0.021161,0.500568,0.025200,0.981710
15.091000,6.350544,0.311987,3.998018,6.897488,0.562711,2.739789,0.000000,3.000000,6.920404,0.004983,0.000407,-0.018392,0.000130,-0.004466,0.267557,0.006349,0.449464,0.234842,0.021166,0.500568,0.025200,0.957759
15.102000,6.522734,0.317216,4.015926,7.069678,0.567940,2.757697,0.000000,3.000000,7.092454,0.004984,0.000400,-0.018917,0.000455,-0.002920,0.267352,0.006351,0.449430,0.234897,0.021170,0.500568,0.025200,0.945247
15.113000,6.740493,0.301634,4.063524,7.287437,0.552358,2.805295,0.000000,3.000000,7.308341,0.004986,0.000378,-0.018364,0.000097,-0.000144,0.267149,0.006352,0.449419,0.234952,0.021174,0.500568,0.025200,0.921890
15.124000,6.740127,0.292347,4.099651,7.287071,0.543070,2.841422,0.000000,3.000000,7.307279,0.004986,0.000372,-0.017980,0.000008,-0.000526,0.266949,0.006354,0.449418,0.235007,0.021178,0.500568,0.025200,0.925165
15.135000,6.411102,0.355960,4.142794,6.958046,0.606683,2.884565,0.000000,3.000000,6.984445,0.004981,0.000434,-0.017452,0.000554,-0.000020,0.266756,0.006358,0.449416,0.235061,0.021183,0.500568,0.025200,0.920900
15.146000,6.102111,0.354359,4.167785,6.649055,0.605083,2.909556,0.000000,3.000000,6.676530,0.004979,0.000453,-0.017546,-0.000178,-0.000371,0.266557,0.006359,0.449413,0.235116,0.021188,0.500568,0.025200,0.923933
15.157000,6.019047,0.321706,4.201152,6.565991,0.572430,2.942924,0.000000,3.000000,6.590896,0.004981,0.000434,-0.017895,0.000103,-0.000423,0.266358,0.006362,0.449403,0.235171,0.021193,0.500568,0.025200,0.924554
15.168000,6.124907,0.298895,4.182668,6.671852,0.549619,2.924439,0.000000,3.000000,6.694452,0.004983,0.000411,-0.019465,0.000435,-0.001113,0.266148,0.006364,0.449393,0.235226,0.021198,0.500568,0.025200,0.930587
15.179000,6.269171,0.288573,4.189959,6.816116,0.539297,2.931730,0.000000,3.000000,6.837417,0.004984,0.000394,-0.019549,-0.000205,-0.001394,0.265931,0.006365,0.449381,0.235281,0.021202,0.500568,0.025200,0.933197
15.190000,6.306885,0.325354,4.170565,6.853829,0.576077,2.912337,0.000000,3.000000,6.877997,0.004982,0.000419,-0.020456,0.000036,-0.003383,0.265706,0.006365,0.449356,0.235335,0.021206,0.500568,0.025200,0.950524
15.201000,6.502435,0.295600,4.157334,7.049379,0.546324,2.899106,0.000000,3.000000,7.070518,0.004985,0.000386,-0.021682,-0.000188,-0.002681,0.265468,0.006367,0.449327,0.235390,0.021211,0.500568,0.025200,0.945075
15.212000,6.599080,0.304644,4.117306,7.146024,0.555368,2.859077,0.000000,3.000000,7.167573,0.004985,0.000387,-0.022682,0.000417,-0.003255,0.265220,0.006371,0.449288,0.235445,0.021215,0.500568,0.025200,0.950664
15.223000,6.705375,0.305067,4.056085,7.252319,0.555791,2.797857,0.000000,3.000000,7.273585,0.004985,0.000382,-0.023165,-0.000012,-0.005267,0.264966,0.006371,0.449239,0.235500,0.021219,0.500568,0.025200,0.968604
15.234000,6.737508,0.282045,3.941874,7.284452,0.532768,2.683646,0.000000,3.000000,7.303909,0.004987,0.000365,-0.023331,-0.000578,-0.006370,0.264708,0.006371,0.449171,0.235555,0.021223,0.500568,0.025200,0.979200
15.245000,7.026830,0.235267,3.792578,7.573774,0.485991,2.534350,0.000000,3.000000,7.589351,0.004990,0.000320,-0.024097,0.000516,-0.004729,0.264442,0.006374,0.449119,0.235610,0.021227,0.500568,0.025200,0.966206
15.256000,7.401662,0.162159,3.728928,7.948607,0.412883,2.470700,0.000000,3.000000,7.959323,0.004993,0.000259,-0.025167,0.000368,-0.004671,0.264168,0.006375,0.449064,0.235665,0.021230,0.500568,0.025200,0.966699
15.267000,7.597027,0.183732,3.668009,8.143972,0.434456,2.409781,0.000000,3.000000,8.155552,0.004993,0.000266,-0.026010,0.000176,-0.005426,0.263884,0.006373,0.449006,0.235719,0.021233,0.500568,0.025200,0.974148
15.278000,7.520024,0.200122,3.748577,8.066968,0.450846,2.490349,0.000000,3.000000,8.079557,0.004992,0.000279,-0.026610,-0.000068,-0.006022,0.263592,0.006373,0.448936,0.235774,0.021236,0.500568,0.025200,0.980465
15.289000,7.260614,0.201314,3.827073,7.807558,0.452037,2.568844,0.000000,3.000000,7.820633,0.004992,0.000289,-0.027500,0.000428,-0.006845,0.263298,0.006375,0.448862,0.235829,0.021239,0.500568,0.025200,0.988790
15.300000,6.502412,0.258710,4.065872,7.049356,0.509433,2.807643,0.000000,3.000000,7.067740,0.004987,0.000360,-0.026689,0.000093,-0.009252,0.263002,0.006373,0.448774,0.235884,0.021243,0.500568,0.025200,1.010789
15.311000,6.085082,0.282413,4.217594,6.632027,0.533136,2.959365,0.000000,3.000000,6.653421,0.004984,0.000401,-0.026947,-0.000411,-0.008810,0.262711,0.006371,0.448675,0.235939,0.021247,0.500568,0.025200,1.008830
15.322000,6.307066,0.295537,4.124895,6.854010,0.546261,2.866666,0.000000,3.000000,6.875744,0.004984,0.000397,-0.027783,-0.000641,-0.010139,0.262405,0.006372,0.448578,0.235994,0.021252,0.500568,0.025200,1.021858
15.333000,6.338453,0.315493,4.274512,6.885397,0.566217,3.016283,0.000000,3.000000,6.908639,0.004983,0.000410,-0.028305,0.000396,-0.011345,0.262096,0.006373,0.448456,0.236049,0.021256,0.500568,0.025200,1.034276
15.344000,6.832912,0.259708,4.253306,7.379856,0.510431,2.995077,0.000000,3.000000,7.397487,0.004988,0.000345,-0.029212,0.000126,-0.010154,0.261778,0.006372,0.448340,0.236103,0.021260,0.500568,0.025200,1.026253
15.355000,7.122755,0.269975,4.396295,7.669699,0.520699,3.138066,0.000000,3.000000,7.687354,0.004989,0.000339,-0.030224,0.000038,-0.011778,0.261444,0.006372,0.448216,0.236158,0.021264,0.500568,0.025200,1.042281
15.366000,6.865840,0.250329,4.483232,7.412784,0.501053,3.225004,0.000000,3.000000,7.429699,0.004989,0.000337,-0.030490,0.000082,-0.012155,0.261111,0.006370,0.448083,0.236213,0.021268,0.500568,0.025200,1.047863
15.377000,6.704783,0.305540,4.516537,7.251728,0.556264,3.258309,0.000000,3.000000,7.273031,0.004985,0.000382,-0.030411,0.000069,-0.012777,0.260779,0.006369,0.447944,0.236268,0.021272,0.500568,0.025200,1.055648
15.388000,5.902648,0.371487,4.614195,6.449592,0.622211,3.355966,0.000000,3.000000,6.479536,0.004977,0.000480,-0.028735,-0.000319,-0.014150,0.260455,0.006366,0.447800,0.236323,0.021276,0.500568,0.025200,1.069900
15.399000,5.025109,0.484050,4.804990,5.572053,0.734774,3.546762,0.000000,3.000000,5.620291,0.004957,0.000654,-0.027899,-0.000466,-0.014902,0.260147,0.006362,0.447630,0.236377,0.021283,0.500568,0.025200,1.079322
15.410000,5.007698,0.489223,4.726099,5.554642,0.739947,3.467871,0.000000,3.000000,5.603711,0.004956,0.000660,-0.027876,-0.000026,-0.013460,0.259845,0.006361,0.447481,0.236432,0.021290,0.500568,0.025200,1.069776
15.421000,5.408577,0.435776,4.682640,5.955522,0.686500,3.424411,0.000000,3.000000,5.994958,0.004967,0.000573,-0.026492,-0.000567,-0.010783,0.259551,0.006360,0.447355,0.236487,0.021297,0.500568,0.025200,1.049315
15.432000,5.860758,0.397904,4.574027,6.407702,0.648627,3.315798,0.000000,3.000000,6.440447,0.004975,0.000504,-0.025962,0.000030,-0.008763,0.259263,0.006362,0.447256,0.236541,0.021303,0.500568,0.025200,1.033974
15.443000,6.434593,0.316619,4.521651,6.981538,0.567343,3.263422,0.000000,3.000000,7.004552,0.004984,0.000405,-0.025357,0.000195,-0.004604,0.258978,0.006364,0.447199,0.236596,0.021307,0.500568,0.025200,0.999711
15.454000,6.378829,0.302831,4.419582,6.925773,0.553555,3.161354,0.000000,3.000000,6.947860,0.004984,0.000398,-0.024024,0.000121,-0.004004,0.258710,0.006368,0.447154,0.236651,0.021312,0.500568,0.025200,0.995417
15.465000,5.800981,0.363849,4.270221,6.347925,0.614573,3.011992,0.000000,3.000000,6.377606,0.004977,0.000482,-0.021900,0.000374,-0.002316,0.258467,0.006372,0.447128,0.236706,0.021317,0.500568,0.025200,0.981578
15.476000,5.077333,0.383051,4.166025,5.624277,0.633775,2.907796,0.000000,3.000000,5.659873,0.004969,0.000560,-0.020821,0.000658,-0.001750,0.258239,0.006376,0.447112,0.236760,0.021322,0.500568,0.025200,0.977045
15.487000,4.638572,0.408161,4.068888,5.185517,0.658885,2.810659,0.000000,3.000000,5.227209,0.004960,0.000630,-0.020035,0.000588,-0.001449,0.258022,0.006381,0.447098,0.236815,0.021329,0.500568,0.025200,0.974753
15.498000,4.383127,0.410343,4.098523,4.930072,0.661067,2.840294,0.000000,3.000000,4.974195,0.004956,0.000664,-0.020465,0.000665,-0.002616,0.257793,0.006384,0.447068,0.236870,0.021336,0.500568,0.025200,0.985189
15.509000,4.341781,0.404715,4.099763,4.888726,0.655439,2.841535,0.000000,3.000000,4.932468,0.004956,0.000664,-0.021078,0.000907,-0.004208,0.257563,0.006391,0.447026,0.236924,0.021343,0.500568,0.025200,0.999458
15.520000,4.754301,0.354665,4.015105,5.301246,0.605389,2.756876,0.000000,3.000000,5.335701,0.004968,0.000567,-0.022596,0.000424,-0.004244,0.257318,0.006395,0.446979,0.236979,0.021350,0.500568,0.025200,1.000604
15.531000,5.345366,0.263296,3.913907,5.892310,0.514020,2.655679,0.000000,3.000000,5.914688,0.004981,0.000435,-0.023233,0.000088,-0.003244,0.257061,0.006401,0.446944,0.237033,0.021356,0.500568,0.025200,0.992746
15.542000,5.741005,0.237189,3.832675,6.287949,0.487912,2.574446,0.000000,3.000000,6.306850,0.004985,0.000387,-0.023294,-0.000025,-0.003970,0.256802,0.006408,0.446904,0.237088,0.021360,0.500568,0.025200,0.999637
15.553000,5.541541,0.193723,3.786680,6.088486,0.444447,2.528451,0.000000,3.000000,6.104686,0.004987,0.000364,-0.022518,0.000865,-0.005802,0.256551,0.006413,0.446849,0.237143,0.021364,0.500568,0.025200,1.016173
15.564000,5.166919,0.166728,3.759805,5.713863,0.417452,2.501577,0.000000,3.000000,5.729092,0.004987,0.000364,-0.022274,0.001200,-0.007167,0.256306,0.006418,0.446779,0.237198,0.021368,0.500568,0.025200,1.029014
15.575000,4.828774,0.185662,3.770520,5.375718,0.436386,2.512292,0.000000,3.000000,5.393401,0.004984,0.000405,-0.020671,0.000142,-0.007375,0.256073,0.006420,0.446694,0.237253,0.021372,0.500568,0.025200,1.032313
15.586000,4.498860,0.166832,3.756514,5.045804,0.417556,2.498286,0.000000,3.000000,5.063052,0.004983,0.000412,-0.019658,-0.000124,-0.010059,0.255851,0.006420,0.446593,0.237308,0.021377,0.500568,0.025200,1.056905
15.597000,3.985577,0.153380,3.704905,4.532521,0.404104,2.446676,0.000000,3.000000,4.550500,0.004980,0.000444,-0.018243,0.000128,-0.010536,0.255647,0.006418,0.446480,0.237362,0.021382,0.500568,0.025200,1.062982
15.608000,3.559273,0.151530,3.673748,4.106217,0.402254,2.415519,0.000000,3.000000,4.125873,0.004976,0.000487,-0.017087,-0.000671,-0.012059,0.255460,0.006413,0.446357,0.237417,0.021387,0.500568,0.025200,1.078122
15.619000,3.272019,0.136150,3.548652,3.818963,0.386874,2.290423,0.000000,3.000000,3.838509,0.004975,0.000504,-0.016807,-0.000855,-0.012574,0.255276,0.006410,0.446221,0.237472,0.021392,0.500568,0.025200,1.084939
15.630000,2.840111,0.156318,3.446407,3.387055,0.407041,2.188178,0.000000,3.000000,3.411426,0.004964,0.000597,-0.015467,0.000072,-0.012499,0.255101,0.006407,0.446095,0.237526,0.021398,0.500568,0.025200,1.086567
15.641000,2.100290,0.198773,3.388246,2.647234,0.449497,2.130017,0.000000,3.000000,2.685125,0.004929,0.000837,-0.013325,-0.000414,-0.012366,0.254950,0.006402,0.445957,0.237581,0.021406,0.500568,0.025200,1.087913
15.652000,1.519254,0.226765,3.308930,2.066198,0.477489,2.050701,0.000000,3.000000,2.120653,0.004872,0.001126,-0.011066,0.000108,-0.012683,0.254822,0.006397,0.445826,0.237635,0.021417,0.500568,0.025200,1.092976
15.663000,1.255094,0.221097,3.216997,1.802038,0.471821,1.958769,0.000000,3.000000,1.862782,0.004837,0.001266,-0.009943,-0.000677,-0.011442,0.254709,0.006394,0.445701,0.237688,0.021430,0.500568,0.025200,1.084693
15.674000,1.248851,0.212124,3.043308,1.795795,0.462848,1.785079,0.000000,3.000000,1.854483,0.004842,0.001248,-0.008445,-0.000780,-0.010042,0.254613,0.006390,0.445591,0.237741,0.021445,0.500568,0.025200,1.074786
15.685000,1.389076,0.224960,2.803472,1.936021,0.475684,1.545244,0.000000,3.000000,1.993603,0.004856,0.001193,-0.006899,-0.000557,-0.006914,0.254531,0.006386,0.445512,0.237795,0.021458,0.500568,0.025200,1.049676
15.696000,1.270893,0.203358,2.536390,1.817837,0.454082,1.278162,0.000000,3.000000,1.873692,0.004851,0.001212,-0.004855,-0.000148,-0.004473,0.254471,0.006385,0.445455,0.237848,0.021471,0.500568,0.025200,1.029980
15.707000,0.825904,0.197283,2.332455,1.372849,0.448007,1.074226,0.000000,3.000000,1.444100,0.004753,0.001551,-0.002848,0.000067,-0.004250,0.254431,0.006386,0.445402,0.237901,0.021486,0.500568,0.025200,1.029047
15.718000,0.326270,0.174939,2.175146,0.873215,0.425663,0.916917,0.000000,3.000000,0.971439,0.000000,0.000000,-0.000868,0.000180,-0.001884,0.254415,0.006387,0.445370,0.237947,0.021505,0.500568,0.025200,1.009542
15.729000,0.268049,0.121690,2.019355,0.814993,0.372413,0.761126,0.000000,3.000000,0.896050,0.000000,0.000000,-0.000320,0.000518,-0.001105,0.254412,0.006388,0.445353,0.237947,0.021505,0.500568,0.025200,1.003234
15.740000,0.497542,0.025394,1.924469,1.044486,0.276118,0.666240,0.000000,3.000000,1.080367,0.004834,0.001278,0.000047,0.000095,0.000313,0.254413,0.006389,0.445358,0.237966,0.021511,0.500568,0.025200,0.991123
15.751000,0.807279,-0.030554,1.898727,1.354224,0.220170,0.640499,0.000000,3.000000,1.372005,0.004935,0.000802,-0.000026,0.000190,0.000273,0.254415,0.006390,0.445366,0.238020,0.021522,0.500568,0.025200,0.991312
15.762000,0.915795,-0.146750,1.836785,1.462740,0.103973,0.578557,0.000000,3.000000,1.466430,0.004987,0.000355,0.000192,-0.000153,0.000070,0.254417,0.006390,0.445372,0.238075,0.021528,0.500568,0.025200,0.992933
15.773000,0.938765,-0.235525,1.731739,1.485709,0.015198,0.473510,0.000000,3.000000,1.485787,0.005000,0.000051,-0.000062,0.000312,0.000553,0.254418,0.006395,0.445372,0.238130,0.021530,0.500568,0.025200,0.988833
15.784000,0.994317,-0.367822,1.677308,1.541261,-0.117099,0.419079,0.000000,3.000000,1.545703,0.004986,-0.000379,-0.000274,0.000218,-0.000093,0.254417,0.006397,0.445369,0.238185,0.021528,0.500568,0.025200,0.994367
15.795000,1.003619,-0.410660,1.599306,1.550564,-0.159936,0.341078,0.000000,3.000000,1.558790,0.004974,-0.000513,-0.000049,0.000494,-0.000449,0.254417,0.006398,0.445368,0.238240,0.021523,0.500568,0.025200,0.997406
15.806000,1.000335,-0.441401,1.588276,1.547279,-0.190678,0.330048,0.000000,3.000000,1.558984,0.004962,-0.000612,-0.000360,-0.000229,0.000115,0.254417,0.006395,0.445371,0.238294,0.021516,0.500568,0.025200,0.992573
15.817000,1.006644,-0.460960,1.552054,1.553588,-0.210236,0.293825,0.000000,3.000000,1.567748,0.004955,-0.000671,-0.000085,-0.000066,0.000044,0.254417,0.006393,0.445370,0.238349,0.021509,0.500568,0.025200,0.993192
15.828000,1.000081,-0.409210,1.558569,1.547025,-0.158486,0.300340,0.000000,3.000000,1.555122,0.004974,-0.000510,-0.000120,-0.000398,-0.000224,0.254417,0.006390,0.445369,0.238403,0.021503,0.500568,0.025200,0.995487
15.839000,1.099384,-0.403565,1.568872,1.646328,-0.152841,0.310643,0.000000,3.000000,1.653408,0.004979,-0.000462,-0.000137,-0.000123,-0.000252,0.254416,0.006389,0.445365,0.238458,0.021498,0.500568,0.025200,0.995783
15.850000,1.073023,-0.291225,1.664494,1.619967,-0.040502,0.406265,0.000000,3.000000,1.620473,0.004998,-0.000125,-0.000154,-0.000044,-0.001096,0.254415,0.006388,0.445356,0.238513,0.021495,0.500568,0.025200,1.003107
15.861000,1.083130,-0.231769,1.778252,1.630074,0.018954,0.520023,0.000000,3.000000,1.630185,0.005000,0.000058,-0.000291,-0.000936,-0.000882,0.254414,0.006385,0.445348,0.238568,0.021494,0.500568,0.025200,1.001429
15.872000,1.022507,-0.164172,1.928396,1.569451,0.086552,0.670167,0.000000,3.000000,1.571836,0.004992,0.000275,0.000710,-0.000329,-0.000801,0.254416,0.006383,0.445336,0.238623,0.021496,0.500568,0.025200,1.000971
15.883000,0.887165,-0.020828,2.068748,1.434110,0.229896,0.810519,0.000000,3.000000,1.452420,0.004937,0.000791,0.000359,-0.000471,-0.000332,0.254417,0.006378,0.445327,0.238678,0.021502,0.500568,0.025200,0.997150
15.894000,0.767752,0.026179,2.187340,1.314696,0.276903,0.929111,0.000000,3.000000,1.343541,0.004893,0.001030,-0.000330,-0.000675,-0.000135,0.254416,0.006376,0.445324,0.238732,0.021513,0.500568,0.025200,0.995536
15.905000,0.583306,0.130223,2.278865,1.130251,0.380947,1.020637,0.000000,3.000000,1.192723,0.004738,0.001597,-0.000270,-0.000240,-0.000880,0.254415,0.006375,0.445314,0.238785,0.021527,0.500568,0.025200,1.002023
15.916000,0.505239,0.223592,2.337525,1.052183,0.474316,1.079296,0.000000,3.000000,1.154151,0.004558,0.002055,0.000011,-0.000614,-0.000141,0.254415,0.006373,0.445308,0.238836,0.021548,0.500568,0.025200,0.995868
15.927000,0.396602,0.266211,2.386637,0.943546,0.516935,1.128408,0.000000,3.000000,1.075872,0.004385,0.002402,-0.000290,0.000052,-0.000240,0.254413,0.006375,0.445305,0.238885,0.021572,0.500568,0.025200,0.996770
15.938000,0.342067,0.282415,2.403047,0.889012,0.533139,1.144819,0.000000,3.000000,1.036619,0.004288,0.002572,0.000002,-0.000085,0.000118,0.254414,0.006375,0.445304,0.238932,0.021600,0.500568,0.025200,0.993739
15.949000,0.333146,0.306832,2.373609,0.880090,0.557556,1.115381,0.000000,3.000000,1.041839,0.004224,0.002676,-0.000125,-0.000089,0.000125,0.254413,0.006374,0.445304,0.238979,0.021629,0.500568,0.025200,0.993683
15.960000,0.308486,0.317727,2.260858,0.855431,0.568451,1.002629,0.000000,3.000000,1.027082,0.004164,0.002767,0.000079,-0.000469,0.000296,0.254415,0.006374,0.445309,0.239025,0.021658,0.500568,0.025200,0.992155
15.971000,0.243279,0.318435,2.205579,0.790224,0.569159,0.947350,0.000000,3.000000,0.973856,0.000000,0.000000,0.000409,0.000027,0.000571,0.254415,0.006375,0.445312,0.239046,0.021673,0.500568,0.025200,0.989761
15.982000,0.194511,0.335256,2.155742,0.741455,0.585980,0.897513,0.000000,3.000000,0.945055,0.000000,0.000000,-0.000324,0.000045,-0.000287,0.254414,0.006375,0.445310,0.239046,0.021673,0.500568,0.025200,0.997078
15.993000,0.139005,0.325901,2.149738,0.685950,0.576625,0.891509,0.000000,3.000000,0.896116,0.000000,0.000000,0.000012,-0.000152,-0.000066,0.254415,0.006375,0.445311,0.239046,0.021673,0.500568,0.025200,0.995179
16.004000,0.094743,0.312155,2.050653,0.641687,0.562878,0.792424,0.000000,3.000000,0.853577,0.000000,0.000000,0.000020,-0.000290,-0.000422,0.254414,0.006374,0.445309,0.239046,0.021673,0.500568,0.025200,0.998248
16.014000,0.053039,0.318321,2.023494,0.599983,0.569045,0.765266,0.000000,3.000000,0.826917,0.000000,0.000000,-0.000473,-0.000264,0.000021,0.254414,0.006373,0.445310,0.239046,0.021673,0.500568,0.025200,0.994464
16.024000,0.029646,0.331931,2.040981,0.576590,0.582655,0.782752,0.000000,3.000000,0.819721,0.000000,0.000000,-0.000248,0.000079,-0.000193,0.254415,0.006373,0.445308,0.239046,0.021673,0.500568,0.025200,0.996319
16.034000,0.032821,0.335048,2.036356,0.579765,0.585772,0.778128,0.000000,3.000000,0.824170,0.000000,0.000000,0.000296,0.000433,-0.000351,0.254416,0.006375,0.445309,0.239046,0.021673,0.500568,0.025200,0.997643
16.044000,-0.037198,0.368030,2.035764,0.509747,0.618754,0.777535,0.000000,3.000000,0.801684,0.000000,0.000000,0.000065,-0.000388,-0.000482,0.254416,0.006373,0.445308,0.239046,0.021673,0.500568,0.025200,0.998766
16.054000,-0.044467,0.367634,2.031636,0.502477,0.618358,0.773407,0.000000,3.000000,0.796774,0.000000,0.000000,-0.000021,0.000416,-0.000153,0.254416,0.006375,0.445309,0.239046,0.021673,0.500568,0.025200,0.995967
16.064000,-0.064717,0.331982,2.027553,0.482228,0.582706,0.769324,0.000000,3.000000,0.756366,0.000000,0.000000,0.000032,0.000109,-0.000233,0.254417,0.006374,0.445310,0.239046,0.021673,0.500568,0.025200,0.996621
16.074000,-0.080558,0.296923,2.025782,0.466386,0.547647,0.767554,0.000000,3.000000,0.719328,0.000000,0.000000,0.000119,-0.000010,0.001276,0.254417,0.006375,0.445313,0.239046,0.021673,0.500568,0.025200,0.983751
16.084000,-0.119497,0.272630,2.015011,0.427447,0.523353,0.756782,0.000000,3.000000,0.675729,0.000000,0.000000,-0.000070,-0.000002,-0.000448,0.254417,0.006375,0.445310,0.239046,0.021673,0.500568,0.025200,0.998442
16.094000,-0.147754,0.241203,2.031250,0.399190,0.491927,0.773021,0.000000,3.000000,0.633518,0.000000,0.000000,-0.000132,0.000396,-0.000193,0.254416,0.006376,0.445311,0.239046,0.021673,0.500568,0.025200,0.996270
16.104000,-0.141847,0.222531,1.997771,0.405098,0.473255,0.739542,0.000000,3.000000,0.622956,0.000000,0.000000,-0.000130,0.000166,-0.000089,0.254417,0.006377,0.445312,0.239046,0.021673,0.500568,0.025200,0.995356
16.114000,-0.146957,0.185327,2.006523,0.399987,0.436051,0.748294,0.000000,3.000000,0.591718,0.000000,0.000000,-0.000227,0.000364,0.000685,0.254416,0.006379,0.445312,0.239046,0.021673,0.500568,0.025200,0.988788
16.124000,-0.124451,0.150144,1.992648,0.422493,0.400868,0.734420,0.000000,3.000000,0.582405,0.000000,0.000000,-0.000144,-0.000277,-0.000690,0.254416,0.006378,0.445311,0.239046,0.021673,0.500568,0.025200,1.000476
16.134000,-0.146747,0.090201,1.989396,0.400197,0.340925,0.731167,0.000000,3.000000,0.525726,0.000000,0.000000,0.000060,0.000222,-0.000534,0.254417,0.006379,0.445312,0.239046,0.021673,0.500568,0.025200,0.999133
16.144000,-0.148944,0.066549,2.002881,0.398000,0.317272,0.744652,0.000000,3.000000,0.508985,0.000000,0.000000,0.000106,0.000302,0.000796,0.254416,0.006379,0.445314,0.239046,0.021673,0.500568,0.025200,0.987813
16.154000,-0.064656,0.042871,1.962283,0.482289,0.293594,0.704055,0.000000,3.000000,0.564624,0.000000,0.000000,0.000086,-0.000546,0.000496,0.254416,0.006377,0.445311,0.239046,0.021673,0.500568,0.025200,0.990409
16.164000,-0.108433,0.062403,2.002635,0.438511,0.313127,0.744406,0.000000,3.000000,0.538832,0.000000,0.000000,0.000228,-0.000217,0.000272,0.254417,0.006377,0.445310,0.239046,0.021673,0.500568,0.025200,0.992324
16.174000,-0.144329,0.059637,2.058055,0.402615,0.310361,0.799826,0.000000,3.000000,0.508353,0.000000,0.000000,-0.000221,-0.000364,-0.000995,0.254416,0.006375,0.445306,0.239046,0.021673,0.500568,0.025200,1.003159
16.184000,-0.103873,0.040029,2.081573,0.443071,0.290753,0.823345,0.000000,3.000000,0.529952,0.000000,0.000000,-0.000152,0.000005,-0.001339,0.254415,0.006375,0.445301,0.239046,0.021673,0.500568,0.025200,1.006165
16.194000,-0.148552,0.052869,2.153874,0.398393,0.303593,0.895646,0.000000,3.000000,0.500885,0.000000,0.000000,0.000070,-0.000058,-0.000079,0.254415,0.006375,0.445300,0.239046,0.021673,0.500568,0.025200,0.995484
16.204000,-0.112235,0.094290,2.170506,0.434709,0.345014,0.912278,0.000000,3.000000,0.554984,0.000000,0.000000,-0.000194,-0.000434,0.000442,0.254415,0.006374,0.445300,0.239046,0.021673,0.500568,0.025200,0.991067
16.214000,-0.123023,0.128518,2.264085,0.423921,0.379242,1.005856,0.000000,3.000000,0.568800,0.000000,0.000000,0.000143,0.000383,0.000523,0.254416,0.006374,0.445301,0.239046,0.021673,0.500568,0.025200,0.990359
16.224000,-0.167975,0.139631,2.323960,0.378969,0.390355,1.065731,0.000000,3.000000,0.544054,0.000000,0.000000,0.000060,0.000006,0.000041,0.254415,0.006373,0.445299,0.239046,0.021673,0.500568,0.025200,0.994483
16.234000,-0.177454,0.170925,2.331083,0.369490,0.421649,1.072854,0.000000,3.000000,0.560634,0.000000,0.000000,-0.000149,-0.000349,0.000144,0.254414,0.006373,0.445300,0.239046,0.021673,0.500568,0.025200,0.993597
16.244000,-0.157377,0.182751,2.311453,0.389568,0.433474,1.053225,0.000000,3.000000,0.582806,0.000000,0.000000,0.000053,0.000202,0.000724,0.254415,0.006373,0.445304,0.239046,0.021673,0.500568,0.025200,0.988612
16.254000,-0.153708,0.168679,2.308477,0.393236,0.419403,1.050248,0.000000,3.000000,0.574921,0.000000,0.000000,-0.000139,0.000137,-0.000167,0.254416,0.006375,0.445301,0.239046,0.021673,0.500568,0.025200,0.996215
16.264000,-0.100811,0.196517,2.295715,0.446134,0.447240,1.037486,0.000000,3.000000,0.631711,0.000000,0.000000,0.000197,0.000039,0.000441,0.254416,0.006375,0.445304,0.239046,0.021673,0.500568,0.025200,0.991009
16.274000,-0.167554,0.177840,2.275126,0.379390,0.428563,1.016897,0.000000,3.000000,0.572367,0.000000,0.000000,0.000163,0.000485,0.000396,0.254416,0.006375,0.445307,0.239046,0.021673,0.500568,0.025200,0.991338
