time,raw_fx,raw_fy,raw_fz,corrected_fx,corrected_fy,corrected_fz,contact_force,target_force,force_xy_norm,v_des_x,v_des_y,v_x,v_y,z_dot,x,y,z,x_d,y_d,z_d,z_offset,f_z
0.000000,1.483318,0.025337,2.123280,-0.030571,0.032739,0.011887,0.000000,3.000000,0.044793,0.000000,0.000000,0.000129,0.000258,0.000625,0.328042,0.004740,0.531165,0.328042,0.004741,0.531161,0.000000,-0.005381
0.010000,1.465169,0.017250,2.111279,-0.048720,0.024653,-0.000113,0.000113,3.000000,0.054602,0.000000,0.000000,-0.000392,0.000364,-0.000953,0.328041,0.004740,0.531161,0.328042,0.004741,0.531161,0.000000,0.008084
0.020000,1.449508,-0.001278,2.063738,-0.064381,0.006124,-0.047654,0.047654,3.000000,0.064671,0.000000,0.000000,-0.000098,-0.000131,-0.000172,0.328041,0.004739,0.531161,0.328042,0.004741,0.531161,0.000000,0.001463
0.030000,1.422618,0.033665,2.014273,-0.091271,0.041067,-0.097119,0.097119,3.000000,0.100084,0.000000,0.000000,-0.000139,-0.000165,0.000445,0.328041,0.004740,0.531162,0.328042,0.004741,0.531161,0.000000,-0.003794
0.040000,1.402669,0.011256,1.967113,-0.111220,0.018659,-0.144279,0.144279,3.000000,0.112774,0.000000,0.000000,-0.000038,0.000023,0.000705,0.328041,0.004740,0.531162,0.328042,0.004741,0.531161,0.000000,-0.005995
0.050000,1.426150,0.001378,1.921979,-0.087738,0.008780,-0.189413,0.189413,3.000000,0.088177,0.000000,0.000000,-0.000139,0.000669,-0.000322,0.328041,0.004741,0.531160,0.328042,0.004741,0.531161,0.000000,0.002748
0.060000,1.393179,0.026627,1.943856,-0.120710,0.034029,-0.167537,0.167537,3.000000,0.125415,0.000000,0.000000,-0.000327,-0.000215,0.000012,0.328041,0.004738,0.531160,0.328042,0.004741,0.531161,0.000000,-0.000084
0.070000,1.377351,-0.006288,1.955078,-0.136537,0.001114,-0.156314,0.156314,3.000000,0.136542,0.000000,0.000000,0.000079,-0.000084,0.000601,0.328041,0.004739,0.531160,0.328042,0.004741,0.531161,0.000000,-0.005092
0.080000,1.381067,0.042690,1.939384,-0.132822,0.050092,-0.172008,0.172008,3.000000,0.141954,0.000000,0.000000,-0.000209,0.000061,0.000300,0.328041,0.004741,0.531161,0.328042,0.004741,0.531161,0.000000,-0.002546
0.090000,1.391651,0.041750,1.904399,-0.122238,0.049152,-0.206993,0.206993,3.000000,0.131750,0.000000,0.000000,0.000466,0.000149,0.000311,0.328042,0.004741,0.531160,0.328042,0.004741,0.531161,0.000000,-0.002625
0.100000,1.376051,0.024656,1.917882,-0.137838,0.032058,-0.193510,0.193510,3.000000,0.141517,0.000000,0.000000,-0.000323,-0.000350,-0.000101,0.328040,0.004739,0.531161,0.328042,0.004741,0.531161,0.000000,0.000852
0.110000,1.344912,0.060843,1.917629,-0.168977,0.068245,-0.193763,0.193763,3.000000,0.182238,0.000000,0.000000,0.000121,-0.000816,-0.000307,0.328042,0.004738,0.531159,0.328042,0.004741,0.531161,0.000000,0.002645
0.120000,1.356545,0.041253,1.916043,-0.157344,0.048655,-0.195349,0.195349,3.000000,0.164695,0.000000,0.000000,-0.000012,0.000114,-0.000299,0.328041,0.004741,0.531159,0.328042,0.004741,0.531161,0.000000,0.002584
0.131000,1.424603,0.025189,1.900526,-0.089286,0.032591,-0.210866,0.210866,3.000000,0.095048,0.000000,0.000000,-0.000205,0.000631,0.000078,0.328041,0.004742,0.531161,0.328042,0.004741,0.531161,0.000000,-0.000664
0.141000,1.373822,0.004463,1.920181,-0.140067,0.011865,-0.191211,0.191211,3.000000,0.140569,0.000000,0.000000,-0.000005,0.000254,-0.001038,0.328042,0.004741,0.531158,0.328042,0.004741,0.531161,0.000000,0.008857
0.151000,1.360801,0.003270,1.922126,-0.153088,0.010673,-0.189266,0.189266,3.000000,0.153460,0.000000,0.000000,0.000207,0.000085,-0.000096,0.328041,0.004741,0.531159,0.328042,0.004741,0.531161,0.000000,0.000841
0.161000,1.426215,-0.002889,1.874347,-0.087674,0.004513,-0.237046,0.237046,3.000000,0.087790,0.000000,0.000000,-0.000086,-0.000133,-0.000323,0.328041,0.004738,0.531158,0.328042,0.004741,0.531161,0.000000,0.002788
0.171000,1.438034,0.010107,1.877273,-0.075855,0.017509,-0.234119,0.234119,3.000000,0.077849,0.000000,0.000000,-0.000133,-0.000168,-0.000262,0.328041,0.004740,0.531159,0.328042,0.004741,0.531161,0.000000,0.002251
0.181000,1.320453,0.000262,1.937747,-0.193436,0.007664,-0.173645,0.173645,3.000000,0.193588,0.000000,0.000000,0.000005,-0.000680,-0.000650,0.328041,0.004739,0.531158,0.328042,0.004741,0.531161,0.000000,0.005573
0.191000,1.298440,0.042264,1.948187,-0.215449,0.049666,-0.163205,0.163205,3.000000,0.221099,0.000000,0.000000,-0.000015,0.000120,0.000212,0.328041,0.004740,0.531161,0.328042,0.004741,0.531161,0.000000,-0.001802
0.201000,1.349577,-0.030718,1.939032,-0.164312,-0.023316,-0.172360,0.172360,3.000000,0.165958,0.000000,0.000000,-0.000036,-0.000056,-0.000568,0.328041,0.004740,0.531159,0.328042,0.004741,0.531161,0.000000,0.004861
0.211000,1.368798,-0.001875,1.941947,-0.145091,0.005527,-0.169445,0.169445,3.000000,0.145196,0.000000,0.000000,-0.000174,-0.000383,0.000394,0.328040,0.004739,0.531161,0.328042,0.004741,0.531161,0.000000,-0.003343
0.221000,1.387803,0.027244,1.899366,-0.126085,0.034646,-0.212026,0.212026,3.000000,0.130759,0.000000,0.000000,0.000073,0.000607,-0.000121,0.328041,0.004741,0.531159,0.328042,0.004741,0.531161,0.000000,0.001066
0.231000,1.405883,0.026464,1.900542,-0.108005,0.033866,-0.210850,0.210850,3.000000,0.113191,0.000000,0.000000,0.000129,0.000477,0.000064,0.328041,0.004740,0.531161,0.328042,0.004741,0.531161,0.000000,-0.000535
0.241000,1.354890,0.016540,1.928947,-0.158999,0.023942,-0.182446,0.182446,3.000000,0.160791,0.000000,0.000000,-0.000047,-0.000038,0.000208,0.328041,0.004739,0.531161,0.328042,0.004741,0.531161,0.000000,-0.001765
0.252000,1.349671,0.064104,1.939350,-0.164218,0.071506,-0.172042,0.172042,3.000000,0.179111,0.000000,0.000000,0.000012,-0.000543,-0.000482,0.328041,0.004738,0.531159,0.328042,0.004741,0.531161,0.000000,0.004127
0.262000,1.362476,0.040988,1.926603,-0.151413,0.048390,-0.184789,0.184789,3.000000,0.158957,0.000000,0.000000,0.000546,-0.000120,0.000368,0.328042,0.004739,0.531161,0.328042,0.004741,0.531161,0.000000,-0.003121
0.272000,1.364531,0.019377,1.900787,-0.149358,0.026779,-0.210605,0.210605,3.000000,0.151740,0.000000,0.000000,-0.000423,-0.000062,0.000592,0.328040,0.004740,0.531161,0.328042,0.004741,0.531161,0.000000,-0.005031
0.282000,1.419290,-0.017427,1.908106,-0.094599,-0.010025,-0.203286,0.203286,3.000000,0.095128,0.000000,0.000000,0.000074,0.000617,-0.000488,0.328041,0.004744,0.531159,0.328042,0.004741,0.531161,0.000000,0.004169
0.292000,1.378688,-0.031572,1.931040,-0.135201,-0.024170,-0.180352,0.180352,3.000000,0.137345,0.000000,0.000000,0.000280,0.001100,0.000414,0.328041,0.004747,0.531162,0.328042,0.004741,0.531161,0.000000,-0.003537
0.302000,1.326311,-0.016870,1.934930,-0.187578,-0.009468,-0.176462,0.176462,3.000000,0.187817,0.000000,0.000000,0.000197,-0.000158,-0.000093,0.328041,0.004748,0.531160,0.328042,0.004741,0.531161,0.000000,0.000812
0.312000,1.338752,-0.057331,1.938308,-0.175137,-0.049929,-0.173084,0.173084,3.000000,0.182114,0.000000,0.000000,0.000302,-0.000120,0.000419,0.328041,0.004749,0.531160,0.328042,0.004741,0.531161,0.000000,-0.003537
0.322000,1.372681,-0.118884,1.924574,-0.141208,-0.111482,-0.186818,0.186818,3.000000,0.179911,0.000000,0.000000,-0.000013,0.000113,-0.000240,0.328042,0.004751,0.531158,0.328042,0.004741,0.531161,0.000000,0.002085
0.332000,1.408076,-0.169014,1.944818,-0.105813,-0.161612,-0.166574,0.166574,3.000000,0.193171,0.000000,0.000000,0.000111,-0.000527,-0.000533,0.328042,0.004753,0.531159,0.328042,0.004741,0.531161,0.000000,0.004550
0.342000,1.374268,-0.186376,1.959714,-0.139621,-0.178974,-0.151678,0.151678,3.000000,0.226993,0.000000,0.000000,-0.000097,0.000087,-0.000699,0.328041,0.004753,0.531160,0.328042,0.004741,0.531161,0.000000,0.005952
0.352000,1.349333,-0.211880,1.952740,-0.164555,-0.204478,-0.158652,0.158652,3.000000,0.262468,0.000000,0.000000,0.000234,-0.000371,0.000082,0.328041,0.004752,0.531161,0.328042,0.004741,0.531161,0.000000,-0.000684
0.362000,1.348037,-0.221252,1.924387,-0.165852,-0.213850,-0.187005,0.187005,3.000000,0.270626,0.000000,0.000000,0.000060,0.000497,0.000469,0.328041,0.004751,0.531160,0.328042,0.004741,0.531161,0.000000,-0.003959
0.372000,1.316515,-0.225685,1.949404,-0.197373,-0.218283,-0.161988,0.161988,3.000000,0.294285,0.000000,0.000000,0.000196,0.000131,0.000128,0.328041,0.004751,0.531159,0.328042,0.004741,0.531161,0.000000,-0.001055
0.382000,1.380997,-0.194713,1.926847,-0.132892,-0.187311,-0.184545,0.184545,3.000000,0.229664,0.000000,0.000000,0.000127,0.000403,0.000326,0.328041,0.004752,0.531161,0.328042,0.004741,0.531161,0.000000,-0.002774
0.392000,1.416259,-0.188542,1.901834,-0.097630,-0.181140,-0.209558,0.209558,3.000000,0.205775,0.000000,0.000000,0.000396,0.000240,-0.000507,0.328041,0.004752,0.531160,0.328042,0.004741,0.531161,0.000000,0.004319
0.402000,1.434454,-0.174374,1.917313,-0.079435,-0.166972,-0.194079,0.194079,3.000000,0.184904,0.000000,0.000000,-0.000163,-0.000334,-0.000026,0.328041,0.004750,0.531160,0.328042,0.004741,0.531161,0.000000,0.000244
0.412000,1.434149,-0.180288,1.934246,-0.079740,-0.172885,-0.177146,0.177146,3.000000,0.190389,0.000000,0.000000,0.000036,-0.000203,0.000113,0.328041,0.004751,0.531159,0.328042,0.004741,0.531161,0.000000,-0.000926
0.422000,1.396153,-0.180626,1.967192,-0.117736,-0.173224,-0.144200,0.144200,3.000000,0.209448,0.000000,0.000000,0.000128,-0.000409,-0.000367,0.328041,0.004750,0.531157,0.328042,0.004741,0.531161,0.000000,0.003178
0.432000,1.418357,-0.174210,1.954063,-0.095532,-0.166808,-0.157329,0.157329,3.000000,0.192227,0.000000,0.000000,0.000335,0.000157,0.000584,0.328042,0.004750,0.531160,0.328042,0.004741,0.531161,0.000000,-0.004935
0.442000,1.414727,-0.164252,1.962992,-0.099162,-0.156850,-0.148400,0.148400,3.000000,0.185567,0.000000,0.000000,-0.000031,0.000193,-0.000159,0.328041,0.004749,0.531158,0.328042,0.004741,0.531161,0.000000,0.001393
0.452000,1.387679,-0.145726,1.975804,-0.126210,-0.138323,-0.135588,0.135588,3.000000,0.187249,0.000000,0.000000,-0.000025,-0.000013,-0.000038,0.328042,0.004749,0.531159,0.328042,0.004741,0.531161,0.000000,0.000363
0.462000,1.390742,-0.146639,1.965354,-0.123147,-0.139237,-0.146038,0.146038,3.000000,0.185882,0.000000,0.000000,-0.000431,0.000375,0.000205,0.328041,0.004751,0.531158,0.328042,0.004741,0.531161,0.000000,-0.001682
0.472000,1.426292,-0.162396,1.977060,-0.087597,-0.154994,-0.134332,0.134332,3.000000,0.178034,0.000000,0.000000,0.000220,-0.000275,-0.000809,0.328042,0.004750,0.531157,0.328042,0.004741,0.531161,0.000000,0.006930
0.482000,1.328186,-0.148109,1.988791,-0.185703,-0.140707,-0.122601,0.122601,3.000000,0.232989,0.000000,0.000000,-0.000014,0.000271,0.001007,0.328041,0.004751,0.531163,0.328042,0.004741,0.531161,0.000000,-0.008579
0.492000,1.352693,-0.196443,1.955620,-0.161196,-0.189041,-0.155772,0.155772,3.000000,0.248436,0.000000,0.000000,0.000016,0.000564,0.000463,0.328041,0.004753,0.531161,0.328042,0.004741,0.531161,0.000000,-0.003927
0.503000,1.363126,-0.171542,1.960990,-0.150763,-0.164140,-0.150402,0.150402,3.000000,0.222871,0.000000,0.000000,-0.000104,-0.000121,0.000289,0.328041,0.004751,0.531161,0.328042,0.004741,0.531161,0.000000,-0.002446
0.513000,1.333371,-0.159210,1.979109,-0.180517,-0.151808,-0.132284,0.132284,3.000000,0.235865,0.000000,0.000000,0.000108,-0.000475,-0.001047,0.328041,0.004749,0.531158,0.328042,0.004741,0.531161,0.000000,0.008943
0.523000,1.404071,-0.187286,1.952995,-0.109818,-0.179884,-0.158397,0.158397,3.000000,0.210756,0.000000,0.000000,0.000217,0.000427,-0.000035,0.328042,0.004751,0.531160,0.328042,0.004741,0.531161,0.000000,0.000319
0.533000,1.392120,-0.189266,1.949695,-0.121768,-0.181864,-0.161697,0.161697,3.000000,0.218865,0.000000,0.000000,-0.000322,0.000729,-0.000374,0.328040,0.004751,0.531160,0.328042,0.004741,0.531161,0.000000,0.003199
0.543000,1.362017,-0.184786,1.935816,-0.151871,-0.177384,-0.175576,0.175576,3.000000,0.233517,0.000000,0.000000,0.000204,0.000071,-0.000072,0.328042,0.004750,0.531159,0.328042,0.004741,0.531161,0.000000,0.000648
0.553000,1.364575,-0.168520,1.926214,-0.149314,-0.161118,-0.185178,0.185178,3.000000,0.219668,0.000000,0.000000,0.000052,0.000655,-0.000586,0.328041,0.004753,0.531158,0.328042,0.004741,0.531161,0.000000,0.005021
0.563000,1.391133,-0.173191,1.956907,-0.122756,-0.165789,-0.154485,0.154485,3.000000,0.206289,0.000000,0.000000,-0.000294,-0.000340,-0.000209,0.328041,0.004750,0.531159,0.328042,0.004741,0.531161,0.000000,0.001815
0.573000,1.391036,-0.158538,1.952949,-0.122853,-0.151136,-0.158443,0.158443,3.000000,0.194769,0.000000,0.000000,-0.000221,0.000076,0.001017,0.328041,0.004750,0.531162,0.328042,0.004741,0.531161,0.000000,-0.008636
0.583000,1.373070,-0.172154,1.942765,-0.140819,-0.164752,-0.168627,0.168627,3.000000,0.216733,0.000000,0.000000,0.000077,0.000279,0.000609,0.328041,0.004750,0.531161,0.328042,0.004741,0.531161,0.000000,-0.005171
0.593000,1.355438,-0.153271,1.955639,-0.158451,-0.145869,-0.155753,0.155753,3.000000,0.215370,0.000000,0.000000,-0.000198,-0.000671,0.000051,0.328041,0.004747,0.531160,0.328042,0.004741,0.531161,0.000000,-0.000408
0.603000,1.370196,-0.130702,1.948780,-0.143693,-0.123300,-0.162612,0.162612,3.000000,0.189343,0.000000,0.000000,-0.000205,-0.000017,0.000373,0.328041,0.004749,0.531160,0.328042,0.004741,0.531161,0.000000,-0.003142
0.613000,1.408645,-0.147960,1.938366,-0.105244,-0.140558,-0.173026,0.173026,3.000000,0.175593,0.000000,0.000000,0.000029,0.000600,0.000160,0.328041,0.004751,0.531160,0.328042,0.004741,0.531161,0.000000,-0.001341
0.623000,1.347778,-0.137744,1.953708,-0.166111,-0.130342,-0.157684,0.157684,3.000000,0.211144,0.000000,0.000000,-0.000116,-0.000085,0.000552,0.328041,0.004751,0.531160,0.328042,0.004741,0.531161,0.000000,-0.004669
0.633000,1.403056,-0.132450,1.932741,-0.110833,-0.125048,-0.178651,0.178651,3.000000,0.167096,0.000000,0.000000,0.000294,0.000234,0.000652,0.328042,0.004752,0.531161,0.328042,0.004741,0.531161,0.000000,-0.005534
0.643000,1.393726,-0.141745,1.967563,-0.120162,-0.134343,-0.143829,0.143829,3.000000,0.180241,0.000000,0.000000,0.000032,0.000155,-0.000534,0.328041,0.004751,0.531158,0.328042,0.004741,0.531161,0.000000,0.004580
0.653000,1.401386,-0.144854,1.963810,-0.112503,-0.137452,-0.147582,0.147582,3.000000,0.177623,0.000000,0.000000,-0.000401,0.000011,0.000505,0.328040,0.004750,0.531161,0.328042,0.004741,0.531161,0.000000,-0.004273
0.663000,1.334019,-0.158738,1.977180,-0.179870,-0.151335,-0.134212,0.134212,3.000000,0.235065,0.000000,0.000000,0.000131,-0.000446,-0.000338,0.328041,0.004750,0.531159,0.328042,0.004741,0.531161,0.000000,0.002903
0.673000,1.329825,-0.189191,1.963152,-0.184064,-0.181789,-0.148240,0.148240,3.000000,0.258702,0.000000,0.000000,-0.000040,0.000230,0.000638,0.328041,0.004750,0.531161,0.328042,0.004741,0.531161,0.000000,-0.005411
0.683000,1.372333,-0.220075,1.961760,-0.141556,-0.212673,-0.149632,0.149632,3.000000,0.255476,0.000000,0.000000,0.000125,-0.000045,-0.000471,0.328041,0.004751,0.531159,0.328042,0.004741,0.531161,0.000000,0.004033
0.693000,1.329199,-0.157799,1.972686,-0.184690,-0.150397,-0.138706,0.138706,3.000000,0.238180,0.000000,0.000000,0.000253,0.000099,0.000532,0.328042,0.004751,0.531164,0.328042,0.004741,0.531161,0.000000,-0.004565
0.703000,1.376328,-0.143362,1.918391,-0.137561,-0.135960,-0.193001,0.193001,3.000000,0.193412,0.000000,0.000000,0.000012,0.000356,0.000417,0.328042,0.004750,0.531166,0.328042,0.004741,0.531161,0.000000,-0.003624
0.713000,1.352765,-0.137377,1.802431,-0.161124,-0.129975,-0.308961,0.308961,3.000000,0.207013,0.000000,0.000000,-0.000043,0.000023,0.000503,0.328042,0.004751,0.531168,0.328042,0.004741,0.531161,0.000000,-0.004394
0.723000,1.312519,-0.114532,1.766998,-0.201370,-0.107130,-0.344394,0.344394,3.000000,0.228093,0.000000,0.000000,0.000155,-0.000888,-0.000004,0.328043,0.004747,0.531166,0.328042,0.004741,0.531161,0.000000,-0.000047
0.733000,1.255695,-0.089203,1.735784,-0.258194,-0.081801,-0.375608,0.375608,3.000000,0.270842,0.000000,0.000000,-0.000271,0.000045,-0.000015,0.328042,0.004750,0.531165,0.328042,0.004741,0.531161,0.000000,0.000044
0.743000,1.221193,-0.109370,1.716287,-0.292696,-0.101968,-0.395105,0.395105,3.000000,0.309949,0.000000,0.000000,-0.000043,0.000555,0.000420,0.328042,0.004750,0.531168,0.328042,0.004741,0.531161,0.000000,-0.003697
0.753000,1.182316,-0.128906,1.665077,-0.331572,-0.121504,-0.446315,0.446315,3.000000,0.353134,0.000000,0.000000,-0.000046,0.000432,0.000045,0.328042,0.004748,0.531168,0.328042,0.004741,0.531161,0.000000,-0.000503
0.763000,1.209376,-0.110645,1.617823,-0.304513,-0.103243,-0.493570,0.493570,3.000000,0.321539,0.000000,0.000000,-0.000041,-0.000253,-0.000037,0.328042,0.004748,0.531167,0.328042,0.004741,0.531161,0.000000,0.000207
0.773000,1.180992,-0.094135,1.602542,-0.332897,-0.086733,-0.508850,0.508850,3.000000,0.344010,0.000000,0.000000,-0.000107,0.000343,-0.000593,0.328042,0.004750,0.531165,0.328042,0.004741,0.531161,0.000000,0.004965
0.783000,1.205311,-0.092390,1.590657,-0.308578,-0.084988,-0.520735,0.520735,3.000000,0.320067,0.000000,0.000000,-0.000164,0.000502,-0.000335,0.328041,0.004750,0.531165,0.328042,0.004741,0.531161,0.000000,0.002779
0.793000,1.272395,-0.102937,1.550275,-0.241494,-0.095535,-0.561117,0.561117,3.000000,0.259704,0.000000,0.000000,0.000272,-0.001020,0.000011,0.328042,0.004746,0.531164,0.328042,0.004741,0.531161,0.000000,-0.000159
0.803000,1.212115,-0.100565,1.602693,-0.301773,-0.093163,-0.508699,0.508699,3.000000,0.315827,0.000000,0.000000,-0.000474,-0.000011,-0.000303,0.328041,0.004750,0.531166,0.328042,0.004741,0.531161,0.000000,0.002483
0.813000,1.150470,-0.065080,1.638728,-0.363419,-0.057678,-0.472664,0.472664,3.000000,0.367967,0.000000,0.000000,0.000000,-0.000390,-0.000618,0.328043,0.004750,0.531163,0.328042,0.004741,0.531161,0.000000,0.005210
0.823000,1.140056,-0.128152,1.662439,-0.373833,-0.120750,-0.448953,0.448953,3.000000,0.392851,0.000000,0.000000,0.000062,0.000096,-0.000668,0.328042,0.004752,0.531158,0.328042,0.004741,0.531161,0.000000,0.005721
0.833000,1.160394,-0.121941,1.717880,-0.353495,-0.114538,-0.393512,0.393512,3.000000,0.371588,0.000000,0.000000,0.000249,0.000394,-0.000886,0.328042,0.004752,0.531156,0.328042,0.004741,0.531161,0.000000,0.007615
0.843000,1.169417,-0.129594,1.762143,-0.344472,-0.122192,-0.349250,0.349250,3.000000,0.365502,0.000000,0.000000,0.000033,-0.000496,-0.000412,0.328043,0.004751,0.531155,0.328042,0.004741,0.531161,0.000000,0.003603
0.853000,1.232794,-0.154266,1.778305,-0.281095,-0.146864,-0.333088,0.333088,3.000000,0.317149,0.000000,0.000000,-0.000141,0.000389,0.000922,0.328042,0.004752,0.531157,0.328042,0.004741,0.531161,0.000000,-0.007753
0.863000,1.236726,-0.153218,1.823273,-0.277163,-0.145816,-0.288119,0.288119,3.000000,0.313180,0.000000,0.000000,-0.000231,-0.000119,0.000085,0.328042,0.004750,0.531157,0.328042,0.004741,0.531161,0.000000,-0.000654
0.873000,1.194381,-0.154275,1.861252,-0.319508,-0.146873,-0.250140,0.250140,3.000000,0.351649,0.000000,0.000000,-0.000383,0.000286,-0.000198,0.328042,0.004749,0.531156,0.328042,0.004741,0.531161,0.000000,0.001776
0.883000,1.235428,-0.179189,1.859896,-0.278461,-0.171787,-0.251496,0.251496,3.000000,0.327187,0.000000,0.000000,-0.000148,-0.000124,-0.000055,0.328042,0.004750,0.531157,0.328042,0.004741,0.531161,0.000000,0.000544
0.893000,1.194857,-0.194210,1.868096,-0.319032,-0.186808,-0.243296,0.243296,3.000000,0.369701,0.000000,0.000000,-0.000137,0.000004,0.000136,0.328042,0.004750,0.531158,0.328042,0.004741,0.531161,0.000000,-0.001095
0.903000,1.195122,-0.140724,1.871223,-0.318766,-0.133322,-0.240169,0.240169,3.000000,0.345524,0.000000,0.000000,-0.000150,-0.000180,0.000316,0.328041,0.004750,0.531160,0.328042,0.004741,0.531161,0.000000,-0.002665
0.913000,1.205845,-0.166774,1.906523,-0.308044,-0.159372,-0.204869,0.204869,3.000000,0.346830,0.000000,0.000000,0.000014,0.000085,-0.000964,0.328042,0.004750,0.531157,0.328042,0.004741,0.531161,0.000000,0.008247
0.923000,1.211844,-0.140420,1.914100,-0.302045,-0.133018,-0.197292,0.197292,3.000000,0.330038,0.000000,0.000000,-0.000054,-0.000087,0.000100,0.328042,0.004750,0.531158,0.328042,0.004741,0.531161,0.000000,-0.000795
0.933000,1.220656,-0.127537,1.906333,-0.293233,-0.120135,-0.205059,0.205059,3.000000,0.316888,0.000000,0.000000,0.000272,-0.000572,0.000552,0.328043,0.004748,0.531160,0.328042,0.004741,0.531161,0.000000,-0.004669
0.943000,1.206968,-0.132801,1.902083,-0.306921,-0.125399,-0.209309,0.209309,3.000000,0.331550,0.000000,0.000000,-0.000052,0.000005,-0.000010,0.328042,0.004748,0.531157,0.328042,0.004741,0.531161,0.000000,0.000163
0.953000,1.180223,-0.129886,1.906194,-0.333666,-0.122484,-0.205199,0.205199,3.000000,0.355436,0.000000,0.000000,0.000212,-0.000374,0.000141,0.328043,0.004748,0.531156,0.328042,0.004741,0.531161,0.000000,-0.001109
0.963000,1.166737,-0.149547,1.930384,-0.347152,-0.142145,-0.181008,0.181008,3.000000,0.375126,0.000000,0.000000,0.000401,0.000386,-0.000009,0.328043,0.004751,0.531155,0.328042,0.004741,0.531161,0.000000,0.000174
0.973000,1.183009,-0.158263,1.938141,-0.330880,-0.150861,-0.173251,0.173251,3.000000,0.363649,0.000000,0.000000,-0.000222,0.000224,-0.000093,0.328042,0.004752,0.531157,0.328042,0.004741,0.531161,0.000000,0.000858
0.983000,1.168326,-0.125586,1.925806,-0.345563,-0.118183,-0.185586,0.185586,3.000000,0.365214,0.000000,0.000000,0.000203,-0.000460,0.000545,0.328043,0.004750,0.531156,0.328042,0.004741,0.531161,0.000000,-0.004534
0.993000,1.163899,-0.129290,1.869080,-0.349990,-0.121888,-0.242312,0.242312,3.000000,0.370608,0.000000,0.000000,-0.000123,-0.000512,0.001097,0.328043,0.004748,0.531162,0.328042,0.004741,0.531161,0.000000,-0.009314
1.004000,1.135215,-0.186923,1.801061,-0.378674,-0.179521,-0.310331,0.310331,3.000000,0.419072,0.000000,0.000000,0.000134,-0.000069,0.000487,0.328044,0.004751,0.531165,0.328042,0.004741,0.531161,0.000000,-0.004207
1.015000,1.120868,-0.174221,1.692038,-0.393021,-0.166819,-0.419354,0.419354,3.000000,0.426959,0.000000,0.000000,0.000307,-0.000262,0.000545,0.328044,0.004751,0.531171,0.328042,0.004741,0.531161,0.000000,-0.004800
1.026000,1.063757,-0.231788,1.570142,-0.450132,-0.224386,-0.541250,0.541250,3.000000,0.502959,0.000000,0.000000,0.000331,0.000105,0.001357,0.328043,0.004753,0.531180,0.328042,0.004741,0.531161,0.000000,-0.011844
1.037000,1.088119,-0.221004,1.376717,-0.425770,-0.213602,-0.734676,0.734676,3.000000,0.476346,0.000000,0.000000,-0.000184,0.000030,0.000858,0.328042,0.004753,0.531183,0.328042,0.004741,0.531161,0.000000,-0.007667
1.048000,1.110180,-0.211205,1.205335,-0.403709,-0.203803,-0.906057,0.906057,3.000000,0.452235,0.000000,0.000000,0.000373,0.000629,0.000706,0.328043,0.004754,0.531190,0.328042,0.004741,0.531161,0.000000,-0.006505
1.059000,1.024592,-0.202086,1.015896,-0.489297,-0.194684,-1.095496,1.095496,3.000000,0.526605,0.000000,0.000000,0.000320,0.000062,0.000745,0.328043,0.004752,0.531195,0.328042,0.004741,0.531041,-0.000120,-0.009097
1.070000,0.930489,-0.161202,0.910452,-0.583400,-0.153800,-1.200941,1.200941,3.000000,0.603332,0.000000,0.000000,-0.000138,-0.000134,0.000409,0.328043,0.004750,0.531197,0.328042,0.004741,0.530821,-0.000340,-0.010235
1.081000,0.912297,-0.131730,0.760916,-0.601592,-0.124327,-1.350476,1.350476,3.000000,0.614304,0.000000,0.000000,-0.000162,0.000102,-0.000526,0.328044,0.004749,0.531192,0.328042,0.004741,0.530601,-0.000560,-0.006169
1.092000,0.884452,-0.138826,0.639637,-0.629437,-0.131424,-1.471755,1.471755,3.000000,0.643011,0.000000,0.000000,-0.000036,0.000618,0.000482,0.328045,0.004750,0.531191,0.328042,0.004741,0.530381,-0.000780,-0.018666
1.103000,0.884423,-0.130465,0.531770,-0.629466,-0.123063,-1.579623,1.579623,3.000000,0.641383,0.000000,0.000000,0.000191,-0.000709,-0.000243,0.328046,0.004747,0.531187,0.328042,0.004741,0.530161,-0.001000,-0.016412
1.114000,0.819440,-0.085064,0.512433,-0.694449,-0.077662,-1.598959,1.598959,3.000000,0.698778,0.000000,0.000000,0.000386,0.000277,-0.000557,0.328047,0.004749,0.531183,0.328042,0.004741,0.529941,-0.001220,-0.017623
1.125000,0.686382,-0.066581,0.557892,-0.827507,-0.059179,-1.553500,1.553500,3.000000,0.829620,0.000000,0.000000,0.000087,-0.000599,0.000073,0.328047,0.004745,0.531181,0.328042,0.004741,0.529721,-0.001440,-0.026900
1.136000,0.735667,-0.054823,0.529104,-0.778222,-0.047421,-1.582289,1.582289,3.000000,0.779666,0.000000,0.000000,0.000077,-0.000070,-0.000015,0.328047,0.004745,0.531182,0.328042,0.004741,0.529501,-0.001660,-0.030131
1.147000,0.701088,-0.048421,0.553870,-0.812801,-0.041019,-1.557523,1.557523,3.000000,0.813835,0.000000,0.000000,-0.000305,0.000376,0.001261,0.328045,0.004743,0.531186,0.328042,0.004741,0.529281,-0.001880,-0.044990
1.158000,0.686656,-0.005455,0.555558,-0.827233,0.001947,-1.555834,1.555834,3.000000,0.827235,0.000000,0.000000,0.000489,-0.000020,0.000392,0.328046,0.004742,0.531185,0.328042,0.004741,0.529061,-0.002100,-0.041562
1.169000,0.741593,-0.026100,0.552833,-0.772296,-0.018698,-1.558559,1.558559,3.000000,0.772523,0.000000,0.000000,-0.000147,0.000596,0.000175,0.328044,0.004742,0.531189,0.328042,0.004741,0.528841,-0.002320,-0.043741
1.180000,0.760455,-0.009778,0.560192,-0.753434,-0.002376,-1.551201,1.551201,3.000000,0.753437,0.000000,0.000000,0.000138,0.001050,-0.000792,0.328044,0.004745,0.531192,0.328042,0.004741,0.528621,-0.002540,-0.039552
1.191000,0.781414,0.075395,0.506077,-0.732475,0.082797,-1.605315,1.605315,3.000000,0.737140,0.000000,0.000000,0.000010,-0.000788,0.000582,0.328044,0.004739,0.531200,0.328042,0.004741,0.528401,-0.002760,-0.055319
1.202000,0.809885,0.091457,0.358692,-0.704004,0.098859,-1.752700,1.752700,3.000000,0.710911,0.000000,0.000000,0.000652,0.000053,0.000743,0.328046,0.004740,0.531207,0.328042,0.004741,0.528181,-0.002980,-0.060766
1.213000,0.801853,0.090286,0.202542,-0.712035,0.097688,-1.908850,1.908850,3.000000,0.718705,0.000000,0.000000,0.000140,0.000159,0.000675,0.328045,0.004741,0.531208,0.328042,0.004741,0.527961,-0.003200,-0.064181
1.224000,0.775550,0.079712,0.068315,-0.738339,0.087114,-2.043077,2.043077,3.000000,0.743460,0.000000,0.000000,0.000190,-0.000364,0.000388,0.328047,0.004740,0.531208,0.328042,0.004741,0.527821,-0.003340,-0.064257
1.235000,0.688341,0.117472,0.010161,-0.825548,0.124875,-2.101231,2.101231,3.000000,0.834939,0.000000,0.000000,0.000055,0.000761,0.000468,0.328046,0.004742,0.531207,0.328042,0.004741,0.527821,-0.003340,-0.064917
1.246000,0.664715,0.110779,-0.030130,-0.849174,0.118181,-2.141522,2.141522,3.000000,0.857358,0.000000,0.000000,0.000097,0.000478,0.000421,0.328047,0.004741,0.531205,0.328042,0.004741,0.527821,-0.003340,-0.064482
1.257000,0.601614,0.104406,-0.092632,-0.912275,0.111808,-2.204025,2.204025,3.000000,0.919101,0.000000,0.000000,0.000147,0.000019,0.000150,0.328047,0.004743,0.531205,0.328042,0.004741,0.527821,-0.003340,-0.062182
1.268000,0.581740,0.134416,-0.114019,-0.932149,0.141818,-2.225411,2.225411,3.000000,0.942876,0.000000,0.000000,-0.000213,-0.000480,0.000223,0.328046,0.004740,0.531203,0.328042,0.004741,0.527821,-0.003340,-0.062762
1.279000,0.621777,0.098463,-0.129016,-0.892112,0.105865,-2.240408,2.240408,3.000000,0.898371,0.000000,0.000000,-0.000161,0.000300,0.000336,0.328046,0.004741,0.531204,0.328042,0.004741,0.527821,-0.003340,-0.063745
1.290000,0.631361,0.102583,-0.103396,-0.882528,0.109985,-2.214788,2.214788,3.000000,0.889355,0.000000,0.000000,-0.000258,0.000356,-0.000430,0.328045,0.004741,0.531202,0.328042,0.004741,0.527821,-0.003340,-0.057202
1.301000,0.611164,0.148685,-0.087407,-0.902725,0.156087,-2.198799,2.198799,3.000000,0.916120,0.000000,0.000000,-0.000562,-0.000202,0.000093,0.328044,0.004738,0.531204,0.328042,0.004741,0.527821,-0.003340,-0.061678
1.312000,0.656567,0.108537,-0.059478,-0.857322,0.115939,-2.170870,2.170870,3.000000,0.865126,0.000000,0.000000,0.000030,0.000377,0.000312,0.328045,0.004740,0.531203,0.328042,0.004741,0.527821,-0.003340,-0.063526
1.323000,0.643937,0.091967,-0.041468,-0.869951,0.099369,-2.152860,2.152860,3.000000,0.875608,0.000000,0.000000,-0.000068,-0.000006,0.001006,0.328045,0.004741,0.531206,0.328042,0.004741,0.527821,-0.003340,-0.069472
1.334000,0.711525,0.102155,-0.030851,-0.802364,0.109557,-2.142243,2.142243,3.000000,0.809809,0.000000,0.000000,-0.000077,-0.000252,-0.000795,0.328045,0.004740,0.531202,0.328042,0.004741,0.527821,-0.003340,-0.054113
1.345000,0.755378,0.087404,-0.041958,-0.758510,0.094806,-2.153350,2.153350,3.000000,0.764412,0.000000,0.000000,-0.000073,-0.000039,0.000603,0.328046,0.004740,0.531204,0.328042,0.004741,0.527821,-0.003340,-0.066012
1.356000,0.714725,0.106441,-0.042238,-0.799164,0.113843,-2.153630,2.153630,3.000000,0.807231,0.000000,0.000000,-0.000534,0.000366,-0.000116,0.328045,0.004740,0.531201,0.328042,0.004741,0.527821,-0.003340,-0.059846
1.367000,0.633376,0.136421,-0.049705,-0.880513,0.143823,-2.161097,2.161097,3.000000,0.892182,0.000000,0.000000,0.000012,0.000107,0.000588,0.328046,0.004739,0.531202,0.328042,0.004741,0.527821,-0.003340,-0.065850
1.378000,0.652476,0.124465,-0.077322,-0.861413,0.131867,-2.188714,2.188714,3.000000,0.871447,0.000000,0.000000,-0.000303,-0.000470,-0.000193,0.328046,0.004739,0.531202,0.328042,0.004741,0.527821,-0.003340,-0.059213
1.389000,0.639594,0.069283,-0.054959,-0.874295,0.076685,-2.166351,2.166351,3.000000,0.877651,0.000000,0.000000,0.000307,-0.000101,0.000854,0.328046,0.004741,0.531202,0.328042,0.004741,0.527821,-0.003340,-0.068110
1.400000,0.678780,0.116586,-0.079517,-0.835109,0.123988,-2.190909,2.190909,3.000000,0.844263,0.000000,0.000000,-0.000508,-0.000645,-0.000103,0.328045,0.004740,0.531202,0.328042,0.004741,0.527821,-0.003340,-0.059987
1.411000,0.656411,0.096680,-0.053414,-0.857478,0.104082,-2.164806,2.164806,3.000000,0.863772,0.000000,0.000000,0.000484,0.000016,-0.000378,0.328046,0.004741,0.531202,0.328042,0.004741,0.527821,-0.003340,-0.057651
1.422000,0.649759,0.075529,-0.054453,-0.864130,0.082931,-2.165845,2.165845,3.000000,0.868100,0.000000,0.000000,-0.000068,-0.000190,-0.000299,0.328044,0.004740,0.531202,0.328042,0.004741,0.527821,-0.003340,-0.058327
1.433000,0.643747,0.100736,-0.062418,-0.870142,0.108138,-2.173810,2.173810,3.000000,0.876835,0.000000,0.000000,0.000350,0.000225,0.000168,0.328046,0.004741,0.531206,0.328042,0.004741,0.527821,-0.003340,-0.062344
1.444000,0.696277,0.068225,-0.069736,-0.817612,0.075627,-2.181128,2.181128,3.000000,0.821102,0.000000,0.000000,0.000344,-0.000032,-0.000413,0.328045,0.004741,0.531203,0.328042,0.004741,0.527821,-0.003340,-0.057366
1.455000,0.679517,0.075519,-0.049406,-0.834372,0.082922,-2.160798,2.160798,3.000000,0.838483,0.000000,0.000000,0.000057,0.000246,0.000481,0.328045,0.004742,0.531206,0.328042,0.004741,0.527821,-0.003340,-0.065016
1.466000,0.708342,0.096692,-0.053542,-0.805547,0.104094,-2.164934,2.164934,3.000000,0.812245,0.000000,0.000000,-0.000090,0.000211,0.000054,0.328046,0.004743,0.531204,0.328042,0.004741,0.527821,-0.003340,-0.061347
1.477000,0.705130,0.049817,-0.068891,-0.808758,0.057219,-2.180283,2.180283,3.000000,0.810780,0.000000,0.000000,0.000255,0.000330,-0.000593,0.328046,0.004743,0.531202,0.328042,0.004741,0.527821,-0.003340,-0.055825
1.488000,0.660348,0.071410,-0.069973,-0.853541,0.078812,-2.181365,2.181365,3.000000,0.857172,0.000000,0.000000,0.000858,-0.000692,-0.000841,0.328047,0.004740,0.531201,0.328042,0.004741,0.527821,-0.003340,-0.053696
1.499000,0.688081,0.098408,-0.096697,-0.825808,0.105810,-2.208089,2.208089,3.000000,0.832559,0.000000,0.000000,-0.000085,-0.000004,-0.000560,0.328046,0.004741,0.531200,0.328042,0.004741,0.527821,-0.003340,-0.056069
1.510000,0.733365,0.069332,-0.061529,-0.780524,0.076734,-2.172921,2.172921,3.000000,0.784287,0.000000,0.000000,-0.000221,0.000167,-0.000116,0.328046,0.004741,0.531200,0.328042,0.004741,0.527821,-0.003340,-0.059840
1.521000,0.718689,0.052139,-0.071578,-0.795200,0.059541,-2.182970,2.182970,3.000000,0.797426,0.000000,0.000000,0.000438,-0.000028,0.000475,0.328047,0.004740,0.531201,0.328042,0.004741,0.527821,-0.003340,-0.064876
1.532000,0.612954,0.071385,-0.036982,-0.900935,0.078787,-2.148374,2.148374,3.000000,0.904373,0.000000,0.000000,-0.000084,-0.000188,-0.000498,0.328047,0.004740,0.531199,0.328042,0.004741,0.527821,-0.003340,-0.056580
1.543000,0.666699,0.078724,-0.045277,-0.847190,0.086127,-2.156669,2.156669,3.000000,0.851556,0.000000,0.000000,-0.000386,0.000559,-0.000020,0.328046,0.004742,0.531201,0.328042,0.004741,0.527821,-0.003340,-0.060660
1.554000,0.667612,0.103622,-0.018652,-0.846277,0.111024,-2.130044,2.130044,3.000000,0.853529,0.000000,0.000000,0.000221,-0.000988,-0.000150,0.328045,0.004738,0.531201,0.328042,0.004741,0.527821,-0.003340,-0.059571
1.565000,0.653368,0.094018,0.001888,-0.860521,0.101420,-2.109504,2.109504,3.000000,0.866477,0.000000,0.000000,-0.000332,0.000175,0.000060,0.328044,0.004741,0.531203,0.328042,0.004741,0.527821,-0.003340,-0.061395
1.576000,0.673670,0.154498,0.033195,-0.840218,0.161901,-2.078197,2.078197,3.000000,0.855674,0.000000,0.000000,0.000315,-0.000696,0.000405,0.328046,0.004737,0.531203,0.328042,0.004741,0.527821,-0.003340,-0.064322
1.587000,0.747587,0.136618,-0.000965,-0.766302,0.144020,-2.112357,2.112357,3.000000,0.779719,0.000000,0.000000,0.000136,-0.000817,0.000612,0.328045,0.004738,0.531203,0.328042,0.004741,0.527821,-0.003340,-0.066072
1.598000,0.685163,0.134370,0.039207,-0.828725,0.141772,-2.072185,2.072185,3.000000,0.840765,0.000000,0.000000,0.000118,0.000042,-0.000121,0.328045,0.004740,0.531200,0.328042,0.004741,0.527821,-0.003340,-0.059793
1.609000,0.677220,0.116272,0.063664,-0.836668,0.123674,-2.047729,2.047729,3.000000,0.845760,0.000000,0.000000,0.000017,0.000450,-0.001127,0.328045,0.004740,0.531198,0.328042,0.004741,0.527821,-0.003340,-0.051220
1.620000,0.653611,0.112489,0.070286,-0.860277,0.119891,-2.041106,2.041106,3.000000,0.868591,0.000000,0.000000,-0.000177,-0.000751,-0.000653,0.328045,0.004738,0.531199,0.328042,0.004741,0.527821,-0.003340,-0.055269
1.631000,0.662314,0.145742,0.061520,-0.851575,0.153144,-2.049872,2.049872,3.000000,0.865236,0.000000,0.000000,-0.000253,0.000340,0.000506,0.328045,0.004740,0.531199,0.328042,0.004741,0.527821,-0.003340,-0.065107
1.642000,0.726568,0.107523,0.059858,-0.787321,0.114925,-2.051534,2.051534,3.000000,0.795665,0.000000,0.000000,-0.000134,0.000035,0.000129,0.328046,0.004739,0.531199,0.328042,0.004741,0.527821,-0.003340,-0.061903
1.653000,0.684595,0.151343,0.051644,-0.829294,0.158745,-2.059748,2.059748,3.000000,0.844351,0.000000,0.000000,0.000565,0.000198,0.000155,0.328047,0.004741,0.531200,0.328042,0.004741,0.527821,-0.003340,-0.062133
1.664000,0.670611,0.171386,0.059207,-0.843277,0.178788,-2.052185,2.052185,3.000000,0.862022,0.000000,0.000000,-0.000047,-0.000853,-0.000108,0.328046,0.004739,0.531200,0.328042,0.004741,0.527821,-0.003340,-0.059895
1.675000,0.685542,0.127385,0.061557,-0.828347,0.134788,-2.049835,2.049835,3.000000,0.839241,0.000000,0.000000,0.000204,0.000441,-0.000078,0.328046,0.004741,0.531202,0.328042,0.004741,0.527821,-0.003340,-0.060203
1.686000,0.676885,0.133319,0.074995,-0.837004,0.140721,-2.036397,2.036397,3.000000,0.848751,0.000000,0.000000,-0.000436,0.000403,-0.000521,0.328046,0.004741,0.531202,0.328042,0.004741,0.527821,-0.003340,-0.056435
1.697000,0.705536,0.140566,0.025185,-0.808353,0.147969,-2.086207,2.086207,3.000000,0.821784,0.000000,0.000000,0.000266,-0.000012,-0.000062,0.328046,0.004740,0.531204,0.328042,0.004741,0.527821,-0.003340,-0.060366
1.708000,0.702649,0.121255,-0.025026,-0.811240,0.128657,-2.136418,2.136418,3.000000,0.821379,0.000000,0.000000,-0.000313,0.000329,-0.000053,0.328045,0.004739,0.531206,0.328042,0.004741,0.527821,-0.003340,-0.060471
1.719000,0.749861,0.146171,-0.043501,-0.764028,0.153573,-2.154893,2.154893,3.000000,0.779310,0.000000,0.000000,0.000275,0.000414,0.000106,0.328045,0.004741,0.531204,0.328042,0.004741,0.527821,-0.003340,-0.061794
1.730000,0.690247,0.147831,-0.031504,-0.823642,0.155233,-2.142896,2.142896,3.000000,0.838143,0.000000,0.000000,0.000245,-0.000463,0.000564,0.328046,0.004739,0.531204,0.328042,0.004741,0.527821,-0.003340,-0.065682
1.741000,0.695454,0.136660,-0.035335,-0.818435,0.144062,-2.146727,2.146727,3.000000,0.831017,0.000000,0.000000,-0.000159,-0.000876,-0.000439,0.328045,0.004738,0.531203,0.328042,0.004741,0.527821,-0.003340,-0.057142
1.752000,0.679146,0.139598,-0.032876,-0.834743,0.147001,-2.144269,2.144269,3.000000,0.847588,0.000000,0.000000,-0.000288,-0.000243,-0.000419,0.328045,0.004739,0.531202,0.328042,0.004741,0.527821,-0.003340,-0.057314
1.763000,0.635467,0.130097,-0.035340,-0.878422,0.137499,-2.146732,2.146732,3.000000,0.889118,0.000000,0.000000,-0.000059,0.000103,-0.000481,0.328045,0.004740,0.531199,0.328042,0.004741,0.527821,-0.003340,-0.056721
1.774000,0.678120,0.133111,-0.057204,-0.835769,0.140513,-2.168597,2.168597,3.000000,0.847499,0.000000,0.000000,-0.000114,-0.000035,0.000101,0.328045,0.004740,0.531203,0.328042,0.004741,0.527821,-0.003340,-0.061735
1.785000,0.638955,0.141887,-0.027133,-0.874934,0.149289,-2.138525,2.138525,3.000000,0.887579,0.000000,0.000000,0.000047,0.000234,-0.000250,0.328046,0.004740,0.531201,0.328042,0.004741,0.527821,-0.003340,-0.058708
1.796000,0.620658,0.129659,-0.025859,-0.893231,0.137061,-2.137251,2.137251,3.000000,0.903685,0.000000,0.000000,-0.000146,0.000041,-0.000222,0.328046,0.004739,0.531202,0.328042,0.004741,0.527821,-0.003340,-0.058971
1.807000,0.662378,0.118733,-0.063519,-0.851511,0.126135,-2.174911,2.174911,3.000000,0.860802,0.000000,0.000000,0.000140,0.000599,0.000823,0.328047,0.004741,0.531206,0.328042,0.004741,0.527821,-0.003340,-0.067918
1.818000,0.655505,0.151775,-0.068182,-0.858384,0.159177,-2.179574,2.179574,3.000000,0.873018,0.000000,0.000000,-0.000334,-0.000028,0.000037,0.328045,0.004740,0.531206,0.328042,0.004741,0.527821,-0.003340,-0.061248
1.829000,0.632463,0.140195,-0.094333,-0.881426,0.147597,-2.205725,2.205725,3.000000,0.893698,0.000000,0.000000,0.000068,-0.000273,-0.000592,0.328046,0.004739,0.531208,0.328042,0.004741,0.527821,-0.003340,-0.055938
1.840000,0.653118,0.115048,-0.182363,-0.860771,0.122450,-2.293755,2.293755,3.000000,0.869437,0.000000,0.000000,-0.000050,-0.000618,-0.000118,0.328046,0.004738,0.531209,0.328042,0.004741,0.527821,-0.003340,-0.059977
1.851000,0.667925,0.144501,-0.252233,-0.845963,0.151903,-2.363625,2.363625,3.000000,0.859493,0.000000,0.000000,-0.000254,0.000350,-0.000733,0.328047,0.004740,0.531208,0.328042,0.004741,0.527821,-0.003340,-0.054748
1.862000,0.580955,0.124035,-0.245948,-0.932934,0.131437,-2.357340,2.357340,3.000000,0.942147,0.000000,0.000000,0.000332,0.000753,0.000679,0.328047,0.004742,0.531211,0.328042,0.004741,0.527821,-0.003340,-0.066779
1.873000,0.577940,0.145510,-0.333770,-0.935949,0.152913,-2.445162,2.445162,3.000000,0.948357,0.000000,0.000000,-0.000076,-0.000172,0.000704,0.328047,0.004740,0.531213,0.328042,0.004741,0.527821,-0.003340,-0.067031
1.884000,0.552047,0.175884,-0.363253,-0.961842,0.183286,-2.474645,2.474645,3.000000,0.979150,0.000000,0.000000,0.000061,-0.000209,0.000262,0.328047,0.004741,0.531211,0.328042,0.004741,0.527821,-0.003340,-0.063244
1.895000,0.551778,0.145726,-0.382907,-0.962111,0.153128,-2.494299,2.494299,3.000000,0.974220,0.000000,0.000000,0.000067,0.000124,0.000226,0.328047,0.004741,0.531212,0.328042,0.004741,0.527821,-0.003340,-0.062947
1.906000,0.510316,0.115134,-0.383149,-1.003573,0.122537,-2.494541,2.494541,3.000000,1.011026,-0.004963,0.000606,-0.000279,-0.000069,-0.000243,0.328046,0.004739,0.531211,0.328032,0.004742,0.527821,-0.003340,-0.058960
1.917000,0.489725,0.124599,-0.364171,-1.024164,0.132001,-2.475563,2.475563,3.000000,1.032636,-0.004959,0.000639,-0.000176,-0.000747,-0.000186,0.328047,0.004736,0.531210,0.327977,0.004748,0.527821,-0.003340,-0.059429
1.928000,0.507491,0.102230,-0.412599,-1.006398,0.109632,-2.523991,2.523991,3.000000,1.012352,-0.004971,0.000541,-0.000224,-0.000465,0.001240,0.328046,0.004739,0.531214,0.327923,0.004755,0.527821,-0.003340,-0.071588
1.939000,0.504184,0.120380,-0.412807,-1.009705,0.127782,-2.524199,2.524199,3.000000,1.017758,-0.004960,0.000628,-0.000202,0.000254,0.000476,0.328047,0.004740,0.531212,0.327868,0.004762,0.527821,-0.003340,-0.065087
1.950000,0.501445,0.129758,-0.396023,-1.012444,0.137160,-2.507416,2.507416,3.000000,1.021692,-0.004955,0.000671,-0.000061,-0.000236,-0.000142,0.328047,0.004738,0.531211,0.327814,0.004769,0.527821,-0.003340,-0.059822
1.961000,0.497156,0.133345,-0.392693,-1.016733,0.140747,-2.504085,2.504085,3.000000,1.026429,-0.004953,0.000686,0.000292,0.000086,0.000282,0.328048,0.004740,0.531213,0.327759,0.004776,0.527821,-0.003340,-0.063453
1.972000,0.462774,0.135807,-0.423976,-1.051115,0.143210,-2.535368,2.535368,3.000000,1.060825,-0.004954,0.000675,0.000428,0.000095,0.000337,0.328048,0.004740,0.531214,0.327705,0.004784,0.527821,-0.003340,-0.063935
1.983000,0.484932,0.121632,-0.465626,-1.028957,0.129035,-2.577018,2.577018,3.000000,1.037016,-0.004961,0.000622,0.000367,0.000216,0.000280,0.328047,0.004738,0.531215,0.327650,0.004791,0.527821,-0.003340,-0.063458
1.994000,0.489282,0.145816,-0.450751,-1.024607,0.153218,-2.562143,2.562143,3.000000,1.036000,-0.004945,0.000739,0.000080,-0.000237,0.000490,0.328048,0.004737,0.531214,0.327596,0.004798,0.527821,-0.003340,-0.065225
2.005000,0.449396,0.171245,-0.466644,-1.064492,0.178648,-2.578036,2.578036,3.000000,1.079379,-0.004931,0.000828,-0.000049,-0.000320,-0.000679,0.328047,0.004736,0.531213,0.327541,0.004807,0.527821,-0.003340,-0.055293
2.016000,0.407918,0.171309,-0.467035,-1.105971,0.178712,-2.578427,2.578427,3.000000,1.120317,-0.004936,0.000798,-0.000325,-0.000155,0.000627,0.328047,0.004738,0.531215,0.327487,0.004816,0.527821,-0.003340,-0.066419
2.027000,0.415643,0.208913,-0.460211,-1.098246,0.216315,-2.571603,2.571603,3.000000,1.119346,-0.004906,0.000966,-0.000332,-0.000222,-0.001526,0.328047,0.004739,0.531211,0.327433,0.004825,0.527821,-0.003340,-0.048065
2.038000,0.408699,0.226447,-0.458337,-1.105190,0.233849,-2.569729,2.569729,3.000000,1.129660,-0.004892,0.001035,0.000373,-0.000360,0.000284,0.328048,0.004737,0.531213,0.327379,0.004837,0.527821,-0.003340,-0.063463
2.049000,0.404195,0.219735,-0.489734,-1.109694,0.227137,-2.601126,2.601126,3.000000,1.132701,-0.004898,0.001003,-0.000042,0.000492,-0.000294,0.328048,0.004738,0.531211,0.327325,0.004848,0.527821,-0.003340,-0.058526
2.060000,0.410805,0.186077,-0.452873,-1.103083,0.193480,-2.564265,2.564265,3.000000,1.119923,-0.004925,0.000864,0.000119,-0.000858,-0.000083,0.328048,0.004735,0.531213,0.327271,0.004858,0.527821,-0.003340,-0.060349
2.071000,0.447410,0.205872,-0.454641,-1.066479,0.213274,-2.566033,2.566033,3.000000,1.087595,-0.004903,0.000980,-0.000091,-0.000905,-0.001146,0.328047,0.004736,0.531211,0.327217,0.004868,0.527821,-0.003340,-0.051303
2.082000,0.451221,0.216885,-0.438987,-1.062668,0.224287,-2.550379,2.550379,3.000000,1.086079,-0.004892,0.001033,-0.000581,0.000236,-0.000681,0.328047,0.004738,0.531212,0.327163,0.004879,0.527821,-0.003340,-0.055261
2.093000,0.460842,0.200573,-0.416495,-1.053047,0.207975,-2.527887,2.527887,3.000000,1.073388,-0.004905,0.000969,-0.000327,0.000314,-0.000470,0.328046,0.004739,0.531212,0.327109,0.004890,0.527821,-0.003340,-0.057046
2.104000,0.396023,0.237944,-0.415598,-1.117866,0.245346,-2.526990,2.526990,3.000000,1.144473,-0.004884,0.001072,-0.000174,0.000283,-0.000335,0.328047,0.004739,0.531213,0.327056,0.004901,0.527821,-0.003340,-0.058222
2.115000,0.447006,0.212679,-0.447716,-1.066882,0.220081,-2.559108,2.559108,3.000000,1.089345,-0.004897,0.001010,-0.000159,0.000042,0.000948,0.328046,0.004738,0.531214,0.327002,0.004912,0.527821,-0.003340,-0.069124
2.126000,0.462517,0.177775,-0.442328,-1.051372,0.185178,-2.553720,2.553720,3.000000,1.067555,-0.004924,0.000867,-0.000250,0.000334,0.000083,0.328047,0.004738,0.531215,0.326948,0.004923,0.527821,-0.003340,-0.061796
2.137000,0.428623,0.194317,-0.469436,-1.085266,0.201719,-2.580828,2.580828,3.000000,1.103854,-0.004916,0.000914,-0.000182,-0.000334,-0.000104,0.328047,0.004736,0.531213,0.326894,0.004932,0.527821,-0.003340,-0.060176
2.148000,0.438712,0.235723,-0.463056,-1.075176,0.243125,-2.574448,2.574448,3.000000,1.102322,-0.004877,0.001103,-0.000103,-0.000456,0.000186,0.328049,0.004737,0.531214,0.326840,0.004944,0.527821,-0.003340,-0.062658
2.159000,0.476975,0.227557,-0.486321,-1.036913,0.234959,-2.597713,2.597713,3.000000,1.063200,-0.004876,0.001105,-0.000340,0.000350,-0.000343,0.328048,0.004738,0.531213,0.326786,0.004956,0.527821,-0.003340,-0.058136
2.170000,0.410123,0.224474,-0.463915,-1.103766,0.231876,-2.575307,2.575307,3.000000,1.127859,-0.004893,0.001028,-0.000022,-0.000659,-0.001130,0.328048,0.004736,0.531209,0.326732,0.004967,0.527821,-0.003340,-0.051399
2.181000,0.387048,0.226984,-0.469655,-1.126841,0.234386,-2.581047,2.581047,3.000000,1.150960,-0.004895,0.001018,0.000013,0.000181,-0.000049,0.328048,0.004738,0.531213,0.326679,0.004979,0.527821,-0.003340,-0.060645
2.192000,0.396889,0.212568,-0.467734,-1.116999,0.219970,-2.579126,2.579126,3.000000,1.138453,-0.004906,0.000966,0.000017,0.000183,0.000218,0.328048,0.004737,0.531214,0.326625,0.004990,0.527821,-0.003340,-0.062912
2.203000,0.405212,0.196264,-0.448978,-1.108677,0.203666,-2.560371,2.560371,3.000000,1.127228,-0.004918,0.000903,-0.000201,-0.000622,-0.000321,0.328048,0.004735,0.531214,0.326571,0.005000,0.527821,-0.003340,-0.058350
2.214000,0.375002,0.251859,-0.436846,-1.138887,0.259261,-2.548238,2.548238,3.000000,1.168023,-0.004875,0.001110,0.000160,-0.000036,0.000177,0.328048,0.004737,0.531213,0.326517,0.005012,0.527821,-0.003340,-0.062562
2.225000,0.384114,0.206038,-0.469090,-1.129775,0.213440,-2.580482,2.580482,3.000000,1.149760,-0.004913,0.000928,-0.000063,0.000205,0.000701,0.328047,0.004739,0.531213,0.326463,0.005023,0.527821,-0.003340,-0.067010
2.236000,0.446834,0.216810,-0.470075,-1.067055,0.224212,-2.581467,2.581467,3.000000,1.090357,-0.004893,0.001028,-0.000242,0.000095,0.000614,0.328047,0.004737,0.531214,0.326409,0.005033,0.527821,-0.003340,-0.066277
2.247000,0.489888,0.187855,-0.448172,-1.024001,0.195258,-2.559564,2.559564,3.000000,1.042451,-0.004912,0.000937,-0.000029,-0.000250,0.000247,0.328048,0.004736,0.531214,0.326355,0.005044,0.527821,-0.003340,-0.063172
2.258000,0.406078,0.195134,-0.419326,-1.107811,0.202536,-2.530718,2.530718,3.000000,1.126173,-0.004918,0.000899,0.000075,-0.000427,-0.000156,0.328048,0.004736,0.531212,0.326301,0.005054,0.527821,-0.003340,-0.059706
2.269000,0.430026,0.218730,-0.423977,-1.083863,0.226132,-2.535369,2.535369,3.000000,1.107201,-0.004895,0.001021,0.000154,0.000670,-0.000851,0.328048,0.004737,0.531211,0.326247,0.005065,0.527821,-0.003340,-0.053800
2.280000,0.386311,0.208689,-0.397943,-1.127578,0.216091,-2.509335,2.509335,3.000000,1.148098,-0.004911,0.000941,0.000286,0.000154,-0.000124,0.328049,0.004739,0.531212,0.326193,0.005075,0.527821,-0.003340,-0.059981
2.291000,0.409008,0.229518,-0.408057,-1.104881,0.236920,-2.519449,2.519449,3.000000,1.129997,-0.004889,0.001048,0.000260,0.000764,0.000518,0.328048,0.004738,0.531214,0.326139,0.005086,0.527821,-0.003340,-0.065474
2.302000,0.442934,0.200976,-0.405201,-1.070955,0.208378,-2.516594,2.516594,3.000000,1.091039,-0.004908,0.000955,0.000058,0.000267,0.000699,0.328048,0.004738,0.531214,0.326085,0.005097,0.527821,-0.003340,-0.067015
2.313000,0.488607,0.190261,-0.419331,-1.025281,0.197663,-2.530723,2.530723,3.000000,1.044161,-0.004910,0.000947,0.000451,-0.000489,-0.000237,0.328049,0.004736,0.531213,0.326031,0.005107,0.527821,-0.003340,-0.059041
2.324000,0.445207,0.189967,-0.396864,-1.068681,0.197369,-2.508256,2.508256,3.000000,1.086754,-0.004917,0.000908,0.000222,0.000101,0.000157,0.328048,0.004738,0.531213,0.325977,0.005118,0.527821,-0.003340,-0.062396
2.335000,0.514042,0.208927,-0.455995,-0.999847,0.216329,-2.567387,2.567387,3.000000,1.022982,-0.004887,0.001057,-0.000090,-0.000193,0.000100,0.328047,0.004737,0.531213,0.325923,0.005129,0.527821,-0.003340,-0.061909
2.346000,0.478921,0.197005,-0.453875,-1.034968,0.204407,-2.565267,2.565267,3.000000,1.054960,-0.004905,0.000969,-0.000159,-0.000440,-0.000088,0.328048,0.004736,0.531214,0.325869,0.005140,0.527821,-0.003340,-0.060327
2.357000,0.470808,0.210659,-0.448239,-1.043081,0.218061,-2.559631,2.559631,3.000000,1.065630,-0.004894,0.001023,-0.000322,-0.000202,0.000781,0.328047,0.004737,0.531216,0.325816,0.005151,0.527821,-0.003340,-0.067738
2.368000,0.443971,0.232771,-0.465024,-1.069918,0.240173,-2.576417,2.576417,3.000000,1.096543,-0.004879,0.001095,-0.000529,0.000205,-0.000364,0.328046,0.004738,0.531213,0.325762,0.005163,0.527821,-0.003340,-0.057977
2.379000,0.386549,0.215047,-0.431271,-1.127340,0.222449,-2.542663,2.542663,3.000000,1.149078,-0.004905,0.000968,0.000507,0.000052,0.000043,0.328048,0.004739,0.531216,0.325708,0.005174,0.527821,-0.003340,-0.061480
2.390000,0.377683,0.213767,-0.424802,-1.136206,0.221169,-2.536194,2.536194,3.000000,1.157532,-0.004908,0.000955,0.000545,0.000105,-0.000722,0.328049,0.004738,0.531214,0.325654,0.005185,0.527821,-0.003340,-0.054940
2.401000,0.450781,0.229351,-0.479673,-1.063108,0.236753,-2.591065,2.591065,3.000000,1.089151,-0.004880,0.001087,0.000175,-0.000449,0.000360,0.328049,0.004736,0.531214,0.325600,0.005196,0.527821,-0.003340,-0.064131
2.412000,0.424880,0.225890,-0.491380,-1.089009,0.233292,-2.602773,2.602773,3.000000,1.113717,-0.004889,0.001047,0.000110,-0.000152,0.000370,0.328048,0.004737,0.531215,0.325547,0.005208,0.527821,-0.003340,-0.064225
2.423000,0.439129,0.241106,-0.488712,-1.074760,0.248508,-2.600104,2.600104,3.000000,1.103116,-0.004871,0.001126,0.000145,-0.000160,0.000735,0.328048,0.004737,0.531215,0.325493,0.005220,0.527821,-0.003340,-0.067330
2.434000,0.439760,0.212687,-0.486883,-1.074129,0.220089,-2.598276,2.598276,3.000000,1.096445,-0.004898,0.001004,0.000123,0.000074,0.000836,0.328048,0.004738,0.531215,0.325439,0.005231,0.527821,-0.003340,-0.068180
2.445000,0.440452,0.189883,-0.479512,-1.073436,0.197285,-2.590904,2.590904,3.000000,1.091415,-0.004918,0.000904,0.000042,0.000024,-0.000111,0.328048,0.004737,0.531213,0.325385,0.005242,0.527821,-0.003340,-0.060109
2.456000,0.412830,0.208023,-0.483455,-1.101059,0.215425,-2.594848,2.594848,3.000000,1.121936,-0.004907,0.000960,0.000123,-0.000425,0.000957,0.328048,0.004737,0.531215,0.325331,0.005252,0.527821,-0.003340,-0.069207
2.467000,0.458185,0.175188,-0.511573,-1.055704,0.182590,-2.622965,2.622965,3.000000,1.071378,-0.004927,0.000852,-0.000166,0.000012,0.000201,0.328047,0.004737,0.531216,0.325277,0.005262,0.527821,-0.003340,-0.062817
2.478000,0.436029,0.176218,-0.501875,-1.077860,0.183620,-2.613268,2.613268,3.000000,1.093388,-0.004929,0.000840,-0.000030,0.000252,-0.000041,0.328048,0.004738,0.531215,0.325223,0.005272,0.527821,-0.003340,-0.060750
2.489000,0.463144,0.206580,-0.520013,-1.050745,0.213982,-2.631406,2.631406,3.000000,1.072312,-0.004899,0.000998,-0.000511,-0.000056,0.000045,0.328047,0.004737,0.531216,0.325169,0.005282,0.527821,-0.003340,-0.061498
2.500000,0.401504,0.232636,-0.525775,-1.112385,0.240038,-2.637167,2.637167,3.000000,1.137989,-0.004888,0.001055,-0.000128,0.000620,-0.000655,0.328048,0.004737,0.531216,0.325115,0.005294,0.527821,-0.003340,-0.055551
2.511000,0.350053,0.191732,-0.519300,-1.163836,0.199134,-2.630692,2.630692,3.000000,1.180749,-0.004928,0.000843,-0.000069,-0.000420,0.000147,0.328048,0.004736,0.531217,0.325061,0.005305,0.527821,-0.003340,-0.062374
2.522000,0.422264,0.235466,-0.554578,-1.091624,0.242869,-2.665970,2.665970,3.000000,1.118315,-0.004881,0.001086,-0.000013,-0.000338,-0.000256,0.328047,0.004735,0.531216,0.325007,0.005315,0.527821,-0.003340,-0.058934
2.533000,0.395857,0.215108,-0.544469,-1.118032,0.222510,-2.655861,2.655861,3.000000,1.139959,-0.004904,0.000976,-0.000262,0.000571,0.000004,0.328048,0.004737,0.531217,0.324953,0.005326,0.527821,-0.003340,-0.061167
2.544000,0.378815,0.256780,-0.558236,-1.135074,0.264183,-2.669628,2.669628,3.000000,1.165412,-0.004870,0.001133,-0.000002,-0.000159,0.000357,0.328048,0.004735,0.531218,0.324900,0.005338,0.527821,-0.003340,-0.064174
2.555000,0.379314,0.263045,-0.594649,-1.134575,0.270447,-2.706041,2.706041,3.000000,1.166362,-0.004864,0.001159,0.000107,0.000054,0.000431,0.328048,0.004735,0.531215,0.324846,0.005350,0.527821,-0.003340,-0.064754
2.566000,0.325683,0.244737,-0.563657,-1.188206,0.252139,-2.675049,2.675049,3.000000,1.214664,-0.004891,0.001038,-0.000171,-0.000331,-0.001022,0.328048,0.004733,0.531215,0.324792,0.005362,0.527821,-0.003340,-0.052415
2.577000,0.358963,0.246826,-0.566834,-1.154926,0.254228,-2.678226,2.678226,3.000000,1.182576,-0.004883,0.001075,-0.000004,0.000019,0.000021,0.328048,0.004736,0.531219,0.324738,0.005373,0.527821,-0.003340,-0.061333
2.588000,0.404044,0.262406,-0.568608,-1.109845,0.269808,-2.680001,2.680001,3.000000,1.142170,-0.004858,0.001181,-0.000171,-0.000217,-0.000526,0.328048,0.004735,0.531216,0.324685,0.005385,0.527821,-0.003340,-0.056638
2.599000,0.388826,0.247928,-0.568668,-1.125063,0.255330,-2.680060,2.680060,3.000000,1.153673,-0.004876,0.001107,0.000047,-0.000176,0.000902,0.328047,0.004734,0.531219,0.324631,0.005398,0.527821,-0.003340,-0.068816
2.610000,0.376310,0.249738,-0.582037,-1.137579,0.257140,-2.693429,2.693429,3.000000,1.166279,-0.004877,0.001102,0.000550,0.000097,-0.000461,0.328049,0.004736,0.531216,0.324578,0.005410,0.527821,-0.003340,-0.057210
2.621000,0.360583,0.236553,-0.601578,-1.153305,0.243955,-2.712970,2.712970,3.000000,1.178825,-0.004892,0.001035,-0.000143,0.000727,0.000408,0.328048,0.004737,0.531220,0.324524,0.005422,0.527821,-0.003340,-0.064642
2.632000,0.376446,0.245865,-0.614833,-1.137443,0.253267,-2.726225,2.726225,3.000000,1.165299,-0.004880,0.001087,-0.000105,0.000375,0.000174,0.328048,0.004736,0.531219,0.324470,0.005433,0.527821,-0.003340,-0.062632
2.643000,0.385690,0.237250,-0.645232,-1.128199,0.244652,-2.756624,2.756624,3.000000,1.154421,-0.004886,0.001060,-0.000177,-0.000037,-0.000150,0.328048,0.004735,0.531217,0.324416,0.005445,0.527821,-0.003340,-0.059862
2.654000,0.378700,0.207624,-0.659414,-1.135189,0.215026,-2.770806,2.770806,3.000000,1.155375,-0.004913,0.000931,-0.000346,-0.000354,0.000398,0.328048,0.004735,0.531219,0.324362,0.005456,0.527821,-0.003340,-0.064549
2.665000,0.367205,0.239788,-0.641837,-1.146684,0.247190,-2.753229,2.753229,3.000000,1.173025,-0.004888,0.001054,-0.000194,0.000048,-0.000281,0.328048,0.004736,0.531218,0.324309,0.005467,0.527821,-0.003340,-0.058764
2.676000,0.316320,0.249508,-0.640667,-1.197569,0.256910,-2.752059,2.752059,3.000000,1.224816,-0.004889,0.001049,-0.000137,-0.000126,0.000152,0.328049,0.004735,0.531220,0.324255,0.005478,0.527821,-0.003340,-0.062475
2.687000,0.335887,0.226433,-0.632138,-1.178002,0.233835,-2.743530,2.743530,3.000000,1.200986,-0.004904,0.000974,-0.000185,0.000057,-0.000337,0.328048,0.004736,0.531217,0.324201,0.005490,0.527821,-0.003340,-0.058272
2.698000,0.356233,0.257572,-0.627730,-1.157656,0.264974,-2.739122,2.739122,3.000000,1.187594,-0.004874,0.001116,0.000498,0.000087,-0.000027,0.328049,0.004737,0.531218,0.324147,0.005501,0.527821,-0.003340,-0.060925
2.709000,0.333120,0.234155,-0.649962,-1.180769,0.241557,-2.761355,2.761355,3.000000,1.205224,-0.004899,0.001002,0.000076,0.000266,0.000344,0.328048,0.004737,0.531219,0.324093,0.005512,0.527821,-0.003340,-0.064075
2.720000,0.350778,0.230189,-0.635223,-1.163111,0.237591,-2.746615,2.746615,3.000000,1.187130,-0.004899,0.001001,0.000136,-0.000482,0.000628,0.328047,0.004736,0.531222,0.324039,0.005523,0.527821,-0.003340,-0.066543
2.731000,0.377974,0.184552,-0.599686,-1.135915,0.191955,-2.711078,2.711078,3.000000,1.152020,-0.004930,0.000833,-0.000017,0.000140,-0.000240,0.328049,0.004737,0.531220,0.323985,0.005533,0.527821,-0.003340,-0.059153
2.742000,0.402488,0.201314,-0.653886,-1.111400,0.208716,-2.765278,2.765278,3.000000,1.130829,-0.004914,0.000923,0.000026,0.000288,0.000903,0.328048,0.004736,0.531223,0.323931,0.005543,0.527821,-0.003340,-0.068897
2.753000,0.398980,0.204477,-0.695103,-1.114909,0.211879,-2.806495,2.806495,3.000000,1.134864,-0.004912,0.000934,0.000001,-0.000259,-0.000558,0.328049,0.004735,0.531219,0.323877,0.005553,0.527821,-0.003340,-0.056435
2.764000,0.351561,0.228482,-0.673215,-1.162328,0.235884,-2.784607,2.784607,3.000000,1.186022,-0.004900,0.000994,0.000109,0.000637,-0.000533,0.328048,0.004736,0.531220,0.323823,0.005564,0.527821,-0.003340,-0.056651
2.775000,0.348974,0.237566,-0.735491,-1.164915,0.244968,-2.846883,2.846883,3.000000,1.190393,-0.004893,0.001029,0.000197,0.000447,0.000448,0.328049,0.004738,0.531222,0.323769,0.005574,0.527821,-0.003340,-0.065031
2.786000,0.323873,0.249038,-0.719931,-1.190016,0.256440,-2.831323,2.831323,3.000000,1.217333,-0.004888,0.001053,-0.000237,0.000590,0.000080,0.328049,0.004736,0.531224,0.323715,0.005586,0.527821,-0.003340,-0.061923
2.797000,0.296158,0.223849,-0.741024,-1.217731,0.231251,-2.852416,2.852416,3.000000,1.239494,-0.004912,0.000933,-0.000219,0.000209,0.000313,0.328048,0.004736,0.531223,0.323662,0.005597,0.527821,-0.003340,-0.063888
2.808000,0.308382,0.228048,-0.768484,-1.205507,0.235450,-2.879876,2.879876,3.000000,1.228285,-0.004907,0.000958,0.000455,-0.000299,0.000044,0.328050,0.004734,0.531223,0.323608,0.005607,0.527821,-0.003340,-0.061614
2.819000,0.259965,0.243737,-0.777857,-1.253924,0.251139,-2.889249,2.889249,3.000000,1.278826,-0.004903,0.000982,-0.000286,-0.000422,-0.000227,0.328049,0.004734,0.531223,0.323554,0.005618,0.527821,-0.003340,-0.059299
2.830000,0.301219,0.255921,-0.779075,-1.212670,0.263323,-2.890468,2.890468,3.000000,1.240930,-0.004886,0.001061,-0.000354,-0.000068,0.000111,0.328048,0.004733,0.531222,0.323500,0.005629,0.527821,-0.003340,-0.062151
2.841000,0.306254,0.318815,-0.775289,-1.207635,0.326217,-2.886681,2.886681,3.000000,1.250919,-0.004827,0.001304,-0.000064,-0.000824,0.000256,0.328049,0.004730,0.531223,0.323446,0.005642,0.527821,-0.003340,-0.063405
2.852000,0.298548,0.346140,-0.769280,-1.215341,0.353542,-2.880672,2.880672,3.000000,1.265719,-0.004801,0.001397,0.000272,-0.000131,0.000652,0.328050,0.004730,0.531224,0.323393,0.005657,0.527821,-0.003340,-0.066787
2.863000,0.240909,0.347551,-0.753712,-1.272980,0.354953,-2.865104,2.865104,3.000000,1.321540,-0.004816,0.001343,-0.000022,-0.000259,0.000270,0.328049,0.004731,0.531224,0.323340,0.005672,0.527821,-0.003340,-0.063542
2.874000,0.272443,0.312842,-0.755497,-1.241446,0.320244,-2.866889,2.866889,3.000000,1.282086,-0.004842,0.001249,0.000308,0.000220,0.000100,0.328049,0.004732,0.531223,0.323287,0.005686,0.527821,-0.003340,-0.062088
2.885000,0.267824,0.307726,-0.736504,-1.246065,0.315128,-2.847896,2.847896,3.000000,1.285295,-0.004847,0.001226,0.000480,0.000811,0.000580,0.328050,0.004733,0.531225,0.323234,0.005700,0.527821,-0.003340,-0.066190
2.896000,0.294817,0.338771,-0.763383,-1.219071,0.346173,-2.874776,2.874776,3.000000,1.267269,-0.004810,0.001366,0.000093,0.000185,0.000116,0.328049,0.004732,0.531226,0.323181,0.005714,0.527821,-0.003340,-0.062273
2.907000,0.261355,0.357463,-0.793210,-1.252534,0.364865,-2.904602,2.904602,3.000000,1.304595,-0.004800,0.001398,0.000110,-0.000270,-0.000325,0.328050,0.004732,0.531224,0.323128,0.005729,0.527821,-0.003340,-0.058490
2.918000,0.283863,0.331199,-0.796831,-1.230026,0.338601,-2.908224,2.908224,3.000000,1.275780,-0.004821,0.001327,-0.000069,0.000249,0.000054,0.328049,0.004733,0.531226,0.323075,0.005743,0.527821,-0.003340,-0.061757
2.929000,0.262543,0.323218,-0.835069,-1.251346,0.330621,-2.946462,2.946462,3.000000,1.294286,-0.004834,0.001277,0.000131,0.000676,-0.000399,0.328050,0.004734,0.531227,0.323022,0.005757,0.527821,-0.003340,-0.057913
2.940000,0.303759,0.301360,-0.906506,-1.210130,0.308762,-3.017898,3.017898,3.000000,1.248899,-0.004845,0.001236,-0.000323,-0.000551,0.000497,0.328049,0.004733,0.531230,0.322968,0.005771,0.527821,-0.003340,-0.065576
2.951000,0.262498,0.353017,-0.936744,-1.251391,0.360419,-3.048137,3.048137,3.000000,1.302260,-0.004805,0.001384,0.000164,-0.000502,-0.000139,0.328050,0.004732,0.531228,0.322916,0.005786,0.527821,-0.003340,-0.060143
2.962000,0.261744,0.325895,-0.911876,-1.252144,0.333297,-3.023268,3.023268,3.000000,1.295744,-0.004832,0.001286,0.000028,0.000719,-0.000036,0.328051,0.004733,0.531230,0.322863,0.005801,0.527821,-0.003340,-0.061055
2.973000,0.250081,0.293064,-0.904336,-1.263807,0.300466,-3.015728,3.015728,3.000000,1.299034,-0.004864,0.001156,0.000128,0.000541,0.000664,0.328050,0.004734,0.531231,0.322809,0.005814,0.527821,-0.003340,-0.067022
2.984000,0.323079,0.308807,-0.904460,-1.190810,0.316209,-3.015852,3.015852,3.000000,1.232078,-0.004833,0.001283,-0.000265,-0.000660,0.000564,0.328050,0.004732,0.531233,0.322756,0.005827,0.527821,-0.003340,-0.066197
2.995000,0.280940,0.305977,-0.861151,-1.232949,0.313379,-2.972543,2.972543,3.000000,1.272152,-0.004846,0.001232,-0.000302,-0.000490,0.000017,0.328049,0.004732,0.531229,0.322702,0.005841,0.527821,-0.003340,-0.061487
3.006000,0.293707,0.300747,-0.845096,-1.220182,0.308149,-2.956488,2.956488,3.000000,1.258491,-0.004848,0.001224,-0.000164,0.000586,0.000556,0.328050,0.004734,0.531230,0.322649,0.005854,0.527821,-0.003340,-0.066077
3.017000,0.273481,0.298181,-0.856972,-1.240408,0.305583,-2.968364,2.968364,3.000000,1.277495,-0.004855,0.001196,0.000223,-0.000300,-0.000776,0.328051,0.004733,0.531227,0.322596,0.005867,0.527821,-0.003340,-0.054720
3.028000,0.239629,0.311817,-0.797153,-1.274260,0.319219,-2.908545,2.908545,3.000000,1.313636,-0.004850,0.001215,-0.000215,-0.000348,0.000137,0.328050,0.004732,0.531228,0.322542,0.005880,0.527821,-0.003340,-0.062488
3.039000,0.256539,0.331317,-0.769430,-1.257350,0.338719,-2.880822,2.880822,3.000000,1.302175,-0.004828,0.001301,-0.000240,-0.000307,-0.000566,0.328049,0.004732,0.531226,0.322489,0.005895,0.527821,-0.003340,-0.056492
3.050000,0.253834,0.348090,-0.730168,-1.260055,0.355492,-2.841560,2.841560,3.000000,1.309241,-0.004812,0.001358,-0.000070,0.000029,-0.000103,0.328050,0.004732,0.531228,0.322436,0.005909,0.527821,-0.003340,-0.060445
3.061000,0.294270,0.327708,-0.727885,-1.219619,0.335110,-2.839277,2.839277,3.000000,1.264820,-0.004821,0.001325,0.000096,0.000679,-0.000292,0.328050,0.004734,0.531227,0.322383,0.005924,0.527821,-0.003340,-0.058836
3.072000,0.324241,0.352929,-0.716873,-1.189648,0.360331,-2.828265,2.828265,3.000000,1.243021,-0.004785,0.001449,-0.000064,0.000660,0.000040,0.328051,0.004734,0.531226,0.322330,0.005939,0.527821,-0.003340,-0.061641
3.083000,0.313853,0.325604,-0.688345,-1.200036,0.333006,-2.799737,2.799737,3.000000,1.245383,-0.004818,0.001337,-0.000336,0.000567,-0.000747,0.328050,0.004734,0.531225,0.322277,0.005954,0.527821,-0.003340,-0.054938
3.094000,0.291772,0.332120,-0.694675,-1.222116,0.339522,-2.806067,2.806067,3.000000,1.268402,-0.004818,0.001338,0.000248,-0.000446,0.000201,0.328051,0.004732,0.531228,0.322224,0.005969,0.527821,-0.003340,-0.063032
3.105000,0.364636,0.348774,-0.683317,-1.149252,0.356176,-2.794709,2.794709,3.000000,1.203180,-0.004776,0.001480,-0.000025,0.000426,-0.000154,0.328049,0.004736,0.531227,0.322172,0.005985,0.527821,-0.003340,-0.060007
3.116000,0.339624,0.327493,-0.677725,-1.174265,0.334895,-2.789117,2.789117,3.000000,1.221087,-0.004808,0.001371,0.000014,-0.000594,0.000316,0.328050,0.004733,0.531228,0.322119,0.006000,0.527821,-0.003340,-0.064005
3.127000,0.341888,0.337982,-0.673383,-1.172001,0.345384,-2.784775,2.784775,3.000000,1.221833,-0.004796,0.001413,-0.000147,-0.000099,-0.000022,0.328050,0.004734,0.531227,0.322066,0.006016,0.527821,-0.003340,-0.061120
3.138000,0.354996,0.269585,-0.667251,-1.158893,0.276987,-2.778643,2.778643,3.000000,1.191535,-0.004863,0.001162,-0.000147,-0.000815,0.000529,0.328050,0.004731,0.531229,0.322013,0.006030,0.527821,-0.003340,-0.065826
3.149000,0.362989,0.299005,-0.688899,-1.150900,0.306407,-2.800291,2.800291,3.000000,1.190989,-0.004832,0.001286,0.000116,-0.000224,-0.000863,0.328051,0.004734,0.531225,0.321960,0.006043,0.527821,-0.003340,-0.053945
3.160000,0.329239,0.283954,-0.660119,-1.184650,0.291356,-2.771511,2.771511,3.000000,1.219953,-0.004855,0.001194,0.000118,0.000324,-0.000656,0.328050,0.004735,0.531225,0.321906,0.006057,0.527821,-0.003340,-0.055704
3.171000,0.323303,0.268168,-0.636427,-1.190586,0.275570,-2.747819,2.747819,3.000000,1.222061,-0.004871,0.001127,-0.000096,0.000025,-0.000812,0.328050,0.004734,0.531224,0.321853,0.006069,0.527821,-0.003340,-0.054374
3.182000,0.355086,0.269833,-0.646316,-1.158803,0.277235,-2.757709,2.757709,3.000000,1.191505,-0.004863,0.001163,0.000105,0.000219,0.000309,0.328050,0.004735,0.531226,0.321799,0.006082,0.527821,-0.003340,-0.063906
3.193000,0.330326,0.279269,-0.625021,-1.183563,0.286671,-2.736413,2.736413,3.000000,1.217786,-0.004859,0.001177,-0.000204,-0.000941,0.001294,0.328050,0.004733,0.531228,0.321746,0.006094,0.527821,-0.003340,-0.072296
3.204000,0.411407,0.267294,-0.602232,-1.102481,0.274696,-2.713625,2.713625,3.000000,1.136188,-0.004852,0.001209,-0.000545,0.000172,0.000159,0.328049,0.004734,0.531224,0.321692,0.006107,0.527821,-0.003340,-0.062599
3.215000,0.400728,0.271595,-0.585745,-1.113161,0.278997,-2.697137,2.697137,3.000000,1.147592,-0.004850,0.001216,0.000379,0.000025,-0.000538,0.328050,0.004732,0.531224,0.321639,0.006121,0.527821,-0.003340,-0.056691
3.226000,0.362439,0.256565,-0.544317,-1.151450,0.263967,-2.655709,2.655709,3.000000,1.181320,-0.004874,0.001117,-0.000012,-0.001095,-0.000577,0.328050,0.004732,0.531222,0.321585,0.006133,0.527821,-0.003340,-0.056334
3.237000,0.302170,0.251256,-0.483576,-1.211719,0.258659,-2.594968,2.594968,3.000000,1.239019,-0.004890,0.001044,0.000520,0.001210,0.000076,0.328050,0.004737,0.531223,0.321532,0.006145,0.527821,-0.003340,-0.061879
3.248000,0.410397,0.269156,-0.503904,-1.103492,0.276558,-2.615296,2.615296,3.000000,1.137620,-0.004850,0.001216,0.000425,-0.000148,0.000016,0.328050,0.004733,0.531224,0.321478,0.006157,0.527821,-0.003340,-0.061397
3.259000,0.422730,0.245130,-0.510708,-1.091159,0.252532,-2.622100,2.622100,3.000000,1.120000,-0.004871,0.001127,0.000054,0.000120,-0.001103,0.328049,0.004733,0.531222,0.321425,0.006170,0.527821,-0.003340,-0.051864
3.270000,0.427710,0.259037,-0.479415,-1.086179,0.266440,-2.590807,2.590807,3.000000,1.118381,-0.004856,0.001191,-0.000226,0.000612,-0.001000,0.328049,0.004734,0.531223,0.321371,0.006183,0.527821,-0.003340,-0.052744
3.281000,0.437613,0.260501,-0.457904,-1.076276,0.267903,-2.569296,2.569296,3.000000,1.109118,-0.004852,0.001208,-0.000225,0.000028,-0.000762,0.328049,0.004733,0.531223,0.321318,0.006195,0.527821,-0.003340,-0.054763
3.292000,0.451716,0.292516,-0.477074,-1.062173,0.299918,-2.588466,2.588466,3.000000,1.103704,-0.004812,0.001359,-0.000211,0.000740,-0.000668,0.328050,0.004736,0.531223,0.321264,0.006210,0.527821,-0.003340,-0.055574
3.303000,0.416590,0.302730,-0.470022,-1.097299,0.310132,-2.581414,2.581414,3.000000,1.140284,-0.004812,0.001360,-0.000053,-0.000001,-0.000284,0.328049,0.004734,0.531223,0.321211,0.006224,0.527821,-0.003340,-0.058827
3.314000,0.408933,0.304615,-0.471977,-1.104956,0.312017,-2.583369,2.583369,3.000000,1.148165,-0.004812,0.001359,0.000184,-0.000108,-0.000073,0.328049,0.004733,0.531223,0.321158,0.006239,0.527821,-0.003340,-0.060609
3.325000,0.419059,0.302192,-0.499868,-1.094830,0.309594,-2.611260,2.611260,3.000000,1.137762,-0.004811,0.001361,0.000245,-0.000103,-0.000366,0.328049,0.004733,0.531223,0.321105,0.006254,0.527821,-0.003340,-0.058120
3.336000,0.426059,0.284596,-0.448629,-1.087830,0.291998,-2.560021,2.560021,3.000000,1.126338,-0.004829,0.001296,0.000269,-0.000035,-0.000322,0.328049,0.004734,0.531222,0.321052,0.006269,0.527821,-0.003340,-0.058480
3.347000,0.451713,0.275394,-0.388123,-1.062175,0.282796,-2.499515,2.499515,3.000000,1.099177,-0.004832,0.001286,0.000032,-0.000364,-0.000677,0.328049,0.004732,0.531218,0.320999,0.006283,0.527821,-0.003340,-0.055405
3.358000,0.529647,0.255082,-0.415983,-0.984242,0.262484,-2.527375,2.527375,3.000000,1.018641,-0.004831,0.001288,0.000058,0.000367,0.000522,0.328049,0.004734,0.531221,0.320946,0.006297,0.527821,-0.003340,-0.065628
3.369000,0.479025,0.248663,-0.399076,-1.034864,0.256065,-2.510468,2.510468,3.000000,1.066073,-0.004854,0.001201,0.000395,0.000116,-0.000309,0.328049,0.004734,0.531221,0.320893,0.006311,0.527821,-0.003340,-0.058570
3.380000,0.440146,0.286012,-0.356036,-1.073743,0.293414,-2.467428,2.467428,3.000000,1.113111,-0.004823,0.001318,0.000046,-0.000383,0.000000,0.328049,0.004733,0.531221,0.320840,0.006324,0.527821,-0.003340,-0.061206
3.391000,0.505855,0.232215,-0.358547,-1.008034,0.239617,-2.469939,2.469939,3.000000,1.036122,-0.004864,0.001156,0.000036,0.000608,-0.000235,0.328049,0.004736,0.531220,0.320786,0.006338,0.527821,-0.003340,-0.059188
3.402000,0.505333,0.240964,-0.355379,-1.008556,0.248366,-2.466771,2.466771,3.000000,1.038687,-0.004855,0.001196,-0.000093,-0.000047,-0.000405,0.328049,0.004735,0.531220,0.320733,0.006351,0.527821,-0.003340,-0.057739
3.413000,0.519430,0.263840,-0.338091,-0.994459,0.271242,-2.449484,2.449484,3.000000,1.030787,-0.004824,0.001316,-0.000282,0.000479,0.000763,0.328048,0.004737,0.531223,0.320680,0.006365,0.527821,-0.003340,-0.067716
3.424000,0.545418,0.240620,-0.371570,-0.968471,0.248022,-2.482962,2.482962,3.000000,0.999725,0.000000,0.000000,0.000061,0.000398,-0.001039,0.328048,0.004736,0.531219,0.320670,0.006368,0.527821,-0.003340,-0.052347
3.435000,0.510810,0.260505,-0.270594,-1.003079,0.267907,-2.381987,2.381987,3.000000,1.038239,-0.004831,0.001290,-0.000051,-0.000540,-0.000612,0.328048,0.004735,0.531218,0.320617,0.006381,0.527821,-0.003340,-0.055959
3.446000,0.542008,0.202796,-0.301319,-0.971881,0.210198,-2.412711,2.412711,3.000000,0.994352,0.000000,0.000000,0.000489,-0.000348,-0.000541,0.328049,0.004735,0.531220,0.320588,0.006388,0.527821,-0.003340,-0.056586
3.457000,0.469549,0.212631,-0.256911,-1.044340,0.220033,-2.368303,2.368303,3.000000,1.067268,-0.004893,0.001031,-0.000134,0.000448,-0.000472,0.328049,0.004737,0.531219,0.320534,0.006400,0.527821,-0.003340,-0.057162
3.468000,0.536449,0.195128,-0.282435,-0.977440,0.202531,-2.393827,2.393827,3.000000,0.998202,0.000000,0.000000,0.000094,0.000338,0.000300,0.328049,0.004736,0.531219,0.320485,0.006410,0.527821,-0.003340,-0.063718
3.479000,0.577475,0.206833,-0.264898,-0.936414,0.214235,-2.376290,2.376290,3.000000,0.960608,0.000000,0.000000,-0.000016,0.000797,0.000103,0.328048,0.004736,0.531218,0.320485,0.006410,0.527821,-0.003340,-0.062009
3.490000,0.626241,0.189071,-0.259378,-0.887648,0.196473,-2.370770,2.370770,3.000000,0.909131,0.000000,0.000000,0.000304,-0.000672,0.000065,0.328049,0.004735,0.531218,0.320485,0.006410,0.527821,-0.003340,-0.061700
3.501000,0.624424,0.281589,-0.181048,-0.889465,0.288991,-2.292440,2.292440,3.000000,0.935235,0.000000,0.000000,0.000082,-0.000293,0.000007,0.328049,0.004736,0.531218,0.320485,0.006410,0.527821,-0.003340,-0.061205
3.512000,0.529345,0.224725,-0.130506,-0.984544,0.232127,-2.241898,2.241898,3.000000,1.011538,-0.004867,0.001147,-0.000022,0.000184,-0.000403,0.328048,0.004735,0.531216,0.320475,0.006412,0.527821,-0.003340,-0.057683
3.523000,0.560425,0.221291,-0.131202,-0.953464,0.228693,-2.242594,2.242594,3.000000,0.980507,0.000000,0.000000,-0.000173,0.000434,0.000241,0.328048,0.004735,0.531219,0.320461,0.006415,0.527821,-0.003340,-0.063205
3.534000,0.616081,0.211421,-0.129167,-0.897808,0.218823,-2.240559,2.240559,3.000000,0.924090,0.000000,0.000000,-0.000420,-0.001197,0.000242,0.328047,0.004734,0.531218,0.320461,0.006415,0.527821,-0.003340,-0.063189
3.545000,0.636100,0.250225,-0.116648,-0.877789,0.257628,-2.228040,2.228040,3.000000,0.914815,0.000000,0.000000,-0.000058,-0.000432,0.000453,0.328049,0.004734,0.531218,0.320461,0.006415,0.527821,-0.003340,-0.064997
3.556000,0.611801,0.213566,-0.110433,-0.902087,0.220968,-2.221826,2.221826,3.000000,0.928757,0.000000,0.000000,-0.000064,0.000500,-0.000643,0.328048,0.004736,0.531216,0.320461,0.006415,0.527821,-0.003340,-0.055654
3.567000,0.643872,0.206443,-0.095956,-0.870017,0.213845,-2.207348,2.207348,3.000000,0.895913,0.000000,0.000000,0.000018,-0.000422,-0.000262,0.328048,0.004736,0.531218,0.320461,0.006415,0.527821,-0.003340,-0.058927
3.578000,0.651676,0.205037,-0.122567,-0.862213,0.212439,-2.233959,2.233959,3.000000,0.887998,0.000000,0.000000,-0.000273,0.000559,0.001153,0.328047,0.004738,0.531219,0.320461,0.006415,0.527821,-0.003340,-0.070948
3.589000,0.673049,0.205149,-0.097607,-0.840840,0.212552,-2.208999,2.208999,3.000000,0.867289,0.000000,0.000000,-0.000221,0.000045,0.000792,0.328048,0.004737,0.531219,0.320461,0.006415,0.527821,-0.003340,-0.067886
3.600000,0.691028,0.209450,-0.121188,-0.822861,0.216852,-2.232581,2.232581,3.000000,0.850955,0.000000,0.000000,0.000189,0.000373,0.000795,0.328050,0.004738,0.531220,0.320461,0.006415,0.527821,-0.003340,-0.067925
3.611000,0.560648,0.177046,-0.101624,-0.953240,0.184448,-2.213016,2.213016,3.000000,0.970921,0.000000,0.000000,-0.000125,0.000774,0.000512,0.328049,0.004738,0.531218,0.320461,0.006415,0.527821,-0.003340,-0.065487
3.622000,0.588435,0.189145,-0.114941,-0.925454,0.196547,-2.226333,2.226333,3.000000,0.946095,0.000000,0.000000,0.000109,0.000488,0.000498,0.328049,0.004738,0.531220,0.320461,0.006415,0.527821,-0.003340,-0.065400
3.633000,0.526690,0.199875,-0.100454,-0.987199,0.207278,-2.211846,2.211846,3.000000,1.008725,-0.004893,0.001027,0.000014,-0.000246,0.000304,0.328048,0.004737,0.531218,0.320441,0.006419,0.527821,-0.003340,-0.063724
3.644000,0.580797,0.181650,-0.106625,-0.933092,0.189052,-2.218017,2.218017,3.000000,0.952051,0.000000,0.000000,-0.000742,0.000477,0.000522,0.328047,0.004738,0.531219,0.320436,0.006420,0.527821,-0.003340,-0.065604
3.655000,0.626951,0.198083,-0.109813,-0.886938,0.205485,-2.221205,2.221205,3.000000,0.910430,0.000000,0.000000,0.000275,-0.000225,0.000416,0.328049,0.004737,0.531219,0.320436,0.006420,0.527821,-0.003340,-0.064700
3.666000,0.579517,0.182233,-0.050500,-0.934372,0.189635,-2.161892,2.161892,3.000000,0.953422,0.000000,0.000000,-0.000000,0.000237,-0.000529,0.328047,0.004736,0.531216,0.320436,0.006420,0.527821,-0.003340,-0.056631
3.677000,0.645129,0.188117,-0.085765,-0.868760,0.195519,-2.197158,2.197158,3.000000,0.890490,0.000000,0.000000,-0.000000,-0.000617,-0.000106,0.328048,0.004736,0.531214,0.320436,0.006420,0.527821,-0.003340,-0.060179
3.688000,0.669263,0.224716,-0.076015,-0.844626,0.232118,-2.187408,2.187408,3.000000,0.875940,0.000000,0.000000,0.000186,-0.000882,0.000693,0.328048,0.004733,0.531219,0.320436,0.006420,0.527821,-0.003340,-0.067037
3.699000,0.657376,0.199988,-0.049474,-0.856512,0.207390,-2.160866,2.160866,3.000000,0.881263,0.000000,0.000000,-0.000124,-0.000283,0.000064,0.328048,0.004735,0.531216,0.320436,0.006420,0.527821,-0.003340,-0.061659
3.710000,0.696115,0.196067,-0.041518,-0.817774,0.203469,-2.152910,2.152910,3.000000,0.842707,0.000000,0.000000,0.000161,0.000254,0.000143,0.328049,0.004735,0.531216,0.320436,0.006420,0.527821,-0.003340,-0.062323
3.721000,0.701903,0.183214,-0.016363,-0.811986,0.190616,-2.127755,2.127755,3.000000,0.834060,0.000000,0.000000,0.000010,0.000046,0.000178,0.328049,0.004736,0.531215,0.320436,0.006420,0.527821,-0.003340,-0.062610
3.732000,0.662820,0.185287,-0.015226,-0.851069,0.192689,-2.126618,2.126618,3.000000,0.872610,0.000000,0.000000,-0.000417,-0.000544,0.000053,0.328048,0.004735,0.531218,0.320436,0.006420,0.527821,-0.003340,-0.061589
3.743000,0.663480,0.217699,0.016096,-0.850409,0.225101,-2.095296,2.095296,3.000000,0.879697,0.000000,0.000000,0.000385,0.000060,-0.000361,0.328049,0.004737,0.531215,0.320436,0.006420,0.527821,-0.003340,-0.058017
3.754000,0.665004,0.175925,0.014852,-0.848885,0.183327,-2.096540,2.096540,3.000000,0.868455,0.000000,0.000000,-0.000268,0.000155,0.000004,0.328048,0.004736,0.531216,0.320436,0.006420,0.527821,-0.003340,-0.061146
3.765000,0.681062,0.176990,-0.009038,-0.832827,0.184392,-2.120431,2.120431,3.000000,0.852995,0.000000,0.000000,-0.000433,0.000695,-0.000192,0.328048,0.004737,0.531215,0.320436,0.006420,0.527821,-0.003340,-0.059462
3.776000,0.699495,0.231654,0.023158,-0.814394,0.239056,-2.088234,2.088234,3.000000,0.848755,0.000000,0.000000,0.000168,0.000390,-0.000393,0.328049,0.004738,0.531214,0.320436,0.006420,0.527821,-0.003340,-0.057732
3.787000,0.770650,0.219942,0.005219,-0.743239,0.227344,-2.106173,2.106173,3.000000,0.777232,0.000000,0.000000,0.000130,0.000319,-0.000807,0.328049,0.004737,0.531212,0.320436,0.006420,0.527821,-0.003340,-0.054192
3.798000,0.733368,0.166864,0.019647,-0.780521,0.174266,-2.091745,2.091745,3.000000,0.799738,0.000000,0.000000,-0.000029,0.000190,0.000277,0.328048,0.004738,0.531217,0.320436,0.006420,0.527821,-0.003340,-0.063478
3.809000,0.706644,0.178877,0.037918,-0.807245,0.186279,-2.073474,2.073474,3.000000,0.828459,0.000000,0.000000,-0.000429,-0.000805,-0.000480,0.328048,0.004735,0.531215,0.320436,0.006420,0.527821,-0.003340,-0.057017
3.820000,0.653525,0.205140,0.037228,-0.860364,0.212542,-2.074164,2.074164,3.000000,0.886228,0.000000,0.000000,0.000141,-0.000159,-0.000580,0.328048,0.004736,0.531214,0.320436,0.006420,0.527821,-0.003340,-0.056149
3.831000,0.655875,0.192141,0.024617,-0.858014,0.199543,-2.086775,2.086775,3.000000,0.880912,0.000000,0.000000,0.000452,-0.000713,0.000006,0.328049,0.004734,0.531214,0.320436,0.006420,0.527821,-0.003340,-0.061132
3.842000,0.647806,0.184080,0.045517,-0.866083,0.191482,-2.065876,2.065876,3.000000,0.886998,0.000000,0.000000,-0.000114,-0.000367,0.000330,0.328049,0.004734,0.531212,0.320436,0.006420,0.527821,-0.003340,-0.063832
3.853000,0.714600,0.202024,0.066786,-0.799289,0.209426,-2.044606,2.044606,3.000000,0.826270,0.000000,0.000000,-0.000079,-0.000593,0.000554,0.328048,0.004734,0.531213,0.320436,0.006420,0.527821,-0.003340,-0.065750
3.864000,0.729835,0.193019,0.062612,-0.784054,0.200421,-2.048780,2.048780,3.000000,0.809265,0.000000,0.000000,-0.000099,0.000270,0.000473,0.328048,0.004736,0.531213,0.320436,0.006420,0.527821,-0.003340,-0.065069
3.875000,0.689551,0.205293,0.130308,-0.824338,0.212695,-1.981084,1.981084,3.000000,0.851336,0.000000,0.000000,-0.000287,-0.000171,0.000478,0.328047,0.004735,0.531211,0.320436,0.006420,0.527741,-0.003420,-0.066527
3.886000,0.757013,0.194195,0.138990,-0.756875,0.201597,-1.972402,1.972402,3.000000,0.783264,0.000000,0.000000,-0.000577,-0.000482,0.000374,0.328047,0.004735,0.531213,0.320436,0.006420,0.527521,-0.003640,-0.069618
3.897000,0.705897,0.225511,0.198046,-0.807991,0.232913,-1.913346,1.913346,3.000000,0.840892,0.000000,0.000000,-0.000153,-0.000301,-0.000317,0.328047,0.004734,0.531210,0.320436,0.006420,0.527301,-0.003860,-0.067681
3.908000,0.715299,0.230809,0.219267,-0.798590,0.238211,-1.892125,1.892125,3.000000,0.833361,0.000000,0.000000,0.000171,-0.000012,-0.000910,0.328047,0.004736,0.531211,0.320436,0.006420,0.527081,-0.004080,-0.066613
3.919000,0.752279,0.218594,0.238349,-0.761610,0.225996,-1.873043,1.873043,3.000000,0.794433,0.000000,0.000000,0.000012,-0.000647,-0.000154,0.328047,0.004736,0.531213,0.320436,0.006420,0.526861,-0.004300,-0.077025
3.930000,0.756909,0.210202,0.269192,-0.756980,0.217604,-1.842201,1.842201,3.000000,0.787636,0.000000,0.000000,-0.000370,0.000352,0.000375,0.328047,0.004738,0.531214,0.320436,0.006420,0.526641,-0.004520,-0.085497
3.941000,0.836448,0.183341,0.215748,-0.677441,0.190743,-1.895644,1.895644,3.000000,0.703782,0.000000,0.000000,-0.000122,-0.000533,-0.000236,0.328048,0.004736,0.531213,0.320436,0.006420,0.526421,-0.004740,-0.084248
3.952000,0.839559,0.172111,0.193923,-0.674330,0.179514,-1.917469,1.917469,3.000000,0.697815,0.000000,0.000000,0.000074,0.000211,0.000937,0.328048,0.004736,0.531214,0.320436,0.006420,0.526201,-0.004960,-0.098179
3.963000,0.789958,0.153877,0.183469,-0.723931,0.161279,-1.927923,1.927923,3.000000,0.741679,0.000000,0.000000,-0.000068,-0.000368,0.000447,0.328048,0.004736,0.531213,0.320436,0.006420,0.525981,-0.005180,-0.097978
3.974000,0.794584,0.214050,0.209476,-0.719305,0.221452,-1.901916,1.901916,3.000000,0.752622,0.000000,0.000000,0.000129,-0.000233,0.000154,0.328049,0.004737,0.531213,0.320436,0.006420,0.525761,-0.005400,-0.099453
3.985000,0.670764,0.219183,0.228007,-0.843125,0.226585,-1.883385,1.883385,3.000000,0.873041,0.000000,0.000000,0.000140,0.000456,-0.000168,0.328048,0.004738,0.531212,0.320436,0.006420,0.525541,-0.005620,-0.100647
3.996000,0.725473,0.181674,0.220154,-0.788416,0.189077,-1.891238,1.891238,3.000000,0.810771,0.000000,0.000000,0.000364,0.000486,-0.000174,0.328049,0.004738,0.531213,0.320436,0.006420,0.525321,-0.005840,-0.104569
4.006000,0.733941,0.185918,0.199769,-0.779948,0.193320,-1.911623,1.911623,3.000000,0.803549,0.000000,0.000000,0.000140,0.000005,0.000069,0.328048,0.004735,0.531214,0.320436,0.006420,0.525121,-0.006040,-0.110254
4.016000,0.732576,0.174962,0.200853,-0.781312,0.182364,-1.910539,1.910539,3.000000,0.802313,0.000000,0.000000,-0.000274,0.000123,0.000457,0.328047,0.004736,0.531213,0.320436,0.006420,0.524921,-0.006240,-0.117128
4.026000,0.827134,0.162761,0.197251,-0.686755,0.170163,-1.914141,1.914141,3.000000,0.707522,0.000000,0.000000,-0.000294,0.000375,-0.000155,0.328048,0.004738,0.531214,0.320436,0.006420,0.524721,-0.006440,-0.115565
4.036000,0.732296,0.192041,0.218233,-0.781593,0.199444,-1.893159,1.893159,3.000000,0.806638,0.000000,0.000000,0.000095,0.000602,0.000243,0.328048,0.004738,0.531214,0.320436,0.006420,0.524521,-0.006640,-0.122540
4.046000,0.752839,0.187321,0.214488,-0.761050,0.194723,-1.896904,1.896904,3.000000,0.785566,0.000000,0.000000,0.000151,0.000340,0.000737,0.328048,0.004737,0.531215,0.320436,0.006420,0.524321,-0.006840,-0.130346
4.056000,0.807166,0.215096,0.182758,-0.706723,0.222498,-1.928634,1.928634,3.000000,0.740921,0.000000,0.000000,0.000083,-0.000845,0.000060,0.328048,0.004734,0.531213,0.320436,0.006420,0.524121,-0.007040,-0.128166
4.066000,0.816269,0.177429,0.211419,-0.697620,0.184831,-1.899973,1.899973,3.000000,0.721690,0.000000,0.000000,0.000091,-0.000384,0.000163,0.328048,0.004735,0.531214,0.320436,0.006420,0.523921,-0.007240,-0.132657
4.076000,0.747751,0.164469,0.241153,-0.766138,0.171871,-1.870239,1.870239,3.000000,0.785180,0.000000,0.000000,0.000599,-0.000403,-0.000300,0.328048,0.004735,0.531212,0.320436,0.006420,0.523721,-0.007440,-0.132294
4.086000,0.772773,0.192730,0.167915,-0.741116,0.200132,-1.943477,1.943477,3.000000,0.767662,0.000000,0.000000,0.000230,-0.000463,-0.000127,0.328049,0.004736,0.531213,0.320436,0.006420,0.523521,-0.007640,-0.137376
4.096000,0.775145,0.165269,0.193162,-0.738744,0.172671,-1.918231,1.918231,3.000000,0.758656,0.000000,0.000000,-0.000340,0.000046,-0.000348,0.328047,0.004738,0.531213,0.320436,0.006420,0.523321,-0.007840,-0.139102
4.106000,0.818931,0.165432,0.200399,-0.694958,0.172834,-1.910993,1.910993,3.000000,0.716127,0.000000,0.000000,-0.000143,0.000195,-0.000413,0.328048,0.004738,0.531211,0.320436,0.006420,0.523121,-0.008040,-0.142116
4.116000,0.788992,0.159703,0.234340,-0.724897,0.167106,-1.877052,1.877052,3.000000,0.743908,0.000000,0.000000,0.000172,-0.000161,-0.000245,0.328048,0.004738,0.531211,0.320436,0.006420,0.522921,-0.008240,-0.147136
4.126000,0.783608,0.168170,0.192102,-0.730281,0.175572,-1.919290,1.919290,3.000000,0.751090,0.000000,0.000000,0.000054,-0.000398,-0.000918,0.328048,0.004739,0.531211,0.320436,0.006420,0.522721,-0.008440,-0.145028
4.136000,0.772887,0.154767,0.207176,-0.741002,0.162170,-1.904216,1.904216,3.000000,0.758540,0.000000,0.000000,0.000117,0.000307,-0.000430,0.328048,0.004737,0.531212,0.320436,0.006420,0.522521,-0.008640,-0.152799
4.146000,0.789003,0.102366,0.216478,-0.724886,0.109768,-1.894914,1.894914,3.000000,0.733150,0.000000,0.000000,0.000044,-0.000339,-0.000309,0.328048,0.004737,0.531211,0.320436,0.006420,0.522321,-0.008840,-0.157406
4.156000,0.805244,0.148634,0.208195,-0.708645,0.156036,-1.903197,1.903197,3.000000,0.725620,0.000000,0.000000,0.000067,-0.000304,-0.000001,0.328048,0.004737,0.531212,0.320436,0.006420,0.522121,-0.009040,-0.163636
4.166000,0.778159,0.124301,0.197311,-0.735730,0.131704,-1.914081,1.914081,3.000000,0.747425,0.000000,0.000000,0.000239,0.000132,-0.000198,0.328048,0.004737,0.531213,0.320436,0.006420,0.521921,-0.009240,-0.165573
4.176000,0.779598,0.140681,0.194563,-0.734291,0.148083,-1.916829,1.916829,3.000000,0.749074,0.000000,0.000000,-0.000199,0.000150,-0.000444,0.328047,0.004737,0.531211,0.320436,0.006420,0.521721,-0.009440,-0.167053
4.186000,0.815902,0.168507,0.190120,-0.697987,0.175909,-1.921272,1.921272,3.000000,0.719812,0.000000,0.000000,-0.000380,-0.000633,-0.000446,0.328048,0.004735,0.531212,0.320436,0.006420,0.521521,-0.009640,-0.170659
4.196000,0.792138,0.173791,0.199201,-0.721751,0.181193,-1.912191,1.912191,3.000000,0.744147,0.000000,0.000000,0.000438,0.000175,-0.000117,0.328048,0.004736,0.531213,0.320436,0.006420,0.521321,-0.009840,-0.177058
4.206000,0.778495,0.159581,0.212802,-0.735394,0.166983,-1.898590,1.898590,3.000000,0.754114,0.000000,0.000000,0.000020,0.000795,-0.000178,0.328047,0.004737,0.531212,0.320436,0.006420,0.521121,-0.010040,-0.180123
4.216000,0.856386,0.178476,0.173961,-0.657503,0.185878,-1.937431,1.937431,3.000000,0.683272,0.000000,0.000000,-0.000561,-0.000313,-0.000061,0.328047,0.004736,0.531212,0.320436,0.006420,0.520921,-0.010240,-0.184708
4.226000,0.789906,0.184120,0.190385,-0.723983,0.191522,-1.921007,1.921007,3.000000,0.748887,0.000000,0.000000,-0.000169,-0.000182,-0.000531,0.328047,0.004736,0.531211,0.320436,0.006420,0.520721,-0.010440,-0.184310
4.236000,0.758884,0.173571,0.251507,-0.755005,0.180974,-1.859886,1.859886,3.000000,0.776391,0.000000,0.000000,-0.000123,0.000237,0.000024,0.328048,0.004736,0.531214,0.320436,0.006420,0.520521,-0.010640,-0.192674
4.246000,0.843071,0.162292,0.208414,-0.670817,0.169694,-1.902978,1.902978,3.000000,0.691948,0.000000,0.000000,-0.000650,0.000643,-0.000015,0.328047,0.004738,0.531212,0.320436,0.006420,0.520321,-0.010840,-0.195906
4.256000,0.814645,0.175097,0.187326,-0.699244,0.182499,-1.924066,1.924066,3.000000,0.722667,0.000000,0.000000,0.000292,0.000465,-0.000046,0.328048,0.004738,0.531213,0.320436,0.006420,0.520121,-0.011040,-0.199261
4.266000,0.720147,0.184076,0.222333,-0.793742,0.191479,-1.889059,1.889059,3.000000,0.816511,0.000000,0.000000,0.000043,0.000086,-0.000059,0.328048,0.004737,0.531212,0.320436,0.006420,0.519921,-0.011240,-0.202729
4.276000,0.784544,0.216888,0.183553,-0.729344,0.224290,-1.927840,1.927840,3.000000,0.763053,0.000000,0.000000,-0.000528,-0.000467,-0.000101,0.328047,0.004737,0.531212,0.320436,0.006420,0.519721,-0.011440,-0.205978
4.286000,0.849858,0.188066,0.211050,-0.664031,0.195468,-1.900342,1.900342,3.000000,0.692203,0.000000,0.000000,-0.000198,0.000145,-0.000081,0.328048,0.004737,0.531213,0.320436,0.006420,0.519521,-0.011640,-0.209765
4.296000,0.807621,0.170984,0.203548,-0.706268,0.178386,-1.907844,1.907844,3.000000,0.728448,0.000000,0.000000,0.000186,-0.000177,0.000092,0.328049,0.004737,0.531213,0.320436,0.006420,0.519321,-0.011840,-0.214837
4.306000,0.783907,0.157798,0.218638,-0.729982,0.165200,-1.892754,1.892754,3.000000,0.748442,0.000000,0.000000,-0.000217,-0.000206,0.000305,0.328047,0.004736,0.531213,0.320436,0.006420,0.519121,-0.012040,-0.220239
4.316000,0.756202,0.167141,0.194119,-0.757687,0.174543,-1.917274,1.917274,3.000000,0.777532,0.000000,0.000000,0.000400,0.000076,0.001335,0.328049,0.004738,0.531214,0.320436,0.006420,0.518921,-0.012240,-0.232600
4.326000,0.843331,0.167120,0.157951,-0.670558,0.174522,-1.953442,1.953442,3.000000,0.692897,0.000000,0.000000,-0.000021,0.000026,-0.000173,0.328048,0.004736,0.531211,0.320436,0.006420,0.518721,-0.012440,-0.223357
4.336000,0.799156,0.149884,0.190217,-0.714733,0.157286,-1.921175,1.921175,3.000000,0.731835,0.000000,0.000000,0.000565,0.000623,-0.000461,0.328048,0.004738,0.531211,0.320436,0.006420,0.518521,-0.012640,-0.224506
4.346000,0.713172,0.098864,0.238717,-0.800716,0.106266,-1.872675,1.872675,3.000000,0.807737,0.000000,0.000000,-0.000475,0.000543,0.000248,0.328047,0.004737,0.531210,0.320436,0.006420,0.518321,-0.012840,-0.234115
4.356000,0.776177,0.160768,0.202854,-0.737712,0.168170,-1.908538,1.908538,3.000000,0.756638,0.000000,0.000000,0.000010,0.000212,-0.000634,0.328047,0.004737,0.531211,0.320436,0.006420,0.518121,-0.013040,-0.230236
4.366000,0.752307,0.163778,0.221420,-0.761582,0.171181,-1.889972,1.889972,3.000000,0.780583,0.000000,0.000000,0.000133,-0.000213,0.000603,0.328048,0.004735,0.531214,0.320436,0.006420,0.517921,-0.013240,-0.244388
4.376000,0.741367,0.221781,0.240240,-0.772522,0.229183,-1.871152,1.871152,3.000000,0.805801,0.000000,0.000000,-0.000155,-0.000728,-0.001140,0.328048,0.004735,0.531210,0.320436,0.006420,0.517721,-0.013440,-0.233124
4.386000,0.743394,0.232357,0.273616,-0.770495,0.239759,-1.837776,1.837776,3.000000,0.806937,0.000000,0.000000,-0.000333,-0.000765,-0.000399,0.328048,0.004735,0.531209,0.320436,0.006420,0.517521,-0.013640,-0.243005
4.396000,0.795416,0.234207,0.222323,-0.718473,0.241609,-1.889069,1.889069,3.000000,0.758010,0.000000,0.000000,0.000249,-0.000430,-0.000607,0.328048,0.004736,0.531209,0.320436,0.006420,0.517321,-0.013840,-0.244833
4.406000,0.770914,0.215602,0.241200,-0.742975,0.223004,-1.870193,1.870193,3.000000,0.775721,0.000000,0.000000,0.000041,-0.000591,-0.000397,0.328048,0.004735,0.531209,0.320436,0.006420,0.517121,-0.014040,-0.250224
4.416000,0.781764,0.156604,0.259801,-0.732125,0.164007,-1.851591,1.851591,3.000000,0.750270,0.000000,0.000000,-0.000026,0.000677,-0.000903,0.328048,0.004738,0.531211,0.320436,0.006420,0.516921,-0.014240,-0.249553
4.426000,0.832312,0.171349,0.282195,-0.681577,0.178751,-1.829197,1.829197,3.000000,0.704627,0.000000,0.000000,0.000251,-0.000012,-0.000475,0.328048,0.004736,0.531209,0.320436,0.006420,0.516721,-0.014440,-0.256746
4.436000,0.809513,0.145065,0.276234,-0.704375,0.152467,-1.835158,1.835158,3.000000,0.720688,0.000000,0.000000,-0.000277,-0.000593,0.000108,0.328047,0.004735,0.531211,0.320436,0.006420,0.516521,-0.014640,-0.265343
4.446000,0.779437,0.157263,0.284071,-0.734451,0.164665,-1.827321,1.827321,3.000000,0.752684,0.000000,0.000000,-0.000048,0.000101,-0.000254,0.328048,0.004737,0.531209,0.320436,0.006420,0.516321,-0.014840,-0.265833
4.456000,0.840325,0.173946,0.249716,-0.673564,0.181349,-1.861676,1.861676,3.000000,0.697550,0.000000,0.000000,0.000325,0.000415,0.000982,0.328048,0.004738,0.531214,0.320436,0.006420,0.516121,-0.015040,-0.280000
4.466000,0.842293,0.127888,0.265163,-0.671596,0.135290,-1.846229,1.846229,3.000000,0.685087,0.000000,0.000000,-0.000095,0.000370,0.000191,0.328048,0.004737,0.531210,0.320436,0.006420,0.515921,-0.015240,-0.276827
4.476000,0.838842,0.127538,0.291896,-0.675046,0.134941,-1.819496,1.819496,3.000000,0.688402,0.000000,0.000000,-0.000255,0.000559,0.000549,0.328048,0.004738,0.531211,0.320436,0.006420,0.515721,-0.015440,-0.283483
4.486000,0.843756,0.149207,0.295196,-0.670133,0.156609,-1.816196,1.816196,3.000000,0.688189,0.000000,0.000000,-0.000121,-0.000649,0.000419,0.328048,0.004737,0.531211,0.320436,0.006420,0.515521,-0.015640,-0.285977
4.496000,0.870024,0.166014,0.306282,-0.643865,0.173416,-1.805110,1.805110,3.000000,0.666810,0.000000,0.000000,-0.000246,0.000276,-0.000194,0.328047,0.004739,0.531210,0.320436,0.006420,0.515321,-0.015840,-0.284351
4.506000,0.828003,0.167164,0.305184,-0.685886,0.174566,-1.806209,1.806209,3.000000,0.707752,0.000000,0.000000,0.000003,0.000234,0.000097,0.328047,0.004738,0.531210,0.320436,0.006420,0.515121,-0.016040,-0.290424
4.516000,0.829950,0.182453,0.303509,-0.683939,0.189855,-1.807883,1.807883,3.000000,0.709801,0.000000,0.000000,0.000043,-0.000576,-0.000016,0.328046,0.004737,0.531208,0.320436,0.006420,0.514921,-0.016240,-0.293035
4.526000,0.808886,0.178387,0.334093,-0.705003,0.185789,-1.777299,1.777299,3.000000,0.729072,0.000000,0.000000,0.000551,0.000544,0.000012,0.328048,0.004739,0.531209,0.320436,0.006420,0.514721,-0.016440,-0.296891
4.536000,0.892002,0.138546,0.310119,-0.621887,0.145948,-1.801273,1.801273,3.000000,0.638784,0.000000,0.000000,0.000025,-0.000320,0.000376,0.328048,0.004737,0.531211,0.320436,0.006420,0.514521,-0.016640,-0.303609
4.546000,0.857247,0.164514,0.328772,-0.656642,0.171916,-1.782620,1.782620,3.000000,0.678774,0.000000,0.000000,0.000194,-0.000061,-0.000168,0.328047,0.004736,0.531209,0.320436,0.006420,0.514321,-0.016840,-0.302556
4.556000,0.840822,0.179457,0.325725,-0.673067,0.186859,-1.785667,1.785667,3.000000,0.698523,0.000000,0.000000,0.000444,-0.000500,0.000429,0.328048,0.004736,0.531210,0.320436,0.006420,0.514121,-0.017040,-0.311240
4.566000,0.844806,0.183562,0.339477,-0.669083,0.190964,-1.771915,1.771915,3.000000,0.695801,0.000000,0.000000,0.000161,0.000948,-0.000015,0.328047,0.004739,0.531209,0.320436,0.006420,0.513921,-0.017240,-0.311052
4.576000,0.862669,0.170495,0.340287,-0.651220,0.177897,-1.771105,1.771105,3.000000,0.675082,0.000000,0.000000,0.000003,0.000084,-0.000118,0.328047,0.004738,0.531209,0.320436,0.006420,0.513721,-0.017440,-0.313777
4.586000,0.873426,0.186550,0.350963,-0.640462,0.193952,-1.760429,1.760429,3.000000,0.669186,0.000000,0.000000,-0.000106,-0.000201,0.000284,0.328048,0.004738,0.531210,0.320436,0.006420,0.513521,-0.017640,-0.320824
4.596000,0.873447,0.150041,0.357460,-0.640442,0.157443,-1.753932,1.753932,3.000000,0.659510,0.000000,0.000000,0.000234,0.000351,0.000978,0.328048,0.004740,0.531212,0.320436,0.006420,0.513321,-0.017840,-0.330334
4.606000,0.857287,0.132985,0.355809,-0.656602,0.140387,-1.755583,1.755583,3.000000,0.671443,0.000000,0.000000,0.000026,-0.000292,0.000161,0.328048,0.004739,0.531210,0.320436,0.006420,0.513121,-0.018040,-0.326970
4.616000,0.853670,0.122733,0.340530,-0.660219,0.130135,-1.770862,1.770862,3.000000,0.672922,0.000000,0.000000,-0.000008,0.000506,-0.000514,0.328047,0.004740,0.531207,0.320436,0.006420,0.512921,-0.018240,-0.324795
4.626000,0.877226,0.121607,0.343084,-0.636662,0.129009,-1.768308,1.768308,3.000000,0.649602,0.000000,0.000000,0.000259,0.000868,0.000372,0.328048,0.004741,0.531209,0.320436,0.006420,0.512721,-0.018440,-0.335947
4.636000,0.893584,0.116869,0.340753,-0.620305,0.124271,-1.770639,1.770639,3.000000,0.632631,0.000000,0.000000,-0.000027,-0.000551,-0.000104,0.328047,0.004737,0.531210,0.320436,0.006420,0.512521,-0.018640,-0.335513
4.646000,0.847717,0.149051,0.343129,-0.666172,0.156453,-1.768263,1.768263,3.000000,0.684297,0.000000,0.000000,-0.000111,-0.000371,0.000926,0.328047,0.004738,0.531211,0.320436,0.006420,0.512321,-0.018840,-0.347877
4.656000,0.916248,0.123525,0.321053,-0.597641,0.130927,-1.790339,1.790339,3.000000,0.611814,0.000000,0.000000,-0.000242,0.000098,0.000133,0.328047,0.004739,0.531209,0.320436,0.006420,0.512121,-0.019040,-0.344709
4.666000,0.910040,0.100889,0.333007,-0.603849,0.108291,-1.778385,1.778385,3.000000,0.613482,0.000000,0.000000,-0.000047,-0.000310,-0.000192,0.328046,0.004737,0.531209,0.320436,0.006420,0.511921,-0.019240,-0.345551
4.676000,0.880817,0.103120,0.324208,-0.633072,0.110522,-1.787184,1.787184,3.000000,0.642647,0.000000,0.000000,0.000388,-0.000493,0.000278,0.328048,0.004737,0.531210,0.320436,0.006420,0.511721,-0.019440,-0.353168
4.686000,0.826686,0.121812,0.348105,-0.687203,0.129214,-1.763287,1.763287,3.000000,0.699246,0.000000,0.000000,0.000024,0.000591,-0.000276,0.328047,0.004740,0.531208,0.320436,0.006420,0.511521,-0.019640,-0.352024
4.696000,0.895398,0.108689,0.334918,-0.618491,0.116091,-1.776474,1.776474,3.000000,0.629291,0.000000,0.000000,-0.000236,-0.000211,0.000088,0.328047,0.004738,0.531210,0.320436,0.006420,0.511321,-0.019840,-0.358751
4.706000,0.899399,0.143998,0.336432,-0.614490,0.151400,-1.774960,1.774960,3.000000,0.632866,0.000000,0.000000,-0.000245,0.000301,0.000317,0.328046,0.004741,0.531208,0.320436,0.006420,0.511121,-0.020040,-0.364258
4.716000,0.888175,0.145823,0.350661,-0.625714,0.153225,-1.760731,1.760731,3.000000,0.644202,0.000000,0.000000,-0.000285,-0.000227,-0.000003,0.328046,0.004737,0.531210,0.320436,0.006420,0.510921,-0.020240,-0.365175
4.726000,0.871038,0.140631,0.370684,-0.642851,0.148033,-1.740708,1.740708,3.000000,0.659675,0.000000,0.000000,0.000154,-0.000252,0.001027,0.328048,0.004737,0.531211,0.320436,0.006420,0.510721,-0.020440,-0.377533
4.736000,0.864570,0.154264,0.390033,-0.649319,0.161666,-1.721359,1.721359,3.000000,0.669142,0.000000,0.000000,-0.000184,-0.000672,-0.000257,0.328046,0.004737,0.531208,0.320436,0.006420,0.510521,-0.020640,-0.370185
4.746000,0.896304,0.122013,0.384190,-0.617585,0.129415,-1.727202,1.727202,3.000000,0.630998,0.000000,0.000000,-0.000153,-0.000509,0.000298,0.328046,0.004738,0.531208,0.320436,0.006420,0.510321,-0.020840,-0.378498
4.756000,0.877982,0.123361,0.392502,-0.635907,0.130763,-1.718890,1.718890,3.000000,0.649213,0.000000,0.000000,0.000253,0.000596,0.000328,0.328047,0.004741,0.531209,0.320436,0.006420,0.510121,-0.021040,-0.382365
4.766000,0.918972,0.113635,0.346971,-0.594917,0.121037,-1.764421,1.764421,3.000000,0.607105,0.000000,0.000000,-0.000049,0.000076,-0.001077,0.328047,0.004740,0.531207,0.320436,0.006420,0.509921,-0.021240,-0.374021
4.776000,0.892151,0.094631,0.362901,-0.621738,0.102033,-1.748491,1.748491,3.000000,0.630055,0.000000,0.000000,0.000196,-0.000202,-0.000617,0.328047,0.004740,0.531206,0.320436,0.006420,0.509721,-0.021440,-0.381501
4.786000,0.892045,0.107634,0.360313,-0.621844,0.115037,-1.751079,1.751079,3.000000,0.632395,0.000000,0.000000,-0.000161,-0.000380,-0.000038,0.328046,0.004740,0.531208,0.320436,0.006420,0.509521,-0.021640,-0.390047
4.796000,0.884115,0.099386,0.343978,-0.629774,0.106788,-1.767414,1.767414,3.000000,0.638763,0.000000,0.000000,-0.000160,0.000297,-0.000484,0.328047,0.004741,0.531208,0.320436,0.006420,0.509321,-0.021840,-0.389854
4.806000,0.915754,0.058800,0.356109,-0.598135,0.066202,-1.755283,1.755283,3.000000,0.601787,0.000000,0.000000,0.000080,0.000497,-0.000722,0.328047,0.004742,0.531210,0.320436,0.006420,0.509121,-0.022040,-0.391470
4.816000,0.849737,0.041442,0.376756,-0.664152,0.048844,-1.734636,1.734636,3.000000,0.665946,0.000000,0.000000,0.000196,0.000356,-0.000131,0.328047,0.004741,0.531210,0.320436,0.006420,0.508921,-0.022240,-0.400098
4.826000,0.904997,0.080223,0.337609,-0.608892,0.087626,-1.773783,1.773783,3.000000,0.615165,0.000000,0.000000,0.000214,0.000410,0.000303,0.328047,0.004741,0.531211,0.320436,0.006420,0.508721,-0.022440,-0.407400
4.836000,0.942551,0.058087,0.344723,-0.571338,0.065489,-1.766669,1.766669,3.000000,0.575079,0.000000,0.000000,-0.000156,0.000057,-0.000983,0.328047,0.004741,0.531210,0.320436,0.006420,0.508521,-0.022640,-0.400059
4.846000,0.879549,0.062353,0.342970,-0.634339,0.069755,-1.768422,1.768422,3.000000,0.638163,0.000000,0.000000,0.000220,0.000812,-0.000911,0.328047,0.004742,0.531208,0.320436,0.006420,0.508321,-0.022840,-0.404230
4.856000,0.882273,0.091551,0.297072,-0.631616,0.098953,-1.814320,1.814320,3.000000,0.639320,0.000000,0.000000,0.000081,-0.000320,0.000610,0.328047,0.004739,0.531212,0.320436,0.006420,0.508121,-0.023040,-0.420811
4.866000,0.907196,0.098143,0.265282,-0.606693,0.105546,-1.846111,1.846111,3.000000,0.615806,0.000000,0.000000,0.000226,-0.000815,0.001090,0.328048,0.004736,0.531213,0.320436,0.006420,0.507921,-0.023240,-0.428501
4.876000,0.880700,0.080903,0.286138,-0.633189,0.088306,-1.825254,1.825254,3.000000,0.639317,0.000000,0.000000,0.000488,0.000667,-0.001458,0.328048,0.004741,0.531208,0.320436,0.006420,0.507721,-0.023440,-0.410387
4.886000,0.858925,0.098886,0.272153,-0.654964,0.106288,-1.839239,1.839239,3.000000,0.663533,0.000000,0.000000,-0.000516,0.000636,0.000509,0.328046,0.004741,0.531212,0.320436,0.006420,0.507521,-0.023640,-0.430760
4.896000,0.848375,0.085157,0.249057,-0.665514,0.092560,-1.862335,1.862335,3.000000,0.671920,0.000000,0.000000,0.000507,0.000375,0.000866,0.328048,0.004740,0.531212,0.320436,0.006420,0.507321,-0.023840,-0.437396
4.906000,0.879092,0.063914,0.252329,-0.634797,0.071316,-1.859063,1.859063,3.000000,0.638790,0.000000,0.000000,0.000028,0.000498,-0.000686,0.328048,0.004740,0.531211,0.320436,0.006420,0.507121,-0.024040,-0.427797
4.916000,0.885984,0.079175,0.262388,-0.627905,0.086577,-1.849004,1.849004,3.000000,0.633845,0.000000,0.000000,0.000349,0.000477,0.000190,0.328048,0.004740,0.531211,0.320436,0.006420,0.506921,-0.024240,-0.438824
4.926000,0.881287,0.099382,0.282055,-0.632602,0.106784,-1.829337,1.829337,3.000000,0.641552,0.000000,0.000000,-0.000080,0.000300,-0.000334,0.328048,0.004739,0.531210,0.320436,0.006420,0.506721,-0.024440,-0.437975
4.936000,0.852118,0.103322,0.225716,-0.661771,0.110724,-1.885677,1.885677,3.000000,0.670970,0.000000,0.000000,0.000244,-0.000117,0.000096,0.328048,0.004739,0.531213,0.320436,0.006420,0.506521,-0.024640,-0.445275
4.946000,0.827240,0.139532,0.195299,-0.686649,0.146934,-1.916093,1.916093,3.000000,0.702194,0.000000,0.000000,0.000126,0.000315,-0.000494,0.328047,0.004740,0.531214,0.320436,0.006420,0.506321,-0.024840,-0.443878
4.956000,0.798713,0.130230,0.152734,-0.715176,0.137632,-1.958658,1.958658,3.000000,0.728299,0.000000,0.000000,-0.000064,-0.000609,0.000663,0.328048,0.004739,0.531218,0.320436,0.006420,0.506121,-0.025040,-0.457381
4.966000,0.778509,0.129277,0.114005,-0.735380,0.136679,-1.997387,1.997387,3.000000,0.747974,0.000000,0.000000,-0.000143,0.000338,0.000179,0.328048,0.004741,0.531219,0.320436,0.006420,0.505921,-0.025240,-0.456876
4.976000,0.738237,0.097783,0.039548,-0.775652,0.105185,-2.071844,2.071844,3.000000,0.782752,0.000000,0.000000,-0.000207,0.000006,-0.000014,0.328047,0.004740,0.531218,0.320436,0.006420,0.505921,-0.025240,-0.455225
4.986000,0.725840,0.079872,-0.000156,-0.788048,0.087274,-2.111548,2.111548,3.000000,0.792866,0.000000,0.000000,0.000309,0.000171,-0.000400,0.328049,0.004740,0.531215,0.320436,0.006420,0.505921,-0.025240,-0.451903
4.996000,0.726582,0.094913,-0.027297,-0.787307,0.102315,-2.138689,2.138689,3.000000,0.793927,0.000000,0.000000,0.000003,-0.000193,0.000005,0.328047,0.004738,0.531216,0.320436,0.006420,0.505921,-0.025240,-0.455349
5.006000,0.765119,0.101858,-0.058250,-0.748770,0.109260,-2.169643,2.169643,3.000000,0.756700,0.000000,0.000000,-0.000437,-0.000169,0.000052,0.328047,0.004739,0.531217,0.320436,0.006420,0.505921,-0.025240,-0.455775
5.016000,0.772078,0.116359,-0.052487,-0.741811,0.123761,-2.163879,2.163879,3.000000,0.752064,0.000000,0.000000,-0.000438,-0.000613,-0.000161,0.328048,0.004738,0.531216,0.320436,0.006420,0.505921,-0.025240,-0.453943
5.026000,0.724521,0.135959,-0.034367,-0.789368,0.143361,-2.145759,2.145759,3.000000,0.802281,0.000000,0.000000,-0.000103,0.000604,0.000228,0.328049,0.004741,0.531213,0.320436,0.006420,0.505921,-0.025240,-0.457193
5.036000,0.735297,0.157652,-0.021308,-0.778592,0.165054,-2.132700,2.132700,3.000000,0.795894,0.000000,0.000000,-0.000101,-0.000503,-0.000015,0.328048,0.004738,0.531214,0.320436,0.006420,0.505921,-0.025240,-0.455154
5.046000,0.723641,0.104765,-0.008169,-0.790248,0.112167,-2.119561,2.119561,3.000000,0.798169,0.000000,0.000000,-0.000276,0.000233,-0.000419,0.328047,0.004738,0.531212,0.320436,0.006420,0.505921,-0.025240,-0.451688
5.056000,0.704484,0.129512,0.024828,-0.809405,0.136914,-2.086564,2.086564,3.000000,0.820903,0.000000,0.000000,0.000128,0.000174,-0.000744,0.328048,0.004738,0.531210,0.320436,0.006420,0.505921,-0.025240,-0.448887
5.066000,0.717244,0.150172,0.009724,-0.796645,0.157574,-2.101668,2.101668,3.000000,0.812080,0.000000,0.000000,-0.000351,0.000126,-0.000704,0.328048,0.004738,0.531212,0.320436,0.006420,0.505921,-0.025240,-0.449265
5.076000,0.706547,0.168266,0.038332,-0.807342,0.175668,-2.073060,2.073060,3.000000,0.826232,0.000000,0.000000,-0.000323,0.000647,-0.000036,0.328048,0.004740,0.531213,0.320436,0.006420,0.505921,-0.025240,-0.454962
5.086000,0.734148,0.165065,0.021459,-0.779741,0.172467,-2.089933,2.089933,3.000000,0.798587,0.000000,0.000000,0.000223,-0.000016,-0.000350,0.328048,0.004739,0.531212,0.320436,0.006420,0.505921,-0.025240,-0.452255
5.096000,0.713964,0.188353,0.015795,-0.799925,0.195755,-2.095597,2.095597,3.000000,0.823529,0.000000,0.000000,0.000043,-0.000255,0.000244,0.328047,0.004738,0.531213,0.320436,0.006420,0.505921,-0.025240,-0.457327
5.106000,0.710454,0.162574,0.026751,-0.803435,0.169976,-2.084641,2.084641,3.000000,0.821218,0.000000,0.000000,0.000116,-0.000940,-0.000222,0.328048,0.004737,0.531216,0.320436,0.006420,0.505921,-0.025240,-0.453420
5.116000,0.734047,0.156392,0.010121,-0.779842,0.163794,-2.101271,2.101271,3.000000,0.796857,0.000000,0.000000,0.000182,0.000574,-0.000124,0.328048,0.004741,0.531215,0.320436,0.006420,0.505921,-0.025240,-0.454235
5.126000,0.734403,0.134325,0.007830,-0.779486,0.141727,-2.103562,2.103562,3.000000,0.792265,0.000000,0.000000,0.000039,0.000268,-0.000470,0.328048,0.004741,0.531214,0.320436,0.006420,0.505921,-0.025240,-0.451279
5.136000,0.800701,0.139002,-0.011811,-0.713188,0.146404,-2.123203,2.123203,3.000000,0.728060,0.000000,0.000000,-0.000005,0.000160,0.000897,0.328048,0.004739,0.531218,0.320436,0.006420,0.505921,-0.025240,-0.462953
5.146000,0.775868,0.086066,-0.024533,-0.738021,0.093468,-2.135925,2.135925,3.000000,0.743916,0.000000,0.000000,-0.000137,0.000754,0.000727,0.328047,0.004741,0.531217,0.320436,0.006420,0.505921,-0.025240,-0.461504
5.156000,0.757783,0.095519,-0.028266,-0.756106,0.102921,-2.139658,2.139658,3.000000,0.763079,0.000000,0.000000,-0.000028,-0.000118,-0.000051,0.328048,0.004739,0.531215,0.320436,0.006420,0.505921,-0.025240,-0.454861
5.166000,0.725472,0.116430,-0.010765,-0.788417,0.123832,-2.122158,2.122158,3.000000,0.798082,0.000000,0.000000,-0.000192,-0.000309,-0.000458,0.328047,0.004740,0.531214,0.320436,0.006420,0.505921,-0.025240,-0.451385
5.176000,0.734160,0.119372,-0.026205,-0.779729,0.126774,-2.137597,2.137597,3.000000,0.789968,0.000000,0.000000,0.000329,-0.000163,-0.000331,0.328049,0.004740,0.531213,0.320436,0.006420,0.505921,-0.025240,-0.452448
5.186000,0.717503,0.092990,-0.016505,-0.796386,0.100392,-2.127898,2.127898,3.000000,0.802689,0.000000,0.000000,0.000197,0.000516,0.000377,0.328048,0.004742,0.531215,0.320436,0.006420,0.505921,-0.025240,-0.458498
5.196000,0.705989,0.111459,0.012996,-0.807900,0.118861,-2.098396,2.098396,3.000000,0.816597,0.000000,0.000000,-0.000267,0.000248,-0.000388,0.328048,0.004741,0.531213,0.320436,0.006420,0.505921,-0.025240,-0.451959
5.206000,0.715530,0.083497,0.028580,-0.798359,0.090899,-2.082812,2.082812,3.000000,0.803517,0.000000,0.000000,0.000234,0.000050,-0.000060,0.328048,0.004739,0.531214,0.320436,0.006420,0.505921,-0.025240,-0.454759
5.216000,0.678627,0.072923,0.041497,-0.835262,0.080325,-2.069895,2.069895,3.000000,0.839116,0.000000,0.000000,0.000596,0.000487,-0.000608,0.328049,0.004740,0.531210,0.320436,0.006420,0.505921,-0.025240,-0.450039
5.226000,0.748085,0.089495,0.033208,-0.765804,0.096897,-2.078184,2.078184,3.000000,0.771910,0.000000,0.000000,0.000312,0.000505,0.000029,0.328048,0.004741,0.531213,0.320436,0.006420,0.505921,-0.025240,-0.455493
5.236000,0.778195,0.108103,0.035760,-0.735694,0.115505,-2.075632,2.075632,3.000000,0.744706,0.000000,0.000000,0.000446,0.000089,0.000706,0.328049,0.004739,0.531215,0.320436,0.006420,0.505921,-0.025240,-0.461278
5.246000,0.749925,0.130817,0.034956,-0.763964,0.138219,-2.076436,2.076436,3.000000,0.776367,0.000000,0.000000,0.000013,0.000399,-0.000372,0.328048,0.004739,0.531212,0.320436,0.006420,0.505921,-0.025240,-0.452089
5.256000,0.747160,0.098822,0.063038,-0.766728,0.106224,-2.048354,2.048354,3.000000,0.774052,0.000000,0.000000,0.000621,-0.000654,-0.000066,0.328048,0.004739,0.531212,0.320436,0.006420,0.505921,-0.025240,-0.454677
5.266000,0.733444,0.165442,0.068911,-0.780445,0.172844,-2.042481,2.042481,3.000000,0.799356,0.000000,0.000000,0.000090,-0.000277,0.000022,0.328048,0.004741,0.531214,0.320436,0.006420,0.505921,-0.025240,-0.455454
5.276000,0.752616,0.150542,0.089622,-0.761273,0.157944,-2.021770,2.021770,3.000000,0.777485,0.000000,0.000000,-0.000215,-0.000116,-0.000383,0.328047,0.004740,0.531212,0.320436,0.006420,0.505921,-0.025240,-0.451996
5.286000,0.794746,0.107400,0.071358,-0.719143,0.114802,-2.040034,2.040034,3.000000,0.728249,0.000000,0.000000,0.000169,-0.000201,-0.000470,0.328048,0.004739,0.531212,0.320436,0.006420,0.505921,-0.025240,-0.451256
5.296000,0.775438,0.093871,0.112798,-0.738451,0.101273,-1.998594,1.998594,3.000000,0.745363,0.000000,0.000000,0.000175,-0.000060,-0.000630,0.328048,0.004740,0.531212,0.320436,0.006420,0.505901,-0.025260,-0.450246
5.306000,0.755213,0.120970,0.092423,-0.758676,0.128372,-2.018969,2.018969,3.000000,0.769460,0.000000,0.000000,0.000034,-0.000186,0.000777,0.328047,0.004740,0.531215,0.320436,0.006420,0.505761,-0.025400,-0.464776
5.316000,0.794214,0.109352,0.067661,-0.719675,0.116754,-2.043731,2.043731,3.000000,0.729084,0.000000,0.000000,0.000108,-0.000325,0.000318,0.328049,0.004741,0.531214,0.320436,0.006420,0.505761,-0.025400,-0.460857
5.326000,0.798494,0.089130,0.075357,-0.715395,0.096532,-2.036035,2.036035,3.000000,0.721878,0.000000,0.000000,0.000081,-0.000502,0.000657,0.328048,0.004741,0.531214,0.320436,0.006420,0.505761,-0.025400,-0.463734
5.336000,0.810035,0.058791,0.094364,-0.703853,0.066193,-2.017029,2.017029,3.000000,0.706959,0.000000,0.000000,-0.000120,0.000560,-0.000040,0.328047,0.004741,0.531212,0.320436,0.006420,0.505761,-0.025400,-0.457774
5.346000,0.785818,0.066714,0.124610,-0.728071,0.074116,-1.986782,1.986782,3.000000,0.731833,0.000000,0.000000,-0.000108,0.000437,0.000309,0.328048,0.004742,0.531213,0.320436,0.006420,0.505601,-0.025560,-0.463632
5.356000,0.773161,0.073597,0.120997,-0.740727,0.080999,-1.990395,1.990395,3.000000,0.745143,0.000000,0.000000,0.000394,0.000095,0.000187,0.328049,0.004741,0.531212,0.320436,0.006420,0.505421,-0.025740,-0.465825
5.366000,0.778708,0.082595,0.109081,-0.735181,0.089997,-2.002311,2.002311,3.000000,0.740669,0.000000,0.000000,0.000024,0.000104,-0.000004,0.328048,0.004740,0.531212,0.320436,0.006420,0.505361,-0.025800,-0.465286
5.376000,0.780815,0.080842,0.115081,-0.733074,0.088244,-1.996311,1.996311,3.000000,0.738366,0.000000,0.000000,0.000549,0.000068,0.000017,0.328049,0.004740,0.531212,0.320436,0.006420,0.505161,-0.026000,-0.469064
5.386000,0.795737,0.087862,0.114325,-0.718152,0.095264,-1.997067,1.997067,3.000000,0.724443,0.000000,0.000000,0.000236,0.000180,0.000670,0.328048,0.004741,0.531214,0.320436,0.006420,0.505041,-0.026120,-0.476788
5.396000,0.776310,0.089327,0.128713,-0.737578,0.096729,-1.982679,1.982679,3.000000,0.743894,0.000000,0.000000,-0.000119,0.000323,0.000516,0.328047,0.004741,0.531214,0.320436,0.006420,0.504941,-0.026220,-0.477295
5.406000,0.796296,0.071672,0.127090,-0.717593,0.079074,-1.984302,1.984302,3.000000,0.721936,0.000000,0.000000,-0.000118,0.000515,0.000360,0.328047,0.004740,0.531214,0.320436,0.006420,0.504741,-0.026420,-0.479574
5.416000,0.847797,0.085498,0.112485,-0.666092,0.092900,-1.998907,1.998907,3.000000,0.672539,0.000000,0.000000,0.000077,0.000208,0.000632,0.328048,0.004740,0.531213,0.320436,0.006420,0.504541,-0.026620,-0.485447
5.426000,0.837847,0.099440,0.098569,-0.676042,0.106842,-2.012823,2.012823,3.000000,0.684433,0.000000,0.000000,0.000025,-0.000000,-0.000011,0.328047,0.004739,0.531212,0.320436,0.006420,0.504541,-0.026620,-0.479981
5.436000,0.793137,0.083804,0.129188,-0.720752,0.091206,-1.982204,1.982204,3.000000,0.726500,0.000000,0.000000,-0.000150,0.000200,0.000463,0.328048,0.004742,0.531213,0.320436,0.006420,0.504401,-0.026760,-0.486539
5.446000,0.796369,0.074441,0.141690,-0.717520,0.081843,-1.969702,1.969702,3.000000,0.722173,0.000000,0.000000,-0.000200,0.000258,-0.000038,0.328047,0.004740,0.531211,0.320436,0.006420,0.504201,-0.026960,-0.485858
5.456000,0.784260,0.084396,0.162475,-0.729629,0.091798,-1.948917,1.948917,3.000000,0.735381,0.000000,0.000000,0.000111,0.000261,-0.000040,0.328049,0.004742,0.531213,0.320436,0.006420,0.504001,-0.027160,-0.489473
5.466000,0.733970,0.092605,0.141980,-0.779919,0.100007,-1.969412,1.969412,3.000000,0.786304,0.000000,0.000000,0.000039,-0.000550,0.000507,0.328047,0.004741,0.531212,0.320436,0.006420,0.503801,-0.027360,-0.497706
5.476000,0.737268,0.095744,0.107543,-0.776621,0.103147,-2.003849,2.003849,3.000000,0.783441,0.000000,0.000000,0.000077,0.000409,0.000218,0.328048,0.004743,0.531214,0.320436,0.006420,0.503621,-0.027540,-0.498514
5.486000,0.764157,0.069315,0.122442,-0.749732,0.076717,-1.988950,1.988950,3.000000,0.753647,0.000000,0.000000,-0.000311,-0.000402,-0.000222,0.328047,0.004741,0.531211,0.320436,0.006420,0.503581,-0.027580,-0.495467
5.496000,0.786802,0.083552,0.137586,-0.727086,0.090954,-1.973806,1.973806,3.000000,0.732753,0.000000,0.000000,0.000113,-0.000558,-0.000190,0.328048,0.004741,0.531211,0.320436,0.006420,0.503381,-0.027780,-0.499336
5.506000,0.775363,0.016005,0.133586,-0.738526,0.023407,-1.977806,1.977806,3.000000,0.738897,0.000000,0.000000,0.000033,0.000380,-0.000740,0.328048,0.004743,0.531212,0.320436,0.006420,0.503181,-0.027980,-0.498281
5.516000,0.802033,0.020267,0.109535,-0.711856,0.027669,-2.001857,2.001857,3.000000,0.712394,0.000000,0.000000,-0.000050,-0.000866,-0.000284,0.328048,0.004740,0.531214,0.320436,0.006420,0.503001,-0.028160,-0.505426
5.526000,0.764974,0.048406,0.097360,-0.748915,0.055808,-2.014032,2.014032,3.000000,0.750992,0.000000,0.000000,-0.000239,0.000294,0.000044,0.328047,0.004742,0.531214,0.320436,0.006420,0.503001,-0.028160,-0.508205
5.536000,0.821756,0.019665,0.076786,-0.692133,0.027067,-2.034606,2.034606,3.000000,0.692662,0.000000,0.000000,0.000291,0.000483,0.000644,0.328048,0.004745,0.531216,0.320436,0.006420,0.503001,-0.028160,-0.513328
5.546000,0.787701,0.040326,0.069538,-0.726188,0.047728,-2.041854,2.041854,3.000000,0.727755,0.000000,0.000000,0.000353,-0.000724,-0.000395,0.328048,0.004742,0.531213,0.320436,0.006420,0.503001,-0.028160,-0.504470
5.556000,0.775245,0.067731,0.053926,-0.738644,0.075133,-2.057466,2.057466,3.000000,0.742455,0.000000,0.000000,0.000776,0.000098,-0.001284,0.328048,0.004743,0.531212,0.320436,0.006420,0.503001,-0.028160,-0.496892
5.566000,0.756289,0.078166,0.070671,-0.757600,0.085568,-2.040721,2.040721,3.000000,0.762417,0.000000,0.000000,0.000528,-0.000848,0.000447,0.328049,0.004741,0.531215,0.320436,0.006420,0.503001,-0.028160,-0.511636
5.576000,0.783108,0.045426,0.115490,-0.730781,0.052828,-1.995902,1.995902,3.000000,0.732688,0.000000,0.000000,0.000115,-0.000900,-0.000511,0.328048,0.004741,0.531212,0.320436,0.006420,0.502981,-0.028180,-0.503822
5.586000,0.795689,0.072571,0.077313,-0.718200,0.079973,-2.034079,2.034079,3.000000,0.722639,0.000000,0.000000,0.000142,-0.000846,-0.000053,0.328048,0.004740,0.531211,0.320436,0.006420,0.502941,-0.028220,-0.508418
5.596000,0.744743,0.079455,0.070298,-0.769146,0.086857,-2.041095,2.041095,3.000000,0.774035,0.000000,0.000000,0.000322,0.000177,0.000855,0.328048,0.004741,0.531214,0.320436,0.006420,0.502941,-0.028220,-0.516167
5.606000,0.766906,0.058477,0.074852,-0.746983,0.065879,-2.036540,2.036540,3.000000,0.749882,0.000000,0.000000,0.000014,0.000040,0.000171,0.328048,0.004742,0.531213,0.320436,0.006420,0.502941,-0.028220,-0.510338
5.616000,0.793140,0.065538,0.068602,-0.720749,0.072940,-2.042790,2.042790,3.000000,0.724431,0.000000,0.000000,-0.000122,-0.000405,-0.000555,0.328048,0.004741,0.531211,0.320436,0.006420,0.502941,-0.028220,-0.504155
5.626000,0.762331,0.066610,0.085468,-0.751558,0.074012,-2.025924,2.025924,3.000000,0.755193,0.000000,0.000000,0.000474,-0.000409,0.000318,0.328048,0.004741,0.531213,0.320436,0.006420,0.502941,-0.028220,-0.511588
5.636000,0.770027,0.098110,0.081350,-0.743862,0.105512,-2.030042,2.030042,3.000000,0.751308,0.000000,0.000000,-0.000292,-0.000465,-0.000839,0.328047,0.004741,0.531211,0.320436,0.006420,0.502941,-0.028220,-0.501751
5.646000,0.794320,0.071906,0.099368,-0.719569,0.079308,-2.012024,2.012024,3.000000,0.723926,0.000000,0.000000,-0.000030,-0.000420,0.000520,0.328047,0.004740,0.531214,0.320436,0.006420,0.502941,-0.028220,-0.513331
5.656000,0.731361,0.083886,0.091478,-0.782528,0.091288,-2.019914,2.019914,3.000000,0.787835,0.000000,0.000000,-0.000222,-0.000459,0.000167,0.328047,0.004741,0.531213,0.320436,0.006420,0.502941,-0.028220,-0.510320
5.666000,0.774015,0.087893,0.083508,-0.739874,0.095295,-2.027884,2.027884,3.000000,0.745985,0.000000,0.000000,0.000226,0.000464,0.000604,0.328048,0.004742,0.531215,0.320436,0.006420,0.502941,-0.028220,-0.514061
5.676000,0.790502,0.039299,0.098236,-0.723387,0.046701,-2.013156,2.013156,3.000000,0.724893,0.000000,0.000000,0.000017,0.000385,-0.000334,0.328048,0.004742,0.531214,0.320436,0.006420,0.502941,-0.028220,-0.506084
5.686000,0.817400,0.061063,0.076433,-0.696489,0.068465,-2.034959,2.034959,3.000000,0.699846,0.000000,0.000000,0.000016,0.000057,-0.000061,0.328047,0.004742,0.531214,0.320436,0.006420,0.502941,-0.028220,-0.508387
5.696000,0.798116,0.088355,0.085784,-0.715773,0.095757,-2.025608,2.025608,3.000000,0.722150,0.000000,0.000000,0.000366,-0.000177,0.000611,0.328048,0.004741,0.531214,0.320436,0.006420,0.502941,-0.028220,-0.514102
5.706000,0.819694,0.079091,0.089902,-0.694195,0.086493,-2.021490,2.021490,3.000000,0.699563,0.000000,0.000000,0.000123,-0.000222,-0.000024,0.328048,0.004742,0.531213,0.320436,0.006420,0.502941,-0.028220,-0.508693
5.716000,0.833648,0.095551,0.115208,-0.680240,0.102953,-1.996184,1.996184,3.000000,0.687987,0.000000,0.000000,-0.000144,0.000217,0.000094,0.328048,0.004742,0.531214,0.320436,0.006420,0.502821,-0.028340,-0.511861
5.726000,0.825929,0.053629,0.089249,-0.687960,0.061031,-2.022143,2.022143,3.000000,0.690662,0.000000,0.000000,-0.000218,-0.000033,-0.000833,0.328047,0.004740,0.531210,0.320436,0.006420,0.502821,-0.028340,-0.503926
5.736000,0.800302,0.069165,0.097446,-0.713587,0.076567,-2.013946,2.013946,3.000000,0.717683,0.000000,0.000000,-0.000023,-0.000146,0.000409,0.328047,0.004741,0.531211,0.320436,0.006420,0.502801,-0.028360,-0.514858
5.746000,0.791662,0.082218,0.089734,-0.722227,0.089620,-2.021658,2.021658,3.000000,0.727766,0.000000,0.000000,0.000113,-0.000305,0.000700,0.328049,0.004740,0.531212,0.320436,0.006420,0.502801,-0.028360,-0.517343
5.756000,0.798238,0.082918,0.131519,-0.715651,0.090320,-1.979873,1.979873,3.000000,0.721328,0.000000,0.000000,-0.000438,-0.000462,-0.000843,0.328047,0.004741,0.531209,0.320436,0.006420,0.502761,-0.028400,-0.504908
5.766000,0.723398,0.117255,0.169527,-0.790491,0.124657,-1.941865,1.941865,3.000000,0.800260,0.000000,0.000000,0.000315,0.000285,-0.000410,0.328048,0.004741,0.531208,0.320436,0.006420,0.502561,-0.028600,-0.512166
5.776000,0.757067,0.086630,0.176341,-0.756822,0.094032,-1.935051,1.935051,3.000000,0.762641,0.000000,0.000000,-0.000377,0.000074,0.000335,0.328047,0.004740,0.531212,0.320436,0.006420,0.502361,-0.028800,-0.522154
5.786000,0.845647,0.074464,0.172014,-0.668242,0.081866,-1.939379,1.939379,3.000000,0.673238,0.000000,0.000000,-0.000252,-0.000726,-0.000267,0.328047,0.004737,0.531210,0.320436,0.006420,0.502161,-0.029000,-0.520616
5.796000,0.816398,0.106076,0.216800,-0.697491,0.113478,-1.894592,1.894592,3.000000,0.706662,0.000000,0.000000,-0.000229,-0.000265,-0.000823,0.328047,0.004740,0.531208,0.320436,0.006420,0.501961,-0.029200,-0.519470
5.806000,0.810726,0.108662,0.240387,-0.703163,0.116064,-1.871005,1.871005,3.000000,0.712677,0.000000,0.000000,0.000396,0.000386,-0.000363,0.328048,0.004742,0.531209,0.320436,0.006420,0.501761,-0.029400,-0.526980
5.816000,0.828977,0.120841,0.208457,-0.684912,0.128243,-1.902935,1.902935,3.000000,0.696815,0.000000,0.000000,0.000322,0.000052,-0.000226,0.328049,0.004741,0.531211,0.320436,0.006420,0.501561,-0.029600,-0.531789
5.826000,0.879650,0.081310,0.183919,-0.634238,0.088712,-1.927473,1.927473,3.000000,0.640412,0.000000,0.000000,0.000060,0.000271,-0.000216,0.328047,0.004742,0.531209,0.320436,0.006420,0.501361,-0.029800,-0.535427
5.836000,0.874712,0.070403,0.182861,-0.639176,0.077805,-1.928531,1.928531,3.000000,0.643895,0.000000,0.000000,0.000082,0.000315,-0.000129,0.328047,0.004742,0.531209,0.320436,0.006420,0.501161,-0.030000,-0.539768
5.846000,0.845905,0.070718,0.235077,-0.667984,0.078120,-1.876315,1.876315,3.000000,0.672537,0.000000,0.000000,-0.000223,0.000382,-0.000322,0.328048,0.004741,0.531207,0.320436,0.006420,0.500961,-0.030200,-0.541697
5.856000,0.851161,0.106821,0.274646,-0.662728,0.114223,-1.836746,1.836746,3.000000,0.672500,0.000000,0.000000,-0.000029,0.000350,0.000104,0.328047,0.004742,0.531209,0.320436,0.006420,0.500761,-0.030400,-0.548943
5.866000,0.816030,0.080966,0.311663,-0.697859,0.088368,-1.799729,1.799729,3.000000,0.703432,0.000000,0.000000,0.000009,-0.000232,0.000082,0.328047,0.004740,0.531209,0.320436,0.006420,0.500561,-0.030600,-0.552354
5.876000,0.854872,0.095768,0.294019,-0.659017,0.103170,-1.817373,1.817373,3.000000,0.667044,0.000000,0.000000,-0.000180,0.000509,-0.000418,0.328047,0.004742,0.531206,0.320436,0.006420,0.500361,-0.030800,-0.551668
5.886000,0.854408,0.074819,0.324958,-0.659481,0.082221,-1.786434,1.786434,3.000000,0.664587,0.000000,0.000000,0.000152,-0.000281,-0.000401,0.328047,0.004739,0.531207,0.320436,0.006420,0.500161,-0.031000,-0.555420
5.896000,0.847789,0.076146,0.309402,-0.666100,0.083548,-1.801990,1.801990,3.000000,0.671319,0.000000,0.000000,0.000171,0.000200,0.000109,0.328048,0.004742,0.531208,0.320436,0.006420,0.499961,-0.031200,-0.563371
5.906000,0.910961,0.128007,0.319667,-0.602928,0.135409,-1.791725,1.791725,3.000000,0.617946,0.000000,0.000000,-0.000196,0.000715,0.000652,0.328047,0.004742,0.531210,0.320436,0.006420,0.499761,-0.031400,-0.571618
5.916000,0.871830,0.117691,0.334656,-0.642059,0.125093,-1.776736,1.776736,3.000000,0.654131,0.000000,0.000000,-0.000259,-0.000539,-0.001063,0.328047,0.004739,0.531207,0.320436,0.006420,0.499561,-0.031600,-0.560600
5.926000,0.827498,0.108178,0.356011,-0.686390,0.115580,-1.755382,1.755382,3.000000,0.696054,0.000000,0.000000,-0.000059,0.000113,-0.000693,0.328047,0.004741,0.531207,0.320436,0.006420,0.499361,-0.031800,-0.567339
5.936000,0.863004,0.044812,0.354941,-0.650885,0.052214,-1.756452,1.756452,3.000000,0.652976,0.000000,0.000000,0.000062,0.000649,0.000385,0.328047,0.004742,0.531211,0.320436,0.006420,0.499161,-0.032000,-0.580155
5.946000,0.925165,0.073549,0.313065,-0.588724,0.080951,-1.798327,1.798327,3.000000,0.594263,0.000000,0.000000,-0.000302,-0.000079,0.000259,0.328047,0.004741,0.531210,0.320436,0.006420,0.498961,-0.032200,-0.582676
5.956000,0.885384,0.104638,0.336538,-0.628504,0.112040,-1.774854,1.774854,3.000000,0.638413,0.000000,0.000000,-0.000237,0.000282,0.000183,0.328046,0.004743,0.531209,0.320436,0.006420,0.498761,-0.032400,-0.585625
5.966000,0.854119,0.065724,0.364553,-0.659770,0.073126,-1.746839,1.746839,3.000000,0.663810,0.000000,0.000000,0.000184,0.000439,0.000024,0.328048,0.004743,0.531207,0.320436,0.006420,0.498561,-0.032600,-0.587838
5.976000,0.919856,0.074319,0.335028,-0.594033,0.081721,-1.776364,1.776364,3.000000,0.599628,0.000000,0.000000,-0.000066,0.000595,-0.000141,0.328047,0.004743,0.531207,0.320436,0.006420,0.498361,-0.032800,-0.590038
5.986000,0.895755,0.084245,0.364463,-0.618134,0.091647,-1.746929,1.746929,3.000000,0.624891,0.000000,0.000000,0.000236,0.000055,-0.001093,0.328047,0.004741,0.531205,0.320436,0.006420,0.498161,-0.033000,-0.585522
5.996000,0.883621,0.082238,0.381432,-0.630268,0.089640,-1.729960,1.729960,3.000000,0.636610,0.000000,0.000000,-0.000101,0.000339,-0.001510,0.328048,0.004741,0.531204,0.320436,0.006420,0.497961,-0.033200,-0.585569
6.006000,0.864832,0.056877,0.386835,-0.649057,0.064280,-1.724557,1.724557,3.000000,0.652232,0.000000,0.000000,0.000340,-0.000207,-0.000341,0.328047,0.004741,0.531207,0.320436,0.006420,0.497761,-0.033400,-0.599122
6.016000,0.870170,0.078869,0.350704,-0.643719,0.086271,-1.760689,1.760689,3.000000,0.649474,0.000000,0.000000,0.000088,-0.000342,0.000542,0.328047,0.004740,0.531207,0.320436,0.006420,0.497561,-0.033600,-0.610231
6.026000,0.893915,0.078202,0.356919,-0.619974,0.085604,-1.754473,1.754473,3.000000,0.625856,0.000000,0.000000,0.000206,0.000307,-0.000736,0.328048,0.004741,0.531204,0.320436,0.006420,0.497361,-0.033800,-0.602938
6.036000,0.921551,0.065700,0.367549,-0.592338,0.073102,-1.743843,1.743843,3.000000,0.596832,0.000000,0.000000,-0.000129,-0.000222,0.000837,0.328048,0.004740,0.531208,0.320436,0.006420,0.497161,-0.034000,-0.619949
6.046000,0.909940,0.112342,0.389955,-0.603949,0.119744,-1.721437,1.721437,3.000000,0.615705,0.000000,0.000000,-0.000063,0.000281,-0.000595,0.328047,0.004742,0.531206,0.320436,0.006420,0.496961,-0.034200,-0.611363
6.056000,0.854279,0.108108,0.378928,-0.659609,0.115511,-1.732464,1.732464,3.000000,0.669647,0.000000,0.000000,0.000474,-0.000963,-0.000195,0.328048,0.004739,0.531205,0.320436,0.006420,0.496761,-0.034400,-0.618343
6.066000,0.872469,0.097989,0.336661,-0.641420,0.105391,-1.774731,1.774731,3.000000,0.650021,0.000000,0.000000,0.000301,-0.000147,0.000427,0.328048,0.004740,0.531207,0.320436,0.006420,0.496561,-0.034600,-0.627251
6.076000,0.898259,0.105524,0.355131,-0.615630,0.112926,-1.756261,1.756261,3.000000,0.625901,0.000000,0.000000,0.000477,0.000272,0.001067,0.328047,0.004741,0.531210,0.320436,0.006420,0.496361,-0.034800,-0.636330
6.086000,0.953908,0.087586,0.351949,-0.559980,0.094988,-1.759443,1.759443,3.000000,0.567980,0.000000,0.000000,0.000172,0.000402,-0.000792,0.328047,0.004742,0.531208,0.320436,0.006420,0.496161,-0.035000,-0.624124
6.096000,0.840644,0.068830,0.385709,-0.673245,0.076232,-1.725684,1.725684,3.000000,0.677547,0.000000,0.000000,-0.000034,0.000246,-0.000122,0.328047,0.004743,0.531207,0.320436,0.006420,0.495961,-0.035200,-0.633393
6.106000,0.871880,0.088689,0.396956,-0.642009,0.096091,-1.714436,1.714436,3.000000,0.649160,0.000000,0.000000,0.000159,-0.000339,-0.000356,0.328047,0.004739,0.531205,0.320436,0.006420,0.495761,-0.035400,-0.634968
6.116000,0.881530,0.103647,0.384503,-0.632359,0.111049,-1.726889,1.726889,3.000000,0.642036,0.000000,0.000000,-0.000044,0.000181,-0.000830,0.328047,0.004741,0.531205,0.320436,0.006420,0.495561,-0.035600,-0.634540
6.126000,0.902839,0.084019,0.398569,-0.611050,0.091421,-1.712823,1.712823,3.000000,0.617851,0.000000,0.000000,-0.000465,-0.000244,-0.000792,0.328047,0.004740,0.531205,0.320436,0.006420,0.495361,-0.035800,-0.638469
6.136000,0.959627,0.078622,0.394608,-0.554262,0.086024,-1.716784,1.716784,3.000000,0.560898,0.000000,0.000000,-0.000441,0.000456,0.000471,0.328047,0.004741,0.531206,0.320436,0.006420,0.495161,-0.036000,-0.652802
6.146000,0.925198,0.095553,0.403182,-0.588691,0.102955,-1.708210,1.708210,3.000000,0.597626,0.000000,0.000000,0.000190,0.000453,-0.000689,0.328047,0.004743,0.531204,0.320436,0.006420,0.494961,-0.036200,-0.646539
6.156000,0.869771,0.132961,0.451632,-0.644118,0.140363,-1.659760,1.659760,3.000000,0.659234,0.000000,0.000000,0.000118,-0.000140,-0.000989,0.328047,0.004741,0.531203,0.320436,0.006420,0.494761,-0.036400,-0.647560
6.166000,0.870658,0.125438,0.458129,-0.643231,0.132840,-1.653263,1.653263,3.000000,0.656805,0.000000,0.000000,0.000322,-0.000001,0.000333,0.328047,0.004741,0.531205,0.320436,0.006420,0.494561,-0.036600,-0.662411
6.176000,0.891321,0.101067,0.442789,-0.622568,0.108469,-1.668603,1.668603,3.000000,0.631946,0.000000,0.000000,-0.000078,0.000126,-0.000972,0.328047,0.004743,0.531203,0.320436,0.006420,0.494361,-0.036800,-0.654904
6.186000,0.880622,0.073299,0.460557,-0.633267,0.080701,-1.650835,1.650835,3.000000,0.638388,0.000000,0.000000,-0.000107,0.000971,0.000022,0.328047,0.004743,0.531207,0.320436,0.006420,0.494161,-0.037000,-0.667015
6.196000,0.931414,0.074669,0.437656,-0.582475,0.082071,-1.673736,1.673736,3.000000,0.588229,0.000000,0.000000,0.000024,0.000007,-0.000102,0.328046,0.004741,0.531206,0.320436,0.006420,0.493961,-0.037200,-0.669538
6.206000,0.937963,0.065703,0.438595,-0.575926,0.073105,-1.672798,1.672798,3.000000,0.580547,0.000000,0.000000,-0.000350,0.000010,-0.000255,0.328046,0.004740,0.531205,0.320436,0.006420,0.493761,-0.037400,-0.671828
6.216000,0.977480,0.067351,0.413986,-0.536409,0.074753,-1.697406,1.697406,3.000000,0.541592,0.000000,0.000000,0.000214,-0.000135,0.000012,0.328047,0.004740,0.531206,0.320436,0.006420,0.493561,-0.037600,-0.677710
6.226000,1.056637,0.075697,0.383676,-0.457252,0.083100,-1.727716,1.727716,3.000000,0.464741,0.000000,0.000000,-0.000363,0.000355,-0.000196,0.328046,0.004744,0.531204,0.320436,0.006420,0.493361,-0.037800,-0.679521
6.236000,1.024592,0.063890,0.376992,-0.489297,0.071292,-1.734400,1.734400,3.000000,0.494463,0.000000,0.000000,-0.000162,-0.000210,0.001307,0.328046,0.004741,0.531209,0.320436,0.006420,0.493161,-0.038000,-0.695956
6.246000,0.996244,0.044911,0.415248,-0.517645,0.052313,-1.696144,1.696144,3.000000,0.520281,0.000000,0.000000,0.000091,0.000110,0.000467,0.328046,0.004741,0.531206,0.320436,0.006420,0.492961,-0.038200,-0.692368
6.256000,0.882528,0.075165,0.444192,-0.631361,0.082567,-1.667201,1.667201,3.000000,0.636737,0.000000,0.000000,-0.000126,0.000444,-0.000452,0.328046,0.004742,0.531204,0.320436,0.006420,0.492761,-0.038400,-0.688133
6.266000,0.874367,0.065158,0.458671,-0.639522,0.072560,-1.652721,1.652721,3.000000,0.643625,0.000000,0.000000,0.000433,-0.000058,0.000495,0.328048,0.004742,0.531207,0.320436,0.006420,0.492561,-0.038600,-0.699827
6.276000,0.961482,0.069880,0.444897,-0.552407,0.077282,-1.666495,1.666495,3.000000,0.557787,0.000000,0.000000,0.000035,0.000073,-0.000029,0.328046,0.004741,0.531204,0.320436,0.006420,0.492361,-0.038800,-0.698931
6.286000,0.974465,0.062947,0.446710,-0.539424,0.070349,-1.664682,1.664682,3.000000,0.543992,0.000000,0.000000,0.000420,-0.000072,-0.000506,0.328048,0.004742,0.531203,0.320436,0.006420,0.492161,-0.039000,-0.698467
6.296000,0.943294,0.071818,0.444165,-0.570595,0.079220,-1.667227,1.667227,3.000000,0.576068,0.000000,0.000000,0.000079,0.000240,-0.000889,0.328047,0.004742,0.531203,0.320436,0.006420,0.491961,-0.039200,-0.698815
6.306000,0.937116,0.076177,0.499358,-0.576773,0.083580,-1.612034,1.612034,3.000000,0.582797,0.000000,0.000000,0.000348,0.000096,0.000472,0.328047,0.004741,0.531205,0.320436,0.006420,0.491761,-0.039400,-0.713999
6.316000,0.960018,0.085995,0.483366,-0.553871,0.093397,-1.628026,1.628026,3.000000,0.561691,0.000000,0.000000,0.000474,-0.000883,0.000290,0.328047,0.004739,0.531205,0.320436,0.006420,0.491561,-0.039600,-0.716053
6.326000,1.029066,0.061528,0.492805,-0.484823,0.068930,-1.618587,1.618587,3.000000,0.489699,0.000000,0.000000,-0.000226,0.000721,-0.000326,0.328047,0.004742,0.531203,0.320436,0.006420,0.491361,-0.039800,-0.714392
6.336000,0.968796,0.085161,0.510306,-0.545093,0.092563,-1.601086,1.601086,3.000000,0.552897,0.000000,0.000000,0.000131,0.000304,0.000014,0.328048,0.004740,0.531204,0.320436,0.006420,0.491161,-0.040000,-0.720898
6.346000,0.947955,0.089451,0.505031,-0.565934,0.096853,-1.606361,1.606361,3.000000,0.574162,0.000000,0.000000,0.000212,-0.000105,-0.000442,0.328047,0.004740,0.531202,0.320436,0.006420,0.490961,-0.040200,-0.720588
6.356000,0.963533,0.110511,0.496178,-0.550356,0.117913,-1.615214,1.615214,3.000000,0.562846,0.000000,0.000000,-0.000259,0.000201,-0.000720,0.328046,0.004739,0.531202,0.320436,0.006420,0.490761,-0.040400,-0.721824
6.366000,0.965042,0.080005,0.497498,-0.548847,0.087407,-1.613895,1.613895,3.000000,0.555763,0.000000,0.000000,0.000072,-0.000405,0.000096,0.328047,0.004740,0.531205,0.320436,0.006420,0.490561,-0.040600,-0.732395
6.376000,1.015401,0.096157,0.462900,-0.498488,0.103559,-1.648492,1.648492,3.000000,0.509131,0.000000,0.000000,-0.000106,0.000194,0.000477,0.328046,0.004741,0.531205,0.320436,0.006420,0.490361,-0.040800,-0.739245
6.386000,0.950764,0.117590,0.498019,-0.563124,0.124992,-1.613373,1.613373,3.000000,0.576829,0.000000,0.000000,0.000151,-0.000142,-0.000335,0.328047,0.004741,0.531204,0.320436,0.006420,0.490161,-0.041000,-0.735942
6.396000,0.954412,0.138497,0.485364,-0.559477,0.145899,-1.626028,1.626028,3.000000,0.578187,0.000000,0.000000,0.000009,-0.000750,-0.000823,0.328047,0.004738,0.531202,0.320436,0.006420,0.489961,-0.041200,-0.735357
6.406000,0.975876,0.117921,0.467456,-0.538013,0.125323,-1.643937,1.643937,3.000000,0.552416,0.000000,0.000000,0.000071,-0.000358,0.000204,0.328047,0.004739,0.531207,0.320436,0.006420,0.489761,-0.041400,-0.747760
6.416000,1.046570,0.102720,0.444712,-0.467319,0.110122,-1.666680,1.666680,3.000000,0.480119,0.000000,0.000000,0.000063,0.000511,0.000305,0.328047,0.004742,0.531205,0.320436,0.006420,0.489561,-0.041600,-0.752173
6.426000,0.976198,0.094866,0.454249,-0.537690,0.102268,-1.657143,1.657143,3.000000,0.547330,0.000000,0.000000,-0.000338,0.000248,-0.000539,0.328046,0.004742,0.531203,0.320436,0.006420,0.489361,-0.041800,-0.748583
6.436000,0.915156,0.124411,0.452643,-0.598733,0.131813,-1.658749,1.658749,3.000000,0.613071,0.000000,0.000000,-0.000139,0.000144,-0.000917,0.328047,0.004740,0.531204,0.320436,0.006420,0.489161,-0.042000,-0.748987
6.446000,0.923701,0.083685,0.447104,-0.590188,0.091087,-1.664288,1.664288,3.000000,0.597176,0.000000,0.000000,-0.000051,0.000558,-0.000447,0.328046,0.004742,0.531204,0.320436,0.006420,0.488961,-0.042200,-0.756588
6.456000,0.895163,0.082943,0.456508,-0.618726,0.090345,-1.654884,1.654884,3.000000,0.625287,0.000000,0.000000,0.000408,0.000047,-0.000421,0.328047,0.004742,0.531205,0.320436,0.006420,0.488761,-0.042400,-0.760415
6.466000,0.896804,0.069585,0.457541,-0.617085,0.076987,-1.653851,1.653851,3.000000,0.621868,0.000000,0.000000,0.000141,-0.000065,-0.000310,0.328047,0.004741,0.531206,0.320436,0.006420,0.488561,-0.042600,-0.764976
6.476000,0.916038,0.090526,0.457580,-0.597851,0.097928,-1.653813,1.653813,3.000000,0.605818,0.000000,0.000000,0.000075,-0.000352,-0.000528,0.328047,0.004740,0.531206,0.320436,0.006420,0.488361,-0.042800,-0.766724
6.486000,0.997732,0.056122,0.423142,-0.516157,0.063524,-1.688250,1.688250,3.000000,0.520051,0.000000,0.000000,0.000127,0.000521,0.001074,0.328047,0.004741,0.531207,0.320436,0.006420,0.488161,-0.043000,-0.783942
6.496000,1.016207,0.049130,0.404133,-0.497682,0.056532,-1.707259,1.707259,3.000000,0.500883,0.000000,0.000000,-0.000037,0.000870,-0.000572,0.328047,0.004743,0.531206,0.320436,0.006420,0.487961,-0.043200,-0.773558
6.506000,0.955269,0.074614,0.414942,-0.558620,0.082016,-1.696450,1.696450,3.000000,0.564609,0.000000,0.000000,-0.000570,0.000612,0.000848,0.328045,0.004742,0.531208,0.320436,0.006420,0.487761,-0.043400,-0.789238
6.516000,0.994836,0.064557,0.390482,-0.519052,0.071959,-1.720910,1.720910,3.000000,0.524017,0.000000,0.000000,-0.000198,-0.000262,-0.000750,0.328047,0.004741,0.531205,0.320436,0.006420,0.487561,-0.043600,-0.779222
6.526000,1.009270,0.076956,0.419216,-0.504619,0.084358,-1.692176,1.692176,3.000000,0.511622,0.000000,0.000000,0.000144,0.000109,-0.000969,0.328047,0.004741,0.531204,0.320436,0.006420,0.487361,-0.043800,-0.780952
6.536000,0.982164,0.117981,0.363135,-0.531725,0.125383,-1.748257,1.748257,3.000000,0.546308,0.000000,0.000000,-0.000071,0.000329,0.001412,0.328046,0.004742,0.531208,0.320436,0.006420,0.487161,-0.044000,-0.804820
6.546000,0.981587,0.112560,0.378673,-0.532302,0.119962,-1.732719,1.732719,3.000000,0.545653,0.000000,0.000000,0.000153,-0.000120,-0.000498,0.328047,0.004741,0.531202,0.320436,0.006420,0.486961,-0.044200,-0.792119
6.556000,0.959333,0.082781,0.439294,-0.554556,0.090183,-1.672098,1.672098,3.000000,0.561841,0.000000,0.000000,0.000124,-0.000372,0.000272,0.328047,0.004740,0.531206,0.320436,0.006420,0.486761,-0.044400,-0.802320
6.566000,0.961889,0.093656,0.403683,-0.552000,0.101058,-1.707709,1.707709,3.000000,0.561174,0.000000,0.000000,0.000609,0.000625,0.000767,0.328047,0.004741,0.531205,0.320436,0.006420,0.486561,-0.044600,-0.810107
6.576000,0.904774,0.066740,0.415483,-0.609115,0.074142,-1.695909,1.695909,3.000000,0.613611,0.000000,0.000000,0.000440,0.000600,-0.000341,0.328047,0.004742,0.531204,0.320436,0.006420,0.486361,-0.044800,-0.804285
6.586000,0.938417,0.083631,0.406210,-0.575472,0.091033,-1.705182,1.705182,3.000000,0.582628,0.000000,0.000000,0.000339,-0.000155,0.000671,0.328047,0.004740,0.531207,0.320436,0.006420,0.486161,-0.045000,-0.816515
6.596000,0.954405,0.083954,0.416670,-0.559484,0.091356,-1.694722,1.694722,3.000000,0.566894,0.000000,0.000000,-0.000071,0.000280,-0.000465,0.328047,0.004743,0.531206,0.320436,0.006420,0.485961,-0.045200,-0.810456
6.606000,0.912308,0.105214,0.447059,-0.601580,0.112616,-1.664333,1.664333,3.000000,0.612030,0.000000,0.000000,0.000139,-0.000406,-0.000536,0.328048,0.004741,0.531207,0.320436,0.006420,0.485761,-0.045400,-0.813473
6.616000,0.953313,0.086787,0.414948,-0.560576,0.094189,-1.696445,1.696445,3.000000,0.568434,0.000000,0.000000,-0.000012,-0.000179,-0.000530,0.328047,0.004741,0.531205,0.320436,0.006420,0.485561,-0.045600,-0.817101
6.626000,0.963274,0.079560,0.364630,-0.550615,0.086962,-1.746762,1.746762,3.000000,0.557440,0.000000,0.000000,-0.000392,-0.000297,-0.000243,0.328046,0.004742,0.531206,0.320436,0.006420,0.485361,-0.045800,-0.823152
6.636000,1.011660,0.094427,0.352052,-0.502229,0.101829,-1.759340,1.759340,3.000000,0.512448,0.000000,0.000000,0.000136,-0.000729,-0.000467,0.328047,0.004741,0.531206,0.320436,0.006420,0.485161,-0.046000,-0.824846
6.646000,1.029018,0.101643,0.348541,-0.484871,0.109045,-1.762851,1.762851,3.000000,0.496981,0.000000,0.000000,-0.000247,-0.000592,-0.000214,0.328047,0.004740,0.531207,0.320436,0.006420,0.484961,-0.046200,-0.830608
6.656000,0.991140,0.043845,0.340133,-0.522749,0.051247,-1.771259,1.771259,3.000000,0.525255,0.000000,0.000000,-0.000160,0.000642,-0.000935,0.328047,0.004742,0.531209,0.320436,0.006420,0.484761,-0.046400,-0.828129
6.666000,0.925163,0.032538,0.321593,-0.588726,0.039940,-1.789799,1.789799,3.000000,0.590079,0.000000,0.000000,0.000034,0.000392,0.000562,0.328047,0.004742,0.531210,0.320436,0.006420,0.484561,-0.046600,-0.844454
6.676000,0.898702,0.045619,0.325340,-0.615187,0.053021,-1.786052,1.786052,3.000000,0.617468,0.000000,0.000000,-0.000473,0.000047,0.000320,0.328046,0.004741,0.531208,0.320436,0.006420,0.484361,-0.046800,-0.845965
6.686000,0.966428,0.072228,0.255276,-0.547460,0.079630,-1.856116,1.856116,3.000000,0.553221,0.000000,0.000000,0.000482,-0.000001,-0.000020,0.328048,0.004741,0.531208,0.320436,0.006420,0.484161,-0.047000,-0.846677
6.696000,0.884452,0.076817,0.268843,-0.629436,0.084219,-1.842550,1.842550,3.000000,0.635046,0.000000,0.000000,0.000121,0.000868,0.000117,0.328047,0.004742,0.531209,0.320436,0.006420,0.483961,-0.047200,-0.851454
6.706000,0.882485,0.024978,0.288406,-0.631404,0.032381,-1.822986,1.822986,3.000000,0.632233,0.000000,0.000000,-0.000123,0.000156,-0.001083,0.328048,0.004742,0.531205,0.320436,0.006420,0.483761,-0.047400,-0.844805
6.716000,0.899187,0.053982,0.286165,-0.614702,0.061384,-1.825227,1.825227,3.000000,0.617759,0.000000,0.000000,0.000256,0.000123,-0.000067,0.328048,0.004740,0.531207,0.320436,0.006420,0.483561,-0.047600,-0.857067
6.726000,0.910799,0.065664,0.290805,-0.603090,0.073066,-1.820587,1.820587,3.000000,0.607500,0.000000,0.000000,-0.000448,0.000387,0.000692,0.328046,0.004742,0.531208,0.320436,0.006420,0.483361,-0.047800,-0.867118
6.736000,0.888111,0.071284,0.291636,-0.625778,0.078686,-1.819756,1.819756,3.000000,0.630705,0.000000,0.000000,0.000126,0.000040,-0.000168,0.328048,0.004741,0.531207,0.320436,0.006420,0.483161,-0.048000,-0.863398
6.746000,0.945652,0.061743,0.262032,-0.568237,0.069145,-1.849360,1.849360,3.000000,0.572429,0.000000,0.000000,0.000017,-0.000204,0.000603,0.328047,0.004741,0.531208,0.320436,0.006420,0.482961,-0.048200,-0.873565
6.756000,0.922823,0.059628,0.270367,-0.591066,0.067030,-1.841025,1.841025,3.000000,0.594855,0.000000,0.000000,-0.000248,-0.000177,0.000093,0.328046,0.004740,0.531208,0.320436,0.006420,0.482761,-0.048400,-0.872828
6.766000,0.928272,0.068004,0.269594,-0.585617,0.075406,-1.841798,1.841798,3.000000,0.590451,0.000000,0.000000,0.000005,0.000465,-0.000662,0.328047,0.004742,0.531207,0.320436,0.006420,0.482561,-0.048600,-0.870020
6.776000,0.917733,0.037831,0.295274,-0.596155,0.045233,-1.816119,1.816119,3.000000,0.597869,0.000000,0.000000,0.000033,0.000209,0.000372,0.328046,0.004740,0.531207,0.320436,0.006420,0.482361,-0.048800,-0.882381
6.786000,0.924423,0.043848,0.285491,-0.589466,0.051250,-1.825901,1.825901,3.000000,0.591690,0.000000,0.000000,0.000191,-0.000197,0.000300,0.328046,0.004742,0.531208,0.320436,0.006420,0.482161,-0.049000,-0.885395
6.796000,0.920351,0.095064,0.291504,-0.593538,0.102466,-1.819888,1.819888,3.000000,0.602318,0.000000,0.000000,-0.000332,-0.000004,-0.000590,0.328046,0.004741,0.531207,0.320436,0.006420,0.481961,-0.049200,-0.881413
6.806000,0.950588,0.117512,0.298436,-0.563301,0.124914,-1.812956,1.812956,3.000000,0.576985,0.000000,0.000000,-0.000048,0.000219,-0.000191,0.328046,0.004741,0.531206,0.320436,0.006420,0.481761,-0.049400,-0.888389
6.816000,0.943539,0.068283,0.309713,-0.570350,0.075685,-1.801679,1.801679,3.000000,0.575349,0.000000,0.000000,0.000442,-0.000380,-0.000592,0.328048,0.004740,0.531206,0.320436,0.006420,0.481561,-0.049600,-0.888581
6.826000,0.994488,0.040179,0.295137,-0.519401,0.047581,-1.816255,1.816255,3.000000,0.521575,0.000000,0.000000,-0.000429,-0.000185,0.000547,0.328046,0.004740,0.531207,0.320436,0.006420,0.481361,-0.049800,-0.901874
6.836000,0.955477,0.102295,0.292054,-0.558412,0.109697,-1.819338,1.819338,3.000000,0.569085,0.000000,0.000000,-0.000080,-0.000386,-0.000506,0.328047,0.004740,0.531205,0.320436,0.006420,0.481161,-0.050000,-0.896499
6.846000,0.922906,0.100852,0.313026,-0.590983,0.108254,-1.798366,1.798366,3.000000,0.600816,0.000000,0.000000,-0.000542,-0.000294,0.000349,0.328046,0.004740,0.531206,0.320436,0.006420,0.480961,-0.050200,-0.907366
6.856000,0.933139,0.063853,0.322271,-0.580750,0.071255,-1.789121,1.789121,3.000000,0.585105,0.000000,0.000000,0.000052,0.000043,0.000510,0.328047,0.004741,0.531206,0.320436,0.006420,0.480761,-0.050400,-0.912348
6.866000,0.942323,0.088357,0.318047,-0.571566,0.095759,-1.793345,1.793345,3.000000,0.579532,0.000000,0.000000,0.000497,0.000906,0.000858,0.328047,0.004743,0.531206,0.320436,0.006420,0.480561,-0.050600,-0.918890
6.876000,0.933059,0.067687,0.324001,-0.580830,0.075089,-1.787391,1.787391,3.000000,0.585664,0.000000,0.000000,-0.000010,0.000547,0.000471,0.328047,0.004742,0.531207,0.320436,0.006420,0.480361,-0.050800,-0.919224
6.886000,0.927920,0.087078,0.329734,-0.585969,0.094480,-1.781658,1.781658,3.000000,0.593537,0.000000,0.000000,-0.000132,0.000668,0.000398,0.328047,0.004742,0.531208,0.320436,0.006420,0.480161,-0.051000,-0.922218
6.896000,0.908809,0.061699,0.330029,-0.605079,0.069101,-1.781363,1.781363,3.000000,0.609012,0.000000,0.000000,-0.000335,-0.000067,0.000251,0.328046,0.004741,0.531207,0.320436,0.006420,0.479961,-0.051200,-0.924559
6.906000,0.952581,0.076785,0.337347,-0.561308,0.084187,-1.774045,1.774045,3.000000,0.567586,0.000000,0.000000,0.000294,-0.000286,-0.000211,0.328047,0.004741,0.531206,0.320436,0.006420,0.479761,-0.051400,-0.924217
6.916000,0.920469,0.058342,0.297488,-0.593420,0.065744,-1.813904,1.813904,3.000000,0.597050,0.000000,0.000000,-0.000178,-0.000739,0.000244,0.328045,0.004740,0.531207,0.320436,0.006420,0.479561,-0.051600,-0.931698
6.926000,0.947814,0.058129,0.246965,-0.566075,0.065531,-1.864427,1.864427,3.000000,0.569855,0.000000,0.000000,-0.000160,-0.000174,0.000608,0.328046,0.004742,0.531211,0.320436,0.006420,0.479361,-0.051800,-0.938462
6.936000,0.948334,0.057359,0.263391,-0.565555,0.064761,-1.848002,1.848002,3.000000,0.569251,0.000000,0.000000,0.000221,-0.000069,0.000182,0.328047,0.004743,0.531209,0.320436,0.006420,0.479161,-0.052000,-0.938411
6.946000,0.905209,0.041613,0.232785,-0.608680,0.049016,-1.878607,1.878607,3.000000,0.610650,0.000000,0.000000,-0.000092,-0.000253,-0.000607,0.328047,0.004744,0.531208,0.320436,0.006420,0.478961,-0.052200,-0.935299
6.956000,0.943736,0.044852,0.245091,-0.570153,0.052254,-1.866301,1.866301,3.000000,0.572542,0.000000,0.000000,-0.000581,-0.000515,-0.000488,0.328046,0.004743,0.531208,0.320436,0.006420,0.478761,-0.052400,-0.939901
6.966000,0.965305,0.024067,0.232906,-0.548584,0.031469,-1.878487,1.878487,3.000000,0.549485,0.000000,0.000000,0.000320,-0.000914,0.001026,0.328048,0.004742,0.531211,0.320436,0.006420,0.478561,-0.052600,-0.956396
6.976000,0.959629,0.042532,0.207861,-0.554260,0.049935,-1.903531,1.903531,3.000000,0.556505,0.000000,0.000000,0.000256,-0.000674,0.000045,0.328048,0.004743,0.531209,0.320436,0.006420,0.478361,-0.052800,-0.951636
6.986000,0.914484,0.051334,0.210170,-0.599405,0.058736,-1.901222,1.901222,3.000000,0.602276,0.000000,0.000000,-0.000184,0.000227,0.000389,0.328047,0.004742,0.531209,0.320436,0.006420,0.478161,-0.053000,-0.958168
6.996000,0.868535,0.000192,0.226029,-0.645354,0.007594,-1.885363,1.885363,3.000000,0.645399,0.000000,0.000000,0.000062,0.000389,0.000123,0.328047,0.004742,0.531207,0.320436,0.006420,0.477961,-0.053200,-0.959478
7.006000,0.866934,0.009077,0.261384,-0.646955,0.016479,-1.850008,1.850008,3.000000,0.647165,0.000000,0.000000,-0.000432,-0.000055,-0.000269,0.328047,0.004740,0.531205,0.320436,0.006420,0.477761,-0.053400,-0.959713
7.016000,0.911110,0.042615,0.239082,-0.602779,0.050017,-1.872310,1.872310,3.000000,0.604851,0.000000,0.000000,0.000446,0.000630,-0.000822,0.328048,0.004742,0.531205,0.320436,0.006420,0.477561,-0.053600,-0.958622
7.026000,0.886409,0.035339,0.240881,-0.627480,0.042741,-1.870511,1.870511,3.000000,0.628934,0.000000,0.000000,0.000344,-0.000457,-0.000633,0.328047,0.004740,0.531206,0.320436,0.006420,0.477361,-0.053800,-0.963838
7.036000,0.903290,0.051998,0.213789,-0.610599,0.059400,-1.897603,1.897603,3.000000,0.613481,0.000000,0.000000,0.000302,-0.000179,-0.000104,0.328048,0.004740,0.531206,0.320436,0.006420,0.477161,-0.054000,-0.971928
7.046000,0.887405,0.093726,0.208199,-0.626484,0.101128,-1.903193,1.903193,3.000000,0.634593,0.000000,0.000000,0.000163,-0.000346,0.000733,0.328047,0.004740,0.531209,0.320436,0.006420,0.476961,-0.054200,-0.982686
7.056000,0.890535,0.068821,0.239806,-0.623354,0.076223,-1.871586,1.871586,3.000000,0.627997,0.000000,0.000000,-0.000019,-0.000391,0.000047,0.328047,0.004740,0.531208,0.320436,0.006420,0.476761,-0.054400,-0.980433
7.066000,0.920527,0.084440,0.231970,-0.593362,0.091842,-1.879422,1.879422,3.000000,0.600428,0.000000,0.000000,-0.000371,-0.000162,-0.000260,0.328046,0.004741,0.531208,0.320436,0.006420,0.476561,-0.054600,-0.981434
7.076000,0.927363,0.126569,0.252593,-0.586526,0.133971,-1.858799,1.858799,3.000000,0.601632,0.000000,0.000000,0.000224,-0.000145,0.000260,0.328047,0.004742,0.531209,0.320436,0.006420,0.476361,-0.054800,-0.989465
7.086000,0.935182,0.081951,0.226393,-0.578707,0.089353,-1.884999,1.884999,3.000000,0.585564,0.000000,0.000000,0.000178,0.000636,-0.000507,0.328047,0.004741,0.531207,0.320436,0.006420,0.476161,-0.055000,-0.986520
7.096000,0.964154,0.057673,0.240159,-0.549735,0.065075,-1.871234,1.871234,3.000000,0.553573,0.000000,0.000000,0.000045,-0.000341,-0.000063,0.328047,0.004740,0.531208,0.320436,0.006420,0.475961,-0.055200,-0.993917
7.106000,0.984950,0.115736,0.231801,-0.528939,0.123138,-1.879591,1.879591,3.000000,0.543083,0.000000,0.000000,0.000424,-0.000635,0.000297,0.328047,0.004741,0.531208,0.320436,0.006420,0.475761,-0.055400,-1.000574
7.116000,0.934299,0.090197,0.236118,-0.579590,0.097599,-1.875274,1.875274,3.000000,0.587750,0.000000,0.000000,0.000498,-0.000304,0.000165,0.328048,0.004740,0.531207,0.320436,0.006420,0.475561,-0.055600,-1.003039
7.126000,0.934855,0.041735,0.245165,-0.579034,0.049137,-1.866227,1.866227,3.000000,0.581115,0.000000,0.000000,0.000351,0.000242,0.000123,0.328048,0.004741,0.531209,0.320436,0.006420,0.475361,-0.055800,-1.006301
7.136000,0.936870,0.063510,0.227821,-0.577019,0.070912,-1.883571,1.883571,3.000000,0.581360,0.000000,0.000000,-0.000110,-0.000018,0.000776,0.328047,0.004741,0.531210,0.320436,0.006420,0.475161,-0.056000,-1.015456
7.146000,0.910602,0.045329,0.212846,-0.603286,0.052731,-1.898546,1.898546,3.000000,0.605587,0.000000,0.000000,-0.000495,-0.000059,-0.000921,0.328047,0.004740,0.531207,0.320436,0.006420,0.474961,-0.056200,-1.004607
7.156000,0.920991,0.070389,0.221651,-0.592898,0.077791,-1.889741,1.889741,3.000000,0.597980,0.000000,0.000000,-0.000000,0.000192,-0.001108,0.328047,0.004742,0.531206,0.320436,0.006420,0.474761,-0.056400,-1.006609
7.166000,0.949168,0.137541,0.192165,-0.564721,0.144943,-1.919227,1.919227,3.000000,0.583025,0.000000,0.000000,-0.000549,0.000401,-0.000644,0.328047,0.004742,0.531208,0.320436,0.006420,0.474561,-0.056600,-1.014178
7.176000,0.918388,0.117390,0.185655,-0.595501,0.124792,-1.925737,1.925737,3.000000,0.608436,0.000000,0.000000,-0.000038,-0.000780,0.000419,0.328047,0.004740,0.531208,0.320436,0.006420,0.474361,-0.056800,-1.026807
7.186000,0.928551,0.111980,0.169076,-0.585338,0.119382,-1.942316,1.942316,3.000000,0.597388,0.000000,0.000000,0.000213,-0.000037,-0.000239,0.328047,0.004742,0.531208,0.320436,0.006420,0.474161,-0.057000,-1.024813
7.196000,0.913996,0.072094,0.183058,-0.599893,0.079496,-1.928335,1.928335,3.000000,0.605137,0.000000,0.000000,0.000089,-0.000461,0.000052,0.328047,0.004738,0.531209,0.320436,0.006420,0.473961,-0.057200,-1.030909
7.206000,0.945651,0.079413,0.161397,-0.568238,0.086815,-1.949995,1.949995,3.000000,0.574832,0.000000,0.000000,-0.000298,-0.000933,-0.000681,0.328046,0.004738,0.531208,0.320436,0.006420,0.473761,-0.057400,-1.028271
7.216000,0.916288,0.047472,0.180374,-0.597601,0.054874,-1.931018,1.931018,3.000000,0.600115,0.000000,0.000000,0.000163,0.000095,0.000013,0.328047,0.004739,0.531210,0.320436,0.006420,0.473561,-0.057600,-1.037795
7.226000,0.887320,0.067015,0.180009,-0.626568,0.074417,-1.931383,1.931383,3.000000,0.630972,0.000000,0.000000,0.000169,0.000130,-0.000828,0.328046,0.004740,0.531207,0.320436,0.006420,0.473361,-0.057800,-1.034204
7.236000,0.919850,0.090446,0.160027,-0.594039,0.097848,-1.951365,1.951365,3.000000,0.602043,0.000000,0.000000,-0.000171,-0.000368,-0.000041,0.328046,0.004738,0.531209,0.320436,0.006420,0.473161,-0.058000,-1.044512
7.246000,0.906035,0.113683,0.171597,-0.607854,0.121085,-1.939795,1.939795,3.000000,0.619797,0.000000,0.000000,-0.000118,-0.000198,-0.000190,0.328047,0.004738,0.531209,0.320436,0.006420,0.472961,-0.058200,-1.046852
7.256000,0.877363,0.112121,0.160209,-0.636526,0.119523,-1.951183,1.951183,3.000000,0.647650,0.000000,0.000000,0.000393,0.000238,-0.000098,0.328047,0.004739,0.531208,0.320436,0.006420,0.472761,-0.058400,-1.051224
7.266000,0.906505,0.116338,0.132366,-0.607384,0.123740,-1.979026,1.979026,3.000000,0.619861,0.000000,0.000000,0.000066,0.000706,0.000672,0.328047,0.004740,0.531210,0.320436,0.006420,0.472561,-0.058600,-1.061387
7.276000,0.923205,0.127919,0.149055,-0.590684,0.135321,-1.962338,1.962338,3.000000,0.605986,0.000000,0.000000,0.000276,-0.000325,-0.000312,0.328047,0.004739,0.531207,0.320436,0.006420,0.472361,-0.058800,-1.056578
7.286000,0.932555,0.124328,0.131326,-0.581334,0.131730,-1.980066,1.980066,3.000000,0.596072,0.000000,0.000000,-0.000244,-0.000388,-0.000269,0.328047,0.004738,0.531207,0.320436,0.006420,0.472161,-0.059000,-1.060546
7.296000,0.898798,0.132664,0.145442,-0.615091,0.140066,-1.965950,1.965950,3.000000,0.630837,0.000000,0.000000,-0.000026,-0.000029,-0.000046,0.328047,0.004740,0.531209,0.320436,0.006420,0.471961,-0.059200,-1.066077
7.306000,0.885077,0.169120,0.176163,-0.628812,0.176522,-1.935229,1.935229,3.000000,0.653119,0.000000,0.000000,-0.000052,0.000319,0.000247,0.328047,0.004739,0.531210,0.320436,0.006420,0.471761,-0.059400,-1.072170
7.316000,0.923792,0.116010,0.176558,-0.590097,0.123412,-1.934834,1.934834,3.000000,0.602864,0.000000,0.000000,-0.000209,-0.000201,-0.000296,0.328047,0.004739,0.531210,0.320436,0.006420,0.471561,-0.059600,-1.071171
7.326000,0.909999,0.111735,0.165962,-0.603890,0.119137,-1.945430,1.945430,3.000000,0.615529,0.000000,0.000000,0.000430,-0.000050,-0.000295,0.328047,0.004740,0.531210,0.320436,0.006420,0.471361,-0.059800,-1.074766
7.336000,0.914952,0.127029,0.120434,-0.598937,0.134431,-1.990958,1.990958,3.000000,0.613839,0.000000,0.000000,-0.000074,0.000927,-0.000481,0.328046,0.004741,0.531209,0.320436,0.006420,0.471161,-0.060000,-1.076776
7.346000,0.925315,0.133113,0.145290,-0.588574,0.140515,-1.966102,1.966102,3.000000,0.605115,0.000000,0.000000,-0.000057,0.000195,0.000179,0.328047,0.004739,0.531210,0.320436,0.006420,0.470961,-0.060200,-1.085997
7.356000,0.906564,0.135224,0.155508,-0.607325,0.142626,-1.955884,1.955884,3.000000,0.623848,0.000000,0.000000,0.000281,0.000434,-0.000024,0.328046,0.004740,0.531210,0.320436,0.006420,0.470761,-0.060400,-1.087873
7.366000,0.925291,0.124002,0.145913,-0.588598,0.131404,-1.965480,1.965480,3.000000,0.603088,0.000000,0.000000,0.000200,-0.000031,-0.000624,0.328047,0.004740,0.531208,0.320436,0.006420,0.470561,-0.060600,-1.086358
7.376000,0.927186,0.146792,0.164635,-0.586703,0.154194,-1.946757,1.946757,3.000000,0.606626,0.000000,0.000000,-0.000148,-0.000030,-0.000623,0.328046,0.004738,0.531206,0.320436,0.006420,0.470361,-0.060800,-1.089929
7.386000,0.927203,0.149914,0.190761,-0.586686,0.157317,-1.920631,1.920631,3.000000,0.607412,0.000000,0.000000,-0.000032,0.000456,-0.000030,0.328047,0.004739,0.531207,0.320436,0.006420,0.470161,-0.061000,-1.098562
7.396000,0.946896,0.114826,0.177725,-0.566993,0.122228,-1.933667,1.933667,3.000000,0.580018,0.000000,0.000000,-0.000410,0.000209,-0.000021,0.328047,0.004739,0.531207,0.320436,0.006420,0.469961,-0.061200,-1.102251
7.406000,0.940167,0.128436,0.196069,-0.573722,0.135838,-1.915323,1.915323,3.000000,0.589584,0.000000,0.000000,0.000057,0.000418,-0.000616,0.328048,0.004741,0.531204,0.320436,0.006420,0.469761,-0.061400,-1.100756
7.416000,0.883473,0.133698,0.205794,-0.630416,0.141100,-1.905598,1.905598,3.000000,0.646013,0.000000,0.000000,-0.000034,-0.000689,-0.000114,0.328047,0.004739,0.531207,0.320436,0.006420,0.469561,-0.061600,-1.108668
7.426000,0.944139,0.120199,0.177369,-0.569750,0.127601,-1.934023,1.934023,3.000000,0.583864,0.000000,0.000000,-0.000029,-0.000209,0.000589,0.328047,0.004740,0.531209,0.320436,0.006420,0.469361,-0.061800,-1.118259
7.436000,0.913345,0.129931,0.186811,-0.600544,0.137333,-1.924581,1.924581,3.000000,0.616047,0.000000,0.000000,-0.000343,0.000087,-0.000009,0.328046,0.004740,0.531207,0.320436,0.006420,0.469161,-0.062000,-1.116757
7.446000,0.905754,0.117581,0.226447,-0.608135,0.124983,-1.884945,1.884945,3.000000,0.620845,0.000000,0.000000,-0.000154,0.000064,-0.000004,0.328047,0.004742,0.531209,0.320436,0.006420,0.468961,-0.062200,-1.120429
7.456000,0.979469,0.108146,0.157148,-0.534419,0.115548,-1.954244,1.954244,3.000000,0.546768,0.000000,0.000000,0.000172,0.000268,0.000777,0.328047,0.004742,0.531212,0.320436,0.006420,0.468761,-0.062400,-1.130712
7.466000,0.915195,0.098959,0.167251,-0.598693,0.106361,-1.944141,1.944141,3.000000,0.608068,0.000000,0.000000,0.000281,-0.000437,0.000513,0.328047,0.004740,0.531210,0.320436,0.006420,0.468561,-0.062600,-1.132043
7.476000,0.913807,0.083656,0.149383,-0.600082,0.091058,-1.962009,1.962009,3.000000,0.606951,0.000000,0.000000,-0.000114,0.000818,-0.000089,0.328046,0.004743,0.531210,0.320436,0.006420,0.468361,-0.062800,-1.130525
7.486000,0.940035,0.072369,0.147593,-0.573854,0.079771,-1.963799,1.963799,3.000000,0.579372,0.000000,0.000000,0.000104,-0.000047,0.000567,0.328047,0.004741,0.531211,0.320436,0.006420,0.468161,-0.063000,-1.139708
7.496000,0.941874,0.109798,0.117518,-0.572015,0.117200,-1.993874,1.993874,3.000000,0.583898,0.000000,0.000000,-0.000092,-0.000402,-0.000274,0.328047,0.004742,0.531211,0.320436,0.006420,0.467961,-0.063200,-1.136174
7.506000,0.952281,0.099328,0.115994,-0.561608,0.106730,-1.995398,1.995398,3.000000,0.571660,0.000000,0.000000,0.000121,-0.000346,-0.000104,0.328047,0.004740,0.531209,0.320436,0.006420,0.467761,-0.063400,-1.141182
7.516000,0.952872,0.025932,0.086937,-0.561017,0.033334,-2.024455,2.024455,3.000000,0.562006,0.000000,0.000000,-0.000033,-0.000497,-0.000062,0.328047,0.004739,0.531209,0.320436,0.006420,0.467721,-0.063440,-1.142255
7.526000,0.886273,0.044808,0.082570,-0.627616,0.052210,-2.028823,2.028823,3.000000,0.629784,0.000000,0.000000,0.000311,-0.000068,-0.000249,0.328047,0.004741,0.531211,0.320436,0.006420,0.467721,-0.063440,-1.140696
7.536000,0.865602,0.061570,0.081659,-0.648287,0.068972,-2.029733,2.029733,3.000000,0.651946,0.000000,0.000000,-0.000081,-0.000550,-0.000047,0.328047,0.004740,0.531210,0.320436,0.006420,0.467721,-0.063440,-1.142405
7.546000,0.907826,0.071292,0.044796,-0.606063,0.078694,-2.066596,2.066596,3.000000,0.611151,0.000000,0.000000,0.000377,0.000099,-0.000190,0.328048,0.004741,0.531210,0.320436,0.006420,0.467721,-0.063440,-1.141185
7.556000,0.859622,0.082874,0.055969,-0.654267,0.090276,-2.055423,2.055423,3.000000,0.660465,0.000000,0.000000,-0.000054,-0.000018,0.000261,0.328047,0.004740,0.531212,0.320436,0.006420,0.467721,-0.063440,-1.145057
7.566000,0.880833,0.090454,0.044578,-0.633056,0.097856,-2.066814,2.066814,3.000000,0.640575,0.000000,0.000000,-0.000128,-0.000022,-0.000455,0.328047,0.004740,0.531210,0.320436,0.006420,0.467721,-0.063440,-1.138946
7.576000,0.908825,0.086515,0.026183,-0.605064,0.093917,-2.085209,2.085209,3.000000,0.612309,0.000000,0.000000,-0.000317,0.000415,0.000454,0.328045,0.004742,0.531212,0.320436,0.006420,0.467721,-0.063440,-1.146691
7.586000,0.907817,0.085976,0.020377,-0.606072,0.093378,-2.091015,2.091015,3.000000,0.613223,0.000000,0.000000,-0.000038,-0.000282,-0.000183,0.328047,0.004741,0.531211,0.320436,0.006420,0.467721,-0.063440,-1.141260
7.596000,0.902604,0.091836,0.047575,-0.611285,0.099238,-2.063817,2.063817,3.000000,0.619288,0.000000,0.000000,-0.000255,-0.000965,-0.001269,0.328046,0.004739,0.531210,0.320436,0.006420,0.467721,-0.063440,-1.132030
7.606000,0.871709,0.107046,0.053668,-0.642180,0.114448,-2.057724,2.057724,3.000000,0.652299,0.000000,0.000000,-0.000512,-0.000142,-0.000790,0.328046,0.004741,0.531209,0.320436,0.006420,0.467721,-0.063440,-1.136075
7.616000,0.915929,0.065792,0.039442,-0.597960,0.073194,-2.071951,2.071951,3.000000,0.602423,0.000000,0.000000,-0.000234,-0.000080,-0.000888,0.328047,0.004740,0.531208,0.320436,0.006420,0.467721,-0.063440,-1.135228
7.626000,0.917872,0.060115,0.041002,-0.596017,0.067517,-2.070390,2.070390,3.000000,0.599829,0.000000,0.000000,-0.000131,0.000705,0.000451,0.328046,0.004741,0.531212,0.320436,0.006420,0.467721,-0.063440,-1.146672
7.636000,0.863337,0.066779,0.051335,-0.650552,0.074181,-2.060057,2.060057,3.000000,0.654768,0.000000,0.000000,0.000222,0.000064,-0.000559,0.328047,0.004741,0.531210,0.320436,0.006420,0.467721,-0.063440,-1.138058
7.646000,0.869797,0.089455,0.039460,-0.644092,0.096857,-2.071932,2.071932,3.000000,0.651334,0.000000,0.000000,0.000417,0.000968,-0.000492,0.328048,0.004743,0.531208,0.320436,0.006420,0.467721,-0.063440,-1.138583
7.656000,0.862840,0.120687,0.036539,-0.651049,0.128089,-2.074853,2.074853,3.000000,0.663529,0.000000,0.000000,0.000271,-0.000438,0.000245,0.328048,0.004740,0.531210,0.320436,0.006420,0.467721,-0.063440,-1.144884
7.666000,0.898892,0.114970,0.034863,-0.614997,0.122372,-2.076530,2.076530,3.000000,0.627053,0.000000,0.000000,0.000177,-0.000138,0.000982,0.328048,0.004739,0.531213,0.320436,0.006420,0.467721,-0.063440,-1.151183
7.676000,0.890734,0.110892,0.053523,-0.623155,0.118294,-2.057869,2.057869,3.000000,0.634283,0.000000,0.000000,-0.000345,-0.000681,0.000240,0.328046,0.004739,0.531210,0.320436,0.006420,0.467721,-0.063440,-1.144834
7.686000,0.886407,0.095721,0.085554,-0.627481,0.103123,-2.025838,2.025838,3.000000,0.635899,0.000000,0.000000,0.000265,0.000021,0.000233,0.328047,0.004741,0.531212,0.320436,0.006420,0.467721,-0.063440,-1.144804
7.696000,0.858713,0.125583,0.104685,-0.655176,0.132985,-2.006707,2.006707,3.000000,0.668536,0.000000,0.000000,0.000428,-0.000165,-0.000615,0.328047,0.004740,0.531209,0.320436,0.006420,0.467721,-0.063440,-1.137569
7.706000,0.912137,0.080047,0.100817,-0.601752,0.087449,-2.010575,2.010575,3.000000,0.608073,0.000000,0.000000,-0.000030,-0.000537,-0.000012,0.328046,0.004739,0.531208,0.320436,0.006420,0.467721,-0.063440,-1.142660
7.716000,0.887782,0.088355,0.106737,-0.626107,0.095757,-2.004655,2.004655,3.000000,0.633387,0.000000,0.000000,0.000049,-0.000831,-0.000122,0.328046,0.004738,0.531208,0.320436,0.006420,0.467721,-0.063440,-1.141722
7.726000,0.909445,0.082474,0.160201,-0.604444,0.089876,-1.951192,1.951192,3.000000,0.611089,0.000000,0.000000,0.000212,0.000054,-0.000000,0.328047,0.004741,0.531208,0.320436,0.006420,0.467541,-0.063620,-1.146008
7.736000,0.938033,0.113452,0.156018,-0.575855,0.120854,-1.955374,1.955374,3.000000,0.588401,0.000000,0.000000,-0.000458,-0.000150,-0.000737,0.328046,0.004739,0.531206,0.320436,0.006420,0.467341,-0.063820,-1.143310
7.746000,0.968937,0.123101,0.154521,-0.544951,0.130503,-1.956871,1.956871,3.000000,0.560360,0.000000,0.000000,-0.000289,-0.000396,0.000910,0.328046,0.004738,0.531207,0.320436,0.006420,0.467141,-0.064020,-1.160915
7.756000,0.981100,0.144309,0.175886,-0.532789,0.151712,-1.935506,1.935506,3.000000,0.553968,0.000000,0.000000,0.000293,-0.000259,0.000347,0.328047,0.004738,0.531206,0.320436,0.006420,0.466941,-0.064220,-1.159706
7.766000,0.943048,0.125163,0.217045,-0.570841,0.132565,-1.894347,1.894347,3.000000,0.586031,0.000000,0.000000,-0.000302,0.000617,-0.000093,0.328046,0.004741,0.531204,0.320436,0.006420,0.466741,-0.064420,-1.159546
7.776000,0.979221,0.147680,0.236954,-0.534668,0.155083,-1.874438,1.874438,3.000000,0.556705,0.000000,0.000000,-0.000012,0.000465,0.000830,0.328047,0.004741,0.531207,0.320436,0.006420,0.466541,-0.064620,-1.171026
7.786000,0.907660,0.147230,0.257663,-0.606228,0.154632,-1.853729,1.853729,3.000000,0.625639,0.000000,0.000000,-0.000289,0.000023,0.000299,0.328046,0.004739,0.531204,0.320436,0.006420,0.466341,-0.064820,-1.170078
7.796000,0.946919,0.147410,0.240187,-0.566969,0.154812,-1.871205,1.871205,3.000000,0.587725,0.000000,0.000000,-0.000215,0.000139,-0.000189,0.328047,0.004740,0.531204,0.320436,0.006420,0.466141,-0.065020,-1.169527
7.806000,0.916988,0.149742,0.255105,-0.596901,0.157144,-1.856287,1.856287,3.000000,0.617240,0.000000,0.000000,0.000305,-0.000158,0.000319,0.328047,0.004740,0.531206,0.320436,0.006420,0.465941,-0.065220,-1.177470
7.816000,0.886318,0.139524,0.285017,-0.627571,0.146926,-1.826375,1.826375,3.000000,0.644541,0.000000,0.000000,0.000134,0.000660,-0.000142,0.328047,0.004742,0.531206,0.320436,0.006420,0.465741,-0.065420,-1.177157
7.826000,0.968671,0.070587,0.270099,-0.545218,0.077989,-1.841293,1.841293,3.000000,0.550767,0.000000,0.000000,-0.000202,0.000884,0.000649,0.328046,0.004741,0.531209,0.320436,0.006420,0.465541,-0.065620,-1.187527
7.836000,1.033810,0.055766,0.249846,-0.480079,0.063168,-1.861546,1.861546,3.000000,0.484217,0.000000,0.000000,-0.000229,0.000163,0.000651,0.328046,0.004740,0.531208,0.320436,0.006420,0.465341,-0.065820,-1.191131
7.846000,0.973967,0.091495,0.213900,-0.539922,0.098897,-1.897492,1.897492,3.000000,0.548905,0.000000,0.000000,0.000004,0.000305,0.000746,0.328046,0.004742,0.531208,0.320436,0.006420,0.465141,-0.066020,-1.195548
7.856000,0.973813,0.101274,0.197846,-0.540076,0.108676,-1.913547,1.913547,3.000000,0.550901,0.000000,0.000000,-0.000079,-0.000551,-0.000375,0.328046,0.004739,0.531206,0.320436,0.006420,0.464941,-0.066220,-1.189591
7.866000,0.925745,0.109486,0.196677,-0.588144,0.116888,-1.914715,1.914715,3.000000,0.599647,0.000000,0.000000,-0.000132,-0.000644,-0.000613,0.328046,0.004740,0.531208,0.320436,0.006420,0.464741,-0.066420,-1.191194
7.876000,0.959028,0.100297,0.181328,-0.554861,0.107699,-1.930064,1.930064,3.000000,0.565216,0.000000,0.000000,-0.000273,-0.000104,-0.000118,0.328046,0.004740,0.531208,0.320436,0.006420,0.464541,-0.066620,-1.199001
7.886000,0.948025,0.093637,0.154212,-0.565864,0.101039,-1.957181,1.957181,3.000000,0.574814,0.000000,0.000000,-0.000109,-0.000279,-0.000043,0.328046,0.004740,0.531208,0.320436,0.006420,0.464341,-0.066820,-1.203235
7.896000,0.967479,0.051477,0.128872,-0.546410,0.058879,-1.982520,1.982520,3.000000,0.549573,0.000000,0.000000,0.000277,-0.000723,-0.000223,0.328047,0.004740,0.531208,0.320436,0.006420,0.464141,-0.067020,-1.205309
7.906000,1.007680,0.038201,0.101745,-0.506209,0.045603,-2.009647,2.009647,3.000000,0.508259,0.000000,0.000000,0.000088,0.000198,0.000014,0.328047,0.004740,0.531208,0.320436,0.006420,0.464001,-0.067160,-1.209847
7.916000,0.971208,0.069494,0.135278,-0.542681,0.076896,-1.976114,1.976114,3.000000,0.548101,0.000000,0.000000,-0.000398,0.000317,-0.000093,0.328046,0.004741,0.531206,0.320436,0.006420,0.463841,-0.067320,-1.211780
7.926000,0.945853,0.084739,0.143642,-0.568036,0.092141,-1.967750,1.967750,3.000000,0.575460,0.000000,0.000000,-0.000063,-0.000157,0.000268,0.328046,0.004740,0.531209,0.320436,0.006420,0.463641,-0.067520,-1.218506
7.936000,0.916245,0.119460,0.162728,-0.597644,0.126862,-1.948664,1.948664,3.000000,0.610960,0.000000,0.000000,-0.000079,0.000307,0.000119,0.328047,0.004740,0.531207,0.320436,0.006420,0.463441,-0.067720,-1.220803
7.946000,0.946182,0.105647,0.152163,-0.567707,0.113049,-1.959229,1.959229,3.000000,0.578853,0.000000,0.000000,-0.000477,-0.000423,-0.000086,0.328046,0.004739,0.531207,0.320436,0.006420,0.463241,-0.067920,-1.222653
7.956000,0.868946,0.099864,0.179810,-0.644943,0.107266,-1.931582,1.931582,3.000000,0.653803,0.000000,0.000000,0.000055,0.000047,0.000207,0.328047,0.004739,0.531208,0.320436,0.006420,0.463041,-0.068120,-1.228772
7.966000,0.929948,0.100418,0.167453,-0.583941,0.107820,-1.943939,1.943939,3.000000,0.593811,0.000000,0.000000,0.000068,-0.000461,0.000169,0.328046,0.004738,0.531207,0.320436,0.006420,0.462841,-0.068320,-1.232028
7.976000,0.905924,0.146562,0.158824,-0.607965,0.153964,-1.952568,1.952568,3.000000,0.627158,0.000000,0.000000,0.000008,0.000428,-0.000209,0.328047,0.004740,0.531206,0.320436,0.006420,0.462641,-0.068520,-1.232390
7.986000,0.951628,0.117670,0.145959,-0.562261,0.125073,-1.965433,1.965433,3.000000,0.576004,0.000000,0.000000,0.000155,0.000049,-0.000252,0.328048,0.004739,0.531207,0.320436,0.006420,0.462441,-0.068720,-1.235651
7.996000,0.914988,0.113606,0.155261,-0.598901,0.121009,-1.956131,1.956131,3.000000,0.611004,0.000000,0.000000,-0.000130,-0.000010,0.000254,0.328046,0.004740,0.531208,0.320436,0.006420,0.462241,-0.068920,-1.243554
8.007000,0.961163,0.106944,0.143100,-0.552726,0.114346,-1.968292,1.968292,3.000000,0.564430,0.000000,0.000000,-0.000242,0.000061,0.000393,0.328047,0.004740,0.531209,0.320436,0.006420,0.462021,-0.069140,-1.248714
8.018000,0.954629,0.116136,0.141212,-0.559259,0.123538,-1.970180,1.970180,3.000000,0.572741,0.000000,0.000000,-0.000278,0.000105,0.000171,0.328046,0.004740,0.531208,0.320436,0.006420,0.461801,-0.069360,-1.250776
8.029000,0.977070,0.095631,0.117904,-0.536819,0.103033,-1.993488,1.993488,3.000000,0.546617,0.000000,0.000000,-0.000528,0.000266,-0.000134,0.328045,0.004740,0.531209,0.320436,0.006420,0.461581,-0.069580,-1.252170
8.040000,0.877930,0.062521,0.119276,-0.635959,0.069923,-1.992116,1.992116,3.000000,0.639791,0.000000,0.000000,0.000132,-0.000189,-0.000308,0.328046,0.004739,0.531209,0.320436,0.006420,0.461361,-0.069800,-1.254646
8.051000,0.973020,0.065082,0.075261,-0.540869,0.072484,-2.036131,2.036131,3.000000,0.545704,0.000000,0.000000,-0.000505,0.000054,0.000936,0.328045,0.004740,0.531210,0.320436,0.006420,0.461321,-0.069840,-1.265943
8.062000,1.004676,0.095611,0.056001,-0.509213,0.103013,-2.055391,2.055391,3.000000,0.519528,0.000000,0.000000,-0.000061,0.000512,0.000330,0.328046,0.004741,0.531211,0.320436,0.006420,0.461321,-0.069840,-1.260808
8.073000,0.944420,0.061694,0.088657,-0.569469,0.069096,-2.022735,2.022735,3.000000,0.573646,0.000000,0.000000,-0.000273,0.000110,0.000022,0.328046,0.004741,0.531210,0.320436,0.006420,0.461321,-0.069840,-1.258192
8.084000,0.907063,0.095004,0.104778,-0.606826,0.102406,-2.006614,2.006614,3.000000,0.615406,0.000000,0.000000,0.000074,0.000360,-0.000102,0.328046,0.004740,0.531210,0.320436,0.006420,0.461321,-0.069840,-1.257127
8.095000,0.945397,0.091507,0.043895,-0.568492,0.098909,-2.067497,2.067497,3.000000,0.577032,0.000000,0.000000,-0.000296,-0.000124,-0.000052,0.328046,0.004741,0.531210,0.320436,0.006420,0.461321,-0.069840,-1.257568
8.106000,0.902127,0.098174,0.036176,-0.611761,0.105576,-2.075216,2.075216,3.000000,0.620805,0.000000,0.000000,-0.000339,-0.000293,0.000363,0.328047,0.004741,0.531210,0.320436,0.006420,0.461321,-0.069840,-1.261091
8.117000,0.942271,0.077866,0.036500,-0.571618,0.085268,-2.074893,2.074893,3.000000,0.577943,0.000000,0.000000,-0.000081,-0.000069,0.000648,0.328047,0.004741,0.531211,0.320436,0.006420,0.461321,-0.069840,-1.263513
8.128000,0.902688,0.118212,0.039465,-0.611200,0.125614,-2.071928,2.071928,3.000000,0.623975,0.000000,0.000000,-0.000343,0.000120,-0.000744,0.328047,0.004741,0.531207,0.320436,0.006420,0.461321,-0.069840,-1.251636
8.139000,0.924452,0.082430,0.030232,-0.589437,0.089832,-2.081160,2.081160,3.000000,0.596243,0.000000,0.000000,-0.000178,-0.000132,0.000955,0.328046,0.004741,0.531210,0.320436,0.006420,0.461321,-0.069840,-1.266111
8.150000,0.894109,0.048626,0.044565,-0.619780,0.056029,-2.066827,2.066827,3.000000,0.622308,0.000000,0.000000,-0.000184,0.000324,0.000131,0.328046,0.004741,0.531208,0.320436,0.006420,0.461321,-0.069840,-1.259083
8.161000,0.903137,0.043670,0.028420,-0.610752,0.051072,-2.082972,2.082972,3.000000,0.612884,0.000000,0.000000,-0.000009,0.000635,-0.000374,0.328046,0.004742,0.531208,0.320436,0.006420,0.461321,-0.069840,-1.254794
8.172000,0.862657,0.076928,0.066501,-0.651232,0.084331,-2.044891,2.044891,3.000000,0.656669,0.000000,0.000000,0.000089,0.000065,0.000037,0.328047,0.004739,0.531209,0.320436,0.006420,0.461321,-0.069840,-1.258302
8.183000,0.895842,0.075651,0.061578,-0.618047,0.083053,-2.049814,2.049814,3.000000,0.623602,0.000000,0.000000,-0.000146,-0.000034,0.000717,0.328046,0.004740,0.531210,0.320436,0.006420,0.461321,-0.069840,-1.264079
8.194000,0.913373,0.090057,0.043606,-0.600516,0.097459,-2.067786,2.067786,3.000000,0.608373,0.000000,0.000000,0.000132,-0.000079,-0.000570,0.328047,0.004739,0.531207,0.320436,0.006420,0.461321,-0.069840,-1.253113
8.205000,0.881444,0.100357,0.048157,-0.632445,0.107759,-2.063235,2.063235,3.000000,0.641560,0.000000,0.000000,0.000034,0.000284,-0.000164,0.328047,0.004742,0.531208,0.320436,0.006420,0.461321,-0.069840,-1.256571
8.216000,0.924983,0.105319,0.028701,-0.588906,0.112721,-2.082691,2.082691,3.000000,0.599597,0.000000,0.000000,0.000200,-0.000054,-0.000189,0.328048,0.004741,0.531207,0.320436,0.006420,0.461321,-0.069840,-1.256348
8.227000,0.934432,0.076560,0.052271,-0.579457,0.083962,-2.059121,2.059121,3.000000,0.585508,0.000000,0.000000,-0.000258,-0.000066,-0.001075,0.328046,0.004739,0.531205,0.320436,0.006420,0.461321,-0.069840,-1.248796
8.238000,0.945870,0.075422,0.037308,-0.568019,0.082824,-2.074084,2.074084,3.000000,0.574026,0.000000,0.000000,-0.000156,0.000705,0.000364,0.328046,0.004742,0.531210,0.320436,0.006420,0.461321,-0.069840,-1.261094
8.249000,0.971804,0.059342,0.039515,-0.542085,0.066744,-2.071877,2.071877,3.000000,0.546178,0.000000,0.000000,-0.000344,-0.000585,0.000686,0.328046,0.004738,0.531210,0.320436,0.006420,0.461321,-0.069840,-1.263826
8.260000,0.880236,0.077470,-0.003564,-0.633653,0.084873,-2.114956,2.114956,3.000000,0.639312,0.000000,0.000000,0.000202,0.000055,0.000214,0.328047,0.004740,0.531212,0.320436,0.006420,0.461321,-0.069840,-1.259849
8.271000,0.842868,0.061178,0.011486,-0.671021,0.068581,-2.099906,2.099906,3.000000,0.674516,0.000000,0.000000,0.000203,-0.000062,0.000286,0.328047,0.004739,0.531212,0.320436,0.006420,0.461321,-0.069840,-1.260464
8.282000,0.812100,0.104223,-0.011408,-0.701789,0.111625,-2.122800,2.122800,3.000000,0.710611,0.000000,0.000000,0.000222,0.000096,-0.000924,0.328048,0.004740,0.531211,0.320436,0.006420,0.461321,-0.069840,-1.250175
8.293000,0.807426,0.103127,-0.029277,-0.706463,0.110529,-2.140669,2.140669,3.000000,0.715057,0.000000,0.000000,-0.000042,-0.000483,-0.000200,0.328046,0.004741,0.531214,0.320436,0.006420,0.461321,-0.069840,-1.256367
8.304000,0.867698,0.113078,-0.076723,-0.646191,0.120481,-2.188115,2.188115,3.000000,0.657327,0.000000,0.000000,-0.000049,-0.000254,0.000439,0.328047,0.004741,0.531216,0.320436,0.006420,0.461321,-0.069840,-1.261829
8.315000,0.846482,0.094617,-0.165197,-0.667407,0.102019,-2.276589,2.276589,3.000000,0.675159,0.000000,0.000000,0.000104,0.000031,0.000054,0.328047,0.004741,0.531216,0.320436,0.006420,0.461321,-0.069840,-1.258566
8.326000,0.835601,0.043122,-0.168143,-0.678288,0.050524,-2.279535,2.279535,3.000000,0.680167,0.000000,0.000000,0.000296,0.000344,-0.000425,0.328048,0.004741,0.531216,0.320436,0.006420,0.461321,-0.069840,-1.254497
8.337000,0.779554,0.057415,-0.198395,-0.734335,0.064817,-2.309787,2.309787,3.000000,0.737190,0.000000,0.000000,-0.000045,0.001024,-0.000863,0.328048,0.004743,0.531214,0.320436,0.006420,0.461321,-0.069840,-1.250749
8.348000,0.805610,0.080996,-0.314351,-0.708279,0.088398,-2.425744,2.425744,3.000000,0.713774,0.000000,0.000000,-0.000401,-0.000115,-0.000263,0.328047,0.004740,0.531214,0.320436,0.006420,0.461321,-0.069840,-1.255848
8.359000,0.771199,0.090477,-0.287436,-0.742690,0.097879,-2.398828,2.398828,3.000000,0.749111,0.000000,0.000000,-0.000022,0.000492,0.000698,0.328047,0.004741,0.531218,0.320436,0.006420,0.461321,-0.069840,-1.264067
8.370000,0.763887,0.111540,-0.326812,-0.750002,0.118942,-2.438204,2.438204,3.000000,0.759375,0.000000,0.000000,-0.000344,-0.000532,-0.000644,0.328047,0.004739,0.531214,0.320436,0.006420,0.461321,-0.069840,-1.252616
8.381000,0.747196,0.105018,-0.301783,-0.766692,0.112420,-2.413176,2.413176,3.000000,0.774891,0.000000,0.000000,-0.000657,-0.000227,0.000024,0.328047,0.004740,0.531215,0.320436,0.006420,0.461321,-0.069840,-1.258297
8.392000,0.733305,0.098007,-0.316213,-0.780584,0.105410,-2.427605,2.427605,3.000000,0.787669,0.000000,0.000000,0.000374,0.000994,0.000003,0.328048,0.004742,0.531214,0.320436,0.006420,0.461321,-0.069840,-1.258102
8.403000,0.729908,0.103624,-0.301299,-0.783980,0.111026,-2.412692,2.412692,3.000000,0.791803,0.000000,0.000000,-0.000071,-0.000455,-0.000697,0.328049,0.004737,0.531214,0.320436,0.006420,0.461321,-0.069840,-1.252167
8.414000,0.783943,0.111806,-0.309986,-0.729946,0.119208,-2.421378,2.421378,3.000000,0.739616,0.000000,0.000000,0.000144,0.000089,-0.000367,0.328048,0.004739,0.531214,0.320436,0.006420,0.461321,-0.069840,-1.254959
8.425000,0.766073,0.098055,-0.340466,-0.747816,0.105457,-2.451858,2.451858,3.000000,0.755215,0.000000,0.000000,0.000486,0.000040,0.000356,0.328048,0.004738,0.531216,0.320436,0.006420,0.461321,-0.069840,-1.261122
8.436000,0.750552,0.078083,-0.358760,-0.763337,0.085485,-2.470152,2.470152,3.000000,0.768109,0.000000,0.000000,0.000207,0.000028,0.000752,0.328048,0.004739,0.531216,0.320436,0.006420,0.461321,-0.069840,-1.264488
8.447000,0.806662,0.125788,-0.367402,-0.707227,0.133190,-2.478794,2.478794,3.000000,0.719659,0.000000,0.000000,-0.000067,0.000164,0.000937,0.328048,0.004738,0.531215,0.320436,0.006420,0.461321,-0.069840,-1.266046
8.458000,0.769803,0.163929,-0.321549,-0.744086,0.171331,-2.432942,2.432942,3.000000,0.763557,0.000000,0.000000,-0.000140,0.000222,0.000305,0.328048,0.004739,0.531214,0.320436,0.006420,0.461321,-0.069840,-1.260653
8.469000,0.717431,0.152044,-0.318138,-0.796458,0.159446,-2.429530,2.429530,3.000000,0.812261,0.000000,0.000000,0.000120,-0.000455,-0.000315,0.328048,0.004738,0.531213,0.320436,0.006420,0.461321,-0.069840,-1.255392
8.480000,0.673434,0.179759,-0.259121,-0.840455,0.187161,-2.370513,2.370513,3.000000,0.861042,0.000000,0.000000,0.000163,0.000589,0.000097,0.328048,0.004741,0.531214,0.320436,0.006420,0.461321,-0.069840,-1.258890
8.491000,0.731315,0.155309,-0.264770,-0.782574,0.162711,-2.376163,2.376163,3.000000,0.799310,0.000000,0.000000,0.000120,0.000420,-0.000193,0.328049,0.004739,0.531213,0.320436,0.006420,0.461321,-0.069840,-1.256422
8.502000,0.719279,0.126976,-0.258970,-0.794610,0.134378,-2.370362,2.370362,3.000000,0.805893,0.000000,0.000000,-0.000126,0.000315,-0.000987,0.328048,0.004740,0.531213,0.320436,0.006420,0.461321,-0.069840,-1.249682
8.513000,0.694564,0.151740,-0.273397,-0.819325,0.159142,-2.384789,2.384789,3.000000,0.834637,0.000000,0.000000,-0.000011,-0.000102,-0.000025,0.328047,0.004739,0.531214,0.320436,0.006420,0.461321,-0.069840,-1.257868
8.524000,0.726387,0.137751,-0.310188,-0.787502,0.145154,-2.421580,2.421580,3.000000,0.800768,0.000000,0.000000,0.000417,-0.000537,0.000798,0.328049,0.004738,0.531216,0.320436,0.006420,0.461321,-0.069840,-1.264890
8.535000,0.828061,0.133017,-0.322996,-0.685828,0.140419,-2.434388,2.434388,3.000000,0.700056,0.000000,0.000000,0.000042,0.000176,-0.000128,0.328048,0.004739,0.531214,0.320436,0.006420,0.461321,-0.069840,-1.256995
8.546000,0.756768,0.164877,-0.300758,-0.757121,0.172279,-2.412150,2.412150,3.000000,0.776474,0.000000,0.000000,-0.000052,-0.000018,-0.000004,0.328049,0.004738,0.531214,0.320436,0.006420,0.461321,-0.069840,-1.258037
8.557000,0.784038,0.143281,-0.314584,-0.729851,0.150683,-2.425976,2.425976,3.000000,0.745243,0.000000,0.000000,0.000259,-0.000270,0.000563,0.328048,0.004738,0.531216,0.320436,0.006420,0.461321,-0.069840,-1.262890
8.568000,0.711155,0.157354,-0.311998,-0.802734,0.164756,-2.423390,2.423390,3.000000,0.819467,0.000000,0.000000,0.000265,-0.000267,-0.000097,0.328048,0.004738,0.531218,0.320436,0.006420,0.461321,-0.069840,-1.257326
8.579000,0.708354,0.146069,-0.313026,-0.805535,0.153471,-2.424419,2.424419,3.000000,0.820025,0.000000,0.000000,0.000124,-0.000223,-0.000330,0.328048,0.004739,0.531215,0.320436,0.006420,0.461321,-0.069840,-1.255289
8.590000,0.774796,0.124492,-0.335106,-0.739093,0.131895,-2.446498,2.446498,3.000000,0.750769,0.000000,0.000000,-0.000206,0.000003,0.000522,0.328048,0.004739,0.531216,0.320436,0.006420,0.461321,-0.069840,-1.262546
8.601000,0.763391,0.112939,-0.352570,-0.750498,0.120341,-2.463962,2.463962,3.000000,0.760085,0.000000,0.000000,0.000095,-0.000149,-0.000890,0.328048,0.004739,0.531215,0.320436,0.006420,0.461321,-0.069840,-1.250538
8.612000,0.708340,0.142127,-0.326177,-0.805549,0.149529,-2.437569,2.437569,3.000000,0.819309,0.000000,0.000000,0.000749,0.000318,0.000064,0.328048,0.004740,0.531217,0.320436,0.006420,0.461321,-0.069840,-1.258661
8.623000,0.722242,0.153606,-0.346859,-0.791646,0.161008,-2.458251,2.458251,3.000000,0.807854,0.000000,0.000000,0.000062,-0.000107,0.000247,0.328048,0.004738,0.531215,0.320436,0.006420,0.461321,-0.069840,-1.260190
8.634000,0.744030,0.148427,-0.392633,-0.769859,0.155829,-2.504025,2.504025,3.000000,0.785472,0.000000,0.000000,0.000362,-0.000004,0.000575,0.328049,0.004739,0.531216,0.320436,0.006420,0.461321,-0.069840,-1.262982
8.645000,0.744016,0.157340,-0.375260,-0.769873,0.164742,-2.486653,2.486653,3.000000,0.787302,0.000000,0.000000,0.000203,0.000123,-0.000047,0.328048,0.004739,0.531217,0.320436,0.006420,0.461321,-0.069840,-1.257731
8.656000,0.788187,0.160883,-0.350286,-0.725702,0.168286,-2.461678,2.461678,3.000000,0.744959,0.000000,0.000000,-0.000345,-0.000495,-0.000184,0.328047,0.004738,0.531215,0.320436,0.006420,0.461321,-0.069840,-1.256531
8.667000,0.792941,0.138538,-0.417680,-0.720948,0.145940,-2.529072,2.529072,3.000000,0.735571,0.000000,0.000000,-0.000043,0.000349,0.000328,0.328048,0.004740,0.531219,0.320436,0.006420,0.461321,-0.069840,-1.260947
8.678000,0.705831,0.137068,-0.395098,-0.808058,0.144470,-2.506490,2.506490,3.000000,0.820871,0.000000,0.000000,-0.000166,0.000078,-0.000152,0.328049,0.004739,0.531220,0.320436,0.006420,0.461321,-0.069840,-1.256886
8.689000,0.673984,0.140510,-0.431885,-0.839905,0.147912,-2.543277,2.543277,3.000000,0.852829,0.000000,0.000000,0.000003,-0.000236,-0.000707,0.328048,0.004739,0.531218,0.320436,0.006420,0.461321,-0.069840,-1.252152
8.700000,0.571165,0.123408,-0.440224,-0.942724,0.130810,-2.551616,2.551616,3.000000,0.951756,0.000000,0.000000,0.000305,0.000440,-0.000221,0.328049,0.004740,0.531220,0.320436,0.006420,0.461321,-0.069840,-1.256302
8.711000,0.653767,0.091039,-0.516762,-0.860122,0.098441,-2.628154,2.628154,3.000000,0.865737,0.000000,0.000000,-0.000364,-0.000025,-0.000334,0.328047,0.004739,0.531219,0.320436,0.006420,0.461321,-0.069840,-1.255326
8.722000,0.642798,0.123405,-0.565235,-0.871091,0.130807,-2.676627,2.676627,3.000000,0.880858,0.000000,0.000000,0.000198,0.000231,0.000272,0.328048,0.004739,0.531220,0.320436,0.006420,0.461321,-0.069840,-1.260492
8.733000,0.665206,0.113035,-0.607835,-0.848682,0.120437,-2.719227,2.719227,3.000000,0.857185,0.000000,0.000000,-0.000384,0.000050,0.000275,0.328047,0.004740,0.531221,0.320436,0.006420,0.461321,-0.069840,-1.260525
8.744000,0.667342,0.152756,-0.592518,-0.846546,0.160158,-2.703910,2.703910,3.000000,0.861563,0.000000,0.000000,0.000791,0.000244,0.000458,0.328049,0.004740,0.531222,0.320436,0.006420,0.461321,-0.069840,-1.262099
8.755000,0.608784,0.164555,-0.578114,-0.905105,0.171957,-2.689506,2.689506,3.000000,0.921294,0.000000,0.000000,0.000399,-0.000350,-0.000530,0.328049,0.004737,0.531218,0.320436,0.006420,0.461321,-0.069840,-1.253652
8.766000,0.615774,0.139261,-0.581089,-0.898115,0.146663,-2.692481,2.692481,3.000000,0.910012,0.000000,0.000000,-0.000201,-0.000039,0.000547,0.328048,0.004738,0.531221,0.320436,0.006420,0.461321,-0.069840,-1.262842
8.777000,0.688742,0.140746,-0.581659,-0.825147,0.148149,-2.693051,2.693051,3.000000,0.838341,0.000000,0.000000,0.000149,-0.000055,-0.000484,0.328048,0.004738,0.531218,0.320436,0.006420,0.461321,-0.069840,-1.254032
8.788000,0.600264,0.169087,-0.567125,-0.913625,0.176489,-2.678517,2.678517,3.000000,0.930516,0.000000,0.000000,0.000093,-0.000846,0.000404,0.328048,0.004737,0.531220,0.320436,0.006420,0.461321,-0.069840,-1.261614
8.799000,0.630678,0.146457,-0.588529,-0.883211,0.153859,-2.699921,2.699921,3.000000,0.896512,0.000000,0.000000,0.000423,0.000216,-0.000296,0.328048,0.004738,0.531218,0.320436,0.006420,0.461321,-0.069840,-1.255638
8.810000,0.606172,0.147604,-0.576275,-0.907717,0.155006,-2.687667,2.687667,3.000000,0.920856,0.000000,0.000000,-0.000352,-0.000858,-0.000428,0.328048,0.004737,0.531218,0.320436,0.006420,0.461321,-0.069840,-1.254518
8.821000,0.649773,0.177679,-0.588370,-0.864116,0.185082,-2.699762,2.699762,3.000000,0.883714,0.000000,0.000000,-0.000015,-0.000441,0.000292,0.328049,0.004737,0.531220,0.320436,0.006420,0.461321,-0.069840,-1.260654
8.832000,0.675152,0.168001,-0.590845,-0.838737,0.175403,-2.702238,2.702238,3.000000,0.856881,0.000000,0.000000,-0.000005,0.000122,0.000069,0.328048,0.004738,0.531219,0.320436,0.006420,0.461321,-0.069840,-1.258755
8.843000,0.603227,0.159465,-0.580099,-0.910662,0.166867,-2.691491,2.691491,3.000000,0.925824,0.000000,0.000000,-0.000005,0.000234,-0.000125,0.328048,0.004740,0.531220,0.320436,0.006420,0.461321,-0.069840,-1.257116
8.854000,0.647508,0.165230,-0.584763,-0.866381,0.172632,-2.696155,2.696155,3.000000,0.883412,0.000000,0.000000,-0.000181,0.000145,0.000390,0.328047,0.004740,0.531220,0.320436,0.006420,0.461321,-0.069840,-1.261491
8.865000,0.648595,0.160437,-0.596139,-0.865294,0.167839,-2.707531,2.707531,3.000000,0.881421,0.000000,0.000000,0.000317,-0.000157,0.000825,0.328048,0.004738,0.531223,0.320436,0.006420,0.461321,-0.069840,-1.265229
8.876000,0.690515,0.141813,-0.619846,-0.823374,0.149216,-2.731238,2.731238,3.000000,0.836785,0.000000,0.000000,-0.000386,0.000144,-0.000809,0.328048,0.004739,0.531219,0.320436,0.006420,0.461321,-0.069840,-1.251297
8.887000,0.559457,0.176350,-0.588715,-0.954432,0.183752,-2.700107,2.700107,3.000000,0.971959,0.000000,0.000000,0.000204,0.000036,-0.000065,0.328049,0.004739,0.531220,0.320436,0.006420,0.461321,-0.069840,-1.257632
8.898000,0.577841,0.179246,-0.631154,-0.936048,0.186648,-2.742546,2.742546,3.000000,0.954475,0.000000,0.000000,-0.000008,-0.000320,-0.000285,0.328048,0.004738,0.531219,0.320436,0.006420,0.461321,-0.069840,-1.255755
8.909000,0.612057,0.158913,-0.647270,-0.901832,0.166315,-2.758662,2.758662,3.000000,0.917039,0.000000,0.000000,-0.000288,0.000175,0.000422,0.328048,0.004738,0.531220,0.320436,0.006420,0.461321,-0.069840,-1.261761
8.920000,0.631228,0.145189,-0.653538,-0.882660,0.152592,-2.764930,2.764930,3.000000,0.895753,0.000000,0.000000,0.000331,0.000807,0.000410,0.328049,0.004740,0.531220,0.320436,0.006420,0.461321,-0.069840,-1.261664
8.931000,0.636898,0.152568,-0.676112,-0.876990,0.159970,-2.787505,2.787505,3.000000,0.891461,0.000000,0.000000,0.000144,0.000271,0.000345,0.328048,0.004740,0.531220,0.320436,0.006420,0.461321,-0.069840,-1.261117
8.942000,0.613176,0.166700,-0.651788,-0.900713,0.174102,-2.763180,2.763180,3.000000,0.917385,0.000000,0.000000,-0.000548,-0.000617,0.000426,0.328048,0.004737,0.531220,0.320436,0.006420,0.461321,-0.069840,-1.261791
8.953000,0.589363,0.168136,-0.623414,-0.924526,0.175538,-2.734806,2.734806,3.000000,0.941043,0.000000,0.000000,0.000195,0.000145,0.000204,0.328049,0.004739,0.531219,0.320436,0.006420,0.461321,-0.069840,-1.259892
8.964000,0.588131,0.162739,-0.605503,-0.925758,0.170141,-2.716895,2.716895,3.000000,0.941263,0.000000,0.000000,-0.000333,-0.000336,0.000278,0.328048,0.004737,0.531219,0.320436,0.006420,0.461321,-0.069840,-1.260526
8.975000,0.635953,0.170070,-0.611284,-0.877936,0.177472,-2.722676,2.722676,3.000000,0.895694,0.000000,0.000000,-0.000040,0.000210,0.000318,0.328048,0.004737,0.531220,0.320436,0.006420,0.461321,-0.069840,-1.260885
8.986000,0.598124,0.166545,-0.615401,-0.915765,0.173947,-2.726793,2.726793,3.000000,0.932139,0.000000,0.000000,0.000254,0.000353,0.000486,0.328049,0.004739,0.531222,0.320436,0.006420,0.461321,-0.069840,-1.262333
8.997000,0.606038,0.182556,-0.617146,-0.907851,0.189958,-2.728538,2.728538,3.000000,0.927512,0.000000,0.000000,0.000257,0.000200,-0.000135,0.328049,0.004738,0.531219,0.320436,0.006420,0.461321,-0.069840,-1.257021
9.008000,0.622522,0.164489,-0.613418,-0.891367,0.171891,-2.724811,2.724811,3.000000,0.907789,0.000000,0.000000,0.000381,-0.000006,0.000140,0.328049,0.004738,0.531221,0.320436,0.006420,0.461321,-0.069840,-1.259388
9.019000,0.592167,0.147800,-0.612224,-0.921722,0.155202,-2.723616,2.723616,3.000000,0.934697,0.000000,0.000000,-0.000054,0.000989,0.000231,0.328048,0.004739,0.531221,0.320436,0.006420,0.461321,-0.069840,-1.260164
9.030000,0.594208,0.189035,-0.627142,-0.919681,0.196437,-2.738534,2.738534,3.000000,0.940426,0.000000,0.000000,0.000513,-0.000045,-0.000455,0.328049,0.004738,0.531221,0.320436,0.006420,0.461321,-0.069840,-1.254345
9.041000,0.609187,0.134896,-0.644622,-0.904702,0.142299,-2.756014,2.756014,3.000000,0.915824,0.000000,0.000000,0.000113,0.000549,-0.000293,0.328048,0.004740,0.531221,0.320436,0.006420,0.461321,-0.069840,-1.255709
9.052000,0.590491,0.151471,-0.650716,-0.923398,0.158873,-2.762108,2.762108,3.000000,0.936966,0.000000,0.000000,-0.000066,0.000150,-0.000697,0.328048,0.004738,0.531219,0.320436,0.006420,0.461321,-0.069840,-1.252255
9.063000,0.631383,0.177749,-0.666080,-0.882506,0.185151,-2.777472,2.777472,3.000000,0.901719,0.000000,0.000000,-0.000102,0.000012,-0.000548,0.328048,0.004738,0.531221,0.320436,0.006420,0.461321,-0.069840,-1.253550
9.074000,0.598084,0.158706,-0.670375,-0.915805,0.166108,-2.781767,2.781767,3.000000,0.930747,0.000000,0.000000,-0.000340,-0.000617,0.000421,0.328048,0.004736,0.531221,0.320436,0.006420,0.461321,-0.069840,-1.261766
9.085000,0.602097,0.171256,-0.658831,-0.911792,0.178658,-2.770223,2.770223,3.000000,0.929131,0.000000,0.000000,0.000004,0.000718,0.000555,0.328048,0.004740,0.531223,0.320436,0.006420,0.461321,-0.069840,-1.262934
9.096000,0.626457,0.161925,-0.697400,-0.887432,0.169327,-2.808792,2.808792,3.000000,0.903442,0.000000,0.000000,-0.000138,0.000156,0.000062,0.328048,0.004738,0.531221,0.320436,0.006420,0.461321,-0.069840,-1.258719
9.107000,0.558760,0.173172,-0.686550,-0.955129,0.180574,-2.797942,2.797942,3.000000,0.972049,0.000000,0.000000,-0.000015,0.000461,-0.000474,0.328048,0.004739,0.531220,0.320436,0.006420,0.461321,-0.069840,-1.254165
9.118000,0.526029,0.174136,-0.639038,-0.987860,0.181538,-2.750430,2.750430,3.000000,1.004402,-0.004918,0.000904,0.000072,-0.000108,-0.000627,0.328048,0.004736,0.531219,0.320392,0.006428,0.461321,-0.069840,-1.252832
9.129000,0.543341,0.166989,-0.655029,-0.970548,0.174391,-2.766422,2.766422,3.000000,0.986091,0.000000,0.000000,0.000032,0.000120,-0.000768,0.328049,0.004738,0.531219,0.320387,0.006429,0.461321,-0.069840,-1.251643
9.140000,0.559857,0.181804,-0.656805,-0.954032,0.189206,-2.768197,2.768197,3.000000,0.972613,0.000000,0.000000,-0.000040,0.000179,0.000100,0.328049,0.004737,0.531221,0.320387,0.006429,0.461321,-0.069840,-1.259054
9.151000,0.595221,0.208146,-0.684469,-0.918668,0.215548,-2.795861,2.795861,3.000000,0.943617,0.000000,0.000000,-0.000207,0.000261,-0.000398,0.328048,0.004738,0.531219,0.320387,0.006429,0.461321,-0.069840,-1.254785
9.162000,0.583012,0.202335,-0.687436,-0.930876,0.209737,-2.798828,2.798828,3.000000,0.954212,0.000000,0.000000,-0.000029,-0.000215,0.000537,0.328049,0.004736,0.531222,0.320387,0.006429,0.461321,-0.069840,-1.262773
9.173000,0.607761,0.186686,-0.679266,-0.906128,0.194088,-2.790658,2.790658,3.000000,0.926681,0.000000,0.000000,-0.000001,-0.000646,0.000522,0.328048,0.004736,0.531222,0.320387,0.006429,0.461321,-0.069840,-1.262649
9.184000,0.588035,0.218898,-0.670087,-0.925854,0.226300,-2.781480,2.781480,3.000000,0.953109,0.000000,0.000000,-0.000148,-0.000309,0.000040,0.328048,0.004737,0.531222,0.320387,0.006429,0.461321,-0.069840,-1.258554
9.195000,0.565932,0.226297,-0.667597,-0.947957,0.233699,-2.778989,2.778989,3.000000,0.976339,0.000000,0.000000,-0.000240,0.000111,0.000387,0.328048,0.004738,0.531223,0.320387,0.006429,0.461321,-0.069840,-1.261512
9.206000,0.562171,0.203158,-0.660993,-0.951718,0.210560,-2.772385,2.772385,3.000000,0.974732,0.000000,0.000000,0.000187,0.000318,-0.000698,0.328049,0.004739,0.531220,0.320387,0.006429,0.461321,-0.069840,-1.252249
9.217000,0.558793,0.200891,-0.663898,-0.955095,0.208294,-2.775290,2.775290,3.000000,0.977545,0.000000,0.000000,0.000590,0.000258,-0.000093,0.328050,0.004738,0.531220,0.320387,0.006429,0.461321,-0.069840,-1.257392
9.228000,0.569817,0.173552,-0.678224,-0.944072,0.180954,-2.789617,2.789617,3.000000,0.961258,0.000000,0.000000,0.000035,0.000207,0.000064,0.328049,0.004738,0.531221,0.320387,0.006429,0.461321,-0.069840,-1.258733
9.239000,0.599665,0.143490,-0.673353,-0.914224,0.150892,-2.784746,2.784746,3.000000,0.926593,0.000000,0.000000,0.000577,0.000160,-0.001110,0.328049,0.004739,0.531219,0.320387,0.006429,0.461321,-0.069840,-1.248747
9.250000,0.578934,0.154297,-0.667200,-0.934955,0.161699,-2.778592,2.778592,3.000000,0.948835,0.000000,0.000000,-0.000265,-0.000150,0.000480,0.328048,0.004739,0.531222,0.320387,0.006429,0.461321,-0.069840,-1.262289
9.261000,0.615795,0.166718,-0.664826,-0.898094,0.174120,-2.776219,2.776219,3.000000,0.914817,0.000000,0.000000,0.000016,-0.000331,0.000285,0.328049,0.004738,0.531221,0.320387,0.006429,0.461321,-0.069840,-1.260609
9.272000,0.594512,0.144001,-0.683586,-0.919377,0.151403,-2.794978,2.794978,3.000000,0.931760,0.000000,0.000000,-0.000204,0.000383,0.000531,0.328048,0.004740,0.531223,0.320387,0.006429,0.461321,-0.069840,-1.262736
9.283000,0.634633,0.134446,-0.713924,-0.879256,0.141848,-2.825316,2.825316,3.000000,0.890624,0.000000,0.000000,0.000104,-0.000705,0.000495,0.328049,0.004737,0.531222,0.320387,0.006429,0.461321,-0.069840,-1.262421
9.294000,0.551476,0.173685,-0.695605,-0.962413,0.181087,-2.806997,2.806997,3.000000,0.979301,0.000000,0.000000,0.000182,-0.000079,-0.000299,0.328049,0.004737,0.531223,0.320387,0.006429,0.461321,-0.069840,-1.255699
9.305000,0.555369,0.179126,-0.713803,-0.958520,0.186528,-2.825195,2.825195,3.000000,0.976500,0.000000,0.000000,0.000511,0.000003,0.000157,0.328049,0.004737,0.531224,0.320387,0.006429,0.461321,-0.069840,-1.259589
9.316000,0.541282,0.167136,-0.714825,-0.972606,0.174538,-2.826217,2.826217,3.000000,0.988143,0.000000,0.000000,-0.000478,0.000664,0.000446,0.328048,0.004740,0.531225,0.320387,0.006429,0.461321,-0.069840,-1.262051
9.327000,0.569159,0.185161,-0.763834,-0.944730,0.192563,-2.875226,2.875226,3.000000,0.964155,0.000000,0.000000,0.000194,0.000202,-0.000383,0.328049,0.004739,0.531222,0.320387,0.006429,0.461321,-0.069840,-1.254961
9.338000,0.528153,0.200976,-0.763583,-0.985736,0.208378,-2.874975,2.874975,3.000000,1.007520,-0.004892,0.001034,0.000013,0.000334,0.000066,0.328049,0.004739,0.531224,0.320362,0.006434,0.461321,-0.069840,-1.258807
9.349000,0.558379,0.181254,-0.741440,-0.955510,0.188657,-2.852832,2.852832,3.000000,0.973956,0.000000,0.000000,-0.000015,0.000462,-0.000649,0.328050,0.004739,0.531220,0.320357,0.006435,0.461321,-0.069840,-1.252681
9.360000,0.525470,0.189270,-0.755293,-0.988419,0.196672,-2.866685,2.866685,3.000000,1.007795,-0.004904,0.000976,-0.000339,0.000426,0.000442,0.328048,0.004739,0.531222,0.320348,0.006437,0.461321,-0.069840,-1.261968
9.371000,0.506922,0.184653,-0.765794,-1.006967,0.192055,-2.877186,2.877186,3.000000,1.025119,-0.004911,0.000937,-0.000299,0.000665,-0.000061,0.328049,0.004738,0.531222,0.320294,0.006448,0.461321,-0.069840,-1.257695
9.382000,0.537045,0.208667,-0.737934,-0.976844,0.216070,-2.849326,2.849326,3.000000,1.000455,-0.004882,0.001080,0.000096,-0.000764,0.000080,0.328050,0.004736,0.531222,0.320250,0.006457,0.461321,-0.069840,-1.258902
9.393000,0.545145,0.213678,-0.745244,-0.968743,0.221080,-2.856636,2.856636,3.000000,0.993650,0.000000,0.000000,0.000027,-0.000093,0.000611,0.328049,0.004737,0.531222,0.320250,0.006457,0.461321,-0.069840,-1.263393
9.404000,0.548993,0.188749,-0.773425,-0.964896,0.196151,-2.884817,2.884817,3.000000,0.984632,0.000000,0.000000,0.000038,-0.000347,-0.000083,0.328049,0.004737,0.531222,0.320250,0.006457,0.461321,-0.069840,-1.257520
9.415000,0.517011,0.214006,-0.735103,-0.996878,0.221409,-2.846496,2.846496,3.000000,1.021169,-0.004881,0.001084,0.000464,-0.000493,-0.000426,0.328050,0.004737,0.531223,0.320201,0.006468,0.461321,-0.069840,-1.254612
9.426000,0.532024,0.190076,-0.708387,-0.981865,0.197478,-2.819779,2.819779,3.000000,1.001527,-0.004902,0.000986,-0.000224,0.000088,-0.000206,0.328048,0.004740,0.531222,0.320147,0.006479,0.461321,-0.069840,-1.256467
9.437000,0.522852,0.168612,-0.730453,-0.991037,0.176014,-2.841845,2.841845,3.000000,1.006546,-0.004923,0.000874,0.000012,0.000168,-0.000055,0.328048,0.004738,0.531222,0.320117,0.006484,0.461321,-0.069840,-1.257760
9.448000,0.566912,0.197113,-0.757651,-0.946977,0.204515,-2.869043,2.869043,3.000000,0.968810,0.000000,0.000000,0.000029,-0.000189,-0.000630,0.328048,0.004737,0.531223,0.320093,0.006489,0.461321,-0.069840,-1.252885
9.459000,0.540848,0.196706,-0.744079,-0.973041,0.204108,-2.855471,2.855471,3.000000,0.994218,0.000000,0.000000,0.000116,0.000606,-0.000053,0.328048,0.004738,0.531223,0.320093,0.006489,0.461321,-0.069840,-1.257789
9.470000,0.540551,0.192546,-0.756921,-0.973338,0.199948,-2.868313,2.868313,3.000000,0.993663,0.000000,0.000000,-0.000031,0.000128,0.000230,0.328049,0.004740,0.531224,0.320078,0.006492,0.461321,-0.069840,-1.260203
9.481000,0.564421,0.219746,-0.784197,-0.949468,0.227148,-2.895589,2.895589,3.000000,0.976261,0.000000,0.000000,-0.000217,-0.000273,-0.000099,0.328049,0.004737,0.531222,0.320078,0.006492,0.461321,-0.069840,-1.257389
9.492000,0.539526,0.191082,-0.741381,-0.974363,0.198484,-2.852773,2.852773,3.000000,0.994373,0.000000,0.000000,-0.000085,-0.000164,-0.001051,0.328048,0.004738,0.531218,0.320078,0.006492,0.461321,-0.069840,-1.249229
9.503000,0.555584,0.191702,-0.760709,-0.958304,0.199104,-2.872101,2.872101,3.000000,0.978770,0.000000,0.000000,0.000018,-0.000155,0.000041,0.328049,0.004737,0.531221,0.320068,0.006494,0.461321,-0.069840,-1.258548
9.514000,0.536176,0.187324,-0.729325,-0.977713,0.194726,-2.840717,2.840717,3.000000,0.996916,0.000000,0.000000,0.000249,-0.000034,-0.000212,0.328050,0.004736,0.531221,0.320068,0.006494,0.461321,-0.069840,-1.256393
9.525000,0.521806,0.181845,-0.738316,-0.992083,0.189247,-2.849708,2.849708,3.000000,1.009972,-0.004911,0.000937,-0.000060,-0.000227,-0.000215,0.328049,0.004737,0.531221,0.320029,0.006502,0.461321,-0.069840,-1.256374
9.536000,0.566027,0.187365,-0.768466,-0.947862,0.194767,-2.879858,2.879858,3.000000,0.967666,0.000000,0.000000,-0.000271,0.000255,0.001067,0.328047,0.004739,0.531223,0.319990,0.006510,0.461321,-0.069840,-1.267292
9.547000,0.559264,0.197361,-0.750740,-0.954625,0.204763,-2.862133,2.862133,3.000000,0.976339,0.000000,0.000000,0.000168,0.000283,0.000660,0.328049,0.004738,0.531222,0.319990,0.006510,0.461321,-0.069840,-1.263823
9.558000,0.563203,0.185686,-0.764681,-0.950686,0.193088,-2.876073,2.876073,3.000000,0.970096,0.000000,0.000000,0.000232,0.000318,-0.000483,0.328049,0.004737,0.531222,0.319990,0.006510,0.461321,-0.069840,-1.254124
9.569000,0.570096,0.152396,-0.753495,-0.943793,0.159798,-2.864887,2.864887,3.000000,0.957226,0.000000,0.000000,0.000016,0.000479,-0.000164,0.328048,0.004739,0.531223,0.319985,0.006510,0.461321,-0.069840,-1.256839
9.580000,0.590976,0.181229,-0.758283,-0.922913,0.188632,-2.869675,2.869675,3.000000,0.941992,0.000000,0.000000,-0.000020,0.000018,-0.000027,0.328048,0.004739,0.531225,0.319985,0.006510,0.461321,-0.069840,-1.258045
9.591000,0.607766,0.167819,-0.764205,-0.906123,0.175221,-2.875598,2.875598,3.000000,0.922909,0.000000,0.000000,-0.000102,0.000073,0.000049,0.328049,0.004739,0.531223,0.319985,0.006510,0.461321,-0.069840,-1.258653
9.602000,0.590902,0.169065,-0.766695,-0.922987,0.176468,-2.878087,2.878087,3.000000,0.939705,0.000000,0.000000,0.000005,-0.000064,0.000585,0.328049,0.004738,0.531225,0.319985,0.006510,0.461321,-0.069840,-1.263242
9.613000,0.594292,0.154665,-0.812950,-0.919597,0.162067,-2.924342,2.924342,3.000000,0.933769,0.000000,0.000000,-0.000074,-0.000376,-0.000330,0.328048,0.004736,0.531223,0.319985,0.006510,0.461321,-0.069840,-1.255440
9.624000,0.559201,0.163179,-0.747937,-0.954688,0.170581,-2.859329,2.859329,3.000000,0.969808,0.000000,0.000000,0.000531,-0.000095,0.000038,0.328049,0.004739,0.531222,0.319985,0.006510,0.461321,-0.069840,-1.258537
9.635000,0.591657,0.192053,-0.800580,-0.922232,0.199455,-2.911972,2.911972,3.000000,0.943554,0.000000,0.000000,0.000170,-0.000084,0.000506,0.328048,0.004737,0.531222,0.319985,0.006510,0.461321,-0.069840,-1.262504
9.646000,0.605288,0.136262,-0.784483,-0.908601,0.143664,-2.895875,2.895875,3.000000,0.919888,0.000000,0.000000,0.000073,-0.000674,-0.000107,0.328048,0.004735,0.531221,0.319985,0.006510,0.461321,-0.069840,-1.257290
9.657000,0.521430,0.184093,-0.736701,-0.992458,0.191495,-2.848093,2.848093,3.000000,1.010764,-0.004909,0.000947,-0.000220,-0.000042,0.000387,0.328048,0.004738,0.531222,0.319970,0.006513,0.461321,-0.069840,-1.261497
9.668000,0.603061,0.175476,-0.756692,-0.910827,0.182878,-2.868084,2.868084,3.000000,0.929005,0.000000,0.000000,-0.000561,0.000166,0.000788,0.328048,0.004738,0.531222,0.319965,0.006514,0.461321,-0.069840,-1.264913
9.679000,0.601061,0.157891,-0.753654,-0.912828,0.165294,-2.865046,2.865046,3.000000,0.927673,0.000000,0.000000,-0.000000,-0.000798,-0.000109,0.328049,0.004737,0.531222,0.319965,0.006514,0.461321,-0.069840,-1.257282
9.690000,0.540018,0.183323,-0.720416,-0.973871,0.190725,-2.831809,2.831809,3.000000,0.992371,0.000000,0.000000,0.000106,0.000330,0.000119,0.328049,0.004739,0.531221,0.319965,0.006514,0.461321,-0.069840,-1.259210
9.701000,0.533250,0.182767,-0.758647,-0.980639,0.190169,-2.870039,2.870039,3.000000,0.998908,0.000000,0.000000,0.000555,-0.000357,0.000063,0.328049,0.004738,0.531223,0.319916,0.006524,0.461321,-0.069840,-1.258758
9.712000,0.560310,0.165893,-0.746558,-0.953579,0.173295,-2.857950,2.857950,3.000000,0.969197,0.000000,0.000000,0.000113,-0.000467,0.000016,0.328048,0.004736,0.531225,0.319916,0.006524,0.461321,-0.069840,-1.258415
9.723000,0.567837,0.149167,-0.751941,-0.946051,0.156569,-2.863333,2.863333,3.000000,0.958920,0.000000,0.000000,0.000269,0.000056,-0.000373,0.328049,0.004737,0.531224,0.319916,0.006524,0.461321,-0.069840,-1.255083
9.734000,0.584429,0.186032,-0.810228,-0.929460,0.193434,-2.921620,2.921620,3.000000,0.949375,0.000000,0.000000,0.000438,0.000426,0.000328,0.328050,0.004739,0.531225,0.319916,0.006524,0.461321,-0.069840,-1.261059
9.745000,0.600577,0.157670,-0.799492,-0.913312,0.165072,-2.910884,2.910884,3.000000,0.928110,0.000000,0.000000,-0.000176,-0.000105,0.000601,0.328048,0.004739,0.531227,0.319916,0.006524,0.461321,-0.069840,-1.263409
9.756000,0.602155,0.158861,-0.785130,-0.911734,0.166263,-2.896522,2.896522,3.000000,0.926770,0.000000,0.000000,-0.000329,-0.000408,0.000228,0.328048,0.004738,0.531226,0.319916,0.006524,0.461321,-0.069840,-1.260216
9.767000,0.595437,0.149674,-0.793256,-0.918452,0.157076,-2.904648,2.904648,3.000000,0.931787,0.000000,0.000000,-0.000112,0.000420,-0.000412,0.328048,0.004740,0.531223,0.319916,0.006524,0.461321,-0.069840,-1.254745
9.778000,0.584875,0.142291,-0.814563,-0.929014,0.149693,-2.925955,2.925955,3.000000,0.940997,0.000000,0.000000,-0.000158,-0.000684,-0.000645,0.328049,0.004737,0.531222,0.319916,0.006524,0.461321,-0.069840,-1.252737
9.789000,0.548050,0.164799,-0.815889,-0.965839,0.172201,-2.927282,2.927282,3.000000,0.981070,0.000000,0.000000,0.000302,0.000366,0.000793,0.328050,0.004738,0.531224,0.319916,0.006524,0.461321,-0.069840,-1.264983
9.800000,0.510394,0.158633,-0.792248,-1.003495,0.166035,-2.903640,2.903640,3.000000,1.017138,-0.004933,0.000816,0.000097,-0.000120,-0.000468,0.328049,0.004737,0.531223,0.319897,0.006527,0.461321,-0.069840,-1.254254
9.811000,0.530200,0.178611,-0.802716,-0.983689,0.186013,-2.914108,2.914108,3.000000,1.001122,-0.004913,0.000929,-0.000294,0.000008,-0.000002,0.328048,0.004736,0.531222,0.319867,0.006532,0.461321,-0.069840,-1.258206
9.822000,0.494648,0.185817,-0.793748,-1.019241,0.193220,-2.905140,2.905140,3.000000,1.037393,-0.004913,0.000931,-0.000102,0.000338,-0.000231,0.328048,0.004737,0.531223,0.319813,0.006542,0.461321,-0.069840,-1.256283
9.833000,0.525340,0.191313,-0.797000,-0.988549,0.198715,-2.908393,2.908393,3.000000,1.008324,-0.004902,0.000985,0.000097,-0.000918,-0.000080,0.328049,0.004735,0.531222,0.319759,0.006553,0.461321,-0.069840,-1.257532
9.844000,0.532475,0.242918,-0.829829,-0.981413,0.250320,-2.941221,2.941221,3.000000,1.012834,-0.004845,0.001236,-0.000127,0.000225,-0.000143,0.328049,0.004738,0.531224,0.319705,0.006565,0.461321,-0.069840,-1.257045
9.855000,0.493512,0.199805,-0.813801,-1.020377,0.207207,-2.925193,2.925193,3.000000,1.041203,-0.004900,0.000995,0.000272,0.000110,0.000254,0.328049,0.004737,0.531225,0.319662,0.006575,0.461321,-0.069840,-1.260420
9.866000,0.550977,0.231511,-0.843565,-0.962912,0.238913,-2.954957,2.954957,3.000000,0.992108,0.000000,0.000000,-0.000189,0.000046,-0.000148,0.328048,0.004737,0.531223,0.319613,0.006586,0.461321,-0.069840,-1.256970
9.877000,0.559389,0.186503,-0.857264,-0.954500,0.193905,-2.968656,2.968656,3.000000,0.973997,0.000000,0.000000,-0.000085,0.000124,0.000505,0.328048,0.004737,0.531225,0.319613,0.006586,0.461321,-0.069840,-1.262553
9.888000,0.503848,0.187254,-0.831724,-1.010041,0.194656,-2.943116,2.943116,3.000000,1.028627,-0.004910,0.000946,0.000144,-0.000344,-0.000157,0.328049,0.004736,0.531223,0.319573,0.006594,0.461321,-0.069840,-1.256892
9.899000,0.528568,0.176607,-0.808814,-0.985320,0.184009,-2.920206,2.920206,3.000000,1.002355,-0.004915,0.000918,-0.000452,-0.000368,-0.000378,0.328048,0.004737,0.531222,0.319519,0.006604,0.461321,-0.069840,-1.255017
9.910000,0.539169,0.192170,-0.842370,-0.974720,0.199572,-2.953762,2.953762,3.000000,0.994941,0.000000,0.000000,-0.000168,0.000461,-0.000163,0.328049,0.004739,0.531223,0.319519,0.006604,0.461321,-0.069840,-1.256842
9.921000,0.525262,0.178027,-0.848406,-0.988627,0.185430,-2.959799,2.959799,3.000000,1.005866,-0.004914,0.000922,0.000190,-0.000434,0.000132,0.328049,0.004738,0.531224,0.319475,0.006613,0.461321,-0.069840,-1.259372
9.932000,0.469153,0.179395,-0.801638,-1.044736,0.186797,-2.913030,2.913030,3.000000,1.061304,-0.004922,0.000880,-0.000056,0.000607,-0.000313,0.328050,0.004738,0.531222,0.319421,0.006623,0.461321,-0.069840,-1.255568
9.943000,0.555718,0.163250,-0.853919,-0.958171,0.170652,-2.965312,2.965312,3.000000,0.973249,0.000000,0.000000,-0.000416,0.000164,-0.000193,0.328048,0.004738,0.531223,0.319387,0.006629,0.461321,-0.069840,-1.256590
9.954000,0.527459,0.169662,-0.866842,-0.986430,0.177064,-2.978234,2.978234,3.000000,1.002196,-0.004921,0.000883,0.000190,0.000230,-0.000333,0.328049,0.004739,0.531221,0.319382,0.006630,0.461321,-0.069840,-1.255372
9.965000,0.561256,0.161823,-0.841413,-0.952633,0.169225,-2.952805,2.952805,3.000000,0.967547,0.000000,0.000000,0.000078,0.000124,0.000538,0.328048,0.004737,0.531224,0.319357,0.006635,0.461321,-0.069840,-1.262816
9.976000,0.504420,0.203106,-0.782800,-1.009468,0.210508,-2.894192,2.894192,3.000000,1.031184,-0.004895,0.001021,-0.000350,-0.000523,-0.000473,0.328048,0.004736,0.531222,0.319318,0.006643,0.461321,-0.069840,-1.254214
9.987000,0.490693,0.190714,-0.774542,-1.023195,0.198116,-2.885934,2.885934,3.000000,1.042199,-0.004909,0.000950,0.000017,-0.000268,0.000633,0.328048,0.004736,0.531225,0.319264,0.006654,0.461321,-0.069840,-1.263638
9.998000,0.555494,0.152318,-0.774562,-0.958395,0.159720,-2.885954,2.885954,3.000000,0.971613,0.000000,0.000000,-0.000225,-0.000516,0.000295,0.328048,0.004735,0.531223,0.319230,0.006660,0.461321,-0.069840,-1.260737
10.009000,0.571197,0.186459,-0.793830,-0.942692,0.193861,-2.905222,2.905222,3.000000,0.962419,0.000000,0.000000,0.000007,0.001033,0.001405,0.328049,0.004737,0.531227,0.319230,0.006660,0.461321,-0.069840,-1.270220
10.020000,0.571326,0.155775,-0.811951,-0.942563,0.163177,-2.923343,2.923343,3.000000,0.956583,0.000000,0.000000,-0.000354,0.000619,0.000296,0.328048,0.004739,0.531226,0.319230,0.006660,0.461321,-0.069840,-1.260799
10.031000,0.537062,0.184167,-0.788599,-0.976827,0.191569,-2.899991,2.899991,3.000000,0.995434,0.000000,0.000000,-0.000096,0.000482,0.000005,0.328049,0.004738,0.531223,0.319230,0.006660,0.461321,-0.069840,-1.258284
10.042000,0.503789,0.231463,-0.810034,-1.010100,0.238865,-2.921426,2.921426,3.000000,1.037959,-0.004866,0.001151,-0.000026,0.000222,0.000535,0.328048,0.004738,0.531225,0.319196,0.006668,0.461321,-0.069840,-1.262814
10.053000,0.555143,0.205763,-0.839505,-0.958745,0.213165,-2.950897,2.950897,3.000000,0.982157,0.000000,0.000000,-0.000598,-0.000133,-0.000949,0.328048,0.004737,0.531222,0.319166,0.006674,0.461321,-0.069840,-1.250163
10.064000,0.494156,0.184424,-0.814755,-1.019733,0.191827,-2.926147,2.926147,3.000000,1.037618,-0.004914,0.000924,-0.000107,0.000350,-0.000063,0.328048,0.004738,0.531224,0.319132,0.006681,0.461321,-0.069840,-1.257720
10.075000,0.495789,0.188548,-0.824970,-1.018100,0.195950,-2.936362,2.936362,3.000000,1.036786,-0.004910,0.000945,-0.000060,0.001167,0.000202,0.328049,0.004740,0.531225,0.319078,0.006691,0.461321,-0.069840,-1.259985
10.086000,0.504496,0.183525,-0.808432,-1.009393,0.190927,-2.919824,2.919824,3.000000,1.027291,-0.004913,0.000929,0.000097,0.000121,-0.000979,0.328049,0.004738,0.531223,0.319024,0.006701,0.461321,-0.069840,-1.249934
10.097000,0.478281,0.186150,-0.824613,-1.035608,0.193552,-2.936005,2.936005,3.000000,1.053540,-0.004915,0.000919,-0.000147,-0.000539,-0.000394,0.328049,0.004737,0.531224,0.318970,0.006711,0.461321,-0.069840,-1.254901
10.108000,0.488721,0.180488,-0.826339,-1.025168,0.187890,-2.937731,2.937731,3.000000,1.042244,-0.004918,0.000901,-0.000169,-0.000007,0.000190,0.328048,0.004738,0.531225,0.318916,0.006722,0.461321,-0.069840,-1.259888
10.119000,0.548383,0.194660,-0.884174,-0.965505,0.202062,-2.995566,2.995566,3.000000,0.986423,0.000000,0.000000,0.000051,-0.000277,0.000398,0.328049,0.004737,0.531225,0.318877,0.006729,0.461321,-0.069840,-1.261647
10.130000,0.508131,0.185202,-0.865189,-1.005758,0.192604,-2.976581,2.976581,3.000000,1.024034,-0.004911,0.000940,0.000146,-0.000104,0.000025,0.328049,0.004737,0.531223,0.318842,0.006736,0.461321,-0.069840,-1.258453
10.141000,0.551307,0.196171,-0.879746,-0.962582,0.203573,-2.991138,2.991138,3.000000,0.983873,0.000000,0.000000,0.000144,0.000284,0.001436,0.328049,0.004738,0.531226,0.318798,0.006745,0.461321,-0.069840,-1.270471
10.152000,0.523295,0.201851,-0.831143,-0.990594,0.209253,-2.942535,2.942535,3.000000,1.012454,-0.004892,0.001033,0.000661,-0.000333,0.000693,0.328050,0.004736,0.531224,0.318788,0.006747,0.461321,-0.069840,-1.264130
10.163000,0.463317,0.181492,-0.796857,-1.050572,0.188894,-2.908249,2.908249,3.000000,1.067419,-0.004921,0.000885,0.000076,-0.000381,-0.000254,0.328049,0.004737,0.531222,0.318734,0.006758,0.461321,-0.069840,-1.256063
10.174000,0.544201,0.196847,-0.796039,-0.969688,0.204249,-2.907431,2.907431,3.000000,0.990965,0.000000,0.000000,-0.000371,0.000461,-0.000344,0.328048,0.004738,0.531222,0.318685,0.006768,0.461321,-0.069840,-1.255306
10.185000,0.524676,0.202472,-0.782005,-0.989213,0.209874,-2.893397,2.893397,3.000000,1.011231,-0.004891,0.001038,0.000140,0.000629,-0.000955,0.328049,0.004739,0.531221,0.318666,0.006772,0.461321,-0.069840,-1.250100
10.196000,0.502564,0.207094,-0.779009,-1.011325,0.214496,-2.890401,2.890401,3.000000,1.033821,-0.004891,0.001037,-0.000151,0.000787,-0.000190,0.328048,0.004739,0.531222,0.318612,0.006784,0.461321,-0.069840,-1.256604
10.207000,0.581531,0.214852,-0.819100,-0.932358,0.222254,-2.930492,2.930492,3.000000,0.958482,0.000000,0.000000,-0.000063,-0.000185,0.000520,0.328049,0.004737,0.531225,0.318602,0.006786,0.461321,-0.069840,-1.262679
10.218000,0.557709,0.202407,-0.806823,-0.956180,0.209809,-2.918215,2.918215,3.000000,0.978928,0.000000,0.000000,-0.000094,-0.000411,-0.000381,0.328048,0.004737,0.531223,0.318602,0.006786,0.461321,-0.069840,-1.255001
10.229000,0.545255,0.220221,-0.793396,-0.968634,0.227624,-2.904788,2.904788,3.000000,0.995020,0.000000,0.000000,-0.000174,0.000244,0.000106,0.328048,0.004738,0.531224,0.318602,0.006786,0.461321,-0.069840,-1.259154
10.240000,0.539697,0.192627,-0.797158,-0.974192,0.200029,-2.908550,2.908550,3.000000,0.994516,0.000000,0.000000,0.000015,0.000476,0.000629,0.328050,0.004738,0.531226,0.318553,0.006796,0.461321,-0.069840,-1.263622
10.251000,0.563797,0.191359,-0.807864,-0.950092,0.198761,-2.919256,2.919256,3.000000,0.970660,0.000000,0.000000,-0.000016,-0.000702,0.001040,0.328048,0.004738,0.531225,0.318553,0.006796,0.461321,-0.069840,-1.267101
10.262000,0.635896,0.174704,-0.847716,-0.877993,0.182106,-2.959108,2.959108,3.000000,0.896680,0.000000,0.000000,-0.000290,-0.000303,-0.000308,0.328048,0.004739,0.531224,0.318553,0.006796,0.461321,-0.069840,-1.255635
10.273000,0.539380,0.166933,-0.808894,-0.974509,0.174335,-2.920286,2.920286,3.000000,0.989980,0.000000,0.000000,0.000129,0.000199,-0.000174,0.328049,0.004739,0.531224,0.318553,0.006796,0.461321,-0.069840,-1.256780
10.284000,0.530623,0.143919,-0.816666,-0.983265,0.151321,-2.928058,2.928058,3.000000,0.994841,0.000000,0.000000,-0.000108,-0.000207,0.000070,0.328049,0.004739,0.531225,0.318553,0.006796,0.461321,-0.069840,-1.258856
10.295000,0.558285,0.155548,-0.840568,-0.955604,0.162950,-2.951960,2.951960,3.000000,0.969397,0.000000,0.000000,0.000141,0.000464,0.000360,0.328048,0.004738,0.531223,0.318553,0.006796,0.461321,-0.069840,-1.261291
10.306000,0.514461,0.137271,-0.829856,-0.999428,0.144673,-2.941248,2.941248,3.000000,1.009844,-0.004948,0.000716,-0.000238,0.000346,-0.000111,0.328049,0.004737,0.531225,0.318524,0.006800,0.461321,-0.069840,-1.257324
10.317000,0.554198,0.111933,-0.813282,-0.959691,0.119335,-2.924674,2.924674,3.000000,0.967082,0.000000,0.000000,-0.000403,0.000031,0.000109,0.328047,0.004738,0.531223,0.318509,0.006802,0.461321,-0.069840,-1.259167
10.328000,0.574654,0.175652,-0.842552,-0.939235,0.183054,-2.953944,2.953944,3.000000,0.956907,0.000000,0.000000,-0.000077,-0.000086,-0.000888,0.328048,0.004737,0.531221,0.318509,0.006802,0.461321,-0.069840,-1.250658
10.339000,0.580247,0.184406,-0.803533,-0.933642,0.191808,-2.914925,2.914925,3.000000,0.953141,0.000000,0.000000,-0.000276,-0.000999,0.000589,0.328048,0.004736,0.531224,0.318509,0.006802,0.461321,-0.069840,-1.263249
10.350000,0.543952,0.189905,-0.837749,-0.969936,0.197307,-2.949142,2.949142,3.000000,0.989801,0.000000,0.000000,0.000151,-0.000027,-0.000252,0.328049,0.004737,0.531223,0.318494,0.006805,0.461321,-0.069840,-1.256097
10.361000,0.556722,0.191109,-0.842502,-0.957167,0.198511,-2.953894,2.953894,3.000000,0.977535,0.000000,0.000000,-0.000086,-0.000194,0.000003,0.328049,0.004738,0.531224,0.318494,0.006805,0.461321,-0.069840,-1.258273
10.372000,0.511640,0.206205,-0.810001,-1.002249,0.213607,-2.921394,2.921394,3.000000,1.024759,-0.004890,0.001042,-0.000147,-0.000182,-0.000573,0.328049,0.004736,0.531222,0.318475,0.006809,0.461321,-0.069840,-1.253350
10.383000,0.507535,0.164189,-0.800013,-1.006354,0.171591,-2.911406,2.911406,3.000000,1.020878,-0.004929,0.000840,0.000218,0.000120,0.000490,0.328049,0.004737,0.531224,0.318420,0.006819,0.461321,-0.069840,-1.262414
10.394000,0.575825,0.196559,-0.841748,-0.938064,0.203961,-2.953140,2.953140,3.000000,0.959982,0.000000,0.000000,-0.000105,0.000157,-0.000330,0.328049,0.004738,0.531224,0.318401,0.006823,0.461321,-0.069840,-1.255455
10.405000,0.548371,0.189451,-0.817440,-0.965518,0.196853,-2.928832,2.928832,3.000000,0.985381,0.000000,0.000000,-0.000483,0.000035,0.000693,0.328048,0.004739,0.531226,0.318401,0.006823,0.461321,-0.069840,-1.264167
10.416000,0.531384,0.201042,-0.837097,-0.982505,0.208444,-2.948489,2.948489,3.000000,1.004373,-0.004891,0.001038,-0.000033,-0.000062,0.000274,0.328048,0.004738,0.531227,0.318391,0.006825,0.461321,-0.069840,-1.260632
10.427000,0.544282,0.189813,-0.822375,-0.969607,0.197215,-2.933767,2.933767,3.000000,0.989460,0.000000,0.000000,-0.000063,-0.000367,-0.000605,0.328048,0.004735,0.531223,0.318357,0.006832,0.461321,-0.069840,-1.253111
10.438000,0.511411,0.173882,-0.868278,-1.002478,0.181284,-2.979670,2.979670,3.000000,1.018738,-0.004920,0.000890,0.000153,0.000302,0.000491,0.328048,0.004738,0.531225,0.318308,0.006841,0.461321,-0.069840,-1.262441
10.449000,0.534911,0.175990,-0.875682,-0.978977,0.183392,-2.987074,2.987074,3.000000,0.996007,0.000000,0.000000,-0.000175,0.000218,-0.000354,0.328048,0.004738,0.531225,0.318288,0.006845,0.461321,-0.069840,-1.255276
10.460000,0.539503,0.174651,-0.853873,-0.974386,0.182053,-2.965265,2.965265,3.000000,0.991248,0.000000,0.000000,0.000201,0.000133,-0.000295,0.328048,0.004738,0.531223,0.318288,0.006845,0.461321,-0.069840,-1.255729
10.471000,0.538292,0.176172,-0.860685,-0.975597,0.183574,-2.972077,2.972077,3.000000,0.992718,0.000000,0.000000,0.000171,-0.000507,-0.000424,0.328049,0.004737,0.531222,0.318273,0.006848,0.461321,-0.069840,-1.254629
10.482000,0.593330,0.184560,-0.863874,-0.920559,0.191962,-2.975267,2.975267,3.000000,0.940361,0.000000,0.000000,0.000040,-0.000107,0.000074,0.328049,0.004738,0.531226,0.318273,0.006848,0.461321,-0.069840,-1.258906
10.493000,0.536140,0.193968,-0.836754,-0.977749,0.201371,-2.948146,2.948146,3.000000,0.998270,0.000000,0.000000,0.000088,0.000182,0.000013,0.328049,0.004736,0.531222,0.318239,0.006855,0.461321,-0.069840,-1.258339
10.504000,0.489346,0.193039,-0.779509,-1.024543,0.200441,-2.890901,2.890901,3.000000,1.043966,-0.004907,0.000960,0.000147,-0.000089,-0.000890,0.328050,0.004736,0.531221,0.318195,0.006864,0.461321,-0.069840,-1.250660
10.515000,0.558602,0.219244,-0.818576,-0.955287,0.226646,-2.929968,2.929968,3.000000,0.981805,0.000000,0.000000,0.000236,-0.000508,0.000012,0.328049,0.004734,0.531225,0.318170,0.006869,0.461321,-0.069840,-1.258376
10.526000,0.548507,0.241558,-0.804261,-0.965382,0.248960,-2.915653,2.915653,3.000000,0.996967,0.000000,0.000000,-0.000544,-0.000128,-0.000432,0.328049,0.004733,0.531223,0.318132,0.006879,0.461321,-0.069840,-1.254571
10.537000,0.496080,0.251207,-0.828788,-1.017809,0.258609,-2.940180,2.940180,3.000000,1.050149,-0.004846,0.001231,0.000013,0.000086,0.000123,0.328049,0.004734,0.531223,0.318083,0.006891,0.461321,-0.069840,-1.259284
10.548000,0.490742,0.263377,-0.830734,-1.023147,0.270779,-2.942127,2.942127,3.000000,1.058372,-0.004834,0.001279,0.000036,-0.000072,0.000062,0.328049,0.004734,0.531224,0.318030,0.006904,0.461321,-0.069840,-1.258774
10.559000,0.538011,0.240610,-0.799983,-0.975878,0.248012,-2.911375,2.911375,3.000000,1.006900,-0.004846,0.001232,-0.000085,0.000658,0.000542,0.328049,0.004735,0.531225,0.317976,0.006918,0.461321,-0.069840,-1.262861
10.570000,0.547192,0.255655,-0.837445,-0.966696,0.263057,-2.948837,2.948837,3.000000,1.001849,-0.004825,0.001313,0.000018,0.000037,0.000774,0.328048,0.004735,0.531224,0.317957,0.006923,0.461321,-0.069840,-1.264830
10.581000,0.549664,0.238781,-0.813255,-0.964224,0.246183,-2.924647,2.924647,3.000000,0.995156,0.000000,0.000000,-0.000375,-0.000285,-0.000355,0.328048,0.004735,0.531223,0.317957,0.006923,0.461321,-0.069840,-1.255221
10.592000,0.542326,0.262249,-0.804816,-0.971563,0.269651,-2.916208,2.916208,3.000000,1.008289,-0.004818,0.001337,0.000122,0.000300,-0.000241,0.328049,0.004737,0.531224,0.317952,0.006924,0.461321,-0.069840,-1.256208
10.603000,0.529712,0.234900,-0.803456,-0.984176,0.242302,-2.914848,2.914848,3.000000,1.013565,-0.004855,0.001195,0.000164,-0.000489,0.000436,0.328049,0.004734,0.531224,0.317899,0.006938,0.461321,-0.069840,-1.261949
10.614000,0.616531,0.215653,-0.871792,-0.897358,0.223056,-2.983184,2.983184,3.000000,0.924665,0.000000,0.000000,-0.000153,0.000303,0.000920,0.328048,0.004735,0.531225,0.317889,0.006940,0.461321,-0.069840,-1.266071
10.625000,0.600311,0.215924,-0.836389,-0.913578,0.223326,-2.947781,2.947781,3.000000,0.940478,0.000000,0.000000,-0.000215,-0.000004,0.000061,0.328048,0.004736,0.531225,0.317889,0.006940,0.461321,-0.069840,-1.258797
10.636000,0.560922,0.221206,-0.788453,-0.952967,0.228608,-2.899845,2.899845,3.000000,0.980004,0.000000,0.000000,0.000030,0.000480,0.000235,0.328049,0.004737,0.531225,0.317889,0.006940,0.461321,-0.069840,-1.260261
10.647000,0.560714,0.208616,-0.838901,-0.953175,0.216018,-2.950293,2.950293,3.000000,0.977347,0.000000,0.000000,0.000255,-0.000269,0.000261,0.328049,0.004736,0.531224,0.317889,0.006940,0.461321,-0.069840,-1.260462
10.658000,0.501377,0.211740,-0.822408,-1.012512,0.219142,-2.933800,2.933800,3.000000,1.035956,-0.004887,0.001058,0.000309,0.000350,-0.000067,0.328050,0.004736,0.531223,0.317875,0.006944,0.461321,-0.069840,-1.257675
10.669000,0.540555,0.231326,-0.821056,-0.973334,0.238728,-2.932448,2.932448,3.000000,1.002182,-0.004856,0.001191,-0.000087,-0.000326,-0.000422,0.328049,0.004735,0.531223,0.317821,0.006956,0.461321,-0.069840,-1.254659
10.680000,0.552004,0.211045,-0.848760,-0.961884,0.218447,-2.960152,2.960152,3.000000,0.986378,0.000000,0.000000,-0.000182,0.000585,0.000740,0.328049,0.004736,0.531227,0.317821,0.006956,0.461321,-0.069840,-1.264585
10.691000,0.506349,0.255157,-0.817093,-1.007540,0.262559,-2.928485,2.928485,3.000000,1.041189,-0.004838,0.001261,0.000005,0.000202,-0.000236,0.328049,0.004735,0.531225,0.317792,0.006963,0.461321,-0.069840,-1.256273
10.702000,0.506398,0.229795,-0.826086,-1.007491,0.237197,-2.937479,2.937479,3.000000,1.035037,-0.004867,0.001146,0.000455,0.000792,-0.000021,0.328049,0.004735,0.531225,0.317739,0.006977,0.461321,-0.069840,-1.258096
10.713000,0.502679,0.252192,-0.824352,-1.011210,0.259594,-2.935744,2.935744,3.000000,1.044000,-0.004843,0.001243,-0.000296,0.000677,0.000025,0.328048,0.004735,0.531225,0.317685,0.006989,0.461321,-0.069840,-1.258479
10.724000,0.559610,0.239870,-0.838642,-0.954279,0.247272,-2.950034,2.950034,3.000000,0.985795,0.000000,0.000000,-0.000134,0.000039,-0.000558,0.328048,0.004733,0.531223,0.317656,0.006997,0.461321,-0.069840,-1.253498
10.735000,0.511649,0.286881,-0.830912,-1.002240,0.294283,-2.942304,2.942304,3.000000,1.044552,-0.004797,0.001409,0.000302,-0.000395,-0.000124,0.328049,0.004732,0.531223,0.317613,0.007009,0.461321,-0.069840,-1.257181
10.746000,0.531517,0.267042,-0.835064,-0.982372,0.274444,-2.946456,2.946456,3.000000,1.019987,-0.004816,0.001345,-0.000165,-0.000550,0.000472,0.328049,0.004732,0.531223,0.317560,0.007024,0.461321,-0.069840,-1.262247
10.757000,0.511128,0.266375,-0.810749,-1.002761,0.273777,-2.922141,2.922141,3.000000,1.039463,-0.004823,0.001317,0.000203,0.000461,-0.000009,0.328050,0.004734,0.531222,0.317507,0.007039,0.461321,-0.069840,-1.258151
10.768000,0.552769,0.270403,-0.821857,-0.961120,0.277805,-2.933249,2.933249,3.000000,1.000464,-0.004803,0.001388,-0.000527,-0.000319,-0.000226,0.328048,0.004734,0.531221,0.317473,0.007048,0.461321,-0.069840,-1.256289
10.779000,0.545053,0.280823,-0.808676,-0.968836,0.288225,-2.920068,2.920068,3.000000,1.010800,-0.004792,0.001426,-0.000016,-0.000224,0.000533,0.328049,0.004733,0.531222,0.317440,0.007058,0.461321,-0.069840,-1.262751
10.790000,0.585439,0.279175,-0.831100,-0.928450,0.286577,-2.942492,2.942492,3.000000,0.971672,0.000000,0.000000,-0.000115,0.000116,0.000284,0.328049,0.004734,0.531223,0.317425,0.007062,0.461321,-0.069840,-1.260645
10.801000,0.507516,0.327292,-0.771993,-1.006373,0.334694,-2.883385,2.883385,3.000000,1.060569,-0.004744,0.001578,0.000134,0.000056,0.000186,0.328049,0.004735,0.531223,0.317397,0.007071,0.461321,-0.069840,-1.259807
10.812000,0.524793,0.309752,-0.795450,-0.989096,0.317154,-2.906842,2.906842,3.000000,1.038700,-0.004761,0.001527,0.000331,0.000041,0.000134,0.328049,0.004734,0.531223,0.317344,0.007088,0.461321,-0.069840,-1.259379
10.823000,0.485064,0.265114,-0.777649,-1.028825,0.272516,-2.889041,2.889041,3.000000,1.064305,-0.004833,0.001280,-0.000173,0.000372,-0.000335,0.328048,0.004736,0.531222,0.317291,0.007103,0.461321,-0.069840,-1.255369
10.834000,0.490186,0.261924,-0.781114,-1.023703,0.269326,-2.892506,2.892506,3.000000,1.058539,-0.004835,0.001272,-0.000033,-0.000124,-0.000054,0.328049,0.004734,0.531225,0.317238,0.007117,0.461321,-0.069840,-1.257817
10.845000,0.558931,0.272879,-0.818945,-0.954958,0.280282,-2.930338,2.930338,3.000000,0.995240,0.000000,0.000000,0.000431,-0.000415,0.000442,0.328049,0.004733,0.531225,0.317195,0.007130,0.461321,-0.069840,-1.262012
10.856000,0.547520,0.251830,-0.832067,-0.966369,0.259232,-2.943459,2.943459,3.000000,1.000535,-0.004829,0.001295,0.000304,0.000911,0.000338,0.328049,0.004736,0.531224,0.317156,0.007140,0.461321,-0.069840,-1.261131
10.867000,0.579620,0.274697,-0.829895,-0.934269,0.282099,-2.941287,2.941287,3.000000,0.975930,0.000000,0.000000,0.000112,-0.000011,-0.000227,0.328049,0.004734,0.531226,0.317142,0.007144,0.461321,-0.069840,-1.256360
10.878000,0.537225,0.264110,-0.818428,-0.976664,0.271512,-2.929820,2.929820,3.000000,1.013701,-0.004817,0.001339,0.000199,-0.000290,0.001137,0.328049,0.004734,0.531227,0.317108,0.007154,0.461321,-0.069840,-1.267952
10.889000,0.569359,0.250011,-0.850370,-0.944530,0.257413,-2.961762,2.961762,3.000000,0.978978,0.000000,0.000000,0.000027,0.000597,0.000333,0.328049,0.004734,0.531224,0.317103,0.007155,0.461321,-0.069840,-1.261072
10.900000,0.574542,0.268707,-0.870960,-0.939347,0.276109,-2.982352,2.982352,3.000000,0.979086,0.000000,0.000000,-0.000321,-0.000227,-0.000085,0.328049,0.004734,0.531224,0.317103,0.007155,0.461321,-0.069840,-1.257533
10.911000,0.520298,0.281070,-0.845855,-0.993591,0.288472,-2.957247,2.957247,3.000000,1.034620,-0.004802,0.001394,-0.000477,-0.000432,-0.000017,0.328048,0.004734,0.531224,0.317079,0.007162,0.461321,-0.069840,-1.258110
10.922000,0.468991,0.291587,-0.811909,-1.044898,0.298989,-2.923301,2.923301,3.000000,1.086833,-0.004807,0.001376,0.000177,0.000738,-0.000518,0.328049,0.004734,0.531222,0.317027,0.007177,0.461321,-0.069840,-1.253821
10.933000,0.502097,0.266523,-0.816020,-1.011792,0.273925,-2.927413,2.927413,3.000000,1.048217,-0.004826,0.001307,-0.000308,-0.000553,0.000473,0.328048,0.004730,0.531225,0.316973,0.007192,0.461321,-0.069840,-1.262280
10.944000,0.544287,0.321249,-0.837141,-0.969602,0.328651,-2.948533,2.948533,3.000000,1.023787,-0.004735,0.001605,-0.000024,-0.000661,-0.000065,0.328049,0.004730,0.531223,0.316921,0.007208,0.461321,-0.069840,-1.257688
10.955000,0.482738,0.329367,-0.818222,-1.031151,0.336769,-2.929614,2.929614,3.000000,1.084752,-0.004753,0.001552,0.000245,-0.000444,0.000783,0.328049,0.004729,0.531225,0.316869,0.007226,0.461321,-0.069840,-1.264917
10.966000,0.490112,0.316069,-0.845185,-1.023777,0.323471,-2.956577,2.956577,3.000000,1.073663,-0.004768,0.001506,-0.000365,0.000253,-0.000054,0.328048,0.004730,0.531222,0.316817,0.007243,0.461321,-0.069840,-1.257752
10.977000,0.540652,0.335077,-0.834581,-0.973237,0.342479,-2.945973,2.945973,3.000000,1.031737,-0.004716,0.001660,0.000418,-0.000195,0.000001,0.328049,0.004728,0.531223,0.316764,0.007259,0.461321,-0.069840,-1.258246
10.988000,0.539470,0.347430,-0.831424,-0.974419,0.354832,-2.942816,2.942816,3.000000,1.037014,-0.004698,0.001711,0.000248,0.000511,0.000133,0.328049,0.004728,0.531223,0.316712,0.007278,0.461321,-0.069840,-1.259374
10.999000,0.530441,0.361071,-0.802743,-0.983448,0.368473,-2.914135,2.914135,3.000000,1.050211,-0.004682,0.001754,0.000100,0.000810,-0.000659,0.328049,0.004729,0.531222,0.316661,0.007297,0.461321,-0.069840,-1.252623
11.010000,0.493952,0.395651,-0.773158,-1.019937,0.403053,-2.884551,2.884551,3.000000,1.096688,-0.004650,0.001838,-0.000091,0.000117,-0.000310,0.328050,0.004728,0.531222,0.316609,0.007317,0.461321,-0.069840,-1.255592
11.021000,0.535607,0.410838,-0.803110,-0.978282,0.418240,-2.914502,2.914502,3.000000,1.063936,-0.004597,0.001966,0.000240,-0.000529,0.000456,0.328050,0.004726,0.531223,0.316559,0.007338,0.461321,-0.069840,-1.262105
11.032000,0.490117,0.409897,-0.788909,-1.023772,0.417300,-2.900302,2.900302,3.000000,1.105553,-0.004630,0.001887,0.000212,0.000326,0.001008,0.328050,0.004729,0.531224,0.316508,0.007360,0.461321,-0.069840,-1.266800
11.043000,0.479987,0.445245,-0.821985,-1.033902,0.452647,-2.933377,2.933377,3.000000,1.128646,-0.004580,0.002005,-0.000069,-0.001052,-0.000476,0.328049,0.004727,0.531222,0.316457,0.007381,0.461321,-0.069840,-1.254179
11.054000,0.521288,0.467977,-0.820735,-0.992601,0.475379,-2.932127,2.932127,3.000000,1.100564,-0.004510,0.002160,0.000165,0.000175,-0.000542,0.328050,0.004729,0.531224,0.316408,0.007404,0.461321,-0.069840,-1.253656
11.065000,0.471130,0.436429,-0.808584,-1.042759,0.443831,-2.919976,2.919976,3.000000,1.133284,-0.004601,0.001958,0.000121,-0.000607,-0.000802,0.328049,0.004729,0.531221,0.316357,0.007427,0.461321,-0.069840,-1.251393
11.076000,0.467509,0.436592,-0.801731,-1.046380,0.443994,-2.913123,2.913123,3.000000,1.136680,-0.004603,0.001953,-0.000138,-0.000457,0.000508,0.328049,0.004727,0.531227,0.316307,0.007448,0.461321,-0.069840,-1.262609
11.087000,0.489936,0.401209,-0.845982,-1.023952,0.408611,-2.957374,2.957374,3.000000,1.102471,-0.004644,0.001853,-0.000044,0.000270,0.000326,0.328048,0.004730,0.531227,0.316256,0.007469,0.461321,-0.069840,-1.261075
11.098000,0.522482,0.371457,-0.901498,-0.991407,0.378859,-3.012890,3.012890,3.000000,1.061331,-0.004671,0.001785,0.000542,0.000270,0.000515,0.328050,0.004729,0.531227,0.316205,0.007489,0.461321,-0.069840,-1.262674
11.109000,0.507529,0.371232,-0.922060,-1.006360,0.378634,-3.033452,3.033452,3.000000,1.075232,-0.004680,0.001761,0.000115,0.000476,0.000944,0.328049,0.004729,0.531228,0.316153,0.007508,0.461321,-0.069840,-1.266343
11.120000,0.476907,0.375832,-0.944466,-1.036982,0.383234,-3.055858,3.055858,3.000000,1.105532,-0.004690,0.001733,-0.000262,0.000369,-0.000501,0.328048,0.004729,0.531226,0.316101,0.007527,0.461321,-0.069840,-1.254031
11.131000,0.505724,0.399464,-0.945106,-1.008164,0.406866,-3.056499,3.056499,3.000000,1.087169,-0.004637,0.001871,0.000249,-0.000240,0.000287,0.328049,0.004728,0.531225,0.316050,0.007547,0.461321,-0.069840,-1.260716
11.142000,0.495059,0.379829,-0.917882,-1.018830,0.387231,-3.029274,3.029274,3.000000,1.089937,-0.004674,0.001776,-0.000070,-0.000194,0.000136,0.328048,0.004728,0.531226,0.315999,0.007566,0.461321,-0.069840,-1.259447
11.153000,0.486766,0.414016,-0.929646,-1.027123,0.421418,-3.041038,3.041038,3.000000,1.110214,-0.004626,0.001898,0.000451,-0.000995,-0.000830,0.328050,0.004726,0.531223,0.315948,0.007587,0.461321,-0.069840,-1.251194
11.164000,0.458585,0.437534,-0.920340,-1.055304,0.444936,-3.031732,3.031732,3.000000,1.145266,-0.004607,0.001943,0.000040,0.000166,0.000418,0.328049,0.004729,0.531224,0.315897,0.007608,0.461321,-0.069840,-1.261800
11.175000,0.481797,0.414922,-0.907858,-1.032092,0.422324,-3.019250,3.019250,3.000000,1.115155,-0.004628,0.001894,-0.000201,-0.000890,-0.000201,0.328049,0.004726,0.531222,0.315846,0.007629,0.461321,-0.069840,-1.256517
11.186000,0.443250,0.398123,-0.880720,-1.070639,0.405525,-2.992112,2.992112,3.000000,1.144866,-0.004676,0.001771,0.000391,0.000187,-0.000043,0.328050,0.004728,0.531223,0.315795,0.007649,0.461321,-0.069840,-1.257861
11.197000,0.484895,0.426479,-0.900541,-1.028993,0.433881,-3.011933,3.011933,3.000000,1.116727,-0.004607,0.001943,-0.000084,-0.000469,0.000722,0.328049,0.004726,0.531224,0.315744,0.007670,0.461321,-0.069840,-1.264391
11.208000,0.458492,0.411999,-0.889625,-1.055397,0.419401,-3.001017,3.001017,3.000000,1.135676,-0.004647,0.001846,0.000405,-0.000347,-0.000158,0.328049,0.004729,0.531221,0.315693,0.007690,0.461321,-0.069840,-1.256867
11.219000,0.493413,0.390828,-0.888234,-1.020476,0.398230,-2.999626,2.999626,3.000000,1.095426,-0.004658,0.001818,0.000087,-0.000190,0.000877,0.328049,0.004727,0.531225,0.315642,0.007710,0.461321,-0.069840,-1.265714
11.230000,0.503027,0.394214,-0.867103,-1.010862,0.401616,-2.978495,2.978495,3.000000,1.087721,-0.004647,0.001846,0.000001,-0.000271,0.000338,0.328049,0.004729,0.531226,0.315591,0.007730,0.461321,-0.069840,-1.261157
11.241000,0.501303,0.431633,-0.876327,-1.012586,0.439035,-2.987719,2.987719,3.000000,1.103668,-0.004587,0.001989,-0.000184,0.000672,0.000742,0.328049,0.004729,0.531225,0.315540,0.007752,0.461321,-0.069840,-1.264565
11.252000,0.518380,0.401081,-0.848000,-0.995509,0.408483,-2.959392,2.959392,3.000000,1.076056,-0.004626,0.001898,0.000101,-0.000130,-0.000065,0.328049,0.004728,0.531225,0.315489,0.007773,0.461321,-0.069840,-1.257718
11.263000,0.535368,0.397905,-0.849276,-0.978521,0.405307,-2.960669,2.960669,3.000000,1.059140,-0.004619,0.001913,0.000003,-0.000251,0.000868,0.328049,0.004728,0.531226,0.315438,0.007793,0.461321,-0.069840,-1.265655
11.274000,0.539542,0.401709,-0.842475,-0.974347,0.409111,-2.953867,2.953867,3.000000,1.056751,-0.004610,0.001936,0.000213,-0.000691,0.000162,0.328048,0.004727,0.531223,0.315387,0.007815,0.461321,-0.069840,-1.259612
11.285000,0.513643,0.390216,-0.831504,-1.000245,0.397618,-2.942896,2.942896,3.000000,1.076379,-0.004646,0.001847,0.000132,0.000640,-0.000641,0.328049,0.004730,0.531222,0.315337,0.007836,0.461321,-0.069840,-1.252780
11.296000,0.492954,0.412742,-0.820312,-1.020935,0.420144,-2.931705,2.931705,3.000000,1.104006,-0.004624,0.001903,-0.000023,0.000314,0.000232,0.328049,0.004727,0.531222,0.315285,0.007856,0.461321,-0.069840,-1.260187
11.307000,0.521577,0.410361,-0.816113,-0.992312,0.417763,-2.927505,2.927505,3.000000,1.076666,-0.004608,0.001940,-0.000051,0.000348,0.000584,0.328049,0.004727,0.531220,0.315235,0.007877,0.461321,-0.069840,-1.263139
11.318000,0.521130,0.418507,-0.810281,-0.992758,0.425909,-2.921673,2.921673,3.000000,1.080263,-0.004595,0.001971,0.000117,-0.000256,0.000395,0.328050,0.004726,0.531220,0.315184,0.007899,0.461321,-0.069840,-1.261538
11.329000,0.461598,0.420102,-0.759513,-1.052291,0.427504,-2.870905,2.870905,3.000000,1.135815,-0.004632,0.001882,-0.000254,-0.000105,-0.000429,0.328048,0.004726,0.531220,0.315133,0.007920,0.461321,-0.069840,-1.254534
11.340000,0.489918,0.432921,-0.749222,-1.023971,0.440323,-2.860614,2.860614,3.000000,1.114631,-0.004593,0.001975,-0.000042,-0.000357,-0.000349,0.328050,0.004726,0.531218,0.315082,0.007941,0.461321,-0.069840,-1.255182
11.351000,0.508481,0.456342,-0.728202,-1.005408,0.463744,-2.839594,2.839594,3.000000,1.107206,-0.004540,0.002094,-0.000177,-0.000479,-0.000097,0.328049,0.004723,0.531221,0.315033,0.007964,0.461321,-0.069840,-1.257376
11.362000,0.550752,0.492933,-0.737329,-0.963137,0.500335,-2.848721,2.848721,3.000000,1.085342,-0.004437,0.002305,-0.000091,0.000407,-0.000382,0.328049,0.004726,0.531220,0.314983,0.007988,0.461321,-0.069840,-1.254946
11.373000,0.490222,0.490863,-0.714457,-1.023667,0.498265,-2.825849,2.825849,3.000000,1.138491,-0.004496,0.002188,-0.000395,-0.000777,-0.000620,0.328048,0.004722,0.531221,0.314934,0.008013,0.461321,-0.069840,-1.252935
11.384000,0.543915,0.493931,-0.699704,-0.969974,0.501333,-2.811096,2.811096,3.000000,1.091872,-0.004442,0.002296,0.000009,-0.000303,0.000091,0.328049,0.004723,0.531222,0.314885,0.008038,0.461321,-0.069840,-1.258997
11.395000,0.517020,0.530159,-0.696258,-0.996869,0.537561,-2.807650,2.807650,3.000000,1.132572,-0.004401,0.002373,0.000316,-0.000006,-0.000422,0.328049,0.004721,0.531221,0.314836,0.008064,0.461321,-0.069840,-1.254620
11.406000,0.546850,0.504785,-0.717469,-0.967039,0.512187,-2.828861,2.828861,3.000000,1.094303,-0.004419,0.002340,-0.000002,0.000559,0.000934,0.328049,0.004724,0.531223,0.314788,0.008090,0.461321,-0.069840,-1.266162
11.417000,0.537666,0.542845,-0.695694,-0.976223,0.550247,-2.807086,2.807086,3.000000,1.120617,-0.004356,0.002455,-0.000038,-0.000878,-0.000137,0.328049,0.004721,0.531220,0.314740,0.008116,0.461321,-0.069840,-1.257011
11.428000,0.521188,0.512271,-0.674666,-0.992701,0.519673,-2.786058,2.786058,3.000000,1.120498,-0.004430,0.002319,0.000122,0.000405,-0.000010,0.328049,0.004723,0.531221,0.314692,0.008143,0.461321,-0.069840,-1.258120
11.439000,0.498874,0.543141,-0.683488,-1.015015,0.550543,-2.794880,2.794880,3.000000,1.154709,-0.004395,0.002384,0.000068,-0.000287,0.000217,0.328049,0.004722,0.531219,0.314643,0.008168,0.461321,-0.069840,-1.260012
11.450000,0.534173,0.537302,-0.683108,-0.979716,0.544704,-2.794500,2.794500,3.000000,1.120958,-0.004370,0.002430,0.000156,-0.000124,-0.000295,0.328049,0.004722,0.531220,0.314595,0.008195,0.461321,-0.069840,-1.255679
11.461000,0.539386,0.520150,-0.685668,-0.974503,0.527552,-2.797060,2.797060,3.000000,1.108137,-0.004397,0.002380,0.000138,-0.001020,-0.000351,0.328049,0.004722,0.531220,0.314547,0.008222,0.461321,-0.069840,-1.255199
11.472000,0.514718,0.552275,-0.690282,-0.999171,0.559677,-2.801674,2.801674,3.000000,1.145242,-0.004362,0.002443,0.000064,0.000006,-0.000084,0.328049,0.004723,0.531220,0.314498,0.008248,0.461321,-0.069840,-1.257475
11.483000,0.527771,0.566123,-0.683565,-0.986118,0.573525,-2.794957,2.794957,3.000000,1.140772,-0.004322,0.002514,-0.000069,-0.000454,-0.000151,0.328049,0.004722,0.531221,0.314450,0.008275,0.461321,-0.069840,-1.256917
11.494000,0.540408,0.556845,-0.681293,-0.973481,0.564247,-2.792685,2.792685,3.000000,1.125184,-0.004326,0.002507,0.000136,-0.000108,0.000177,0.328049,0.004723,0.531223,0.314403,0.008303,0.461321,-0.069840,-1.259731
11.505000,0.588391,0.496491,-0.692305,-0.925498,0.503893,-2.803697,2.803697,3.000000,1.053781,-0.004391,0.002391,-0.000313,-0.000829,-0.000298,0.328049,0.004721,0.531223,0.314355,0.008329,0.461321,-0.069840,-1.255700
11.516000,0.561647,0.545552,-0.683108,-0.952242,0.552954,-2.794500,2.794500,3.000000,1.101146,-0.004324,0.002511,-0.000219,0.000483,-0.000039,0.328048,0.004723,0.531221,0.314307,0.008356,0.461321,-0.069840,-1.257880
11.527000,0.588931,0.545548,-0.722753,-0.924958,0.552950,-2.834146,2.834146,3.000000,1.077637,-0.004292,0.002566,0.000156,0.000485,0.001131,0.328048,0.004723,0.531225,0.314260,0.008385,0.461321,-0.069840,-1.267862
11.538000,0.532075,0.557049,-0.716349,-0.981814,0.564451,-2.827742,2.827742,3.000000,1.132503,-0.004335,0.002492,0.000808,-0.000238,-0.000688,0.328050,0.004723,0.531219,0.314212,0.008413,0.461321,-0.069840,-1.252333
11.549000,0.505705,0.524977,-0.706133,-1.008184,0.532379,-2.817526,2.817526,3.000000,1.140116,-0.004421,0.002335,0.000469,-0.000099,-0.000244,0.328049,0.004724,0.531222,0.314164,0.008439,0.461321,-0.069840,-1.256153
11.560000,0.547065,0.546408,-0.714417,-0.966824,0.553810,-2.825809,2.825809,3.000000,1.114205,-0.004339,0.002485,0.000572,-0.000414,0.000377,0.328050,0.004722,0.531222,0.314116,0.008465,0.461321,-0.069840,-1.261418
11.571000,0.541690,0.494577,-0.708461,-0.972199,0.501980,-2.819853,2.819853,3.000000,1.094146,-0.004443,0.002294,0.000520,0.000397,0.000585,0.328050,0.004724,0.531221,0.314068,0.008492,0.461321,-0.069840,-1.263161
11.582000,0.574579,0.520382,-0.720158,-0.939309,0.527784,-2.831550,2.831550,3.000000,1.077431,-0.004359,0.002449,0.000277,0.000296,0.000149,0.328049,0.004725,0.531219,0.314019,0.008518,0.461321,-0.069840,-1.259427
11.593000,0.492445,0.529603,-0.695334,-1.021444,0.537005,-2.806727,2.806727,3.000000,1.154002,-0.004426,0.002327,0.000057,0.000740,-0.000038,0.328049,0.004724,0.531220,0.313971,0.008545,0.461321,-0.069840,-1.257862
11.604000,0.545798,0.505876,-0.707041,-0.968091,0.513278,-2.818433,2.818433,3.000000,1.095744,-0.004418,0.002342,-0.000375,-0.000223,-0.000708,0.328048,0.004722,0.531218,0.313922,0.008570,0.461321,-0.069840,-1.252142
11.615000,0.513837,0.527236,-0.694811,-1.000052,0.534638,-2.806203,2.806203,3.000000,1.133994,-0.004409,0.002357,-0.000106,0.000303,0.000202,0.328049,0.004724,0.531219,0.313874,0.008596,0.461321,-0.069840,-1.259879
11.626000,0.558070,0.518650,-0.710560,-0.955819,0.526052,-2.821952,2.821952,3.000000,1.091019,-0.004380,0.002411,-0.000159,0.000391,-0.000499,0.328048,0.004724,0.531220,0.313826,0.008622,0.461321,-0.069840,-1.253952
11.637000,0.561571,0.532696,-0.686997,-0.952318,0.540098,-2.798389,2.798389,3.000000,1.094813,-0.004349,0.002467,0.000072,-0.000600,0.000534,0.328049,0.004721,0.531223,0.313778,0.008649,0.461321,-0.069840,-1.262762
11.648000,0.528443,0.568997,-0.702571,-0.985446,0.576399,-2.813963,2.813963,3.000000,1.141639,-0.004316,0.002524,-0.000111,-0.001140,0.000504,0.328048,0.004720,0.531223,0.313730,0.008677,0.461321,-0.069840,-1.262504
11.659000,0.520397,0.544675,-0.665815,-0.993492,0.552077,-2.777207,2.777207,3.000000,1.136581,-0.004371,0.002429,-0.000127,-0.000043,-0.000131,0.328049,0.004720,0.531221,0.313683,0.008705,0.461321,-0.069840,-1.257086
11.670000,0.560443,0.559912,-0.673918,-0.953446,0.567314,-2.785311,2.785311,3.000000,1.109462,-0.004297,0.002557,0.000082,-0.000246,-0.000767,0.328048,0.004720,0.531219,0.313635,0.008732,0.461321,-0.069840,-1.251652
11.681000,0.529564,0.547473,-0.651477,-0.984324,0.554875,-2.762869,2.762869,3.000000,1.129947,-0.004356,0.002455,-0.000187,0.000678,0.000203,0.328049,0.004722,0.531222,0.313587,0.008759,0.461321,-0.069840,-1.259933
11.692000,0.609218,0.556695,-0.668881,-0.904671,0.564097,-2.780273,2.780273,3.000000,1.066131,-0.004243,0.002646,0.000031,0.000413,-0.000159,0.328049,0.004722,0.531219,0.313540,0.008787,0.461321,-0.069840,-1.256817
11.703000,0.607670,0.549413,-0.676602,-0.906219,0.556815,-2.787994,2.787994,3.000000,1.063614,-0.004260,0.002618,-0.000198,-0.000736,0.000395,0.328048,0.004719,0.531221,0.313493,0.008816,0.461321,-0.069840,-1.261548
11.714000,0.542836,0.592915,-0.684570,-0.971053,0.600317,-2.795962,2.795962,3.000000,1.141632,-0.004253,0.002629,-0.000091,-0.000417,-0.000481,0.328049,0.004719,0.531219,0.313447,0.008846,0.461321,-0.069840,-1.254075
11.725000,0.535797,0.578899,-0.710541,-0.978092,0.586301,-2.821933,2.821933,3.000000,1.140356,-0.004289,0.002571,0.000184,0.000412,-0.000067,0.328049,0.004721,0.531222,0.313400,0.008874,0.461321,-0.069840,-1.257645
11.736000,0.500051,0.582807,-0.673906,-1.013838,0.590210,-2.785298,2.785298,3.000000,1.173122,-0.004321,0.002516,-0.000226,0.000150,-0.000578,0.328048,0.004721,0.531220,0.313352,0.008902,0.461321,-0.069840,-1.253272
11.747000,0.556946,0.540603,-0.710665,-0.956943,0.548005,-2.822057,2.822057,3.000000,1.102746,-0.004339,0.002485,0.000099,0.000233,-0.000617,0.328049,0.004722,0.531219,0.313305,0.008930,0.461321,-0.069840,-1.252925
11.758000,0.571235,0.542963,-0.717084,-0.942654,0.550366,-2.828476,2.828476,3.000000,1.091558,-0.004318,0.002521,0.000352,0.000071,0.000832,0.328049,0.004722,0.531224,0.313257,0.008957,0.461321,-0.069840,-1.265312
11.769000,0.589772,0.541669,-0.758781,-0.924117,0.549071,-2.870173,2.870173,3.000000,1.074929,-0.004299,0.002554,0.000198,-0.000068,-0.000129,0.328049,0.004723,0.531224,0.313210,0.008985,0.461321,-0.069840,-1.257165
11.780000,0.538113,0.549181,-0.735534,-0.975776,0.556583,-2.846927,2.846927,3.000000,1.123354,-0.004343,0.002477,0.000114,0.000729,0.000662,0.328048,0.004723,0.531227,0.313162,0.009013,0.461321,-0.069840,-1.263932
11.791000,0.578809,0.563063,-0.767983,-0.935080,0.570465,-2.879376,2.879376,3.000000,1.095356,-0.004268,0.002604,-0.000211,-0.000182,-0.000819,0.328047,0.004722,0.531224,0.313115,0.009041,0.461321,-0.069840,-1.251300
11.802000,0.550797,0.539456,-0.779997,-0.963092,0.546858,-2.891389,2.891389,3.000000,1.107520,-0.004348,0.002469,0.000490,-0.000126,-0.000127,0.328049,0.004722,0.531223,0.313067,0.009068,0.461321,-0.069840,-1.257157
11.813000,0.549897,0.510689,-0.832754,-0.963992,0.518091,-2.944146,2.944146,3.000000,1.094394,-0.004404,0.002367,0.000110,-0.000395,0.000477,0.328048,0.004720,0.531225,0.313019,0.009095,0.461321,-0.069840,-1.262320
11.824000,0.529246,0.493484,-0.820643,-0.984643,0.500886,-2.932035,2.932035,3.000000,1.104721,-0.004457,0.002267,-0.000156,0.000274,0.000496,0.328049,0.004722,0.531225,0.312970,0.009120,0.461321,-0.069840,-1.262491
11.835000,0.555085,0.505711,-0.803617,-0.958804,0.513113,-2.915009,2.915009,3.000000,1.087470,-0.004408,0.002359,-0.000049,-0.000028,-0.000438,0.328049,0.004721,0.531224,0.312922,0.009146,0.461321,-0.069840,-1.254527
11.846000,0.519682,0.508553,-0.821150,-0.994207,0.515955,-2.932542,2.932542,3.000000,1.120115,-0.004438,0.002303,-0.000016,0.000504,-0.000278,0.328049,0.004722,0.531220,0.312873,0.009171,0.461321,-0.069840,-1.255832
11.857000,0.518241,0.527378,-0.829768,-0.995648,0.534780,-2.941160,2.941160,3.000000,1.130179,-0.004405,0.002366,0.000391,-0.000204,0.000323,0.328049,0.004720,0.531223,0.312824,0.009197,0.461321,-0.069840,-1.260972
11.868000,0.499877,0.543420,-0.820255,-1.014012,0.550823,-2.931647,2.931647,3.000000,1.153961,-0.004394,0.002387,-0.000209,0.000159,0.000509,0.328049,0.004720,0.531224,0.312776,0.009223,0.461321,-0.069840,-1.262567
11.879000,0.517520,0.552598,-0.829902,-0.996369,0.560000,-2.941294,2.941294,3.000000,1.142957,-0.004359,0.002450,-0.000277,-0.000392,-0.000857,0.328049,0.004720,0.531220,0.312728,0.009250,0.461321,-0.069840,-1.250914
11.890000,0.440531,0.543127,-0.806440,-1.073358,0.550529,-2.917833,2.917833,3.000000,1.206309,-0.004449,0.002282,0.000181,0.000613,-0.000077,0.328049,0.004721,0.531222,0.312679,0.009276,0.461321,-0.069840,-1.257571
11.901000,0.487345,0.552177,-0.831310,-1.026544,0.559579,-2.942702,2.942702,3.000000,1.169154,-0.004390,0.002393,0.000229,0.000083,0.000594,0.328048,0.004722,0.531225,0.312631,0.009301,0.461321,-0.069840,-1.263317
11.912000,0.499865,0.559973,-0.830782,-1.014024,0.567375,-2.942174,2.942174,3.000000,1.161963,-0.004363,0.002441,0.000006,-0.000189,-0.000097,0.328049,0.004720,0.531226,0.312583,0.009328,0.461321,-0.069840,-1.257463
11.923000,0.535574,0.557052,-0.801965,-0.978315,0.564454,-2.913357,2.913357,3.000000,1.129473,-0.004331,0.002499,0.000029,-0.000158,0.000200,0.328048,0.004723,0.531227,0.312535,0.009356,0.461321,-0.069840,-1.260001
11.934000,0.561184,0.547180,-0.842777,-0.952704,0.554582,-2.954169,2.954169,3.000000,1.102364,-0.004321,0.002515,-0.000035,0.000076,0.000458,0.328048,0.004723,0.531227,0.312488,0.009384,0.461321,-0.069840,-1.262202
11.945000,0.575715,0.543187,-0.870937,-0.938174,0.550589,-2.982329,2.982329,3.000000,1.087805,-0.004312,0.002531,0.000002,0.000071,-0.000023,0.328049,0.004723,0.531227,0.312440,0.009411,0.461321,-0.069840,-1.258107
11.956000,0.484574,0.528422,-0.874292,-1.029315,0.535824,-2.985684,2.985684,3.000000,1.160429,-0.004435,0.002309,0.000208,0.000136,-0.000161,0.328050,0.004722,0.531227,0.312392,0.009437,0.461321,-0.069840,-1.256933
11.967000,0.518159,0.508031,-0.958295,-0.995730,0.515433,-3.069687,3.069687,3.000000,1.121227,-0.004440,0.002299,0.000056,0.000577,0.000240,0.328049,0.004726,0.531227,0.312343,0.009463,0.461321,-0.069840,-1.260345
11.978000,0.493044,0.521677,-0.969900,-1.020845,0.529079,-3.081292,3.081292,3.000000,1.149804,-0.004439,0.002301,0.000257,-0.000458,-0.000021,0.328049,0.004723,0.531226,0.312294,0.009488,0.461321,-0.069840,-1.258115
11.989000,0.451665,0.527079,-0.988286,-1.062224,0.534481,-3.099678,3.099678,3.000000,1.189113,-0.004466,0.002247,0.000400,-0.000355,-0.000025,0.328050,0.004723,0.531225,0.312245,0.009512,0.461321,-0.069840,-1.258052
12.000000,0.434754,0.497657,-0.984903,-1.079135,0.505059,-3.096295,3.096295,3.000000,1.191477,-0.004529,0.002119,0.000010,-0.000673,0.000340,0.328050,0.004722,0.531228,0.312195,0.009537,0.461321,-0.069840,-1.261213
12.011000,0.465150,0.514392,-0.968397,-1.048739,0.521794,-3.079789,3.079789,3.000000,1.171377,-0.004477,0.002227,0.000192,-0.000389,-0.000102,0.328050,0.004721,0.531227,0.312146,0.009561,0.461321,-0.069840,-1.257434
12.022000,0.459302,0.514401,-0.998171,-1.054587,0.521803,-3.109564,3.109564,3.000000,1.176619,-0.004481,0.002217,-0.000256,0.000089,0.000008,0.328050,0.004722,0.531227,0.312096,0.009585,0.461321,-0.069840,-1.258367
12.033000,0.461838,0.539389,-0.950508,-1.052051,0.546791,-3.061900,3.061900,3.000000,1.185661,-0.004437,0.002306,-0.000504,-0.000436,-0.001746,0.328049,0.004721,0.531223,0.312047,0.009610,0.461321,-0.069840,-1.243416
12.044000,0.489797,0.511036,-0.977572,-1.024092,0.518438,-3.088964,3.088964,3.000000,1.147843,-0.004461,0.002258,-0.000043,-0.000170,0.000773,0.328049,0.004721,0.531227,0.311998,0.009635,0.461321,-0.069840,-1.264865
12.055000,0.414677,0.527917,-0.966342,-1.099211,0.535319,-3.077734,3.077734,3.000000,1.222633,-0.004495,0.002189,0.000262,-0.000065,0.000649,0.328049,0.004721,0.531227,0.311949,0.009659,0.461321,-0.069840,-1.263812
12.066000,0.497404,0.538969,-0.982563,-1.016485,0.546371,-3.093955,3.093955,3.000000,1.154020,-0.004404,0.002367,0.000117,0.000412,0.000548,0.328049,0.004722,0.531226,0.311900,0.009685,0.461321,-0.069840,-1.262932
12.077000,0.486517,0.588325,-0.939506,-1.027372,0.595727,-3.050899,3.050899,3.000000,1.187596,-0.004325,0.002508,0.000292,-0.000381,0.000554,0.328050,0.004719,0.531224,0.311852,0.009711,0.461321,-0.069840,-1.262959
12.088000,0.453092,0.562582,-0.888842,-1.060797,0.569984,-3.000234,3.000234,3.000000,1.204231,-0.004404,0.002367,-0.000132,-0.000866,-0.000054,0.328048,0.004716,0.531224,0.311804,0.009738,0.461321,-0.069840,-1.257793
12.099000,0.522033,0.632378,-0.909439,-0.991856,0.639780,-3.020831,3.020831,3.000000,1.180295,-0.004202,0.002710,-0.000441,0.000096,0.000012,0.328048,0.004716,0.531222,0.311757,0.009765,0.461321,-0.069840,-1.258326
12.110000,0.457716,0.602294,-0.821555,-1.056173,0.609696,-2.932948,2.932948,3.000000,1.219520,-0.004330,0.002500,0.000029,0.000483,-0.000670,0.328050,0.004718,0.531222,0.311709,0.009794,0.461321,-0.069840,-1.252536
12.121000,0.437430,0.671997,-0.817392,-1.076459,0.679399,-2.928784,2.928784,3.000000,1.272929,-0.004228,0.002669,-0.000025,-0.000524,0.000030,0.328048,0.004717,0.531221,0.311662,0.009822,0.461321,-0.069840,-1.258456
12.132000,0.472675,0.631391,-0.808480,-1.041214,0.638793,-2.919872,2.919872,3.000000,1.221549,-0.004262,0.002615,0.000765,0.001165,0.000055,0.328050,0.004721,0.531222,0.311616,0.009852,0.461321,-0.069840,-1.258680
12.143000,0.498744,0.621922,-0.784772,-1.015145,0.629325,-2.896164,2.896164,3.000000,1.194390,-0.004250,0.002635,0.000227,-0.000018,0.000175,0.328049,0.004718,0.531221,0.311569,0.009880,0.461321,-0.069840,-1.259694
12.154000,0.435185,0.661858,-0.749130,-1.078704,0.669260,-2.860522,2.860522,3.000000,1.269453,-0.004249,0.002636,-0.000266,-0.000018,-0.001460,0.328048,0.004716,0.531219,0.311522,0.009909,0.461321,-0.069840,-1.245772
12.165000,0.530040,0.659942,-0.763867,-0.983849,0.667344,-2.875259,2.875259,3.000000,1.188826,-0.004138,0.002807,-0.000272,0.000296,0.000726,0.328048,0.004719,0.531225,0.311476,0.009939,0.461321,-0.069840,-1.264430
12.176000,0.539047,0.638855,-0.761976,-0.974841,0.646257,-2.873368,2.873368,3.000000,1.169600,-0.004167,0.002763,0.000133,-0.000016,-0.000421,0.328049,0.004719,0.531222,0.311430,0.009970,0.461321,-0.069840,-1.254644
12.187000,0.501623,0.610595,-0.767397,-1.012265,0.617997,-2.878789,2.878789,3.000000,1.186002,-0.004268,0.002605,0.000582,0.000226,-0.000255,0.328050,0.004718,0.531223,0.311384,0.009999,0.461321,-0.069840,-1.256068
12.198000,0.554139,0.615262,-0.814205,-0.959750,0.622664,-2.925598,2.925598,3.000000,1.144041,-0.004195,0.002721,0.000682,0.000917,0.000103,0.328049,0.004720,0.531223,0.311337,0.010028,0.461321,-0.069840,-1.259106
12.209000,0.544606,0.595389,-0.798216,-0.969283,0.602791,-2.909608,2.909608,3.000000,1.141432,-0.004246,0.002641,-0.000393,0.000405,-0.000078,0.328048,0.004719,0.531221,0.311290,0.010057,0.461321,-0.069840,-1.257542
12.220000,0.582577,0.591185,-0.820576,-0.931312,0.598587,-2.931968,2.931968,3.000000,1.107090,-0.004206,0.002703,0.000236,0.000145,0.000151,0.328050,0.004718,0.531222,0.311244,0.010086,0.461321,-0.069840,-1.259505
12.231000,0.570599,0.608726,-0.803324,-0.943290,0.616128,-2.914716,2.914716,3.000000,1.126681,-0.004186,0.002734,0.000216,0.000250,-0.000369,0.328049,0.004717,0.531221,0.311198,0.010116,0.461321,-0.069840,-1.255075
12.242000,0.482119,0.612425,-0.746545,-1.031770,0.619827,-2.857937,2.857937,3.000000,1.203634,-0.004286,0.002575,-0.000168,-0.000235,-0.000014,0.328048,0.004717,0.531223,0.311151,0.010145,0.461321,-0.069840,-1.258111
12.253000,0.539219,0.618809,-0.750734,-0.974670,0.626211,-2.862126,2.862126,3.000000,1.158499,-0.004207,0.002703,-0.000392,0.000621,-0.001025,0.328049,0.004719,0.531221,0.311104,0.010175,0.461321,-0.069840,-1.249508
12.264000,0.523698,0.601193,-0.749277,-0.990191,0.608595,-2.860669,2.860669,3.000000,1.162267,-0.004260,0.002618,0.000094,0.000210,0.000161,0.328049,0.004718,0.531221,0.311058,0.010204,0.461321,-0.069840,-1.259574
12.275000,0.479028,0.642477,-0.725658,-1.034861,0.649879,-2.837050,2.837050,3.000000,1.221998,-0.004234,0.002659,-0.000214,0.000345,0.000547,0.328049,0.004718,0.531223,0.311011,0.010233,0.461321,-0.069840,-1.262880
12.286000,0.466027,0.682281,-0.712387,-1.047862,0.689683,-2.823780,2.823780,3.000000,1.254463,-0.004177,0.002749,0.000657,-0.000148,0.000581,0.328051,0.004717,0.531222,0.310965,0.010262,0.461321,-0.069840,-1.263141
12.297000,0.538154,0.673768,-0.728917,-0.975735,0.681170,-2.840309,2.840309,3.000000,1.189979,-0.004100,0.002862,0.000386,0.000142,-0.000177,0.328049,0.004717,0.531221,0.310919,0.010293,0.461321,-0.069840,-1.256707
12.308000,0.528608,0.626720,-0.697613,-0.985281,0.634122,-2.809005,2.809005,3.000000,1.171704,-0.004204,0.002706,-0.000419,0.000075,0.000027,0.328049,0.004718,0.531220,0.310874,0.010324,0.461321,-0.069840,-1.258417
12.319000,0.526761,0.608460,-0.704515,-0.987128,0.615863,-2.815907,2.815907,3.000000,1.163489,-0.004242,0.002647,-0.000061,0.000244,-0.000559,0.328049,0.004717,0.531218,0.310827,0.010353,0.461321,-0.069840,-1.253415
12.330000,0.551089,0.653425,-0.682764,-0.962800,0.660827,-2.794156,2.794156,3.000000,1.167765,-0.004122,0.002829,-0.000586,0.000020,-0.000243,0.328048,0.004717,0.531221,0.310781,0.010384,0.461321,-0.069840,-1.256138
12.341000,0.480673,0.687013,-0.653911,-1.033216,0.694415,-2.765303,2.765303,3.000000,1.244889,-0.004150,0.002789,-0.000201,-0.000309,0.000657,0.328048,0.004717,0.531222,0.310736,0.010415,0.461321,-0.069840,-1.263788
12.352000,0.571768,0.649989,-0.720272,-0.942120,0.657391,-2.831664,2.831664,3.000000,1.148805,-0.004100,0.002861,0.000489,-0.000301,0.000058,0.328050,0.004717,0.531219,0.310691,0.010446,0.461321,-0.069840,-1.258661
12.363000,0.544246,0.637711,-0.693500,-0.969643,0.645113,-2.804892,2.804892,3.000000,1.164637,-0.004163,0.002770,0.000092,0.000298,0.000166,0.328049,0.004719,0.531223,0.310645,0.010477,0.461321,-0.069840,-1.259634
12.374000,0.577038,0.650836,-0.695214,-0.936851,0.658238,-2.806606,2.806606,3.000000,1.144975,-0.004091,0.002874,0.000270,0.000208,0.000529,0.328050,0.004720,0.531224,0.310600,0.010508,0.461321,-0.069840,-1.262741
12.385000,0.491399,0.600713,-0.688744,-1.022490,0.608115,-2.800136,2.800136,3.000000,1.189659,-0.004297,0.002556,0.000226,-0.000437,-0.000896,0.328050,0.004716,0.531222,0.310554,0.010538,0.461321,-0.069840,-1.250620
12.396000,0.552586,0.574481,-0.729651,-0.961303,0.581883,-2.841043,2.841043,3.000000,1.123695,-0.004277,0.002589,-0.000257,0.000460,-0.000576,0.328049,0.004721,0.531222,0.310506,0.010566,0.461321,-0.069840,-1.253325
12.407000,0.565963,0.560429,-0.773425,-0.947926,0.567831,-2.884817,2.884817,3.000000,1.104987,-0.004289,0.002569,-0.000131,-0.000601,0.000543,0.328049,0.004719,0.531225,0.310459,0.010594,0.461321,-0.069840,-1.262877
12.418000,0.492280,0.577960,-0.773192,-1.021609,0.585362,-2.884584,2.884584,3.000000,1.177427,-0.004338,0.002486,-0.000048,0.000167,0.000160,0.328049,0.004719,0.531224,0.310412,0.010622,0.461321,-0.069840,-1.259610
12.429000,0.510935,0.595573,-0.825948,-1.002954,0.602975,-2.937340,2.937340,3.000000,1.170254,-0.004285,0.002576,0.000230,0.000035,0.000080,0.328050,0.004719,0.531224,0.310364,0.010650,0.461321,-0.069840,-1.258939
12.440000,0.455106,0.592488,-0.764009,-1.058783,0.599890,-2.875401,2.875401,3.000000,1.216918,-0.004350,0.002465,-0.000260,-0.000195,-0.000671,0.328048,0.004717,0.531223,0.310317,0.010678,0.461321,-0.069840,-1.252549
12.451000,0.496119,0.561746,-0.754055,-1.017769,0.569149,-2.865447,2.865447,3.000000,1.166098,-0.004364,0.002440,-0.000151,0.000509,0.000756,0.328048,0.004718,0.531225,0.310269,0.010705,0.461321,-0.069840,-1.264683
12.462000,0.584710,0.561033,-0.801699,-0.929179,0.568435,-2.913091,2.913091,3.000000,1.089262,-0.004265,0.002609,0.000368,-0.000117,0.000219,0.328050,0.004717,0.531223,0.310222,0.010733,0.461321,-0.069840,-1.260084
12.473000,0.591488,0.574885,-0.816299,-0.922401,0.582287,-2.927691,2.927691,3.000000,1.090817,-0.004228,0.002669,-0.000220,0.000058,0.000905,0.328049,0.004718,0.531224,0.310175,0.010762,0.461321,-0.069840,-1.265930
12.484000,0.577460,0.611485,-0.826141,-0.936429,0.618887,-2.937533,2.937533,3.000000,1.122462,-0.004171,0.002757,0.000307,0.000420,0.000078,0.328049,0.004718,0.531221,0.310129,0.010793,0.461321,-0.069840,-1.258855
12.495000,0.541447,0.596777,-0.777782,-0.972442,0.604179,-2.889174,2.889174,3.000000,1.144847,-0.004247,0.002639,-0.000007,-0.000551,0.000486,0.328049,0.004716,0.531222,0.310083,0.010821,0.461321,-0.069840,-1.262342
12.506000,0.505426,0.610075,-0.759150,-1.008463,0.617477,-2.870542,2.870542,3.000000,1.182487,-0.004264,0.002611,0.000110,0.000479,0.000055,0.328050,0.004718,0.531222,0.310036,0.010851,0.461321,-0.069840,-1.258678
12.517000,0.548229,0.628382,-0.750012,-0.965660,0.635784,-2.861405,2.861405,3.000000,1.156167,-0.004176,0.002750,0.000356,-0.000396,-0.000356,0.328050,0.004717,0.531222,0.309989,0.010880,0.461321,-0.069840,-1.255191
12.528000,0.559397,0.579498,-0.789536,-0.954492,0.586900,-2.900928,2.900928,3.000000,1.120494,-0.004259,0.002619,-0.000084,0.000749,0.000537,0.328048,0.004721,0.531224,0.309943,0.010909,0.461321,-0.069840,-1.262813
12.539000,0.502237,0.597445,-0.777723,-1.011652,0.604848,-2.889115,2.889115,3.000000,1.178678,-0.004291,0.002566,0.000262,-0.000308,-0.000057,0.328049,0.004719,0.531222,0.309896,0.010938,0.461321,-0.069840,-1.257741
12.550000,0.547579,0.563062,-0.806981,-0.966310,0.570465,-2.918374,2.918374,3.000000,1.122134,-0.004306,0.002542,0.000037,-0.000223,0.001180,0.328048,0.004719,0.531226,0.309849,0.010966,0.461321,-0.069840,-1.268301
12.561000,0.518724,0.537395,-0.785601,-0.995165,0.544797,-2.896993,2.896993,3.000000,1.134530,-0.004386,0.002401,0.000133,0.000521,-0.000227,0.328049,0.004720,0.531225,0.309801,0.010994,0.461321,-0.069840,-1.256351
12.572000,0.515541,0.576877,-0.791954,-0.998348,0.584279,-2.903346,2.903346,3.000000,1.156754,-0.004315,0.002526,-0.000159,0.000542,-0.000021,0.328049,0.004722,0.531226,0.309753,0.011021,0.461321,-0.069840,-1.258114
12.583000,0.504111,0.566636,-0.802724,-1.009778,0.574038,-2.914116,2.914116,3.000000,1.161538,-0.004347,0.002471,0.000027,-0.000087,0.000450,0.328049,0.004718,0.531226,0.309705,0.011048,0.461321,-0.069840,-1.262100
12.594000,0.558690,0.531483,-0.852409,-0.955199,0.538885,-2.963801,2.963801,3.000000,1.096723,-0.004355,0.002457,-0.000086,0.000191,0.000210,0.328048,0.004719,0.531226,0.309658,0.011075,0.461321,-0.069840,-1.260073
12.605000,0.547296,0.547481,-0.873356,-0.966593,0.554883,-2.984748,2.984748,3.000000,1.114539,-0.004336,0.002489,0.000012,0.000312,-0.000369,0.328049,0.004720,0.531224,0.309610,0.011103,0.461321,-0.069840,-1.255123
12.616000,0.527133,0.553305,-0.867532,-0.986755,0.560707,-2.978924,2.978924,3.000000,1.134935,-0.004347,0.002470,-0.000251,-0.000191,-0.000266,0.328048,0.004719,0.531223,0.309562,0.011130,0.461321,-0.069840,-1.255985
12.627000,0.524608,0.558711,-0.860823,-0.989281,0.566113,-2.972215,2.972215,3.000000,1.139807,-0.004340,0.002483,-0.000254,0.000268,-0.000007,0.328049,0.004720,0.531223,0.309515,0.011158,0.461321,-0.069840,-1.258173
12.638000,0.547153,0.563100,-0.848721,-0.966736,0.570502,-2.960113,2.960113,3.000000,1.122520,-0.004306,0.002541,0.000023,0.000095,0.000099,0.328050,0.004717,0.531225,0.309467,0.011186,0.461321,-0.069840,-1.259113
12.649000,0.497266,0.568702,-0.842293,-1.016623,0.576104,-2.953685,2.953685,3.000000,1.168511,-0.004350,0.002465,-0.000084,0.000698,-0.000585,0.328049,0.004718,0.531224,0.309420,0.011213,0.461321,-0.069840,-1.253282
12.660000,0.491142,0.580328,-0.828633,-1.022747,0.587731,-2.940025,2.940025,3.000000,1.179592,-0.004335,0.002491,0.000231,-0.000285,-0.000749,0.328050,0.004717,0.531222,0.309372,0.011240,0.461321,-0.069840,-1.251856
12.671000,0.516747,0.605410,-0.851742,-0.997141,0.612812,-2.963135,2.963135,3.000000,1.170397,-0.004260,0.002618,0.000057,-0.000394,-0.000012,0.328049,0.004715,0.531225,0.309324,0.011268,0.461321,-0.069840,-1.258160
12.682000,0.549991,0.581670,-0.836736,-0.963898,0.589072,-2.948129,2.948129,3.000000,1.129648,-0.004266,0.002607,-0.000470,0.001319,-0.000521,0.328048,0.004719,0.531223,0.309278,0.011297,0.461321,-0.069840,-1.253811
12.693000,0.551267,0.575225,-0.845444,-0.962622,0.582627,-2.956836,2.956836,3.000000,1.125209,-0.004278,0.002589,0.000395,-0.000474,0.000250,0.328049,0.004714,0.531226,0.309230,0.011325,0.461321,-0.069840,-1.260405
12.704000,0.512067,0.633153,-0.859307,-1.001821,0.640555,-2.970699,2.970699,3.000000,1.189099,-0.004213,0.002693,0.000222,0.000202,0.000770,0.328050,0.004717,0.531226,0.309184,0.011354,0.461321,-0.069840,-1.264822
12.715000,0.515627,0.649617,-0.863008,-0.998261,0.657020,-2.974400,2.974400,3.000000,1.195073,-0.004177,0.002749,-0.000203,-0.000496,-0.000321,0.328048,0.004715,0.531224,0.309137,0.011384,0.461321,-0.069840,-1.255522
12.726000,0.541864,0.609004,-0.837772,-0.972025,0.616406,-2.949164,2.949164,3.000000,1.150995,-0.004223,0.002678,0.000044,-0.000272,0.000179,0.328049,0.004716,0.531223,0.309091,0.011414,0.461321,-0.069840,-1.259755
12.737000,0.483012,0.601992,-0.850154,-1.030877,0.609394,-2.961546,2.961546,3.000000,1.197526,-0.004304,0.002544,-0.000390,0.000009,-0.000487,0.328049,0.004716,0.531224,0.309044,0.011443,0.461321,-0.069840,-1.254129
12.748000,0.469690,0.605436,-0.857236,-1.044199,0.612838,-2.968628,2.968628,3.000000,1.210752,-0.004312,0.002531,-0.000267,0.000343,-0.000059,0.328050,0.004717,0.531224,0.308997,0.011471,0.461321,-0.069840,-1.257751
12.759000,0.487265,0.584143,-0.863123,-1.026624,0.591545,-2.974515,2.974515,3.000000,1.184856,-0.004332,0.002496,0.000136,0.000338,0.000797,0.328049,0.004719,0.531225,0.308949,0.011498,0.461321,-0.069840,-1.265037
12.770000,0.467579,0.599931,-0.863205,-1.046310,0.607334,-2.974598,2.974598,3.000000,1.209801,-0.004324,0.002510,0.000152,-0.000014,0.000181,0.328049,0.004717,0.531225,0.308902,0.011526,0.461321,-0.069840,-1.259802
12.781000,0.467701,0.578423,-0.882858,-1.046188,0.585825,-2.994250,2.994250,3.000000,1.199042,-0.004363,0.002443,0.000420,0.000751,-0.000370,0.328050,0.004719,0.531223,0.308854,0.011553,0.461321,-0.069840,-1.255095
12.792000,0.504745,0.603889,-0.882089,-1.009144,0.611291,-2.993481,2.993481,3.000000,1.179851,-0.004277,0.002591,-0.000341,-0.000475,-0.001324,0.328048,0.004716,0.531221,0.308806,0.011580,0.461321,-0.069840,-1.246970
12.803000,0.506921,0.597168,-0.837848,-1.006968,0.604570,-2.949240,2.949240,3.000000,1.174516,-0.004287,0.002574,0.000121,0.000073,0.000600,0.328049,0.004718,0.531227,0.308759,0.011608,0.461321,-0.069840,-1.263388
12.814000,0.517800,0.584902,-0.875038,-0.996088,0.592304,-2.986430,2.986430,3.000000,1.158886,-0.004298,0.002555,-0.000265,0.000456,0.000344,0.328048,0.004717,0.531226,0.308712,0.011637,0.461321,-0.069840,-1.261205
12.825000,0.502294,0.608614,-0.829913,-1.011594,0.616016,-2.941305,2.941305,3.000000,1.184398,-0.004270,0.002601,0.000189,-0.000055,0.000966,0.328050,0.004716,0.531226,0.308665,0.011665,0.461321,-0.069840,-1.266485
12.836000,0.473284,0.649161,-0.875617,-1.040604,0.656563,-2.987009,2.987009,3.000000,1.230420,-0.004229,0.002668,0.000406,-0.000417,0.000839,0.328049,0.004713,0.531226,0.308618,0.011694,0.461321,-0.069840,-1.265405
12.847000,0.494394,0.651859,-0.846200,-1.019495,0.659261,-2.957592,2.957592,3.000000,1.214081,-0.004199,0.002715,0.000092,0.000612,-0.000253,0.328050,0.004714,0.531223,0.308572,0.011724,0.461321,-0.069840,-1.256083
12.858000,0.508614,0.658588,-0.840349,-1.005275,0.665990,-2.951741,2.951741,3.000000,1.205870,-0.004168,0.002761,-0.000007,-0.000569,-0.000100,0.328049,0.004712,0.531222,0.308526,0.011754,0.461321,-0.069840,-1.257373
12.869000,0.523910,0.715951,-0.859172,-0.989979,0.723353,-2.970564,2.970564,3.000000,1.226091,-0.004037,0.002950,0.000187,-0.000618,0.000280,0.328050,0.004712,0.531225,0.308481,0.011786,0.461321,-0.069840,-1.260651
12.880000,0.493315,0.738118,-0.868498,-1.020574,0.745520,-2.979890,2.979890,3.000000,1.263872,-0.004037,0.002949,-0.000096,0.000585,0.000939,0.328049,0.004713,0.531226,0.308437,0.011818,0.461321,-0.069840,-1.266258
12.891000,0.442364,0.725224,-0.806657,-1.071525,0.732626,-2.918049,2.918049,3.000000,1.298040,-0.004127,0.002822,0.000129,-0.000208,-0.001172,0.328049,0.004712,0.531221,0.308391,0.011849,0.461321,-0.069840,-1.248256
12.902000,0.485023,0.700967,-0.851089,-1.028866,0.708369,-2.962481,2.962481,3.000000,1.249140,-0.004118,0.002835,-0.000221,0.000200,-0.000382,0.328049,0.004713,0.531223,0.308346,0.011881,0.461321,-0.069840,-1.254987
12.913000,0.487757,0.686500,-0.886768,-1.026132,0.693902,-2.998160,2.998160,3.000000,1.238728,-0.004142,0.002801,-0.000281,0.000655,0.000448,0.328049,0.004714,0.531225,0.308300,0.011911,0.461321,-0.069840,-1.262074
12.924000,0.501288,0.684618,-0.883316,-1.012601,0.692020,-2.994708,2.994708,3.000000,1.226479,-0.004128,0.002821,0.000382,-0.000422,0.000557,0.328050,0.004714,0.531226,0.308255,0.011942,0.461321,-0.069840,-1.263022
12.935000,0.493251,0.692620,-0.918984,-1.020638,0.700022,-3.030376,3.030376,3.000000,1.237632,-0.004123,0.002828,0.000083,0.000504,-0.000753,0.328049,0.004716,0.531225,0.308209,0.011973,0.461321,-0.069840,-1.251890
12.946000,0.450298,0.682965,-0.902014,-1.063590,0.690367,-3.013406,3.013406,3.000000,1.268003,-0.004194,0.002722,0.000369,-0.000599,0.000080,0.328050,0.004715,0.531228,0.308164,0.012004,0.461321,-0.069840,-1.258996
12.957000,0.458147,0.638672,-0.953026,-1.055742,0.646074,-3.064418,3.064418,3.000000,1.237741,-0.004265,0.002610,-0.000239,-0.000097,0.000949,0.328048,0.004715,0.531230,0.308117,0.012033,0.461321,-0.069840,-1.266419
12.968000,0.456946,0.631790,-0.969025,-1.056943,0.639192,-3.080417,3.080417,3.000000,1.235190,-0.004278,0.002587,-0.000100,-0.000014,0.000165,0.328050,0.004717,0.531232,0.308070,0.012061,0.461321,-0.069840,-1.259795
12.979000,0.444067,0.595523,-1.069443,-1.069822,0.602925,-3.180835,3.180835,3.000000,1.228022,-0.004356,0.002455,-0.000180,0.000228,0.000117,0.328050,0.004718,0.531234,0.308023,0.012089,0.461321,-0.069840,-1.259423
12.990000,0.374449,0.612951,-1.101756,-1.139440,0.620353,-3.213148,3.213148,3.000000,1.297367,-0.004391,0.002391,-0.000033,-0.000002,-0.000035,0.328050,0.004717,0.531231,0.307974,0.012116,0.461321,-0.069840,-1.258086
13.001000,0.429276,0.609974,-1.162099,-1.084613,0.617376,-3.273491,3.273491,3.000000,1.248014,-0.004345,0.002473,0.000097,-0.000300,0.000135,0.328051,0.004715,0.531232,0.307926,0.012142,0.461321,-0.069840,-1.259541
13.012000,0.340470,0.599433,-1.192212,-1.173419,0.606835,-3.303605,3.303605,3.000000,1.321046,-0.004441,0.002297,0.000339,0.000102,-0.000229,0.328050,0.004715,0.531231,0.307878,0.012169,0.461321,-0.069840,-1.256446
13.023000,0.331538,0.593144,-1.226089,-1.182351,0.600546,-3.337481,3.337481,3.000000,1.326125,-0.004458,0.002264,0.000234,-0.000342,0.000020,0.328051,0.004713,0.531230,0.307829,0.012194,0.461321,-0.069840,-1.258531
13.034000,0.367801,0.600123,-1.239636,-1.146088,0.607525,-3.351028,3.351028,3.000000,1.297152,-0.004418,0.002342,0.000096,0.000276,0.000035,0.328050,0.004715,0.531230,0.307780,0.012220,0.461321,-0.069840,-1.258655
13.045000,0.320207,0.627812,-1.213346,-1.193682,0.635215,-3.324738,3.324738,3.000000,1.352174,-0.004414,0.002349,0.000006,0.000242,-0.001331,0.328051,0.004714,0.531226,0.307732,0.012245,0.461321,-0.069840,-1.247009
13.056000,0.350793,0.693044,-1.211809,-1.163096,0.700446,-3.323202,3.323202,3.000000,1.357725,-0.004283,0.002579,0.000101,-0.000648,-0.000170,0.328051,0.004712,0.531228,0.307684,0.012272,0.461321,-0.069840,-1.256878
13.067000,0.340714,0.688221,-1.198205,-1.173175,0.695623,-3.309597,3.309597,3.000000,1.363903,-0.004301,0.002550,-0.000112,-0.000822,0.000153,0.328050,0.004712,0.531228,0.307637,0.012300,0.461321,-0.069840,-1.259620
13.078000,0.330794,0.680789,-1.152827,-1.183095,0.688191,-3.264219,3.264219,3.000000,1.368693,-0.004322,0.002514,0.000152,0.000044,0.000573,0.328050,0.004714,0.531228,0.307589,0.012328,0.461321,-0.069840,-1.263185
13.089000,0.316314,0.732468,-1.106305,-1.197575,0.739870,-3.217697,3.217697,3.000000,1.407691,-0.004254,0.002628,-0.000560,-0.000642,-0.000269,0.328050,0.004714,0.531227,0.307542,0.012357,0.461321,-0.069840,-1.256018
13.100000,0.344357,0.703298,-1.104192,-1.169532,0.710700,-3.215584,3.215584,3.000000,1.368539,-0.004273,0.002597,-0.000236,0.000758,0.000619,0.328049,0.004716,0.531230,0.307496,0.012386,0.461321,-0.069840,-1.263607
13.111000,0.325289,0.680780,-1.108157,-1.188599,0.688182,-3.219549,3.219549,3.000000,1.373449,-0.004327,0.002505,-0.000024,-0.000033,-0.000246,0.328050,0.004716,0.531229,0.307448,0.012414,0.461321,-0.069840,-1.256264
13.122000,0.322848,0.713628,-1.114987,-1.191041,0.721030,-3.226379,3.226379,3.000000,1.392287,-0.004277,0.002589,0.000176,-0.000124,0.000530,0.328050,0.004714,0.531231,0.307401,0.012442,0.461321,-0.069840,-1.262868
13.133000,0.350706,0.703056,-1.104562,-1.163183,0.710458,-3.215955,3.215955,3.000000,1.362991,-0.004267,0.002606,0.000116,-0.000250,0.000236,0.328050,0.004715,0.531232,0.307354,0.012471,0.461321,-0.069840,-1.260400
13.144000,0.356929,0.637843,-1.121969,-1.156960,0.645245,-3.233361,3.233361,3.000000,1.324726,-0.004367,0.002435,0.000156,-0.000297,-0.000970,0.328050,0.004716,0.531230,0.307306,0.012498,0.461321,-0.069840,-1.250141
13.155000,0.391507,0.640104,-1.166634,-1.122382,0.647506,-3.278026,3.278026,3.000000,1.295764,-0.004331,0.002499,0.000336,0.000439,-0.000373,0.328050,0.004717,0.531231,0.307259,0.012526,0.461321,-0.069840,-1.255220
13.166000,0.336731,0.627772,-1.176200,-1.177158,0.635174,-3.287592,3.287592,3.000000,1.337590,-0.004400,0.002374,0.000190,-0.000426,0.000586,0.328050,0.004714,0.531232,0.307211,0.012552,0.461321,-0.069840,-1.263375
13.177000,0.354677,0.655688,-1.190974,-1.159212,0.663091,-3.302366,3.302366,3.000000,1.335463,-0.004340,0.002483,0.000103,-0.000391,-0.000062,0.328051,0.004714,0.531232,0.307163,0.012579,0.461321,-0.069840,-1.257876
13.188000,0.320283,0.670843,-1.174626,-1.193606,0.678245,-3.286018,3.286018,3.000000,1.372848,-0.004347,0.002470,0.000061,0.000667,-0.000549,0.328050,0.004716,0.531229,0.307115,0.012606,0.461321,-0.069840,-1.253682
13.199000,0.328574,0.678785,-1.194995,-1.185315,0.686188,-3.306387,3.306387,3.000000,1.369608,-0.004327,0.002505,-0.000327,-0.000925,0.000342,0.328050,0.004710,0.531232,0.307067,0.012634,0.461321,-0.069840,-1.261293
13.210000,0.337899,0.713228,-1.199453,-1.175990,0.720630,-3.310845,3.310845,3.000000,1.379224,-0.004263,0.002612,-0.000050,-0.000196,0.000256,0.328052,0.004711,0.531230,0.307020,0.012662,0.461321,-0.069840,-1.260542
13.221000,0.351160,0.698388,-1.181243,-1.162729,0.705790,-3.292635,3.292635,3.000000,1.360176,-0.004274,0.002594,-0.000159,0.000154,-0.000322,0.328051,0.004710,0.531227,0.306973,0.012691,0.461321,-0.069840,-1.255574
13.232000,0.289500,0.766014,-1.180696,-1.224389,0.773416,-3.292089,3.292089,3.000000,1.448206,-0.004227,0.002670,-0.000147,-0.000341,0.000064,0.328050,0.004708,0.531228,0.306926,0.012719,0.461321,-0.069840,-1.258874
13.243000,0.291163,0.810213,-1.161746,-1.222726,0.817615,-3.273138,3.273138,3.000000,1.470902,-0.004156,0.002779,-0.000062,-0.000217,0.000100,0.328051,0.004705,0.531229,0.306880,0.012749,0.461321,-0.069840,-1.259191
13.254000,0.198378,0.801067,-1.103715,-1.315511,0.808470,-3.215107,3.215107,3.000000,1.544083,-0.004260,0.002618,0.000274,0.000246,0.000104,0.328051,0.004707,0.531229,0.306834,0.012779,0.461321,-0.069840,-1.259233
13.265000,0.243983,0.793633,-1.102095,-1.269906,0.801035,-3.213487,3.213487,3.000000,1.501439,-0.004229,0.002668,-0.000109,-0.000487,-0.000770,0.328050,0.004704,0.531228,0.306787,0.012808,0.461321,-0.069840,-1.251793
13.276000,0.300655,0.850648,-1.140101,-1.213234,0.858050,-3.251493,3.251493,3.000000,1.485997,-0.004082,0.002887,-0.000264,-0.000389,0.000809,0.328050,0.004706,0.531235,0.306742,0.012839,0.461321,-0.069840,-1.265312
13.287000,0.349494,0.865160,-1.185507,-1.164394,0.872563,-3.296899,3.296899,3.000000,1.455053,-0.004001,0.002998,0.000145,0.000242,0.001324,0.328050,0.004707,0.531238,0.306697,0.012872,0.461321,-0.069840,-1.269739
13.298000,0.398662,0.834768,-1.250183,-1.115227,0.842171,-3.361575,3.361575,3.000000,1.397491,-0.003990,0.003013,-0.000265,0.000558,0.001758,0.328050,0.004709,0.531243,0.306653,0.012905,0.461321,-0.069840,-1.273504
13.309000,0.346963,0.790445,-1.313425,-1.166926,0.797847,-3.424817,3.424817,3.000000,1.413604,-0.004127,0.002822,-0.000374,0.000487,-0.000216,0.328049,0.004711,0.531240,0.306609,0.012937,0.461321,-0.069840,-1.256708
13.320000,0.300648,0.775276,-1.314136,-1.213241,0.782678,-3.425528,3.425528,3.000000,1.443793,-0.004202,0.002710,0.000112,-0.000494,0.000125,0.328050,0.004711,0.531243,0.306563,0.012967,0.461321,-0.069840,-1.259663
13.331000,0.295054,0.772536,-1.379742,-1.218835,0.779939,-3.491135,3.491135,3.000000,1.447018,-0.004212,0.002695,-0.000105,-0.001393,0.000162,0.328049,0.004709,0.531242,0.306516,0.012997,0.461321,-0.069840,-1.259956
13.342000,0.354792,0.790148,-1.430992,-1.159097,0.797550,-3.542384,3.542384,3.000000,1.406980,-0.004119,0.002834,-0.000376,0.000322,0.000160,0.328049,0.004712,0.531241,0.306471,0.013028,0.461321,-0.069840,-1.259922
13.353000,0.438187,0.735286,-1.445881,-1.075702,0.742689,-3.557273,3.557273,3.000000,1.307180,-0.004115,0.002841,0.000362,0.000148,0.000233,0.328050,0.004711,0.531240,0.306426,0.013059,0.461321,-0.069840,-1.260511
13.364000,0.432447,0.739669,-1.428145,-1.081442,0.747071,-3.539538,3.539538,3.000000,1.314394,-0.004114,0.002842,-0.000150,-0.000545,-0.000197,0.328050,0.004709,0.531238,0.306380,0.013090,0.461321,-0.069840,-1.256828
13.375000,0.448860,0.776199,-1.426167,-1.065028,0.783601,-3.537559,3.537559,3.000000,1.322239,-0.004027,0.002963,-0.000076,-0.000125,0.000236,0.328051,0.004710,0.531237,0.306336,0.013122,0.461321,-0.069840,-1.260502
13.386000,0.379653,0.721934,-1.403561,-1.134235,0.729336,-3.514953,3.514953,3.000000,1.348488,-0.004206,0.002704,0.000061,-0.000271,0.000542,0.328051,0.004708,0.531237,0.306290,0.013153,0.461321,-0.069840,-1.263093
13.397000,0.364182,0.766865,-1.398515,-1.149707,0.774267,-3.509907,3.509907,3.000000,1.386115,-0.004147,0.002793,0.000127,0.000026,-0.001022,0.328051,0.004708,0.531235,0.306244,0.013184,0.461321,-0.069840,-1.249774
13.408000,0.406246,0.791290,-1.376205,-1.107643,0.798692,-3.487597,3.487597,3.000000,1.365570,-0.004056,0.002924,-0.000341,-0.000788,0.000462,0.328049,0.004703,0.531238,0.306199,0.013215,0.461321,-0.069840,-1.262436
13.419000,0.422450,0.790021,-1.390509,-1.091439,0.797423,-3.501902,3.501902,3.000000,1.351711,-0.004037,0.002950,0.000370,0.000320,-0.000466,0.328051,0.004703,0.531236,0.306155,0.013248,0.461321,-0.069840,-1.254524
13.430000,0.492446,0.830159,-1.383349,-1.021443,0.837561,-3.494741,3.494741,3.000000,1.320930,-0.003866,0.003170,-0.000072,-0.000235,-0.000403,0.328050,0.004703,0.531235,0.306111,0.013281,0.461321,-0.069840,-1.255038
13.441000,0.416427,0.852745,-1.332269,-1.097462,0.860147,-3.443661,3.443661,3.000000,1.394373,-0.003935,0.003084,-0.000213,0.000009,0.000153,0.328049,0.004703,0.531239,0.306068,0.013315,0.461321,-0.069840,-1.259819
13.452000,0.476352,0.907755,-1.327887,-1.037536,0.915158,-3.439279,3.439279,3.000000,1.383472,-0.003750,0.003307,-0.000234,0.000592,-0.000558,0.328049,0.004705,0.531236,0.306026,0.013351,0.461321,-0.069840,-1.253739
13.463000,0.469603,0.903133,-1.339393,-1.044286,0.910535,-3.450785,3.450785,3.000000,1.385499,-0.003769,0.003286,0.000330,-0.000749,-0.000399,0.328050,0.004703,0.531236,0.305985,0.013387,0.461321,-0.069840,-1.255086
13.474000,0.444662,0.835976,-1.317653,-1.069227,0.843378,-3.429045,3.429045,3.000000,1.361812,-0.003926,0.003097,0.000017,0.000926,0.000879,0.328050,0.004707,0.531239,0.305942,0.013422,0.461321,-0.069840,-1.265988
13.485000,0.482928,0.823524,-1.319106,-1.030961,0.830926,-3.430498,3.430498,3.000000,1.324129,-0.003893,0.003138,-0.000139,0.000284,-0.000095,0.328049,0.004707,0.531238,0.305899,0.013456,0.461321,-0.069840,-1.257689
13.496000,0.458724,0.804529,-1.327215,-1.055165,0.811931,-3.438608,3.438608,3.000000,1.331392,-0.003963,0.003049,0.000582,0.000011,-0.000055,0.328051,0.004706,0.531235,0.305856,0.013490,0.461321,-0.069840,-1.257985
13.507000,0.446131,0.819333,-1.338665,-1.067758,0.826735,-3.450057,3.450057,3.000000,1.350407,-0.003953,0.003061,0.000193,-0.000331,-0.001258,0.328049,0.004706,0.531234,0.305813,0.013524,0.461321,-0.069840,-1.247754
13.518000,0.475499,0.807702,-1.307877,-1.038390,0.815104,-3.419269,3.419269,3.000000,1.320095,-0.003933,0.003087,0.000066,-0.000364,-0.000121,0.328050,0.004705,0.531237,0.305769,0.013557,0.461321,-0.069840,-1.257459
13.529000,0.443081,0.799151,-1.313114,-1.070807,0.806553,-3.424506,3.424506,3.000000,1.340581,-0.003994,0.003008,-0.000187,0.000146,0.000672,0.328049,0.004707,0.531238,0.305726,0.013591,0.461321,-0.069840,-1.264213
13.540000,0.481368,0.790149,-1.344580,-1.032521,0.797551,-3.455972,3.455972,3.000000,1.304679,-0.003957,0.003057,-0.000141,-0.000507,-0.000005,0.328050,0.004704,0.531238,0.305682,0.013624,0.461321,-0.069840,-1.258458
13.551000,0.437428,0.805204,-1.331286,-1.076461,0.812606,-3.442679,3.442679,3.000000,1.348739,-0.003991,0.003012,-0.000016,-0.000174,-0.000146,0.328049,0.004704,0.531238,0.305638,0.013657,0.461321,-0.069840,-1.257266
13.562000,0.462902,0.809560,-1.333695,-1.050987,0.816962,-3.445088,3.445088,3.000000,1.331165,-0.003948,0.003069,-0.000289,0.001031,0.000083,0.328049,0.004706,0.531238,0.305594,0.013691,0.461321,-0.069840,-1.259215
13.573000,0.512619,0.810051,-1.338046,-1.001270,0.817453,-3.449438,3.449438,3.000000,1.292583,-0.003873,0.003162,0.000173,0.000570,0.000221,0.328050,0.004704,0.531237,0.305551,0.013725,0.461321,-0.069840,-1.260363
13.584000,0.520476,0.834560,-1.301194,-0.993413,0.841962,-3.412586,3.412586,3.000000,1.302217,-0.003814,0.003233,0.000181,-0.000523,-0.000118,0.328050,0.004701,0.531238,0.305509,0.013760,0.461321,-0.069840,-1.257509
13.595000,0.493347,0.869516,-1.276056,-1.020541,0.876918,-3.387448,3.387448,3.000000,1.345545,-0.003792,0.003259,0.000460,-0.000116,-0.000698,0.328051,0.004700,0.531236,0.305467,0.013795,0.461321,-0.069840,-1.252547
13.606000,0.511266,0.888193,-1.293933,-1.002623,0.895596,-3.405325,3.405325,3.000000,1.344375,-0.003729,0.003331,-0.000077,-0.000197,0.000390,0.328049,0.004700,0.531236,0.305425,0.013832,0.461321,-0.069840,-1.261783
13.617000,0.494290,0.926783,-1.277693,-1.019599,0.934185,-3.389085,3.389085,3.000000,1.382853,-0.003687,0.003378,0.000036,-0.000072,-0.000046,0.328050,0.004699,0.531234,0.305384,0.013868,0.461321,-0.069840,-1.258049
13.628000,0.519609,0.949923,-1.229808,-0.994280,0.957325,-3.341200,3.341200,3.000000,1.380241,-0.003602,0.003468,0.000320,-0.000093,-0.000332,0.328050,0.004700,0.531230,0.305344,0.013906,0.461321,-0.069840,-1.255542
13.639000,0.550053,0.884416,-1.192516,-0.963836,0.891818,-3.303908,3.303908,3.000000,1.313133,-0.003670,0.003396,0.000250,0.000506,0.001059,0.328050,0.004698,0.531233,0.305304,0.013944,0.461321,-0.069840,-1.267395
13.650000,0.555523,0.885543,-1.132910,-0.958365,0.892945,-3.244302,3.244302,3.000000,1.309892,-0.003658,0.003408,0.000005,0.000524,0.000261,0.328050,0.004701,0.531230,0.305264,0.013981,0.461321,-0.069840,-1.260582
13.661000,0.557167,0.913510,-1.102183,-0.956722,0.920912,-3.213575,3.213575,3.000000,1.327930,-0.003602,0.003467,0.000442,0.000493,0.000468,0.328050,0.004701,0.531231,0.305224,0.014019,0.461321,-0.069840,-1.262349
13.672000,0.538392,0.876524,-1.061365,-0.975497,0.883927,-3.172758,3.172758,3.000000,1.316405,-0.003705,0.003357,-0.000279,-0.000602,0.000168,0.328048,0.004700,0.531233,0.305184,0.014056,0.461321,-0.069840,-1.259836
13.683000,0.544159,0.873670,-1.020334,-0.969730,0.881072,-3.131726,3.131726,3.000000,1.310216,-0.003701,0.003362,-0.000067,0.000473,-0.000535,0.328049,0.004702,0.531231,0.305143,0.014094,0.461321,-0.069840,-1.253847
13.694000,0.545131,0.905645,-1.036581,-0.968758,0.913047,-3.147973,3.147973,3.000000,1.331220,-0.003639,0.003429,-0.000288,-0.000039,-0.000322,0.328048,0.004701,0.531233,0.305103,0.014131,0.461321,-0.069840,-1.255679
13.705000,0.614779,0.867675,-1.081712,-0.899110,0.875077,-3.193104,3.193104,3.000000,1.254655,-0.003583,0.003487,-0.000040,-0.000111,0.000060,0.328049,0.004702,0.531235,0.305064,0.014169,0.461321,-0.069840,-1.258962
13.716000,0.617338,0.856026,-1.074193,-0.896551,0.863428,-3.185585,3.185585,3.000000,1.244713,-0.003601,0.003468,0.000327,-0.001283,0.001014,0.328049,0.004699,0.531238,0.305024,0.014207,0.461321,-0.069840,-1.267107
13.727000,0.619128,0.874220,-1.073743,-0.894761,0.881622,-3.185135,3.185135,3.000000,1.256127,-0.003562,0.003509,-0.000283,-0.000592,-0.000142,0.328048,0.004701,0.531234,0.304984,0.014246,0.461321,-0.069840,-1.257238
13.738000,0.698582,0.818335,-1.127202,-0.815307,0.825737,-3.238595,3.238595,3.000000,1.160417,-0.003513,0.003558,0.000072,-0.000615,-0.000171,0.328049,0.004699,0.531236,0.304946,0.014285,0.461321,-0.069840,-1.257028
13.749000,0.638808,0.818016,-1.112518,-0.875080,0.825418,-3.223910,3.223910,3.000000,1.202946,-0.003637,0.003431,0.000036,-0.000115,-0.000248,0.328049,0.004700,0.531235,0.304906,0.014323,0.461321,-0.069840,-1.256347
13.760000,0.635272,0.813077,-1.116940,-0.878616,0.820479,-3.228333,3.228333,3.000000,1.202145,-0.003654,0.003413,0.000113,-0.000236,-0.000576,0.328049,0.004700,0.531232,0.304866,0.014361,0.461321,-0.069840,-1.253511
13.771000,0.651536,0.864527,-1.141067,-0.862352,0.871929,-3.252459,3.252459,3.000000,1.226341,-0.003516,0.003555,0.000656,0.000231,0.001000,0.328050,0.004700,0.531236,0.304827,0.014399,0.461321,-0.069840,-1.266949
13.782000,0.567011,0.831498,-1.055477,-0.946878,0.838900,-3.166869,3.166869,3.000000,1.265042,-0.003742,0.003316,-0.000294,-0.000408,0.000045,0.328049,0.004701,0.531233,0.304787,0.014437,0.461321,-0.069840,-1.258804
13.793000,0.585396,0.825877,-1.064178,-0.928493,0.833279,-3.175570,3.175570,3.000000,1.247579,-0.003721,0.003340,0.000380,0.000012,0.000318,0.328050,0.004701,0.531232,0.304746,0.014474,0.461321,-0.069840,-1.261100
13.804000,0.576978,0.838168,-1.063877,-0.936911,0.845570,-3.175269,3.175269,3.000000,1.262059,-0.003712,0.003350,0.000168,0.000021,0.000410,0.328049,0.004702,0.531232,0.304705,0.014511,0.461321,-0.069840,-1.261875
13.815000,0.629521,0.829855,-1.056501,-0.884368,0.837257,-3.167893,3.167893,3.000000,1.217828,-0.003631,0.003437,0.000379,0.000572,0.000502,0.328050,0.004703,0.531232,0.304665,0.014548,0.461321,-0.069840,-1.262661
13.826000,0.661386,0.805540,-1.058449,-0.852503,0.812943,-3.169841,3.169841,3.000000,1.177980,-0.003618,0.003451,0.000231,-0.000775,0.000076,0.328050,0.004699,0.531232,0.304624,0.014585,0.461321,-0.069840,-1.259034
13.837000,0.661412,0.821606,-1.042267,-0.852477,0.829008,-3.153659,3.153659,3.000000,1.189105,-0.003585,0.003486,-0.000115,0.000011,0.000216,0.328047,0.004700,0.531232,0.304585,0.014623,0.461321,-0.069840,-1.260228
13.848000,0.634154,0.828135,-1.005396,-0.879735,0.835538,-3.116788,3.116788,3.000000,1.213284,-0.003625,0.003443,0.000119,-0.000737,-0.000145,0.328048,0.004700,0.531232,0.304545,0.014662,0.461321,-0.069840,-1.257162
13.859000,0.631398,0.822915,-0.993137,-0.882491,0.830317,-3.104529,3.104529,3.000000,1.211700,-0.003642,0.003426,-0.000128,-0.000047,0.000409,0.328048,0.004700,0.531232,0.304505,0.014699,0.461321,-0.069840,-1.261871
13.870000,0.641627,0.805881,-0.999643,-0.872262,0.813283,-3.111035,3.111035,3.000000,1.192590,-0.003657,0.003410,-0.000256,-0.000694,0.000100,0.328049,0.004701,0.531233,0.304465,0.014737,0.461321,-0.069840,-1.259254
13.881000,0.670734,0.828452,-0.992504,-0.843155,0.835854,-3.103896,3.103896,3.000000,1.187250,-0.003551,0.003520,-0.000124,0.000346,0.000579,0.328049,0.004702,0.531234,0.304425,0.014775,0.461321,-0.069840,-1.263338
13.892000,0.638688,0.822811,-1.003899,-0.875200,0.830213,-3.115291,3.115291,3.000000,1.206329,-0.003628,0.003441,0.000365,-0.000378,0.000514,0.328049,0.004700,0.531232,0.304386,0.014813,0.461321,-0.069840,-1.262765
13.903000,0.625476,0.849064,-1.004742,-0.888413,0.856466,-3.116134,3.116134,3.000000,1.234023,-0.003600,0.003470,-0.000211,-0.000457,-0.000068,0.328048,0.004702,0.531231,0.304346,0.014851,0.461321,-0.069840,-1.257800
13.914000,0.630121,0.815922,-1.004066,-0.883768,0.823324,-3.115458,3.115458,3.000000,1.207853,-0.003658,0.003408,0.000351,0.000111,0.000129,0.328050,0.004701,0.531232,0.304306,0.014889,0.461321,-0.069840,-1.259497
13.925000,0.571593,0.818543,-1.008751,-0.942296,0.825945,-3.120143,3.120143,3.000000,1.253039,-0.003760,0.003296,0.000005,0.000265,-0.000520,0.328049,0.004701,0.531230,0.304265,0.014926,0.461321,-0.069840,-1.253949
13.936000,0.628921,0.788225,-1.026812,-0.884968,0.795627,-3.138204,3.138204,3.000000,1.190038,-0.003718,0.003343,-0.000288,0.001062,0.000990,0.328048,0.004703,0.531234,0.304224,0.014962,0.461321,-0.069840,-1.266831
13.947000,0.638064,0.795798,-1.038295,-0.875825,0.803200,-3.149687,3.149687,3.000000,1.188360,-0.003685,0.003379,-0.000070,0.000455,0.000703,0.328048,0.004701,0.531234,0.304184,0.015000,0.461321,-0.069840,-1.264407
13.958000,0.594084,0.801758,-1.015991,-0.919805,0.809160,-3.127383,3.127383,3.000000,1.225064,-0.003754,0.003303,-0.000108,-0.000317,0.001083,0.328049,0.004701,0.531234,0.304142,0.015036,0.461321,-0.069840,-1.267629
13.969000,0.661476,0.796382,-1.028730,-0.852413,0.803784,-3.140122,3.140122,3.000000,1.171613,-0.003638,0.003430,-0.000046,0.000886,0.000299,0.328048,0.004703,0.531233,0.304102,0.015073,0.461321,-0.069840,-1.260949
13.980000,0.630474,0.809998,-0.989692,-0.883415,0.817400,-3.101085,3.101085,3.000000,1.203563,-0.003670,0.003396,-0.000121,0.000043,0.000395,0.328048,0.004701,0.531235,0.304061,0.015110,0.461321,-0.069840,-1.261798
13.991000,0.637081,0.792308,-1.003475,-0.876808,0.799710,-3.114867,3.114867,3.000000,1.186730,-0.003694,0.003369,0.000032,0.000318,-0.000580,0.328049,0.004703,0.531232,0.304021,0.015148,0.461321,-0.069840,-1.253483
14.002000,0.611927,0.773866,-0.978962,-0.901961,0.781268,-3.090354,3.090354,3.000000,1.193279,-0.003779,0.003274,-0.000331,0.000274,0.000560,0.328048,0.004702,0.531235,0.303980,0.015184,0.461321,-0.069840,-1.263209
14.013000,0.673527,0.758223,-1.056867,-0.840361,0.765625,-3.168259,3.168259,3.000000,1.136833,-0.003696,0.003367,0.000267,0.000083,0.000503,0.328049,0.004702,0.531235,0.303939,0.015221,0.461321,-0.069840,-1.262713
14.024000,0.599964,0.795900,-1.042273,-0.913925,0.803302,-3.153665,3.153665,3.000000,1.216780,-0.003756,0.003301,0.000008,-0.000126,-0.000862,0.328049,0.004703,0.531232,0.303898,0.015257,0.461321,-0.069840,-1.251079
14.035000,0.641097,0.798365,-1.053762,-0.872792,0.805767,-3.165154,3.165154,3.000000,1.187866,-0.003674,0.003392,-0.000395,-0.000009,0.000290,0.328048,0.004700,0.531233,0.303857,0.015294,0.461321,-0.069840,-1.260868
14.046000,0.622290,0.774746,-1.062109,-0.891599,0.782148,-3.173501,3.173501,3.000000,1.186046,-0.003759,0.003297,-0.000088,0.000377,-0.000378,0.328049,0.004702,0.531233,0.303816,0.015331,0.461321,-0.069840,-1.255203
14.057000,0.581770,0.820240,-1.053222,-0.932119,0.827642,-3.164614,3.164614,3.000000,1.246529,-0.003739,0.003320,0.000227,-0.000916,0.000179,0.328050,0.004698,0.531231,0.303775,0.015367,0.461321,-0.069840,-1.259902
14.068000,0.643960,0.793419,-1.076108,-0.869929,0.800821,-3.187500,3.187500,3.000000,1.182409,-0.003679,0.003386,0.000233,0.000118,0.000011,0.328049,0.004701,0.531232,0.303734,0.015404,0.461321,-0.069840,-1.258489
14.079000,0.588388,0.822580,-1.005758,-0.925501,0.829982,-3.117150,3.117150,3.000000,1.243150,-0.003722,0.003338,-0.000094,-0.000033,0.000001,0.328049,0.004701,0.531233,0.303693,0.015441,0.461321,-0.069840,-1.258417
14.090000,0.618876,0.838610,-1.021338,-0.895013,0.846012,-3.132730,3.132730,3.000000,1.231578,-0.003634,0.003435,-0.000236,0.000226,0.000694,0.328049,0.004701,0.531235,0.303653,0.015479,0.461321,-0.069840,-1.264340
14.101000,0.601344,0.787027,-1.017511,-0.912545,0.794429,-3.128903,3.128903,3.000000,1.209899,-0.003771,0.003283,-0.000162,0.000228,0.000781,0.328048,0.004701,0.531233,0.303612,0.015516,0.461321,-0.069840,-1.265039
14.112000,0.666952,0.823195,-1.026697,-0.846936,0.830597,-3.138089,3.138089,3.000000,1.186251,-0.003570,0.003501,-0.000393,-0.000525,-0.000861,0.328048,0.004700,0.531232,0.303572,0.015553,0.461321,-0.069840,-1.251087
14.123000,0.641719,0.794619,-1.019993,-0.872169,0.802022,-3.131385,3.131385,3.000000,1.184871,-0.003680,0.003384,-0.000314,-0.000027,0.000365,0.328048,0.004701,0.531235,0.303532,0.015591,0.461321,-0.069840,-1.261560
14.134000,0.646846,0.805587,-1.028601,-0.867043,0.812989,-3.139993,3.139993,3.000000,1.188577,-0.003647,0.003420,-0.000169,-0.000212,0.000853,0.328049,0.004701,0.531235,0.303492,0.015628,0.461321,-0.069840,-1.265689
14.145000,0.599220,0.796956,-1.054760,-0.914669,0.804358,-3.166152,3.166152,3.000000,1.218035,-0.003755,0.003302,0.000698,-0.000052,0.000383,0.328050,0.004703,0.531235,0.303451,0.015666,0.461321,-0.069840,-1.261706
14.156000,0.607121,0.787459,-1.074395,-0.906767,0.794862,-3.185787,3.185787,3.000000,1.205833,-0.003760,0.003296,-0.000049,0.000549,-0.000494,0.328049,0.004704,0.531233,0.303410,0.015702,0.461321,-0.069840,-1.254223
14.167000,0.614604,0.783144,-1.067554,-0.899285,0.790546,-3.178946,3.178946,3.000000,1.197362,-0.003755,0.003301,0.000000,0.000096,0.000215,0.328048,0.004702,0.531233,0.303368,0.015738,0.461321,-0.069840,-1.260250
14.178000,0.632707,0.784325,-1.085860,-0.881182,0.791727,-3.197252,3.197252,3.000000,1.184615,-0.003719,0.003342,0.000023,-0.000245,-0.000685,0.328049,0.004701,0.531233,0.303327,0.015774,0.461321,-0.069840,-1.252610
14.189000,0.644156,0.757753,-1.095260,-0.869733,0.765155,-3.206652,3.206652,3.000000,1.158403,-0.003754,0.003303,-0.000187,-0.000107,0.000484,0.328049,0.004701,0.531236,0.303286,0.015810,0.461321,-0.069840,-1.262578
14.200000,0.616681,0.795815,-1.093195,-0.897208,0.803217,-3.204588,3.204588,3.000000,1.204217,-0.003725,0.003335,0.000195,0.000150,-0.001047,0.328049,0.004703,0.531232,0.303245,0.015847,0.461321,-0.069840,-1.249520
14.211000,0.579874,0.779766,-1.101823,-0.934015,0.787168,-3.213215,3.213215,3.000000,1.221481,-0.003823,0.003222,0.000101,0.000510,-0.000048,0.328049,0.004701,0.531235,0.303203,0.015883,0.461321,-0.069840,-1.258053
14.222000,0.591602,0.831441,-1.101341,-0.922287,0.838843,-3.212734,3.212734,3.000000,1.246704,-0.003699,0.003364,0.000209,-0.000034,0.000022,0.328050,0.004701,0.531234,0.303161,0.015918,0.461321,-0.069840,-1.258621
14.233000,0.657012,0.808034,-1.106794,-0.856877,0.815436,-3.218186,3.218186,3.000000,1.182866,-0.003622,0.003447,0.000210,-0.000544,-0.000538,0.328049,0.004699,0.531232,0.303121,0.015956,0.461321,-0.069840,-1.253834
14.244000,0.587922,0.817383,-1.064843,-0.925966,0.824785,-3.176236,3.176236,3.000000,1.240034,-0.003734,0.003326,0.000419,0.000107,-0.000920,0.328050,0.004701,0.531232,0.303081,0.015994,0.461321,-0.069840,-1.250583
14.255000,0.612920,0.811434,-1.088674,-0.900969,0.818836,-3.200066,3.200066,3.000000,1.217472,-0.003700,0.003363,0.000167,-0.000455,-0.000178,0.328049,0.004699,0.531234,0.303039,0.016030,0.461321,-0.069840,-1.256915
14.266000,0.592996,0.812602,-1.046241,-0.920893,0.820004,-3.157633,3.157633,3.000000,1.233065,-0.003734,0.003325,-0.000032,0.000979,-0.000331,0.328049,0.004701,0.531232,0.302998,0.016067,0.461321,-0.069840,-1.255593
14.277000,0.634072,0.784336,-1.069417,-0.879817,0.791738,-3.180809,3.180809,3.000000,1.183607,-0.003717,0.003345,-0.000056,-0.000291,-0.000092,0.328049,0.004698,0.531230,0.302957,0.016103,0.461321,-0.069840,-1.257587
14.288000,0.696531,0.816499,-1.066733,-0.817358,0.823901,-3.178125,3.178125,3.000000,1.160555,-0.003521,0.003550,-0.000250,-0.000091,0.000175,0.328049,0.004700,0.531232,0.302917,0.016141,0.461321,-0.069840,-1.259881
14.299000,0.685370,0.852860,-1.032006,-0.828519,0.860262,-3.143399,3.143399,3.000000,1.194359,-0.003468,0.003601,-0.000251,-0.000220,-0.000953,0.328049,0.004701,0.531229,0.302879,0.016180,0.461321,-0.069840,-1.250262
14.310000,0.576763,0.844567,-1.020002,-0.937126,0.851969,-3.131394,3.131394,3.000000,1.266513,-0.003700,0.003363,-0.000055,0.000489,-0.000031,0.328049,0.004703,0.531231,0.302839,0.016218,0.461321,-0.069840,-1.258125
14.321000,0.548460,0.867740,-1.035119,-0.965429,0.875142,-3.146512,3.146512,3.000000,1.303046,-0.003705,0.003358,-0.000262,0.000012,-0.000620,0.328049,0.004701,0.531231,0.302798,0.016255,0.461321,-0.069840,-1.253110
14.332000,0.612518,0.796093,-1.041396,-0.901371,0.803495,-3.152788,3.152788,3.000000,1.207507,-0.003732,0.003327,0.000051,0.000250,-0.000417,0.328049,0.004701,0.531230,0.302757,0.016292,0.461321,-0.069840,-1.254833
14.343000,0.584179,0.791464,-1.010444,-0.929710,0.798866,-3.121836,3.121836,3.000000,1.225785,-0.003792,0.003259,0.000502,0.000094,0.000760,0.328049,0.004700,0.531234,0.302716,0.016328,0.461321,-0.069840,-1.264880
14.354000,0.581245,0.803212,-1.010883,-0.932644,0.810615,-3.122276,3.122276,3.000000,1.235686,-0.003774,0.003280,0.000322,0.000587,0.000044,0.328049,0.004703,0.531233,0.302674,0.016364,0.461321,-0.069840,-1.258788
14.365000,0.595548,0.811430,-0.974351,-0.918341,0.818832,-3.085743,3.085743,3.000000,1.230381,-0.003732,0.003328,-0.000490,-0.000081,0.000153,0.328048,0.004699,0.531234,0.302633,0.016400,0.461321,-0.069840,-1.259729
14.376000,0.654153,0.801217,-1.032297,-0.859736,0.808619,-3.143689,3.143689,3.000000,1.180258,-0.003642,0.003426,0.000021,0.000837,0.000496,0.328048,0.004702,0.531234,0.302593,0.016438,0.461321,-0.069840,-1.262646
14.387000,0.650891,0.808075,-1.053027,-0.862997,0.815477,-3.164419,3.164419,3.000000,1.187336,-0.003634,0.003434,-0.000104,0.000016,-0.000498,0.328047,0.004700,0.531232,0.302553,0.016475,0.461321,-0.069840,-1.254162
14.398000,0.650028,0.764905,-1.057347,-0.863861,0.772307,-3.168739,3.168739,3.000000,1.158755,-0.003728,0.003332,-0.000410,0.000585,0.001110,0.328048,0.004703,0.531236,0.302512,0.016513,0.461321,-0.069840,-1.267892
14.409000,0.690711,0.763683,-1.077143,-0.823178,0.771085,-3.188535,3.188535,3.000000,1.127916,-0.003649,0.003418,0.000385,0.000274,0.000527,0.328049,0.004701,0.531234,0.302472,0.016550,0.461321,-0.069840,-1.262915
14.420000,0.609526,0.799958,-1.088525,-0.904363,0.807360,-3.199917,3.199917,3.000000,1.212313,-0.003730,0.003330,0.000182,-0.000374,-0.000831,0.328049,0.004702,0.531234,0.302431,0.016587,0.461321,-0.069840,-1.251378
14.431000,0.625733,0.737233,-1.054754,-0.888156,0.744635,-3.166146,3.166146,3.000000,1.159009,-0.003832,0.003212,0.000127,-0.000419,0.000482,0.328049,0.004702,0.531235,0.302389,0.016623,0.461321,-0.069840,-1.262550
14.442000,0.661157,0.752848,-1.086161,-0.852732,0.760250,-3.197553,3.197553,3.000000,1.142424,-0.003732,0.003327,0.000215,-0.000346,0.000920,0.328049,0.004703,0.531238,0.302348,0.016659,0.461321,-0.069840,-1.266308
14.453000,0.688650,0.718552,-1.165694,-0.825239,0.725954,-3.277087,3.277087,3.000000,1.099104,-0.003754,0.003302,0.000289,0.000028,0.000351,0.328050,0.004703,0.531238,0.302307,0.016696,0.461321,-0.069840,-1.261481
14.464000,0.600069,0.720102,-1.162240,-0.913820,0.727504,-3.273632,3.273632,3.000000,1.168045,-0.003912,0.003114,-0.000072,-0.000186,0.000143,0.328048,0.004703,0.531236,0.302265,0.016731,0.461321,-0.069840,-1.259684
14.475000,0.576866,0.728807,-1.148254,-0.937023,0.736209,-3.259646,3.259646,3.000000,1.191644,-0.003932,0.003089,-0.000187,0.000317,-0.000604,0.328048,0.004704,0.531235,0.302222,0.016765,0.461321,-0.069840,-1.253334
14.486000,0.584931,0.732138,-1.179634,-0.928958,0.739540,-3.291027,3.291027,3.000000,1.187385,-0.003912,0.003114,0.000238,-0.000093,-0.000313,0.328049,0.004703,0.531237,0.302178,0.016799,0.461321,-0.069840,-1.255828
14.497000,0.569923,0.719713,-1.224162,-0.943966,0.727115,-3.335555,3.335555,3.000000,1.191540,-0.003961,0.003051,0.000254,-0.000498,0.000025,0.328049,0.004702,0.531237,0.302135,0.016833,0.461321,-0.069840,-1.258706
14.508000,0.582746,0.712842,-1.200457,-0.931143,0.720244,-3.311849,3.311849,3.000000,1.177191,-0.003955,0.003059,-0.000263,-0.000731,0.000732,0.328049,0.004700,0.531238,0.302091,0.016866,0.461321,-0.069840,-1.264707
14.519000,0.480688,0.735013,-1.192415,-1.033201,0.742415,-3.303807,3.303807,3.000000,1.272275,-0.004060,0.002918,0.000283,0.000427,0.000155,0.328050,0.004702,0.531236,0.302047,0.016899,0.461321,-0.069840,-1.259794
14.530000,0.547277,0.745011,-1.188028,-0.966611,0.752413,-3.299420,3.299420,3.000000,1.224934,-0.003946,0.003071,-0.000016,-0.000683,0.000106,0.328049,0.004699,0.531235,0.302003,0.016932,0.461321,-0.069840,-1.259358
14.541000,0.535078,0.783257,-1.179314,-0.978811,0.790659,-3.290706,3.290706,3.000000,1.258257,-0.003890,0.003142,-0.000166,-0.000091,0.000293,0.328050,0.004699,0.531235,0.301960,0.016966,0.461321,-0.069840,-1.260936
14.552000,0.565369,0.790302,-1.183263,-0.948520,0.797704,-3.294655,3.294655,3.000000,1.239363,-0.003827,0.003218,-0.000005,-0.000681,0.000357,0.328049,0.004698,0.531237,0.301918,0.017002,0.461321,-0.069840,-1.261511
14.563000,0.572701,0.793392,-1.182080,-0.941187,0.800794,-3.293472,3.293472,3.000000,1.235761,-0.003808,0.003240,-0.000028,-0.000754,0.000764,0.328049,0.004695,0.531233,0.301876,0.017037,0.461321,-0.069840,-1.264907
14.574000,0.628201,0.856867,-1.182299,-0.885688,0.864270,-3.293692,3.293692,3.000000,1.237499,-0.003579,0.003492,0.000183,-0.000029,-0.000397,0.328050,0.004697,0.531232,0.301836,0.017075,0.461321,-0.069840,-1.255032
14.585000,0.551250,0.838688,-1.136068,-0.962639,0.846090,-3.247460,3.247460,3.000000,1.281616,-0.003756,0.003301,0.000035,0.000191,-0.000160,0.328050,0.004695,0.531234,0.301795,0.017112,0.461321,-0.069840,-1.257072
14.596000,0.541601,0.854793,-1.119688,-0.972288,0.862195,-3.231080,3.231080,3.000000,1.299509,-0.003741,0.003317,0.000331,0.000329,-0.001526,0.328050,0.004698,0.531230,0.301754,0.017148,0.461321,-0.069840,-1.245420
14.607000,0.545226,0.887165,-1.133168,-0.968663,0.894567,-3.244560,3.244560,3.000000,1.318544,-0.003673,0.003392,0.000041,0.000005,0.000505,0.328049,0.004698,0.531234,0.301713,0.017185,0.461321,-0.069840,-1.262707
14.618000,0.597121,0.885729,-1.139582,-0.916768,0.893131,-3.250974,3.250974,3.000000,1.279901,-0.003581,0.003489,0.000159,0.000415,-0.000242,0.328049,0.004699,0.531233,0.301674,0.017223,0.461321,-0.069840,-1.256358
14.629000,0.541773,0.892836,-1.074775,-0.972116,0.900238,-3.186167,3.186167,3.000000,1.324929,-0.003669,0.003397,-0.000115,-0.000118,0.000255,0.328049,0.004699,0.531235,0.301634,0.017261,0.461321,-0.069840,-1.260619
14.640000,0.555564,0.859679,-1.120063,-0.958325,0.867081,-3.231455,3.231455,3.000000,1.292368,-0.003708,0.003355,0.000264,-0.000387,-0.001152,0.328050,0.004699,0.531232,0.301593,0.017298,0.461321,-0.069840,-1.248624
14.651000,0.570177,0.810879,-1.114607,-0.943712,0.818281,-3.225999,3.225999,3.000000,1.249070,-0.003778,0.003276,-0.000255,-0.000519,0.000353,0.328049,0.004699,0.531236,0.301552,0.017334,0.461321,-0.069840,-1.261460
14.662000,0.587256,0.801709,-1.157345,-0.926633,0.809111,-3.268737,3.268737,3.000000,1.230166,-0.003766,0.003289,0.000182,0.000975,-0.000343,0.328049,0.004703,0.531236,0.301511,0.017371,0.461321,-0.069840,-1.255549
14.673000,0.560428,0.800770,-1.118473,-0.953460,0.808172,-3.229865,3.229865,3.000000,1.249891,-0.003814,0.003233,0.000257,-0.000171,-0.000653,0.328049,0.004700,0.531233,0.301469,0.017406,0.461321,-0.069840,-1.252884
14.684000,0.530504,0.784542,-1.146545,-0.983385,0.791944,-3.257937,3.257937,3.000000,1.262625,-0.003894,0.003136,0.000185,0.000025,0.000098,0.328050,0.004700,0.531236,0.301426,0.017441,0.461321,-0.069840,-1.259297
14.695000,0.530289,0.794353,-1.126118,-0.983599,0.801755,-3.237510,3.237510,3.000000,1.268968,-0.003876,0.003159,-0.000004,0.000199,-0.001359,0.328048,0.004699,0.531233,0.301383,0.017476,0.461321,-0.069840,-1.246883
14.706000,0.562569,0.786709,-1.153768,-0.951320,0.794111,-3.265160,3.265160,3.000000,1.239202,-0.003838,0.003204,0.000042,0.000158,-0.000964,0.328049,0.004700,0.531233,0.301341,0.017511,0.461321,-0.069840,-1.250239
14.717000,0.554448,0.781775,-1.133858,-0.959441,0.789177,-3.245250,3.245250,3.000000,1.242307,-0.003862,0.003176,-0.000186,-0.000557,-0.000914,0.328048,0.004698,0.531235,0.301298,0.017546,0.461321,-0.069840,-1.250693
14.728000,0.561542,0.764806,-1.148048,-0.952347,0.772208,-3.259440,3.259440,3.000000,1.226079,-0.003884,0.003149,0.000066,0.000192,-0.000112,0.328049,0.004699,0.531235,0.301256,0.017581,0.461321,-0.069840,-1.257499
14.739000,0.633527,0.754514,-1.201962,-0.880362,0.761917,-3.313354,3.313354,3.000000,1.164282,-0.003781,0.003272,-0.000103,0.000427,0.000249,0.328048,0.004699,0.531233,0.301214,0.017616,0.461321,-0.069840,-1.260521
14.750000,0.578416,0.804790,-1.189157,-0.935472,0.812192,-3.300550,3.300550,3.000000,1.238856,-0.003776,0.003278,-0.000181,-0.000536,0.000909,0.328048,0.004699,0.531236,0.301172,0.017652,0.461321,-0.069840,-1.266188
14.761000,0.531804,0.825493,-1.147339,-0.982085,0.832895,-3.258731,3.258731,3.000000,1.287713,-0.003813,0.003234,-0.000145,0.000134,-0.000240,0.328049,0.004699,0.531233,0.301131,0.017688,0.461321,-0.069840,-1.256377
14.772000,0.580824,0.801043,-1.160280,-0.933065,0.808445,-3.271672,3.271672,3.000000,1.234582,-0.003779,0.003274,0.000151,-0.000468,0.000072,0.328049,0.004697,0.531233,0.301089,0.017724,0.461321,-0.069840,-1.259032
14.783000,0.581481,0.849919,-1.152998,-0.932408,0.857321,-3.264390,3.264390,3.000000,1.266643,-0.003681,0.003384,0.000078,-0.000018,-0.000100,0.328049,0.004699,0.531233,0.301048,0.017761,0.461321,-0.069840,-1.257576
14.794000,0.552942,0.788981,-1.138425,-0.960947,0.796383,-3.249817,3.249817,3.000000,1.248056,-0.003850,0.003190,0.000037,-0.000220,0.000411,0.328049,0.004699,0.531235,0.301007,0.017797,0.461321,-0.069840,-1.261944
14.805000,0.624088,0.764549,-1.139913,-0.889801,0.771951,-3.251305,3.251305,3.000000,1.177987,-0.003777,0.003277,0.000064,-0.000175,-0.000665,0.328049,0.004699,0.531232,0.300965,0.017833,0.461321,-0.069840,-1.252760
14.816000,0.598361,0.751872,-1.148710,-0.915528,0.759274,-3.260102,3.260102,3.000000,1.189407,-0.003849,0.003192,0.000044,0.000254,-0.000303,0.328049,0.004699,0.531235,0.300923,0.017868,0.461321,-0.069840,-1.255885
14.827000,0.551609,0.758377,-1.129964,-0.962280,0.765779,-3.241356,3.241356,3.000000,1.229797,-0.003912,0.003113,0.000390,0.000926,0.000078,0.328049,0.004701,0.531235,0.300880,0.017903,0.461321,-0.069840,-1.259106
14.838000,0.567766,0.797665,-1.102022,-0.946123,0.805067,-3.213414,3.213414,3.000000,1.242289,-0.003808,0.003240,-0.000176,0.000015,-0.000870,0.328049,0.004699,0.531233,0.300838,0.017938,0.461321,-0.069840,-1.251028
14.849000,0.564338,0.800375,-1.102609,-0.949551,0.807777,-3.214001,3.214001,3.000000,1.246656,-0.003808,0.003240,0.000502,0.000007,-0.001098,0.328050,0.004699,0.531232,0.300796,0.017974,0.461321,-0.069840,-1.249075
14.860000,0.593721,0.776975,-1.135730,-0.920168,0.784377,-3.247122,3.247122,3.000000,1.209113,-0.003805,0.003244,-0.000125,-0.000325,0.000243,0.328049,0.004699,0.531233,0.300754,0.018009,0.461321,-0.069840,-1.260483
14.871000,0.560366,0.785760,-1.117558,-0.953523,0.793162,-3.228950,3.228950,3.000000,1.240287,-0.003844,0.003197,0.000251,0.000655,-0.000043,0.328050,0.004698,0.531232,0.300712,0.018045,0.461321,-0.069840,-1.258037
14.882000,0.611220,0.768452,-1.077237,-0.902669,0.775854,-3.188630,3.188630,3.000000,1.190278,-0.003792,0.003259,-0.000408,0.000128,-0.001036,0.328048,0.004697,0.531230,0.300670,0.018080,0.461321,-0.069840,-1.249561
14.893000,0.585459,0.818681,-1.101575,-0.928429,0.826083,-3.212967,3.212967,3.000000,1.242737,-0.003735,0.003324,-0.000046,-0.000230,0.000170,0.328049,0.004695,0.531232,0.300629,0.018117,0.461321,-0.069840,-1.259846
14.904000,0.611965,0.804282,-1.077871,-0.901924,0.811684,-3.189263,3.189263,3.000000,1.213383,-0.003717,0.003345,-0.000278,0.000147,0.000533,0.328048,0.004698,0.531232,0.300588,0.018153,0.461321,-0.069840,-1.262929
14.915000,0.631094,0.874608,-1.066820,-0.882795,0.882010,-3.178212,3.178212,3.000000,1.247905,-0.003537,0.003534,-0.000034,-0.000049,0.000762,0.328049,0.004696,0.531232,0.300548,0.018192,0.461321,-0.069840,-1.264866
14.926000,0.621084,0.877757,-1.065758,-0.892805,0.885159,-3.177150,3.177150,3.000000,1.257222,-0.003551,0.003520,0.000132,-0.000497,-0.000694,0.328049,0.004696,0.531230,0.300510,0.018231,0.461321,-0.069840,-1.252480
14.937000,0.598430,0.849140,-1.025572,-0.915459,0.856542,-3.136964,3.136964,3.000000,1.253686,-0.003651,0.003416,-0.000127,0.000673,0.000231,0.328049,0.004697,0.531230,0.300470,0.018269,0.461321,-0.069840,-1.260335
14.948000,0.600958,0.827781,-1.040794,-0.912931,0.835183,-3.152187,3.152187,3.000000,1.237325,-0.003689,0.003375,0.000072,-0.000243,-0.000236,0.328049,0.004695,0.531231,0.300430,0.018307,0.461321,-0.069840,-1.256386
14.959000,0.594199,0.814213,-1.027393,-0.919690,0.821615,-3.138785,3.138785,3.000000,1.233240,-0.003729,0.003331,-0.000407,-0.000001,-0.000197,0.328049,0.004698,0.531231,0.300389,0.018343,0.461321,-0.069840,-1.256712
14.970000,0.584819,0.876125,-1.020620,-0.929070,0.883527,-3.132012,3.132012,3.000000,1.282104,-0.003623,0.003446,0.000490,0.000189,-0.000337,0.328049,0.004698,0.531231,0.300349,0.018381,0.461321,-0.069840,-1.255517
14.981000,0.604422,0.826126,-1.025600,-0.909467,0.833528,-3.136992,3.136992,3.000000,1.233653,-0.003686,0.003378,0.000133,0.000876,0.000750,0.328050,0.004699,0.531234,0.300309,0.018418,0.461321,-0.069840,-1.264789
14.992000,0.650504,0.806243,-1.057199,-0.863385,0.813645,-3.168591,3.168591,3.000000,1.186361,-0.003639,0.003429,0.000238,0.000502,0.000877,0.328049,0.004699,0.531236,0.300269,0.018456,0.461321,-0.069840,-1.265921
15.003000,0.564322,0.823495,-1.022990,-0.949567,0.830897,-3.134382,3.134382,3.000000,1.261772,-0.003763,0.003293,0.000418,0.000047,-0.000444,0.328049,0.004698,0.531232,0.300228,0.018493,0.461321,-0.069840,-1.254631
15.014000,0.549479,0.797415,-1.031313,-0.964410,0.804817,-3.142705,3.142705,3.000000,1.256112,-0.003839,0.003204,-0.000047,-0.000026,0.000043,0.328049,0.004698,0.531234,0.300186,0.018529,0.461321,-0.069840,-1.258791
15.025000,0.592627,0.796967,-1.030001,-0.921261,0.804369,-3.141393,3.141393,3.000000,1.223001,-0.003766,0.003289,-0.000330,-0.000024,-0.000417,0.328048,0.004699,0.531232,0.300144,0.018564,0.461321,-0.069840,-1.254861
15.036000,0.608140,0.806068,-1.061378,-0.905749,0.813470,-3.172770,3.172770,3.000000,1.217421,-0.003720,0.003341,-0.000262,0.000355,0.000514,0.328048,0.004700,0.531234,0.300103,0.018601,0.461321,-0.069840,-1.262801
15.047000,0.578580,0.782855,-1.075076,-0.935308,0.790257,-3.186469,3.186469,3.000000,1.224462,-0.003819,0.003227,0.000068,-0.000101,-0.000326,0.328050,0.004699,0.531233,0.300062,0.018637,0.461321,-0.069840,-1.255657
15.058000,0.596761,0.782030,-1.054831,-0.917128,0.789432,-3.166223,3.166223,3.000000,1.210093,-0.003789,0.003262,-0.000089,-0.000198,-0.000891,0.328049,0.004698,0.531232,0.300020,0.018673,0.461321,-0.069840,-1.250839
15.069000,0.597589,0.812888,-1.071610,-0.916300,0.820290,-3.183002,3.183002,3.000000,1.229830,-0.003725,0.003335,-0.000005,-0.000160,-0.000138,0.328050,0.004698,0.531233,0.299978,0.018709,0.461321,-0.069840,-1.257247
15.080000,0.568900,0.787103,-1.079669,-0.944989,0.794505,-3.191061,3.191061,3.000000,1.234602,-0.003827,0.003218,-0.000229,-0.000307,-0.000564,0.328048,0.004697,0.531233,0.299937,0.018745,0.461321,-0.069840,-1.253633
15.091000,0.630173,0.771793,-1.092394,-0.883716,0.779195,-3.203786,3.203786,3.000000,1.178176,-0.003750,0.003307,0.000030,0.000317,0.000529,0.328050,0.004699,0.531236,0.299895,0.018781,0.461321,-0.069840,-1.262958
15.102000,0.615749,0.778235,-1.125540,-0.898140,0.785637,-3.236932,3.236932,3.000000,1.193264,-0.003763,0.003292,0.000087,-0.000044,0.000428,0.328049,0.004700,0.531235,0.299854,0.018817,0.461321,-0.069840,-1.262092
15.113000,0.578141,0.780379,-1.128079,-0.935748,0.787781,-3.239471,3.239471,3.000000,1.223202,-0.003825,0.003220,-0.000142,-0.000125,0.000009,0.328048,0.004698,0.531233,0.299812,0.018853,0.461321,-0.069840,-1.258489
15.124000,0.544560,0.796809,-1.106677,-0.969329,0.804211,-3.218069,3.218069,3.000000,1.259506,-0.003848,0.003193,0.000060,-0.001006,-0.000875,0.328050,0.004696,0.531232,0.299770,0.018888,0.461321,-0.069840,-1.250983
15.135000,0.527962,0.777035,-1.085735,-0.985927,0.784437,-3.197127,3.197127,3.000000,1.259918,-0.003913,0.003113,0.000171,-0.000243,-0.000660,0.328050,0.004698,0.531231,0.299727,0.018923,0.461321,-0.069840,-1.252786
15.146000,0.574013,0.754620,-1.083955,-0.939876,0.762022,-3.195347,3.195347,3.000000,1.209977,-0.003884,0.003149,-0.000306,0.000165,0.000002,0.328049,0.004698,0.531234,0.299685,0.018957,0.461321,-0.069840,-1.258459
15.157000,0.540443,0.780942,-1.101846,-0.973446,0.788344,-3.213238,3.213238,3.000000,1.252630,-0.003886,0.003147,0.000066,0.000269,0.000137,0.328049,0.004699,0.531234,0.299642,0.018992,0.461321,-0.069840,-1.259599
15.168000,0.576775,0.798250,-1.146411,-0.937114,0.805652,-3.257803,3.257803,3.000000,1.235823,-0.003791,0.003260,-0.000029,0.000092,0.000517,0.328050,0.004698,0.531235,0.299600,0.019027,0.461321,-0.069840,-1.262835
15.179000,0.543307,0.809729,-1.129313,-0.970581,0.817131,-3.240705,3.240705,3.000000,1.268752,-0.003825,0.003220,0.000173,-0.000303,0.000513,0.328049,0.004698,0.531235,0.299558,0.019063,0.461321,-0.069840,-1.262800
15.190000,0.516995,0.803528,-1.137220,-0.996894,0.810930,-3.248613,3.248613,3.000000,1.285070,-0.003879,0.003155,0.000367,-0.000040,-0.000468,0.328050,0.004698,0.531234,0.299515,0.019098,0.461321,-0.069840,-1.254462
15.201000,0.513210,0.791624,-1.102415,-1.000679,0.799026,-3.213807,3.213807,3.000000,1.280547,-0.003907,0.003120,-0.000221,-0.000273,0.000003,0.328049,0.004698,0.531235,0.299472,0.019132,0.461321,-0.069840,-1.258477
15.212000,0.542992,0.862808,-1.121646,-0.970896,0.870210,-3.233038,3.233038,3.000000,1.303804,-0.003723,0.003337,0.000243,-0.000858,0.000814,0.328049,0.004696,0.531236,0.299431,0.019168,0.461321,-0.069840,-1.265372
15.223000,0.616103,0.788651,-1.143586,-0.897785,0.796054,-3.254978,3.254978,3.000000,1.199883,-0.003741,0.003317,0.000027,0.001058,0.000552,0.328049,0.004700,0.531237,0.299390,0.019205,0.461321,-0.069840,-1.263174
15.234000,0.601409,0.823243,-1.186542,-0.912480,0.830645,-3.297935,3.297935,3.000000,1.233933,-0.003697,0.003366,-0.000061,-0.000294,-0.000124,0.328050,0.004696,0.531237,0.299350,0.019243,0.461321,-0.069840,-1.257429
15.245000,0.515937,0.851581,-1.123505,-0.997952,0.858983,-3.234897,3.234897,3.000000,1.316724,-0.003790,0.003262,-0.000069,-0.000476,0.000075,0.328049,0.004697,0.531235,0.299308,0.019279,0.461321,-0.069840,-1.259096
15.256000,0.500290,0.842095,-1.206592,-1.013599,0.849497,-3.317984,3.317984,3.000000,1.322508,-0.003832,0.003212,0.000225,0.000144,0.000044,0.328049,0.004698,0.531238,0.299266,0.019315,0.461321,-0.069840,-1.258867
15.267000,0.478123,0.813830,-1.185559,-1.035766,0.821232,-3.296951,3.296951,3.000000,1.321829,-0.003918,0.003106,-0.000101,-0.000032,-0.000050,0.328049,0.004699,0.531238,0.299224,0.019349,0.461321,-0.069840,-1.258075
15.278000,0.523620,0.810985,-1.219694,-0.990269,0.818387,-3.331086,3.331086,3.000000,1.284675,-0.003854,0.003185,-0.000077,0.000410,-0.000153,0.328049,0.004698,0.531235,0.299181,0.019384,0.461321,-0.069840,-1.257160
15.289000,0.547740,0.792516,-1.227126,-0.966149,0.799918,-3.338518,3.338518,3.000000,1.254318,-0.003851,0.003189,-0.000347,-0.000165,0.000517,0.328049,0.004699,0.531237,0.299139,0.019419,0.461321,-0.069840,-1.262881
15.300000,0.537306,0.786861,-1.214654,-0.976583,0.794263,-3.326047,3.326047,3.000000,1.258796,-0.003879,0.003155,0.000390,-0.001138,-0.001151,0.328050,0.004695,0.531234,0.299097,0.019454,0.461321,-0.069840,-1.248678
15.311000,0.498684,0.830421,-1.234357,-1.015205,0.837824,-3.345749,3.345749,3.000000,1.316278,-0.003856,0.003183,0.000307,0.000143,-0.000343,0.328049,0.004699,0.531237,0.299054,0.019489,0.461321,-0.069840,-1.255572
15.322000,0.508594,0.784123,-1.226622,-1.005295,0.791525,-3.338014,3.338014,3.000000,1.279504,-0.003928,0.003093,0.000360,0.000405,-0.000260,0.328050,0.004699,0.531234,0.299011,0.019524,0.461321,-0.069840,-1.256238
15.333000,0.537260,0.785805,-1.246910,-0.976629,0.793207,-3.358302,3.358302,3.000000,1.258166,-0.003881,0.003152,0.000358,0.000386,-0.000620,0.328050,0.004700,0.531235,0.298968,0.019558,0.461321,-0.069840,-1.253196
15.344000,0.536852,0.801026,-1.261582,-0.977037,0.808428,-3.372974,3.372974,3.000000,1.268132,-0.003852,0.003187,0.000238,0.000818,0.000229,0.328050,0.004699,0.531236,0.298925,0.019593,0.461321,-0.069840,-1.260417
15.355000,0.484845,0.793370,-1.274359,-1.029044,0.800772,-3.385751,3.385751,3.000000,1.303905,-0.003946,0.003071,0.000626,0.000020,0.000215,0.328050,0.004697,0.531236,0.298882,0.019627,0.461321,-0.069840,-1.260294
15.366000,0.498507,0.820811,-1.266787,-1.015382,0.828213,-3.378179,3.378179,3.000000,1.310319,-0.003875,0.003160,-0.000077,-0.000417,-0.000584,0.328049,0.004697,0.531235,0.298839,0.019661,0.461321,-0.069840,-1.253496
15.377000,0.508613,0.829887,-1.233686,-1.005276,0.837289,-3.345078,3.345078,3.000000,1.308294,-0.003842,0.003200,0.000241,0.000509,0.000045,0.328049,0.004699,0.531236,0.298797,0.019696,0.461321,-0.069840,-1.258852
15.388000,0.513399,0.790040,-1.245153,-1.000490,0.797442,-3.356546,3.356546,3.000000,1.279411,-0.003910,0.003116,0.000050,-0.000170,-0.000418,0.328049,0.004698,0.531236,0.298754,0.019730,0.461321,-0.069840,-1.254925
15.399000,0.579194,0.807866,-1.287277,-0.934695,0.815268,-3.398669,3.398669,3.000000,1.240289,-0.003768,0.003287,0.000307,-0.000293,0.000309,0.328050,0.004697,0.531236,0.298712,0.019765,0.461321,-0.069840,-1.261094
15.410000,0.514885,0.783839,-1.205313,-0.999004,0.791241,-3.316706,3.316706,3.000000,1.274390,-0.003920,0.003104,0.000080,0.000823,0.000461,0.328050,0.004698,0.531235,0.298669,0.019801,0.461321,-0.069840,-1.262373
15.421000,0.521757,0.804474,-1.231706,-0.992132,0.811876,-3.343098,3.343098,3.000000,1.281978,-0.003870,0.003166,0.000117,-0.000111,-0.001514,0.328049,0.004699,0.531232,0.298626,0.019835,0.461321,-0.069840,-1.245554
15.432000,0.503114,0.810999,-1.217021,-1.010775,0.818401,-3.328413,3.328413,3.000000,1.300556,-0.003886,0.003146,0.000454,-0.000402,-0.000443,0.328050,0.004697,0.531233,0.298584,0.019870,0.461321,-0.069840,-1.254663
15.443000,0.532987,0.840218,-1.249078,-0.980902,0.847620,-3.360470,3.360470,3.000000,1.296391,-0.003783,0.003269,0.000182,-0.000511,0.000095,0.328049,0.004696,0.531234,0.298542,0.019905,0.461321,-0.069840,-1.259248
15.454000,0.521307,0.848811,-1.202199,-0.992582,0.856213,-3.313591,3.313591,3.000000,1.310847,-0.003786,0.003266,-0.000238,0.000232,-0.000608,0.328049,0.004699,0.531235,0.298500,0.019941,0.461321,-0.069840,-1.253283
15.465000,0.520459,0.815058,-1.215320,-0.993430,0.822460,-3.326712,3.326712,3.000000,1.289707,-0.003851,0.003189,0.000448,-0.000005,0.000534,0.328051,0.004699,0.531238,0.298458,0.019976,0.461321,-0.069840,-1.263026
15.476000,0.497492,0.835951,-1.228064,-1.016397,0.843353,-3.339456,3.339456,3.000000,1.320722,-0.003848,0.003193,0.000009,0.000024,0.000468,0.328050,0.004698,0.531237,0.298415,0.020011,0.461321,-0.069840,-1.262466
15.487000,0.507679,0.839082,-1.238185,-1.006210,0.846484,-3.349577,3.349577,3.000000,1.314912,-0.003826,0.003219,-0.000010,-0.000157,-0.000289,0.328049,0.004697,0.531236,0.298373,0.020047,0.461321,-0.069840,-1.256024
15.498000,0.526534,0.835876,-1.238333,-0.987355,0.843278,-3.349725,3.349725,3.000000,1.298456,-0.003802,0.003247,0.000081,-0.000477,-0.000261,0.328050,0.004695,0.531236,0.298331,0.020082,0.461321,-0.069840,-1.256256
15.509000,0.450961,0.837031,-1.173627,-1.062928,0.844433,-3.285019,3.285019,3.000000,1.357529,-0.003915,0.003110,-0.000214,-0.000240,-0.000877,0.328050,0.004694,0.531234,0.298288,0.020117,0.461321,-0.069840,-1.250997
15.520000,0.521608,0.832236,-1.199330,-0.992281,0.839638,-3.310722,3.310722,3.000000,1.299852,-0.003817,0.003230,-0.000093,0.000117,0.000652,0.328050,0.004695,0.531236,0.298246,0.020152,0.461321,-0.069840,-1.264006
15.531000,0.550350,0.889488,-1.197219,-0.963539,0.896890,-3.308612,3.308612,3.000000,1.316366,-0.003660,0.003407,0.000108,-0.000018,0.000152,0.328050,0.004694,0.531235,0.298205,0.020188,0.461321,-0.069840,-1.259739
15.542000,0.490287,0.924875,-1.176932,-1.023602,0.932277,-3.288324,3.288324,3.000000,1.384523,-0.003697,0.003367,-0.000032,-0.000217,0.001009,0.328050,0.004693,0.531238,0.298164,0.020225,0.461321,-0.069840,-1.267058
15.553000,0.483232,0.861963,-1.178868,-1.030657,0.869365,-3.290260,3.290260,3.000000,1.348351,-0.003822,0.003224,-0.000252,0.000616,0.000009,0.328050,0.004693,0.531233,0.298123,0.020261,0.461321,-0.069840,-1.258495
15.564000,0.466022,0.897585,-1.156001,-1.047867,0.904988,-3.267393,3.267393,3.000000,1.384568,-0.003784,0.003268,0.000264,-0.000681,-0.000638,0.328051,0.004691,0.531234,0.298081,0.020298,0.461321,-0.069840,-1.253022
15.575000,0.461647,0.940066,-1.173638,-1.052242,0.947469,-3.285030,3.285030,3.000000,1.415948,-0.003716,0.003346,-0.000363,0.000262,0.000001,0.328050,0.004692,0.531234,0.298040,0.020334,0.461321,-0.069840,-1.258441
15.586000,0.518148,0.936866,-1.200168,-0.995741,0.944268,-3.311560,3.311560,3.000000,1.372276,-0.003628,0.003441,-0.000003,0.000123,0.001098,0.328050,0.004693,0.531235,0.298000,0.020371,0.461321,-0.069840,-1.267777
15.597000,0.398874,0.963460,-1.141408,-1.115015,0.970862,-3.252801,3.252801,3.000000,1.478456,-0.003771,0.003283,-0.000358,0.000665,-0.000167,0.328050,0.004694,0.531236,0.297959,0.020408,0.461321,-0.069840,-1.257048
15.608000,0.460647,0.915723,-1.170287,-1.053242,0.923125,-3.281680,3.281680,3.000000,1.400528,-0.003760,0.003296,0.000309,-0.000090,0.000726,0.328051,0.004692,0.531236,0.297917,0.020444,0.461321,-0.069840,-1.264635
15.619000,0.432194,0.927777,-1.179798,-1.081695,0.935179,-3.291190,3.291190,3.000000,1.429904,-0.003782,0.003270,-0.000065,0.000080,0.000205,0.328051,0.004693,0.531236,0.297876,0.020480,0.461321,-0.069840,-1.260208
15.630000,0.486700,0.924526,-1.174365,-1.027189,0.931928,-3.285757,3.285757,3.000000,1.386941,-0.003703,0.003360,0.000130,0.000812,-0.000366,0.328051,0.004695,0.531236,0.297835,0.020517,0.461321,-0.069840,-1.255357
15.641000,0.426678,0.895860,-1.162064,-1.087211,0.903262,-3.273456,3.273456,3.000000,1.413474,-0.003846,0.003195,-0.000069,0.000286,-0.000724,0.328051,0.004694,0.531234,0.297793,0.020553,0.461321,-0.069840,-1.252297
15.652000,0.438341,0.917985,-1.157435,-1.075548,0.925387,-3.268828,3.268828,3.000000,1.418853,-0.003790,0.003261,0.000050,0.000427,-0.000447,0.328050,0.004694,0.531237,0.297751,0.020588,0.461321,-0.069840,-1.254689
15.663000,0.456180,0.913180,-1.180050,-1.057709,0.920582,-3.291443,3.291443,3.000000,1.402220,-0.003772,0.003283,-0.000023,-0.000281,0.000652,0.328051,0.004692,0.531239,0.297709,0.020624,0.461321,-0.069840,-1.264053
15.674000,0.454137,0.883049,-1.191667,-1.059752,0.890451,-3.303059,3.303059,3.000000,1.384188,-0.003828,0.003217,-0.000061,0.000819,0.000263,0.328050,0.004695,0.531239,0.297667,0.020660,0.461321,-0.069840,-1.260745
15.685000,0.411575,0.907535,-1.187622,-1.102314,0.914937,-3.299014,3.299014,3.000000,1.432552,-0.003847,0.003193,-0.000143,-0.000059,-0.001126,0.328050,0.004694,0.531235,0.297625,0.020695,0.461321,-0.069840,-1.248895
15.696000,0.443027,0.941092,-1.194699,-1.070862,0.948494,-3.306091,3.306091,3.000000,1.430519,-0.003743,0.003315,-0.000172,-0.000545,0.000782,0.328050,0.004691,0.531241,0.297583,0.020730,0.461321,-0.069840,-1.265196
15.707000,0.473136,0.925733,-1.217530,-1.040753,0.933135,-3.328922,3.328922,3.000000,1.397822,-0.003723,0.003338,0.000073,-0.000321,-0.000479,0.328051,0.004690,0.531234,0.297542,0.020767,0.461321,-0.069840,-1.254371
15.718000,0.421237,0.902544,-1.175889,-1.092652,0.909946,-3.287281,3.287281,3.000000,1.421932,-0.003842,0.003200,-0.000144,0.000949,-0.000900,0.328050,0.004690,0.531234,0.297501,0.020803,0.461321,-0.069840,-1.250790
15.729000,0.399507,0.922175,-1.152471,-1.114382,0.929577,-3.263864,3.263864,3.000000,1.451192,-0.003840,0.003203,0.000059,-0.000210,-0.000778,0.328051,0.004690,0.531235,0.297458,0.020838,0.461321,-0.069840,-1.251852
15.740000,0.380863,0.970339,-1.191079,-1.133026,0.977741,-3.302471,3.302471,3.000000,1.496571,-0.003785,0.003267,0.000343,0.000445,-0.000414,0.328052,0.004690,0.531234,0.297416,0.020873,0.461321,-0.069840,-1.254919
15.751000,0.341909,0.955876,-1.191110,-1.171979,0.963278,-3.302502,3.302502,3.000000,1.517050,-0.003863,0.003175,0.000353,-0.000636,-0.000132,0.328051,0.004686,0.531233,0.297374,0.020909,0.461321,-0.069840,-1.257299
15.762000,0.440577,0.942687,-1.183476,-1.073312,0.950089,-3.294868,3.294868,3.000000,1.433411,-0.003744,0.003314,0.000090,-0.000538,0.000218,0.328051,0.004686,0.531237,0.297332,0.020944,0.461321,-0.069840,-1.260327
15.773000,0.438732,0.944810,-1.175049,-1.075157,0.952212,-3.286441,3.286441,3.000000,1.436200,-0.003743,0.003315,-0.000050,-0.000832,-0.000006,0.328051,0.004686,0.531234,0.297291,0.020981,0.461321,-0.069840,-1.258388
15.784000,0.434741,0.888287,-1.158404,-1.079148,0.895689,-3.269796,3.269796,3.000000,1.402433,-0.003847,0.003193,0.000099,0.000213,0.000736,0.328051,0.004690,0.531236,0.297249,0.021016,0.461321,-0.069840,-1.264712
15.795000,0.475219,0.872410,-1.161349,-1.038670,0.879812,-3.272741,3.272741,3.000000,1.361214,-0.003815,0.003232,-0.000080,-0.000000,0.000498,0.328050,0.004688,0.531236,0.297207,0.021052,0.461321,-0.069840,-1.262695
