time,raw_fx,raw_fy,raw_fz,corrected_fx,corrected_fy,corrected_fz,contact_force,target_force,force_xy_norm,v_des_x,v_des_y,v_x,v_y,z_dot,x,y,z,x_d,y_d,z_d,z_offset,f_z
0.000000,0.149726,0.352919,-0.218829,-0.112352,0.322616,-1.560917,1.560917,3.000000,0.341620,0.000000,0.000000,-0.000214,-0.000440,-0.000638,0.262826,0.001565,0.404250,0.262814,0.001572,0.404212,0.000000,0.004732
0.010000,0.131059,0.358824,-0.201692,-0.131019,0.328521,-1.543780,1.543780,3.000000,0.353683,0.000000,0.000000,0.000142,-0.000435,0.000566,0.262826,0.001562,0.404251,0.262814,0.001572,0.404012,-0.000200,-0.009096
0.020000,0.183843,0.371355,-0.279675,-0.078234,0.341052,-1.621763,1.621763,3.000000,0.349910,0.000000,0.000000,-0.000081,-0.000831,-0.000282,0.262826,0.001557,0.404249,0.262814,0.001572,0.403812,-0.000400,-0.005468
0.030000,0.172000,0.356032,-0.266454,-0.090078,0.325728,-1.608543,1.608543,3.000000,0.337954,0.000000,0.000000,0.000256,-0.001411,-0.000190,0.262827,0.001545,0.404250,0.262814,0.001572,0.403612,-0.000600,-0.009857
0.040000,0.192035,0.366859,-0.299489,-0.070043,0.336556,-1.641578,1.641578,3.000000,0.343767,0.000000,0.000000,0.000158,-0.001756,0.000368,0.262827,0.001528,0.404250,0.262814,0.001572,0.403412,-0.000800,-0.018204
0.050000,0.168734,0.345621,-0.295575,-0.093343,0.315317,-1.637664,1.637664,3.000000,0.328843,0.000000,0.000000,-0.000227,-0.001418,0.000276,0.262825,0.001516,0.404250,0.262814,0.001572,0.403212,-0.001000,-0.021021
0.060000,0.207554,0.333055,-0.302311,-0.054523,0.302752,-1.644399,1.644399,3.000000,0.307622,0.000000,0.000000,0.000156,-0.000917,0.000530,0.262825,0.001506,0.404248,0.262814,0.001572,0.403012,-0.001200,-0.026741
0.070000,0.275294,0.277422,-0.319962,0.013216,0.247119,-1.662050,1.662050,3.000000,0.247472,0.000000,0.000000,0.000056,-0.000994,0.000318,0.262824,0.001498,0.404247,0.262814,0.001572,0.402812,-0.001400,-0.028517
0.080000,0.322898,0.270112,-0.268220,0.060820,0.239809,-1.610309,1.610309,3.000000,0.247402,0.000000,0.000000,-0.000052,-0.000251,-0.000079,0.262823,0.001496,0.404244,0.262814,0.001572,0.402612,-0.001600,-0.028698
0.090000,0.336362,0.233448,-0.215736,0.074285,0.203145,-1.557825,1.557825,3.000000,0.216301,0.000000,0.000000,0.000257,-0.000839,0.000547,0.262822,0.001492,0.404243,0.262814,0.001572,0.402412,-0.001800,-0.037586
0.100000,0.395599,0.211683,-0.197283,0.133522,0.181380,-1.539371,1.539371,3.000000,0.225226,0.000000,0.000000,-0.000222,-0.000069,-0.000135,0.262821,0.001493,0.404241,0.262814,0.001572,0.402212,-0.002000,-0.035378
0.110000,0.405160,0.235270,-0.113147,0.143083,0.204967,-1.455235,1.455235,3.000000,0.249969,0.000000,0.000000,0.000115,-0.000015,-0.000137,0.262821,0.001492,0.404238,0.262814,0.001572,0.402012,-0.002200,-0.038911
0.120000,0.444380,0.180127,-0.055790,0.182303,0.149823,-1.397878,1.397878,3.000000,0.235969,0.000000,0.000000,-0.000079,0.000093,-0.000258,0.262821,0.001493,0.404241,0.262814,0.001572,0.401812,-0.002400,-0.041531
0.131000,0.577624,0.172527,0.006473,0.315546,0.142224,-1.335616,1.335616,3.000000,0.346117,0.000000,0.000000,-0.000284,-0.000174,-0.000610,0.262821,0.001491,0.404239,0.262814,0.001572,0.401592,-0.002620,-0.042469
0.141000,0.545725,0.160812,0.040201,0.283647,0.130509,-1.301888,1.301888,3.000000,0.312231,0.000000,0.000000,-0.000175,-0.000141,-0.000726,0.262820,0.001491,0.404238,0.262814,0.001572,0.401392,-0.002820,-0.045061
0.151000,0.528103,0.179791,0.079707,0.266025,0.149488,-1.262382,1.262382,3.000000,0.305149,0.000000,0.000000,-0.000182,-0.000174,-0.000051,0.262820,0.001492,0.404238,0.262814,0.001572,0.401192,-0.003020,-0.054393
0.161000,0.660597,0.153629,0.072756,0.398520,0.123325,-1.269332,1.269332,3.000000,0.417166,0.000000,0.000000,0.000062,-0.000071,-0.000678,0.262820,0.001491,0.404236,0.262814,0.001572,0.400992,-0.003220,-0.052636
0.171000,0.657913,0.138876,0.127937,0.395835,0.108573,-1.214151,1.214151,3.000000,0.410455,0.000000,0.000000,0.000018,-0.000325,-0.000195,0.262820,0.001490,0.404236,0.262814,0.001572,0.400792,-0.003420,-0.060340
0.181000,0.674333,0.131878,0.188237,0.412256,0.101575,-1.153852,1.153852,3.000000,0.424585,0.000000,0.000000,0.000050,0.000073,0.000187,0.262820,0.001491,0.404236,0.262814,0.001572,0.400592,-0.003620,-0.067175
0.191000,0.658691,0.168343,0.252477,0.396613,0.138040,-1.089612,1.089612,3.000000,0.419949,0.000000,0.000000,0.000076,-0.000271,0.000070,0.262819,0.001489,0.404233,0.262814,0.001572,0.400392,-0.003820,-0.069734
0.201000,0.675062,0.146392,0.299337,0.412984,0.116088,-1.042751,1.042751,3.000000,0.428990,0.000000,0.000000,0.000063,-0.000109,0.000175,0.262819,0.001489,0.404234,0.262814,0.001572,0.400192,-0.004020,-0.074237
0.211000,0.727606,0.147437,0.374141,0.465529,0.117134,-0.967948,0.967948,3.000000,0.480039,0.000000,0.000000,-0.000192,0.000973,0.000025,0.262818,0.001492,0.404230,0.262814,0.001572,0.400092,-0.004120,-0.074693
0.221000,0.746315,0.149929,0.412256,0.484237,0.119625,-0.929832,0.929832,3.000000,0.498794,0.000000,0.000000,-0.000232,0.000052,0.000390,0.262818,0.001489,0.404230,0.262814,0.001572,0.400092,-0.004120,-0.077795
0.231000,0.749868,0.169441,0.461222,0.487790,0.139137,-0.880866,0.880866,3.000000,0.507246,0.000000,0.000000,0.000106,-0.000220,0.000051,0.262818,0.001489,0.404231,0.262814,0.001572,0.400092,-0.004120,-0.074932
0.241000,0.757110,0.182775,0.500168,0.495032,0.152471,-0.841921,0.841921,3.000000,0.517981,0.000000,0.000000,-0.000087,-0.000421,-0.000397,0.262818,0.001488,0.404230,0.262814,0.001572,0.400092,-0.004120,-0.071112
0.252000,0.753475,0.134598,0.526689,0.491398,0.104295,-0.815399,0.815399,3.000000,0.502344,0.000000,0.000000,0.000056,0.000554,0.000606,0.262818,0.001490,0.404232,0.262814,0.001572,0.400092,-0.004120,-0.079654
0.262000,0.792747,0.170928,0.514554,0.530669,0.140625,-0.827535,0.827535,3.000000,0.548986,0.000000,0.000000,0.000159,0.000034,-0.000019,0.262819,0.001488,0.404232,0.262814,0.001572,0.400092,-0.004120,-0.074358
0.272000,0.811257,0.179252,0.531005,0.549180,0.148949,-0.811083,0.811083,3.000000,0.569020,0.000000,0.000000,-0.000156,0.000018,-0.000351,0.262818,0.001488,0.404233,0.262814,0.001572,0.400092,-0.004120,-0.071550
0.282000,0.820189,0.185084,0.517386,0.558112,0.154780,-0.824703,0.824703,3.000000,0.579177,0.000000,0.000000,0.000324,0.000048,0.000838,0.262819,0.001489,0.404235,0.262814,0.001572,0.400092,-0.004120,-0.081678
0.292000,0.807491,0.147859,0.469374,0.545413,0.117556,-0.872714,0.872714,3.000000,0.557938,0.000000,0.000000,0.000142,-0.000288,0.001061,0.262819,0.001489,0.404235,0.262814,0.001572,0.400092,-0.004120,-0.083573
0.302000,0.837859,0.158574,0.459513,0.575782,0.128271,-0.882575,0.882575,3.000000,0.589897,0.000000,0.000000,0.000023,-0.000486,0.000128,0.262819,0.001487,0.404235,0.262814,0.001572,0.400092,-0.004120,-0.075655
0.312000,0.783943,0.152560,0.429994,0.521866,0.122257,-0.912094,0.912094,3.000000,0.535995,0.000000,0.000000,0.000030,-0.000072,0.000281,0.262819,0.001487,0.404235,0.262814,0.001572,0.400092,-0.004120,-0.076947
0.322000,0.730304,0.161258,0.422809,0.468226,0.130955,-0.919280,0.919280,3.000000,0.486194,0.000000,0.000000,-0.000463,-0.000272,-0.000347,0.262820,0.001486,0.404236,0.262814,0.001572,0.400092,-0.004120,-0.071641
0.332000,0.683678,0.168818,0.384251,0.421600,0.138515,-0.957838,0.957838,3.000000,0.443772,0.000000,0.000000,0.000020,-0.000023,0.000379,0.262823,0.001486,0.404241,0.262814,0.001572,0.400092,-0.004120,-0.077893
0.342000,0.645187,0.210804,0.340714,0.383109,0.180500,-1.001374,1.001374,3.000000,0.423501,0.000000,0.000000,0.000505,0.000147,0.000919,0.262825,0.001486,0.404244,0.262814,0.001572,0.400072,-0.004140,-0.082884
0.352000,0.566638,0.191518,0.280410,0.304560,0.161215,-1.061679,1.061679,3.000000,0.344597,0.000000,0.000000,0.000210,-0.000284,-0.000029,0.262825,0.001484,0.404244,0.262814,0.001572,0.399872,-0.004340,-0.078451
0.362000,0.486811,0.207090,0.244093,0.224734,0.176787,-1.097996,1.097996,3.000000,0.285935,0.000000,0.000000,0.000092,0.000137,0.000483,0.262827,0.001483,0.404249,0.262814,0.001572,0.399672,-0.004540,-0.086483
0.372000,0.426324,0.220076,0.175847,0.164247,0.189772,-1.166241,1.166241,3.000000,0.250979,0.000000,0.000000,0.000296,0.000297,0.000284,0.262828,0.001483,0.404248,0.262814,0.001572,0.399472,-0.004740,-0.088380
0.382000,0.385449,0.218885,0.115437,0.123371,0.188582,-1.226651,1.226651,3.000000,0.225352,0.000000,0.000000,-0.000097,-0.000732,-0.000612,0.262829,0.001478,0.404248,0.262814,0.001572,0.399272,-0.004940,-0.084374
0.392000,0.392290,0.256727,0.037125,0.130213,0.226424,-1.304964,1.304964,3.000000,0.261196,0.000000,0.000000,-0.000059,-0.000408,0.000165,0.262831,0.001478,0.404250,0.262814,0.001572,0.399072,-0.005140,-0.094597
0.402000,0.428654,0.261035,-0.038290,0.166576,0.230732,-1.380378,1.380378,3.000000,0.284579,0.000000,0.000000,0.000148,-0.000062,-0.000108,0.262834,0.001476,0.404252,0.262814,0.001572,0.398872,-0.005340,-0.095930
0.412000,0.327002,0.285333,-0.059192,0.064924,0.255030,-1.401280,1.401280,3.000000,0.263164,0.000000,0.000000,0.000051,-0.000721,-0.000238,0.262836,0.001473,0.404253,0.262814,0.001572,0.398672,-0.005540,-0.098428
0.422000,0.273409,0.328344,-0.066935,0.011332,0.298041,-1.409024,1.409024,3.000000,0.298256,0.000000,0.000000,-0.000137,-0.000219,0.000086,0.262837,0.001472,0.404255,0.262814,0.001572,0.398472,-0.005740,-0.104820
0.432000,0.339198,0.312100,-0.112819,0.077121,0.281797,-1.454907,1.454907,3.000000,0.292159,0.000000,0.000000,0.000141,0.000142,-0.000016,0.262839,0.001471,0.404254,0.262814,0.001572,0.398272,-0.005940,-0.107532
0.442000,0.255890,0.328994,-0.131090,-0.006188,0.298691,-1.473178,1.473178,3.000000,0.298755,0.000000,0.000000,0.000585,-0.000390,-0.000174,0.262844,0.001468,0.404255,0.262814,0.001572,0.398072,-0.006140,-0.109817
0.452000,0.215902,0.339528,-0.130773,-0.046176,0.309224,-1.472862,1.472862,3.000000,0.312653,0.000000,0.000000,0.001440,-0.000165,0.000682,0.262856,0.001464,0.404262,0.262814,0.001572,0.397872,-0.006340,-0.120803
0.462000,0.248900,0.339423,-0.180397,-0.013177,0.309119,-1.522485,1.522485,3.000000,0.309400,0.000000,0.000000,0.001943,-0.000316,0.001340,0.262880,0.001460,0.404273,0.262814,0.001572,0.397672,-0.006540,-0.130186
0.472000,0.311777,0.330139,-0.230751,0.049700,0.299836,-1.572840,1.572840,3.000000,0.303927,0.000000,0.000000,0.001225,-0.000086,0.001366,0.262894,0.001457,0.404283,0.262814,0.001572,0.397472,-0.006740,-0.134187
0.482000,0.333013,0.326536,-0.256327,0.070936,0.296233,-1.598415,1.598415,3.000000,0.304608,0.000000,0.000000,0.001010,-0.000502,0.001499,0.262903,0.001455,0.404290,0.262814,0.001572,0.397272,-0.006940,-0.139028
0.492000,0.275699,0.333657,-0.293307,0.013622,0.303354,-1.635395,1.635395,3.000000,0.303660,0.000000,0.000000,0.000539,-0.000509,-0.000309,0.262908,0.001454,0.404289,0.262814,0.001572,0.397072,-0.007140,-0.127278
0.503000,0.231635,0.304801,-0.302573,-0.030443,0.274498,-1.644661,1.644661,3.000000,0.276181,0.000000,0.000000,0.000275,0.000074,0.000342,0.262910,0.001454,0.404291,0.262814,0.001572,0.396852,-0.007360,-0.136808
0.513000,0.304319,0.261702,-0.305383,0.042241,0.231399,-1.647471,1.647471,3.000000,0.235223,0.000000,0.000000,0.000127,0.000104,-0.000359,0.262910,0.001454,0.404288,0.262814,0.001572,0.396652,-0.007560,-0.134393
0.523000,0.338109,0.270285,-0.364358,0.076032,0.239981,-1.706447,1.706447,3.000000,0.251738,0.000000,0.000000,0.000267,-0.000395,0.000340,0.262912,0.001453,0.404293,0.262814,0.001572,0.396452,-0.007760,-0.144019
0.533000,0.305327,0.232737,-0.367989,0.043250,0.202434,-1.710077,1.710077,3.000000,0.207003,0.000000,0.000000,0.000161,0.000012,-0.000234,0.262914,0.001453,0.404294,0.262814,0.001572,0.396252,-0.007960,-0.142763
0.543000,0.275530,0.259642,-0.389573,0.013452,0.229339,-1.731661,1.731661,3.000000,0.229733,0.000000,0.000000,0.000165,-0.000194,0.000024,0.262915,0.001453,0.404296,0.262814,0.001572,0.396052,-0.008160,-0.148585
0.553000,0.199062,0.255261,-0.395598,-0.063016,0.224958,-1.737687,1.737687,3.000000,0.233617,0.000000,0.000000,-0.000019,-0.000399,-0.000637,0.262915,0.001452,0.404294,0.262814,0.001572,0.395852,-0.008360,-0.146541
0.563000,0.167033,0.251309,-0.351853,-0.095044,0.221006,-1.693942,1.693942,3.000000,0.240577,0.000000,0.000000,-0.000169,-0.000400,-0.000331,0.262916,0.001452,0.404294,0.262814,0.001572,0.395652,-0.008560,-0.152736
0.573000,0.305674,0.206990,-0.452730,0.043596,0.176686,-1.794818,1.794818,3.000000,0.181985,0.000000,0.000000,-0.000037,-0.000226,-0.000419,0.262917,0.001452,0.404295,0.262814,0.001572,0.395452,-0.008760,-0.155615
0.583000,0.251041,0.220084,-0.485127,-0.011036,0.189781,-1.827216,1.827216,3.000000,0.190102,0.000000,0.000000,-0.000045,0.000273,0.000132,0.262919,0.001452,0.404298,0.262814,0.001572,0.395252,-0.008960,-0.163938
0.593000,0.207054,0.236476,-0.456899,-0.055024,0.206173,-1.798987,1.798987,3.000000,0.213389,0.000000,0.000000,0.000022,-0.000161,-0.000163,0.262919,0.001450,0.404299,0.262814,0.001572,0.395052,-0.009160,-0.165053
0.603000,0.199041,0.217455,-0.448641,-0.063037,0.187152,-1.790730,1.790730,3.000000,0.197483,0.000000,0.000000,-0.000222,-0.000030,0.000075,0.262919,0.001450,0.404297,0.262814,0.001572,0.394852,-0.009360,-0.170642
0.613000,0.200505,0.218336,-0.462743,-0.061573,0.188032,-1.804832,1.804832,3.000000,0.197857,0.000000,0.000000,0.000364,0.000628,0.000707,0.262921,0.001451,0.404299,0.262814,0.001572,0.394652,-0.009560,-0.179642
0.623000,0.257361,0.222189,-0.509120,-0.004717,0.191886,-1.851208,1.851208,3.000000,0.191944,0.000000,0.000000,0.000198,0.000361,0.000525,0.262921,0.001450,0.404302,0.262814,0.001572,0.394452,-0.009760,-0.181742
0.633000,0.289115,0.196005,-0.511266,0.027038,0.165702,-1.853355,1.853355,3.000000,0.167893,0.000000,0.000000,0.000366,-0.000061,0.001199,0.262923,0.001448,0.404306,0.262814,0.001572,0.394252,-0.009960,-0.191142
0.643000,0.307724,0.216433,-0.588587,0.045646,0.186129,-1.930675,1.930675,3.000000,0.191645,0.000000,0.000000,0.000160,-0.000584,0.000404,0.262924,0.001445,0.404306,0.262814,0.001572,0.394052,-0.010160,-0.187999
0.653000,0.267601,0.242262,-0.615419,0.005523,0.211959,-1.957508,1.957508,3.000000,0.212031,0.000000,0.000000,0.000369,-0.000852,0.000795,0.262926,0.001444,0.404308,0.262814,0.001572,0.393852,-0.010360,-0.194945
0.663000,0.228783,0.280064,-0.607090,-0.033294,0.249761,-1.949179,1.949179,3.000000,0.251970,0.000000,0.000000,0.000481,-0.000041,0.001217,0.262928,0.001445,0.404309,0.262814,0.001572,0.393652,-0.010560,-0.202150
0.673000,0.220801,0.283169,-0.619561,-0.041276,0.252865,-1.961650,1.961650,3.000000,0.256212,0.000000,0.000000,-0.000266,0.000298,-0.001127,0.262928,0.001443,0.404307,0.262814,0.001572,0.393452,-0.010760,-0.185816
0.683000,0.117940,0.297250,-0.597671,-0.144138,0.266947,-1.939760,1.939760,3.000000,0.303375,0.000000,0.000000,0.000399,-0.000625,0.000133,0.262931,0.001440,0.404312,0.262814,0.001572,0.393252,-0.010960,-0.200206
0.693000,0.089467,0.255405,-0.677007,-0.172610,0.225102,-2.019096,2.019096,3.000000,0.283663,0.000000,0.000000,0.000350,-0.000034,0.000852,0.262932,0.001439,0.404314,0.262814,0.001572,0.393112,-0.011100,-0.208866
0.703000,0.045023,0.275499,-0.721607,-0.217055,0.245195,-2.063696,2.063696,3.000000,0.327465,0.000000,0.000000,0.000113,-0.000035,0.000538,0.262932,0.001438,0.404313,0.262814,0.001572,0.393112,-0.011100,-0.206185
0.713000,0.032787,0.274741,-0.742208,-0.229291,0.244438,-2.084297,2.084297,3.000000,0.335148,0.000000,0.000000,0.000010,0.000061,0.000276,0.262934,0.001436,0.404317,0.262814,0.001572,0.393112,-0.011100,-0.204025
0.723000,-0.014246,0.299131,-0.779044,-0.276323,0.268828,-2.121133,2.121133,3.000000,0.385517,0.000000,0.000000,0.000612,0.000034,0.001433,0.262935,0.001434,0.404321,0.262814,0.001572,0.393112,-0.011100,-0.213911
0.733000,0.027799,0.303360,-0.866879,-0.234278,0.273056,-2.208968,2.208968,3.000000,0.359786,0.000000,0.000000,0.000119,-0.000357,0.000754,0.262935,0.001429,0.404325,0.262814,0.001572,0.393112,-0.011100,-0.208237
0.743000,0.110876,0.269548,-0.925034,-0.151201,0.239244,-2.267122,2.267122,3.000000,0.283019,0.000000,0.000000,0.000369,0.000164,0.001214,0.262937,0.001429,0.404328,0.262814,0.001572,0.393112,-0.011100,-0.212185
0.753000,0.103205,0.273996,-0.958926,-0.158872,0.243693,-2.301015,2.301015,3.000000,0.290907,0.000000,0.000000,0.000321,-0.000039,0.001032,0.262937,0.001426,0.404332,0.262814,0.001572,0.393112,-0.011100,-0.210706
0.763000,0.123510,0.295565,-1.024040,-0.138568,0.265262,-2.366128,2.366128,3.000000,0.299274,0.000000,0.000000,0.000438,-0.000166,0.001039,0.262939,0.001423,0.404337,0.262814,0.001572,0.393112,-0.011100,-0.210866
0.773000,0.099161,0.295855,-1.053907,-0.162917,0.265551,-2.395995,2.395995,3.000000,0.311544,0.000000,0.000000,0.000423,-0.000353,0.001121,0.262942,0.001418,0.404343,0.262814,0.001572,0.393112,-0.011100,-0.211657
0.783000,0.123426,0.326742,-1.072554,-0.138651,0.296439,-2.414643,2.414643,3.000000,0.327262,0.000000,0.000000,0.000533,-0.000962,0.000793,0.262945,0.001414,0.404345,0.262814,0.001572,0.393112,-0.011100,-0.208921
0.793000,0.114054,0.350806,-1.081402,-0.148024,0.320502,-2.423490,2.423490,3.000000,0.353034,0.000000,0.000000,0.000373,-0.000416,0.000407,0.262947,0.001412,0.404348,0.262814,0.001572,0.393112,-0.011100,-0.205704
0.803000,0.120340,0.335792,-1.064701,-0.141737,0.305489,-2.406790,2.406790,3.000000,0.336769,0.000000,0.000000,0.000549,-0.000361,0.000720,0.262951,0.001407,0.404355,0.262814,0.001572,0.393112,-0.011100,-0.208470
0.813000,0.183996,0.330884,-1.088471,-0.078081,0.300581,-2.430560,2.430560,3.000000,0.310557,0.000000,0.000000,0.000847,-0.000758,0.001246,0.262959,0.001401,0.404366,0.262814,0.001572,0.393112,-0.011100,-0.213149
0.823000,0.250297,0.315415,-1.067048,-0.011780,0.285112,-2.409137,2.409137,3.000000,0.285355,0.000000,0.000000,0.003493,-0.000683,0.002539,0.262985,0.001393,0.404390,0.262814,0.001572,0.393112,-0.011100,-0.224530
0.833000,0.327748,0.339151,-1.037917,0.065671,0.308848,-2.380006,2.380006,3.000000,0.315752,0.000000,0.000000,0.004008,-0.001272,0.003116,0.263028,0.001382,0.404421,0.262814,0.001572,0.393112,-0.011100,-0.230001
0.843000,0.361233,0.343051,-1.080481,0.099156,0.312748,-2.422569,2.422569,3.000000,0.328090,0.000000,0.000000,0.003415,-0.000544,0.003340,0.263064,0.001374,0.404460,0.262814,0.001572,0.393112,-0.011100,-0.232592
0.853000,0.281422,0.341748,-1.115456,0.019345,0.311445,-2.457545,2.457545,3.000000,0.312045,0.000000,0.000000,0.003318,-0.001153,0.002566,0.263099,0.001366,0.404493,0.262814,0.001572,0.393112,-0.011100,-0.226620
0.863000,0.287627,0.342981,-1.139182,0.025550,0.312678,-2.481270,2.481270,3.000000,0.313720,0.000000,0.000000,0.003197,-0.000488,0.002985,0.263131,0.001361,0.404528,0.262814,0.001572,0.393112,-0.011100,-0.230813
0.873000,0.359234,0.306866,-1.179303,0.097156,0.276563,-2.521392,2.521392,3.000000,0.293132,0.000000,0.000000,0.002819,-0.000323,0.003277,0.263162,0.001358,0.404562,0.262814,0.001572,0.393112,-0.011100,-0.233905
0.883000,0.362205,0.291686,-1.184972,0.100128,0.261382,-2.527061,2.527061,3.000000,0.279904,0.000000,0.000000,0.002017,0.000140,0.002509,0.263187,0.001358,0.404595,0.262814,0.001572,0.393112,-0.011100,-0.227969
0.893000,0.467326,0.263685,-1.181903,0.205248,0.233381,-2.523991,2.523991,3.000000,0.310795,0.000000,0.000000,0.002461,0.000189,0.004178,0.263211,0.001355,0.404633,0.262814,0.001572,0.393112,-0.011100,-0.242823
0.903000,0.483595,0.276486,-1.214685,0.221518,0.246183,-2.556774,2.556774,3.000000,0.331174,0.000000,0.000000,0.002053,-0.000020,0.004740,0.263229,0.001354,0.404665,0.262814,0.001572,0.393112,-0.011100,-0.248177
0.913000,0.524273,0.256110,-1.196328,0.262196,0.225807,-2.538416,2.538416,3.000000,0.346028,0.000000,0.000000,0.001229,0.000395,0.002160,0.263243,0.001356,0.404691,0.262814,0.001572,0.393112,-0.011100,-0.226754
0.923000,0.570347,0.245094,-1.198350,0.308269,0.214791,-2.540438,2.540438,3.000000,0.375719,0.000000,0.000000,0.001158,0.000443,0.002404,0.263257,0.001356,0.404722,0.262814,0.001572,0.393112,-0.011100,-0.229379
0.933000,0.517064,0.220799,-1.185845,0.254986,0.190495,-2.527934,2.527934,3.000000,0.318287,0.000000,0.000000,0.001381,0.000268,0.003574,0.263271,0.001355,0.404756,0.262814,0.001572,0.393112,-0.011100,-0.239904
0.943000,0.566836,0.194078,-1.197936,0.304759,0.163775,-2.540024,2.540024,3.000000,0.345977,0.000000,0.000000,0.001097,-0.000030,0.002789,0.263285,0.001356,0.404787,0.262814,0.001572,0.393112,-0.011100,-0.233805
0.953000,0.464519,0.251520,-1.208818,0.202442,0.221217,-2.550907,2.550907,3.000000,0.299866,0.000000,0.000000,0.001453,-0.000100,0.003552,0.263299,0.001356,0.404821,0.262814,0.001572,0.393112,-0.011100,-0.240904
0.963000,0.485342,0.256491,-1.246435,0.223265,0.226188,-2.588523,2.588523,3.000000,0.317818,0.000000,0.000000,0.002193,-0.000330,0.004907,0.263316,0.001355,0.404861,0.262814,0.001572,0.393112,-0.011100,-0.253120
0.973000,0.434266,0.241378,-1.286536,0.172188,0.211075,-2.628624,2.628624,3.000000,0.272400,0.000000,0.000000,0.001533,0.000141,0.004719,0.263332,0.001356,0.404904,0.262814,0.001572,0.393112,-0.011100,-0.252287
0.983000,0.369320,0.243740,-1.297203,0.107243,0.213437,-2.639292,2.639292,3.000000,0.238865,0.000000,0.000000,0.001945,-0.000173,0.004916,0.263352,0.001357,0.404952,0.262814,0.001572,0.393112,-0.011100,-0.254824
0.993000,0.431565,0.216320,-1.369689,0.169488,0.186017,-2.711777,2.711777,3.000000,0.251651,0.000000,0.000000,0.001825,0.000503,0.004751,0.263371,0.001357,0.405004,0.262814,0.001572,0.393112,-0.011100,-0.254370
1.004000,0.477991,0.249931,-1.356401,0.215914,0.219628,-2.698489,2.698489,3.000000,0.307986,0.000000,0.000000,0.002334,0.000158,0.006192,0.263397,0.001358,0.405071,0.262814,0.001572,0.393112,-0.011100,-0.267795
1.015000,0.494008,0.255683,-1.386692,0.231930,0.225380,-2.728780,2.728780,3.000000,0.323400,0.000000,0.000000,0.002643,0.000974,0.007217,0.263424,0.001361,0.405146,0.262814,0.001572,0.393112,-0.011100,-0.277844
1.026000,0.506951,0.272498,-1.317619,0.244874,0.242195,-2.659707,2.659707,3.000000,0.344414,0.000000,0.000000,0.002518,0.000476,0.007148,0.263452,0.001360,0.405223,0.262814,0.001572,0.393112,-0.011100,-0.278654
1.037000,0.507275,0.270861,-1.293026,0.245198,0.240558,-2.635114,2.635114,3.000000,0.343497,0.000000,0.000000,0.002882,0.000321,0.007458,0.263484,0.001361,0.405307,0.262814,0.001572,0.393112,-0.011100,-0.282789
1.048000,0.457338,0.266643,-1.281449,0.195260,0.236339,-2.623537,2.623537,3.000000,0.306566,0.000000,0.000000,0.003063,-0.000088,0.008810,0.263516,0.001361,0.405396,0.262814,0.001572,0.393112,-0.011100,-0.295857
1.059000,0.527227,0.282422,-1.289402,0.265149,0.252119,-2.631490,2.631490,3.000000,0.365880,0.000000,0.000000,0.002861,0.000252,0.008241,0.263549,0.001362,0.405485,0.262814,0.001572,0.393112,-0.011100,-0.292633
1.070000,0.489305,0.300113,-1.295267,0.227228,0.269810,-2.637355,2.637355,3.000000,0.352746,0.000000,0.000000,0.003400,0.000089,0.009187,0.263585,0.001363,0.405583,0.262814,0.001572,0.393112,-0.011100,-0.302435
1.081000,0.442270,0.325522,-1.274752,0.180192,0.295219,-2.616841,2.616841,3.000000,0.345866,0.000000,0.000000,0.003175,-0.000219,0.009379,0.263621,0.001365,0.405683,0.262814,0.001572,0.393112,-0.011100,-0.305859
1.092000,0.437609,0.327891,-1.292869,0.175531,0.297588,-2.634958,2.634958,3.000000,0.345499,0.000000,0.000000,0.003380,-0.000806,0.009646,0.263661,0.001364,0.405792,0.262814,0.001572,0.393112,-0.011100,-0.310086
1.103000,0.353412,0.349102,-1.300316,0.091334,0.318799,-2.642404,2.642404,3.000000,0.331624,0.000000,0.000000,0.003979,0.000219,0.010917,0.263703,0.001368,0.405905,0.262814,0.001572,0.393112,-0.011100,-0.322899
1.114000,0.406657,0.342374,-1.376887,0.144580,0.312071,-2.718976,2.718976,3.000000,0.343936,0.000000,0.000000,0.003719,0.000104,0.010330,0.263745,0.001370,0.406019,0.262814,0.001572,0.393112,-0.011100,-0.319976
1.125000,0.359631,0.320778,-1.354186,0.097553,0.290475,-2.696275,2.696275,3.000000,0.306418,0.000000,0.000000,0.003493,0.000547,0.010557,0.263788,0.001373,0.406137,0.262814,0.001572,0.393112,-0.011100,-0.324035
1.136000,0.348172,0.319263,-1.313320,0.086094,0.288960,-2.655408,2.655408,3.000000,0.301513,0.000000,0.000000,0.003962,-0.000625,0.010421,0.263831,0.001374,0.406256,0.262814,0.001572,0.393112,-0.011100,-0.325013
1.147000,0.408575,0.315501,-1.277971,0.146497,0.285198,-2.620059,2.620059,3.000000,0.320623,0.000000,0.000000,0.003804,0.000614,0.011086,0.263874,0.001381,0.406377,0.262814,0.001572,0.393112,-0.011100,-0.332835
1.158000,0.417668,0.305429,-1.261029,0.155591,0.275126,-2.603118,2.603118,3.000000,0.316074,0.000000,0.000000,0.003828,0.000415,0.011590,0.263915,0.001383,0.406496,0.262814,0.001572,0.393112,-0.011100,-0.339248
1.169000,0.475913,0.274685,-1.249802,0.213835,0.244382,-2.591891,2.591891,3.000000,0.324728,0.000000,0.000000,0.003522,0.000445,0.010185,0.263956,0.001387,0.406610,0.262814,0.001572,0.393112,-0.011100,-0.329372
1.180000,0.451569,0.281457,-1.165568,0.189491,0.251154,-2.507656,2.507656,3.000000,0.314619,0.000000,0.000000,0.003520,0.000277,0.010714,0.263996,0.001389,0.406726,0.262814,0.001572,0.393112,-0.011100,-0.335966
1.191000,0.501677,0.289075,-1.147282,0.239599,0.258771,-2.489371,2.489371,3.000000,0.352662,0.000000,0.000000,0.003662,0.000134,0.010299,0.264038,0.001392,0.406843,0.262814,0.001572,0.393112,-0.011100,-0.334543
1.202000,0.503243,0.287031,-1.150279,0.241165,0.256728,-2.492367,2.492367,3.000000,0.352236,0.000000,0.000000,0.004306,0.000082,0.011977,0.264080,0.001395,0.406963,0.262814,0.001572,0.393112,-0.011100,-0.350944
1.213000,0.488064,0.300308,-1.092524,0.225986,0.270005,-2.434613,2.434613,3.000000,0.352097,0.000000,0.000000,0.003625,0.000095,0.009296,0.264120,0.001398,0.407076,0.262814,0.001572,0.393112,-0.011100,-0.330234
1.224000,0.526495,0.270482,-1.133378,0.264417,0.240178,-2.475467,2.475467,3.000000,0.357214,0.000000,0.000000,0.003719,0.000631,0.010959,0.264161,0.001402,0.407200,0.262814,0.001572,0.393112,-0.011100,-0.346564
1.235000,0.512903,0.311492,-1.204014,0.250825,0.281189,-2.546102,2.546102,3.000000,0.376803,0.000000,0.000000,0.003734,0.000333,0.010670,0.264204,0.001406,0.407323,0.262814,0.001572,0.393112,-0.011100,-0.346327
1.246000,0.518017,0.331917,-1.182729,0.255939,0.301614,-2.524818,2.524818,3.000000,0.395570,0.000000,0.000000,0.003581,0.000431,0.010905,0.264246,0.001409,0.407447,0.262814,0.001572,0.393112,-0.011100,-0.350548
1.257000,0.536752,0.312722,-1.151581,0.274675,0.282419,-2.493669,2.493669,3.000000,0.393963,0.000000,0.000000,0.003879,0.000648,0.010277,0.264284,0.001413,0.407557,0.262814,0.001572,0.393112,-0.011100,-0.347202
1.268000,0.550888,0.291070,-1.093725,0.288811,0.260767,-2.435814,2.435814,3.000000,0.389116,0.000000,0.000000,0.002558,0.000380,0.008072,0.264318,0.001416,0.407660,0.262814,0.001572,0.393112,-0.011100,-0.330351
1.279000,0.578939,0.292919,-1.071517,0.316861,0.262616,-2.413606,2.413606,3.000000,0.411544,0.000000,0.000000,0.002854,0.000319,0.008563,0.264352,0.001421,0.407757,0.262814,0.001572,0.393112,-0.011100,-0.336268
1.290000,0.544559,0.299285,-0.944182,0.282482,0.268982,-2.286271,2.286271,3.000000,0.390060,0.000000,0.000000,0.003010,0.000038,0.008479,0.264380,0.001424,0.407841,0.262814,0.001572,0.393112,-0.011100,-0.337065
1.301000,0.601960,0.289191,-0.944681,0.339883,0.258888,-2.286769,2.286769,3.000000,0.427251,0.000000,0.000000,0.002387,0.000033,0.007121,0.264404,0.001427,0.407913,0.262814,0.001572,0.393112,-0.011100,-0.326831
1.312000,0.682044,0.249001,-0.898796,0.419966,0.218698,-2.240885,2.240885,3.000000,0.473498,0.000000,0.000000,0.001310,-0.000038,0.005772,0.264424,0.001430,0.407975,0.262814,0.001572,0.393112,-0.011100,-0.316511
1.323000,0.679281,0.224391,-0.892789,0.417204,0.194088,-2.234878,2.234878,3.000000,0.460140,0.000000,0.000000,0.001708,0.000025,0.004714,0.264444,0.001432,0.408030,0.262814,0.001572,0.393112,-0.011100,-0.308521
1.334000,0.758445,0.211452,-0.893365,0.496367,0.181149,-2.235454,2.235454,3.000000,0.528389,0.000000,0.000000,0.001440,0.000536,0.004378,0.264460,0.001435,0.408076,0.262814,0.001572,0.393112,-0.011100,-0.306490
1.345000,0.782119,0.183387,-0.943848,0.520042,0.153084,-2.285937,2.285937,3.000000,0.542105,0.000000,0.000000,0.001621,0.000226,0.004025,0.264473,0.001435,0.408114,0.262814,0.001572,0.393112,-0.011100,-0.304191
1.356000,0.692131,0.218761,-0.905354,0.430054,0.188457,-2.247442,2.247442,3.000000,0.469534,0.000000,0.000000,0.000728,0.000230,0.001931,0.264483,0.001437,0.408144,0.262814,0.001572,0.393112,-0.011100,-0.286963
1.367000,0.653016,0.223379,-0.835960,0.390939,0.193076,-2.178048,2.178048,3.000000,0.436018,0.000000,0.000000,0.000610,0.000292,0.001739,0.264492,0.001439,0.408168,0.262814,0.001572,0.393112,-0.011100,-0.285768
1.378000,0.722749,0.187014,-0.816731,0.460672,0.156711,-2.158819,2.158819,3.000000,0.486597,0.000000,0.000000,0.000293,0.000982,0.001674,0.264496,0.001440,0.408184,0.262814,0.001572,0.393112,-0.011100,-0.285490
1.389000,0.732978,0.197991,-0.807786,0.470900,0.167687,-2.149874,2.149874,3.000000,0.499866,0.000000,0.000000,0.000166,0.000321,0.000450,0.264499,0.001439,0.408190,0.262814,0.001572,0.393112,-0.011100,-0.275228
1.400000,0.729085,0.188741,-0.784544,0.467007,0.158438,-2.126632,2.126632,3.000000,0.493151,0.000000,0.000000,-0.000003,0.000091,0.000748,0.264499,0.001439,0.408193,0.262814,0.001572,0.393112,-0.011100,-0.277806
1.411000,0.753918,0.174896,-0.741377,0.491840,0.144593,-2.083466,2.083466,3.000000,0.512654,0.000000,0.000000,-0.000032,0.000390,-0.000602,0.264499,0.001440,0.408189,0.262814,0.001572,0.393112,-0.011100,-0.266268
1.422000,0.812007,0.190029,-0.741869,0.549930,0.159726,-2.083958,2.083958,3.000000,0.572656,0.000000,0.000000,0.000167,-0.000208,-0.000137,0.264499,0.001438,0.408189,0.262814,0.001572,0.393112,-0.011100,-0.270226
1.433000,0.780466,0.185003,-0.756553,0.518389,0.154700,-2.098642,2.098642,3.000000,0.540980,0.000000,0.000000,0.000080,-0.000100,0.000519,0.264499,0.001437,0.408191,0.262814,0.001572,0.393112,-0.011100,-0.275820
1.444000,0.824377,0.199135,-0.767234,0.562300,0.168832,-2.109323,2.109323,3.000000,0.587099,0.000000,0.000000,-0.000168,-0.000093,0.000432,0.264499,0.001439,0.408191,0.262814,0.001572,0.393112,-0.011100,-0.275083
1.455000,0.860612,0.195827,-0.758203,0.598534,0.165523,-2.100291,2.100291,3.000000,0.621000,0.000000,0.000000,-0.000294,-0.000764,-0.000189,0.264499,0.001437,0.408191,0.262814,0.001572,0.393112,-0.011100,-0.269813
1.466000,0.811604,0.209878,-0.770215,0.549527,0.179575,-2.112303,2.112303,3.000000,0.578124,0.000000,0.000000,-0.000076,0.000044,-0.000220,0.264499,0.001439,0.408190,0.262814,0.001572,0.393112,-0.011100,-0.269537
1.477000,0.825702,0.187022,-0.779259,0.563624,0.156718,-2.121347,2.121347,3.000000,0.585007,0.000000,0.000000,0.000251,-0.000277,0.000746,0.264500,0.001437,0.408193,0.262814,0.001572,0.393112,-0.011100,-0.277785
1.488000,0.805396,0.193202,-0.806854,0.543318,0.162898,-2.148942,2.148942,3.000000,0.567213,0.000000,0.000000,0.000321,-0.000549,0.000572,0.264501,0.001436,0.408194,0.262814,0.001572,0.393112,-0.011100,-0.276328
1.499000,0.791202,0.214237,-0.845332,0.529124,0.183934,-2.187421,2.187421,3.000000,0.560182,0.000000,0.000000,0.000072,-0.000035,0.000315,0.264501,0.001437,0.408197,0.262814,0.001572,0.393112,-0.011100,-0.274194
1.510000,0.799214,0.197901,-0.815742,0.537136,0.167598,-2.157830,2.157830,3.000000,0.562676,0.000000,0.000000,-0.000327,0.000350,-0.000415,0.264501,0.001437,0.408197,0.262814,0.001572,0.393112,-0.011100,-0.267998
1.521000,0.792746,0.194907,-0.858565,0.530669,0.164604,-2.200653,2.200653,3.000000,0.555611,0.000000,0.000000,-0.000076,0.000415,-0.000484,0.264503,0.001438,0.408199,0.262814,0.001572,0.393112,-0.011100,-0.267460
1.532000,0.737328,0.243092,-0.884884,0.475250,0.212789,-2.226972,2.226972,3.000000,0.520713,0.000000,0.000000,0.000369,0.000074,0.000461,0.264505,0.001436,0.408206,0.262814,0.001572,0.393112,-0.011100,-0.275604
1.543000,0.703410,0.271632,-0.925583,0.441332,0.241329,-2.267671,2.267671,3.000000,0.503005,0.000000,0.000000,0.000152,-0.000088,0.000818,0.264507,0.001436,0.408211,0.262814,0.001572,0.393112,-0.011100,-0.278724
1.554000,0.699615,0.288427,-0.986348,0.437538,0.258123,-2.328437,2.328437,3.000000,0.508003,0.000000,0.000000,0.000468,0.000081,0.001382,0.264512,0.001436,0.408220,0.262814,0.001572,0.393112,-0.011100,-0.283662
1.565000,0.661386,0.272775,-1.003444,0.399308,0.242471,-2.345533,2.345533,3.000000,0.467161,0.000000,0.000000,0.000268,0.000258,0.000282,0.264513,0.001435,0.408225,0.262814,0.001572,0.393112,-0.011100,-0.274410
1.576000,0.623932,0.270754,-1.026591,0.361855,0.240451,-2.368679,2.368679,3.000000,0.434460,0.000000,0.000000,0.000191,0.000429,0.001283,0.264517,0.001434,0.408234,0.262814,0.001572,0.393112,-0.011100,-0.283069
1.587000,0.617019,0.304554,-1.039073,0.354941,0.274250,-2.381162,2.381162,3.000000,0.448549,0.000000,0.000000,0.000115,-0.000205,0.001183,0.264520,0.001434,0.408243,0.262814,0.001572,0.393112,-0.011100,-0.282396
1.598000,0.631556,0.306624,-0.985517,0.369479,0.276321,-2.327606,2.327606,3.000000,0.461376,0.000000,0.000000,-0.000122,0.000267,0.000398,0.264522,0.001435,0.408250,0.262814,0.001572,0.393112,-0.011100,-0.275862
1.609000,0.587728,0.336828,-0.959465,0.325651,0.306525,-2.301554,2.301554,3.000000,0.447220,0.000000,0.000000,0.000457,-0.000642,0.000962,0.264525,0.001433,0.408259,0.262814,0.001572,0.393112,-0.011100,-0.280796
1.620000,0.595201,0.337412,-0.963211,0.333123,0.307109,-2.305299,2.305299,3.000000,0.453086,0.000000,0.000000,0.000528,0.000179,0.001631,0.264527,0.001434,0.408265,0.262814,0.001572,0.393112,-0.011100,-0.286598
1.631000,0.658834,0.288019,-0.970989,0.396757,0.257716,-2.313078,2.313078,3.000000,0.473110,0.000000,0.000000,0.000529,-0.000217,0.000610,0.264529,0.001433,0.408270,0.262814,0.001572,0.393112,-0.011100,-0.278017
1.642000,0.643798,0.281540,-0.956342,0.381720,0.251237,-2.298431,2.298431,3.000000,0.456979,0.000000,0.000000,-0.000056,-0.000030,0.000033,0.264529,0.001433,0.408273,0.262814,0.001572,0.393112,-0.011100,-0.273177
1.653000,0.704542,0.300690,-0.979394,0.442464,0.270387,-2.321483,2.321483,3.000000,0.518540,0.000000,0.000000,0.000615,-0.000166,0.001221,0.264533,0.001433,0.408283,0.262814,0.001572,0.393112,-0.011100,-0.283428
1.664000,0.680544,0.270735,-0.970475,0.418467,0.240432,-2.312564,2.312564,3.000000,0.482620,0.000000,0.000000,0.000378,-0.000651,0.000497,0.264535,0.001432,0.408287,0.262814,0.001572,0.393112,-0.011100,-0.277358
1.675000,0.718742,0.244280,-0.998851,0.456665,0.213977,-2.340940,2.340940,3.000000,0.504310,0.000000,0.000000,0.000568,0.000422,0.000891,0.264536,0.001435,0.408292,0.262814,0.001572,0.393112,-0.011100,-0.280789
1.686000,0.730138,0.221626,-0.983190,0.468061,0.191322,-2.325278,2.325278,3.000000,0.505653,0.000000,0.000000,-0.000026,0.000246,0.000252,0.264536,0.001434,0.408293,0.262814,0.001572,0.393112,-0.011100,-0.275392
1.697000,0.706059,0.243748,-0.944246,0.443981,0.213445,-2.286335,2.286335,3.000000,0.492624,0.000000,0.000000,-0.000136,0.000184,-0.000006,0.264538,0.001434,0.408296,0.262814,0.001572,0.393112,-0.011100,-0.273264
1.708000,0.648881,0.233625,-0.931705,0.386803,0.203322,-2.273794,2.273794,3.000000,0.436986,0.000000,0.000000,0.000143,0.000109,0.000098,0.264539,0.001435,0.408298,0.262814,0.001572,0.393112,-0.011100,-0.274178
1.719000,0.719457,0.233418,-0.911489,0.457379,0.203114,-2.253577,2.253577,3.000000,0.500451,0.000000,0.000000,0.000041,0.000266,0.000273,0.264539,0.001434,0.408300,0.262814,0.001572,0.393112,-0.011100,-0.275698
1.730000,0.700420,0.216789,-0.935215,0.438342,0.186486,-2.277304,2.277304,3.000000,0.476362,0.000000,0.000000,-0.000154,-0.000072,0.000265,0.264539,0.001434,0.408301,0.262814,0.001572,0.393112,-0.011100,-0.275648
1.741000,0.725120,0.196367,-0.977429,0.463042,0.166064,-2.319518,2.319518,3.000000,0.491920,0.000000,0.000000,0.000056,0.000155,0.000320,0.264540,0.001434,0.408305,0.262814,0.001572,0.393112,-0.011100,-0.276193
1.752000,0.723536,0.191140,-0.970459,0.461459,0.160836,-2.312547,2.312547,3.000000,0.488684,0.000000,0.000000,0.000235,0.000777,0.000284,0.264542,0.001435,0.408311,0.262814,0.001572,0.393112,-0.011100,-0.275982
1.763000,0.770567,0.200983,-1.008338,0.508490,0.170680,-2.350426,2.350426,3.000000,0.536370,0.000000,0.000000,0.000237,0.000215,-0.000222,0.264544,0.001434,0.408314,0.262814,0.001572,0.393112,-0.011100,-0.271740
1.774000,0.752691,0.232790,-1.037157,0.490613,0.202487,-2.379246,2.379246,3.000000,0.530757,0.000000,0.000000,-0.000059,-0.000267,0.000628,0.264545,0.001433,0.408321,0.262814,0.001572,0.393112,-0.011100,-0.279090
1.785000,0.735336,0.244799,-1.019785,0.473258,0.214496,-2.361874,2.361874,3.000000,0.519598,0.000000,0.000000,0.000148,-0.000560,0.000481,0.264547,0.001433,0.408325,0.262814,0.001572,0.393112,-0.011100,-0.277906
1.796000,0.770941,0.251339,-1.061882,0.508864,0.221036,-2.403971,2.403971,3.000000,0.554796,0.000000,0.000000,0.000121,-0.000254,0.000760,0.264549,0.001432,0.408332,0.262814,0.001572,0.393112,-0.011100,-0.280409
1.807000,0.755485,0.247203,-1.049624,0.493408,0.216900,-2.391713,2.391713,3.000000,0.538977,0.000000,0.000000,0.000137,0.000571,0.000612,0.264551,0.001433,0.408337,0.262814,0.001572,0.393112,-0.011100,-0.279239
1.818000,0.776036,0.259341,-1.050259,0.513959,0.229038,-2.392347,2.392347,3.000000,0.562683,0.000000,0.000000,0.000371,-0.000134,0.000851,0.264553,0.001430,0.408341,0.262814,0.001572,0.393112,-0.011100,-0.281341
1.829000,0.758522,0.289335,-1.037374,0.496444,0.259032,-2.379463,2.379463,3.000000,0.559959,0.000000,0.000000,0.000361,-0.000540,0.000788,0.264554,0.001430,0.408345,0.262814,0.001572,0.393112,-0.011100,-0.280871
1.840000,0.711399,0.285214,-0.999225,0.449322,0.254911,-2.341314,2.341314,3.000000,0.516594,0.000000,0.000000,0.000507,0.000232,0.001045,0.264556,0.001430,0.408352,0.262814,0.001572,0.393112,-0.011100,-0.283176
1.851000,0.735222,0.305378,-0.998149,0.473144,0.275074,-2.340238,2.340238,3.000000,0.547295,0.000000,0.000000,0.000089,-0.000258,0.000791,0.264557,0.001429,0.408356,0.262814,0.001572,0.393112,-0.011100,-0.281099
1.862000,0.760706,0.304055,-0.961446,0.498628,0.273752,-2.303535,2.303535,3.000000,0.568832,0.000000,0.000000,-0.000005,-0.000201,0.000320,0.264558,0.001427,0.408359,0.262814,0.001572,0.393112,-0.011100,-0.277156
1.873000,0.755626,0.291623,-0.977045,0.493549,0.261320,-2.319134,2.319134,3.000000,0.558461,0.000000,0.000000,0.000434,0.000649,0.000658,0.264561,0.001429,0.408365,0.262814,0.001572,0.393112,-0.011100,-0.280124
1.884000,0.705113,0.329640,-0.976114,0.443035,0.299337,-2.318202,2.318202,3.000000,0.534680,0.000000,0.000000,0.000168,0.000081,0.000094,0.264562,0.001427,0.408371,0.262814,0.001572,0.393112,-0.011100,-0.275443
1.895000,0.719471,0.333970,-0.977630,0.457393,0.303667,-2.319719,2.319719,3.000000,0.549019,0.000000,0.000000,0.000097,0.000112,0.001208,0.264564,0.001425,0.408379,0.262814,0.001572,0.393112,-0.011100,-0.285052
1.906000,0.788199,0.297576,-1.002826,0.526122,0.267273,-2.344915,2.344915,3.000000,0.590118,0.000000,0.000000,0.000264,-0.000980,0.000552,0.264567,0.001423,0.408385,0.262814,0.001572,0.393112,-0.011100,-0.279592
1.917000,0.778832,0.318180,-0.990708,0.516754,0.287877,-2.332797,2.332797,3.000000,0.591530,0.000000,0.000000,0.000252,-0.000260,0.000534,0.264570,0.001423,0.408393,0.262814,0.001572,0.393112,-0.011100,-0.279575
1.928000,0.734271,0.303616,-0.971893,0.472193,0.273313,-2.313982,2.313982,3.000000,0.545588,0.000000,0.000000,0.000246,-0.000222,0.000570,0.264573,0.001420,0.408402,0.262814,0.001572,0.393112,-0.011100,-0.280059
1.939000,0.749570,0.300903,-0.976068,0.487493,0.270600,-2.318156,2.318156,3.000000,0.557560,0.000000,0.000000,0.000256,-0.000101,0.001385,0.264577,0.001420,0.408414,0.262814,0.001572,0.393112,-0.011100,-0.287193
1.950000,0.768528,0.312803,-1.001713,0.506450,0.282500,-2.343801,2.343801,3.000000,0.579912,0.000000,0.000000,0.000307,-0.000395,0.000937,0.264581,0.001418,0.408425,0.262814,0.001572,0.393112,-0.011100,-0.283578
1.961000,0.789232,0.294410,-0.999826,0.527154,0.264107,-2.341915,2.341915,3.000000,0.589613,0.000000,0.000000,0.000229,-0.000667,0.000961,0.264584,0.001415,0.408435,0.262814,0.001572,0.393112,-0.011100,-0.283972
1.972000,0.703724,0.280811,-0.961993,0.441647,0.250508,-2.304082,2.304082,3.000000,0.507746,0.000000,0.000000,0.000564,0.000043,0.001375,0.264589,0.001414,0.408449,0.262814,0.001572,0.393112,-0.011100,-0.287724
1.983000,0.706609,0.275029,-1.000752,0.444532,0.244725,-2.342840,2.342840,3.000000,0.507443,0.000000,0.000000,0.000059,-0.000054,0.000993,0.264591,0.001410,0.408459,0.262814,0.001572,0.393112,-0.011100,-0.284659
1.994000,0.735969,0.264394,-0.970728,0.473891,0.234091,-2.312817,2.312817,3.000000,0.528556,0.000000,0.000000,0.000486,-0.000044,0.001077,0.264595,0.001406,0.408469,0.262814,0.001572,0.393112,-0.011100,-0.285560
2.005000,0.765336,0.238478,-1.024815,0.503258,0.208175,-2.366903,2.366903,3.000000,0.544615,0.000000,0.000000,0.000424,-0.000501,0.001210,0.264600,0.001401,0.408482,0.262814,0.001572,0.393112,-0.011100,-0.286914
2.016000,0.753055,0.258040,-1.036009,0.490977,0.227737,-2.378098,2.378098,3.000000,0.541223,0.000000,0.000000,0.000396,-0.000166,0.001990,0.264604,0.001396,0.408497,0.262814,0.001572,0.393112,-0.011100,-0.293805
2.027000,0.765022,0.239773,-1.036007,0.502945,0.209469,-2.378095,2.378095,3.000000,0.544822,0.000000,0.000000,0.000389,-0.000423,0.001146,0.264610,0.001392,0.408512,0.262814,0.001572,0.393112,-0.011100,-0.286916
2.038000,0.773941,0.222218,-1.027809,0.511864,0.191915,-2.369898,2.369898,3.000000,0.546659,0.000000,0.000000,0.000605,-0.000221,0.001522,0.264615,0.001389,0.408528,0.262814,0.001572,0.393112,-0.011100,-0.290402
2.049000,0.770542,0.192803,-1.018760,0.508465,0.162500,-2.360848,2.360848,3.000000,0.533800,0.000000,0.000000,0.000470,-0.000594,0.000865,0.264621,0.001385,0.408544,0.262814,0.001572,0.393112,-0.011100,-0.285113
2.060000,0.758478,0.185182,-0.968735,0.496400,0.154878,-2.310824,2.310824,3.000000,0.520000,0.000000,0.000000,0.000634,0.000435,0.002012,0.264627,0.001386,0.408563,0.262814,0.001572,0.393112,-0.011100,-0.295183
2.071000,0.768986,0.203238,-0.995078,0.506908,0.172935,-2.337167,2.337167,3.000000,0.535595,0.000000,0.000000,0.000292,-0.000272,0.001301,0.264633,0.001384,0.408580,0.262814,0.001572,0.393112,-0.011100,-0.289464
2.082000,0.776091,0.226315,-1.008050,0.514014,0.196012,-2.350138,2.350138,3.000000,0.550119,0.000000,0.000000,0.000558,-0.000048,0.002035,0.264640,0.001383,0.408599,0.262814,0.001572,0.393112,-0.011100,-0.296029
2.093000,0.809433,0.175377,-1.017287,0.547356,0.145074,-2.359376,2.359376,3.000000,0.566255,0.000000,0.000000,0.000837,0.000056,0.002313,0.264646,0.001382,0.408617,0.262814,0.001572,0.393112,-0.011100,-0.298718
2.104000,0.748735,0.207012,-0.940763,0.486658,0.176709,-2.282852,2.282852,3.000000,0.517747,0.000000,0.000000,0.000824,-0.000287,0.001816,0.264652,0.001381,0.408634,0.262814,0.001572,0.393112,-0.011100,-0.294806
2.115000,0.772983,0.225108,-0.956716,0.510906,0.194805,-2.298804,2.298804,3.000000,0.546785,0.000000,0.000000,0.000745,-0.000009,0.001838,0.264659,0.001380,0.408654,0.262814,0.001572,0.393112,-0.011100,-0.295334
2.126000,0.775287,0.202071,-0.951151,0.513210,0.171768,-2.293239,2.293239,3.000000,0.541192,0.000000,0.000000,0.000361,0.000220,0.001195,0.264665,0.001381,0.408672,0.262814,0.001572,0.393112,-0.011100,-0.290225
2.137000,0.791704,0.218101,-0.986730,0.529627,0.187797,-2.328818,2.328818,3.000000,0.561936,0.000000,0.000000,0.000637,0.000302,0.002340,0.264672,0.001381,0.408696,0.262814,0.001572,0.393112,-0.011100,-0.300358
2.148000,0.814152,0.227749,-0.908466,0.552075,0.197446,-2.250555,2.250555,3.000000,0.586320,0.000000,0.000000,0.000789,0.000514,0.001816,0.264679,0.001381,0.408714,0.262814,0.001572,0.393112,-0.011100,-0.296231
2.159000,0.801053,0.247617,-0.885719,0.538975,0.217313,-2.227808,2.227808,3.000000,0.581136,0.000000,0.000000,0.000609,-0.000232,0.001845,0.264686,0.001378,0.408735,0.262814,0.001572,0.393112,-0.011100,-0.296865
2.170000,0.806487,0.281589,-0.887130,0.544410,0.251286,-2.229218,2.229218,3.000000,0.599605,0.000000,0.000000,0.000560,-0.000131,0.002124,0.264692,0.001379,0.408754,0.262814,0.001572,0.393112,-0.011100,-0.299577
2.181000,0.796102,0.280421,-0.879793,0.534024,0.250118,-2.221882,2.221882,3.000000,0.589696,0.000000,0.000000,0.000638,0.000086,0.001782,0.264698,0.001378,0.408771,0.262814,0.001572,0.393112,-0.011100,-0.296976
2.192000,0.779395,0.285854,-0.877258,0.517318,0.255551,-2.219346,2.219346,3.000000,0.576996,0.000000,0.000000,0.000770,-0.000164,0.001888,0.264704,0.001378,0.408787,0.262814,0.001572,0.393112,-0.011100,-0.298163
2.203000,0.756203,0.315518,-0.819420,0.494126,0.285214,-2.161509,2.161509,3.000000,0.570533,0.000000,0.000000,0.000341,-0.000460,0.000874,0.264709,0.001377,0.408802,0.262814,0.001572,0.393112,-0.011100,-0.289840
2.214000,0.792447,0.312677,-0.850075,0.530370,0.282374,-2.192163,2.192163,3.000000,0.600856,0.000000,0.000000,0.000623,0.000323,0.002328,0.264715,0.001377,0.408823,0.262814,0.001572,0.393112,-0.011100,-0.302557
2.225000,0.788574,0.264119,-0.827619,0.526497,0.233816,-2.169707,2.169707,3.000000,0.576080,0.000000,0.000000,0.000518,-0.000769,0.001639,0.264723,0.001375,0.408844,0.262814,0.001572,0.393112,-0.011100,-0.297072
2.236000,0.759481,0.278547,-0.831401,0.497403,0.248244,-2.173490,2.173490,3.000000,0.555909,0.000000,0.000000,0.000976,0.000101,0.001774,0.264730,0.001377,0.408863,0.262814,0.001572,0.393112,-0.011100,-0.298575
2.247000,0.808155,0.284699,-0.898709,0.546078,0.254396,-2.240797,2.240797,3.000000,0.602427,0.000000,0.000000,0.000795,0.000161,0.002098,0.264739,0.001378,0.408892,0.262814,0.001572,0.393112,-0.011100,-0.301832
2.258000,0.838358,0.293807,-0.949265,0.576280,0.263503,-2.291353,2.291353,3.000000,0.633666,0.000000,0.000000,0.001295,0.000085,0.003518,0.264750,0.001377,0.408924,0.262814,0.001572,0.393112,-0.011100,-0.314464
2.269000,0.840870,0.277937,-0.931121,0.578792,0.247634,-2.273209,2.273209,3.000000,0.629542,0.000000,0.000000,0.001031,0.000018,0.002969,0.264760,0.001377,0.408955,0.262814,0.001572,0.393112,-0.011100,-0.310364
2.280000,0.796862,0.278610,-0.917596,0.534784,0.248307,-2.259684,2.259684,3.000000,0.589619,0.000000,0.000000,0.000998,0.000324,0.003453,0.264772,0.001378,0.408990,0.262814,0.001572,0.393112,-0.011100,-0.315101
2.291000,0.745649,0.324320,-0.904532,0.483571,0.294017,-2.246621,2.246621,3.000000,0.565940,0.000000,0.000000,0.001287,0.000080,0.003269,0.264785,0.001378,0.409027,0.262814,0.001572,0.393112,-0.011100,-0.314201
2.302000,0.771523,0.319345,-0.912715,0.509445,0.289042,-2.254803,2.254803,3.000000,0.585730,0.000000,0.000000,0.001381,0.000581,0.004401,0.264798,0.001379,0.409064,0.262814,0.001572,0.393112,-0.011100,-0.324480
2.313000,0.794407,0.320813,-0.922644,0.532330,0.290509,-2.264733,2.264733,3.000000,0.606441,0.000000,0.000000,0.000830,-0.000225,0.003354,0.264810,0.001377,0.409102,0.262814,0.001572,0.393112,-0.011100,-0.316280
2.324000,0.760597,0.354868,-0.906331,0.498519,0.324565,-2.248420,2.248420,3.000000,0.594865,0.000000,0.000000,0.001239,0.000164,0.004097,0.264824,0.001378,0.409144,0.262814,0.001572,0.393112,-0.011100,-0.323336
2.335000,0.738771,0.364799,-0.925017,0.476693,0.334495,-2.267106,2.267106,3.000000,0.582343,0.000000,0.000000,0.000908,0.000392,0.003621,0.264838,0.001379,0.409183,0.262814,0.001572,0.393112,-0.011100,-0.319996
2.346000,0.735926,0.353867,-0.908794,0.473849,0.323564,-2.250883,2.250883,3.000000,0.573783,0.000000,0.000000,0.001180,0.000098,0.004207,0.264852,0.001379,0.409226,0.262814,0.001572,0.393112,-0.011100,-0.325743
2.357000,0.691685,0.374790,-0.889207,0.429607,0.344487,-2.231296,2.231296,3.000000,0.550666,0.000000,0.000000,0.001669,0.000070,0.003995,0.264868,0.001380,0.409271,0.262814,0.001572,0.393112,-0.011100,-0.324750
2.368000,0.670976,0.405038,-0.937093,0.408899,0.374735,-2.279182,2.279182,3.000000,0.554639,0.000000,0.000000,0.001598,-0.000183,0.005047,0.264883,0.001380,0.409319,0.262814,0.001572,0.393112,-0.011100,-0.334540
2.379000,0.726523,0.401397,-0.915392,0.464445,0.371094,-2.257481,2.257481,3.000000,0.594491,0.000000,0.000000,0.001221,0.000243,0.004332,0.264899,0.001382,0.409365,0.262814,0.001572,0.393112,-0.011100,-0.329301
2.390000,0.749653,0.384115,-0.936488,0.487576,0.353812,-2.278577,2.278577,3.000000,0.602423,0.000000,0.000000,0.001665,0.000145,0.004840,0.264916,0.001383,0.409415,0.262814,0.001572,0.393112,-0.011100,-0.334524
2.401000,0.702765,0.385318,-0.879964,0.440688,0.355015,-2.222053,2.222053,3.000000,0.565899,0.000000,0.000000,0.001520,0.000198,0.004009,0.264932,0.001384,0.409460,0.262814,0.001572,0.393112,-0.011100,-0.328268
2.412000,0.659999,0.399101,-0.869959,0.397922,0.368798,-2.212047,2.212047,3.000000,0.542544,0.000000,0.000000,0.001616,0.000253,0.005064,0.264948,0.001385,0.409509,0.262814,0.001572,0.393112,-0.011100,-0.338114
2.423000,0.701221,0.412258,-0.896592,0.439143,0.381955,-2.238680,2.238680,3.000000,0.582010,0.000000,0.000000,0.001092,0.000492,0.003038,0.264961,0.001387,0.409547,0.262814,0.001572,0.393112,-0.011100,-0.321614
2.434000,0.658879,0.397880,-0.831797,0.396802,0.367577,-2.173885,2.173885,3.000000,0.540892,0.000000,0.000000,0.001065,0.000081,0.003528,0.264975,0.001386,0.409588,0.262814,0.001572,0.393112,-0.011100,-0.326502
2.445000,0.649598,0.380489,-0.867437,0.387520,0.350186,-2.209526,2.209526,3.000000,0.522305,0.000000,0.000000,0.001018,0.000139,0.002646,0.264987,0.001388,0.409622,0.262814,0.001572,0.393112,-0.011100,-0.319622
2.456000,0.667248,0.400343,-0.837526,0.405171,0.370040,-2.179615,2.179615,3.000000,0.548719,0.000000,0.000000,0.001227,0.000333,0.002551,0.264998,0.001388,0.409653,0.262814,0.001572,0.393112,-0.011100,-0.319371
2.467000,0.641593,0.399954,-0.847216,0.379515,0.369651,-2.189304,2.189304,3.000000,0.529787,0.000000,0.000000,0.000874,-0.000534,0.002758,0.265007,0.001388,0.409682,0.262814,0.001572,0.393112,-0.011100,-0.321663
2.478000,0.673693,0.362047,-0.850134,0.411616,0.331743,-2.192222,2.192222,3.000000,0.528660,0.000000,0.000000,0.000603,-0.000490,0.001898,0.265014,0.001388,0.409705,0.262814,0.001572,0.393112,-0.011100,-0.314778
2.489000,0.664721,0.394930,-0.878911,0.402644,0.364627,-2.220999,2.220999,3.000000,0.543208,0.000000,0.000000,0.000181,-0.000228,0.001575,0.265021,0.001390,0.409729,0.262814,0.001572,0.393112,-0.011100,-0.312475
2.500000,0.726154,0.371688,-0.862170,0.464077,0.341385,-2.204259,2.204259,3.000000,0.576117,0.000000,0.000000,0.000411,0.000392,0.001380,0.265029,0.001391,0.409747,0.262814,0.001572,0.393112,-0.011100,-0.311139
2.511000,0.726022,0.366246,-0.901253,0.463945,0.335943,-2.243342,2.243342,3.000000,0.572802,0.000000,0.000000,0.000561,-0.000197,0.001035,0.265035,0.001390,0.409766,0.262814,0.001572,0.393112,-0.011100,-0.308543
2.522000,0.717735,0.358531,-0.875942,0.455657,0.328228,-2.218031,2.218031,3.000000,0.561566,0.000000,0.000000,0.000690,0.000213,0.001831,0.265040,0.001391,0.409782,0.262814,0.001572,0.393112,-0.011100,-0.315590
2.533000,0.666889,0.386494,-0.882214,0.404812,0.356191,-2.224303,2.224303,3.000000,0.539207,0.000000,0.000000,0.000391,-0.000374,0.000391,0.265043,0.001389,0.409788,0.262814,0.001572,0.393112,-0.011100,-0.303487
2.544000,0.615667,0.420985,-0.849779,0.353590,0.390682,-2.191868,2.191868,3.000000,0.526933,0.000000,0.000000,0.000040,0.000379,-0.000067,0.265046,0.001390,0.409797,0.262814,0.001572,0.393112,-0.011100,-0.299768
2.555000,0.634399,0.362982,-0.849647,0.372322,0.332679,-2.191735,2.191735,3.000000,0.499298,0.000000,0.000000,0.000301,-0.000182,0.001000,0.265048,0.001388,0.409807,0.262814,0.001572,0.393112,-0.011100,-0.308980
2.566000,0.703229,0.394710,-0.907243,0.441151,0.364407,-2.249331,2.249331,3.000000,0.572195,0.000000,0.000000,-0.000056,-0.000668,-0.000302,0.265050,0.001387,0.409810,0.262814,0.001572,0.393112,-0.011100,-0.297992
2.577000,0.678814,0.410158,-0.863730,0.416736,0.379855,-2.205819,2.205819,3.000000,0.563878,0.000000,0.000000,0.000499,0.000223,0.000261,0.265051,0.001388,0.409813,0.262814,0.001572,0.393112,-0.011100,-0.302829
2.588000,0.709268,0.396733,-0.872398,0.447190,0.366430,-2.214487,2.214487,3.000000,0.578143,0.000000,0.000000,-0.000034,-0.000022,0.000517,0.265051,0.001388,0.409817,0.262814,0.001572,0.393112,-0.011100,-0.305062
2.599000,0.717170,0.381895,-0.857756,0.455093,0.351591,-2.199845,2.199845,3.000000,0.575088,0.000000,0.000000,-0.000386,-0.000043,-0.000085,0.265052,0.001386,0.409817,0.262814,0.001572,0.393112,-0.011100,-0.299968
2.610000,0.720874,0.394013,-0.835256,0.458797,0.363710,-2.177344,2.177344,3.000000,0.585473,0.000000,0.000000,-0.000296,-0.000013,-0.000006,0.265052,0.001386,0.409820,0.262814,0.001572,0.393112,-0.011100,-0.300681
2.621000,0.706752,0.395563,-0.888710,0.444675,0.365259,-2.230799,2.230799,3.000000,0.575456,0.000000,0.000000,0.000290,-0.000023,0.000806,0.265054,0.001387,0.409823,0.262814,0.001572,0.393112,-0.011100,-0.307625
2.632000,0.713753,0.409373,-0.920790,0.451676,0.379069,-2.262879,2.262879,3.000000,0.589665,0.000000,0.000000,0.000204,-0.000387,0.000555,0.265055,0.001384,0.409826,0.262814,0.001572,0.393112,-0.011100,-0.305560
2.643000,0.693721,0.401095,-0.959461,0.431643,0.370792,-2.301550,2.301550,3.000000,0.569036,0.000000,0.000000,-0.000209,-0.000034,-0.000391,0.265056,0.001385,0.409828,0.262814,0.001572,0.393112,-0.011100,-0.297571
2.654000,0.652627,0.391735,-0.984075,0.390549,0.361431,-2.326163,2.326163,3.000000,0.532129,0.000000,0.000000,-0.000103,-0.000205,0.000215,0.265058,0.001384,0.409834,0.262814,0.001572,0.393112,-0.011100,-0.302804
2.665000,0.651305,0.369886,-0.982005,0.389227,0.339583,-2.324094,2.324094,3.000000,0.516541,0.000000,0.000000,0.000383,0.000612,0.000160,0.265059,0.001386,0.409834,0.262814,0.001572,0.393112,-0.011100,-0.302349
2.676000,0.606359,0.392490,-0.984806,0.344281,0.362187,-2.326895,2.326895,3.000000,0.499709,0.000000,0.000000,0.000223,0.000252,0.000577,0.265060,0.001385,0.409838,0.262814,0.001572,0.393112,-0.011100,-0.305962
2.687000,0.625348,0.381679,-0.969904,0.363270,0.351376,-2.311993,2.311993,3.000000,0.505401,0.000000,0.000000,0.000033,-0.000159,0.000097,0.265060,0.001384,0.409841,0.262814,0.001572,0.393112,-0.011100,-0.301937
2.698000,0.596378,0.348923,-1.002350,0.334301,0.318620,-2.344438,2.344438,3.000000,0.461818,0.000000,0.000000,0.000137,0.000055,0.000272,0.265061,0.001384,0.409843,0.262814,0.001572,0.393112,-0.011100,-0.303469
2.709000,0.690280,0.379366,-1.053623,0.428203,0.349063,-2.395711,2.395711,3.000000,0.552451,0.000000,0.000000,0.000176,0.000073,0.001223,0.265061,0.001385,0.409848,0.262814,0.001572,0.393112,-0.011100,-0.311616
2.720000,0.713707,0.335579,-1.037685,0.451630,0.305276,-2.379774,2.379774,3.000000,0.545127,0.000000,0.000000,0.000034,-0.000078,0.000715,0.265062,0.001384,0.409850,0.262814,0.001572,0.393112,-0.011100,-0.307357
2.731000,0.770708,0.340954,-1.063573,0.508630,0.310651,-2.405662,2.405662,3.000000,0.595994,0.000000,0.000000,-0.000052,-0.000289,0.000748,0.265063,0.001384,0.409853,0.262814,0.001572,0.393112,-0.011100,-0.307682
2.742000,0.726833,0.357191,-1.066172,0.464756,0.326887,-2.408260,2.408260,3.000000,0.568202,0.000000,0.000000,0.000104,-0.000093,0.001057,0.265065,0.001385,0.409858,0.262814,0.001572,0.393112,-0.011100,-0.310391
2.753000,0.749965,0.344724,-1.075948,0.487888,0.314420,-2.418037,2.418037,3.000000,0.580426,0.000000,0.000000,0.000074,0.000836,0.000030,0.265066,0.001386,0.409859,0.262814,0.001572,0.393112,-0.011100,-0.301697
2.764000,0.750555,0.345054,-1.068687,0.488478,0.314751,-2.410776,2.410776,3.000000,0.581101,0.000000,0.000000,0.000493,-0.000087,0.000566,0.265067,0.001383,0.409860,0.262814,0.001572,0.393112,-0.011100,-0.306262
2.775000,0.717802,0.341219,-1.048426,0.455724,0.310915,-2.390514,2.390514,3.000000,0.551682,0.000000,0.000000,0.000094,-0.000062,0.000153,0.265066,0.001384,0.409861,0.262814,0.001572,0.393112,-0.011100,-0.302772
2.786000,0.725365,0.337314,-1.002683,0.463287,0.307011,-2.344772,2.344772,3.000000,0.555779,0.000000,0.000000,0.000175,0.000275,0.000135,0.265068,0.001384,0.409864,0.262814,0.001572,0.393112,-0.011100,-0.302682
2.797000,0.722838,0.357121,-0.998241,0.460761,0.326818,-2.340329,2.340329,3.000000,0.564899,0.000000,0.000000,0.000028,-0.000398,0.000012,0.265067,0.001382,0.409864,0.262814,0.001572,0.393112,-0.011100,-0.301635
2.808000,0.757952,0.354265,-1.005863,0.495875,0.323962,-2.347952,2.347952,3.000000,0.592320,0.000000,0.000000,0.000333,0.000079,0.000820,0.265068,0.001382,0.409865,0.262814,0.001572,0.393112,-0.011100,-0.308500
2.819000,0.721256,0.386147,-0.979247,0.459178,0.355844,-2.321336,2.321336,3.000000,0.580921,0.000000,0.000000,0.000095,-0.000530,0.000723,0.265068,0.001381,0.409867,0.262814,0.001572,0.393112,-0.011100,-0.307728
2.830000,0.707938,0.375626,-0.940656,0.445860,0.345323,-2.282745,2.282745,3.000000,0.563950,0.000000,0.000000,0.000171,-0.000685,-0.000491,0.265067,0.001380,0.409862,0.262814,0.001572,0.393112,-0.011100,-0.297319
2.841000,0.748376,0.389352,-0.966339,0.486298,0.359049,-2.308428,2.308428,3.000000,0.604485,0.000000,0.000000,-0.000138,0.000020,0.000117,0.265067,0.001381,0.409865,0.262814,0.001572,0.393112,-0.011100,-0.302533
2.852000,0.818206,0.377119,-0.959695,0.556129,0.346816,-2.301783,2.301783,3.000000,0.655408,0.000000,0.000000,0.000122,-0.000860,0.000706,0.265068,0.001379,0.409868,0.262814,0.001572,0.393112,-0.011100,-0.307593
2.863000,0.773542,0.370033,-0.929036,0.511465,0.339730,-2.271125,2.271125,3.000000,0.614014,0.000000,0.000000,-0.000286,-0.000192,-0.001040,0.265068,0.001381,0.409866,0.262814,0.001572,0.393112,-0.011100,-0.292737
2.874000,0.744583,0.364072,-0.945877,0.482505,0.333769,-2.287966,2.287966,3.000000,0.586697,0.000000,0.000000,-0.000247,-0.000242,0.000096,0.265068,0.001380,0.409869,0.262814,0.001572,0.393112,-0.011100,-0.302434
2.885000,0.733067,0.356986,-0.965540,0.470989,0.326683,-2.307628,2.307628,3.000000,0.573195,0.000000,0.000000,0.000068,-0.000258,0.000461,0.265069,0.001380,0.409870,0.262814,0.001572,0.393112,-0.011100,-0.305551
2.896000,0.725220,0.354354,-0.951243,0.463143,0.324050,-2.293332,2.293332,3.000000,0.565252,0.000000,0.000000,0.000100,0.000114,0.000051,0.265070,0.001380,0.409869,0.262814,0.001572,0.393112,-0.011100,-0.302057
2.907000,0.785931,0.314434,-0.998325,0.523854,0.284131,-2.340413,2.340413,3.000000,0.595948,0.000000,0.000000,-0.000237,0.000907,-0.000528,0.265069,0.001382,0.409869,0.262814,0.001572,0.393112,-0.011100,-0.297141
2.918000,0.725992,0.338594,-0.954645,0.463915,0.308290,-2.296733,2.296733,3.000000,0.557010,0.000000,0.000000,0.000398,0.000445,0.000677,0.265070,0.001380,0.409874,0.262814,0.001572,0.393112,-0.011100,-0.307446
2.929000,0.735928,0.332575,-0.965082,0.473850,0.302272,-2.307171,2.307171,3.000000,0.562052,0.000000,0.000000,-0.000124,-0.000050,0.000024,0.265069,0.001380,0.409871,0.262814,0.001572,0.393112,-0.011100,-0.301863
2.940000,0.735690,0.365060,-0.960811,0.473613,0.334756,-2.302899,2.302899,3.000000,0.579975,0.000000,0.000000,-0.000164,0.000020,0.000059,0.265069,0.001381,0.409871,0.262814,0.001572,0.393112,-0.011100,-0.302161
2.951000,0.790737,0.355763,-0.974875,0.528660,0.325460,-2.316964,2.316964,3.000000,0.620810,0.000000,0.000000,-0.000286,0.000233,0.000146,0.265068,0.001380,0.409872,0.262814,0.001572,0.393112,-0.011100,-0.302915
2.962000,0.766255,0.360066,-0.959740,0.504178,0.329763,-2.301829,2.301829,3.000000,0.602444,0.000000,0.000000,-0.000034,0.000111,-0.000588,0.265069,0.001379,0.409871,0.262814,0.001572,0.393112,-0.011100,-0.296672
2.973000,0.753786,0.360448,-0.930134,0.491709,0.330145,-2.272222,2.272222,3.000000,0.592261,0.000000,0.000000,-0.000053,0.000396,0.000096,0.265070,0.001379,0.409872,0.262814,0.001572,0.393112,-0.011100,-0.302493
2.984000,0.799230,0.355414,-0.970560,0.537153,0.325111,-2.312648,2.312648,3.000000,0.627877,0.000000,0.000000,-0.000033,-0.000146,0.000816,0.265071,0.001380,0.409875,0.262814,0.001572,0.393112,-0.011100,-0.308645
2.995000,0.794243,0.343753,-0.967256,0.532165,0.313450,-2.309345,2.309345,3.000000,0.617617,0.000000,0.000000,-0.000129,0.000570,-0.000006,0.265070,0.001380,0.409874,0.262814,0.001572,0.393112,-0.011100,-0.301651
3.006000,0.763064,0.343254,-0.942213,0.500986,0.312951,-2.284301,2.284301,3.000000,0.590699,0.000000,0.000000,0.000017,-0.000679,-0.000490,0.265071,0.001379,0.409872,0.262814,0.001572,0.393112,-0.011100,-0.297510
3.017000,0.713919,0.378006,-0.921208,0.451842,0.347703,-2.263297,2.263297,3.000000,0.570139,0.000000,0.000000,0.000174,0.000361,-0.000488,0.265071,0.001379,0.409873,0.262814,0.001572,0.393112,-0.011100,-0.297556
3.028000,0.782719,0.328103,-0.941943,0.520642,0.297800,-2.284032,2.284032,3.000000,0.599794,0.000000,0.000000,-0.000176,-0.000051,-0.000004,0.265070,0.001378,0.409874,0.262814,0.001572,0.393112,-0.011100,-0.301671
3.039000,0.801650,0.357214,-0.936585,0.539573,0.326910,-2.278673,2.278673,3.000000,0.630880,0.000000,0.000000,0.000217,0.000250,0.000683,0.265071,0.001379,0.409874,0.262814,0.001572,0.393112,-0.011100,-0.307499
3.050000,0.757165,0.376966,-0.920718,0.495088,0.346663,-2.262807,2.262807,3.000000,0.604390,0.000000,0.000000,0.000018,-0.000007,-0.000158,0.265071,0.001379,0.409873,0.262814,0.001572,0.393112,-0.011100,-0.300353
3.061000,0.707470,0.369828,-0.897491,0.445392,0.339525,-2.239580,2.239580,3.000000,0.560046,0.000000,0.000000,-0.000010,-0.000031,0.000668,0.265071,0.001379,0.409875,0.262814,0.001572,0.393112,-0.011100,-0.307396
3.072000,0.764899,0.347577,-0.914674,0.502821,0.317274,-2.256762,2.256762,3.000000,0.594552,0.000000,0.000000,0.000092,-0.000443,0.000957,0.265071,0.001378,0.409876,0.262814,0.001572,0.393112,-0.011100,-0.309858
3.083000,0.740429,0.348186,-0.891332,0.478351,0.317883,-2.233421,2.233421,3.000000,0.574343,0.000000,0.000000,-0.000013,-0.000048,0.000219,0.265071,0.001378,0.409876,0.262814,0.001572,0.393112,-0.011100,-0.303598
3.094000,0.707478,0.339344,-0.918385,0.445401,0.309041,-2.260473,2.260473,3.000000,0.542114,0.000000,0.000000,0.000302,0.000092,-0.000103,0.265071,0.001378,0.409875,0.262814,0.001572,0.393112,-0.011100,-0.300861
3.105000,0.695031,0.338674,-0.942149,0.432953,0.308371,-2.284238,2.284238,3.000000,0.531546,0.000000,0.000000,-0.000258,0.000057,-0.000085,0.265071,0.001378,0.409877,0.262814,0.001572,0.393112,-0.011100,-0.301038
3.116000,0.730752,0.355151,-0.931039,0.468674,0.324848,-2.273127,2.273127,3.000000,0.570247,0.000000,0.000000,-0.000151,0.000359,-0.000409,0.265072,0.001379,0.409877,0.262814,0.001572,0.393112,-0.011100,-0.298282
3.127000,0.719122,0.367055,-0.962869,0.457045,0.336751,-2.304957,2.304957,3.000000,0.567707,0.000000,0.000000,-0.000215,-0.000373,0.000181,0.265072,0.001378,0.409878,0.262814,0.001572,0.393112,-0.011100,-0.303328
3.138000,0.689803,0.360731,-0.945102,0.427725,0.330427,-2.287191,2.287191,3.000000,0.540492,0.000000,0.000000,0.000388,-0.000465,0.000194,0.265072,0.001377,0.409878,0.262814,0.001572,0.393112,-0.011100,-0.303419
3.149000,0.701765,0.338060,-0.985536,0.439687,0.307757,-2.327624,2.327624,3.000000,0.536693,0.000000,0.000000,0.000285,-0.000239,-0.000215,0.265073,0.001378,0.409879,0.262814,0.001572,0.393112,-0.011100,-0.299981
3.160000,0.682431,0.312528,-1.006945,0.420353,0.282225,-2.349033,2.349033,3.000000,0.506308,0.000000,0.000000,0.000429,0.000277,-0.000173,0.265072,0.001379,0.409877,0.262814,0.001572,0.393112,-0.011100,-0.300300
3.171000,0.612602,0.337952,-0.953788,0.350525,0.307649,-2.295876,2.295876,3.000000,0.466385,0.000000,0.000000,0.000093,0.000085,0.000631,0.265072,0.001377,0.409880,0.262814,0.001572,0.393112,-0.011100,-0.307171
3.182000,0.720722,0.305681,-0.959541,0.458644,0.275378,-2.301630,2.301630,3.000000,0.534965,0.000000,0.000000,0.000318,0.000611,0.000307,0.265074,0.001378,0.409881,0.262814,0.001572,0.393112,-0.011100,-0.304433
3.193000,0.700721,0.333672,-1.021682,0.438644,0.303368,-2.363770,2.363770,3.000000,0.533330,0.000000,0.000000,0.000085,-0.000049,0.000190,0.265074,0.001378,0.409883,0.262814,0.001572,0.393112,-0.011100,-0.303493
3.204000,0.678020,0.324828,-1.059497,0.415942,0.294525,-2.401586,2.401586,3.000000,0.509660,0.000000,0.000000,0.000248,0.000195,-0.000093,0.265074,0.001377,0.409883,0.262814,0.001572,0.393112,-0.011100,-0.301079
3.215000,0.640314,0.332105,-1.040569,0.378236,0.301802,-2.382658,2.382658,3.000000,0.483887,0.000000,0.000000,-0.000233,0.000291,-0.000462,0.265074,0.001378,0.409883,0.262814,0.001572,0.393112,-0.011100,-0.297960
3.226000,0.639195,0.360814,-1.057623,0.377117,0.330511,-2.399712,2.399712,3.000000,0.501453,0.000000,0.000000,0.000395,-0.000322,0.000388,0.265076,0.001377,0.409888,0.262814,0.001572,0.393112,-0.011100,-0.305250
3.237000,0.625997,0.347644,-1.109014,0.363920,0.317341,-2.451103,2.451103,3.000000,0.482849,0.000000,0.000000,-0.000270,-0.000100,0.000007,0.265074,0.001377,0.409886,0.262814,0.001572,0.393112,-0.011100,-0.301986
3.248000,0.651572,0.341770,-1.125591,0.389494,0.311467,-2.467680,2.467680,3.000000,0.498716,0.000000,0.000000,-0.000295,-0.000165,0.000307,0.265074,0.001376,0.409886,0.262814,0.001572,0.393112,-0.011100,-0.304533
3.259000,0.618688,0.375861,-1.095991,0.356610,0.345558,-2.438079,2.438079,3.000000,0.496569,0.000000,0.000000,0.000023,0.000245,-0.000025,0.265075,0.001377,0.409888,0.262814,0.001572,0.393112,-0.011100,-0.301742
3.270000,0.606572,0.341992,-1.068809,0.344495,0.311689,-2.410897,2.410897,3.000000,0.464572,0.000000,0.000000,-0.000250,0.000307,-0.000080,0.265076,0.001378,0.409888,0.262814,0.001572,0.393112,-0.011100,-0.301284
3.281000,0.658308,0.343370,-1.140175,0.396230,0.313067,-2.482264,2.482264,3.000000,0.504985,0.000000,0.000000,0.000173,-0.000244,0.000188,0.265076,0.001376,0.409888,0.262814,0.001572,0.393112,-0.011100,-0.303558
3.292000,0.627064,0.382917,-1.135307,0.364986,0.352614,-2.477396,2.477396,3.000000,0.507495,0.000000,0.000000,-0.000382,0.000004,-0.000603,0.265075,0.001376,0.409888,0.262814,0.001572,0.393112,-0.011100,-0.296852
3.303000,0.558170,0.367187,-1.099455,0.296092,0.336884,-2.441544,2.441544,3.000000,0.448510,0.000000,0.000000,0.000131,0.000304,0.000858,0.265077,0.001377,0.409893,0.262814,0.001572,0.393112,-0.011100,-0.309329
3.314000,0.552497,0.344809,-1.114174,0.290419,0.314505,-2.456263,2.456263,3.000000,0.428085,0.000000,0.000000,0.000028,-0.000398,-0.000227,0.265077,0.001375,0.409891,0.262814,0.001572,0.393112,-0.011100,-0.300093
3.325000,0.559273,0.349710,-1.106780,0.297195,0.319407,-2.448869,2.448869,3.000000,0.436286,0.000000,0.000000,-0.000206,-0.000138,-0.000459,0.265078,0.001375,0.409892,0.262814,0.001572,0.393112,-0.011100,-0.298140
3.336000,0.582940,0.334066,-1.124796,0.320862,0.303763,-2.466884,2.466884,3.000000,0.441842,0.000000,0.000000,0.000069,-0.000010,0.000031,0.265078,0.001376,0.409894,0.262814,0.001572,0.393112,-0.011100,-0.302337
3.347000,0.554700,0.350930,-1.181438,0.292623,0.320627,-2.523526,2.523526,3.000000,0.434085,0.000000,0.000000,0.000008,-0.000403,-0.000405,0.265078,0.001376,0.409894,0.262814,0.001572,0.393112,-0.011100,-0.298625
3.358000,0.560277,0.341888,-1.183016,0.298199,0.311585,-2.525105,2.525105,3.000000,0.431286,0.000000,0.000000,0.000036,-0.000793,0.000039,0.265078,0.001375,0.409894,0.262814,0.001572,0.393112,-0.011100,-0.302408
3.369000,0.557151,0.334469,-1.188571,0.295073,0.304166,-2.530660,2.530660,3.000000,0.423775,0.000000,0.000000,-0.000018,0.000132,-0.000209,0.265079,0.001376,0.409896,0.262814,0.001572,0.393112,-0.011100,-0.300335
3.380000,0.558193,0.338742,-1.177669,0.296115,0.308439,-2.519758,2.519758,3.000000,0.427573,0.000000,0.000000,0.000273,-0.000007,0.000323,0.265080,0.001376,0.409898,0.262814,0.001572,0.393112,-0.011100,-0.304891
3.391000,0.528198,0.352338,-1.163787,0.266121,0.322035,-2.505876,2.505876,3.000000,0.417764,0.000000,0.000000,-0.000217,0.000237,-0.000578,0.265079,0.001376,0.409897,0.262814,0.001572,0.393112,-0.011100,-0.297209
3.402000,0.526619,0.347143,-1.159952,0.264541,0.316840,-2.502040,2.502040,3.000000,0.412759,0.000000,0.000000,-0.000021,0.000057,-0.000577,0.265079,0.001375,0.409896,0.262814,0.001572,0.393112,-0.011100,-0.297213
3.413000,0.545339,0.370634,-1.173757,0.283262,0.340330,-2.515845,2.515845,3.000000,0.442789,0.000000,0.000000,0.000011,-0.000718,-0.000534,0.265079,0.001373,0.409895,0.262814,0.001572,0.393112,-0.011100,-0.297554
3.424000,0.580043,0.356344,-1.189738,0.317965,0.326041,-2.531826,2.531826,3.000000,0.455417,0.000000,0.000000,-0.000250,0.000037,-0.000264,0.265079,0.001375,0.409896,0.262814,0.001572,0.393112,-0.011100,-0.299864
3.435000,0.524711,0.384160,-1.181092,0.262634,0.353857,-2.523181,2.523181,3.000000,0.440671,0.000000,0.000000,-0.000194,-0.000010,0.000003,0.265079,0.001374,0.409897,0.262814,0.001572,0.393112,-0.011100,-0.302147
3.446000,0.537817,0.390510,-1.149855,0.275739,0.360206,-2.491943,2.491943,3.000000,0.453631,0.000000,0.000000,-0.000411,0.000014,-0.000334,0.265079,0.001373,0.409896,0.262814,0.001572,0.393112,-0.011100,-0.299279
3.457000,0.519323,0.382812,-1.138691,0.257245,0.352509,-2.480779,2.480779,3.000000,0.436392,0.000000,0.000000,0.000424,0.000422,0.000581,0.265081,0.001373,0.409898,0.262814,0.001572,0.393112,-0.011100,-0.307070
3.468000,0.501764,0.420092,-1.144765,0.239686,0.389788,-2.486854,2.486854,3.000000,0.457586,0.000000,0.000000,0.000452,0.000173,0.000625,0.265081,0.001372,0.409899,0.262814,0.001572,0.393112,-0.011100,-0.307464
3.479000,0.482665,0.410557,-1.145618,0.220587,0.380254,-2.487707,2.487707,3.000000,0.439604,0.000000,0.000000,0.000034,0.000832,0.000178,0.265081,0.001373,0.409899,0.262814,0.001572,0.393112,-0.011100,-0.303661
3.490000,0.465833,0.417641,-1.117486,0.203756,0.387338,-2.459574,2.459574,3.000000,0.437661,0.000000,0.000000,0.000386,0.000129,0.000450,0.265081,0.001372,0.409900,0.262814,0.001572,0.393112,-0.011100,-0.305997
3.501000,0.444682,0.398794,-1.146882,0.182605,0.368491,-2.488971,2.488971,3.000000,0.411254,0.000000,0.000000,0.000189,0.000476,-0.000190,0.265081,0.001372,0.409899,0.262814,0.001572,0.393112,-0.011100,-0.300545
3.512000,0.442651,0.396186,-1.156988,0.180573,0.365883,-2.499077,2.499077,3.000000,0.408016,0.000000,0.000000,0.000109,0.000348,0.000495,0.265081,0.001372,0.409900,0.262814,0.001572,0.393112,-0.011100,-0.306370
3.523000,0.481919,0.400845,-1.165933,0.219841,0.370542,-2.508021,2.508021,3.000000,0.430849,0.000000,0.000000,0.000276,-0.000427,0.000204,0.265081,0.001370,0.409901,0.262814,0.001572,0.393112,-0.011100,-0.303920
3.534000,0.505271,0.399742,-1.182360,0.243193,0.369439,-2.524449,2.524449,3.000000,0.442299,0.000000,0.000000,0.000124,-0.000063,-0.000144,0.265081,0.001370,0.409901,0.262814,0.001572,0.393112,-0.011100,-0.300974
3.545000,0.505093,0.405784,-1.199205,0.243016,0.375481,-2.541293,2.541293,3.000000,0.447261,0.000000,0.000000,-0.000068,0.000389,0.000351,0.265080,0.001370,0.409902,0.262814,0.001572,0.393112,-0.011100,-0.305201
3.556000,0.462424,0.402850,-1.180658,0.200347,0.372546,-2.522746,2.522746,3.000000,0.423001,0.000000,0.000000,-0.000193,-0.000281,0.000136,0.265081,0.001369,0.409902,0.262814,0.001572,0.393112,-0.011100,-0.303376
3.567000,0.514932,0.400408,-1.175267,0.252855,0.370105,-2.517356,2.517356,3.000000,0.448233,0.000000,0.000000,0.000032,0.000253,-0.000594,0.265081,0.001370,0.409901,0.262814,0.001572,0.393112,-0.011100,-0.297165
3.578000,0.549669,0.358421,-1.169695,0.287591,0.328117,-2.511783,2.511783,3.000000,0.436314,0.000000,0.000000,-0.000267,-0.000074,-0.000109,0.265080,0.001369,0.409900,0.262814,0.001572,0.393112,-0.011100,-0.301249
3.589000,0.565736,0.372596,-1.152068,0.303658,0.342293,-2.494156,2.494156,3.000000,0.457573,0.000000,0.000000,-0.000067,-0.000360,0.000631,0.265081,0.001369,0.409902,0.262814,0.001572,0.393112,-0.011100,-0.307572
3.600000,0.543953,0.397683,-1.212236,0.281875,0.367380,-2.554325,2.554325,3.000000,0.463057,0.000000,0.000000,0.000084,-0.000527,0.000225,0.265081,0.001369,0.409904,0.262814,0.001572,0.393112,-0.011100,-0.304155
3.611000,0.548318,0.404287,-1.163568,0.286240,0.373984,-2.505656,2.505656,3.000000,0.470954,0.000000,0.000000,-0.000057,-0.000347,0.000597,0.265081,0.001368,0.409904,0.262814,0.001572,0.393112,-0.011100,-0.307324
3.622000,0.547632,0.404413,-1.194176,0.285555,0.374110,-2.536265,2.536265,3.000000,0.470637,0.000000,0.000000,-0.000121,-0.000401,-0.001196,0.265081,0.001367,0.409901,0.262814,0.001572,0.393112,-0.011100,-0.292048
3.633000,0.513459,0.405050,-1.226234,0.251382,0.374747,-2.568323,2.568323,3.000000,0.451251,0.000000,0.000000,0.000202,-0.000121,0.000677,0.265081,0.001368,0.409904,0.262814,0.001572,0.393112,-0.011100,-0.308000
3.644000,0.559019,0.376875,-1.223919,0.296941,0.346572,-2.566007,2.566007,3.000000,0.456384,0.000000,0.000000,0.000176,-0.000308,0.000825,0.265081,0.001367,0.409904,0.262814,0.001572,0.393112,-0.011100,-0.309261
3.655000,0.537673,0.353178,-1.162548,0.275596,0.322875,-2.504637,2.504637,3.000000,0.424501,0.000000,0.000000,0.000338,-0.000228,0.000662,0.265081,0.001367,0.409903,0.262814,0.001572,0.393112,-0.011100,-0.307849
3.666000,0.586756,0.371230,-1.186005,0.324679,0.340927,-2.528094,2.528094,3.000000,0.470795,0.000000,0.000000,0.000207,0.000045,-0.000124,0.265081,0.001368,0.409902,0.262814,0.001572,0.393112,-0.011100,-0.301171
3.677000,0.621552,0.384047,-1.179901,0.359475,0.353744,-2.521990,2.521990,3.000000,0.504338,0.000000,0.000000,-0.000048,0.000304,-0.000692,0.265080,0.001367,0.409900,0.262814,0.001572,0.393112,-0.011100,-0.296297
3.688000,0.600052,0.373392,-1.157474,0.337974,0.343089,-2.499562,2.499562,3.000000,0.481598,0.000000,0.000000,-0.000281,-0.000190,-0.000746,0.265080,0.001365,0.409902,0.262814,0.001572,0.393112,-0.011100,-0.295873
3.699000,0.557170,0.415296,-1.114064,0.295093,0.384993,-2.456152,2.456152,3.000000,0.485076,0.000000,0.000000,0.000260,0.000048,0.000657,0.265081,0.001366,0.409906,0.262814,0.001572,0.393112,-0.011100,-0.307860
3.710000,0.612392,0.407687,-1.143493,0.350314,0.377384,-2.485581,2.485581,3.000000,0.514917,0.000000,0.000000,-0.000179,-0.000011,-0.000523,0.265081,0.001366,0.409901,0.262814,0.001572,0.393112,-0.011100,-0.297758
3.721000,0.662145,0.392891,-1.192979,0.400068,0.362588,-2.535068,2.535068,3.000000,0.539930,0.000000,0.000000,-0.000004,-0.000104,0.000402,0.265081,0.001363,0.409902,0.262814,0.001572,0.393112,-0.011100,-0.305625
3.732000,0.679444,0.420723,-1.208923,0.417367,0.390420,-2.551011,2.551011,3.000000,0.571509,0.000000,0.000000,-0.000104,0.000155,0.000257,0.265081,0.001363,0.409904,0.262814,0.001572,0.393112,-0.011100,-0.304428
3.743000,0.545812,0.452409,-1.128433,0.283734,0.422106,-2.470521,2.470521,3.000000,0.508604,0.000000,0.000000,0.000110,-0.000606,0.000058,0.265081,0.001362,0.409902,0.262814,0.001572,0.393112,-0.011100,-0.302710
3.754000,0.586010,0.432662,-1.134064,0.323933,0.402359,-2.476152,2.476152,3.000000,0.516551,0.000000,0.000000,0.000041,-0.000085,0.001173,0.265081,0.001362,0.409904,0.262814,0.001572,0.393112,-0.011100,-0.312210
3.765000,0.631861,0.424982,-1.150869,0.369783,0.394678,-2.492958,2.492958,3.000000,0.540843,0.000000,0.000000,0.000239,-0.000227,-0.000158,0.265081,0.001362,0.409902,0.262814,0.001572,0.393112,-0.011100,-0.300874
3.776000,0.536927,0.414355,-1.095774,0.274850,0.384052,-2.437863,2.437863,3.000000,0.472269,0.000000,0.000000,-0.000211,-0.000010,-0.000481,0.265080,0.001362,0.409901,0.262814,0.001572,0.393112,-0.011100,-0.298120
3.787000,0.569597,0.432915,-1.121261,0.307520,0.402611,-2.463349,2.463349,3.000000,0.506621,0.000000,0.000000,0.000069,-0.000220,-0.000132,0.265081,0.001362,0.409901,0.262814,0.001572,0.393112,-0.011100,-0.301077
3.798000,0.534772,0.421497,-1.155635,0.272694,0.391194,-2.497723,2.497723,3.000000,0.476859,0.000000,0.000000,0.000409,0.000150,0.000097,0.265082,0.001362,0.409903,0.262814,0.001572,0.393112,-0.011100,-0.303063
3.809000,0.542243,0.414982,-1.131673,0.280165,0.384679,-2.473762,2.473762,3.000000,0.475889,0.000000,0.000000,-0.000163,-0.000400,0.000550,0.265081,0.001361,0.409904,0.262814,0.001572,0.393112,-0.011100,-0.306918
3.820000,0.568984,0.411953,-1.124505,0.306907,0.381650,-2.466594,2.466594,3.000000,0.489743,0.000000,0.000000,0.000124,-0.000066,0.000527,0.265081,0.001361,0.409904,0.262814,0.001572,0.393112,-0.011100,-0.306713
3.831000,0.566290,0.382045,-1.126671,0.304212,0.351742,-2.468759,2.468759,3.000000,0.465046,0.000000,0.000000,-0.000156,-0.000313,-0.000129,0.265081,0.001361,0.409903,0.262814,0.001572,0.393112,-0.011100,-0.301137
3.842000,0.547884,0.368285,-1.135778,0.285806,0.337982,-2.477867,2.477867,3.000000,0.442625,0.000000,0.000000,-0.000093,-0.000349,-0.000044,0.265081,0.001361,0.409904,0.262814,0.001572,0.393112,-0.011100,-0.301882
3.853000,0.575542,0.363887,-1.192263,0.313464,0.333584,-2.534351,2.534351,3.000000,0.457754,0.000000,0.000000,0.000295,-0.000170,0.000998,0.265082,0.001360,0.409906,0.262814,0.001572,0.393112,-0.011100,-0.310756
3.864000,0.528448,0.362383,-1.166891,0.266370,0.332080,-2.508979,2.508979,3.000000,0.425711,0.000000,0.000000,-0.000065,0.000356,0.000149,0.265082,0.001362,0.409906,0.262814,0.001572,0.393112,-0.011100,-0.303556
3.875000,0.486650,0.406892,-1.163510,0.224572,0.376589,-2.505598,2.505598,3.000000,0.438465,0.000000,0.000000,-0.000017,-0.000229,-0.000044,0.265082,0.001361,0.409906,0.262814,0.001572,0.393112,-0.011100,-0.301910
3.886000,0.560006,0.371511,-1.176104,0.297929,0.341208,-2.518192,2.518192,3.000000,0.452973,0.000000,0.000000,-0.000122,0.000204,-0.000624,0.265082,0.001361,0.409904,0.262814,0.001572,0.393112,-0.011100,-0.296956
3.897000,0.505233,0.408919,-1.170546,0.243155,0.378616,-2.512635,2.512635,3.000000,0.449971,0.000000,0.000000,-0.000140,-0.000592,-0.000451,0.265081,0.001358,0.409904,0.262814,0.001572,0.393112,-0.011100,-0.298422
3.908000,0.480158,0.418289,-1.155918,0.218081,0.387986,-2.498007,2.498007,3.000000,0.445076,0.000000,0.000000,-0.000063,-0.000203,0.000034,0.265081,0.001360,0.409904,0.262814,0.001572,0.393112,-0.011100,-0.302534
3.919000,0.533394,0.361969,-1.174978,0.271316,0.331666,-2.517067,2.517067,3.000000,0.428503,0.000000,0.000000,-0.000077,-0.000133,0.000045,0.265081,0.001360,0.409905,0.262814,0.001572,0.393112,-0.011100,-0.302646
3.930000,0.516026,0.354358,-1.202902,0.253948,0.324054,-2.544990,2.544990,3.000000,0.411705,0.000000,0.000000,0.000037,-0.000345,-0.000271,0.265082,0.001360,0.409906,0.262814,0.001572,0.393112,-0.011100,-0.299984
3.941000,0.525275,0.369104,-1.188254,0.263198,0.338800,-2.530343,2.530343,3.000000,0.429021,0.000000,0.000000,0.000301,-0.000194,0.000415,0.265083,0.001360,0.409907,0.262814,0.001572,0.393112,-0.011100,-0.305828
3.952000,0.546358,0.354458,-1.202049,0.284280,0.324155,-2.544138,2.544138,3.000000,0.431151,0.000000,0.000000,-0.000084,0.000092,0.000463,0.265083,0.001360,0.409909,0.262814,0.001572,0.393112,-0.011100,-0.306275
3.963000,0.568690,0.327293,-1.242504,0.306612,0.296990,-2.584592,2.584592,3.000000,0.426865,0.000000,0.000000,-0.000099,-0.000296,0.000212,0.265082,0.001359,0.409908,0.262814,0.001572,0.393112,-0.011100,-0.304130
3.974000,0.519215,0.319319,-1.257788,0.257137,0.289016,-2.599876,2.599876,3.000000,0.386846,0.000000,0.000000,-0.000265,0.000416,-0.000867,0.265082,0.001361,0.409908,0.262814,0.001572,0.393112,-0.011100,-0.294957
3.985000,0.514725,0.345047,-1.215226,0.252647,0.314743,-2.557314,2.557314,3.000000,0.403601,0.000000,0.000000,-0.000196,-0.000200,-0.000271,0.265083,0.001360,0.409912,0.262814,0.001572,0.393112,-0.011100,-0.300092
3.996000,0.565859,0.339041,-1.251469,0.303781,0.308738,-2.593558,2.593558,3.000000,0.433131,0.000000,0.000000,-0.000387,0.000119,-0.000106,0.265083,0.001359,0.409911,0.262814,0.001572,0.393112,-0.011100,-0.301483
4.006000,0.597554,0.311396,-1.283603,0.335477,0.281092,-2.625692,2.625692,3.000000,0.437673,0.000000,0.000000,-0.000299,-0.000186,-0.000774,0.265083,0.001359,0.409911,0.262814,0.001572,0.393112,-0.011100,-0.295805
4.016000,0.587682,0.319608,-1.224298,0.325604,0.289304,-2.566387,2.566387,3.000000,0.435563,0.000000,0.000000,0.000044,0.000109,0.000092,0.265083,0.001360,0.409911,0.262814,0.001572,0.393112,-0.011100,-0.303160
4.026000,0.649718,0.321062,-1.305063,0.387641,0.290759,-2.647151,2.647151,3.000000,0.484568,0.000000,0.000000,0.000167,0.000017,0.000355,0.265083,0.001359,0.409912,0.262814,0.001572,0.393112,-0.011100,-0.305415
4.036000,0.619218,0.326402,-1.288066,0.357140,0.296098,-2.630154,2.630154,3.000000,0.463922,0.000000,0.000000,-0.000296,0.000039,0.000123,0.265083,0.001359,0.409914,0.262814,0.001572,0.393112,-0.011100,-0.303479
4.046000,0.636052,0.336605,-1.307605,0.373974,0.306301,-2.649693,2.649693,3.000000,0.483402,0.000000,0.000000,0.000165,-0.000296,-0.000157,0.265085,0.001358,0.409913,0.262814,0.001572,0.393112,-0.011100,-0.301084
4.056000,0.577141,0.347403,-1.295532,0.315064,0.317100,-2.637620,2.637620,3.000000,0.447010,0.000000,0.000000,0.000090,0.000171,0.000661,0.265085,0.001359,0.409916,0.262814,0.001572,0.393112,-0.011100,-0.308073
4.066000,0.653725,0.333349,-1.317724,0.391647,0.303046,-2.659812,2.659812,3.000000,0.495202,0.000000,0.000000,-0.000219,0.000197,-0.000353,0.265085,0.001357,0.409915,0.262814,0.001572,0.393112,-0.011100,-0.299450
4.076000,0.562419,0.367860,-1.284999,0.300341,0.337557,-2.627087,2.627087,3.000000,0.451829,0.000000,0.000000,-0.000353,0.000518,-0.000662,0.265085,0.001358,0.409916,0.262814,0.001572,0.393112,-0.011100,-0.296848
4.086000,0.511714,0.366425,-1.276838,0.249636,0.336122,-2.618926,2.618926,3.000000,0.418684,0.000000,0.000000,0.000238,0.000024,-0.000231,0.265085,0.001356,0.409917,0.262814,0.001572,0.393112,-0.011100,-0.300527
4.096000,0.512839,0.406859,-1.305607,0.250761,0.376556,-2.647696,2.647696,3.000000,0.452411,0.000000,0.000000,-0.000023,0.000103,0.000562,0.265085,0.001357,0.409919,0.262814,0.001572,0.393112,-0.011100,-0.307284
4.106000,0.477609,0.407919,-1.335550,0.215532,0.377616,-2.677639,2.677639,3.000000,0.434796,0.000000,0.000000,-0.000088,-0.000019,-0.000083,0.265085,0.001356,0.409917,0.262814,0.001572,0.393112,-0.011100,-0.301777
4.116000,0.539175,0.398020,-1.346188,0.277097,0.367717,-2.688276,2.688276,3.000000,0.460433,0.000000,0.000000,-0.000204,-0.000759,-0.000186,0.265085,0.001355,0.409919,0.262814,0.001572,0.393112,-0.011100,-0.300945
4.126000,0.525976,0.400041,-1.303829,0.263898,0.369738,-2.645917,2.645917,3.000000,0.454256,0.000000,0.000000,0.000227,-0.000452,0.000212,0.265086,0.001355,0.409919,0.262814,0.001572,0.393112,-0.011100,-0.304321
4.136000,0.583299,0.416973,-1.339139,0.321221,0.386670,-2.681227,2.681227,3.000000,0.502689,0.000000,0.000000,0.000017,0.000021,-0.000132,0.265086,0.001355,0.409919,0.262814,0.001572,0.393112,-0.011100,-0.301405
4.146000,0.636867,0.388501,-1.352904,0.374790,0.358198,-2.694992,2.694992,3.000000,0.518433,0.000000,0.000000,-0.000161,0.000241,0.000212,0.265086,0.001355,0.409921,0.262814,0.001572,0.393112,-0.011100,-0.304357
4.156000,0.568873,0.358821,-1.312103,0.306795,0.328518,-2.654192,2.654192,3.000000,0.449497,0.000000,0.000000,-0.000008,-0.000151,0.000234,0.265086,0.001354,0.409922,0.262814,0.001572,0.393112,-0.011100,-0.304567
4.166000,0.588836,0.405554,-1.367978,0.326758,0.375250,-2.710066,2.710066,3.000000,0.497578,0.000000,0.000000,0.000214,0.000147,0.000361,0.265088,0.001355,0.409925,0.262814,0.001572,0.393112,-0.011100,-0.305692
4.176000,0.556988,0.386135,-1.350858,0.294910,0.355831,-2.692947,2.692947,3.000000,0.462156,0.000000,0.000000,-0.000548,0.000128,-0.000215,0.265087,0.001353,0.409926,0.262814,0.001572,0.393112,-0.011100,-0.300815
4.186000,0.567583,0.389285,-1.358321,0.305505,0.358982,-2.700410,2.700410,3.000000,0.471383,0.000000,0.000000,-0.000337,-0.000038,-0.000158,0.265088,0.001354,0.409929,0.262814,0.001572,0.393112,-0.011100,-0.301354
4.196000,0.507990,0.407327,-1.399112,0.245912,0.377023,-2.741201,2.741201,3.000000,0.450133,0.000000,0.000000,0.000466,-0.000460,0.000311,0.265091,0.001351,0.409934,0.262814,0.001572,0.393112,-0.011100,-0.305436
4.206000,0.518966,0.395749,-1.419135,0.256888,0.365446,-2.761224,2.761224,3.000000,0.446701,0.000000,0.000000,0.000393,-0.000138,0.001235,0.265092,0.001350,0.409939,0.262814,0.001572,0.393112,-0.011100,-0.313360
4.216000,0.582564,0.395151,-1.446004,0.320486,0.364848,-2.788092,2.788092,3.000000,0.485619,0.000000,0.000000,0.000180,0.000344,0.000508,0.265094,0.001351,0.409946,0.262814,0.001572,0.393112,-0.011100,-0.307308
4.226000,0.615989,0.406860,-1.394137,0.353911,0.376557,-2.736226,2.736226,3.000000,0.516767,0.000000,0.000000,0.000827,0.000397,0.002820,0.265100,0.001350,0.409966,0.262814,0.001572,0.393112,-0.011100,-0.327300
4.236000,0.764693,0.399668,-1.353297,0.502615,0.369365,-2.695385,2.695385,3.000000,0.623741,0.000000,0.000000,0.001155,0.000292,0.003703,0.265110,0.001348,0.409996,0.262814,0.001572,0.393112,-0.011100,-0.335330
4.246000,0.759048,0.408527,-1.364709,0.496971,0.378224,-2.706798,2.706798,3.000000,0.624526,0.000000,0.000000,0.000800,-0.000205,0.002604,0.265120,0.001347,0.410026,0.262814,0.001572,0.393112,-0.011100,-0.326546
4.256000,0.663659,0.397065,-1.379444,0.401582,0.366762,-2.721533,2.721533,3.000000,0.543858,0.000000,0.000000,0.001001,-0.000156,0.003044,0.265130,0.001347,0.410056,0.262814,0.001572,0.393112,-0.011100,-0.330815
4.266000,0.586109,0.413104,-1.370893,0.324032,0.382801,-2.712982,2.712982,3.000000,0.501531,0.000000,0.000000,0.000929,-0.000400,0.002560,0.265139,0.001345,0.410083,0.262814,0.001572,0.393112,-0.011100,-0.327198
4.276000,0.531066,0.421546,-1.337202,0.268989,0.391243,-2.679291,2.679291,3.000000,0.474791,0.000000,0.000000,0.001270,0.000303,0.003447,0.265150,0.001347,0.410114,0.262814,0.001572,0.393112,-0.011100,-0.335272
4.286000,0.577752,0.449470,-1.371191,0.315674,0.419167,-2.713279,2.713279,3.000000,0.524739,0.000000,0.000000,0.001170,-0.000174,0.002859,0.265158,0.001344,0.410138,0.262814,0.001572,0.393112,-0.011100,-0.330728
4.296000,0.548664,0.423840,-1.340314,0.286587,0.393537,-2.682402,2.682402,3.000000,0.486830,0.000000,0.000000,0.000804,0.000133,0.002686,0.265167,0.001343,0.410165,0.262814,0.001572,0.393112,-0.011100,-0.329733
4.306000,0.549993,0.426930,-1.370672,0.287916,0.396627,-2.712760,2.712760,3.000000,0.490111,0.000000,0.000000,0.000952,-0.000218,0.002848,0.265176,0.001343,0.410194,0.262814,0.001572,0.393112,-0.011100,-0.331631
4.316000,0.528040,0.422659,-1.382696,0.265963,0.392356,-2.724785,2.724785,3.000000,0.474003,0.000000,0.000000,0.000783,-0.000674,0.002377,0.265183,0.001343,0.410217,0.262814,0.001572,0.393112,-0.011100,-0.328049
4.326000,0.505997,0.413905,-1.357585,0.243919,0.383601,-2.699674,2.699674,3.000000,0.454584,0.000000,0.000000,0.000637,0.000064,0.001712,0.265190,0.001343,0.410237,0.262814,0.001572,0.393112,-0.011100,-0.322775
4.336000,0.560434,0.406105,-1.411529,0.298357,0.375802,-2.753617,2.753617,3.000000,0.479837,0.000000,0.000000,0.000932,-0.000018,0.002621,0.265196,0.001344,0.410260,0.262814,0.001572,0.393112,-0.011100,-0.330899
4.346000,0.606815,0.388555,-1.432261,0.344738,0.358252,-2.774349,2.774349,3.000000,0.497181,0.000000,0.000000,0.000524,-0.000134,0.001332,0.265203,0.001345,0.410277,0.262814,0.001572,0.393112,-0.011100,-0.320263
4.356000,0.590158,0.371084,-1.432445,0.328081,0.340780,-2.774534,2.774534,3.000000,0.473042,0.000000,0.000000,0.000239,-0.000346,0.002404,0.265208,0.001345,0.410296,0.262814,0.001572,0.393112,-0.011100,-0.329716
4.366000,0.598981,0.408292,-1.410903,0.336904,0.377988,-2.752992,2.752992,3.000000,0.506339,0.000000,0.000000,0.000393,-0.000174,0.001757,0.265213,0.001345,0.410311,0.262814,0.001572,0.393112,-0.011100,-0.324481
4.376000,0.599820,0.383497,-1.372157,0.337742,0.353194,-2.714246,2.714246,3.000000,0.488688,0.000000,0.000000,0.000528,0.000609,0.000488,0.265217,0.001347,0.410321,0.262814,0.001572,0.393112,-0.011100,-0.313893
4.386000,0.544580,0.369484,-1.399517,0.282503,0.339180,-2.741605,2.741605,3.000000,0.441419,0.000000,0.000000,0.000206,-0.000321,0.000726,0.265221,0.001344,0.410334,0.262814,0.001572,0.393112,-0.011100,-0.316144
4.396000,0.523040,0.380458,-1.407694,0.260963,0.350155,-2.749782,2.749782,3.000000,0.436703,0.000000,0.000000,0.000545,0.000337,0.000919,0.265225,0.001346,0.410344,0.262814,0.001572,0.393112,-0.011100,-0.317957
4.406000,0.531539,0.419024,-1.376668,0.269462,0.388721,-2.718757,2.718757,3.000000,0.472984,0.000000,0.000000,0.000191,-0.000552,0.000567,0.265226,0.001345,0.410349,0.262814,0.001572,0.393112,-0.011100,-0.315068
4.416000,0.518576,0.395981,-1.369968,0.256498,0.365678,-2.712057,2.712057,3.000000,0.446667,0.000000,0.000000,0.000407,0.000043,0.000511,0.265228,0.001346,0.410354,0.262814,0.001572,0.393112,-0.011100,-0.314687
4.426000,0.530458,0.343668,-1.330422,0.268380,0.313365,-2.672511,2.672511,3.000000,0.412584,0.000000,0.000000,-0.000003,0.000270,0.000525,0.265229,0.001345,0.410358,0.262814,0.001572,0.393112,-0.011100,-0.314884
4.436000,0.543748,0.352764,-1.323764,0.281671,0.322461,-2.665852,2.665852,3.000000,0.428158,0.000000,0.000000,-0.000082,0.000198,-0.000179,0.265229,0.001344,0.410358,0.262814,0.001572,0.393112,-0.011100,-0.308913
4.446000,0.493701,0.409541,-1.297880,0.231623,0.379238,-2.639969,2.639969,3.000000,0.444377,0.000000,0.000000,-0.000001,-0.000003,-0.000209,0.265229,0.001344,0.410360,0.262814,0.001572,0.393112,-0.011100,-0.308681
4.456000,0.503902,0.417410,-1.318700,0.241824,0.387107,-2.660789,2.660789,3.000000,0.456433,0.000000,0.000000,0.000210,0.000246,0.000557,0.265230,0.001344,0.410362,0.262814,0.001572,0.393112,-0.011100,-0.315214
4.466000,0.567110,0.395763,-1.306610,0.305032,0.365460,-2.648698,2.648698,3.000000,0.476031,0.000000,0.000000,0.000329,0.000056,0.000360,0.265231,0.001343,0.410363,0.262814,0.001572,0.393112,-0.011100,-0.313565
4.476000,0.529090,0.392379,-1.300414,0.267012,0.362076,-2.642502,2.642502,3.000000,0.449883,0.000000,0.000000,-0.000415,0.000121,-0.000183,0.265229,0.001344,0.410361,0.262814,0.001572,0.393112,-0.011100,-0.308922
4.486000,0.536076,0.431055,-1.313334,0.273999,0.400752,-2.655423,2.655423,3.000000,0.485466,0.000000,0.000000,-0.000349,0.000352,-0.000355,0.265229,0.001344,0.410361,0.262814,0.001572,0.393112,-0.011100,-0.307462
4.496000,0.573217,0.409376,-1.313288,0.311139,0.379073,-2.655376,2.655376,3.000000,0.490412,0.000000,0.000000,-0.000132,-0.000023,-0.000676,0.265229,0.001343,0.410360,0.262814,0.001572,0.393112,-0.011100,-0.304720
4.506000,0.567741,0.393861,-1.309879,0.305664,0.363558,-2.651968,2.651968,3.000000,0.474979,0.000000,0.000000,-0.000086,0.000194,-0.000434,0.265230,0.001343,0.410361,0.262814,0.001572,0.393112,-0.011100,-0.306799
4.516000,0.582151,0.374002,-1.296703,0.320073,0.343699,-2.638792,2.638792,3.000000,0.469655,0.000000,0.000000,0.000096,-0.000298,0.000620,0.265230,0.001343,0.410363,0.262814,0.001572,0.393112,-0.011100,-0.315780
4.526000,0.543518,0.386753,-1.324830,0.281441,0.356450,-2.666918,2.666918,3.000000,0.454165,0.000000,0.000000,0.000204,-0.000114,0.000522,0.265231,0.001343,0.410365,0.262814,0.001572,0.393112,-0.011100,-0.314977
4.536000,0.540590,0.404990,-1.308781,0.278512,0.374687,-2.650870,2.650870,3.000000,0.466861,0.000000,0.000000,-0.000060,0.000142,0.000195,0.265231,0.001343,0.410367,0.262814,0.001572,0.393112,-0.011100,-0.312231
4.546000,0.542056,0.367474,-1.318368,0.279978,0.337171,-2.660456,2.660456,3.000000,0.438260,0.000000,0.000000,-0.000138,-0.000288,0.000276,0.265231,0.001342,0.410367,0.262814,0.001572,0.393112,-0.011100,-0.312929
4.556000,0.581645,0.357037,-1.318445,0.319568,0.326734,-2.660533,2.660533,3.000000,0.457032,0.000000,0.000000,-0.000387,-0.000317,-0.000541,0.265230,0.001342,0.410364,0.262814,0.001572,0.393112,-0.011100,-0.305938
4.566000,0.564669,0.388241,-1.298509,0.302592,0.357938,-2.640598,2.640598,3.000000,0.468702,0.000000,0.000000,-0.000268,-0.000222,-0.000525,0.265230,0.001341,0.410365,0.262814,0.001572,0.393112,-0.011100,-0.306097
4.576000,0.587337,0.337991,-1.331325,0.325260,0.307688,-2.673414,2.673414,3.000000,0.447734,0.000000,0.000000,0.000419,0.000520,0.001067,0.265231,0.001342,0.410368,0.262814,0.001572,0.393112,-0.011100,-0.319664
4.586000,0.535054,0.376599,-1.314217,0.272977,0.346296,-2.656305,2.656305,3.000000,0.440951,0.000000,0.000000,0.000078,-0.000064,0.000105,0.265231,0.001341,0.410366,0.262814,0.001572,0.393112,-0.011100,-0.311460
4.596000,0.526002,0.392642,-1.282228,0.263924,0.362339,-2.624316,2.624316,3.000000,0.448269,0.000000,0.000000,-0.000157,-0.000294,-0.000315,0.265230,0.001338,0.410366,0.262814,0.001572,0.393112,-0.011100,-0.307887
4.606000,0.564769,0.411309,-1.283110,0.302692,0.381006,-2.625199,2.625199,3.000000,0.486608,0.000000,0.000000,0.000055,-0.000156,-0.000202,0.265231,0.001340,0.410366,0.262814,0.001572,0.393112,-0.011100,-0.308849
4.616000,0.570113,0.427489,-1.265447,0.308036,0.397186,-2.607535,2.607535,3.000000,0.502636,0.000000,0.000000,-0.000033,0.000178,0.000049,0.265230,0.001341,0.410366,0.262814,0.001572,0.393112,-0.011100,-0.310993
4.626000,0.554473,0.430729,-1.253405,0.292395,0.400425,-2.595493,2.595493,3.000000,0.495818,0.000000,0.000000,-0.000208,-0.000064,0.000071,0.265230,0.001339,0.410366,0.262814,0.001572,0.393112,-0.011100,-0.311177
4.636000,0.565343,0.433667,-1.267016,0.303266,0.403364,-2.609104,2.609104,3.000000,0.504651,0.000000,0.000000,0.000030,0.000044,-0.000310,0.265231,0.001339,0.410367,0.262814,0.001572,0.393112,-0.011100,-0.307952
4.646000,0.546192,0.426530,-1.303094,0.284115,0.396227,-2.645183,2.645183,3.000000,0.487562,0.000000,0.000000,-0.000369,-0.000119,0.000080,0.265229,0.001339,0.410366,0.262814,0.001572,0.393112,-0.011100,-0.311249
4.656000,0.577483,0.394396,-1.274283,0.315406,0.364093,-2.616371,2.616371,3.000000,0.481710,0.000000,0.000000,-0.000062,-0.000381,-0.000142,0.265230,0.001337,0.410366,0.262814,0.001572,0.393112,-0.011100,-0.309351
4.666000,0.551985,0.395942,-1.273788,0.289907,0.365639,-2.615877,2.615877,3.000000,0.466624,0.000000,0.000000,0.000090,0.000125,0.000196,0.265231,0.001338,0.410367,0.262814,0.001572,0.393112,-0.011100,-0.312253
4.676000,0.588390,0.409738,-1.289168,0.326313,0.379435,-2.631256,2.631256,3.000000,0.500451,0.000000,0.000000,-0.000188,0.000380,0.000107,0.265231,0.001338,0.410371,0.262814,0.001572,0.393112,-0.011100,-0.311563
4.686000,0.613769,0.383063,-1.338087,0.351691,0.352760,-2.680175,2.680175,3.000000,0.498123,0.000000,0.000000,0.000337,-0.000086,0.000558,0.265232,0.001337,0.410375,0.262814,0.001572,0.393112,-0.011100,-0.315466
4.696000,0.584645,0.401138,-1.337103,0.322567,0.370835,-2.679191,2.679191,3.000000,0.491496,0.000000,0.000000,0.000185,0.000423,0.000763,0.265232,0.001339,0.410377,0.262814,0.001572,0.393112,-0.011100,-0.317233
4.706000,0.627595,0.424916,-1.351583,0.365518,0.394613,-2.693672,2.693672,3.000000,0.537887,0.000000,0.000000,-0.000276,0.000026,0.000223,0.265232,0.001338,0.410377,0.262814,0.001572,0.393112,-0.011100,-0.312659
4.716000,0.661056,0.411417,-1.348347,0.398979,0.381114,-2.690436,2.690436,3.000000,0.551753,0.000000,0.000000,-0.000104,0.000375,0.000458,0.265231,0.001338,0.410376,0.262814,0.001572,0.393112,-0.011100,-0.314631
4.726000,0.667411,0.382542,-1.347394,0.405334,0.352239,-2.689483,2.689483,3.000000,0.536999,0.000000,0.000000,-0.000169,0.000352,-0.000086,0.265232,0.001337,0.410377,0.262814,0.001572,0.393112,-0.011100,-0.310030
4.736000,0.629060,0.393225,-1.306323,0.366983,0.362922,-2.648412,2.648412,3.000000,0.516129,0.000000,0.000000,0.000008,0.000428,-0.000125,0.265232,0.001337,0.410376,0.262814,0.001572,0.393112,-0.011100,-0.309688
4.746000,0.611807,0.442984,-1.307340,0.349730,0.412681,-2.649429,2.649429,3.000000,0.540940,0.000000,0.000000,0.000307,0.000164,0.000560,0.265232,0.001336,0.410377,0.262814,0.001572,0.393112,-0.011100,-0.315520
4.756000,0.608908,0.450822,-1.304766,0.346831,0.420519,-2.646854,2.646854,3.000000,0.545094,0.000000,0.000000,0.000398,0.000323,0.000532,0.265232,0.001335,0.410375,0.262814,0.001572,0.393112,-0.011100,-0.315243
4.766000,0.576435,0.423247,-1.317833,0.314358,0.392944,-2.659922,2.659922,3.000000,0.503216,0.000000,0.000000,0.000062,-0.000144,0.000599,0.265232,0.001335,0.410377,0.262814,0.001572,0.393112,-0.011100,-0.315843
4.776000,0.573945,0.434082,-1.314001,0.311867,0.403779,-2.656090,2.656090,3.000000,0.510195,0.000000,0.000000,0.000160,0.000055,0.000284,0.265232,0.001335,0.410377,0.262814,0.001572,0.393112,-0.011100,-0.313176
4.786000,0.531349,0.421562,-1.294204,0.269271,0.391259,-2.636293,2.636293,3.000000,0.474964,0.000000,0.000000,0.000056,0.000217,0.000203,0.265231,0.001334,0.410376,0.262814,0.001572,0.393112,-0.011100,-0.312474
4.796000,0.613351,0.429380,-1.329413,0.351274,0.399077,-2.671502,2.671502,3.000000,0.531654,0.000000,0.000000,0.000211,0.000246,0.000480,0.265232,0.001334,0.410377,0.262814,0.001572,0.393112,-0.011100,-0.314835
4.806000,0.673319,0.411513,-1.360692,0.411241,0.381210,-2.702781,2.702781,3.000000,0.560750,0.000000,0.000000,-0.000039,-0.000409,0.000318,0.265231,0.001333,0.410378,0.262814,0.001572,0.393112,-0.011100,-0.313487
4.816000,0.676511,0.433165,-1.343743,0.414433,0.402862,-2.685832,2.685832,3.000000,0.577973,0.000000,0.000000,-0.000013,0.000148,0.000416,0.265231,0.001333,0.410378,0.262814,0.001572,0.393112,-0.011100,-0.314311
4.826000,0.629922,0.436113,-1.303119,0.367844,0.405810,-2.645207,2.645207,3.000000,0.547714,0.000000,0.000000,0.000228,-0.000457,0.000755,0.265232,0.001332,0.410383,0.262814,0.001572,0.393112,-0.011100,-0.317281
4.836000,0.709582,0.441137,-1.344980,0.447504,0.410833,-2.687068,2.687068,3.000000,0.607490,0.000000,0.000000,0.000058,0.000255,-0.000043,0.265232,0.001334,0.410382,0.262814,0.001572,0.393112,-0.011100,-0.310480
4.846000,0.703210,0.458515,-1.328141,0.441132,0.428212,-2.670229,2.670229,3.000000,0.614787,0.000000,0.000000,0.000009,0.000090,-0.000271,0.265232,0.001333,0.410381,0.262814,0.001572,0.393112,-0.011100,-0.308546
4.856000,0.634892,0.414020,-1.362969,0.372815,0.383717,-2.705058,2.705058,3.000000,0.535004,0.000000,0.000000,0.000309,-0.000091,0.000916,0.265232,0.001332,0.410381,0.262814,0.001572,0.393112,-0.011100,-0.318614
4.866000,0.582864,0.423941,-1.397907,0.320787,0.393638,-2.739996,2.739996,3.000000,0.507794,0.000000,0.000000,0.000125,0.000153,0.000198,0.265232,0.001331,0.410381,0.262814,0.001572,0.393112,-0.011100,-0.312525
4.876000,0.586130,0.433138,-1.379183,0.324052,0.402834,-2.721271,2.721271,3.000000,0.516996,0.000000,0.000000,-0.000120,-0.000107,0.000146,0.265232,0.001332,0.410381,0.262814,0.001572,0.393112,-0.011100,-0.312078
4.886000,0.551914,0.460269,-1.365605,0.289836,0.429965,-2.707694,2.707694,3.000000,0.518532,0.000000,0.000000,0.000076,-0.000148,0.000072,0.265232,0.001332,0.410382,0.262814,0.001572,0.393112,-0.011100,-0.311475
4.896000,0.531826,0.465221,-1.381286,0.269748,0.434917,-2.723375,2.723375,3.000000,0.511778,0.000000,0.000000,-0.000160,0.000235,-0.000999,0.265232,0.001331,0.410380,0.262814,0.001572,0.393112,-0.011100,-0.302339
4.906000,0.495652,0.437606,-1.368698,0.233574,0.407303,-2.710786,2.710786,3.000000,0.469524,0.000000,0.000000,-0.000092,0.000337,0.000328,0.265233,0.001332,0.410384,0.262814,0.001572,0.393112,-0.011100,-0.313682
4.916000,0.466687,0.441613,-1.360054,0.204610,0.411309,-2.702143,2.702143,3.000000,0.459391,0.000000,0.000000,0.000350,0.000073,0.000870,0.265233,0.001331,0.410384,0.262814,0.001572,0.393112,-0.011100,-0.318276
4.926000,0.446581,0.421243,-1.371422,0.184504,0.390940,-2.713511,2.713511,3.000000,0.432291,0.000000,0.000000,0.000023,-0.000039,0.000300,0.265233,0.001330,0.410384,0.262814,0.001572,0.393112,-0.011100,-0.313441
4.936000,0.479045,0.469685,-1.394403,0.216967,0.439382,-2.736491,2.736491,3.000000,0.490032,0.000000,0.000000,0.000406,0.000621,0.000511,0.265234,0.001331,0.410388,0.262814,0.001572,0.393112,-0.011100,-0.315293
4.946000,0.486805,0.478885,-1.405522,0.224727,0.448582,-2.747611,2.747611,3.000000,0.501725,0.000000,0.000000,-0.000133,-0.000594,-0.000222,0.265233,0.001328,0.410387,0.262814,0.001572,0.393112,-0.011100,-0.309071
4.956000,0.474106,0.470729,-1.429633,0.212029,0.440426,-2.771722,2.771722,3.000000,0.488806,0.000000,0.000000,-0.000091,-0.000086,-0.000375,0.265233,0.001329,0.410385,0.262814,0.001572,0.393112,-0.011100,-0.307727
4.966000,0.504124,0.459196,-1.442652,0.242046,0.428893,-2.784740,2.784740,3.000000,0.492479,0.000000,0.000000,-0.000001,-0.000405,0.000103,0.265234,0.001329,0.410388,0.262814,0.001572,0.393112,-0.011100,-0.311843
4.976000,0.461794,0.455789,-1.405481,0.199716,0.425486,-2.747570,2.747570,3.000000,0.470026,0.000000,0.000000,0.000404,-0.000399,-0.000233,0.265234,0.001329,0.410386,0.262814,0.001572,0.393112,-0.011100,-0.308959
4.986000,0.449284,0.463540,-1.410443,0.187207,0.433237,-2.752531,2.752531,3.000000,0.471954,0.000000,0.000000,0.000068,-0.000451,-0.000421,0.265233,0.001328,0.410385,0.262814,0.001572,0.393112,-0.011100,-0.307340
4.996000,0.485988,0.432862,-1.386439,0.223911,0.402559,-2.728528,2.728528,3.000000,0.460641,0.000000,0.000000,0.000515,0.000422,0.001033,0.265234,0.001328,0.410388,0.262814,0.001572,0.393112,-0.011100,-0.319735
5.006000,0.464839,0.420000,-1.351996,0.202761,0.389697,-2.694085,2.694085,3.000000,0.439290,0.000000,0.000000,-0.000402,-0.000054,-0.000818,0.265232,0.001326,0.410384,0.262814,0.001572,0.393112,-0.011100,-0.303954
5.016000,0.440971,0.461144,-1.352750,0.178893,0.430841,-2.694839,2.694839,3.000000,0.466505,0.000000,0.000000,-0.000281,0.000124,0.000216,0.265232,0.001326,0.410388,0.262814,0.001572,0.393112,-0.011100,-0.312791
5.026000,0.475809,0.476224,-1.359557,0.213731,0.445921,-2.701645,2.701645,3.000000,0.494497,0.000000,0.000000,-0.000185,0.000194,-0.000172,0.265233,0.001326,0.410386,0.262814,0.001572,0.393112,-0.011100,-0.309477
5.036000,0.460967,0.467500,-1.359468,0.198890,0.437197,-2.701556,2.701556,3.000000,0.480310,0.000000,0.000000,0.000342,0.000234,0.000244,0.265234,0.001325,0.410387,0.262814,0.001572,0.393112,-0.011100,-0.313014
5.046000,0.457351,0.509554,-1.367993,0.195273,0.479251,-2.710082,2.710082,3.000000,0.517507,0.000000,0.000000,-0.000371,-0.000169,-0.000476,0.265233,0.001323,0.410389,0.262814,0.001572,0.393112,-0.011100,-0.306940
5.056000,0.485593,0.467187,-1.364535,0.223516,0.436884,-2.706624,2.706624,3.000000,0.490741,0.000000,0.000000,-0.000344,0.000122,-0.000220,0.265232,0.001324,0.410389,0.262814,0.001572,0.393112,-0.011100,-0.309107
5.066000,0.489114,0.503599,-1.390796,0.227036,0.473296,-2.732884,2.732884,3.000000,0.524933,0.000000,0.000000,-0.000348,-0.000656,-0.000731,0.265232,0.001322,0.410388,0.262814,0.001572,0.393112,-0.011100,-0.304755
5.076000,0.456118,0.515858,-1.347756,0.194041,0.485555,-2.689844,2.689844,3.000000,0.522891,0.000000,0.000000,-0.000009,-0.000304,-0.000314,0.265232,0.001323,0.410388,0.262814,0.001572,0.393112,-0.011100,-0.308305
5.086000,0.526453,0.484831,-1.397820,0.264376,0.454528,-2.739909,2.739909,3.000000,0.525823,0.000000,0.000000,-0.000342,-0.000223,-0.000534,0.265232,0.001322,0.410387,0.262814,0.001572,0.393112,-0.011100,-0.306412
5.096000,0.512224,0.466811,-1.384970,0.250147,0.436508,-2.727059,2.727059,3.000000,0.503103,0.000000,0.000000,0.000021,-0.000132,-0.000210,0.265233,0.001322,0.410390,0.262814,0.001572,0.393112,-0.011100,-0.309216
5.106000,0.479347,0.535548,-1.369558,0.217270,0.505245,-2.711647,2.711647,3.000000,0.549981,0.000000,0.000000,0.000256,-0.000058,0.000460,0.265234,0.001321,0.410390,0.262814,0.001572,0.393112,-0.011100,-0.314901
5.116000,0.452382,0.522913,-1.378040,0.190305,0.492610,-2.720129,2.720129,3.000000,0.528091,0.000000,0.000000,0.000021,-0.000219,-0.000334,0.265234,0.001321,0.410390,0.262814,0.001572,0.393112,-0.011100,-0.308163
5.126000,0.429359,0.501940,-1.381849,0.167281,0.471637,-2.723938,2.723938,3.000000,0.500424,0.000000,0.000000,-0.000144,0.000252,-0.000078,0.265233,0.001320,0.410388,0.262814,0.001572,0.393112,-0.011100,-0.310302
5.136000,0.425487,0.500112,-1.413225,0.163410,0.469808,-2.755314,2.755314,3.000000,0.497416,0.000000,0.000000,0.000249,-0.000400,0.000963,0.265235,0.001319,0.410392,0.262814,0.001572,0.393112,-0.011100,-0.319216
5.146000,0.372485,0.504637,-1.424010,0.110408,0.474334,-2.766099,2.766099,3.000000,0.487014,0.000000,0.000000,0.000013,0.000233,-0.000182,0.265235,0.001320,0.410391,0.262814,0.001572,0.393112,-0.011100,-0.309480
5.156000,0.318312,0.523108,-1.431018,0.056234,0.492805,-2.773106,2.773106,3.000000,0.496003,0.000000,0.000000,-0.000250,0.000199,-0.000144,0.265234,0.001320,0.410392,0.262814,0.001572,0.393112,-0.011100,-0.309807
5.166000,0.325412,0.532492,-1.416252,0.063335,0.502189,-2.758340,2.758340,3.000000,0.506167,0.000000,0.000000,0.000132,0.000069,-0.000158,0.265235,0.001319,0.410392,0.262814,0.001572,0.393112,-0.011100,-0.309688
5.176000,0.324964,0.515556,-1.435918,0.062886,0.485253,-2.778006,2.778006,3.000000,0.489310,0.000000,0.000000,-0.000053,-0.000062,0.000275,0.265235,0.001319,0.410394,0.262814,0.001572,0.393112,-0.011100,-0.313399
5.186000,0.338430,0.541957,-1.427267,0.076353,0.511654,-2.769356,2.769356,3.000000,0.517319,0.000000,0.000000,0.000365,0.000461,0.000703,0.265235,0.001319,0.410395,0.262814,0.001572,0.393112,-0.011100,-0.317051
5.196000,0.385915,0.520598,-1.404755,0.123837,0.490294,-2.746843,2.746843,3.000000,0.505692,0.000000,0.000000,-0.000189,-0.000157,-0.000621,0.265235,0.001317,0.410392,0.262814,0.001572,0.393112,-0.011100,-0.305764
5.206000,0.327677,0.531896,-1.386043,0.065600,0.501593,-2.728131,2.728131,3.000000,0.505864,0.000000,0.000000,-0.000075,0.000212,-0.000240,0.265235,0.001318,0.410393,0.262814,0.001572,0.393112,-0.011100,-0.309016
5.216000,0.319361,0.506292,-1.418495,0.057283,0.475989,-2.760583,2.760583,3.000000,0.479423,0.000000,0.000000,0.000014,-0.000260,0.000101,0.265235,0.001317,0.410393,0.262814,0.001572,0.393112,-0.011100,-0.311909
5.226000,0.420012,0.490359,-1.442603,0.157935,0.460055,-2.784691,2.784691,3.000000,0.486410,0.000000,0.000000,0.000053,0.000146,0.000143,0.265234,0.001317,0.410392,0.262814,0.001572,0.393112,-0.011100,-0.312255
5.236000,0.379831,0.488329,-1.435668,0.117753,0.458026,-2.777757,2.777757,3.000000,0.472920,0.000000,0.000000,-0.000432,0.000140,0.000233,0.265234,0.001317,0.410394,0.262814,0.001572,0.393112,-0.011100,-0.313045
5.246000,0.390532,0.511020,-1.437700,0.128455,0.480717,-2.779788,2.779788,3.000000,0.497584,0.000000,0.000000,0.000276,0.000063,0.000914,0.265236,0.001316,0.410397,0.262814,0.001572,0.393112,-0.011100,-0.318875
5.256000,0.316120,0.484582,-1.425713,0.054043,0.454279,-2.767802,2.767802,3.000000,0.457482,0.000000,0.000000,0.000067,-0.000064,0.000207,0.265236,0.001316,0.410397,0.262814,0.001572,0.393112,-0.011100,-0.312875
5.266000,0.323697,0.504037,-1.440487,0.061619,0.473734,-2.782575,2.782575,3.000000,0.477725,0.000000,0.000000,-0.000169,-0.000424,-0.000819,0.265236,0.001315,0.410393,0.262814,0.001572,0.393112,-0.011100,-0.304110
5.276000,0.315495,0.500183,-1.443225,0.053418,0.469879,-2.785314,2.785314,3.000000,0.472906,0.000000,0.000000,0.000183,0.000074,0.000349,0.265236,0.001316,0.410398,0.262814,0.001572,0.393112,-0.011100,-0.314099
5.286000,0.334139,0.496711,-1.459995,0.072061,0.466408,-2.802083,2.802083,3.000000,0.471942,0.000000,0.000000,0.000049,0.000247,0.000141,0.265236,0.001316,0.410398,0.262814,0.001572,0.393112,-0.011100,-0.312336
5.296000,0.423115,0.483574,-1.469658,0.161037,0.453271,-2.811746,2.811746,3.000000,0.481028,0.000000,0.000000,0.000059,0.000184,-0.000445,0.265235,0.001317,0.410395,0.262814,0.001572,0.393112,-0.011100,-0.307322
5.306000,0.387592,0.487487,-1.451244,0.125515,0.457183,-2.793332,2.793332,3.000000,0.474100,0.000000,0.000000,0.000301,-0.000311,0.000647,0.265236,0.001316,0.410399,0.262814,0.001572,0.393112,-0.011100,-0.316657
5.316000,0.344682,0.480884,-1.465962,0.082604,0.450581,-2.808051,2.808051,3.000000,0.458090,0.000000,0.000000,0.000434,-0.000345,0.000900,0.265236,0.001314,0.410399,0.262814,0.001572,0.393112,-0.011100,-0.318803
5.326000,0.428198,0.419053,-1.488228,0.166121,0.388750,-2.830317,2.830317,3.000000,0.422756,0.000000,0.000000,0.000067,-0.000169,0.000234,0.265235,0.001315,0.410397,0.262814,0.001572,0.393112,-0.011100,-0.313113
5.336000,0.463919,0.405405,-1.466181,0.201841,0.375102,-2.808269,2.808269,3.000000,0.425959,0.000000,0.000000,-0.000229,-0.000272,-0.000075,0.265234,0.001315,0.410397,0.262814,0.001572,0.393112,-0.011100,-0.310484
5.346000,0.427145,0.440475,-1.479341,0.165068,0.410172,-2.821429,2.821429,3.000000,0.442140,0.000000,0.000000,-0.000191,0.000463,0.000374,0.265235,0.001317,0.410398,0.262814,0.001572,0.393112,-0.011100,-0.314324
5.356000,0.389901,0.446909,-1.500340,0.127824,0.416606,-2.842428,2.842428,3.000000,0.435775,0.000000,0.000000,0.000023,0.000353,0.000206,0.265236,0.001317,0.410399,0.262814,0.001572,0.393112,-0.011100,-0.312912
5.366000,0.289125,0.449989,-1.424409,0.027047,0.419686,-2.766497,2.766497,3.000000,0.420557,0.000000,0.000000,0.000202,0.000223,-0.000855,0.265235,0.001315,0.410395,0.262814,0.001572,0.393112,-0.011100,-0.303842
5.376000,0.364100,0.428190,-1.472273,0.102023,0.397886,-2.814362,2.814362,3.000000,0.410758,0.000000,0.000000,-0.000154,0.000074,-0.000216,0.265235,0.001315,0.410397,0.262814,0.001572,0.393112,-0.011100,-0.309299
5.386000,0.390132,0.436750,-1.470668,0.128054,0.406447,-2.812756,2.812756,3.000000,0.426142,0.000000,0.000000,0.000482,0.000140,0.000627,0.265237,0.001315,0.410402,0.262814,0.001572,0.393112,-0.011100,-0.316533
5.396000,0.363153,0.436537,-1.480414,0.101076,0.406234,-2.822503,2.822503,3.000000,0.418619,0.000000,0.000000,0.000112,0.000294,0.000533,0.265236,0.001316,0.410401,0.262814,0.001572,0.393112,-0.011100,-0.315715
5.406000,0.377894,0.428343,-1.463124,0.115816,0.398040,-2.805213,2.805213,3.000000,0.414547,0.000000,0.000000,-0.000159,-0.000050,-0.000256,0.265234,0.001314,0.410398,0.262814,0.001572,0.393112,-0.011100,-0.308979
5.416000,0.413027,0.427306,-1.476784,0.150949,0.397003,-2.818872,2.818872,3.000000,0.424731,0.000000,0.000000,-0.000083,0.000293,0.000077,0.265235,0.001315,0.410401,0.262814,0.001572,0.393112,-0.011100,-0.311851
5.426000,0.383023,0.453844,-1.438036,0.120945,0.423541,-2.780124,2.780124,3.000000,0.440471,0.000000,0.000000,-0.000040,-0.000331,-0.000343,0.265234,0.001314,0.410398,0.262814,0.001572,0.393112,-0.011100,-0.308238
5.436000,0.417610,0.443749,-1.457369,0.155532,0.413446,-2.799458,2.799458,3.000000,0.441733,0.000000,0.000000,-0.000117,-0.000163,0.000439,0.265235,0.001313,0.410399,0.262814,0.001572,0.393112,-0.011100,-0.314890
5.446000,0.463602,0.459102,-1.459280,0.201525,0.428799,-2.801368,2.801368,3.000000,0.473794,0.000000,0.000000,0.000127,0.000248,0.000779,0.265235,0.001314,0.410401,0.262814,0.001572,0.393112,-0.011100,-0.317806
5.456000,0.493303,0.480871,-1.449239,0.231225,0.450568,-2.791328,2.791328,3.000000,0.506435,0.000000,0.000000,-0.000032,-0.000490,0.000591,0.265235,0.001312,0.410400,0.262814,0.001572,0.393112,-0.011100,-0.316192
5.466000,0.397903,0.466001,-1.428048,0.135826,0.435697,-2.770137,2.770137,3.000000,0.456378,0.000000,0.000000,-0.000231,-0.000012,-0.000199,0.265233,0.001312,0.410398,0.262814,0.001572,0.393112,-0.011100,-0.309443
5.476000,0.349205,0.482369,-1.440872,0.087128,0.452066,-2.782960,2.782960,3.000000,0.460385,0.000000,0.000000,0.000003,0.000107,-0.000452,0.265235,0.001312,0.410398,0.262814,0.001572,0.393112,-0.011100,-0.307313
5.486000,0.399997,0.491677,-1.412605,0.137919,0.461373,-2.754694,2.754694,3.000000,0.481547,0.000000,0.000000,0.000009,-0.000276,0.000300,0.265235,0.001312,0.410400,0.262814,0.001572,0.393112,-0.011100,-0.313722
5.496000,0.371067,0.514256,-1.416820,0.108990,0.483953,-2.758909,2.758909,3.000000,0.496074,0.000000,0.000000,-0.000357,-0.000317,-0.000828,0.265234,0.001310,0.410398,0.262814,0.001572,0.393112,-0.011100,-0.304117
5.506000,0.409140,0.505007,-1.430367,0.147063,0.474704,-2.772455,2.772455,3.000000,0.496962,0.000000,0.000000,-0.000116,-0.000341,0.000382,0.265235,0.001310,0.410399,0.262814,0.001572,0.393112,-0.011100,-0.314404
5.516000,0.406585,0.498276,-1.427690,0.144507,0.467973,-2.769778,2.769778,3.000000,0.489776,0.000000,0.000000,0.000140,0.000253,-0.000547,0.265235,0.001311,0.410399,0.262814,0.001572,0.393112,-0.011100,-0.306509
5.526000,0.366760,0.541364,-1.426167,0.104682,0.511061,-2.768256,2.768256,3.000000,0.521672,0.000000,0.000000,0.000242,-0.000271,0.000755,0.265235,0.001308,0.410400,0.262814,0.001572,0.393112,-0.011100,-0.317595
5.536000,0.415893,0.528677,-1.452775,0.153816,0.498374,-2.794864,2.794864,3.000000,0.521571,0.000000,0.000000,0.000018,0.000452,0.000181,0.265234,0.001310,0.410398,0.262814,0.001572,0.393112,-0.011100,-0.312684
5.546000,0.406337,0.515364,-1.447243,0.144260,0.485061,-2.789331,2.789331,3.000000,0.506058,0.000000,0.000000,-0.000014,0.000154,-0.000151,0.265234,0.001310,0.410399,0.262814,0.001572,0.393112,-0.011100,-0.309872
5.556000,0.396824,0.518199,-1.420929,0.134746,0.487896,-2.763018,2.763018,3.000000,0.506161,0.000000,0.000000,0.000093,0.000626,-0.000047,0.265233,0.001310,0.410397,0.262814,0.001572,0.393112,-0.011100,-0.310735
5.566000,0.386400,0.523695,-1.407775,0.124322,0.493392,-2.749863,2.749863,3.000000,0.508814,0.000000,0.000000,0.000109,0.000051,0.000385,0.265234,0.001308,0.410400,0.262814,0.001572,0.393112,-0.011100,-0.314442
5.576000,0.373533,0.542532,-1.405400,0.111455,0.512229,-2.747488,2.747488,3.000000,0.524214,0.000000,0.000000,0.000420,-0.000077,0.000068,0.265235,0.001309,0.410400,0.262814,0.001572,0.393112,-0.011100,-0.311755
5.586000,0.377297,0.548400,-1.436790,0.115219,0.518096,-2.778879,2.778879,3.000000,0.530754,0.000000,0.000000,0.000095,0.000192,0.000139,0.265235,0.001308,0.410401,0.262814,0.001572,0.393112,-0.011100,-0.312373
5.596000,0.415157,0.536880,-1.425227,0.153080,0.506577,-2.767316,2.767316,3.000000,0.529201,0.000000,0.000000,-0.000018,0.000105,-0.000260,0.265234,0.001308,0.410401,0.262814,0.001572,0.393112,-0.011100,-0.308984
5.606000,0.438977,0.518463,-1.443358,0.176900,0.488159,-2.785446,2.785446,3.000000,0.519224,0.000000,0.000000,0.000134,-0.000364,-0.000346,0.265234,0.001307,0.410399,0.262814,0.001572,0.393112,-0.011100,-0.308230
5.616000,0.430147,0.527615,-1.426475,0.168069,0.497312,-2.768564,2.768564,3.000000,0.524945,0.000000,0.000000,0.000162,0.000058,0.000410,0.265234,0.001308,0.410402,0.262814,0.001572,0.393112,-0.011100,-0.314689
5.626000,0.426473,0.526672,-1.419548,0.164396,0.496369,-2.761637,2.761637,3.000000,0.522884,0.000000,0.000000,0.000121,-0.000400,-0.000013,0.265234,0.001307,0.410400,0.262814,0.001572,0.393112,-0.011100,-0.311065
5.636000,0.439506,0.523367,-1.440853,0.177428,0.493064,-2.782941,2.782941,3.000000,0.524016,0.000000,0.000000,0.000184,0.000005,0.000450,0.265234,0.001306,0.410401,0.262814,0.001572,0.393112,-0.011100,-0.315007
5.646000,0.466380,0.501865,-1.457952,0.204302,0.471562,-2.800040,2.800040,3.000000,0.513916,0.000000,0.000000,0.000282,-0.000160,0.001007,0.265234,0.001306,0.410401,0.262814,0.001572,0.393112,-0.011100,-0.319751
5.656000,0.429369,0.506438,-1.422348,0.167291,0.476135,-2.764436,2.764436,3.000000,0.504669,0.000000,0.000000,-0.000067,0.000054,-0.000395,0.265234,0.001306,0.410401,0.262814,0.001572,0.393112,-0.011100,-0.307839
5.666000,0.437152,0.502242,-1.413294,0.175075,0.471939,-2.755382,2.755382,3.000000,0.503366,0.000000,0.000000,-0.000159,0.000310,-0.000492,0.265233,0.001307,0.410399,0.262814,0.001572,0.393112,-0.011100,-0.306985
5.676000,0.462898,0.475745,-1.411648,0.200820,0.445442,-2.753737,2.753737,3.000000,0.488618,0.000000,0.000000,-0.000005,0.000257,0.000195,0.265233,0.001308,0.410403,0.262814,0.001572,0.393112,-0.011100,-0.312883
5.686000,0.508308,0.471593,-1.430056,0.246230,0.441290,-2.772144,2.772144,3.000000,0.505338,0.000000,0.000000,0.000039,0.000173,-0.000497,0.265234,0.001307,0.410403,0.262814,0.001572,0.393112,-0.011100,-0.307007
5.696000,0.432441,0.506972,-1.395162,0.170363,0.476669,-2.737251,2.737251,3.000000,0.506199,0.000000,0.000000,-0.000433,-0.000237,-0.001351,0.265233,0.001306,0.410400,0.262814,0.001572,0.393112,-0.011100,-0.299719
5.706000,0.448101,0.499213,-1.396432,0.186024,0.468910,-2.738521,2.738521,3.000000,0.504461,0.000000,0.000000,0.000464,0.000659,0.001308,0.265234,0.001307,0.410406,0.262814,0.001572,0.393112,-0.011100,-0.322386
5.716000,0.450830,0.480950,-1.455026,0.188752,0.450647,-2.797115,2.797115,3.000000,0.488579,0.000000,0.000000,0.000099,-0.000105,-0.000470,0.265233,0.001305,0.410401,0.262814,0.001572,0.393112,-0.011100,-0.307213
5.726000,0.444741,0.495339,-1.450700,0.182664,0.465036,-2.792789,2.792789,3.000000,0.499624,0.000000,0.000000,0.000171,-0.000280,-0.000243,0.265234,0.001305,0.410404,0.262814,0.001572,0.393112,-0.011100,-0.309182
5.736000,0.510140,0.504024,-1.497300,0.248062,0.473721,-2.839388,2.839388,3.000000,0.534739,0.000000,0.000000,0.000143,-0.000241,0.000627,0.265234,0.001305,0.410404,0.262814,0.001572,0.393112,-0.011100,-0.316575
5.746000,0.471655,0.522031,-1.484151,0.209578,0.491728,-2.826239,2.826239,3.000000,0.534527,0.000000,0.000000,0.000164,-0.000003,0.000144,0.265234,0.001306,0.410403,0.262814,0.001572,0.393112,-0.011100,-0.312445
5.756000,0.441019,0.486923,-1.493376,0.178942,0.456620,-2.835464,2.835464,3.000000,0.490430,0.000000,0.000000,-0.000065,-0.000273,-0.001128,0.265234,0.001305,0.410401,0.262814,0.001572,0.393112,-0.011100,-0.301634
5.766000,0.423403,0.470385,-1.467855,0.161326,0.440082,-2.809943,2.809943,3.000000,0.468720,0.000000,0.000000,-0.000108,0.000331,0.000164,0.265234,0.001305,0.410407,0.262814,0.001572,0.393112,-0.011100,-0.312686
5.776000,0.426309,0.465981,-1.483591,0.164232,0.435677,-2.825680,2.825680,3.000000,0.465604,0.000000,0.000000,-0.000062,0.000180,-0.000300,0.265234,0.001305,0.410406,0.262814,0.001572,0.393112,-0.011100,-0.308738
5.786000,0.382112,0.454383,-1.483360,0.120035,0.424080,-2.825449,2.825449,3.000000,0.440741,0.000000,0.000000,-0.000035,-0.000098,0.000178,0.265233,0.001305,0.410408,0.262814,0.001572,0.393112,-0.011100,-0.312835
5.796000,0.447438,0.489826,-1.558545,0.185360,0.459522,-2.900633,2.900633,3.000000,0.495499,0.000000,0.000000,0.000067,0.000177,0.000295,0.265233,0.001305,0.410408,0.262814,0.001572,0.393112,-0.011100,-0.313833
5.806000,0.466935,0.479482,-1.564538,0.204858,0.449178,-2.906627,2.906627,3.000000,0.493688,0.000000,0.000000,0.000114,0.000670,0.000252,0.265234,0.001307,0.410409,0.262814,0.001572,0.393112,-0.011100,-0.313476
5.816000,0.479265,0.460653,-1.527123,0.217188,0.430350,-2.869212,2.869212,3.000000,0.482049,0.000000,0.000000,-0.000153,-0.000084,0.000268,0.265233,0.001304,0.410410,0.262814,0.001572,0.393112,-0.011100,-0.313641
5.826000,0.490176,0.471584,-1.555930,0.228098,0.441281,-2.898019,2.898019,3.000000,0.496747,0.000000,0.000000,0.000042,-0.000462,-0.000287,0.265233,0.001304,0.410409,0.262814,0.001572,0.393112,-0.011100,-0.308914
5.836000,0.470135,0.459625,-1.539601,0.208058,0.429322,-2.881689,2.881689,3.000000,0.477080,0.000000,0.000000,0.000271,-0.000251,-0.000123,0.265234,0.001302,0.410411,0.262814,0.001572,0.393112,-0.011100,-0.310329
5.846000,0.464034,0.488356,-1.545102,0.201956,0.458052,-2.887190,2.887190,3.000000,0.500598,0.000000,0.000000,0.000113,-0.000169,-0.000872,0.265233,0.001302,0.410410,0.262814,0.001572,0.393112,-0.011100,-0.303951
5.856000,0.460262,0.514860,-1.558575,0.198185,0.484557,-2.900664,2.900664,3.000000,0.523519,0.000000,0.000000,-0.000209,0.000036,-0.000662,0.265233,0.001302,0.410409,0.262814,0.001572,0.393112,-0.011100,-0.305735
5.866000,0.519521,0.500456,-1.588464,0.257443,0.470152,-2.930553,2.930553,3.000000,0.536023,0.000000,0.000000,0.000353,0.000055,0.001019,0.265234,0.001302,0.410414,0.262814,0.001572,0.393112,-0.011100,-0.320082
5.876000,0.455405,0.514936,-1.629015,0.193328,0.484632,-2.971103,2.971103,3.000000,0.521770,0.000000,0.000000,-0.000112,0.000162,0.000177,0.265233,0.001301,0.410413,0.262814,0.001572,0.393112,-0.011100,-0.312909
5.886000,0.465784,0.522621,-1.610258,0.203707,0.492318,-2.952346,2.952346,3.000000,0.532798,0.000000,0.000000,-0.000092,0.000100,0.000631,0.265233,0.001301,0.410415,0.262814,0.001572,0.393112,-0.011100,-0.316794
5.896000,0.457357,0.508493,-1.571222,0.195280,0.478190,-2.913310,2.913310,3.000000,0.516526,0.000000,0.000000,-0.000011,-0.000036,-0.000170,0.265233,0.001300,0.410411,0.262814,0.001572,0.393112,-0.011100,-0.309934
5.906000,0.422373,0.500597,-1.590744,0.160296,0.470294,-2.932832,2.932832,3.000000,0.496861,0.000000,0.000000,0.000041,0.000396,-0.000652,0.265233,0.001301,0.410411,0.262814,0.001572,0.393112,-0.011100,-0.305850
5.916000,0.513537,0.488137,-1.603780,0.251460,0.457834,-2.945868,2.945868,3.000000,0.522345,0.000000,0.000000,-0.000139,-0.000122,0.000094,0.265233,0.001300,0.410414,0.262814,0.001572,0.393112,-0.011100,-0.312234
5.926000,0.535692,0.507131,-1.608651,0.273615,0.476828,-2.950740,2.950740,3.000000,0.549754,0.000000,0.000000,-0.000102,-0.000132,-0.000082,0.265232,0.001300,0.410415,0.262814,0.001572,0.393112,-0.011100,-0.310761
5.936000,0.500958,0.494976,-1.595723,0.238880,0.464673,-2.937811,2.937811,3.000000,0.522480,0.000000,0.000000,0.000321,0.000345,0.000273,0.265233,0.001302,0.410415,0.262814,0.001572,0.393112,-0.011100,-0.313760
5.946000,0.567543,0.456749,-1.622166,0.305465,0.426446,-2.964255,2.964255,3.000000,0.524562,0.000000,0.000000,0.000003,0.000077,0.000105,0.265232,0.001301,0.410417,0.262814,0.001572,0.393112,-0.011100,-0.312377
5.956000,0.508730,0.448027,-1.588395,0.246653,0.417723,-2.930483,2.930483,3.000000,0.485109,0.000000,0.000000,0.000081,-0.000279,0.000818,0.265232,0.001300,0.410417,0.262814,0.001572,0.393112,-0.011100,-0.318428
5.966000,0.543753,0.405290,-1.566381,0.281676,0.374987,-2.908470,2.908470,3.000000,0.468995,0.000000,0.000000,-0.000618,0.000541,-0.001361,0.265229,0.001301,0.410410,0.262814,0.001572,0.393112,-0.011100,-0.299814
5.976000,0.524436,0.413018,-1.563792,0.262358,0.382714,-2.905881,2.905881,3.000000,0.464007,0.000000,0.000000,0.000364,-0.000334,0.000159,0.265232,0.001299,0.410413,0.262814,0.001572,0.393112,-0.011100,-0.312763
5.986000,0.505255,0.440121,-1.561168,0.243177,0.409818,-2.903256,2.903256,3.000000,0.476535,0.000000,0.000000,0.000323,0.000089,0.000143,0.265232,0.001302,0.410415,0.262814,0.001572,0.393112,-0.011100,-0.312660
5.996000,0.485365,0.411972,-1.563662,0.223288,0.381669,-2.905750,2.905750,3.000000,0.442186,0.000000,0.000000,0.000021,0.000137,0.000807,0.265232,0.001302,0.410420,0.262814,0.001572,0.393112,-0.011100,-0.318391
6.006000,0.480912,0.412617,-1.596840,0.218835,0.382314,-2.938929,2.938929,3.000000,0.440514,0.000000,0.000000,0.000706,-0.000560,0.000823,0.265234,0.001302,0.410424,0.262814,0.001572,0.393112,-0.011100,-0.318593
6.016000,0.535633,0.380417,-1.655658,0.273556,0.350113,-2.997746,2.997746,3.000000,0.444311,0.000000,0.000000,0.000361,-0.000471,0.001261,0.265236,0.001302,0.410430,0.262814,0.001572,0.393112,-0.011100,-0.322408
6.026000,0.467795,0.389987,-1.711677,0.205718,0.359684,-3.053765,3.053765,3.000000,0.414357,0.000000,0.000000,0.000232,0.000311,0.000431,0.265236,0.001305,0.410430,0.262814,0.001572,0.393112,-0.011100,-0.315365
6.036000,0.422013,0.381107,-1.728245,0.159936,0.350803,-3.070334,3.070334,3.000000,0.385542,0.000000,0.000000,0.000220,0.000111,0.000781,0.265237,0.001303,0.410435,0.262814,0.001572,0.393112,-0.011100,-0.318428
6.046000,0.434641,0.346572,-1.759615,0.172563,0.316269,-3.101704,3.101704,3.000000,0.360283,0.000000,0.000000,0.000010,-0.000041,0.000462,0.265237,0.001303,0.410438,0.262814,0.001572,0.393112,-0.011100,-0.315776
6.056000,0.494975,0.331911,-1.785482,0.232898,0.301608,-3.127571,3.127571,3.000000,0.381063,0.000000,0.000000,0.000270,0.000351,0.000466,0.265238,0.001305,0.410440,0.262814,0.001572,0.393112,-0.011100,-0.315850
6.066000,0.454898,0.338628,-1.781042,0.192820,0.308325,-3.123131,3.123131,3.000000,0.363653,0.000000,0.000000,-0.000410,0.000302,-0.000050,0.265235,0.001304,0.410440,0.262814,0.001572,0.393112,-0.011100,-0.311479
6.076000,0.561245,0.325421,-1.788573,0.299168,0.295118,-3.130662,3.130662,3.000000,0.420233,0.000000,0.000000,-0.000382,-0.000153,0.000310,0.265234,0.001302,0.410443,0.262814,0.001572,0.393112,-0.011100,-0.314575
6.086000,0.709721,0.298547,-1.761551,0.447644,0.268244,-3.103640,3.103640,3.000000,0.521862,0.000000,0.000000,-0.000047,0.000280,0.001442,0.265232,0.001303,0.410452,0.262814,0.001572,0.393112,-0.011100,-0.324350
6.096000,0.909848,0.291569,-1.828353,0.647771,0.261265,-3.170442,3.170442,3.000000,0.698475,0.000000,0.000000,-0.000318,-0.000309,0.002756,0.265226,0.001302,0.410470,0.262814,0.001572,0.393112,-0.011100,-0.335823
6.106000,0.783476,0.318823,-1.800977,0.521399,0.288519,-3.143065,3.143065,3.000000,0.595903,0.000000,0.000000,-0.000392,0.000563,0.000931,0.265221,0.001304,0.410485,0.262814,0.001572,0.393112,-0.011100,-0.320601
6.116000,0.413832,0.376220,-1.720959,0.151755,0.345917,-3.063048,3.063048,3.000000,0.377741,0.000000,0.000000,-0.000098,-0.000222,0.000511,0.265221,0.001303,0.410495,0.262814,0.001572,0.393112,-0.011100,-0.317216
6.126000,0.189208,0.421628,-1.688331,-0.072869,0.391325,-3.030420,3.030420,3.000000,0.398052,0.000000,0.000000,-0.000457,-0.000378,0.000487,0.265220,0.001301,0.410501,0.262814,0.001572,0.393112,-0.011100,-0.317133
6.136000,0.101363,0.419897,-1.617497,-0.160715,0.389594,-2.959585,2.959585,3.000000,0.421441,0.000000,0.000000,-0.000261,-0.000077,-0.000622,0.265216,0.001301,0.410497,0.262814,0.001572,0.393112,-0.011100,-0.307651
6.146000,0.086826,0.441232,-1.636271,-0.175251,0.410929,-2.978360,2.978360,3.000000,0.446739,0.000000,0.000000,-0.000458,0.000027,0.000697,0.265215,0.001302,0.410503,0.262814,0.001572,0.393112,-0.011100,-0.318943
6.156000,0.326696,0.472282,-1.680556,0.064618,0.441978,-3.022645,3.022645,3.000000,0.446677,0.000000,0.000000,-0.000011,0.000601,0.001679,0.265216,0.001300,0.410517,0.262814,0.001572,0.393112,-0.011100,-0.327525
6.166000,0.446904,0.478685,-1.694681,0.184826,0.448382,-3.036769,3.036769,3.000000,0.484982,0.000000,0.000000,-0.000125,0.000189,0.001757,0.265214,0.001299,0.410530,0.262814,0.001572,0.393112,-0.011100,-0.328430
6.176000,0.480185,0.513583,-1.734099,0.218107,0.483280,-3.076187,3.076187,3.000000,0.530217,0.000000,0.000000,-0.000375,-0.000049,0.001259,0.265210,0.001298,0.410539,0.262814,0.001572,0.393112,-0.011100,-0.324364
6.186000,0.431944,0.538477,-1.738114,0.169867,0.508174,-3.080203,3.080203,3.000000,0.535813,0.000000,0.000000,0.000052,-0.000305,0.001594,0.265207,0.001297,0.410549,0.262814,0.001572,0.393112,-0.011100,-0.327376
6.196000,0.199988,0.554053,-1.747771,-0.062089,0.523749,-3.089860,3.089860,3.000000,0.527417,0.000000,0.000000,-0.000111,-0.000128,0.000421,0.265205,0.001297,0.410550,0.262814,0.001572,0.393112,-0.011100,-0.317447
6.206000,0.035803,0.585756,-1.791755,-0.226275,0.555453,-3.133844,3.133844,3.000000,0.599774,0.000000,0.000000,-0.000019,-0.000022,0.000214,0.265204,0.001296,0.410555,0.262814,0.001572,0.393112,-0.011100,-0.315782
6.216000,0.012821,0.585607,-1.748967,-0.249256,0.555303,-3.091056,3.091056,3.000000,0.608679,0.000000,0.000000,-0.000028,0.000167,0.000573,0.265204,0.001295,0.410561,0.262814,0.001572,0.393112,-0.011100,-0.318939
6.226000,0.054098,0.608525,-1.758434,-0.207979,0.578222,-3.100523,3.100523,3.000000,0.614489,0.000000,0.000000,-0.000095,-0.000334,0.000343,0.265203,0.001295,0.410564,0.262814,0.001572,0.393112,-0.011100,-0.317032
6.236000,0.108817,0.593477,-1.762375,-0.153260,0.563173,-3.104463,3.104463,3.000000,0.583655,0.000000,0.000000,0.000177,-0.000151,0.000653,0.265202,0.001295,0.410568,0.262814,0.001572,0.393112,-0.011100,-0.319745
6.246000,0.184803,0.571365,-1.791863,-0.077275,0.541062,-3.133951,3.133951,3.000000,0.546552,0.000000,0.000000,-0.000073,-0.000153,0.000916,0.265201,0.001295,0.410576,0.262814,0.001572,0.393112,-0.011100,-0.322123
6.256000,0.349539,0.518501,-1.847407,0.087462,0.488198,-3.189495,3.189495,3.000000,0.495971,0.000000,0.000000,-0.000574,0.000323,0.001204,0.265199,0.001296,0.410587,0.262814,0.001572,0.393112,-0.011100,-0.324769
6.266000,0.428011,0.525070,-1.865176,0.165934,0.494767,-3.207265,3.207265,3.000000,0.521851,0.000000,0.000000,-0.000727,0.000267,0.000180,0.265196,0.001296,0.410596,0.262814,0.001572,0.393112,-0.011100,-0.316238
6.276000,0.390525,0.522340,-1.903008,0.128447,0.492036,-3.245097,3.245097,3.000000,0.508526,0.000000,0.000000,-0.000107,0.000230,0.000983,0.265195,0.001296,0.410612,0.262814,0.001572,0.393112,-0.011100,-0.323332
6.286000,0.300223,0.541095,-1.952054,0.038145,0.510792,-3.294143,3.294143,3.000000,0.512214,0.000000,0.000000,-0.000309,-0.000136,0.001600,0.265193,0.001294,0.410626,0.262814,0.001572,0.393112,-0.011100,-0.328827
6.296000,0.203463,0.542545,-1.941429,-0.058614,0.512242,-3.283518,3.283518,3.000000,0.515584,0.000000,0.000000,0.000394,0.000137,0.001954,0.265195,0.001296,0.410644,0.262814,0.001572,0.393112,-0.011100,-0.332150
6.306000,0.119200,0.535490,-1.941942,-0.142878,0.505187,-3.284031,3.284031,3.000000,0.525003,0.000000,0.000000,0.000601,0.000026,0.003064,0.265198,0.001296,0.410668,0.262814,0.001572,0.393112,-0.011100,-0.341994
6.316000,0.103087,0.530413,-1.901051,-0.158990,0.500110,-3.243140,3.243140,3.000000,0.524774,0.000000,0.000000,0.001005,-0.000074,0.003611,0.265207,0.001296,0.410700,0.262814,0.001572,0.393112,-0.011100,-0.347215
6.326000,0.227151,0.514868,-1.897325,-0.034927,0.484565,-3.239414,3.239414,3.000000,0.485822,0.000000,0.000000,0.001342,0.000311,0.003776,0.265217,0.001299,0.410739,0.262814,0.001572,0.393112,-0.011100,-0.349330
6.336000,0.229416,0.492111,-1.931053,-0.032661,0.461808,-3.273142,3.273142,3.000000,0.462961,0.000000,0.000000,0.001095,-0.000220,0.003442,0.265226,0.001297,0.410777,0.262814,0.001572,0.393112,-0.011100,-0.347165
6.346000,0.353174,0.475841,-1.935669,0.091096,0.445537,-3.277757,3.277757,3.000000,0.454755,0.000000,0.000000,0.000495,0.000221,0.003057,0.265234,0.001298,0.410815,0.262814,0.001572,0.393112,-0.011100,-0.344598
6.356000,0.396610,0.501264,-1.912796,0.134533,0.470961,-3.254884,3.254884,3.000000,0.489799,0.000000,0.000000,0.000789,0.000052,0.003674,0.265242,0.001297,0.410856,0.262814,0.001572,0.393112,-0.011100,-0.350555
6.366000,0.357525,0.489474,-1.940115,0.095448,0.459171,-3.282204,3.282204,3.000000,0.468986,0.000000,0.000000,0.000206,0.000558,0.003432,0.265250,0.001297,0.410896,0.262814,0.001572,0.393112,-0.011100,-0.349222
6.376000,0.300233,0.532993,-1.945804,0.038156,0.502690,-3.287893,3.287893,3.000000,0.504136,0.000000,0.000000,0.001004,-0.000062,0.003146,0.265260,0.001295,0.410933,0.262814,0.001572,0.393112,-0.011100,-0.347456
6.386000,0.233146,0.583247,-2.000596,-0.028932,0.552944,-3.342684,3.342684,3.000000,0.553700,0.000000,0.000000,0.000992,-0.000116,0.003473,0.265269,0.001292,0.410974,0.262814,0.001572,0.393112,-0.011100,-0.350982
6.396000,0.178765,0.579627,-2.012927,-0.083313,0.549323,-3.355016,3.355016,3.000000,0.555605,0.000000,0.000000,0.001102,-0.000504,0.004118,0.265279,0.001285,0.411013,0.262814,0.001572,0.393112,-0.011100,-0.357149
6.406000,0.141687,0.576691,-2.008073,-0.120390,0.546388,-3.350161,3.350161,3.000000,0.559494,0.000000,0.000000,0.001064,-0.000901,0.003941,0.265288,0.001274,0.411049,0.262814,0.001572,0.393112,-0.011100,-0.356299
6.416000,0.172361,0.610178,-2.019919,-0.089716,0.579874,-3.362008,3.362008,3.000000,0.586774,0.000000,0.000000,0.001213,-0.000636,0.003766,0.265299,0.001267,0.411086,0.262814,0.001572,0.393112,-0.011100,-0.355484
6.426000,0.150748,0.600053,-1.999897,-0.111329,0.569749,-3.341986,3.341986,3.000000,0.580524,0.000000,0.000000,0.001251,-0.000962,0.003797,0.265309,0.001259,0.411125,0.262814,0.001572,0.393112,-0.011100,-0.356447
6.436000,0.206109,0.616863,-1.976183,-0.055968,0.586560,-3.318272,3.318272,3.000000,0.589224,0.000000,0.000000,0.000404,-0.000723,0.002890,0.265317,0.001255,0.411160,0.262814,0.001572,0.393112,-0.011100,-0.349381
6.446000,0.221281,0.579357,-1.991193,-0.040796,0.549054,-3.333281,3.333281,3.000000,0.550567,0.000000,0.000000,0.000752,0.000144,0.002915,0.265328,0.001253,0.411198,0.262814,0.001572,0.393112,-0.011100,-0.350271
6.456000,0.293813,0.572398,-2.005158,0.031736,0.542095,-3.347246,3.347246,3.000000,0.543023,0.000000,0.000000,0.000964,0.000327,0.004238,0.265339,0.001250,0.411239,0.262814,0.001572,0.393112,-0.011100,-0.362244
6.466000,0.222864,0.577999,-2.013166,-0.039214,0.547695,-3.355255,3.355255,3.000000,0.549097,0.000000,0.000000,0.001137,-0.000568,0.003677,0.265350,0.001245,0.411272,0.262814,0.001572,0.393112,-0.011100,-0.358082
6.476000,0.132772,0.592006,-1.972496,-0.129306,0.561703,-3.314584,3.314584,3.000000,0.576394,0.000000,0.000000,0.000612,0.000014,0.003624,0.265360,0.001242,0.411308,0.262814,0.001572,0.393112,-0.011100,-0.358267
6.486000,0.115436,0.591752,-1.962610,-0.146641,0.561448,-3.304698,3.304698,3.000000,0.580283,0.000000,0.000000,0.000749,-0.000248,0.003197,0.265369,0.001238,0.411339,0.262814,0.001572,0.393112,-0.011100,-0.355212
6.496000,0.119878,0.587833,-1.956881,-0.142199,0.557530,-3.298969,3.298969,3.000000,0.575378,0.000000,0.000000,0.000840,0.000057,0.003435,0.265380,0.001236,0.411375,0.262814,0.001572,0.393112,-0.011100,-0.357886
6.506000,0.165202,0.588456,-1.971626,-0.096875,0.558153,-3.313715,3.313715,3.000000,0.566497,0.000000,0.000000,0.000632,-0.000715,0.003393,0.265390,0.001231,0.411409,0.262814,0.001572,0.393112,-0.011100,-0.358135
6.516000,0.187709,0.616999,-2.025651,-0.074368,0.586696,-3.367740,3.367740,3.000000,0.591390,0.000000,0.000000,0.000834,-0.000721,0.003322,0.265400,0.001228,0.411443,0.262814,0.001572,0.393112,-0.011100,-0.358134
6.526000,0.222187,0.574997,-2.076540,-0.039891,0.544694,-3.418629,3.418629,3.000000,0.546152,0.000000,0.000000,0.000811,-0.000492,0.003361,0.265410,0.001225,0.411476,0.262814,0.001572,0.393112,-0.011100,-0.359064
6.536000,0.216320,0.549278,-2.054828,-0.045757,0.518975,-3.396917,3.396917,3.000000,0.520988,0.000000,0.000000,0.000325,-0.000949,0.003507,0.265419,0.001218,0.411510,0.262814,0.001572,0.393112,-0.011100,-0.360921
6.546000,0.175278,0.552397,-2.011437,-0.086799,0.522094,-3.353526,3.353526,3.000000,0.529260,0.000000,0.000000,0.001051,-0.001450,0.003456,0.265429,0.001208,0.411544,0.262814,0.001572,0.393112,-0.011100,-0.361093
6.556000,0.161632,0.562312,-2.015831,-0.100445,0.532009,-3.357920,3.357920,3.000000,0.541408,0.000000,0.000000,0.001094,-0.001130,0.002978,0.265437,0.001197,0.411576,0.262814,0.001572,0.393112,-0.011100,-0.357614
6.566000,0.223721,0.545192,-2.003251,-0.038357,0.514889,-3.345340,3.345340,3.000000,0.516316,0.000000,0.000000,0.000855,-0.001271,0.002809,0.265445,0.001181,0.411607,0.262814,0.001572,0.393112,-0.011100,-0.356742
6.576000,0.259371,0.507957,-1.977499,-0.002707,0.477654,-3.319587,3.319587,3.000000,0.477661,0.000000,0.000000,0.000733,-0.001033,0.002821,0.265454,0.001170,0.411639,0.262814,0.001572,0.393112,-0.011100,-0.357415
6.586000,0.212185,0.494485,-1.957757,-0.049893,0.464182,-3.299846,3.299846,3.000000,0.466856,0.000000,0.000000,0.001185,-0.000822,0.003350,0.265462,0.001160,0.411669,0.262814,0.001572,0.393112,-0.011100,-0.362449
6.596000,0.183165,0.493249,-1.954792,-0.078913,0.462945,-3.296881,3.296881,3.000000,0.469623,0.000000,0.000000,0.000198,-0.001173,0.001716,0.265467,0.001149,0.411691,0.262814,0.001572,0.393112,-0.011100,-0.348971
6.606000,0.231394,0.459410,-1.931960,-0.030684,0.429107,-3.274049,3.274049,3.000000,0.430203,0.000000,0.000000,0.000500,-0.001067,0.002699,0.265473,0.001141,0.411717,0.262814,0.001572,0.393112,-0.011100,-0.357774
6.616000,0.239596,0.458626,-1.964756,-0.022482,0.428323,-3.306845,3.306845,3.000000,0.428913,0.000000,0.000000,0.000458,-0.000665,0.002020,0.265478,0.001133,0.411735,0.262814,0.001572,0.393112,-0.011100,-0.352351
6.626000,0.208072,0.462721,-1.975165,-0.054005,0.432418,-3.317253,3.317253,3.000000,0.435777,0.000000,0.000000,0.000812,-0.000546,0.002468,0.265485,0.001125,0.411759,0.262814,0.001572,0.393112,-0.011100,-0.356580
6.636000,0.223977,0.453166,-1.965022,-0.038100,0.422863,-3.307110,3.307110,3.000000,0.424576,0.000000,0.000000,0.000766,-0.000477,0.002476,0.265489,0.001119,0.411780,0.262814,0.001572,0.393112,-0.011100,-0.357035
6.646000,0.147827,0.475288,-1.965424,-0.114250,0.444985,-3.307512,3.307512,3.000000,0.459418,0.000000,0.000000,0.000147,-0.000542,0.001599,0.265494,0.001113,0.411802,0.262814,0.001572,0.393112,-0.011100,-0.349982
6.656000,0.194733,0.468917,-1.973385,-0.067344,0.438614,-3.315474,3.315474,3.000000,0.443754,0.000000,0.000000,0.000507,-0.001053,0.002430,0.265501,0.001105,0.411828,0.262814,0.001572,0.393112,-0.011100,-0.357493
6.666000,0.172835,0.461534,-1.976606,-0.089242,0.431231,-3.318695,3.318695,3.000000,0.440369,0.000000,0.000000,0.000654,-0.000223,0.002269,0.265507,0.001100,0.411848,0.262814,0.001572,0.393112,-0.011100,-0.356498
6.676000,0.198121,0.458955,-1.987268,-0.063956,0.428652,-3.329357,3.329357,3.000000,0.433397,0.000000,0.000000,0.000795,-0.001430,0.002532,0.265512,0.001091,0.411872,0.262814,0.001572,0.393112,-0.011100,-0.359154
6.686000,0.158999,0.473897,-1.973156,-0.103079,0.443594,-3.315244,3.315244,3.000000,0.455413,0.000000,0.000000,0.000592,-0.000541,0.002188,0.265516,0.001085,0.411893,0.262814,0.001572,0.393112,-0.011100,-0.356624
6.696000,0.222630,0.437955,-1.980210,-0.039448,0.407652,-3.322298,3.322298,3.000000,0.409556,0.000000,0.000000,0.000211,-0.001321,0.001978,0.265521,0.001075,0.411914,0.262814,0.001572,0.393112,-0.011100,-0.355214
6.706000,0.231193,0.450622,-1.954422,-0.030885,0.420318,-3.296511,3.296511,3.000000,0.421452,0.000000,0.000000,0.000248,-0.000611,0.001506,0.265525,0.001066,0.411932,0.262814,0.001572,0.393112,-0.011100,-0.351538
6.716000,0.216911,0.476642,-1.974614,-0.045166,0.446339,-3.316703,3.316703,3.000000,0.448619,0.000000,0.000000,0.000361,-0.001330,0.000954,0.265530,0.001054,0.411950,0.262814,0.001572,0.393112,-0.011100,-0.347163
6.726000,0.130980,0.472079,-1.947482,-0.131098,0.441775,-3.289570,3.289570,3.000000,0.460817,0.000000,0.000000,0.000704,-0.001507,0.001991,0.265534,0.001042,0.411969,0.262814,0.001572,0.393112,-0.011100,-0.356307
6.736000,0.110870,0.454476,-1.928865,-0.151208,0.424173,-3.270954,3.270954,3.000000,0.450318,0.000000,0.000000,0.000525,-0.001312,0.001225,0.265537,0.001032,0.411982,0.262814,0.001572,0.393112,-0.011100,-0.350044
6.746000,0.102990,0.427250,-1.942245,-0.159087,0.396947,-3.284333,3.284333,3.000000,0.427639,0.000000,0.000000,0.000751,-0.001388,0.002220,0.265540,0.001019,0.412000,0.262814,0.001572,0.393112,-0.011100,-0.358806
6.756000,0.170677,0.406134,-1.970313,-0.091401,0.375831,-3.312402,3.312402,3.000000,0.386786,0.000000,0.000000,0.000622,-0.001119,0.001924,0.265545,0.001005,0.412018,0.262814,0.001572,0.393112,-0.011100,-0.356621
6.766000,0.194688,0.421016,-2.025472,-0.067389,0.390713,-3.367561,3.367561,3.000000,0.396482,0.000000,0.000000,0.000112,-0.001591,0.001025,0.265547,0.000990,0.412032,0.262814,0.001572,0.393112,-0.011100,-0.349249
6.776000,0.222226,0.399869,-2.036256,-0.039851,0.369566,-3.378345,3.378345,3.000000,0.371708,0.000000,0.000000,0.000236,-0.001633,0.001779,0.265552,0.000975,0.412050,0.262814,0.001572,0.393112,-0.011100,-0.355982
6.786000,0.241430,0.430731,-2.093193,-0.020647,0.400427,-3.435281,3.435281,3.000000,0.400959,0.000000,0.000000,0.000782,-0.001849,0.002138,0.265558,0.000960,0.412076,0.262814,0.001572,0.393112,-0.011100,-0.359486
6.796000,0.200510,0.424218,-2.106515,-0.061568,0.393915,-3.448603,3.448603,3.000000,0.398697,0.000000,0.000000,0.000739,-0.000923,0.002677,0.265565,0.000946,0.412101,0.262814,0.001572,0.393112,-0.011100,-0.364515
6.806000,0.196889,0.401096,-2.111459,-0.065189,0.370792,-3.453547,3.453547,3.000000,0.376479,0.000000,0.000000,0.000691,-0.001270,0.001726,0.265571,0.000931,0.412124,0.262814,0.001572,0.393112,-0.011100,-0.356861
6.816000,0.229071,0.352482,-2.110530,-0.033006,0.322179,-3.452619,3.452619,3.000000,0.323865,0.000000,0.000000,0.000380,-0.001095,0.002466,0.265579,0.000917,0.412154,0.262814,0.001572,0.393112,-0.011100,-0.363677
6.826000,0.235105,0.365982,-2.097893,-0.026973,0.335679,-3.439981,3.439981,3.000000,0.336761,0.000000,0.000000,0.000630,-0.000996,0.002446,0.265587,0.000904,0.412182,0.262814,0.001572,0.393112,-0.011100,-0.364006
6.836000,0.220911,0.385285,-2.095788,-0.041167,0.354982,-3.437876,3.437876,3.000000,0.357361,0.000000,0.000000,0.000488,-0.001246,0.001567,0.265595,0.000890,0.412208,0.262814,0.001572,0.393112,-0.011100,-0.357017
6.846000,0.185871,0.370178,-2.083541,-0.076206,0.339874,-3.425630,3.425630,3.000000,0.348313,0.000000,0.000000,0.000539,-0.000904,0.002414,0.265602,0.000877,0.412236,0.262814,0.001572,0.393112,-0.011100,-0.364712
6.856000,0.174719,0.364780,-2.076142,-0.087358,0.334477,-3.418230,3.418230,3.000000,0.345697,0.000000,0.000000,0.000741,-0.001042,0.002434,0.265610,0.000865,0.412265,0.262814,0.001572,0.393112,-0.011100,-0.365394
6.866000,0.165335,0.367584,-2.075565,-0.096742,0.337281,-3.417653,3.417653,3.000000,0.350881,0.000000,0.000000,0.000626,-0.001081,0.002523,0.265619,0.000851,0.412293,0.262814,0.001572,0.393112,-0.011100,-0.366666
6.876000,0.153760,0.357112,-2.082875,-0.108318,0.326808,-3.424963,3.424963,3.000000,0.344291,0.000000,0.000000,0.000911,-0.001127,0.004003,0.265629,0.000842,0.412325,0.262814,0.001572,0.393112,-0.011100,-0.379798
6.886000,0.183539,0.355828,-2.088336,-0.078539,0.325525,-3.430425,3.430425,3.000000,0.334865,0.000000,0.000000,0.000309,-0.000952,0.002316,0.265637,0.000832,0.412356,0.262814,0.001572,0.393112,-0.011100,-0.366037
6.896000,0.222674,0.335508,-2.156720,-0.039404,0.305205,-3.498808,3.498808,3.000000,0.307738,0.000000,0.000000,0.001203,-0.000537,0.003924,0.265650,0.000823,0.412395,0.262814,0.001572,0.393112,-0.011100,-0.380387
6.906000,0.192031,0.335823,-2.130642,-0.070046,0.305519,-3.472730,3.472730,3.000000,0.313446,0.000000,0.000000,0.001328,-0.000390,0.003912,0.265662,0.000814,0.412431,0.262814,0.001572,0.393112,-0.011100,-0.380935
6.916000,0.213680,0.355244,-2.148355,-0.048397,0.324941,-3.490444,3.490444,3.000000,0.328525,0.000000,0.000000,0.001326,-0.000826,0.003899,0.265675,0.000807,0.412471,0.262814,0.001572,0.393112,-0.011100,-0.381531
6.926000,0.223968,0.360435,-2.101029,-0.038109,0.330131,-3.443118,3.443118,3.000000,0.332324,0.000000,0.000000,0.001186,-0.000670,0.004585,0.265687,0.000801,0.412510,0.262814,0.001572,0.393112,-0.011100,-0.388061
6.936000,0.162525,0.373305,-2.089929,-0.099552,0.343002,-3.432017,3.432017,3.000000,0.357157,0.000000,0.000000,0.001377,-0.001067,0.004396,0.265700,0.000793,0.412549,0.262814,0.001572,0.393112,-0.011100,-0.387166
6.946000,0.129196,0.428032,-2.085563,-0.132881,0.397729,-3.427651,3.427651,3.000000,0.419339,0.000000,0.000000,0.001771,-0.000842,0.004450,0.265713,0.000786,0.412589,0.262814,0.001572,0.393112,-0.011100,-0.388330
6.956000,0.138118,0.398233,-2.059096,-0.123960,0.367930,-3.401185,3.401185,3.000000,0.388250,0.000000,0.000000,0.001288,-0.001192,0.003672,0.265725,0.000776,0.412627,0.262814,0.001572,0.393112,-0.011100,-0.382421
6.966000,0.196156,0.385860,-2.071388,-0.065921,0.355557,-3.413477,3.413477,3.000000,0.361616,0.000000,0.000000,0.001313,-0.000535,0.004645,0.265737,0.000769,0.412666,0.262814,0.001572,0.393112,-0.011100,-0.391389
6.976000,0.229946,0.379691,-2.090694,-0.032131,0.349388,-3.432783,3.432783,3.000000,0.350862,0.000000,0.000000,0.001595,-0.001528,0.004598,0.265750,0.000760,0.412705,0.262814,0.001572,0.393112,-0.011100,-0.391684
6.986000,0.172236,0.396901,-2.097345,-0.089842,0.366598,-3.439433,3.439433,3.000000,0.377446,0.000000,0.000000,0.001539,-0.000701,0.004937,0.265763,0.000755,0.412746,0.262814,0.001572,0.393112,-0.011100,-0.395300
6.996000,0.165883,0.386050,-2.110288,-0.096194,0.355746,-3.452376,3.452376,3.000000,0.368522,0.000000,0.000000,0.001469,-0.000467,0.004489,0.265779,0.000751,0.412791,0.262814,0.001572,0.393112,-0.011100,-0.392315
7.006000,0.184355,0.385017,-2.119721,-0.077722,0.354713,-3.461810,3.461810,3.000000,0.363128,0.000000,0.000000,0.001519,-0.000329,0.004602,0.265795,0.000747,0.412840,0.262814,0.001572,0.393112,-0.011100,-0.394140
7.016000,0.182334,0.369865,-2.077886,-0.079744,0.339561,-3.419975,3.419975,3.000000,0.348799,0.000000,0.000000,0.001678,-0.000439,0.004848,0.265812,0.000742,0.412894,0.262814,0.001572,0.393112,-0.011100,-0.397213
7.026000,0.145856,0.351190,-2.094504,-0.116222,0.320887,-3.436593,3.436593,3.000000,0.341286,0.000000,0.000000,0.001865,-0.000834,0.005798,0.265830,0.000738,0.412951,0.262814,0.001572,0.393112,-0.011100,-0.406289
7.036000,0.169457,0.349068,-2.125843,-0.092621,0.318765,-3.467932,3.467932,3.000000,0.331948,0.000000,0.000000,0.002023,-0.000715,0.006146,0.265850,0.000737,0.413010,0.262814,0.001572,0.393112,-0.011100,-0.410310
7.046000,0.179412,0.340196,-2.092260,-0.082665,0.309893,-3.434348,3.434348,3.000000,0.320729,0.000000,0.000000,0.002192,-0.000575,0.006092,0.265870,0.000734,0.413070,0.262814,0.001572,0.393112,-0.011100,-0.410926
7.056000,0.192795,0.324151,-2.108111,-0.069283,0.293848,-3.450199,3.450199,3.000000,0.301905,0.000000,0.000000,0.002010,-0.000243,0.006777,0.265890,0.000732,0.413134,0.262814,0.001572,0.393112,-0.011100,-0.417894
7.066000,0.191901,0.328906,-2.097759,-0.070177,0.298603,-3.439848,3.439848,3.000000,0.306739,0.000000,0.000000,0.002250,-0.000000,0.006441,0.265911,0.000732,0.413197,0.262814,0.001572,0.393112,-0.011100,-0.416178
7.076000,0.119074,0.348244,-2.053315,-0.143003,0.317941,-3.395404,3.395404,3.000000,0.348620,0.000000,0.000000,0.001705,-0.000052,0.006490,0.265930,0.000731,0.413259,0.262814,0.001572,0.393112,-0.011100,-0.417703
7.086000,0.188363,0.338546,-2.051817,-0.073714,0.308243,-3.393906,3.393906,3.000000,0.316935,0.000000,0.000000,0.002342,0.000162,0.007366,0.265954,0.000730,0.413330,0.262814,0.001572,0.393112,-0.011100,-0.426415
7.096000,0.205310,0.345804,-2.052978,-0.056767,0.315501,-3.395067,3.395067,3.000000,0.320567,0.000000,0.000000,0.002416,0.000370,0.007940,0.265976,0.000731,0.413401,0.262814,0.001572,0.393112,-0.011100,-0.432561
7.106000,0.218213,0.358399,-1.995934,-0.043865,0.328096,-3.338023,3.338023,3.000000,0.331015,0.000000,0.000000,0.002367,-0.000316,0.007146,0.266001,0.000730,0.413472,0.262814,0.001572,0.393112,-0.011100,-0.427111
7.116000,0.210775,0.351125,-1.942603,-0.051302,0.320822,-3.284691,3.284691,3.000000,0.324898,0.000000,0.000000,0.002575,0.000443,0.008402,0.266026,0.000732,0.413550,0.262814,0.001572,0.393112,-0.011100,-0.439170
7.126000,0.256317,0.345875,-1.964324,-0.005761,0.315572,-3.306413,3.306413,3.000000,0.315625,0.000000,0.000000,0.002625,-0.000462,0.007969,0.266052,0.000731,0.413628,0.262814,0.001572,0.393112,-0.011100,-0.436891
7.136000,0.267032,0.345568,-1.959468,0.004955,0.315265,-3.301557,3.301557,3.000000,0.315304,0.000000,0.000000,0.002789,0.000427,0.008142,0.266079,0.000733,0.413709,0.262814,0.001572,0.393112,-0.011100,-0.439830
7.146000,0.228015,0.379856,-1.960605,-0.034062,0.349553,-3.302694,3.302694,3.000000,0.351208,0.000000,0.000000,0.002529,-0.000243,0.008349,0.266105,0.000733,0.413794,0.262814,0.001572,0.393112,-0.011100,-0.443112
7.156000,0.254858,0.369587,-1.910050,-0.007220,0.339284,-3.252139,3.252139,3.000000,0.339361,0.000000,0.000000,0.002716,-0.000557,0.008599,0.266133,0.000733,0.413878,0.262814,0.001572,0.393112,-0.011100,-0.446757
7.166000,0.237032,0.359204,-1.983333,-0.025045,0.328901,-3.325422,3.325422,3.000000,0.329853,0.000000,0.000000,0.002769,-0.000668,0.009004,0.266164,0.000732,0.413975,0.262814,0.001572,0.393112,-0.011100,-0.451930
7.176000,0.194047,0.391091,-1.979696,-0.068030,0.360788,-3.321785,3.321785,3.000000,0.367146,0.000000,0.000000,0.003240,-0.000086,0.009964,0.266196,0.000731,0.414073,0.262814,0.001572,0.393112,-0.011100,-0.461844
7.186000,0.223503,0.395101,-1.969080,-0.038574,0.364798,-3.311169,3.311169,3.000000,0.366832,0.000000,0.000000,0.003470,0.000067,0.010921,0.266231,0.000730,0.414182,0.262814,0.001572,0.393112,-0.011100,-0.471915
7.196000,0.267904,0.401680,-1.984905,0.005827,0.371377,-3.326994,3.326994,3.000000,0.371423,0.000000,0.000000,0.003725,0.000041,0.011916,0.266266,0.000728,0.414291,0.262814,0.001572,0.393112,-0.011100,-0.482326
7.206000,0.285709,0.393377,-2.031124,0.023632,0.363074,-3.373213,3.373213,3.000000,0.363842,0.000000,0.000000,0.003601,0.000001,0.010986,0.266301,0.000726,0.414400,0.262814,0.001572,0.393112,-0.011100,-0.476389
7.216000,0.318427,0.386115,-2.012240,0.056350,0.355812,-3.354329,3.354329,3.000000,0.360246,0.000000,0.000000,0.004133,-0.000137,0.012472,0.266340,0.000725,0.414520,0.262814,0.001572,0.393112,-0.011100,-0.491171
7.226000,0.325884,0.383492,-1.997029,0.063806,0.353189,-3.339118,3.339118,3.000000,0.358906,0.000000,0.000000,0.003904,-0.000009,0.012507,0.266380,0.000725,0.414644,0.262814,0.001572,0.393112,-0.011100,-0.493691
7.236000,0.353492,0.379717,-2.006797,0.091415,0.349414,-3.348886,3.348886,3.000000,0.361174,0.000000,0.000000,0.004809,0.000165,0.013998,0.266423,0.000724,0.414774,0.262814,0.001572,0.393112,-0.011100,-0.508693
7.246000,0.360736,0.411976,-2.030731,0.098659,0.381673,-3.372820,3.372820,3.000000,0.394218,0.000000,0.000000,0.004347,-0.000110,0.013936,0.266466,0.000724,0.414907,0.262814,0.001572,0.393112,-0.011100,-0.510550
7.256000,0.395258,0.402660,-1.988724,0.133180,0.372357,-3.330813,3.330813,3.000000,0.395457,0.000000,0.000000,0.004891,0.000022,0.014900,0.266511,0.000728,0.415046,0.262814,0.001572,0.393112,-0.011100,-0.521236
7.266000,0.401352,0.385855,-1.981009,0.139275,0.355551,-3.323098,3.323098,3.000000,0.381856,0.000000,0.000000,0.004720,-0.000383,0.015202,0.266560,0.000728,0.415198,0.262814,0.001572,0.393112,-0.011100,-0.526535
7.276000,0.420788,0.377548,-1.974476,0.158711,0.347244,-3.316565,3.316565,3.000000,0.381795,0.000000,0.000000,0.005095,0.000565,0.016363,0.266612,0.000733,0.415359,0.262814,0.001572,0.393112,-0.011100,-0.539291
7.286000,0.424368,0.370159,-2.018121,0.162290,0.339856,-3.360209,3.360209,3.000000,0.376617,0.000000,0.000000,0.005836,0.001018,0.018237,0.266668,0.000739,0.415533,0.262814,0.001572,0.393112,-0.011100,-0.558325
7.296000,0.480796,0.346420,-2.011017,0.218718,0.316117,-3.353106,3.353106,3.000000,0.384405,0.000000,0.000000,0.005992,0.000931,0.018556,0.266727,0.000743,0.415716,0.262814,0.001572,0.393112,-0.011100,-0.564320
7.306000,0.479683,0.381120,-1.919635,0.217605,0.350817,-3.261723,3.261723,3.000000,0.412825,0.000000,0.000000,0.006398,0.000714,0.019059,0.266789,0.000747,0.415906,0.262814,0.001572,0.393112,-0.011100,-0.572005
7.316000,0.520341,0.378068,-1.871197,0.258263,0.347765,-3.213285,3.213285,3.000000,0.433174,0.000000,0.000000,0.006498,0.000883,0.020963,0.266853,0.000754,0.416110,0.262814,0.001572,0.393112,-0.011100,-0.591834
7.326000,0.554108,0.374535,-1.863632,0.292031,0.344232,-3.205721,3.205721,3.000000,0.451417,0.000000,0.000000,0.006247,0.000465,0.020629,0.266918,0.000758,0.416313,0.262814,0.001572,0.393112,-0.011100,-0.592659
7.336000,0.542816,0.390509,-1.762594,0.280739,0.360206,-3.104683,3.104683,3.000000,0.456687,0.000000,0.000000,0.006571,0.000554,0.020001,0.266984,0.000764,0.416517,0.262814,0.001572,0.393112,-0.011100,-0.590995
7.346000,0.555331,0.434295,-1.706724,0.293254,0.403992,-3.048813,3.048813,3.000000,0.499207,0.000000,0.000000,0.006419,-0.000381,0.020448,0.267051,0.000770,0.416728,0.262814,0.001572,0.393112,-0.011100,-0.598580
7.356000,0.508566,0.423390,-1.732885,0.246488,0.393087,-3.074973,3.074973,3.000000,0.463976,0.000000,0.000000,0.006600,0.000396,0.021128,0.267120,0.000777,0.416940,0.262814,0.001572,0.393112,-0.011100,-0.608183
7.366000,0.481179,0.398250,-1.772054,0.219102,0.367947,-3.114143,3.114143,3.000000,0.428241,0.000000,0.000000,0.006878,0.000822,0.021753,0.267188,0.000784,0.417152,0.262814,0.001572,0.393112,-0.011100,-0.617305
7.376000,0.395232,0.408209,-1.793863,0.133155,0.377906,-3.135952,3.135952,3.000000,0.400678,0.000000,0.000000,0.006618,0.000641,0.021333,0.267254,0.000790,0.417360,0.262814,0.001572,0.393112,-0.011100,-0.617467
7.386000,0.422365,0.395405,-1.733938,0.160287,0.365102,-3.076026,3.076026,3.000000,0.398737,0.000000,0.000000,0.006439,0.000892,0.020972,0.267318,0.000796,0.417566,0.262814,0.001572,0.393112,-0.011100,-0.618112
7.396000,0.391156,0.422720,-1.713805,0.129078,0.392417,-3.055893,3.055893,3.000000,0.413101,0.000000,0.000000,0.006944,0.000524,0.020914,0.267385,0.000802,0.417771,0.262814,0.001572,0.393112,-0.011100,-0.621315
7.406000,0.394537,0.443892,-1.645774,0.132460,0.413589,-2.987863,2.987863,3.000000,0.434282,0.000000,0.000000,0.006446,0.000906,0.020354,0.267450,0.000808,0.417978,0.262814,0.001572,0.393112,-0.011100,-0.620287
7.416000,0.389641,0.430690,-1.595223,0.127564,0.400387,-2.937311,2.937311,3.000000,0.420217,0.000000,0.000000,0.006632,0.000644,0.019927,0.267512,0.000816,0.418174,0.262814,0.001572,0.393112,-0.011100,-0.620207
7.426000,0.373724,0.432027,-1.519244,0.111647,0.401724,-2.861332,2.861332,3.000000,0.416950,0.000000,0.000000,0.006252,0.000832,0.019214,0.267574,0.000824,0.418370,0.262814,0.001572,0.393112,-0.011100,-0.617671
7.436000,0.400062,0.422121,-1.447927,0.137984,0.391818,-2.790016,2.790016,3.000000,0.415404,0.000000,0.000000,0.006134,0.000595,0.018742,0.267632,0.000832,0.418555,0.262814,0.001572,0.393112,-0.011100,-0.617006
7.446000,0.435769,0.427660,-1.384585,0.173692,0.397357,-2.726673,2.726673,3.000000,0.433660,0.000000,0.000000,0.005356,0.000465,0.017147,0.267687,0.000838,0.418729,0.262814,0.001572,0.393112,-0.011100,-0.606610
7.456000,0.395528,0.417773,-1.333443,0.133450,0.387470,-2.675532,2.675532,3.000000,0.409807,0.000000,0.000000,0.005102,0.000819,0.017012,0.267740,0.000846,0.418898,0.262814,0.001572,0.393112,-0.011100,-0.608506
7.466000,0.405885,0.408267,-1.321887,0.143808,0.377964,-2.663976,2.663976,3.000000,0.404398,0.000000,0.000000,0.004724,0.000315,0.015186,0.267789,0.000851,0.419053,0.262814,0.001572,0.393112,-0.011100,-0.595800
7.476000,0.398767,0.374951,-1.305420,0.136690,0.344648,-2.647509,2.647509,3.000000,0.370764,0.000000,0.000000,0.004660,0.000477,0.014736,0.267836,0.000858,0.419202,0.262814,0.001572,0.393112,-0.011100,-0.594661
7.486000,0.458171,0.346153,-1.308466,0.196093,0.315850,-2.650554,2.650554,3.000000,0.371771,0.000000,0.000000,0.004522,0.000472,0.014425,0.267882,0.000864,0.419349,0.262814,0.001572,0.393112,-0.011100,-0.594669
7.496000,0.424243,0.344065,-1.221559,0.162166,0.313762,-2.563648,2.563648,3.000000,0.353191,0.000000,0.000000,0.004550,0.000964,0.013827,0.267926,0.000870,0.419487,0.262814,0.001572,0.393112,-0.011100,-0.592077
7.506000,0.478498,0.310126,-1.175263,0.216421,0.279823,-2.517351,2.517351,3.000000,0.353750,0.000000,0.000000,0.003718,0.000519,0.012146,0.267967,0.000876,0.419618,0.262814,0.001572,0.393112,-0.011100,-0.580162
7.516000,0.490065,0.318716,-1.160433,0.227987,0.288413,-2.502521,2.502521,3.000000,0.367642,0.000000,0.000000,0.003930,0.000518,0.012012,0.268007,0.000881,0.419747,0.262814,0.001572,0.393112,-0.011100,-0.581346
7.526000,0.525998,0.311478,-1.150392,0.263921,0.281175,-2.492480,2.492480,3.000000,0.385634,0.000000,0.000000,0.003725,0.000791,0.011591,0.268045,0.000887,0.419868,0.262814,0.001572,0.393112,-0.011100,-0.579957
7.536000,0.539842,0.284468,-1.135041,0.277764,0.254165,-2.477129,2.477129,3.000000,0.376500,0.000000,0.000000,0.003841,0.000494,0.012024,0.268082,0.000891,0.419986,0.262814,0.001572,0.393112,-0.011100,-0.585745
7.546000,0.554544,0.300730,-1.045025,0.292466,0.270427,-2.387114,2.387114,3.000000,0.398330,0.000000,0.000000,0.003732,0.000204,0.011300,0.268116,0.000895,0.420095,0.262814,0.001572,0.393112,-0.011100,-0.581572
7.556000,0.589368,0.289332,-0.985170,0.327291,0.259028,-2.327259,2.327259,3.000000,0.417391,0.000000,0.000000,0.003193,0.000388,0.010105,0.268148,0.000899,0.420198,0.262814,0.001572,0.393112,-0.011100,-0.573281
7.566000,0.619954,0.278734,-0.995513,0.357876,0.248431,-2.337602,2.337602,3.000000,0.435653,0.000000,0.000000,0.002930,0.000565,0.010027,0.268179,0.000903,0.420297,0.262814,0.001572,0.393112,-0.011100,-0.574399
7.576000,0.652944,0.292078,-1.000003,0.390867,0.261775,-2.342091,2.342091,3.000000,0.470428,0.000000,0.000000,0.002734,-0.000048,0.008982,0.268208,0.000906,0.420390,0.262814,0.001572,0.393112,-0.011100,-0.567209
7.586000,0.670708,0.321033,-0.990203,0.408631,0.290730,-2.332292,2.332292,3.000000,0.501501,0.000000,0.000000,0.002471,0.000276,0.007926,0.268237,0.000911,0.420482,0.262814,0.001572,0.393112,-0.011100,-0.559903
7.596000,0.624871,0.321904,-1.006315,0.362794,0.291600,-2.348403,2.348403,3.000000,0.465457,0.000000,0.000000,0.002507,0.000139,0.007806,0.268264,0.000913,0.420570,0.262814,0.001572,0.393112,-0.011100,-0.560480
7.606000,0.574496,0.311944,-0.994619,0.312418,0.281640,-2.336708,2.336708,3.000000,0.420626,0.000000,0.000000,0.002265,-0.000245,0.007011,0.268288,0.000914,0.420646,0.262814,0.001572,0.393112,-0.011100,-0.555097
7.616000,0.596362,0.338177,-0.986547,0.334284,0.307874,-2.328636,2.328636,3.000000,0.454458,0.000000,0.000000,0.002108,0.000366,0.006845,0.268310,0.000918,0.420719,0.262814,0.001572,0.393112,-0.011100,-0.555011
7.626000,0.549679,0.357113,-0.999658,0.287601,0.326810,-2.341746,2.341746,3.000000,0.435338,0.000000,0.000000,0.001824,-0.000054,0.005826,0.268331,0.000919,0.420787,0.262814,0.001572,0.393112,-0.011100,-0.547570
7.636000,0.597355,0.373467,-1.083148,0.335278,0.343164,-2.425237,2.425237,3.000000,0.479763,0.000000,0.000000,0.002172,-0.000115,0.006453,0.268352,0.000920,0.420849,0.262814,0.001572,0.393112,-0.011100,-0.554005
7.646000,0.581137,0.401270,-1.080071,0.319060,0.370966,-2.422160,2.422160,3.000000,0.489301,0.000000,0.000000,0.001560,0.000309,0.005441,0.268368,0.000923,0.420905,0.262814,0.001572,0.393112,-0.011100,-0.546441
7.656000,0.572880,0.429368,-1.063141,0.310802,0.399065,-2.405229,2.405229,3.000000,0.505817,0.000000,0.000000,0.001493,-0.000328,0.005086,0.268384,0.000923,0.420955,0.262814,0.001572,0.393112,-0.011100,-0.544329
7.666000,0.553132,0.428758,-1.065142,0.291055,0.398455,-2.407231,2.407231,3.000000,0.493436,0.000000,0.000000,0.001879,-0.000284,0.004930,0.268399,0.000923,0.421000,0.262814,0.001572,0.393112,-0.011100,-0.543816
7.676000,0.565823,0.450201,-1.032714,0.303746,0.419898,-2.374803,2.374803,3.000000,0.518243,0.000000,0.000000,0.001305,-0.000174,0.004563,0.268410,0.000924,0.421040,0.262814,0.001572,0.393112,-0.011100,-0.541411
7.686000,0.562228,0.464798,-1.066424,0.300150,0.434494,-2.408512,2.408512,3.000000,0.528087,0.000000,0.000000,0.000530,-0.000422,0.002652,0.268420,0.000922,0.421070,0.262814,0.001572,0.393112,-0.011100,-0.525742
7.696000,0.498912,0.474176,-1.073485,0.236834,0.443873,-2.415574,2.415574,3.000000,0.503104,0.000000,0.000000,0.000985,-0.000101,0.002699,0.268430,0.000924,0.421101,0.262814,0.001572,0.393112,-0.011100,-0.526695
7.706000,0.515993,0.514670,-1.114867,0.253915,0.484367,-2.456955,2.456955,3.000000,0.546886,0.000000,0.000000,0.001334,-0.000287,0.003170,0.268439,0.000924,0.421133,0.262814,0.001572,0.393112,-0.011100,-0.531263
7.716000,0.522785,0.519220,-1.147744,0.260708,0.488916,-2.489833,2.489833,3.000000,0.554083,0.000000,0.000000,0.001036,0.000393,0.002631,0.268447,0.000925,0.421157,0.262814,0.001572,0.393112,-0.011100,-0.527124
7.726000,0.538362,0.500597,-1.160215,0.276285,0.470294,-2.502304,2.502304,3.000000,0.545444,0.000000,0.000000,0.000472,0.000414,0.002849,0.268454,0.000925,0.421185,0.262814,0.001572,0.393112,-0.011100,-0.529485
7.736000,0.541608,0.513059,-1.180167,0.279531,0.482755,-2.522256,2.522256,3.000000,0.557844,0.000000,0.000000,0.000912,-0.000002,0.002664,0.268464,0.000925,0.421210,0.262814,0.001572,0.393112,-0.011100,-0.528371
7.746000,0.477808,0.527144,-1.202846,0.215730,0.496841,-2.544934,2.544934,3.000000,0.541655,0.000000,0.000000,0.000920,-0.000473,0.003048,0.268472,0.000924,0.421239,0.262814,0.001572,0.393112,-0.011100,-0.532149
7.756000,0.506203,0.505078,-1.237041,0.244126,0.474775,-2.579130,2.579130,3.000000,0.533862,0.000000,0.000000,0.000804,0.000034,0.003294,0.268480,0.000924,0.421266,0.262814,0.001572,0.393112,-0.011100,-0.534720
7.766000,0.501463,0.479605,-1.250241,0.239386,0.449302,-2.592329,2.592329,3.000000,0.509095,0.000000,0.000000,0.000764,-0.000098,0.002917,0.268489,0.000926,0.421295,0.262814,0.001572,0.393112,-0.011100,-0.532050
7.776000,0.460010,0.512604,-1.249222,0.197932,0.482300,-2.591310,2.591310,3.000000,0.521336,0.000000,0.000000,0.001346,0.000906,0.003262,0.268499,0.000928,0.421326,0.262814,0.001572,0.393112,-0.011100,-0.535523
7.786000,0.490871,0.485828,-1.308533,0.228793,0.455524,-2.650622,2.650622,3.000000,0.509754,0.000000,0.000000,0.000947,-0.000035,0.003382,0.268508,0.000927,0.421355,0.262814,0.001572,0.393112,-0.011100,-0.537064
7.796000,0.505019,0.479521,-1.366145,0.242941,0.449218,-2.708234,2.708234,3.000000,0.510702,0.000000,0.000000,0.000957,0.000534,0.004136,0.268517,0.000929,0.421388,0.262814,0.001572,0.393112,-0.011100,-0.544062
7.806000,0.502051,0.480472,-1.346763,0.239973,0.450169,-2.688851,2.688851,3.000000,0.510137,0.000000,0.000000,0.000725,-0.000094,0.002497,0.268528,0.000929,0.421417,0.262814,0.001572,0.393112,-0.011100,-0.530677
7.816000,0.530057,0.502735,-1.324664,0.267979,0.472432,-2.666753,2.666753,3.000000,0.543144,0.000000,0.000000,0.001405,0.000018,0.003993,0.268539,0.000930,0.421454,0.262814,0.001572,0.393112,-0.011100,-0.544027
7.826000,0.576846,0.483186,-1.372123,0.314769,0.452883,-2.714212,2.714212,3.000000,0.551527,0.000000,0.000000,0.001206,0.000363,0.003352,0.268551,0.000931,0.421490,0.262814,0.001572,0.393112,-0.011100,-0.539243
7.836000,0.554678,0.505617,-1.358465,0.292600,0.475313,-2.700554,2.700554,3.000000,0.558156,0.000000,0.000000,0.001195,0.000031,0.003655,0.268563,0.000932,0.421531,0.262814,0.001572,0.393112,-0.011100,-0.542557
7.846000,0.515622,0.479969,-1.305841,0.253545,0.449666,-2.647929,2.647929,3.000000,0.516221,0.000000,0.000000,0.001260,-0.000144,0.004336,0.268577,0.000932,0.421573,0.262814,0.001572,0.393112,-0.011100,-0.549096
7.856000,0.498312,0.480103,-1.326933,0.236235,0.449800,-2.669021,2.669021,3.000000,0.508062,0.000000,0.000000,0.001633,0.000027,0.004889,0.268590,0.000935,0.421618,0.262814,0.001572,0.393112,-0.011100,-0.554589
7.866000,0.467700,0.482197,-1.378679,0.205622,0.451894,-2.720768,2.720768,3.000000,0.496476,0.000000,0.000000,0.001431,0.000582,0.004444,0.268603,0.000937,0.421665,0.262814,0.001572,0.393112,-0.011100,-0.551657
7.876000,0.512710,0.466670,-1.356282,0.250633,0.436367,-2.698371,2.698371,3.000000,0.503223,0.000000,0.000000,0.001493,0.000477,0.004661,0.268620,0.000938,0.421716,0.262814,0.001572,0.393112,-0.011100,-0.554422
7.886000,0.509048,0.466089,-1.409207,0.246970,0.435786,-2.751295,2.751295,3.000000,0.500903,0.000000,0.000000,0.001465,0.000329,0.005439,0.268637,0.000941,0.421771,0.262814,0.001572,0.393112,-0.011100,-0.562004
7.896000,0.529229,0.482479,-1.389735,0.267152,0.452176,-2.731823,2.731823,3.000000,0.525198,0.000000,0.000000,0.001750,0.000378,0.006637,0.268655,0.000943,0.421832,0.262814,0.001572,0.393112,-0.011100,-0.573262
7.906000,0.492999,0.466531,-1.419469,0.230921,0.436228,-2.761558,2.761558,3.000000,0.493578,0.000000,0.000000,0.001614,0.000073,0.006022,0.268674,0.000945,0.421894,0.262814,0.001572,0.393112,-0.011100,-0.569172
7.916000,0.506103,0.475365,-1.431300,0.244026,0.445062,-2.773389,2.773389,3.000000,0.507571,0.000000,0.000000,0.002473,0.000314,0.007829,0.268697,0.000947,0.421964,0.262814,0.001572,0.393112,-0.011100,-0.585763
7.926000,0.540018,0.449403,-1.429550,0.277940,0.419100,-2.771638,2.771638,3.000000,0.502887,0.000000,0.000000,0.002305,0.000049,0.007043,0.268719,0.000949,0.422035,0.262814,0.001572,0.393112,-0.011100,-0.580369
7.936000,0.466246,0.469807,-1.397588,0.204169,0.439503,-2.739676,2.739676,3.000000,0.484611,0.000000,0.000000,0.002177,0.000134,0.007613,0.268741,0.000953,0.422111,0.262814,0.001572,0.393112,-0.011100,-0.586583
7.946000,0.480749,0.479619,-1.377828,0.218672,0.449316,-2.719917,2.719917,3.000000,0.499702,0.000000,0.000000,0.002181,0.000401,0.007427,0.268766,0.000956,0.422189,0.262814,0.001572,0.393112,-0.011100,-0.586396
7.956000,0.525821,0.450001,-1.382833,0.263743,0.419698,-2.724921,2.724921,3.000000,0.495688,0.000000,0.000000,0.003028,0.000655,0.008648,0.268791,0.000959,0.422270,0.262814,0.001572,0.393112,-0.011100,-0.598221
7.966000,0.459468,0.446387,-1.399260,0.197391,0.416084,-2.741349,2.741349,3.000000,0.460531,0.000000,0.000000,0.002595,0.000558,0.008256,0.268817,0.000963,0.422356,0.262814,0.001572,0.393112,-0.011100,-0.596449
7.976000,0.399891,0.445562,-1.393496,0.137813,0.415259,-2.735585,2.735585,3.000000,0.437530,0.000000,0.000000,0.002531,0.000047,0.008094,0.268842,0.000965,0.422439,0.262814,0.001572,0.393112,-0.011100,-0.596556
7.986000,0.430366,0.461977,-1.380847,0.168289,0.431674,-2.722935,2.722935,3.000000,0.463318,0.000000,0.000000,0.002405,-0.000107,0.008736,0.268870,0.000969,0.422530,0.262814,0.001572,0.393112,-0.011100,-0.603649
7.996000,0.497288,0.426224,-1.408323,0.235210,0.395921,-2.750412,2.750412,3.000000,0.460519,0.000000,0.000000,0.002604,0.000814,0.009197,0.268897,0.000974,0.422618,0.262814,0.001572,0.393112,-0.011100,-0.609141
8.007000,0.485793,0.439882,-1.411011,0.223715,0.409579,-2.753100,2.753100,3.000000,0.466694,0.000000,0.000000,0.002668,0.000283,0.009237,0.268926,0.000977,0.422712,0.262814,0.001572,0.393112,-0.011100,-0.611182
8.018000,0.449034,0.442417,-1.408045,0.186957,0.412114,-2.750133,2.750133,3.000000,0.452538,0.000000,0.000000,0.002545,0.000600,0.008217,0.268954,0.000983,0.422803,0.262814,0.001572,0.393112,-0.011100,-0.604161
8.029000,0.390418,0.426317,-1.422244,0.128341,0.396014,-2.764333,2.764333,3.000000,0.416291,0.000000,0.000000,0.002373,-0.000393,0.007586,0.268981,0.000984,0.422889,0.262814,0.001572,0.393112,-0.011100,-0.600354
8.040000,0.419516,0.420814,-1.441990,0.157439,0.390511,-2.784078,2.784078,3.000000,0.421053,0.000000,0.000000,0.002271,0.000635,0.007393,0.269006,0.000990,0.422974,0.262814,0.001572,0.393112,-0.011100,-0.600243
8.051000,0.364740,0.403926,-1.428770,0.102662,0.373623,-2.770858,2.770858,3.000000,0.387471,0.000000,0.000000,0.001912,0.000538,0.007261,0.269029,0.000993,0.423053,0.262814,0.001572,0.393112,-0.011100,-0.600545
8.062000,0.343731,0.386654,-1.414291,0.081653,0.356350,-2.756380,2.756380,3.000000,0.365586,0.000000,0.000000,0.002079,0.000285,0.007166,0.269053,0.000996,0.423126,0.262814,0.001572,0.393112,-0.011100,-0.601046
8.073000,0.397269,0.370501,-1.424029,0.135192,0.340198,-2.766118,2.766118,3.000000,0.366076,0.000000,0.000000,0.001407,0.000672,0.006186,0.269071,0.001001,0.423188,0.262814,0.001572,0.393112,-0.011100,-0.593859
8.084000,0.312772,0.363048,-1.357080,0.050694,0.332745,-2.699169,2.699169,3.000000,0.336585,0.000000,0.000000,0.001637,0.000152,0.004964,0.269088,0.001000,0.423240,0.262814,0.001572,0.393112,-0.011100,-0.584416
8.095000,0.320735,0.355425,-1.397882,0.058658,0.325122,-2.739971,2.739971,3.000000,0.330371,0.000000,0.000000,0.001267,-0.000016,0.004220,0.269102,0.001003,0.423285,0.262814,0.001572,0.393112,-0.011100,-0.578907
8.106000,0.261258,0.383950,-1.366461,-0.000820,0.353647,-2.708549,2.708549,3.000000,0.353648,0.000000,0.000000,0.000935,0.000103,0.001637,0.269111,0.001005,0.423314,0.262814,0.001572,0.393112,-0.011100,-0.557511
8.117000,0.285368,0.344038,-1.376120,0.023291,0.313735,-2.718208,2.718208,3.000000,0.314598,0.000000,0.000000,0.000545,-0.000007,0.002055,0.269118,0.001005,0.423340,0.262814,0.001572,0.393112,-0.011100,-0.561541
8.128000,0.281270,0.345747,-1.369532,0.019192,0.315444,-2.711620,2.711620,3.000000,0.316027,0.000000,0.000000,-0.000180,0.000492,0.000592,0.269120,0.001006,0.423350,0.262814,0.001572,0.393112,-0.011100,-0.549298
8.139000,0.334095,0.353969,-1.375120,0.072018,0.323665,-2.717209,2.717209,3.000000,0.331581,0.000000,0.000000,0.000280,0.000171,0.000798,0.269123,0.001006,0.423359,0.262814,0.001572,0.393112,-0.011100,-0.551215
8.150000,0.336595,0.336405,-1.348645,0.074518,0.306102,-2.690734,2.690734,3.000000,0.315042,0.000000,0.000000,0.000133,-0.000088,0.000421,0.269123,0.001005,0.423360,0.262814,0.001572,0.393112,-0.011100,-0.548024
8.161000,0.348204,0.334331,-1.355521,0.086127,0.304028,-2.697610,2.697610,3.000000,0.315991,0.000000,0.000000,0.000277,0.000679,-0.000443,0.269123,0.001006,0.423357,0.262814,0.001572,0.393112,-0.011100,-0.540639
8.172000,0.384154,0.357274,-1.341226,0.122076,0.326971,-2.683315,2.683315,3.000000,0.349016,0.000000,0.000000,-0.000102,0.000162,0.000170,0.269122,0.001004,0.423356,0.262814,0.001572,0.393112,-0.011100,-0.545826
8.183000,0.510396,0.375992,-1.388330,0.248319,0.345689,-2.730419,2.730419,3.000000,0.425633,0.000000,0.000000,-0.000161,0.000025,0.000024,0.269122,0.001005,0.423356,0.262814,0.001572,0.393112,-0.011100,-0.544582
8.194000,0.475509,0.346715,-1.313699,0.213431,0.316412,-2.655788,2.655788,3.000000,0.381667,0.000000,0.000000,0.000002,-0.000219,0.000392,0.269124,0.001005,0.423358,0.262814,0.001572,0.393112,-0.011100,-0.547745
8.205000,0.464395,0.364735,-1.323090,0.202318,0.334432,-2.665179,2.665179,3.000000,0.390867,0.000000,0.000000,-0.000003,0.000178,-0.000199,0.269122,0.001006,0.423355,0.262814,0.001572,0.393112,-0.011100,-0.542672
8.216000,0.483805,0.365548,-1.340647,0.221727,0.335245,-2.682735,2.682735,3.000000,0.401935,0.000000,0.000000,-0.000254,0.000142,0.000427,0.269122,0.001005,0.423355,0.262814,0.001572,0.393112,-0.011100,-0.547993
8.227000,0.464253,0.356136,-1.349201,0.202175,0.325833,-2.691290,2.691290,3.000000,0.383461,0.000000,0.000000,0.000388,-0.000400,0.000818,0.269123,0.001004,0.423357,0.262814,0.001572,0.393112,-0.011100,-0.551347
8.238000,0.450367,0.359115,-1.366628,0.188290,0.328812,-2.708717,2.708717,3.000000,0.378907,0.000000,0.000000,0.000214,-0.000224,0.001054,0.269124,0.001006,0.423360,0.262814,0.001572,0.393112,-0.011100,-0.553395
8.249000,0.433250,0.374172,-1.375913,0.171173,0.343869,-2.718002,2.718002,3.000000,0.384117,0.000000,0.000000,-0.000145,-0.000236,-0.000473,0.269122,0.001005,0.423358,0.262814,0.001572,0.393112,-0.011100,-0.540398
8.260000,0.483386,0.315130,-1.391595,0.221309,0.284827,-2.733683,2.733683,3.000000,0.360699,0.000000,0.000000,-0.000829,-0.000124,-0.000158,0.269122,0.001006,0.423360,0.262814,0.001572,0.393112,-0.011100,-0.543111
8.271000,0.496590,0.335210,-1.446900,0.234513,0.304907,-2.788988,2.788988,3.000000,0.384662,0.000000,0.000000,0.000249,-0.000075,0.000419,0.269125,0.001006,0.423362,0.262814,0.001572,0.393112,-0.011100,-0.548048
8.282000,0.495732,0.296884,-1.448210,0.233654,0.266580,-2.790299,2.790299,3.000000,0.354485,0.000000,0.000000,0.000051,0.000091,0.001044,0.269124,0.001006,0.423365,0.262814,0.001572,0.393112,-0.011100,-0.553416
8.293000,0.440257,0.310203,-1.484726,0.178179,0.279900,-2.826815,2.826815,3.000000,0.331801,0.000000,0.000000,-0.000026,0.000189,-0.000163,0.269125,0.001005,0.423364,0.262814,0.001572,0.393112,-0.011100,-0.543145
8.304000,0.429758,0.303865,-1.516569,0.167681,0.273562,-2.858658,2.858658,3.000000,0.320863,0.000000,0.000000,0.000103,-0.000246,-0.000148,0.269125,0.001005,0.423363,0.262814,0.001572,0.393112,-0.011100,-0.543251
8.315000,0.325861,0.341797,-1.497181,0.063783,0.311494,-2.839270,2.839270,3.000000,0.317957,0.000000,0.000000,0.000119,0.000527,-0.000342,0.269125,0.001006,0.423364,0.262814,0.001572,0.393112,-0.011100,-0.541624
8.326000,0.365028,0.329459,-1.487689,0.102950,0.299156,-2.829778,2.829778,3.000000,0.316375,0.000000,0.000000,0.000411,-0.000101,0.000433,0.269126,0.001005,0.423366,0.262814,0.001572,0.393112,-0.011100,-0.548240
8.337000,0.403331,0.337953,-1.530010,0.141253,0.307650,-2.872099,2.872099,3.000000,0.338528,0.000000,0.000000,0.000401,0.000130,0.000557,0.269127,0.001005,0.423367,0.262814,0.001572,0.393112,-0.011100,-0.549315
8.348000,0.361594,0.372845,-1.527591,0.099516,0.342542,-2.869680,2.869680,3.000000,0.356705,0.000000,0.000000,-0.000232,0.000522,-0.000213,0.269126,0.001007,0.423366,0.262814,0.001572,0.393112,-0.011100,-0.542763
8.359000,0.403683,0.381110,-1.560086,0.141605,0.350807,-2.902174,2.902174,3.000000,0.378309,0.000000,0.000000,0.000119,-0.000003,0.000428,0.269126,0.001005,0.423367,0.262814,0.001572,0.393112,-0.011100,-0.548220
8.370000,0.432335,0.395498,-1.580466,0.170258,0.365195,-2.922555,2.922555,3.000000,0.402933,0.000000,0.000000,0.000298,0.000097,0.000439,0.269127,0.001004,0.423370,0.262814,0.001572,0.393112,-0.011100,-0.548369
8.381000,0.413776,0.363221,-1.607388,0.151698,0.332918,-2.949477,2.949477,3.000000,0.365851,0.000000,0.000000,-0.000065,-0.000048,0.000633,0.269127,0.001004,0.423374,0.262814,0.001572,0.393112,-0.011100,-0.550085
8.392000,0.357635,0.400336,-1.636782,0.095557,0.370033,-2.978871,2.978871,3.000000,0.382172,0.000000,0.000000,0.000339,0.000180,0.001330,0.269129,0.001004,0.423380,0.262814,0.001572,0.393112,-0.011100,-0.556099
8.403000,0.347507,0.401874,-1.701204,0.085429,0.371570,-3.043292,3.043292,3.000000,0.381265,0.000000,0.000000,0.000151,0.000379,0.000473,0.269130,0.001005,0.423382,0.262814,0.001572,0.393112,-0.011100,-0.548864
8.414000,0.290858,0.395522,-1.712781,0.028780,0.365219,-3.054869,3.054869,3.000000,0.366351,0.000000,0.000000,0.000094,0.000238,-0.000005,0.269131,0.001005,0.423384,0.262814,0.001572,0.393112,-0.011100,-0.544842
8.425000,0.261063,0.442028,-1.717459,-0.001015,0.411725,-3.059548,3.059548,3.000000,0.411726,0.000000,0.000000,0.000331,-0.000378,0.000161,0.269133,0.001004,0.423387,0.262814,0.001572,0.393112,-0.011100,-0.546303
8.436000,0.361023,0.390438,-1.800571,0.098945,0.360135,-3.142660,3.142660,3.000000,0.373480,0.000000,0.000000,-0.000021,0.000702,0.001272,0.269133,0.001006,0.423393,0.262814,0.001572,0.393112,-0.011100,-0.555837
8.447000,0.316726,0.411657,-1.782042,0.054649,0.381354,-3.124131,3.124131,3.000000,0.385249,0.000000,0.000000,0.000193,0.000050,0.000020,0.269134,0.001005,0.423391,0.262814,0.001572,0.393112,-0.011100,-0.545191
8.458000,0.268606,0.422824,-1.790506,0.006529,0.392521,-3.132595,3.132595,3.000000,0.392575,0.000000,0.000000,-0.000109,-0.000303,0.000084,0.269134,0.001004,0.423395,0.262814,0.001572,0.393112,-0.011100,-0.545797
8.469000,0.272996,0.419364,-1.802448,0.010919,0.389061,-3.144537,3.144537,3.000000,0.389214,0.000000,0.000000,0.000152,0.000126,0.000707,0.269136,0.001004,0.423400,0.262814,0.001572,0.393112,-0.011100,-0.551182
8.480000,0.260204,0.442514,-1.833392,-0.001874,0.412211,-3.175480,3.175480,3.000000,0.412215,0.000000,0.000000,0.000065,0.000105,0.001825,0.269138,0.001005,0.423409,0.262814,0.001572,0.393112,-0.011100,-0.560819
8.491000,0.277050,0.398345,-1.870224,0.014972,0.368042,-3.212312,3.212312,3.000000,0.368346,0.000000,0.000000,0.000054,0.000762,0.000454,0.269138,0.001007,0.423412,0.262814,0.001572,0.393112,-0.011100,-0.549253
8.502000,0.291094,0.413849,-1.898502,0.029016,0.383546,-3.240590,3.240590,3.000000,0.384642,0.000000,0.000000,0.000478,-0.000063,0.000531,0.269141,0.001005,0.423419,0.262814,0.001572,0.393112,-0.011100,-0.550029
8.513000,0.316694,0.428297,-1.926977,0.054616,0.397994,-3.269065,3.269065,3.000000,0.401724,0.000000,0.000000,0.000403,-0.000104,0.001554,0.269145,0.001005,0.423433,0.262814,0.001572,0.393112,-0.011100,-0.558949
8.524000,0.346791,0.444803,-1.928043,0.084713,0.414500,-3.270132,3.270132,3.000000,0.423068,0.000000,0.000000,0.000978,0.000479,0.003374,0.269150,0.001006,0.423449,0.262814,0.001572,0.393112,-0.011100,-0.574698
8.535000,0.365159,0.432101,-1.951031,0.103081,0.401798,-3.293120,3.293120,3.000000,0.414810,0.000000,0.000000,0.000407,0.000085,0.000926,0.269154,0.001005,0.423462,0.262814,0.001572,0.393112,-0.011100,-0.554150
8.546000,0.331045,0.426276,-1.946300,0.068967,0.395973,-3.288389,3.288389,3.000000,0.401934,0.000000,0.000000,0.000644,0.000306,0.001856,0.269160,0.001007,0.423480,0.262814,0.001572,0.393112,-0.011100,-0.562373
8.557000,0.331062,0.463195,-1.944051,0.068985,0.432892,-3.286139,3.286139,3.000000,0.438354,0.000000,0.000000,0.000537,0.000448,0.001230,0.269165,0.001007,0.423494,0.262814,0.001572,0.393112,-0.011100,-0.557304
8.568000,0.286605,0.437175,-1.924784,0.024527,0.406871,-3.266872,3.266872,3.000000,0.407610,0.000000,0.000000,0.000575,0.000217,0.001310,0.269169,0.001008,0.423509,0.262814,0.001572,0.393112,-0.011100,-0.558260
8.579000,0.278980,0.429067,-1.920824,0.016903,0.398764,-3.262913,3.262913,3.000000,0.399122,0.000000,0.000000,0.000186,-0.000400,0.000351,0.269172,0.001007,0.423520,0.262814,0.001572,0.393112,-0.011100,-0.550313
8.590000,0.317286,0.419512,-1.937569,0.055208,0.389209,-3.279658,3.279658,3.000000,0.393105,0.000000,0.000000,0.000556,-0.000241,0.001444,0.269177,0.001008,0.423535,0.262814,0.001572,0.393112,-0.011100,-0.559867
8.601000,0.297643,0.403861,-1.949365,0.035565,0.373558,-3.291454,3.291454,3.000000,0.375247,0.000000,0.000000,0.000221,-0.000177,0.002013,0.269180,0.001008,0.423553,0.262814,0.001572,0.393112,-0.011100,-0.565017
8.612000,0.344473,0.418250,-1.960932,0.082396,0.387947,-3.303020,3.303020,3.000000,0.396600,0.000000,0.000000,0.000329,-0.000568,0.001387,0.269185,0.001007,0.423566,0.262814,0.001572,0.393112,-0.011100,-0.559935
8.623000,0.355081,0.408305,-1.986206,0.093004,0.378002,-3.328295,3.328295,3.000000,0.389275,0.000000,0.000000,0.000664,-0.000538,0.002169,0.269190,0.001009,0.423584,0.262814,0.001572,0.393112,-0.011100,-0.566896
8.634000,0.367395,0.390703,-2.012024,0.105317,0.360400,-3.354113,3.354113,3.000000,0.375473,0.000000,0.000000,0.000450,-0.000713,0.001657,0.269195,0.001010,0.423601,0.262814,0.001572,0.393112,-0.011100,-0.562859
8.645000,0.375789,0.388442,-2.015389,0.113712,0.358139,-3.357478,3.357478,3.000000,0.375758,0.000000,0.000000,0.000534,0.000312,0.002181,0.269201,0.001012,0.423620,0.262814,0.001572,0.393112,-0.011100,-0.567647
8.656000,0.397862,0.370064,-2.057825,0.135785,0.339761,-3.399914,3.399914,3.000000,0.365889,0.000000,0.000000,0.000803,0.000640,0.002407,0.269206,0.001014,0.423636,0.262814,0.001572,0.393112,-0.011100,-0.569858
8.667000,0.435057,0.375824,-2.061434,0.172980,0.345521,-3.403522,3.403522,3.000000,0.386403,0.000000,0.000000,0.000376,0.000208,0.001689,0.269211,0.001014,0.423656,0.262814,0.001572,0.393112,-0.011100,-0.564108
8.678000,0.357721,0.386011,-2.029876,0.095644,0.355708,-3.371964,3.371964,3.000000,0.368342,0.000000,0.000000,0.000249,0.000435,0.001097,0.269216,0.001015,0.423670,0.262814,0.001572,0.393112,-0.011100,-0.559342
8.689000,0.326882,0.380418,-2.041489,0.064804,0.350115,-3.383578,3.383578,3.000000,0.356062,0.000000,0.000000,0.000819,-0.000371,0.001492,0.269221,0.001013,0.423686,0.262814,0.001572,0.393112,-0.011100,-0.562993
8.700000,0.323913,0.375960,-2.051348,0.061835,0.345657,-3.393436,3.393436,3.000000,0.351144,0.000000,0.000000,0.000144,0.000019,0.001878,0.269225,0.001014,0.423701,0.262814,0.001572,0.393112,-0.011100,-0.566531
8.711000,0.368449,0.387902,-2.086976,0.106371,0.357599,-3.429065,3.429065,3.000000,0.373084,0.000000,0.000000,0.000519,0.000036,0.001894,0.269230,0.001016,0.423717,0.262814,0.001572,0.393112,-0.011100,-0.566962
8.722000,0.312712,0.398856,-2.067957,0.050635,0.368552,-3.410046,3.410046,3.000000,0.372014,0.000000,0.000000,0.000397,-0.000029,0.001822,0.269234,0.001016,0.423732,0.262814,0.001572,0.393112,-0.011100,-0.566610
8.733000,0.328740,0.388292,-2.105124,0.066663,0.357988,-3.447212,3.447212,3.000000,0.364142,0.000000,0.000000,0.000382,0.000036,0.001768,0.269238,0.001016,0.423744,0.262814,0.001572,0.393112,-0.011100,-0.566374
8.744000,0.360125,0.405654,-2.100268,0.098048,0.375351,-3.442357,3.442357,3.000000,0.387946,0.000000,0.000000,0.000584,0.000129,0.000969,0.269242,0.001017,0.423757,0.262814,0.001572,0.393112,-0.011100,-0.559830
8.755000,0.379980,0.392802,-2.054836,0.117903,0.362499,-3.396924,3.396924,3.000000,0.381191,0.000000,0.000000,0.000228,-0.000172,0.000760,0.269245,0.001018,0.423768,0.262814,0.001572,0.393112,-0.011100,-0.558258
8.766000,0.400217,0.403762,-2.081686,0.138140,0.373459,-3.423774,3.423774,3.000000,0.398189,0.000000,0.000000,0.000131,0.000055,0.001549,0.269248,0.001018,0.423781,0.262814,0.001572,0.393112,-0.011100,-0.565177
8.777000,0.385449,0.385781,-2.107670,0.123371,0.355478,-3.449758,3.449758,3.000000,0.376278,0.000000,0.000000,0.000031,0.000247,0.001055,0.269251,0.001019,0.423790,0.262814,0.001572,0.393112,-0.011100,-0.561150
8.788000,0.403245,0.401687,-2.124238,0.141168,0.371384,-3.466327,3.466327,3.000000,0.397309,0.000000,0.000000,0.000357,0.000280,0.000705,0.269254,0.001019,0.423800,0.262814,0.001572,0.393112,-0.011100,-0.558352
8.799000,0.358786,0.404490,-2.152098,0.096709,0.374186,-3.494186,3.494186,3.000000,0.386482,0.000000,0.000000,-0.000084,-0.000123,0.000404,0.269257,0.001019,0.423809,0.262814,0.001572,0.393112,-0.011100,-0.555974
8.810000,0.293778,0.372749,-2.155814,0.031701,0.342446,-3.497902,3.497902,3.000000,0.343910,0.000000,0.000000,0.000297,-0.000403,0.001876,0.269261,0.001019,0.423822,0.262814,0.001572,0.393112,-0.011100,-0.568688
8.821000,0.298163,0.373486,-2.188404,0.036085,0.343182,-3.530493,3.530493,3.000000,0.345074,0.000000,0.000000,0.000489,-0.000187,0.000761,0.269264,0.001020,0.423829,0.262814,0.001572,0.393112,-0.011100,-0.559348
8.832000,0.310519,0.370163,-2.218191,0.048442,0.339860,-3.560280,3.560280,3.000000,0.343295,0.000000,0.000000,0.000012,-0.000155,0.000040,0.269265,0.001020,0.423838,0.262814,0.001572,0.393112,-0.011100,-0.553405
8.843000,0.332984,0.367547,-2.204978,0.070907,0.337244,-3.547067,3.547067,3.000000,0.344618,0.000000,0.000000,-0.000191,0.000209,-0.000324,0.269268,0.001021,0.423848,0.262814,0.001572,0.393112,-0.011100,-0.550493
8.854000,0.342119,0.364856,-2.218459,0.080041,0.334553,-3.560548,3.560548,3.000000,0.343994,0.000000,0.000000,-0.000159,0.000281,-0.000164,0.269271,0.001023,0.423858,0.262814,0.001572,0.393112,-0.011100,-0.552035
8.865000,0.389710,0.343691,-2.211091,0.127632,0.313387,-3.553180,3.553180,3.000000,0.338381,0.000000,0.000000,-0.000057,-0.000066,0.000623,0.269274,0.001021,0.423872,0.262814,0.001572,0.393112,-0.011100,-0.558963
8.876000,0.438683,0.319666,-2.229817,0.176605,0.289363,-3.571906,3.571906,3.000000,0.338999,0.000000,0.000000,0.000619,0.000006,0.001993,0.269278,0.001022,0.423886,0.262814,0.001572,0.393112,-0.011100,-0.570837
8.887000,0.442309,0.323364,-2.218812,0.180231,0.293061,-3.560900,3.560900,3.000000,0.344047,0.000000,0.000000,0.000107,-0.000353,0.001056,0.269282,0.001023,0.423896,0.262814,0.001572,0.393112,-0.011100,-0.563073
8.898000,0.430287,0.331290,-2.233066,0.168209,0.300986,-3.575155,3.575155,3.000000,0.344800,0.000000,0.000000,0.000535,0.000289,0.000829,0.269285,0.001024,0.423907,0.262814,0.001572,0.393112,-0.011100,-0.561341
8.909000,0.406701,0.333676,-2.246263,0.144624,0.303373,-3.588352,3.588352,3.000000,0.336082,0.000000,0.000000,0.000527,-0.000315,0.002056,0.269289,0.001022,0.423922,0.262814,0.001572,0.393112,-0.011100,-0.572026
8.920000,0.433775,0.302135,-2.266915,0.171697,0.271832,-3.609004,3.609004,3.000000,0.321516,0.000000,0.000000,0.000614,0.000514,0.001583,0.269294,0.001025,0.423935,0.262814,0.001572,0.393112,-0.011100,-0.568241
8.931000,0.431726,0.368519,-2.235945,0.169649,0.338215,-3.578034,3.578034,3.000000,0.378378,0.000000,0.000000,0.000527,-0.000385,0.001098,0.269297,0.001023,0.423944,0.262814,0.001572,0.393112,-0.011100,-0.564295
8.942000,0.438396,0.372012,-2.232526,0.176319,0.341709,-3.574614,3.574614,3.000000,0.384517,0.000000,0.000000,0.000434,-0.000242,0.001177,0.269300,0.001023,0.423956,0.262814,0.001572,0.393112,-0.011100,-0.565179
8.953000,0.392646,0.390717,-2.189339,0.130568,0.360414,-3.531427,3.531427,3.000000,0.383336,0.000000,0.000000,-0.000231,0.000139,0.000822,0.269301,0.001025,0.423966,0.262814,0.001572,0.393112,-0.011100,-0.562341
8.964000,0.467946,0.386054,-2.190948,0.205869,0.355751,-3.533037,3.533037,3.000000,0.411024,0.000000,0.000000,0.000148,0.000111,0.000609,0.269304,0.001026,0.423972,0.262814,0.001572,0.393112,-0.011100,-0.560637
8.975000,0.453090,0.400866,-2.147257,0.191013,0.370563,-3.489346,3.489346,3.000000,0.416896,0.000000,0.000000,-0.000037,0.000507,0.000526,0.269306,0.001025,0.423981,0.262814,0.001572,0.393112,-0.011100,-0.560104
8.986000,0.395215,0.373486,-2.109743,0.133137,0.343183,-3.451832,3.451832,3.000000,0.368104,0.000000,0.000000,0.000295,0.000495,0.000963,0.269309,0.001026,0.423991,0.262814,0.001572,0.393112,-0.011100,-0.563984
8.997000,0.475212,0.377443,-2.182434,0.213135,0.347140,-3.524523,3.524523,3.000000,0.407348,0.000000,0.000000,0.000278,0.000036,0.000315,0.269311,0.001025,0.423997,0.262814,0.001572,0.393112,-0.011100,-0.558591
9.008000,0.439568,0.379378,-2.233380,0.177490,0.349075,-3.575469,3.575469,3.000000,0.391607,0.000000,0.000000,0.000083,0.000558,0.000920,0.269314,0.001026,0.424008,0.262814,0.001572,0.393112,-0.011100,-0.563927
9.019000,0.436080,0.370195,-2.246486,0.174002,0.339891,-3.588574,3.588574,3.000000,0.381842,0.000000,0.000000,0.000071,-0.000433,0.000055,0.269317,0.001024,0.424019,0.262814,0.001572,0.393112,-0.011100,-0.556786
9.030000,0.361233,0.399492,-2.252744,0.099155,0.369188,-3.594832,3.594832,3.000000,0.382272,0.000000,0.000000,0.000069,0.000011,0.001000,0.269321,0.001026,0.424031,0.262814,0.001572,0.393112,-0.011100,-0.565026
9.041000,0.416486,0.379109,-2.296284,0.154408,0.348806,-3.638373,3.638373,3.000000,0.381454,0.000000,0.000000,0.000301,0.000105,0.001620,0.269325,0.001027,0.424046,0.262814,0.001572,0.393112,-0.011100,-0.570558
9.052000,0.382207,0.396432,-2.289317,0.120130,0.366128,-3.631405,3.631405,3.000000,0.385333,0.000000,0.000000,0.000404,-0.000342,0.001345,0.269329,0.001027,0.424057,0.262814,0.001572,0.393112,-0.011100,-0.568415
9.063000,0.385952,0.392886,-2.265909,0.123875,0.362582,-3.607997,3.607997,3.000000,0.383159,0.000000,0.000000,0.000614,0.000064,0.000975,0.269331,0.001029,0.424067,0.262814,0.001572,0.393112,-0.011100,-0.565460
9.074000,0.455859,0.354747,-2.261651,0.193782,0.324443,-3.603740,3.603740,3.000000,0.377909,0.000000,0.000000,0.000338,0.000264,0.001818,0.269334,0.001029,0.424080,0.262814,0.001572,0.393112,-0.011100,-0.572846
9.085000,0.542122,0.316994,-2.293970,0.280045,0.286690,-3.636059,3.636059,3.000000,0.400770,0.000000,0.000000,0.000390,0.000356,0.001068,0.269338,0.001029,0.424089,0.262814,0.001572,0.393112,-0.011100,-0.566651
9.096000,0.511748,0.369283,-2.239566,0.249671,0.338980,-3.581655,3.581655,3.000000,0.421002,0.000000,0.000000,0.000340,0.000109,0.001422,0.269342,0.001030,0.424104,0.262814,0.001572,0.393112,-0.011100,-0.569923
9.107000,0.505352,0.371491,-2.271161,0.243274,0.341188,-3.613250,3.613250,3.000000,0.419037,0.000000,0.000000,0.000486,-0.000312,0.001016,0.269345,0.001029,0.424118,0.262814,0.001572,0.393112,-0.011100,-0.566720
9.118000,0.491746,0.372793,-2.281369,0.229669,0.342489,-3.623458,3.623458,3.000000,0.412367,0.000000,0.000000,0.000799,0.000663,0.001438,0.269351,0.001031,0.424134,0.262814,0.001572,0.393112,-0.011100,-0.570599
9.129000,0.498195,0.385872,-2.342200,0.236118,0.355569,-3.684288,3.684288,3.000000,0.426826,0.000000,0.000000,0.000714,-0.000260,0.000913,0.269356,0.001030,0.424149,0.262814,0.001572,0.393112,-0.011100,-0.566410
9.140000,0.498042,0.378565,-2.319344,0.235964,0.348262,-3.661432,3.661432,3.000000,0.420673,0.000000,0.000000,0.000804,-0.000362,0.002605,0.269361,0.001030,0.424170,0.262814,0.001572,0.393112,-0.011100,-0.581135
9.151000,0.487004,0.364219,-2.311414,0.224927,0.333916,-3.653503,3.653503,3.000000,0.402606,0.000000,0.000000,0.000137,0.000539,0.001527,0.269365,0.001033,0.424185,0.262814,0.001572,0.393112,-0.011100,-0.572272
9.162000,0.503881,0.366209,-2.307202,0.241803,0.335906,-3.649290,3.649290,3.000000,0.413886,0.000000,0.000000,0.000392,-0.000242,0.002033,0.269371,0.001031,0.424202,0.262814,0.001572,0.393112,-0.011100,-0.576863
9.173000,0.508775,0.352086,-2.256244,0.246698,0.321783,-3.598333,3.598333,3.000000,0.405468,0.000000,0.000000,0.000612,-0.000089,0.001627,0.269375,0.001034,0.424220,0.262814,0.001572,0.393112,-0.011100,-0.573750
9.184000,0.504148,0.350997,-2.249758,0.242071,0.320693,-3.591846,3.591846,3.000000,0.401799,0.000000,0.000000,0.000298,-0.000026,0.000939,0.269380,0.001033,0.424235,0.262814,0.001572,0.393112,-0.011100,-0.568181
9.195000,0.589549,0.335837,-2.323591,0.327472,0.305534,-3.665679,3.665679,3.000000,0.447872,0.000000,0.000000,0.000323,-0.000159,0.002129,0.269386,0.001035,0.424257,0.262814,0.001572,0.393112,-0.011100,-0.578672
9.206000,0.621830,0.346308,-2.312283,0.359752,0.316004,-3.654371,3.654371,3.000000,0.478833,0.000000,0.000000,0.000433,0.000316,0.001857,0.269392,0.001035,0.424278,0.262814,0.001572,0.393112,-0.011100,-0.576736
9.217000,0.662490,0.324304,-2.299170,0.400412,0.294001,-3.641258,3.641258,3.000000,0.496756,0.000000,0.000000,0.000189,0.000124,0.001723,0.269398,0.001035,0.424299,0.262814,0.001572,0.393112,-0.011100,-0.575984
9.228000,0.623162,0.358636,-2.334714,0.361084,0.328333,-3.676802,3.676802,3.000000,0.488041,0.000000,0.000000,0.000467,-0.000118,0.001191,0.269406,0.001036,0.424322,0.262814,0.001572,0.393112,-0.011100,-0.571874
9.239000,0.611364,0.359054,-2.329945,0.349287,0.328751,-3.672034,3.672034,3.000000,0.479665,0.000000,0.000000,0.000461,0.000132,0.002006,0.269414,0.001038,0.424350,0.262814,0.001572,0.393112,-0.011100,-0.579291
9.250000,0.619285,0.348363,-2.309911,0.357208,0.318060,-3.652000,3.652000,3.000000,0.478288,0.000000,0.000000,0.000378,-0.000335,0.002192,0.269421,0.001038,0.424376,0.262814,0.001572,0.393112,-0.011100,-0.581338
9.261000,0.591614,0.360965,-2.326532,0.329537,0.330662,-3.668620,3.668620,3.000000,0.466832,0.000000,0.000000,0.000850,0.000174,0.002603,0.269429,0.001041,0.424401,0.262814,0.001572,0.393112,-0.011100,-0.585280
9.272000,0.550509,0.348872,-2.321038,0.288431,0.318569,-3.663127,3.663127,3.000000,0.429743,0.000000,0.000000,0.000834,-0.000190,0.002470,0.269435,0.001041,0.424421,0.262814,0.001572,0.393112,-0.011100,-0.584521
9.283000,0.599878,0.358748,-2.298763,0.337801,0.328445,-3.640852,3.640852,3.000000,0.471153,0.000000,0.000000,0.000523,-0.000203,0.001866,0.269443,0.001042,0.424444,0.262814,0.001572,0.393112,-0.011100,-0.579808
9.294000,0.590862,0.348447,-2.275493,0.328784,0.318144,-3.617582,3.617582,3.000000,0.457509,0.000000,0.000000,0.000769,-0.000074,0.001712,0.269450,0.001043,0.424469,0.262814,0.001572,0.393112,-0.011100,-0.578945
9.305000,0.611464,0.335054,-2.296758,0.349386,0.304751,-3.638846,3.638846,3.000000,0.463620,0.000000,0.000000,0.000902,0.000122,0.003155,0.269457,0.001044,0.424497,0.262814,0.001572,0.393112,-0.011100,-0.591692
9.316000,0.583044,0.310992,-2.292430,0.320966,0.280688,-3.634518,3.634518,3.000000,0.426386,0.000000,0.000000,0.000699,0.000427,0.002553,0.269464,0.001046,0.424521,0.262814,0.001572,0.393112,-0.011100,-0.587027
9.327000,0.683873,0.310704,-2.317285,0.421796,0.280401,-3.659374,3.659374,3.000000,0.506494,0.000000,0.000000,0.000350,-0.000075,0.001354,0.269471,0.001045,0.424544,0.262814,0.001572,0.393112,-0.011100,-0.577254
9.338000,0.676547,0.356317,-2.330256,0.414470,0.326014,-3.672345,3.672345,3.000000,0.527323,0.000000,0.000000,0.000515,-0.000048,0.002489,0.269479,0.001046,0.424572,0.262814,0.001572,0.393112,-0.011100,-0.587399
9.349000,0.735183,0.346067,-2.384116,0.473106,0.315764,-3.726205,3.726205,3.000000,0.568802,0.000000,0.000000,0.000940,-0.000161,0.003868,0.269489,0.001046,0.424606,0.262814,0.001572,0.393112,-0.011100,-0.599709
9.360000,0.708307,0.335981,-2.336673,0.446230,0.305678,-3.678761,3.678761,3.000000,0.540888,0.000000,0.000000,0.000547,0.000313,0.002296,0.269496,0.001049,0.424630,0.262814,0.001572,0.393112,-0.011100,-0.586800
9.371000,0.700663,0.346390,-2.311095,0.438585,0.316087,-3.653184,3.653184,3.000000,0.540618,0.000000,0.000000,0.000591,0.000025,0.001488,0.269505,0.001050,0.424657,0.262814,0.001572,0.393112,-0.011100,-0.580427
9.382000,0.670560,0.367521,-2.282222,0.408483,0.337218,-3.624310,3.624310,3.000000,0.529693,0.000000,0.000000,0.000718,0.000233,0.002469,0.269514,0.001051,0.424688,0.262814,0.001572,0.393112,-0.011100,-0.589322
9.393000,0.717971,0.332809,-2.305483,0.455894,0.302506,-3.647571,3.647571,3.000000,0.547128,0.000000,0.000000,0.000834,0.000517,0.003052,0.269525,0.001053,0.424723,0.262814,0.001572,0.393112,-0.011100,-0.594890
9.404000,0.719528,0.341019,-2.306367,0.457451,0.310716,-3.648456,3.648456,3.000000,0.552997,0.000000,0.000000,0.001181,0.000123,0.003815,0.269535,0.001052,0.424757,0.262814,0.001572,0.393112,-0.011100,-0.601964
9.415000,0.679920,0.348176,-2.306496,0.417842,0.317873,-3.648584,3.648584,3.000000,0.525010,0.000000,0.000000,0.000769,0.000088,0.002911,0.269545,0.001054,0.424789,0.262814,0.001572,0.393112,-0.011100,-0.594887
9.426000,0.654177,0.359137,-2.297632,0.392100,0.328834,-3.639720,3.639720,3.000000,0.511736,0.000000,0.000000,0.001088,-0.000513,0.003043,0.269555,0.001054,0.424823,0.262814,0.001572,0.393112,-0.011100,-0.596623
9.437000,0.647568,0.348713,-2.353260,0.385490,0.318410,-3.695348,3.695348,3.000000,0.499988,0.000000,0.000000,0.001178,-0.000203,0.004035,0.269566,0.001057,0.424862,0.262814,0.001572,0.393112,-0.011100,-0.605725
9.448000,0.730230,0.335438,-2.381778,0.468153,0.305135,-3.723866,3.723866,3.000000,0.558815,0.000000,0.000000,0.000916,-0.000042,0.002729,0.269576,0.001059,0.424897,0.262814,0.001572,0.393112,-0.011100,-0.595284
9.459000,0.712476,0.364449,-2.423481,0.450398,0.334145,-3.765570,3.765570,3.000000,0.560813,0.000000,0.000000,0.001524,-0.000106,0.003920,0.269590,0.001061,0.424940,0.262814,0.001572,0.393112,-0.011100,-0.606165
9.470000,0.726593,0.342379,-2.412370,0.464516,0.312075,-3.754458,3.754458,3.000000,0.559613,0.000000,0.000000,0.001344,0.000085,0.002948,0.269602,0.001062,0.424981,0.262814,0.001572,0.393112,-0.011100,-0.598650
9.481000,0.784099,0.338778,-2.395672,0.522022,0.308475,-3.737760,3.737760,3.000000,0.606353,0.000000,0.000000,0.001470,-0.000013,0.004479,0.269615,0.001064,0.425026,0.262814,0.001572,0.393112,-0.011100,-0.612455
9.492000,0.806425,0.325181,-2.400272,0.544348,0.294878,-3.742360,3.742360,3.000000,0.619086,0.000000,0.000000,0.001308,0.000117,0.004079,0.269627,0.001066,0.425067,0.262814,0.001572,0.393112,-0.011100,-0.609798
9.503000,0.744504,0.361616,-2.420820,0.482427,0.331313,-3.762909,3.762909,3.000000,0.585238,0.000000,0.000000,0.001180,-0.000026,0.003932,0.269639,0.001068,0.425107,0.262814,0.001572,0.393112,-0.011100,-0.609271
9.514000,0.765198,0.327617,-2.446409,0.503120,0.297313,-3.788498,3.788498,3.000000,0.584402,0.000000,0.000000,0.001314,0.000031,0.003805,0.269653,0.001069,0.425153,0.262814,0.001572,0.393112,-0.011100,-0.609015
9.525000,0.753293,0.320213,-2.432971,0.491215,0.289910,-3.775059,3.775059,3.000000,0.570386,0.000000,0.000000,0.001146,0.000246,0.004080,0.269665,0.001072,0.425197,0.262814,0.001572,0.393112,-0.011100,-0.612150
9.536000,0.804316,0.335355,-2.457835,0.542239,0.305052,-3.799923,3.799923,3.000000,0.622157,0.000000,0.000000,0.000932,0.000397,0.004312,0.269679,0.001074,0.425245,0.262814,0.001572,0.393112,-0.011100,-0.614985
9.547000,0.797483,0.309515,-2.421211,0.535405,0.279211,-3.763299,3.763299,3.000000,0.603836,0.000000,0.000000,0.000947,0.000011,0.004401,0.269695,0.001076,0.425295,0.262814,0.001572,0.393112,-0.011100,-0.616628
9.558000,0.764550,0.304126,-2.469656,0.502472,0.273822,-3.811745,3.811745,3.000000,0.572239,0.000000,0.000000,0.001411,0.000049,0.004145,0.269710,0.001077,0.425346,0.262814,0.001572,0.393112,-0.011100,-0.615377
9.569000,0.702320,0.274791,-2.424117,0.440242,0.244488,-3.766205,3.766205,3.000000,0.503575,0.000000,0.000000,0.001816,0.000163,0.005410,0.269727,0.001081,0.425401,0.262814,0.001572,0.393112,-0.011100,-0.627104
9.580000,0.696003,0.303392,-2.439054,0.433925,0.273089,-3.781143,3.781143,3.000000,0.512707,0.000000,0.000000,0.001797,0.000632,0.004992,0.269743,0.001083,0.425455,0.262814,0.001572,0.393112,-0.011100,-0.624526
9.591000,0.801649,0.313420,-2.486633,0.539571,0.283117,-3.828721,3.828721,3.000000,0.609338,0.000000,0.000000,0.001555,-0.000070,0.004831,0.269760,0.001084,0.425512,0.262814,0.001572,0.393112,-0.011100,-0.624183
9.602000,0.830201,0.316603,-2.514322,0.568123,0.286300,-3.856410,3.856410,3.000000,0.636185,0.000000,0.000000,0.001510,0.000470,0.005820,0.269776,0.001088,0.425573,0.262814,0.001572,0.393112,-0.011100,-0.633675
9.613000,0.838011,0.275559,-2.497579,0.575933,0.245255,-3.839667,3.839667,3.000000,0.625979,0.000000,0.000000,0.001724,-0.000048,0.005431,0.269796,0.001089,0.425636,0.262814,0.001572,0.393112,-0.011100,-0.631507
9.624000,0.854729,0.284966,-2.499373,0.592652,0.254663,-3.841461,3.841461,3.000000,0.645050,0.000000,0.000000,0.001724,0.000117,0.006760,0.269816,0.001090,0.425705,0.262814,0.001572,0.393112,-0.011100,-0.644024
9.635000,0.907377,0.288413,-2.493534,0.645299,0.258110,-3.835623,3.835623,3.000000,0.695005,0.000000,0.000000,0.001616,0.000547,0.006391,0.269837,0.001095,0.425773,0.262814,0.001572,0.393112,-0.011100,-0.642128
9.646000,0.903721,0.295643,-2.493319,0.641644,0.265340,-3.835407,3.835407,3.000000,0.694343,0.000000,0.000000,0.001821,0.000373,0.006467,0.269858,0.001099,0.425843,0.262814,0.001572,0.393112,-0.011100,-0.644034
9.657000,0.866579,0.292424,-2.464202,0.604502,0.262121,-3.806290,3.806290,3.000000,0.658885,0.000000,0.000000,0.001743,-0.000228,0.006074,0.269878,0.001100,0.425911,0.262814,0.001572,0.393112,-0.011100,-0.641918
9.668000,0.915809,0.312622,-2.455518,0.653732,0.282318,-3.797606,3.797606,3.000000,0.712088,0.000000,0.000000,0.001833,0.000248,0.007387,0.269900,0.001104,0.425986,0.262814,0.001572,0.393112,-0.011100,-0.654418
9.679000,0.896632,0.288615,-2.426996,0.634555,0.258312,-3.769085,3.769085,3.000000,0.685117,0.000000,0.000000,0.001883,-0.000159,0.006581,0.269922,0.001106,0.426059,0.262814,0.001572,0.393112,-0.011100,-0.648872
9.690000,0.865763,0.277859,-2.396161,0.603686,0.247555,-3.738250,3.738250,3.000000,0.652472,0.000000,0.000000,0.002081,0.000477,0.007315,0.269946,0.001111,0.426137,0.262814,0.001572,0.393112,-0.011100,-0.656520
9.701000,0.866839,0.304825,-2.437235,0.604762,0.274521,-3.779324,3.779324,3.000000,0.664153,0.000000,0.000000,0.002112,0.000411,0.008026,0.269969,0.001114,0.426218,0.262814,0.001572,0.393112,-0.011100,-0.664000
9.712000,0.879736,0.269028,-2.440933,0.617659,0.238725,-3.783022,3.783022,3.000000,0.662187,0.000000,0.000000,0.002350,0.000104,0.008561,0.269996,0.001115,0.426305,0.262814,0.001572,0.393112,-0.011100,-0.670113
9.723000,0.922353,0.271056,-2.418369,0.660276,0.240753,-3.760458,3.760458,3.000000,0.702799,0.000000,0.000000,0.002532,0.000165,0.008376,0.270022,0.001120,0.426396,0.262814,0.001572,0.393112,-0.011100,-0.670178
9.734000,0.952614,0.286191,-2.386850,0.690537,0.255888,-3.728939,3.728939,3.000000,0.736424,0.000000,0.000000,0.002412,0.000586,0.008945,0.270051,0.001126,0.426492,0.262814,0.001572,0.393112,-0.011100,-0.676729
9.745000,0.982142,0.298129,-2.386077,0.720064,0.267826,-3.728165,3.728165,3.000000,0.768260,0.000000,0.000000,0.002715,-0.000199,0.009108,0.270081,0.001127,0.426595,0.262814,0.001572,0.393112,-0.011100,-0.679980
9.756000,0.956110,0.321650,-2.339566,0.694033,0.291347,-3.681654,3.681654,3.000000,0.752705,0.000000,0.000000,0.002619,0.000181,0.009734,0.270113,0.001132,0.426701,0.262814,0.001572,0.393112,-0.011100,-0.687188
9.767000,1.095499,0.319225,-2.348858,0.833421,0.288921,-3.690947,3.690947,3.000000,0.882081,0.000000,0.000000,0.003193,0.000267,0.010542,0.270147,0.001137,0.426815,0.262814,0.001572,0.393112,-0.011100,-0.696105
9.778000,1.062215,0.340467,-2.342971,0.800138,0.310164,-3.685060,3.685060,3.000000,0.858150,0.000000,0.000000,0.003398,0.000366,0.011767,0.270183,0.001141,0.426937,0.262814,0.001572,0.393112,-0.011100,-0.708694
9.789000,1.091229,0.306571,-2.364265,0.829152,0.276268,-3.706353,3.706353,3.000000,0.873966,0.000000,0.000000,0.003568,0.000890,0.011575,0.270222,0.001147,0.427064,0.262814,0.001572,0.393112,-0.011100,-0.709347
9.800000,1.076144,0.298993,-2.335556,0.814066,0.268690,-3.677645,3.677645,3.000000,0.857262,0.000000,0.000000,0.003956,0.000435,0.013124,0.270261,0.001152,0.427201,0.262814,0.001572,0.393112,-0.011100,-0.724947
9.811000,1.048168,0.326419,-2.304506,0.786090,0.296115,-3.646595,3.646595,3.000000,0.840013,0.000000,0.000000,0.003992,0.001200,0.013019,0.270305,0.001159,0.427345,0.262814,0.001572,0.393112,-0.011100,-0.726655
9.822000,1.129706,0.311663,-2.276597,0.867628,0.281359,-3.618685,3.618685,3.000000,0.912109,0.000000,0.000000,0.004127,0.000509,0.014840,0.270350,0.001161,0.427500,0.262814,0.001572,0.393112,-0.011100,-0.744905
9.833000,1.133866,0.358015,-2.186616,0.871788,0.327712,-3.528705,3.528705,3.000000,0.931348,0.000000,0.000000,0.003640,0.000770,0.014040,0.270396,0.001169,0.427658,0.262814,0.001572,0.393112,-0.011100,-0.740966
9.844000,1.198365,0.358989,-2.222946,0.936288,0.328685,-3.565034,3.565034,3.000000,0.992305,0.000000,0.000000,0.004829,0.001383,0.015606,0.270448,0.001176,0.427832,0.262814,0.001572,0.393112,-0.011100,-0.757364
9.855000,1.244225,0.339256,-2.203074,0.982148,0.308953,-3.545163,3.545163,3.000000,1.029595,0.004770,0.001500,0.005241,0.000731,0.017499,0.270502,0.001184,0.428014,0.262843,0.001581,0.393112,-0.011100,-0.776720
9.866000,1.294232,0.354199,-2.177688,1.032155,0.323895,-3.519777,3.519777,3.000000,1.081782,0.004771,0.001497,0.004704,0.000622,0.017647,0.270558,0.001191,0.428207,0.262895,0.001599,0.393112,-0.011100,-0.781454
9.877000,1.342794,0.335724,-2.119208,1.080717,0.305421,-3.461296,3.461296,3.000000,1.123045,0.004812,0.001360,0.005775,0.000999,0.019422,0.270620,0.001199,0.428415,0.262948,0.001614,0.393112,-0.011100,-0.800250
9.888000,1.242309,0.353513,-2.063777,0.980231,0.323210,-3.405865,3.405865,3.000000,1.032142,0.004749,0.001566,0.005997,0.000888,0.020225,0.270684,0.001209,0.428636,0.263000,0.001630,0.393112,-0.011100,-0.811040
9.899000,1.287202,0.342550,-2.040081,1.025125,0.312247,-3.382169,3.382169,3.000000,1.071624,0.004783,0.001457,0.006389,0.000734,0.021635,0.270753,0.001218,0.428868,0.263053,0.001647,0.393112,-0.011100,-0.827184
9.910000,1.334106,0.345379,-2.007250,1.072029,0.315076,-3.349339,3.349339,3.000000,1.117371,0.004797,0.001410,0.006208,0.000737,0.021786,0.270821,0.001229,0.429104,0.263105,0.001662,0.393112,-0.011100,-0.832701
9.921000,1.401831,0.333170,-1.890540,1.139753,0.302867,-3.232629,3.232629,3.000000,1.179308,0.004832,0.001284,0.006600,0.000428,0.023094,0.270893,0.001239,0.429350,0.263158,0.001677,0.393112,-0.011100,-0.848236
9.932000,1.346706,0.343516,-1.811183,1.084628,0.313213,-3.153272,3.153272,3.000000,1.128947,0.004804,0.001387,0.006245,0.001043,0.021909,0.270962,0.001251,0.429588,0.263212,0.001692,0.393112,-0.011100,-0.842457
9.943000,1.260127,0.322259,-1.827137,0.998050,0.291956,-3.169225,3.169225,3.000000,1.039876,0.004799,0.001404,0.005876,0.001270,0.020988,0.271030,0.001261,0.429821,0.263264,0.001707,0.393112,-0.011100,-0.838851
9.954000,1.159126,0.322399,-1.734058,0.897048,0.292096,-3.076147,3.076147,3.000000,0.943406,0.000000,0.000000,0.005303,0.000716,0.018575,0.271092,0.001271,0.430033,0.263293,0.001715,0.393112,-0.011100,-0.822194
9.965000,1.130103,0.322957,-1.710969,0.868026,0.292654,-3.053057,3.053057,3.000000,0.916032,0.000000,0.000000,0.005304,0.000309,0.018585,0.271152,0.001278,0.430242,0.263293,0.001715,0.393112,-0.011100,-0.826029
9.976000,1.132943,0.308786,-1.632381,0.870866,0.278483,-2.974469,2.974469,3.000000,0.914308,0.000000,0.000000,0.005090,0.000592,0.017187,0.271207,0.001287,0.430434,0.263293,0.001715,0.393112,-0.011100,-0.817620
9.987000,1.140168,0.308331,-1.620502,0.878090,0.278028,-2.962590,2.962590,3.000000,0.921055,0.000000,0.000000,0.004924,0.001148,0.016626,0.271262,0.001297,0.430625,0.263293,0.001715,0.393112,-0.011100,-0.816302
9.998000,1.258737,0.296384,-1.611888,0.996660,0.266081,-2.953977,2.953977,3.000000,1.031566,0.004831,0.001290,0.004667,0.001309,0.016024,0.271315,0.001306,0.430808,0.263308,0.001719,0.393112,-0.011100,-0.814487
10.009000,1.376648,0.259500,-1.590252,1.114570,0.229196,-2.932341,2.932341,3.000000,1.137892,0.004898,0.001007,0.004817,0.001181,0.016683,0.271368,0.001312,0.430991,0.263361,0.001732,0.393112,-0.011100,-0.823373
10.020000,1.335583,0.279048,-1.547859,1.073505,0.248745,-2.889947,2.889947,3.000000,1.101947,0.004871,0.001129,0.004602,0.000640,0.015384,0.271418,0.001318,0.431162,0.263415,0.001743,0.393112,-0.011100,-0.815436
10.031000,1.353674,0.292169,-1.448654,1.091596,0.261865,-2.790743,2.790743,3.000000,1.122566,0.004862,0.001166,0.004429,0.000767,0.014994,0.271467,0.001327,0.431329,0.263468,0.001756,0.393112,-0.011100,-0.815126
10.042000,1.420581,0.276101,-1.422770,1.158504,0.245798,-2.764858,2.764858,3.000000,1.184292,0.004891,0.001038,0.003971,0.000503,0.013808,0.271511,0.001333,0.431484,0.263522,0.001768,0.393112,-0.011100,-0.807861
10.053000,1.329477,0.282468,-1.320576,1.067400,0.252165,-2.662665,2.662665,3.000000,1.096781,0.004866,0.001150,0.003307,0.000972,0.012478,0.271551,0.001341,0.431623,0.263576,0.001780,0.393112,-0.011100,-0.799070
10.064000,1.409606,0.285340,-1.210641,1.147528,0.255036,-2.552730,2.552730,3.000000,1.175527,0.004881,0.001085,0.003256,0.000946,0.011289,0.271587,0.001345,0.431748,0.263629,0.001792,0.393112,-0.011100,-0.791240
10.075000,1.284466,0.291384,-1.120970,1.022389,0.261081,-2.463059,2.463059,3.000000,1.055197,0.004845,0.001237,0.002968,0.000473,0.010102,0.271617,0.001349,0.431857,0.263683,0.001805,0.393112,-0.011100,-0.783131
10.086000,1.312125,0.321097,-1.057922,1.050047,0.290794,-2.400010,2.400010,3.000000,1.089569,0.004819,0.001334,0.002456,0.000028,0.007648,0.271643,0.001352,0.431948,0.263736,0.001819,0.393112,-0.011100,-0.763940
10.097000,1.338760,0.316427,-1.023568,1.076682,0.286124,-2.365657,2.365657,3.000000,1.114052,0.004832,0.001284,0.001651,0.000671,0.006445,0.271663,0.001357,0.432020,0.263789,0.001834,0.393112,-0.011100,-0.755025
10.108000,1.390427,0.323216,-0.976796,1.128349,0.292912,-2.318885,2.318885,3.000000,1.165748,0.004840,0.001256,0.001182,0.000766,0.004534,0.271680,0.001360,0.432076,0.263842,0.001847,0.393112,-0.011100,-0.739812
10.119000,1.419837,0.330200,-0.913002,1.157759,0.299896,-2.255091,2.255091,3.000000,1.195970,0.004840,0.001254,0.001003,-0.000046,0.003524,0.271693,0.001360,0.432120,0.263896,0.001861,0.393112,-0.011100,-0.732039
10.130000,1.410282,0.324308,-0.875379,1.148204,0.294005,-2.217467,2.217467,3.000000,1.185248,0.004844,0.001240,0.000350,-0.000107,0.002350,0.271700,0.001362,0.432149,0.263949,0.001874,0.393112,-0.011100,-0.722594
10.141000,1.431993,0.308177,-0.809889,1.169915,0.277874,-2.151978,2.151978,3.000000,1.202462,0.004865,0.001155,0.000592,-0.000451,0.000824,0.271705,0.001363,0.432162,0.264002,0.001887,0.393112,-0.011100,-0.709880
10.152000,1.463765,0.300235,-0.794411,1.201688,0.269931,-2.136499,2.136499,3.000000,1.231632,0.004878,0.001096,-0.000416,-0.000211,-0.000730,0.271704,0.001363,0.432160,0.264056,0.001900,0.393112,-0.011100,-0.696667
10.163000,1.510412,0.326346,-0.749312,1.248334,0.296043,-2.091401,2.091401,3.000000,1.282957,0.004865,0.001154,-0.000032,0.000390,-0.000670,0.271703,0.001364,0.432155,0.264109,0.001913,0.393112,-0.011100,-0.697083
10.174000,1.523049,0.274222,-0.711346,1.260972,0.243919,-2.053435,2.053435,3.000000,1.284347,0.004909,0.000950,-0.000033,-0.000185,-0.000297,0.271700,0.001364,0.432150,0.264163,0.001924,0.393112,-0.011100,-0.700165
10.185000,1.708774,0.231690,-0.710605,1.446696,0.201387,-2.052694,2.052694,3.000000,1.460646,0.004952,0.000689,0.000405,-0.000160,0.000254,0.271702,0.001364,0.432152,0.264218,0.001933,0.393112,-0.011100,-0.704873
10.196000,1.804803,0.259120,-0.684618,1.542725,0.228817,-2.026707,2.026707,3.000000,1.559602,0.004946,0.000734,0.000009,-0.000086,-0.000114,0.271701,0.001364,0.432154,0.264272,0.001940,0.393112,-0.011100,-0.701773
10.207000,1.753920,0.253422,-0.635350,1.491842,0.223119,-1.977439,1.977439,3.000000,1.508435,0.004945,0.000740,0.000114,-0.000630,-0.000155,0.271702,0.001364,0.432154,0.264326,0.001948,0.392932,-0.011280,-0.704675
10.218000,1.847174,0.233163,-0.613141,1.585096,0.202860,-1.955230,1.955230,3.000000,1.598024,0.004960,0.000635,0.000292,0.000359,0.000143,0.271702,0.001364,0.432153,0.264381,0.001956,0.392712,-0.011500,-0.711148
10.229000,1.866854,0.216331,-0.612018,1.604776,0.186028,-1.954107,1.954107,3.000000,1.615522,0.004967,0.000576,-0.000010,-0.000070,0.000489,0.271701,0.001364,0.432153,0.264436,0.001963,0.392492,-0.011720,-0.718038
10.240000,1.889409,0.206970,-0.621479,1.627331,0.176666,-1.963567,1.963567,3.000000,1.636893,0.004971,0.000540,0.000189,-0.000334,0.000134,0.271702,0.001363,0.432154,0.264490,0.001968,0.392272,-0.011940,-0.719013
10.251000,1.796714,0.250880,-0.594832,1.534636,0.220577,-1.936921,1.936921,3.000000,1.550407,0.004949,0.000711,-0.000299,0.000294,-0.000961,0.271701,0.001364,0.432152,0.264545,0.001976,0.392052,-0.012160,-0.713647
10.262000,1.834847,0.207544,-0.643021,1.572769,0.177241,-1.985110,1.985110,3.000000,1.582725,0.004969,0.000560,0.000170,0.000497,-0.000544,0.271701,0.001364,0.432150,0.264599,0.001982,0.391832,-0.012380,-0.721110
10.273000,1.840769,0.252029,-0.624792,1.578691,0.221726,-1.966881,1.966881,3.000000,1.594186,0.004951,0.000695,0.000201,-0.000102,0.000044,0.271700,0.001363,0.432150,0.264654,0.001989,0.391612,-0.012600,-0.730058
10.284000,1.922990,0.249961,-0.591536,1.660913,0.219658,-1.933624,1.933624,3.000000,1.675375,0.004957,0.000656,0.000135,-0.000181,0.000337,0.271701,0.001363,0.432151,0.264708,0.001997,0.391392,-0.012820,-0.736515
10.295000,1.890112,0.266290,-0.565336,1.628035,0.235987,-1.907425,1.907425,3.000000,1.645049,0.004948,0.000717,-0.000082,-0.000035,0.000322,0.271701,0.001364,0.432152,0.264763,0.002004,0.391172,-0.013040,-0.740370
10.306000,1.886996,0.247133,-0.556680,1.624918,0.216830,-1.898769,1.898769,3.000000,1.639322,0.004956,0.000661,0.000195,-0.000098,-0.000209,0.271702,0.001364,0.432150,0.264817,0.002012,0.390952,-0.013260,-0.739788
10.317000,1.833300,0.296806,-0.529455,1.571223,0.266502,-1.871544,1.871544,3.000000,1.593664,0.004930,0.000836,-0.000033,-0.000544,-0.000299,0.271700,0.001362,0.432149,0.264872,0.002020,0.390732,-0.013480,-0.742970
10.328000,1.821432,0.285569,-0.521121,1.559354,0.255266,-1.863209,1.863209,3.000000,1.580110,0.004934,0.000808,0.000048,0.000003,-0.000049,0.271701,0.001363,0.432150,0.264926,0.002029,0.390512,-0.013700,-0.749065
10.339000,1.933336,0.272486,-0.565893,1.671259,0.242183,-1.907982,1.907982,3.000000,1.688715,0.004948,0.000717,-0.000081,-0.000042,-0.000053,0.271701,0.001363,0.432151,0.264980,0.002038,0.390292,-0.013920,-0.753007
10.350000,1.833857,0.319551,-0.556617,1.571780,0.289248,-1.898706,1.898706,3.000000,1.598173,0.004917,0.000905,0.000250,-0.000108,0.000058,0.271702,0.001363,0.432152,0.265034,0.002047,0.390072,-0.014140,-0.757918
10.361000,1.827698,0.307239,-0.534067,1.565620,0.276936,-1.876155,1.876155,3.000000,1.589925,0.004924,0.000871,0.000009,-0.000305,0.000374,0.271702,0.001363,0.432152,0.265089,0.002056,0.389852,-0.014360,-0.764577
10.372000,1.799302,0.304597,-0.546766,1.537224,0.274294,-1.888855,1.888855,3.000000,1.561504,0.004922,0.000878,-0.000054,-0.000553,-0.000276,0.271701,0.001361,0.432150,0.265143,0.002066,0.389632,-0.014580,-0.762973
10.383000,1.818544,0.315600,-0.547255,1.556467,0.285297,-1.889344,1.889344,3.000000,1.582398,0.004918,0.000901,0.000241,-0.000102,0.000293,0.271702,0.001363,0.432152,0.265197,0.002076,0.389412,-0.014800,-0.771811
10.394000,1.812749,0.314104,-0.555178,1.550672,0.283801,-1.897266,1.897266,3.000000,1.576428,0.004918,0.000900,-0.000189,-0.000621,-0.000200,0.271701,0.001361,0.432152,0.265251,0.002085,0.389192,-0.015020,-0.771572
10.405000,1.844154,0.322068,-0.579573,1.582076,0.291765,-1.921661,1.921661,3.000000,1.608755,0.004917,0.000907,-0.000131,0.000206,0.000342,0.271701,0.001363,0.432151,0.265305,0.002096,0.388972,-0.015240,-0.780120
10.416000,1.879912,0.299707,-0.561582,1.617835,0.269404,-1.903671,1.903671,3.000000,1.640112,0.004932,0.000821,-0.000283,0.000158,-0.000037,0.271701,0.001362,0.432151,0.265359,0.002105,0.388752,-0.015460,-0.780869
10.427000,1.792415,0.295274,-0.526726,1.530338,0.264971,-1.868814,1.868814,3.000000,1.553107,0.004927,0.000853,0.000163,0.000300,0.000432,0.271702,0.001364,0.432152,0.265414,0.002114,0.388532,-0.015680,-0.788823
10.438000,1.800849,0.312005,-0.566168,1.538771,0.281702,-1.908257,1.908257,3.000000,1.564344,0.004918,0.000900,-0.000002,0.000119,0.000303,0.271701,0.001362,0.432152,0.265468,0.002124,0.388312,-0.015900,-0.791673
10.449000,1.765551,0.327935,-0.559579,1.503473,0.297632,-1.901667,1.901667,3.000000,1.532650,0.004905,0.000971,0.000113,0.000007,-0.000032,0.271701,0.001362,0.432150,0.265522,0.002134,0.388092,-0.016120,-0.792769
10.460000,1.780437,0.320381,-0.551976,1.518360,0.290077,-1.894065,1.894065,3.000000,1.545820,0.004911,0.000938,-0.000250,0.000530,-0.001044,0.271701,0.001363,0.432149,0.265576,0.002145,0.387872,-0.016340,-0.788124
10.471000,1.789671,0.320165,-0.584746,1.527593,0.289862,-1.926834,1.926834,3.000000,1.554851,0.004912,0.000932,0.000137,-0.000002,0.000830,0.271702,0.001362,0.432153,0.265630,0.002155,0.387652,-0.016560,-0.808046
10.482000,1.750414,0.300355,-0.583069,1.488336,0.270052,-1.925157,1.925157,3.000000,1.512638,0.004920,0.000893,0.000057,0.000154,-0.000181,0.271702,0.001363,0.432152,0.265684,0.002165,0.387432,-0.016780,-0.803425
10.493000,1.769933,0.331769,-0.591867,1.507855,0.301465,-1.933956,1.933956,3.000000,1.537696,0.004903,0.000980,-0.000069,-0.000083,0.000498,0.271702,0.001363,0.432154,0.265738,0.002175,0.387212,-0.017000,-0.813174
10.504000,1.822314,0.297554,-0.613678,1.560236,0.267250,-1.955766,1.955766,3.000000,1.582959,0.004928,0.000844,-0.000029,0.000237,-0.000105,0.271701,0.001363,0.432152,0.265792,0.002185,0.386992,-0.017220,-0.811984
10.515000,1.763448,0.303409,-0.635560,1.501370,0.273105,-1.977648,1.977648,3.000000,1.526008,0.004919,0.000895,0.000247,-0.000271,0.001330,0.271702,0.001362,0.432157,0.265846,0.002195,0.386772,-0.017440,-0.828211
10.526000,1.776346,0.299141,-0.673714,1.514268,0.268837,-2.015802,2.015802,3.000000,1.537947,0.004923,0.000874,-0.000215,0.000082,0.000701,0.271702,0.001363,0.432159,0.265900,0.002205,0.386712,-0.017500,-0.823986
10.537000,1.759038,0.302589,-0.715393,1.496961,0.272286,-2.057482,2.057482,3.000000,1.521523,0.004919,0.000895,-0.000073,-0.000418,-0.000058,0.271702,0.001362,0.432157,0.265954,0.002214,0.386712,-0.017500,-0.817521
10.548000,1.706700,0.326228,-0.741515,1.444622,0.295925,-2.083603,2.083603,3.000000,1.474620,0.004898,0.001003,-0.000186,-0.000101,0.000115,0.271703,0.001362,0.432160,0.266008,0.002225,0.386712,-0.017500,-0.819029
10.559000,1.713488,0.280541,-0.767632,1.451410,0.250238,-2.109721,2.109721,3.000000,1.472824,0.004927,0.000850,0.000084,-0.000047,0.000035,0.271703,0.001362,0.432158,0.266062,0.002236,0.386712,-0.017500,-0.818313
10.570000,1.709348,0.296457,-0.846868,1.447270,0.266153,-2.188956,2.188956,3.000000,1.471540,0.004918,0.000904,-0.000003,-0.000057,0.000329,0.271704,0.001363,0.432159,0.266116,0.002245,0.386712,-0.017500,-0.820833
10.581000,1.679590,0.304914,-0.875609,1.417513,0.274611,-2.217697,2.217697,3.000000,1.443868,0.004909,0.000951,-0.000118,-0.000153,0.000920,0.271705,0.001362,0.432164,0.266170,0.002255,0.386712,-0.017500,-0.825939
10.592000,1.581486,0.346140,-0.944489,1.319408,0.315837,-2.286577,2.286577,3.000000,1.356684,0.004863,0.001164,0.000224,-0.000586,-0.000013,0.271706,0.001361,0.432166,0.266224,0.002267,0.386712,-0.017500,-0.818046
10.603000,1.586665,0.320134,-0.986242,1.324588,0.289831,-2.328330,2.328330,3.000000,1.355926,0.004884,0.001069,0.000175,0.000244,0.000171,0.271706,0.001363,0.432165,0.266278,0.002279,0.386712,-0.017500,-0.819599
10.614000,1.588079,0.302766,-1.060963,1.326002,0.272463,-2.403052,2.403052,3.000000,1.353705,0.004898,0.001006,-0.000429,-0.000006,-0.000428,0.271705,0.001363,0.432164,0.266332,0.002290,0.386712,-0.017500,-0.814496
10.625000,1.560402,0.326325,-1.097931,1.298325,0.296022,-2.440020,2.440020,3.000000,1.331644,0.004875,0.001111,0.000078,0.000577,0.000677,0.271705,0.001363,0.432167,0.266385,0.002302,0.386712,-0.017500,-0.823918
10.636000,1.528411,0.335773,-1.142012,1.266333,0.305470,-2.484100,2.484100,3.000000,1.302656,0.004861,0.001172,-0.000053,0.000562,-0.000262,0.271705,0.001363,0.432166,0.266439,0.002315,0.386712,-0.017500,-0.815937
10.647000,1.514172,0.339497,-1.162809,1.252095,0.309194,-2.504898,2.504898,3.000000,1.289706,0.004854,0.001199,-0.000189,0.000060,-0.000324,0.271706,0.001362,0.432166,0.266492,0.002328,0.386712,-0.017500,-0.815426
10.658000,1.505849,0.344030,-1.204763,1.243771,0.313727,-2.546851,2.546851,3.000000,1.282728,0.004848,0.001223,-0.000087,0.000317,-0.000121,0.271706,0.001362,0.432167,0.266546,0.002341,0.386712,-0.017500,-0.817150
10.669000,1.464719,0.356307,-1.201319,1.202642,0.326004,-2.543407,2.543407,3.000000,1.246044,0.004826,0.001308,0.000165,0.000047,0.000440,0.271706,0.001361,0.432167,0.266599,0.002355,0.386712,-0.017500,-0.821920
10.680000,1.515808,0.386978,-1.216385,1.253731,0.356675,-2.558474,2.558474,3.000000,1.303479,0.004809,0.001368,0.000738,-0.000380,0.000861,0.271707,0.001362,0.432167,0.266652,0.002370,0.386712,-0.017500,-0.825489
10.691000,1.464176,0.412075,-1.194352,1.202098,0.381771,-2.536441,2.536441,3.000000,1.261265,0.004765,0.001513,0.000543,0.000062,0.000638,0.271707,0.001363,0.432168,0.266704,0.002386,0.386712,-0.017500,-0.823605
10.702000,1.483238,0.369912,-1.250906,1.221161,0.339609,-2.592994,2.592994,3.000000,1.267505,0.004817,0.001340,0.000019,-0.000546,-0.000776,0.271705,0.001362,0.432165,0.266757,0.002402,0.386712,-0.017500,-0.811569
10.713000,1.491985,0.372981,-1.221899,1.229908,0.342678,-2.563987,2.563987,3.000000,1.276754,0.004817,0.001342,-0.000093,-0.000146,-0.000024,0.271706,0.001363,0.432167,0.266810,0.002417,0.386712,-0.017500,-0.817976
10.724000,1.472500,0.337764,-1.239270,1.210423,0.307461,-2.581358,2.581358,3.000000,1.248862,0.004846,0.001231,0.000339,0.000197,0.000368,0.271707,0.001364,0.432170,0.266863,0.002431,0.386712,-0.017500,-0.821355
10.735000,1.449517,0.319130,-1.251087,1.187440,0.288827,-2.593176,2.593176,3.000000,1.222061,0.004858,0.001182,-0.000095,0.000245,0.000077,0.271707,0.001365,0.432171,0.266917,0.002444,0.386712,-0.017500,-0.818921
10.746000,1.482682,0.319755,-1.269010,1.220604,0.289452,-2.611099,2.611099,3.000000,1.254455,0.004865,0.001154,-0.000305,0.000250,-0.000242,0.271706,0.001366,0.432170,0.266970,0.002457,0.386712,-0.017500,-0.816186
10.757000,1.442916,0.301694,-1.304269,1.180839,0.271391,-2.646357,2.646357,3.000000,1.211624,0.004873,0.001120,0.000277,0.000327,0.000468,0.271707,0.001366,0.432172,0.267024,0.002469,0.386712,-0.017500,-0.822258
10.768000,1.503226,0.255671,-1.297479,1.241149,0.225368,-2.639568,2.639568,3.000000,1.261444,0.004920,0.000893,0.000183,-0.000160,-0.000387,0.271707,0.001364,0.432171,0.267078,0.002480,0.386712,-0.017500,-0.814966
10.779000,1.431754,0.265294,-1.262500,1.169676,0.234991,-2.604589,2.604589,3.000000,1.193048,0.004902,0.000985,-0.000056,0.000182,0.000431,0.271707,0.001365,0.432172,0.267132,0.002491,0.386712,-0.017500,-0.821931
10.790000,1.509017,0.242290,-1.276061,1.246939,0.211987,-2.618149,2.618149,3.000000,1.264830,0.004929,0.000838,0.000054,0.000129,0.000295,0.271707,0.001365,0.432172,0.267186,0.002501,0.386712,-0.017500,-0.820772
10.801000,1.529566,0.235810,-1.291526,1.267489,0.205507,-2.633615,2.633615,3.000000,1.284041,0.004936,0.000800,-0.000222,0.000109,-0.000473,0.271707,0.001364,0.432170,0.267240,0.002510,0.386712,-0.017500,-0.814225
10.812000,1.476545,0.212947,-1.262183,1.214468,0.182644,-2.604272,2.604272,3.000000,1.228125,0.004944,0.000744,0.000215,-0.000104,-0.000227,0.271707,0.001365,0.432171,0.267294,0.002518,0.386712,-0.017500,-0.816324
10.823000,1.428839,0.231477,-1.289078,1.166762,0.201174,-2.631166,2.631166,3.000000,1.183978,0.004927,0.000850,0.000214,0.000033,0.000376,0.271708,0.001364,0.432174,0.267348,0.002527,0.386712,-0.017500,-0.821503
10.834000,1.458188,0.233032,-1.273346,1.196110,0.202729,-2.615435,2.615435,3.000000,1.213169,0.004930,0.000836,0.000028,-0.000223,0.000627,0.271708,0.001364,0.432175,0.267403,0.002537,0.386712,-0.017500,-0.823654
10.845000,1.461604,0.224306,-1.285696,1.199527,0.194003,-2.627785,2.627785,3.000000,1.215114,0.004936,0.000798,0.000036,0.000143,-0.000418,0.271708,0.001365,0.432172,0.267457,0.002546,0.386712,-0.017500,-0.814729
10.856000,1.483699,0.245518,-1.316656,1.221621,0.215215,-2.658744,2.658744,3.000000,1.240434,0.004924,0.000867,0.000026,-0.000271,0.000360,0.271708,0.001364,0.432174,0.267511,0.002555,0.386712,-0.017500,-0.821367
10.867000,1.435755,0.234583,-1.366813,1.173678,0.204280,-2.708901,2.708901,3.000000,1.191323,0.004926,0.000857,0.000171,-0.000400,0.000126,0.271709,0.001363,0.432175,0.267565,0.002564,0.386712,-0.017500,-0.819405
10.878000,1.415794,0.231915,-1.322469,1.153716,0.201612,-2.664558,2.664558,3.000000,1.171200,0.004925,0.000861,0.000382,0.000189,-0.000391,0.271708,0.001364,0.432175,0.267620,0.002574,0.386712,-0.017500,-0.815004
10.889000,1.410009,0.248239,-1.305606,1.147932,0.217935,-2.647694,2.647694,3.000000,1.168436,0.004912,0.000933,-0.000005,0.000187,-0.000743,0.271707,0.001364,0.432172,0.267674,0.002584,0.386712,-0.017500,-0.811978
10.900000,1.478113,0.268545,-1.318567,1.216036,0.238241,-2.660655,2.660655,3.000000,1.239154,0.004907,0.000961,-0.000236,-0.000078,0.000108,0.271708,0.001364,0.432176,0.267728,0.002595,0.386712,-0.017500,-0.819254
10.911000,1.463931,0.266103,-1.331587,1.201854,0.235800,-2.673675,2.673675,3.000000,1.224767,0.004906,0.000963,-0.000064,-0.000044,-0.000417,0.271709,0.001364,0.432174,0.267782,0.002605,0.386712,-0.017500,-0.814769
10.922000,1.439922,0.280098,-1.300521,1.177844,0.249795,-2.642610,2.642610,3.000000,1.204041,0.004891,0.001037,-0.000037,0.000224,-0.000818,0.271708,0.001365,0.432174,0.267835,0.002616,0.386712,-0.017500,-0.811370
10.933000,1.466050,0.281521,-1.309594,1.203972,0.251218,-2.651683,2.651683,3.000000,1.229902,0.004895,0.001021,-0.000044,-0.000437,-0.000598,0.271708,0.001363,0.432174,0.267889,0.002627,0.386712,-0.017500,-0.813230
10.944000,1.440710,0.274460,-1.327256,1.178632,0.244157,-2.669345,2.669345,3.000000,1.203655,0.004896,0.001014,0.000271,0.000023,0.000274,0.271709,0.001364,0.432176,0.267943,0.002639,0.386712,-0.017500,-0.820662
10.955000,1.491585,0.247577,-1.360024,1.229508,0.217274,-2.702113,2.702113,3.000000,1.248558,0.004924,0.000870,0.000031,-0.000572,0.000686,0.271709,0.001363,0.432180,0.267997,0.002649,0.386712,-0.017500,-0.824231
10.966000,1.470253,0.276778,-1.361403,1.208176,0.246474,-2.703491,2.703491,3.000000,1.233060,0.004899,0.000999,0.000023,0.000321,-0.000542,0.271709,0.001365,0.432176,0.268051,0.002659,0.386712,-0.017500,-0.813753
10.977000,1.442301,0.257521,-1.366228,1.180223,0.227217,-2.708317,2.708317,3.000000,1.201896,0.004910,0.000945,0.000159,-0.000306,0.000229,0.271709,0.001364,0.432178,0.268105,0.002670,0.386712,-0.017500,-0.820328
10.988000,1.366175,0.288847,-1.382960,1.104097,0.258544,-2.725049,2.725049,3.000000,1.133965,0.004868,0.001140,0.000124,-0.000137,-0.000439,0.271709,0.001364,0.432180,0.268159,0.002681,0.386712,-0.017500,-0.814698
10.999000,1.356881,0.284928,-1.398203,1.094803,0.254625,-2.740291,2.740291,3.000000,1.124023,0.004870,0.001133,-0.000148,0.000249,-0.000443,0.271710,0.001365,0.432181,0.268212,0.002695,0.386712,-0.017500,-0.814685
11.010000,1.418530,0.246202,-1.472828,1.156452,0.215899,-2.814917,2.814917,3.000000,1.176433,0.004915,0.000918,-0.000282,-0.000442,0.000320,0.271710,0.001364,0.432183,0.268266,0.002705,0.386712,-0.017500,-0.821188
11.021000,1.370089,0.254695,-1.482410,1.108012,0.224392,-2.824498,2.824498,3.000000,1.130505,0.004901,0.000992,0.000101,-0.000209,-0.000314,0.271711,0.001364,0.432185,0.268320,0.002716,0.386712,-0.017500,-0.815845
11.032000,1.322737,0.254685,-1.447893,1.060660,0.224381,-2.789982,2.789982,3.000000,1.084134,0.004892,0.001035,-0.000106,-0.000213,-0.000237,0.271710,0.001364,0.432185,0.268374,0.002727,0.386712,-0.017500,-0.816491
11.043000,1.455903,0.230418,-1.491090,1.193825,0.200115,-2.833178,2.833178,3.000000,1.210481,0.004931,0.000827,-0.000208,0.000636,0.000414,0.271710,0.001365,0.432184,0.268428,0.002738,0.386712,-0.017500,-0.822002
11.054000,1.443685,0.239048,-1.481705,1.181608,0.208745,-2.823794,2.823794,3.000000,1.199905,0.004924,0.000870,0.000067,-0.000247,0.000017,0.271711,0.001364,0.432184,0.268482,0.002747,0.386712,-0.017500,-0.818622
11.065000,1.467822,0.260467,-1.480462,1.205744,0.230163,-2.822550,2.822550,3.000000,1.227515,0.004911,0.000938,0.000069,0.000093,0.001098,0.271711,0.001365,0.432188,0.268536,0.002757,0.386712,-0.017500,-0.827878
11.076000,1.412631,0.268767,-1.470847,1.150554,0.238464,-2.812935,2.812935,3.000000,1.175006,0.004896,0.001015,0.000440,0.000258,0.001052,0.271713,0.001364,0.432190,0.268590,0.002769,0.386712,-0.017500,-0.827515
11.087000,1.393588,0.266685,-1.466501,1.131511,0.236382,-2.808589,2.808589,3.000000,1.155938,0.004894,0.001022,0.000062,-0.000281,0.000479,0.271712,0.001363,0.432189,0.268644,0.002780,0.386712,-0.017500,-0.822647
11.098000,1.349060,0.266867,-1.495738,1.086983,0.236564,-2.837826,2.837826,3.000000,1.112427,0.004886,0.001063,0.000342,0.000153,-0.000799,0.271712,0.001365,0.432189,0.268698,0.002791,0.386712,-0.017500,-0.811792
11.109000,1.367130,0.279701,-1.517570,1.105052,0.249397,-2.859658,2.859658,3.000000,1.132846,0.004877,0.001101,-0.000034,-0.000289,0.000162,0.271712,0.001365,0.432191,0.268751,0.002803,0.386712,-0.017500,-0.819995
11.120000,1.307487,0.294098,-1.469607,1.045410,0.263795,-2.811696,2.811696,3.000000,1.078179,0.004848,0.001223,-0.000131,0.000206,0.000298,0.271712,0.001366,0.432190,0.268805,0.002816,0.386712,-0.017500,-0.821134
11.131000,1.328945,0.273203,-1.508061,1.066867,0.242900,-2.850150,2.850150,3.000000,1.094169,0.004875,0.001110,0.000238,-0.000053,0.000198,0.271712,0.001364,0.432190,0.268858,0.002829,0.386712,-0.017500,-0.820277
11.142000,1.326560,0.277843,-1.443473,1.064482,0.247539,-2.785561,2.785561,3.000000,1.092885,0.004870,0.001133,0.000117,-0.000388,-0.000345,0.271712,0.001363,0.432189,0.268912,0.002841,0.386712,-0.017500,-0.815646
11.153000,1.360392,0.285941,-1.431082,1.098315,0.255637,-2.773170,2.773170,3.000000,1.127673,0.004870,0.001133,0.000126,0.000649,0.000428,0.271713,0.001366,0.432191,0.268965,0.002854,0.386712,-0.017500,-0.822248
11.164000,1.399998,0.273769,-1.401938,1.137921,0.243466,-2.744027,2.744027,3.000000,1.163675,0.004889,0.001046,-0.000397,-0.000034,0.000086,0.271712,0.001366,0.432189,0.269019,0.002865,0.386712,-0.017500,-0.819313
11.175000,1.435422,0.285403,-1.409964,1.173344,0.255100,-2.752053,2.752053,3.000000,1.200755,0.004886,0.001062,-0.000633,0.000569,-0.000708,0.271711,0.001366,0.432185,0.269073,0.002877,0.386712,-0.017500,-0.812502
11.186000,1.416815,0.250804,-1.420133,1.154737,0.220501,-2.762222,2.762222,3.000000,1.175601,0.004911,0.000938,-0.000127,0.000349,-0.000689,0.271712,0.001366,0.432187,0.269127,0.002888,0.386712,-0.017500,-0.812697
11.197000,1.376105,0.284794,-1.417298,1.114028,0.254491,-2.759387,2.759387,3.000000,1.142726,0.004874,0.001114,0.000020,0.000222,0.000241,0.271712,0.001366,0.432190,0.269181,0.002899,0.386712,-0.017500,-0.820640
11.208000,1.397275,0.279220,-1.412660,1.135198,0.248916,-2.754749,2.754749,3.000000,1.162168,0.004884,0.001071,-0.000243,-0.000122,0.000340,0.271712,0.001365,0.432190,0.269234,0.002911,0.386712,-0.017500,-0.821483
11.219000,1.407176,0.262202,-1.408363,1.145099,0.231898,-2.750452,2.750452,3.000000,1.168344,0.004901,0.000992,-0.000160,0.000538,-0.000001,0.271712,0.001366,0.432190,0.269288,0.002923,0.386712,-0.017500,-0.818587
11.230000,1.387459,0.245779,-1.366075,1.125381,0.215476,-2.708163,2.708163,3.000000,1.145824,0.004911,0.000940,0.000170,-0.000050,-0.000259,0.271712,0.001365,0.432190,0.269342,0.002933,0.386712,-0.017500,-0.816390
11.241000,1.437085,0.228761,-1.356730,1.175007,0.198458,-2.698819,2.698819,3.000000,1.191649,0.004930,0.000833,-0.000530,-0.000372,-0.000393,0.271711,0.001364,0.432188,0.269396,0.002943,0.386712,-0.017500,-0.815222
11.252000,1.422953,0.237057,-1.348530,1.160876,0.206753,-2.690618,2.690618,3.000000,1.179144,0.004923,0.000877,-0.000128,0.000106,0.000137,0.271712,0.001366,0.432189,0.269450,0.002952,0.386712,-0.017500,-0.819738
11.263000,1.383902,0.251321,-1.347462,1.121824,0.221018,-2.689550,2.689550,3.000000,1.143389,0.004906,0.000967,-0.000007,0.000474,-0.000446,0.271712,0.001366,0.432187,0.269504,0.002962,0.386712,-0.017500,-0.814762
11.274000,1.460458,0.228050,-1.360617,1.198381,0.197747,-2.702705,2.702705,3.000000,1.214586,0.004933,0.000814,0.000254,0.000331,0.000283,0.271713,0.001366,0.432189,0.269559,0.002972,0.386712,-0.017500,-0.820986
11.285000,1.402488,0.266150,-1.358719,1.140411,0.235847,-2.700808,2.700808,3.000000,1.164543,0.004896,0.001013,-0.000061,-0.000539,-0.000660,0.271712,0.001363,0.432189,0.269613,0.002982,0.386712,-0.017500,-0.812973
11.296000,1.402997,0.273688,-1.354372,1.140919,0.243385,-2.696460,2.696460,3.000000,1.166590,0.004890,0.001043,0.000166,-0.000138,0.000047,0.271713,0.001365,0.432190,0.269667,0.002993,0.386712,-0.017500,-0.819008
11.307000,1.422102,0.250191,-1.384388,1.160024,0.219888,-2.726477,2.726477,3.000000,1.180681,0.004913,0.000931,-0.000237,-0.000165,0.000464,0.271712,0.001365,0.432189,0.269720,0.003004,0.386712,-0.017500,-0.822527
11.318000,1.402273,0.246620,-1.362695,1.140195,0.216317,-2.704784,2.704784,3.000000,1.160534,0.004912,0.000932,0.000053,0.000136,0.000252,0.271712,0.001366,0.432189,0.269774,0.003015,0.386712,-0.017500,-0.820714
11.329000,1.420160,0.228671,-1.364753,1.158083,0.198367,-2.706842,2.706842,3.000000,1.174949,0.004928,0.000844,0.000101,-0.000048,-0.000131,0.271712,0.001365,0.432188,0.269829,0.003024,0.386712,-0.017500,-0.817456
11.340000,1.433058,0.255800,-1.371920,1.170981,0.225496,-2.714009,2.714009,3.000000,1.192495,0.004910,0.000945,0.000296,-0.000225,0.000450,0.271713,0.001365,0.432191,0.269883,0.003034,0.386712,-0.017500,-0.822427
11.351000,1.440574,0.235555,-1.390276,1.178496,0.205252,-2.732365,2.732365,3.000000,1.196237,0.004926,0.000858,0.000227,0.000064,0.000442,0.271712,0.001365,0.432189,0.269937,0.003044,0.386712,-0.017500,-0.822324
11.362000,1.427103,0.260562,-1.351696,1.165026,0.230259,-2.693785,2.693785,3.000000,1.187562,0.004905,0.000969,-0.000122,0.000044,0.000835,0.271713,0.001366,0.432192,0.269991,0.003054,0.386712,-0.017500,-0.825719
11.373000,1.450523,0.248651,-1.336461,1.188446,0.218348,-2.678549,2.678549,3.000000,1.208337,0.004918,0.000904,0.000285,0.000153,0.000062,0.271713,0.001366,0.432190,0.270045,0.003064,0.386712,-0.017500,-0.819128
11.384000,1.414788,0.244559,-1.326200,1.152710,0.214255,-2.668289,2.668289,3.000000,1.172453,0.004916,0.000914,0.000018,0.000283,0.000430,0.271713,0.001367,0.432192,0.270099,0.003074,0.386712,-0.017500,-0.822282
11.395000,1.406862,0.269269,-1.331845,1.144785,0.238966,-2.673934,2.673934,3.000000,1.169460,0.004895,0.001022,-0.000018,0.000009,-0.000241,0.271713,0.001366,0.432190,0.270153,0.003085,0.386712,-0.017500,-0.816549
11.406000,1.375902,0.232411,-1.322475,1.113825,0.202108,-2.664564,2.664564,3.000000,1.132013,0.004920,0.000893,0.000194,0.000017,0.000455,0.271713,0.001365,0.432191,0.270207,0.003096,0.386712,-0.017500,-0.822466
11.417000,1.396941,0.228420,-1.347084,1.134864,0.198117,-2.689172,2.689172,3.000000,1.152027,0.004926,0.000860,-0.000181,0.000049,0.000488,0.271712,0.001365,0.432189,0.270261,0.003105,0.386712,-0.017500,-0.822721
11.428000,1.378640,0.252027,-1.331769,1.116562,0.221724,-2.673857,2.673857,3.000000,1.138364,0.004904,0.000974,0.000086,0.000294,-0.000042,0.271713,0.001367,0.432189,0.270315,0.003116,0.386712,-0.017500,-0.818230
11.439000,1.439018,0.238548,-1.355249,1.176940,0.208245,-2.697337,2.697337,3.000000,1.195221,0.004924,0.000871,-0.000022,0.000207,-0.000600,0.271712,0.001365,0.432187,0.270369,0.003126,0.386712,-0.017500,-0.813456
11.450000,1.429410,0.239924,-1.406831,1.167332,0.209621,-2.748919,2.748919,3.000000,1.186004,0.004921,0.000884,-0.000008,-0.000336,-0.000037,0.271713,0.001364,0.432189,0.270423,0.003135,0.386712,-0.017500,-0.818263
11.461000,1.403714,0.251155,-1.379494,1.141636,0.220852,-2.721583,2.721583,3.000000,1.162802,0.004909,0.000950,0.000329,-0.000538,0.000297,0.271713,0.001364,0.432191,0.270477,0.003145,0.386712,-0.017500,-0.821130
11.472000,1.322394,0.280708,-1.326277,1.060316,0.250405,-2.668365,2.668365,3.000000,1.089483,0.004866,0.001149,-0.000022,0.000168,0.000387,0.271713,0.001365,0.432193,0.270531,0.003157,0.386712,-0.017500,-0.821943
11.483000,1.422408,0.235592,-1.367825,1.160330,0.205288,-2.709914,2.709914,3.000000,1.178350,0.004924,0.000871,0.000080,0.000335,0.000622,0.271713,0.001366,0.432194,0.270585,0.003168,0.386712,-0.017500,-0.823946
11.494000,1.441082,0.246620,-1.402381,1.179004,0.216317,-2.744469,2.744469,3.000000,1.198684,0.004918,0.000902,-0.000029,-0.000169,-0.000257,0.271713,0.001365,0.432191,0.270639,0.003178,0.386712,-0.017500,-0.816435
11.505000,1.371162,0.247745,-1.399794,1.109085,0.217441,-2.741883,2.741883,3.000000,1.130199,0.004907,0.000962,0.000061,-0.000011,0.000367,0.271713,0.001366,0.432193,0.270693,0.003188,0.386712,-0.017500,-0.821771
11.516000,1.341668,0.283671,-1.393765,1.079590,0.253368,-2.735854,2.735854,3.000000,1.108923,0.004868,0.001142,0.000291,0.000613,-0.000176,0.271713,0.001366,0.432191,0.270747,0.003199,0.386712,-0.017500,-0.817129
11.527000,1.295432,0.266906,-1.357006,1.033355,0.236602,-2.699095,2.699095,3.000000,1.060096,0.004874,0.001116,-0.000085,-0.000306,0.000056,0.271713,0.001364,0.432193,0.270801,0.003212,0.386712,-0.017500,-0.819134
11.538000,1.372721,0.236097,-1.365006,1.110644,0.205794,-2.707094,2.707094,3.000000,1.129549,0.004916,0.000911,0.000068,0.000493,-0.000007,0.271713,0.001366,0.432192,0.270854,0.003223,0.386712,-0.017500,-0.818569
11.549000,1.350631,0.245497,-1.376013,1.088554,0.215194,-2.718101,2.718101,3.000000,1.109620,0.004905,0.000970,-0.000167,0.000251,0.000235,0.271712,0.001365,0.432191,0.270908,0.003233,0.386712,-0.017500,-0.820612
11.560000,1.399746,0.268735,-1.382021,1.137668,0.238431,-2.724110,2.724110,3.000000,1.162385,0.004894,0.001026,-0.000237,-0.000059,-0.000521,0.271713,0.001365,0.432191,0.270962,0.003244,0.386712,-0.017500,-0.814207
11.571000,1.405171,0.265221,-1.397577,1.143093,0.234917,-2.739666,2.739666,3.000000,1.166983,0.004898,0.001007,-0.000000,0.000342,0.000836,0.271713,0.001366,0.432195,0.271016,0.003256,0.386712,-0.017500,-0.825777
11.582000,1.355091,0.255427,-1.412862,1.093013,0.225124,-2.754951,2.754951,3.000000,1.115956,0.004897,0.001009,0.000273,0.000320,0.000676,0.271713,0.001365,0.432193,0.271070,0.003266,0.386712,-0.017500,-0.824394
11.593000,1.348117,0.264271,-1.401958,1.086040,0.233968,-2.744046,2.744046,3.000000,1.110956,0.004888,0.001053,0.000056,-0.000277,-0.000133,0.271713,0.001364,0.432191,0.271124,0.003277,0.386712,-0.017500,-0.817493
11.604000,1.381960,0.276315,-1.408194,1.119883,0.246012,-2.750282,2.750282,3.000000,1.146586,0.004884,0.001073,0.000070,0.000189,-0.000657,0.271713,0.001365,0.432191,0.271178,0.003289,0.386712,-0.017500,-0.813036
11.615000,1.346062,0.266867,-1.375899,1.083984,0.236564,-2.717988,2.717988,3.000000,1.109497,0.004885,0.001066,0.000131,-0.000142,-0.000346,0.271713,0.001365,0.432192,0.271231,0.003301,0.386712,-0.017500,-0.815698
11.626000,1.426709,0.285486,-1.400775,1.164632,0.255182,-2.742864,2.742864,3.000000,1.192261,0.004884,0.001070,-0.000106,-0.000036,-0.000109,0.271713,0.001366,0.432193,0.271285,0.003313,0.386712,-0.017500,-0.817723
11.637000,1.465220,0.286668,-1.382821,1.203143,0.256364,-2.724909,2.724909,3.000000,1.230152,0.004890,0.001042,-0.000191,0.000168,-0.000142,0.271714,0.001365,0.432192,0.271339,0.003325,0.386712,-0.017500,-0.817434
11.648000,1.400773,0.265140,-1.373723,1.138696,0.234837,-2.715811,2.715811,3.000000,1.162659,0.004897,0.001010,-0.000286,-0.000126,-0.000595,0.271713,0.001364,0.432191,0.271393,0.003336,0.386712,-0.017500,-0.813565
11.659000,1.406207,0.274422,-1.376997,1.144130,0.244119,-2.719086,2.719086,3.000000,1.169884,0.004890,0.001043,0.000118,0.000007,-0.000105,0.271713,0.001366,0.432193,0.271446,0.003347,0.386712,-0.017500,-0.817754
11.670000,1.389000,0.294193,-1.379357,1.126923,0.263890,-2.721446,2.721446,3.000000,1.157408,0.004868,0.001140,-0.000277,0.000106,0.000251,0.271713,0.001366,0.432194,0.271500,0.003359,0.386712,-0.017500,-0.820798
11.681000,1.346814,0.279815,-1.391332,1.084737,0.249512,-2.733421,2.733421,3.000000,1.113063,0.004873,0.001121,-0.000118,-0.001008,-0.000855,0.271713,0.001364,0.432191,0.271554,0.003372,0.386712,-0.017500,-0.811362
11.692000,1.413938,0.279993,-1.416056,1.151861,0.249690,-2.758144,2.758144,3.000000,1.178613,0.004887,0.001059,-0.000286,-0.000154,0.000220,0.271713,0.001365,0.432192,0.271607,0.003384,0.386712,-0.017500,-0.820504
11.703000,1.412465,0.253044,-1.427777,1.150388,0.222741,-2.769865,2.769865,3.000000,1.171753,0.004909,0.000950,-0.000334,0.000086,0.000052,0.271713,0.001366,0.432194,0.271661,0.003395,0.386712,-0.017500,-0.819120
11.714000,1.402118,0.255034,-1.398892,1.140040,0.224731,-2.740980,2.740980,3.000000,1.161979,0.004906,0.000967,0.000140,-0.000225,0.000250,0.271713,0.001366,0.432195,0.271715,0.003405,0.386712,-0.017500,-0.820800
11.725000,1.381846,0.289438,-1.427582,1.119769,0.259135,-2.769671,2.769671,3.000000,1.149362,0.004871,0.001127,-0.000029,-0.000468,0.000612,0.271714,0.001366,0.432196,0.271769,0.003417,0.386712,-0.017500,-0.823897
11.736000,1.394827,0.251671,-1.427804,1.132750,0.221368,-2.769893,2.769893,3.000000,1.154178,0.004907,0.000959,0.000175,0.000702,0.000251,0.271715,0.001367,0.432196,0.271823,0.003429,0.386712,-0.017500,-0.820832
11.747000,1.344388,0.241503,-1.446476,1.082311,0.211200,-2.788564,2.788564,3.000000,1.102725,0.004907,0.000958,0.000446,-0.000197,0.000546,0.271715,0.001365,0.432196,0.271877,0.003439,0.386712,-0.017500,-0.823341
11.758000,1.305162,0.230294,-1.463654,1.043084,0.199991,-2.805742,2.805742,3.000000,1.062084,0.004911,0.000942,-0.000158,-0.000182,-0.000718,0.271714,0.001364,0.432194,0.271931,0.003449,0.386712,-0.017500,-0.812584
11.769000,1.376422,0.250480,-1.449900,1.114345,0.220176,-2.791989,2.791989,3.000000,1.135888,0.004905,0.000969,0.000188,0.000320,0.000770,0.271714,0.001366,0.432197,0.271985,0.003459,0.386712,-0.017500,-0.825255
11.780000,1.371110,0.226684,-1.437435,1.109032,0.196381,-2.779524,2.779524,3.000000,1.126285,0.004923,0.000872,0.000071,0.000420,-0.000257,0.271714,0.001366,0.432194,0.272039,0.003469,0.386712,-0.017500,-0.816486
11.791000,1.385479,0.249557,-1.436362,1.123402,0.219254,-2.778450,2.778450,3.000000,1.144597,0.004907,0.000958,0.000088,-0.000412,0.000582,0.271714,0.001364,0.432196,0.272093,0.003479,0.386712,-0.017500,-0.823646
11.802000,1.405875,0.250579,-1.461004,1.143798,0.220276,-2.803092,2.803092,3.000000,1.164815,0.004910,0.000946,0.000063,0.000172,0.000455,0.271715,0.001365,0.432195,0.272147,0.003490,0.386712,-0.017500,-0.822558
11.813000,1.402125,0.269709,-1.448191,1.140048,0.239406,-2.790280,2.790280,3.000000,1.164914,0.004893,0.001028,0.000585,0.000288,0.000978,0.271714,0.001365,0.432195,0.272201,0.003501,0.386712,-0.017500,-0.826980
11.824000,1.371675,0.262282,-1.478005,1.109597,0.231979,-2.820094,2.820094,3.000000,1.133587,0.004894,0.001023,-0.000181,0.000161,-0.000257,0.271713,0.001366,0.432194,0.272255,0.003512,0.386712,-0.017500,-0.816485
11.835000,1.348623,0.266408,-1.403404,1.086545,0.236105,-2.745493,2.745493,3.000000,1.111902,0.004886,0.001062,0.000179,-0.000133,0.000315,0.271714,0.001365,0.432195,0.272308,0.003523,0.386712,-0.017500,-0.821364
11.846000,1.353771,0.268385,-1.403841,1.091693,0.238082,-2.745930,2.745930,3.000000,1.117353,0.004885,0.001065,0.000135,-0.000347,-0.000110,0.271715,0.001365,0.432194,0.272362,0.003536,0.386712,-0.017500,-0.817743
11.857000,1.380054,0.265763,-1.418045,1.117976,0.235459,-2.760133,2.760133,3.000000,1.142502,0.004893,0.001030,-0.000013,0.000095,-0.000653,0.271713,0.001365,0.432194,0.272416,0.003547,0.386712,-0.017500,-0.813133
11.868000,1.315331,0.266097,-1.375140,1.053254,0.235794,-2.717228,2.717228,3.000000,1.079325,0.004879,0.001092,0.000310,-0.000074,-0.000275,0.271714,0.001364,0.432195,0.272470,0.003558,0.386712,-0.017500,-0.816347
11.879000,1.357590,0.289829,-1.397392,1.095513,0.259526,-2.739480,2.739480,3.000000,1.125834,0.004865,0.001153,-0.000282,-0.000177,0.000119,0.271714,0.001364,0.432195,0.272523,0.003571,0.386712,-0.017500,-0.819689
11.890000,1.377993,0.270485,-1.421239,1.115915,0.240181,-2.763328,2.763328,3.000000,1.141470,0.004888,0.001052,0.000033,0.000009,-0.000201,0.271714,0.001365,0.432194,0.272577,0.003583,0.386712,-0.017500,-0.816958
11.901000,1.304576,0.282549,-1.383573,1.042499,0.252246,-2.725661,2.725661,3.000000,1.072582,0.004860,0.001176,-0.000149,-0.000011,0.000315,0.271714,0.001365,0.432195,0.272630,0.003596,0.386712,-0.017500,-0.821357
11.912000,1.344811,0.285439,-1.401630,1.082734,0.255136,-2.743719,2.743719,3.000000,1.112388,0.004867,0.001147,0.000369,-0.000098,0.000077,0.271715,0.001365,0.432194,0.272684,0.003608,0.386712,-0.017500,-0.819318
11.923000,1.457585,0.265216,-1.445009,1.195508,0.234913,-2.787098,2.787098,3.000000,1.218369,0.004906,0.000964,-0.000268,0.000292,0.000420,0.271714,0.001366,0.432194,0.272738,0.003620,0.386712,-0.017500,-0.822243
11.934000,1.364754,0.273009,-1.382783,1.102677,0.242706,-2.724872,2.724872,3.000000,1.129071,0.004883,0.001075,0.000170,-0.000183,-0.000189,0.271714,0.001364,0.432194,0.272792,0.003631,0.386712,-0.017500,-0.817063
11.945000,1.345856,0.267946,-1.375170,1.083779,0.237642,-2.717259,2.717259,3.000000,1.109527,0.004884,0.001071,-0.000107,0.000692,-0.000024,0.271713,0.001367,0.432194,0.272845,0.003643,0.386712,-0.017500,-0.818464
11.956000,1.402203,0.288876,-1.350536,1.140126,0.258573,-2.692625,2.692625,3.000000,1.169079,0.004876,0.001106,-0.000052,0.000310,0.000186,0.271715,0.001366,0.432198,0.272899,0.003654,0.386712,-0.017500,-0.820311
11.967000,1.403002,0.277863,-1.366766,1.140924,0.247560,-2.708855,2.708855,3.000000,1.167474,0.004886,0.001060,-0.000126,0.000439,0.000613,0.271714,0.001366,0.432199,0.272953,0.003666,0.386712,-0.017500,-0.823955
11.978000,1.354878,0.281804,-1.393828,1.092801,0.251500,-2.735916,2.735916,3.000000,1.121368,0.004873,0.001121,0.000051,0.000201,-0.000180,0.271715,0.001366,0.432197,0.273007,0.003678,0.386712,-0.017500,-0.817204
11.989000,1.339602,0.256212,-1.434219,1.077525,0.225909,-2.776308,2.776308,3.000000,1.100952,0.004894,0.001026,0.000274,-0.000395,-0.000002,0.271714,0.001365,0.432197,0.273060,0.003689,0.386712,-0.017500,-0.818696
12.000000,1.320473,0.263970,-1.425543,1.058396,0.233667,-2.767631,2.767631,3.000000,1.083883,0.004882,0.001078,-0.000125,-0.000383,-0.000485,0.271714,0.001365,0.432196,0.273114,0.003701,0.386712,-0.017500,-0.814579
12.011000,1.372408,0.271428,-1.443636,1.110331,0.241125,-2.785724,2.785724,3.000000,1.136211,0.004886,0.001061,-0.000076,0.000025,-0.000089,0.271715,0.001365,0.432195,0.273168,0.003713,0.386712,-0.017500,-0.817936
12.022000,1.381170,0.265267,-1.438476,1.119093,0.234964,-2.780564,2.780564,3.000000,1.143493,0.004893,0.001027,0.000062,0.000094,-0.000120,0.271715,0.001365,0.432196,0.273221,0.003725,0.386712,-0.017500,-0.817694
12.033000,1.355832,0.261995,-1.426760,1.093754,0.231691,-2.768849,2.768849,3.000000,1.118025,0.004891,0.001036,0.000530,0.000128,0.000472,0.271715,0.001365,0.432196,0.273275,0.003736,0.386712,-0.017500,-0.822708
12.044000,1.361230,0.294303,-1.446812,1.099153,0.264000,-2.788900,2.788900,3.000000,1.130413,0.004862,0.001168,-0.000151,-0.000224,-0.000074,0.271714,0.001365,0.432196,0.273329,0.003748,0.386712,-0.017500,-0.818085
12.055000,1.379667,0.282483,-1.414378,1.117589,0.252180,-2.756466,2.756466,3.000000,1.145688,0.004877,0.001101,-0.000157,0.000072,-0.000554,0.271714,0.001365,0.432195,0.273383,0.003761,0.386712,-0.017500,-0.813980
12.066000,1.334698,0.271031,-1.405492,1.072621,0.240728,-2.747581,2.747581,3.000000,1.099302,0.004879,0.001095,0.000005,-0.000268,-0.000761,0.271715,0.001364,0.432194,0.273436,0.003772,0.386712,-0.017500,-0.812218
12.077000,1.318712,0.295062,-1.415599,1.056635,0.264759,-2.757687,2.757687,3.000000,1.089300,0.004850,0.001215,0.000381,0.000101,0.000514,0.271715,0.001365,0.432199,0.273490,0.003785,0.386712,-0.017500,-0.823117
12.088000,1.285070,0.292444,-1.438593,1.022992,0.262141,-2.780682,2.780682,3.000000,1.056045,0.004844,0.001241,-0.000239,-0.000646,0.000552,0.271715,0.001364,0.432200,0.273543,0.003799,0.386712,-0.017500,-0.823464
12.099000,1.358626,0.287904,-1.495828,1.096548,0.257601,-2.837917,2.837917,3.000000,1.126400,0.004867,0.001143,-0.000150,0.000063,-0.000814,0.271714,0.001365,0.432196,0.273596,0.003812,0.386712,-0.017500,-0.811799
12.110000,1.303531,0.300193,-1.444379,1.041454,0.269889,-2.786467,2.786467,3.000000,1.075856,0.004840,0.001254,0.000078,-0.000160,-0.000616,0.271715,0.001365,0.432197,0.273650,0.003825,0.386712,-0.017500,-0.813504
12.121000,1.324657,0.314772,-1.447456,1.062580,0.284468,-2.789545,2.789545,3.000000,1.099999,0.004830,0.001293,0.000098,-0.000122,0.000589,0.271715,0.001365,0.432198,0.273703,0.003839,0.386712,-0.017500,-0.823746
12.132000,1.359190,0.296725,-1.467550,1.097113,0.266422,-2.809639,2.809639,3.000000,1.128998,0.004859,0.001180,-0.000176,0.000699,-0.000618,0.271715,0.001367,0.432196,0.273756,0.003852,0.386712,-0.017500,-0.813461
12.143000,1.324447,0.245209,-1.396776,1.062370,0.214905,-2.738865,2.738865,3.000000,1.083888,0.004901,0.000991,-0.000119,-0.000036,-0.000736,0.271716,0.001365,0.432197,0.273810,0.003863,0.386712,-0.017500,-0.812480
12.154000,1.303413,0.266968,-1.412548,1.041336,0.236665,-2.754636,2.754636,3.000000,1.067891,0.004876,0.001108,0.000070,-0.000512,0.000498,0.271715,0.001365,0.432197,0.273864,0.003875,0.386712,-0.017500,-0.822960
12.165000,1.323703,0.262054,-1.440780,1.061626,0.231751,-2.782868,2.782868,3.000000,1.086627,0.004885,0.001066,-0.000015,-0.000176,0.000902,0.271716,0.001365,0.432200,0.273918,0.003887,0.386712,-0.017500,-0.826440
12.176000,1.333444,0.265243,-1.471487,1.071367,0.234940,-2.813576,2.813576,3.000000,1.096824,0.004884,0.001071,-0.000141,-0.000114,-0.000597,0.271716,0.001365,0.432198,0.273971,0.003899,0.386712,-0.017500,-0.813668
12.187000,1.297562,0.254891,-1.453997,1.035485,0.224588,-2.796086,2.796086,3.000000,1.059560,0.004886,0.001060,0.000179,0.000393,0.000817,0.271716,0.001367,0.432201,0.274025,0.003911,0.386712,-0.017500,-0.825730
12.198000,1.251875,0.274341,-1.464833,0.989797,0.244037,-2.806921,2.806921,3.000000,1.019438,0.004855,0.001197,0.000274,0.000174,-0.000427,0.271717,0.001365,0.432200,0.274079,0.003923,0.386712,-0.017500,-0.815144
12.209000,1.318086,0.289856,-1.493204,1.056008,0.259553,-2.835293,2.835293,3.000000,1.087438,0.004855,0.001193,-0.000189,0.000117,-0.000136,0.271716,0.001366,0.432201,0.274132,0.003936,0.386712,-0.017500,-0.817647
12.220000,1.320423,0.277322,-1.493822,1.058346,0.247019,-2.835911,2.835911,3.000000,1.086791,0.004869,0.001136,-0.000103,0.000159,0.000175,0.271716,0.001365,0.432203,0.274186,0.003949,0.386712,-0.017500,-0.820317
12.231000,1.269842,0.261443,-1.491280,1.007764,0.231140,-2.833368,2.833368,3.000000,1.033932,0.004873,0.001118,0.000245,0.000125,0.000534,0.271716,0.001366,0.432203,0.274239,0.003961,0.386712,-0.017500,-0.823363
12.242000,1.276057,0.262479,-1.480054,1.013980,0.232176,-2.822143,2.822143,3.000000,1.040222,0.004874,0.001116,-0.000140,0.000123,-0.001457,0.271717,0.001365,0.432200,0.274293,0.003973,0.386712,-0.017500,-0.806415
12.253000,1.286968,0.307165,-1.507068,1.024891,0.276861,-2.849156,2.849156,3.000000,1.061628,0.004827,0.001304,-0.000287,-0.000360,-0.000561,0.271716,0.001364,0.432200,0.274346,0.003986,0.386712,-0.017500,-0.814016
12.264000,1.309448,0.266906,-1.529892,1.047370,0.236603,-2.871980,2.871980,3.000000,1.073762,0.004877,0.001102,0.000090,-0.000092,0.000242,0.271716,0.001364,0.432202,0.274400,0.004000,0.386712,-0.017500,-0.820857
12.275000,1.310905,0.269807,-1.548731,1.048828,0.239504,-2.890820,2.890820,3.000000,1.075826,0.004875,0.001113,0.000312,-0.000089,-0.000369,0.271717,0.001365,0.432201,0.274453,0.004013,0.386712,-0.017500,-0.815666
12.286000,1.257851,0.307336,-1.469961,0.995774,0.277033,-2.812050,2.812050,3.000000,1.033592,0.004817,0.001340,0.000012,0.000146,-0.000585,0.271716,0.001366,0.432203,0.274506,0.004027,0.386712,-0.017500,-0.813866
12.297000,1.276609,0.316528,-1.442790,1.014532,0.286225,-2.784879,2.784879,3.000000,1.054135,0.004812,0.001358,0.000230,-0.000019,-0.000134,0.271717,0.001365,0.432203,0.274559,0.004042,0.386712,-0.017500,-0.817688
12.308000,1.272307,0.300897,-1.481038,1.010229,0.270593,-2.823127,2.823127,3.000000,1.045841,0.004830,0.001294,-0.000518,0.000289,-0.000402,0.271716,0.001365,0.432205,0.274612,0.004056,0.386712,-0.017500,-0.815458
12.319000,1.251179,0.308498,-1.505397,0.989102,0.278194,-2.847485,2.847485,3.000000,1.027480,0.004813,0.001354,0.000254,-0.000515,0.000235,0.271718,0.001364,0.432205,0.274665,0.004070,0.386712,-0.017500,-0.820858
12.330000,1.270950,0.304997,-1.511147,1.008873,0.274693,-2.853235,2.853235,3.000000,1.045600,0.004824,0.001314,0.000090,-0.000263,0.000184,0.271719,0.001365,0.432207,0.274718,0.004085,0.386712,-0.017500,-0.820458
12.341000,1.275856,0.312673,-1.521093,1.013778,0.282370,-2.863182,2.863182,3.000000,1.052368,0.004817,0.001342,-0.000122,-0.000347,0.000068,0.271718,0.001365,0.432207,0.274771,0.004100,0.386712,-0.017500,-0.819476
12.352000,1.265181,0.287947,-1.542061,1.003104,0.257644,-2.884150,2.884150,3.000000,1.035663,0.004843,0.001244,0.000020,-0.000057,-0.000013,0.271718,0.001365,0.432206,0.274825,0.004114,0.386712,-0.017500,-0.818787
12.363000,1.291337,0.299769,-1.532333,1.029260,0.269466,-2.874422,2.874422,3.000000,1.063949,0.004837,0.001266,-0.000009,0.000427,0.000062,0.271718,0.001366,0.432206,0.274878,0.004128,0.386712,-0.017500,-0.819418
12.374000,1.289350,0.296973,-1.510032,1.027273,0.266670,-2.852120,2.852120,3.000000,1.061321,0.004840,0.001256,0.000027,0.000171,0.000205,0.271718,0.001365,0.432209,0.274931,0.004141,0.386712,-0.017500,-0.820669
12.385000,1.183390,0.309462,-1.518425,0.921313,0.279158,-2.860514,2.860514,3.000000,0.962677,0.000000,0.000000,-0.000438,0.000647,-0.000570,0.271718,0.001367,0.432206,0.274946,0.004145,0.386712,-0.017500,-0.814046
12.396000,1.246029,0.321331,-1.525520,0.983951,0.291028,-2.867609,2.867609,3.000000,1.026088,0.004795,0.001418,-0.000111,0.000282,-0.000238,0.271718,0.001365,0.432206,0.274979,0.004155,0.386712,-0.017500,-0.816878
12.407000,1.244678,0.316205,-1.539821,0.982601,0.285901,-2.881910,2.881910,3.000000,1.023349,0.004801,0.001397,0.000061,0.000332,0.000428,0.271718,0.001366,0.432208,0.275032,0.004171,0.386712,-0.017500,-0.822559
12.418000,1.281700,0.296181,-1.525131,1.019623,0.265878,-2.867219,2.867219,3.000000,1.053718,0.004838,0.001262,0.000024,0.000333,-0.000003,0.271718,0.001367,0.432208,0.275085,0.004185,0.386712,-0.017500,-0.818896
12.429000,1.271068,0.306696,-1.521250,1.008990,0.276392,-2.863339,2.863339,3.000000,1.046161,0.004822,0.001321,0.000056,-0.000131,0.000488,0.271719,0.001365,0.432209,0.275138,0.004199,0.386712,-0.017500,-0.823083
12.440000,1.195426,0.305595,-1.520474,0.933348,0.275292,-2.862563,2.862563,3.000000,0.973101,0.000000,0.000000,0.000263,-0.000104,0.000718,0.271719,0.001365,0.432211,0.275172,0.004208,0.386712,-0.017500,-0.825073
12.451000,1.225233,0.328519,-1.535033,0.963155,0.298216,-2.877121,2.877121,3.000000,1.008267,0.004776,0.001479,0.000246,-0.000211,-0.000003,0.271720,0.001366,0.432211,0.275196,0.004215,0.386712,-0.017500,-0.818944
12.462000,1.248204,0.311500,-1.553292,0.986127,0.281196,-2.895380,2.895380,3.000000,1.025435,0.004808,0.001371,-0.000369,0.000362,0.000180,0.271718,0.001366,0.432210,0.275215,0.004221,0.386712,-0.017500,-0.820482
12.473000,1.255147,0.299717,-1.540663,0.993070,0.269414,-2.882751,2.882751,3.000000,1.028966,0.004826,0.001309,0.000387,-0.000118,-0.000157,0.271720,0.001365,0.432210,0.275268,0.004236,0.386712,-0.017500,-0.817632
12.484000,1.197332,0.308633,-1.533714,0.935255,0.278330,-2.875802,2.875802,3.000000,0.975791,0.000000,0.000000,-0.000018,-0.000222,-0.000008,0.271718,0.001365,0.432209,0.275278,0.004238,0.386712,-0.017500,-0.818875
12.495000,1.183415,0.300466,-1.512499,0.921337,0.270163,-2.854588,2.854588,3.000000,0.960130,0.000000,0.000000,-0.000326,0.000196,-0.000857,0.271718,0.001366,0.432208,0.275278,0.004238,0.386712,-0.017500,-0.811651
12.506000,1.209228,0.301661,-1.510267,0.947150,0.271357,-2.852356,2.852356,3.000000,0.985255,0.000000,0.000000,0.000346,0.000441,0.000545,0.271720,0.001366,0.432213,0.275278,0.004238,0.386712,-0.017500,-0.823636
12.517000,1.179807,0.312094,-1.524839,0.917730,0.281791,-2.866928,2.866928,3.000000,0.960018,0.000000,0.000000,-0.000064,-0.000045,-0.001230,0.271719,0.001365,0.432209,0.275278,0.004238,0.386712,-0.017500,-0.808513
12.528000,1.249803,0.329996,-1.531535,0.987726,0.299693,-2.873624,2.873624,3.000000,1.032191,0.004785,0.001452,-0.000469,-0.000401,0.000041,0.271718,0.001365,0.432212,0.275302,0.004245,0.386712,-0.017500,-0.819333
12.539000,1.287613,0.341379,-1.557857,1.025536,0.311076,-2.899946,2.899946,3.000000,1.071677,0.004785,0.001451,0.000316,-0.000208,-0.000345,0.271720,0.001366,0.432210,0.275354,0.004261,0.386712,-0.017500,-0.816042
12.550000,1.202270,0.307680,-1.544322,0.940192,0.277377,-2.886411,2.886411,3.000000,0.980255,0.000000,0.000000,0.000054,-0.000063,0.000384,0.271719,0.001364,0.432212,0.275393,0.004272,0.386712,-0.017500,-0.822245
12.561000,1.273522,0.288119,-1.573270,1.011445,0.257816,-2.915358,2.915358,3.000000,1.043786,0.004845,0.001235,-0.000417,-0.000013,-0.000678,0.271719,0.001365,0.432210,0.275436,0.004284,0.386712,-0.017500,-0.813202
12.572000,1.281993,0.298634,-1.587801,1.019915,0.268330,-2.929890,2.929890,3.000000,1.054622,0.004835,0.001272,-0.000278,0.000395,-0.000146,0.271720,0.001366,0.432214,0.275490,0.004297,0.386712,-0.017500,-0.817791
12.583000,1.230434,0.318191,-1.567110,0.968357,0.287887,-2.909199,2.909199,3.000000,1.010244,0.004793,0.001425,-0.000142,-0.000192,-0.001185,0.271719,0.001364,0.432211,0.275542,0.004313,0.386712,-0.017500,-0.808913
12.594000,1.215045,0.324368,-1.520852,0.952968,0.294065,-2.862940,2.862940,3.000000,0.997307,0.000000,0.000000,-0.000167,0.000306,-0.000253,0.271719,0.001366,0.432211,0.275547,0.004314,0.386712,-0.017500,-0.816835
12.605000,1.225161,0.304044,-1.519465,0.963083,0.273741,-2.861554,2.861554,3.000000,1.001231,0.004809,0.001367,-0.000209,0.000353,-0.000063,0.271718,0.001366,0.432211,0.275552,0.004315,0.386712,-0.017500,-0.818451
12.616000,1.235511,0.302454,-1.491943,0.973434,0.272151,-2.834031,2.834031,3.000000,1.010762,0.004815,0.001346,0.000013,0.000189,0.000021,0.271718,0.001367,0.432210,0.275605,0.004330,0.386712,-0.017500,-0.819144
12.627000,1.264002,0.315633,-1.477200,1.001924,0.285330,-2.819289,2.819289,3.000000,1.041761,0.004809,0.001369,0.000003,-0.000218,0.000435,0.271719,0.001365,0.432211,0.275658,0.004345,0.386712,-0.017500,-0.822672
12.638000,1.232149,0.325086,-1.460862,0.970072,0.294783,-2.802951,2.802951,3.000000,1.013872,0.004784,0.001454,0.000187,-0.000236,-0.000192,0.271719,0.001365,0.432211,0.275711,0.004360,0.386712,-0.017500,-0.817343
12.649000,1.247553,0.288372,-1.468374,0.985475,0.258069,-2.810463,2.810463,3.000000,1.018706,0.004837,0.001267,0.000225,0.000185,-0.000010,0.271720,0.001366,0.432210,0.275764,0.004375,0.386712,-0.017500,-0.818873
12.660000,1.336186,0.262924,-1.448142,1.074109,0.232621,-2.790231,2.790231,3.000000,1.099010,0.004887,0.001058,-0.000177,0.000024,0.000050,0.271719,0.001366,0.432212,0.275817,0.004388,0.386712,-0.017500,-0.819410
12.671000,1.284494,0.257396,-1.430129,1.022416,0.227093,-2.772218,2.772218,3.000000,1.047333,0.004881,0.001084,0.000045,-0.000478,0.000369,0.271720,0.001365,0.432213,0.275871,0.004399,0.386712,-0.017500,-0.822141
12.682000,1.240355,0.279658,-1.441442,0.978277,0.249355,-2.783531,2.783531,3.000000,1.009556,0.004845,0.001235,0.000216,0.000066,0.000316,0.271720,0.001366,0.432214,0.275924,0.004412,0.386712,-0.017500,-0.821706
12.693000,1.233668,0.257517,-1.453476,0.971591,0.227214,-2.795564,2.795564,3.000000,0.997805,0.000000,0.000000,0.000101,0.000101,-0.000063,0.271720,0.001366,0.432212,0.275934,0.004415,0.386712,-0.017500,-0.818465
12.704000,1.347237,0.233267,-1.526122,1.085159,0.202964,-2.868211,2.868211,3.000000,1.103977,0.004915,0.000919,-0.000025,-0.000338,0.000645,0.271719,0.001366,0.432214,0.275988,0.004426,0.386712,-0.017500,-0.824511
12.715000,1.311627,0.277804,-1.470072,1.049550,0.247501,-2.812160,2.812160,3.000000,1.078338,0.004867,0.001148,0.000210,0.000036,-0.000650,0.271720,0.001366,0.432212,0.276042,0.004438,0.386712,-0.017500,-0.813477
12.726000,1.309255,0.247224,-1.417352,1.047178,0.216920,-2.759441,2.759441,3.000000,1.069409,0.004896,0.001014,0.000027,0.000660,-0.000266,0.271720,0.001367,0.432212,0.276095,0.004450,0.386712,-0.017500,-0.816741
12.737000,1.314155,0.221083,-1.426983,1.052077,0.190780,-2.769072,2.769072,3.000000,1.069235,0.004920,0.000892,-0.000178,0.000132,0.000180,0.271720,0.001366,0.432213,0.276149,0.004460,0.386712,-0.017500,-0.820532
12.748000,1.360326,0.253158,-1.483346,1.098249,0.222855,-2.825435,2.825435,3.000000,1.120632,0.004900,0.000994,-0.000199,-0.000326,0.000223,0.271719,0.001366,0.432212,0.276203,0.004470,0.386712,-0.017500,-0.820882
12.759000,1.337401,0.227392,-1.459135,1.075323,0.197089,-2.801223,2.801223,3.000000,1.093236,0.004918,0.000901,0.000057,-0.000148,0.000813,0.271719,0.001366,0.432213,0.276257,0.004481,0.386712,-0.017500,-0.825910
12.770000,1.278376,0.263797,-1.437014,1.016298,0.233494,-2.779103,2.779103,3.000000,1.042776,0.004873,0.001120,-0.000130,-0.000108,0.000384,0.271719,0.001365,0.432212,0.276311,0.004492,0.386712,-0.017500,-0.822262
12.781000,1.325627,0.268802,-1.447733,1.063550,0.238498,-2.789822,2.789822,3.000000,1.089963,0.004879,0.001094,0.000002,-0.000288,-0.000050,0.271720,0.001365,0.432213,0.276365,0.004505,0.386712,-0.017500,-0.818578
12.792000,1.261400,0.249658,-1.422977,0.999322,0.219355,-2.765066,2.765066,3.000000,1.023114,0.004884,0.001072,0.000096,0.000095,0.000243,0.271720,0.001367,0.432212,0.276419,0.004516,0.386712,-0.017500,-0.821055
12.803000,1.333543,0.249262,-1.429843,1.071466,0.218959,-2.771932,2.771932,3.000000,1.093610,0.004899,0.001001,0.000237,-0.000405,0.001025,0.271721,0.001365,0.432216,0.276472,0.004528,0.386712,-0.017500,-0.827761
12.814000,1.248330,0.270643,-1.424358,0.986253,0.240340,-2.766447,2.766447,3.000000,1.015115,0.004858,0.001184,0.000155,-0.000159,0.000375,0.271720,0.001367,0.432216,0.276526,0.004540,0.386712,-0.017500,-0.822243
12.825000,1.224808,0.270050,-1.417158,0.962730,0.239747,-2.759246,2.759246,3.000000,0.992133,0.000000,0.000000,0.000093,0.000094,-0.000056,0.271719,0.001366,0.432213,0.276565,0.004550,0.386712,-0.017500,-0.818546
12.836000,1.248533,0.249898,-1.468357,0.986456,0.219594,-2.810446,2.810446,3.000000,1.010602,0.004881,0.001086,0.000412,0.000089,0.000132,0.271720,0.001366,0.432213,0.276570,0.004551,0.386712,-0.017500,-0.820141
12.847000,1.308932,0.223335,-1.455203,1.046855,0.193032,-2.797291,2.797291,3.000000,1.064503,0.004917,0.000907,0.000104,-0.000013,0.000686,0.271720,0.001367,0.432214,0.276623,0.004562,0.386712,-0.017500,-0.824853
12.858000,1.267266,0.251217,-1.406871,1.005188,0.220914,-2.748960,2.748960,3.000000,1.029177,0.004883,0.001073,0.000036,0.000301,-0.000465,0.271719,0.001367,0.432212,0.276677,0.004573,0.386712,-0.017500,-0.815040
12.869000,1.252884,0.256863,-1.411772,0.990806,0.226560,-2.753861,2.753861,3.000000,1.016379,0.004874,0.001115,-0.000082,0.000096,-0.000244,0.271720,0.001366,0.432213,0.276731,0.004585,0.386712,-0.017500,-0.816933
12.880000,1.290904,0.250679,-1.422411,1.028827,0.220375,-2.764499,2.764499,3.000000,1.052165,0.004889,0.001047,0.000041,-0.000222,0.000800,0.271720,0.001366,0.432214,0.276785,0.004597,0.386712,-0.017500,-0.825820
12.891000,1.276223,0.257291,-1.454292,1.014145,0.226988,-2.796381,2.796381,3.000000,1.039237,0.004879,0.001092,-0.000126,-0.000073,-0.000696,0.271720,0.001366,0.432211,0.276838,0.004609,0.386712,-0.017500,-0.813078
12.902000,1.217815,0.270416,-1.432950,0.955737,0.240113,-2.775039,2.775039,3.000000,0.985438,0.000000,0.000000,0.000286,-0.000195,0.000272,0.271720,0.001366,0.432213,0.276858,0.004613,0.386712,-0.017500,-0.821318
12.913000,1.268923,0.268677,-1.433050,1.006845,0.238373,-2.775139,2.775139,3.000000,1.034678,0.004865,0.001152,-0.000124,-0.000218,0.000242,0.271720,0.001365,0.432214,0.276902,0.004624,0.386712,-0.017500,-0.821075
12.924000,1.309608,0.248685,-1.436364,1.047531,0.218382,-2.778453,2.778453,3.000000,1.070052,0.004895,0.001020,-0.000465,0.000448,-0.000293,0.271719,0.001366,0.432212,0.276955,0.004636,0.386712,-0.017500,-0.816514
12.935000,1.238713,0.264990,-1.423358,0.976636,0.234687,-2.765446,2.765446,3.000000,1.004438,0.004862,0.001168,0.000234,-0.000299,-0.001148,0.271720,0.001365,0.432212,0.277009,0.004647,0.386712,-0.017500,-0.809260
12.946000,1.287187,0.294036,-1.452312,1.025109,0.263733,-2.794401,2.794401,3.000000,1.058491,0.004842,0.001246,0.000020,-0.000122,-0.000541,0.271721,0.001366,0.432213,0.277033,0.004654,0.386712,-0.017500,-0.814428
12.957000,1.284579,0.296425,-1.435598,1.022501,0.266122,-2.777686,2.777686,3.000000,1.056565,0.004839,0.001259,-0.000149,-0.000130,-0.000614,0.271719,0.001366,0.432213,0.277087,0.004667,0.386712,-0.017500,-0.813808
12.968000,1.301558,0.278870,-1.457375,1.039480,0.248566,-2.799464,2.799464,3.000000,1.068786,0.004863,0.001163,0.000246,0.000357,-0.000324,0.271720,0.001366,0.432214,0.277140,0.004681,0.386712,-0.017500,-0.816281
12.979000,1.292387,0.289081,-1.498842,1.030309,0.258777,-2.840930,2.840930,3.000000,1.062310,0.004849,0.001218,0.000090,-0.000478,-0.000197,0.271720,0.001364,0.432213,0.277194,0.004693,0.386712,-0.017500,-0.817345
12.990000,1.368939,0.284580,-1.477987,1.106861,0.254276,-2.820076,2.820076,3.000000,1.135693,0.004873,0.001119,0.000297,0.000416,0.000383,0.271721,0.001366,0.432216,0.277247,0.004706,0.386712,-0.017500,-0.822315
13.001000,1.307450,0.303056,-1.461381,1.045373,0.272753,-2.803470,2.803470,3.000000,1.080370,0.004838,0.001262,0.000021,-0.000332,0.000325,0.271720,0.001364,0.432215,0.277300,0.004719,0.386712,-0.017500,-0.821805
13.012000,1.254588,0.313867,-1.466377,0.992511,0.283564,-2.808465,2.808465,3.000000,1.032224,0.004808,0.001374,0.000012,0.000259,0.000255,0.271720,0.001365,0.432215,0.277353,0.004734,0.386712,-0.017500,-0.821211
13.023000,1.258143,0.280115,-1.482845,0.996066,0.249812,-2.824934,2.824934,3.000000,1.026914,0.004850,0.001216,-0.000216,0.000261,-0.000108,0.271720,0.001366,0.432214,0.277407,0.004748,0.386712,-0.017500,-0.818112
13.034000,1.205404,0.295786,-1.464660,0.943327,0.265483,-2.806749,2.806749,3.000000,0.979973,0.000000,0.000000,-0.000257,0.000461,0.000281,0.271719,0.001366,0.432216,0.277445,0.004757,0.386712,-0.017500,-0.821453
13.045000,1.221747,0.281225,-1.477579,0.959670,0.250922,-2.819668,2.819668,3.000000,0.991931,0.000000,0.000000,-0.000113,-0.000104,-0.000424,0.271721,0.001366,0.432216,0.277479,0.004767,0.386712,-0.017500,-0.815464
13.056000,1.271462,0.290622,-1.509016,1.009385,0.260319,-2.851105,2.851105,3.000000,1.042412,0.004842,0.001249,0.000164,0.000274,0.000461,0.271721,0.001366,0.432220,0.277499,0.004772,0.386712,-0.017500,-0.823042
13.067000,1.300214,0.304713,-1.558863,1.038137,0.274409,-2.900951,2.900951,3.000000,1.073792,0.004834,0.001278,-0.000068,0.000523,0.000019,0.271721,0.001366,0.432220,0.277552,0.004786,0.386712,-0.017500,-0.819303
13.078000,1.241971,0.299761,-1.564968,0.979893,0.269458,-2.907056,2.907056,3.000000,1.016267,0.004821,0.001326,-0.000088,0.000240,-0.000704,0.271721,0.001366,0.432220,0.277605,0.004800,0.386712,-0.017500,-0.813162
13.089000,1.216650,0.321646,-1.593760,0.954572,0.291343,-2.935849,2.935849,3.000000,0.998042,0.000000,0.000000,0.000137,0.000415,-0.000563,0.271722,0.001367,0.432221,0.277624,0.004806,0.386712,-0.017500,-0.814384
13.100000,1.251127,0.304264,-1.639257,0.989050,0.273961,-2.981346,2.981346,3.000000,1.026291,0.004819,0.001335,0.000027,0.000016,0.000686,0.271723,0.001365,0.432225,0.277653,0.004814,0.386712,-0.017500,-0.825040
13.111000,1.266799,0.297059,-1.668404,1.004721,0.266756,-3.010493,3.010493,3.000000,1.039530,0.004833,0.001283,-0.000061,0.000470,0.000313,0.271724,0.001367,0.432226,0.277706,0.004828,0.386712,-0.017500,-0.821906
13.122000,1.185625,0.310824,-1.669721,0.923547,0.280520,-3.011809,3.011809,3.000000,0.965210,0.000000,0.000000,0.000054,0.000560,0.000588,0.271723,0.001366,0.432225,0.277725,0.004833,0.386712,-0.017500,-0.824221
13.133000,1.204238,0.320861,-1.704432,0.942161,0.290558,-3.046520,3.046520,3.000000,0.985946,0.000000,0.000000,0.000242,-0.000131,-0.000070,0.271724,0.001366,0.432225,0.277725,0.004833,0.386712,-0.017500,-0.818636
13.144000,1.119827,0.333228,-1.670239,0.857749,0.302925,-3.012328,3.012328,3.000000,0.909669,0.000000,0.000000,0.000193,-0.000499,0.000207,0.271724,0.001365,0.432227,0.277725,0.004833,0.386712,-0.017500,-0.821020
13.155000,1.141254,0.303328,-1.675669,0.879176,0.273025,-3.017757,3.017757,3.000000,0.920594,0.000000,0.000000,0.000105,0.000208,-0.000164,0.271725,0.001366,0.432229,0.277725,0.004833,0.386712,-0.017500,-0.817907
13.166000,1.118608,0.341034,-1.675536,0.856531,0.310731,-3.017625,3.017625,3.000000,0.911152,0.000000,0.000000,0.000068,-0.000245,0.000246,0.271725,0.001365,0.432230,0.277725,0.004833,0.386712,-0.017500,-0.821399
13.177000,1.087105,0.328967,-1.715839,0.825027,0.298664,-3.057927,3.057927,3.000000,0.877422,0.000000,0.000000,0.000125,-0.000038,0.000654,0.271725,0.001366,0.432234,0.277725,0.004833,0.386712,-0.017500,-0.824932
13.188000,1.140373,0.310012,-1.743242,0.878296,0.279709,-3.085331,3.085331,3.000000,0.921760,0.000000,0.000000,0.000230,-0.000145,0.000459,0.271726,0.001366,0.432235,0.277725,0.004833,0.386712,-0.017500,-0.823315
13.199000,1.106270,0.330998,-1.740237,0.844192,0.300695,-3.082325,3.082325,3.000000,0.896146,0.000000,0.000000,0.000001,-0.000018,-0.000015,0.271725,0.001366,0.432235,0.277725,0.004833,0.386712,-0.017500,-0.819276
13.210000,1.152539,0.321985,-1.815425,0.890462,0.291682,-3.157514,3.157514,3.000000,0.937017,0.000000,0.000000,0.000022,-0.000329,0.000200,0.271727,0.001366,0.432240,0.277725,0.004833,0.386712,-0.017500,-0.821184
13.221000,1.153580,0.296991,-1.806718,0.891503,0.266687,-3.148807,3.148807,3.000000,0.930537,0.000000,0.000000,0.000013,0.000417,0.000595,0.271728,0.001367,0.432241,0.277725,0.004833,0.386712,-0.017500,-0.824569
13.232000,1.204063,0.287697,-1.807136,0.941986,0.257394,-3.149224,3.149224,3.000000,0.976519,0.000000,0.000000,0.000215,-0.000200,0.000007,0.271728,0.001365,0.432241,0.277725,0.004833,0.386712,-0.017500,-0.819580
13.243000,1.140107,0.339235,-1.820603,0.878029,0.308932,-3.162692,3.162692,3.000000,0.930792,0.000000,0.000000,-0.000094,0.000397,-0.000875,0.271728,0.001367,0.432243,0.277725,0.004833,0.386712,-0.017500,-0.812126
13.254000,1.147222,0.289854,-1.791652,0.885144,0.259550,-3.133741,3.133741,3.000000,0.922413,0.000000,0.000000,0.000024,0.000293,-0.000542,0.271729,0.001365,0.432243,0.277725,0.004833,0.386712,-0.017500,-0.814958
13.265000,1.174919,0.289943,-1.812204,0.912841,0.259640,-3.154292,3.154292,3.000000,0.949048,0.000000,0.000000,0.000121,0.000128,0.000100,0.271729,0.001366,0.432247,0.277725,0.004833,0.386712,-0.017500,-0.820467
13.276000,1.108081,0.332590,-1.808735,0.846003,0.302287,-3.150824,3.150824,3.000000,0.898387,0.000000,0.000000,0.000094,-0.000005,0.000456,0.271731,0.001366,0.432251,0.277725,0.004833,0.386712,-0.017500,-0.823569
13.287000,1.125292,0.304528,-1.793254,0.863214,0.274225,-3.135342,3.135342,3.000000,0.905725,0.000000,0.000000,0.000310,-0.000140,0.000057,0.271732,0.001366,0.432255,0.277725,0.004833,0.386712,-0.017500,-0.820253
13.298000,1.145503,0.307115,-1.804019,0.883426,0.276812,-3.146108,3.146108,3.000000,0.925778,0.000000,0.000000,0.000479,0.000085,0.000937,0.271734,0.001367,0.432265,0.277725,0.004833,0.386712,-0.017500,-0.827904
13.309000,1.156440,0.320487,-1.790984,0.894363,0.290184,-3.133073,3.133073,3.000000,0.940261,0.000000,0.000000,0.000653,0.000632,0.002140,0.271741,0.001368,0.432288,0.277725,0.004833,0.386712,-0.017500,-0.838515
13.320000,1.347179,0.299866,-1.792437,1.085102,0.269563,-3.134525,3.134525,3.000000,1.118083,0.004853,0.001205,0.000777,0.000196,0.002733,0.271750,0.001368,0.432320,0.277769,0.004844,0.386712,-0.017500,-0.844127
13.331000,1.282935,0.309588,-1.782572,1.020857,0.279284,-3.124660,3.124660,3.000000,1.058371,0.004823,0.001319,0.000749,0.000213,0.002498,0.271760,0.001370,0.432354,0.277822,0.004858,0.386712,-0.017500,-0.842734
13.342000,1.223423,0.322939,-1.813048,0.961346,0.292636,-3.155137,3.155137,3.000000,1.004899,0.004783,0.001456,0.000995,0.000341,0.003414,0.271770,0.001371,0.432391,0.277875,0.004874,0.386712,-0.017500,-0.851178
13.353000,1.235685,0.304603,-1.765906,0.973607,0.274299,-3.107994,3.107994,3.000000,1.011509,0.004813,0.001356,0.000799,0.000129,0.002954,0.271780,0.001373,0.432423,0.277889,0.004878,0.386712,-0.017500,-0.847863
13.364000,1.283327,0.338531,-1.763104,1.021249,0.308227,-3.105193,3.105193,3.000000,1.066750,0.004787,0.001445,0.000926,0.000014,0.004046,0.271789,0.001375,0.432460,0.277942,0.004893,0.386712,-0.017500,-0.857789
13.375000,1.226910,0.347368,-1.748462,0.964832,0.317064,-3.090551,3.090551,3.000000,1.015594,0.004750,0.001561,0.000699,0.000221,0.002175,0.271799,0.001376,0.432491,0.277995,0.004909,0.386712,-0.017500,-0.842471
13.386000,1.175452,0.364192,-1.717061,0.913375,0.333889,-3.059150,3.059150,3.000000,0.972489,0.000000,0.000000,0.000954,0.000094,0.003015,0.271809,0.001378,0.432526,0.278004,0.004912,0.386712,-0.017500,-0.850237
13.397000,1.137767,0.352834,-1.727769,0.875689,0.322531,-3.069858,3.069858,3.000000,0.933197,0.000000,0.000000,0.000962,0.000553,0.002967,0.271819,0.001380,0.432561,0.278004,0.004912,0.386712,-0.017500,-0.850448
13.408000,1.148887,0.331154,-1.741785,0.886810,0.300850,-3.083874,3.083874,3.000000,0.936452,0.000000,0.000000,0.001195,-0.000188,0.003278,0.271830,0.001380,0.432599,0.278004,0.004912,0.386712,-0.017500,-0.853764
13.419000,1.183957,0.325885,-1.762750,0.921879,0.295582,-3.104839,3.104839,3.000000,0.968107,0.000000,0.000000,0.001223,0.000139,0.002944,0.271841,0.001384,0.432639,0.278004,0.004912,0.386712,-0.017500,-0.851659
13.430000,1.159983,0.315707,-1.756968,0.897906,0.285403,-3.099057,3.099057,3.000000,0.942173,0.000000,0.000000,0.001175,-0.000136,0.003975,0.271854,0.001385,0.432682,0.278004,0.004912,0.386712,-0.017500,-0.861187
13.441000,1.196801,0.301851,-1.750119,0.934723,0.271548,-3.092208,3.092208,3.000000,0.973368,0.000000,0.000000,0.001475,-0.000295,0.004696,0.271867,0.001386,0.432730,0.278004,0.004912,0.386712,-0.017500,-0.868159
13.452000,1.221145,0.309866,-1.762529,0.959067,0.279563,-3.104618,3.104618,3.000000,0.998982,0.000000,0.000000,0.001308,0.000348,0.004849,0.271880,0.001390,0.432777,0.278004,0.004912,0.386712,-0.017500,-0.870301
13.463000,1.150547,0.283284,-1.720755,0.888469,0.252981,-3.062844,3.062844,3.000000,0.923784,0.000000,0.000000,0.001688,0.000907,0.005323,0.271895,0.001393,0.432827,0.278019,0.004916,0.386712,-0.017500,-0.875238
13.474000,1.147659,0.277079,-1.709552,0.885581,0.246776,-3.051641,3.051641,3.000000,0.919322,0.000000,0.000000,0.001287,0.000328,0.005267,0.271909,0.001393,0.432879,0.278019,0.004916,0.386712,-0.017500,-0.875697
13.485000,1.225434,0.317746,-1.715460,0.963356,0.287443,-3.057549,3.057549,3.000000,1.005325,0.004791,0.001430,0.001090,-0.000278,0.004461,0.271923,0.001395,0.432927,0.278023,0.004918,0.386712,-0.017500,-0.869712
13.496000,1.168186,0.325864,-1.689710,0.906109,0.295561,-3.031798,3.031798,3.000000,0.953095,0.000000,0.000000,0.001221,-0.000076,0.004993,0.271938,0.001396,0.432977,0.278033,0.004921,0.386712,-0.017500,-0.875136
13.507000,1.179276,0.265278,-1.668867,0.917198,0.234975,-3.010956,3.010956,3.000000,0.946819,0.000000,0.000000,0.001539,0.000826,0.004324,0.271952,0.001400,0.433026,0.278033,0.004921,0.386712,-0.017500,-0.870344
13.518000,1.169025,0.288004,-1.648149,0.906948,0.257701,-2.990237,2.990237,3.000000,0.942849,0.000000,0.000000,0.001100,0.000363,0.004426,0.271965,0.001402,0.433078,0.278033,0.004921,0.386712,-0.017500,-0.872136
13.529000,1.096205,0.302966,-1.612128,0.834128,0.272663,-2.954216,2.954216,3.000000,0.877561,0.000000,0.000000,0.001659,0.000206,0.005295,0.271980,0.001404,0.433126,0.278033,0.004921,0.386712,-0.017500,-0.880382
13.540000,1.184796,0.300479,-1.654460,0.922718,0.270176,-2.996549,2.996549,3.000000,0.961459,0.000000,0.000000,0.001494,0.000151,0.004142,0.271994,0.001405,0.433177,0.278033,0.004921,0.386712,-0.017500,-0.871516
13.551000,1.157606,0.317221,-1.633241,0.895528,0.286918,-2.975329,2.975329,3.000000,0.940368,0.000000,0.000000,0.001674,-0.000709,0.005667,0.272009,0.001407,0.433231,0.278033,0.004921,0.386712,-0.017500,-0.885417
13.562000,1.169314,0.336490,-1.631219,0.907237,0.306187,-2.973307,2.973307,3.000000,0.957512,0.000000,0.000000,0.001361,0.000187,0.004268,0.272023,0.001411,0.433278,0.278033,0.004921,0.386712,-0.017500,-0.874391
13.573000,1.211642,0.316424,-1.602793,0.949565,0.286121,-2.944882,2.944882,3.000000,0.991735,0.000000,0.000000,0.001240,0.000192,0.005032,0.272037,0.001413,0.433330,0.278033,0.004921,0.386712,-0.017500,-0.881818
13.584000,1.255131,0.312419,-1.625873,0.993054,0.282115,-2.967962,2.967962,3.000000,1.032349,0.004810,0.001366,0.000955,0.000173,0.004608,0.272050,0.001415,0.433376,0.278076,0.004933,0.386712,-0.017500,-0.879044
13.595000,1.236734,0.336438,-1.565383,0.974657,0.306134,-2.907472,2.907472,3.000000,1.021604,0.004770,0.001498,0.000655,0.000027,0.003830,0.272062,0.001418,0.433420,0.278115,0.004945,0.386712,-0.017500,-0.873231
13.606000,1.185360,0.340166,-1.542417,0.923283,0.309862,-2.884506,2.884506,3.000000,0.973892,0.000000,0.000000,0.001116,-0.000245,0.003426,0.272074,0.001418,0.433458,0.278153,0.004957,0.386712,-0.017500,-0.870492
13.617000,1.166135,0.328529,-1.528495,0.904058,0.298226,-2.870583,2.870583,3.000000,0.951977,0.000000,0.000000,0.000429,-0.000061,0.003220,0.272083,0.001420,0.433494,0.278153,0.004957,0.386712,-0.017500,-0.869383
13.628000,1.161096,0.324410,-1.548828,0.899018,0.294106,-2.890917,2.890917,3.000000,0.945903,0.000000,0.000000,0.000619,0.000306,0.002616,0.272092,0.001422,0.433522,0.278153,0.004957,0.386712,-0.017500,-0.864783
13.639000,1.137466,0.305436,-1.520882,0.875389,0.275133,-2.862971,2.862971,3.000000,0.917608,0.000000,0.000000,0.000596,0.000135,0.001802,0.272099,0.001422,0.433549,0.278153,0.004957,0.386712,-0.017500,-0.858356
13.650000,1.109061,0.308746,-1.594306,0.846983,0.278443,-2.936395,2.936395,3.000000,0.891578,0.000000,0.000000,0.000415,0.000366,0.002629,0.272106,0.001425,0.433577,0.278153,0.004957,0.386712,-0.017500,-0.865879
13.661000,1.105460,0.354139,-1.595060,0.843383,0.323836,-2.937149,2.937149,3.000000,0.903418,0.000000,0.000000,0.000438,0.000245,0.002408,0.272112,0.001425,0.433600,0.278153,0.004957,0.386712,-0.017500,-0.864411
13.672000,1.145874,0.298926,-1.636691,0.883796,0.268622,-2.978780,2.978780,3.000000,0.923717,0.000000,0.000000,0.000080,-0.000170,0.001135,0.272118,0.001425,0.433618,0.278153,0.004957,0.386712,-0.017500,-0.853934
13.683000,1.197394,0.307703,-1.638117,0.935316,0.277399,-2.980205,2.980205,3.000000,0.975585,0.000000,0.000000,0.000225,0.000339,0.001768,0.272124,0.001427,0.433640,0.278153,0.004957,0.386712,-0.017500,-0.859704
13.694000,1.166774,0.342389,-1.662783,0.904697,0.312086,-3.004871,3.004871,3.000000,0.957013,0.000000,0.000000,0.000948,-0.000705,0.001416,0.272130,0.001426,0.433655,0.278153,0.004957,0.386712,-0.017500,-0.856975
13.705000,1.161589,0.318891,-1.598178,0.899511,0.288588,-2.940267,2.940267,3.000000,0.944671,0.000000,0.000000,0.000680,-0.000598,0.001632,0.272133,0.001427,0.433667,0.278153,0.004957,0.386712,-0.017500,-0.859032
13.716000,1.154698,0.285947,-1.598770,0.892621,0.255644,-2.940859,2.940859,3.000000,0.928507,0.000000,0.000000,0.000223,-0.000567,0.000542,0.272134,0.001428,0.433673,0.278153,0.004957,0.386712,-0.017500,-0.849881
13.727000,1.144857,0.294483,-1.583147,0.882780,0.264180,-2.925235,2.925235,3.000000,0.921461,0.000000,0.000000,0.000386,0.000597,0.000082,0.272136,0.001430,0.433677,0.278153,0.004957,0.386712,-0.017500,-0.846057
13.738000,1.200244,0.314791,-1.570710,0.938167,0.284488,-2.912798,2.912798,3.000000,0.980352,0.000000,0.000000,-0.000078,0.000157,0.000535,0.272137,0.001430,0.433682,0.278153,0.004957,0.386712,-0.017500,-0.850003
13.749000,1.217985,0.296171,-1.592499,0.955908,0.265868,-2.934587,2.934587,3.000000,0.992192,0.000000,0.000000,-0.000021,0.000433,0.000345,0.272138,0.001429,0.433684,0.278172,0.004963,0.386712,-0.017500,-0.848421
13.760000,1.146664,0.323644,-1.603417,0.884587,0.293341,-2.945506,2.945506,3.000000,0.931956,0.000000,0.000000,-0.000170,0.000281,-0.000079,0.272139,0.001429,0.433688,0.278172,0.004963,0.386712,-0.017500,-0.844902
13.771000,1.084177,0.308697,-1.574113,0.822099,0.278393,-2.916201,2.916201,3.000000,0.867957,0.000000,0.000000,-0.000083,0.000740,0.000548,0.272139,0.001430,0.433691,0.278172,0.004963,0.386712,-0.017500,-0.850266
13.782000,1.171217,0.302708,-1.629297,0.909139,0.272404,-2.971385,2.971385,3.000000,0.949072,0.000000,0.000000,0.000014,-0.000254,0.000774,0.272141,0.001429,0.433695,0.278172,0.004963,0.386712,-0.017500,-0.852254
13.793000,1.149558,0.300250,-1.631230,0.887480,0.269947,-2.973318,2.973318,3.000000,0.927628,0.000000,0.000000,-0.000056,0.000265,-0.000144,0.272140,0.001432,0.433695,0.278172,0.004963,0.386712,-0.017500,-0.844462
13.804000,1.142064,0.298652,-1.628238,0.879986,0.268349,-2.970327,2.970327,3.000000,0.919993,0.000000,0.000000,0.000316,-0.000242,0.001125,0.272141,0.001429,0.433699,0.278172,0.004963,0.386712,-0.017500,-0.855300
13.815000,1.102709,0.290954,-1.597281,0.840632,0.260651,-2.939369,2.939369,3.000000,0.880114,0.000000,0.000000,0.000008,0.000784,-0.000043,0.272142,0.001431,0.433700,0.278172,0.004963,0.386712,-0.017500,-0.845402
13.826000,1.194217,0.274849,-1.595259,0.932140,0.244545,-2.937347,2.937347,3.000000,0.963684,0.000000,0.000000,-0.000045,-0.000328,0.000159,0.272142,0.001429,0.433701,0.278172,0.004963,0.386712,-0.017500,-0.847140
13.837000,1.128960,0.301042,-1.605061,0.866882,0.270739,-2.947149,2.947149,3.000000,0.908177,0.000000,0.000000,0.000160,0.000546,0.000160,0.272142,0.001431,0.433699,0.278172,0.004963,0.386712,-0.017500,-0.847112
13.848000,1.148672,0.299188,-1.626977,0.886594,0.268885,-2.969066,2.969066,3.000000,0.926471,0.000000,0.000000,0.000375,0.000720,-0.000020,0.272143,0.001430,0.433699,0.278172,0.004963,0.386712,-0.017500,-0.845588
13.859000,1.163363,0.282190,-1.614352,0.901286,0.251887,-2.956440,2.956440,3.000000,0.935822,0.000000,0.000000,-0.000494,0.000145,-0.000070,0.272142,0.001430,0.433698,0.278172,0.004963,0.386712,-0.017500,-0.845152
13.870000,1.173808,0.300847,-1.643303,0.911730,0.270544,-2.985391,2.985391,3.000000,0.951024,0.000000,0.000000,0.000200,-0.000163,0.000561,0.272143,0.001430,0.433703,0.278172,0.004963,0.386712,-0.017500,-0.850592
13.881000,1.108992,0.307060,-1.640105,0.846915,0.276757,-2.982193,2.982193,3.000000,0.890988,0.000000,0.000000,0.000139,0.000248,-0.000375,0.272144,0.001430,0.433703,0.278172,0.004963,0.386712,-0.017500,-0.842640
13.892000,1.140856,0.291372,-1.670215,0.878779,0.261069,-3.012303,3.012303,3.000000,0.916738,0.000000,0.000000,0.000149,-0.000084,-0.000166,0.272144,0.001430,0.433707,0.278172,0.004963,0.386712,-0.017500,-0.844490
13.903000,1.130075,0.266607,-1.701328,0.867997,0.236303,-3.043417,3.043417,3.000000,0.899588,0.000000,0.000000,0.000006,0.000318,-0.000157,0.272144,0.001430,0.433707,0.278172,0.004963,0.386712,-0.017500,-0.844563
13.914000,1.110907,0.301346,-1.694344,0.848830,0.271042,-3.036432,3.036432,3.000000,0.891054,0.000000,0.000000,-0.000140,0.000328,0.000056,0.272145,0.001431,0.433710,0.278172,0.004963,0.386712,-0.017500,-0.846432
13.925000,1.156502,0.255995,-1.708904,0.894425,0.225692,-3.050993,3.050993,3.000000,0.922460,0.000000,0.000000,-0.000233,0.000005,-0.000435,0.272145,0.001429,0.433711,0.278172,0.004963,0.386712,-0.017500,-0.842292
13.936000,1.159722,0.265934,-1.703971,0.897644,0.235630,-3.046060,3.046060,3.000000,0.928055,0.000000,0.000000,0.000144,0.000273,0.000326,0.272147,0.001430,0.433714,0.278172,0.004963,0.386712,-0.017500,-0.848793
13.947000,1.126005,0.321045,-1.716230,0.863928,0.290742,-3.058318,3.058318,3.000000,0.911538,0.000000,0.000000,-0.000176,-0.000393,-0.000219,0.272146,0.001430,0.433714,0.278172,0.004963,0.386712,-0.017500,-0.844174
13.958000,1.140263,0.323815,-1.719281,0.878185,0.293512,-3.061369,3.061369,3.000000,0.925937,0.000000,0.000000,-0.000223,-0.000174,-0.000040,0.272147,0.001430,0.433716,0.278172,0.004963,0.386712,-0.017500,-0.845730
13.969000,1.123063,0.309840,-1.738119,0.860985,0.279537,-3.080208,3.080208,3.000000,0.905227,0.000000,0.000000,-0.000145,-0.000393,-0.000604,0.272147,0.001429,0.433716,0.278172,0.004963,0.386712,-0.017500,-0.840930
13.980000,1.065690,0.296414,-1.730577,0.803612,0.266111,-3.072666,3.072666,3.000000,0.846527,0.000000,0.000000,0.000067,-0.000224,0.000427,0.272148,0.001429,0.433719,0.278172,0.004963,0.386712,-0.017500,-0.849754
13.991000,1.053643,0.324523,-1.718879,0.791566,0.294220,-3.060967,3.060967,3.000000,0.844477,0.000000,0.000000,-0.000088,-0.000322,0.000026,0.272149,0.001430,0.433720,0.278172,0.004963,0.386712,-0.017500,-0.846372
14.002000,1.015151,0.328719,-1.740157,0.753074,0.298416,-3.082245,3.082245,3.000000,0.810044,0.000000,0.000000,-0.000035,-0.000003,-0.000286,0.272148,0.001429,0.433722,0.278172,0.004963,0.386712,-0.017500,-0.843753
14.013000,1.054221,0.331965,-1.784788,0.792143,0.301662,-3.126876,3.126876,3.000000,0.847638,0.000000,0.000000,-0.000042,-0.000295,-0.000141,0.272149,0.001430,0.433724,0.278172,0.004963,0.386712,-0.017500,-0.845021
14.024000,1.054045,0.336812,-1.789348,0.791967,0.306509,-3.131437,3.131437,3.000000,0.849211,0.000000,0.000000,0.000136,-0.000665,0.000213,0.272150,0.001429,0.433727,0.278172,0.004963,0.386712,-0.017500,-0.848073
14.035000,0.978770,0.363217,-1.777025,0.716693,0.332914,-3.119114,3.119114,3.000000,0.790241,0.000000,0.000000,-0.000339,-0.000466,-0.001390,0.272149,0.001430,0.433725,0.278172,0.004963,0.386712,-0.017500,-0.834428
14.046000,1.017433,0.338164,-1.810795,0.755356,0.307861,-3.152883,3.152883,3.000000,0.815684,0.000000,0.000000,-0.000038,0.000168,0.000563,0.272151,0.001431,0.433732,0.278172,0.004963,0.386712,-0.017500,-0.851120
14.057000,1.021247,0.326069,-1.819065,0.759170,0.295766,-3.161153,3.161153,3.000000,0.814749,0.000000,0.000000,0.000194,-0.000139,-0.000052,0.272151,0.001430,0.433731,0.278172,0.004963,0.386712,-0.017500,-0.845899
14.068000,1.045759,0.317999,-1.834898,0.783682,0.287696,-3.176987,3.176987,3.000000,0.834821,0.000000,0.000000,0.000147,0.000347,0.001138,0.272151,0.001431,0.433732,0.278172,0.004963,0.386712,-0.017500,-0.856013
14.079000,1.003147,0.308712,-1.810924,0.741070,0.278409,-3.153013,3.153013,3.000000,0.791641,0.000000,0.000000,0.000089,-0.000665,-0.000450,0.272152,0.001429,0.433733,0.278172,0.004963,0.386712,-0.017500,-0.842548
14.090000,1.000360,0.350315,-1.795377,0.738282,0.320011,-3.137466,3.137466,3.000000,0.804654,0.000000,0.000000,-0.000076,-0.000025,-0.000167,0.272152,0.001429,0.433734,0.278172,0.004963,0.386712,-0.017500,-0.844968
14.101000,1.036893,0.334944,-1.810447,0.774815,0.304641,-3.152535,3.152535,3.000000,0.832553,0.000000,0.000000,-0.000087,0.000454,-0.000286,0.272153,0.001431,0.433735,0.278172,0.004963,0.386712,-0.017500,-0.843979
14.112000,1.070047,0.309744,-1.838401,0.807970,0.279440,-3.180489,3.180489,3.000000,0.854928,0.000000,0.000000,0.000028,-0.000422,0.000084,0.272153,0.001429,0.433738,0.278172,0.004963,0.386712,-0.017500,-0.847169
14.123000,1.008890,0.339207,-1.851401,0.746813,0.308904,-3.193489,3.193489,3.000000,0.808178,0.000000,0.000000,0.000359,-0.000266,0.000455,0.272155,0.001430,0.433741,0.278172,0.004963,0.386712,-0.017500,-0.850386
14.134000,0.943965,0.364181,-1.846002,0.681887,0.333878,-3.188091,3.188091,3.000000,0.759240,0.000000,0.000000,0.000081,0.000107,0.000248,0.272155,0.001431,0.433744,0.278172,0.004963,0.386712,-0.017500,-0.848675
14.145000,0.989678,0.350684,-1.872458,0.727601,0.320380,-3.214547,3.214547,3.000000,0.795013,0.000000,0.000000,0.000285,0.000006,0.000169,0.272157,0.001430,0.433748,0.278172,0.004963,0.386712,-0.017500,-0.848078
14.156000,0.980697,0.308507,-1.904380,0.718619,0.278204,-3.246469,3.246469,3.000000,0.770591,0.000000,0.000000,0.000006,0.000418,0.000395,0.272156,0.001431,0.433752,0.278172,0.004963,0.386712,-0.017500,-0.850069
14.167000,0.973746,0.344422,-1.888013,0.711669,0.314119,-3.230101,3.230101,3.000000,0.777910,0.000000,0.000000,-0.000278,0.000149,-0.000775,0.272158,0.001432,0.433752,0.278172,0.004963,0.386712,-0.017500,-0.840144
14.178000,1.024361,0.345645,-1.896625,0.762283,0.315342,-3.238714,3.238714,3.000000,0.824934,0.000000,0.000000,0.000119,-0.000255,0.000719,0.272160,0.001431,0.433762,0.278172,0.004963,0.386712,-0.017500,-0.852991
14.189000,1.009175,0.338444,-1.859869,0.747097,0.308141,-3.201958,3.201958,3.000000,0.808149,0.000000,0.000000,0.000538,0.000592,-0.000116,0.272162,0.001433,0.433764,0.278172,0.004963,0.386712,-0.017500,-0.845942
14.200000,1.077307,0.327855,-1.835950,0.815230,0.297552,-3.178039,3.178039,3.000000,0.867834,0.000000,0.000000,0.000102,-0.000160,0.000919,0.272164,0.001433,0.433776,0.278172,0.004963,0.386712,-0.017500,-0.854944
14.211000,1.081196,0.305297,-1.766661,0.819119,0.274994,-3.108750,3.108750,3.000000,0.864047,0.000000,0.000000,0.000071,-0.000276,0.000606,0.272168,0.001432,0.433790,0.278172,0.004963,0.386712,-0.017500,-0.852537
14.222000,1.096277,0.302909,-1.734923,0.834199,0.272606,-3.077012,3.077012,3.000000,0.877612,0.000000,0.000000,-0.000069,-0.000097,0.000950,0.272173,0.001433,0.433808,0.278172,0.004963,0.386712,-0.017500,-0.855783
14.233000,1.063548,0.307121,-1.768989,0.801470,0.276817,-3.111077,3.111077,3.000000,0.847929,0.000000,0.000000,0.000618,-0.000139,0.001710,0.272179,0.001434,0.433828,0.278172,0.004963,0.386712,-0.017500,-0.862589
14.244000,1.027782,0.312672,-1.738090,0.765704,0.282368,-3.080178,3.080178,3.000000,0.816110,0.000000,0.000000,0.000324,-0.000051,0.000839,0.272183,0.001436,0.433841,0.278172,0.004963,0.386712,-0.017500,-0.855439
14.255000,1.029827,0.317326,-1.762062,0.767749,0.287022,-3.104150,3.104150,3.000000,0.819647,0.000000,0.000000,0.000293,-0.000047,0.002134,0.272187,0.001435,0.433861,0.278172,0.004963,0.386712,-0.017500,-0.866777
14.266000,1.083140,0.323872,-1.795044,0.821063,0.293569,-3.137133,3.137133,3.000000,0.871967,0.000000,0.000000,0.000232,-0.000192,0.001365,0.272191,0.001436,0.433873,0.278172,0.004963,0.386712,-0.017500,-0.860475
14.277000,1.032616,0.333169,-1.782160,0.770539,0.302866,-3.124248,3.124248,3.000000,0.827924,0.000000,0.000000,0.000218,0.000189,0.000989,0.272194,0.001437,0.433884,0.278172,0.004963,0.386712,-0.017500,-0.857486
14.288000,1.054638,0.347804,-1.777225,0.792560,0.317500,-3.119314,3.119314,3.000000,0.853791,0.000000,0.000000,0.000396,0.000211,0.000797,0.272198,0.001438,0.433895,0.278172,0.004963,0.386712,-0.017500,-0.856049
14.299000,1.056591,0.310193,-1.773556,0.794513,0.279890,-3.115644,3.115644,3.000000,0.842372,0.000000,0.000000,-0.000045,0.000576,0.001509,0.272200,0.001439,0.433907,0.278172,0.004963,0.386712,-0.017500,-0.862300
14.310000,1.087556,0.326524,-1.750097,0.825479,0.296220,-3.092185,3.092185,3.000000,0.877019,0.000000,0.000000,0.000500,0.000550,0.001121,0.272203,0.001440,0.433914,0.278172,0.004963,0.386712,-0.017500,-0.859150
14.321000,1.031576,0.303683,-1.732755,0.769498,0.273380,-3.074843,3.074843,3.000000,0.816617,0.000000,0.000000,0.000442,0.000218,0.000908,0.272206,0.001440,0.433923,0.278172,0.004963,0.386712,-0.017500,-0.857494
14.332000,1.026479,0.314123,-1.753668,0.764401,0.283820,-3.095756,3.095756,3.000000,0.815391,0.000000,0.000000,0.000545,0.000122,0.001131,0.272209,0.001440,0.433932,0.278172,0.004963,0.386712,-0.017500,-0.859560
14.343000,1.004834,0.326377,-1.774824,0.742757,0.296074,-3.116913,3.116913,3.000000,0.799592,0.000000,0.000000,0.000018,-0.000251,-0.000006,0.272209,0.001439,0.433937,0.278172,0.004963,0.386712,-0.017500,-0.849988
14.354000,1.049363,0.344854,-1.763589,0.787285,0.314551,-3.105677,3.105677,3.000000,0.847798,0.000000,0.000000,0.000491,-0.000124,0.001727,0.272213,0.001440,0.433949,0.278172,0.004963,0.386712,-0.017500,-0.864925
14.365000,1.056974,0.303753,-1.779427,0.794897,0.273450,-3.121516,3.121516,3.000000,0.840616,0.000000,0.000000,0.000316,0.000280,0.001217,0.272215,0.001441,0.433957,0.278172,0.004963,0.386712,-0.017500,-0.860728
14.376000,1.062689,0.309383,-1.787128,0.800611,0.279080,-3.129217,3.129217,3.000000,0.847858,0.000000,0.000000,0.000482,0.000096,0.001151,0.272218,0.001441,0.433967,0.278172,0.004963,0.386712,-0.017500,-0.860348
14.387000,1.029779,0.341580,-1.792834,0.767702,0.311277,-3.134923,3.134923,3.000000,0.828408,0.000000,0.000000,0.000437,0.000214,0.000914,0.272221,0.001443,0.433977,0.278172,0.004963,0.386712,-0.017500,-0.858517
14.398000,1.037618,0.290024,-1.813344,0.775540,0.259721,-3.155433,3.155433,3.000000,0.817874,0.000000,0.000000,0.000451,-0.000081,0.001352,0.272224,0.001443,0.433987,0.278172,0.004963,0.386712,-0.017500,-0.862408
14.409000,0.971520,0.298017,-1.831935,0.709443,0.267714,-3.174023,3.174023,3.000000,0.758274,0.000000,0.000000,0.000215,0.000118,0.001807,0.272227,0.001443,0.434000,0.278172,0.004963,0.386712,-0.017500,-0.866514
14.420000,0.981002,0.256760,-1.817415,0.718925,0.226457,-3.159503,3.159503,3.000000,0.753748,0.000000,0.000000,0.000451,-0.000054,0.001025,0.272231,0.001443,0.434012,0.278172,0.004963,0.386712,-0.017500,-0.860089
14.431000,0.994225,0.293430,-1.845754,0.732148,0.263126,-3.187842,3.187842,3.000000,0.777995,0.000000,0.000000,0.000126,-0.000447,0.000161,0.272234,0.001443,0.434023,0.278172,0.004963,0.386712,-0.017500,-0.852964
14.442000,0.932974,0.295162,-1.828971,0.670896,0.264858,-3.171060,3.171060,3.000000,0.721285,0.000000,0.000000,0.000379,0.000482,0.001824,0.272237,0.001445,0.434037,0.278172,0.004963,0.386712,-0.017500,-0.867333
14.453000,0.953818,0.286908,-1.837208,0.691741,0.256605,-3.179297,3.179297,3.000000,0.737802,0.000000,0.000000,0.000561,0.000037,0.001381,0.272242,0.001444,0.434050,0.278172,0.004963,0.386712,-0.017500,-0.863800
14.464000,0.974316,0.289357,-1.854637,0.712239,0.259053,-3.196726,3.196726,3.000000,0.757887,0.000000,0.000000,0.000267,-0.000314,0.000789,0.272244,0.001444,0.434059,0.278172,0.004963,0.386712,-0.017500,-0.858931
14.475000,1.027013,0.294358,-1.812376,0.764935,0.264055,-3.154465,3.154465,3.000000,0.809229,0.000000,0.000000,0.000261,0.000232,0.001814,0.272247,0.001445,0.434073,0.278172,0.004963,0.386712,-0.017500,-0.867894
14.486000,1.009138,0.329777,-1.806631,0.747060,0.299474,-3.148720,3.148720,3.000000,0.804850,0.000000,0.000000,-0.000097,0.000514,-0.000175,0.272249,0.001446,0.434078,0.278172,0.004963,0.386712,-0.017500,-0.851106
14.497000,0.995059,0.303133,-1.806495,0.732982,0.272830,-3.148583,3.148583,3.000000,0.782111,0.000000,0.000000,0.000505,0.000056,0.001705,0.272253,0.001446,0.434092,0.278172,0.004963,0.386712,-0.017500,-0.867299
14.508000,1.017809,0.290102,-1.808906,0.755731,0.259799,-3.150994,3.150994,3.000000,0.799140,0.000000,0.000000,0.000307,-0.000033,0.001363,0.272256,0.001446,0.434101,0.278172,0.004963,0.386712,-0.017500,-0.864557
14.519000,1.007091,0.277058,-1.788747,0.745014,0.246755,-3.130836,3.130836,3.000000,0.784814,0.000000,0.000000,0.000030,-0.000027,0.000576,0.272257,0.001447,0.434107,0.278172,0.004963,0.386712,-0.017500,-0.857995
14.530000,0.984021,0.315209,-1.816740,0.721944,0.284906,-3.158828,3.158828,3.000000,0.776128,0.000000,0.000000,0.000437,0.000229,0.001869,0.272260,0.001448,0.434119,0.278172,0.004963,0.386712,-0.017500,-0.869173
14.541000,0.946290,0.367169,-1.799213,0.684213,0.336865,-3.141302,3.141302,3.000000,0.762644,0.000000,0.000000,-0.000063,-0.000173,-0.000019,0.272262,0.001447,0.434123,0.278172,0.004963,0.386712,-0.017500,-0.853238
14.552000,1.012118,0.292799,-1.801515,0.750040,0.262496,-3.143604,3.143604,3.000000,0.794647,0.000000,0.000000,0.000123,0.000255,0.000640,0.272265,0.001449,0.434133,0.278172,0.004963,0.386712,-0.017500,-0.858996
14.563000,1.020320,0.302149,-1.816475,0.758243,0.271846,-3.158564,3.158564,3.000000,0.805501,0.000000,0.000000,0.000199,-0.000020,0.000518,0.272267,0.001449,0.434140,0.278172,0.004963,0.386712,-0.017500,-0.858091
14.574000,0.961821,0.311009,-1.798400,0.699744,0.280706,-3.140488,3.140488,3.000000,0.753948,0.000000,0.000000,0.000154,-0.000260,0.000790,0.272269,0.001447,0.434148,0.278172,0.004963,0.386712,-0.017500,-0.860551
14.585000,0.953175,0.307533,-1.793079,0.691097,0.277230,-3.135168,3.135168,3.000000,0.744629,0.000000,0.000000,0.000471,0.000154,0.000626,0.272272,0.001449,0.434154,0.278172,0.004963,0.386712,-0.017500,-0.859259
14.596000,0.979991,0.314686,-1.800958,0.717913,0.284383,-3.143047,3.143047,3.000000,0.772187,0.000000,0.000000,-0.000041,0.000321,0.000421,0.272272,0.001449,0.434158,0.278172,0.004963,0.386712,-0.017500,-0.857601
14.607000,1.038644,0.292067,-1.771576,0.776567,0.261764,-3.113664,3.113664,3.000000,0.819497,0.000000,0.000000,-0.000196,-0.000292,0.000210,0.272273,0.001449,0.434163,0.278172,0.004963,0.386712,-0.017500,-0.855887
14.618000,1.035957,0.313224,-1.735048,0.773880,0.282921,-3.077137,3.077137,3.000000,0.823974,0.000000,0.000000,0.000115,-0.000196,0.000427,0.272274,0.001449,0.434167,0.278172,0.004963,0.386712,-0.017500,-0.857802
14.629000,0.967750,0.313824,-1.748562,0.705672,0.283520,-3.090650,3.090650,3.000000,0.760498,0.000000,0.000000,-0.000247,-0.000475,0.000563,0.272275,0.001449,0.434170,0.278172,0.004963,0.386712,-0.017500,-0.859025
14.640000,1.030857,0.322551,-1.757389,0.768779,0.292248,-3.099477,3.099477,3.000000,0.822454,0.000000,0.000000,-0.000086,0.000028,0.000639,0.272276,0.001449,0.434173,0.278172,0.004963,0.386712,-0.017500,-0.859720
14.651000,0.998893,0.295441,-1.775413,0.736816,0.265138,-3.117501,3.117501,3.000000,0.783068,0.000000,0.000000,-0.000114,-0.000167,-0.000175,0.272277,0.001449,0.434176,0.278172,0.004963,0.386712,-0.017500,-0.852859
14.662000,1.032352,0.316174,-1.790901,0.770274,0.285871,-3.132989,3.132989,3.000000,0.821611,0.000000,0.000000,0.000112,0.000118,0.000242,0.272278,0.001450,0.434182,0.278172,0.004963,0.386712,-0.017500,-0.856505
14.673000,0.966766,0.317216,-1.764624,0.704689,0.286913,-3.106712,3.106712,3.000000,0.760858,0.000000,0.000000,-0.000178,-0.000530,0.000423,0.272279,0.001449,0.434184,0.278172,0.004963,0.386712,-0.017500,-0.858089
14.684000,1.038988,0.330476,-1.798654,0.776911,0.300173,-3.140742,3.140742,3.000000,0.832883,0.000000,0.000000,0.000286,-0.000239,0.001175,0.272280,0.001450,0.434189,0.278172,0.004963,0.386712,-0.017500,-0.864546
14.695000,1.038637,0.316472,-1.791588,0.776560,0.286168,-3.133676,3.133676,3.000000,0.827610,0.000000,0.000000,-0.000010,-0.000204,0.000669,0.272281,0.001450,0.434192,0.278172,0.004963,0.386712,-0.017500,-0.860309
14.706000,1.042934,0.295705,-1.747644,0.780857,0.265402,-3.089732,3.089732,3.000000,0.824728,0.000000,0.000000,-0.000109,-0.000009,-0.000016,0.272281,0.001450,0.434191,0.278172,0.004963,0.386712,-0.017500,-0.854492
14.717000,1.050039,0.298864,-1.757570,0.787962,0.268561,-3.099659,3.099659,3.000000,0.832472,0.000000,0.000000,0.000165,0.000269,0.000238,0.272283,0.001450,0.434194,0.278172,0.004963,0.386712,-0.017500,-0.856693
14.728000,1.018849,0.308894,-1.791258,0.756771,0.278591,-3.133347,3.133347,3.000000,0.806421,0.000000,0.000000,0.000393,0.000395,0.000945,0.272284,0.001451,0.434200,0.278172,0.004963,0.386712,-0.017500,-0.862794
14.739000,1.012937,0.318769,-1.826500,0.750860,0.288466,-3.168589,3.168589,3.000000,0.804365,0.000000,0.000000,0.000022,0.000153,0.000552,0.272284,0.001451,0.434202,0.278172,0.004963,0.386712,-0.017500,-0.859493
14.750000,1.022317,0.324622,-1.799597,0.760240,0.294319,-3.141685,3.141685,3.000000,0.815223,0.000000,0.000000,0.000034,-0.000152,0.000742,0.272284,0.001450,0.434205,0.278172,0.004963,0.386712,-0.017500,-0.861154
14.761000,0.997063,0.366630,-1.796950,0.734985,0.336327,-3.139038,3.139038,3.000000,0.808282,0.000000,0.000000,0.000035,0.000179,0.000891,0.272286,0.001450,0.434207,0.278172,0.004963,0.386712,-0.017500,-0.862463
14.772000,0.999734,0.337806,-1.765989,0.737656,0.307503,-3.108077,3.108077,3.000000,0.799184,0.000000,0.000000,0.000027,0.000384,-0.000263,0.272286,0.001451,0.434207,0.278172,0.004963,0.386712,-0.017500,-0.852669
14.783000,0.965827,0.336783,-1.744475,0.703750,0.306479,-3.086564,3.086564,3.000000,0.767589,0.000000,0.000000,-0.000000,-0.000316,-0.000628,0.272286,0.001450,0.434207,0.278172,0.004963,0.386712,-0.017500,-0.849566
14.794000,1.016158,0.353591,-1.735891,0.754081,0.323288,-3.077980,3.077980,3.000000,0.820459,0.000000,0.000000,-0.000175,-0.000555,-0.000532,0.272286,0.001449,0.434209,0.278172,0.004963,0.386712,-0.017500,-0.850415
14.805000,1.007440,0.346010,-1.770251,0.745363,0.315707,-3.112340,3.112340,3.000000,0.809467,0.000000,0.000000,-0.000003,0.000241,0.000046,0.272287,0.001451,0.434210,0.278172,0.004963,0.386712,-0.017500,-0.855350
14.816000,1.053028,0.347723,-1.759022,0.790951,0.317419,-3.101110,3.101110,3.000000,0.852267,0.000000,0.000000,-0.000020,0.000499,0.000456,0.272287,0.001452,0.434212,0.278172,0.004963,0.386712,-0.017500,-0.858857
14.827000,1.007500,0.353379,-1.745498,0.745422,0.323076,-3.087586,3.087586,3.000000,0.812424,0.000000,0.000000,0.000006,-0.000142,0.000491,0.272287,0.001451,0.434214,0.278172,0.004963,0.386712,-0.017500,-0.859196
14.838000,0.990347,0.343407,-1.759030,0.728270,0.313104,-3.101119,3.101119,3.000000,0.792724,0.000000,0.000000,-0.000111,-0.000069,0.000491,0.272288,0.001450,0.434216,0.278172,0.004963,0.386712,-0.017500,-0.859243
14.849000,0.917768,0.370329,-1.766654,0.655691,0.340026,-3.108743,3.108743,3.000000,0.738612,0.000000,0.000000,-0.000234,0.000319,0.000136,0.272288,0.001452,0.434217,0.278172,0.004963,0.386712,-0.017500,-0.856233
14.860000,0.960081,0.359854,-1.819604,0.698004,0.329551,-3.161693,3.161693,3.000000,0.771889,0.000000,0.000000,-0.000036,0.000206,0.000418,0.272289,0.001451,0.434220,0.278172,0.004963,0.386712,-0.017500,-0.858678
14.871000,0.948645,0.328369,-1.791939,0.686568,0.298066,-3.134028,3.134028,3.000000,0.748478,0.000000,0.000000,0.000524,0.000591,0.001058,0.272291,0.001453,0.434224,0.278172,0.004963,0.386712,-0.017500,-0.864187
14.882000,0.952337,0.355144,-1.821363,0.690259,0.324840,-3.163452,3.163452,3.000000,0.762875,0.000000,0.000000,0.000108,0.000389,0.000203,0.272290,0.001451,0.434223,0.278172,0.004963,0.386712,-0.017500,-0.856910
14.893000,0.993555,0.373883,-1.822094,0.731477,0.343580,-3.164183,3.164183,3.000000,0.808150,0.000000,0.000000,-0.000155,0.000016,-0.000274,0.272290,0.001451,0.434226,0.278172,0.004963,0.386712,-0.017500,-0.852914
14.904000,0.980395,0.319153,-1.795670,0.718317,0.288849,-3.137758,3.137758,3.000000,0.774218,0.000000,0.000000,0.000179,0.000287,0.000461,0.272292,0.001452,0.434228,0.278172,0.004963,0.386712,-0.017500,-0.859182
14.915000,0.968440,0.368744,-1.807427,0.706363,0.338440,-3.149516,3.149516,3.000000,0.783256,0.000000,0.000000,0.000070,-0.000487,-0.000156,0.272292,0.001451,0.434228,0.278172,0.004963,0.386712,-0.017500,-0.853960
14.926000,0.957471,0.383726,-1.796002,0.695394,0.353423,-3.138091,3.138091,3.000000,0.780051,0.000000,0.000000,-0.000370,0.000173,-0.000945,0.272290,0.001452,0.434225,0.278172,0.004963,0.386712,-0.017500,-0.847207
14.937000,1.003718,0.346993,-1.798401,0.741641,0.316690,-3.140489,3.140489,3.000000,0.806426,0.000000,0.000000,0.000167,0.000495,-0.000102,0.272293,0.001452,0.434230,0.278172,0.004963,0.386712,-0.017500,-0.854445
14.948000,0.968578,0.373564,-1.784290,0.706501,0.343261,-3.126379,3.126379,3.000000,0.785475,0.000000,0.000000,0.000374,-0.000197,0.000605,0.272293,0.001450,0.434231,0.278172,0.004963,0.386712,-0.017500,-0.860479
14.959000,0.965087,0.347370,-1.774746,0.703010,0.317066,-3.116835,3.116835,3.000000,0.771203,0.000000,0.000000,0.000029,0.000049,0.000057,0.272293,0.001450,0.434232,0.278172,0.004963,0.386712,-0.017500,-0.855832
14.970000,1.001474,0.352143,-1.764305,0.739397,0.321840,-3.106393,3.106393,3.000000,0.806405,0.000000,0.000000,-0.000088,-0.000874,-0.000725,0.272293,0.001449,0.434229,0.278172,0.004963,0.386712,-0.017500,-0.849151
14.981000,1.001034,0.368062,-1.736744,0.738956,0.337758,-3.078833,3.078833,3.000000,0.812488,0.000000,0.000000,0.000019,0.000471,0.000158,0.272293,0.001452,0.434232,0.278172,0.004963,0.386712,-0.017500,-0.856683
14.992000,0.986047,0.352407,-1.757098,0.723969,0.322103,-3.099187,3.099187,3.000000,0.792390,0.000000,0.000000,0.000016,-0.000320,-0.000377,0.272294,0.001450,0.434233,0.278172,0.004963,0.386712,-0.017500,-0.852176
15.003000,0.930316,0.373003,-1.743597,0.668238,0.342700,-3.085686,3.085686,3.000000,0.750990,0.000000,0.000000,-0.000016,0.000143,-0.000149,0.272294,0.001450,0.434233,0.278172,0.004963,0.386712,-0.017500,-0.854117
15.014000,0.946041,0.364333,-1.775735,0.683963,0.334029,-3.117823,3.117823,3.000000,0.761171,0.000000,0.000000,-0.000256,0.000097,0.000212,0.272293,0.001450,0.434236,0.278172,0.004963,0.386712,-0.017500,-0.857220
15.025000,0.960167,0.412170,-1.774629,0.698089,0.381867,-3.116717,3.116717,3.000000,0.795708,0.000000,0.000000,-0.000278,-0.000389,0.000133,0.272294,0.001449,0.434236,0.278172,0.004963,0.386712,-0.017500,-0.856552
15.036000,0.924915,0.417090,-1.765643,0.662837,0.386787,-3.107732,3.107732,3.000000,0.767435,0.000000,0.000000,0.000045,-0.000267,-0.000203,0.272295,0.001450,0.434237,0.278172,0.004963,0.386712,-0.017500,-0.853722
15.047000,0.874521,0.403638,-1.770357,0.612443,0.373335,-3.112446,3.112446,3.000000,0.717263,0.000000,0.000000,0.000018,-0.000173,-0.000773,0.272295,0.001450,0.434236,0.278172,0.004963,0.386712,-0.017500,-0.848860
15.058000,0.897305,0.382222,-1.772942,0.635227,0.351918,-3.115030,3.115030,3.000000,0.726196,0.000000,0.000000,0.000273,0.000438,0.000055,0.272296,0.001451,0.434239,0.278172,0.004963,0.386712,-0.017500,-0.855952
15.069000,0.897433,0.397867,-1.747252,0.635355,0.367563,-3.089341,3.089341,3.000000,0.734016,0.000000,0.000000,-0.000079,0.000244,0.000194,0.272295,0.001452,0.434239,0.278172,0.004963,0.386712,-0.017500,-0.857122
15.080000,0.921468,0.402929,-1.736456,0.659391,0.372626,-3.078545,3.078545,3.000000,0.757395,0.000000,0.000000,0.000010,-0.000505,0.000443,0.272294,0.001449,0.434239,0.278172,0.004963,0.386712,-0.017500,-0.859235
15.091000,0.936001,0.361279,-1.734511,0.673923,0.330975,-3.076600,3.076600,3.000000,0.750811,0.000000,0.000000,0.000284,0.000355,0.000248,0.272296,0.001451,0.434241,0.278172,0.004963,0.386712,-0.017500,-0.857617
15.102000,0.931725,0.392359,-1.747922,0.669647,0.362056,-3.090011,3.090011,3.000000,0.761257,0.000000,0.000000,0.000374,0.000280,0.000718,0.272296,0.001451,0.434241,0.278172,0.004963,0.386712,-0.017500,-0.861610
15.113000,0.958832,0.389460,-1.737198,0.696754,0.359157,-3.079287,3.079287,3.000000,0.783875,0.000000,0.000000,0.000017,0.000451,-0.000312,0.272295,0.001451,0.434239,0.278172,0.004963,0.386712,-0.017500,-0.852833
15.124000,0.919989,0.383926,-1.688598,0.657911,0.353623,-3.030687,3.030687,3.000000,0.746925,0.000000,0.000000,0.000142,0.000288,-0.000660,0.272295,0.001451,0.434238,0.278172,0.004963,0.386712,-0.017500,-0.849857
15.135000,0.962597,0.380846,-1.704723,0.700520,0.350543,-3.046812,3.046812,3.000000,0.783332,0.000000,0.000000,0.000062,0.000468,-0.000521,0.272295,0.001452,0.434238,0.278172,0.004963,0.386712,-0.017500,-0.851037
15.146000,0.938737,0.372038,-1.643924,0.676660,0.341735,-2.986013,2.986013,3.000000,0.758058,0.000000,0.000000,0.000362,0.000035,0.000951,0.272296,0.001452,0.434241,0.278172,0.004963,0.386712,-0.017500,-0.863581
15.157000,1.001217,0.378081,-1.650132,0.739139,0.347778,-2.992220,2.992220,3.000000,0.816870,0.000000,0.000000,0.000158,0.000184,-0.000049,0.272295,0.001451,0.434238,0.278172,0.004963,0.386712,-0.017500,-0.855042
15.168000,1.000578,0.357822,-1.635689,0.738501,0.327519,-2.977778,2.977778,3.000000,0.807869,0.000000,0.000000,0.000427,0.000171,0.000526,0.272296,0.001453,0.434240,0.278172,0.004963,0.386712,-0.017500,-0.859955
15.179000,1.046003,0.338268,-1.626453,0.783925,0.307965,-2.968542,2.968542,3.000000,0.842248,0.000000,0.000000,-0.000291,-0.000075,-0.000104,0.272295,0.001452,0.434237,0.278172,0.004963,0.386712,-0.017500,-0.854568
15.190000,1.013515,0.322869,-1.601272,0.751437,0.292566,-2.943361,2.943361,3.000000,0.806382,0.000000,0.000000,0.000249,-0.000221,-0.000002,0.272295,0.001450,0.434236,0.278172,0.004963,0.386712,-0.017500,-0.855404
15.201000,1.005150,0.323016,-1.580165,0.743073,0.292713,-2.922253,2.922253,3.000000,0.798648,0.000000,0.000000,-0.000327,-0.000110,0.000444,0.272294,0.001453,0.434234,0.278172,0.004963,0.386712,-0.017500,-0.859167
15.212000,1.022622,0.325041,-1.544733,0.760544,0.294738,-2.886821,2.886821,3.000000,0.815658,0.000000,0.000000,0.000296,0.000263,0.000546,0.272295,0.001454,0.434235,0.278172,0.004963,0.386712,-0.017500,-0.860030
15.223000,0.985794,0.316409,-1.485399,0.723717,0.286106,-2.827488,2.827488,3.000000,0.778218,0.000000,0.000000,0.000105,-0.000427,0.000169,0.272295,0.001451,0.434235,0.278172,0.004963,0.386712,-0.017500,-0.856837
15.234000,0.990757,0.296361,-1.424172,0.728680,0.266058,-2.766261,2.766261,3.000000,0.775732,0.000000,0.000000,-0.000334,0.000359,-0.000515,0.272293,0.001454,0.434232,0.278172,0.004963,0.386712,-0.017500,-0.850984
15.245000,1.003153,0.296782,-1.393089,0.741075,0.266478,-2.735178,2.735178,3.000000,0.787530,0.000000,0.000000,-0.000076,-0.000145,-0.000926,0.272293,0.001453,0.434229,0.278172,0.004963,0.386712,-0.017500,-0.847440
15.256000,1.049958,0.258601,-1.371702,0.787880,0.228298,-2.713790,2.713790,3.000000,0.820290,0.000000,0.000000,-0.000072,-0.000221,0.000053,0.272293,0.001454,0.434232,0.278172,0.004963,0.386712,-0.017500,-0.855812
15.267000,1.151575,0.251708,-1.345480,0.889498,0.221405,-2.687569,2.687569,3.000000,0.916639,0.000000,0.000000,-0.000082,-0.000233,0.000239,0.272293,0.001454,0.434232,0.278172,0.004963,0.386712,-0.017500,-0.857386
15.278000,1.120430,0.224076,-1.254692,0.858352,0.193772,-2.596780,2.596780,3.000000,0.879952,0.000000,0.000000,0.000072,0.000488,-0.000642,0.272293,0.001455,0.434231,0.278172,0.004963,0.386712,-0.017500,-0.849883
15.289000,1.140660,0.244059,-1.274313,0.878582,0.213756,-2.616402,2.616402,3.000000,0.904211,0.000000,0.000000,0.000229,-0.000405,0.000042,0.272294,0.001454,0.434231,0.278172,0.004963,0.386712,-0.017500,-0.855688
15.300000,1.139046,0.241486,-1.291799,0.876969,0.211182,-2.633887,2.633887,3.000000,0.902038,0.000000,0.000000,0.000071,0.000016,0.000287,0.272293,0.001454,0.434232,0.278172,0.004963,0.386712,-0.017500,-0.857789
15.311000,1.194268,0.226506,-1.285590,0.932191,0.196203,-2.627679,2.627679,3.000000,0.952615,0.000000,0.000000,-0.000114,0.000456,0.000010,0.272293,0.001455,0.434230,0.278172,0.004963,0.386712,-0.017500,-0.855402
15.322000,1.174025,0.197703,-1.216390,0.911947,0.167400,-2.558479,2.558479,3.000000,0.927184,0.000000,0.000000,-0.000061,0.000416,-0.000000,0.272292,0.001454,0.434229,0.278172,0.004963,0.386712,-0.017500,-0.855299
15.333000,1.187871,0.250846,-1.149799,0.925794,0.220543,-2.491888,2.491888,3.000000,0.951700,0.000000,0.000000,-0.000567,-0.000588,-0.001660,0.272291,0.001452,0.434222,0.278172,0.004963,0.386712,-0.017500,-0.841091
15.344000,1.161811,0.228985,-1.091858,0.899733,0.198682,-2.433947,2.433947,3.000000,0.921409,0.000000,0.000000,-0.000095,0.000029,-0.000232,0.272292,0.001455,0.434222,0.278172,0.004963,0.386712,-0.017500,-0.853202
15.355000,1.180398,0.250311,-1.026834,0.918321,0.220008,-2.368923,2.368923,3.000000,0.944308,0.000000,0.000000,0.000102,-0.000184,0.000541,0.272291,0.001454,0.434223,0.278172,0.004963,0.386712,-0.017500,-0.859777
15.366000,1.245723,0.221306,-0.983631,0.983646,0.191003,-2.325720,2.325720,3.000000,1.002019,0.004908,0.000953,-0.000117,0.000130,-0.000810,0.272291,0.001454,0.434219,0.278182,0.004964,0.386712,-0.017500,-0.848252
15.377000,1.278003,0.213356,-0.886983,1.015926,0.183053,-2.229072,2.229072,3.000000,1.032286,0.004921,0.000887,-0.000140,0.000280,-0.000407,0.272291,0.001454,0.434220,0.278226,0.004973,0.386712,-0.017500,-0.851693
15.388000,1.273131,0.224685,-0.810349,1.011054,0.194382,-2.152438,2.152438,3.000000,1.029570,0.004910,0.000944,-0.000215,0.000230,-0.000931,0.272291,0.001453,0.434219,0.278280,0.004983,0.386712,-0.017500,-0.847212
15.399000,1.296724,0.226550,-0.789541,1.034647,0.196247,-2.131630,2.131630,3.000000,1.053094,0.004912,0.000932,0.000021,-0.000078,-0.000114,0.272291,0.001453,0.434220,0.278334,0.004992,0.386712,-0.017500,-0.854172
15.410000,1.284067,0.250574,-0.805802,1.021989,0.220271,-2.147891,2.147891,3.000000,1.045457,0.004888,0.001053,0.000078,-0.000425,0.000515,0.272291,0.001451,0.434222,0.278388,0.005004,0.386712,-0.017500,-0.859534
15.421000,1.303391,0.252146,-0.764855,1.041314,0.221842,-2.106944,2.106944,3.000000,1.064683,0.004890,0.001042,0.000035,0.000315,-0.000791,0.272291,0.001455,0.434219,0.278442,0.005015,0.386712,-0.017500,-0.848412
15.432000,1.278057,0.250612,-0.733799,1.015979,0.220309,-2.075888,2.075888,3.000000,1.039591,0.004886,0.001060,-0.000196,0.000074,-0.000502,0.272290,0.001454,0.434219,0.278496,0.005027,0.386712,-0.017500,-0.850864
15.443000,1.343265,0.228845,-0.724672,1.081187,0.198542,-2.066761,2.066761,3.000000,1.099266,0.004918,0.000903,-0.000057,-0.000295,-0.000098,0.272290,0.001456,0.434219,0.278549,0.005038,0.386712,-0.017500,-0.854295
15.454000,1.354565,0.197770,-0.693364,1.092488,0.167466,-2.035453,2.035453,3.000000,1.105249,0.004942,0.000758,0.000120,-0.000187,0.000335,0.272290,0.001455,0.434218,0.278604,0.005047,0.386712,-0.017500,-0.857949
15.465000,1.430031,0.174608,-0.684625,1.167953,0.144305,-2.026714,2.026714,3.000000,1.176834,0.004962,0.000613,-0.000536,0.000601,-0.001734,0.272288,0.001458,0.434211,0.278658,0.005054,0.386712,-0.017500,-0.840257
15.476000,1.453850,0.143444,-0.625874,1.191772,0.113141,-1.967963,1.967963,3.000000,1.197131,0.004978,0.000473,-0.000149,-0.000296,0.000166,0.272289,0.001458,0.434215,0.278713,0.005060,0.386532,-0.017680,-0.859702
15.487000,1.412059,0.106353,-0.499260,1.149982,0.076049,-1.841348,1.841348,3.000000,1.152494,0.004989,0.000330,-0.000032,-0.000098,-0.000059,0.272288,0.001458,0.434211,0.278768,0.005063,0.386312,-0.017900,-0.861680
15.498000,1.529396,0.060626,-0.456426,1.267319,0.030323,-1.798514,1.798514,3.000000,1.267682,0.004999,0.000120,0.000136,-0.000197,0.000056,0.272288,0.001459,0.434210,0.278823,0.005066,0.386092,-0.018120,-0.866585
15.509000,1.466182,0.021845,-0.406847,1.204104,-0.008459,-1.748936,1.748936,3.000000,1.204134,0.005000,-0.000035,-0.000220,-0.000258,0.000318,0.272287,0.001459,0.434207,0.278878,0.005067,0.385872,-0.018340,-0.872726
15.520000,1.450421,0.004427,-0.310832,1.188344,-0.025876,-1.652921,1.652921,3.000000,1.188625,0.004999,-0.000109,-0.000338,0.000177,-0.000596,0.272286,0.001461,0.434202,0.278933,0.005066,0.385652,-0.018560,-0.868832
15.531000,1.436901,0.010671,-0.202391,1.174823,-0.019632,-1.544480,1.544480,3.000000,1.174987,0.004999,-0.000084,-0.000007,0.000243,-0.000289,0.272285,0.001461,0.434200,0.278988,0.005065,0.385432,-0.018780,-0.875363
15.542000,1.527331,-0.052787,-0.140625,1.265253,-0.083090,-1.482713,1.482713,3.000000,1.267979,0.004989,-0.000328,-0.000084,0.000228,-0.000884,0.272285,0.001462,0.434196,0.279043,0.005062,0.385212,-0.019000,-0.874203
15.553000,1.555325,-0.051192,-0.062814,1.293247,-0.081496,-1.404903,1.404903,3.000000,1.295813,0.004990,-0.000314,-0.000086,0.000586,0.000159,0.272284,0.001464,0.434193,0.279097,0.005059,0.384992,-0.019220,-0.886952
15.564000,1.567962,-0.130312,0.038877,1.305884,-0.160615,-1.303212,1.303212,3.000000,1.315725,0.004963,-0.000610,0.000032,0.000536,0.000306,0.272284,0.001465,0.434192,0.279152,0.005054,0.384772,-0.019440,-0.892150
15.575000,1.639707,-0.163697,0.132416,1.377629,-0.194000,-1.209673,1.209673,3.000000,1.391222,0.004951,-0.000697,0.000171,-0.000257,0.000446,0.272283,0.001465,0.434189,0.279207,0.005046,0.384552,-0.019660,-0.897249
15.586000,1.648041,-0.189501,0.194504,1.385964,-0.219804,-1.147584,1.147584,3.000000,1.403285,0.004938,-0.000783,0.000025,0.000111,-0.000177,0.272281,0.001468,0.434183,0.279261,0.005038,0.384332,-0.019880,-0.895801
15.597000,1.662963,-0.228703,0.302943,1.400886,-0.259006,-1.039146,1.039146,3.000000,1.424628,0.004917,-0.000909,0.000117,-0.000440,0.000714,0.272282,0.001467,0.434183,0.279315,0.005029,0.384112,-0.020100,-0.907326
15.608000,1.700618,-0.286001,0.341603,1.438540,-0.316304,-1.000485,1.000485,3.000000,1.472904,0.004883,-0.001074,0.000323,0.000126,-0.000301,0.272281,0.001470,0.434179,0.279369,0.005018,0.383892,-0.020320,-0.902602
15.619000,1.635615,-0.363882,0.427100,1.373537,-0.394185,-0.914988,0.914988,3.000000,1.428981,0.004806,-0.001379,-0.000222,0.000253,-0.000277,0.272281,0.001471,0.434176,0.279422,0.005004,0.383892,-0.020320,-0.902757
15.630000,1.649912,-0.441532,0.417710,1.387834,-0.471835,-0.924379,0.924379,3.000000,1.465849,0.004734,-0.001609,0.000213,0.000272,0.000519,0.272281,0.001471,0.434176,0.279475,0.004987,0.383892,-0.020320,-0.909520
15.641000,1.662966,-0.453823,0.451816,1.400888,-0.484126,-0.890273,0.890273,3.000000,1.482183,0.004726,-0.001633,0.000012,-0.000226,0.000641,0.272279,0.001471,0.434175,0.279527,0.004970,0.383892,-0.020320,-0.910526
15.652000,1.656273,-0.505749,0.506260,1.394196,-0.536053,-0.835829,0.835829,3.000000,1.493698,0.004667,-0.001794,-0.000336,0.000403,-0.000050,0.272278,0.001474,0.434172,0.279579,0.004951,0.383892,-0.020320,-0.904611
15.663000,1.623198,-0.559054,0.504686,1.361121,-0.589357,-0.837403,0.837403,3.000000,1.483237,0.004588,-0.001987,-0.000373,0.000012,-0.000800,0.272279,0.001473,0.434171,0.279630,0.004930,0.383892,-0.020320,-0.898219
15.674000,1.598014,-0.565242,0.580099,1.335937,-0.595545,-0.761989,0.761989,3.000000,1.462669,0.004567,-0.002036,-0.000179,-0.000175,-0.000063,0.272279,0.001473,0.434171,0.279680,0.004908,0.383892,-0.020320,-0.904478
15.685000,1.596694,-0.614379,0.561534,1.334616,-0.644682,-0.780554,0.780554,3.000000,1.482166,0.004502,-0.002175,-0.000138,0.000304,0.000384,0.272278,0.001473,0.434172,0.279730,0.004885,0.383892,-0.020320,-0.908288
15.696000,1.614425,-0.586232,0.567153,1.352348,-0.616535,-0.774936,0.774936,3.000000,1.486257,0.004550,-0.002074,0.000061,0.000522,0.000755,0.272278,0.001474,0.434171,0.279779,0.004861,0.383892,-0.020320,-0.911416
15.707000,1.594911,-0.623192,0.589622,1.332834,-0.653496,-0.752466,0.752466,3.000000,1.484420,0.004489,-0.002201,-0.000595,0.000047,-0.000988,0.272278,0.001473,0.434166,0.279829,0.004838,0.383892,-0.020320,-0.896551
15.718000,1.635902,-0.586816,0.661006,1.373825,-0.617119,-0.681083,0.681083,3.000000,1.506065,0.004561,-0.002049,-0.000519,0.000033,-0.000966,0.272276,0.001473,0.434164,0.279879,0.004815,0.383892,-0.020320,-0.896690
15.729000,1.591242,-0.598671,0.696545,1.329164,-0.628975,-0.645543,0.645543,3.000000,1.470472,0.004520,-0.002139,-0.000318,0.000029,-0.000567,0.272276,0.001473,0.434163,0.279929,0.004792,0.383892,-0.020320,-0.900062
15.740000,1.607164,-0.591043,0.707802,1.345086,-0.621346,-0.634286,0.634286,3.000000,1.481664,0.004539,-0.002097,-0.000058,-0.000005,0.000076,0.272276,0.001473,0.434161,0.279979,0.004769,0.383892,-0.020320,-0.905487
15.751000,1.637011,-0.565603,0.726218,1.374933,-0.595906,-0.615870,0.615870,3.000000,1.498515,0.004588,-0.001988,-0.000090,-0.000717,-0.000484,0.272274,0.001472,0.434154,0.280029,0.004746,0.383892,-0.020320,-0.900597
15.762000,1.611915,-0.600236,0.794954,1.349838,-0.630540,-0.547135,0.547135,3.000000,1.489846,0.004530,-0.002116,0.000114,-0.000014,-0.000170,0.272274,0.001473,0.434150,0.280079,0.004724,0.383892,-0.020320,-0.903200
15.773000,1.659180,-0.597818,0.851733,1.397102,-0.628121,-0.490355,0.490355,3.000000,1.531807,0.004560,-0.002050,-0.000119,-0.000234,-0.000041,0.272271,0.001472,0.434145,0.280129,0.004701,0.383892,-0.020320,-0.904196
15.784000,1.655810,-0.611746,0.874217,1.393733,-0.642050,-0.467872,0.467872,3.000000,1.534509,0.004541,-0.002092,-0.000405,-0.000349,-0.002209,0.272267,0.001472,0.434128,0.280179,0.004678,0.383892,-0.020320,-0.885495
15.795000,1.582385,-0.640197,0.812565,1.320308,-0.670500,-0.529523,0.529523,3.000000,1.480805,0.004458,-0.002264,-0.001158,0.000218,-0.003571,0.272259,0.001473,0.434100,0.280229,0.004654,0.383892,-0.020320,-0.873447
15.806000,1.555341,-0.634112,0.791367,1.293264,-0.664415,-0.550722,0.550722,3.000000,1.453953,0.004447,-0.002285,-0.000876,0.000217,-0.002890,0.272248,0.001472,0.434066,0.280278,0.004629,0.383892,-0.020320,-0.878612
15.817000,1.607801,-0.651201,0.883889,1.345724,-0.681505,-0.458199,0.458199,3.000000,1.508450,0.004461,-0.002259,-0.001096,0.000360,-0.003593,0.272238,0.001470,0.434032,0.280327,0.004604,0.383892,-0.020320,-0.872022
15.828000,1.667297,-0.670112,0.886816,1.405220,-0.700416,-0.455272,0.455272,3.000000,1.570103,0.004475,-0.002230,-0.000852,-0.000223,-0.003839,0.272229,0.001468,0.433995,0.280376,0.004579,0.383892,-0.020320,-0.869266
15.839000,1.657794,-0.677847,0.929734,1.395716,-0.708150,-0.412355,0.412355,3.000000,1.565088,0.004459,-0.002262,-0.001270,-0.000619,-0.003892,0.272217,0.001465,0.433956,0.280425,0.004554,0.383892,-0.020320,-0.868123
15.850000,1.649175,-0.645136,0.940103,1.387097,-0.675439,-0.401986,0.401986,3.000000,1.542808,0.004495,-0.002189,-0.000847,-0.000735,-0.003066,0.272209,0.001464,0.433918,0.280474,0.004530,0.383892,-0.020320,-0.874456
15.861000,1.556449,-0.653149,0.980869,1.294371,-0.683453,-0.361220,0.361220,3.000000,1.463730,0.004421,-0.002335,-0.000779,-0.000266,-0.004427,0.272197,0.001463,0.433874,0.280523,0.004505,0.383892,-0.020320,-0.862115
15.872000,1.542994,-0.682982,0.997333,1.280917,-0.713285,-0.344756,0.344756,3.000000,1.466125,0.004368,-0.002433,-0.001205,-0.000727,-0.004463,0.272184,0.001460,0.433834,0.280572,0.004479,0.383892,-0.020320,-0.861082
15.883000,1.579221,-0.650512,1.015358,1.317143,-0.680815,-0.326730,0.326730,3.000000,1.482692,0.004442,-0.002296,-0.001084,-0.001234,-0.003959,0.272172,0.001457,0.433790,0.280620,0.004453,0.383892,-0.020320,-0.864571
15.894000,1.604787,-0.657858,1.029630,1.342709,-0.688161,-0.312459,0.312459,3.000000,1.508785,0.004450,-0.002281,-0.001484,-0.000211,-0.004950,0.272159,0.001457,0.433742,0.280669,0.004428,0.383892,-0.020320,-0.855298
15.905000,1.572440,-0.671976,1.046588,1.310363,-0.702279,-0.295500,0.295500,3.000000,1.486690,0.004407,-0.002362,-0.001193,-0.000173,-0.004018,0.272146,0.001455,0.433698,0.280718,0.004402,0.383892,-0.020320,-0.862405
15.916000,1.645196,-0.689929,1.049367,1.383119,-0.720232,-0.292721,0.292721,3.000000,1.559408,0.004435,-0.002309,-0.000994,-0.000099,-0.003846,0.272134,0.001453,0.433652,0.280767,0.004377,0.383892,-0.020320,-0.863048
15.927000,1.545824,-0.676616,1.011696,1.283746,-0.706919,-0.330393,0.330393,3.000000,1.465516,0.004380,-0.002412,-0.001163,-0.000354,-0.004074,0.272119,0.001451,0.433604,0.280815,0.004351,0.383892,-0.020320,-0.860237
15.938000,1.541837,-0.656102,1.071598,1.279759,-0.686405,-0.270490,0.270490,3.000000,1.452217,0.004406,-0.002363,-0.001493,-0.000342,-0.004892,0.272105,0.001448,0.433554,0.280863,0.004324,0.383892,-0.020320,-0.852405
15.949000,1.589648,-0.656508,1.074741,1.327571,-0.686811,-0.267348,0.267348,3.000000,1.494709,0.004441,-0.002297,-0.001056,-0.000540,-0.004027,0.272093,0.001446,0.433508,0.280912,0.004299,0.383892,-0.020320,-0.858901
15.960000,1.563302,-0.649857,1.099005,1.301225,-0.680160,-0.243083,0.243083,3.000000,1.468265,0.004431,-0.002316,-0.001243,0.000262,-0.003717,0.272079,0.001445,0.433461,0.280961,0.004274,0.383892,-0.020320,-0.860703
15.971000,1.521060,-0.636257,1.142951,1.258983,-0.666560,-0.199138,0.199138,3.000000,1.424549,0.004419,-0.002340,-0.000952,0.000435,-0.004165,0.272068,0.001443,0.433412,0.281009,0.004248,0.383892,-0.020320,-0.856020
15.982000,1.528318,-0.627945,1.107632,1.266241,-0.658249,-0.234456,0.234456,3.000000,1.427115,0.004436,-0.002306,-0.000756,0.000075,-0.003994,0.272056,0.001442,0.433370,0.281058,0.004222,0.383892,-0.020320,-0.856709
15.993000,1.369784,-0.619880,1.108113,1.107707,-0.650183,-0.233975,0.233975,3.000000,1.284427,0.004312,-0.002531,-0.001021,-0.000394,-0.003199,0.272044,0.001437,0.433327,0.281106,0.004195,0.383892,-0.020320,-0.862676
16.004000,1.412325,-0.603972,1.124241,1.150248,-0.634275,-0.217847,0.217847,3.000000,1.313536,0.004378,-0.002414,-0.000836,0.000228,-0.002770,0.272033,0.001436,0.433288,0.281154,0.004169,0.383892,-0.020320,-0.865628
16.014000,1.356395,-0.611150,1.112195,1.094318,-0.641453,-0.229894,0.229894,3.000000,1.268461,0.004314,-0.002528,-0.000911,-0.000287,-0.002898,0.272023,0.001434,0.433254,0.281197,0.004143,0.383892,-0.020320,-0.863921
16.024000,1.283110,-0.583772,1.097426,1.021033,-0.614075,-0.244663,0.244663,3.000000,1.191468,0.004285,-0.002577,-0.000447,0.000142,-0.002045,0.272016,0.001435,0.433227,0.281240,0.004118,0.383892,-0.020320,-0.870678
16.034000,1.277079,-0.571409,1.079928,1.015001,-0.601712,-0.262161,0.262161,3.000000,1.179951,0.004301,-0.002550,-0.000537,-0.000189,-0.001800,0.272009,0.001433,0.433204,0.281283,0.004092,0.383892,-0.020320,-0.872341
16.044000,1.325556,-0.596343,1.056278,1.063478,-0.626647,-0.285811,0.285811,3.000000,1.234371,0.004308,-0.002538,-0.000268,0.000020,-0.001199,0.272004,0.001432,0.433188,0.281326,0.004067,0.383892,-0.020320,-0.877143
16.054000,1.253357,-0.578410,1.101001,0.991280,-0.608713,-0.241088,0.241088,3.000000,1.163257,0.004261,-0.002616,-0.000604,-0.000277,-0.002053,0.271999,0.001431,0.433171,0.281369,0.004041,0.383892,-0.020320,-0.869601
16.064000,1.292849,-0.574886,1.083114,1.030772,-0.605190,-0.258975,0.258975,3.000000,1.195301,0.004312,-0.002532,0.000282,0.000034,-0.000038,0.271998,0.001430,0.433163,0.281412,0.004016,0.383892,-0.020320,-0.886556
16.074000,1.301917,-0.590277,1.000261,1.039840,-0.620580,-0.341827,0.341827,3.000000,1.210945,0.004294,-0.002562,-0.000202,-0.000373,-0.000172,0.271995,0.001429,0.433156,0.281455,0.003990,0.383892,-0.020320,-0.885289
16.084000,1.262705,-0.583821,0.997417,1.000628,-0.614124,-0.344671,0.344671,3.000000,1.174055,0.004261,-0.002615,-0.000007,0.000430,-0.000355,0.271994,0.001432,0.433151,0.281498,0.003965,0.383892,-0.020320,-0.883644
16.094000,1.279265,-0.583907,0.983590,1.017187,-0.614210,-0.358499,0.358499,3.000000,1.188244,0.004280,-0.002585,-0.000094,-0.000277,0.000165,0.271994,0.001429,0.433150,0.281541,0.003938,0.383892,-0.020320,-0.888032
16.104000,1.284857,-0.584373,0.991117,1.022779,-0.614676,-0.350972,0.350972,3.000000,1.193274,0.004286,-0.002576,0.000010,0.000440,-0.000175,0.271993,0.001432,0.433147,0.281584,0.003913,0.383892,-0.020320,-0.885094
16.114000,1.234799,-0.607860,1.008830,0.972722,-0.638164,-0.333258,0.333258,3.000000,1.163374,0.004181,-0.002743,-0.000503,-0.000351,-0.000967,0.271991,0.001431,0.433147,0.281626,0.003886,0.383892,-0.020320,-0.878374
16.124000,1.210816,-0.575780,1.048999,0.948739,-0.606083,-0.293089,0.293089,3.000000,1.125807,0.004214,-0.002692,-0.000230,0.000987,-0.000548,0.271992,0.001433,0.433145,0.281668,0.003859,0.383892,-0.020320,-0.881904
16.134000,1.216895,-0.613095,1.040111,0.954818,-0.643398,-0.301977,0.301977,3.000000,1.151364,0.004146,-0.002794,0.000038,0.000294,-0.000120,0.271992,0.001432,0.433146,0.281710,0.003831,0.383892,-0.020320,-0.885550
16.144000,1.236377,-0.594833,1.019904,0.974299,-0.625136,-0.322184,0.322184,3.000000,1.157607,0.004208,-0.002700,0.000365,-0.000231,0.000314,0.271993,0.001431,0.433147,0.281752,0.003804,0.383892,-0.020320,-0.889256
16.154000,1.272320,-0.601745,1.015112,1.010243,-0.632049,-0.326977,0.326977,3.000000,1.191669,0.004239,-0.002652,0.000030,-0.000268,0.000232,0.271993,0.001431,0.433148,0.281794,0.003777,0.383892,-0.020320,-0.888579
16.164000,1.263580,-0.623523,1.011390,1.001502,-0.653826,-0.330698,0.330698,3.000000,1.196033,0.004187,-0.002733,0.000134,-0.000042,0.000091,0.271993,0.001431,0.433148,0.281836,0.003750,0.383892,-0.020320,-0.887368
16.174000,1.237103,-0.638298,1.009329,0.975026,-0.668602,-0.332760,0.332760,3.000000,1.182245,0.004124,-0.002828,-0.000125,0.000265,0.000626,0.271993,0.001430,0.433148,0.281878,0.003723,0.383892,-0.020320,-0.891918
16.184000,1.172664,-0.598469,0.998318,0.910587,-0.628772,-0.343771,0.343771,3.000000,1.106581,0.004114,-0.002841,-0.000330,0.000342,-0.000911,0.271992,0.001432,0.433145,0.281919,0.003695,0.383892,-0.020320,-0.878826
16.194000,1.186487,-0.629679,0.997733,0.924410,-0.659982,-0.344355,0.344355,3.000000,1.135830,0.004069,-0.002905,-0.000096,0.000468,-0.000009,0.271992,0.001432,0.433147,0.281960,0.003666,0.383892,-0.020320,-0.886503
16.204000,1.164847,-0.645795,0.988865,0.902770,-0.676098,-0.353224,0.353224,3.000000,1.127875,0.004002,-0.002997,-0.000245,0.000376,-0.000555,0.271992,0.001432,0.433146,0.282000,0.003636,0.383892,-0.020320,-0.881849
16.214000,1.201922,-0.621239,0.961112,0.939844,-0.651542,-0.380977,0.380977,3.000000,1.143597,0.004109,-0.002849,-0.000303,0.000326,-0.000115,0.271992,0.001432,0.433145,0.282041,0.003607,0.383892,-0.020320,-0.885569
16.224000,1.218752,-0.646808,0.956848,0.956674,-0.677111,-0.385240,0.385240,3.000000,1.172051,0.004081,-0.002889,-0.000249,-0.000097,-0.000390,0.271992,0.001431,0.433145,0.282082,0.003579,0.383892,-0.020320,-0.883243
16.234000,1.245132,-0.659451,0.955801,0.983055,-0.689754,-0.386288,0.386288,3.000000,1.200899,0.004093,-0.002872,0.000178,0.000339,0.000586,0.271992,0.001432,0.433147,0.282123,0.003550,0.383892,-0.020320,-0.891546
16.244000,1.212280,-0.638260,0.969815,0.950202,-0.668564,-0.372274,0.372274,3.000000,1.161835,0.004089,-0.002877,-0.000137,-0.000357,0.000442,0.271992,0.001431,0.433147,0.282163,0.003521,0.383892,-0.020320,-0.890332
16.254000,1.188140,-0.632111,0.973938,0.926063,-0.662414,-0.368150,0.368150,3.000000,1.138589,0.004067,-0.002909,0.000417,-0.000232,0.000323,0.271993,0.001431,0.433146,0.282204,0.003492,0.383892,-0.020320,-0.889296
16.264000,1.191379,-0.661566,1.003730,0.929302,-0.691869,-0.338358,0.338358,3.000000,1.158570,0.004011,-0.002986,0.000495,0.000437,0.000585,0.271993,0.001432,0.433147,0.282245,0.003462,0.383892,-0.020320,-0.891538
16.274000,1.204318,-0.659616,0.992658,0.942241,-0.689919,-0.349431,0.349431,3.000000,1.167821,0.004034,-0.002954,0.000196,0.000151,0.000257,0.271992,0.001432,0.433146,0.282285,0.003433,0.383892,-0.020320,-0.888744
16.284000,1.220187,-0.665668,1.028735,0.958110,-0.695971,-0.313354,0.313354,3.000000,1.184209,0.004045,-0.002939,0.000029,0.000925,-0.000839,0.271992,0.001433,0.433142,0.282325,0.003403,0.383892,-0.020320,-0.879382
16.294000,1.161926,-0.663586,1.001258,0.899849,-0.693889,-0.340831,0.340831,3.000000,1.136314,0.003960,-0.003053,-0.000164,-0.000167,0.000427,0.271992,0.001432,0.433145,0.282365,0.003373,0.383892,-0.020320,-0.890175
16.304000,1.270808,-0.664241,0.926344,1.008730,-0.694544,-0.415745,0.415745,3.000000,1.224716,0.004118,-0.002836,0.000053,-0.000151,-0.000169,0.271992,0.001431,0.433143,0.282406,0.003344,0.383892,-0.020320,-0.885081
16.314000,1.269710,-0.671104,0.938699,1.007633,-0.701408,-0.403389,0.403389,3.000000,1.227720,0.004104,-0.002857,-0.000185,0.000419,-0.000092,0.271991,0.001433,0.433145,0.282447,0.003315,0.383892,-0.020320,-0.885773
16.324000,1.228628,-0.698139,0.979939,0.966551,-0.728442,-0.362150,0.362150,3.000000,1.210309,0.003993,-0.003009,-0.000268,-0.000351,-0.000464,0.271992,0.001432,0.433144,0.282487,0.003286,0.383892,-0.020320,-0.882599
16.334000,1.204352,-0.668502,0.985885,0.942275,-0.698805,-0.356203,0.356203,3.000000,1.173120,0.004016,-0.002978,-0.000169,-0.000280,-0.000647,0.271991,0.001431,0.433144,0.282527,0.003256,0.383892,-0.020320,-0.881046
16.344000,1.227763,-0.665418,0.999816,0.965686,-0.695721,-0.342273,0.342273,3.000000,1.190200,0.004057,-0.002923,0.000117,0.000217,-0.000733,0.271993,0.001432,0.433144,0.282568,0.003227,0.383892,-0.020320,-0.880315
16.354000,1.188744,-0.653089,0.985603,0.926666,-0.683393,-0.356485,0.356485,3.000000,1.151406,0.004024,-0.002968,-0.000251,0.000586,-0.000479,0.271991,0.001434,0.433143,0.282608,0.003197,0.383892,-0.020320,-0.882454
16.364000,1.189282,-0.671261,0.956463,0.927204,-0.701564,-0.385625,0.385625,3.000000,1.162712,0.003987,-0.003017,0.000020,0.000130,0.000617,0.271992,0.001433,0.433147,0.282648,0.003167,0.383892,-0.020320,-0.891819
16.374000,1.221290,-0.650809,0.948287,0.959212,-0.681113,-0.393802,0.393802,3.000000,1.176436,0.004077,-0.002895,0.000113,-0.000155,0.000049,0.271992,0.001432,0.433144,0.282688,0.003138,0.383892,-0.020320,-0.886953
16.384000,1.194141,-0.659303,0.961959,0.932063,-0.689606,-0.380129,0.380129,3.000000,1.159439,0.004019,-0.002974,-0.000179,-0.000074,-0.000539,0.271991,0.001432,0.433143,0.282729,0.003108,0.383892,-0.020320,-0.881934
16.394000,1.210493,-0.648741,0.961429,0.948416,-0.679044,-0.380659,0.380659,3.000000,1.166445,0.004065,-0.002911,0.000069,0.000284,-0.000293,0.271991,0.001433,0.433143,0.282769,0.003079,0.383892,-0.020320,-0.884018
16.404000,1.265851,-0.676888,0.955542,1.003774,-0.707191,-0.386546,0.386546,3.000000,1.227877,0.004087,-0.002880,0.000145,0.000563,0.000327,0.271992,0.001434,0.433144,0.282810,0.003050,0.383892,-0.020320,-0.889308
16.414000,1.216325,-0.679665,0.966609,0.954247,-0.709968,-0.375480,0.375480,3.000000,1.189387,0.004012,-0.002985,0.000004,0.000358,-0.000508,0.271991,0.001433,0.433142,0.282850,0.003020,0.383892,-0.020320,-0.882189
16.424000,1.212135,-0.675753,0.990270,0.950058,-0.706056,-0.351819,0.351819,3.000000,1.183691,0.004013,-0.002982,-0.000121,-0.000289,-0.000303,0.271992,0.001432,0.433143,0.282890,0.002990,0.383892,-0.020320,-0.883951
16.434000,1.226845,-0.661344,0.968709,0.964767,-0.691647,-0.373380,0.373380,3.000000,1.187077,0.004064,-0.002913,-0.000365,-0.000358,-0.000578,0.271991,0.001431,0.433143,0.282931,0.002961,0.383892,-0.020320,-0.881612
16.444000,1.241021,-0.672518,0.967773,0.978944,-0.702821,-0.374315,0.374315,3.000000,1.205109,0.004062,-0.002916,-0.000260,0.000175,-0.000428,0.271991,0.001432,0.433143,0.282971,0.002932,0.383892,-0.020320,-0.882882
16.454000,1.212719,-0.681522,0.972174,0.950641,-0.711825,-0.369915,0.369915,3.000000,1.187608,0.004002,-0.002997,0.000040,-0.000312,0.000394,0.271991,0.001432,0.433144,0.283011,0.002902,0.383892,-0.020320,-0.889875
16.464000,1.253417,-0.667779,0.952640,0.991340,-0.698083,-0.389449,0.389449,3.000000,1.212466,0.004088,-0.002879,-0.000043,-0.000735,0.000102,0.271991,0.001431,0.433144,0.283052,0.002872,0.383892,-0.020320,-0.887398
16.474000,1.257784,-0.694727,0.956787,0.995707,-0.725031,-0.385301,0.385301,3.000000,1.231707,0.004042,-0.002943,-0.000143,0.000022,-0.000259,0.271991,0.001432,0.433144,0.283093,0.002843,0.383892,-0.020320,-0.884327
16.484000,1.225996,-0.676327,0.994912,0.963918,-0.706630,-0.347176,0.347176,3.000000,1.195184,0.004033,-0.002956,-0.000282,-0.000044,-0.000425,0.271991,0.001434,0.433143,0.283133,0.002814,0.383892,-0.020320,-0.882905
16.494000,1.252510,-0.708138,0.996621,0.990433,-0.738441,-0.345467,0.345467,3.000000,1.235416,0.004008,-0.002989,0.000212,-0.000061,-0.000090,0.271992,0.001433,0.433142,0.283173,0.002784,0.383892,-0.020320,-0.885738
16.504000,1.175456,-0.675708,0.958429,0.913378,-0.706012,-0.383659,0.383659,3.000000,1.154432,0.003956,-0.003058,0.000291,0.000250,0.001340,0.271992,0.001433,0.433147,0.283213,0.002754,0.383892,-0.020320,-0.897948
16.514000,1.223868,-0.666107,0.952436,0.961791,-0.696410,-0.389652,0.389652,3.000000,1.187446,0.004050,-0.002932,0.000085,0.000361,0.000082,0.271992,0.001432,0.433143,0.283253,0.002724,0.383892,-0.020320,-0.887201
16.524000,1.247711,-0.669737,0.955242,0.985634,-0.700040,-0.386847,0.386847,3.000000,1.208938,0.004076,-0.002895,0.000254,0.000043,0.000306,0.271991,0.001433,0.433143,0.283294,0.002695,0.383892,-0.020320,-0.889101
16.534000,1.133809,-0.660872,1.044529,0.871732,-0.691175,-0.297559,0.297559,3.000000,1.112492,0.003918,-0.003106,-0.000064,-0.000235,-0.001456,0.271992,0.001433,0.433141,0.283334,0.002665,0.383892,-0.020320,-0.874132
16.544000,1.106325,-0.670215,1.050734,0.844247,-0.700518,-0.291355,0.291355,3.000000,1.097032,0.003848,-0.003193,-0.000399,0.000242,0.000041,0.271991,0.001433,0.433145,0.283373,0.002633,0.383892,-0.020320,-0.886898
16.554000,1.202447,-0.694674,0.971650,0.940370,-0.724977,-0.370438,0.370438,3.000000,1.187386,0.003960,-0.003053,-0.000014,0.000249,0.000236,0.271991,0.001432,0.433143,0.283412,0.002602,0.383892,-0.020320,-0.888521
16.564000,1.216423,-0.694361,0.956477,0.954345,-0.724664,-0.385612,0.385612,3.000000,1.198296,0.003982,-0.003024,0.000236,-0.000534,0.000094,0.271992,0.001432,0.433144,0.283452,0.002572,0.383892,-0.020320,-0.887337
16.574000,1.235201,-0.691989,0.990386,0.973123,-0.722293,-0.351703,0.351703,3.000000,1.211889,0.004015,-0.002980,0.000055,0.000108,-0.000243,0.271991,0.001433,0.433144,0.283492,0.002542,0.383892,-0.020320,-0.884474
16.584000,1.217702,-0.715388,1.004974,0.955625,-0.745692,-0.337114,0.337114,3.000000,1.212136,0.003942,-0.003076,-0.000309,0.000043,-0.000563,0.271991,0.001432,0.433143,0.283532,0.002512,0.383892,-0.020320,-0.881729
16.594000,1.276206,-0.719196,1.004617,1.014129,-0.749499,-0.337472,0.337472,3.000000,1.261034,0.004021,-0.002972,-0.000140,-0.000287,-0.001275,0.271991,0.001432,0.433142,0.283571,0.002482,0.383892,-0.020320,-0.875670
16.604000,1.238268,-0.698559,0.989700,0.976191,-0.728862,-0.352389,0.352389,3.000000,1.218273,0.004006,-0.002991,-0.000231,0.000153,0.000185,0.271991,0.001432,0.433144,0.283612,0.002452,0.383892,-0.020320,-0.888107
16.614000,1.301735,-0.696983,0.925322,1.039657,-0.727287,-0.416766,0.416766,3.000000,1.268792,0.004097,-0.002866,0.000404,0.000080,0.000588,0.271992,0.001434,0.433145,0.283652,0.002423,0.383892,-0.020320,-0.891537
16.624000,1.247236,-0.684903,0.956768,0.985159,-0.715207,-0.385320,0.385320,3.000000,1.217398,0.004046,-0.002937,-0.000033,-0.000489,-0.000353,0.271991,0.001433,0.433141,0.283693,0.002394,0.383892,-0.020320,-0.883482
16.634000,1.255496,-0.690561,0.927682,0.993419,-0.720865,-0.414406,0.414406,3.000000,1.227406,0.004047,-0.002937,-0.000119,-0.000259,0.000246,0.271991,0.001433,0.433142,0.283733,0.002365,0.383892,-0.020320,-0.888585
16.644000,1.217158,-0.700991,0.956239,0.955081,-0.731294,-0.385850,0.385850,3.000000,1.202901,0.003970,-0.003040,0.000090,0.000609,-0.001074,0.271992,0.001434,0.433140,0.283774,0.002335,0.383892,-0.020320,-0.877343
16.654000,1.227443,-0.719751,0.971056,0.965366,-0.750054,-0.371032,0.371032,3.000000,1.222502,0.003948,-0.003068,0.000197,0.000213,-0.000564,0.271991,0.001433,0.433141,0.283813,0.002304,0.383892,-0.020320,-0.881692
16.664000,1.250530,-0.682387,0.931247,0.988453,-0.712690,-0.410842,0.410842,3.000000,1.218591,0.004056,-0.002924,-0.000024,0.000082,0.000120,0.271991,0.001433,0.433142,0.283852,0.002274,0.383892,-0.020320,-0.887514
16.674000,1.260788,-0.657046,0.929738,0.998710,-0.687349,-0.412351,0.412351,3.000000,1.212382,0.004119,-0.002835,0.000088,-0.000405,0.000453,0.271991,0.001433,0.433143,0.283894,0.002245,0.383892,-0.020320,-0.890354
16.684000,1.260026,-0.686401,0.960400,0.997948,-0.716704,-0.381689,0.381689,3.000000,1.228644,0.004061,-0.002917,-0.000161,-0.000384,-0.000046,0.271992,0.001433,0.433144,0.283934,0.002216,0.383892,-0.020320,-0.886137
16.694000,1.218835,-0.663002,0.975909,0.956758,-0.693305,-0.366180,0.366180,3.000000,1.181549,0.004049,-0.002934,0.000098,0.000178,-0.000159,0.271991,0.001433,0.433144,0.283975,0.002187,0.383892,-0.020320,-0.885176
16.704000,1.204224,-0.688740,0.961507,0.942146,-0.719043,-0.380582,0.380582,3.000000,1.185185,0.003975,-0.003033,-0.000071,0.000102,-0.000465,0.271991,0.001433,0.433144,0.284015,0.002157,0.383892,-0.020320,-0.882590
16.714000,1.244275,-0.700334,0.905926,0.982198,-0.730637,-0.436163,0.436163,3.000000,1.224150,0.004012,-0.002984,0.000005,-0.000429,0.000318,0.271991,0.001432,0.433146,0.284055,0.002127,0.383892,-0.020320,-0.889269
16.724000,1.211120,-0.671189,0.908836,0.949043,-0.701493,-0.433253,0.433253,3.000000,1.180158,0.004021,-0.002972,0.000198,-0.000939,-0.000077,0.271992,0.001431,0.433144,0.284095,0.002097,0.383892,-0.020320,-0.885886
16.734000,1.227220,-0.662346,0.876653,0.965142,-0.692649,-0.465435,0.465435,3.000000,1.187966,0.004062,-0.002915,0.000142,-0.000326,-0.000474,0.271992,0.001433,0.433144,0.284135,0.002068,0.383892,-0.020320,-0.882509
16.744000,1.208013,-0.700021,0.871263,0.945935,-0.730324,-0.470825,0.470825,3.000000,1.195059,0.003958,-0.003056,0.000748,-0.000159,0.000323,0.271993,0.001432,0.433145,0.284176,0.002038,0.383892,-0.020320,-0.889291
16.754000,1.186219,-0.684334,0.904250,0.924141,-0.714637,-0.437839,0.437839,3.000000,1.168222,0.003955,-0.003059,-0.000566,-0.000119,-0.000787,0.271991,0.001432,0.433143,0.284215,0.002007,0.383892,-0.020320,-0.879838
16.764000,1.212450,-0.696805,0.897235,0.950373,-0.727109,-0.444854,0.444854,3.000000,1.196618,0.003971,-0.003038,-0.000368,0.000276,-0.000243,0.271991,0.001433,0.433144,0.284255,0.001976,0.383892,-0.020320,-0.884466
16.774000,1.207398,-0.691004,0.888864,0.945320,-0.721307,-0.453225,0.453225,3.000000,1.189081,0.003975,-0.003033,0.000481,0.000393,0.000161,0.271992,0.001435,0.433144,0.284295,0.001946,0.383892,-0.020320,-0.887887
16.784000,1.214692,-0.681376,0.844318,0.952614,-0.711679,-0.497771,0.497771,3.000000,1.189101,0.004006,-0.002993,0.000074,-0.000025,-0.000785,0.271992,0.001432,0.433141,0.284334,0.001916,0.383892,-0.020320,-0.879811
16.794000,1.170377,-0.683921,0.875800,0.908299,-0.714224,-0.466288,0.466288,3.000000,1.155475,0.003930,-0.003091,-0.000087,0.000225,0.000906,0.271991,0.001433,0.433144,0.284374,0.001886,0.383892,-0.020320,-0.894218
16.804000,1.227941,-0.674048,0.847758,0.965863,-0.704351,-0.494331,0.494331,3.000000,1.195409,0.004040,-0.002946,0.000221,-0.000461,0.000623,0.271992,0.001431,0.433146,0.284414,0.001855,0.383892,-0.020320,-0.891859
16.814000,1.173356,-0.652008,0.873158,0.911279,-0.682311,-0.468931,0.468931,3.000000,1.138410,0.004002,-0.002997,-0.000251,-0.000125,0.000177,0.271991,0.001433,0.433145,0.284454,0.001826,0.383892,-0.020320,-0.888045
16.824000,1.149692,-0.681846,0.854711,0.887614,-0.712150,-0.487378,0.487378,3.000000,1.137988,0.003900,-0.003129,0.000283,0.000123,0.000529,0.271992,0.001433,0.433145,0.284493,0.001795,0.383892,-0.020320,-0.891039
16.834000,1.194416,-0.692724,0.870965,0.932339,-0.723028,-0.471124,0.471124,3.000000,1.179841,0.003951,-0.003064,0.000050,0.000014,0.000164,0.271991,0.001433,0.433144,0.284533,0.001764,0.383892,-0.020320,-0.887919
16.844000,1.215607,-0.688079,0.844373,0.953529,-0.718382,-0.497716,0.497716,3.000000,1.193856,0.003993,-0.003009,-0.000034,0.000317,0.000598,0.271991,0.001434,0.433147,0.284573,0.001734,0.383892,-0.020320,-0.891661
16.854000,1.222462,-0.662941,0.835940,0.960385,-0.693244,-0.506148,0.506148,3.000000,1.184452,0.004054,-0.002926,-0.000348,0.000457,-0.000199,0.271991,0.001434,0.433145,0.284613,0.001704,0.383892,-0.020320,-0.884859
16.864000,1.216432,-0.670027,0.877610,0.954355,-0.700330,-0.464479,0.464479,3.000000,1.183746,0.004031,-0.002958,-0.000079,0.000251,0.000491,0.271991,0.001433,0.433146,0.284653,0.001675,0.383892,-0.020320,-0.890735
16.874000,1.223163,-0.676978,0.846819,0.961085,-0.707281,-0.495270,0.495270,3.000000,1.193286,0.004027,-0.002964,0.000071,0.000030,-0.000362,0.271991,0.001432,0.433144,0.284694,0.001645,0.383892,-0.020320,-0.883456
16.884000,1.196068,-0.683186,0.864533,0.933990,-0.713489,-0.477555,0.477555,3.000000,1.175332,0.003973,-0.003035,0.000005,0.000370,-0.000182,0.271992,0.001433,0.433144,0.284733,0.001615,0.383892,-0.020320,-0.884993
16.894000,1.215876,-0.671225,0.850564,0.953799,-0.701528,-0.491524,0.491524,3.000000,1.184008,0.004028,-0.002963,0.000037,-0.000431,-0.000228,0.271992,0.001433,0.433143,0.284774,0.001585,0.383892,-0.020320,-0.884583
16.904000,1.179757,-0.658238,0.873496,0.917680,-0.688542,-0.468593,0.468593,3.000000,1.147269,0.003999,-0.003001,0.000360,0.000000,0.000565,0.271992,0.001433,0.433145,0.284814,0.001556,0.383892,-0.020320,-0.891332
16.914000,1.193041,-0.654312,0.842049,0.930964,-0.684615,-0.500039,0.500039,3.000000,1.155591,0.004028,-0.002962,0.000074,-0.000594,0.000562,0.271992,0.001432,0.433146,0.284854,0.001526,0.383892,-0.020320,-0.891329
16.924000,1.205918,-0.666160,0.838610,0.943841,-0.696463,-0.503478,0.503478,3.000000,1.172986,0.004023,-0.002969,-0.000414,-0.000305,-0.000553,0.271991,0.001433,0.433143,0.284894,0.001496,0.383892,-0.020320,-0.881811
16.934000,1.172569,-0.651714,0.879197,0.910492,-0.682017,-0.462891,0.462891,3.000000,1.137604,0.004002,-0.002998,-0.000114,-0.000078,-0.000539,0.271991,0.001433,0.433142,0.284935,0.001467,0.383892,-0.020320,-0.881909
16.944000,1.199433,-0.691013,0.868037,0.937356,-0.721317,-0.474051,0.474051,3.000000,1.182765,0.003963,-0.003049,-0.000217,0.000211,-0.000084,0.271991,0.001433,0.433144,0.284974,0.001436,0.383892,-0.020320,-0.885824
16.954000,1.203993,-0.698693,0.860459,0.941915,-0.728996,-0.481630,0.481630,3.000000,1.191067,0.003954,-0.003060,-0.000165,-0.000208,-0.001164,0.271991,0.001433,0.433143,0.285014,0.001406,0.383892,-0.020320,-0.876628
16.964000,1.119709,-0.684740,0.874040,0.857632,-0.715043,-0.468048,0.468048,3.000000,1.116610,0.003840,-0.003202,0.000048,0.000223,-0.000036,0.271991,0.001433,0.433144,0.285053,0.001375,0.383892,-0.020320,-0.886222
16.974000,1.160299,-0.691671,0.827066,0.898221,-0.721975,-0.515023,0.515023,3.000000,1.152410,0.003897,-0.003132,-0.000247,0.000343,0.000057,0.271991,0.001433,0.433146,0.285092,0.001343,0.383892,-0.020320,-0.887042
16.984000,1.250837,-0.691294,0.837878,0.988760,-0.721597,-0.504211,0.504211,3.000000,1.224070,0.004039,-0.002948,-0.000093,0.000367,-0.000102,0.271991,0.001434,0.433144,0.285132,0.001313,0.383892,-0.020320,-0.885666
16.994000,1.254035,-0.702511,0.831399,0.991958,-0.732814,-0.510690,0.510690,3.000000,1.233287,0.004022,-0.002971,-0.000413,0.000049,-0.000212,0.271991,0.001433,0.433144,0.285172,0.001283,0.383892,-0.020320,-0.884734
17.004000,1.221531,-0.654865,0.861533,0.959454,-0.685168,-0.480555,0.480555,3.000000,1.178986,0.004069,-0.002906,0.000051,0.000098,0.000836,0.271991,0.001433,0.433145,0.285212,0.001254,0.383892,-0.020320,-0.893647
17.014000,1.151479,-0.645890,0.890762,0.889401,-0.676194,-0.451326,0.451326,3.000000,1.117261,0.003980,-0.003026,0.000033,-0.000011,-0.000078,0.271991,0.001433,0.433143,0.285253,0.001224,0.383892,-0.020320,-0.885855
17.024000,1.181146,-0.638954,0.874394,0.919069,-0.669257,-0.467694,0.467694,3.000000,1.136922,0.004042,-0.002943,0.000164,-0.000760,-0.000219,0.271992,0.001432,0.433143,0.285293,0.001194,0.383892,-0.020320,-0.884651
17.034000,1.182679,-0.663826,0.874220,0.920602,-0.694129,-0.467869,0.467869,3.000000,1.152963,0.003992,-0.003010,0.000194,0.000039,0.000184,0.271991,0.001433,0.433143,0.285333,0.001165,0.383892,-0.020320,-0.888064
17.044000,1.211498,-0.667876,0.890029,0.949420,-0.698179,-0.452059,0.452059,3.000000,1.178496,0.004028,-0.002962,-0.000081,0.000336,-0.000382,0.271991,0.001434,0.433142,0.285373,0.001135,0.383892,-0.020320,-0.883261
17.054000,1.184791,-0.666289,0.920059,0.922713,-0.696592,-0.422030,0.422030,3.000000,1.156132,0.003991,-0.003013,0.000225,-0.000048,-0.000347,0.271991,0.001433,0.433142,0.285413,0.001105,0.383892,-0.020320,-0.883550
17.064000,1.210270,-0.657998,0.917100,0.948192,-0.688302,-0.424988,0.424988,3.000000,1.171677,0.004046,-0.002937,-0.000074,0.000140,-0.000036,0.271992,0.001433,0.433143,0.285453,0.001075,0.383892,-0.020320,-0.886209
17.074000,1.275294,-0.699691,0.884553,1.013217,-0.729995,-0.457536,0.457536,3.000000,1.248799,0.004057,-0.002923,-0.000085,0.000326,-0.000379,0.271991,0.001434,0.433142,0.285494,0.001046,0.383892,-0.020320,-0.883277
17.084000,1.209770,-0.684999,0.898032,0.947693,-0.715302,-0.444056,0.444056,3.000000,1.187341,0.003991,-0.003012,0.000015,-0.000605,-0.000385,0.271991,0.001432,0.433143,0.285534,0.001016,0.383892,-0.020320,-0.883249
17.094000,1.187607,-0.690904,0.890250,0.925530,-0.721207,-0.451838,0.451838,3.000000,1.173348,0.003944,-0.003073,0.000257,-0.000251,0.000350,0.271991,0.001433,0.433144,0.285574,0.000986,0.383892,-0.020320,-0.889494
17.104000,1.221293,-0.695156,0.898155,0.959215,-0.725459,-0.443933,0.443933,3.000000,1.202657,0.003988,-0.003016,-0.000241,0.000256,0.000218,0.271990,0.001433,0.433143,0.285613,0.000955,0.383892,-0.020320,-0.888371
17.114000,1.257967,-0.703717,0.903182,0.995889,-0.734020,-0.438907,0.438907,3.000000,1.237166,0.004025,-0.002967,0.000062,-0.000512,0.000219,0.271990,0.001432,0.433143,0.285653,0.000925,0.383892,-0.020320,-0.888371
17.124000,1.270962,-0.661063,0.899572,1.008884,-0.691366,-0.442516,0.442516,3.000000,1.223043,0.004124,-0.002826,0.000190,-0.000331,0.001065,0.271991,0.001432,0.433146,0.285694,0.000896,0.383892,-0.020320,-0.895604
17.134000,1.278059,-0.652212,0.898187,1.015981,-0.682515,-0.443902,0.443902,3.000000,1.223946,0.004150,-0.002788,-0.000000,-0.000082,0.000808,0.271991,0.001432,0.433144,0.285735,0.000868,0.383892,-0.020320,-0.893382
17.144000,1.233802,-0.668422,0.938077,0.971724,-0.698725,-0.404011,0.404011,3.000000,1.196856,0.004059,-0.002919,-0.000093,0.000488,-0.000882,0.271991,0.001433,0.433141,0.285777,0.000840,0.383892,-0.020320,-0.878996
17.154000,1.203369,-0.650508,0.941217,0.941291,-0.680811,-0.400872,0.400872,3.000000,1.161694,0.004051,-0.002930,-0.000154,0.000269,-0.000227,0.271992,0.001434,0.433143,0.285817,0.000810,0.383892,-0.020320,-0.884584
17.164000,1.225085,-0.661791,0.918725,0.963007,-0.692095,-0.423363,0.423363,3.000000,1.185908,0.004060,-0.002918,0.000203,-0.000120,0.000224,0.271991,0.001431,0.433141,0.285858,0.000781,0.383892,-0.020320,-0.888379
17.174000,1.232597,-0.666938,0.931786,0.970520,-0.697242,-0.410303,0.410303,3.000000,1.195012,0.004061,-0.002917,-0.000043,0.000257,0.000403,0.271991,0.001433,0.433142,0.285898,0.000752,0.383892,-0.020320,-0.889916
17.184000,1.185343,-0.634534,0.955066,0.923266,-0.664837,-0.387023,0.387023,3.000000,1.137729,0.004057,-0.002922,-0.000233,-0.000205,-0.000494,0.271991,0.001433,0.433140,0.285939,0.000723,0.383892,-0.020320,-0.882271
17.194000,1.233118,-0.652436,0.972369,0.971041,-0.682739,-0.369719,0.369719,3.000000,1.187035,0.004090,-0.002876,-0.000174,0.000115,-0.000052,0.271991,0.001433,0.433141,0.285980,0.000694,0.383892,-0.020320,-0.886027
17.204000,1.234893,-0.650620,0.959839,0.972815,-0.680923,-0.382249,0.382249,3.000000,1.187445,0.004096,-0.002867,0.000004,-0.000179,-0.000186,0.271991,0.001432,0.433142,0.286021,0.000665,0.383892,-0.020320,-0.884912
17.214000,1.184632,-0.621291,0.985570,0.922555,-0.651594,-0.356518,0.356518,3.000000,1.129461,0.004084,-0.002885,0.000113,0.000215,-0.000259,0.271991,0.001433,0.433141,0.286061,0.000636,0.383892,-0.020320,-0.884285
17.224000,1.224053,-0.662065,1.000047,0.961976,-0.692368,-0.342041,0.342041,3.000000,1.185230,0.004058,-0.002921,-0.000101,0.000154,-0.000440,0.271991,0.001432,0.433142,0.286101,0.000606,0.383892,-0.020320,-0.882761
17.234000,1.264189,-0.666402,0.980304,1.002111,-0.696705,-0.361784,0.361784,3.000000,1.220502,0.004105,-0.002854,0.000041,-0.000348,0.000284,0.271991,0.001432,0.433143,0.286143,0.000578,0.383892,-0.020320,-0.888916
17.244000,1.247536,-0.659953,0.952704,0.985459,-0.690256,-0.389384,0.389384,3.000000,1.203155,0.004095,-0.002869,0.000261,-0.000311,-0.000482,0.271992,0.001432,0.433143,0.286184,0.000549,0.383892,-0.020320,-0.882428
17.254000,1.231566,-0.660520,0.934760,0.969488,-0.690823,-0.407329,0.407329,3.000000,1.190438,0.004072,-0.002902,0.000061,0.000019,-0.000548,0.271991,0.001432,0.433142,0.286225,0.000521,0.383892,-0.020320,-0.881842
17.264000,1.264918,-0.677601,0.919085,1.002840,-0.707904,-0.423003,0.423003,3.000000,1.227525,0.004085,-0.002883,0.000274,0.000134,0.000934,0.271991,0.001432,0.433144,0.286265,0.000492,0.383892,-0.020320,-0.894459
17.274000,1.293733,-0.701613,0.927302,1.031656,-0.731916,-0.414786,0.414786,3.000000,1.264917,0.004078,-0.002893,-0.000165,-0.000467,-0.000015,0.271991,0.001431,0.433142,0.286306,0.000463,0.383892,-0.020320,-0.886370
17.284000,1.252855,-0.651836,0.929008,0.990777,-0.682139,-0.413081,0.413081,3.000000,1.202894,0.004118,-0.002835,-0.000055,0.000112,0.000069,0.271991,0.001432,0.433142,0.286347,0.000434,0.383892,-0.020320,-0.887092
17.294000,1.168858,-0.644757,0.972087,0.906781,-0.675060,-0.370001,0.370001,3.000000,1.130468,0.004011,-0.002986,-0.000378,-0.000272,-0.000574,0.271989,0.001431,0.433141,0.286388,0.000405,0.383892,-0.020320,-0.881607
17.304000,1.227778,-0.626338,0.940116,0.965701,-0.656642,-0.401973,0.401973,3.000000,1.167800,0.004135,-0.002811,0.000103,-0.000297,-0.000110,0.271991,0.001431,0.433141,0.286428,0.000376,0.383892,-0.020320,-0.885534
17.314000,1.245338,-0.631578,0.898672,0.983260,-0.661881,-0.443417,0.443417,3.000000,1.185280,0.004148,-0.002792,-0.000211,0.000306,0.000057,0.271991,0.001434,0.433143,0.286470,0.000348,0.383892,-0.020320,-0.886995
17.324000,1.237549,-0.623140,0.914340,0.975471,-0.653444,-0.427749,0.427749,3.000000,1.174109,0.004154,-0.002783,0.000096,0.000241,0.000107,0.271991,0.001432,0.433143,0.286512,0.000321,0.383892,-0.020320,-0.887428
17.334000,1.191095,-0.619367,0.917618,0.929018,-0.649670,-0.424471,0.424471,3.000000,1.133642,0.004097,-0.002865,-0.000363,0.000019,-0.000499,0.271990,0.001431,0.433141,0.286553,0.000292,0.383892,-0.020320,-0.882242
17.344000,1.273596,-0.606899,0.937233,1.011519,-0.637202,-0.404856,0.404856,3.000000,1.195490,0.004231,-0.002665,0.000105,-0.000390,0.000583,0.271991,0.001430,0.433142,0.286594,0.000264,0.383892,-0.020320,-0.891452
17.354000,1.252387,-0.632769,0.895398,0.990310,-0.663072,-0.446691,0.446691,3.000000,1.191796,0.004155,-0.002782,0.000112,0.000190,0.000116,0.271991,0.001432,0.433143,0.286636,0.000237,0.383892,-0.020320,-0.887489
17.364000,1.247862,-0.630857,0.948425,0.985784,-0.661160,-0.393664,0.393664,3.000000,1.186972,0.004153,-0.002785,-0.000353,0.000257,-0.000249,0.271990,0.001432,0.433142,0.286678,0.000209,0.383892,-0.020320,-0.884379
17.374000,1.244606,-0.622426,0.944931,0.982529,-0.652730,-0.397158,0.397158,3.000000,1.179584,0.004165,-0.002767,0.000279,0.000428,0.001280,0.271990,0.001433,0.433143,0.286719,0.000181,0.383892,-0.020320,-0.897372
17.384000,1.247550,-0.601394,0.929418,0.985472,-0.631697,-0.412671,0.412671,3.000000,1.170554,0.004209,-0.002698,-0.000003,-0.000296,-0.000449,0.271991,0.001431,0.433141,0.286761,0.000154,0.383892,-0.020320,-0.882667
17.394000,1.223250,-0.615775,0.971404,0.961172,-0.646078,-0.370684,0.370684,3.000000,1.158132,0.004150,-0.002789,0.000186,-0.000319,-0.000874,0.271991,0.001432,0.433140,0.286803,0.000127,0.383892,-0.020320,-0.879042
17.404000,1.249499,-0.621375,0.937991,0.987421,-0.651679,-0.404098,0.404098,3.000000,1.183083,0.004173,-0.002754,-0.000184,0.000365,-0.000381,0.271991,0.001432,0.433142,0.286845,0.000099,0.383892,-0.020320,-0.883256
17.414000,1.206809,-0.616528,0.922617,0.944731,-0.646831,-0.419471,0.419471,3.000000,1.144949,0.004126,-0.002825,-0.000404,0.000160,-0.000359,0.271990,0.001432,0.433140,0.286886,0.000071,0.383892,-0.020320,-0.883415
17.424000,1.180672,-0.645861,0.924158,0.918594,-0.676165,-0.417930,0.417930,3.000000,1.140620,0.004027,-0.002964,-0.000118,0.000096,0.000227,0.271990,0.001432,0.433142,0.286927,0.000042,0.383892,-0.020320,-0.888414
17.434000,1.199385,-0.619016,0.918294,0.937308,-0.649319,-0.423795,0.423795,3.000000,1.140246,0.004110,-0.002847,-0.000305,-0.000197,0.000127,0.271990,0.001431,0.433141,0.286968,0.000013,0.383892,-0.020320,-0.887559
17.444000,1.145502,-0.616511,0.919196,0.883424,-0.646814,-0.422892,0.422892,3.000000,1.094900,0.004034,-0.002954,0.000208,0.000417,0.000665,0.271991,0.001432,0.433143,0.287008,-0.000016,0.383892,-0.020320,-0.892164
17.454000,1.146956,-0.618437,0.923262,0.884879,-0.648740,-0.418826,0.418826,3.000000,1.097212,0.004032,-0.002956,0.000141,-0.000288,-0.000218,0.271991,0.001431,0.433142,0.287049,-0.000045,0.383892,-0.020320,-0.884649
17.464000,1.169724,-0.583611,0.922404,0.907647,-0.613914,-0.419685,0.419685,3.000000,1.095771,0.004142,-0.002801,0.000225,-0.000501,0.000126,0.271991,0.001431,0.433141,0.287090,-0.000074,0.383892,-0.020320,-0.887544
17.474000,1.231872,-0.608932,0.916325,0.969795,-0.639235,-0.425763,0.425763,3.000000,1.161518,0.004175,-0.002752,-0.000229,0.000698,-0.000466,0.271990,0.001433,0.433141,0.287131,-0.000102,0.383892,-0.020320,-0.882526
17.484000,1.244232,-0.633053,0.936988,0.982154,-0.663356,-0.405101,0.405101,3.000000,1.185187,0.004143,-0.002799,0.000219,0.000225,-0.000133,0.271992,0.001433,0.433144,0.287173,-0.000129,0.383892,-0.020320,-0.885405
17.494000,1.257262,-0.612850,0.932307,0.995184,-0.643153,-0.409781,0.409781,3.000000,1.184921,0.004199,-0.002714,0.000215,-0.000135,0.000056,0.271991,0.001432,0.433141,0.287215,-0.000157,0.383892,-0.020320,-0.886954
17.504000,1.241810,-0.587089,0.901735,0.979733,-0.617392,-0.440353,0.440353,3.000000,1.158037,0.004230,-0.002666,0.000209,-0.000291,-0.000483,0.271991,0.001432,0.433140,0.287257,-0.000184,0.383892,-0.020320,-0.882358
17.514000,1.212183,-0.585203,0.912696,0.950105,-0.615507,-0.429393,0.429393,3.000000,1.132055,0.004196,-0.002719,0.000034,0.000062,-0.000040,0.271991,0.001432,0.433142,0.287299,-0.000211,0.383892,-0.020320,-0.886147
17.524000,1.193667,-0.617819,0.934345,0.931590,-0.648122,-0.407744,0.407744,3.000000,1.134867,0.004104,-0.002855,0.000119,-0.000467,0.000267,0.271991,0.001431,0.433144,0.287340,-0.000239,0.383892,-0.020320,-0.888787
17.534000,1.179023,-0.635053,0.947686,0.916946,-0.665356,-0.394402,0.394402,3.000000,1.132912,0.004047,-0.002936,0.000067,0.000155,-0.000309,0.271991,0.001432,0.433141,0.287381,-0.000268,0.383892,-0.020320,-0.883853
17.544000,1.197564,-0.618272,0.945742,0.935487,-0.648575,-0.396347,0.396347,3.000000,1.138325,0.004109,-0.002849,0.000006,-0.000482,-0.000210,0.271990,0.001431,0.433141,0.287421,-0.000297,0.383892,-0.020320,-0.884695
17.554000,1.259947,-0.615455,0.961174,0.997870,-0.645759,-0.380914,0.380914,3.000000,1.188591,0.004198,-0.002716,0.000260,-0.000452,-0.000572,0.271991,0.001431,0.433140,0.287463,-0.000325,0.383892,-0.020320,-0.881602
17.564000,1.196101,-0.625746,0.961373,0.934024,-0.656049,-0.380716,0.380716,3.000000,1.141403,0.004092,-0.002874,0.000017,-0.000037,0.000463,0.271991,0.001432,0.433142,0.287504,-0.000353,0.383892,-0.020320,-0.890410
17.574000,1.227526,-0.612561,0.969311,0.965449,-0.642864,-0.372777,0.372777,3.000000,1.159899,0.004162,-0.002771,0.000107,-0.000073,-0.000350,0.271991,0.001432,0.433140,0.287546,-0.000381,0.383892,-0.020320,-0.883494
17.584000,1.247103,-0.652132,0.942584,0.985025,-0.682435,-0.399505,0.399505,3.000000,1.198329,0.004110,-0.002847,0.000347,0.000388,0.000595,0.271991,0.001433,0.433141,0.287587,-0.000410,0.383892,-0.020320,-0.891524
17.594000,1.239193,-0.634406,0.911742,0.977115,-0.664709,-0.430347,0.430347,3.000000,1.181775,0.004134,-0.002812,-0.000192,-0.000623,-0.000501,0.271991,0.001430,0.433141,0.287628,-0.000438,0.383892,-0.020320,-0.882225
17.604000,1.183543,-0.638124,0.970618,0.921466,-0.668428,-0.371471,0.371471,3.000000,1.138374,0.004047,-0.002936,0.000115,-0.000051,-0.000785,0.271991,0.001432,0.433140,0.287669,-0.000467,0.383892,-0.020320,-0.879804
17.614000,1.234081,-0.629662,0.961547,0.972003,-0.659965,-0.380541,0.380541,3.000000,1.174880,0.004137,-0.002809,-0.000108,-0.000181,-0.000053,0.271990,0.001432,0.433143,0.287710,-0.000495,0.383892,-0.020320,-0.886064
17.624000,1.223757,-0.636273,0.929388,0.961679,-0.666576,-0.412700,0.412700,3.000000,1.170107,0.004109,-0.002848,0.000174,0.000414,-0.000053,0.271991,0.001432,0.433142,0.287751,-0.000524,0.383892,-0.020320,-0.886040
17.634000,1.261037,-0.632698,0.913515,0.998960,-0.663002,-0.428574,0.428574,3.000000,1.198954,0.004166,-0.002765,-0.000083,0.000120,-0.000668,0.271990,0.001431,0.433142,0.287792,-0.000552,0.383892,-0.020320,-0.880831
17.644000,1.236565,-0.614600,0.920124,0.974487,-0.644904,-0.421964,0.421964,3.000000,1.168557,0.004170,-0.002759,0.000253,-0.000605,0.000218,0.271991,0.001432,0.433142,0.287834,-0.000580,0.383892,-0.020320,-0.888338
17.654000,1.276478,-0.612052,0.923809,1.014400,-0.642356,-0.418280,0.418280,3.000000,1.200678,0.004224,-0.002675,-0.000017,-0.000046,-0.000072,0.271991,0.001432,0.433141,0.287876,-0.000607,0.383892,-0.020320,-0.885861
17.664000,1.304585,-0.647249,0.932131,1.042508,-0.677553,-0.409958,0.409958,3.000000,1.243342,0.004192,-0.002725,-0.000341,-0.000809,0.000212,0.271990,0.001431,0.433141,0.287918,-0.000634,0.383892,-0.020320,-0.888273
17.674000,1.257323,-0.646102,0.939633,0.995245,-0.676406,-0.402456,0.402456,3.000000,1.203344,0.004135,-0.002811,-0.000110,0.000470,0.000005,0.271990,0.001433,0.433141,0.287960,-0.000662,0.383892,-0.020320,-0.886522
17.684000,1.252958,-0.623855,0.971257,0.990881,-0.654158,-0.370832,0.370832,3.000000,1.187336,0.004173,-0.002755,-0.000293,-0.000267,-0.000128,0.271990,0.001432,0.433141,0.288001,-0.000690,0.383892,-0.020320,-0.885390
17.694000,1.231749,-0.596703,0.980998,0.969672,-0.627007,-0.361090,0.361090,3.000000,1.154730,0.004199,-0.002715,-0.000042,-0.000027,-0.000363,0.271991,0.001432,0.433139,0.288043,-0.000717,0.383892,-0.020320,-0.883363
17.704000,1.175936,-0.615008,0.979690,0.913859,-0.645311,-0.362399,0.362399,3.000000,1.118733,0.004084,-0.002884,0.000345,0.000139,-0.000331,0.271991,0.001432,0.433139,0.288085,-0.000745,0.383892,-0.020320,-0.883640
17.714000,1.244887,-0.615899,0.962524,0.982809,-0.646202,-0.379564,0.379564,3.000000,1.176219,0.004178,-0.002747,-0.000270,0.000226,0.000168,0.271990,0.001432,0.433142,0.288126,-0.000773,0.383892,-0.020320,-0.887913
17.724000,1.269635,-0.638107,0.944183,1.007557,-0.668410,-0.397905,0.397905,3.000000,1.209109,0.004167,-0.002764,0.000053,0.000294,-0.000585,0.271990,0.001433,0.433139,0.288167,-0.000801,0.383892,-0.020320,-0.881482
17.734000,1.258407,-0.609027,0.966297,0.996329,-0.639330,-0.375791,0.375791,3.000000,1.183814,0.004208,-0.002700,0.000266,-0.000406,0.000605,0.271991,0.001431,0.433141,0.288209,-0.000829,0.383892,-0.020320,-0.891615
17.744000,1.220406,-0.619493,0.965105,0.958328,-0.649796,-0.376983,0.376983,3.000000,1.157855,0.004138,-0.002806,0.000129,-0.000344,0.000456,0.271991,0.001431,0.433141,0.288251,-0.000856,0.383892,-0.020320,-0.890338
17.754000,1.220940,-0.625600,0.973920,0.958863,-0.655903,-0.368168,0.368168,3.000000,1.161734,0.004127,-0.002823,-0.000195,-0.000016,0.000306,0.271991,0.001432,0.433143,0.288292,-0.000884,0.383892,-0.020320,-0.889100
17.764000,1.219729,-0.630948,0.991707,0.957652,-0.661251,-0.350382,0.350382,3.000000,1.163765,0.004114,-0.002841,-0.000189,0.000386,-0.000491,0.271990,0.001433,0.433139,0.288333,-0.000912,0.383892,-0.020320,-0.882282
17.774000,1.136873,-0.619718,0.979311,0.874795,-0.650021,-0.362778,0.362778,3.000000,1.089860,0.004013,-0.002982,-0.000189,-0.000121,-0.000576,0.271990,0.001432,0.433139,0.288374,-0.000942,0.383892,-0.020320,-0.881553
17.784000,1.231098,-0.626982,0.969318,0.969020,-0.657285,-0.372770,0.372770,3.000000,1.170907,0.004138,-0.002807,0.000186,0.000328,0.000264,0.271991,0.001432,0.433142,0.288415,-0.000971,0.383892,-0.020320,-0.888732
17.794000,1.232917,-0.616964,0.947053,0.970840,-0.647267,-0.395036,0.395036,3.000000,1.166827,0.004160,-0.002774,0.000013,-0.000290,0.000419,0.271990,0.001432,0.433143,0.288456,-0.000998,0.383892,-0.020320,-0.890061
17.804000,1.252558,-0.615774,0.951104,0.990480,-0.646077,-0.390984,0.390984,3.000000,1.182568,0.004188,-0.002732,-0.000268,-0.000399,0.000193,0.271990,0.001432,0.433141,0.288498,-0.001026,0.383892,-0.020320,-0.888126
17.814000,1.249061,-0.628742,0.960398,0.986984,-0.659045,-0.381690,0.381690,3.000000,1.186793,0.004158,-0.002777,-0.000144,-0.000293,-0.000532,0.271990,0.001433,0.433140,0.288540,-0.001053,0.383892,-0.020320,-0.881938
17.824000,1.201332,-0.621719,0.966222,0.939254,-0.652022,-0.375866,0.375866,3.000000,1.143386,0.004107,-0.002851,0.000132,-0.000359,-0.000507,0.271991,0.001432,0.433140,0.288581,-0.001081,0.383892,-0.020320,-0.882160
17.834000,1.231598,-0.647962,0.940202,0.969521,-0.678266,-0.401886,0.401886,3.000000,1.183222,0.004097,-0.002866,-0.000005,0.000630,0.000144,0.271991,0.001434,0.433142,0.288622,-0.001110,0.383892,-0.020320,-0.887715
17.844000,1.263273,-0.683311,0.945685,1.001195,-0.713614,-0.396403,0.396403,3.000000,1.229487,0.004072,-0.002902,-0.000040,-0.000393,-0.000117,0.271990,0.001432,0.433141,0.288663,-0.001139,0.383892,-0.020320,-0.885487
17.854000,1.250865,-0.683016,0.933573,0.988787,-0.713319,-0.408515,0.408515,3.000000,1.219231,0.004055,-0.002925,-0.000087,0.000049,-0.000057,0.271990,0.001433,0.433141,0.288704,-0.001168,0.383892,-0.020320,-0.885989
17.864000,1.253933,-0.659684,0.927547,0.991856,-0.689987,-0.414541,0.414541,3.000000,1.208247,0.004105,-0.002855,-0.000127,0.000057,0.000363,0.271990,0.001433,0.433142,0.288745,-0.001196,0.383892,-0.020320,-0.889574
17.874000,1.197970,-0.658006,0.947026,0.935893,-0.688309,-0.395063,0.395063,3.000000,1.161751,0.004028,-0.002962,0.000160,-0.000073,0.000265,0.271990,0.001432,0.433141,0.288786,-0.001225,0.383892,-0.020320,-0.888726
17.884000,1.177990,-0.657783,0.963705,0.915913,-0.688087,-0.378383,0.378383,3.000000,1.145582,0.003998,-0.003003,-0.000278,-0.000173,-0.000357,0.271990,0.001432,0.433140,0.288825,-0.001255,0.383892,-0.020320,-0.883437
17.894000,1.214219,-0.676511,0.964456,0.952141,-0.706815,-0.377633,0.377633,3.000000,1.185816,0.004015,-0.002980,-0.000225,0.000135,0.000128,0.271990,0.001433,0.433141,0.288865,-0.001285,0.383892,-0.020320,-0.887562
17.904000,1.306106,-0.663684,0.949935,1.044029,-0.693987,-0.392154,0.392154,3.000000,1.253640,0.004164,-0.002768,-0.000132,-0.000019,0.000331,0.271990,0.001432,0.433140,0.288906,-0.001314,0.383892,-0.020320,-0.889267
17.914000,1.292080,-0.642563,0.924757,1.030003,-0.672866,-0.417331,0.417331,3.000000,1.230307,0.004186,-0.002735,0.000093,-0.000110,-0.000097,0.271990,0.001432,0.433139,0.288948,-0.001341,0.383892,-0.020320,-0.885615
17.924000,1.239485,-0.667319,0.911602,0.977408,-0.697622,-0.430487,0.430487,3.000000,1.200834,0.004070,-0.002905,-0.000021,-0.000138,-0.000490,0.271990,0.001432,0.433138,0.288989,-0.001370,0.383892,-0.020320,-0.882254
17.934000,1.171798,-0.665208,0.994615,0.909721,-0.695511,-0.347474,0.347474,3.000000,1.145132,0.003972,-0.003037,0.000210,-0.000198,-0.000247,0.271991,0.001432,0.433139,0.289029,-0.001400,0.383892,-0.020320,-0.884345
17.944000,1.196599,-0.651552,0.967383,0.934522,-0.681855,-0.374706,0.374706,3.000000,1.156831,0.004039,-0.002947,0.000128,0.000203,0.000855,0.271990,0.001432,0.433141,0.289070,-0.001429,0.383892,-0.020320,-0.893739
17.954000,1.224480,-0.663597,0.925271,0.962402,-0.693900,-0.416817,0.416817,3.000000,1.186472,0.004056,-0.002924,0.000444,-0.000170,0.000027,0.271991,0.001433,0.433140,0.289110,-0.001459,0.383892,-0.020320,-0.886693
17.964000,1.215967,-0.655592,0.965133,0.953889,-0.685895,-0.376956,0.376956,3.000000,1.174886,0.004059,-0.002919,-0.000160,0.000242,0.000110,0.271989,0.001433,0.433140,0.289151,-0.001488,0.383892,-0.020320,-0.887387
17.974000,1.236188,-0.656917,0.974449,0.974111,-0.687220,-0.367639,0.367639,3.000000,1.192125,0.004086,-0.002882,0.000347,0.000057,0.000570,0.271991,0.001434,0.433141,0.289192,-0.001517,0.383892,-0.020320,-0.891309
17.984000,1.196600,-0.655398,0.989808,0.934522,-0.685701,-0.352281,0.352281,3.000000,1.159102,0.004031,-0.002958,-0.000002,-0.000055,0.000148,0.271990,0.001432,0.433140,0.289232,-0.001546,0.383892,-0.020320,-0.887726
17.994000,1.227854,-0.678581,0.973871,0.965777,-0.708884,-0.368217,0.368217,3.000000,1.198016,0.004031,-0.002959,0.000139,0.000238,0.000374,0.271991,0.001434,0.433140,0.289273,-0.001575,0.383892,-0.020320,-0.889635
18.004000,1.282366,-0.677635,0.966969,1.020289,-0.707938,-0.375120,0.375120,3.000000,1.241840,0.004108,-0.002850,-0.000426,0.000039,-0.000038,0.271989,0.001433,0.433138,0.289313,-0.001605,0.383892,-0.020320,-0.886108
18.014000,1.271896,-0.658175,1.009104,1.009819,-0.688478,-0.332985,0.332985,3.000000,1.222185,0.004131,-0.002817,-0.000100,0.000434,-0.000306,0.271990,0.001433,0.433139,0.289355,-0.001632,0.383892,-0.020320,-0.883842
18.024000,1.257700,-0.667719,1.021183,0.995622,-0.698023,-0.320906,0.320906,3.000000,1.215936,0.004094,-0.002870,-0.000002,-0.000411,-0.000235,0.271990,0.001431,0.433139,0.289396,-0.001661,0.383892,-0.020320,-0.884449
18.034000,1.254483,-0.632077,0.998099,0.992406,-0.662380,-0.343990,0.343990,3.000000,1.193154,0.004159,-0.002776,0.000024,0.000146,-0.000250,0.271991,0.001433,0.433140,0.289437,-0.001689,0.383892,-0.020320,-0.884341
18.044000,1.188376,-0.656023,1.011598,0.926299,-0.686326,-0.330490,0.330490,3.000000,1.152854,0.004017,-0.002977,-0.000100,-0.000425,-0.000260,0.271990,0.001431,0.433140,0.289478,-0.001718,0.383892,-0.020320,-0.884251
18.054000,1.262669,-0.655535,0.975317,1.000591,-0.685838,-0.366772,0.366772,3.000000,1.213077,0.004124,-0.002827,0.000251,0.000165,0.000754,0.271991,0.001433,0.433143,0.289519,-0.001747,0.383892,-0.020320,-0.892917
18.064000,1.257660,-0.640509,0.952384,0.995583,-0.670812,-0.389705,0.389705,3.000000,1.200489,0.004147,-0.002794,0.000250,0.000217,0.000752,0.271992,0.001434,0.433146,0.289560,-0.001775,0.383892,-0.020320,-0.892939
18.074000,1.214091,-0.613205,0.882976,0.952014,-0.643508,-0.459113,0.459113,3.000000,1.149101,0.004142,-0.002800,-0.000005,0.000191,-0.000172,0.271991,0.001433,0.433142,0.289602,-0.001803,0.383892,-0.020320,-0.885040
18.084000,1.201526,-0.648718,0.892039,0.939449,-0.679021,-0.450049,0.450049,3.000000,1.159152,0.004052,-0.002929,0.000131,-0.000048,0.000001,0.271991,0.001432,0.433143,0.289643,-0.001832,0.383892,-0.020320,-0.886515
18.094000,1.166580,-0.653252,0.867954,0.904503,-0.683555,-0.474134,0.474134,3.000000,1.133743,0.003989,-0.003015,-0.000095,0.000265,0.000281,0.271992,0.001433,0.433145,0.289683,-0.001861,0.383892,-0.020320,-0.888927
18.104000,1.159339,-0.642922,0.849886,0.897262,-0.673226,-0.492203,0.492203,3.000000,1.121745,0.003999,-0.003001,-0.000183,0.000011,-0.000497,0.271991,0.001433,0.433143,0.289723,-0.001892,0.383892,-0.020320,-0.882290
18.114000,1.199185,-0.633959,0.856958,0.937108,-0.664262,-0.485131,0.485131,3.000000,1.148658,0.004079,-0.002891,-0.000057,0.000229,0.000062,0.271991,0.001433,0.433144,0.289763,-0.001921,0.383892,-0.020320,-0.887060
18.124000,1.176282,-0.615086,0.838287,0.914205,-0.645389,-0.503802,0.503802,3.000000,1.119061,0.004085,-0.002884,-0.000093,-0.000020,-0.000003,0.271991,0.001431,0.433145,0.289804,-0.001950,0.383892,-0.020320,-0.886513
18.134000,1.187139,-0.633036,0.820918,0.925062,-0.663340,-0.521171,0.521171,3.000000,1.138314,0.004063,-0.002914,-0.000152,0.000349,0.000128,0.271991,0.001432,0.433144,0.289844,-0.001979,0.383892,-0.020320,-0.887604
18.144000,1.179823,-0.627320,0.792228,0.917745,-0.657623,-0.549860,0.549860,3.000000,1.129037,0.004064,-0.002912,-0.000391,-0.000582,-0.000618,0.271990,0.001432,0.433142,0.289885,-0.002008,0.383892,-0.020320,-0.881252
18.154000,1.186221,-0.616817,0.784573,0.924143,-0.647120,-0.557515,0.557515,3.000000,1.128187,0.004096,-0.002868,0.000187,0.000334,0.000694,0.271992,0.001433,0.433144,0.289926,-0.002037,0.383892,-0.020320,-0.892415
18.164000,1.118848,-0.632405,0.775002,0.856771,-0.662708,-0.567087,0.567087,3.000000,1.083161,0.003955,-0.003059,-0.000071,0.000139,0.000434,0.271991,0.001432,0.433144,0.289966,-0.002066,0.383892,-0.020320,-0.890209
18.174000,1.157402,-0.637209,0.798220,0.895324,-0.667513,-0.543869,0.543869,3.000000,1.116772,0.004009,-0.002989,-0.000042,0.000532,-0.000416,0.271990,0.001433,0.433142,0.290006,-0.002096,0.383892,-0.020320,-0.882955
18.184000,1.169328,-0.645753,0.818031,0.907250,-0.676056,-0.524058,0.524058,3.000000,1.131439,0.004009,-0.002988,-0.000083,-0.000273,0.000297,0.271990,0.001432,0.433140,0.290046,-0.002127,0.383892,-0.020320,-0.888983
18.194000,1.113888,-0.636186,0.823329,0.851811,-0.666489,-0.518760,0.518760,3.000000,1.081568,0.003938,-0.003081,0.000261,0.000088,-0.000027,0.271991,0.001432,0.433141,0.290086,-0.002157,0.383892,-0.020320,-0.886257
18.204000,1.134526,-0.624275,0.845404,0.872448,-0.654578,-0.496685,0.496685,3.000000,1.090706,0.003999,-0.003001,-0.000053,0.000706,0.000110,0.271991,0.001434,0.433142,0.290125,-0.002187,0.383892,-0.020320,-0.887429
18.214000,1.192000,-0.653360,0.842932,0.929923,-0.683664,-0.499157,0.499157,3.000000,1.154189,0.004028,-0.002962,0.000407,0.000365,0.000117,0.271992,0.001433,0.433142,0.290166,-0.002217,0.383892,-0.020320,-0.887490
18.224000,1.136892,-0.627356,0.824072,0.874815,-0.657660,-0.518017,0.518017,3.000000,1.094448,0.003997,-0.003005,0.000051,0.000041,-0.000238,0.271991,0.001432,0.433143,0.290206,-0.002247,0.383892,-0.020320,-0.884501
18.234000,1.140292,-0.630114,0.850049,0.878215,-0.660417,-0.492040,0.492040,3.000000,1.098823,0.003996,-0.003005,0.000012,-0.000380,-0.000469,0.271991,0.001431,0.433142,0.290246,-0.002277,0.383892,-0.020320,-0.882526
18.244000,1.183751,-0.631909,0.845502,0.921673,-0.662212,-0.496587,0.496587,3.000000,1.134904,0.004061,-0.002917,-0.000275,-0.000640,-0.000228,0.271991,0.001431,0.433141,0.290286,-0.002307,0.383892,-0.020320,-0.884550
18.254000,1.181866,-0.610380,0.841052,0.919789,-0.640683,-0.501037,0.501037,3.000000,1.120931,0.004103,-0.002858,-0.000323,0.000207,-0.000728,0.271990,0.001433,0.433141,0.290327,-0.002336,0.383892,-0.020320,-0.880289
18.264000,1.191949,-0.622352,0.831938,0.929872,-0.652655,-0.510150,0.510150,3.000000,1.136055,0.004093,-0.002872,0.000307,-0.000029,0.000280,0.271992,0.001432,0.433144,0.290368,-0.002364,0.383892,-0.020320,-0.888906
18.274000,1.182744,-0.628107,0.828627,0.920667,-0.658410,-0.513462,0.513462,3.000000,1.131871,0.004067,-0.002909,-0.000119,0.000305,-0.000533,0.271991,0.001432,0.433141,0.290408,-0.002393,0.383892,-0.020320,-0.881945
18.284000,1.163959,-0.603657,0.852043,0.901882,-0.633960,-0.490045,0.490045,3.000000,1.102405,0.004091,-0.002875,-0.000282,-0.000430,0.000086,0.271992,0.001431,0.433144,0.290449,-0.002422,0.383892,-0.020320,-0.887257
18.294000,1.104458,-0.612150,0.838211,0.842380,-0.642454,-0.503877,0.503877,3.000000,1.059411,0.003976,-0.003032,0.000174,-0.000188,0.000014,0.271992,0.001432,0.433144,0.290490,-0.002452,0.383892,-0.020320,-0.886649
18.304000,1.110011,-0.634461,0.821837,0.847933,-0.664764,-0.520252,0.520252,3.000000,1.077452,0.003935,-0.003085,0.000255,-0.000088,0.000201,0.271992,0.001431,0.433142,0.290529,-0.002482,0.383892,-0.020320,-0.888203
18.314000,1.135035,-0.624740,0.798165,0.872957,-0.655043,-0.543924,0.543924,3.000000,1.091391,0.003999,-0.003001,-0.000029,-0.000034,-0.000231,0.271991,0.001431,0.433144,0.290569,-0.002513,0.383892,-0.020320,-0.884565
18.324000,1.152121,-0.624134,0.799109,0.890044,-0.654437,-0.542979,0.542979,3.000000,1.104747,0.004028,-0.002962,0.000265,-0.000142,0.000374,0.271992,0.001432,0.433145,0.290609,-0.002542,0.383892,-0.020320,-0.889714
18.334000,1.163865,-0.638773,0.794810,0.901788,-0.669076,-0.547278,0.547278,3.000000,1.122891,0.004015,-0.002979,-0.000106,-0.000527,-0.000878,0.271991,0.001432,0.433142,0.290649,-0.002572,0.383892,-0.020320,-0.879040
18.344000,1.178570,-0.614556,0.782048,0.916493,-0.644859,-0.560041,0.560041,3.000000,1.120626,0.004089,-0.002877,-0.000002,0.000536,0.000091,0.271991,0.001434,0.433144,0.290690,-0.002601,0.383892,-0.020320,-0.887300
18.354000,1.123548,-0.643455,0.763119,0.861470,-0.673758,-0.578969,0.578969,3.000000,1.093655,0.003938,-0.003080,0.000035,0.000367,-0.001159,0.271991,0.001433,0.433143,0.290730,-0.002631,0.383892,-0.020320,-0.876673
18.364000,1.110554,-0.642878,0.765212,0.848476,-0.673182,-0.576876,0.576876,3.000000,1.083091,0.003917,-0.003108,-0.000294,-0.000233,-0.000236,0.271992,0.001432,0.433145,0.290769,-0.002663,0.383892,-0.020320,-0.884547
18.374000,1.098625,-0.639389,0.752072,0.836547,-0.669692,-0.590017,0.590017,3.000000,1.071587,0.003903,-0.003125,0.000106,0.000327,0.000542,0.271992,0.001433,0.433147,0.290808,-0.002694,0.383892,-0.020320,-0.891180
18.384000,1.140865,-0.639273,0.715503,0.878788,-0.669576,-0.626585,0.626585,3.000000,1.104808,0.003977,-0.003030,0.000032,0.000478,-0.000032,0.271992,0.001433,0.433146,0.290847,-0.002724,0.383892,-0.020320,-0.886300
18.394000,1.115152,-0.627609,0.687418,0.853075,-0.657913,-0.654670,0.654670,3.000000,1.077305,0.003959,-0.003054,0.000076,0.000012,0.000804,0.271993,0.001431,0.433149,0.290887,-0.002755,0.383892,-0.020320,-0.893445
18.404000,1.040511,-0.592329,0.656588,0.778433,-0.622632,-0.685500,0.685500,3.000000,0.996810,0.000000,0.000000,0.000090,-0.000006,-0.000670,0.271993,0.001431,0.433147,0.290923,-0.002782,0.383892,-0.020320,-0.880904
18.414000,1.095984,-0.625949,0.604175,0.833907,-0.656252,-0.737914,0.737914,3.000000,1.061163,0.003929,-0.003092,-0.000049,0.000163,-0.000176,0.271993,0.001431,0.433148,0.290950,-0.002804,0.383892,-0.020320,-0.885112
18.424000,1.075988,-0.634338,0.575321,0.813910,-0.664641,-0.766767,0.766767,3.000000,1.050808,0.003873,-0.003163,-0.000176,-0.000014,-0.000552,0.271992,0.001431,0.433146,0.290989,-0.002835,0.383892,-0.020320,-0.881882
18.434000,1.029654,-0.598026,0.557992,0.767577,-0.628329,-0.784096,0.784096,3.000000,0.991953,0.000000,0.000000,0.000479,-0.000363,0.000073,0.271993,0.001430,0.433147,0.291020,-0.002861,0.383892,-0.020320,-0.887209
18.444000,1.003008,-0.579921,0.558335,0.740930,-0.610224,-0.783753,0.783753,3.000000,0.959871,0.000000,0.000000,-0.000204,-0.000097,0.000352,0.271992,0.001431,0.433148,0.291020,-0.002861,0.383892,-0.020320,-0.889595
18.454000,1.077674,-0.565718,0.557425,0.815596,-0.596021,-0.784663,0.784663,3.000000,1.010167,0.004037,-0.002950,0.000188,-0.000094,0.000398,0.271993,0.001431,0.433150,0.291040,-0.002876,0.383892,-0.020320,-0.890010
18.464000,1.003822,-0.579843,0.586251,0.741744,-0.610146,-0.755838,0.755838,3.000000,0.960449,0.000000,0.000000,0.000109,0.000420,-0.000241,0.271992,0.001433,0.433148,0.291060,-0.002890,0.383892,-0.020320,-0.884559
18.474000,1.051575,-0.595805,0.566091,0.789498,-0.626108,-0.775997,0.775997,3.000000,1.007630,0.003918,-0.003107,-0.000150,0.000069,0.000172,0.271992,0.001431,0.433146,0.291068,-0.002897,0.383892,-0.020320,-0.888032
18.484000,1.071380,-0.563298,0.564642,0.809302,-0.593601,-0.777447,0.777447,3.000000,1.003660,0.004032,-0.002957,0.000236,-0.000425,0.000066,0.271993,0.001431,0.433148,0.291108,-0.002927,0.383892,-0.020320,-0.887157
18.494000,1.063530,-0.575423,0.581178,0.801452,-0.605726,-0.760910,0.760910,3.000000,1.004604,0.003989,-0.003015,0.000212,0.000393,-0.001254,0.271993,0.001433,0.433145,0.291120,-0.002936,0.383892,-0.020320,-0.875905
18.504000,1.031758,-0.564768,0.597749,0.769680,-0.595071,-0.744340,0.744340,3.000000,0.972892,0.000000,0.000000,-0.000120,0.000603,-0.001039,0.271992,0.001433,0.433146,0.291124,-0.002939,0.383892,-0.020320,-0.877750
18.514000,1.027673,-0.550639,0.606566,0.765595,-0.580942,-0.735523,0.735523,3.000000,0.961057,0.000000,0.000000,0.000130,-0.000265,-0.000453,0.271993,0.001431,0.433146,0.291124,-0.002939,0.383892,-0.020320,-0.882726
18.524000,1.043737,-0.556812,0.557597,0.781660,-0.587116,-0.784491,0.784491,3.000000,0.977598,0.000000,0.000000,0.000005,-0.000247,-0.000260,0.271992,0.001431,0.433146,0.291124,-0.002939,0.383892,-0.020320,-0.884358
18.534000,0.980170,-0.547355,0.575623,0.718092,-0.577658,-0.766466,0.766466,3.000000,0.921599,0.000000,0.000000,-0.000046,-0.000223,0.000214,0.271992,0.001430,0.433148,0.291124,-0.002939,0.383892,-0.020320,-0.888407
18.544000,1.076785,-0.558194,0.549080,0.814708,-0.588498,-0.793009,0.793009,3.000000,1.005026,0.004053,-0.002928,0.000150,-0.000088,0.000101,0.271993,0.001430,0.433147,0.291132,-0.002944,0.383892,-0.020320,-0.887438
18.554000,1.078176,-0.600059,0.551903,0.816098,-0.630363,-0.790186,0.790186,3.000000,1.031200,0.003957,-0.003056,-0.000085,-0.000027,-0.000964,0.271993,0.001431,0.433147,0.291172,-0.002974,0.383892,-0.020320,-0.878406
18.564000,1.043743,-0.580953,0.566502,0.781666,-0.611256,-0.775587,0.775587,3.000000,0.992288,0.000000,0.000000,0.000137,-0.000061,0.000180,0.271993,0.001432,0.433148,0.291188,-0.002987,0.383892,-0.020320,-0.888129
18.574000,1.063453,-0.574332,0.572181,0.801375,-0.604636,-0.769908,0.769908,3.000000,1.003886,0.003991,-0.003011,-0.000578,-0.000136,-0.001091,0.271991,0.001431,0.433145,0.291204,-0.002999,0.383892,-0.020320,-0.877286
18.584000,1.068077,-0.597532,0.530335,0.806000,-0.627836,-0.811753,0.811753,3.000000,1.021672,0.003945,-0.003073,0.000063,-0.000192,0.000354,0.271992,0.001431,0.433148,0.291236,-0.003023,0.383892,-0.020320,-0.889601
18.594000,1.071930,-0.618343,0.533063,0.809852,-0.648646,-0.809025,0.809025,3.000000,1.037595,0.003903,-0.003126,0.000218,-0.000187,0.000482,0.271992,0.001431,0.433149,0.291275,-0.003054,0.383892,-0.020320,-0.890708
18.604000,1.031094,-0.619963,0.581748,0.769017,-0.650266,-0.760340,0.760340,3.000000,1.007092,0.003818,-0.003228,0.000141,0.000158,-0.000021,0.271992,0.001433,0.433148,0.291302,-0.003076,0.383892,-0.020320,-0.886421
18.614000,0.992763,-0.592534,0.601164,0.730686,-0.622837,-0.740925,0.740925,3.000000,0.960119,0.000000,0.000000,-0.000153,-0.000304,-0.000057,0.271991,0.001431,0.433146,0.291306,-0.003080,0.383892,-0.020320,-0.886076
18.624000,1.063707,-0.618829,0.574427,0.801629,-0.649132,-0.767661,0.767661,3.000000,1.031495,0.003886,-0.003147,-0.000020,0.000118,0.000326,0.271992,0.001432,0.433145,0.291321,-0.003092,0.383892,-0.020320,-0.889313
18.634000,1.123799,-0.641444,0.579336,0.861722,-0.671747,-0.762752,0.762752,3.000000,1.092616,0.003943,-0.003074,0.000117,0.000051,-0.000070,0.271992,0.001432,0.433144,0.291361,-0.003123,0.383892,-0.020320,-0.885943
18.644000,1.079020,-0.623448,0.629712,0.816943,-0.653751,-0.712376,0.712376,3.000000,1.046320,0.003904,-0.003124,0.000078,0.000695,-0.000063,0.271991,0.001433,0.433144,0.291400,-0.003154,0.383892,-0.020320,-0.885991
18.654000,1.097168,-0.631804,0.644641,0.835091,-0.662107,-0.697448,0.697448,3.000000,1.065721,0.003918,-0.003106,0.000100,0.000308,0.000668,0.271992,0.001433,0.433147,0.291439,-0.003185,0.383892,-0.020320,-0.892249
18.664000,1.094056,-0.623207,0.644130,0.831978,-0.653510,-0.697958,0.697958,3.000000,1.057952,0.003932,-0.003089,0.000106,0.000021,0.000945,0.271992,0.001433,0.433146,0.291478,-0.003216,0.383892,-0.020320,-0.894592
18.674000,1.087353,-0.619090,0.657816,0.825275,-0.649393,-0.684272,0.684272,3.000000,1.050138,0.003929,-0.003092,-0.000052,-0.000094,0.000889,0.271992,0.001432,0.433147,0.291518,-0.003247,0.383892,-0.020320,-0.894119
18.684000,1.114599,-0.639967,0.648911,0.852522,-0.670270,-0.693178,0.693178,3.000000,1.084461,0.003931,-0.003090,0.000005,0.000372,0.000021,0.271992,0.001434,0.433146,0.291557,-0.003278,0.383892,-0.020320,-0.886747
18.694000,1.140751,-0.647900,0.640018,0.878673,-0.678203,-0.702071,0.702071,3.000000,1.109967,0.003958,-0.003055,-0.000120,0.000380,0.000137,0.271992,0.001434,0.433147,0.291597,-0.003308,0.383892,-0.020320,-0.887759
18.704000,1.099322,-0.657472,0.623918,0.837245,-0.687775,-0.718170,0.718170,3.000000,1.083519,0.003864,-0.003174,-0.000429,-0.000150,-0.000267,0.271992,0.001433,0.433148,0.291636,-0.003340,0.383892,-0.020320,-0.884345
18.714000,1.096759,-0.693274,0.569213,0.834682,-0.723577,-0.772875,0.772875,3.000000,1.104653,0.003778,-0.003275,0.000261,-0.000068,0.000237,0.271994,0.001434,0.433153,0.291674,-0.003372,0.383892,-0.020320,-0.888708
18.724000,1.040468,-0.709063,0.506501,0.778390,-0.739366,-0.835588,0.835588,3.000000,1.073570,0.003625,-0.003443,0.000458,0.000581,0.000868,0.271996,0.001434,0.433162,0.291711,-0.003405,0.383892,-0.020320,-0.894216
18.734000,1.003591,-0.699460,0.330910,0.741513,-0.729763,-1.011178,1.011178,3.000000,1.040383,0.003564,-0.003507,-0.000046,-0.000048,0.000901,0.271996,0.001434,0.433164,0.291747,-0.003440,0.383872,-0.020340,-0.894887
18.744000,0.964544,-0.699719,0.205994,0.702466,-0.730022,-1.136095,1.136095,3.000000,1.013110,0.003467,-0.003603,0.000069,0.000015,-0.000680,0.271997,0.001434,0.433164,0.291782,-0.003475,0.383672,-0.020540,-0.885072
18.754000,0.856067,-0.693770,0.107528,0.593989,-0.724073,-1.234561,1.234561,3.000000,0.936539,0.000000,0.000000,0.000038,0.000243,-0.000350,0.271998,0.001434,0.433166,0.291786,-0.003479,0.383472,-0.020740,-0.891520
18.764000,0.773963,-0.672171,-0.030845,0.511886,-0.702475,-1.372933,1.372933,3.000000,0.869194,0.000000,0.000000,0.000395,0.000439,0.000349,0.271999,0.001434,0.433170,0.291786,-0.003479,0.383272,-0.020940,-0.901121
18.774000,0.739753,-0.663762,-0.142360,0.477676,-0.694065,-1.484449,1.484449,3.000000,0.842556,0.000000,0.000000,0.000075,-0.000083,0.000398,0.271998,0.001432,0.433172,0.291786,-0.003479,0.383072,-0.021140,-0.905173
18.784000,0.739437,-0.642719,-0.248699,0.477360,-0.673022,-1.590787,1.590787,3.000000,0.825125,0.000000,0.000000,-0.000068,0.000152,0.000059,0.271999,0.001433,0.433173,0.291786,-0.003479,0.382872,-0.021340,-0.905907
18.794000,0.689884,-0.626920,-0.300181,0.427806,-0.657223,-1.642270,1.642270,3.000000,0.784194,0.000000,0.000000,-0.000171,-0.000039,-0.000772,0.271999,0.001432,0.433171,0.291786,-0.003479,0.382672,-0.021540,-0.902421
18.804000,0.616986,-0.614192,-0.324272,0.354909,-0.644496,-1.666361,1.666361,3.000000,0.735754,0.000000,0.000000,0.000053,0.000147,-0.000216,0.271999,0.001432,0.433170,0.291786,-0.003479,0.382472,-0.021740,-0.910728
18.814000,0.607729,-0.568280,-0.371868,0.345651,-0.598583,-1.713957,1.713957,3.000000,0.691213,0.000000,0.000000,0.000391,-0.000418,0.000080,0.271999,0.001430,0.433169,0.291786,-0.003479,0.382272,-0.021940,-0.916816
18.824000,0.625537,-0.567110,-0.406554,0.363459,-0.597413,-1.748642,1.748642,3.000000,0.699289,0.000000,0.000000,-0.000024,0.000128,0.000388,0.271998,0.001431,0.433171,0.291786,-0.003479,0.382072,-0.022140,-0.923067
18.834000,0.605224,-0.567145,-0.399071,0.343147,-0.597448,-1.741160,1.741160,3.000000,0.688981,0.000000,0.000000,0.000122,-0.000001,0.000049,0.271999,0.001431,0.433170,0.291786,-0.003479,0.381872,-0.022340,-0.923772
18.844000,0.616923,-0.547897,-0.421448,0.354846,-0.578200,-1.763537,1.763537,3.000000,0.678403,0.000000,0.000000,-0.000024,-0.000217,0.000605,0.271999,0.001430,0.433171,0.291786,-0.003479,0.381672,-0.022540,-0.932116
18.854000,0.578899,-0.507314,-0.415816,0.316822,-0.537617,-1.757905,1.757905,3.000000,0.624026,0.000000,0.000000,0.000291,-0.000274,0.000518,0.271999,0.001430,0.433170,0.291786,-0.003479,0.381472,-0.022740,-0.934954
18.864000,0.617047,-0.543710,-0.439709,0.354969,-0.574013,-1.781797,1.781797,3.000000,0.674903,0.000000,0.000000,0.000420,0.000775,0.000854,0.272000,0.001432,0.433171,0.291786,-0.003479,0.381272,-0.022940,-0.941421
18.874000,0.593173,-0.534230,-0.393019,0.331095,-0.564533,-1.735108,1.735108,3.000000,0.654463,0.000000,0.000000,-0.000238,-0.000075,-0.000296,0.271999,0.001431,0.433169,0.291786,-0.003479,0.381072,-0.023140,-0.935218
18.884000,0.603221,-0.529298,-0.405809,0.341144,-0.559602,-1.747898,1.747898,3.000000,0.655388,0.000000,0.000000,0.000153,0.000262,0.000647,0.271999,0.001430,0.433172,0.291786,-0.003479,0.380872,-0.023340,-0.946893
18.894000,0.554627,-0.492465,-0.420796,0.292550,-0.522768,-1.762884,1.762884,3.000000,0.599059,0.000000,0.000000,0.000096,-0.000542,0.000397,0.271999,0.001430,0.433170,0.291786,-0.003479,0.380672,-0.023540,-0.948333
18.904000,0.544504,-0.477781,-0.402198,0.282426,-0.508084,-1.744287,1.744287,3.000000,0.581304,0.000000,0.000000,0.000393,-0.000143,0.000779,0.271999,0.001431,0.433171,0.291786,-0.003479,0.380472,-0.023740,-0.955194
18.914000,0.592914,-0.491517,-0.428807,0.330837,-0.521820,-1.770895,1.770895,3.000000,0.617858,0.000000,0.000000,0.000141,-0.000445,0.000309,0.271998,0.001429,0.433168,0.291786,-0.003479,0.380272,-0.023940,-0.954741
18.924000,0.640799,-0.516274,-0.442458,0.378722,-0.546577,-1.784547,1.784547,3.000000,0.664964,0.000000,0.000000,0.000043,-0.000259,0.000648,0.271998,0.001430,0.433169,0.291786,-0.003479,0.380072,-0.024140,-0.961233
18.934000,0.627042,-0.515573,-0.360177,0.364965,-0.545876,-1.702265,1.702265,3.000000,0.656643,0.000000,0.000000,0.000138,0.000072,0.000032,0.271997,0.001431,0.433165,0.291786,-0.003479,0.379872,-0.024340,-0.959547
18.944000,0.631164,-0.538284,-0.297059,0.369087,-0.568588,-1.639148,1.639148,3.000000,0.677877,0.000000,0.000000,-0.000270,0.000496,-0.000682,0.271996,0.001431,0.433160,0.291786,-0.003479,0.379672,-0.024540,-0.956982
18.954000,0.683299,-0.493468,-0.227017,0.421222,-0.523771,-1.569105,1.569105,3.000000,0.672134,0.000000,0.000000,0.000307,0.000060,-0.000021,0.271996,0.001430,0.433157,0.291786,-0.003479,0.379472,-0.024740,-0.966142
18.964000,0.703678,-0.502501,-0.143113,0.441601,-0.532804,-1.485201,1.485201,3.000000,0.692020,0.000000,0.000000,-0.000499,-0.000677,-0.000634,0.271995,0.001429,0.433157,0.291786,-0.003479,0.379272,-0.024940,-0.964547
18.974000,0.762120,-0.529385,-0.047492,0.500043,-0.559688,-1.389580,1.389580,3.000000,0.750529,0.000000,0.000000,0.000288,0.000996,0.000785,0.271996,0.001432,0.433158,0.291786,-0.003479,0.379072,-0.025140,-0.980211
18.984000,0.859094,-0.559062,-0.005105,0.597016,-0.589365,-1.347194,1.347194,3.000000,0.838916,0.000000,0.000000,0.000002,-0.000804,0.000580,0.271995,0.001428,0.433158,0.291786,-0.003479,0.378872,-0.025340,-0.982064
18.994000,0.838360,-0.518329,0.066728,0.576282,-0.548633,-1.275361,1.275361,3.000000,0.795675,0.000000,0.000000,-0.000004,0.000066,-0.000384,0.271995,0.001432,0.433157,0.291786,-0.003479,0.378672,-0.025540,-0.977461
19.004000,0.813245,-0.516386,0.113214,0.551167,-0.546690,-1.228875,1.228875,3.000000,0.776308,0.000000,0.000000,-0.000138,-0.000151,-0.000337,0.271995,0.001430,0.433156,0.291786,-0.003479,0.378472,-0.025740,-0.981458
19.014000,0.829458,-0.534664,0.138619,0.567381,-0.564967,-1.203469,1.203469,3.000000,0.800693,0.000000,0.000000,0.000132,0.000230,-0.000170,0.271995,0.001430,0.433157,0.291786,-0.003479,0.378272,-0.025940,-0.986479
19.024000,0.872326,-0.558808,0.154746,0.610249,-0.589111,-1.187343,1.187343,3.000000,0.848207,0.000000,0.000000,0.000198,0.000596,0.000326,0.271995,0.001433,0.433157,0.291786,-0.003479,0.378072,-0.026140,-0.994296
19.034000,0.865643,-0.576660,0.172601,0.603565,-0.606963,-1.169488,1.169488,3.000000,0.855976,0.000000,0.000000,-0.000104,0.000553,-0.001141,0.271994,0.001433,0.433154,0.291786,-0.003479,0.377872,-0.026340,-0.985398
19.044000,0.876634,-0.546672,0.187936,0.614557,-0.576975,-1.154153,1.154153,3.000000,0.842959,0.000000,0.000000,-0.000170,-0.000270,-0.000195,0.271994,0.001431,0.433156,0.291786,-0.003479,0.377672,-0.026540,-0.997054
19.054000,0.933521,-0.550347,0.195555,0.671443,-0.580650,-1.146534,1.146534,3.000000,0.887688,0.000000,0.000000,0.000201,0.000189,0.000507,0.271995,0.001432,0.433157,0.291786,-0.003479,0.377472,-0.026740,-1.006626
19.064000,0.956190,-0.574700,0.213529,0.694112,-0.605003,-1.128559,1.128559,3.000000,0.920772,0.000000,0.000000,-0.000589,-0.000109,0.000019,0.271994,0.001432,0.433156,0.291786,-0.003479,0.377272,-0.026940,-1.006060
19.074000,0.931960,-0.570127,0.213557,0.669882,-0.600430,-1.128532,1.128532,3.000000,0.899588,0.000000,0.000000,0.000287,-0.000202,0.000469,0.271994,0.001430,0.433155,0.291786,-0.003479,0.377072,-0.027140,-1.013471
19.084000,0.915121,-0.568010,0.248165,0.653044,-0.598313,-1.093924,1.093924,3.000000,0.885689,0.000000,0.000000,-0.000268,0.000024,-0.001345,0.271993,0.001432,0.433152,0.291786,-0.003479,0.376872,-0.027340,-1.001615
19.094000,0.920768,-0.594063,0.277025,0.658691,-0.624366,-1.065063,1.065063,3.000000,0.907583,0.000000,0.000000,-0.000238,0.000444,-0.000552,0.271993,0.001432,0.433151,0.291786,-0.003479,0.376672,-0.027540,-1.011941
19.104000,0.952648,-0.563009,0.289246,0.690571,-0.593312,-1.052842,1.052842,3.000000,0.910444,0.000000,0.000000,-0.000227,0.000507,-0.000629,0.271993,0.001432,0.433152,0.291786,-0.003479,0.376472,-0.027740,-1.014892
19.114000,0.967586,-0.569587,0.320239,0.705508,-0.599891,-1.021849,1.021849,3.000000,0.926073,0.000000,0.000000,-0.000325,-0.000069,-0.000217,0.271993,0.001431,0.433151,0.291786,-0.003479,0.376272,-0.027940,-1.021981
19.124000,1.007301,-0.564186,0.307763,0.745223,-0.594490,-1.034325,1.034325,3.000000,0.953297,0.000000,0.000000,0.000053,0.000124,0.000434,0.271994,0.001431,0.433154,0.291786,-0.003479,0.376072,-0.028140,-1.031155
19.134000,0.978232,-0.578161,0.316645,0.716154,-0.608464,-1.025444,1.025444,3.000000,0.939737,0.000000,0.000000,0.000005,0.000148,0.000059,0.271995,0.001432,0.433155,0.291786,-0.003479,0.375872,-0.028340,-1.031593
19.144000,0.979993,-0.568727,0.319514,0.717916,-0.599030,-1.022575,1.022575,3.000000,0.935008,0.000000,0.000000,-0.000310,0.000260,-0.000164,0.271994,0.001432,0.433154,0.291786,-0.003479,0.375672,-0.028540,-1.033280
19.154000,0.947905,-0.575690,0.317523,0.685828,-0.605993,-1.024566,1.024566,3.000000,0.915198,0.000000,0.000000,0.000129,-0.000129,0.000222,0.271995,0.001431,0.433156,0.291786,-0.003479,0.375472,-0.028740,-1.040200
19.164000,0.954961,-0.574270,0.309887,0.692883,-0.604574,-1.032201,1.032201,3.000000,0.919563,0.000000,0.000000,-0.000105,0.000009,-0.000309,0.271994,0.001433,0.433155,0.291786,-0.003479,0.375272,-0.028940,-1.039263
19.174000,0.971691,-0.574901,0.313545,0.709614,-0.605204,-1.028544,1.028544,3.000000,0.932643,0.000000,0.000000,0.000150,0.000128,-0.000363,0.271995,0.001432,0.433155,0.291786,-0.003479,0.375072,-0.029140,-1.042420
19.184000,0.972908,-0.577468,0.299044,0.710831,-0.607772,-1.043044,1.043044,3.000000,0.935236,0.000000,0.000000,0.000042,0.000360,-0.000710,0.271994,0.001433,0.433155,0.291786,-0.003479,0.374872,-0.029340,-1.043064
19.194000,0.990099,-0.609180,0.302673,0.728022,-0.639483,-1.039416,1.039416,3.000000,0.968997,0.000000,0.000000,-0.000048,0.000340,-0.000126,0.271994,0.001432,0.433154,0.291786,-0.003479,0.374672,-0.029540,-1.051608
19.204000,1.004753,-0.603416,0.279430,0.742675,-0.633719,-1.062659,1.062659,3.000000,0.976302,0.000000,0.000000,0.000262,0.000318,0.000061,0.271994,0.001433,0.433155,0.291786,-0.003479,0.374472,-0.029740,-1.056808
19.214000,0.996749,-0.599914,0.272028,0.734672,-0.630217,-1.070060,1.070060,3.000000,0.967944,0.000000,0.000000,-0.000599,0.000391,-0.000316,0.271993,0.001432,0.433156,0.291786,-0.003479,0.374272,-0.029940,-1.057219
19.224000,0.999944,-0.580189,0.281647,0.737866,-0.610492,-1.060442,1.060442,3.000000,0.957678,0.000000,0.000000,0.000057,0.000056,-0.000364,0.271994,0.001432,0.433156,0.291786,-0.003479,0.374072,-0.030140,-1.060408
19.234000,0.993134,-0.577320,0.254712,0.731057,-0.607623,-1.087377,1.087377,3.000000,0.950605,0.000000,0.000000,-0.000232,-0.000233,-0.001332,0.271994,0.001431,0.433153,0.291786,-0.003479,0.373872,-0.030340,-1.055754
19.244000,0.950484,-0.562019,0.239818,0.688406,-0.592322,-1.102271,1.102271,3.000000,0.908157,0.000000,0.000000,0.000236,-0.000470,0.000072,0.271995,0.001431,0.433156,0.291786,-0.003479,0.373672,-0.030540,-1.071320
19.254000,0.967909,-0.558183,0.195113,0.705832,-0.588486,-1.146976,1.146976,3.000000,0.918974,0.000000,0.000000,-0.000090,-0.000363,0.000354,0.271995,0.001431,0.433158,0.291786,-0.003479,0.373472,-0.030740,-1.077344
19.264000,0.965095,-0.574351,0.179839,0.703018,-0.604654,-1.162249,1.162249,3.000000,0.927276,0.000000,0.000000,0.000579,-0.000165,0.000342,0.271995,0.001431,0.433158,0.291786,-0.003479,0.373272,-0.030940,-1.080839
19.274000,0.968964,-0.612110,0.179915,0.706886,-0.642413,-1.162174,1.162174,3.000000,0.955187,0.000000,0.000000,-0.000317,0.000468,0.000032,0.271994,0.001432,0.433158,0.291786,-0.003479,0.373072,-0.031140,-1.081811
19.284000,0.950717,-0.592816,0.182051,0.688640,-0.623119,-1.160037,1.160037,3.000000,0.928710,0.000000,0.000000,-0.000061,-0.000094,-0.000597,0.271995,0.001430,0.433157,0.291786,-0.003479,0.372872,-0.031340,-1.080065
19.294000,0.925160,-0.561874,0.173737,0.663083,-0.592178,-1.168352,1.168352,3.000000,0.889018,0.000000,0.000000,-0.000128,0.000377,0.000436,0.271995,0.001432,0.433159,0.291786,-0.003479,0.372672,-0.031540,-1.092453
19.304000,0.873962,-0.556987,0.186896,0.611884,-0.587291,-1.155193,1.155193,3.000000,0.848123,0.000000,0.000000,-0.000428,-0.000130,-0.000634,0.271994,0.001432,0.433156,0.291786,-0.003479,0.372472,-0.031740,-1.086923
19.314000,0.945706,-0.554480,0.177145,0.683629,-0.584783,-1.164944,1.164944,3.000000,0.899622,0.000000,0.000000,-0.000093,-0.000410,-0.000228,0.271995,0.001429,0.433156,0.291786,-0.003479,0.372272,-0.031940,-1.093972
19.324000,0.946868,-0.537559,0.173882,0.684791,-0.567863,-1.168207,1.168207,3.000000,0.889610,0.000000,0.000000,-0.000119,-0.000102,-0.000181,0.271995,0.001430,0.433156,0.291786,-0.003479,0.372072,-0.032140,-1.097962
19.334000,0.969363,-0.570293,0.158756,0.707286,-0.600596,-1.183333,1.183333,3.000000,0.927884,0.000000,0.000000,-0.000037,-0.000329,0.000534,0.271995,0.001430,0.433158,0.291786,-0.003479,0.371872,-0.032340,-1.107675
19.344000,0.854342,-0.538870,0.187827,0.592264,-0.569174,-1.154261,1.154261,3.000000,0.821423,0.000000,0.000000,-0.000056,-0.000006,-0.000063,0.271994,0.001432,0.433157,0.291786,-0.003479,0.371672,-0.032540,-1.106191
19.354000,0.902322,-0.529277,0.143073,0.640245,-0.559581,-1.199016,1.199016,3.000000,0.850320,0.000000,0.000000,-0.000111,-0.000236,-0.000688,0.271995,0.001431,0.433155,0.291786,-0.003479,0.371472,-0.032740,-1.104447
19.364000,0.912036,-0.507958,0.137166,0.649959,-0.538261,-1.204923,1.204923,3.000000,0.843903,0.000000,0.000000,0.000499,0.000042,0.001299,0.271996,0.001431,0.433161,0.291786,-0.003479,0.371272,-0.032940,-1.125013
19.374000,0.932606,-0.535074,0.100802,0.670528,-0.565377,-1.241286,1.241286,3.000000,0.877074,0.000000,0.000000,-0.000160,0.000267,0.000350,0.271995,0.001431,0.433159,0.291786,-0.003479,0.371072,-0.033140,-1.120535
19.384000,0.883513,-0.559564,0.105011,0.621435,-0.589867,-1.237077,1.237077,3.000000,0.856811,0.000000,0.000000,0.000173,0.000395,0.000082,0.271995,0.001432,0.433159,0.291786,-0.003479,0.370872,-0.033340,-1.121859
19.394000,0.857704,-0.529868,0.106310,0.595626,-0.560172,-1.235779,1.235779,3.000000,0.817657,0.000000,0.000000,-0.000038,0.000531,-0.000101,0.271995,0.001432,0.433160,0.291786,-0.003479,0.370672,-0.033540,-1.123924
19.404000,0.870028,-0.522198,0.090121,0.607951,-0.552501,-1.251968,1.251968,3.000000,0.821500,0.000000,0.000000,0.000029,-0.000067,0.000052,0.271995,0.001431,0.433159,0.291786,-0.003479,0.370472,-0.033740,-1.128813
19.414000,0.858927,-0.522025,0.102401,0.596849,-0.552328,-1.239688,1.239688,3.000000,0.813201,0.000000,0.000000,-0.000007,-0.000072,0.000041,0.271995,0.001431,0.433158,0.291786,-0.003479,0.370272,-0.033940,-1.132300
19.424000,0.878613,-0.534210,0.054174,0.616536,-0.564514,-1.287914,1.287914,3.000000,0.835938,0.000000,0.000000,0.000058,-0.000451,0.000554,0.271995,0.001429,0.433160,0.291786,-0.003479,0.370072,-0.034140,-1.140278
19.434000,0.871506,-0.510226,0.071981,0.609428,-0.540529,-1.270107,1.270107,3.000000,0.814601,0.000000,0.000000,0.000233,-0.000199,-0.000160,0.271996,0.001429,0.433161,0.291786,-0.003479,0.369872,-0.034340,-1.137832
19.444000,0.830095,-0.486996,0.090367,0.568017,-0.517299,-1.251722,1.251722,3.000000,0.768272,0.000000,0.000000,0.000009,-0.000042,-0.000086,0.271995,0.001430,0.433157,0.291786,-0.003479,0.369672,-0.034540,-1.141999
19.454000,0.870536,-0.515125,0.069378,0.608458,-0.545428,-1.272711,1.272711,3.000000,0.817137,0.000000,0.000000,-0.000195,0.000051,0.000092,0.271994,0.001430,0.433156,0.291786,-0.003479,0.369472,-0.034740,-1.147080
19.464000,0.905569,-0.492587,0.029775,0.643492,-0.522890,-1.312313,1.312313,3.000000,0.829153,0.000000,0.000000,0.000211,-0.000146,0.000187,0.271996,0.001429,0.433158,0.291786,-0.003479,0.369272,-0.034940,-1.151528
19.474000,0.839078,-0.478257,0.069819,0.577001,-0.508560,-1.272269,1.272269,3.000000,0.769131,0.000000,0.000000,-0.000113,0.000332,-0.001217,0.271995,0.001431,0.433154,0.291786,-0.003479,0.369072,-0.035140,-1.143154
19.484000,0.779815,-0.504752,0.092004,0.517737,-0.535055,-1.250085,1.250085,3.000000,0.744537,0.000000,0.000000,0.000037,-0.000267,0.000280,0.271995,0.001428,0.433157,0.291786,-0.003479,0.368872,-0.035340,-1.159511
19.494000,0.841073,-0.501896,0.095404,0.578995,-0.532199,-1.246685,1.246685,3.000000,0.786430,0.000000,0.000000,0.000095,-0.000540,0.001144,0.271995,0.001428,0.433157,0.291786,-0.003479,0.368672,-0.035540,-1.170439
19.504000,0.860191,-0.458216,0.101093,0.598113,-0.488519,-1.240996,1.240996,3.000000,0.772263,0.000000,0.000000,0.000107,-0.000155,-0.000173,0.271995,0.001430,0.433158,0.291786,-0.003479,0.368472,-0.035740,-1.162878
19.514000,0.876418,-0.483543,0.093594,0.614341,-0.513846,-1.248495,1.248495,3.000000,0.800907,0.000000,0.000000,-0.000178,-0.000771,0.000290,0.271995,0.001428,0.433160,0.291786,-0.003479,0.368272,-0.035940,-1.170431
19.524000,0.874867,-0.492043,0.077107,0.612790,-0.522346,-1.264982,1.264982,3.000000,0.805206,0.000000,0.000000,-0.000046,0.000330,-0.000562,0.271996,0.001431,0.433157,0.291786,-0.003479,0.368072,-0.036140,-1.166759
19.534000,0.899997,-0.519149,0.080808,0.637919,-0.549453,-1.261280,1.261280,3.000000,0.841926,0.000000,0.000000,0.000154,0.000113,0.000547,0.271996,0.001432,0.433160,0.291786,-0.003479,0.367872,-0.036340,-1.179815
19.544000,0.809523,-0.485545,0.090758,0.547445,-0.515848,-1.251331,1.251331,3.000000,0.752194,0.000000,0.000000,0.000267,-0.000353,-0.000286,0.271996,0.001430,0.433159,0.291786,-0.003479,0.367672,-0.036540,-1.176331
19.554000,0.836944,-0.511021,0.070978,0.574866,-0.541324,-1.271111,1.271111,3.000000,0.789622,0.000000,0.000000,0.000349,0.000385,0.000157,0.271997,0.001431,0.433160,0.291786,-0.003479,0.367472,-0.036740,-1.183722
19.564000,0.878433,-0.523589,0.019434,0.616356,-0.553892,-1.322654,1.322654,3.000000,0.828668,0.000000,0.000000,0.000194,0.000256,0.000808,0.271997,0.001430,0.433161,0.291786,-0.003479,0.367272,-0.036940,-1.192846
19.574000,0.865029,-0.504289,0.007428,0.602951,-0.534593,-1.334661,1.334661,3.000000,0.805816,0.000000,0.000000,0.000205,0.000260,0.000646,0.271996,0.001431,0.433161,0.291786,-0.003479,0.367072,-0.037140,-1.195081
19.584000,0.823797,-0.486688,0.056772,0.561720,-0.516991,-1.285316,1.285316,3.000000,0.763419,0.000000,0.000000,-0.000381,-0.000218,0.000004,0.271996,0.001430,0.433159,0.291786,-0.003479,0.366872,-0.037340,-1.193202
19.594000,0.817639,-0.508722,0.003948,0.555561,-0.539025,-1.338140,1.338140,3.000000,0.774078,0.000000,0.000000,0.000364,-0.000143,0.000169,0.271997,0.001429,0.433161,0.291786,-0.003479,0.366672,-0.037540,-1.198227
19.604000,0.774471,-0.503195,0.008196,0.512394,-0.533498,-1.333893,1.333893,3.000000,0.739708,0.000000,0.000000,0.000011,0.000224,0.000146,0.271996,0.001429,0.433160,0.291786,-0.003479,0.366472,-0.037740,-1.201620
19.614000,0.776953,-0.461391,0.027787,0.514876,-0.491695,-1.314302,1.314302,3.000000,0.711941,0.000000,0.000000,-0.000579,-0.000617,-0.000969,0.271995,0.001428,0.433158,0.291786,-0.003479,0.366272,-0.037940,-1.195715
19.624000,0.844313,-0.513970,0.048997,0.582236,-0.544274,-1.293091,1.293091,3.000000,0.797015,0.000000,0.000000,0.000037,0.000535,0.000773,0.271996,0.001431,0.433161,0.291786,-0.003479,0.366072,-0.038140,-1.214163
19.634000,0.840612,-0.487097,0.031860,0.578534,-0.517400,-1.310228,1.310228,3.000000,0.776147,0.000000,0.000000,-0.000283,-0.000258,-0.000217,0.271995,0.001428,0.433158,0.291786,-0.003479,0.365872,-0.038340,-1.209304
19.644000,0.849587,-0.504943,0.008780,0.587509,-0.535246,-1.333308,1.333308,3.000000,0.794768,0.000000,0.000000,0.000400,0.000651,0.001073,0.271997,0.001430,0.433165,0.291786,-0.003479,0.365672,-0.038540,-1.223973
19.654000,0.839295,-0.490796,-0.039626,0.577218,-0.521099,-1.381714,1.381714,3.000000,0.777640,0.000000,0.000000,0.000162,-0.000119,-0.000328,0.271996,0.001429,0.433160,0.291786,-0.003479,0.365472,-0.038740,-1.215588
19.664000,0.846668,-0.462421,-0.012623,0.584590,-0.492724,-1.354711,1.354711,3.000000,0.764541,0.000000,0.000000,-0.000124,-0.000285,-0.000401,0.271995,0.001429,0.433159,0.291786,-0.003479,0.365272,-0.038940,-1.218554
19.674000,0.836540,-0.470281,-0.023216,0.574463,-0.500584,-1.365304,1.365304,3.000000,0.761966,0.000000,0.000000,-0.000098,-0.000355,-0.000358,0.271996,0.001430,0.433161,0.291786,-0.003479,0.365072,-0.039140,-1.222559
19.684000,0.805540,-0.448059,-0.008739,0.543462,-0.478363,-1.350828,1.350828,3.000000,0.724004,0.000000,0.000000,-0.000527,-0.000233,0.000124,0.271995,0.001429,0.433159,0.291786,-0.003479,0.364872,-0.039340,-1.230219
19.694000,0.810922,-0.475165,-0.007754,0.548845,-0.505468,-1.349843,1.349843,3.000000,0.746143,0.000000,0.000000,0.000060,-0.000325,-0.000326,0.271996,0.001429,0.433159,0.291786,-0.003479,0.364672,-0.039540,-1.229994
19.704000,0.820398,-0.497258,-0.036692,0.558320,-0.527561,-1.378780,1.378780,3.000000,0.768142,0.000000,0.000000,-0.000480,0.000293,-0.000384,0.271994,0.001431,0.433157,0.291786,-0.003479,0.364472,-0.039740,-1.233067
19.714000,0.848195,-0.516531,0.016770,0.586118,-0.546835,-1.325319,1.325319,3.000000,0.801600,0.000000,0.000000,-0.000006,0.000426,0.000316,0.271996,0.001432,0.433161,0.291786,-0.003479,0.364272,-0.039940,-1.242686
19.724000,0.792925,-0.495609,0.029939,0.530848,-0.525913,-1.312150,1.312150,3.000000,0.747251,0.000000,0.000000,0.000034,0.000144,0.000100,0.271996,0.001431,0.433158,0.291786,-0.003479,0.364072,-0.040140,-1.244387
19.734000,0.812364,-0.502478,0.012470,0.550286,-0.532781,-1.329619,1.329619,3.000000,0.765944,0.000000,0.000000,0.000483,-0.000268,0.001188,0.271996,0.001430,0.433160,0.291786,-0.003479,0.363872,-0.040340,-1.257258
19.744000,0.862693,-0.493167,0.017262,0.600615,-0.523470,-1.324827,1.324827,3.000000,0.796718,0.000000,0.000000,-0.000260,0.000085,0.000535,0.271995,0.001431,0.433159,0.291786,-0.003479,0.363672,-0.040540,-1.255305
19.754000,0.875791,-0.507734,0.029117,0.613714,-0.538037,-1.312972,1.312972,3.000000,0.816167,0.000000,0.000000,0.000158,0.000690,-0.000120,0.271996,0.001432,0.433157,0.291786,-0.003479,0.363472,-0.040740,-1.253311
19.764000,0.790139,-0.506268,0.077768,0.528061,-0.536571,-1.264320,1.264320,3.000000,0.752833,0.000000,0.000000,-0.000318,0.000810,-0.001017,0.271994,0.001434,0.433156,0.291786,-0.003479,0.363272,-0.040940,-1.249272
19.774000,0.866379,-0.533366,0.095608,0.604301,-0.563669,-1.246480,1.246480,3.000000,0.826379,0.000000,0.000000,0.000178,0.000537,0.000383,0.271995,0.001434,0.433159,0.291786,-0.003479,0.363072,-0.041140,-1.264813
19.784000,0.831250,-0.559737,0.113313,0.569173,-0.590040,-1.228776,1.228776,3.000000,0.819820,0.000000,0.000000,-0.000159,-0.000101,-0.000714,0.271995,0.001433,0.433155,0.291786,-0.003479,0.362872,-0.041340,-1.259030
19.794000,0.899173,-0.569493,0.106162,0.637096,-0.599796,-1.235927,1.235927,3.000000,0.875012,0.000000,0.000000,0.000063,0.000170,-0.000732,0.271995,0.001433,0.433156,0.291786,-0.003479,0.362672,-0.041540,-1.262491
19.804000,0.888611,-0.599129,0.110141,0.626533,-0.629432,-1.231948,1.231948,3.000000,0.888104,0.000000,0.000000,-0.000060,-0.000253,-0.000844,0.271994,0.001433,0.433155,0.291786,-0.003479,0.362472,-0.041740,-1.265126
19.814000,0.861849,-0.595679,0.116248,0.599771,-0.625982,-1.225841,1.225841,3.000000,0.866937,0.000000,0.000000,-0.000374,-0.000067,-0.000422,0.271994,0.001433,0.433155,0.291786,-0.003479,0.362272,-0.041940,-1.272316
19.824000,0.938006,-0.624522,0.086635,0.675928,-0.654826,-1.255454,1.255454,3.000000,0.941103,0.000000,0.000000,0.000273,0.000297,-0.000260,0.271994,0.001434,0.433151,0.291786,-0.003479,0.362072,-0.042140,-1.277208
19.834000,0.918491,-0.615566,0.114344,0.656414,-0.645869,-1.227745,1.227745,3.000000,0.920883,0.000000,0.000000,-0.000145,-0.000316,-0.001176,0.271993,0.001434,0.433150,0.291786,-0.003479,0.361872,-0.042340,-1.273014
19.844000,0.966673,-0.652020,0.176065,0.704595,-0.682323,-1.166023,1.166023,3.000000,0.980826,0.000000,0.000000,-0.000403,0.000168,-0.001034,0.271992,0.001435,0.433150,0.291786,-0.003479,0.361672,-0.042540,-1.277829
19.854000,0.957173,-0.666217,0.244737,0.695096,-0.696520,-1.097352,1.097352,3.000000,0.984022,0.000000,0.000000,-0.000260,0.000794,-0.000000,0.271993,0.001437,0.433152,0.291786,-0.003479,0.361472,-0.042740,-1.290226
19.864000,1.035780,-0.695528,0.233809,0.773702,-0.725832,-1.108280,1.108280,3.000000,1.060871,0.003647,-0.003421,0.000255,0.000135,0.000149,0.271994,0.001436,0.433151,0.291818,-0.003510,0.361272,-0.042940,-1.295076
19.874000,1.030718,-0.725638,0.247085,0.768641,-0.755942,-1.095004,1.095004,3.000000,1.078080,0.003565,-0.003506,-0.000310,0.000025,-0.001497,0.271992,0.001436,0.433149,0.291854,-0.003545,0.361072,-0.043140,-1.284674
19.884000,1.007764,-0.690581,0.262707,0.745687,-0.720884,-1.079381,1.079381,3.000000,1.037170,0.003595,-0.003475,0.000688,0.000134,0.000688,0.271994,0.001436,0.433152,0.291889,-0.003581,0.360872,-0.043340,-1.306878
19.894000,1.030275,-0.783673,0.295709,0.768198,-0.813976,-1.046380,1.046380,3.000000,1.119234,0.003432,-0.003636,-0.000355,-0.000118,-0.000383,0.271992,0.001435,0.433150,0.291924,-0.003616,0.360672,-0.043540,-1.301352
19.904000,1.087027,-0.787866,0.338926,0.824950,-0.818169,-1.003163,1.003163,3.000000,1.161870,0.003550,-0.003521,-0.000176,0.000891,-0.000177,0.271993,0.001437,0.433152,0.291959,-0.003652,0.360472,-0.043740,-1.306725
19.914000,1.115599,-0.753340,0.294201,0.853522,-0.783643,-1.047887,1.047887,3.000000,1.158705,0.003683,-0.003382,-0.000455,-0.000255,0.000179,0.271993,0.001434,0.433152,0.291996,-0.003686,0.360312,-0.043900,-1.312634
19.924000,1.093414,-0.757494,0.297189,0.831336,-0.787798,-1.044900,1.044900,3.000000,1.145315,0.003629,-0.003439,0.000282,-0.000174,0.000067,0.271994,0.001435,0.433150,0.292032,-0.003720,0.360112,-0.044100,-1.315251
19.934000,1.040390,-0.730906,0.309671,0.778313,-0.761209,-1.032418,1.032418,3.000000,1.088674,0.003575,-0.003496,0.000179,-0.000479,0.000865,0.271993,0.001433,0.433152,0.292068,-0.003755,0.359912,-0.044300,-1.325659
19.944000,1.081868,-0.742147,0.300549,0.819790,-0.772450,-1.041539,1.041539,3.000000,1.126382,0.003639,-0.003429,0.000101,0.000437,0.000523,0.271993,0.001435,0.433152,0.292105,-0.003789,0.359712,-0.044500,-1.326341
19.954000,1.040072,-0.751961,0.333444,0.777995,-0.782264,-1.008645,1.008645,3.000000,1.103274,0.003526,-0.003545,0.000073,-0.000526,0.000259,0.271993,0.001433,0.433151,0.292140,-0.003824,0.359512,-0.044700,-1.327689
19.964000,1.065433,-0.749339,0.349357,0.803356,-0.779643,-0.992732,0.992732,3.000000,1.119475,0.003588,-0.003482,0.000016,-0.000084,-0.000035,0.271993,0.001433,0.433149,0.292176,-0.003859,0.359432,-0.044780,-1.326598
19.974000,1.070216,-0.760994,0.366808,0.808139,-0.791297,-0.975280,0.975280,3.000000,1.131035,0.003573,-0.003498,0.000032,0.000163,0.000658,0.271993,0.001434,0.433152,0.292212,-0.003894,0.359432,-0.044780,-1.332534
19.984000,1.049980,-0.709270,0.363518,0.787902,-0.739573,-0.978570,0.978570,3.000000,1.080628,0.003646,-0.003422,-0.000347,-0.000199,-0.000011,0.271993,0.001433,0.433150,0.292248,-0.003929,0.359432,-0.044780,-1.326823
19.994000,1.039005,-0.704649,0.378072,0.776928,-0.734952,-0.964017,0.964017,3.000000,1.069472,0.003632,-0.003436,-0.000237,-0.000576,-0.000008,0.271993,0.001433,0.433152,0.292284,-0.003963,0.359432,-0.044780,-1.326892
20.004000,1.077649,-0.671758,0.331177,0.815571,-0.702061,-1.010911,1.010911,3.000000,1.076126,0.003789,-0.003262,-0.000400,-0.000451,-0.000348,0.271993,0.001433,0.433151,0.292322,-0.003996,0.359332,-0.044880,-1.325778
20.014000,1.075728,-0.685856,0.310899,0.813650,-0.716159,-1.031190,1.031190,3.000000,1.083933,0.003753,-0.003304,-0.000041,0.000240,-0.000076,0.271993,0.001434,0.433152,0.292360,-0.004029,0.359132,-0.045080,-1.331706
20.024000,1.080849,-0.692157,0.349233,0.818772,-0.722460,-0.992855,0.992855,3.000000,1.091941,0.003749,-0.003308,-0.000315,-0.000501,-0.001381,0.271992,0.001434,0.433147,0.292397,-0.004062,0.359012,-0.045200,-1.322697
20.034000,1.073727,-0.685853,0.334876,0.811649,-0.716157,-1.007213,1.007213,3.000000,1.082430,0.003749,-0.003308,0.000457,0.000153,0.000597,0.271993,0.001434,0.433151,0.292434,-0.004095,0.358972,-0.045240,-1.340285
20.044000,1.042693,-0.734389,0.311575,0.780616,-0.764692,-1.030514,1.030514,3.000000,1.092755,0.003572,-0.003499,0.000164,0.000189,-0.000086,0.271993,0.001435,0.433150,0.292471,-0.004130,0.358772,-0.045440,-1.338073
20.054000,1.068614,-0.726804,0.337836,0.806536,-0.757107,-1.004252,1.004252,3.000000,1.106215,0.003645,-0.003422,0.000049,0.000147,0.000576,0.271993,0.001434,0.433151,0.292507,-0.004164,0.358572,-0.045640,-1.347299
20.064000,1.039794,-0.746414,0.372045,0.777716,-0.776717,-0.970043,0.970043,3.000000,1.099151,0.003538,-0.003533,-0.000287,0.000005,-0.001009,0.271992,0.001434,0.433146,0.292543,-0.004199,0.358452,-0.045760,-1.335926
20.074000,1.060336,-0.706337,0.407379,0.798259,-0.736641,-0.934709,0.934709,3.000000,1.086212,0.003675,-0.003391,-0.000221,-0.000262,-0.000552,0.271992,0.001434,0.433146,0.292579,-0.004234,0.358452,-0.045760,-1.339802
20.084000,1.107159,-0.718115,0.392143,0.845081,-0.748419,-0.949946,0.949946,3.000000,1.128846,0.003743,-0.003315,0.000082,-0.000258,0.000169,0.271992,0.001433,0.433146,0.292616,-0.004267,0.358452,-0.045760,-1.345926
20.094000,1.100995,-0.724959,0.439126,0.838918,-0.755262,-0.902963,0.902963,3.000000,1.128806,0.003716,-0.003345,-0.000081,0.000128,-0.000723,0.271992,0.001434,0.433145,0.292653,-0.004300,0.358452,-0.045760,-1.338327
20.104000,1.105952,-0.716308,0.437074,0.843874,-0.746611,-0.905014,0.905014,3.000000,1.126744,0.003745,-0.003313,-0.000245,-0.000252,-0.000034,0.271991,0.001433,0.433147,0.292691,-0.004334,0.358452,-0.045760,-1.344205
20.114000,1.090397,-0.734518,0.448661,0.828320,-0.764822,-0.893427,0.893427,3.000000,1.127416,0.003674,-0.003392,-0.000216,-0.000291,-0.000201,0.271992,0.001433,0.433146,0.292728,-0.004367,0.358452,-0.045760,-1.342779
20.124000,1.140008,-0.720866,0.434848,0.877931,-0.751170,-0.907240,0.907240,3.000000,1.155430,0.003799,-0.003251,0.000321,0.000522,0.000419,0.271992,0.001434,0.433148,0.292765,-0.004400,0.358452,-0.045760,-1.348082
20.134000,1.091530,-0.697618,0.463961,0.829453,-0.727921,-0.878127,0.878127,3.000000,1.103567,0.003758,-0.003298,-0.000462,0.000590,-0.000530,0.271991,0.001436,0.433147,0.292803,-0.004433,0.358452,-0.045760,-1.340002
20.144000,1.092419,-0.701733,0.457799,0.830342,-0.732036,-0.884289,0.884289,3.000000,1.106953,0.003751,-0.003307,0.000283,0.000219,0.000244,0.271992,0.001434,0.433146,0.292840,-0.004466,0.358452,-0.045760,-1.346563
20.154000,1.104884,-0.738773,0.441956,0.842807,-0.769076,-0.900132,0.900132,3.000000,1.140965,0.003693,-0.003370,0.000260,-0.000043,0.000018,0.271992,0.001434,0.433147,0.292877,-0.004500,0.358452,-0.045760,-1.344662
20.164000,1.090499,-0.714021,0.448766,0.828422,-0.744324,-0.893323,0.893323,3.000000,1.113688,0.003719,-0.003342,0.000147,-0.000208,0.000061,0.271992,0.001434,0.433147,0.292914,-0.004534,0.358452,-0.045760,-1.345022
20.174000,1.135781,-0.722405,0.443007,0.873703,-0.752709,-0.899082,0.899082,3.000000,1.153225,0.003788,-0.003263,0.000002,-0.000235,0.000436,0.271992,0.001433,0.433149,0.292952,-0.004566,0.358452,-0.045760,-1.348238
20.184000,1.101495,-0.739233,0.438040,0.839417,-0.769536,-0.904048,0.904048,3.000000,1.138775,0.003686,-0.003379,0.000378,0.000321,0.000406,0.271992,0.001434,0.433147,0.292989,-0.004599,0.358452,-0.045760,-1.347938
20.194000,1.105564,-0.732669,0.441514,0.843486,-0.762972,-0.900574,0.900574,3.000000,1.137364,0.003708,-0.003354,0.000045,-0.000195,-0.000093,0.271992,0.001434,0.433147,0.293026,-0.004634,0.358452,-0.045760,-1.343710
20.204000,1.109813,-0.727624,0.457200,0.847735,-0.757928,-0.884888,0.884888,3.000000,1.137150,0.003727,-0.003333,-0.000259,-0.000349,-0.000475,0.271992,0.001432,0.433147,0.293063,-0.004667,0.358452,-0.045760,-1.340469
20.214000,1.116410,-0.705562,0.437424,0.854332,-0.735866,-0.904665,0.904665,3.000000,1.127556,0.003788,-0.003263,-0.000440,0.000620,-0.000535,0.271992,0.001435,0.433145,0.293101,-0.004700,0.358452,-0.045760,-1.339935
20.224000,1.116660,-0.708579,0.414316,0.854583,-0.738882,-0.927772,0.927772,3.000000,1.129716,0.003782,-0.003270,-0.000232,0.000373,0.000576,0.271992,0.001434,0.433148,0.293139,-0.004732,0.358452,-0.045760,-1.349413
20.234000,1.109686,-0.687953,0.384051,0.847608,-0.718256,-0.958037,0.958037,3.000000,1.111005,0.003815,-0.003232,0.000035,-0.000258,0.000266,0.271993,0.001432,0.433149,0.293177,-0.004765,0.358452,-0.045760,-1.346801
20.244000,1.098865,-0.714857,0.415474,0.836787,-0.745160,-0.926615,0.926615,3.000000,1.120481,0.003734,-0.003325,-0.000100,0.000256,0.000656,0.271993,0.001434,0.433150,0.293215,-0.004797,0.358452,-0.045760,-1.350120
20.254000,1.066251,-0.682676,0.391937,0.804173,-0.712979,-0.950152,0.950152,3.000000,1.074725,0.003741,-0.003317,0.000026,-0.000081,0.000037,0.271993,0.001432,0.433148,0.293252,-0.004830,0.358452,-0.045760,-1.344847
20.264000,1.053097,-0.664307,0.375286,0.791020,-0.694611,-0.966803,0.966803,3.000000,1.052709,0.003757,-0.003299,-0.000018,-0.000488,-0.000277,0.271992,0.001432,0.433147,0.293290,-0.004864,0.358452,-0.045760,-1.342160
20.274000,1.098389,-0.688725,0.342836,0.836311,-0.719028,-0.999252,0.999252,3.000000,1.102914,0.003791,-0.003260,-0.000217,-0.000474,0.000443,0.271993,0.001432,0.433150,0.293328,-0.004896,0.358392,-0.045820,-1.349391
20.284000,1.029854,-0.667809,0.336595,0.767776,-0.698112,-1.005493,1.005493,3.000000,1.037709,0.003699,-0.003364,-0.000009,0.000262,-0.000275,0.271993,0.001434,0.433151,0.293366,-0.004929,0.358192,-0.046020,-1.346921
20.294000,0.988346,-0.635544,0.334829,0.726269,-0.665847,-1.007260,1.007260,3.000000,0.985301,0.000000,0.000000,-0.000264,-0.000227,-0.000956,0.271993,0.001432,0.433149,0.293388,-0.004949,0.358072,-0.046140,-1.343263
20.304000,1.064674,-0.654703,0.281592,0.802596,-0.685006,-1.060497,1.060497,3.000000,1.055175,0.003803,-0.003246,-0.000189,-0.000032,-0.000132,0.271993,0.001433,0.433153,0.293417,-0.004976,0.357872,-0.046340,-1.353920
20.314000,1.013316,-0.656449,0.286471,0.751239,-0.686752,-1.055618,1.055618,3.000000,1.017835,0.003690,-0.003374,-0.000076,-0.000133,-0.000501,0.271993,0.001433,0.433151,0.293455,-0.005009,0.357672,-0.046540,-1.354363
20.324000,1.018183,-0.665812,0.248692,0.756105,-0.696115,-1.093396,1.093396,3.000000,1.027751,0.003678,-0.003387,0.000312,0.000442,0.000086,0.271994,0.001434,0.433151,0.293484,-0.005036,0.357472,-0.046740,-1.362951
20.334000,1.051160,-0.658487,0.200186,0.789083,-0.688790,-1.141902,1.141902,3.000000,1.047418,0.003767,-0.003288,0.000376,-0.000119,0.000259,0.271994,0.001433,0.433152,0.293521,-0.005070,0.357272,-0.046940,-1.368029
20.344000,1.025123,-0.651666,0.221316,0.763046,-0.681969,-1.120773,1.120773,3.000000,1.023387,0.003728,-0.003332,-0.000325,-0.000256,-0.000535,0.271993,0.001432,0.433150,0.293559,-0.005103,0.357072,-0.047140,-1.364864
20.354000,0.996004,-0.633144,0.271701,0.733926,-0.663447,-1.070387,1.070387,3.000000,0.989348,0.000000,0.000000,0.000135,-0.000189,0.000218,0.271994,0.001432,0.433151,0.293577,-0.005119,0.356872,-0.047340,-1.374872
20.364000,0.994494,-0.664068,0.236326,0.732417,-0.694371,-1.105762,1.105762,3.000000,1.009250,0.003629,-0.003440,0.000367,0.000196,0.000561,0.271994,0.001433,0.433152,0.293607,-0.005147,0.356672,-0.047540,-1.381401
20.374000,0.979947,-0.639320,0.249175,0.717870,-0.669623,-1.092914,1.092914,3.000000,0.981699,0.000000,0.000000,-0.000217,0.000596,-0.000666,0.271993,0.001433,0.433150,0.293617,-0.005157,0.356472,-0.047740,-1.374544
20.384000,0.977136,-0.629862,0.218897,0.715059,-0.660165,-1.123192,1.123192,3.000000,0.973205,0.000000,0.000000,-0.000061,-0.000099,-0.000514,0.271993,0.001431,0.433149,0.293632,-0.005171,0.356272,-0.047940,-1.379421
20.394000,0.973180,-0.616876,0.226279,0.711103,-0.647179,-1.115810,1.115810,3.000000,0.961513,0.000000,0.000000,-0.000007,-0.000158,-0.000018,0.271993,0.001431,0.433151,0.293632,-0.005171,0.356072,-0.048140,-1.387270
20.404000,0.974020,-0.595732,0.219910,0.711943,-0.626035,-1.122178,1.122178,3.000000,0.948041,0.000000,0.000000,0.000160,0.000377,-0.000099,0.271994,0.001432,0.433152,0.293632,-0.005171,0.355872,-0.048340,-1.390187
20.414000,0.981774,-0.606273,0.202554,0.719697,-0.636576,-1.139534,1.139534,3.000000,0.960829,0.000000,0.000000,0.000179,-0.000088,0.000229,0.271994,0.001431,0.433153,0.293632,-0.005171,0.355672,-0.048540,-1.396590
20.424000,0.972662,-0.558796,0.164659,0.710584,-0.589099,-1.177429,1.177429,3.000000,0.923021,0.000000,0.000000,-0.000139,0.000281,-0.000982,0.271994,0.001431,0.433151,0.293632,-0.005171,0.355472,-0.048740,-1.389879
20.434000,0.955603,-0.595139,0.170663,0.693525,-0.625442,-1.171425,1.171425,3.000000,0.933892,0.000000,0.000000,-0.000096,-0.000001,0.000123,0.271994,0.001431,0.433154,0.293632,-0.005171,0.355272,-0.048940,-1.402914
20.444000,0.938321,-0.551663,0.156164,0.676243,-0.581966,-1.185925,1.185925,3.000000,0.892182,0.000000,0.000000,-0.000046,-0.000552,-0.000571,0.271995,0.001430,0.433152,0.293632,-0.005171,0.355072,-0.049140,-1.400578
20.454000,0.968819,-0.535650,0.100462,0.706742,-0.565954,-1.241626,1.241626,3.000000,0.905421,0.000000,0.000000,0.000090,-0.000238,0.000572,0.271994,0.001431,0.433155,0.293632,-0.005171,0.354872,-0.049340,-1.413942
20.464000,0.964719,-0.553164,0.120602,0.702642,-0.583467,-1.221487,1.221487,3.000000,0.913312,0.000000,0.000000,0.000112,-0.000287,0.000214,0.271994,0.001431,0.433154,0.293632,-0.005171,0.354672,-0.049540,-1.414481
20.474000,0.942439,-0.533066,0.115260,0.680362,-0.563369,-1.226828,1.226828,3.000000,0.883333,0.000000,0.000000,0.000374,-0.000557,0.000736,0.271996,0.001431,0.433156,0.293632,-0.005171,0.354472,-0.049740,-1.422559
20.484000,0.919993,-0.523138,0.114053,0.657916,-0.553441,-1.228035,1.228035,3.000000,0.859738,0.000000,0.000000,0.000428,0.000067,0.000877,0.271995,0.001432,0.433155,0.293632,-0.005171,0.354272,-0.049940,-1.427324
20.494000,0.943584,-0.528723,0.082998,0.681506,-0.559026,-1.259091,1.259091,3.000000,0.881454,0.000000,0.000000,0.000082,0.000100,-0.000129,0.271994,0.001431,0.433152,0.293632,-0.005171,0.354072,-0.050140,-1.422343
20.504000,0.919803,-0.551380,0.071563,0.657725,-0.581684,-1.270525,1.270525,3.000000,0.878042,0.000000,0.000000,0.000432,0.000022,0.001503,0.271995,0.001431,0.433156,0.293632,-0.005171,0.353872,-0.050340,-1.439871
20.514000,0.895875,-0.539087,0.112794,0.633798,-0.569390,-1.229294,1.229294,3.000000,0.852000,0.000000,0.000000,0.000111,-0.000611,-0.000134,0.271995,0.001430,0.433152,0.293632,-0.005171,0.353672,-0.050540,-1.429497
20.524000,0.925011,-0.529434,0.140181,0.662933,-0.559737,-1.201908,1.201908,3.000000,0.867633,0.000000,0.000000,-0.000019,0.000692,-0.000223,0.271995,0.001433,0.433151,0.293632,-0.005171,0.353472,-0.050740,-1.432329
20.534000,0.923843,-0.537228,0.098383,0.661765,-0.567531,-1.243705,1.243705,3.000000,0.871794,0.000000,0.000000,-0.000216,-0.000089,0.000248,0.271994,0.001431,0.433152,0.293632,-0.005171,0.353272,-0.050940,-1.439940
20.544000,0.898668,-0.551731,0.109429,0.636591,-0.582035,-1.232660,1.232660,3.000000,0.862561,0.000000,0.000000,0.000055,0.000256,-0.000155,0.271995,0.001432,0.433154,0.293632,-0.005171,0.353072,-0.051140,-1.440148
20.554000,0.903437,-0.536706,0.084467,0.641359,-0.567009,-1.257621,1.257621,3.000000,0.856062,0.000000,0.000000,-0.000131,-0.000528,0.000658,0.271994,0.001430,0.433156,0.293632,-0.005171,0.352872,-0.051340,-1.450694
20.564000,0.862780,-0.554145,0.091381,0.600703,-0.584448,-1.250707,1.250707,3.000000,0.838107,0.000000,0.000000,-0.000022,0.000075,0.000482,0.271994,0.001431,0.433156,0.293632,-0.005171,0.352672,-0.051540,-1.452799
20.574000,0.866192,-0.534851,0.053684,0.604115,-0.565154,-1.288404,1.288404,3.000000,0.827257,0.000000,0.000000,-0.000148,-0.000386,-0.000188,0.271995,0.001430,0.433156,0.293632,-0.005171,0.352472,-0.051740,-1.450707
20.584000,0.903958,-0.526402,0.042525,0.641881,-0.556705,-1.299564,1.299564,3.000000,0.849666,0.000000,0.000000,-0.000339,-0.000316,-0.000433,0.271994,0.001430,0.433155,0.293632,-0.005171,0.352272,-0.051940,-1.452208
20.594000,0.901488,-0.497041,0.030472,0.639410,-0.527344,-1.311616,1.311616,3.000000,0.828817,0.000000,0.000000,0.000125,-0.000156,-0.000680,0.271995,0.001431,0.433154,0.293632,-0.005171,0.352072,-0.052140,-1.453705
20.604000,0.894190,-0.482775,-0.008591,0.632112,-0.513078,-1.350679,1.350679,3.000000,0.814135,0.000000,0.000000,0.000134,0.000464,-0.000496,0.271995,0.001431,0.433156,0.293632,-0.005171,0.351872,-0.052340,-1.458893
20.614000,0.909742,-0.557774,-0.035724,0.647665,-0.588077,-1.377813,1.377813,3.000000,0.874817,0.000000,0.000000,0.000319,0.000432,0.000691,0.271996,0.001431,0.433158,0.293632,-0.005171,0.351672,-0.052540,-1.472606
20.624000,0.857300,-0.530475,-0.031529,0.595222,-0.560779,-1.373618,1.373618,3.000000,0.817779,0.000000,0.000000,0.000246,0.000156,-0.000644,0.271995,0.001432,0.433153,0.293632,-0.005171,0.351472,-0.052740,-1.464779
20.634000,0.830818,-0.514117,-0.038183,0.568740,-0.544420,-1.380272,1.380272,3.000000,0.787311,0.000000,0.000000,0.000116,-0.000298,-0.000121,0.271995,0.001430,0.433156,0.293632,-0.005171,0.351272,-0.052940,-1.472873
20.644000,0.842395,-0.513838,-0.038976,0.580317,-0.544141,-1.381065,1.381065,3.000000,0.795523,0.000000,0.000000,-0.000122,0.000258,-0.000100,0.271995,0.001431,0.433155,0.293632,-0.005171,0.351072,-0.053140,-1.476635
20.654000,0.853709,-0.498395,-0.046840,0.591631,-0.528699,-1.388929,1.388929,3.000000,0.793442,0.000000,0.000000,0.000249,-0.000523,-0.000823,0.271995,0.001430,0.433153,0.293632,-0.005171,0.350872,-0.053340,-1.474065
20.664000,0.854500,-0.497880,-0.020162,0.592423,-0.528183,-1.362250,1.362250,3.000000,0.793689,0.000000,0.000000,0.000229,-0.000262,0.000704,0.271994,0.001431,0.433155,0.293632,-0.005171,0.350672,-0.053540,-1.490663
20.674000,0.860976,-0.533133,-0.035911,0.598899,-0.563436,-1.377999,1.377999,3.000000,0.822277,0.000000,0.000000,0.000074,0.000442,0.000356,0.271994,0.001432,0.433155,0.293632,-0.005171,0.350472,-0.053740,-1.491315
20.684000,0.845849,-0.543875,-0.028246,0.583771,-0.574178,-1.370334,1.370334,3.000000,0.818822,0.000000,0.000000,-0.000443,-0.000085,0.000167,0.271994,0.001430,0.433155,0.293632,-0.005171,0.350272,-0.053940,-1.493305
20.694000,0.820804,-0.531609,-0.004692,0.558726,-0.561912,-1.346781,1.346781,3.000000,0.792414,0.000000,0.000000,0.000153,-0.000130,-0.000076,0.271995,0.001431,0.433154,0.293632,-0.005171,0.350072,-0.054140,-1.494837
20.704000,0.850863,-0.549194,0.003511,0.588786,-0.579497,-1.338578,1.338578,3.000000,0.826127,0.000000,0.000000,-0.000042,0.000157,-0.000282,0.271994,0.001431,0.433154,0.293632,-0.005171,0.349872,-0.054340,-1.496688
20.714000,0.801917,-0.523050,-0.011860,0.539839,-0.553353,-1.353948,1.353948,3.000000,0.773063,0.000000,0.000000,-0.000195,-0.000303,-0.000165,0.271995,0.001430,0.433158,0.293632,-0.005171,0.349672,-0.054540,-1.501341
20.724000,0.867229,-0.522519,-0.010080,0.605152,-0.552823,-1.352169,1.352169,3.000000,0.819647,0.000000,0.000000,0.000076,0.000097,0.000351,0.271995,0.001431,0.433156,0.293632,-0.005171,0.349472,-0.054740,-1.509294
20.734000,0.927055,-0.517209,-0.065897,0.664977,-0.547512,-1.407985,1.407985,3.000000,0.861373,0.000000,0.000000,-0.000297,-0.000259,0.000536,0.271994,0.001431,0.433156,0.293632,-0.005171,0.349272,-0.054940,-1.514445
20.744000,0.890554,-0.505058,-0.030291,0.628476,-0.535361,-1.372379,1.372379,3.000000,0.825587,0.000000,0.000000,-0.000036,0.000142,-0.000719,0.271995,0.001432,0.433154,0.293632,-0.005171,0.349072,-0.055140,-1.507365
20.754000,0.901784,-0.517077,-0.046301,0.639706,-0.547380,-1.388389,1.388389,3.000000,0.841932,0.000000,0.000000,-0.000398,0.000511,-0.000136,0.271994,0.001433,0.433155,0.293632,-0.005171,0.348872,-0.055340,-1.515930
20.764000,0.856512,-0.489457,-0.024396,0.594435,-0.519761,-1.366485,1.366485,3.000000,0.789622,0.000000,0.000000,0.000209,0.000329,0.000424,0.271995,0.001432,0.433155,0.293632,-0.005171,0.348672,-0.055540,-1.524292
20.774000,0.856758,-0.498659,-0.038222,0.594681,-0.528962,-1.380311,1.380311,3.000000,0.795893,0.000000,0.000000,-0.000162,0.000102,-0.001105,0.271994,0.001431,0.433151,0.293632,-0.005171,0.348472,-0.055740,-1.514838
20.784000,0.919520,-0.528735,-0.068218,0.657443,-0.559038,-1.410306,1.410306,3.000000,0.862992,0.000000,0.000000,0.000003,0.000633,0.000766,0.271995,0.001432,0.433157,0.293632,-0.005171,0.348272,-0.055940,-1.534431
20.794000,0.835127,-0.531489,-0.049033,0.573049,-0.561792,-1.391121,1.391121,3.000000,0.802494,0.000000,0.000000,0.000185,0.000572,0.000525,0.271996,0.001431,0.433156,0.293632,-0.005171,0.348072,-0.056140,-1.535967
20.804000,0.824611,-0.522392,-0.020979,0.562533,-0.552695,-1.363067,1.363067,3.000000,0.788616,0.000000,0.000000,-0.000044,0.000009,-0.000104,0.271996,0.001430,0.433156,0.293632,-0.005171,0.347872,-0.056340,-1.534219
20.814000,0.844015,-0.526401,-0.037420,0.581937,-0.556705,-1.379509,1.379509,3.000000,0.805339,0.000000,0.000000,-0.000873,-0.000273,-0.000878,0.271993,0.001430,0.433153,0.293632,-0.005171,0.347672,-0.056540,-1.531202
20.824000,0.841517,-0.499903,-0.077429,0.579440,-0.530207,-1.419518,1.419518,3.000000,0.785410,0.000000,0.000000,-0.000041,-0.000229,-0.000560,0.271995,0.001431,0.433155,0.293632,-0.005171,0.347472,-0.056740,-1.537527
20.834000,0.819956,-0.475611,-0.061912,0.557879,-0.505914,-1.404001,1.404001,3.000000,0.753112,0.000000,0.000000,0.000101,0.000250,-0.000781,0.271994,0.001431,0.433154,0.293632,-0.005171,0.347272,-0.056940,-1.539246
20.844000,0.810639,-0.498642,-0.027389,0.548562,-0.528945,-1.369478,1.369478,3.000000,0.762039,0.000000,0.000000,0.000083,-0.000103,-0.000364,0.271995,0.001431,0.433155,0.293632,-0.005171,0.347072,-0.057140,-1.546395
20.854000,0.846828,-0.557551,-0.037024,0.584750,-0.587854,-1.379112,1.379112,3.000000,0.829160,0.000000,0.000000,0.000105,-0.000036,0.000028,0.271994,0.001430,0.433154,0.293632,-0.005171,0.346872,-0.057340,-1.553301
20.864000,0.890168,-0.554369,-0.064513,0.628090,-0.584672,-1.406602,1.406602,3.000000,0.858102,0.000000,0.000000,-0.000267,0.000097,-0.000038,0.271994,0.001431,0.433154,0.293632,-0.005171,0.346672,-0.057540,-1.556353
20.874000,0.901356,-0.486778,-0.011081,0.639279,-0.517081,-1.353170,1.353170,3.000000,0.822223,0.000000,0.000000,-0.000021,0.000299,0.000006,0.271994,0.001432,0.433155,0.293632,-0.005171,0.346472,-0.057740,-1.560344
20.884000,0.872940,-0.505811,-0.001945,0.610863,-0.536114,-1.344034,1.344034,3.000000,0.812755,0.000000,0.000000,-0.000052,-0.000165,-0.000114,0.271995,0.001431,0.433155,0.293632,-0.005171,0.346272,-0.057940,-1.562918
20.894000,0.921688,-0.502140,-0.036954,0.659611,-0.532444,-1.379043,1.379043,3.000000,0.847692,0.000000,0.000000,-0.000078,0.000053,-0.000020,0.271994,0.001431,0.433154,0.293632,-0.005171,0.346072,-0.058140,-1.567303
20.904000,0.890190,-0.541631,-0.039807,0.628113,-0.571935,-1.381896,1.381896,3.000000,0.849491,0.000000,0.000000,0.000071,-0.000211,-0.000097,0.271995,0.001430,0.433152,0.293632,-0.005171,0.345872,-0.058340,-1.570217
20.914000,0.868380,-0.530366,-0.042907,0.606303,-0.560669,-1.384996,1.384996,3.000000,0.825804,0.000000,0.000000,0.000288,0.000004,-0.000140,0.271995,0.001430,0.433153,0.293632,-0.005171,0.345672,-0.058540,-1.573471
20.924000,0.896105,-0.526157,0.030254,0.634027,-0.556460,-1.311835,1.311835,3.000000,0.843586,0.000000,0.000000,-0.000401,-0.000120,-0.000846,0.271994,0.001431,0.433153,0.293632,-0.005171,0.345472,-0.058740,-1.571083
20.934000,0.926285,-0.553057,0.011700,0.664208,-0.583361,-1.330389,1.330389,3.000000,0.884014,0.000000,0.000000,0.000038,-0.000507,0.000356,0.271994,0.001429,0.433155,0.293632,-0.005171,0.345272,-0.058940,-1.584905
20.944000,0.916794,-0.545827,0.019969,0.654717,-0.576131,-1.322119,1.322119,3.000000,0.872113,0.000000,0.000000,0.000113,0.000309,0.000872,0.271994,0.001431,0.433155,0.293632,-0.005171,0.345072,-0.059140,-1.592881
20.954000,0.894620,-0.520076,0.015877,0.632543,-0.550379,-1.326211,1.326211,3.000000,0.838467,0.000000,0.000000,0.000067,-0.000685,-0.000480,0.271994,0.001429,0.433153,0.293632,-0.005171,0.344872,-0.059340,-1.584984
20.964000,0.880609,-0.539934,0.032059,0.618532,-0.570237,-1.310030,1.310030,3.000000,0.841280,0.000000,0.000000,0.000109,0.000307,0.000874,0.271994,0.001433,0.433155,0.293632,-0.005171,0.344672,-0.059540,-1.600110
20.974000,0.944099,-0.534116,-0.042103,0.682022,-0.564420,-1.384192,1.384192,3.000000,0.885281,0.000000,0.000000,-0.000174,0.000446,0.000019,0.271994,0.001433,0.433154,0.293632,-0.005171,0.344472,-0.059740,-1.596440
20.984000,0.917940,-0.516073,-0.005300,0.655862,-0.546376,-1.347389,1.347389,3.000000,0.853629,0.000000,0.000000,0.000076,-0.000111,0.000250,0.271995,0.001431,0.433156,0.293632,-0.005171,0.344272,-0.059940,-1.602024
20.994000,0.907815,-0.538846,0.019777,0.645738,-0.569150,-1.322311,1.322311,3.000000,0.860760,0.000000,0.000000,-0.000023,0.000003,0.000531,0.271995,0.001430,0.433156,0.293632,-0.005171,0.344072,-0.060140,-1.608004
21.004000,0.959247,-0.540035,0.038016,0.697170,-0.570338,-1.304073,1.304073,3.000000,0.900739,0.000000,0.000000,-0.000225,-0.000365,-0.000106,0.271993,0.001430,0.433152,0.293632,-0.005171,0.343872,-0.060340,-1.606137
21.014000,0.970610,-0.521347,0.017628,0.708532,-0.551650,-1.324461,1.324461,3.000000,0.897962,0.000000,0.000000,-0.000146,-0.000164,-0.001084,0.271994,0.001431,0.433151,0.293632,-0.005171,0.343672,-0.060540,-1.601427
21.024000,0.953012,-0.520576,0.044508,0.690935,-0.550879,-1.297580,1.297580,3.000000,0.883662,0.000000,0.000000,0.000048,-0.000050,0.000404,0.271994,0.001431,0.433153,0.293632,-0.005171,0.343472,-0.060740,-1.617685
21.034000,0.914015,-0.536852,0.071539,0.651938,-0.567155,-1.270549,1.270549,3.000000,0.864111,0.000000,0.000000,0.000198,-0.000213,0.000463,0.271995,0.001431,0.433153,0.293632,-0.005171,0.343272,-0.060940,-1.621789
21.044000,0.900569,-0.535061,0.060270,0.638492,-0.565365,-1.281819,1.281819,3.000000,0.852824,0.000000,0.000000,-0.000044,0.000333,-0.000602,0.271993,0.001432,0.433152,0.293632,-0.005171,0.343072,-0.061140,-1.616323
21.054000,0.932145,-0.545204,0.063449,0.670068,-0.575508,-1.278639,1.278639,3.000000,0.883289,0.000000,0.000000,-0.000368,-0.000083,-0.000144,0.271994,0.001432,0.433152,0.293632,-0.005171,0.342872,-0.061340,-1.623810
21.064000,1.007204,-0.564679,0.038370,0.745126,-0.594982,-1.303718,1.303718,3.000000,0.953528,0.000000,0.000000,0.000224,0.000426,-0.000481,0.271995,0.001433,0.433151,0.293632,-0.005171,0.342672,-0.061540,-1.624533
21.074000,0.989159,-0.560931,0.033845,0.727081,-0.591234,-1.308243,1.308243,3.000000,0.937126,0.000000,0.000000,-0.000017,-0.000005,0.000290,0.271993,0.001431,0.433153,0.293632,-0.005171,0.342472,-0.061740,-1.634712
21.084000,0.885743,-0.520720,0.061017,0.623665,-0.551023,-1.281072,1.281072,3.000000,0.832217,0.000000,0.000000,0.000215,-0.000371,-0.000541,0.271994,0.001430,0.433152,0.293632,-0.005171,0.342272,-0.061940,-1.631245
21.094000,0.879994,-0.526803,0.063890,0.617916,-0.557106,-1.278199,1.278199,3.000000,0.831978,0.000000,0.000000,0.000130,-0.000288,-0.000466,0.271994,0.001430,0.433152,0.293632,-0.005171,0.342072,-0.062140,-1.635472
21.104000,0.968412,-0.526569,0.046069,0.706335,-0.556873,-1.296020,1.296020,3.000000,0.899453,0.000000,0.000000,-0.000633,0.000200,-0.000984,0.271993,0.001433,0.433151,0.293632,-0.005171,0.341872,-0.062340,-1.634668
21.114000,0.962654,-0.561621,0.056167,0.700577,-0.591924,-1.285922,1.285922,3.000000,0.917159,0.000000,0.000000,0.000136,-0.000203,-0.000332,0.271995,0.001432,0.433152,0.293632,-0.005171,0.341672,-0.062540,-1.643813
21.124000,0.907897,-0.553200,0.019407,0.645819,-0.583504,-1.322681,1.322681,3.000000,0.870379,0.000000,0.000000,0.000326,-0.000364,-0.000102,0.271994,0.001431,0.433153,0.293632,-0.005171,0.341472,-0.062740,-1.649378
21.134000,0.975858,-0.568848,0.028569,0.713781,-0.599151,-1.313519,1.313519,3.000000,0.931914,0.000000,0.000000,-0.000333,0.000515,-0.000576,0.271993,0.001433,0.433151,0.293632,-0.005171,0.341272,-0.062940,-1.648928
21.144000,0.948979,-0.571834,0.050178,0.686902,-0.602137,-1.291911,1.291911,3.000000,0.913457,0.000000,0.000000,-0.000023,-0.000030,0.000405,0.271994,0.001432,0.433154,0.293632,-0.005171,0.341072,-0.063140,-1.660900
21.154000,0.967244,-0.559223,0.037673,0.705167,-0.589526,-1.304416,1.304416,3.000000,0.919131,0.000000,0.000000,0.000341,-0.000172,0.000486,0.271994,0.001433,0.433153,0.293632,-0.005171,0.340872,-0.063340,-1.665185
21.164000,0.983376,-0.586742,0.031676,0.721299,-0.617046,-1.310412,1.310412,3.000000,0.949219,0.000000,0.000000,-0.000442,0.000237,0.000062,0.271993,0.001432,0.433154,0.293632,-0.005171,0.340672,-0.063540,-1.665196
21.174000,0.975113,-0.608605,0.026450,0.713036,-0.638909,-1.315639,1.315639,3.000000,0.957405,0.000000,0.000000,0.000036,-0.000197,-0.000109,0.271994,0.001430,0.433153,0.293632,-0.005171,0.340472,-0.063740,-1.667320
21.184000,0.888844,-0.586090,0.031827,0.626767,-0.616394,-1.310261,1.310261,3.000000,0.879078,0.000000,0.000000,-0.000060,-0.000194,0.000291,0.271994,0.001431,0.433155,0.293632,-0.005171,0.340272,-0.063940,-1.674356
21.194000,0.884268,-0.577715,0.001764,0.622190,-0.608018,-1.340325,1.340325,3.000000,0.869946,0.000000,0.000000,0.000132,-0.000351,0.000054,0.271994,0.001431,0.433155,0.293632,-0.005171,0.340072,-0.064140,-1.675949
21.204000,0.908446,-0.536505,-0.005231,0.646368,-0.566808,-1.347319,1.347319,3.000000,0.859688,0.000000,0.000000,-0.000267,0.000007,-0.000568,0.271993,0.001432,0.433151,0.293632,-0.005171,0.339872,-0.064340,-1.674198
21.214000,0.966434,-0.604072,-0.009252,0.704356,-0.634375,-1.351340,1.351340,3.000000,0.947919,0.000000,0.000000,0.000090,0.000188,0.000056,0.271994,0.001433,0.433154,0.293632,-0.005171,0.339672,-0.064540,-1.683143
21.224000,0.954357,-0.586676,-0.019444,0.692279,-0.616979,-1.361533,1.361533,3.000000,0.927315,0.000000,0.000000,-0.000113,-0.000069,0.000462,0.271994,0.001432,0.433155,0.293632,-0.005171,0.339472,-0.064740,-1.690205
21.234000,0.915358,-0.568361,-0.006934,0.653280,-0.598664,-1.349023,1.349023,3.000000,0.886100,0.000000,0.000000,-0.000085,-0.000208,-0.000497,0.271993,0.001432,0.433152,0.293632,-0.005171,0.339272,-0.064940,-1.685609
21.244000,0.908011,-0.581330,0.018243,0.645934,-0.611633,-1.323846,1.323846,3.000000,0.889565,0.000000,0.000000,0.000158,0.000526,-0.000324,0.271994,0.001433,0.433150,0.293632,-0.005171,0.339072,-0.065140,-1.690645
21.254000,0.947836,-0.583600,0.028692,0.685758,-0.613904,-1.313396,1.313396,3.000000,0.920403,0.000000,0.000000,0.000167,-0.000197,0.000198,0.271994,0.001431,0.433152,0.293632,-0.005171,0.338872,-0.065340,-1.698703
21.264000,0.930338,-0.561741,0.064493,0.668261,-0.592045,-1.277595,1.277595,3.000000,0.892798,0.000000,0.000000,-0.000093,0.000612,-0.000423,0.271993,0.001433,0.433150,0.293632,-0.005171,0.338672,-0.065540,-1.697008
21.274000,0.934938,-0.583982,0.059640,0.672860,-0.614285,-1.282449,1.282449,3.000000,0.911091,0.000000,0.000000,-0.000126,0.000073,-0.000161,0.271993,0.001433,0.433150,0.293632,-0.005171,0.338472,-0.065740,-1.702827
21.284000,0.997256,-0.548728,0.024977,0.735178,-0.579032,-1.317112,1.317112,3.000000,0.935823,0.000000,0.000000,-0.000203,-0.000121,0.000136,0.271993,0.001431,0.433151,0.293632,-0.005171,0.338272,-0.065940,-1.708978
21.294000,0.959511,-0.570207,0.067113,0.697434,-0.600510,-1.274976,1.274976,3.000000,0.920340,0.000000,0.000000,-0.000345,0.000269,-0.000028,0.271992,0.001433,0.433149,0.293632,-0.005171,0.338072,-0.066140,-1.711148
21.304000,1.013721,-0.562495,0.064247,0.751644,-0.592799,-1.277841,1.277841,3.000000,0.957277,0.000000,0.000000,-0.000395,0.000069,0.000003,0.271993,0.001432,0.433149,0.293632,-0.005171,0.337872,-0.066340,-1.715015
21.314000,0.988348,-0.563906,0.081479,0.726271,-0.594209,-1.260610,1.260610,3.000000,0.938378,0.000000,0.000000,-0.000356,0.000217,0.000213,0.271993,0.001433,0.433150,0.293632,-0.005171,0.337672,-0.066540,-1.720398
21.324000,1.003451,-0.560695,0.080757,0.741374,-0.590998,-1.261332,1.261332,3.000000,0.948110,0.000000,0.000000,0.000035,0.000158,-0.000116,0.271993,0.001433,0.433150,0.293632,-0.005171,0.337472,-0.066740,-1.721216
21.334000,1.036106,-0.606547,0.095289,0.774028,-0.636850,-1.246800,1.246800,3.000000,1.002346,0.003861,-0.003177,0.000051,-0.000049,-0.000070,0.271993,0.001432,0.433149,0.293644,-0.005180,0.337272,-0.066940,-1.725188
21.344000,1.002533,-0.597968,0.055773,0.740456,-0.628271,-1.286316,1.286316,3.000000,0.971082,0.000000,0.000000,0.000009,-0.000002,-0.000627,0.271993,0.001433,0.433148,0.293659,-0.005193,0.337072,-0.067140,-1.724041
21.354000,0.951747,-0.571921,0.097975,0.689669,-0.602224,-1.244113,1.244113,3.000000,0.915597,0.000000,0.000000,-0.000099,-0.000082,-0.000885,0.271992,0.001432,0.433147,0.293659,-0.005193,0.336872,-0.067340,-1.725426
21.364000,0.914706,-0.576541,0.089233,0.652628,-0.606844,-1.252855,1.252855,3.000000,0.891170,0.000000,0.000000,0.000593,0.000101,0.000022,0.271994,0.001432,0.433149,0.293659,-0.005193,0.336672,-0.067540,-1.736760
21.374000,0.964797,-0.558589,0.106660,0.702719,-0.588893,-1.235429,1.235429,3.000000,0.916847,0.000000,0.000000,-0.000142,-0.000056,-0.001128,0.271992,0.001433,0.433146,0.293659,-0.005193,0.336472,-0.067740,-1.730548
21.384000,0.999187,-0.574519,0.115172,0.737109,-0.604823,-1.226917,1.226917,3.000000,0.953489,0.000000,0.000000,-0.000630,0.000623,-0.000427,0.271991,0.001433,0.433146,0.293659,-0.005193,0.336272,-0.067940,-1.740114
21.394000,1.060929,-0.622915,0.106382,0.798852,-0.653218,-1.235707,1.235707,3.000000,1.031920,0.003871,-0.003165,-0.000205,-0.000527,-0.001091,0.271992,0.001431,0.433144,0.293690,-0.005218,0.336072,-0.068140,-1.738043
21.404000,0.996515,-0.586519,0.123557,0.734437,-0.616823,-1.218532,1.218532,3.000000,0.959098,0.000000,0.000000,0.000446,0.000244,0.000380,0.271992,0.001433,0.433144,0.293702,-0.005228,0.335872,-0.068340,-1.754123
21.414000,1.018307,-0.604146,0.118816,0.756229,-0.634449,-1.223273,1.223273,3.000000,0.987121,0.000000,0.000000,0.000076,0.000210,0.000052,0.271992,0.001433,0.433146,0.293702,-0.005228,0.335672,-0.068540,-1.754964
21.424000,1.040612,-0.617991,0.184178,0.778534,-0.648295,-1.157910,1.157910,3.000000,1.013115,0.003842,-0.003200,-0.000381,-0.000302,0.000318,0.271991,0.001432,0.433145,0.293713,-0.005238,0.335472,-0.068740,-1.760812
21.434000,1.054720,-0.621658,0.205374,0.792643,-0.651961,-1.136714,1.136714,3.000000,1.026322,0.003862,-0.003176,-0.000504,-0.000392,-0.000977,0.271991,0.001431,0.433140,0.293752,-0.005269,0.335272,-0.068940,-1.753321
21.444000,1.049738,-0.606759,0.204502,0.787661,-0.637062,-1.137586,1.137586,3.000000,1.013044,0.003888,-0.003144,-0.000215,-0.000145,0.000065,0.271991,0.001431,0.433144,0.293791,-0.005300,0.335072,-0.069140,-1.765838
21.454000,1.025233,-0.602649,0.174257,0.763156,-0.632952,-1.167831,1.167831,3.000000,0.991481,0.000000,0.000000,0.000436,-0.000176,0.001043,0.271992,0.001432,0.433146,0.293799,-0.005307,0.334872,-0.069340,-1.777787
21.464000,1.049849,-0.613636,0.164105,0.787771,-0.643939,-1.177983,1.177983,3.000000,1.017468,0.003871,-0.003164,0.000298,0.000277,0.000628,0.271992,0.001434,0.433145,0.293814,-0.005319,0.334672,-0.069540,-1.777839
21.474000,1.030558,-0.615635,0.148708,0.768480,-0.645938,-1.193380,1.193380,3.000000,1.003891,0.003828,-0.003217,-0.000008,-0.000212,-0.000001,0.271991,0.001432,0.433143,0.293853,-0.005351,0.334472,-0.069740,-1.776057
21.484000,1.060184,-0.632717,0.166880,0.798106,-0.663020,-1.175209,1.175209,3.000000,1.037579,0.003846,-0.003195,0.000100,-0.000099,0.000230,0.271991,0.001433,0.433142,0.293872,-0.005367,0.334272,-0.069940,-1.781610
21.494000,1.067400,-0.619340,0.166377,0.805323,-0.649643,-1.175712,1.175712,3.000000,1.034689,0.003892,-0.003139,-0.000075,0.000127,0.001001,0.271991,0.001433,0.433145,0.293911,-0.005399,0.334072,-0.070140,-1.791800
21.504000,1.072902,-0.627341,0.104757,0.810824,-0.657644,-1.237331,1.237331,3.000000,1.043998,0.003883,-0.003150,0.000097,-0.000282,0.000952,0.271992,0.001432,0.433145,0.293950,-0.005430,0.333872,-0.070340,-1.794990
21.514000,1.045233,-0.603074,0.092854,0.783155,-0.633377,-1.249234,1.249234,3.000000,1.007223,0.003888,-0.003144,0.000094,0.000155,0.000245,0.271991,0.001433,0.433144,0.293973,-0.005449,0.333672,-0.070540,-1.792560
21.524000,1.042255,-0.618773,0.149785,0.780178,-0.649076,-1.192303,1.192303,3.000000,1.014878,0.003844,-0.003198,-0.000151,-0.000249,-0.000476,0.271991,0.001431,0.433141,0.294012,-0.005481,0.333472,-0.070740,-1.790006
21.534000,0.989249,-0.601055,0.133623,0.727171,-0.631359,-1.208466,1.208466,3.000000,0.963012,0.000000,0.000000,0.000202,-0.000308,-0.000114,0.271992,0.001432,0.433143,0.294019,-0.005487,0.333272,-0.070940,-1.796700
21.544000,1.020998,-0.614620,0.089124,0.758921,-0.644924,-1.252965,1.252965,3.000000,0.995935,0.000000,0.000000,0.000237,-0.000188,0.000884,0.271993,0.001431,0.433145,0.294019,-0.005487,0.333072,-0.071140,-1.808799
21.554000,1.006624,-0.641180,0.094279,0.744547,-0.671483,-1.247810,1.247810,3.000000,1.002617,0.003713,-0.003349,-0.000094,0.000267,0.000071,0.271991,0.001432,0.433145,0.294057,-0.005520,0.332872,-0.071340,-1.805511
21.564000,0.944714,-0.637552,0.128023,0.682636,-0.667855,-1.214065,1.214065,3.000000,0.954999,0.000000,0.000000,-0.000068,-0.000094,-0.000522,0.271992,0.001432,0.433142,0.294057,-0.005520,0.332672,-0.071540,-1.804023
21.574000,0.988076,-0.622951,0.118916,0.725999,-0.653254,-1.223173,1.223173,3.000000,0.976635,0.000000,0.000000,-0.000065,-0.000837,-0.001041,0.271991,0.001430,0.433141,0.294057,-0.005520,0.332472,-0.071740,-1.803205
21.584000,0.984934,-0.609990,0.080571,0.722857,-0.640293,-1.261518,1.261518,3.000000,0.965659,0.000000,0.000000,0.000081,-0.000407,0.000394,0.271992,0.001431,0.433145,0.294057,-0.005520,0.332272,-0.071940,-1.819046
21.594000,1.023533,-0.632062,0.037648,0.761455,-0.662365,-1.304441,1.304441,3.000000,1.009228,0.003772,-0.003282,-0.000017,0.000285,0.000673,0.271991,0.001433,0.433145,0.294072,-0.005533,0.332072,-0.072140,-1.825022
21.604000,0.989041,-0.590377,0.063448,0.726964,-0.620680,-1.278640,1.278640,3.000000,0.955887,0.000000,0.000000,0.000006,0.000047,-0.000120,0.271992,0.001432,0.433145,0.294084,-0.005542,0.331872,-0.072340,-1.821893
21.614000,0.989825,-0.610368,0.066377,0.727748,-0.640671,-1.275712,1.275712,3.000000,0.969575,0.000000,0.000000,0.000127,-0.000251,-0.000216,0.271992,0.001431,0.433145,0.294084,-0.005542,0.331672,-0.072540,-1.824673
21.624000,0.983188,-0.614584,0.052000,0.721110,-0.644887,-1.290088,1.290088,3.000000,0.967408,0.000000,0.000000,0.000051,0.000228,0.000556,0.271992,0.001433,0.433145,0.294084,-0.005542,0.331472,-0.072740,-1.834832
21.634000,0.973747,-0.585139,0.053015,0.711670,-0.615442,-1.289074,1.289074,3.000000,0.940873,0.000000,0.000000,0.000011,0.000098,-0.000704,0.271991,0.001433,0.433143,0.294084,-0.005542,0.331272,-0.072940,-1.827693
21.644000,1.030779,-0.601776,0.020233,0.768702,-0.632079,-1.321856,1.321856,3.000000,0.995202,0.000000,0.000000,-0.000460,0.000164,-0.001033,0.271991,0.001432,0.433141,0.294084,-0.005542,0.331072,-0.073140,-1.828474
21.654000,1.020515,-0.584433,0.033249,0.758438,-0.614736,-1.308840,1.308840,3.000000,0.976283,0.000000,0.000000,-0.000363,0.000678,-0.000735,0.271991,0.001433,0.433142,0.294084,-0.005542,0.330872,-0.073340,-1.834615
21.664000,1.025974,-0.580845,0.028571,0.763897,-0.611149,-1.313517,1.313517,3.000000,0.978284,0.000000,0.000000,0.000008,-0.000273,-0.000067,0.271992,0.001431,0.433143,0.294084,-0.005542,0.330672,-0.073540,-1.843907
21.674000,0.954535,-0.565993,0.039531,0.692458,-0.596296,-1.302557,1.302557,3.000000,0.913820,0.000000,0.000000,-0.000095,0.000126,-0.000521,0.271991,0.001431,0.433142,0.294084,-0.005542,0.330472,-0.073740,-1.843639
21.684000,0.913605,-0.567101,0.030487,0.651528,-0.597404,-1.311602,1.311602,3.000000,0.883957,0.000000,0.000000,-0.000034,0.000163,0.000280,0.271992,0.001431,0.433145,0.294084,-0.005542,0.330272,-0.073940,-1.854086
21.694000,0.917675,-0.559839,0.033214,0.655597,-0.590142,-1.308875,1.308875,3.000000,0.882086,0.000000,0.000000,0.000434,-0.000111,0.000730,0.271992,0.001430,0.433144,0.294084,-0.005542,0.330072,-0.074140,-1.861486
21.704000,1.005320,-0.515717,0.053217,0.743243,-0.546020,-1.288872,1.288872,3.000000,0.922252,0.000000,0.000000,-0.000313,0.000154,0.000008,0.271990,0.001432,0.433142,0.294084,-0.005542,0.329872,-0.074340,-1.858924
21.714000,1.017544,-0.519300,0.056799,0.755467,-0.549604,-1.285289,1.285289,3.000000,0.934235,0.000000,0.000000,-0.000007,-0.000064,-0.000351,0.271991,0.001431,0.433141,0.294084,-0.005542,0.329672,-0.074540,-1.859452
21.724000,0.991055,-0.553835,0.025890,0.728978,-0.584138,-1.316198,1.316198,3.000000,0.934144,0.000000,0.000000,-0.000029,0.000156,-0.000471,0.271992,0.001432,0.433143,0.294084,-0.005542,0.329472,-0.074740,-1.862064
21.734000,1.038708,-0.558251,0.040327,0.776631,-0.588554,-1.301762,1.301762,3.000000,0.974449,0.000000,0.000000,-0.000157,-0.000121,-0.000161,0.271991,0.001431,0.433141,0.294084,-0.005542,0.329272,-0.074940,-1.868268
21.744000,0.998458,-0.575117,0.037057,0.736380,-0.605420,-1.305032,1.305032,3.000000,0.953304,0.000000,0.000000,-0.000053,0.000351,0.000108,0.271991,0.001432,0.433142,0.294084,-0.005542,0.329072,-0.075140,-1.874160
21.754000,1.010991,-0.550404,0.030036,0.748913,-0.580708,-1.312053,1.312053,3.000000,0.947677,0.000000,0.000000,0.000097,-0.000248,-0.000065,0.271991,0.001431,0.433142,0.294084,-0.005542,0.328872,-0.075340,-1.876308
21.764000,1.014963,-0.557199,0.105184,0.752886,-0.587503,-1.236905,1.236905,3.000000,0.954985,0.000000,0.000000,0.000349,-0.000163,0.000310,0.271991,0.001431,0.433141,0.294084,-0.005542,0.328672,-0.075540,-1.883065
21.774000,1.052436,-0.570360,0.027496,0.790358,-0.600664,-1.314592,1.314592,3.000000,0.992705,0.000000,0.000000,-0.000079,-0.000045,-0.000265,0.271990,0.001430,0.433139,0.294084,-0.005542,0.328472,-0.075740,-1.881742
21.784000,1.046276,-0.556371,0.053598,0.784199,-0.586674,-1.288491,1.288491,3.000000,0.979364,0.000000,0.000000,-0.000167,-0.000463,0.000334,0.271991,0.001431,0.433140,0.294084,-0.005542,0.328272,-0.075940,-1.890456
21.794000,1.043089,-0.551162,0.031149,0.781012,-0.581465,-1.310939,1.310939,3.000000,0.973695,0.000000,0.000000,0.000124,0.000224,-0.000128,0.271992,0.001431,0.433140,0.294084,-0.005542,0.328072,-0.076140,-1.890142
21.804000,1.000482,-0.530696,0.056234,0.738404,-0.560999,-1.285855,1.285855,3.000000,0.927341,0.000000,0.000000,-0.000073,-0.000336,-0.000291,0.271990,0.001430,0.433137,0.294084,-0.005542,0.327872,-0.076340,-1.892301
21.814000,1.057464,-0.560945,0.050257,0.795387,-0.591248,-1.291832,1.291832,3.000000,0.991067,0.000000,0.000000,-0.000269,-0.000063,-0.000712,0.271990,0.001431,0.433138,0.294084,-0.005542,0.327672,-0.076540,-1.892341
21.824000,1.021797,-0.568837,0.081781,0.759720,-0.599140,-1.260308,1.260308,3.000000,0.967544,0.000000,0.000000,0.000073,0.000087,0.000128,0.271990,0.001431,0.433140,0.294084,-0.005542,0.327472,-0.076740,-1.903096
21.834000,0.993567,-0.536291,0.047195,0.731489,-0.566594,-1.294894,1.294894,3.000000,0.925260,0.000000,0.000000,-0.000292,-0.000341,-0.000584,0.271989,0.001431,0.433137,0.294084,-0.005542,0.327272,-0.076940,-1.900611
21.844000,1.040517,-0.529019,0.028122,0.778440,-0.559322,-1.313966,1.313966,3.000000,0.958545,0.000000,0.000000,-0.000145,0.000201,-0.000561,0.271990,0.001432,0.433137,0.294084,-0.005542,0.327072,-0.077140,-1.904402
21.854000,1.078498,-0.567475,0.038508,0.816420,-0.597778,-1.303581,1.303581,3.000000,1.011870,0.004034,-0.002954,0.000303,-0.000248,0.000982,0.271991,0.001430,0.433140,0.294092,-0.005548,0.326872,-0.077340,-1.921154
21.864000,1.055121,-0.562198,0.053080,0.793044,-0.592501,-1.289008,1.289008,3.000000,0.989937,0.000000,0.000000,0.000089,-0.000261,0.000176,0.271990,0.001430,0.433137,0.294124,-0.005572,0.326672,-0.077540,-1.917852
21.874000,0.995539,-0.548091,0.068748,0.733461,-0.578394,-1.273341,1.273341,3.000000,0.934080,0.000000,0.000000,-0.000130,0.000261,-0.000536,0.271989,0.001431,0.433134,0.294124,-0.005572,0.326472,-0.077740,-1.915369
21.884000,0.987678,-0.565711,0.120419,0.725600,-0.596014,-1.221669,1.221669,3.000000,0.939004,0.000000,0.000000,-0.000022,-0.000167,0.000205,0.271989,0.001431,0.433134,0.294124,-0.005572,0.326272,-0.077940,-1.925258
21.894000,0.967668,-0.585222,0.142047,0.705591,-0.615525,-1.200041,1.200041,3.000000,0.936338,0.000000,0.000000,0.000398,0.000174,-0.000270,0.271989,0.001432,0.433134,0.294124,-0.005572,0.326072,-0.078140,-1.924812
21.904000,1.078790,-0.588768,0.135664,0.816713,-0.619071,-1.206425,1.206425,3.000000,1.024826,0.003985,-0.003020,-0.000219,-0.000062,-0.001000,0.271988,0.001431,0.433131,0.294144,-0.005587,0.325872,-0.078340,-1.922159
21.914000,1.043219,-0.572481,0.165706,0.781141,-0.602784,-1.176382,1.176382,3.000000,0.986676,0.000000,0.000000,0.000002,0.000274,-0.000369,0.271988,0.001432,0.433133,0.294148,-0.005590,0.325672,-0.078540,-1.931153
21.924000,1.049777,-0.579432,0.125584,0.787699,-0.609735,-1.216504,1.216504,3.000000,0.996116,0.000000,0.000000,0.000149,0.000970,-0.000271,0.271989,0.001434,0.433134,0.294164,-0.005602,0.325472,-0.078740,-1.935612
21.934000,1.045110,-0.585612,0.110651,0.783032,-0.615915,-1.231438,1.231438,3.000000,0.996238,0.000000,0.000000,-0.000136,-0.000224,0.000596,0.271988,0.001431,0.433134,0.294164,-0.005602,0.325272,-0.078940,-1.946572
21.944000,1.025318,-0.573484,0.113385,0.763241,-0.603787,-1.228704,1.228704,3.000000,0.973188,0.000000,0.000000,0.000309,0.000119,0.001078,0.271989,0.001432,0.433135,0.294183,-0.005618,0.325072,-0.079140,-1.954271
21.954000,1.082400,-0.531572,0.110012,0.820323,-0.561876,-1.232077,1.232077,3.000000,0.994300,0.000000,0.000000,-0.000001,-0.000761,0.000097,0.271988,0.001431,0.433132,0.294183,-0.005618,0.324872,-0.079340,-1.949506
21.964000,1.150819,-0.583043,0.096523,0.888742,-0.613347,-1.245566,1.245566,3.000000,1.079841,0.004115,-0.002840,-0.000118,0.000579,-0.000358,0.271988,0.001432,0.433129,0.294225,-0.005646,0.324672,-0.079540,-1.949191
21.974000,1.060876,-0.599784,0.123526,0.798798,-0.630087,-1.218562,1.218562,3.000000,1.017393,0.003926,-0.003097,0.000253,0.000190,-0.000323,0.271989,0.001431,0.433130,0.294265,-0.005675,0.324472,-0.079740,-1.953099
21.984000,1.038477,-0.607627,0.159265,0.776399,-0.637930,-1.182823,1.182823,3.000000,1.004863,0.003863,-0.003174,0.000269,0.000178,-0.000735,0.271989,0.001430,0.433130,0.294288,-0.005694,0.324272,-0.079940,-1.953208
21.994000,1.046109,-0.572932,0.146131,0.784031,-0.603236,-1.195957,1.195957,3.000000,0.989241,0.000000,0.000000,0.000015,-0.000381,-0.000159,0.271988,0.001430,0.433129,0.294288,-0.005694,0.324072,-0.080140,-1.961669
22.004000,1.085915,-0.561982,0.125685,0.823838,-0.592286,-1.216403,1.216403,3.000000,1.014648,0.004060,-0.002919,-0.000224,-0.000197,-0.001012,0.271987,0.001431,0.433127,0.294321,-0.005718,0.323872,-0.080340,-1.957996
22.014000,1.067020,-0.596634,0.161940,0.804942,-0.626937,-1.180149,1.180149,3.000000,1.020285,0.003945,-0.003072,-0.000180,-0.000186,-0.001094,0.271987,0.001431,0.433125,0.294345,-0.005736,0.323672,-0.080540,-1.960865
22.024000,1.076332,-0.581020,0.169366,0.814254,-0.611323,-1.172723,1.172723,3.000000,1.018197,0.003999,-0.003002,0.000027,-0.000066,-0.000193,0.271987,0.001430,0.433127,0.294384,-0.005766,0.323472,-0.080740,-1.972141
22.034000,1.096787,-0.606666,0.174860,0.834709,-0.636969,-1.167229,1.167229,3.000000,1.049986,0.003975,-0.003033,0.000324,-0.000343,0.000761,0.271987,0.001430,0.433129,0.294424,-0.005797,0.323272,-0.080940,-1.983874
22.044000,1.109612,-0.577810,0.162637,0.847534,-0.608113,-1.179452,1.179452,3.000000,1.043128,0.004062,-0.002915,-0.000061,-0.000053,0.000202,0.271986,0.001431,0.433125,0.294464,-0.005826,0.323072,-0.081140,-1.982664
22.054000,1.098187,-0.609900,0.156987,0.836110,-0.640203,-1.185101,1.185101,3.000000,1.053062,0.003970,-0.003040,-0.000075,0.000524,-0.000540,0.271986,0.001432,0.433125,0.294505,-0.005856,0.322872,-0.081340,-1.979977
22.064000,1.116662,-0.628539,0.180606,0.854584,-0.658842,-1.161483,1.161483,3.000000,1.079068,0.003960,-0.003053,0.000634,0.000053,0.000495,0.271988,0.001432,0.433127,0.294544,-0.005887,0.322672,-0.081540,-1.992391
22.074000,1.071292,-0.602158,0.172900,0.809214,-0.632461,-1.169189,1.169189,3.000000,1.027051,0.003940,-0.003079,-0.000100,0.000276,0.000609,0.271986,0.001432,0.433127,0.294584,-0.005917,0.322472,-0.081740,-1.996954
22.084000,1.150584,-0.623990,0.174206,0.888507,-0.654293,-1.167883,1.167883,3.000000,1.103424,0.004026,-0.002965,0.000089,0.000507,0.000246,0.271986,0.001432,0.433125,0.294623,-0.005948,0.322272,-0.081940,-1.997438
22.094000,1.154423,-0.605724,0.232498,0.892346,-0.636027,-1.109591,1.109591,3.000000,1.095815,0.004072,-0.002902,0.000124,-0.000535,0.000156,0.271986,0.001430,0.433124,0.294664,-0.005977,0.322072,-0.082140,-2.000259
22.104000,1.112883,-0.624186,0.223187,0.850806,-0.654489,-1.118901,1.118901,3.000000,1.073418,0.003963,-0.003049,-0.000009,-0.000338,-0.000720,0.271986,0.001430,0.433123,0.294704,-0.006007,0.321872,-0.082340,-1.996407
22.114000,1.095398,-0.643495,0.227385,0.833320,-0.673798,-1.114703,1.114703,3.000000,1.071647,0.003888,-0.003144,0.000541,-0.000201,0.000552,0.271987,0.001431,0.433123,0.294743,-0.006038,0.321672,-0.082540,-2.010793
22.124000,1.219853,-0.641894,0.186454,0.957776,-0.672197,-1.155634,1.155634,3.000000,1.170121,0.004093,-0.002872,0.000030,0.000365,-0.000094,0.271985,0.001432,0.433121,0.294783,-0.006068,0.321472,-0.082740,-2.008882
22.134000,1.216222,-0.636870,0.231175,0.954144,-0.667174,-1.110914,1.110914,3.000000,1.164265,0.004098,-0.002865,-0.000135,-0.000405,0.000062,0.271985,0.001431,0.433121,0.294824,-0.006097,0.321272,-0.082940,-2.013810
22.144000,1.170681,-0.634361,0.264430,0.908603,-0.664664,-1.077658,1.077658,3.000000,1.125761,0.004036,-0.002952,-0.000274,0.000700,-0.000761,0.271984,0.001432,0.433118,0.294865,-0.006125,0.321072,-0.083140,-2.010363
22.154000,1.160279,-0.625739,0.283818,0.898202,-0.656042,-1.058271,1.058271,3.000000,1.112276,0.004038,-0.002949,-0.000186,-0.000608,-0.000253,0.271984,0.001431,0.433118,0.294905,-0.006155,0.320872,-0.083340,-2.018264
22.164000,1.220353,-0.655918,0.260164,0.958276,-0.686222,-1.081925,1.081925,3.000000,1.178640,0.004065,-0.002911,-0.000040,0.000370,-0.000113,0.271985,0.001433,0.433118,0.294946,-0.006184,0.320672,-0.083540,-2.023071
22.174000,1.185619,-0.640311,0.252240,0.923542,-0.670615,-1.089849,1.089849,3.000000,1.141339,0.004046,-0.002938,-0.000016,0.000723,-0.000022,0.271984,0.001433,0.433118,0.294986,-0.006214,0.320472,-0.083740,-2.027435
22.184000,1.178891,-0.634726,0.263434,0.916814,-0.665030,-1.078654,1.078654,3.000000,1.132613,0.004047,-0.002936,0.000087,-0.000229,-0.000101,0.271983,0.001431,0.433117,0.295027,-0.006243,0.320272,-0.083940,-2.030348
22.194000,1.199865,-0.631651,0.296174,0.937788,-0.661955,-1.045915,1.045915,3.000000,1.147880,0.004085,-0.002883,-0.000432,-0.000147,-0.001112,0.271983,0.001432,0.433113,0.295067,-0.006272,0.320072,-0.084140,-2.025296
22.204000,1.243851,-0.644790,0.264286,0.981774,-0.675094,-1.077803,1.077803,3.000000,1.191483,0.004120,-0.002833,-0.000186,-0.000170,0.000737,0.271983,0.001431,0.433117,0.295108,-0.006301,0.319872,-0.084340,-2.044663
22.214000,1.294472,-0.677069,0.254398,1.032394,-0.707373,-1.087690,1.087690,3.000000,1.251485,0.004125,-0.002826,-0.000101,-0.000309,0.001281,0.271983,0.001431,0.433118,0.295149,-0.006329,0.319672,-0.084540,-2.052887
22.224000,1.243479,-0.653620,0.276349,0.981401,-0.683924,-1.065740,1.065740,3.000000,1.196202,0.004102,-0.002859,-0.000364,0.000057,-0.001143,0.271983,0.001432,0.433112,0.295191,-0.006357,0.319472,-0.084740,-2.035809
22.234000,1.195241,-0.700479,0.283708,0.933164,-0.730782,-1.058380,1.058380,3.000000,1.185258,0.003937,-0.003083,0.000305,-0.000405,0.000810,0.271983,0.001431,0.433114,0.295231,-0.006387,0.319272,-0.084940,-2.056023
22.244000,1.184758,-0.682530,0.283439,0.922681,-0.712833,-1.058650,1.058650,3.000000,1.165963,0.003957,-0.003057,-0.000450,-0.000359,0.000062,0.271982,0.001430,0.433111,0.295270,-0.006418,0.319072,-0.085140,-2.053230
22.254000,1.184962,-0.677767,0.312793,0.922884,-0.708070,-1.029296,1.029296,3.000000,1.163219,0.003967,-0.003044,0.000033,0.000447,-0.000711,0.271982,0.001433,0.433108,0.295310,-0.006448,0.318872,-0.085340,-2.050212
22.264000,1.247776,-0.681831,0.296230,0.985699,-0.712134,-1.045858,1.045858,3.000000,1.216034,0.004053,-0.002928,0.000022,0.000091,-0.000132,0.271982,0.001432,0.433109,0.295350,-0.006478,0.318672,-0.085540,-2.058744
22.274000,1.220395,-0.670598,0.329365,0.958317,-0.700901,-1.012723,1.012723,3.000000,1.187280,0.004036,-0.002952,0.000277,0.000421,0.000518,0.271981,0.001432,0.433107,0.295390,-0.006508,0.318472,-0.085740,-2.067824
22.284000,1.259146,-0.671136,0.284264,0.997069,-0.701439,-1.057824,1.057824,3.000000,1.219083,0.004089,-0.002877,0.000220,-0.000216,-0.000065,0.271981,0.001431,0.433106,0.295431,-0.006537,0.318272,-0.085940,-2.066457
22.294000,1.246087,-0.640429,0.327051,0.984009,-0.670732,-1.015038,1.015038,3.000000,1.190863,0.004131,-0.002816,0.000444,0.000257,0.000468,0.271981,0.001432,0.433105,0.295472,-0.006565,0.318072,-0.086140,-2.074567
22.304000,1.247674,-0.663803,0.310452,0.985597,-0.694106,-1.031637,1.031637,3.000000,1.205481,0.004088,-0.002879,-0.000280,-0.000250,-0.000375,0.271980,0.001431,0.433105,0.295513,-0.006594,0.317872,-0.086340,-2.071010
22.314000,1.253693,-0.683351,0.342390,0.991616,-0.713655,-0.999699,0.999699,3.000000,1.221722,0.004058,-0.002921,0.000470,0.000003,0.000993,0.271981,0.001432,0.433108,0.295554,-0.006623,0.317772,-0.086440,-2.084461
22.324000,1.268624,-0.706495,0.316998,1.006547,-0.736799,-1.025091,1.025091,3.000000,1.247401,0.004035,-0.002953,0.000130,-0.000282,0.000417,0.271981,0.001431,0.433106,0.295594,-0.006652,0.317572,-0.086640,-2.083150
22.334000,1.271480,-0.646391,0.299641,1.009403,-0.676694,-1.042447,1.042447,3.000000,1.215240,0.004153,-0.002784,0.000154,-0.000023,0.000562,0.271980,0.001431,0.433105,0.295635,-0.006681,0.317372,-0.086840,-2.087953
22.344000,1.225406,-0.669576,0.280215,0.963328,-0.699880,-1.061874,1.061874,3.000000,1.190728,0.004045,-0.002939,-0.000031,-0.000483,-0.000277,0.271980,0.001431,0.433103,0.295676,-0.006710,0.317172,-0.087040,-2.084405
22.354000,1.232546,-0.675453,0.301478,0.970469,-0.705756,-1.040611,1.040611,3.000000,1.199959,0.004044,-0.002941,-0.000269,0.000843,-0.001145,0.271980,0.001433,0.433100,0.295717,-0.006739,0.316972,-0.087240,-2.080589
22.364000,1.274210,-0.679001,0.248252,1.012132,-0.709304,-1.093836,1.093836,3.000000,1.235930,0.004095,-0.002870,0.000060,0.000283,0.001019,0.271979,0.001431,0.433103,0.295757,-0.006768,0.316772,-0.087440,-2.102600
22.374000,1.256992,-0.666638,0.238330,0.994914,-0.696941,-1.103758,1.103758,3.000000,1.214735,0.004095,-0.002869,-0.000045,0.000708,-0.000364,0.271978,0.001432,0.433098,0.295798,-0.006797,0.316572,-0.087640,-2.094378
22.384000,1.230867,-0.647947,0.286849,0.968790,-0.678250,-1.055240,1.055240,3.000000,1.182615,0.004096,-0.002868,-0.000052,-0.000243,-0.000438,0.271979,0.001430,0.433096,0.295839,-0.006826,0.316372,-0.087840,-2.097314
22.394000,1.262079,-0.658915,0.271614,1.000002,-0.689218,-1.070474,1.070474,3.000000,1.214506,0.004117,-0.002837,0.000133,0.000282,0.000095,0.271979,0.001430,0.433098,0.295881,-0.006854,0.316172,-0.088040,-2.105466
22.404000,1.224875,-0.636092,0.281943,0.962798,-0.666395,-1.060146,1.060146,3.000000,1.170923,0.004111,-0.002846,-0.000139,-0.000156,-0.000527,0.271977,0.001431,0.433094,0.295921,-0.006883,0.315972,-0.088240,-2.103722
22.414000,1.194929,-0.616160,0.260262,0.932852,-0.646463,-1.081827,1.081827,3.000000,1.134957,0.004110,-0.002848,-0.000487,-0.000119,-0.001091,0.271975,0.001430,0.433087,0.295963,-0.006911,0.315772,-0.088440,-2.102415
22.424000,1.155896,-0.617993,0.197407,0.893819,-0.648296,-1.144682,1.144682,3.000000,1.104174,0.004047,-0.002936,-0.000214,-0.000015,-0.001038,0.271974,0.001430,0.433080,0.296003,-0.006940,0.315572,-0.088640,-2.106329
22.434000,1.046956,-0.633721,0.132528,0.784879,-0.664024,-1.209561,1.209561,3.000000,1.028087,0.003817,-0.003229,-0.001170,-0.000471,-0.004033,0.271964,0.001427,0.433048,0.296043,-0.006970,0.315372,-0.088840,-2.083944
22.444000,0.910521,-0.663999,0.051161,0.648443,-0.694302,-1.290928,1.290928,3.000000,0.950018,0.000000,0.000000,-0.001348,0.000461,-0.004551,0.271953,0.001428,0.433010,0.296047,-0.006974,0.315172,-0.089040,-2.082465
22.454000,1.036424,-0.667424,0.110727,0.774347,-0.697727,-1.231361,1.231361,3.000000,1.042323,0.003715,-0.003347,-0.001309,-0.000464,-0.004550,0.271942,0.001424,0.432970,0.296061,-0.006987,0.314972,-0.089240,-2.085359
22.464000,1.051963,-0.608572,0.059080,0.789885,-0.638875,-1.283008,1.283008,3.000000,1.015913,0.003888,-0.003144,-0.001092,-0.000395,-0.003117,0.271933,0.001423,0.432937,0.296099,-0.007020,0.314772,-0.089440,-2.100526
22.474000,1.040862,-0.612356,0.018148,0.778785,-0.642659,-1.323940,1.323940,3.000000,1.009711,0.003856,-0.003182,-0.000912,0.000076,-0.003695,0.271922,0.001422,0.432901,0.296138,-0.007051,0.314572,-0.089640,-2.098573
22.484000,1.036842,-0.592968,0.004989,0.774764,-0.623271,-1.337100,1.337100,3.000000,0.994347,0.000000,0.000000,-0.000861,-0.000166,-0.003023,0.271912,0.001419,0.432865,0.296161,-0.007070,0.314372,-0.089840,-2.107208
22.494000,1.024977,-0.616551,-0.083421,0.762900,-0.646854,-1.425509,1.425509,3.000000,1.000218,0.003814,-0.003234,-0.000801,0.000112,-0.003769,0.271902,0.001419,0.432829,0.296177,-0.007083,0.314172,-0.090040,-2.103836
22.504000,1.057752,-0.605892,-0.068840,0.795674,-0.636196,-1.410929,1.410929,3.000000,1.018745,0.003905,-0.003122,-0.001141,-0.000736,-0.003403,0.271893,0.001417,0.432796,0.296215,-0.007115,0.313972,-0.090240,-2.109952
22.514000,1.074238,-0.613069,-0.114593,0.812161,-0.643372,-1.456682,1.456682,3.000000,1.036114,0.003919,-0.003105,-0.000635,-0.000535,-0.002890,0.271884,0.001414,0.432762,0.296255,-0.007146,0.313772,-0.090440,-2.117299
22.524000,1.073950,-0.619493,-0.122364,0.811873,-0.649796,-1.464452,1.464452,3.000000,1.039891,0.003904,-0.003124,-0.000900,-0.000146,-0.002752,0.271875,0.001414,0.432734,0.296294,-0.007177,0.313572,-0.090640,-2.121559
22.534000,1.055113,-0.606684,-0.120698,0.793036,-0.636987,-1.462787,1.462787,3.000000,1.017181,0.003898,-0.003131,-0.000492,-0.000740,-0.002266,0.271867,0.001410,0.432705,0.296333,-0.007208,0.313372,-0.090840,-2.128755
22.544000,1.043507,-0.641789,-0.167172,0.781429,-0.672092,-1.509261,1.509261,3.000000,1.030699,0.003791,-0.003260,-0.000806,-0.000301,-0.002842,0.271859,0.001410,0.432674,0.296363,-0.007234,0.313172,-0.091040,-2.126924
22.554000,1.037828,-0.607736,-0.229076,0.775750,-0.638039,-1.571164,1.571164,3.000000,1.004431,0.003862,-0.003176,-0.000618,0.000062,-0.002852,0.271852,0.001408,0.432652,0.296394,-0.007260,0.312972,-0.091240,-2.130030
22.564000,1.052935,-0.608419,-0.290342,0.790857,-0.638722,-1.632431,1.632431,3.000000,1.016573,0.003890,-0.003142,-0.000590,-0.000032,-0.002154,0.271846,0.001408,0.432634,0.296421,-0.007282,0.312772,-0.091440,-2.139240
22.574000,1.046315,-0.572495,-0.331593,0.784237,-0.602799,-1.673681,1.673681,3.000000,0.989138,0.000000,0.000000,-0.000551,0.000398,-0.001555,0.271842,0.001409,0.432620,0.296440,-0.007298,0.312572,-0.091640,-2.147671
22.584000,0.991099,-0.564372,-0.357662,0.729021,-0.594675,-1.699751,1.699751,3.000000,0.940803,0.000000,0.000000,-0.000313,0.000138,-0.001042,0.271840,0.001407,0.432610,0.296440,-0.007298,0.312372,-0.091840,-2.155431
22.594000,1.011669,-0.560559,-0.397096,0.749592,-0.590862,-1.739185,1.739185,3.000000,0.954466,0.000000,0.000000,-0.000538,0.000007,-0.001377,0.271837,0.001407,0.432600,0.296440,-0.007298,0.312172,-0.092040,-2.156011
22.604000,0.986980,-0.586903,-0.409267,0.724902,-0.617206,-1.751355,1.751355,3.000000,0.952064,0.000000,0.000000,-0.000496,-0.000198,-0.001613,0.271834,0.001405,0.432591,0.296440,-0.007298,0.311972,-0.092240,-2.157440
22.614000,0.960447,-0.544676,-0.417042,0.698369,-0.574979,-1.759130,1.759130,3.000000,0.904611,0.000000,0.000000,-0.000057,0.000219,-0.000265,0.271833,0.001406,0.432586,0.296440,-0.007298,0.311772,-0.092440,-2.172407
22.624000,0.960873,-0.531707,-0.443267,0.698795,-0.562010,-1.785356,1.785356,3.000000,0.896755,0.000000,0.000000,0.000110,0.000706,-0.000818,0.271832,0.001406,0.432581,0.296440,-0.007298,0.311572,-0.092640,-2.171214
22.634000,0.917151,-0.548164,-0.492528,0.655073,-0.578467,-1.834616,1.834616,3.000000,0.873925,0.000000,0.000000,0.000035,0.000439,-0.000355,0.271831,0.001406,0.432577,0.296440,-0.007298,0.311372,-0.092840,-2.178671
22.644000,0.914684,-0.540616,-0.509081,0.652606,-0.570919,-1.851170,1.851170,3.000000,0.867089,0.000000,0.000000,-0.000347,0.000263,-0.000350,0.271829,0.001406,0.432573,0.296440,-0.007298,0.311172,-0.093040,-2.182244
22.654000,0.971563,-0.517603,-0.529572,0.709486,-0.547906,-1.871661,1.871661,3.000000,0.896421,0.000000,0.000000,-0.000507,0.000137,-0.000122,0.271828,0.001405,0.432571,0.296440,-0.007298,0.310972,-0.093240,-2.187735
22.664000,0.930478,-0.555160,-0.524842,0.668400,-0.585464,-1.866931,1.866931,3.000000,0.888553,0.000000,0.000000,-0.000297,-0.000212,-0.000653,0.271829,0.001405,0.432571,0.296440,-0.007298,0.310772,-0.093440,-2.186847
22.674000,0.868917,-0.515848,-0.570375,0.606839,-0.546151,-1.912464,1.912464,3.000000,0.816416,0.000000,0.000000,0.000206,-0.000502,0.000435,0.271829,0.001405,0.432575,0.296440,-0.007298,0.310572,-0.093640,-2.199733
22.684000,0.877346,-0.511060,-0.570771,0.615269,-0.541364,-1.912860,1.912860,3.000000,0.819531,0.000000,0.000000,0.000025,0.000038,-0.000449,0.271829,0.001405,0.432573,0.296440,-0.007298,0.310372,-0.093840,-2.195803
22.694000,0.888317,-0.529031,-0.638453,0.626240,-0.559334,-1.980541,1.980541,3.000000,0.839661,0.000000,0.000000,0.000020,0.000186,0.000749,0.271829,0.001404,0.432577,0.296440,-0.007298,0.310172,-0.094040,-2.209636
22.704000,0.887058,-0.533680,-0.687145,0.624981,-0.563983,-2.029233,2.029233,3.000000,0.841830,0.000000,0.000000,0.000193,0.000195,0.000401,0.271830,0.001405,0.432578,0.296440,-0.007298,0.310132,-0.094080,-2.207429
22.714000,0.867131,-0.551137,-0.730133,0.605054,-0.581440,-2.072222,2.072222,3.000000,0.839144,0.000000,0.000000,0.000088,0.000473,0.000417,0.271830,0.001406,0.432579,0.296440,-0.007298,0.310132,-0.094080,-2.207578
22.724000,0.832118,-0.534946,-0.771080,0.570040,-0.565249,-2.113168,2.113168,3.000000,0.802778,0.000000,0.000000,-0.000271,0.000076,-0.000128,0.271829,0.001405,0.432579,0.296440,-0.007298,0.310132,-0.094080,-2.202945
22.734000,0.822256,-0.534625,-0.800699,0.560178,-0.564929,-2.142787,2.142787,3.000000,0.795578,0.000000,0.000000,0.000378,-0.000067,0.000995,0.271830,0.001404,0.432579,0.296440,-0.007298,0.310132,-0.094080,-2.212479
22.744000,0.836649,-0.490839,-0.878298,0.574571,-0.521142,-2.220387,2.220387,3.000000,0.775707,0.000000,0.000000,-0.000087,-0.000224,-0.000087,0.271830,0.001404,0.432578,0.296440,-0.007298,0.310132,-0.094080,-2.203279
22.754000,0.833011,-0.519924,-0.907933,0.570934,-0.550227,-2.250022,2.250022,3.000000,0.792916,0.000000,0.000000,-0.000294,-0.000456,-0.000050,0.271829,0.001403,0.432578,0.296440,-0.007298,0.310132,-0.094080,-2.203599
22.764000,0.780114,-0.521974,-0.907505,0.518036,-0.552277,-2.249594,2.249594,3.000000,0.757213,0.000000,0.000000,0.000217,-0.000015,0.000876,0.271830,0.001405,0.432580,0.296440,-0.007298,0.310132,-0.094080,-2.211501
22.774000,0.778559,-0.536468,-0.939013,0.516482,-0.566772,-2.281101,2.281101,3.000000,0.766801,0.000000,0.000000,-0.000024,0.000308,-0.000380,0.271829,0.001405,0.432577,0.296440,-0.007298,0.310132,-0.094080,-2.200785
22.784000,0.743924,-0.542741,-0.948244,0.481846,-0.573044,-2.290332,2.290332,3.000000,0.748702,0.000000,0.000000,0.000194,0.000222,0.000305,0.271830,0.001404,0.432580,0.296440,-0.007298,0.310132,-0.094080,-2.206638
22.794000,0.782505,-0.527990,-0.973791,0.520427,-0.558293,-2.315880,2.315880,3.000000,0.763240,0.000000,0.000000,-0.000172,-0.000100,0.000676,0.271830,0.001404,0.432580,0.296440,-0.007298,0.310132,-0.094080,-2.209794
22.804000,0.781651,-0.512149,-0.970749,0.519574,-0.542452,-2.312838,2.312838,3.000000,0.751140,0.000000,0.000000,-0.000229,-0.000822,-0.000171,0.271829,0.001403,0.432578,0.296440,-0.007298,0.310132,-0.094080,-2.202578
22.814000,0.801506,-0.528118,-0.977384,0.539429,-0.558421,-2.319473,2.319473,3.000000,0.776413,0.000000,0.000000,-0.000087,-0.000368,-0.000653,0.271829,0.001403,0.432575,0.296440,-0.007298,0.310132,-0.094080,-2.198431
22.824000,0.860082,-0.522981,-1.019349,0.598004,-0.553284,-2.361438,2.361438,3.000000,0.814698,0.000000,0.000000,0.000080,0.000156,0.000494,0.271830,0.001404,0.432578,0.296440,-0.007298,0.310132,-0.094080,-2.208219
22.834000,0.787511,-0.507037,-1.032257,0.525433,-0.537340,-2.374345,2.374345,3.000000,0.751541,0.000000,0.000000,0.000282,0.000013,0.000777,0.271830,0.001402,0.432579,0.296440,-0.007298,0.310132,-0.094080,-2.210634
22.844000,0.753688,-0.487118,-1.001566,0.491611,-0.517422,-2.343654,2.343654,3.000000,0.713727,0.000000,0.000000,0.000255,0.000157,0.000323,0.271830,0.001403,0.432577,0.296440,-0.007298,0.310132,-0.094080,-2.206752
22.854000,0.740110,-0.483624,-0.997937,0.478032,-0.513928,-2.340025,2.340025,3.000000,0.701881,0.000000,0.000000,-0.000179,0.000212,0.000864,0.271829,0.001402,0.432578,0.296440,-0.007298,0.310132,-0.094080,-2.211359
22.864000,0.765994,-0.478402,-0.969025,0.503917,-0.508705,-2.311114,2.311114,3.000000,0.716040,0.000000,0.000000,-0.000086,-0.000020,-0.000182,0.271830,0.001402,0.432576,0.296440,-0.007298,0.310132,-0.094080,-2.202442
22.874000,0.739102,-0.457243,-0.941070,0.477025,-0.487546,-2.283158,2.283158,3.000000,0.682095,0.000000,0.000000,-0.000013,-0.000430,-0.000126,0.271829,0.001401,0.432575,0.296440,-0.007298,0.310132,-0.094080,-2.202906
22.884000,0.752925,-0.447307,-0.929217,0.490848,-0.477610,-2.271306,2.271306,3.000000,0.684867,0.000000,0.000000,-0.000239,-0.000475,-0.001145,0.271829,0.001401,0.432574,0.296440,-0.007298,0.310132,-0.094080,-2.194239
22.894000,0.748362,-0.436098,-0.864078,0.486285,-0.466401,-2.206167,2.206167,3.000000,0.673797,0.000000,0.000000,0.000462,-0.000257,-0.000117,0.271831,0.001402,0.432576,0.296440,-0.007298,0.310132,-0.094080,-2.202999
22.904000,0.744417,-0.446458,-0.913857,0.482340,-0.476761,-2.255946,2.255946,3.000000,0.678198,0.000000,0.000000,0.000257,0.000677,-0.000446,0.271830,0.001403,0.432576,0.296440,-0.007298,0.310132,-0.094080,-2.200204
22.914000,0.748635,-0.440316,-0.921265,0.486557,-0.470619,-2.263354,2.263354,3.000000,0.676920,0.000000,0.000000,0.000176,0.000250,-0.000126,0.271830,0.001402,0.432577,0.296440,-0.007298,0.310132,-0.094080,-2.202933
22.924000,0.797086,-0.444090,-0.929488,0.535008,-0.474393,-2.271577,2.271577,3.000000,0.715040,0.000000,0.000000,0.000126,0.000056,-0.000565,0.271830,0.001403,0.432577,0.296440,-0.007298,0.310132,-0.094080,-2.199211
22.934000,0.758536,-0.427281,-0.930668,0.496459,-0.457584,-2.272756,2.272756,3.000000,0.675170,0.000000,0.000000,-0.000083,-0.000446,-0.000239,0.271829,0.001402,0.432578,0.296440,-0.007298,0.310132,-0.094080,-2.201985
22.944000,0.762626,-0.435330,-0.944864,0.500548,-0.465633,-2.286953,2.286953,3.000000,0.683640,0.000000,0.000000,0.000216,-0.000161,0.000077,0.271830,0.001403,0.432578,0.296440,-0.007298,0.310132,-0.094080,-2.204670
22.954000,0.779848,-0.450534,-0.960611,0.517770,-0.480837,-2.302700,2.302700,3.000000,0.706605,0.000000,0.000000,0.000314,-0.000151,0.000461,0.271829,0.001403,0.432578,0.296440,-0.007298,0.310132,-0.094080,-2.207939
22.964000,0.798484,-0.443053,-0.963874,0.536407,-0.473357,-2.305963,2.305963,3.000000,0.715401,0.000000,0.000000,0.000294,-0.000475,0.000186,0.271830,0.001402,0.432577,0.296440,-0.007298,0.310132,-0.094080,-2.205581
22.974000,0.774571,-0.435245,-0.964726,0.512494,-0.465548,-2.306814,2.306814,3.000000,0.692376,0.000000,0.000000,0.000049,-0.000210,0.000352,0.271830,0.001403,0.432578,0.296440,-0.007298,0.310132,-0.094080,-2.207012
22.984000,0.808608,-0.447351,-0.950629,0.546530,-0.477655,-2.292718,2.292718,3.000000,0.725844,0.000000,0.000000,-0.000427,0.000042,-0.000322,0.271829,0.001402,0.432576,0.296440,-0.007298,0.310132,-0.094080,-2.201266
22.994000,0.806368,-0.436950,-0.991741,0.544290,-0.467253,-2.333829,2.333829,3.000000,0.717340,0.000000,0.000000,-0.000028,-0.000318,0.000720,0.271829,0.001402,0.432578,0.296440,-0.007298,0.310132,-0.094080,-2.210139
23.004000,0.806574,-0.457633,-0.966840,0.544497,-0.487936,-2.308928,2.308928,3.000000,0.731135,0.000000,0.000000,0.000201,-0.000123,-0.000427,0.271830,0.001402,0.432577,0.296440,-0.007298,0.310132,-0.094080,-2.200382
23.014000,0.749570,-0.457002,-0.979372,0.487493,-0.487305,-2.321460,2.321460,3.000000,0.689286,0.000000,0.000000,0.000024,0.000278,0.000168,0.271830,0.001403,0.432577,0.296440,-0.007298,0.310132,-0.094080,-2.205429
23.024000,0.786381,-0.489401,-1.005317,0.524304,-0.519705,-2.347405,2.347405,3.000000,0.738233,0.000000,0.000000,-0.000202,0.000027,-0.000261,0.271830,0.001402,0.432580,0.296440,-0.007298,0.310132,-0.094080,-2.201846
23.034000,0.761135,-0.468854,-1.035556,0.499057,-0.499157,-2.377645,2.377645,3.000000,0.705844,0.000000,0.000000,0.000294,0.000391,0.000187,0.271831,0.001404,0.432583,0.296440,-0.007298,0.310132,-0.094080,-2.205703
23.044000,0.731057,-0.463155,-1.090841,0.468979,-0.493458,-2.432929,2.432929,3.000000,0.680766,0.000000,0.000000,0.000010,-0.000185,-0.000246,0.271831,0.001402,0.432583,0.296440,-0.007298,0.310132,-0.094080,-2.202026
23.054000,0.724122,-0.417474,-1.114355,0.462044,-0.447777,-2.456444,2.456444,3.000000,0.643420,0.000000,0.000000,-0.000274,-0.000442,-0.000065,0.271830,0.001401,0.432583,0.296440,-0.007298,0.310132,-0.094080,-2.203557
23.064000,0.740482,-0.420541,-1.138398,0.478404,-0.450844,-2.480487,2.480487,3.000000,0.657367,0.000000,0.000000,0.000203,-0.000248,0.000229,0.271831,0.001401,0.432585,0.296440,-0.007298,0.310132,-0.094080,-2.206100
23.074000,0.708027,-0.435239,-1.186580,0.445950,-0.465542,-2.528668,2.528668,3.000000,0.644671,0.000000,0.000000,-0.000261,-0.000165,-0.000369,0.271830,0.001402,0.432582,0.296440,-0.007298,0.310132,-0.094080,-2.200968
23.084000,0.702614,-0.413912,-1.222810,0.440536,-0.444215,-2.564898,2.564898,3.000000,0.625619,0.000000,0.000000,-0.000074,-0.000193,-0.000107,0.271831,0.001401,0.432582,0.296440,-0.007298,0.310132,-0.094080,-2.203197
23.094000,0.722289,-0.439316,-1.215951,0.460212,-0.469619,-2.558039,2.558039,3.000000,0.657523,0.000000,0.000000,-0.000352,-0.000143,-0.000383,0.271831,0.001402,0.432582,0.296440,-0.007298,0.310132,-0.094080,-2.200840
23.104000,0.675164,-0.452061,-1.197118,0.413087,-0.482364,-2.539206,2.539206,3.000000,0.635072,0.000000,0.000000,0.000069,0.000034,-0.000301,0.271831,0.001402,0.432582,0.296440,-0.007298,0.310132,-0.094080,-2.201538
23.114000,0.666815,-0.426132,-1.191860,0.404737,-0.456436,-2.533948,2.533948,3.000000,0.610038,0.000000,0.000000,-0.000169,-0.000618,-0.000336,0.271830,0.001401,0.432582,0.296440,-0.007298,0.310132,-0.094080,-2.201244
23.124000,0.645002,-0.373786,-1.231740,0.382925,-0.404090,-2.573829,2.573829,3.000000,0.556704,0.000000,0.000000,0.000097,-0.000369,-0.000316,0.271831,0.001401,0.432582,0.296440,-0.007298,0.310132,-0.094080,-2.201405
23.134000,0.664958,-0.423565,-1.243830,0.402881,-0.453868,-2.585919,2.585919,3.000000,0.606885,0.000000,0.000000,-0.000039,0.000201,-0.000289,0.271830,0.001401,0.432581,0.296440,-0.007298,0.310132,-0.094080,-2.201625
23.144000,0.697368,-0.479406,-1.271686,0.435291,-0.509709,-2.613775,2.613775,3.000000,0.670284,0.000000,0.000000,0.000075,0.000023,0.000228,0.271831,0.001401,0.432583,0.296440,-0.007298,0.310132,-0.094080,-2.206048
23.154000,0.713459,-0.438189,-1.250465,0.451381,-0.468493,-2.592554,2.592554,3.000000,0.650562,0.000000,0.000000,-0.000090,0.000234,-0.000312,0.271830,0.001402,0.432582,0.296440,-0.007298,0.310132,-0.094080,-2.201448
23.164000,0.708878,-0.413151,-1.263581,0.446800,-0.443455,-2.605670,2.605670,3.000000,0.629510,0.000000,0.000000,-0.000421,0.000164,0.000268,0.271830,0.001402,0.432584,0.296440,-0.007298,0.310132,-0.094080,-2.206404
23.174000,0.694038,-0.419063,-1.257729,0.431960,-0.449367,-2.599817,2.599817,3.000000,0.623314,0.000000,0.000000,-0.000243,-0.000306,-0.000486,0.271831,0.001402,0.432582,0.296440,-0.007298,0.310132,-0.094080,-2.199963
23.184000,0.673690,-0.409078,-1.269235,0.411612,-0.439381,-2.611323,2.611323,3.000000,0.602063,0.000000,0.000000,0.000164,0.000474,0.000192,0.271831,0.001404,0.432583,0.296440,-0.007298,0.310132,-0.094080,-2.205742
23.194000,0.699630,-0.424057,-1.266520,0.437552,-0.454360,-2.608609,2.608609,3.000000,0.630789,0.000000,0.000000,0.000024,-0.000037,-0.000193,0.271832,0.001401,0.432583,0.296440,-0.007298,0.310132,-0.094080,-2.202483
23.204000,0.665781,-0.430116,-1.269081,0.403703,-0.460419,-2.611169,2.611169,3.000000,0.612341,0.000000,0.000000,0.000643,-0.000045,0.000833,0.271832,0.001402,0.432585,0.296440,-0.007298,0.310132,-0.094080,-2.211220
23.214000,0.665173,-0.429173,-1.227259,0.403096,-0.459476,-2.569348,2.569348,3.000000,0.611232,0.000000,0.000000,-0.000240,-0.000238,-0.001591,0.271830,0.001401,0.432580,0.296440,-0.007298,0.310132,-0.094080,-2.190556
23.224000,0.682006,-0.412540,-1.263796,0.419928,-0.442843,-2.605885,2.605885,3.000000,0.610287,0.000000,0.000000,-0.000215,-0.000886,-0.000219,0.271831,0.001400,0.432583,0.296440,-0.007298,0.310132,-0.094080,-2.202258
23.234000,0.693266,-0.404540,-1.238786,0.431189,-0.434843,-2.580875,2.580875,3.000000,0.612382,0.000000,0.000000,0.000036,-0.000156,0.000057,0.271831,0.001402,0.432582,0.296440,-0.007298,0.310132,-0.094080,-2.204581
23.244000,0.731787,-0.426806,-1.259809,0.469710,-0.457109,-2.601898,2.601898,3.000000,0.655420,0.000000,0.000000,-0.000362,-0.000541,-0.000001,0.271831,0.001400,0.432583,0.296440,-0.007298,0.310132,-0.094080,-2.204095
23.254000,0.721731,-0.427929,-1.267683,0.459653,-0.458232,-2.609772,2.609772,3.000000,0.649044,0.000000,0.000000,-0.000574,0.000146,-0.000334,0.271830,0.001402,0.432580,0.296440,-0.007298,0.310132,-0.094080,-2.201229
23.264000,0.679082,-0.429402,-1.246342,0.417004,-0.459706,-2.588431,2.588431,3.000000,0.620662,0.000000,0.000000,0.000222,0.000136,0.000359,0.271831,0.001402,0.432583,0.296440,-0.007298,0.310132,-0.094080,-2.207152
23.274000,0.637265,-0.429309,-1.213917,0.375188,-0.459612,-2.556006,2.556006,3.000000,0.593304,0.000000,0.000000,0.000022,-0.000550,-0.000466,0.271831,0.001401,0.432582,0.296440,-0.007298,0.310132,-0.094080,-2.200137
23.284000,0.666705,-0.418858,-1.232092,0.404627,-0.449161,-2.574180,2.574180,3.000000,0.604541,0.000000,0.000000,-0.000144,0.000287,-0.000436,0.271831,0.001402,0.432580,0.296440,-0.007298,0.310132,-0.094080,-2.200363
23.294000,0.714153,-0.421275,-1.208739,0.452075,-0.451578,-2.550828,2.550828,3.000000,0.638979,0.000000,0.000000,-0.000290,0.000216,0.000028,0.271831,0.001402,0.432583,0.296440,-0.007298,0.310132,-0.094080,-2.204360
23.304000,0.697275,-0.390851,-1.213578,0.435197,-0.421154,-2.555666,2.555666,3.000000,0.605613,0.000000,0.000000,-0.000111,0.000106,0.000135,0.271830,0.001402,0.432582,0.296440,-0.007298,0.310132,-0.094080,-2.205245
23.314000,0.695525,-0.404154,-1.246877,0.433448,-0.434457,-2.588966,2.588966,3.000000,0.613702,0.000000,0.000000,0.000183,-0.000349,0.000110,0.271832,0.001401,0.432583,0.296440,-0.007298,0.310132,-0.094080,-2.205045
23.324000,0.669453,-0.386629,-1.226970,0.407376,-0.416933,-2.569059,2.569059,3.000000,0.582913,0.000000,0.000000,-0.000123,0.000098,-0.000471,0.271831,0.001401,0.432580,0.296440,-0.007298,0.310132,-0.094080,-2.200061
23.334000,0.663116,-0.390143,-1.242697,0.401038,-0.420446,-2.584786,2.584786,3.000000,0.581039,0.000000,0.000000,0.000342,0.000192,-0.000054,0.271831,0.001402,0.432581,0.296440,-0.007298,0.310132,-0.094080,-2.203627
23.344000,0.656349,-0.385687,-1.211277,0.394271,-0.415991,-2.553365,2.553365,3.000000,0.573148,0.000000,0.000000,-0.000118,0.000214,0.000161,0.271830,0.001401,0.432582,0.296440,-0.007298,0.310132,-0.094080,-2.205462
23.354000,0.634226,-0.374077,-1.229299,0.372148,-0.404380,-2.571388,2.571388,3.000000,0.549561,0.000000,0.000000,-0.000246,-0.000171,0.000008,0.271830,0.001399,0.432581,0.296440,-0.007298,0.310132,-0.094080,-2.204148
23.364000,0.678499,-0.347140,-1.223828,0.416422,-0.377444,-2.565916,2.565916,3.000000,0.562024,0.000000,0.000000,-0.000175,-0.000319,0.000139,0.271830,0.001400,0.432581,0.296440,-0.007298,0.310132,-0.094080,-2.205244
23.374000,0.695364,-0.343802,-1.218182,0.433286,-0.374105,-2.560270,2.560270,3.000000,0.572444,0.000000,0.000000,-0.000033,0.000422,0.000468,0.271831,0.001401,0.432583,0.296440,-0.007298,0.310132,-0.094080,-2.208086
23.384000,0.680124,-0.352406,-1.160954,0.418047,-0.382709,-2.503043,2.503043,3.000000,0.566771,0.000000,0.000000,-0.000154,0.000127,-0.000028,0.271830,0.001402,0.432581,0.296440,-0.007298,0.310132,-0.094080,-2.203846
23.394000,0.657041,-0.352761,-1.190338,0.394963,-0.383064,-2.532427,2.532427,3.000000,0.550213,0.000000,0.000000,0.000129,-0.000638,0.000158,0.271832,0.001399,0.432582,0.296440,-0.007298,0.310132,-0.094080,-2.205428
23.404000,0.647278,-0.358811,-1.215471,0.385200,-0.389114,-2.557559,2.557559,3.000000,0.547530,0.000000,0.000000,-0.000528,0.000500,-0.000105,0.271831,0.001402,0.432584,0.296440,-0.007298,0.310132,-0.094080,-2.203239
23.414000,0.685180,-0.347741,-1.197220,0.423102,-0.378044,-2.539309,2.539309,3.000000,0.567392,0.000000,0.000000,0.000491,0.000001,0.000333,0.271832,0.001401,0.432583,0.296440,-0.007298,0.310132,-0.094080,-2.206941
23.424000,0.652258,-0.349792,-1.222735,0.390181,-0.380095,-2.564823,2.564823,3.000000,0.544714,0.000000,0.000000,0.000289,0.000364,0.000508,0.271831,0.001401,0.432583,0.296440,-0.007298,0.310132,-0.094080,-2.208425
23.434000,0.700195,-0.391258,-1.251966,0.438118,-0.421561,-2.594055,2.594055,3.000000,0.607997,0.000000,0.000000,-0.000159,-0.000460,-0.000436,0.271830,0.001401,0.432581,0.296440,-0.007298,0.310132,-0.094080,-2.200374
23.444000,0.652592,-0.369145,-1.230760,0.390514,-0.399448,-2.572848,2.572848,3.000000,0.558623,0.000000,0.000000,-0.000121,0.000225,0.000006,0.271832,0.001402,0.432586,0.296440,-0.007298,0.310132,-0.094080,-2.204220
23.454000,0.627489,-0.355923,-1.191900,0.365411,-0.386226,-2.533989,2.533989,3.000000,0.531691,0.000000,0.000000,0.000016,0.000272,-0.000631,0.271831,0.001402,0.432582,0.296440,-0.007298,0.310132,-0.094080,-2.198741
23.464000,0.671075,-0.365773,-1.247648,0.408998,-0.396076,-2.589737,2.589737,3.000000,0.569346,0.000000,0.000000,0.000122,0.000178,-0.000208,0.271831,0.001402,0.432582,0.296440,-0.007298,0.310132,-0.094080,-2.202336
23.474000,0.723289,-0.373059,-1.302329,0.461211,-0.403362,-2.644418,2.644418,3.000000,0.612713,0.000000,0.000000,-0.000145,0.000043,-0.000078,0.271831,0.001401,0.432585,0.296440,-0.007298,0.310132,-0.094080,-2.203481
23.484000,0.640531,-0.351054,-1.286029,0.378453,-0.381357,-2.628117,2.628117,3.000000,0.537271,0.000000,0.000000,-0.000272,0.000322,-0.000564,0.271831,0.001401,0.432583,0.296440,-0.007298,0.310132,-0.094080,-2.199337
23.494000,0.664365,-0.366294,-1.317832,0.402287,-0.396598,-2.659921,2.659921,3.000000,0.564911,0.000000,0.000000,-0.000024,0.000261,-0.000141,0.271831,0.001401,0.432583,0.296440,-0.007298,0.310132,-0.094080,-2.202910
23.504000,0.679498,-0.376449,-1.339357,0.417421,-0.406752,-2.681446,2.681446,3.000000,0.582827,0.000000,0.000000,0.000353,-0.000167,0.000349,0.271832,0.001400,0.432584,0.296440,-0.007298,0.310132,-0.094080,-2.207093
23.514000,0.613671,-0.350808,-1.275247,0.351594,-0.381111,-2.617335,2.617335,3.000000,0.518520,0.000000,0.000000,0.000123,0.000081,-0.000033,0.271831,0.001401,0.432584,0.296440,-0.007298,0.310132,-0.094080,-2.203857
23.524000,0.619245,-0.368110,-1.263052,0.357168,-0.398413,-2.605140,2.605140,3.000000,0.535072,0.000000,0.000000,0.000406,0.000170,0.000987,0.271831,0.001401,0.432585,0.296440,-0.007298,0.310132,-0.094080,-2.212528
23.534000,0.677476,-0.388870,-1.302322,0.415399,-0.419174,-2.644410,2.644410,3.000000,0.590138,0.000000,0.000000,0.000431,0.000039,0.000241,0.271832,0.001400,0.432584,0.296440,-0.007298,0.310132,-0.094080,-2.206167
23.544000,0.678869,-0.360651,-1.300307,0.416792,-0.390954,-2.642395,2.642395,3.000000,0.571455,0.000000,0.000000,-0.000125,0.000254,0.000329,0.271830,0.001402,0.432585,0.296440,-0.007298,0.310132,-0.094080,-2.206929
23.554000,0.657306,-0.323934,-1.276160,0.395229,-0.354237,-2.618248,2.618248,3.000000,0.530744,0.000000,0.000000,0.000018,-0.000499,-0.000295,0.271831,0.001400,0.432584,0.296440,-0.007298,0.310132,-0.094080,-2.201626
23.564000,0.646391,-0.338949,-1.264279,0.384313,-0.369253,-2.606368,2.606368,3.000000,0.532958,0.000000,0.000000,0.000187,-0.000944,0.000323,0.271832,0.001399,0.432587,0.296440,-0.007298,0.310132,-0.094080,-2.206925
23.574000,0.650249,-0.350411,-1.298144,0.388171,-0.380714,-2.640232,2.640232,3.000000,0.543710,0.000000,0.000000,0.000148,-0.000332,0.000445,0.271831,0.001400,0.432586,0.296440,-0.007298,0.310132,-0.094080,-2.207935
23.584000,0.659308,-0.360968,-1.305974,0.397230,-0.391271,-2.648063,2.648063,3.000000,0.557571,0.000000,0.000000,0.000069,0.000608,-0.000430,0.271831,0.001401,0.432582,0.296440,-0.007298,0.310132,-0.094080,-2.200455
23.594000,0.724259,-0.400095,-1.277529,0.462181,-0.430399,-2.619617,2.619617,3.000000,0.631549,0.000000,0.000000,-0.000322,0.000051,-0.000518,0.271830,0.001400,0.432583,0.296440,-0.007298,0.310132,-0.094080,-2.199721
23.604000,0.689686,-0.345516,-1.298497,0.427608,-0.375819,-2.640585,2.640585,3.000000,0.569288,0.000000,0.000000,-0.000036,0.000156,-0.000117,0.271831,0.001401,0.432583,0.296440,-0.007298,0.310132,-0.094080,-2.203126
23.614000,0.631243,-0.334410,-1.312193,0.369166,-0.364713,-2.654282,2.654282,3.000000,0.518941,0.000000,0.000000,0.000206,0.000217,-0.000470,0.271831,0.001401,0.432583,0.296440,-0.007298,0.310132,-0.094080,-2.200120
23.624000,0.635801,-0.348402,-1.298140,0.373724,-0.378705,-2.640228,2.640228,3.000000,0.532059,0.000000,0.000000,-0.000144,0.000013,-0.000626,0.271831,0.001400,0.432583,0.296440,-0.007298,0.310132,-0.094080,-2.198788
23.634000,0.631927,-0.327087,-1.300485,0.369849,-0.357390,-2.642573,2.642573,3.000000,0.514312,0.000000,0.000000,0.000060,-0.000118,0.000623,0.271831,0.001399,0.432585,0.296440,-0.007298,0.310132,-0.094080,-2.209435
23.644000,0.651511,-0.322445,-1.300462,0.389434,-0.352748,-2.642550,2.642550,3.000000,0.525443,0.000000,0.000000,0.000063,-0.000093,-0.000338,0.271833,0.001399,0.432585,0.296440,-0.007298,0.310132,-0.094080,-2.201279
23.654000,0.648264,-0.276517,-1.301622,0.386187,-0.306820,-2.643710,2.643710,3.000000,0.493233,0.000000,0.000000,-0.000118,-0.000164,-0.000635,0.271830,0.001398,0.432581,0.296440,-0.007298,0.310132,-0.094080,-2.198679
23.664000,0.633873,-0.310166,-1.285677,0.371795,-0.340469,-2.627766,2.627766,3.000000,0.504134,0.000000,0.000000,-0.000103,-0.000085,-0.000174,0.271831,0.001398,0.432584,0.296440,-0.007298,0.310132,-0.094080,-2.202654
23.674000,0.665296,-0.284203,-1.278009,0.403219,-0.314506,-2.620097,2.620097,3.000000,0.511370,0.000000,0.000000,0.000154,0.000011,0.000392,0.271832,0.001397,0.432586,0.296440,-0.007298,0.310132,-0.094080,-2.207497
23.684000,0.667201,-0.266383,-1.301712,0.405124,-0.296686,-2.643800,2.643800,3.000000,0.502143,0.000000,0.000000,-0.000234,0.000484,-0.000474,0.271831,0.001399,0.432582,0.296440,-0.007298,0.310132,-0.094080,-2.200078
23.694000,0.661990,-0.280603,-1.298914,0.399913,-0.310907,-2.641003,2.641003,3.000000,0.506550,0.000000,0.000000,0.000130,-0.000181,-0.000685,0.271831,0.001398,0.432581,0.296440,-0.007298,0.310132,-0.094080,-2.198270
23.704000,0.667669,-0.296728,-1.271382,0.405591,-0.327031,-2.613470,2.613470,3.000000,0.521012,0.000000,0.000000,-0.000276,0.000251,-0.000512,0.271831,0.001398,0.432584,0.296440,-0.007298,0.310132,-0.094080,-2.199791
23.714000,0.671275,-0.264663,-1.273856,0.409197,-0.294966,-2.615944,2.615944,3.000000,0.504428,0.000000,0.000000,-0.000156,-0.000185,-0.000359,0.271831,0.001398,0.432583,0.296440,-0.007298,0.310132,-0.094080,-2.201066
23.724000,0.673810,-0.256542,-1.310256,0.411733,-0.286845,-2.652344,2.652344,3.000000,0.501801,0.000000,0.000000,-0.000327,0.000335,0.000293,0.271830,0.001400,0.432583,0.296440,-0.007298,0.310132,-0.094080,-2.206597
23.734000,0.663722,-0.260643,-1.305028,0.401645,-0.290946,-2.647116,2.647116,3.000000,0.495952,0.000000,0.000000,0.000092,0.000105,0.000671,0.271831,0.001398,0.432585,0.296440,-0.007298,0.310132,-0.094080,-2.209837
23.744000,0.657526,-0.261533,-1.294068,0.395449,-0.291837,-2.636156,2.636156,3.000000,0.491476,0.000000,0.000000,0.000061,-0.000143,-0.000057,0.271831,0.001398,0.432583,0.296440,-0.007298,0.310132,-0.094080,-2.203630
23.754000,0.601830,-0.248327,-1.251813,0.339753,-0.278631,-2.593901,2.593901,3.000000,0.439394,0.000000,0.000000,-0.000198,-0.000259,0.000003,0.271831,0.001399,0.432583,0.296440,-0.007298,0.310132,-0.094080,-2.204151
23.764000,0.624049,-0.272937,-1.238302,0.361971,-0.303240,-2.580391,2.580391,3.000000,0.472205,0.000000,0.000000,-0.000192,0.000578,-0.000326,0.271831,0.001400,0.432581,0.296440,-0.007298,0.310132,-0.094080,-2.201316
23.774000,0.684229,-0.302282,-1.290417,0.422152,-0.332586,-2.632506,2.632506,3.000000,0.537425,0.000000,0.000000,-0.000382,0.000410,-0.000294,0.271830,0.001399,0.432580,0.296440,-0.007298,0.310132,-0.094080,-2.201555
23.784000,0.712293,-0.300164,-1.264751,0.450215,-0.330468,-2.606839,2.606839,3.000000,0.558482,0.000000,0.000000,0.000165,0.000413,-0.000274,0.271831,0.001400,0.432581,0.296440,-0.007298,0.310132,-0.094080,-2.201759
23.794000,0.647625,-0.290635,-1.258369,0.385547,-0.320938,-2.600457,2.600457,3.000000,0.501645,0.000000,0.000000,0.000023,-0.000979,0.000091,0.271832,0.001396,0.432583,0.296440,-0.007298,0.310132,-0.094080,-2.204878
23.804000,0.626121,-0.254757,-1.239461,0.364043,-0.285060,-2.581550,2.581550,3.000000,0.462371,0.000000,0.000000,-0.000030,0.000197,0.000026,0.271831,0.001399,0.432582,0.296440,-0.007298,0.310132,-0.094080,-2.204327
23.814000,0.649307,-0.264851,-1.289026,0.387229,-0.295154,-2.631114,2.631114,3.000000,0.486890,0.000000,0.000000,0.000049,-0.000213,-0.000807,0.271831,0.001398,0.432581,0.296440,-0.007298,0.310132,-0.094080,-2.197238
23.824000,0.634262,-0.273100,-1.258982,0.372184,-0.303403,-2.601071,2.601071,3.000000,0.480182,0.000000,0.000000,0.000158,0.000417,0.000565,0.271831,0.001400,0.432585,0.296440,-0.007298,0.310132,-0.094080,-2.208945
23.834000,0.639511,-0.274632,-1.271478,0.377434,-0.304936,-2.613567,2.613567,3.000000,0.485224,0.000000,0.000000,-0.000134,-0.000408,0.000866,0.271831,0.001398,0.432586,0.296440,-0.007298,0.310132,-0.094080,-2.211514
23.844000,0.653403,-0.279838,-1.280324,0.391326,-0.310141,-2.622412,2.622412,3.000000,0.499323,0.000000,0.000000,-0.000234,-0.000814,-0.000130,0.271830,0.001398,0.432583,0.296440,-0.007298,0.310132,-0.094080,-2.203006
23.854000,0.668182,-0.304608,-1.266386,0.406104,-0.334911,-2.608474,2.608474,3.000000,0.526390,0.000000,0.000000,0.000239,0.000067,0.000402,0.271832,0.001399,0.432585,0.296440,-0.007298,0.310132,-0.094080,-2.207554
23.864000,0.655071,-0.290863,-1.261049,0.392993,-0.321166,-2.603138,2.603138,3.000000,0.507534,0.000000,0.000000,0.000027,0.000944,0.000274,0.271830,0.001403,0.432583,0.296440,-0.007298,0.310132,-0.094080,-2.206437
23.874000,0.650977,-0.321404,-1.276608,0.388900,-0.351707,-2.618696,2.618696,3.000000,0.524348,0.000000,0.000000,0.000094,-0.000834,0.000644,0.271831,0.001398,0.432585,0.296440,-0.007298,0.310132,-0.094080,-2.209607
23.884000,0.630946,-0.283354,-1.259782,0.368869,-0.313657,-2.601870,2.601870,3.000000,0.484195,0.000000,0.000000,0.000174,0.000197,-0.000026,0.271831,0.001400,0.432582,0.296440,-0.007298,0.310132,-0.094080,-2.203878
23.894000,0.670702,-0.303024,-1.228000,0.408625,-0.333328,-2.570088,2.570088,3.000000,0.527334,0.000000,0.000000,0.000051,-0.000360,-0.000429,0.271830,0.001399,0.432581,0.296440,-0.007298,0.310132,-0.094080,-2.200434
23.904000,0.691038,-0.311324,-1.233024,0.428961,-0.341627,-2.575113,2.575113,3.000000,0.548376,0.000000,0.000000,0.000348,0.000770,0.000318,0.271831,0.001400,0.432582,0.296440,-0.007298,0.310132,-0.094080,-2.206795
23.914000,0.670325,-0.325236,-1.199572,0.408248,-0.355539,-2.541660,2.541660,3.000000,0.541364,0.000000,0.000000,0.000086,-0.000008,-0.000141,0.271830,0.001398,0.432582,0.296440,-0.007298,0.310132,-0.094080,-2.202894
23.924000,0.670832,-0.309600,-1.189670,0.408755,-0.339904,-2.531759,2.531759,3.000000,0.531615,0.000000,0.000000,-0.000121,0.000476,-0.000777,0.271830,0.001400,0.432580,0.296440,-0.007298,0.310132,-0.094080,-2.197463
23.934000,0.701041,-0.314964,-1.191186,0.438963,-0.345268,-2.533274,2.533274,3.000000,0.558479,0.000000,0.000000,0.000174,-0.000667,0.000583,0.271831,0.001398,0.432583,0.296440,-0.007298,0.310132,-0.094080,-2.209054
23.944000,0.702681,-0.291839,-1.198306,0.440604,-0.322142,-2.540394,2.540394,3.000000,0.545809,0.000000,0.000000,0.000261,-0.000690,0.000114,0.271831,0.001399,0.432582,0.296440,-0.007298,0.310132,-0.094080,-2.205068
23.954000,0.694313,-0.324600,-1.165544,0.432236,-0.354904,-2.507632,2.507632,3.000000,0.559271,0.000000,0.000000,-0.000094,-0.000069,-0.000542,0.271831,0.001399,0.432581,0.296440,-0.007298,0.310132,-0.094080,-2.199478
23.964000,0.752307,-0.320474,-1.234554,0.490229,-0.350777,-2.576642,2.576642,3.000000,0.602801,0.000000,0.000000,-0.000043,0.000059,0.000608,0.271831,0.001398,0.432582,0.296440,-0.007298,0.310132,-0.094080,-2.209248
23.974000,0.720701,-0.314983,-1.214086,0.458623,-0.345286,-2.556175,2.556175,3.000000,0.574071,0.000000,0.000000,0.000408,0.000156,0.000105,0.271831,0.001400,0.432581,0.296440,-0.007298,0.310132,-0.094080,-2.204971
23.984000,0.691052,-0.280029,-1.199941,0.428975,-0.310333,-2.542030,2.542030,3.000000,0.529458,0.000000,0.000000,-0.000093,0.000452,0.000085,0.271831,0.001400,0.432582,0.296440,-0.007298,0.310132,-0.094080,-2.204816
23.994000,0.711783,-0.302855,-1.175205,0.449706,-0.333158,-2.517294,2.517294,3.000000,0.559669,0.000000,0.000000,0.000026,0.000012,-0.000174,0.271830,0.001400,0.432580,0.296440,-0.007298,0.310132,-0.094080,-2.202581
24.004000,0.670862,-0.293800,-1.157533,0.408784,-0.324103,-2.499621,2.499621,3.000000,0.521677,0.000000,0.000000,0.000236,-0.000049,0.000343,0.271831,0.001399,0.432581,0.296440,-0.007298,0.310132,-0.094080,-2.206977
24.014000,0.726278,-0.293388,-1.122771,0.464200,-0.323691,-2.464860,2.464860,3.000000,0.565913,0.000000,0.000000,-0.000202,0.000249,-0.000765,0.271830,0.001400,0.432580,0.296440,-0.007298,0.310132,-0.094080,-2.197562
24.024000,0.725967,-0.288153,-1.123717,0.463890,-0.318456,-2.465805,2.465805,3.000000,0.562679,0.000000,0.000000,0.000444,0.000013,0.000647,0.271831,0.001399,0.432582,0.296440,-0.007298,0.310132,-0.094080,-2.209578
24.034000,0.725482,-0.329945,-1.114127,0.463405,-0.360249,-2.456216,2.456216,3.000000,0.586961,0.000000,0.000000,0.000408,-0.000012,0.000414,0.271830,0.001400,0.432581,0.296440,-0.007298,0.310132,-0.094080,-2.207582
24.044000,0.737567,-0.308373,-1.126815,0.475489,-0.338676,-2.468903,2.468903,3.000000,0.583774,0.000000,0.000000,-0.000146,-0.000204,-0.000572,0.271830,0.001399,0.432578,0.296440,-0.007298,0.310132,-0.094080,-2.199174
24.054000,0.775243,-0.301913,-1.108287,0.513165,-0.332217,-2.450375,2.450375,3.000000,0.611315,0.000000,0.000000,-0.000148,-0.000075,0.000294,0.271830,0.001399,0.432581,0.296440,-0.007298,0.310132,-0.094080,-2.206559
24.064000,0.806000,-0.364462,-1.103577,0.543923,-0.394766,-2.445665,2.445665,3.000000,0.672080,0.000000,0.000000,-0.000128,0.000587,-0.000216,0.271830,0.001402,0.432580,0.296440,-0.007298,0.310132,-0.094080,-2.202221
24.074000,0.788587,-0.356139,-1.098097,0.526510,-0.386442,-2.440185,2.440185,3.000000,0.653108,0.000000,0.000000,0.000131,-0.000094,0.000214,0.271830,0.001400,0.432581,0.296440,-0.007298,0.310132,-0.094080,-2.205882
24.084000,0.741288,-0.333294,-1.128275,0.479211,-0.363597,-2.470364,2.470364,3.000000,0.601536,0.000000,0.000000,0.000522,0.000210,0.000408,0.271830,0.001400,0.432581,0.296440,-0.007298,0.310132,-0.094080,-2.207530
24.094000,0.759098,-0.376341,-1.126824,0.497021,-0.406644,-2.468912,2.468912,3.000000,0.642175,0.000000,0.000000,0.000157,0.000156,0.000471,0.271830,0.001400,0.432581,0.296440,-0.007298,0.310132,-0.094080,-2.208068
24.104000,0.746075,-0.377751,-1.129795,0.483998,-0.408054,-2.471883,2.471883,3.000000,0.633058,0.000000,0.000000,-0.000098,0.000213,-0.000132,0.271829,0.001401,0.432580,0.296440,-0.007298,0.310132,-0.094080,-2.202927
24.114000,0.750581,-0.367083,-1.098707,0.488503,-0.397386,-2.440795,2.440795,3.000000,0.629723,0.000000,0.000000,-0.000055,-0.000331,0.000153,0.271830,0.001400,0.432582,0.296440,-0.007298,0.310132,-0.094080,-2.205389
24.124000,0.764793,-0.350236,-1.124039,0.502716,-0.380539,-2.466128,2.466128,3.000000,0.630502,0.000000,0.000000,-0.000251,-0.000617,-0.000744,0.271830,0.001399,0.432579,0.296440,-0.007298,0.310132,-0.094080,-2.197727
24.134000,0.759500,-0.373463,-1.128269,0.497423,-0.403766,-2.470357,2.470357,3.000000,0.640669,0.000000,0.000000,-0.000012,0.000116,0.000755,0.271830,0.001401,0.432581,0.296440,-0.007298,0.310132,-0.094080,-2.210478
24.144000,0.771327,-0.388484,-1.111304,0.509250,-0.418787,-2.453393,2.453393,3.000000,0.659332,0.000000,0.000000,-0.000159,-0.000150,-0.000224,0.271830,0.001400,0.432580,0.296440,-0.007298,0.310132,-0.094080,-2.202163
24.154000,0.772740,-0.404214,-1.132201,0.510663,-0.434517,-2.474289,2.474289,3.000000,0.670509,0.000000,0.000000,-0.000063,0.000158,0.000634,0.271830,0.001400,0.432581,0.296440,-0.007298,0.310132,-0.094080,-2.209461
24.164000,0.775072,-0.389015,-1.133751,0.512995,-0.419318,-2.475840,2.475840,3.000000,0.662564,0.000000,0.000000,-0.000295,-0.000826,0.000166,0.271830,0.001400,0.432581,0.296440,-0.007298,0.310132,-0.094080,-2.205494
24.174000,0.756370,-0.376670,-1.125492,0.494292,-0.406973,-2.467580,2.467580,3.000000,0.640275,0.000000,0.000000,0.000331,0.000270,0.001034,0.271831,0.001401,0.432584,0.296440,-0.007298,0.310132,-0.094080,-2.212907
24.184000,0.737881,-0.386235,-1.150670,0.475803,-0.416538,-2.492758,2.492758,3.000000,0.632371,0.000000,0.000000,-0.000129,-0.000325,0.000354,0.271830,0.001399,0.432582,0.296440,-0.007298,0.310132,-0.094080,-2.207096
24.194000,0.754621,-0.380971,-1.170195,0.492543,-0.411274,-2.512283,2.512283,3.000000,0.641674,0.000000,0.000000,-0.000265,-0.000352,-0.000211,0.271830,0.001399,0.432582,0.296440,-0.007298,0.310132,-0.094080,-2.202303
24.204000,0.721211,-0.379972,-1.173720,0.459133,-0.410275,-2.515808,2.515808,3.000000,0.615735,0.000000,0.000000,-0.000250,0.000675,-0.000823,0.271830,0.001401,0.432580,0.296440,-0.007298,0.310132,-0.094080,-2.197077
24.214000,0.714775,-0.359173,-1.190904,0.452697,-0.389476,-2.532992,2.532992,3.000000,0.597182,0.000000,0.000000,0.000353,-0.000048,0.000756,0.271831,0.001399,0.432585,0.296440,-0.007298,0.310132,-0.094080,-2.210569
24.224000,0.743553,-0.350242,-1.198957,0.481475,-0.380545,-2.541045,2.541045,3.000000,0.613704,0.000000,0.000000,0.000176,-0.000469,-0.000081,0.271831,0.001399,0.432582,0.296440,-0.007298,0.310132,-0.094080,-2.203399
24.234000,0.752411,-0.378558,-1.174186,0.490333,-0.408861,-2.516275,2.516275,3.000000,0.638431,0.000000,0.000000,-0.000018,0.000092,0.000007,0.271830,0.001399,0.432582,0.296440,-0.007298,0.310132,-0.094080,-2.204150
24.244000,0.778672,-0.360696,-1.156527,0.516595,-0.390999,-2.498615,2.498615,3.000000,0.647881,0.000000,0.000000,-0.000082,0.000458,-0.000204,0.271831,0.001401,0.432583,0.296440,-0.007298,0.310132,-0.094080,-2.202373
24.254000,0.793006,-0.326188,-1.185317,0.530928,-0.356491,-2.527406,2.527406,3.000000,0.639508,0.000000,0.000000,0.000198,-0.000103,-0.000373,0.271830,0.001399,0.432580,0.296440,-0.007298,0.310132,-0.094080,-2.200904
24.264000,0.760759,-0.351769,-1.219474,0.498681,-0.382072,-2.561563,2.561563,3.000000,0.628221,0.000000,0.000000,-0.000056,-0.000129,0.000369,0.271831,0.001398,0.432583,0.296440,-0.007298,0.310132,-0.094080,-2.207251
24.274000,0.721645,-0.303314,-1.162331,0.459568,-0.333618,-2.504420,2.504420,3.000000,0.567894,0.000000,0.000000,-0.000073,0.000411,-0.000291,0.271830,0.001400,0.432582,0.296440,-0.007298,0.310132,-0.094080,-2.201621
24.284000,0.692059,-0.307741,-1.179617,0.429982,-0.338044,-2.521706,2.521706,3.000000,0.546953,0.000000,0.000000,0.000188,-0.000515,-0.000126,0.271831,0.001397,0.432581,0.296440,-0.007298,0.310132,-0.094080,-2.203005
24.294000,0.771886,-0.320017,-1.208184,0.509809,-0.350320,-2.550273,2.550273,3.000000,0.618570,0.000000,0.000000,-0.000062,0.000075,0.000710,0.271830,0.001399,0.432583,0.296440,-0.007298,0.310132,-0.094080,-2.210133
24.304000,0.742631,-0.307920,-1.174842,0.480554,-0.338224,-2.516930,2.516930,3.000000,0.587646,0.000000,0.000000,-0.000257,-0.000205,0.000968,0.271830,0.001398,0.432583,0.296440,-0.007298,0.310132,-0.094080,-2.212322
24.314000,0.791494,-0.331685,-1.211803,0.529417,-0.361988,-2.553891,2.553891,3.000000,0.641341,0.000000,0.000000,0.000432,0.000730,0.001177,0.271831,0.001400,0.432584,0.296440,-0.007298,0.310132,-0.094080,-2.214112
24.324000,0.797788,-0.316160,-1.210959,0.535711,-0.346463,-2.553047,2.553047,3.000000,0.637983,0.000000,0.000000,-0.000170,-0.000036,-0.000956,0.271830,0.001398,0.432580,0.296440,-0.007298,0.310132,-0.094080,-2.195947
24.334000,0.751973,-0.290742,-1.165542,0.489896,-0.321045,-2.507631,2.507631,3.000000,0.585720,0.000000,0.000000,-0.000433,0.000108,-0.000287,0.271830,0.001398,0.432581,0.296440,-0.007298,0.310132,-0.094080,-2.201646
24.344000,0.707172,-0.277812,-1.172218,0.445095,-0.308115,-2.514307,2.514307,3.000000,0.541335,0.000000,0.000000,-0.000090,-0.000094,0.000500,0.271830,0.001397,0.432583,0.296440,-0.007298,0.310132,-0.094080,-2.208346
24.354000,0.732715,-0.271042,-1.191885,0.470637,-0.301345,-2.533973,2.533973,3.000000,0.558845,0.000000,0.000000,0.000173,0.000539,-0.000082,0.271831,0.001398,0.432582,0.296440,-0.007298,0.310132,-0.094080,-2.203400
24.364000,0.719475,-0.261254,-1.176374,0.457398,-0.291557,-2.518463,2.518463,3.000000,0.542419,0.000000,0.000000,0.000157,0.000412,-0.000151,0.271831,0.001399,0.432583,0.296440,-0.007298,0.310132,-0.094080,-2.202825
24.374000,0.674995,-0.248654,-1.147500,0.412918,-0.278957,-2.489589,2.489589,3.000000,0.498315,0.000000,0.000000,-0.000093,0.000288,-0.000963,0.271830,0.001397,0.432579,0.296440,-0.007298,0.310132,-0.094080,-2.195872
24.384000,0.661901,-0.267613,-1.154551,0.399824,-0.297916,-2.496639,2.496639,3.000000,0.498611,0.000000,0.000000,-0.000289,0.000419,0.000032,0.271831,0.001398,0.432581,0.296440,-0.007298,0.310132,-0.094080,-2.204344
24.394000,0.730038,-0.279292,-1.185434,0.467961,-0.309595,-2.527522,2.527522,3.000000,0.561103,0.000000,0.000000,-0.000385,0.000025,0.000038,0.271830,0.001397,0.432582,0.296440,-0.007298,0.310132,-0.094080,-2.204413
24.404000,0.722426,-0.230695,-1.174910,0.460349,-0.260998,-2.516998,2.516998,3.000000,0.529189,0.000000,0.000000,0.000135,0.000172,0.000228,0.271831,0.001397,0.432580,0.296440,-0.007298,0.310132,-0.094080,-2.205999
24.414000,0.674528,-0.215929,-1.196426,0.412450,-0.246232,-2.538515,2.538515,3.000000,0.480360,0.000000,0.000000,-0.000128,0.000334,0.000647,0.271830,0.001398,0.432582,0.296440,-0.007298,0.310132,-0.094080,-2.209581
24.424000,0.666151,-0.231664,-1.202353,0.404074,-0.261967,-2.544441,2.544441,3.000000,0.481562,0.000000,0.000000,0.000108,0.000084,-0.000361,0.271830,0.001398,0.432580,0.296440,-0.007298,0.310132,-0.094080,-2.200997
24.434000,0.646120,-0.213089,-1.171487,0.384043,-0.243392,-2.513576,2.513576,3.000000,0.454674,0.000000,0.000000,0.000090,0.000364,0.000359,0.271830,0.001397,0.432581,0.296440,-0.007298,0.310132,-0.094080,-2.207119
24.444000,0.706987,-0.214917,-1.174490,0.444909,-0.245220,-2.516578,2.516578,3.000000,0.508013,0.000000,0.000000,-0.000334,0.000005,-0.000391,0.271830,0.001397,0.432581,0.296440,-0.007298,0.310132,-0.094080,-2.200759
24.454000,0.732996,-0.237203,-1.155975,0.470919,-0.267506,-2.498064,2.498064,3.000000,0.541594,0.000000,0.000000,0.000038,-0.000107,0.000368,0.271830,0.001397,0.432581,0.296440,-0.007298,0.310132,-0.094080,-2.207212
24.464000,0.726017,-0.216881,-1.173031,0.463940,-0.247184,-2.515119,2.515119,3.000000,0.525681,0.000000,0.000000,-0.000474,-0.000201,-0.001375,0.271830,0.001397,0.432579,0.296440,-0.007298,0.310132,-0.094080,-2.192374
24.474000,0.716265,-0.221566,-1.150838,0.454188,-0.251869,-2.492927,2.492927,3.000000,0.519350,0.000000,0.000000,-0.000043,-0.000085,-0.000431,0.271830,0.001397,0.432579,0.296440,-0.007298,0.310132,-0.094080,-2.200389
24.484000,0.736975,-0.249356,-1.193284,0.474897,-0.279659,-2.535372,2.535372,3.000000,0.551123,0.000000,0.000000,-0.000322,-0.000252,-0.000477,0.271829,0.001396,0.432579,0.296440,-0.007298,0.310132,-0.094080,-2.199989
24.494000,0.762365,-0.251282,-1.214602,0.500288,-0.281585,-2.556691,2.556691,3.000000,0.574089,0.000000,0.000000,0.000006,-0.000339,-0.000156,0.271831,0.001397,0.432581,0.296440,-0.007298,0.310132,-0.094080,-2.202747
24.504000,0.725200,-0.257834,-1.187458,0.463123,-0.288137,-2.529546,2.529546,3.000000,0.545441,0.000000,0.000000,0.000064,-0.000152,0.000757,0.271830,0.001397,0.432583,0.296440,-0.007298,0.310132,-0.094080,-2.210535
24.514000,0.680987,-0.227115,-1.166805,0.418910,-0.257418,-2.508894,2.508894,3.000000,0.491680,0.000000,0.000000,-0.000070,0.000493,-0.000172,0.271830,0.001399,0.432580,0.296440,-0.007298,0.310132,-0.094080,-2.202595
24.524000,0.713356,-0.230405,-1.143992,0.451279,-0.260708,-2.486081,2.486081,3.000000,0.521173,0.000000,0.000000,-0.000144,0.000149,0.000058,0.271830,0.001398,0.432581,0.296440,-0.007298,0.310132,-0.094080,-2.204569
24.534000,0.728956,-0.259040,-1.150824,0.466879,-0.289343,-2.492912,2.492912,3.000000,0.549268,0.000000,0.000000,0.000044,-0.000125,-0.000227,0.271829,0.001398,0.432579,0.296440,-0.007298,0.310132,-0.094080,-2.202116
24.544000,0.759606,-0.252409,-1.168629,0.497528,-0.282712,-2.510718,2.510718,3.000000,0.572242,0.000000,0.000000,0.000189,0.000128,0.000631,0.271832,0.001397,0.432583,0.296440,-0.007298,0.310132,-0.094080,-2.209469
24.554000,0.733462,-0.246280,-1.204248,0.471385,-0.276584,-2.546337,2.546337,3.000000,0.546537,0.000000,0.000000,0.000032,0.000472,-0.000072,0.271830,0.001398,0.432582,0.296440,-0.007298,0.310132,-0.094080,-2.203472
24.564000,0.699672,-0.243342,-1.167750,0.437594,-0.273645,-2.509838,2.509838,3.000000,0.516111,0.000000,0.000000,-0.000208,0.000332,-0.000706,0.271830,0.001398,0.432581,0.296440,-0.007298,0.310132,-0.094080,-2.198082
24.574000,0.701019,-0.220784,-1.146675,0.438942,-0.251087,-2.488763,2.488763,3.000000,0.505682,0.000000,0.000000,-0.000005,-0.000290,-0.000107,0.271830,0.001397,0.432580,0.296440,-0.007298,0.310132,-0.094080,-2.203151
24.584000,0.724999,-0.226377,-1.167534,0.462922,-0.256680,-2.509622,2.509622,3.000000,0.529322,0.000000,0.000000,0.000040,0.000057,0.000362,0.271830,0.001397,0.432582,0.296440,-0.007298,0.310132,-0.094080,-2.207166
24.594000,0.727724,-0.230045,-1.157283,0.465647,-0.260348,-2.499371,2.499371,3.000000,0.533487,0.000000,0.000000,0.000009,-0.000551,-0.000340,0.271830,0.001396,0.432579,0.296440,-0.007298,0.310132,-0.094080,-2.201160
24.604000,0.799607,-0.254540,-1.148485,0.537530,-0.284844,-2.490574,2.490574,3.000000,0.608337,0.000000,0.000000,-0.000293,-0.000328,-0.000646,0.271829,0.001397,0.432578,0.296440,-0.007298,0.310132,-0.094080,-2.198540
24.614000,0.761155,-0.256918,-1.123329,0.499078,-0.287221,-2.465417,2.465417,3.000000,0.575825,0.000000,0.000000,-0.000210,-0.000758,-0.000636,0.271829,0.001396,0.432577,0.296440,-0.007298,0.310132,-0.094080,-2.198615
24.624000,0.792565,-0.257278,-1.116623,0.530487,-0.287581,-2.458712,2.458712,3.000000,0.603423,0.000000,0.000000,-0.000033,-0.000042,-0.000310,0.271829,0.001398,0.432577,0.296440,-0.007298,0.310132,-0.094080,-2.201375
24.634000,0.732675,-0.226291,-1.088280,0.470598,-0.256594,-2.430369,2.430369,3.000000,0.536006,0.000000,0.000000,-0.000008,-0.000213,-0.000396,0.271830,0.001397,0.432577,0.296440,-0.007298,0.310132,-0.094080,-2.200643
24.644000,0.776106,-0.255231,-1.080587,0.514028,-0.285534,-2.422676,2.422676,3.000000,0.588009,0.000000,0.000000,0.000041,-0.000295,-0.000019,0.271829,0.001397,0.432577,0.296440,-0.007298,0.310132,-0.094080,-2.203846
24.654000,0.805353,-0.274134,-1.068462,0.543276,-0.304437,-2.410551,2.410551,3.000000,0.622761,0.000000,0.000000,-0.000158,0.000016,-0.000212,0.271828,0.001399,0.432577,0.296440,-0.007298,0.310132,-0.094080,-2.202195
24.664000,0.776727,-0.268827,-1.024604,0.514650,-0.299130,-2.366692,2.366692,3.000000,0.595267,0.000000,0.000000,0.000340,-0.000052,0.000171,0.271830,0.001398,0.432579,0.296440,-0.007298,0.310132,-0.094080,-2.205500
24.674000,0.770020,-0.274722,-1.026739,0.507943,-0.305025,-2.368827,2.368827,3.000000,0.592491,0.000000,0.000000,0.000065,0.000190,-0.000078,0.271830,0.001398,0.432579,0.296440,-0.007298,0.310132,-0.094080,-2.203374
24.684000,0.798808,-0.285867,-1.041366,0.536731,-0.316170,-2.383454,2.383454,3.000000,0.622932,0.000000,0.000000,-0.000042,0.000017,0.000663,0.271829,0.001397,0.432580,0.296440,-0.007298,0.310132,-0.094080,-2.209684
24.694000,0.808493,-0.271931,-1.035930,0.546416,-0.302234,-2.378019,2.378019,3.000000,0.624432,0.000000,0.000000,-0.000013,-0.000397,-0.000254,0.271829,0.001398,0.432579,0.296440,-0.007298,0.310132,-0.094080,-2.201880
24.704000,0.816227,-0.267161,-1.028048,0.554149,-0.297464,-2.370136,2.370136,3.000000,0.628941,0.000000,0.000000,0.000207,-0.000023,0.000476,0.271831,0.001397,0.432581,0.296440,-0.007298,0.310132,-0.094080,-2.208105
24.714000,0.796593,-0.277967,-1.042330,0.534515,-0.308271,-2.384419,2.384419,3.000000,0.617039,0.000000,0.000000,-0.000133,0.000223,0.000036,0.271830,0.001398,0.432579,0.296440,-0.007298,0.310132,-0.094080,-2.204357
24.724000,0.814083,-0.259814,-1.021671,0.552006,-0.290117,-2.363759,2.363759,3.000000,0.623601,0.000000,0.000000,-0.000135,-0.000378,-0.000887,0.271829,0.001397,0.432576,0.296440,-0.007298,0.310132,-0.094080,-2.196467
24.734000,0.761954,-0.250030,-1.043409,0.499876,-0.280333,-2.385497,2.385497,3.000000,0.573117,0.000000,0.000000,0.000296,-0.000483,0.000036,0.271830,0.001396,0.432578,0.296440,-0.007298,0.310132,-0.094080,-2.204325
24.744000,0.781224,-0.231355,-1.072046,0.519146,-0.261658,-2.414134,2.414134,3.000000,0.581359,0.000000,0.000000,0.000234,0.000188,0.000880,0.271830,0.001398,0.432580,0.296440,-0.007298,0.310132,-0.094080,-2.211532
24.754000,0.813428,-0.251716,-1.047740,0.551351,-0.282019,-2.389829,2.389829,3.000000,0.619292,0.000000,0.000000,0.000014,-0.000207,0.000018,0.271830,0.001396,0.432579,0.296440,-0.007298,0.310132,-0.094080,-2.204192
24.764000,0.809110,-0.243282,-1.031875,0.547032,-0.273585,-2.373964,2.373964,3.000000,0.611631,0.000000,0.000000,-0.000224,0.000025,0.000304,0.271829,0.001398,0.432577,0.296440,-0.007298,0.310132,-0.094080,-2.206593
24.774000,0.793273,-0.255782,-1.039378,0.531195,-0.286085,-2.381467,2.381467,3.000000,0.603335,0.000000,0.000000,-0.000165,-0.000290,-0.000309,0.271829,0.001397,0.432577,0.296440,-0.007298,0.310132,-0.094080,-2.201377
24.784000,0.804635,-0.258247,-1.052840,0.542557,-0.288551,-2.394929,2.394929,3.000000,0.614516,0.000000,0.000000,0.000053,-0.000068,-0.000263,0.271829,0.001397,0.432577,0.296440,-0.007298,0.310132,-0.094080,-2.201778
24.794000,0.786588,-0.287178,-1.014498,0.524510,-0.317481,-2.356587,2.356587,3.000000,0.613111,0.000000,0.000000,0.000000,-0.000259,0.000030,0.271829,0.001396,0.432578,0.296440,-0.007298,0.310132,-0.094080,-2.204273
24.804000,0.778850,-0.240273,-0.976336,0.516772,-0.270576,-2.318425,2.318425,3.000000,0.583322,0.000000,0.000000,-0.000126,-0.000056,-0.000233,0.271829,0.001397,0.432576,0.296440,-0.007298,0.310132,-0.094080,-2.202004
24.814000,0.779381,-0.239290,-0.965636,0.517304,-0.269593,-2.307724,2.307724,3.000000,0.583339,0.000000,0.000000,0.000267,-0.000010,-0.000777,0.271829,0.001396,0.432576,0.296440,-0.007298,0.310132,-0.094080,-2.197384
24.824000,0.798760,-0.239872,-0.972219,0.536682,-0.270175,-2.314308,2.314308,3.000000,0.600852,0.000000,0.000000,-0.000089,-0.000172,-0.000734,0.271829,0.001396,0.432575,0.296440,-0.007298,0.310132,-0.094080,-2.197738
24.834000,0.832168,-0.191973,-0.935097,0.570090,-0.222276,-2.277186,2.277186,3.000000,0.611890,0.000000,0.000000,-0.000057,-0.000413,-0.000125,0.271829,0.001395,0.432576,0.296440,-0.007298,0.310132,-0.094080,-2.202917
24.844000,0.870018,-0.196497,-0.937945,0.607941,-0.226800,-2.280034,2.280034,3.000000,0.648868,0.000000,0.000000,-0.000164,-0.000560,0.000503,0.271829,0.001395,0.432577,0.296440,-0.007298,0.310132,-0.094080,-2.208270
24.854000,0.802350,-0.217217,-0.927922,0.540273,-0.247520,-2.270011,2.270011,3.000000,0.594273,0.000000,0.000000,-0.000226,0.000128,-0.000499,0.271829,0.001396,0.432576,0.296440,-0.007298,0.310132,-0.094080,-2.199753
24.864000,0.807100,-0.205603,-0.940122,0.545023,-0.235906,-2.282211,2.282211,3.000000,0.593887,0.000000,0.000000,-0.000263,0.000124,0.000054,0.271829,0.001396,0.432576,0.296440,-0.007298,0.310132,-0.094080,-2.204443
24.874000,0.786677,-0.196443,-0.922653,0.524599,-0.226746,-2.264742,2.264742,3.000000,0.571505,0.000000,0.000000,0.000387,-0.000690,0.000659,0.271829,0.001396,0.432577,0.296440,-0.007298,0.310132,-0.094080,-2.209586
24.884000,0.813392,-0.168688,-0.922762,0.551315,-0.198991,-2.264851,2.264851,3.000000,0.586127,0.000000,0.000000,0.000133,0.000230,0.000976,0.271829,0.001396,0.432577,0.296440,-0.007298,0.310132,-0.094080,-2.212286
24.894000,0.843420,-0.177635,-0.927318,0.581343,-0.207939,-2.269406,2.269406,3.000000,0.617412,0.000000,0.000000,0.000020,0.000126,0.001066,0.271829,0.001397,0.432577,0.296440,-0.007298,0.310132,-0.094080,-2.213057
24.904000,0.794751,-0.183490,-0.926296,0.532674,-0.213793,-2.268385,2.268385,3.000000,0.573976,0.000000,0.000000,-0.000076,0.000212,-0.000325,0.271829,0.001398,0.432575,0.296440,-0.007298,0.310132,-0.094080,-2.201218
24.914000,0.831766,-0.164635,-0.905986,0.569689,-0.194938,-2.248075,2.248075,3.000000,0.602118,0.000000,0.000000,0.000068,0.000562,0.001026,0.271829,0.001398,0.432578,0.296440,-0.007298,0.310132,-0.094080,-2.212729
24.924000,0.873338,-0.206749,-0.896833,0.611261,-0.237052,-2.238922,2.238922,3.000000,0.655617,0.000000,0.000000,0.000461,-0.000512,0.000256,0.271830,0.001396,0.432576,0.296440,-0.007298,0.310132,-0.094080,-2.206153
24.934000,0.794171,-0.151771,-0.892919,0.532093,-0.182075,-2.235008,2.235008,3.000000,0.562383,0.000000,0.000000,0.000202,-0.000766,0.000402,0.271829,0.001396,0.432576,0.296440,-0.007298,0.310132,-0.094080,-2.207399
24.944000,0.841416,-0.191167,-0.872243,0.579339,-0.221470,-2.214332,2.214332,3.000000,0.620228,0.000000,0.000000,-0.000189,-0.000215,-0.000246,0.271828,0.001398,0.432576,0.296440,-0.007298,0.310132,-0.094080,-2.201898
24.954000,0.889450,-0.226139,-0.887482,0.627372,-0.256442,-2.229571,2.229571,3.000000,0.677760,0.000000,0.000000,-0.000239,0.000223,-0.000579,0.271828,0.001398,0.432576,0.296440,-0.007298,0.310132,-0.094080,-2.199072
24.964000,0.854835,-0.229308,-0.882182,0.592758,-0.259611,-2.224270,2.224270,3.000000,0.647116,0.000000,0.000000,-0.000233,0.000029,-0.000091,0.271828,0.001396,0.432575,0.296440,-0.007298,0.310132,-0.094080,-2.203197
24.974000,0.847974,-0.237051,-0.903163,0.585897,-0.267354,-2.245251,2.245251,3.000000,0.644013,0.000000,0.000000,0.000011,0.000077,0.000488,0.271829,0.001397,0.432576,0.296440,-0.007298,0.310132,-0.094080,-2.208131
24.984000,0.848392,-0.216289,-0.903519,0.586315,-0.246592,-2.245608,2.245608,3.000000,0.636060,0.000000,0.000000,-0.000191,-0.000061,0.000382,0.271829,0.001396,0.432576,0.296440,-0.007298,0.310132,-0.094080,-2.207222
24.994000,0.837572,-0.212229,-0.888462,0.575494,-0.242532,-2.230551,2.230551,3.000000,0.624512,0.000000,0.000000,0.000040,-0.000474,0.000623,0.271829,0.001396,0.432576,0.296440,-0.007298,0.310132,-0.094080,-2.209270
25.004000,0.865964,-0.233287,-0.882014,0.603886,-0.263590,-2.224102,2.224102,3.000000,0.658907,0.000000,0.000000,0.000204,0.000824,0.000532,0.271828,0.001397,0.432575,0.296440,-0.007298,0.310132,-0.094080,-2.208489
25.014000,0.877246,-0.239124,-0.880205,0.615168,-0.269427,-2.222294,2.222294,3.000000,0.671583,0.000000,0.000000,0.000299,0.000168,0.000974,0.271829,0.001397,0.432577,0.296440,-0.007298,0.310132,-0.094080,-2.212278
25.024000,0.859517,-0.224761,-0.867867,0.597440,-0.255064,-2.209955,2.209955,3.000000,0.649609,0.000000,0.000000,-0.000016,-0.000045,-0.000474,0.271829,0.001397,0.432575,0.296440,-0.007298,0.310132,-0.094080,-2.199937
25.034000,0.825968,-0.216353,-0.864116,0.563891,-0.246656,-2.206204,2.206204,3.000000,0.615477,0.000000,0.000000,-0.000076,-0.000231,-0.000089,0.271828,0.001396,0.432574,0.296440,-0.007298,0.310132,-0.094080,-2.203194
25.044000,0.848337,-0.220818,-0.894113,0.586260,-0.251121,-2.236202,2.236202,3.000000,0.637779,0.000000,0.000000,0.000166,-0.000411,0.000482,0.271829,0.001395,0.432575,0.296440,-0.007298,0.310132,-0.094080,-2.208059
25.054000,0.868742,-0.209316,-0.890332,0.606664,-0.239619,-2.232420,2.232420,3.000000,0.652272,0.000000,0.000000,0.000048,-0.000416,-0.000299,0.271828,0.001396,0.432574,0.296440,-0.007298,0.310132,-0.094080,-2.201414
25.064000,0.838225,-0.203146,-0.865187,0.576147,-0.233449,-2.207276,2.207276,3.000000,0.621646,0.000000,0.000000,-0.000078,0.000130,0.000140,0.271828,0.001399,0.432574,0.296440,-0.007298,0.310132,-0.094080,-2.205144
25.074000,0.844030,-0.219141,-0.865835,0.581953,-0.249444,-2.207923,2.207923,3.000000,0.633160,0.000000,0.000000,0.000090,0.000079,0.000150,0.271828,0.001397,0.432574,0.296440,-0.007298,0.310132,-0.094080,-2.205222
25.084000,0.853384,-0.233107,-0.849497,0.591306,-0.263410,-2.191585,2.191585,3.000000,0.647324,0.000000,0.000000,0.000072,0.000146,0.000805,0.271828,0.001399,0.432575,0.296440,-0.007298,0.310132,-0.094080,-2.210790
25.094000,0.891341,-0.231233,-0.823243,0.629263,-0.261536,-2.165332,2.165332,3.000000,0.681450,0.000000,0.000000,0.000162,0.000006,0.000807,0.271829,0.001398,0.432577,0.296440,-0.007298,0.310132,-0.094080,-2.210845
25.104000,0.876247,-0.258296,-0.830103,0.614169,-0.288599,-2.172191,2.172191,3.000000,0.678597,0.000000,0.000000,0.000106,0.000613,0.000265,0.271828,0.001398,0.432573,0.296440,-0.007298,0.310132,-0.094080,-2.206178
25.114000,0.880934,-0.256740,-0.809388,0.618857,-0.287043,-2.151477,2.151477,3.000000,0.682186,0.000000,0.000000,-0.000281,0.000172,-0.000151,0.271827,0.001397,0.432571,0.296440,-0.007298,0.310132,-0.094080,-2.202616
25.124000,0.878237,-0.267575,-0.798221,0.616159,-0.297878,-2.140310,2.140310,3.000000,0.684385,0.000000,0.000000,-0.000165,-0.000390,-0.000600,0.271828,0.001397,0.432571,0.296440,-0.007298,0.310132,-0.094080,-2.198807
25.134000,0.886715,-0.259776,-0.787454,0.624637,-0.290079,-2.129543,2.129543,3.000000,0.688707,0.000000,0.000000,0.000194,-0.000396,-0.000043,0.271829,0.001397,0.432574,0.296440,-0.007298,0.310132,-0.094080,-2.203588
25.144000,0.908941,-0.255674,-0.785737,0.646864,-0.285977,-2.127826,2.127826,3.000000,0.707259,0.000000,0.000000,-0.000382,-0.000460,0.000097,0.271828,0.001396,0.432575,0.296440,-0.007298,0.310132,-0.094080,-2.204791
25.154000,0.852531,-0.245074,-0.794496,0.590454,-0.275377,-2.136584,2.136584,3.000000,0.651512,0.000000,0.000000,-0.000315,0.000084,-0.000046,0.271828,0.001398,0.432576,0.296440,-0.007298,0.310132,-0.094080,-2.203588
25.164000,0.872695,-0.246669,-0.810663,0.610618,-0.276973,-2.152752,2.152752,3.000000,0.670498,0.000000,0.000000,0.000006,-0.000072,-0.000721,0.271828,0.001398,0.432572,0.296440,-0.007298,0.310132,-0.094080,-2.197800
25.174000,0.894674,-0.272686,-0.840525,0.632596,-0.302989,-2.182613,2.182613,3.000000,0.701413,0.000000,0.000000,0.000017,0.000331,0.000414,0.271828,0.001399,0.432575,0.296440,-0.007298,0.310132,-0.094080,-2.207473
25.184000,0.932323,-0.290660,-0.858864,0.670246,-0.320963,-2.200952,2.200952,3.000000,0.743133,0.000000,0.000000,-0.000110,-0.000062,0.000087,0.271828,0.001398,0.432575,0.296440,-0.007298,0.310132,-0.094080,-2.204711
25.194000,0.903882,-0.271507,-0.840667,0.641804,-0.301810,-2.182756,2.182756,3.000000,0.709226,0.000000,0.000000,-0.000152,-0.000291,-0.000019,0.271828,0.001396,0.432574,0.296440,-0.007298,0.310132,-0.094080,-2.203787
25.204000,0.886087,-0.301273,-0.839182,0.624010,-0.331576,-2.181270,2.181270,3.000000,0.706633,0.000000,0.000000,0.000186,0.000067,0.000631,0.271829,0.001398,0.432576,0.296440,-0.007298,0.310132,-0.094080,-2.209336
25.214000,0.877999,-0.287200,-0.842856,0.615921,-0.317503,-2.184944,2.184944,3.000000,0.692941,0.000000,0.000000,0.000109,-0.000120,-0.000071,0.271828,0.001397,0.432574,0.296440,-0.007298,0.310132,-0.094080,-2.203342
25.224000,0.841043,-0.262025,-0.859182,0.578965,-0.292328,-2.201270,2.201270,3.000000,0.648580,0.000000,0.000000,-0.000010,0.000051,0.000190,0.271828,0.001396,0.432574,0.296440,-0.007298,0.310132,-0.094080,-2.205557
25.234000,0.879056,-0.250457,-0.873156,0.616978,-0.280760,-2.215245,2.215245,3.000000,0.677856,0.000000,0.000000,-0.000147,0.000245,-0.000701,0.271828,0.001398,0.432572,0.296440,-0.007298,0.310132,-0.094080,-2.197963
25.244000,0.858269,-0.227241,-0.857372,0.596191,-0.257544,-2.199461,2.199461,3.000000,0.649441,0.000000,0.000000,-0.000316,0.000319,-0.001152,0.271828,0.001398,0.432572,0.296440,-0.007298,0.310132,-0.094080,-2.194137
25.254000,0.890038,-0.252770,-0.828442,0.627961,-0.283073,-2.170530,2.170530,3.000000,0.688814,0.000000,0.000000,-0.000317,-0.000159,-0.000211,0.271828,0.001397,0.432573,0.296440,-0.007298,0.310132,-0.094080,-2.202140
25.264000,0.890907,-0.233591,-0.843646,0.628830,-0.263894,-2.185735,2.185735,3.000000,0.681958,0.000000,0.000000,0.000116,-0.000454,0.000384,0.271828,0.001396,0.432575,0.296440,-0.007298,0.310132,-0.094080,-2.207221
25.274000,0.893483,-0.220924,-0.806956,0.631405,-0.251228,-2.149044,2.149044,3.000000,0.679550,0.000000,0.000000,-0.000262,0.000198,0.000260,0.271828,0.001397,0.432575,0.296440,-0.007298,0.310132,-0.094080,-2.206165
25.284000,0.910976,-0.237653,-0.863673,0.648899,-0.267956,-2.205761,2.205761,3.000000,0.702047,0.000000,0.000000,0.000297,0.000041,0.001229,0.271830,0.001397,0.432577,0.296440,-0.007298,0.310132,-0.094080,-2.214438
25.294000,0.874866,-0.226923,-0.825882,0.612788,-0.257226,-2.167970,2.167970,3.000000,0.664586,0.000000,0.000000,-0.000023,-0.000002,-0.000400,0.271829,0.001397,0.432574,0.296440,-0.007298,0.310132,-0.094080,-2.200558
25.304000,0.870588,-0.203326,-0.792369,0.608510,-0.233630,-2.134457,2.134457,3.000000,0.651819,0.000000,0.000000,-0.000317,-0.000202,-0.000038,0.271828,0.001396,0.432574,0.296440,-0.007298,0.310132,-0.094080,-2.203624
25.314000,0.889096,-0.199306,-0.799159,0.627019,-0.229609,-2.141248,2.141248,3.000000,0.667737,0.000000,0.000000,0.000157,-0.000262,0.000467,0.271828,0.001396,0.432573,0.296440,-0.007298,0.310132,-0.094080,-2.207906
25.324000,0.870350,-0.187798,-0.831363,0.608272,-0.218101,-2.173451,2.173451,3.000000,0.646191,0.000000,0.000000,-0.000246,-0.000022,0.000254,0.271827,0.001396,0.432573,0.296440,-0.007298,0.310132,-0.094080,-2.206087
25.334000,0.874246,-0.218391,-0.813263,0.612168,-0.248694,-2.155352,2.155352,3.000000,0.660756,0.000000,0.000000,-0.000081,-0.000128,-0.000509,0.271828,0.001396,0.432573,0.296440,-0.007298,0.310132,-0.094080,-2.199621
25.344000,0.841215,-0.174791,-0.804900,0.579137,-0.205094,-2.146988,2.146988,3.000000,0.614381,0.000000,0.000000,-0.000320,-0.000402,-0.000904,0.271828,0.001396,0.432572,0.296440,-0.007298,0.310132,-0.094080,-2.196236
25.354000,0.835986,-0.214681,-0.829410,0.573908,-0.244984,-2.171498,2.171498,3.000000,0.624010,0.000000,0.000000,0.000083,0.000359,0.000404,0.271829,0.001397,0.432574,0.296440,-0.007298,0.310132,-0.094080,-2.207381
25.364000,0.871276,-0.222874,-0.854433,0.609199,-0.253177,-2.196522,2.196522,3.000000,0.659713,0.000000,0.000000,0.000268,-0.000216,0.000224,0.271828,0.001396,0.432573,0.296440,-0.007298,0.310132,-0.094080,-2.205838
25.374000,0.849049,-0.206070,-0.851778,0.586972,-0.236373,-2.193866,2.193866,3.000000,0.632778,0.000000,0.000000,0.000092,-0.000075,0.000043,0.271829,0.001397,0.432574,0.296440,-0.007298,0.310132,-0.094080,-2.204319
25.384000,0.814501,-0.172338,-0.850872,0.552423,-0.202641,-2.192961,2.192961,3.000000,0.588417,0.000000,0.000000,-0.000008,-0.000571,-0.000529,0.271828,0.001395,0.432573,0.296440,-0.007298,0.310132,-0.094080,-2.199440
25.394000,0.807364,-0.203543,-0.869834,0.545287,-0.233846,-2.211922,2.211922,3.000000,0.593314,0.000000,0.000000,-0.000321,0.000190,-0.000490,0.271828,0.001397,0.432573,0.296440,-0.007298,0.310132,-0.094080,-2.199775
25.404000,0.875818,-0.210793,-0.849788,0.613741,-0.241096,-2.191876,2.191876,3.000000,0.659398,0.000000,0.000000,-0.000258,-0.000055,-0.000134,0.271828,0.001396,0.432574,0.296440,-0.007298,0.310132,-0.094080,-2.202822
25.414000,0.844151,-0.205402,-0.863290,0.582074,-0.235705,-2.205379,2.205379,3.000000,0.627986,0.000000,0.000000,-0.000063,0.000112,0.000088,0.271829,0.001397,0.432576,0.296440,-0.007298,0.310132,-0.094080,-2.204724
25.424000,0.854597,-0.204497,-0.882581,0.592520,-0.234801,-2.224670,2.224670,3.000000,0.637347,0.000000,0.000000,0.000044,0.000196,0.000248,0.271829,0.001397,0.432577,0.296440,-0.007298,0.310132,-0.094080,-2.206113
25.434000,0.852028,-0.217002,-0.889716,0.589951,-0.247305,-2.231805,2.231805,3.000000,0.639689,0.000000,0.000000,0.000296,-0.000043,-0.000119,0.271829,0.001396,0.432575,0.296440,-0.007298,0.310132,-0.094080,-2.202962
25.444000,0.832160,-0.221531,-0.902010,0.570083,-0.251834,-2.244099,2.244099,3.000000,0.623229,0.000000,0.000000,-0.000344,0.000091,-0.000860,0.271827,0.001397,0.432572,0.296440,-0.007298,0.310132,-0.094080,-2.196613
25.454000,0.875864,-0.225695,-0.909840,0.613787,-0.255998,-2.251929,2.251929,3.000000,0.665033,0.000000,0.000000,-0.000361,-0.000000,0.000476,0.271828,0.001398,0.432576,0.296440,-0.007298,0.310132,-0.094080,-2.208024
25.464000,0.875566,-0.200705,-0.884706,0.613488,-0.231008,-2.226794,2.226794,3.000000,0.655540,0.000000,0.000000,-0.000022,0.000365,0.000134,0.271829,0.001397,0.432576,0.296440,-0.007298,0.310132,-0.094080,-2.205131
25.474000,0.812891,-0.213166,-0.889661,0.550813,-0.243469,-2.231750,2.231750,3.000000,0.602223,0.000000,0.000000,0.000201,0.000591,0.000698,0.271829,0.001398,0.432576,0.296440,-0.007298,0.310132,-0.094080,-2.209914
25.484000,0.858424,-0.228266,-0.881109,0.596347,-0.258569,-2.223197,2.223197,3.000000,0.649990,0.000000,0.000000,-0.000257,-0.000304,0.000167,0.271828,0.001395,0.432574,0.296440,-0.007298,0.310132,-0.094080,-2.205375
25.494000,0.879835,-0.215806,-0.891406,0.617758,-0.246109,-2.233495,2.233495,3.000000,0.664977,0.000000,0.000000,-0.000323,0.000047,-0.001438,0.271828,0.001397,0.432571,0.296440,-0.007298,0.310132,-0.094080,-2.191699
25.504000,0.817348,-0.188294,-0.872952,0.555271,-0.218598,-2.215041,2.215041,3.000000,0.596750,0.000000,0.000000,0.000051,-0.000193,-0.000427,0.271828,0.001396,0.432573,0.296440,-0.007298,0.310132,-0.094080,-2.200308
25.514000,0.819848,-0.188722,-0.877896,0.557771,-0.219025,-2.219985,2.219985,3.000000,0.599233,0.000000,0.000000,0.000129,0.000496,-0.000593,0.271829,0.001397,0.432573,0.296440,-0.007298,0.310132,-0.094080,-2.198907
25.524000,0.829681,-0.198365,-0.888751,0.567604,-0.228669,-2.230839,2.230839,3.000000,0.611934,0.000000,0.000000,0.000147,-0.000070,0.001173,0.271829,0.001397,0.432578,0.296440,-0.007298,0.310132,-0.094080,-2.213979
25.534000,0.866665,-0.193328,-0.910319,0.604587,-0.223631,-2.252408,2.252408,3.000000,0.644621,0.000000,0.000000,0.000408,0.000859,0.000351,0.271829,0.001398,0.432576,0.296440,-0.007298,0.310132,-0.094080,-2.206971
25.544000,0.869267,-0.201513,-0.907207,0.607190,-0.231816,-2.249296,2.249296,3.000000,0.649937,0.000000,0.000000,-0.000073,0.000000,-0.000258,0.271828,0.001397,0.432574,0.296440,-0.007298,0.310132,-0.094080,-2.201761
25.554000,0.893041,-0.219058,-0.955107,0.630963,-0.249361,-2.297196,2.297196,3.000000,0.678451,0.000000,0.000000,0.000300,0.000867,0.000524,0.271829,0.001398,0.432576,0.296440,-0.007298,0.310132,-0.094080,-2.208428
25.564000,0.872462,-0.205528,-0.930669,0.610385,-0.235831,-2.272757,2.272757,3.000000,0.654359,0.000000,0.000000,-0.000303,0.000262,-0.000658,0.271828,0.001397,0.432573,0.296440,-0.007298,0.310132,-0.094080,-2.198359
25.574000,0.857284,-0.203326,-0.910772,0.595207,-0.233629,-2.252861,2.252861,3.000000,0.639417,0.000000,0.000000,-0.000283,-0.000108,-0.001052,0.271828,0.001397,0.432572,0.296440,-0.007298,0.310132,-0.094080,-2.194993
25.584000,0.862060,-0.207300,-0.908149,0.599983,-0.237603,-2.250238,2.250238,3.000000,0.645317,0.000000,0.000000,0.000353,0.000500,0.000002,0.271829,0.001397,0.432575,0.296440,-0.007298,0.310132,-0.094080,-2.203988
25.594000,0.872602,-0.223328,-0.886843,0.610524,-0.253632,-2.228932,2.228932,3.000000,0.661112,0.000000,0.000000,0.000226,0.000261,-0.000010,0.271829,0.001398,0.432575,0.296440,-0.007298,0.310132,-0.094080,-2.203888
25.604000,0.867502,-0.232958,-0.902013,0.605425,-0.263261,-2.244102,2.244102,3.000000,0.660186,0.000000,0.000000,0.000042,0.000094,0.000394,0.271829,0.001397,0.432576,0.296440,-0.007298,0.310132,-0.094080,-2.207335
25.614000,0.848623,-0.232763,-0.906216,0.586545,-0.263066,-2.248305,2.248305,3.000000,0.642837,0.000000,0.000000,0.000140,-0.000213,0.000570,0.271828,0.001396,0.432574,0.296440,-0.007298,0.310132,-0.094080,-2.208787
25.624000,0.855995,-0.237681,-0.898720,0.593917,-0.267984,-2.240809,2.240809,3.000000,0.651577,0.000000,0.000000,0.000079,0.000756,0.000191,0.271828,0.001398,0.432575,0.296440,-0.007298,0.310132,-0.094080,-2.205589
25.634000,0.828952,-0.221563,-0.874641,0.566874,-0.251866,-2.216729,2.216729,3.000000,0.620309,0.000000,0.000000,0.000216,-0.000382,0.000680,0.271828,0.001395,0.432575,0.296440,-0.007298,0.310132,-0.094080,-2.209733
25.644000,0.871635,-0.217853,-0.885606,0.609558,-0.248156,-2.227695,2.227695,3.000000,0.658136,0.000000,0.000000,-0.000149,-0.000114,-0.000053,0.271828,0.001397,0.432574,0.296440,-0.007298,0.310132,-0.094080,-2.203496
25.654000,0.852873,-0.218809,-0.836126,0.590796,-0.249113,-2.178214,2.178214,3.000000,0.641168,0.000000,0.000000,0.000129,0.000599,-0.000328,0.271829,0.001397,0.432575,0.296440,-0.007298,0.310132,-0.094080,-2.201191
25.664000,0.853186,-0.209259,-0.870578,0.591108,-0.239563,-2.212666,2.212666,3.000000,0.637808,0.000000,0.000000,-0.000005,-0.000571,-0.000372,0.271829,0.001394,0.432575,0.296440,-0.007298,0.310132,-0.094080,-2.200801
25.674000,0.858822,-0.177795,-0.885670,0.596745,-0.208098,-2.227759,2.227759,3.000000,0.631988,0.000000,0.000000,-0.000105,0.000007,0.000534,0.271828,0.001396,0.432576,0.296440,-0.007298,0.310132,-0.094080,-2.208527
25.684000,0.872351,-0.174519,-0.878956,0.610274,-0.204822,-2.221044,2.221044,3.000000,0.643728,0.000000,0.000000,-0.000223,0.000301,-0.000652,0.271828,0.001396,0.432574,0.296440,-0.007298,0.310132,-0.094080,-2.198419
25.694000,0.901195,-0.166091,-0.883394,0.639117,-0.196394,-2.225482,2.225482,3.000000,0.668612,0.000000,0.000000,-0.000284,-0.000027,-0.000256,0.271828,0.001395,0.432575,0.296440,-0.007298,0.310132,-0.094080,-2.201792
25.704000,0.858014,-0.154698,-0.893609,0.595936,-0.185001,-2.235698,2.235698,3.000000,0.623991,0.000000,0.000000,-0.000396,-0.000285,-0.000094,0.271828,0.001394,0.432575,0.296440,-0.007298,0.310132,-0.094080,-2.203170
25.714000,0.857716,-0.138698,-0.935702,0.595638,-0.169002,-2.277790,2.277790,3.000000,0.619150,0.000000,0.000000,-0.000382,-0.000082,-0.000210,0.271828,0.001394,0.432575,0.296440,-0.007298,0.310132,-0.094080,-2.202191
25.724000,0.868351,-0.152417,-0.938097,0.606274,-0.182720,-2.280186,2.280186,3.000000,0.633210,0.000000,0.000000,-0.000248,-0.000060,0.000152,0.271829,0.001394,0.432576,0.296440,-0.007298,0.310132,-0.094080,-2.205289
25.734000,0.837283,-0.138523,-0.886485,0.575206,-0.168826,-2.228573,2.228573,3.000000,0.599469,0.000000,0.000000,0.000398,-0.000176,-0.000210,0.271830,0.001393,0.432574,0.296440,-0.007298,0.310132,-0.094080,-2.202165
25.744000,0.855372,-0.123199,-0.943475,0.593294,-0.153503,-2.285563,2.285563,3.000000,0.612831,0.000000,0.000000,0.000057,0.000031,-0.000418,0.271828,0.001393,0.432572,0.296440,-0.007298,0.310132,-0.094080,-2.200376
25.754000,0.830894,-0.095572,-0.929086,0.568817,-0.125876,-2.271174,2.271174,3.000000,0.582578,0.000000,0.000000,-0.000082,0.000019,0.000611,0.271828,0.001393,0.432576,0.296440,-0.007298,0.310132,-0.094080,-2.209167
25.764000,0.831178,-0.044997,-0.907488,0.569100,-0.075300,-2.249576,2.249576,3.000000,0.574060,0.000000,0.000000,0.000429,-0.000044,0.000556,0.271830,0.001392,0.432575,0.296440,-0.007298,0.310132,-0.094080,-2.208691
25.774000,0.812605,-0.068250,-0.865489,0.550527,-0.098553,-2.207577,2.207577,3.000000,0.559279,0.000000,0.000000,-0.000525,-0.000295,-0.000212,0.271828,0.001392,0.432574,0.296440,-0.007298,0.310132,-0.094080,-2.202147
25.784000,0.790684,-0.038645,-0.907823,0.528606,-0.068949,-2.249912,2.249912,3.000000,0.533084,0.000000,0.000000,0.000042,-0.000499,-0.000174,0.271828,0.001392,0.432573,0.296440,-0.007298,0.310132,-0.094080,-2.202448
25.794000,0.811622,-0.046072,-0.919628,0.549545,-0.076375,-2.261716,2.261716,3.000000,0.554827,0.000000,0.000000,0.000071,0.000396,0.000117,0.271829,0.001393,0.432575,0.296440,-0.007298,0.310132,-0.094080,-2.204967
25.804000,0.764318,-0.047753,-0.913326,0.502240,-0.078056,-2.255414,2.255414,3.000000,0.508270,0.000000,0.000000,0.000074,0.000372,-0.000001,0.271828,0.001394,0.432572,0.296440,-0.007298,0.310132,-0.094080,-2.203912
25.814000,0.807911,-0.053179,-0.921663,0.545833,-0.083483,-2.263752,2.263752,3.000000,0.552180,0.000000,0.000000,-0.000197,0.000402,0.000141,0.271828,0.001393,0.432576,0.296440,-0.007298,0.310132,-0.094080,-2.205186
25.824000,0.799190,-0.050003,-0.917344,0.537113,-0.080306,-2.259433,2.259433,3.000000,0.543083,0.000000,0.000000,0.000210,0.000067,-0.000341,0.271829,0.001393,0.432576,0.296440,-0.007298,0.310132,-0.094080,-2.201089
25.834000,0.838998,-0.041423,-0.916564,0.576921,-0.071726,-2.258653,2.258653,3.000000,0.581362,0.000000,0.000000,-0.000225,0.000567,-0.000632,0.271829,0.001395,0.432576,0.296440,-0.007298,0.310132,-0.094080,-2.198622
25.844000,0.813681,-0.026670,-0.959065,0.551604,-0.056973,-2.301153,2.301153,3.000000,0.554538,0.000000,0.000000,0.000132,-0.000098,0.000242,0.271829,0.001393,0.432577,0.296440,-0.007298,0.310132,-0.094080,-2.206066
25.854000,0.795190,-0.039899,-0.989360,0.533113,-0.070202,-2.331448,2.331448,3.000000,0.537715,0.000000,0.000000,-0.000035,0.000225,-0.000270,0.271830,0.001394,0.432579,0.296440,-0.007298,0.310132,-0.094080,-2.201745
25.864000,0.795430,-0.041087,-0.990532,0.533353,-0.071390,-2.332620,2.332620,3.000000,0.538109,0.000000,0.000000,-0.000090,0.000357,-0.000917,0.271830,0.001395,0.432579,0.296440,-0.007298,0.310132,-0.094080,-2.196255
25.874000,0.796579,-0.048502,-1.018829,0.534501,-0.078805,-2.360918,2.360918,3.000000,0.540279,0.000000,0.000000,-0.000161,-0.000036,0.000663,0.271829,0.001394,0.432581,0.296440,-0.007298,0.310132,-0.094080,-2.209696
25.884000,0.824380,-0.072392,-1.097390,0.562302,-0.102695,-2.439479,2.439479,3.000000,0.571603,0.000000,0.000000,0.000241,0.000288,0.001007,0.271831,0.001395,0.432582,0.296440,-0.007298,0.310132,-0.094080,-2.212649
25.894000,0.739601,-0.055168,-1.116141,0.477523,-0.085471,-2.458230,2.458230,3.000000,0.485112,0.000000,0.000000,0.000016,0.000136,-0.000034,0.271831,0.001395,0.432580,0.296440,-0.007298,0.310132,-0.094080,-2.203776
25.904000,0.711449,-0.089105,-1.100300,0.449371,-0.119408,-2.442389,2.442389,3.000000,0.464966,0.000000,0.000000,-0.000205,0.000055,0.000662,0.271831,0.001394,0.432581,0.296440,-0.007298,0.310132,-0.094080,-2.209705
25.914000,0.696645,-0.097419,-1.128307,0.434567,-0.127722,-2.470395,2.470395,3.000000,0.452948,0.000000,0.000000,-0.000082,0.000239,0.000119,0.271831,0.001394,0.432580,0.296440,-0.007298,0.310132,-0.094080,-2.205077
25.924000,0.701758,-0.059395,-1.147936,0.439680,-0.089699,-2.490025,2.490025,3.000000,0.448737,0.000000,0.000000,-0.000240,-0.000106,-0.000288,0.271830,0.001394,0.432579,0.296440,-0.007298,0.310132,-0.094080,-2.201595
25.934000,0.682667,-0.072877,-1.132783,0.420590,-0.103181,-2.474872,2.474872,3.000000,0.433061,0.000000,0.000000,-0.000112,0.000386,0.000253,0.271830,0.001396,0.432579,0.296440,-0.007298,0.310132,-0.094080,-2.206192
25.944000,0.692598,-0.087804,-1.141449,0.430521,-0.118108,-2.483538,2.483538,3.000000,0.446428,0.000000,0.000000,0.000205,0.000587,0.000083,0.271830,0.001395,0.432580,0.296440,-0.007298,0.310132,-0.094080,-2.204769
25.954000,0.682677,-0.086582,-1.166029,0.420599,-0.116885,-2.508117,2.508117,3.000000,0.436538,0.000000,0.000000,-0.000053,-0.000775,0.000600,0.271831,0.001393,0.432583,0.296440,-0.007298,0.310132,-0.094080,-2.209210
25.964000,0.685857,-0.059943,-1.188339,0.423780,-0.090246,-2.530428,2.530428,3.000000,0.433282,0.000000,0.000000,0.000191,0.000144,0.000591,0.271831,0.001395,0.432583,0.296440,-0.007298,0.310132,-0.094080,-2.209131
25.974000,0.650622,-0.061273,-1.177437,0.388545,-0.091577,-2.519526,2.519526,3.000000,0.399191,0.000000,0.000000,0.000438,0.000050,-0.000746,0.271831,0.001394,0.432581,0.296440,-0.007298,0.310132,-0.094080,-2.197738
25.984000,0.671754,-0.094641,-1.199496,0.409676,-0.124944,-2.541585,2.541585,3.000000,0.428306,0.000000,0.000000,0.000331,0.000338,0.000053,0.271830,0.001396,0.432580,0.296440,-0.007298,0.310132,-0.094080,-2.204504
25.994000,0.698130,-0.073817,-1.245388,0.436053,-0.104120,-2.587476,2.587476,3.000000,0.448311,0.000000,0.000000,0.000174,0.000318,0.000385,0.271830,0.001396,0.432580,0.296440,-0.007298,0.310132,-0.094080,-2.207332
26.004000,0.763101,-0.103611,-1.224562,0.501023,-0.133915,-2.566651,2.566651,3.000000,0.518611,0.000000,0.000000,-0.000013,0.000183,0.000037,0.271830,0.001395,0.432581,0.296440,-0.007298,0.310132,-0.094080,-2.204381
26.014000,0.740537,-0.108026,-1.204883,0.478460,-0.138329,-2.546971,2.546971,3.000000,0.498055,0.000000,0.000000,-0.000226,-0.000583,0.000023,0.271829,0.001394,0.432581,0.296440,-0.007298,0.310132,-0.094080,-2.204270
26.024000,0.729027,-0.115813,-1.211436,0.466950,-0.146116,-2.553525,2.553525,3.000000,0.489277,0.000000,0.000000,-0.000123,0.000629,-0.000040,0.271830,0.001396,0.432580,0.296440,-0.007298,0.310132,-0.094080,-2.203721
26.034000,0.737952,-0.130781,-1.201921,0.475875,-0.161085,-2.544010,2.544010,3.000000,0.502399,0.000000,0.000000,-0.000415,0.000043,-0.000608,0.271830,0.001395,0.432579,0.296440,-0.007298,0.310132,-0.094080,-2.198881
26.044000,0.715603,-0.107213,-1.240523,0.453525,-0.137517,-2.582611,2.582611,3.000000,0.473916,0.000000,0.000000,-0.000101,0.000391,-0.000187,0.271830,0.001396,0.432580,0.296440,-0.007298,0.310132,-0.094080,-2.202472
26.054000,0.708500,-0.117892,-1.231127,0.446422,-0.148195,-2.573216,2.573216,3.000000,0.470377,0.000000,0.000000,0.000108,0.000716,-0.000030,0.271830,0.001395,0.432580,0.296440,-0.007298,0.310132,-0.094080,-2.203797
26.064000,0.682479,-0.138104,-1.221526,0.420402,-0.168407,-2.563614,2.563614,3.000000,0.452878,0.000000,0.000000,0.000309,-0.000148,0.000710,0.271831,0.001394,0.432583,0.296440,-0.007298,0.310132,-0.094080,-2.210139
26.074000,0.716733,-0.111422,-1.260070,0.454655,-0.141725,-2.602159,2.602159,3.000000,0.476233,0.000000,0.000000,0.000140,0.000200,0.000133,0.271830,0.001395,0.432582,0.296440,-0.007298,0.310132,-0.094080,-2.205229
26.084000,0.724412,-0.128827,-1.295924,0.462335,-0.159130,-2.638012,2.638012,3.000000,0.488954,0.000000,0.000000,-0.000212,0.000166,0.000348,0.271830,0.001396,0.432584,0.296440,-0.007298,0.310132,-0.094080,-2.207086
26.094000,0.784276,-0.113151,-1.321064,0.522199,-0.143455,-2.663152,2.663152,3.000000,0.541545,0.000000,0.000000,0.000258,0.000388,0.000514,0.271831,0.001396,0.432584,0.296440,-0.007298,0.310132,-0.094080,-2.208486
26.104000,0.702151,-0.107160,-1.281846,0.440073,-0.137463,-2.623935,2.623935,3.000000,0.461043,0.000000,0.000000,-0.000309,0.000005,-0.001026,0.271829,0.001395,0.432582,0.296440,-0.007298,0.310132,-0.094080,-2.195390
26.114000,0.711541,-0.125309,-1.251293,0.449464,-0.155612,-2.593382,2.593382,3.000000,0.475640,0.000000,0.000000,-0.000104,0.000355,-0.000147,0.271830,0.001395,0.432582,0.296440,-0.007298,0.310132,-0.094080,-2.202841
26.124000,0.754332,-0.132058,-1.278448,0.492254,-0.162361,-2.620536,2.620536,3.000000,0.518339,0.000000,0.000000,-0.000149,-0.000139,-0.000390,0.271831,0.001394,0.432583,0.296440,-0.007298,0.310132,-0.094080,-2.200812
26.134000,0.701331,-0.131371,-1.285017,0.439254,-0.161674,-2.627106,2.627106,3.000000,0.468062,0.000000,0.000000,-0.000472,0.000243,-0.000593,0.271830,0.001395,0.432584,0.296440,-0.007298,0.310132,-0.094080,-2.199103
26.144000,0.729599,-0.181267,-1.310711,0.467521,-0.211570,-2.652799,2.652799,3.000000,0.513165,0.000000,0.000000,-0.000101,-0.000158,-0.000650,0.271829,0.001395,0.432580,0.296440,-0.007298,0.310132,-0.094080,-2.198549
26.154000,0.756529,-0.149463,-1.317965,0.494452,-0.179766,-2.660054,2.660054,3.000000,0.526116,0.000000,0.000000,-0.000004,-0.000058,-0.000495,0.271830,0.001394,0.432581,0.296440,-0.007298,0.310132,-0.094080,-2.199874
26.164000,0.743604,-0.175722,-1.310071,0.481527,-0.206025,-2.652159,2.652159,3.000000,0.523751,0.000000,0.000000,-0.000007,0.000120,0.000314,0.271830,0.001396,0.432582,0.296440,-0.007298,0.310132,-0.094080,-2.206765
26.174000,0.760516,-0.157246,-1.313865,0.498439,-0.187549,-2.655953,2.655953,3.000000,0.532556,0.000000,0.000000,-0.000303,0.000235,-0.001169,0.271829,0.001395,0.432579,0.296440,-0.007298,0.310132,-0.094080,-2.194128
26.184000,0.741998,-0.162351,-1.313188,0.479920,-0.192655,-2.655276,2.655276,3.000000,0.517145,0.000000,0.000000,0.000052,0.000113,-0.000204,0.271830,0.001395,0.432582,0.296440,-0.007298,0.310132,-0.094080,-2.202368
26.194000,0.729564,-0.143859,-1.334477,0.467487,-0.174162,-2.676566,2.676566,3.000000,0.498875,0.000000,0.000000,0.000365,0.000212,0.000287,0.271830,0.001396,0.432584,0.296440,-0.007298,0.310132,-0.094080,-2.206563
26.204000,0.773486,-0.151973,-1.328767,0.511408,-0.182276,-2.670856,2.670856,3.000000,0.542921,0.000000,0.000000,-0.000219,0.000403,0.000158,0.271830,0.001396,0.432585,0.296440,-0.007298,0.310132,-0.094080,-2.205486
26.214000,0.783795,-0.157763,-1.381385,0.521718,-0.188066,-2.723474,2.723474,3.000000,0.554580,0.000000,0.000000,0.000402,0.000230,0.000632,0.271830,0.001396,0.432583,0.296440,-0.007298,0.310132,-0.094080,-2.209474
26.224000,0.817457,-0.183621,-1.369543,0.555379,-0.213924,-2.711632,2.711632,3.000000,0.595155,0.000000,0.000000,-0.000156,-0.000061,-0.000522,0.271829,0.001396,0.432584,0.296440,-0.007298,0.310132,-0.094080,-2.199691
26.234000,0.803443,-0.214656,-1.341173,0.541366,-0.244959,-2.683262,2.683262,3.000000,0.594207,0.000000,0.000000,-0.000148,0.000091,-0.000467,0.271829,0.001395,0.432583,0.296440,-0.007298,0.310132,-0.094080,-2.200151
26.244000,0.790807,-0.199701,-1.326398,0.528729,-0.230005,-2.668486,2.668486,3.000000,0.576590,0.000000,0.000000,0.000017,0.000267,0.000193,0.271830,0.001396,0.432583,0.296440,-0.007298,0.310132,-0.094080,-2.205761
26.254000,0.843956,-0.183609,-1.348264,0.581879,-0.213912,-2.690353,2.690353,3.000000,0.619953,0.000000,0.000000,0.000086,-0.000260,0.000880,0.271830,0.001395,0.432586,0.296440,-0.007298,0.310132,-0.094080,-2.211627
26.264000,0.799733,-0.167937,-1.345759,0.537655,-0.198241,-2.687847,2.687847,3.000000,0.573038,0.000000,0.000000,-0.000117,-0.000085,-0.000243,0.271829,0.001395,0.432582,0.296440,-0.007298,0.310132,-0.094080,-2.202023
26.274000,0.844387,-0.185431,-1.395120,0.582309,-0.215734,-2.737209,2.737209,3.000000,0.620987,0.000000,0.000000,-0.000113,-0.000124,-0.000492,0.271830,0.001395,0.432581,0.296440,-0.007298,0.310132,-0.094080,-2.199907
26.284000,0.787482,-0.184322,-1.333987,0.525405,-0.214625,-2.676075,2.676075,3.000000,0.567551,0.000000,0.000000,-0.000203,0.000108,0.000765,0.271830,0.001396,0.432585,0.296440,-0.007298,0.310132,-0.094080,-2.210638
26.294000,0.818283,-0.181509,-1.359691,0.556206,-0.211813,-2.701779,2.701779,3.000000,0.595172,0.000000,0.000000,0.000033,0.000238,0.001553,0.271830,0.001396,0.432587,0.296440,-0.007298,0.310132,-0.094080,-2.217361
26.304000,0.809559,-0.182412,-1.363786,0.547481,-0.212716,-2.705874,2.705874,3.000000,0.587353,0.000000,0.000000,-0.000183,0.000009,0.000428,0.271830,0.001396,0.432585,0.296440,-0.007298,0.310132,-0.094080,-2.207773
26.314000,0.793926,-0.161794,-1.345851,0.531848,-0.192098,-2.687939,2.687939,3.000000,0.565477,0.000000,0.000000,-0.000232,-0.000694,-0.000258,0.271830,0.001395,0.432583,0.296440,-0.007298,0.310132,-0.094080,-2.201933
26.324000,0.858713,-0.182133,-1.412204,0.596636,-0.212437,-2.754293,2.754293,3.000000,0.633327,0.000000,0.000000,-0.000292,-0.000262,0.000399,0.271829,0.001394,0.432584,0.296440,-0.007298,0.310132,-0.094080,-2.207516
26.334000,0.818469,-0.196103,-1.420157,0.556392,-0.226406,-2.762245,2.762245,3.000000,0.600693,0.000000,0.000000,0.000021,-0.000053,0.000083,0.271831,0.001395,0.432587,0.296440,-0.007298,0.310132,-0.094080,-2.204887
26.344000,0.744607,-0.170513,-1.397942,0.482529,-0.200816,-2.740030,2.740030,3.000000,0.522649,0.000000,0.000000,-0.000135,0.000505,-0.000003,0.271830,0.001397,0.432587,0.296440,-0.007298,0.310132,-0.094080,-2.204149
26.354000,0.748145,-0.199767,-1.424045,0.486068,-0.230070,-2.766134,2.766134,3.000000,0.537768,0.000000,0.000000,-0.000263,-0.000246,-0.000624,0.271830,0.001397,0.432585,0.296440,-0.007298,0.310132,-0.094080,-2.198856
26.364000,0.758282,-0.201304,-1.446970,0.496205,-0.231607,-2.789059,2.789059,3.000000,0.547596,0.000000,0.000000,0.000012,-0.000049,0.000700,0.271830,0.001397,0.432586,0.296440,-0.007298,0.310132,-0.094080,-2.210100
26.374000,0.792421,-0.185531,-1.477776,0.530344,-0.215834,-2.819865,2.819865,3.000000,0.572581,0.000000,0.000000,0.000211,-0.000209,0.000698,0.271830,0.001395,0.432587,0.296440,-0.007298,0.310132,-0.094080,-2.210099
26.384000,0.775079,-0.239495,-1.469547,0.513001,-0.269798,-2.811636,2.811636,3.000000,0.579622,0.000000,0.000000,-0.000196,0.000121,-0.000477,0.271830,0.001395,0.432584,0.296440,-0.007298,0.310132,-0.094080,-2.200078
26.394000,0.749435,-0.242186,-1.442708,0.487357,-0.272489,-2.784796,2.784796,3.000000,0.558361,0.000000,0.000000,0.000284,0.000288,0.000438,0.271831,0.001395,0.432585,0.296440,-0.007298,0.310132,-0.094080,-2.207875
26.404000,0.756504,-0.220917,-1.458594,0.494427,-0.251220,-2.800683,2.800683,3.000000,0.554589,0.000000,0.000000,0.000100,-0.000062,0.000029,0.271831,0.001395,0.432586,0.296440,-0.007298,0.310132,-0.094080,-2.204409
26.414000,0.777923,-0.202826,-1.458131,0.515845,-0.233130,-2.800220,2.800220,3.000000,0.566079,0.000000,0.000000,-0.000152,0.000277,-0.000174,0.271830,0.001395,0.432585,0.296440,-0.007298,0.310132,-0.094080,-2.202665
26.424000,0.746596,-0.183018,-1.453010,0.484518,-0.213321,-2.795099,2.795099,3.000000,0.529400,0.000000,0.000000,0.000393,0.000206,-0.000194,0.271831,0.001395,0.432584,0.296440,-0.007298,0.310132,-0.094080,-2.202481
26.434000,0.745847,-0.205444,-1.458029,0.483769,-0.235747,-2.800117,2.800117,3.000000,0.538154,0.000000,0.000000,-0.000150,0.000299,-0.000587,0.271830,0.001396,0.432585,0.296440,-0.007298,0.310132,-0.094080,-2.199167
26.444000,0.756375,-0.160835,-1.479056,0.494298,-0.191138,-2.821144,2.821144,3.000000,0.529966,0.000000,0.000000,0.000102,-0.000281,0.000015,0.271831,0.001394,0.432586,0.296440,-0.007298,0.310132,-0.094080,-2.204287
26.454000,0.712850,-0.183811,-1.469711,0.450773,-0.214114,-2.811800,2.811800,3.000000,0.499040,0.000000,0.000000,0.000079,0.001122,-0.000470,0.271830,0.001398,0.432584,0.296440,-0.007298,0.310132,-0.094080,-2.200150
26.464000,0.747806,-0.214613,-1.478314,0.485728,-0.244917,-2.820402,2.820402,3.000000,0.543982,0.000000,0.000000,0.000275,-0.000065,-0.000251,0.271831,0.001394,0.432585,0.296440,-0.007298,0.310132,-0.094080,-2.202015
26.474000,0.759124,-0.180225,-1.493317,0.497047,-0.210529,-2.835405,2.835405,3.000000,0.539794,0.000000,0.000000,-0.000060,-0.000301,0.000231,0.271830,0.001394,0.432586,0.296440,-0.007298,0.310132,-0.094080,-2.206116
26.484000,0.784854,-0.152673,-1.493766,0.522777,-0.182977,-2.835855,2.835855,3.000000,0.553874,0.000000,0.000000,0.000045,0.000683,-0.000434,0.271830,0.001397,0.432585,0.296440,-0.007298,0.310132,-0.094080,-2.200469
26.494000,0.682572,-0.190116,-1.461307,0.420494,-0.220419,-2.803395,2.803395,3.000000,0.474763,0.000000,0.000000,0.000559,0.000472,0.000141,0.271831,0.001396,0.432586,0.296440,-0.007298,0.310132,-0.094080,-2.205364
26.504000,0.735819,-0.176155,-1.468612,0.473742,-0.206458,-2.810700,2.810700,3.000000,0.516775,0.000000,0.000000,0.000274,-0.000171,-0.000088,0.271831,0.001394,0.432584,0.296440,-0.007298,0.310132,-0.094080,-2.203391
26.514000,0.729489,-0.166029,-1.455181,0.467411,-0.196332,-2.797270,2.797270,3.000000,0.506971,0.000000,0.000000,-0.000124,0.000044,0.000435,0.271830,0.001394,0.432584,0.296440,-0.007298,0.310132,-0.094080,-2.207831
26.524000,0.748900,-0.176865,-1.465739,0.486823,-0.207168,-2.807828,2.807828,3.000000,0.529070,0.000000,0.000000,0.000228,-0.000118,0.000084,0.271831,0.001395,0.432586,0.296440,-0.007298,0.310132,-0.094080,-2.204869
26.534000,0.779019,-0.188014,-1.493270,0.516942,-0.218318,-2.835359,2.835359,3.000000,0.561152,0.000000,0.000000,0.000159,0.000237,0.000726,0.271831,0.001395,0.432588,0.296440,-0.007298,0.310132,-0.094080,-2.210363
26.544000,0.722567,-0.169321,-1.490635,0.460490,-0.199625,-2.832723,2.832723,3.000000,0.501897,0.000000,0.000000,-0.000323,0.000137,0.000123,0.271831,0.001395,0.432587,0.296440,-0.007298,0.310132,-0.094080,-2.205235
26.554000,0.746627,-0.196696,-1.497996,0.484550,-0.226999,-2.840084,2.840084,3.000000,0.535086,0.000000,0.000000,0.000001,-0.000193,0.000060,0.271831,0.001395,0.432588,0.296440,-0.007298,0.310132,-0.094080,-2.204710
26.564000,0.673339,-0.163471,-1.507491,0.411261,-0.193774,-2.849580,2.849580,3.000000,0.454625,0.000000,0.000000,0.000274,-0.000254,0.000639,0.271832,0.001395,0.432588,0.296440,-0.007298,0.310132,-0.094080,-2.209631
26.574000,0.700913,-0.162816,-1.532567,0.438835,-0.193120,-2.874655,2.874655,3.000000,0.479449,0.000000,0.000000,0.000065,-0.000370,0.000268,0.271832,0.001394,0.432590,0.296440,-0.007298,0.310132,-0.094080,-2.206518
26.584000,0.709926,-0.184479,-1.590364,0.447848,-0.214783,-2.932452,2.932452,3.000000,0.496689,0.000000,0.000000,0.000095,0.000276,-0.000347,0.271832,0.001395,0.432590,0.296440,-0.007298,0.310132,-0.094080,-2.201294
26.594000,0.722177,-0.178310,-1.579139,0.460099,-0.208613,-2.921227,2.921227,3.000000,0.505184,0.000000,0.000000,0.000019,0.000170,0.000816,0.271832,0.001396,0.432591,0.296440,-0.007298,0.310132,-0.094080,-2.211182
26.604000,0.642628,-0.140500,-1.577796,0.380551,-0.170803,-2.919885,2.919885,3.000000,0.417124,0.000000,0.000000,0.000429,-0.000189,0.000076,0.271832,0.001395,0.432588,0.296440,-0.007298,0.310132,-0.094080,-2.204852
26.614000,0.622825,-0.111264,-1.570966,0.360747,-0.141567,-2.913054,2.913054,3.000000,0.387530,0.000000,0.000000,-0.000310,-0.000163,-0.001120,0.271830,0.001395,0.432586,0.296440,-0.007298,0.310132,-0.094080,-2.194661
26.624000,0.673692,-0.120459,-1.581764,0.411615,-0.150762,-2.923852,2.923852,3.000000,0.438356,0.000000,0.000000,0.000003,0.000185,-0.000268,0.271832,0.001396,0.432587,0.296440,-0.007298,0.310132,-0.094080,-2.201915
26.634000,0.689801,-0.152495,-1.610563,0.427723,-0.182798,-2.952652,2.952652,3.000000,0.465148,0.000000,0.000000,0.000338,0.000024,0.000692,0.271832,0.001394,0.432590,0.296440,-0.007298,0.310132,-0.094080,-2.210106
26.644000,0.710093,-0.152064,-1.617552,0.448016,-0.182367,-2.959640,2.959640,3.000000,0.483711,0.000000,0.000000,0.000076,0.000124,0.000462,0.271831,0.001393,0.432589,0.296440,-0.007298,0.310132,-0.094080,-2.208134
26.654000,0.704032,-0.155012,-1.612584,0.441954,-0.185315,-2.954673,2.954673,3.000000,0.479234,0.000000,0.000000,-0.000056,0.000243,-0.000201,0.271831,0.001394,0.432587,0.296440,-0.007298,0.310132,-0.094080,-2.202477
26.664000,0.655604,-0.105456,-1.596817,0.393527,-0.135759,-2.938906,2.938906,3.000000,0.416286,0.000000,0.000000,-0.000197,-0.000253,0.000173,0.271830,0.001392,0.432588,0.296440,-0.007298,0.310132,-0.094080,-2.205668
26.674000,0.677032,-0.123842,-1.611244,0.414955,-0.154146,-2.953332,2.953332,3.000000,0.442661,0.000000,0.000000,0.000033,0.000353,0.001671,0.271831,0.001394,0.432591,0.296440,-0.007298,0.310132,-0.094080,-2.218442
26.684000,0.742870,-0.128612,-1.618583,0.480793,-0.158915,-2.960672,2.960672,3.000000,0.506375,0.000000,0.000000,-0.000154,0.000148,-0.000340,0.271831,0.001395,0.432588,0.296440,-0.007298,0.310132,-0.094080,-2.201307
26.694000,0.662217,-0.100599,-1.548149,0.400139,-0.130902,-2.890238,2.890238,3.000000,0.421007,0.000000,0.000000,-0.000128,-0.001068,0.000080,0.271832,0.001392,0.432590,0.296440,-0.007298,0.310132,-0.094080,-2.204915
26.704000,0.629192,-0.097288,-1.543936,0.367115,-0.127591,-2.886025,2.886025,3.000000,0.388655,0.000000,0.000000,0.000184,0.000161,-0.000068,0.271831,0.001394,0.432588,0.296440,-0.007298,0.310132,-0.094080,-2.203628
26.714000,0.650572,-0.101603,-1.572879,0.388495,-0.131906,-2.914967,2.914967,3.000000,0.410277,0.000000,0.000000,-0.000024,-0.000519,-0.000038,0.271831,0.001394,0.432588,0.296440,-0.007298,0.310132,-0.094080,-2.203878
26.724000,0.698591,-0.116873,-1.575798,0.436513,-0.147177,-2.917886,2.917886,3.000000,0.460657,0.000000,0.000000,-0.000459,0.000440,-0.001145,0.271830,0.001395,0.432585,0.296440,-0.007298,0.310132,-0.094080,-2.194441
26.734000,0.666936,-0.113029,-1.549383,0.404859,-0.143332,-2.891471,2.891471,3.000000,0.429482,0.000000,0.000000,0.000186,-0.000480,0.000363,0.271832,0.001392,0.432587,0.296440,-0.007298,0.310132,-0.094080,-2.207265
26.744000,0.684362,-0.113170,-1.551204,0.422284,-0.143473,-2.893293,2.893293,3.000000,0.445992,0.000000,0.000000,0.000012,-0.000049,-0.000722,0.271831,0.001394,0.432586,0.296440,-0.007298,0.310132,-0.094080,-2.198035
26.754000,0.620623,-0.102312,-1.543878,0.358546,-0.132615,-2.885966,2.885966,3.000000,0.382285,0.000000,0.000000,0.000045,0.000510,0.000431,0.271832,0.001394,0.432588,0.296440,-0.007298,0.310132,-0.094080,-2.207858
26.764000,0.705450,-0.135526,-1.626864,0.443373,-0.165829,-2.968952,2.968952,3.000000,0.473370,0.000000,0.000000,0.000078,0.000648,0.000032,0.271831,0.001395,0.432588,0.296440,-0.007298,0.310132,-0.094080,-2.204468
26.774000,0.642126,-0.127373,-1.551157,0.380048,-0.157677,-2.893246,2.893246,3.000000,0.411459,0.000000,0.000000,-0.000315,-0.000015,-0.000449,0.271831,0.001392,0.432587,0.296440,-0.007298,0.310132,-0.094080,-2.200385
26.784000,0.645010,-0.117475,-1.556187,0.382932,-0.147778,-2.898275,2.898275,3.000000,0.410458,0.000000,0.000000,0.000309,0.000174,0.000559,0.271833,0.001393,0.432590,0.296440,-0.007298,0.310132,-0.094080,-2.208981
26.794000,0.632654,-0.114675,-1.553612,0.370576,-0.144978,-2.895700,2.895700,3.000000,0.397926,0.000000,0.000000,0.000068,-0.000327,0.000121,0.271831,0.001394,0.432588,0.296440,-0.007298,0.310132,-0.094080,-2.205228
26.804000,0.653725,-0.080627,-1.585863,0.391648,-0.110930,-2.927951,2.927951,3.000000,0.407055,0.000000,0.000000,-0.000101,0.000199,-0.000389,0.271831,0.001395,0.432585,0.296440,-0.007298,0.310132,-0.094080,-2.200850
26.814000,0.742280,-0.088938,-1.563062,0.480202,-0.119241,-2.905151,2.905151,3.000000,0.494786,0.000000,0.000000,-0.000039,-0.000215,0.000382,0.271831,0.001394,0.432587,0.296440,-0.007298,0.310132,-0.094080,-2.207427
26.824000,0.687137,-0.121109,-1.566013,0.425060,-0.151413,-2.908101,2.908101,3.000000,0.451222,0.000000,0.000000,-0.000200,-0.000211,-0.000553,0.271831,0.001393,0.432586,0.296440,-0.007298,0.310132,-0.094080,-2.199476
26.834000,0.603477,-0.104802,-1.550725,0.341400,-0.135106,-2.892814,2.892814,3.000000,0.367161,0.000000,0.000000,-0.000186,-0.000324,0.000093,0.271831,0.001394,0.432588,0.296440,-0.007298,0.310132,-0.094080,-2.204992
26.844000,0.669112,-0.135473,-1.581105,0.407035,-0.165776,-2.923194,2.923194,3.000000,0.439499,0.000000,0.000000,0.000006,-0.000299,0.001196,0.271831,0.001393,0.432589,0.296440,-0.007298,0.310132,-0.094080,-2.214361
26.854000,0.709215,-0.155797,-1.575596,0.447137,-0.186100,-2.917685,2.917685,3.000000,0.484319,0.000000,0.000000,0.000134,0.000157,-0.000748,0.271832,0.001395,0.432587,0.296440,-0.007298,0.310132,-0.094080,-2.197832
26.864000,0.618721,-0.111506,-1.529790,0.356643,-0.141809,-2.871878,2.871878,3.000000,0.383802,0.000000,0.000000,0.000260,0.000592,-0.000098,0.271832,0.001395,0.432587,0.296440,-0.007298,0.310132,-0.094080,-2.203362
26.874000,0.656397,-0.142043,-1.577055,0.394319,-0.172346,-2.919143,2.919143,3.000000,0.430338,0.000000,0.000000,-0.000014,-0.000098,0.000037,0.271831,0.001393,0.432589,0.296440,-0.007298,0.310132,-0.094080,-2.204535
26.884000,0.648275,-0.138084,-1.544082,0.386197,-0.168388,-2.886171,2.886171,3.000000,0.421311,0.000000,0.000000,-0.000009,-0.000140,-0.000843,0.271831,0.001394,0.432585,0.296440,-0.007298,0.310132,-0.094080,-2.196986
26.894000,0.601892,-0.130999,-1.581369,0.339815,-0.161302,-2.923458,2.923458,3.000000,0.376155,0.000000,0.000000,0.000153,-0.000083,0.000381,0.271831,0.001394,0.432586,0.296440,-0.007298,0.310132,-0.094080,-2.207409
26.904000,0.693880,-0.135735,-1.583188,0.431802,-0.166038,-2.925277,2.925277,3.000000,0.462625,0.000000,0.000000,-0.000002,-0.000132,0.000246,0.271831,0.001394,0.432587,0.296440,-0.007298,0.310132,-0.094080,-2.206266
26.914000,0.682248,-0.158408,-1.525729,0.420170,-0.188711,-2.867817,2.867817,3.000000,0.460603,0.000000,0.000000,0.000071,0.000815,0.000002,0.271831,0.001395,0.432586,0.296440,-0.007298,0.310132,-0.094080,-2.204182
26.924000,0.707046,-0.172156,-1.533688,0.444968,-0.202460,-2.875777,2.875777,3.000000,0.488863,0.000000,0.000000,-0.000034,-0.000366,0.000362,0.271830,0.001394,0.432586,0.296440,-0.007298,0.310132,-0.094080,-2.207239
26.934000,0.741697,-0.189757,-1.503327,0.479619,-0.220060,-2.845416,2.845416,3.000000,0.527694,0.000000,0.000000,0.000036,0.000053,-0.000206,0.271831,0.001395,0.432585,0.296440,-0.007298,0.310132,-0.094080,-2.202411
26.944000,0.789890,-0.172485,-1.530180,0.527813,-0.202788,-2.872269,2.872269,3.000000,0.565428,0.000000,0.000000,0.000151,-0.000055,0.000685,0.271831,0.001395,0.432587,0.296440,-0.007298,0.310132,-0.094080,-2.209997
26.954000,0.711867,-0.147729,-1.519754,0.449790,-0.178033,-2.861842,2.861842,3.000000,0.483742,0.000000,0.000000,0.000256,-0.000123,0.000829,0.271831,0.001395,0.432587,0.296440,-0.007298,0.310132,-0.094080,-2.211221
26.964000,0.683221,-0.159308,-1.496967,0.421143,-0.189612,-2.839056,2.839056,3.000000,0.461860,0.000000,0.000000,0.000081,0.000179,0.000863,0.271831,0.001395,0.432587,0.296440,-0.007298,0.310132,-0.094080,-2.211514
26.974000,0.695072,-0.198669,-1.477596,0.432995,-0.228972,-2.819685,2.819685,3.000000,0.489809,0.000000,0.000000,0.000034,-0.000045,-0.000188,0.271831,0.001395,0.432585,0.296440,-0.007298,0.310132,-0.094080,-2.202552
26.984000,0.684137,-0.156947,-1.469649,0.422060,-0.187250,-2.811738,2.811738,3.000000,0.461733,0.000000,0.000000,-0.000081,-0.001074,0.000082,0.271831,0.001394,0.432586,0.296440,-0.007298,0.310132,-0.094080,-2.204867
26.994000,0.659868,-0.135051,-1.476807,0.397790,-0.165354,-2.818896,2.818896,3.000000,0.430789,0.000000,0.000000,0.000128,-0.000479,0.000051,0.271831,0.001394,0.432586,0.296440,-0.007298,0.310132,-0.094080,-2.204593
27.004000,0.687291,-0.163610,-1.489546,0.425214,-0.193913,-2.831634,2.831634,3.000000,0.467343,0.000000,0.000000,-0.000368,0.000479,-0.000630,0.271830,0.001397,0.432584,0.296440,-0.007298,0.310132,-0.094080,-2.198794
27.014000,0.713642,-0.209912,-1.489430,0.451564,-0.240215,-2.831518,2.831518,3.000000,0.511482,0.000000,0.000000,0.000137,-0.000217,0.000078,0.271831,0.001396,0.432586,0.296440,-0.007298,0.310132,-0.094080,-2.204835
27.024000,0.720122,-0.207831,-1.461443,0.458044,-0.238135,-2.803532,2.803532,3.000000,0.516249,0.000000,0.000000,-0.000093,0.000114,0.000007,0.271830,0.001396,0.432585,0.296440,-0.007298,0.310132,-0.094080,-2.204209
27.034000,0.741453,-0.194060,-1.481283,0.479375,-0.224363,-2.823372,2.823372,3.000000,0.529282,0.000000,0.000000,0.000119,-0.000157,-0.000305,0.271831,0.001396,0.432586,0.296440,-0.007298,0.310132,-0.094080,-2.201577
27.044000,0.723401,-0.204956,-1.495542,0.461323,-0.235260,-2.837631,2.837631,3.000000,0.517848,0.000000,0.000000,-0.000059,0.000426,-0.000269,0.271831,0.001397,0.432585,0.296440,-0.007298,0.310132,-0.094080,-2.201872
27.054000,0.727654,-0.212853,-1.478231,0.465577,-0.243156,-2.820320,2.820320,3.000000,0.525249,0.000000,0.000000,-0.000013,-0.000242,0.000531,0.271830,0.001396,0.432587,0.296440,-0.007298,0.310132,-0.094080,-2.208692
27.064000,0.744084,-0.229386,-1.457690,0.482007,-0.259689,-2.799779,2.799779,3.000000,0.547512,0.000000,0.000000,-0.000348,0.000018,-0.000299,0.271830,0.001396,0.432585,0.296440,-0.007298,0.310132,-0.094080,-2.201613
27.074000,0.706393,-0.206199,-1.453534,0.444315,-0.236502,-2.795622,2.795622,3.000000,0.503338,0.000000,0.000000,-0.000090,-0.000235,0.000140,0.271830,0.001394,0.432586,0.296440,-0.007298,0.310132,-0.094080,-2.205345
27.084000,0.769954,-0.182564,-1.476473,0.507876,-0.212867,-2.818562,2.818562,3.000000,0.550682,0.000000,0.000000,0.000202,-0.000133,-0.000042,0.271831,0.001395,0.432586,0.296440,-0.007298,0.310132,-0.094080,-2.203813
27.094000,0.750965,-0.204056,-1.492235,0.488888,-0.234359,-2.834324,2.834324,3.000000,0.542158,0.000000,0.000000,0.000055,0.000564,-0.000294,0.271831,0.001396,0.432584,0.296440,-0.007298,0.310132,-0.094080,-2.201645
27.104000,0.725288,-0.189785,-1.482475,0.463211,-0.220088,-2.824564,2.824564,3.000000,0.512838,0.000000,0.000000,0.000020,0.000514,-0.000342,0.271831,0.001396,0.432584,0.296440,-0.007298,0.310132,-0.094080,-2.201234
27.114000,0.759474,-0.175800,-1.465299,0.497397,-0.206103,-2.807387,2.807387,3.000000,0.538407,0.000000,0.000000,0.000136,-0.000049,0.000312,0.271831,0.001395,0.432585,0.296440,-0.007298,0.310132,-0.094080,-2.206804
27.124000,0.724533,-0.175725,-1.445952,0.462456,-0.206028,-2.788041,2.788041,3.000000,0.506274,0.000000,0.000000,0.000338,0.000737,0.000688,0.271831,0.001395,0.432586,0.296440,-0.007298,0.310132,-0.094080,-2.209999
27.134000,0.700334,-0.190136,-1.439970,0.438257,-0.220439,-2.782058,2.782058,3.000000,0.490573,0.000000,0.000000,0.000356,0.000457,0.000653,0.271831,0.001396,0.432586,0.296440,-0.007298,0.310132,-0.094080,-2.209702
27.144000,0.732947,-0.157669,-1.466025,0.470869,-0.187973,-2.808114,2.808114,3.000000,0.507003,0.000000,0.000000,0.000293,0.000480,0.000818,0.271831,0.001395,0.432587,0.296440,-0.007298,0.310132,-0.094080,-2.211119
27.154000,0.664076,-0.148359,-1.414265,0.401999,-0.178662,-2.756354,2.756354,3.000000,0.439912,0.000000,0.000000,-0.000088,0.000131,-0.000315,0.271831,0.001394,0.432584,0.296440,-0.007298,0.310132,-0.094080,-2.201458
27.164000,0.706222,-0.116007,-1.449726,0.444144,-0.146310,-2.791815,2.791815,3.000000,0.467622,0.000000,0.000000,0.000198,0.000128,0.000954,0.271831,0.001396,0.432587,0.296440,-0.007298,0.310132,-0.094080,-2.212276
27.174000,0.711371,-0.147231,-1.436904,0.449294,-0.177534,-2.778992,2.778992,3.000000,0.483097,0.000000,0.000000,0.000151,0.000396,0.000547,0.271831,0.001395,0.432586,0.296440,-0.007298,0.310132,-0.094080,-2.208805
27.184000,0.718949,-0.154229,-1.423403,0.456871,-0.184532,-2.765492,2.765492,3.000000,0.492730,0.000000,0.000000,0.000436,-0.000142,0.000440,0.271831,0.001394,0.432586,0.296440,-0.007298,0.310132,-0.094080,-2.207896
27.194000,0.712337,-0.160091,-1.416115,0.450259,-0.190395,-2.758203,2.758203,3.000000,0.488860,0.000000,0.000000,0.000103,-0.000045,0.000654,0.271831,0.001394,0.432586,0.296440,-0.007298,0.310132,-0.094080,-2.209714
27.204000,0.766899,-0.154484,-1.452828,0.504821,-0.184787,-2.794916,2.794916,3.000000,0.537579,0.000000,0.000000,-0.000013,-0.000173,0.000925,0.271831,0.001395,0.432586,0.296440,-0.007298,0.310132,-0.094080,-2.212023
27.214000,0.794194,-0.156517,-1.450233,0.532117,-0.186820,-2.792322,2.792322,3.000000,0.563959,0.000000,0.000000,-0.000008,-0.000536,0.000111,0.271831,0.001394,0.432586,0.296440,-0.007298,0.310132,-0.094080,-2.205107
27.224000,0.739368,-0.155111,-1.416049,0.477291,-0.185415,-2.758138,2.758138,3.000000,0.512040,0.000000,0.000000,0.000205,0.000040,-0.000109,0.271831,0.001394,0.432585,0.296440,-0.007298,0.310132,-0.094080,-2.203221
27.234000,0.725586,-0.134767,-1.415810,0.463509,-0.165070,-2.757898,2.757898,3.000000,0.492025,0.000000,0.000000,0.000155,-0.000551,0.000315,0.271831,0.001393,0.432587,0.296440,-0.007298,0.310132,-0.094080,-2.206848
27.244000,0.678297,-0.156788,-1.421975,0.416219,-0.187091,-2.764064,2.764064,3.000000,0.456335,0.000000,0.000000,-0.000188,0.000097,-0.000000,0.271830,0.001395,0.432585,0.296440,-0.007298,0.310132,-0.094080,-2.204155
27.254000,0.664816,-0.168417,-1.448367,0.402739,-0.198720,-2.790456,2.790456,3.000000,0.449097,0.000000,0.000000,-0.000005,0.000129,-0.000251,0.271831,0.001396,0.432586,0.296440,-0.007298,0.310132,-0.094080,-2.202028
27.264000,0.731700,-0.168255,-1.427112,0.469623,-0.198558,-2.769201,2.769201,3.000000,0.509873,0.000000,0.000000,-0.000024,0.000141,0.000653,0.271830,0.001394,0.432586,0.296440,-0.007298,0.310132,-0.094080,-2.209715
27.274000,0.752026,-0.155744,-1.448301,0.489949,-0.186047,-2.790390,2.790390,3.000000,0.524083,0.000000,0.000000,-0.000192,-0.000056,0.000156,0.271830,0.001394,0.432586,0.296440,-0.007298,0.310132,-0.094080,-2.205492
27.284000,0.745957,-0.168158,-1.435866,0.483880,-0.198461,-2.777954,2.777954,3.000000,0.522997,0.000000,0.000000,0.000009,0.000709,0.000177,0.271831,0.001395,0.432586,0.296440,-0.007298,0.310132,-0.094080,-2.205663
27.294000,0.705535,-0.176659,-1.428902,0.443458,-0.206963,-2.770991,2.770991,3.000000,0.489375,0.000000,0.000000,-0.000070,0.000327,-0.000630,0.271830,0.001395,0.432583,0.296440,-0.007298,0.310132,-0.094080,-2.198764
27.304000,0.706977,-0.182842,-1.418538,0.444900,-0.213145,-2.760627,2.760627,3.000000,0.493322,0.000000,0.000000,0.000314,0.000530,-0.000196,0.271831,0.001394,0.432585,0.296440,-0.007298,0.310132,-0.094080,-2.202482
27.314000,0.730750,-0.167284,-1.414671,0.468673,-0.197587,-2.756759,2.756759,3.000000,0.508620,0.000000,0.000000,-0.000053,-0.000129,-0.000166,0.271830,0.001395,0.432585,0.296440,-0.007298,0.310132,-0.094080,-2.202740
27.324000,0.731865,-0.156465,-1.436210,0.469787,-0.186768,-2.778299,2.778299,3.000000,0.505552,0.000000,0.000000,0.000156,0.000132,-0.000450,0.271830,0.001396,0.432584,0.296440,-0.007298,0.310132,-0.094080,-2.200307
27.334000,0.729006,-0.175220,-1.409568,0.466928,-0.205523,-2.751657,2.751657,3.000000,0.510158,0.000000,0.000000,0.000162,0.000411,0.000378,0.271830,0.001395,0.432584,0.296440,-0.007298,0.310132,-0.094080,-2.207338
27.344000,0.816950,-0.151032,-1.440184,0.554872,-0.181336,-2.782272,2.782272,3.000000,0.583752,0.000000,0.000000,0.000110,-0.000459,0.000846,0.271830,0.001394,0.432584,0.296440,-0.007298,0.310132,-0.094080,-2.211315
27.354000,0.793566,-0.139775,-1.392094,0.531489,-0.170078,-2.734183,2.734183,3.000000,0.558038,0.000000,0.000000,-0.000233,-0.000496,-0.000276,0.271828,0.001393,0.432580,0.296440,-0.007298,0.310132,-0.094080,-2.201725
27.364000,0.793316,-0.134708,-1.335115,0.531238,-0.165012,-2.677203,2.677203,3.000000,0.556276,0.000000,0.000000,0.000189,-0.000360,0.000847,0.271829,0.001394,0.432580,0.296440,-0.007298,0.310132,-0.094080,-2.211241
27.374000,0.885823,-0.166989,-1.341923,0.623746,-0.197292,-2.684011,2.684011,3.000000,0.654204,0.000000,0.000000,0.000095,0.000020,0.000241,0.271828,0.001395,0.432579,0.296440,-0.007298,0.310132,-0.094080,-2.206083
27.384000,0.858790,-0.193307,-1.277497,0.596712,-0.223610,-2.619585,2.619585,3.000000,0.637234,0.000000,0.000000,-0.000212,0.000510,-0.000763,0.271828,0.001396,0.432578,0.296440,-0.007298,0.310132,-0.094080,-2.197546
27.394000,0.881616,-0.208311,-1.234752,0.619538,-0.238614,-2.576841,2.576841,3.000000,0.663901,0.000000,0.000000,-0.000330,0.000146,0.001041,0.271829,0.001395,0.432582,0.296440,-0.007298,0.310132,-0.094080,-2.212938
27.404000,0.915127,-0.170848,-1.216643,0.653049,-0.201151,-2.558731,2.558731,3.000000,0.683327,0.000000,0.000000,0.000031,0.000281,-0.000392,0.271828,0.001395,0.432578,0.296440,-0.007298,0.310132,-0.094080,-2.200695
27.414000,0.894578,-0.191311,-1.231146,0.632500,-0.221614,-2.573235,2.573235,3.000000,0.670201,0.000000,0.000000,-0.000150,0.000334,0.000659,0.271827,0.001396,0.432579,0.296440,-0.007298,0.310132,-0.094080,-2.209641
27.424000,0.920609,-0.187216,-1.190668,0.658531,-0.217519,-2.532757,2.532757,3.000000,0.693526,0.000000,0.000000,-0.000091,0.000827,0.000112,0.271828,0.001398,0.432581,0.296440,-0.007298,0.310132,-0.094080,-2.205018
27.434000,0.897369,-0.188994,-1.162039,0.635292,-0.219297,-2.504128,2.504128,3.000000,0.672077,0.000000,0.000000,0.000277,-0.000109,0.000622,0.271829,0.001396,0.432581,0.296440,-0.007298,0.310132,-0.094080,-2.209359
27.444000,0.922566,-0.217767,-1.172551,0.660489,-0.248071,-2.514639,2.514639,3.000000,0.705539,0.000000,0.000000,0.000046,0.000546,-0.000137,0.271829,0.001397,0.432580,0.296440,-0.007298,0.310132,-0.094080,-2.202889
27.454000,0.911702,-0.205254,-1.166851,0.649625,-0.235557,-2.508939,2.508939,3.000000,0.691013,0.000000,0.000000,0.000120,-0.000211,-0.000750,0.271828,0.001394,0.432579,0.296440,-0.007298,0.310132,-0.094080,-2.197665
27.464000,0.896093,-0.189912,-1.151221,0.634015,-0.220215,-2.493310,2.493310,3.000000,0.671171,0.000000,0.000000,0.000172,-0.000144,0.000239,0.271829,0.001394,0.432579,0.296440,-0.007298,0.310132,-0.094080,-2.206068
27.474000,0.938628,-0.207398,-1.162993,0.676551,-0.237701,-2.505081,2.505081,3.000000,0.717093,0.000000,0.000000,-0.000043,0.000054,-0.000596,0.271829,0.001395,0.432580,0.296440,-0.007298,0.310132,-0.094080,-2.198999
27.484000,0.904297,-0.192188,-1.147400,0.642219,-0.222491,-2.489489,2.489489,3.000000,0.679668,0.000000,0.000000,0.000149,0.000365,0.000654,0.271830,0.001395,0.432582,0.296440,-0.007298,0.310132,-0.094080,-2.209650
27.494000,0.918130,-0.204626,-1.216700,0.656052,-0.234930,-2.558789,2.558789,3.000000,0.696848,0.000000,0.000000,0.000062,0.000446,-0.000264,0.271829,0.001395,0.432579,0.296440,-0.007298,0.310132,-0.094080,-2.201797
27.504000,0.908074,-0.172395,-1.200643,0.645996,-0.202698,-2.542731,2.542731,3.000000,0.677051,0.000000,0.000000,-0.000336,-0.000671,-0.000609,0.271829,0.001392,0.432580,0.296440,-0.007298,0.310132,-0.094080,-2.198889
27.514000,0.878437,-0.149900,-1.191162,0.616360,-0.180204,-2.533251,2.533251,3.000000,0.642163,0.000000,0.000000,0.000054,-0.000379,-0.000021,0.271829,0.001393,0.432580,0.296440,-0.007298,0.310132,-0.094080,-2.203886
27.524000,0.847493,-0.124259,-1.161447,0.585415,-0.154562,-2.503535,2.503535,3.000000,0.605475,0.000000,0.000000,-0.000279,0.000126,-0.000931,0.271829,0.001394,0.432578,0.296440,-0.007298,0.310132,-0.094080,-2.196127
27.534000,0.799522,-0.132546,-1.207034,0.537445,-0.162849,-2.549123,2.549123,3.000000,0.561575,0.000000,0.000000,0.000055,0.000241,0.000436,0.271829,0.001394,0.432583,0.296440,-0.007298,0.310132,-0.094080,-2.207805
27.544000,0.860203,-0.123042,-1.201248,0.598125,-0.153346,-2.543337,2.543337,3.000000,0.617470,0.000000,0.000000,-0.000167,-0.000084,0.000604,0.271829,0.001392,0.432582,0.296440,-0.007298,0.310132,-0.094080,-2.209215
27.554000,0.822174,-0.110724,-1.186866,0.560096,-0.141027,-2.528954,2.528954,3.000000,0.577578,0.000000,0.000000,0.000275,0.000036,0.000232,0.271830,0.001393,0.432582,0.296440,-0.007298,0.310132,-0.094080,-2.206068
27.564000,0.861780,-0.117360,-1.207836,0.599702,-0.147664,-2.549925,2.549925,3.000000,0.617614,0.000000,0.000000,-0.000336,0.000420,-0.000720,0.271828,0.001393,0.432578,0.296440,-0.007298,0.310132,-0.094080,-2.197913
27.574000,0.787387,-0.073231,-1.227063,0.525310,-0.103534,-2.569152,2.569152,3.000000,0.535415,0.000000,0.000000,0.000195,-0.000013,-0.000357,0.271830,0.001393,0.432580,0.296440,-0.007298,0.310132,-0.094080,-2.201030
27.584000,0.798135,-0.051792,-1.232009,0.536058,-0.082095,-2.574098,2.574098,3.000000,0.542307,0.000000,0.000000,0.000267,-0.000160,-0.000873,0.271830,0.001393,0.432579,0.296440,-0.007298,0.310132,-0.094080,-2.196623
27.594000,0.807802,-0.043507,-1.184179,0.545724,-0.073810,-2.526267,2.526267,3.000000,0.550693,0.000000,0.000000,0.000043,0.000147,0.000700,0.271829,0.001394,0.432580,0.296440,-0.007298,0.310132,-0.094080,-2.209992
27.604000,0.839700,-0.050083,-1.162370,0.577622,-0.080387,-2.504459,2.504459,3.000000,0.583189,0.000000,0.000000,-0.000010,0.000250,-0.000424,0.271829,0.001393,0.432578,0.296440,-0.007298,0.310132,-0.094080,-2.200424
27.614000,0.809847,-0.073859,-1.135903,0.547770,-0.104162,-2.477991,2.477991,3.000000,0.557585,0.000000,0.000000,-0.000103,0.000154,-0.000205,0.271829,0.001393,0.432580,0.296440,-0.007298,0.310132,-0.094080,-2.202309
27.624000,0.798211,-0.065602,-1.151860,0.536133,-0.095905,-2.493949,2.493949,3.000000,0.544644,0.000000,0.000000,-0.000001,0.000572,-0.000047,0.271829,0.001394,0.432578,0.296440,-0.007298,0.310132,-0.094080,-2.203632
27.634000,0.814510,-0.073749,-1.150318,0.552433,-0.104052,-2.492407,2.492407,3.000000,0.562146,0.000000,0.000000,0.000097,0.000477,-0.000433,0.271829,0.001394,0.432578,0.296440,-0.007298,0.310132,-0.094080,-2.200349
27.644000,0.760910,-0.051838,-1.123024,0.498833,-0.082141,-2.465112,2.465112,3.000000,0.505550,0.000000,0.000000,-0.000322,-0.000266,0.000201,0.271829,0.001392,0.432581,0.296440,-0.007298,0.310132,-0.094080,-2.205773
27.654000,0.787433,-0.037470,-1.129458,0.525355,-0.067773,-2.471547,2.471547,3.000000,0.529709,0.000000,0.000000,0.000027,-0.000609,-0.000135,0.271830,0.001392,0.432579,0.296440,-0.007298,0.310132,-0.094080,-2.202900
27.664000,0.780284,-0.023781,-1.167212,0.518207,-0.054084,-2.509300,2.509300,3.000000,0.521022,0.000000,0.000000,-0.000050,0.000149,-0.000184,0.271829,0.001393,0.432580,0.296440,-0.007298,0.310132,-0.094080,-2.202491
