time,raw_fx,raw_fy,raw_fz,corrected_fx,corrected_fy,corrected_fz,contact_force,target_force,force_xy_norm,v_des_x,v_des_y,v_x,v_y,z_dot,x,y,z,x_d,y_d,z_d,z_offset,f_z
0.000000,1.191731,0.341899,-1.531685,0.221595,0.019653,-1.912123,1.912123,3.000000,0.222465,0.000000,0.000000,0.000116,-0.000130,0.000292,0.297654,-0.014502,0.427953,0.297647,-0.014500,0.427910,0.000000,-0.003265
0.010000,1.175685,0.349182,-1.567012,0.205549,0.026936,-1.947450,1.947450,3.000000,0.207306,0.000000,0.000000,0.000226,0.000535,0.000023,0.297655,-0.014501,0.427954,0.297647,-0.014500,0.427710,-0.000200,-0.004587
0.020000,1.193592,0.365984,-1.535785,0.223457,0.043738,-1.916223,1.916223,3.000000,0.227697,0.000000,0.000000,0.000145,-0.000535,0.000684,0.297657,-0.014503,0.427961,0.297647,-0.014500,0.427510,-0.000400,-0.013931
0.030000,1.231442,0.350855,-1.489659,0.261306,0.028609,-1.870097,1.870097,3.000000,0.262867,0.000000,0.000000,0.000773,0.000155,0.002294,0.297663,-0.014501,0.427980,0.297647,-0.014500,0.427310,-0.000600,-0.031527
0.040000,1.239302,0.305154,-1.468672,0.269166,-0.017092,-1.849110,1.849110,3.000000,0.269708,0.000000,0.000000,0.001643,-0.000482,0.004723,0.297677,-0.014504,0.428019,0.297647,-0.014500,0.427110,-0.000800,-0.056455
0.050000,1.279439,0.309502,-1.468202,0.309303,-0.012744,-1.848640,1.848640,3.000000,0.309565,0.000000,0.000000,0.001673,0.000019,0.005917,0.297693,-0.014504,0.428070,0.297647,-0.014500,0.426910,-0.001000,-0.071097
0.060000,1.240409,0.259076,-1.466135,0.270273,-0.063170,-1.846573,1.846573,3.000000,0.277557,0.000000,0.000000,0.002666,0.000092,0.006637,0.297716,-0.014506,0.428135,0.297647,-0.014500,0.426710,-0.001200,-0.081978
0.070000,1.165721,0.251225,-1.495875,0.195585,-0.071021,-1.876313,1.876313,3.000000,0.208080,0.000000,0.000000,0.002848,-0.000187,0.008352,0.297743,-0.014509,0.428215,0.297647,-0.014500,0.426510,-0.001400,-0.101567
0.080000,1.182335,0.215472,-1.528233,0.212199,-0.106774,-1.908670,1.908670,3.000000,0.237548,0.000000,0.000000,0.003249,-0.000033,0.009758,0.297775,-0.014513,0.428311,0.297647,-0.014500,0.426310,-0.001600,-0.118816
0.090000,1.176582,0.221581,-1.572569,0.206446,-0.100665,-1.953007,1.953007,3.000000,0.229681,0.000000,0.000000,0.003912,-0.001003,0.010957,0.297812,-0.014519,0.428422,0.297647,-0.014500,0.426110,-0.001800,-0.134600
0.100000,1.132238,0.234174,-1.618621,0.162103,-0.088072,-1.999059,1.999059,3.000000,0.184483,0.000000,0.000000,0.003994,-0.000142,0.012174,0.297851,-0.014522,0.428544,0.297647,-0.014500,0.425910,-0.002000,-0.150720
0.110000,1.204542,0.194819,-1.653443,0.234406,-0.127427,-2.033881,2.033881,3.000000,0.266803,0.000000,0.000000,0.004275,-0.000295,0.012849,0.297894,-0.014527,0.428676,0.297647,-0.014500,0.425890,-0.002020,-0.159176
0.120000,1.225245,0.244452,-1.718702,0.255109,-0.077794,-2.099140,2.099140,3.000000,0.266707,0.000000,0.000000,0.004472,-0.000857,0.013956,0.297940,-0.014534,0.428816,0.297647,-0.014500,0.425890,-0.002020,-0.171092
0.131000,1.284103,0.224142,-1.755438,0.313968,-0.098104,-2.135876,2.135876,3.000000,0.328938,0.000000,0.000000,0.005074,0.000050,0.015747,0.297995,-0.014538,0.428985,0.297647,-0.014500,0.425890,-0.002020,-0.189330
0.141000,1.332222,0.286013,-1.794615,0.362087,-0.036233,-2.175053,2.175053,3.000000,0.363895,0.000000,0.000000,0.005115,-0.000901,0.015729,0.298046,-0.014547,0.429140,0.297647,-0.014500,0.425890,-0.002020,-0.191976
0.151000,1.402025,0.230920,-1.893870,0.431889,-0.091326,-2.274307,2.274307,3.000000,0.441439,0.000000,0.000000,0.005492,0.000309,0.016619,0.298098,-0.014551,0.429302,0.297647,-0.014500,0.425890,-0.002020,-0.202437
0.161000,1.421826,0.200789,-1.950665,0.451690,-0.121457,-2.331103,2.331103,3.000000,0.467735,0.000000,0.000000,0.005584,-0.001142,0.016287,0.298155,-0.014560,0.429471,0.297647,-0.014500,0.425890,-0.002020,-0.202665
0.171000,1.480800,0.252976,-1.971350,0.510664,-0.069270,-2.351788,2.351788,3.000000,0.515340,0.000000,0.000000,0.005737,-0.000632,0.017940,0.298212,-0.014565,0.429648,0.297647,-0.014500,0.425890,-0.002020,-0.219883
0.181000,1.471682,0.280088,-1.962843,0.501546,-0.042158,-2.343281,2.343281,3.000000,0.503315,0.000000,0.000000,0.005900,-0.000919,0.018101,0.298270,-0.014574,0.429825,0.297647,-0.014500,0.425890,-0.002020,-0.224423
0.191000,1.555879,0.273682,-2.012076,0.585743,-0.048564,-2.392514,2.392514,3.000000,0.587753,0.000000,0.000000,0.005907,-0.000546,0.018790,0.298330,-0.014580,0.430003,0.297647,-0.014500,0.425890,-0.002020,-0.233477
0.201000,1.614821,0.270010,-2.019175,0.644686,-0.052236,-2.399613,2.399613,3.000000,0.646798,0.000000,0.000000,0.006347,-0.000756,0.019374,0.298395,-0.014589,0.430199,0.297647,-0.014500,0.425890,-0.002020,-0.241959
0.211000,1.586955,0.297798,-1.982698,0.616819,-0.024448,-2.363135,2.363135,3.000000,0.617303,0.000000,0.000000,0.006830,-0.000876,0.020154,0.298460,-0.014598,0.430393,0.297647,-0.014500,0.425890,-0.002020,-0.252068
0.221000,1.589343,0.362233,-1.979094,0.619208,0.039987,-2.359531,2.359531,3.000000,0.620497,0.000000,0.000000,0.006721,-0.000790,0.020000,0.298525,-0.014607,0.430588,0.297647,-0.014500,0.425890,-0.002020,-0.254275
0.231000,1.608026,0.389470,-1.966168,0.637890,0.067224,-2.346606,2.346606,3.000000,0.641422,0.000000,0.000000,0.007144,-0.000611,0.020570,0.298594,-0.014615,0.430792,0.297647,-0.014500,0.425890,-0.002020,-0.262784
0.241000,1.562115,0.420824,-1.951068,0.591979,0.098578,-2.331505,2.331505,3.000000,0.600130,0.000000,0.000000,0.006795,-0.001443,0.020004,0.298662,-0.014625,0.430998,0.297647,-0.014500,0.425890,-0.002020,-0.261678
0.252000,1.566404,0.458369,-1.914750,0.596268,0.136123,-2.295188,2.295188,3.000000,0.611609,0.000000,0.000000,0.006791,-0.001128,0.020577,0.298737,-0.014633,0.431225,0.297647,-0.014500,0.425890,-0.002020,-0.270633
0.262000,1.580134,0.474304,-1.937375,0.609998,0.152058,-2.317813,2.317813,3.000000,0.628665,0.000000,0.000000,0.006856,-0.001026,0.020704,0.298804,-0.014642,0.431427,0.297647,-0.014500,0.425890,-0.002020,-0.275348
0.272000,1.523122,0.445685,-1.970620,0.552986,0.123439,-2.351058,2.351058,3.000000,0.566596,0.000000,0.000000,0.006861,-0.000968,0.021501,0.298872,-0.014649,0.431637,0.297647,-0.014500,0.425890,-0.002020,-0.285897
0.282000,1.591947,0.481674,-1.987333,0.621812,0.159428,-2.367770,2.367770,3.000000,0.641925,0.000000,0.000000,0.006803,-0.000476,0.022218,0.298944,-0.014657,0.431856,0.297647,-0.014500,0.425890,-0.002020,-0.295917
0.292000,1.578113,0.505693,-1.983444,0.607977,0.183447,-2.363882,2.363882,3.000000,0.635051,0.000000,0.000000,0.007478,-0.001421,0.023163,0.299016,-0.014666,0.432076,0.297647,-0.014500,0.425890,-0.002020,-0.307904
0.302000,1.602498,0.516881,-2.011799,0.632362,0.194635,-2.392237,2.392237,3.000000,0.661638,0.000000,0.000000,0.007474,-0.000670,0.022359,0.299087,-0.014673,0.432295,0.297647,-0.014500,0.425890,-0.002020,-0.305025
0.312000,1.702460,0.499316,-1.959722,0.732324,0.177070,-2.340160,2.340160,3.000000,0.753427,0.000000,0.000000,0.007523,-0.001423,0.023421,0.299162,-0.014683,0.432525,0.297647,-0.014500,0.425890,-0.002020,-0.318172
0.322000,1.776876,0.499941,-2.040458,0.806741,0.177695,-2.420896,2.420896,3.000000,0.826079,0.000000,0.000000,0.007991,-0.001669,0.024229,0.299237,-0.014692,0.432755,0.297647,-0.014500,0.425890,-0.002020,-0.329158
0.332000,1.808201,0.536416,-2.078638,0.838065,0.214170,-2.459076,2.459076,3.000000,0.864998,0.000000,0.000000,0.007591,-0.000592,0.023785,0.299314,-0.014700,0.432993,0.297647,-0.014500,0.425890,-0.002020,-0.329671
0.342000,1.760602,0.503734,-2.050304,0.790466,0.181488,-2.430742,2.430742,3.000000,0.811033,0.000000,0.000000,0.007293,-0.000368,0.022302,0.299389,-0.014707,0.433223,0.297647,-0.014500,0.425890,-0.002020,-0.321234
0.352000,1.747331,0.545033,-2.158947,0.777195,0.222787,-2.539385,2.539385,3.000000,0.808497,0.000000,0.000000,0.008101,-0.000636,0.024459,0.299467,-0.014717,0.433460,0.297647,-0.014500,0.425890,-0.002020,-0.343802
0.362000,1.731818,0.528844,-2.232987,0.761683,0.206597,-2.613425,2.613425,3.000000,0.789204,0.000000,0.000000,0.007863,-0.001079,0.024532,0.299547,-0.014728,0.433708,0.297647,-0.014500,0.425890,-0.002020,-0.348882
0.372000,1.684904,0.524072,-2.242864,0.714768,0.201825,-2.623302,2.623302,3.000000,0.742716,0.000000,0.000000,0.008298,-0.000515,0.024617,0.299629,-0.014735,0.433957,0.297647,-0.014500,0.425890,-0.002020,-0.354100
0.382000,1.688647,0.543998,-2.312638,0.718512,0.221752,-2.693076,2.693076,3.000000,0.751953,0.000000,0.000000,0.009003,-0.001067,0.026233,0.299715,-0.014746,0.434224,0.297647,-0.014500,0.425890,-0.002020,-0.372599
0.392000,1.696370,0.536903,-2.324021,0.726234,0.214657,-2.704459,2.704459,3.000000,0.757294,0.000000,0.000000,0.009142,-0.001269,0.028280,0.299805,-0.014759,0.434502,0.297647,-0.014500,0.425890,-0.002020,-0.394984
0.402000,1.730639,0.527131,-2.319605,0.760503,0.204884,-2.700043,2.700043,3.000000,0.787618,0.000000,0.000000,0.009212,-0.000675,0.028760,0.299898,-0.014769,0.434789,0.297647,-0.014500,0.425890,-0.002020,-0.404217
0.412000,1.783856,0.544193,-2.343242,0.813720,0.221947,-2.723680,2.723680,3.000000,0.843446,0.000000,0.000000,0.009427,-0.001501,0.029511,0.299991,-0.014783,0.435080,0.297647,-0.014500,0.425890,-0.002020,-0.415826
0.422000,1.788383,0.589523,-2.343158,0.818247,0.267277,-2.723596,2.723596,3.000000,0.860793,0.000000,0.000000,0.009149,-0.001084,0.029504,0.300086,-0.014794,0.435379,0.297647,-0.014500,0.425890,-0.002020,-0.421157
0.432000,1.729813,0.629299,-2.345987,0.759678,0.307052,-2.726425,2.726425,3.000000,0.819385,0.000000,0.000000,0.009055,-0.001238,0.028568,0.300176,-0.014807,0.435663,0.297647,-0.014500,0.425890,-0.002020,-0.418319
0.442000,1.810288,0.692050,-2.402147,0.840153,0.369804,-2.782585,2.782585,3.000000,0.917939,0.000000,0.000000,0.008995,-0.001292,0.028961,0.300267,-0.014819,0.435951,0.297647,-0.014500,0.425890,-0.002020,-0.426849
0.452000,1.801008,0.727492,-2.375388,0.830872,0.405246,-2.755825,2.755825,3.000000,0.924431,0.000000,0.000000,0.007917,-0.001245,0.026228,0.300350,-0.014831,0.436217,0.297647,-0.014500,0.425890,-0.002020,-0.408452
0.462000,1.862523,0.768738,-2.343549,0.892388,0.446492,-2.723986,2.723986,3.000000,0.997853,0.000000,0.000000,0.007228,-0.000703,0.025271,0.300426,-0.014841,0.436475,0.297647,-0.014500,0.425890,-0.002020,-0.404975
0.472000,2.272749,0.787477,-2.453472,1.302614,0.465231,-2.833910,2.833910,3.000000,1.383200,0.004709,0.001682,0.006095,-0.001139,0.027805,0.300489,-0.014850,0.436758,0.297693,-0.014480,0.425890,-0.002020,-0.431567
0.482000,2.169631,0.844338,-2.479841,1.199496,0.522092,-2.860279,2.860279,3.000000,1.308193,0.004585,0.001995,0.006122,-0.000548,0.024940,0.300550,-0.014856,0.437022,0.297740,-0.014463,0.425890,-0.002020,-0.412008
0.492000,1.498543,0.899952,-2.356827,0.528408,0.577706,-2.737265,2.737265,3.000000,0.782917,0.000000,0.000000,0.006537,-0.001125,0.024139,0.300616,-0.014865,0.437268,0.297762,-0.014451,0.425890,-0.002020,-0.409626
0.503000,1.119566,0.949041,-2.408161,0.149430,0.626795,-2.788599,2.788599,3.000000,0.644361,0.000000,0.000000,0.006312,-0.000413,0.023395,0.300688,-0.014873,0.437528,0.297762,-0.014451,0.425890,-0.002020,-0.408004
0.513000,1.120280,0.918536,-2.414738,0.150145,0.596290,-2.795176,2.795176,3.000000,0.614902,0.000000,0.000000,0.006023,-0.000656,0.023211,0.300749,-0.014879,0.437766,0.297762,-0.014451,0.425890,-0.002020,-0.410722
0.523000,1.367026,0.921567,-2.389503,0.396890,0.599321,-2.769941,2.769941,3.000000,0.718824,0.000000,0.000000,0.004868,-0.000383,0.024043,0.300801,-0.014885,0.438000,0.297762,-0.014451,0.425890,-0.002020,-0.421991
0.533000,1.654325,0.881567,-2.498639,0.684190,0.559320,-2.879077,2.879077,3.000000,0.883716,0.000000,0.000000,0.005234,-0.000679,0.024236,0.300851,-0.014894,0.438246,0.297762,-0.014451,0.425890,-0.002020,-0.428060
0.543000,1.735806,0.852230,-2.482476,0.765670,0.529984,-2.862914,2.862914,3.000000,0.931200,0.000000,0.000000,0.004646,-0.000764,0.023511,0.300899,-0.014901,0.438479,0.297762,-0.014451,0.425890,-0.002020,-0.426103
0.553000,1.555737,0.835635,-2.400385,0.585601,0.513389,-2.780822,2.780822,3.000000,0.778779,0.000000,0.000000,0.005266,-0.001201,0.022909,0.300951,-0.014908,0.438712,0.297762,-0.014451,0.425890,-0.002020,-0.425195
0.563000,1.226607,0.881700,-2.312219,0.256471,0.559454,-2.692657,2.692657,3.000000,0.615440,0.000000,0.000000,0.005564,-0.000422,0.022126,0.301007,-0.014913,0.438939,0.297762,-0.014451,0.425890,-0.002020,-0.422633
0.573000,1.321857,0.864084,-2.362004,0.351722,0.541838,-2.742442,2.742442,3.000000,0.645985,0.000000,0.000000,0.006044,-0.000520,0.023635,0.301064,-0.014921,0.439173,0.297762,-0.014451,0.425890,-0.002020,-0.439652
0.583000,1.245142,0.871756,-2.397423,0.275007,0.549510,-2.777860,2.777860,3.000000,0.614484,0.000000,0.000000,0.005800,-0.000525,0.022623,0.301124,-0.014927,0.439403,0.297762,-0.014451,0.425890,-0.002020,-0.435199
0.593000,1.100015,0.908176,-2.384130,0.129879,0.585930,-2.764568,2.764568,3.000000,0.600152,0.000000,0.000000,0.006683,-0.000935,0.023729,0.301189,-0.014937,0.439634,0.297762,-0.014451,0.425890,-0.002020,-0.448749
0.603000,1.237654,0.882794,-2.441559,0.267518,0.560548,-2.821997,2.821997,3.000000,0.621112,0.000000,0.000000,0.006635,-0.000931,0.024549,0.301257,-0.014946,0.439880,0.297762,-0.014451,0.425890,-0.002020,-0.460129
0.613000,1.263480,0.870170,-2.460687,0.293344,0.547923,-2.841125,2.841125,3.000000,0.621507,0.000000,0.000000,0.007179,-0.001020,0.024910,0.301329,-0.014955,0.440124,0.297762,-0.014451,0.425890,-0.002020,-0.467582
0.623000,1.182471,0.912026,-2.445412,0.212335,0.589780,-2.825850,2.825850,3.000000,0.626838,0.000000,0.000000,0.007179,-0.000964,0.024258,0.301403,-0.014964,0.440369,0.297762,-0.014451,0.425890,-0.002020,-0.466465
0.633000,1.152032,0.906490,-2.357077,0.181897,0.584244,-2.737515,2.737515,3.000000,0.611905,0.000000,0.000000,0.008158,-0.000693,0.025023,0.301480,-0.014972,0.440619,0.297762,-0.014451,0.425890,-0.002020,-0.477452
0.643000,1.167181,0.882025,-2.337636,0.197046,0.559779,-2.718074,2.718074,3.000000,0.593447,0.000000,0.000000,0.007870,-0.000758,0.025712,0.301559,-0.014980,0.440873,0.297762,-0.014451,0.425890,-0.002020,-0.487868
0.653000,1.266124,0.894940,-2.232967,0.295988,0.572694,-2.613405,2.613405,3.000000,0.644661,0.000000,0.000000,0.008035,-0.001110,0.025933,0.301638,-0.014991,0.441129,0.297762,-0.014451,0.425890,-0.002020,-0.494354
0.663000,1.298946,0.867352,-2.068438,0.328810,0.545106,-2.448876,2.448876,3.000000,0.636598,0.000000,0.000000,0.007813,-0.001023,0.026449,0.301716,-0.015001,0.441383,0.297762,-0.014451,0.425890,-0.002020,-0.503315
0.673000,1.394601,0.841806,-1.896234,0.424465,0.519560,-2.276672,2.276672,3.000000,0.670905,0.000000,0.000000,0.007716,-0.000665,0.025314,0.301794,-0.015008,0.441635,0.297762,-0.014451,0.425890,-0.002020,-0.498206
0.683000,1.391067,0.839219,-1.729336,0.420931,0.516973,-2.109774,2.109774,3.000000,0.666667,0.000000,0.000000,0.007663,-0.001069,0.024753,0.301871,-0.015019,0.441884,0.297762,-0.014451,0.425890,-0.002020,-0.497928
0.693000,1.414068,0.816647,-1.568291,0.443933,0.494401,-1.948729,1.948729,3.000000,0.664461,0.000000,0.000000,0.006994,-0.000493,0.022479,0.301942,-0.015027,0.442115,0.297762,-0.014451,0.425830,-0.002080,-0.483873
0.703000,1.389615,0.803047,-1.435544,0.419479,0.480800,-1.815982,1.815982,3.000000,0.638069,0.000000,0.000000,0.006898,-0.000705,0.022060,0.302010,-0.015034,0.442338,0.297762,-0.014451,0.425630,-0.002280,-0.487931
0.713000,1.369641,0.837832,-1.416514,0.399506,0.515586,-1.796952,1.796952,3.000000,0.652253,0.000000,0.000000,0.006273,-0.000036,0.020782,0.302074,-0.015040,0.442546,0.297762,-0.014451,0.425430,-0.002480,-0.484441
0.723000,1.314058,0.809330,-1.395165,0.343922,0.487084,-1.775603,1.775603,3.000000,0.596266,0.000000,0.000000,0.005781,-0.001005,0.019622,0.302134,-0.015050,0.442745,0.297762,-0.014451,0.425230,-0.002680,-0.481767
0.733000,1.332130,0.787863,-1.457200,0.361994,0.465617,-1.837638,1.837638,3.000000,0.589779,0.000000,0.000000,0.005395,-0.000652,0.018797,0.302191,-0.015057,0.442935,0.297762,-0.014451,0.425030,-0.002880,-0.481793
0.743000,1.331735,0.814630,-1.403403,0.361599,0.492384,-1.783840,1.783840,3.000000,0.610898,0.000000,0.000000,0.005129,-0.001182,0.017411,0.302244,-0.015063,0.443105,0.297762,-0.014451,0.424830,-0.003080,-0.476703
0.753000,1.295339,0.832386,-1.376220,0.325203,0.510140,-1.756658,1.756658,3.000000,0.604979,0.000000,0.000000,0.004963,-0.000846,0.016282,0.302295,-0.015069,0.443274,0.297762,-0.014451,0.424630,-0.003280,-0.473746
0.763000,1.358361,0.812356,-1.377686,0.388225,0.490110,-1.758124,1.758124,3.000000,0.625241,0.000000,0.000000,0.005000,-0.000478,0.017326,0.302346,-0.015075,0.443442,0.297762,-0.014451,0.424430,-0.003480,-0.489232
0.773000,1.403620,0.782634,-1.329898,0.433484,0.460388,-1.710336,1.710336,3.000000,0.632350,0.000000,0.000000,0.004584,-0.001180,0.015345,0.302392,-0.015081,0.443591,0.297762,-0.014451,0.424230,-0.003680,-0.478709
0.783000,1.343059,0.808796,-1.214789,0.372923,0.486550,-1.595226,1.595226,3.000000,0.613027,0.000000,0.000000,0.003680,-0.000445,0.012375,0.302433,-0.015086,0.443727,0.297762,-0.014451,0.424030,-0.003880,-0.459546
0.793000,1.394917,0.796897,-1.117782,0.424781,0.474651,-1.498220,1.498220,3.000000,0.636971,0.000000,0.000000,0.003360,-0.000010,0.011449,0.302471,-0.015089,0.443850,0.297762,-0.014451,0.423830,-0.004080,-0.457517
0.803000,1.390597,0.811572,-1.053224,0.420461,0.489326,-1.433662,1.433662,3.000000,0.645157,0.000000,0.000000,0.003213,-0.000317,0.010648,0.302505,-0.015093,0.443961,0.297762,-0.014451,0.423630,-0.004280,-0.456321
0.813000,1.344961,0.802560,-1.031647,0.374825,0.480314,-1.412085,1.412085,3.000000,0.609258,0.000000,0.000000,0.002865,-0.000108,0.009039,0.302534,-0.015097,0.444058,0.297762,-0.014451,0.423430,-0.004480,-0.448009
0.823000,1.280397,0.809285,-0.927199,0.310261,0.487039,-1.307637,1.307637,3.000000,0.577468,0.000000,0.000000,0.002134,-0.000426,0.007399,0.302557,-0.015101,0.444135,0.297762,-0.014451,0.423230,-0.004680,-0.439085
0.833000,1.339949,0.794214,-0.890829,0.369813,0.471968,-1.271267,1.271267,3.000000,0.599596,0.000000,0.000000,0.001945,-0.000461,0.006981,0.302577,-0.015103,0.444202,0.297762,-0.014451,0.423030,-0.004880,-0.440326
0.843000,1.356506,0.755122,-0.862486,0.386370,0.432876,-1.242924,1.242924,3.000000,0.580227,0.000000,0.000000,0.001806,0.000215,0.005396,0.302594,-0.015103,0.444256,0.297762,-0.014451,0.422830,-0.005080,-0.431467
0.853000,1.368472,0.765030,-0.824197,0.398337,0.442784,-1.204635,1.204635,3.000000,0.595592,0.000000,0.000000,0.000831,-0.000043,0.003320,0.302604,-0.015104,0.444293,0.297762,-0.014451,0.422630,-0.005280,-0.418104
0.863000,1.342795,0.791811,-0.786545,0.372659,0.469565,-1.166983,1.166983,3.000000,0.599472,0.000000,0.000000,0.000385,0.000203,0.001651,0.302611,-0.015106,0.444314,0.297762,-0.014451,0.422430,-0.005480,-0.407924
0.873000,1.436534,0.804248,-0.759274,0.466399,0.482002,-1.139712,1.139712,3.000000,0.670711,0.000000,0.000000,0.000312,0.000037,0.001008,0.302615,-0.015107,0.444328,0.297762,-0.014451,0.422230,-0.005680,-0.406315
0.883000,1.420119,0.794521,-0.733208,0.449983,0.472275,-1.113646,1.113646,3.000000,0.652325,0.000000,0.000000,0.000433,-0.000285,0.001186,0.302615,-0.015108,0.444330,0.297762,-0.014451,0.422030,-0.005880,-0.411472
0.893000,1.491684,0.789286,-0.736610,0.521548,0.467040,-1.117048,1.117048,3.000000,0.700099,0.000000,0.000000,-0.000051,0.000218,-0.000549,0.302615,-0.015106,0.444323,0.297762,-0.014451,0.421830,-0.006080,-0.400225
0.903000,1.502429,0.797017,-0.713768,0.532293,0.474771,-1.094206,1.094206,3.000000,0.713262,0.000000,0.000000,0.000060,-0.000163,-0.000340,0.302615,-0.015107,0.444317,0.297762,-0.014451,0.421630,-0.006280,-0.405494
0.913000,1.499921,0.796224,-0.710146,0.529785,0.473978,-1.090584,1.090584,3.000000,0.710863,0.000000,0.000000,0.000104,0.000081,0.000615,0.302616,-0.015107,0.444318,0.297762,-0.014451,0.421430,-0.006480,-0.417203
0.923000,1.452417,0.780495,-0.752356,0.482281,0.458249,-1.132794,1.132794,3.000000,0.665273,0.000000,0.000000,0.000219,-0.000406,0.000096,0.302615,-0.015107,0.444315,0.297762,-0.014451,0.421230,-0.006680,-0.416349
0.933000,1.384689,0.785247,-0.753830,0.414553,0.463001,-1.134268,1.134268,3.000000,0.621469,0.000000,0.000000,0.000017,-0.000645,-0.000142,0.302617,-0.015108,0.444315,0.297762,-0.014451,0.421030,-0.006880,-0.417930
0.943000,1.338266,0.783941,-0.759665,0.368131,0.461694,-1.140103,1.140103,3.000000,0.590493,0.000000,0.000000,-0.000049,-0.000118,0.000127,0.302616,-0.015106,0.444315,0.297762,-0.014451,0.420830,-0.007080,-0.423820
0.953000,1.239150,0.797950,-0.736765,0.269014,0.475704,-1.117203,1.117203,3.000000,0.546501,0.000000,0.000000,0.000041,0.000037,0.000476,0.302616,-0.015106,0.444317,0.297762,-0.014451,0.420630,-0.007280,-0.430410
0.963000,1.219394,0.804525,-0.759780,0.249258,0.482278,-1.140218,1.140218,3.000000,0.542883,0.000000,0.000000,-0.000228,-0.000451,-0.000168,0.302615,-0.015107,0.444315,0.297762,-0.014451,0.420430,-0.007480,-0.428519
0.973000,1.233540,0.792224,-0.788742,0.263404,0.469978,-1.169180,1.169180,3.000000,0.538759,0.000000,0.000000,-0.000317,-0.000301,0.000831,0.302615,-0.015107,0.444321,0.297762,-0.014451,0.420230,-0.007680,-0.440690
0.983000,1.236495,0.788144,-0.820763,0.266359,0.465898,-1.201201,1.201201,3.000000,0.536663,0.000000,0.000000,0.000496,-0.000150,0.000702,0.302617,-0.015105,0.444322,0.297762,-0.014451,0.420030,-0.007880,-0.443227
0.993000,1.228220,0.793086,-0.810662,0.258084,0.470840,-1.191100,1.191100,3.000000,0.536933,0.000000,0.000000,-0.000275,-0.000361,0.000042,0.302616,-0.015106,0.444323,0.297762,-0.014451,0.419830,-0.008080,-0.441230
1.004000,1.229071,0.761154,-0.870025,0.258935,0.438908,-1.250462,1.250462,3.000000,0.509596,0.000000,0.000000,0.000091,0.000008,-0.000642,0.302616,-0.015105,0.444322,0.297762,-0.014451,0.419610,-0.008300,-0.439363
1.015000,1.250495,0.755560,-0.869308,0.280359,0.433314,-1.249746,1.249746,3.000000,0.516103,0.000000,0.000000,-0.000464,-0.000579,-0.000359,0.302616,-0.015106,0.444324,0.297762,-0.014451,0.419390,-0.008520,-0.445778
1.026000,1.285538,0.720639,-0.913578,0.315402,0.398393,-1.294016,1.294016,3.000000,0.508129,0.000000,0.000000,-0.000000,-0.000200,-0.000069,0.302616,-0.015105,0.444323,0.297762,-0.014451,0.419170,-0.008740,-0.452176
1.037000,1.287808,0.715419,-0.956245,0.317672,0.393173,-1.336683,1.336683,3.000000,0.505470,0.000000,0.000000,0.000236,0.000307,0.000143,0.302617,-0.015104,0.444323,0.297762,-0.014451,0.418950,-0.008960,-0.457928
1.048000,1.246115,0.712532,-0.974424,0.275979,0.390285,-1.354862,1.354862,3.000000,0.478003,0.000000,0.000000,0.000234,-0.000034,-0.000551,0.302616,-0.015105,0.444319,0.297762,-0.014451,0.418730,-0.009180,-0.455928
1.059000,1.189405,0.724014,-0.980392,0.219269,0.401768,-1.360830,1.360830,3.000000,0.457708,0.000000,0.000000,0.000100,-0.000521,0.000628,0.302617,-0.015106,0.444320,0.297762,-0.014451,0.418510,-0.009400,-0.469918
1.070000,1.184705,0.706531,-0.965626,0.214569,0.384285,-1.346063,1.346063,3.000000,0.440131,0.000000,0.000000,0.000063,-0.000483,0.000606,0.302617,-0.015105,0.444322,0.297762,-0.014451,0.418290,-0.009620,-0.473716
1.081000,1.140523,0.754014,-0.968331,0.170388,0.431768,-1.348769,1.348769,3.000000,0.464172,0.000000,0.000000,-0.000107,-0.000170,-0.000468,0.302616,-0.015105,0.444319,0.297762,-0.014451,0.418070,-0.009840,-0.468522
1.092000,1.086698,0.722907,-0.962463,0.116562,0.400661,-1.342901,1.342901,3.000000,0.417272,0.000000,0.000000,0.000240,-0.000384,-0.000724,0.302617,-0.015106,0.444318,0.297762,-0.014451,0.417850,-0.010060,-0.470287
1.103000,1.158652,0.729453,-0.984402,0.188516,0.407207,-1.364840,1.364840,3.000000,0.448727,0.000000,0.000000,0.000172,0.000301,0.000849,0.302617,-0.015105,0.444324,0.297762,-0.014451,0.417630,-0.010280,-0.487701
1.114000,1.182659,0.718562,-1.017968,0.212523,0.396316,-1.398406,1.398406,3.000000,0.449703,0.000000,0.000000,-0.000238,0.000008,0.000285,0.302616,-0.015107,0.444325,0.297762,-0.014451,0.417410,-0.010500,-0.486900
1.125000,1.149963,0.751615,-1.033204,0.179827,0.429369,-1.413642,1.413642,3.000000,0.465506,0.000000,0.000000,0.000168,0.000244,0.000309,0.302618,-0.015106,0.444327,0.297762,-0.014451,0.417190,-0.010720,-0.491098
1.136000,1.146168,0.757195,-1.038053,0.176032,0.434949,-1.418491,1.418491,3.000000,0.469221,0.000000,0.000000,0.000378,0.000456,-0.000319,0.302617,-0.015105,0.444325,0.297762,-0.014451,0.416970,-0.010940,-0.489697
1.147000,1.177893,0.751968,-1.061133,0.207758,0.429722,-1.441571,1.441571,3.000000,0.477309,0.000000,0.000000,0.000199,-0.000182,0.000034,0.302617,-0.015107,0.444324,0.297762,-0.014451,0.416750,-0.011160,-0.496634
1.158000,1.188498,0.781419,-1.086392,0.218363,0.459173,-1.466829,1.466829,3.000000,0.508451,0.000000,0.000000,0.000780,0.000278,0.000475,0.302619,-0.015106,0.444324,0.297762,-0.014451,0.416530,-0.011380,-0.504332
1.169000,1.231367,0.789405,-1.095280,0.261232,0.467159,-1.475718,1.475718,3.000000,0.535238,0.000000,0.000000,-0.000125,0.000029,-0.000394,0.302617,-0.015106,0.444323,0.297762,-0.014451,0.416310,-0.011600,-0.500895
1.180000,1.139108,0.800947,-1.072841,0.168972,0.478701,-1.453279,1.453279,3.000000,0.507648,0.000000,0.000000,-0.000330,0.000163,-0.000333,0.302617,-0.015106,0.444321,0.297762,-0.014451,0.416090,-0.011820,-0.505345
1.191000,1.097241,0.801700,-1.046175,0.127105,0.479454,-1.426613,1.426613,3.000000,0.496016,0.000000,0.000000,-0.000170,-0.000208,-0.000840,0.302617,-0.015108,0.444319,0.297762,-0.014451,0.415870,-0.012040,-0.504952
1.202000,1.074909,0.781132,-1.087797,0.104773,0.458886,-1.468235,1.468235,3.000000,0.470695,0.000000,0.000000,-0.000155,-0.000188,-0.000262,0.302618,-0.015107,0.444320,0.297762,-0.014451,0.415650,-0.012260,-0.513846
1.213000,1.038402,0.791674,-1.059699,0.068266,0.469428,-1.440137,1.440137,3.000000,0.474366,0.000000,0.000000,0.000106,0.000466,-0.000207,0.302617,-0.015105,0.444322,0.297762,-0.014451,0.415430,-0.012480,-0.518293
1.224000,1.093452,0.778453,-1.085522,0.123316,0.456207,-1.465960,1.465960,3.000000,0.472580,0.000000,0.000000,0.000123,-0.000115,0.000841,0.302618,-0.015107,0.444324,0.297762,-0.014451,0.415210,-0.012700,-0.531203
1.235000,1.106504,0.768322,-1.073255,0.136369,0.446076,-1.453692,1.453692,3.000000,0.466455,0.000000,0.000000,-0.000106,-0.000014,0.000520,0.302617,-0.015107,0.444325,0.297762,-0.014451,0.414990,-0.012920,-0.532449
1.246000,1.122538,0.802122,-1.046814,0.152402,0.479876,-1.427252,1.427252,3.000000,0.503495,0.000000,0.000000,-0.000147,0.000091,-0.000523,0.302617,-0.015106,0.444324,0.297762,-0.014451,0.414770,-0.013140,-0.527539
1.257000,1.107008,0.777198,-1.057250,0.136872,0.454952,-1.437688,1.437688,3.000000,0.475095,0.000000,0.000000,-0.000104,0.000290,-0.000479,0.302616,-0.015105,0.444322,0.297762,-0.014451,0.414550,-0.013360,-0.531833
1.268000,1.111825,0.773667,-1.057649,0.141689,0.451421,-1.438087,1.438087,3.000000,0.473135,0.000000,0.000000,0.000424,-0.000358,0.000351,0.302618,-0.015107,0.444325,0.297762,-0.014451,0.414330,-0.013580,-0.542892
1.279000,1.149287,0.802490,-1.090478,0.179151,0.480244,-1.470915,1.470915,3.000000,0.512571,0.000000,0.000000,0.000132,0.000196,0.000155,0.302617,-0.015107,0.444322,0.297762,-0.014451,0.414110,-0.013800,-0.545140
1.290000,1.133932,0.783245,-1.075841,0.163796,0.460999,-1.456279,1.456279,3.000000,0.489233,0.000000,0.000000,0.000081,0.000192,-0.000567,0.302618,-0.015106,0.444321,0.297762,-0.014451,0.413890,-0.014020,-0.542947
1.301000,1.158834,0.799050,-1.075886,0.188698,0.476804,-1.456324,1.456324,3.000000,0.512785,0.000000,0.000000,-0.000087,-0.000292,-0.000336,0.302617,-0.015107,0.444321,0.297762,-0.014451,0.413670,-0.014240,-0.548875
1.312000,1.117126,0.794532,-1.038299,0.146990,0.472285,-1.418737,1.418737,3.000000,0.494631,0.000000,0.000000,0.000341,0.000564,-0.000140,0.302618,-0.015104,0.444323,0.297762,-0.014451,0.413450,-0.014460,-0.554535
1.323000,1.045626,0.799414,-1.056222,0.075490,0.477168,-1.436660,1.436660,3.000000,0.483103,0.000000,0.000000,0.000583,-0.000387,0.000393,0.302618,-0.015107,0.444322,0.297762,-0.014451,0.413230,-0.014680,-0.562987
1.334000,1.082043,0.778704,-1.115392,0.111907,0.456458,-1.495830,1.495830,3.000000,0.469975,0.000000,0.000000,-0.000222,0.000325,0.000230,0.302617,-0.015105,0.444323,0.297762,-0.014451,0.413010,-0.014900,-0.565584
1.345000,1.076104,0.783221,-1.086521,0.105968,0.460975,-1.466959,1.466959,3.000000,0.472998,0.000000,0.000000,0.000100,0.000176,0.000205,0.302618,-0.015105,0.444324,0.297762,-0.014451,0.412790,-0.015120,-0.569368
1.356000,1.080243,0.787838,-1.058354,0.110107,0.465592,-1.438792,1.438792,3.000000,0.478434,0.000000,0.000000,-0.000178,-0.000263,-0.000098,0.302617,-0.015106,0.444324,0.297762,-0.014451,0.412570,-0.015340,-0.570750
1.367000,1.069707,0.776572,-1.052269,0.099572,0.454326,-1.432707,1.432707,3.000000,0.465109,0.000000,0.000000,-0.000135,-0.000757,-0.000287,0.302617,-0.015108,0.444323,0.297762,-0.014451,0.412350,-0.015560,-0.573088
1.378000,1.119022,0.784753,-1.086123,0.148886,0.462507,-1.466561,1.466561,3.000000,0.485881,0.000000,0.000000,-0.000299,-0.000167,-0.000395,0.302617,-0.015106,0.444324,0.297762,-0.014451,0.412130,-0.015780,-0.576156
1.389000,1.093453,0.812040,-1.017498,0.123318,0.489794,-1.397935,1.397935,3.000000,0.505080,0.000000,0.000000,-0.000090,-0.000132,-0.001262,0.302617,-0.015106,0.444323,0.297762,-0.014451,0.411910,-0.016000,-0.572728
1.400000,1.110384,0.793575,-1.053788,0.140248,0.471329,-1.434226,1.434226,3.000000,0.491752,0.000000,0.000000,-0.000279,0.000271,-0.000003,0.302617,-0.015106,0.444325,0.297762,-0.014451,0.411690,-0.016220,-0.587412
1.411000,1.165481,0.755722,-1.097453,0.195345,0.433476,-1.477891,1.477891,3.000000,0.475458,0.000000,0.000000,-0.000212,0.000557,-0.000691,0.302618,-0.015104,0.444322,0.297762,-0.014451,0.411470,-0.016440,-0.585478
1.422000,1.163257,0.775303,-1.123666,0.193121,0.453057,-1.504104,1.504104,3.000000,0.492500,0.000000,0.000000,0.000263,-0.000109,-0.000149,0.302618,-0.015106,0.444323,0.297762,-0.014451,0.411250,-0.016660,-0.594048
1.433000,1.129244,0.809696,-1.135387,0.159108,0.487450,-1.515825,1.515825,3.000000,0.512760,0.000000,0.000000,0.000378,-0.000474,0.000680,0.302618,-0.015107,0.444323,0.297762,-0.014451,0.411030,-0.016880,-0.605041
1.444000,1.104570,0.794690,-1.100918,0.134435,0.472444,-1.481356,1.481356,3.000000,0.491199,0.000000,0.000000,-0.000079,-0.000099,-0.000994,0.302617,-0.015107,0.444319,0.297762,-0.014451,0.410810,-0.017100,-0.594746
1.455000,1.085892,0.783546,-1.079997,0.115756,0.461300,-1.460435,1.460435,3.000000,0.475602,0.000000,0.000000,-0.000154,0.000021,-0.001653,0.302617,-0.015105,0.444318,0.297762,-0.014451,0.410590,-0.017320,-0.593088
1.466000,1.068755,0.786155,-1.049240,0.098619,0.463909,-1.429678,1.429678,3.000000,0.474275,0.000000,0.000000,-0.000215,-0.000064,-0.000477,0.302617,-0.015106,0.444321,0.297762,-0.014451,0.410370,-0.017540,-0.607083
1.477000,1.059139,0.799218,-1.089503,0.089004,0.476972,-1.469941,1.469941,3.000000,0.485205,0.000000,0.000000,0.000375,0.000073,0.000179,0.302618,-0.015106,0.444324,0.297762,-0.014451,0.410150,-0.017760,-0.616651
1.488000,1.101592,0.785511,-1.112035,0.131456,0.463265,-1.492473,1.492473,3.000000,0.481555,0.000000,0.000000,-0.000132,-0.000257,-0.000452,0.302617,-0.015106,0.444324,0.297762,-0.014451,0.409930,-0.017980,-0.615267
1.499000,1.104343,0.786739,-1.122189,0.134208,0.464493,-1.502627,1.502627,3.000000,0.483493,0.000000,0.000000,0.000143,0.000663,0.000020,0.302617,-0.015105,0.444323,0.297762,-0.014451,0.409710,-0.018200,-0.623214
1.510000,1.146921,0.765675,-1.107985,0.176786,0.443429,-1.488423,1.488423,3.000000,0.477370,0.000000,0.000000,-0.000014,0.000635,-0.000714,0.302617,-0.015105,0.444323,0.297762,-0.014451,0.409490,-0.018420,-0.620932
1.521000,1.148163,0.774053,-1.116419,0.178027,0.451807,-1.496857,1.496857,3.000000,0.485616,0.000000,0.000000,0.000180,0.000930,0.000040,0.302617,-0.015103,0.444325,0.297762,-0.014451,0.409270,-0.018640,-0.631324
1.532000,1.147773,0.787770,-1.133139,0.177637,0.465524,-1.513577,1.513577,3.000000,0.498265,0.000000,0.000000,-0.000145,0.000038,0.000081,0.302617,-0.015107,0.444326,0.297762,-0.014451,0.409050,-0.018860,-0.635655
1.543000,1.098209,0.791318,-1.101194,0.128073,0.469072,-1.481632,1.481632,3.000000,0.486242,0.000000,0.000000,0.000141,-0.000363,-0.000312,0.302618,-0.015106,0.444324,0.297762,-0.014451,0.408830,-0.019080,-0.636245
1.554000,1.139973,0.778983,-1.108742,0.169837,0.456737,-1.489180,1.489180,3.000000,0.487291,0.000000,0.000000,-0.000034,0.000114,-0.000536,0.302617,-0.015106,0.444323,0.297762,-0.014451,0.408610,-0.019300,-0.638289
1.565000,1.077946,0.776144,-1.101599,0.107811,0.453898,-1.482037,1.482037,3.000000,0.466526,0.000000,0.000000,0.000200,0.000220,0.000184,0.302617,-0.015105,0.444322,0.297762,-0.014451,0.408390,-0.019520,-0.648340
1.576000,1.096230,0.777171,-1.163954,0.126095,0.454925,-1.544392,1.544392,3.000000,0.472077,0.000000,0.000000,-0.000326,-0.000037,-0.000702,0.302617,-0.015106,0.444321,0.297762,-0.014451,0.408170,-0.019740,-0.644761
1.587000,1.115039,0.786002,-1.158298,0.144904,0.463756,-1.538735,1.538735,3.000000,0.485867,0.000000,0.000000,0.000155,0.000092,0.001384,0.302618,-0.015106,0.444328,0.297762,-0.014451,0.407950,-0.019960,-0.666548
1.598000,1.073186,0.770375,-1.138361,0.103050,0.448129,-1.518799,1.518799,3.000000,0.459825,0.000000,0.000000,0.000087,0.000004,-0.000030,0.302618,-0.015105,0.444322,0.297762,-0.014451,0.407730,-0.020180,-0.658419
1.609000,1.049686,0.790356,-1.116778,0.079550,0.468110,-1.497216,1.497216,3.000000,0.474821,0.000000,0.000000,-0.000011,-0.000454,0.000485,0.302617,-0.015106,0.444325,0.297762,-0.014451,0.407510,-0.020400,-0.666784
1.620000,1.106442,0.792304,-1.168173,0.136306,0.470058,-1.548611,1.548611,3.000000,0.489422,0.000000,0.000000,-0.000044,-0.000312,0.000203,0.302617,-0.015106,0.444326,0.297762,-0.014451,0.407290,-0.020620,-0.668368
1.631000,1.144040,0.801103,-1.197705,0.173904,0.478856,-1.578143,1.578143,3.000000,0.509457,0.000000,0.000000,0.000214,-0.000137,0.000980,0.302618,-0.015106,0.444328,0.297762,-0.014451,0.407070,-0.020840,-0.678965
1.642000,1.126169,0.761911,-1.147784,0.156033,0.439665,-1.528222,1.528222,3.000000,0.466532,0.000000,0.000000,-0.000119,0.000107,-0.000489,0.302617,-0.015105,0.444324,0.297762,-0.014451,0.406850,-0.021060,-0.670380
1.653000,1.103134,0.776459,-1.144958,0.132998,0.454213,-1.525396,1.525396,3.000000,0.473284,0.000000,0.000000,0.000319,0.000294,0.000377,0.302618,-0.015104,0.444324,0.297762,-0.014451,0.406630,-0.021280,-0.681697
1.664000,1.123376,0.757129,-1.149396,0.153240,0.434883,-1.529834,1.529834,3.000000,0.461092,0.000000,0.000000,0.000315,-0.000303,0.000157,0.302617,-0.015107,0.444323,0.297762,-0.014451,0.406410,-0.021500,-0.683762
1.675000,1.108727,0.733163,-1.124232,0.138591,0.410917,-1.504670,1.504670,3.000000,0.433659,0.000000,0.000000,-0.000357,-0.000086,-0.000509,0.302616,-0.015106,0.444323,0.297762,-0.014451,0.406190,-0.021720,-0.682074
1.686000,1.099886,0.763855,-1.144997,0.129750,0.441609,-1.525435,1.525435,3.000000,0.460276,0.000000,0.000000,0.000314,-0.000410,0.000049,0.302618,-0.015107,0.444322,0.297762,-0.014451,0.405970,-0.021940,-0.690751
1.697000,1.085764,0.801085,-1.109669,0.115628,0.478839,-1.490107,1.490107,3.000000,0.492602,0.000000,0.000000,0.000041,-0.000362,-0.000433,0.302617,-0.015107,0.444320,0.297762,-0.014451,0.405750,-0.022160,-0.690585
1.708000,1.092604,0.777076,-1.114079,0.122468,0.454830,-1.494517,1.494517,3.000000,0.471030,0.000000,0.000000,0.000204,0.000054,0.000312,0.302618,-0.015105,0.444323,0.297762,-0.014451,0.405530,-0.022380,-0.700920
1.719000,1.080961,0.786107,-1.138440,0.110825,0.463861,-1.518878,1.518878,3.000000,0.476917,0.000000,0.000000,-0.000048,0.000447,0.000240,0.302617,-0.015106,0.444323,0.297762,-0.014451,0.405310,-0.022600,-0.704278
1.730000,1.128591,0.790830,-1.128533,0.158455,0.468584,-1.508971,1.508971,3.000000,0.494651,0.000000,0.000000,0.000095,-0.000074,-0.000260,0.302617,-0.015107,0.444323,0.297762,-0.014451,0.405090,-0.022820,-0.703984
1.741000,1.092639,0.811428,-1.106336,0.122504,0.489182,-1.486774,1.486774,3.000000,0.504288,0.000000,0.000000,-0.000081,-0.000244,0.000550,0.302617,-0.015107,0.444324,0.297762,-0.014451,0.404870,-0.023040,-0.714848
1.752000,1.087192,0.800394,-1.126854,0.117057,0.478148,-1.507292,1.507292,3.000000,0.492268,0.000000,0.000000,0.000212,0.000314,0.000796,0.302617,-0.015106,0.444326,0.297762,-0.014451,0.404650,-0.023260,-0.720933
1.763000,1.139282,0.777441,-1.168095,0.169146,0.455195,-1.548533,1.548533,3.000000,0.485606,0.000000,0.000000,-0.000064,-0.000689,-0.000203,0.302617,-0.015108,0.444325,0.297762,-0.014451,0.404430,-0.023480,-0.716390
1.774000,1.094570,0.791096,-1.140414,0.124434,0.468850,-1.520852,1.520852,3.000000,0.485082,0.000000,0.000000,0.000002,-0.000233,0.000078,0.302617,-0.015107,0.444325,0.297762,-0.014451,0.404210,-0.023700,-0.722727
1.785000,1.083666,0.774149,-1.144549,0.113530,0.451902,-1.524987,1.524987,3.000000,0.465945,0.000000,0.000000,0.000394,0.000369,-0.000419,0.302618,-0.015106,0.444322,0.297762,-0.014451,0.403990,-0.023920,-0.722420
1.796000,1.066649,0.786413,-1.099293,0.096514,0.464167,-1.479731,1.479731,3.000000,0.474094,0.000000,0.000000,0.000210,-0.000347,0.000681,0.302617,-0.015106,0.444324,0.297762,-0.014451,0.403770,-0.024140,-0.735751
1.807000,1.059083,0.802243,-1.127279,0.088947,0.479997,-1.507717,1.507717,3.000000,0.488169,0.000000,0.000000,0.000028,0.000269,-0.000258,0.302617,-0.015105,0.444322,0.297762,-0.014451,0.403550,-0.024360,-0.731706
1.818000,1.090764,0.777398,-1.182778,0.120629,0.455152,-1.563216,1.563216,3.000000,0.470866,0.000000,0.000000,0.000296,-0.000290,-0.000561,0.302619,-0.015106,0.444322,0.297762,-0.014451,0.403330,-0.024580,-0.733100
1.829000,1.080186,0.801433,-1.133674,0.110051,0.479187,-1.514112,1.514112,3.000000,0.491662,0.000000,0.000000,-0.000235,0.000127,0.000285,0.302617,-0.015106,0.444323,0.297762,-0.014451,0.403110,-0.024800,-0.744262
1.840000,1.107891,0.802410,-1.172537,0.137756,0.480164,-1.552975,1.552975,3.000000,0.499534,0.000000,0.000000,0.000124,0.000076,-0.000075,0.302618,-0.015107,0.444323,0.297762,-0.014451,0.402890,-0.025020,-0.745168
1.851000,1.101192,0.789554,-1.171505,0.131056,0.467308,-1.551943,1.551943,3.000000,0.485338,0.000000,0.000000,-0.000035,0.000756,0.000001,0.302617,-0.015105,0.444324,0.297762,-0.014451,0.402670,-0.025240,-0.749783
1.862000,1.121935,0.781197,-1.136866,0.151799,0.458951,-1.517304,1.517304,3.000000,0.483403,0.000000,0.000000,0.000005,0.000092,0.000713,0.302617,-0.015107,0.444325,0.297762,-0.014451,0.402450,-0.025460,-0.759815
1.873000,1.126937,0.805373,-1.152456,0.156801,0.483127,-1.532893,1.532893,3.000000,0.507935,0.000000,0.000000,-0.000192,-0.000410,-0.000051,0.302616,-0.015108,0.444324,0.297762,-0.014451,0.402230,-0.025680,-0.757257
1.884000,1.116241,0.804203,-1.151932,0.146106,0.481957,-1.532370,1.532370,3.000000,0.503616,0.000000,0.000000,0.000066,-0.000192,-0.000178,0.302617,-0.015107,0.444324,0.297762,-0.014451,0.402010,-0.025900,-0.760141
1.895000,1.097909,0.814188,-1.133688,0.127774,0.491942,-1.514126,1.514126,3.000000,0.508265,0.000000,0.000000,-0.000128,0.000187,0.000044,0.302617,-0.015106,0.444325,0.297762,-0.014451,0.401790,-0.026120,-0.766001
1.906000,1.074579,0.813977,-1.136934,0.104443,0.491731,-1.517372,1.517372,3.000000,0.502700,0.000000,0.000000,-0.000091,-0.000106,-0.000153,0.302617,-0.015106,0.444324,0.297762,-0.014451,0.401570,-0.026340,-0.768275
1.917000,1.148816,0.811122,-1.150014,0.178680,0.488876,-1.530452,1.530452,3.000000,0.520505,0.000000,0.000000,0.000304,0.000026,0.000875,0.302617,-0.015106,0.444324,0.297762,-0.014451,0.401350,-0.026560,-0.780965
1.928000,1.095260,0.781086,-1.167271,0.125125,0.458840,-1.547708,1.547708,3.000000,0.475594,0.000000,0.000000,-0.000232,-0.000415,-0.000186,0.302617,-0.015106,0.444322,0.297762,-0.014451,0.401130,-0.026780,-0.775888
1.939000,1.103326,0.777315,-1.170603,0.133190,0.455069,-1.551041,1.551041,3.000000,0.474160,0.000000,0.000000,0.000110,-0.000046,0.000010,0.302618,-0.015106,0.444323,0.297762,-0.014451,0.400910,-0.027000,-0.781516
1.950000,1.090968,0.764256,-1.146472,0.120832,0.442010,-1.526909,1.526909,3.000000,0.458228,0.000000,0.000000,-0.000088,0.000131,0.001036,0.302618,-0.015104,0.444327,0.297762,-0.014451,0.400690,-0.027220,-0.794264
1.961000,1.066524,0.773914,-1.147151,0.096388,0.451668,-1.527589,1.527589,3.000000,0.461838,0.000000,0.000000,0.000179,-0.000819,-0.000034,0.302618,-0.015107,0.444324,0.297762,-0.014451,0.400470,-0.027440,-0.789084
1.972000,1.064863,0.784994,-1.158015,0.094728,0.462748,-1.538453,1.538453,3.000000,0.472344,0.000000,0.000000,0.000066,-0.000044,-0.001149,0.302618,-0.015105,0.444321,0.297762,-0.014451,0.400250,-0.027660,-0.783531
1.983000,1.104208,0.765694,-1.162544,0.134072,0.443448,-1.542982,1.542982,3.000000,0.463272,0.000000,0.000000,-0.000131,-0.000762,-0.000478,0.302618,-0.015107,0.444324,0.297762,-0.014451,0.400030,-0.027880,-0.793242
1.994000,1.093108,0.759205,-1.165616,0.122972,0.436959,-1.546054,1.546054,3.000000,0.453933,0.000000,0.000000,0.000116,-0.000559,0.000518,0.302618,-0.015106,0.444325,0.297762,-0.014451,0.399810,-0.028100,-0.805673
2.005000,1.179279,0.762165,-1.228817,0.209143,0.439919,-1.609254,1.609254,3.000000,0.487103,0.000000,0.000000,-0.000121,0.000320,0.000236,0.302618,-0.015104,0.444326,0.297762,-0.014451,0.399590,-0.028320,-0.807263
2.016000,1.103746,0.771537,-1.205115,0.133611,0.449291,-1.585553,1.585553,3.000000,0.468736,0.000000,0.000000,0.000267,-0.000515,0.000608,0.302619,-0.015106,0.444329,0.297762,-0.014451,0.399370,-0.028540,-0.814426
2.027000,1.071721,0.746464,-1.205569,0.101586,0.424218,-1.586007,1.586007,3.000000,0.436212,0.000000,0.000000,-0.000112,-0.000055,-0.000580,0.302618,-0.015105,0.444325,0.297762,-0.014451,0.399150,-0.028760,-0.808231
2.038000,1.072258,0.753255,-1.212826,0.102123,0.431009,-1.593264,1.593264,3.000000,0.442942,0.000000,0.000000,0.000510,0.000105,-0.000285,0.302619,-0.015105,0.444325,0.297762,-0.014451,0.398930,-0.028980,-0.814687
2.049000,1.119559,0.767347,-1.261342,0.149423,0.445101,-1.641780,1.641780,3.000000,0.469512,0.000000,0.000000,-0.000173,0.000371,0.000270,0.302618,-0.015104,0.444327,0.297762,-0.014451,0.398710,-0.029200,-0.823411
2.060000,1.100285,0.748724,-1.288289,0.130149,0.426478,-1.668727,1.668727,3.000000,0.445895,0.000000,0.000000,-0.000117,0.000197,-0.000049,0.302619,-0.015105,0.444327,0.297762,-0.014451,0.398490,-0.029420,-0.824657
2.071000,1.039848,0.767762,-1.280561,0.069713,0.445516,-1.660998,1.660998,3.000000,0.450937,0.000000,0.000000,0.000028,0.000038,0.000217,0.302619,-0.015105,0.444327,0.297762,-0.014451,0.398270,-0.029640,-0.830872
2.082000,1.085246,0.753288,-1.296772,0.115110,0.431042,-1.677210,1.677210,3.000000,0.446147,0.000000,0.000000,-0.000076,0.000249,-0.000138,0.302618,-0.015105,0.444327,0.297762,-0.014451,0.398050,-0.029860,-0.831817
2.093000,1.062533,0.751242,-1.312111,0.092397,0.428996,-1.692549,1.692549,3.000000,0.438834,0.000000,0.000000,-0.000338,-0.000227,-0.000535,0.302618,-0.015106,0.444325,0.297762,-0.014451,0.397830,-0.030080,-0.832377
2.104000,1.062159,0.746432,-1.352556,0.092024,0.424186,-1.732994,1.732994,3.000000,0.434053,0.000000,0.000000,-0.000008,0.000527,0.000678,0.302618,-0.015105,0.444330,0.297762,-0.014451,0.397610,-0.030300,-0.846727
2.115000,1.031897,0.752624,-1.346061,0.061761,0.430378,-1.726499,1.726499,3.000000,0.434786,0.000000,0.000000,-0.000252,0.000226,-0.000228,0.302618,-0.015104,0.444328,0.297762,-0.014451,0.397390,-0.030520,-0.842950
2.126000,0.953153,0.768777,-1.312289,-0.016982,0.446531,-1.692727,1.692727,3.000000,0.446854,0.000000,0.000000,0.000302,0.000276,-0.000752,0.302619,-0.015106,0.444326,0.297762,-0.014451,0.397170,-0.030740,-0.842431
2.137000,0.993765,0.754036,-1.348746,0.023630,0.431790,-1.729184,1.729184,3.000000,0.432436,0.000000,0.000000,-0.000006,0.000600,0.000458,0.302618,-0.015105,0.444329,0.297762,-0.014451,0.396950,-0.030960,-0.856711
2.148000,1.048227,0.752731,-1.379169,0.078092,0.430485,-1.759606,1.759606,3.000000,0.437511,0.000000,0.000000,0.000161,-0.000247,0.000685,0.302620,-0.015107,0.444330,0.297762,-0.014451,0.396730,-0.031180,-0.862620
2.159000,1.026425,0.776711,-1.427120,0.056289,0.454465,-1.807558,1.807558,3.000000,0.457938,0.000000,0.000000,-0.000213,0.000001,-0.000272,0.302619,-0.015106,0.444331,0.297762,-0.014451,0.396510,-0.031400,-0.858479
2.170000,1.041255,0.803626,-1.398696,0.071119,0.481380,-1.779134,1.779134,3.000000,0.486605,0.000000,0.000000,-0.000205,-0.000371,0.000170,0.302618,-0.015107,0.444326,0.297762,-0.014451,0.396290,-0.031620,-0.866096
2.181000,1.004362,0.814965,-1.393566,0.034227,0.492719,-1.774004,1.774004,3.000000,0.493907,0.000000,0.000000,-0.000236,0.000067,0.000180,0.302618,-0.015106,0.444328,0.297762,-0.014451,0.396070,-0.031840,-0.870175
2.192000,0.990312,0.835783,-1.401229,0.020176,0.513536,-1.781667,1.781667,3.000000,0.513933,0.000000,0.000000,-0.000343,-0.000281,0.000302,0.302619,-0.015107,0.444330,0.297762,-0.014451,0.395850,-0.032060,-0.875201
2.203000,0.953272,0.833835,-1.443437,-0.016863,0.511589,-1.823875,1.823875,3.000000,0.511867,0.000000,0.000000,-0.000183,0.000431,-0.000084,0.302619,-0.015106,0.444327,0.297762,-0.014451,0.395630,-0.032280,-0.875849
2.214000,0.928647,0.839858,-1.443393,-0.041489,0.517612,-1.823831,1.823831,3.000000,0.519272,0.000000,0.000000,-0.000009,-0.000333,0.000119,0.302619,-0.015106,0.444328,0.297762,-0.014451,0.395410,-0.032500,-0.881544
2.225000,0.920188,0.820581,-1.442195,-0.049948,0.498335,-1.822633,1.822633,3.000000,0.500832,0.000000,0.000000,0.000002,-0.000087,0.000856,0.302618,-0.015105,0.444329,0.297762,-0.014451,0.395190,-0.032720,-0.891769
2.236000,0.977199,0.851313,-1.436455,0.007064,0.529067,-1.816893,1.816893,3.000000,0.529114,0.000000,0.000000,0.000104,0.000473,-0.000357,0.302619,-0.015104,0.444328,0.297762,-0.014451,0.394970,-0.032940,-0.885411
2.247000,0.985597,0.777104,-1.411169,0.015461,0.454858,-1.791607,1.791607,3.000000,0.455121,0.000000,0.000000,0.000013,0.000219,0.000130,0.302619,-0.015105,0.444332,0.297762,-0.014451,0.394750,-0.033160,-0.893575
2.258000,0.946534,0.792338,-1.425953,-0.023602,0.470092,-1.806391,1.806391,3.000000,0.470684,0.000000,0.000000,-0.000363,-0.000811,-0.000639,0.302618,-0.015108,0.444329,0.297762,-0.014451,0.394530,-0.033380,-0.890966
2.269000,0.994265,0.772198,-1.446030,0.024129,0.449952,-1.826468,1.826468,3.000000,0.450599,0.000000,0.000000,-0.000250,0.000722,0.000160,0.302618,-0.015104,0.444328,0.297762,-0.014451,0.394310,-0.033600,-0.901689
2.280000,1.041931,0.754784,-1.459291,0.071795,0.432538,-1.839728,1.839728,3.000000,0.438456,0.000000,0.000000,-0.000254,0.000455,-0.000208,0.302619,-0.015105,0.444329,0.297762,-0.014451,0.394090,-0.033820,-0.902536
2.291000,1.046324,0.776931,-1.482854,0.076188,0.454685,-1.863292,1.863292,3.000000,0.461024,0.000000,0.000000,-0.000125,-0.000128,-0.000114,0.302619,-0.015107,0.444331,0.297762,-0.014451,0.393870,-0.034040,-0.907329
2.302000,0.918354,0.780417,-1.436934,-0.051781,0.458171,-1.817371,1.817371,3.000000,0.461088,0.000000,0.000000,-0.000075,-0.000082,0.000131,0.302618,-0.015106,0.444329,0.297762,-0.014451,0.393650,-0.034260,-0.913340
2.313000,0.948264,0.795511,-1.459884,-0.021872,0.473265,-1.840322,1.840322,3.000000,0.473770,0.000000,0.000000,0.000283,0.000521,-0.001105,0.302618,-0.015105,0.444327,0.297762,-0.014451,0.393430,-0.034480,-0.906770
2.324000,1.012990,0.784738,-1.446372,0.042855,0.462492,-1.826810,1.826810,3.000000,0.464473,0.000000,0.000000,-0.000428,0.000216,-0.000590,0.302618,-0.015106,0.444328,0.297762,-0.014451,0.393210,-0.034700,-0.915133
2.335000,1.010318,0.783642,-1.476427,0.040183,0.461396,-1.856865,1.856865,3.000000,0.463142,0.000000,0.000000,0.000436,0.000045,0.000788,0.302619,-0.015106,0.444330,0.297762,-0.014451,0.392990,-0.034920,-0.930818
2.346000,1.000478,0.771242,-1.477891,0.030342,0.448996,-1.858329,1.858329,3.000000,0.450020,0.000000,0.000000,-0.000091,0.000756,-0.000508,0.302618,-0.015105,0.444327,0.297762,-0.014451,0.392770,-0.035140,-0.923730
2.357000,1.008418,0.778837,-1.442608,0.038282,0.456591,-1.823046,1.823046,3.000000,0.458193,0.000000,0.000000,-0.000052,0.000220,0.000292,0.302619,-0.015106,0.444328,0.297762,-0.014451,0.392550,-0.035360,-0.934497
2.368000,0.967699,0.806868,-1.458841,-0.002437,0.484621,-1.839279,1.839279,3.000000,0.484628,0.000000,0.000000,0.000425,0.000426,0.000533,0.302619,-0.015105,0.444330,0.297762,-0.014451,0.392330,-0.035580,-0.940530
2.379000,0.992194,0.806490,-1.466563,0.022058,0.484244,-1.847001,1.847001,3.000000,0.484746,0.000000,0.000000,-0.000053,-0.000004,0.000429,0.302619,-0.015107,0.444331,0.297762,-0.014451,0.392110,-0.035800,-0.943625
2.390000,1.000460,0.823937,-1.460644,0.030324,0.501691,-1.841082,1.841082,3.000000,0.502606,0.000000,0.000000,-0.000079,0.000609,-0.000082,0.302618,-0.015104,0.444329,0.297762,-0.014451,0.391890,-0.036020,-0.943201
2.401000,1.020904,0.818704,-1.491159,0.050768,0.496458,-1.871596,1.871596,3.000000,0.499047,0.000000,0.000000,0.000221,-0.000030,0.000771,0.302619,-0.015107,0.444331,0.297762,-0.014451,0.391670,-0.036240,-0.954440
2.412000,1.002028,0.812367,-1.492931,0.031892,0.490121,-1.873369,1.873369,3.000000,0.491157,0.000000,0.000000,-0.000287,-0.000151,0.000235,0.302618,-0.015107,0.444328,0.297762,-0.014451,0.391450,-0.036460,-0.953807
2.423000,1.017625,0.799934,-1.471924,0.047489,0.477688,-1.852362,1.852362,3.000000,0.480043,0.000000,0.000000,0.000266,0.000294,0.000554,0.302620,-0.015106,0.444330,0.297762,-0.014451,0.391230,-0.036680,-0.960503
2.434000,1.022792,0.815364,-1.475904,0.052656,0.493118,-1.856342,1.856342,3.000000,0.495922,0.000000,0.000000,0.000099,0.000424,-0.000532,0.302619,-0.015105,0.444329,0.297762,-0.014451,0.391010,-0.036900,-0.955231
2.445000,0.949452,0.834153,-1.475697,-0.020683,0.511907,-1.856135,1.856135,3.000000,0.512325,0.000000,0.000000,0.000253,0.000071,0.000443,0.302619,-0.015105,0.444326,0.297762,-0.014451,0.390790,-0.037120,-0.967417
2.456000,0.987605,0.820812,-1.484699,0.017469,0.498566,-1.865137,1.865137,3.000000,0.498872,0.000000,0.000000,0.000123,0.000520,-0.000117,0.302619,-0.015105,0.444328,0.297762,-0.014451,0.390570,-0.037340,-0.966664
2.467000,0.973631,0.807393,-1.439999,0.003496,0.485146,-1.820437,1.820437,3.000000,0.485159,0.000000,0.000000,-0.000178,-0.000014,-0.000359,0.302619,-0.015106,0.444329,0.297762,-0.014451,0.390350,-0.037560,-0.968588
2.478000,0.929452,0.782891,-1.428169,-0.040684,0.460645,-1.808607,1.808607,3.000000,0.462438,0.000000,0.000000,0.000207,0.000640,-0.000077,0.302620,-0.015104,0.444332,0.297762,-0.014451,0.390130,-0.037780,-0.974980
2.489000,0.937510,0.809740,-1.457315,-0.032626,0.487494,-1.837753,1.837753,3.000000,0.488585,0.000000,0.000000,-0.000010,0.000334,-0.000178,0.302619,-0.015105,0.444330,0.297762,-0.014451,0.389910,-0.038000,-0.978051
2.500000,1.057549,0.793849,-1.525925,0.087413,0.471603,-1.906363,1.906363,3.000000,0.479636,0.000000,0.000000,0.000591,0.000029,0.001082,0.302620,-0.015106,0.444330,0.297762,-0.014451,0.389690,-0.038220,-0.992712
2.511000,1.003172,0.785817,-1.514419,0.033036,0.463571,-1.894857,1.894857,3.000000,0.464747,0.000000,0.000000,0.000269,0.000026,0.000448,0.302619,-0.015106,0.444332,0.297762,-0.014451,0.389470,-0.038440,-0.991322
2.522000,0.973206,0.819475,-1.506586,0.003071,0.497229,-1.887024,1.887024,3.000000,0.497239,0.000000,0.000000,0.000072,0.000117,-0.000105,0.302619,-0.015105,0.444330,0.297762,-0.014451,0.389250,-0.038660,-0.990552
2.533000,1.039711,0.809828,-1.559464,0.069575,0.487582,-1.939902,1.939902,3.000000,0.492521,0.000000,0.000000,-0.000044,0.000173,-0.000272,0.302618,-0.015106,0.444329,0.297762,-0.014451,0.389030,-0.038880,-0.993086
2.544000,0.985299,0.801502,-1.498921,0.015163,0.479256,-1.879359,1.879359,3.000000,0.479496,0.000000,0.000000,-0.000266,0.000431,-0.000024,0.302618,-0.015106,0.444327,0.297762,-0.014451,0.388810,-0.039100,-0.999112
2.555000,1.034274,0.773008,-1.502024,0.064138,0.450762,-1.882461,1.882461,3.000000,0.455302,0.000000,0.000000,-0.000172,-0.000502,0.000126,0.302619,-0.015107,0.444331,0.297762,-0.014451,0.388590,-0.039320,-1.004410
2.566000,1.023870,0.790057,-1.499981,0.053735,0.467810,-1.880419,1.880419,3.000000,0.470886,0.000000,0.000000,-0.000055,-0.000032,-0.000252,0.302619,-0.015105,0.444328,0.297762,-0.014451,0.388370,-0.039540,-1.005110
2.577000,1.011905,0.772880,-1.481235,0.041769,0.450634,-1.861673,1.861673,3.000000,0.452566,0.000000,0.000000,0.000106,-0.000187,0.000490,0.302619,-0.015107,0.444330,0.297762,-0.014451,0.388150,-0.039760,-1.015399
2.588000,0.952477,0.794869,-1.501828,-0.017659,0.472623,-1.882266,1.882266,3.000000,0.472953,0.000000,0.000000,0.000194,-0.000509,0.000180,0.302619,-0.015107,0.444329,0.297762,-0.014451,0.387930,-0.039980,-1.016717
2.599000,0.958436,0.758965,-1.537464,-0.011699,0.436719,-1.917902,1.917902,3.000000,0.436876,0.000000,0.000000,0.000037,0.000228,0.000585,0.302619,-0.015106,0.444330,0.297762,-0.014451,0.387710,-0.040200,-1.024125
2.610000,0.956420,0.772578,-1.481811,-0.013716,0.450332,-1.862249,1.862249,3.000000,0.450541,0.000000,0.000000,-0.000400,-0.000462,-0.000921,0.302618,-0.015107,0.444328,0.297762,-0.014451,0.387490,-0.040420,-1.015286
2.621000,0.965129,0.791467,-1.474501,-0.005007,0.469221,-1.854939,1.854939,3.000000,0.469247,0.000000,0.000000,-0.000133,-0.000059,-0.000934,0.302618,-0.015105,0.444326,0.297762,-0.014451,0.387270,-0.040640,-1.019092
2.632000,0.981255,0.776314,-1.487856,0.011119,0.454067,-1.868294,1.868294,3.000000,0.454204,0.000000,0.000000,-0.000094,0.000026,-0.000244,0.302618,-0.015107,0.444328,0.297762,-0.014451,0.387050,-0.040860,-1.028937
2.643000,1.005583,0.764854,-1.494816,0.035447,0.442608,-1.875254,1.875254,3.000000,0.444025,0.000000,0.000000,-0.000422,0.000007,0.000096,0.302618,-0.015106,0.444329,0.297762,-0.014451,0.386830,-0.041080,-1.035803
2.654000,1.001062,0.795797,-1.481927,0.030926,0.473551,-1.862365,1.862365,3.000000,0.474559,0.000000,0.000000,-0.000157,-0.000105,-0.000008,0.302619,-0.015107,0.444330,0.297762,-0.014451,0.386610,-0.041300,-1.038891
2.665000,1.022124,0.792913,-1.515299,0.051989,0.470667,-1.895737,1.895737,3.000000,0.473530,0.000000,0.000000,0.000060,0.000466,-0.000382,0.302619,-0.015105,0.444328,0.297762,-0.014451,0.386390,-0.041520,-1.039639
2.676000,1.007306,0.802014,-1.514574,0.037170,0.479768,-1.895012,1.895012,3.000000,0.481206,0.000000,0.000000,-0.000023,0.000251,0.000900,0.302619,-0.015105,0.444330,0.297762,-0.014451,0.386170,-0.041740,-1.054526
2.687000,1.001605,0.779501,-1.529141,0.031469,0.457254,-1.909579,1.909579,3.000000,0.458336,0.000000,0.000000,0.000016,-0.000286,0.000422,0.302619,-0.015106,0.444331,0.297762,-0.014451,0.385950,-0.041960,-1.054450
2.698000,0.958514,0.800773,-1.506542,-0.011622,0.478526,-1.886980,1.886980,3.000000,0.478667,0.000000,0.000000,0.000223,-0.000518,-0.000371,0.302619,-0.015105,0.444328,0.297762,-0.014451,0.385730,-0.042180,-1.051616
2.709000,0.959601,0.792949,-1.516987,-0.010535,0.470703,-1.897425,1.897425,3.000000,0.470821,0.000000,0.000000,-0.000048,-0.000179,0.000422,0.302619,-0.015107,0.444330,0.297762,-0.014451,0.385510,-0.042400,-1.062343
2.720000,0.975471,0.764406,-1.537229,0.005335,0.442160,-1.917667,1.917667,3.000000,0.442192,0.000000,0.000000,-0.000363,-0.000685,-0.000858,0.302618,-0.015106,0.444329,0.297762,-0.014451,0.385290,-0.042620,-1.055423
2.731000,1.009168,0.759983,-1.519507,0.039033,0.437737,-1.899945,1.899945,3.000000,0.439474,0.000000,0.000000,-0.000271,-0.000161,-0.000645,0.302619,-0.015105,0.444331,0.297762,-0.014451,0.385070,-0.042840,-1.061229
2.742000,0.996684,0.773947,-1.537901,0.026548,0.451701,-1.918339,1.918339,3.000000,0.452480,0.000000,0.000000,-0.000189,0.000805,0.000886,0.302619,-0.015103,0.444330,0.297762,-0.014451,0.384850,-0.043060,-1.078166
2.753000,1.049310,0.762570,-1.552989,0.079175,0.440324,-1.933427,1.933427,3.000000,0.447386,0.000000,0.000000,0.000172,0.000338,0.000215,0.302619,-0.015105,0.444330,0.297762,-0.014451,0.384630,-0.043280,-1.076437
2.764000,1.009189,0.777296,-1.545749,0.039054,0.455049,-1.926187,1.926187,3.000000,0.456722,0.000000,0.000000,0.000528,-0.000128,0.000065,0.302620,-0.015105,0.444329,0.297762,-0.014451,0.384410,-0.043500,-1.079101
2.775000,0.991912,0.791547,-1.555750,0.021776,0.469300,-1.936188,1.936188,3.000000,0.469805,0.000000,0.000000,0.000083,0.000042,-0.000248,0.302619,-0.015105,0.444329,0.297762,-0.014451,0.384190,-0.043720,-1.080415
2.786000,0.987851,0.769275,-1.558640,0.017716,0.447029,-1.939078,1.939078,3.000000,0.447380,0.000000,0.000000,0.000069,0.000209,0.000482,0.302619,-0.015105,0.444331,0.297762,-0.014451,0.383970,-0.043940,-1.090596
2.797000,0.984933,0.751450,-1.544351,0.014797,0.429204,-1.924788,1.924788,3.000000,0.429459,0.000000,0.000000,-0.000051,0.000668,-0.000384,0.302619,-0.015104,0.444327,0.297762,-0.014451,0.383750,-0.044160,-1.087138
2.808000,1.026967,0.742044,-1.548764,0.056831,0.419798,-1.929202,1.929202,3.000000,0.423627,0.000000,0.000000,-0.000019,-0.000265,0.000174,0.302619,-0.015107,0.444331,0.297762,-0.014451,0.383530,-0.044380,-1.095907
2.819000,0.993244,0.763654,-1.540516,0.023108,0.441408,-1.920954,1.920954,3.000000,0.442013,0.000000,0.000000,-0.000206,0.000035,-0.000270,0.302619,-0.015105,0.444330,0.297762,-0.014451,0.383310,-0.044600,-1.096069
2.830000,0.967986,0.768028,-1.517157,-0.002149,0.445782,-1.897595,1.897595,3.000000,0.445787,0.000000,0.000000,-0.000292,0.000478,-0.000694,0.302619,-0.015105,0.444327,0.297762,-0.014451,0.383090,-0.044820,-1.096388
2.841000,0.989242,0.770821,-1.516250,0.019106,0.448575,-1.896688,1.896688,3.000000,0.448982,0.000000,0.000000,0.000012,-0.000307,-0.000334,0.302619,-0.015106,0.444328,0.297762,-0.014451,0.382870,-0.045040,-1.103410
2.852000,0.999169,0.756862,-1.546951,0.029033,0.434616,-1.927389,1.927389,3.000000,0.435585,0.000000,0.000000,0.000280,0.000200,0.000036,0.302619,-0.015106,0.444329,0.297762,-0.014451,0.382650,-0.045260,-1.110538
2.863000,0.969444,0.759999,-1.535998,-0.000692,0.437753,-1.916436,1.916436,3.000000,0.437754,0.000000,0.000000,-0.000119,-0.000556,-0.000007,0.302619,-0.015107,0.444331,0.297762,-0.014451,0.382430,-0.045480,-1.114154
2.874000,0.965822,0.790547,-1.543908,-0.004314,0.468301,-1.924346,1.924346,3.000000,0.468321,0.000000,0.000000,0.000012,0.000652,-0.000651,0.302619,-0.015104,0.444330,0.297762,-0.014451,0.382210,-0.045700,-1.112638
2.885000,1.009577,0.771803,-1.559332,0.039441,0.449557,-1.939770,1.939770,3.000000,0.451284,0.000000,0.000000,0.000012,0.000095,-0.000049,0.302618,-0.015106,0.444328,0.297762,-0.014451,0.381990,-0.045920,-1.121671
2.896000,1.009539,0.795580,-1.539327,0.039403,0.473334,-1.919764,1.919764,3.000000,0.474971,0.000000,0.000000,0.000033,-0.000420,-0.000866,0.302620,-0.015107,0.444328,0.297762,-0.014451,0.381770,-0.046140,-1.118697
2.907000,1.043903,0.786560,-1.552600,0.073768,0.464314,-1.933038,1.933038,3.000000,0.470137,0.000000,0.000000,-0.000650,0.000363,-0.000719,0.302619,-0.015105,0.444330,0.297762,-0.014451,0.381550,-0.046360,-1.123940
2.918000,1.023749,0.783461,-1.569299,0.053613,0.461215,-1.949737,1.949737,3.000000,0.464321,0.000000,0.000000,-0.000073,0.001021,-0.000426,0.302619,-0.015104,0.444329,0.297762,-0.014451,0.381330,-0.046580,-1.130377
2.929000,0.975449,0.787162,-1.557336,0.005313,0.464916,-1.937773,1.937773,3.000000,0.464946,0.000000,0.000000,-0.000143,-0.000043,-0.000288,0.302619,-0.015105,0.444328,0.297762,-0.014451,0.381110,-0.046800,-1.135475
2.940000,0.976399,0.783140,-1.552582,0.006263,0.460894,-1.933020,1.933020,3.000000,0.460937,0.000000,0.000000,-0.000104,0.000513,-0.000183,0.302618,-0.015105,0.444328,0.297762,-0.014451,0.380890,-0.047020,-1.140336
2.951000,0.985562,0.811790,-1.575965,0.015426,0.489544,-1.956403,1.956403,3.000000,0.489787,0.000000,0.000000,0.000350,0.000205,0.000473,0.302620,-0.015106,0.444331,0.297762,-0.014451,0.380670,-0.047240,-1.149922
2.962000,1.002265,0.793740,-1.584463,0.032130,0.471494,-1.964901,1.964901,3.000000,0.472588,0.000000,0.000000,0.000081,-0.000403,0.000058,0.302619,-0.015107,0.444332,0.297762,-0.014451,0.380450,-0.047460,-1.150368
2.973000,0.951701,0.811212,-1.588902,-0.018435,0.488966,-1.969340,1.969340,3.000000,0.489313,0.000000,0.000000,-0.000137,-0.000300,-0.000360,0.302618,-0.015107,0.444329,0.297762,-0.014451,0.380230,-0.047680,-1.150742
2.984000,0.965203,0.813186,-1.575829,-0.004933,0.490940,-1.956267,1.956267,3.000000,0.490965,0.000000,0.000000,-0.000312,0.000028,0.000106,0.302618,-0.015106,0.444329,0.297762,-0.014451,0.380010,-0.047900,-1.158652
2.995000,0.996254,0.775158,-1.585209,0.026119,0.452912,-1.965647,1.965647,3.000000,0.453665,0.000000,0.000000,0.000390,0.000340,0.000159,0.302620,-0.015106,0.444331,0.297762,-0.014451,0.379790,-0.048120,-1.163098
3.006000,0.980910,0.790057,-1.555345,0.010774,0.467811,-1.935783,1.935783,3.000000,0.467935,0.000000,0.000000,-0.000312,-0.000060,0.000258,0.302619,-0.015107,0.444331,0.297762,-0.014451,0.379570,-0.048340,-1.167896
3.017000,1.034838,0.791286,-1.579314,0.064702,0.469040,-1.959752,1.959752,3.000000,0.473482,0.000000,0.000000,-0.000189,-0.000075,-0.000805,0.302619,-0.015106,0.444329,0.297762,-0.014451,0.379350,-0.048560,-1.162800
3.028000,0.971826,0.787338,-1.524580,0.001690,0.465092,-1.905018,1.905018,3.000000,0.465095,0.000000,0.000000,0.000061,-0.000184,-0.000280,0.302619,-0.015106,0.444328,0.297762,-0.014451,0.379130,-0.048780,-1.171183
3.039000,1.005338,0.786922,-1.566697,0.035202,0.464676,-1.947134,1.947134,3.000000,0.466007,0.000000,0.000000,0.000028,0.000182,0.000541,0.302620,-0.015105,0.444331,0.297762,-0.014451,0.378910,-0.049000,-1.182169
3.050000,1.017533,0.799528,-1.567169,0.047397,0.477282,-1.947607,1.947607,3.000000,0.479629,0.000000,0.000000,0.000430,0.000035,-0.000116,0.302620,-0.015106,0.444332,0.297762,-0.014451,0.378690,-0.049220,-1.180581
3.061000,0.984383,0.783664,-1.574237,0.014248,0.461418,-1.954675,1.954675,3.000000,0.461637,0.000000,0.000000,0.000269,-0.000192,-0.000379,0.302620,-0.015107,0.444330,0.297762,-0.014451,0.378470,-0.049440,-1.182261
3.072000,0.962322,0.775685,-1.532771,-0.007814,0.453439,-1.913209,1.913209,3.000000,0.453506,0.000000,0.000000,-0.000175,0.000437,-0.000576,0.302619,-0.015104,0.444327,0.297762,-0.014451,0.378250,-0.049660,-1.184493
3.083000,0.999143,0.770791,-1.545618,0.029007,0.448545,-1.926055,1.926055,3.000000,0.449482,0.000000,0.000000,-0.000233,-0.000300,0.000078,0.302618,-0.015107,0.444329,0.297762,-0.014451,0.378030,-0.049880,-1.194049
3.094000,1.033619,0.756286,-1.602033,0.063484,0.434040,-1.982471,1.982471,3.000000,0.438658,0.000000,0.000000,-0.000318,0.000184,-0.000071,0.302619,-0.015105,0.444332,0.297762,-0.014451,0.377810,-0.050100,-1.196806
3.105000,1.003941,0.768143,-1.572448,0.033806,0.445897,-1.952886,1.952886,3.000000,0.447176,0.000000,0.000000,0.000021,-0.000201,0.000405,0.302619,-0.015107,0.444332,0.297762,-0.014451,0.377590,-0.050320,-1.204799
3.116000,1.026609,0.772822,-1.587697,0.056473,0.450576,-1.968135,1.968135,3.000000,0.454101,0.000000,0.000000,0.000070,0.000497,0.000194,0.302619,-0.015105,0.444329,0.297762,-0.014451,0.377370,-0.050540,-1.206915
3.127000,1.001398,0.771937,-1.578645,0.031262,0.449691,-1.959083,1.959083,3.000000,0.450777,0.000000,0.000000,-0.000324,0.000154,-0.000918,0.302619,-0.015106,0.444328,0.297762,-0.014451,0.377150,-0.050760,-1.201428
3.138000,1.002138,0.777410,-1.586749,0.032003,0.455164,-1.967186,1.967186,3.000000,0.456287,0.000000,0.000000,-0.000287,-0.000108,-0.000659,0.302619,-0.015106,0.444330,0.297762,-0.014451,0.376930,-0.050980,-1.207620
3.149000,1.010415,0.794494,-1.578955,0.040280,0.472248,-1.959393,1.959393,3.000000,0.473962,0.000000,0.000000,-0.000020,-0.000305,-0.000380,0.302619,-0.015107,0.444329,0.297762,-0.014451,0.376710,-0.051200,-1.213925
3.160000,0.979632,0.766858,-1.573680,0.009496,0.444611,-1.954118,1.954118,3.000000,0.444713,0.000000,0.000000,-0.000083,0.000226,-0.000232,0.302619,-0.015105,0.444329,0.297762,-0.014451,0.376490,-0.051420,-1.219136
3.171000,1.005168,0.812094,-1.611255,0.035032,0.489848,-1.991693,1.991693,3.000000,0.491099,0.000000,0.000000,-0.000361,0.000017,0.000148,0.302619,-0.015105,0.444331,0.297762,-0.014451,0.376270,-0.051640,-1.226368
3.182000,1.015434,0.759326,-1.610480,0.045299,0.437080,-1.990918,1.990918,3.000000,0.439421,0.000000,0.000000,-0.000058,-0.000070,-0.000447,0.302619,-0.015106,0.444330,0.297762,-0.014451,0.376050,-0.051860,-1.225247
3.193000,0.952708,0.786377,-1.582113,-0.017427,0.464131,-1.962550,1.962550,3.000000,0.464458,0.000000,0.000000,0.000404,0.000831,0.000561,0.302620,-0.015104,0.444332,0.297762,-0.014451,0.375830,-0.052080,-1.237809
3.204000,0.979674,0.753252,-1.622131,0.009538,0.431006,-2.002569,2.002569,3.000000,0.431112,0.000000,0.000000,0.000168,0.000239,-0.000054,0.302619,-0.015106,0.444331,0.297762,-0.014451,0.375630,-0.052280,-1.236157
3.215000,1.009218,0.745499,-1.605251,0.039083,0.423253,-1.985689,1.985689,3.000000,0.425054,0.000000,0.000000,0.000244,0.000101,-0.000476,0.302620,-0.015106,0.444330,0.297762,-0.014451,0.375450,-0.052460,-1.235810
3.226000,1.000572,0.765856,-1.580922,0.030436,0.443609,-1.961360,1.961360,3.000000,0.444652,0.000000,0.000000,0.000272,0.000384,0.000763,0.302619,-0.015105,0.444332,0.297762,-0.014451,0.375230,-0.052680,-1.250320
3.237000,1.036432,0.771803,-1.617110,0.066296,0.449557,-1.997548,1.997548,3.000000,0.454419,0.000000,0.000000,0.000368,-0.000021,0.000652,0.302620,-0.015106,0.444331,0.297762,-0.014451,0.375010,-0.052900,-1.253314
3.248000,1.065262,0.778615,-1.629963,0.095126,0.456368,-2.010401,2.010401,3.000000,0.466177,0.000000,0.000000,-0.000197,-0.000029,-0.000267,0.302619,-0.015106,0.444331,0.297762,-0.014451,0.375010,-0.052900,-1.245521
3.259000,1.022245,0.741461,-1.613598,0.052109,0.419215,-1.994036,1.994036,3.000000,0.422441,0.000000,0.000000,-0.000081,0.000474,0.000065,0.302620,-0.015105,0.444334,0.297762,-0.014451,0.374850,-0.053060,-1.251273
3.270000,0.985318,0.758576,-1.588954,0.015183,0.436330,-1.969392,1.969392,3.000000,0.436594,0.000000,0.000000,-0.000318,0.000144,-0.001487,0.302618,-0.015105,0.444327,0.297762,-0.014451,0.374630,-0.053280,-1.241932
3.281000,0.978957,0.773210,-1.584382,0.008821,0.450964,-1.964820,1.964820,3.000000,0.451051,0.000000,0.000000,0.000032,-0.000337,0.000076,0.302619,-0.015106,0.444327,0.297762,-0.014451,0.374410,-0.053500,-1.259154
3.292000,1.053543,0.767877,-1.574158,0.083407,0.445631,-1.954596,1.954596,3.000000,0.453369,0.000000,0.000000,0.000002,0.000053,0.000641,0.302619,-0.015106,0.444331,0.297762,-0.014451,0.374190,-0.053720,-1.267977
3.303000,1.038926,0.765000,-1.599258,0.068790,0.442754,-1.979696,1.979696,3.000000,0.448066,0.000000,0.000000,0.000074,-0.000040,-0.000742,0.302620,-0.015106,0.444329,0.297762,-0.014451,0.373970,-0.053940,-1.260172
3.314000,0.962375,0.786183,-1.581196,-0.007761,0.463937,-1.961634,1.961634,3.000000,0.464002,0.000000,0.000000,0.000242,0.000129,-0.000938,0.302620,-0.015106,0.444328,0.297762,-0.014451,0.373750,-0.054160,-1.262456
3.325000,0.918412,0.791881,-1.570098,-0.051724,0.469635,-1.950536,1.950536,3.000000,0.472474,0.000000,0.000000,0.000088,-0.000496,0.000388,0.302618,-0.015106,0.444326,0.297762,-0.014451,0.373530,-0.054380,-1.277628
3.336000,1.030843,0.767627,-1.598465,0.060707,0.445381,-1.978903,1.978903,3.000000,0.449499,0.000000,0.000000,-0.000001,0.000335,-0.000220,0.302619,-0.015104,0.444328,0.297762,-0.014451,0.373310,-0.054600,-1.276466
3.347000,1.034591,0.780468,-1.559314,0.064455,0.458222,-1.939752,1.939752,3.000000,0.462733,0.000000,0.000000,-0.000347,-0.000068,-0.000490,0.302619,-0.015105,0.444332,0.297762,-0.014451,0.373090,-0.054820,-1.278201
3.358000,0.996331,0.743879,-1.572399,0.026196,0.421633,-1.952836,1.952836,3.000000,0.422446,0.000000,0.000000,-0.000423,-0.000554,-0.001133,0.302619,-0.015107,0.444330,0.297762,-0.014451,0.372870,-0.055040,-1.276674
3.369000,1.003775,0.728624,-1.597091,0.033639,0.406378,-1.977529,1.977529,3.000000,0.407768,0.000000,0.000000,0.000418,0.000168,-0.000161,0.302619,-0.015105,0.444328,0.297762,-0.014451,0.372650,-0.055260,-1.288846
3.380000,1.038234,0.765026,-1.631140,0.068098,0.442780,-2.011578,2.011578,3.000000,0.447986,0.000000,0.000000,0.000351,-0.000118,-0.000033,0.302620,-0.015105,0.444329,0.297762,-0.014451,0.372490,-0.055420,-1.292831
3.391000,1.023823,0.769517,-1.632086,0.053687,0.447271,-2.012524,2.012524,3.000000,0.450482,0.000000,0.000000,-0.000187,0.000063,-0.000108,0.302619,-0.015105,0.444332,0.297762,-0.014451,0.372490,-0.055420,-1.292238
3.402000,1.016335,0.753774,-1.604416,0.046199,0.431528,-1.984854,1.984854,3.000000,0.433994,0.000000,0.000000,-0.000407,-0.000099,-0.001126,0.302618,-0.015105,0.444328,0.297762,-0.014451,0.372330,-0.055580,-1.286415
3.413000,1.005498,0.752741,-1.560427,0.035362,0.430495,-1.940865,1.940865,3.000000,0.431945,0.000000,0.000000,0.000110,0.000304,-0.000320,0.302618,-0.015105,0.444325,0.297762,-0.014451,0.372110,-0.055800,-1.297161
3.424000,1.031949,0.717957,-1.541092,0.061813,0.395711,-1.921530,1.921530,3.000000,0.400509,0.000000,0.000000,0.000002,-0.000343,-0.000159,0.302618,-0.015106,0.444325,0.297762,-0.014451,0.371890,-0.056020,-1.302489
3.435000,1.080605,0.718351,-1.530305,0.110469,0.396105,-1.910742,1.910742,3.000000,0.411221,0.000000,0.000000,-0.000160,-0.000076,-0.000198,0.302618,-0.015106,0.444327,0.297762,-0.014451,0.371670,-0.056240,-1.306148
3.446000,1.081015,0.721563,-1.466898,0.110879,0.399317,-1.847336,1.847336,3.000000,0.414425,0.000000,0.000000,-0.000121,0.000227,-0.000447,0.302619,-0.015105,0.444326,0.297762,-0.014451,0.371450,-0.056460,-1.307983
3.457000,1.103815,0.730714,-1.468055,0.133679,0.408468,-1.848493,1.848493,3.000000,0.429786,0.000000,0.000000,0.000335,-0.000539,0.000901,0.302619,-0.015106,0.444328,0.297762,-0.014451,0.371230,-0.056680,-1.323414
3.468000,1.062635,0.727195,-1.467334,0.092499,0.404949,-1.847772,1.847772,3.000000,0.415379,0.000000,0.000000,0.000169,-0.000162,0.000229,0.302619,-0.015107,0.444327,0.297762,-0.014451,0.371010,-0.056900,-1.321661
3.479000,1.034498,0.803280,-1.451846,0.064362,0.481034,-1.832284,1.832284,3.000000,0.485320,0.000000,0.000000,0.000011,0.000034,-0.000659,0.302619,-0.015105,0.444327,0.297762,-0.014451,0.370790,-0.057120,-1.318076
3.490000,1.063546,0.762874,-1.486057,0.093411,0.440628,-1.866495,1.866495,3.000000,0.450420,0.000000,0.000000,0.000167,0.000113,0.001189,0.302619,-0.015105,0.444331,0.297762,-0.014451,0.370570,-0.057340,-1.337796
3.501000,1.085912,0.752466,-1.476085,0.115776,0.430219,-1.856523,1.856523,3.000000,0.445525,0.000000,0.000000,-0.000185,0.000535,-0.001202,0.302618,-0.015104,0.444326,0.297762,-0.014451,0.370350,-0.057560,-1.321375
3.512000,1.098621,0.768053,-1.459579,0.128486,0.445807,-1.840017,1.840017,3.000000,0.463953,0.000000,0.000000,-0.000265,0.000039,0.000072,0.302618,-0.015105,0.444328,0.297762,-0.014451,0.370130,-0.057780,-1.336179
3.523000,1.116720,0.755241,-1.485389,0.146584,0.432995,-1.865827,1.865827,3.000000,0.457134,0.000000,0.000000,-0.000214,-0.000049,0.000022,0.302618,-0.015106,0.444328,0.297762,-0.014451,0.369910,-0.058000,-1.339715
3.534000,1.091705,0.732729,-1.474791,0.121570,0.410483,-1.855229,1.855229,3.000000,0.428106,0.000000,0.000000,0.000025,-0.000473,-0.000851,0.302619,-0.015107,0.444326,0.297762,-0.014451,0.369690,-0.058220,-1.336226
3.545000,1.106934,0.746214,-1.470623,0.136798,0.423968,-1.851061,1.851061,3.000000,0.445491,0.000000,0.000000,0.000239,0.000539,0.000037,0.302618,-0.015103,0.444326,0.297762,-0.014451,0.369470,-0.058440,-1.347727
3.556000,1.063621,0.775534,-1.462143,0.093485,0.453288,-1.842580,1.842580,3.000000,0.462828,0.000000,0.000000,-0.000184,0.000085,-0.000628,0.302618,-0.015105,0.444325,0.297762,-0.014451,0.369250,-0.058660,-1.346026
3.567000,1.089269,0.750128,-1.433624,0.119134,0.427882,-1.814062,1.814062,3.000000,0.444157,0.000000,0.000000,-0.000303,0.000301,-0.000441,0.302618,-0.015105,0.444326,0.297762,-0.014451,0.369030,-0.058880,-1.351592
3.578000,1.054352,0.784258,-1.434711,0.084217,0.462012,-1.815149,1.815149,3.000000,0.469625,0.000000,0.000000,-0.000002,0.000148,0.000596,0.302618,-0.015105,0.444327,0.297762,-0.014451,0.368810,-0.059100,-1.364373
3.589000,1.130257,0.739147,-1.465582,0.160121,0.416901,-1.846020,1.846020,3.000000,0.446593,0.000000,0.000000,0.000231,0.000255,0.000679,0.302619,-0.015104,0.444328,0.297762,-0.014451,0.368590,-0.059320,-1.369040
3.600000,1.106744,0.758039,-1.445607,0.136608,0.435793,-1.826045,1.826045,3.000000,0.456703,0.000000,0.000000,-0.000035,-0.000602,-0.000197,0.302619,-0.015106,0.444326,0.297762,-0.014451,0.368370,-0.059540,-1.365540
3.611000,1.097885,0.760178,-1.470209,0.127749,0.437932,-1.850646,1.850646,3.000000,0.456184,0.000000,0.000000,0.000417,0.000152,0.000161,0.302619,-0.015106,0.444327,0.297762,-0.014451,0.368150,-0.059760,-1.372555
3.622000,1.069578,0.764370,-1.462639,0.099442,0.442124,-1.843077,1.843077,3.000000,0.453169,0.000000,0.000000,-0.000176,-0.000264,-0.000274,0.302619,-0.015105,0.444327,0.297762,-0.014451,0.367930,-0.059980,-1.372830
3.633000,1.104919,0.776879,-1.459297,0.134784,0.454633,-1.839734,1.839734,3.000000,0.474192,0.000000,0.000000,-0.000329,-0.000533,-0.000590,0.302618,-0.015107,0.444326,0.297762,-0.014451,0.367710,-0.060200,-1.374095
3.644000,1.057843,0.770647,-1.436713,0.087707,0.448401,-1.817151,1.817151,3.000000,0.456898,0.000000,0.000000,0.000252,0.000229,-0.000432,0.302618,-0.015105,0.444324,0.297762,-0.014451,0.367490,-0.060420,-1.379348
3.655000,1.093649,0.756242,-1.438402,0.123513,0.433996,-1.818840,1.818840,3.000000,0.451229,0.000000,0.000000,0.000228,0.000539,0.000096,0.302619,-0.015105,0.444327,0.297762,-0.014451,0.367270,-0.060640,-1.387849
3.666000,1.094874,0.756914,-1.454493,0.124738,0.434668,-1.834930,1.834930,3.000000,0.452212,0.000000,0.000000,0.000223,-0.000241,-0.000996,0.302619,-0.015106,0.444326,0.297762,-0.014451,0.367050,-0.060860,-1.382513
3.677000,1.114092,0.757825,-1.453689,0.143956,0.435579,-1.834127,1.834127,3.000000,0.458751,0.000000,0.000000,0.000113,0.000104,0.000176,0.302619,-0.015105,0.444328,0.297762,-0.014451,0.366830,-0.061080,-1.396460
3.688000,1.110085,0.745077,-1.469898,0.139949,0.422830,-1.850336,1.850336,3.000000,0.445389,0.000000,0.000000,0.000075,0.000135,0.000455,0.302618,-0.015106,0.444324,0.297762,-0.014451,0.366610,-0.061300,-1.402712
3.699000,1.104321,0.752247,-1.437188,0.134186,0.430001,-1.817626,1.817626,3.000000,0.450452,0.000000,0.000000,-0.000008,0.000066,0.000956,0.302617,-0.015105,0.444325,0.297762,-0.014451,0.366390,-0.061520,-1.410950
3.710000,1.162553,0.766852,-1.436784,0.192418,0.444605,-1.817222,1.817222,3.000000,0.484457,0.000000,0.000000,-0.000093,-0.000315,-0.000006,0.302618,-0.015105,0.444325,0.297762,-0.014451,0.366170,-0.061740,-1.406751
3.721000,1.137274,0.800593,-1.384721,0.167139,0.478347,-1.765159,1.765159,3.000000,0.506706,0.000000,0.000000,-0.000121,-0.000173,0.000401,0.302618,-0.015105,0.444327,0.297762,-0.014451,0.365950,-0.061960,-1.414198
3.732000,1.093109,0.769584,-1.387406,0.122973,0.447337,-1.767844,1.767844,3.000000,0.463932,0.000000,0.000000,0.000459,0.000833,-0.000144,0.302618,-0.015103,0.444325,0.297762,-0.014451,0.365730,-0.062180,-1.413495
3.743000,1.132709,0.781229,-1.384796,0.162573,0.458983,-1.765234,1.765234,3.000000,0.486924,0.000000,0.000000,0.000020,-0.000674,0.000025,0.302618,-0.015107,0.444324,0.297762,-0.014451,0.365510,-0.062400,-1.418870
3.754000,1.158859,0.773197,-1.397347,0.188723,0.450951,-1.777785,1.777785,3.000000,0.488849,0.000000,0.000000,0.000302,-0.000381,-0.000065,0.302619,-0.015106,0.444327,0.297762,-0.014451,0.365290,-0.062620,-1.422117
3.765000,1.125821,0.756712,-1.436394,0.155685,0.434466,-1.816832,1.816832,3.000000,0.461518,0.000000,0.000000,-0.000229,0.000249,-0.000525,0.302619,-0.015104,0.444330,0.297762,-0.014451,0.365070,-0.062840,-1.422220
3.776000,1.133105,0.754359,-1.456970,0.162969,0.432113,-1.837407,1.837407,3.000000,0.461823,0.000000,0.000000,-0.000079,-0.000259,-0.000159,0.302618,-0.015106,0.444327,0.297762,-0.014451,0.364850,-0.063060,-1.429240
3.787000,1.111114,0.729993,-1.462143,0.140978,0.407747,-1.842581,1.842581,3.000000,0.431431,0.000000,0.000000,0.000147,-0.000016,0.000525,0.302619,-0.015106,0.444328,0.297762,-0.014451,0.364630,-0.063280,-1.439023
3.798000,1.131369,0.746857,-1.492326,0.161233,0.424611,-1.872764,1.872764,3.000000,0.454192,0.000000,0.000000,-0.000299,0.000122,-0.000019,0.302618,-0.015105,0.444327,0.297762,-0.014451,0.364410,-0.063500,-1.438349
3.809000,1.105576,0.766373,-1.501990,0.135441,0.444127,-1.882428,1.882428,3.000000,0.464320,0.000000,0.000000,0.000346,0.000264,0.000140,0.302620,-0.015106,0.444330,0.297762,-0.014451,0.364190,-0.063720,-1.443714
3.820000,1.036839,0.775933,-1.499726,0.066703,0.453687,-1.880164,1.880164,3.000000,0.458564,0.000000,0.000000,0.000047,0.000903,-0.000440,0.302619,-0.015104,0.444326,0.297762,-0.014451,0.363970,-0.063940,-1.442670
3.831000,1.045278,0.758518,-1.516297,0.075142,0.436272,-1.896735,1.896735,3.000000,0.442696,0.000000,0.000000,-0.000202,-0.000058,0.000680,0.302618,-0.015105,0.444329,0.297762,-0.014451,0.363750,-0.064160,-1.456190
3.842000,1.062963,0.754574,-1.521705,0.092828,0.432328,-1.902143,1.902143,3.000000,0.442182,0.000000,0.000000,0.000044,-0.000462,-0.000023,0.302620,-0.015106,0.444329,0.297762,-0.014451,0.363530,-0.064380,-1.454202
3.853000,1.046884,0.750995,-1.509079,0.076748,0.428749,-1.889516,1.889516,3.000000,0.435564,0.000000,0.000000,0.000041,-0.000594,-0.000382,0.302619,-0.015106,0.444327,0.297762,-0.014451,0.363310,-0.064600,-1.455073
3.864000,1.073762,0.755828,-1.519640,0.103626,0.433581,-1.900078,1.900078,3.000000,0.445793,0.000000,0.000000,0.000336,-0.000353,0.000429,0.302620,-0.015106,0.444330,0.297762,-0.014451,0.363090,-0.064820,-1.465968
3.875000,1.106751,0.748467,-1.538376,0.136615,0.426221,-1.918814,1.918814,3.000000,0.447581,0.000000,0.000000,-0.000125,-0.000264,-0.000260,0.302618,-0.015105,0.444327,0.297762,-0.014451,0.362870,-0.065040,-1.464022
3.886000,1.065081,0.759545,-1.525300,0.094946,0.437298,-1.905738,1.905738,3.000000,0.447487,0.000000,0.000000,0.000231,-0.000055,-0.000096,0.302618,-0.015105,0.444326,0.297762,-0.014451,0.362650,-0.065260,-1.469361
3.897000,1.107033,0.738662,-1.554907,0.136898,0.416416,-1.935345,1.935345,3.000000,0.438342,0.000000,0.000000,0.000291,0.000261,0.000326,0.302620,-0.015104,0.444331,0.297762,-0.014451,0.362430,-0.065480,-1.476987
3.908000,1.077041,0.764260,-1.549121,0.106905,0.442014,-1.929559,1.929559,3.000000,0.454758,0.000000,0.000000,-0.000049,0.000076,-0.000597,0.302619,-0.015105,0.444328,0.297762,-0.014451,0.362210,-0.065700,-1.473059
3.919000,1.072468,0.744818,-1.501135,0.102332,0.422572,-1.881573,1.881573,3.000000,0.434786,0.000000,0.000000,0.000162,0.000300,0.000752,0.302619,-0.015105,0.444328,0.297762,-0.014451,0.361990,-0.065920,-1.488468
3.930000,1.090354,0.724427,-1.498651,0.120218,0.402181,-1.879089,1.879089,3.000000,0.419764,0.000000,0.000000,0.000198,0.000284,0.001048,0.302619,-0.015104,0.444329,0.297762,-0.014451,0.361770,-0.066140,-1.494965
3.941000,1.125197,0.724402,-1.524596,0.155061,0.402156,-1.905034,1.905034,3.000000,0.431014,0.000000,0.000000,-0.000309,0.000194,-0.000246,0.302618,-0.015105,0.444326,0.297762,-0.014451,0.361550,-0.066360,-1.487878
3.952000,1.094320,0.766487,-1.507765,0.124184,0.444241,-1.888203,1.888203,3.000000,0.461272,0.000000,0.000000,0.000086,-0.000336,-0.000363,0.302619,-0.015106,0.444326,0.297762,-0.014451,0.361330,-0.066580,-1.490865
3.963000,1.061265,0.753579,-1.475069,0.091129,0.431333,-1.855507,1.855507,3.000000,0.440855,0.000000,0.000000,-0.000273,0.000280,-0.000869,0.302618,-0.015105,0.444324,0.297762,-0.014451,0.361110,-0.066800,-1.490489
3.974000,1.046540,0.770420,-1.477583,0.076404,0.448174,-1.858021,1.858021,3.000000,0.454640,0.000000,0.000000,0.000217,-0.000164,0.000551,0.302619,-0.015106,0.444327,0.297762,-0.014451,0.360890,-0.067020,-1.506553
3.985000,1.068784,0.729590,-1.490582,0.098648,0.407344,-1.871020,1.871020,3.000000,0.419119,0.000000,0.000000,-0.000114,0.000075,0.000095,0.302618,-0.015104,0.444328,0.297762,-0.014451,0.360670,-0.067240,-1.506652
3.996000,1.114013,0.719685,-1.512576,0.143878,0.397438,-1.893014,1.893014,3.000000,0.422680,0.000000,0.000000,0.000233,-0.000018,0.000124,0.302619,-0.015105,0.444328,0.297762,-0.014451,0.360450,-0.067460,-1.510860
4.006000,1.128349,0.742347,-1.505824,0.158214,0.420101,-1.886262,1.886262,3.000000,0.448906,0.000000,0.000000,-0.000089,0.000006,-0.000630,0.302619,-0.015104,0.444328,0.297762,-0.014451,0.360250,-0.067660,-1.508057
4.016000,1.115343,0.741188,-1.471782,0.145207,0.418941,-1.852220,1.852220,3.000000,0.443393,0.000000,0.000000,0.000106,-0.000052,-0.000266,0.302619,-0.015104,0.444326,0.297762,-0.014451,0.360050,-0.067860,-1.514721
4.026000,1.077953,0.736589,-1.500881,0.107818,0.414343,-1.881319,1.881319,3.000000,0.428141,0.000000,0.000000,0.000348,-0.000176,0.000683,0.302619,-0.015105,0.444329,0.297762,-0.014451,0.359850,-0.068060,-1.526417
4.036000,1.101519,0.742483,-1.540115,0.131383,0.420236,-1.920553,1.920553,3.000000,0.440296,0.000000,0.000000,0.000305,-0.000311,-0.000242,0.302618,-0.015105,0.444326,0.297762,-0.014451,0.359650,-0.068260,-1.522123
4.046000,1.157644,0.764612,-1.563706,0.187508,0.442366,-1.944144,1.944144,3.000000,0.480466,0.000000,0.000000,0.000306,-0.000404,0.000396,0.302619,-0.015106,0.444329,0.297762,-0.014451,0.359450,-0.068460,-1.531194
4.056000,1.124475,0.745448,-1.549052,0.154340,0.423202,-1.929490,1.929490,3.000000,0.450467,0.000000,0.000000,0.000109,0.000567,-0.000410,0.302619,-0.015103,0.444326,0.297762,-0.014451,0.359250,-0.068660,-1.527904
4.066000,1.095021,0.726844,-1.510945,0.124885,0.404598,-1.891383,1.891383,3.000000,0.423433,0.000000,0.000000,0.000436,-0.000011,0.000077,0.302620,-0.015105,0.444327,0.297762,-0.014451,0.359050,-0.068860,-1.535637
4.076000,1.121232,0.724219,-1.499388,0.151097,0.401973,-1.879826,1.879826,3.000000,0.429432,0.000000,0.000000,0.000271,0.000268,0.000094,0.302619,-0.015105,0.444327,0.297762,-0.014451,0.358850,-0.069060,-1.539399
4.086000,1.110755,0.725142,-1.504920,0.140619,0.402896,-1.885357,1.885357,3.000000,0.426731,0.000000,0.000000,-0.000172,0.000163,-0.000303,0.302618,-0.015105,0.444326,0.297762,-0.014451,0.358650,-0.069260,-1.539601
4.096000,1.141268,0.741443,-1.518033,0.171132,0.419197,-1.898471,1.898471,3.000000,0.452783,0.000000,0.000000,-0.000100,-0.000040,0.000613,0.302619,-0.015106,0.444329,0.297762,-0.014451,0.358450,-0.069460,-1.551024
4.106000,1.158472,0.741195,-1.522023,0.188336,0.418949,-1.902461,1.902461,3.000000,0.459335,0.000000,0.000000,-0.000066,-0.000211,-0.000069,0.302619,-0.015105,0.444327,0.297762,-0.014451,0.358250,-0.069660,-1.548801
4.116000,1.125986,0.759496,-1.518922,0.155850,0.437250,-1.899360,1.899360,3.000000,0.464195,0.000000,0.000000,0.000270,-0.000032,0.000635,0.302619,-0.015106,0.444326,0.297762,-0.014451,0.358050,-0.069860,-1.558373
4.126000,1.115187,0.776427,-1.533317,0.145051,0.454181,-1.913755,1.913755,3.000000,0.476781,0.000000,0.000000,0.000017,-0.000020,0.000479,0.302619,-0.015105,0.444329,0.297762,-0.014451,0.357850,-0.070060,-1.560689
4.136000,1.065709,0.765697,-1.505990,0.095573,0.443451,-1.886428,1.886428,3.000000,0.453633,0.000000,0.000000,0.000212,-0.000652,-0.000320,0.302619,-0.015106,0.444329,0.297762,-0.014451,0.357650,-0.070260,-1.557508
4.146000,1.022193,0.770610,-1.454554,0.052057,0.448363,-1.834992,1.834992,3.000000,0.451375,0.000000,0.000000,0.000193,0.000045,0.000167,0.302619,-0.015105,0.444327,0.297762,-0.014451,0.357450,-0.070460,-1.565215
4.156000,1.076144,0.754646,-1.492174,0.106009,0.432400,-1.872611,1.872611,3.000000,0.445205,0.000000,0.000000,-0.000133,-0.000075,-0.000512,0.302618,-0.015104,0.444326,0.297762,-0.014451,0.357250,-0.070660,-1.563028
4.166000,1.133657,0.745914,-1.489040,0.163521,0.423668,-1.869478,1.869478,3.000000,0.454129,0.000000,0.000000,0.000190,0.000552,0.000454,0.302619,-0.015104,0.444330,0.297762,-0.014451,0.357050,-0.070860,-1.574893
4.176000,1.110210,0.721130,-1.495478,0.140074,0.398884,-1.875916,1.875916,3.000000,0.422764,0.000000,0.000000,-0.000187,0.000091,-0.001042,0.302618,-0.015105,0.444326,0.297762,-0.014451,0.356850,-0.071060,-1.565734
4.186000,1.071303,0.757686,-1.511363,0.101167,0.435439,-1.891801,1.891801,3.000000,0.447037,0.000000,0.000000,-0.000050,-0.000300,-0.001099,0.302618,-0.015106,0.444323,0.297762,-0.014451,0.356650,-0.071260,-1.568804
4.196000,1.054433,0.756908,-1.524454,0.084297,0.434661,-1.904892,1.904892,3.000000,0.442760,0.000000,0.000000,0.000158,-0.000132,0.000317,0.302619,-0.015105,0.444327,0.297762,-0.014451,0.356450,-0.071460,-1.584485
4.206000,1.106125,0.758543,-1.548238,0.135989,0.436297,-1.928676,1.928676,3.000000,0.456999,0.000000,0.000000,0.000022,0.000089,0.000059,0.302618,-0.015104,0.444326,0.297762,-0.014451,0.356250,-0.071660,-1.585879
4.216000,1.107778,0.754214,-1.522182,0.137643,0.431968,-1.902620,1.902620,3.000000,0.453367,0.000000,0.000000,0.000124,0.000609,-0.000634,0.302619,-0.015103,0.444324,0.297762,-0.014451,0.356050,-0.071860,-1.583558
4.226000,1.165740,0.756281,-1.546437,0.195604,0.434035,-1.926875,1.926875,3.000000,0.476074,0.000000,0.000000,-0.000082,-0.000082,0.000455,0.302618,-0.015105,0.444327,0.297762,-0.014451,0.355850,-0.072060,-1.596450
4.236000,1.122876,0.737702,-1.502077,0.152740,0.415456,-1.882514,1.882514,3.000000,0.442644,0.000000,0.000000,-0.000028,-0.000350,-0.000122,0.302618,-0.015105,0.444325,0.297762,-0.014451,0.355650,-0.072260,-1.595129
4.246000,1.101523,0.747022,-1.539548,0.131388,0.424776,-1.919986,1.919986,3.000000,0.444631,0.000000,0.000000,0.000033,0.000099,-0.000711,0.302618,-0.015105,0.444325,0.297762,-0.014451,0.355450,-0.072460,-1.593728
4.256000,1.137262,0.740157,-1.537471,0.167127,0.417911,-1.917909,1.917909,3.000000,0.450090,0.000000,0.000000,-0.000355,0.000387,-0.000352,0.302618,-0.015103,0.444325,0.297762,-0.014451,0.355250,-0.072660,-1.600380
4.266000,1.180676,0.723778,-1.548184,0.210540,0.401531,-1.928622,1.928622,3.000000,0.453381,0.000000,0.000000,0.000129,-0.000022,0.000052,0.302619,-0.015106,0.444328,0.297762,-0.014451,0.355050,-0.072860,-1.607450
4.276000,1.151678,0.712564,-1.527119,0.181542,0.390318,-1.907556,1.907556,3.000000,0.430472,0.000000,0.000000,0.000019,-0.000265,-0.000339,0.302619,-0.015106,0.444326,0.297762,-0.014451,0.354850,-0.073060,-1.607692
4.286000,1.169095,0.748650,-1.561925,0.198959,0.426404,-1.942363,1.942363,3.000000,0.470537,0.000000,0.000000,-0.000175,-0.000670,0.000363,0.302619,-0.015106,0.444327,0.297762,-0.014451,0.354650,-0.073260,-1.617281
4.296000,1.163247,0.720639,-1.559712,0.193111,0.398393,-1.940150,1.940150,3.000000,0.442729,0.000000,0.000000,-0.000110,0.000003,-0.000428,0.302618,-0.015106,0.444326,0.297762,-0.014451,0.354450,-0.073460,-1.614133
4.306000,1.143821,0.727135,-1.519985,0.173685,0.404889,-1.900423,1.900423,3.000000,0.440569,0.000000,0.000000,0.000156,-0.000299,-0.000481,0.302619,-0.015105,0.444326,0.297762,-0.014451,0.354250,-0.073660,-1.617280
4.316000,1.137405,0.748124,-1.511755,0.167269,0.425878,-1.892193,1.892193,3.000000,0.457549,0.000000,0.000000,-0.000175,0.000224,-0.000029,0.302619,-0.015104,0.444327,0.297762,-0.014451,0.354050,-0.073860,-1.624748
4.326000,1.139852,0.759779,-1.519458,0.169717,0.437533,-1.899896,1.899896,3.000000,0.469296,0.000000,0.000000,-0.000232,-0.000274,-0.000431,0.302618,-0.015106,0.444326,0.297762,-0.014451,0.353850,-0.074060,-1.624905
4.336000,1.087716,0.768917,-1.511551,0.117580,0.446671,-1.891989,1.891989,3.000000,0.461888,0.000000,0.000000,0.000133,-0.000671,0.000108,0.302619,-0.015106,0.444327,0.297762,-0.014451,0.353650,-0.074260,-1.633109
4.346000,1.079278,0.771143,-1.506134,0.109142,0.448897,-1.886572,1.886572,3.000000,0.461975,0.000000,0.000000,0.000079,-0.000715,-0.000535,0.302619,-0.015107,0.444327,0.297762,-0.014451,0.353450,-0.074460,-1.631253
4.356000,1.103494,0.759251,-1.520656,0.133358,0.437005,-1.901094,1.901094,3.000000,0.456900,0.000000,0.000000,0.000532,0.000185,0.000055,0.302620,-0.015104,0.444327,0.297762,-0.014451,0.353250,-0.074660,-1.639867
4.366000,1.114217,0.759471,-1.536260,0.144082,0.437225,-1.916698,1.916698,3.000000,0.460354,0.000000,0.000000,0.000040,0.000250,0.000354,0.302618,-0.015105,0.444328,0.297762,-0.014451,0.353050,-0.074860,-1.646004
4.376000,1.126913,0.694683,-1.545732,0.156777,0.372437,-1.926170,1.926170,3.000000,0.404089,0.000000,0.000000,0.000132,0.000604,0.000789,0.302619,-0.015104,0.444329,0.297762,-0.014451,0.352850,-0.075060,-1.653329
4.386000,1.075235,0.750066,-1.533211,0.105099,0.427820,-1.913649,1.913649,3.000000,0.440540,0.000000,0.000000,-0.000111,-0.000555,-0.000978,0.302618,-0.015106,0.444326,0.297762,-0.014451,0.352650,-0.075260,-1.641873
4.396000,1.081209,0.758962,-1.526884,0.111073,0.436715,-1.907322,1.907322,3.000000,0.450619,0.000000,0.000000,0.000186,0.000011,0.000462,0.302619,-0.015105,0.444328,0.297762,-0.014451,0.352450,-0.075460,-1.657727
4.406000,1.162529,0.735911,-1.578241,0.192393,0.413665,-1.958679,1.958679,3.000000,0.456217,0.000000,0.000000,-0.000434,0.000095,-0.000230,0.302619,-0.015105,0.444327,0.297762,-0.014451,0.352250,-0.075660,-1.655448
4.416000,1.208423,0.738704,-1.578586,0.238287,0.416458,-1.959024,1.959024,3.000000,0.479810,0.000000,0.000000,-0.000229,-0.000023,0.000118,0.302618,-0.015104,0.444328,0.297762,-0.014451,0.352050,-0.075860,-1.662014
4.426000,1.120878,0.741674,-1.569349,0.150743,0.419428,-1.949786,1.949786,3.000000,0.445694,0.000000,0.000000,0.000021,-0.000119,0.000023,0.302619,-0.015105,0.444326,0.297762,-0.014451,0.351850,-0.076060,-1.664777
4.436000,1.103748,0.719162,-1.546215,0.133612,0.396915,-1.926653,1.926653,3.000000,0.418801,0.000000,0.000000,0.000163,0.000093,0.000144,0.302620,-0.015104,0.444328,0.297762,-0.014451,0.351650,-0.076260,-1.669431
4.446000,1.108614,0.687112,-1.531572,0.138478,0.364866,-1.912010,1.912010,3.000000,0.390261,0.000000,0.000000,-0.000142,-0.000583,-0.000356,0.302618,-0.015107,0.444325,0.297762,-0.014451,0.351450,-0.076460,-1.668727
4.456000,1.140879,0.724877,-1.576060,0.170743,0.402631,-1.956497,1.956497,3.000000,0.437338,0.000000,0.000000,0.000111,0.000379,0.000101,0.302619,-0.015104,0.444326,0.297762,-0.014451,0.351250,-0.076660,-1.676228
4.466000,1.137757,0.738904,-1.553671,0.167621,0.416658,-1.934109,1.934109,3.000000,0.449111,0.000000,0.000000,0.000353,0.000023,0.000873,0.302619,-0.015105,0.444328,0.297762,-0.014451,0.351050,-0.076860,-1.686410
4.476000,1.118648,0.785602,-1.557353,0.148512,0.463356,-1.937791,1.937791,3.000000,0.486574,0.000000,0.000000,-0.000178,-0.000346,0.000059,0.302618,-0.015106,0.444325,0.297762,-0.014451,0.350850,-0.077060,-1.683061
4.486000,1.113997,0.765978,-1.560216,0.143861,0.443732,-1.940654,1.940654,3.000000,0.466470,0.000000,0.000000,-0.000200,0.000054,-0.000623,0.302618,-0.015105,0.444324,0.297762,-0.014451,0.350650,-0.077260,-1.680858
4.496000,1.108959,0.747253,-1.580032,0.138823,0.425006,-1.960470,1.960470,3.000000,0.447104,0.000000,0.000000,0.000121,0.000333,0.001068,0.302618,-0.015105,0.444328,0.297762,-0.014451,0.350450,-0.077460,-1.698874
4.506000,1.127290,0.726649,-1.557040,0.157154,0.404402,-1.937478,1.937478,3.000000,0.433865,0.000000,0.000000,-0.000266,0.000255,-0.000268,0.302618,-0.015105,0.444326,0.297762,-0.014451,0.350250,-0.077660,-1.691109
4.516000,1.090949,0.758259,-1.514507,0.120813,0.436012,-1.894945,1.894945,3.000000,0.452441,0.000000,0.000000,-0.000123,-0.000440,0.000560,0.302618,-0.015107,0.444327,0.297762,-0.014451,0.350050,-0.077860,-1.701738
4.526000,1.160186,0.747007,-1.534561,0.190050,0.424761,-1.914999,1.914999,3.000000,0.465339,0.000000,0.000000,-0.000052,-0.000569,0.000354,0.302618,-0.015106,0.444326,0.297762,-0.014451,0.349850,-0.078060,-1.703576
4.536000,1.134168,0.760799,-1.501764,0.164032,0.438552,-1.882202,1.882202,3.000000,0.468225,0.000000,0.000000,0.000197,0.000022,0.000055,0.302618,-0.015104,0.444327,0.297762,-0.014451,0.349650,-0.078260,-1.704649
4.546000,1.150149,0.744899,-1.525208,0.180014,0.422653,-1.905646,1.905646,3.000000,0.459391,0.000000,0.000000,0.000359,0.000543,0.000267,0.302619,-0.015104,0.444328,0.297762,-0.014451,0.349450,-0.078460,-1.710078
4.556000,1.143247,0.686877,-1.531839,0.173112,0.364631,-1.912276,1.912276,3.000000,0.403638,0.000000,0.000000,-0.000253,0.000582,0.000211,0.302618,-0.015104,0.444327,0.297762,-0.014451,0.349250,-0.078660,-1.713175
4.566000,1.146975,0.734749,-1.544026,0.176839,0.412502,-1.924464,1.924464,3.000000,0.448810,0.000000,0.000000,0.000375,0.000205,-0.000001,0.302619,-0.015104,0.444325,0.297762,-0.014451,0.349050,-0.078860,-1.714949
4.576000,1.117907,0.763965,-1.517872,0.147771,0.441718,-1.898310,1.898310,3.000000,0.465781,0.000000,0.000000,-0.000024,-0.000239,0.000158,0.302618,-0.015105,0.444326,0.297762,-0.014451,0.348850,-0.079060,-1.719906
4.586000,1.138284,0.760766,-1.513879,0.168148,0.438520,-1.894317,1.894317,3.000000,0.469653,0.000000,0.000000,0.000305,-0.000321,0.000364,0.302619,-0.015106,0.444326,0.297762,-0.014451,0.348650,-0.079260,-1.725258
4.596000,1.150036,0.756768,-1.515104,0.179900,0.434522,-1.895542,1.895542,3.000000,0.470291,0.000000,0.000000,-0.000479,0.000558,-0.001013,0.302617,-0.015103,0.444321,0.297762,-0.014451,0.348450,-0.079460,-1.717093
4.606000,1.178165,0.722847,-1.514490,0.208029,0.400601,-1.894928,1.894928,3.000000,0.451395,0.000000,0.000000,0.000121,-0.000008,0.000185,0.302619,-0.015104,0.444326,0.297762,-0.014451,0.348250,-0.079660,-1.730944
4.616000,1.153938,0.755660,-1.522454,0.183803,0.433414,-1.902892,1.902892,3.000000,0.470777,0.000000,0.000000,0.000097,-0.000238,0.000553,0.302618,-0.015105,0.444325,0.297762,-0.014451,0.348050,-0.079860,-1.737646
4.626000,1.171810,0.745844,-1.502248,0.201675,0.423598,-1.882686,1.882686,3.000000,0.469156,0.000000,0.000000,-0.000314,0.000008,0.000126,0.302618,-0.015104,0.444323,0.297762,-0.014451,0.347850,-0.080060,-1.737587
4.636000,1.193842,0.719499,-1.511431,0.223707,0.397253,-1.891869,1.891869,3.000000,0.455911,0.000000,0.000000,-0.000131,-0.000157,-0.000458,0.302617,-0.015105,0.444322,0.297762,-0.014451,0.347650,-0.080260,-1.736207
4.646000,1.126369,0.692190,-1.461340,0.156233,0.369944,-1.841778,1.841778,3.000000,0.401581,0.000000,0.000000,-0.000054,0.000048,-0.000796,0.302618,-0.015105,0.444323,0.297762,-0.014451,0.347450,-0.080460,-1.736962
4.656000,1.173287,0.690833,-1.469474,0.203151,0.368587,-1.849912,1.849912,3.000000,0.420864,0.000000,0.000000,-0.000330,-0.000004,-0.000471,0.302617,-0.015104,0.444322,0.297762,-0.014451,0.347250,-0.080660,-1.743298
4.666000,1.202135,0.700822,-1.471538,0.231999,0.378576,-1.851976,1.851976,3.000000,0.444008,0.000000,0.000000,0.000576,-0.000159,0.001001,0.302619,-0.015105,0.444325,0.297762,-0.014451,0.347050,-0.080860,-1.759441
4.676000,1.193251,0.717758,-1.482356,0.223115,0.395512,-1.862794,1.862794,3.000000,0.454104,0.000000,0.000000,0.000078,0.000038,0.000455,0.302618,-0.015103,0.444324,0.297762,-0.014451,0.346850,-0.081060,-1.758393
4.686000,1.195601,0.736209,-1.478694,0.225465,0.413963,-1.859132,1.859132,3.000000,0.471381,0.000000,0.000000,-0.000221,-0.000410,-0.000444,0.302617,-0.015105,0.444322,0.297762,-0.014451,0.346650,-0.081260,-1.754324
4.696000,1.174259,0.685528,-1.427364,0.204123,0.363282,-1.807802,1.807802,3.000000,0.416702,0.000000,0.000000,0.000318,-0.000830,0.000050,0.302618,-0.015105,0.444323,0.297762,-0.014451,0.346450,-0.081460,-1.762142
4.706000,1.194378,0.674963,-1.431521,0.224242,0.352717,-1.811958,1.811958,3.000000,0.417964,0.000000,0.000000,0.000156,0.000041,0.000224,0.302618,-0.015103,0.444322,0.297762,-0.014451,0.346250,-0.081660,-1.767207
4.716000,1.227748,0.737642,-1.429836,0.257612,0.415396,-1.810274,1.810274,3.000000,0.488792,0.000000,0.000000,-0.000092,0.000092,-0.000734,0.302617,-0.015104,0.444320,0.297762,-0.014451,0.346050,-0.081860,-1.762641
4.726000,1.205802,0.692659,-1.389998,0.235666,0.370413,-1.770436,1.770436,3.000000,0.439027,0.000000,0.000000,-0.000193,-0.000621,0.000179,0.302618,-0.015105,0.444323,0.297762,-0.014451,0.345850,-0.082060,-1.774033
4.736000,1.200755,0.690241,-1.401320,0.230619,0.367995,-1.781758,1.781758,3.000000,0.434287,0.000000,0.000000,0.000255,0.000275,0.000579,0.302618,-0.015103,0.444324,0.297762,-0.014451,0.345650,-0.082260,-1.781046
4.746000,1.193043,0.702294,-1.406007,0.222907,0.380048,-1.786445,1.786445,3.000000,0.440595,0.000000,0.000000,-0.000309,0.000373,-0.000221,0.302617,-0.015103,0.444322,0.297762,-0.014451,0.345450,-0.082460,-1.777827
4.756000,1.202778,0.684031,-1.391470,0.232642,0.361785,-1.771908,1.771908,3.000000,0.430129,0.000000,0.000000,0.000073,0.000430,0.000140,0.302618,-0.015103,0.444324,0.297762,-0.014451,0.345250,-0.082660,-1.784521
4.766000,1.197050,0.679203,-1.390033,0.226914,0.356957,-1.770471,1.770471,3.000000,0.422976,0.000000,0.000000,-0.000103,0.000303,-0.000313,0.302617,-0.015103,0.444321,0.297762,-0.014451,0.345050,-0.082860,-1.784237
4.776000,1.225194,0.667316,-1.406561,0.255058,0.345069,-1.786999,1.786999,3.000000,0.429101,0.000000,0.000000,0.000000,0.000037,0.000199,0.302617,-0.015104,0.444323,0.297762,-0.014451,0.344850,-0.083060,-1.792211
4.786000,1.203499,0.690992,-1.415422,0.233364,0.368746,-1.795860,1.795860,3.000000,0.436385,0.000000,0.000000,-0.000400,-0.000367,-0.000232,0.302616,-0.015106,0.444321,0.297762,-0.014451,0.344650,-0.083260,-1.792117
4.796000,1.235333,0.720870,-1.438972,0.265197,0.398624,-1.819409,1.819409,3.000000,0.478780,0.000000,0.000000,0.000306,0.000210,-0.000038,0.302618,-0.015104,0.444323,0.297762,-0.014451,0.344450,-0.083460,-1.797397
4.806000,1.189034,0.718461,-1.398421,0.218898,0.396215,-1.778859,1.778859,3.000000,0.452662,0.000000,0.000000,0.000326,0.000254,0.000478,0.302618,-0.015103,0.444323,0.297762,-0.014451,0.344250,-0.083660,-1.805370
4.816000,1.179194,0.708889,-1.444331,0.209058,0.386642,-1.824769,1.824769,3.000000,0.439543,0.000000,0.000000,-0.000098,-0.000258,-0.000199,0.302617,-0.015105,0.444321,0.297762,-0.014451,0.344050,-0.083860,-1.803203
4.826000,1.192324,0.730472,-1.441161,0.222188,0.408226,-1.821599,1.821599,3.000000,0.464775,0.000000,0.000000,0.000141,-0.000278,0.000252,0.302618,-0.015105,0.444322,0.297762,-0.014451,0.343850,-0.084060,-1.810642
4.836000,1.172341,0.729520,-1.426182,0.202206,0.407274,-1.806619,1.806619,3.000000,0.454708,0.000000,0.000000,0.000212,-0.000027,-0.000187,0.302618,-0.015104,0.444321,0.297762,-0.014451,0.343650,-0.084260,-1.810495
4.846000,1.230696,0.727601,-1.442683,0.260560,0.405355,-1.823121,1.823121,3.000000,0.481876,0.000000,0.000000,-0.000174,0.000200,-0.000068,0.302617,-0.015104,0.444322,0.297762,-0.014451,0.343450,-0.084460,-1.815121
4.856000,1.188460,0.743672,-1.418080,0.218324,0.421426,-1.798517,1.798517,3.000000,0.474621,0.000000,0.000000,-0.000132,-0.000671,0.000177,0.302617,-0.015106,0.444321,0.297762,-0.014451,0.343250,-0.084660,-1.820781
4.866000,1.140607,0.776251,-1.407381,0.170471,0.454005,-1.787818,1.787818,3.000000,0.484955,0.000000,0.000000,0.000372,-0.000345,0.000088,0.302618,-0.015104,0.444322,0.297762,-0.014451,0.343050,-0.084860,-1.823656
4.876000,1.199684,0.753138,-1.441800,0.229548,0.430892,-1.822237,1.822237,3.000000,0.488221,0.000000,0.000000,0.000106,0.000124,0.000484,0.302618,-0.015104,0.444324,0.297762,-0.014451,0.342850,-0.085060,-1.830641
4.886000,1.185743,0.686935,-1.436275,0.215608,0.364689,-1.816713,1.816713,3.000000,0.423657,0.000000,0.000000,0.000084,0.000634,-0.000162,0.302618,-0.015104,0.444324,0.297762,-0.014451,0.342650,-0.085260,-1.828773
4.896000,1.182644,0.710488,-1.409332,0.212508,0.388242,-1.789770,1.789770,3.000000,0.442596,0.000000,0.000000,0.000249,-0.000054,-0.000774,0.302619,-0.015105,0.444322,0.297762,-0.014451,0.342450,-0.085460,-1.827140
4.906000,1.158262,0.725721,-1.450722,0.188126,0.403475,-1.831160,1.831160,3.000000,0.445178,0.000000,0.000000,0.000204,0.000389,0.000659,0.302618,-0.015105,0.444325,0.297762,-0.014451,0.342250,-0.085660,-1.842938
4.916000,1.214821,0.688661,-1.479366,0.244685,0.366415,-1.859804,1.859804,3.000000,0.440603,0.000000,0.000000,-0.000037,-0.000282,-0.000098,0.302619,-0.015105,0.444323,0.297762,-0.014451,0.342050,-0.085860,-1.840092
4.926000,1.175645,0.728180,-1.494715,0.205509,0.405933,-1.875153,1.875153,3.000000,0.454990,0.000000,0.000000,0.000499,0.000190,-0.000204,0.302619,-0.015104,0.444323,0.297762,-0.014451,0.341850,-0.086060,-1.842787
4.936000,1.112890,0.732018,-1.459895,0.142754,0.409771,-1.840333,1.840333,3.000000,0.433926,0.000000,0.000000,0.000099,0.000440,0.000279,0.302618,-0.015104,0.444325,0.297762,-0.014451,0.341650,-0.086260,-1.850521
4.946000,1.135321,0.743649,-1.465783,0.165185,0.421403,-1.846221,1.846221,3.000000,0.452621,0.000000,0.000000,0.000168,-0.000171,0.000224,0.302618,-0.015105,0.444322,0.297762,-0.014451,0.341450,-0.086460,-1.853613
4.956000,1.175243,0.745740,-1.479172,0.205107,0.423493,-1.859610,1.859610,3.000000,0.470548,0.000000,0.000000,-0.000127,-0.000327,-0.000796,0.302618,-0.015104,0.444321,0.297762,-0.014451,0.341250,-0.086660,-1.848536
4.966000,1.099067,0.740055,-1.449679,0.128931,0.417808,-1.830117,1.830117,3.000000,0.437249,0.000000,0.000000,0.000049,0.000021,0.000047,0.302618,-0.015105,0.444322,0.297762,-0.014451,0.341050,-0.086860,-1.859306
4.976000,1.153575,0.700313,-1.489051,0.183439,0.378067,-1.869488,1.869488,3.000000,0.420220,0.000000,0.000000,0.000174,-0.000615,0.000127,0.302619,-0.015106,0.444324,0.297762,-0.014451,0.340850,-0.087060,-1.863621
4.986000,1.111679,0.757349,-1.465635,0.141544,0.435103,-1.846073,1.846073,3.000000,0.457547,0.000000,0.000000,-0.000138,-0.000465,-0.000304,0.302618,-0.015105,0.444324,0.297762,-0.014451,0.340650,-0.087260,-1.863556
4.996000,1.163418,0.718592,-1.514576,0.193282,0.396346,-1.895014,1.895014,3.000000,0.440962,0.000000,0.000000,-0.000139,0.000178,-0.000380,0.302618,-0.015105,0.444322,0.297762,-0.014451,0.340450,-0.087460,-1.866474
5.006000,1.180669,0.744879,-1.515319,0.210533,0.422633,-1.895757,1.895757,3.000000,0.472168,0.000000,0.000000,0.000027,0.000043,0.000108,0.302619,-0.015104,0.444325,0.297762,-0.014451,0.340250,-0.087660,-1.874282
5.016000,1.198526,0.730667,-1.542957,0.228391,0.408421,-1.923395,1.923395,3.000000,0.467942,0.000000,0.000000,-0.000097,-0.000136,0.000204,0.302617,-0.015105,0.444324,0.297762,-0.014451,0.340050,-0.087860,-1.878660
5.026000,1.235861,0.721495,-1.537546,0.265725,0.399249,-1.917984,1.917984,3.000000,0.479593,0.000000,0.000000,-0.000112,0.001098,-0.000001,0.302618,-0.015103,0.444323,0.297762,-0.014451,0.339850,-0.088060,-1.880507
5.036000,1.181325,0.709556,-1.525243,0.211189,0.387309,-1.905681,1.905681,3.000000,0.441145,0.000000,0.000000,0.000283,-0.000140,0.000189,0.302619,-0.015105,0.444323,0.297762,-0.014451,0.339650,-0.088260,-1.885728
5.046000,1.132871,0.738377,-1.487758,0.162735,0.416131,-1.868196,1.868196,3.000000,0.446819,0.000000,0.000000,0.000310,0.000464,0.000241,0.302619,-0.015103,0.444324,0.297762,-0.014451,0.339450,-0.088460,-1.889785
5.056000,1.114446,0.731467,-1.452531,0.144310,0.409221,-1.832969,1.832969,3.000000,0.433921,0.000000,0.000000,0.000266,-0.000242,-0.000282,0.302618,-0.015105,0.444325,0.297762,-0.014451,0.339250,-0.088660,-1.888960
5.066000,1.177913,0.744890,-1.491270,0.207777,0.422644,-1.871708,1.871708,3.000000,0.470955,0.000000,0.000000,-0.000058,0.000148,0.000024,0.302618,-0.015105,0.444323,0.297762,-0.014451,0.339050,-0.088860,-1.895126
5.076000,1.173524,0.754060,-1.509747,0.203389,0.431814,-1.890185,1.890185,3.000000,0.477316,0.000000,0.000000,0.000032,0.000266,0.000009,0.302619,-0.015104,0.444323,0.297762,-0.014451,0.338850,-0.089060,-1.898591
5.086000,1.169491,0.715979,-1.477466,0.199355,0.393733,-1.857903,1.857903,3.000000,0.441326,0.000000,0.000000,0.000241,-0.000073,0.000802,0.302618,-0.015105,0.444324,0.297762,-0.014451,0.338650,-0.089260,-1.908939
5.096000,1.117615,0.760328,-1.465382,0.147479,0.438082,-1.845820,1.845820,3.000000,0.462240,0.000000,0.000000,0.000091,-0.000050,-0.000107,0.302619,-0.015104,0.444324,0.297762,-0.014451,0.338450,-0.089460,-1.904822
5.106000,1.220589,0.772475,-1.487339,0.250453,0.450229,-1.867777,1.867777,3.000000,0.515201,0.000000,0.000000,-0.000060,-0.000079,-0.000022,0.302618,-0.015105,0.444323,0.297762,-0.014451,0.338250,-0.089660,-1.909139
5.116000,1.160796,0.705109,-1.497135,0.190660,0.382863,-1.877573,1.877573,3.000000,0.427709,0.000000,0.000000,-0.000146,0.000351,-0.000717,0.302618,-0.015105,0.444322,0.297762,-0.014451,0.338050,-0.089860,-1.906821
5.126000,1.160218,0.695322,-1.504592,0.190082,0.373076,-1.885030,1.885030,3.000000,0.418709,0.000000,0.000000,-0.000127,-0.000236,0.001025,0.302618,-0.015105,0.444326,0.297762,-0.014451,0.337850,-0.090060,-1.925266
5.136000,1.210954,0.718719,-1.532278,0.240818,0.396473,-1.912716,1.912716,3.000000,0.463879,0.000000,0.000000,-0.000198,0.000002,-0.000378,0.302617,-0.015105,0.444322,0.297762,-0.014451,0.337650,-0.090260,-1.916900
5.146000,1.173235,0.730257,-1.520089,0.203099,0.408011,-1.900527,1.900527,3.000000,0.455765,0.000000,0.000000,0.000461,-0.000165,0.000768,0.302619,-0.015105,0.444327,0.297762,-0.014451,0.337450,-0.090460,-1.930307
5.156000,1.146350,0.750103,-1.503850,0.176215,0.427857,-1.884287,1.884287,3.000000,0.462723,0.000000,0.000000,-0.000000,-0.000171,0.000167,0.302618,-0.015104,0.444324,0.297762,-0.014451,0.337250,-0.090660,-1.928752
5.166000,1.188545,0.760948,-1.529329,0.218409,0.438702,-1.909767,1.909767,3.000000,0.490063,0.000000,0.000000,0.000221,-0.000195,0.000102,0.302618,-0.015105,0.444323,0.297762,-0.014451,0.337050,-0.090860,-1.931789
5.176000,1.183175,0.723395,-1.510428,0.213039,0.401148,-1.890866,1.890866,3.000000,0.454209,0.000000,0.000000,-0.000046,-0.000338,0.000523,0.302618,-0.015106,0.444322,0.297762,-0.014451,0.336850,-0.091060,-1.938941
5.186000,1.195833,0.720237,-1.526738,0.225698,0.397991,-1.907176,1.907176,3.000000,0.457532,0.000000,0.000000,-0.000188,0.000037,-0.000684,0.302617,-0.015105,0.444321,0.297762,-0.014451,0.336650,-0.091260,-1.932284
5.196000,1.182650,0.728413,-1.517395,0.212514,0.406167,-1.897833,1.897833,3.000000,0.458404,0.000000,0.000000,-0.000042,-0.000114,-0.000607,0.302618,-0.015105,0.444322,0.297762,-0.014451,0.336450,-0.091460,-1.936556
5.206000,1.164218,0.712111,-1.524908,0.194082,0.389864,-1.905346,1.905346,3.000000,0.435502,0.000000,0.000000,0.000038,0.000531,-0.000459,0.302618,-0.015103,0.444321,0.297762,-0.014451,0.336250,-0.091660,-1.941380
5.216000,1.168953,0.739467,-1.513769,0.198817,0.417221,-1.894207,1.894207,3.000000,0.462170,0.000000,0.000000,-0.000099,-0.000395,-0.000458,0.302618,-0.015105,0.444323,0.297762,-0.014451,0.336050,-0.091860,-1.945039
5.226000,1.155491,0.750020,-1.469231,0.185356,0.427774,-1.849669,1.849669,3.000000,0.466205,0.000000,0.000000,0.000101,-0.000408,-0.000427,0.302618,-0.015106,0.444322,0.297762,-0.014451,0.335850,-0.092060,-1.948871
5.236000,1.232199,0.724418,-1.483672,0.262063,0.402172,-1.864110,1.864110,3.000000,0.480020,0.000000,0.000000,0.000040,-0.000108,-0.000353,0.302618,-0.015104,0.444322,0.297762,-0.014451,0.335650,-0.092260,-1.953101
5.246000,1.214294,0.746017,-1.499012,0.244158,0.423770,-1.879450,1.879450,3.000000,0.489075,0.000000,0.000000,0.000024,0.000186,-0.000084,0.302618,-0.015103,0.444324,0.297762,-0.014451,0.335450,-0.092460,-1.959027
5.256000,1.210812,0.742863,-1.519068,0.240677,0.420616,-1.899506,1.899506,3.000000,0.484606,0.000000,0.000000,0.000125,-0.000359,0.000528,0.302618,-0.015105,0.444323,0.297762,-0.014451,0.335250,-0.092660,-1.967800
5.266000,1.203627,0.721120,-1.525966,0.233491,0.398874,-1.906404,1.906404,3.000000,0.462189,0.000000,0.000000,-0.000276,-0.000052,-0.000976,0.302617,-0.015104,0.444321,0.297762,-0.014451,0.335050,-0.092860,-1.958603
5.276000,1.163775,0.702806,-1.470773,0.193639,0.380560,-1.851211,1.851211,3.000000,0.426992,0.000000,0.000000,0.000124,0.000136,0.000235,0.302618,-0.015103,0.444325,0.297762,-0.014451,0.334850,-0.093060,-1.972552
5.286000,1.211507,0.700018,-1.514461,0.241372,0.377772,-1.894899,1.894899,3.000000,0.448299,0.000000,0.000000,0.000286,-0.000248,-0.000389,0.302618,-0.015106,0.444323,0.297762,-0.014451,0.334650,-0.093260,-1.970813
5.296000,1.187477,0.708530,-1.520947,0.217341,0.386283,-1.901385,1.901385,3.000000,0.443229,0.000000,0.000000,0.000326,-0.000185,0.000439,0.302619,-0.015105,0.444324,0.297762,-0.014451,0.334450,-0.093460,-1.981461
5.306000,1.218268,0.733466,-1.531126,0.248133,0.411220,-1.911564,1.911564,3.000000,0.480283,0.000000,0.000000,-0.000338,0.000091,-0.000315,0.302617,-0.015105,0.444323,0.297762,-0.014451,0.334250,-0.093660,-1.978638
5.316000,1.242472,0.716259,-1.525574,0.272337,0.394013,-1.906012,1.906012,3.000000,0.478971,0.000000,0.000000,0.000129,0.000202,0.000468,0.302618,-0.015105,0.444324,0.297762,-0.014451,0.334050,-0.093860,-1.988911
5.326000,1.227733,0.706194,-1.528797,0.257597,0.383948,-1.909235,1.909235,3.000000,0.462355,0.000000,0.000000,0.000233,-0.000006,0.000352,0.302619,-0.015105,0.444323,0.297762,-0.014451,0.333850,-0.094060,-1.991502
5.336000,1.209442,0.721390,-1.514833,0.239306,0.399144,-1.895270,1.895270,3.000000,0.465385,0.000000,0.000000,-0.000037,0.000402,-0.000727,0.302617,-0.015104,0.444321,0.297762,-0.014451,0.333650,-0.094260,-1.985905
5.346000,1.253157,0.686468,-1.527143,0.283021,0.364222,-1.907581,1.907581,3.000000,0.461257,0.000000,0.000000,0.000037,0.000304,0.000708,0.302618,-0.015105,0.444325,0.297762,-0.014451,0.333450,-0.094460,-2.001756
5.356000,1.250884,0.725460,-1.538779,0.280748,0.403214,-1.919217,1.919217,3.000000,0.491326,0.000000,0.000000,0.000317,-0.000531,-0.000219,0.302619,-0.015105,0.444322,0.297762,-0.014451,0.333250,-0.094660,-1.997449
5.366000,1.255722,0.729754,-1.530948,0.285586,0.407508,-1.911386,1.911386,3.000000,0.497616,0.000000,0.000000,0.000194,0.000427,-0.000143,0.302618,-0.015104,0.444320,0.297762,-0.014451,0.333050,-0.094860,-2.001657
5.376000,1.212153,0.706450,-1.499586,0.242017,0.384204,-1.880024,1.880024,3.000000,0.454076,0.000000,0.000000,0.000100,-0.000016,0.000328,0.302617,-0.015104,0.444321,0.297762,-0.014451,0.332850,-0.095060,-2.009276
5.386000,1.249117,0.718078,-1.507811,0.278981,0.395832,-1.888249,1.888249,3.000000,0.484266,0.000000,0.000000,0.000248,-0.000131,0.000098,0.302618,-0.015105,0.444323,0.297762,-0.014451,0.332650,-0.095260,-2.010942
5.396000,1.231630,0.722108,-1.486499,0.261494,0.399862,-1.866937,1.866937,3.000000,0.477775,0.000000,0.000000,-0.000023,0.000403,0.000606,0.302618,-0.015103,0.444324,0.297762,-0.014451,0.332450,-0.095460,-2.018876
5.406000,1.260897,0.706158,-1.511311,0.290761,0.383912,-1.891749,1.891749,3.000000,0.481591,0.000000,0.000000,-0.000123,-0.000083,-0.000059,0.302618,-0.015104,0.444322,0.297762,-0.014451,0.332250,-0.095660,-2.016804
5.416000,1.231432,0.691935,-1.497405,0.261296,0.369689,-1.877843,1.877843,3.000000,0.452709,0.000000,0.000000,0.000098,0.000226,0.000402,0.302617,-0.015104,0.444322,0.297762,-0.014451,0.332050,-0.095860,-2.024320
5.426000,1.245197,0.676435,-1.501573,0.275061,0.354189,-1.882011,1.882011,3.000000,0.448452,0.000000,0.000000,0.000074,0.000014,0.000330,0.302618,-0.015105,0.444322,0.297762,-0.014451,0.331850,-0.096060,-2.027291
5.436000,1.229981,0.679702,-1.518718,0.259846,0.357456,-1.899156,1.899156,3.000000,0.441921,0.000000,0.000000,0.000138,-0.000126,0.000611,0.302618,-0.015105,0.444323,0.297762,-0.014451,0.331650,-0.096260,-2.033305
5.446000,1.244331,0.692147,-1.536637,0.274195,0.369901,-1.917075,1.917075,3.000000,0.460445,0.000000,0.000000,0.000041,0.000292,0.000266,0.302618,-0.015104,0.444324,0.297762,-0.014451,0.331450,-0.096460,-2.033997
5.456000,1.226868,0.719802,-1.505798,0.256732,0.397556,-1.886236,1.886236,3.000000,0.473247,0.000000,0.000000,0.000032,0.000161,-0.000503,0.302618,-0.015103,0.444320,0.297762,-0.014451,0.331250,-0.096660,-2.030992
5.466000,1.200562,0.744637,-1.439761,0.230426,0.422390,-1.820199,1.820199,3.000000,0.481155,0.000000,0.000000,-0.000127,0.000198,-0.000014,0.302617,-0.015104,0.444319,0.297762,-0.014451,0.331050,-0.096860,-2.038725
5.476000,1.188924,0.691417,-1.473788,0.218788,0.369171,-1.854226,1.854226,3.000000,0.429133,0.000000,0.000000,0.000079,0.000300,0.000133,0.302618,-0.015104,0.444318,0.297762,-0.014451,0.330850,-0.097060,-2.043563
5.486000,1.258582,0.701118,-1.471633,0.288446,0.378872,-1.852071,1.852071,3.000000,0.476178,0.000000,0.000000,-0.000006,0.000137,0.000010,0.302617,-0.015105,0.444320,0.297762,-0.014451,0.330650,-0.097260,-2.046148
5.496000,1.225462,0.732649,-1.441386,0.255326,0.410403,-1.821824,1.821824,3.000000,0.483345,0.000000,0.000000,-0.000244,-0.000640,-0.000227,0.302617,-0.015106,0.444319,0.297762,-0.014451,0.330450,-0.097460,-2.047726
5.506000,1.191111,0.738961,-1.442337,0.220975,0.416715,-1.822775,1.822775,3.000000,0.471679,0.000000,0.000000,-0.000077,0.000361,0.000156,0.302617,-0.015103,0.444320,0.297762,-0.014451,0.330250,-0.097660,-2.054585
5.516000,1.213976,0.732119,-1.472819,0.243841,0.409873,-1.853257,1.853257,3.000000,0.476921,0.000000,0.000000,-0.000150,0.000337,-0.000060,0.302616,-0.015104,0.444317,0.297762,-0.014451,0.330050,-0.097860,-2.056310
5.526000,1.222660,0.698823,-1.437159,0.252524,0.376577,-1.817596,1.817596,3.000000,0.453407,0.000000,0.000000,0.000254,0.000090,0.000105,0.302618,-0.015104,0.444320,0.297762,-0.014451,0.329850,-0.098060,-2.061360
5.536000,1.220834,0.715484,-1.425713,0.250699,0.393238,-1.806151,1.806151,3.000000,0.466354,0.000000,0.000000,0.000042,-0.000122,0.000208,0.302617,-0.015104,0.444320,0.297762,-0.014451,0.329650,-0.098260,-2.065821
5.546000,1.213967,0.708550,-1.408758,0.243831,0.386304,-1.789196,1.789196,3.000000,0.456820,0.000000,0.000000,0.000185,0.000021,-0.000444,0.302618,-0.015105,0.444319,0.297762,-0.014451,0.329450,-0.098460,-2.063878
5.556000,1.190226,0.724927,-1.406009,0.220090,0.402681,-1.786447,1.786447,3.000000,0.458903,0.000000,0.000000,-0.000254,-0.000183,-0.000140,0.302616,-0.015105,0.444317,0.297762,-0.014451,0.329250,-0.098660,-2.070026
5.566000,1.193903,0.754448,-1.400711,0.223768,0.432202,-1.781149,1.781149,3.000000,0.486693,0.000000,0.000000,-0.000040,-0.000254,0.000455,0.302617,-0.015105,0.444319,0.297762,-0.014451,0.329050,-0.098860,-2.078703
5.576000,1.203361,0.735432,-1.409724,0.233226,0.413185,-1.790162,1.790162,3.000000,0.474464,0.000000,0.000000,0.000085,-0.000191,0.000769,0.302618,-0.015105,0.444319,0.297762,-0.014451,0.328850,-0.099060,-2.084975
5.586000,1.227350,0.700756,-1.381732,0.257215,0.378510,-1.762169,1.762169,3.000000,0.457634,0.000000,0.000000,-0.000024,-0.000259,0.000378,0.302617,-0.015105,0.444319,0.297762,-0.014451,0.328650,-0.099260,-2.085251
5.596000,1.236727,0.712845,-1.375112,0.266591,0.390599,-1.755549,1.755549,3.000000,0.472904,0.000000,0.000000,0.000043,-0.000019,-0.000696,0.302617,-0.015104,0.444315,0.297762,-0.014451,0.328450,-0.099460,-2.079664
5.606000,1.230782,0.717930,-1.380212,0.260646,0.395684,-1.760650,1.760650,3.000000,0.473816,0.000000,0.000000,0.000019,-0.000575,-0.000442,0.302617,-0.015105,0.444315,0.297762,-0.014451,0.328250,-0.099660,-2.085422
5.616000,1.220183,0.720531,-1.382201,0.250047,0.398285,-1.762639,1.762639,3.000000,0.470271,0.000000,0.000000,-0.000110,-0.000339,0.000676,0.302616,-0.015105,0.444317,0.297762,-0.014451,0.328050,-0.099860,-2.098546
5.626000,1.293765,0.721818,-1.361647,0.323629,0.399571,-1.742085,1.742085,3.000000,0.514192,0.000000,0.000000,-0.000181,-0.001024,-0.000137,0.302617,-0.015106,0.444317,0.297762,-0.014451,0.327850,-0.100060,-2.095236
5.636000,1.254692,0.704824,-1.310324,0.284556,0.382578,-1.690762,1.690762,3.000000,0.476800,0.000000,0.000000,-0.000162,-0.000547,-0.000015,0.302617,-0.015104,0.444317,0.297762,-0.014451,0.327650,-0.100260,-2.099884
5.646000,1.224367,0.722039,-1.332977,0.254232,0.399793,-1.713415,1.713415,3.000000,0.473781,0.000000,0.000000,0.000245,-0.000432,0.000331,0.302617,-0.015105,0.444316,0.297762,-0.014451,0.327450,-0.100460,-2.106405
5.656000,1.231306,0.703708,-1.383525,0.261170,0.381462,-1.763963,1.763963,3.000000,0.462302,0.000000,0.000000,0.000271,-0.000272,0.000534,0.302617,-0.015104,0.444318,0.297762,-0.014451,0.327250,-0.100660,-2.111766
5.666000,1.211061,0.699206,-1.371812,0.240926,0.376960,-1.752250,1.752250,3.000000,0.447375,0.000000,0.000000,-0.000023,0.000718,-0.000682,0.302617,-0.015102,0.444316,0.297762,-0.014451,0.327050,-0.100860,-2.105011
5.676000,1.241081,0.657754,-1.368789,0.270945,0.335508,-1.749227,1.749227,3.000000,0.431251,0.000000,0.000000,-0.000258,0.000258,-0.000167,0.302616,-0.015104,0.444316,0.297762,-0.014451,0.326850,-0.101060,-2.112985
5.686000,1.274568,0.695444,-1.393491,0.304432,0.373198,-1.773929,1.773929,3.000000,0.481618,0.000000,0.000000,0.000170,0.000183,0.000508,0.302617,-0.015103,0.444316,0.297762,-0.014451,0.326650,-0.101260,-2.122303
5.696000,1.243888,0.676835,-1.375128,0.273753,0.354589,-1.755566,1.755566,3.000000,0.447966,0.000000,0.000000,-0.000035,-0.000286,-0.000324,0.302616,-0.015105,0.444315,0.297762,-0.014451,0.326450,-0.101460,-2.118824
5.706000,1.302250,0.641336,-1.406540,0.332114,0.319090,-1.786978,1.786978,3.000000,0.460563,0.000000,0.000000,0.000131,-0.000126,0.000861,0.302617,-0.015105,0.444317,0.297762,-0.014451,0.326250,-0.101660,-2.132509
5.716000,1.306484,0.678888,-1.387857,0.336348,0.356642,-1.768295,1.768295,3.000000,0.490228,0.000000,0.000000,0.000052,0.000283,0.000000,0.302616,-0.015104,0.444316,0.297762,-0.014451,0.326050,-0.101860,-2.128787
5.726000,1.248999,0.711023,-1.352132,0.278864,0.388777,-1.732570,1.732570,3.000000,0.478448,0.000000,0.000000,-0.000126,-0.000469,-0.000081,0.302616,-0.015104,0.444316,0.297762,-0.014451,0.325850,-0.102060,-2.131706
5.736000,1.255296,0.725890,-1.344411,0.285160,0.403644,-1.724849,1.724849,3.000000,0.494211,0.000000,0.000000,0.000116,-0.000414,-0.000034,0.302617,-0.015104,0.444316,0.297762,-0.014451,0.325650,-0.102260,-2.135708
5.746000,1.268644,0.683409,-1.325396,0.298508,0.361163,-1.705834,1.705834,3.000000,0.468557,0.000000,0.000000,0.000437,0.000442,0.000439,0.302617,-0.015102,0.444316,0.297762,-0.014451,0.325450,-0.102460,-2.143313
5.756000,1.302655,0.676075,-1.367966,0.332520,0.353829,-1.748404,1.748404,3.000000,0.485555,0.000000,0.000000,-0.000105,0.000654,-0.000142,0.302617,-0.015102,0.444317,0.297762,-0.014451,0.325250,-0.102660,-2.141998
5.766000,1.283697,0.685523,-1.353351,0.313561,0.363276,-1.733789,1.733789,3.000000,0.479886,0.000000,0.000000,0.000192,0.000139,0.000349,0.302617,-0.015103,0.444318,0.297762,-0.014451,0.325050,-0.102860,-2.149799
5.776000,1.265991,0.683718,-1.348521,0.295856,0.361472,-1.728959,1.728959,3.000000,0.467111,0.000000,0.000000,-0.000029,-0.000027,-0.000296,0.302617,-0.015104,0.444317,0.297762,-0.014451,0.324850,-0.103060,-2.147903
5.786000,1.277336,0.686303,-1.354480,0.307200,0.364057,-1.734918,1.734918,3.000000,0.476350,0.000000,0.000000,-0.000332,0.000108,-0.000338,0.302616,-0.015104,0.444315,0.297762,-0.014451,0.324650,-0.103260,-2.151114
5.796000,1.277863,0.702886,-1.398242,0.307727,0.380640,-1.778679,1.778679,3.000000,0.489472,0.000000,0.000000,-0.000187,-0.000136,-0.000168,0.302617,-0.015103,0.444317,0.297762,-0.014451,0.324450,-0.103460,-2.156178
5.806000,1.294126,0.723759,-1.433768,0.323990,0.401513,-1.814206,1.814206,3.000000,0.515929,0.000000,0.000000,-0.000089,0.000159,-0.000096,0.302617,-0.015103,0.444317,0.297762,-0.014451,0.324250,-0.103660,-2.160392
5.816000,1.300821,0.711680,-1.438934,0.330685,0.389434,-1.819372,1.819372,3.000000,0.510893,0.000000,0.000000,-0.000182,-0.000346,-0.000151,0.302617,-0.015104,0.444319,0.297762,-0.014451,0.324050,-0.103860,-2.163562
5.826000,1.321300,0.700360,-1.433555,0.351164,0.378114,-1.813992,1.813992,3.000000,0.516030,0.000000,0.000000,0.000097,-0.000270,0.000010,0.302617,-0.015104,0.444317,0.297762,-0.014451,0.323850,-0.104060,-2.168499
5.836000,1.280483,0.722593,-1.433616,0.310347,0.400347,-1.814053,1.814053,3.000000,0.506550,0.000000,0.000000,0.000045,0.000398,0.000819,0.302617,-0.015103,0.444318,0.297762,-0.014451,0.323650,-0.104260,-2.178980
5.846000,1.301905,0.672968,-1.446650,0.331769,0.350722,-1.827088,1.827088,3.000000,0.482780,0.000000,0.000000,-0.000061,-0.000539,-0.000063,0.302617,-0.015104,0.444318,0.297762,-0.014451,0.323450,-0.104460,-2.175089
5.856000,1.285292,0.679955,-1.447720,0.315156,0.357709,-1.828158,1.828158,3.000000,0.476738,0.000000,0.000000,0.000087,0.000167,0.000451,0.302617,-0.015103,0.444318,0.297762,-0.014451,0.323250,-0.104660,-2.183067
5.866000,1.250867,0.685432,-1.446392,0.280732,0.363186,-1.826830,1.826830,3.000000,0.459036,0.000000,0.000000,-0.000296,0.000284,-0.000214,0.302617,-0.015103,0.444319,0.297762,-0.014451,0.323050,-0.104860,-2.181027
5.876000,1.233643,0.675598,-1.428454,0.263507,0.353352,-1.808892,1.808892,3.000000,0.440788,0.000000,0.000000,-0.000031,-0.000024,-0.000243,0.302617,-0.015104,0.444318,0.297762,-0.014451,0.322850,-0.105060,-2.184366
5.886000,1.233885,0.656821,-1.429110,0.263749,0.334575,-1.809548,1.809548,3.000000,0.426033,0.000000,0.000000,0.000124,-0.000151,0.000997,0.302617,-0.015103,0.444320,0.297762,-0.014451,0.322650,-0.105260,-2.198533
5.896000,1.311409,0.716385,-1.480307,0.341273,0.394139,-1.860745,1.860745,3.000000,0.521357,0.000000,0.000000,0.000460,-0.000358,0.000990,0.302618,-0.015104,0.444321,0.297762,-0.014451,0.322450,-0.105460,-2.202086
5.906000,1.300386,0.717730,-1.509767,0.330250,0.395484,-1.890204,1.890204,3.000000,0.515240,0.000000,0.000000,0.000410,-0.000530,0.000453,0.302618,-0.015104,0.444319,0.297762,-0.014451,0.322250,-0.105660,-2.201093
5.916000,1.245803,0.667077,-1.482427,0.275667,0.344831,-1.862865,1.862865,3.000000,0.441475,0.000000,0.000000,-0.000376,0.000276,0.000116,0.302617,-0.015103,0.444319,0.297762,-0.014451,0.322050,-0.105860,-2.201832
5.926000,1.265759,0.657541,-1.467066,0.295623,0.335295,-1.847504,1.847504,3.000000,0.447007,0.000000,0.000000,-0.000284,-0.000309,-0.001219,0.302616,-0.015104,0.444315,0.297762,-0.014451,0.321850,-0.106060,-2.194039
5.936000,1.279430,0.701052,-1.485090,0.309294,0.378806,-1.865528,1.865528,3.000000,0.489037,0.000000,0.000000,-0.000132,-0.000451,-0.000197,0.302617,-0.015104,0.444317,0.297762,-0.014451,0.321650,-0.106260,-2.206342
5.946000,1.313564,0.680614,-1.520739,0.343428,0.358368,-1.901177,1.901177,3.000000,0.496357,0.000000,0.000000,0.000004,-0.000575,0.000187,0.302617,-0.015105,0.444320,0.297762,-0.014451,0.321450,-0.106460,-2.213247
5.956000,1.287985,0.663265,-1.532625,0.317850,0.341019,-1.913063,1.913063,3.000000,0.466178,0.000000,0.000000,-0.000075,0.000001,-0.000796,0.302617,-0.015104,0.444319,0.297762,-0.014451,0.321250,-0.106660,-2.208494
5.966000,1.274496,0.666716,-1.496752,0.304360,0.344470,-1.877190,1.877190,3.000000,0.459668,0.000000,0.000000,-0.000056,-0.000261,-0.000461,0.302617,-0.015104,0.444317,0.297762,-0.014451,0.321050,-0.106860,-2.214911
5.976000,1.286970,0.697892,-1.496931,0.316835,0.375646,-1.877369,1.877369,3.000000,0.491421,0.000000,0.000000,-0.000348,0.000257,-0.000612,0.302617,-0.015103,0.444318,0.297762,-0.014451,0.320850,-0.107060,-2.217239
5.986000,1.297883,0.657355,-1.511729,0.327747,0.335109,-1.892166,1.892166,3.000000,0.468739,0.000000,0.000000,0.000143,0.000482,0.000606,0.302618,-0.015102,0.444321,0.297762,-0.014451,0.320650,-0.107260,-2.231226
5.996000,1.289036,0.667168,-1.533879,0.318900,0.344922,-1.914317,1.914317,3.000000,0.469754,0.000000,0.000000,-0.000234,0.000259,-0.000947,0.302617,-0.015103,0.444319,0.297762,-0.014451,0.320450,-0.107460,-2.221614
6.006000,1.286681,0.676854,-1.542450,0.316545,0.354608,-1.922888,1.922888,3.000000,0.475340,0.000000,0.000000,0.000005,0.000410,0.000090,0.302617,-0.015103,0.444319,0.297762,-0.014451,0.320250,-0.107660,-2.234009
6.016000,1.228779,0.675821,-1.555113,0.258643,0.353575,-1.935551,1.935551,3.000000,0.438077,0.000000,0.000000,0.000080,0.000108,0.000638,0.302618,-0.015103,0.444320,0.297762,-0.014451,0.320050,-0.107860,-2.242283
6.026000,1.282162,0.683024,-1.549780,0.312026,0.360778,-1.930218,1.930218,3.000000,0.476992,0.000000,0.000000,-0.000043,0.000277,0.000102,0.302617,-0.015104,0.444319,0.297762,-0.014451,0.319850,-0.108060,-2.241304
6.036000,1.255457,0.696733,-1.546090,0.285322,0.374487,-1.926528,1.926528,3.000000,0.470796,0.000000,0.000000,0.000296,-0.000142,0.000224,0.302618,-0.015103,0.444320,0.297762,-0.014451,0.319650,-0.108260,-2.245972
6.046000,1.269881,0.716230,-1.536020,0.299745,0.393984,-1.916458,1.916458,3.000000,0.495046,0.000000,0.000000,-0.000164,-0.000372,-0.000684,0.302617,-0.015104,0.444319,0.297762,-0.014451,0.319450,-0.108460,-2.241846
6.056000,1.215571,0.703578,-1.535810,0.245435,0.381332,-1.916248,1.916248,3.000000,0.453489,0.000000,0.000000,0.000037,0.000549,-0.000857,0.302617,-0.015103,0.444318,0.297762,-0.014451,0.319250,-0.108660,-2.243957
6.066000,1.234401,0.655839,-1.563074,0.264265,0.333593,-1.943512,1.943512,3.000000,0.425582,0.000000,0.000000,-0.000177,-0.000150,0.000421,0.302617,-0.015104,0.444321,0.297762,-0.014451,0.319050,-0.108860,-2.258460
6.076000,1.298738,0.659595,-1.589055,0.328602,0.337349,-1.969493,1.969493,3.000000,0.470939,0.000000,0.000000,-0.000166,-0.000115,-0.000038,0.302617,-0.015104,0.444319,0.297762,-0.014451,0.318850,-0.109060,-2.258119
6.086000,1.295942,0.683668,-1.581724,0.325806,0.361422,-1.962162,1.962162,3.000000,0.486596,0.000000,0.000000,0.000229,0.000153,-0.000460,0.302617,-0.015103,0.444319,0.297762,-0.014451,0.318650,-0.109260,-2.258145
6.096000,1.271802,0.662886,-1.586362,0.301667,0.340640,-1.966800,1.966800,3.000000,0.455014,0.000000,0.000000,0.000187,-0.000182,-0.000502,0.302618,-0.015104,0.444320,0.297762,-0.014451,0.318450,-0.109460,-2.261393
6.106000,1.287443,0.672038,-1.574384,0.317307,0.349792,-1.954822,1.954822,3.000000,0.472269,0.000000,0.000000,0.000159,0.000144,0.001107,0.302618,-0.015103,0.444322,0.297762,-0.014451,0.318250,-0.109660,-2.278687
6.116000,1.272833,0.675784,-1.591610,0.302697,0.353538,-1.972048,1.972048,3.000000,0.465419,0.000000,0.000000,-0.000161,-0.000096,0.000231,0.302617,-0.015103,0.444322,0.297762,-0.014451,0.318050,-0.109860,-2.274857
6.126000,1.281838,0.664542,-1.610674,0.311702,0.342296,-1.991112,1.991112,3.000000,0.462952,0.000000,0.000000,-0.000309,0.000110,-0.000666,0.302617,-0.015104,0.444320,0.297762,-0.014451,0.317850,-0.110060,-2.270809
6.136000,1.231038,0.662153,-1.596277,0.260902,0.339907,-1.976715,1.976715,3.000000,0.428494,0.000000,0.000000,0.000028,0.000018,0.000108,0.302618,-0.015104,0.444321,0.297762,-0.014451,0.317650,-0.110260,-2.280995
6.146000,1.255786,0.632971,-1.587796,0.285650,0.310725,-1.968234,1.968234,3.000000,0.422073,0.000000,0.000000,-0.000277,0.000340,-0.000464,0.302617,-0.015102,0.444320,0.297762,-0.014451,0.317450,-0.110460,-2.279732
6.156000,1.275787,0.662824,-1.590827,0.305651,0.340578,-1.971265,1.971265,3.000000,0.457620,0.000000,0.000000,-0.000092,-0.000270,0.000221,0.302617,-0.015103,0.444319,0.297762,-0.014451,0.317250,-0.110660,-2.289125
6.166000,1.241526,0.656649,-1.591825,0.271390,0.334403,-1.972263,1.972263,3.000000,0.430672,0.000000,0.000000,0.000155,0.000518,0.000135,0.302618,-0.015103,0.444320,0.297762,-0.014451,0.317050,-0.110860,-2.292008
6.176000,1.246045,0.664635,-1.635529,0.275909,0.342389,-2.015967,2.015967,3.000000,0.439722,0.000000,0.000000,0.000158,-0.000341,0.000940,0.302618,-0.015105,0.444321,0.297762,-0.014451,0.316890,-0.111020,-2.301752
6.186000,1.274220,0.701154,-1.632281,0.304085,0.378908,-2.012718,2.012718,3.000000,0.485838,0.000000,0.000000,-0.000442,-0.000121,-0.000385,0.302617,-0.015105,0.444320,0.297762,-0.014451,0.316890,-0.111020,-2.290476
6.196000,1.291678,0.703924,-1.611022,0.321542,0.381678,-1.991460,1.991460,3.000000,0.499067,0.000000,0.000000,0.000130,0.000388,0.000077,0.302618,-0.015103,0.444321,0.297762,-0.014451,0.316710,-0.111200,-2.297654
6.206000,1.249037,0.671890,-1.630284,0.278902,0.349643,-2.010722,2.010722,3.000000,0.447255,0.000000,0.000000,-0.000204,-0.000262,0.000367,0.302617,-0.015104,0.444320,0.297762,-0.014451,0.316630,-0.111280,-2.301539
6.216000,1.270176,0.708901,-1.592595,0.300040,0.386655,-1.973033,1.973033,3.000000,0.489414,0.000000,0.000000,-0.000089,-0.000135,-0.000216,0.302618,-0.015104,0.444321,0.297762,-0.014451,0.316530,-0.111380,-2.298401
6.226000,1.241071,0.687909,-1.586092,0.270935,0.365663,-1.966530,1.966530,3.000000,0.455099,0.000000,0.000000,-0.000065,0.000260,0.000227,0.302617,-0.015104,0.444321,0.297762,-0.014451,0.316330,-0.111580,-2.305771
6.236000,1.248277,0.644424,-1.620808,0.278142,0.322177,-2.001246,2.001246,3.000000,0.425630,0.000000,0.000000,0.000088,-0.000060,-0.000003,0.302618,-0.015105,0.444321,0.297762,-0.014451,0.316150,-0.111760,-2.307056
6.246000,1.214459,0.703701,-1.601688,0.244324,0.381455,-1.982126,1.982126,3.000000,0.452992,0.000000,0.000000,-0.000048,-0.000054,-0.000200,0.302617,-0.015104,0.444320,0.297762,-0.014451,0.315990,-0.111920,-2.308260
6.256000,1.267392,0.716755,-1.606698,0.297257,0.394509,-1.987136,1.987136,3.000000,0.493962,0.000000,0.000000,0.000012,0.000018,-0.000064,0.302618,-0.015104,0.444320,0.297762,-0.014451,0.315790,-0.112120,-2.312999
6.266000,1.207716,0.702550,-1.621358,0.237580,0.380304,-2.001796,2.001796,3.000000,0.448414,0.000000,0.000000,-0.000093,-0.000125,-0.000658,0.302617,-0.015104,0.444319,0.297762,-0.014451,0.315730,-0.112180,-2.309021
6.276000,1.262257,0.701808,-1.616513,0.292121,0.379562,-1.996951,1.996951,3.000000,0.478959,0.000000,0.000000,-0.000082,-0.000420,0.000530,0.302617,-0.015105,0.444320,0.297762,-0.014451,0.315530,-0.112380,-2.322721
6.286000,1.263839,0.690500,-1.614993,0.293704,0.368253,-1.995431,1.995431,3.000000,0.471033,0.000000,0.000000,-0.000205,-0.000266,-0.000225,0.302618,-0.015104,0.444321,0.297762,-0.014451,0.315490,-0.112420,-2.317050
6.296000,1.252627,0.672950,-1.609617,0.282491,0.350703,-1.990055,1.990055,3.000000,0.450327,0.000000,0.000000,-0.000019,-0.000699,-0.000854,0.302618,-0.015105,0.444319,0.297762,-0.014451,0.315350,-0.112560,-2.314211
6.306000,1.333242,0.687676,-1.616784,0.363107,0.365430,-1.997222,1.997222,3.000000,0.515156,0.000000,0.000000,-0.000254,0.000278,0.000678,0.302617,-0.015102,0.444321,0.297762,-0.014451,0.315150,-0.112760,-2.330837
6.316000,1.324284,0.673896,-1.631362,0.354148,0.351650,-2.011800,2.011800,3.000000,0.499078,0.000000,0.000000,0.000176,0.000075,-0.000231,0.302618,-0.015103,0.444320,0.297762,-0.014451,0.315150,-0.112760,-2.323102
6.326000,1.184476,0.683352,-1.622008,0.214340,0.361106,-2.002446,2.002446,3.000000,0.419928,0.000000,0.000000,0.000224,0.000253,0.000893,0.302618,-0.015103,0.444323,0.297762,-0.014451,0.315150,-0.112760,-2.332691
6.336000,1.250974,0.659938,-1.658218,0.280838,0.337692,-2.038655,2.038655,3.000000,0.439210,0.000000,0.000000,0.000188,0.000277,0.000699,0.302618,-0.015103,0.444323,0.297762,-0.014451,0.315150,-0.112760,-2.331042
6.346000,1.241834,0.680624,-1.625774,0.271698,0.358377,-2.006212,2.006212,3.000000,0.449727,0.000000,0.000000,0.000027,-0.000088,0.000653,0.302618,-0.015103,0.444322,0.297762,-0.014451,0.315150,-0.112760,-2.330640
6.356000,1.261851,0.701646,-1.632823,0.291716,0.379400,-2.013260,2.013260,3.000000,0.478584,0.000000,0.000000,-0.000099,0.000237,0.000065,0.302617,-0.015103,0.444320,0.297762,-0.014451,0.315150,-0.112760,-2.325617
6.366000,1.285946,0.669370,-1.628793,0.315810,0.347124,-2.009231,2.009231,3.000000,0.469288,0.000000,0.000000,-0.000137,0.000142,-0.000505,0.302617,-0.015103,0.444320,0.297762,-0.014451,0.315150,-0.112760,-2.320783
6.376000,1.252671,0.652795,-1.617753,0.282536,0.330548,-1.998191,1.998191,3.000000,0.434843,0.000000,0.000000,-0.000071,-0.000394,0.000543,0.302617,-0.015104,0.444322,0.297762,-0.014451,0.314970,-0.112940,-2.332940
6.386000,1.281813,0.656037,-1.643516,0.311677,0.333791,-2.023954,2.023954,3.000000,0.456682,0.000000,0.000000,0.000141,-0.000088,0.000410,0.302618,-0.015103,0.444321,0.297762,-0.014451,0.314970,-0.112940,-2.331806
6.396000,1.247393,0.680451,-1.625632,0.277257,0.358205,-2.006070,2.006070,3.000000,0.452970,0.000000,0.000000,0.000119,-0.000129,-0.000145,0.302617,-0.015105,0.444321,0.297762,-0.014451,0.314970,-0.112940,-2.327102
6.406000,1.227606,0.679589,-1.624680,0.257470,0.357343,-2.005118,2.005118,3.000000,0.440437,0.000000,0.000000,0.000210,-0.000491,-0.000308,0.302618,-0.015105,0.444319,0.297762,-0.014451,0.314830,-0.113080,-2.328190
6.416000,1.287752,0.694272,-1.635012,0.317617,0.372026,-2.015450,2.015450,3.000000,0.489166,0.000000,0.000000,-0.000271,-0.000294,0.000345,0.302617,-0.015105,0.444321,0.297762,-0.014451,0.314830,-0.113080,-2.333777
6.426000,1.270733,0.673733,-1.601289,0.300597,0.351487,-1.981727,1.981727,3.000000,0.462495,0.000000,0.000000,-0.000205,-0.000209,-0.000598,0.302618,-0.015103,0.444321,0.297762,-0.014451,0.314690,-0.113220,-2.328288
6.436000,1.313178,0.686272,-1.652040,0.343042,0.364026,-2.032477,2.032477,3.000000,0.500193,0.000000,0.000000,0.000012,-0.000019,0.000298,0.302618,-0.015104,0.444321,0.297762,-0.014451,0.314570,-0.113340,-2.338057
6.446000,1.248571,0.694528,-1.642938,0.278435,0.372282,-2.023376,2.023376,3.000000,0.464887,0.000000,0.000000,0.000152,-0.000087,0.000075,0.302618,-0.015103,0.444322,0.297762,-0.014451,0.314570,-0.113340,-2.336177
6.456000,1.316544,0.661771,-1.678578,0.346409,0.339524,-2.059016,2.059016,3.000000,0.485052,0.000000,0.000000,0.000015,-0.000058,0.000011,0.302618,-0.015103,0.444321,0.297762,-0.014451,0.314570,-0.113340,-2.335622
6.466000,1.275156,0.671002,-1.649373,0.305020,0.348756,-2.029811,2.029811,3.000000,0.463323,0.000000,0.000000,0.000013,-0.000409,-0.000564,0.302618,-0.015105,0.444321,0.297762,-0.014451,0.314570,-0.113340,-2.330743
6.476000,1.244500,0.695036,-1.682802,0.274364,0.372790,-2.063240,2.063240,3.000000,0.462870,0.000000,0.000000,0.000152,0.000158,0.000205,0.302618,-0.015104,0.444322,0.297762,-0.014451,0.314570,-0.113340,-2.337283
6.486000,1.262637,0.658596,-1.713135,0.292502,0.336350,-2.093572,2.093572,3.000000,0.445745,0.000000,0.000000,0.000059,0.000031,-0.000191,0.302618,-0.015104,0.444322,0.297762,-0.014451,0.314570,-0.113340,-2.333914
6.496000,1.196090,0.694931,-1.676598,0.225954,0.372685,-2.057036,2.057036,3.000000,0.435832,0.000000,0.000000,0.000037,-0.000232,0.000722,0.302618,-0.015103,0.444325,0.297762,-0.014451,0.314570,-0.113340,-2.341728
6.506000,1.203739,0.713293,-1.684078,0.233604,0.391047,-2.064516,2.064516,3.000000,0.455509,0.000000,0.000000,-0.000273,-0.000003,0.000620,0.302618,-0.015104,0.444324,0.297762,-0.014451,0.314570,-0.113340,-2.340832
6.516000,1.229317,0.673924,-1.710959,0.259182,0.351678,-2.091397,2.091397,3.000000,0.436867,0.000000,0.000000,0.000124,0.000271,0.000447,0.302618,-0.015103,0.444322,0.297762,-0.014451,0.314570,-0.113340,-2.339333
6.526000,1.271443,0.656352,-1.742670,0.301307,0.334106,-2.123108,2.123108,3.000000,0.449903,0.000000,0.000000,-0.000073,0.000537,0.000019,0.302618,-0.015102,0.444322,0.297762,-0.014451,0.314570,-0.113340,-2.335696
6.536000,1.298101,0.696471,-1.751520,0.327965,0.374225,-2.131958,2.131958,3.000000,0.497600,0.000000,0.000000,0.000308,0.000362,-0.000252,0.302619,-0.015103,0.444322,0.297762,-0.014451,0.314570,-0.113340,-2.333410
6.546000,1.227272,0.701635,-1.719892,0.257136,0.379389,-2.100330,2.100330,3.000000,0.458317,0.000000,0.000000,0.000115,-0.000709,0.000364,0.302618,-0.015106,0.444321,0.297762,-0.014451,0.314570,-0.113340,-2.338615
6.556000,1.213441,0.700841,-1.695165,0.243305,0.378595,-2.075603,2.075603,3.000000,0.450035,0.000000,0.000000,-0.000215,-0.000548,-0.000424,0.302618,-0.015105,0.444322,0.297762,-0.014451,0.314570,-0.113340,-2.331937
6.566000,1.231268,0.700655,-1.701758,0.261133,0.378409,-2.082196,2.082196,3.000000,0.459764,0.000000,0.000000,0.000322,-0.000108,0.000021,0.302618,-0.015104,0.444322,0.297762,-0.014451,0.314570,-0.113340,-2.335719
6.576000,1.210011,0.719980,-1.714631,0.239875,0.397734,-2.095069,2.095069,3.000000,0.464470,0.000000,0.000000,0.000173,0.000041,0.000144,0.302618,-0.015104,0.444322,0.297762,-0.014451,0.314570,-0.113340,-2.336763
6.586000,1.283334,0.676321,-1.773441,0.313198,0.354075,-2.153879,2.153879,3.000000,0.472717,0.000000,0.000000,0.000148,0.000754,0.000757,0.302618,-0.015103,0.444325,0.297762,-0.014451,0.314570,-0.113340,-2.342014
6.596000,1.264139,0.697083,-1.732928,0.294003,0.374837,-2.113366,2.113366,3.000000,0.476383,0.000000,0.000000,-0.000369,-0.000233,-0.000329,0.302617,-0.015104,0.444322,0.297762,-0.014451,0.314570,-0.113340,-2.332753
6.606000,1.249716,0.710550,-1.747874,0.279580,0.388304,-2.128312,2.128312,3.000000,0.478482,0.000000,0.000000,-0.000074,0.000132,-0.000733,0.302618,-0.015104,0.444322,0.297762,-0.014451,0.314570,-0.113340,-2.329327
6.616000,1.212100,0.697654,-1.753352,0.241964,0.375408,-2.133790,2.133790,3.000000,0.446629,0.000000,0.000000,0.000166,0.000208,0.000286,0.302619,-0.015103,0.444323,0.297762,-0.014451,0.314570,-0.113340,-2.337996
6.626000,1.229759,0.682662,-1.773722,0.259623,0.360416,-2.154160,2.154160,3.000000,0.444189,0.000000,0.000000,-0.000156,0.000236,0.000657,0.302618,-0.015103,0.444324,0.297762,-0.014451,0.314570,-0.113340,-2.341151
6.636000,1.159512,0.699095,-1.761664,0.189377,0.376849,-2.142102,2.142102,3.000000,0.421756,0.000000,0.000000,-0.000196,0.000044,-0.000050,0.302618,-0.015103,0.444323,0.297762,-0.014451,0.314570,-0.113340,-2.335135
6.646000,1.213161,0.701097,-1.791219,0.243025,0.378851,-2.171657,2.171657,3.000000,0.450099,0.000000,0.000000,0.000290,-0.000751,0.000161,0.302618,-0.015106,0.444322,0.297762,-0.014451,0.314570,-0.113340,-2.336907
6.656000,1.279532,0.716474,-1.802469,0.309396,0.394228,-2.182907,2.182907,3.000000,0.501140,0.000000,0.000000,-0.000138,-0.000738,-0.000676,0.302619,-0.015105,0.444322,0.297762,-0.014451,0.314570,-0.113340,-2.329801
6.666000,1.171623,0.682284,-1.756202,0.201488,0.360038,-2.136640,2.136640,3.000000,0.412583,0.000000,0.000000,-0.000129,-0.000083,-0.000612,0.302618,-0.015105,0.444323,0.297762,-0.014451,0.314570,-0.113340,-2.330370
6.676000,1.178540,0.699294,-1.767416,0.208405,0.377047,-2.147854,2.147854,3.000000,0.430810,0.000000,0.000000,0.000004,-0.000370,-0.000454,0.302618,-0.015105,0.444321,0.297762,-0.014451,0.314570,-0.113340,-2.331676
6.686000,1.252325,0.704856,-1.809652,0.282189,0.382609,-2.190090,2.190090,3.000000,0.475416,0.000000,0.000000,0.000152,-0.000415,0.000033,0.302619,-0.015105,0.444323,0.297762,-0.014451,0.314570,-0.113340,-2.335832
6.696000,1.212278,0.706961,-1.772711,0.242143,0.384715,-2.153149,2.153149,3.000000,0.454575,0.000000,0.000000,-0.000116,-0.000284,-0.000421,0.302618,-0.015104,0.444323,0.297762,-0.014451,0.314570,-0.113340,-2.331979
6.706000,1.176123,0.712122,-1.763292,0.205988,0.389876,-2.143730,2.143730,3.000000,0.440947,0.000000,0.000000,0.000013,0.000795,-0.000153,0.302618,-0.015103,0.444324,0.297762,-0.014451,0.314570,-0.113340,-2.334275
6.716000,1.162657,0.707275,-1.774002,0.192521,0.385029,-2.154440,2.154440,3.000000,0.430478,0.000000,0.000000,0.000293,0.000291,-0.000529,0.302619,-0.015103,0.444323,0.297762,-0.014451,0.314570,-0.113340,-2.331071
6.726000,1.159825,0.713447,-1.775538,0.189689,0.391201,-2.155976,2.155976,3.000000,0.434764,0.000000,0.000000,-0.000009,0.000483,-0.000249,0.302619,-0.015102,0.444324,0.297762,-0.014451,0.314570,-0.113340,-2.333456
6.736000,1.185718,0.715695,-1.787393,0.215582,0.393449,-2.167831,2.167831,3.000000,0.448640,0.000000,0.000000,-0.000012,0.000211,0.000118,0.302618,-0.015104,0.444324,0.297762,-0.014451,0.314570,-0.113340,-2.336573
6.746000,1.230124,0.691993,-1.785051,0.259988,0.369747,-2.165489,2.165489,3.000000,0.452003,0.000000,0.000000,-0.000157,-0.000222,0.000084,0.302618,-0.015104,0.444323,0.297762,-0.014451,0.314570,-0.113340,-2.336272
6.756000,1.270187,0.708725,-1.821377,0.300052,0.386479,-2.201815,2.201815,3.000000,0.489282,0.000000,0.000000,-0.000073,-0.000179,0.000068,0.302618,-0.015103,0.444324,0.297762,-0.014451,0.314570,-0.113340,-2.336151
6.766000,1.209112,0.731112,-1.802206,0.238976,0.408866,-2.182644,2.182644,3.000000,0.473584,0.000000,0.000000,-0.000137,0.000097,-0.000361,0.302618,-0.015104,0.444323,0.297762,-0.014451,0.314570,-0.113340,-2.332486
6.776000,1.163795,0.732537,-1.770295,0.193659,0.410291,-2.150733,2.150733,3.000000,0.453699,0.000000,0.000000,0.000218,-0.000698,0.000056,0.302619,-0.015105,0.444323,0.297762,-0.014451,0.314570,-0.113340,-2.336041
6.786000,1.209746,0.733405,-1.811234,0.239610,0.411159,-2.191672,2.191672,3.000000,0.475883,0.000000,0.000000,0.000109,-0.000352,0.000256,0.302619,-0.015103,0.444325,0.297762,-0.014451,0.314570,-0.113340,-2.337777
6.796000,1.214764,0.673992,-1.819564,0.244628,0.351745,-2.200002,2.200002,3.000000,0.428448,0.000000,0.000000,-0.000000,-0.000219,-0.000230,0.302619,-0.015104,0.444323,0.297762,-0.014451,0.314570,-0.113340,-2.333610
6.806000,1.227366,0.655925,-1.799572,0.257230,0.333679,-2.180010,2.180010,3.000000,0.421318,0.000000,0.000000,-0.000114,-0.000400,-0.000213,0.302618,-0.015104,0.444323,0.297762,-0.014451,0.314570,-0.113340,-2.333758
6.816000,1.201201,0.723526,-1.793255,0.231065,0.401280,-2.173692,2.173692,3.000000,0.463051,0.000000,0.000000,-0.000065,-0.000732,0.000049,0.302618,-0.015104,0.444324,0.297762,-0.014451,0.314570,-0.113340,-2.335985
6.826000,1.192052,0.710688,-1.803261,0.221916,0.388442,-2.183699,2.183699,3.000000,0.447363,0.000000,0.000000,0.000402,-0.000438,0.000303,0.302620,-0.015104,0.444324,0.297762,-0.014451,0.314570,-0.113340,-2.338152
6.836000,1.191965,0.708606,-1.797947,0.221829,0.386360,-2.178385,2.178385,3.000000,0.445514,0.000000,0.000000,-0.000181,-0.000157,-0.000875,0.302618,-0.015104,0.444322,0.297762,-0.014451,0.314570,-0.113340,-2.328112
6.846000,1.157511,0.678814,-1.780854,0.187376,0.356568,-2.161292,2.161292,3.000000,0.402803,0.000000,0.000000,0.000084,-0.000380,0.000139,0.302619,-0.015105,0.444323,0.297762,-0.014451,0.314570,-0.113340,-2.336744
6.856000,1.226584,0.663909,-1.827181,0.256448,0.341663,-2.207618,2.207618,3.000000,0.427200,0.000000,0.000000,0.000037,0.000090,-0.000465,0.302618,-0.015104,0.444322,0.297762,-0.014451,0.314570,-0.113340,-2.331603
6.866000,1.220315,0.684025,-1.808968,0.250179,0.361779,-2.189405,2.189405,3.000000,0.439856,0.000000,0.000000,0.000122,0.000095,-0.000061,0.302618,-0.015105,0.444323,0.297762,-0.014451,0.314570,-0.113340,-2.335042
6.876000,1.153921,0.697707,-1.795129,0.183785,0.375461,-2.175567,2.175567,3.000000,0.418028,0.000000,0.000000,0.000274,0.000503,-0.000910,0.302618,-0.015104,0.444322,0.297762,-0.014451,0.314570,-0.113340,-2.327821
6.886000,1.169617,0.730912,-1.772674,0.199481,0.408665,-2.153112,2.153112,3.000000,0.454753,0.000000,0.000000,-0.000152,0.000635,-0.000702,0.302618,-0.015104,0.444322,0.297762,-0.014451,0.314570,-0.113340,-2.329596
6.896000,1.209582,0.718114,-1.808226,0.239446,0.395868,-2.188664,2.188664,3.000000,0.462651,0.000000,0.000000,0.000252,0.000122,-0.000077,0.302619,-0.015105,0.444324,0.297762,-0.014451,0.314570,-0.113340,-2.334929
6.906000,1.205074,0.713866,-1.775731,0.234938,0.391620,-2.156168,2.156168,3.000000,0.456686,0.000000,0.000000,-0.000274,0.000189,0.000404,0.302618,-0.015105,0.444323,0.297762,-0.014451,0.314570,-0.113340,-2.338984
6.916000,1.255066,0.701918,-1.808266,0.284930,0.379671,-2.188704,2.188704,3.000000,0.474695,0.000000,0.000000,0.000005,0.000112,0.000431,0.302619,-0.015104,0.444325,0.297762,-0.014451,0.314570,-0.113340,-2.339254
6.926000,1.212662,0.743887,-1.783058,0.242526,0.421641,-2.163496,2.163496,3.000000,0.486415,0.000000,0.000000,0.000134,0.000195,-0.000395,0.302619,-0.015104,0.444323,0.297762,-0.014451,0.314570,-0.113340,-2.332217
6.936000,1.186430,0.732116,-1.790084,0.216294,0.409870,-2.170522,2.170522,3.000000,0.463440,0.000000,0.000000,-0.000014,-0.000589,-0.000396,0.302618,-0.015106,0.444322,0.297762,-0.014451,0.314570,-0.113340,-2.332187
6.946000,1.228660,0.709045,-1.787346,0.258524,0.386799,-2.167784,2.167784,3.000000,0.465239,0.000000,0.000000,0.000239,-0.000005,0.000556,0.302619,-0.015104,0.444325,0.297762,-0.014451,0.314570,-0.113340,-2.340317
6.956000,1.248635,0.718508,-1.821219,0.278499,0.396262,-2.201656,2.201656,3.000000,0.484340,0.000000,0.000000,-0.000097,0.000464,-0.000256,0.302618,-0.015104,0.444324,0.297762,-0.014451,0.314570,-0.113340,-2.333400
6.966000,1.201399,0.757686,-1.794971,0.231263,0.435440,-2.175409,2.175409,3.000000,0.493042,0.000000,0.000000,-0.000182,0.000264,0.000700,0.302618,-0.015103,0.444325,0.297762,-0.014451,0.314570,-0.113340,-2.341535
6.976000,1.219910,0.730231,-1.817994,0.249775,0.407985,-2.198432,2.198432,3.000000,0.478372,0.000000,0.000000,0.000258,0.000312,-0.000149,0.302619,-0.015105,0.444323,0.297762,-0.014451,0.314570,-0.113340,-2.334285
6.986000,1.228834,0.710743,-1.830415,0.258698,0.388497,-2.210853,2.210853,3.000000,0.466749,0.000000,0.000000,-0.000080,0.000009,-0.000020,0.302618,-0.015103,0.444323,0.297762,-0.014451,0.314570,-0.113340,-2.335381
6.996000,1.206929,0.708245,-1.827565,0.236793,0.385999,-2.208003,2.208003,3.000000,0.452843,0.000000,0.000000,-0.000017,-0.000332,-0.000472,0.302619,-0.015104,0.444324,0.297762,-0.014451,0.314570,-0.113340,-2.331572
7.006000,1.175891,0.708739,-1.813892,0.205755,0.386492,-2.194330,2.194330,3.000000,0.437849,0.000000,0.000000,-0.000038,-0.000342,-0.000775,0.302619,-0.015104,0.444323,0.297762,-0.014451,0.314570,-0.113340,-2.328975
7.016000,1.187588,0.697696,-1.826123,0.217452,0.375450,-2.206561,2.206561,3.000000,0.433876,0.000000,0.000000,-0.000214,-0.000169,-0.000294,0.302618,-0.015104,0.444324,0.297762,-0.014451,0.314570,-0.113340,-2.333085
7.026000,1.213058,0.717529,-1.857662,0.242923,0.395283,-2.238100,2.238100,3.000000,0.463961,0.000000,0.000000,0.000241,0.000116,0.000552,0.302619,-0.015104,0.444327,0.297762,-0.014451,0.314570,-0.113340,-2.340305
7.036000,1.197282,0.688715,-1.851254,0.227146,0.366468,-2.231692,2.231692,3.000000,0.431155,0.000000,0.000000,-0.000173,0.000426,-0.000135,0.302618,-0.015103,0.444324,0.297762,-0.014451,0.314570,-0.113340,-2.334439
7.046000,1.123830,0.671384,-1.859207,0.153694,0.349137,-2.239645,2.239645,3.000000,0.381469,0.000000,0.000000,-0.000101,-0.000332,-0.000690,0.302618,-0.015104,0.444322,0.297762,-0.014451,0.314570,-0.113340,-2.329690
7.056000,1.145517,0.677752,-1.846327,0.175381,0.355506,-2.226764,2.226764,3.000000,0.396412,0.000000,0.000000,-0.000094,0.000159,-0.000012,0.302619,-0.015104,0.444324,0.297762,-0.014451,0.314570,-0.113340,-2.335480
7.066000,1.164261,0.716834,-1.864222,0.194125,0.394588,-2.244660,2.244660,3.000000,0.439755,0.000000,0.000000,-0.000312,0.000200,-0.000604,0.302618,-0.015103,0.444324,0.297762,-0.014451,0.314570,-0.113340,-2.330447
7.076000,1.142492,0.708431,-1.866931,0.172356,0.386185,-2.247369,2.247369,3.000000,0.422901,0.000000,0.000000,-0.000259,0.000055,-0.000396,0.302618,-0.015104,0.444323,0.297762,-0.014451,0.314570,-0.113340,-2.332200
7.086000,1.176711,0.709960,-1.878774,0.206575,0.387714,-2.259212,2.259212,3.000000,0.439313,0.000000,0.000000,-0.000253,-0.000401,-0.000078,0.302618,-0.015106,0.444324,0.297762,-0.014451,0.314570,-0.113340,-2.334921
7.096000,1.230031,0.742851,-1.886996,0.259895,0.420605,-2.267434,2.267434,3.000000,0.494423,0.000000,0.000000,0.000212,0.000004,0.000751,0.302620,-0.015105,0.444327,0.297762,-0.014451,0.314570,-0.113340,-2.342002
7.106000,1.241011,0.726396,-1.881664,0.270875,0.404150,-2.262102,2.262102,3.000000,0.486529,0.000000,0.000000,-0.000468,0.000531,0.000109,0.302618,-0.015103,0.444323,0.297762,-0.014451,0.314570,-0.113340,-2.336494
7.116000,1.252782,0.720652,-1.870985,0.282646,0.398406,-2.251423,2.251423,3.000000,0.488483,0.000000,0.000000,-0.000108,0.000245,0.000480,0.302619,-0.015104,0.444326,0.297762,-0.014451,0.314570,-0.113340,-2.339695
7.126000,1.199513,0.703561,-1.852487,0.229377,0.381315,-2.232925,2.232925,3.000000,0.444989,0.000000,0.000000,-0.000000,-0.000216,0.000378,0.302619,-0.015105,0.444325,0.297762,-0.014451,0.314570,-0.113340,-2.338803
7.136000,1.182059,0.713414,-1.885298,0.211924,0.391168,-2.265736,2.265736,3.000000,0.444886,0.000000,0.000000,-0.000154,-0.000160,-0.000376,0.302618,-0.015105,0.444323,0.297762,-0.014451,0.314570,-0.113340,-2.332373
7.146000,1.151450,0.687400,-1.876052,0.181314,0.365154,-2.256490,2.256490,3.000000,0.407692,0.000000,0.000000,0.000073,-0.000033,0.000318,0.302619,-0.015104,0.444326,0.297762,-0.014451,0.314570,-0.113340,-2.338308
7.156000,1.155297,0.721089,-1.873888,0.185161,0.398843,-2.254326,2.254326,3.000000,0.439728,0.000000,0.000000,-0.000383,-0.000286,0.000019,0.302618,-0.015104,0.444326,0.297762,-0.014451,0.314570,-0.113340,-2.335766
7.166000,1.164756,0.718445,-1.868707,0.194620,0.396199,-2.249144,2.249144,3.000000,0.441419,0.000000,0.000000,-0.000046,-0.000142,0.000086,0.302619,-0.015104,0.444326,0.297762,-0.014451,0.314570,-0.113340,-2.336337
7.176000,1.114090,0.712471,-1.880989,0.143954,0.390225,-2.261427,2.261427,3.000000,0.415930,0.000000,0.000000,0.000026,0.000230,-0.000751,0.302619,-0.015104,0.444324,0.297762,-0.014451,0.314570,-0.113340,-2.329201
7.186000,1.127038,0.675602,-1.897607,0.156902,0.353356,-2.278045,2.278045,3.000000,0.386624,0.000000,0.000000,-0.000009,0.000261,-0.000675,0.302619,-0.015105,0.444324,0.297762,-0.014451,0.314570,-0.113340,-2.329852
7.196000,1.174984,0.703264,-1.932056,0.204848,0.381018,-2.312493,2.312493,3.000000,0.432594,0.000000,0.000000,0.000107,0.000041,0.000157,0.302620,-0.015103,0.444327,0.297762,-0.014451,0.314570,-0.113340,-2.336958
7.206000,1.105810,0.701408,-1.920744,0.135674,0.379162,-2.301181,2.301181,3.000000,0.402705,0.000000,0.000000,-0.000140,-0.000082,-0.000032,0.302619,-0.015105,0.444327,0.297762,-0.014451,0.314570,-0.113340,-2.335361
7.216000,1.130568,0.723149,-1.942570,0.160433,0.400903,-2.323008,2.323008,3.000000,0.431812,0.000000,0.000000,0.000070,0.000290,-0.000163,0.302619,-0.015103,0.444326,0.297762,-0.014451,0.314570,-0.113340,-2.334233
7.226000,1.107600,0.729159,-1.954292,0.137464,0.406913,-2.334730,2.334730,3.000000,0.429505,0.000000,0.000000,0.000463,0.000277,0.000853,0.302620,-0.015104,0.444330,0.297762,-0.014451,0.314570,-0.113340,-2.342925
7.236000,1.104053,0.718295,-2.001225,0.133917,0.396049,-2.381662,2.381662,3.000000,0.418077,0.000000,0.000000,-0.000084,0.000004,0.000077,0.302619,-0.015105,0.444327,0.297762,-0.014451,0.314570,-0.113340,-2.336280
7.246000,1.186937,0.732053,-2.024691,0.216801,0.409807,-2.405129,2.405129,3.000000,0.463621,0.000000,0.000000,-0.000006,0.000100,0.000070,0.302620,-0.015104,0.444327,0.297762,-0.014451,0.314570,-0.113340,-2.336229
7.256000,1.118881,0.695261,-1.981533,0.148745,0.373015,-2.361971,2.361971,3.000000,0.401578,0.000000,0.000000,0.000283,-0.000069,0.000348,0.302619,-0.015104,0.444326,0.297762,-0.014451,0.314570,-0.113340,-2.338577
7.266000,1.085202,0.693639,-1.998794,0.115066,0.371392,-2.379232,2.379232,3.000000,0.388809,0.000000,0.000000,-0.000055,0.000253,-0.000116,0.302620,-0.015103,0.444328,0.297762,-0.014451,0.314570,-0.113340,-2.334660
7.276000,1.115382,0.712464,-1.998453,0.145246,0.390218,-2.378891,2.378891,3.000000,0.416373,0.000000,0.000000,0.000113,-0.000192,0.000460,0.302620,-0.015105,0.444328,0.297762,-0.014451,0.314570,-0.113340,-2.339552
7.286000,1.129716,0.684806,-2.035565,0.159581,0.362560,-2.416003,2.416003,3.000000,0.396126,0.000000,0.000000,-0.000121,-0.000730,0.000314,0.302619,-0.015106,0.444328,0.297762,-0.014451,0.314570,-0.113340,-2.338309
7.296000,1.110808,0.721006,-2.005286,0.140673,0.398760,-2.385724,2.385724,3.000000,0.422845,0.000000,0.000000,-0.000029,0.000399,0.000174,0.302620,-0.015103,0.444328,0.297762,-0.014451,0.314570,-0.113340,-2.337128
7.306000,1.057895,0.731332,-2.010441,0.087759,0.409086,-2.390879,2.390879,3.000000,0.418393,0.000000,0.000000,0.000151,0.000287,0.000410,0.302620,-0.015103,0.444327,0.297762,-0.014451,0.314570,-0.113340,-2.339112
7.316000,1.041068,0.748746,-2.017138,0.070933,0.426499,-2.397575,2.397575,3.000000,0.432358,0.000000,0.000000,0.000011,0.000468,0.000021,0.302619,-0.015104,0.444327,0.297762,-0.014451,0.314570,-0.113340,-2.335803
7.326000,1.056677,0.720779,-2.022940,0.086541,0.398533,-2.403378,2.403378,3.000000,0.407821,0.000000,0.000000,0.000002,-0.000391,-0.000130,0.302619,-0.015105,0.444327,0.297762,-0.014451,0.314570,-0.113340,-2.334539
7.336000,1.088404,0.702977,-2.028252,0.118268,0.380730,-2.408690,2.408690,3.000000,0.398676,0.000000,0.000000,0.000384,0.000017,0.000828,0.302620,-0.015105,0.444330,0.297762,-0.014451,0.314570,-0.113340,-2.342708
7.346000,1.037227,0.748341,-2.003241,0.067091,0.426094,-2.383679,2.383679,3.000000,0.431344,0.000000,0.000000,0.000133,-0.000182,0.000264,0.302620,-0.015106,0.444328,0.297762,-0.014451,0.314570,-0.113340,-2.337894
7.356000,1.135641,0.714997,-2.022045,0.165505,0.392751,-2.402483,2.402483,3.000000,0.426198,0.000000,0.000000,0.000110,0.000721,-0.000417,0.302620,-0.015103,0.444326,0.297762,-0.014451,0.314570,-0.113340,-2.332083
7.366000,1.144002,0.706933,-2.021795,0.173866,0.384687,-2.402233,2.402233,3.000000,0.422153,0.000000,0.000000,-0.000197,-0.000250,-0.000234,0.302620,-0.015105,0.444329,0.297762,-0.014451,0.314570,-0.113340,-2.333677
7.376000,1.131837,0.704213,-2.057282,0.161701,0.381967,-2.437720,2.437720,3.000000,0.414784,0.000000,0.000000,-0.000098,-0.000188,-0.001026,0.302619,-0.015106,0.444326,0.297762,-0.014451,0.314570,-0.113340,-2.326902
7.386000,1.077581,0.733338,-2.082257,0.107446,0.411092,-2.462695,2.462695,3.000000,0.424901,0.000000,0.000000,0.000398,0.000146,0.000417,0.302620,-0.015103,0.444328,0.297762,-0.014451,0.314570,-0.113340,-2.339195
7.396000,1.077312,0.729908,-2.041140,0.107176,0.407662,-2.421578,2.421578,3.000000,0.421515,0.000000,0.000000,-0.000176,-0.000190,0.000279,0.302620,-0.015105,0.444330,0.297762,-0.014451,0.314570,-0.113340,-2.338042
7.406000,1.060428,0.743214,-2.025226,0.090293,0.420968,-2.405664,2.405664,3.000000,0.430543,0.000000,0.000000,-0.000246,-0.000423,-0.000860,0.302620,-0.015106,0.444327,0.297762,-0.014451,0.314570,-0.113340,-2.328339
7.416000,1.030860,0.710024,-2.046505,0.060724,0.387777,-2.426942,2.426942,3.000000,0.392503,0.000000,0.000000,-0.000168,-0.000283,-0.000715,0.302619,-0.015105,0.444326,0.297762,-0.014451,0.314570,-0.113340,-2.329557
7.426000,1.094010,0.710500,-2.062639,0.123875,0.388253,-2.443077,2.443077,3.000000,0.407536,0.000000,0.000000,-0.000128,-0.000821,0.000847,0.302620,-0.015106,0.444330,0.297762,-0.014451,0.314570,-0.113340,-2.342867
7.436000,1.093509,0.710942,-2.088863,0.123374,0.388696,-2.469301,2.469301,3.000000,0.407806,0.000000,0.000000,-0.000110,0.000875,-0.000863,0.302620,-0.015103,0.444329,0.297762,-0.014451,0.314570,-0.113340,-2.328338
7.446000,1.063542,0.702755,-2.092287,0.093406,0.380508,-2.472725,2.472725,3.000000,0.391805,0.000000,0.000000,-0.000029,0.000467,0.000013,0.302620,-0.015103,0.444330,0.297762,-0.014451,0.314570,-0.113340,-2.335803
7.456000,1.049641,0.692688,-2.093334,0.079505,0.370442,-2.473771,2.473771,3.000000,0.378878,0.000000,0.000000,-0.000017,-0.000012,-0.000010,0.302620,-0.015104,0.444330,0.297762,-0.014451,0.314570,-0.113340,-2.335603
7.466000,1.017628,0.724514,-2.114508,0.047492,0.402268,-2.494946,2.494946,3.000000,0.405062,0.000000,0.000000,-0.000083,0.000145,-0.000745,0.302620,-0.015104,0.444329,0.297762,-0.014451,0.314570,-0.113340,-2.329350
7.476000,1.011808,0.686102,-2.123083,0.041672,0.363856,-2.503521,2.503521,3.000000,0.366235,0.000000,0.000000,-0.000333,0.000358,-0.000862,0.302620,-0.015103,0.444329,0.297762,-0.014451,0.314570,-0.113340,-2.328355
7.486000,1.060673,0.706133,-2.119506,0.090537,0.383887,-2.499944,2.499944,3.000000,0.394419,0.000000,0.000000,-0.000139,0.000589,-0.000696,0.302620,-0.015103,0.444331,0.297762,-0.014451,0.314570,-0.113340,-2.329791
7.496000,1.051514,0.682360,-2.142460,0.081378,0.360114,-2.522898,2.522898,3.000000,0.369194,0.000000,0.000000,-0.000066,-0.000136,0.000193,0.302620,-0.015104,0.444332,0.297762,-0.014451,0.314570,-0.113340,-2.337354
7.506000,1.047390,0.701065,-2.156772,0.077254,0.378819,-2.537210,2.537210,3.000000,0.386616,0.000000,0.000000,0.000153,0.000403,-0.000872,0.302620,-0.015103,0.444329,0.297762,-0.014451,0.314570,-0.113340,-2.328276
7.516000,1.010642,0.719987,-2.166367,0.040506,0.397741,-2.546805,2.546805,3.000000,0.399798,0.000000,0.000000,0.000024,-0.000410,-0.000619,0.302620,-0.015104,0.444329,0.297762,-0.014451,0.314570,-0.113340,-2.330412
7.526000,1.117277,0.722301,-2.225417,0.147141,0.400055,-2.605855,2.605855,3.000000,0.426257,0.000000,0.000000,-0.000229,0.000293,-0.000431,0.302620,-0.015103,0.444330,0.297762,-0.014451,0.314570,-0.113340,-2.332039
7.536000,1.076746,0.735429,-2.152169,0.106611,0.413183,-2.532607,2.532607,3.000000,0.426715,0.000000,0.000000,-0.000509,-0.000171,-0.001481,0.302620,-0.015105,0.444328,0.297762,-0.014451,0.314570,-0.113340,-2.323079
7.546000,1.041396,0.696685,-2.147682,0.071261,0.374439,-2.528120,2.528120,3.000000,0.381159,0.000000,0.000000,-0.000035,-0.000243,0.000604,0.302620,-0.015106,0.444332,0.297762,-0.014451,0.314570,-0.113340,-2.340850
7.556000,1.034515,0.691753,-2.143270,0.064379,0.369507,-2.523708,2.523708,3.000000,0.375073,0.000000,0.000000,-0.000007,0.000445,-0.000531,0.302620,-0.015103,0.444329,0.297762,-0.014451,0.314570,-0.113340,-2.331173
7.566000,1.065243,0.699349,-2.186910,0.095107,0.377103,-2.567348,2.567348,3.000000,0.388911,0.000000,0.000000,0.000143,0.000675,-0.000491,0.302621,-0.015103,0.444332,0.297762,-0.014451,0.314570,-0.113340,-2.331547
7.576000,1.084404,0.721535,-2.225553,0.114268,0.399289,-2.605991,2.605991,3.000000,0.415318,0.000000,0.000000,-0.000258,-0.000153,0.000323,0.302620,-0.015105,0.444332,0.297762,-0.014451,0.314570,-0.113340,-2.338469
7.586000,1.104024,0.735511,-2.261016,0.133888,0.413265,-2.641454,2.641454,3.000000,0.434412,0.000000,0.000000,0.000456,-0.000150,-0.000049,0.302621,-0.015105,0.444331,0.297762,-0.014451,0.314570,-0.113340,-2.335283
7.596000,1.040389,0.709901,-2.188520,0.070253,0.387655,-2.568957,2.568957,3.000000,0.393969,0.000000,0.000000,-0.000094,-0.000078,-0.000161,0.302621,-0.015104,0.444332,0.297762,-0.014451,0.314570,-0.113340,-2.334353
7.606000,1.042027,0.724065,-2.178266,0.071891,0.401819,-2.558704,2.558704,3.000000,0.408199,0.000000,0.000000,0.000074,-0.000114,-0.000158,0.302620,-0.015104,0.444331,0.297762,-0.014451,0.314570,-0.113340,-2.334356
7.616000,1.014056,0.733819,-2.188898,0.043920,0.411573,-2.569336,2.569336,3.000000,0.413910,0.000000,0.000000,0.000125,-0.000224,0.000124,0.302620,-0.015105,0.444330,0.297762,-0.014451,0.314570,-0.113340,-2.336741
7.626000,1.045041,0.716355,-2.195536,0.074905,0.394109,-2.575974,2.575974,3.000000,0.401164,0.000000,0.000000,-0.000045,-0.000012,-0.000550,0.302620,-0.015105,0.444328,0.297762,-0.014451,0.314570,-0.113340,-2.330992
7.636000,1.065859,0.748247,-2.187635,0.095723,0.426001,-2.568073,2.568073,3.000000,0.436623,0.000000,0.000000,0.000331,-0.000160,0.001115,0.302621,-0.015104,0.444332,0.297762,-0.014451,0.314570,-0.113340,-2.345179
7.646000,1.092132,0.761914,-2.212090,0.121996,0.439668,-2.592528,2.592528,3.000000,0.456279,0.000000,0.000000,0.000134,0.000349,0.000669,0.302621,-0.015102,0.444333,0.297762,-0.014451,0.314570,-0.113340,-2.341418
7.656000,1.096673,0.714388,-2.182336,0.126537,0.392142,-2.562774,2.562774,3.000000,0.412053,0.000000,0.000000,-0.000034,-0.000649,0.000372,0.302621,-0.015105,0.444330,0.297762,-0.014451,0.314570,-0.113340,-2.338848
7.666000,1.079898,0.692852,-2.200775,0.109762,0.370606,-2.581213,2.581213,3.000000,0.386518,0.000000,0.000000,0.000120,0.000619,-0.000128,0.302621,-0.015102,0.444332,0.297762,-0.014451,0.314570,-0.113340,-2.334631
7.676000,1.033374,0.712717,-2.173766,0.063239,0.390471,-2.554204,2.554204,3.000000,0.395559,0.000000,0.000000,-0.000004,-0.000164,-0.000182,0.302620,-0.015105,0.444330,0.297762,-0.014451,0.314570,-0.113340,-2.334133
7.686000,1.015849,0.722881,-2.140000,0.045713,0.400634,-2.520438,2.520438,3.000000,0.403234,0.000000,0.000000,0.000056,-0.000461,0.000411,0.302620,-0.015106,0.444331,0.297762,-0.014451,0.314570,-0.113340,-2.339184
7.696000,1.065148,0.712024,-2.174431,0.095012,0.389778,-2.554869,2.554869,3.000000,0.401191,0.000000,0.000000,-0.000297,0.000374,-0.000764,0.302620,-0.015104,0.444330,0.297762,-0.014451,0.314570,-0.113340,-2.329197
7.706000,1.081962,0.709600,-2.159098,0.111826,0.387354,-2.539536,2.539536,3.000000,0.403173,0.000000,0.000000,0.000192,-0.000141,0.000079,0.302621,-0.015105,0.444330,0.297762,-0.014451,0.314570,-0.113340,-2.336362
7.716000,1.055586,0.735954,-2.195089,0.085450,0.413708,-2.575527,2.575527,3.000000,0.422440,0.000000,0.000000,0.000142,-0.000070,0.000633,0.302620,-0.015104,0.444333,0.297762,-0.014451,0.314570,-0.113340,-2.341119
7.726000,1.037601,0.698517,-2.177503,0.067465,0.376270,-2.557941,2.557941,3.000000,0.382271,0.000000,0.000000,-0.000099,0.000262,0.000258,0.302620,-0.015103,0.444331,0.297762,-0.014451,0.314570,-0.113340,-2.337887
7.736000,1.036531,0.702718,-2.187407,0.066396,0.380472,-2.567845,2.567845,3.000000,0.386222,0.000000,0.000000,0.000332,-0.000153,0.000169,0.302621,-0.015105,0.444331,0.297762,-0.014451,0.314570,-0.113340,-2.337125
7.746000,1.035110,0.735277,-2.212081,0.064975,0.413031,-2.592519,2.592519,3.000000,0.418110,0.000000,0.000000,0.000084,-0.000155,-0.000240,0.302621,-0.015105,0.444331,0.297762,-0.014451,0.314570,-0.113340,-2.333662
7.756000,1.079406,0.705564,-2.177021,0.109270,0.383318,-2.557459,2.557459,3.000000,0.398588,0.000000,0.000000,0.000027,0.000203,0.000095,0.302620,-0.015105,0.444329,0.297762,-0.014451,0.314570,-0.113340,-2.336480
7.766000,1.075091,0.693663,-2.206255,0.104955,0.371417,-2.586693,2.586693,3.000000,0.385962,0.000000,0.000000,0.000438,-0.000165,0.000766,0.302622,-0.015105,0.444333,0.297762,-0.014451,0.314570,-0.113340,-2.342227
7.776000,1.047416,0.714523,-2.160452,0.077280,0.392277,-2.540890,2.540890,3.000000,0.399817,0.000000,0.000000,-0.000150,0.000047,0.000026,0.302620,-0.015104,0.444333,0.297762,-0.014451,0.314570,-0.113340,-2.335957
7.786000,1.055696,0.750075,-2.163877,0.085560,0.427829,-2.544315,2.544315,3.000000,0.436301,0.000000,0.000000,-0.000147,-0.000077,-0.000461,0.302620,-0.015104,0.444328,0.297762,-0.014451,0.314570,-0.113340,-2.331745
7.796000,1.070340,0.744972,-2.164714,0.100204,0.422726,-2.545151,2.545151,3.000000,0.434440,0.000000,0.000000,0.000047,-0.000194,0.000459,0.302621,-0.015105,0.444332,0.297762,-0.014451,0.314570,-0.113340,-2.339607
7.806000,1.037694,0.730402,-2.168860,0.067558,0.408155,-2.549298,2.549298,3.000000,0.413709,0.000000,0.000000,0.000124,-0.000584,0.000571,0.302621,-0.015105,0.444333,0.297762,-0.014451,0.314570,-0.113340,-2.340587
7.816000,1.016387,0.725051,-2.169289,0.046251,0.402804,-2.549727,2.549727,3.000000,0.405451,0.000000,0.000000,0.000124,0.000616,0.000627,0.302620,-0.015103,0.444332,0.297762,-0.014451,0.314570,-0.113340,-2.341032
7.826000,1.043406,0.716439,-2.152429,0.073271,0.394192,-2.532867,2.532867,3.000000,0.400944,0.000000,0.000000,-0.000015,0.000225,-0.000572,0.302620,-0.015103,0.444330,0.297762,-0.014451,0.314570,-0.113340,-2.330835
7.836000,1.044118,0.716434,-2.111329,0.073983,0.394188,-2.491767,2.491767,3.000000,0.401071,0.000000,0.000000,0.000276,0.000625,-0.000318,0.302621,-0.015103,0.444331,0.297762,-0.014451,0.314570,-0.113340,-2.333004
7.846000,1.044995,0.677603,-2.141035,0.074859,0.355357,-2.521473,2.521473,3.000000,0.363157,0.000000,0.000000,-0.000053,-0.000386,0.000476,0.302621,-0.015105,0.444334,0.297762,-0.014451,0.314570,-0.113340,-2.339788
7.856000,1.090571,0.705258,-2.170860,0.120435,0.383012,-2.551298,2.551298,3.000000,0.401501,0.000000,0.000000,-0.000229,0.000042,0.000148,0.302619,-0.015105,0.444330,0.297762,-0.014451,0.314570,-0.113340,-2.336934
7.866000,1.069528,0.717305,-2.182095,0.099392,0.395059,-2.562533,2.562533,3.000000,0.407371,0.000000,0.000000,0.000371,-0.000444,0.000273,0.302621,-0.015105,0.444330,0.297762,-0.014451,0.314570,-0.113340,-2.338010
7.876000,1.029838,0.713269,-2.160607,0.059702,0.391023,-2.541044,2.541044,3.000000,0.395554,0.000000,0.000000,0.000056,0.000138,-0.000619,0.302621,-0.015105,0.444330,0.297762,-0.014451,0.314570,-0.113340,-2.330423
7.886000,1.047568,0.720157,-2.155347,0.077432,0.397911,-2.535785,2.535785,3.000000,0.405375,0.000000,0.000000,-0.000211,-0.000107,-0.000670,0.302620,-0.015105,0.444329,0.297762,-0.014451,0.314570,-0.113340,-2.329976
7.896000,1.019875,0.719206,-2.135945,0.049740,0.396960,-2.516383,2.516383,3.000000,0.400064,0.000000,0.000000,0.000311,0.000110,-0.000078,0.302621,-0.015104,0.444331,0.297762,-0.014451,0.314570,-0.113340,-2.335036
7.906000,1.043134,0.753400,-2.148192,0.072998,0.431154,-2.528630,2.528630,3.000000,0.437290,0.000000,0.000000,-0.000005,0.000056,0.000012,0.302620,-0.015104,0.444329,0.297762,-0.014451,0.314570,-0.113340,-2.335765
7.916000,1.091503,0.735424,-2.180847,0.121367,0.413178,-2.561285,2.561285,3.000000,0.430634,0.000000,0.000000,-0.000190,-0.000411,0.000190,0.302620,-0.015105,0.444330,0.297762,-0.014451,0.314570,-0.113340,-2.337289
7.926000,0.999228,0.748701,-2.152084,0.029092,0.426455,-2.532522,2.532522,3.000000,0.427446,0.000000,0.000000,-0.000081,-0.000026,0.000759,0.302621,-0.015103,0.444333,0.297762,-0.014451,0.314570,-0.113340,-2.342174
7.936000,1.012820,0.715999,-2.152643,0.042684,0.393753,-2.533081,2.533081,3.000000,0.396060,0.000000,0.000000,-0.000006,-0.000169,-0.000322,0.302620,-0.015105,0.444331,0.297762,-0.014451,0.314570,-0.113340,-2.332977
7.946000,0.990548,0.700321,-2.138759,0.020412,0.378075,-2.519197,2.519197,3.000000,0.378626,0.000000,0.000000,0.000122,-0.000144,-0.000092,0.302620,-0.015104,0.444329,0.297762,-0.014451,0.314570,-0.113340,-2.334882
7.956000,1.029876,0.693609,-2.153269,0.059740,0.371363,-2.533707,2.533707,3.000000,0.376138,0.000000,0.000000,-0.000060,0.000150,0.000263,0.302620,-0.015104,0.444329,0.297762,-0.014451,0.314570,-0.113340,-2.337892
7.966000,1.111804,0.697551,-2.185099,0.141669,0.375305,-2.565537,2.565537,3.000000,0.401153,0.000000,0.000000,-0.000261,0.000281,-0.000087,0.302619,-0.015104,0.444329,0.297762,-0.014451,0.314570,-0.113340,-2.334925
7.976000,1.030098,0.716550,-2.125799,0.059962,0.394304,-2.506237,2.506237,3.000000,0.398837,0.000000,0.000000,-0.000538,0.000231,-0.001194,0.302619,-0.015104,0.444328,0.297762,-0.014451,0.314570,-0.113340,-2.325527
7.986000,1.032198,0.748902,-2.103665,0.062062,0.426656,-2.484103,2.484103,3.000000,0.431146,0.000000,0.000000,-0.000133,-0.000249,-0.001102,0.302620,-0.015106,0.444327,0.297762,-0.014451,0.314570,-0.113340,-2.326281
7.996000,1.043408,0.726650,-2.127180,0.073272,0.404404,-2.507618,2.507618,3.000000,0.410988,0.000000,0.000000,0.000119,0.000411,0.000185,0.302620,-0.015103,0.444331,0.297762,-0.014451,0.314570,-0.113340,-2.337263
8.007000,1.006857,0.736945,-2.144295,0.036721,0.414699,-2.524733,2.524733,3.000000,0.416322,0.000000,0.000000,0.000363,0.000854,0.000800,0.302621,-0.015102,0.444331,0.297762,-0.014451,0.314570,-0.113340,-2.342493
8.018000,0.986789,0.711701,-2.124391,0.016653,0.389455,-2.504829,2.504829,3.000000,0.389811,0.000000,0.000000,0.000133,0.000111,-0.000619,0.302620,-0.015105,0.444331,0.297762,-0.014451,0.314570,-0.113340,-2.330451
8.029000,0.989775,0.717078,-2.142569,0.019640,0.394832,-2.523007,2.523007,3.000000,0.395320,0.000000,0.000000,0.000012,0.000271,-0.000183,0.302620,-0.015103,0.444330,0.297762,-0.014451,0.314570,-0.113340,-2.334132
8.040000,1.038211,0.726722,-2.182651,0.068075,0.404476,-2.563089,2.563089,3.000000,0.410165,0.000000,0.000000,0.000164,-0.000390,-0.000065,0.302621,-0.015105,0.444330,0.297762,-0.014451,0.314570,-0.113340,-2.335143
8.051000,1.074259,0.698679,-2.149981,0.104123,0.376432,-2.530419,2.530419,3.000000,0.390568,0.000000,0.000000,-0.000437,0.000306,-0.000503,0.302620,-0.015103,0.444328,0.297762,-0.014451,0.314570,-0.113340,-2.331379
8.062000,1.040898,0.731534,-2.168586,0.070763,0.409288,-2.549024,2.549024,3.000000,0.415360,0.000000,0.000000,-0.000057,-0.000167,-0.000845,0.302620,-0.015105,0.444331,0.297762,-0.014451,0.314570,-0.113340,-2.328536
8.073000,1.069708,0.743858,-2.146569,0.099572,0.421612,-2.527007,2.527007,3.000000,0.433210,0.000000,0.000000,0.000271,0.000125,0.000822,0.302621,-0.015105,0.444333,0.297762,-0.014451,0.314570,-0.113340,-2.342706
8.084000,1.029123,0.759893,-2.154074,0.058988,0.437647,-2.534512,2.534512,3.000000,0.441604,0.000000,0.000000,0.000164,0.000166,0.000750,0.302620,-0.015104,0.444333,0.297762,-0.014451,0.314570,-0.113340,-2.342096
8.095000,1.087074,0.709969,-2.130267,0.116938,0.387723,-2.510705,2.510705,3.000000,0.404973,0.000000,0.000000,0.000163,-0.000592,-0.000211,0.302620,-0.015106,0.444331,0.297762,-0.014451,0.314570,-0.113340,-2.333906
8.106000,1.084093,0.711800,-2.181247,0.113957,0.389554,-2.561685,2.561685,3.000000,0.405880,0.000000,0.000000,-0.000082,0.000612,0.000769,0.302620,-0.015104,0.444331,0.297762,-0.014451,0.314570,-0.113340,-2.342225
8.117000,1.119830,0.691514,-2.196357,0.149694,0.369267,-2.576795,2.576795,3.000000,0.398455,0.000000,0.000000,-0.000009,-0.000024,0.000895,0.302621,-0.015104,0.444334,0.297762,-0.014451,0.314570,-0.113340,-2.343356
8.128000,1.027582,0.752806,-2.176597,0.057446,0.430560,-2.557035,2.557035,3.000000,0.434375,0.000000,0.000000,0.000159,0.000109,-0.000772,0.302620,-0.015103,0.444330,0.297762,-0.014451,0.314570,-0.113340,-2.329136
8.139000,1.004426,0.762998,-2.208174,0.034290,0.440752,-2.588612,2.588612,3.000000,0.442083,0.000000,0.000000,0.000169,-0.000497,0.000059,0.302621,-0.015105,0.444330,0.297762,-0.014451,0.314570,-0.113340,-2.336197
8.150000,0.974206,0.781004,-2.184028,0.004070,0.458758,-2.564466,2.564466,3.000000,0.458776,0.000000,0.000000,0.000161,-0.000534,-0.000177,0.302620,-0.015104,0.444331,0.297762,-0.014451,0.314570,-0.113340,-2.334206
8.161000,1.069354,0.749674,-2.197386,0.099218,0.427428,-2.577824,2.577824,3.000000,0.438792,0.000000,0.000000,0.000317,-0.000621,0.000309,0.302622,-0.015106,0.444333,0.297762,-0.014451,0.314570,-0.113340,-2.338368
8.172000,1.098615,0.694255,-2.217230,0.128479,0.372008,-2.597668,2.597668,3.000000,0.393570,0.000000,0.000000,-0.000070,-0.000210,0.000202,0.302621,-0.015105,0.444332,0.297762,-0.014451,0.314570,-0.113340,-2.337440
8.183000,0.968151,0.719281,-2.203245,-0.001985,0.397035,-2.583683,2.583683,3.000000,0.397040,0.000000,0.000000,-0.000010,-0.000115,-0.001489,0.302620,-0.015105,0.444327,0.297762,-0.014451,0.314570,-0.113340,-2.323004
8.194000,1.000848,0.678123,-2.208247,0.030713,0.355877,-2.588685,2.588685,3.000000,0.357200,0.000000,0.000000,-0.000094,-0.000532,-0.000220,0.302621,-0.015105,0.444330,0.297762,-0.014451,0.314570,-0.113340,-2.333824
8.205000,1.008622,0.720253,-2.219762,0.038486,0.398007,-2.600200,2.600200,3.000000,0.399864,0.000000,0.000000,0.000592,-0.000218,0.001132,0.302623,-0.015105,0.444335,0.297762,-0.014451,0.314570,-0.113340,-2.345371
8.216000,0.977897,0.746866,-2.251516,0.007762,0.424620,-2.631953,2.631953,3.000000,0.424691,0.000000,0.000000,0.000339,0.000161,0.000130,0.302622,-0.015104,0.444336,0.297762,-0.014451,0.314570,-0.113340,-2.336891
8.227000,0.941339,0.710055,-2.232006,-0.028797,0.387809,-2.612444,2.612444,3.000000,0.388877,0.000000,0.000000,0.000253,0.000002,0.000099,0.302621,-0.015105,0.444332,0.297762,-0.014451,0.314570,-0.113340,-2.336551
8.238000,0.967595,0.731636,-2.217522,-0.002541,0.409389,-2.597960,2.597960,3.000000,0.409397,0.000000,0.000000,0.000233,-0.000362,-0.000345,0.302622,-0.015105,0.444331,0.297762,-0.014451,0.314570,-0.113340,-2.332783
8.249000,0.979893,0.752917,-2.247817,0.009757,0.430671,-2.628255,2.628255,3.000000,0.430782,0.000000,0.000000,-0.000156,-0.000880,0.000689,0.302621,-0.015106,0.444334,0.297762,-0.014451,0.314570,-0.113340,-2.341615
8.260000,0.992402,0.732839,-2.263138,0.022266,0.410592,-2.643576,2.643576,3.000000,0.411196,0.000000,0.000000,0.000127,0.000052,0.000758,0.302621,-0.015106,0.444335,0.297762,-0.014451,0.314570,-0.113340,-2.342214
8.271000,0.920801,0.774573,-2.247735,-0.049335,0.452327,-2.628173,2.628173,3.000000,0.455010,0.000000,0.000000,-0.000062,0.000490,-0.000240,0.302621,-0.015104,0.444331,0.297762,-0.014451,0.314570,-0.113340,-2.333670
8.282000,0.936102,0.775858,-2.234910,-0.034033,0.453612,-2.615348,2.615348,3.000000,0.454887,0.000000,0.000000,-0.000141,0.000598,-0.000167,0.302621,-0.015103,0.444330,0.297762,-0.014451,0.314570,-0.113340,-2.334264
8.293000,0.926534,0.757464,-2.232985,-0.043602,0.435218,-2.613423,2.613423,3.000000,0.437397,0.000000,0.000000,-0.000346,0.000478,-0.001142,0.302621,-0.015104,0.444327,0.297762,-0.014451,0.314570,-0.113340,-2.325949
8.304000,0.953260,0.729899,-2.222042,-0.016875,0.407653,-2.602480,2.602480,3.000000,0.408002,0.000000,0.000000,-0.000056,0.000483,0.000063,0.302622,-0.015105,0.444335,0.297762,-0.014451,0.314570,-0.113340,-2.336309
8.315000,0.926107,0.747485,-2.244177,-0.044028,0.425239,-2.624615,2.624615,3.000000,0.427512,0.000000,0.000000,-0.000185,-0.000783,-0.000384,0.302622,-0.015106,0.444334,0.297762,-0.014451,0.314570,-0.113340,-2.332499
8.326000,0.880430,0.792847,-2.216120,-0.089706,0.470601,-2.596558,2.596558,3.000000,0.479074,0.000000,0.000000,0.000121,0.000138,-0.000249,0.302621,-0.015105,0.444330,0.297762,-0.014451,0.314570,-0.113340,-2.333576
8.337000,0.913322,0.775205,-2.254466,-0.056814,0.452959,-2.634904,2.634904,3.000000,0.456508,0.000000,0.000000,0.000045,-0.000013,0.000253,0.302621,-0.015105,0.444332,0.297762,-0.014451,0.314570,-0.113340,-2.337863
8.348000,0.941110,0.761902,-2.269566,-0.029026,0.439656,-2.650004,2.650004,3.000000,0.440613,0.000000,0.000000,-0.000080,0.000035,0.000147,0.302622,-0.015105,0.444336,0.297762,-0.014451,0.314570,-0.113340,-2.337044
8.359000,0.895916,0.779092,-2.262379,-0.074220,0.456846,-2.642817,2.642817,3.000000,0.462835,0.000000,0.000000,-0.000241,-0.000130,-0.000294,0.302622,-0.015106,0.444336,0.297762,-0.014451,0.314570,-0.113340,-2.333296
8.370000,0.920475,0.759012,-2.276267,-0.049661,0.436766,-2.656705,2.656705,3.000000,0.439580,0.000000,0.000000,-0.000006,0.000030,-0.000183,0.302621,-0.015105,0.444331,0.297762,-0.014451,0.314570,-0.113340,-2.334145
8.381000,0.883541,0.748432,-2.274582,-0.086595,0.426186,-2.655020,2.655020,3.000000,0.434895,0.000000,0.000000,0.000132,-0.000520,0.000383,0.302621,-0.015107,0.444334,0.297762,-0.014451,0.314570,-0.113340,-2.339005
8.392000,0.861765,0.746293,-2.273394,-0.108370,0.424047,-2.653832,2.653832,3.000000,0.437676,0.000000,0.000000,-0.000365,0.000216,-0.000212,0.302621,-0.015104,0.444335,0.297762,-0.014451,0.314570,-0.113340,-2.333985
8.403000,0.888608,0.771960,-2.274917,-0.081528,0.449714,-2.655355,2.655355,3.000000,0.457044,0.000000,0.000000,0.000235,-0.000251,0.000780,0.302624,-0.015106,0.444338,0.297762,-0.014451,0.314570,-0.113340,-2.342447
8.414000,0.898150,0.761777,-2.304869,-0.071986,0.439530,-2.685307,2.685307,3.000000,0.445386,0.000000,0.000000,0.000080,-0.000015,-0.000541,0.302622,-0.015105,0.444333,0.297762,-0.014451,0.314570,-0.113340,-2.331151
8.425000,0.866745,0.757035,-2.282684,-0.103391,0.434789,-2.663122,2.663122,3.000000,0.446913,0.000000,0.000000,0.000339,0.000080,0.000512,0.302622,-0.015105,0.444333,0.297762,-0.014451,0.314570,-0.113340,-2.340083
8.436000,0.832899,0.786439,-2.260322,-0.137236,0.464193,-2.640760,2.640760,3.000000,0.484054,0.000000,0.000000,0.000404,-0.000169,0.000768,0.302623,-0.015105,0.444335,0.297762,-0.014451,0.314570,-0.113340,-2.342285
8.447000,0.942911,0.743067,-2.290924,-0.027224,0.420821,-2.671362,2.671362,3.000000,0.421701,0.000000,0.000000,-0.000025,-0.000118,0.000199,0.302622,-0.015106,0.444335,0.297762,-0.014451,0.314570,-0.113340,-2.337475
8.458000,0.931048,0.777014,-2.269808,-0.039087,0.454768,-2.650246,2.650246,3.000000,0.456445,0.000000,0.000000,-0.000278,-0.000440,0.000125,0.302622,-0.015106,0.444333,0.297762,-0.014451,0.314570,-0.113340,-2.336801
8.469000,0.895425,0.780994,-2.262468,-0.074711,0.458748,-2.642906,2.642906,3.000000,0.464792,0.000000,0.000000,-0.000296,0.000088,-0.000053,0.302621,-0.015105,0.444333,0.297762,-0.014451,0.314570,-0.113340,-2.335292
8.480000,0.905114,0.754826,-2.246801,-0.065021,0.432580,-2.627239,2.627239,3.000000,0.437439,0.000000,0.000000,-0.000221,-0.000506,-0.000453,0.302622,-0.015104,0.444333,0.297762,-0.014451,0.314570,-0.113340,-2.331902
8.491000,0.936711,0.784413,-2.269210,-0.033425,0.462167,-2.649648,2.649648,3.000000,0.463374,0.000000,0.000000,0.000118,-0.000099,-0.000333,0.302623,-0.015105,0.444335,0.297762,-0.014451,0.314570,-0.113340,-2.332947
8.502000,0.883358,0.737544,-2.271883,-0.086778,0.415298,-2.652321,2.652321,3.000000,0.424267,0.000000,0.000000,0.000235,0.000548,-0.000110,0.302623,-0.015104,0.444335,0.297762,-0.014451,0.314570,-0.113340,-2.334836
8.513000,0.904450,0.764741,-2.280431,-0.065686,0.442495,-2.660869,2.660869,3.000000,0.447343,0.000000,0.000000,-0.000049,0.000520,-0.000399,0.302622,-0.015103,0.444333,0.297762,-0.014451,0.314570,-0.113340,-2.332350
8.524000,0.896566,0.755729,-2.256618,-0.073570,0.433483,-2.637056,2.637056,3.000000,0.439682,0.000000,0.000000,-0.000156,0.000773,-0.000607,0.302622,-0.015104,0.444333,0.297762,-0.014451,0.314570,-0.113340,-2.330584
8.535000,0.873067,0.725902,-2.268514,-0.097069,0.403655,-2.648952,2.648952,3.000000,0.415163,0.000000,0.000000,-0.000306,0.000043,-0.000119,0.302622,-0.015104,0.444336,0.297762,-0.014451,0.314570,-0.113340,-2.334780
8.546000,0.898334,0.728240,-2.279103,-0.071802,0.405994,-2.659541,2.659541,3.000000,0.412294,0.000000,0.000000,-0.000375,0.000497,-0.000569,0.302622,-0.015103,0.444335,0.297762,-0.014451,0.314570,-0.113340,-2.330951
8.557000,0.841560,0.748339,-2.284474,-0.128576,0.426093,-2.664912,2.664912,3.000000,0.445069,0.000000,0.000000,0.000006,-0.000352,-0.000144,0.302622,-0.015105,0.444335,0.297762,-0.014451,0.314570,-0.113340,-2.334547
8.568000,0.851658,0.714001,-2.309236,-0.118477,0.391755,-2.689674,2.689674,3.000000,0.409278,0.000000,0.000000,-0.000259,0.000291,-0.001045,0.302622,-0.015104,0.444333,0.297762,-0.014451,0.314570,-0.113340,-2.326882
8.579000,0.919889,0.723177,-2.373169,-0.050247,0.400931,-2.753607,2.753607,3.000000,0.404068,0.000000,0.000000,-0.000319,-0.000098,0.000012,0.302622,-0.015105,0.444337,0.297762,-0.014451,0.314570,-0.113340,-2.335911
8.590000,0.894778,0.741709,-2.371984,-0.075358,0.419462,-2.752422,2.752422,3.000000,0.426178,0.000000,0.000000,0.000099,0.000348,0.000149,0.302623,-0.015104,0.444337,0.297762,-0.014451,0.314570,-0.113340,-2.337075
8.601000,0.891669,0.759149,-2.360346,-0.078467,0.436903,-2.740784,2.740784,3.000000,0.443893,0.000000,0.000000,-0.000379,-0.000209,-0.000321,0.302621,-0.015106,0.444335,0.297762,-0.014451,0.314570,-0.113340,-2.333047
8.612000,0.911082,0.772811,-2.355949,-0.059053,0.450565,-2.736387,2.736387,3.000000,0.454419,0.000000,0.000000,0.000083,-0.000073,0.000560,0.302622,-0.015105,0.444335,0.297762,-0.014451,0.314570,-0.113340,-2.340535
8.623000,0.909184,0.760856,-2.376303,-0.060952,0.438610,-2.756741,2.756741,3.000000,0.442824,0.000000,0.000000,-0.000049,-0.000018,0.000725,0.302623,-0.015105,0.444337,0.297762,-0.014451,0.314570,-0.113340,-2.341962
8.634000,0.925916,0.747686,-2.361802,-0.044220,0.425440,-2.742240,2.742240,3.000000,0.427732,0.000000,0.000000,-0.000218,-0.000045,-0.000266,0.302623,-0.015106,0.444336,0.297762,-0.014451,0.314570,-0.113340,-2.333538
8.645000,0.835509,0.725963,-2.351514,-0.134627,0.403717,-2.731952,2.731952,3.000000,0.425572,0.000000,0.000000,-0.000206,0.000030,-0.000143,0.302622,-0.015105,0.444335,0.297762,-0.014451,0.314570,-0.113340,-2.334561
8.656000,0.845276,0.742883,-2.352398,-0.124860,0.420636,-2.732835,2.732835,3.000000,0.438777,0.000000,0.000000,-0.000192,-0.000007,-0.000517,0.302622,-0.015106,0.444334,0.297762,-0.014451,0.314570,-0.113340,-2.331365
8.667000,0.841396,0.748776,-2.342480,-0.128740,0.426530,-2.722918,2.722918,3.000000,0.445535,0.000000,0.000000,-0.000013,-0.000135,0.000071,0.302623,-0.015104,0.444335,0.297762,-0.014451,0.314570,-0.113340,-2.336382
8.678000,0.865033,0.760745,-2.358521,-0.105103,0.438499,-2.738959,2.738959,3.000000,0.450919,0.000000,0.000000,-0.000239,-0.000512,0.000026,0.302622,-0.015105,0.444336,0.297762,-0.014451,0.314570,-0.113340,-2.336015
8.689000,0.861535,0.763931,-2.343799,-0.108600,0.441685,-2.724237,2.724237,3.000000,0.454840,0.000000,0.000000,-0.000214,0.000792,0.000204,0.302622,-0.015103,0.444334,0.297762,-0.014451,0.314570,-0.113340,-2.337493
8.700000,0.872986,0.732701,-2.339925,-0.097150,0.410455,-2.720363,2.720363,3.000000,0.421795,0.000000,0.000000,-0.000015,-0.000280,-0.000042,0.302622,-0.015105,0.444335,0.297762,-0.014451,0.314570,-0.113340,-2.335415
8.711000,0.853138,0.738863,-2.343065,-0.116998,0.416617,-2.723502,2.723502,3.000000,0.432733,0.000000,0.000000,0.000076,-0.000134,-0.000134,0.302623,-0.015104,0.444336,0.297762,-0.014451,0.314570,-0.113340,-2.334652
8.722000,0.819125,0.752029,-2.345773,-0.151011,0.429783,-2.726211,2.726211,3.000000,0.455541,0.000000,0.000000,0.000101,0.000212,0.000953,0.302623,-0.015104,0.444338,0.297762,-0.014451,0.314570,-0.113340,-2.343914
8.733000,0.876642,0.749923,-2.361915,-0.093494,0.427677,-2.742353,2.742353,3.000000,0.437777,0.000000,0.000000,-0.000174,-0.000076,0.000206,0.302621,-0.015104,0.444336,0.297762,-0.014451,0.314570,-0.113340,-2.337539
8.744000,0.884844,0.789294,-2.343884,-0.085292,0.467048,-2.724322,2.724322,3.000000,0.474772,0.000000,0.000000,-0.000368,-0.000139,-0.000291,0.302622,-0.015105,0.444336,0.297762,-0.014451,0.314570,-0.113340,-2.333319
8.755000,0.850471,0.771789,-2.308651,-0.119664,0.449543,-2.689088,2.689088,3.000000,0.465197,0.000000,0.000000,-0.000177,0.000249,-0.000759,0.302621,-0.015105,0.444333,0.297762,-0.014451,0.314570,-0.113340,-2.329308
8.766000,0.888196,0.703824,-2.330254,-0.081940,0.381578,-2.710692,2.710692,3.000000,0.390276,0.000000,0.000000,-0.000262,-0.000046,-0.000236,0.302622,-0.015106,0.444335,0.297762,-0.014451,0.314570,-0.113340,-2.333782
8.777000,0.894957,0.752300,-2.357623,-0.075179,0.430054,-2.738061,2.738061,3.000000,0.436575,0.000000,0.000000,-0.000078,-0.000044,-0.000553,0.302623,-0.015105,0.444335,0.297762,-0.014451,0.314570,-0.113340,-2.331076
8.788000,0.873769,0.734055,-2.340952,-0.096367,0.411808,-2.721390,2.721390,3.000000,0.422933,0.000000,0.000000,-0.000053,0.000738,0.000085,0.302622,-0.015104,0.444335,0.297762,-0.014451,0.314570,-0.113340,-2.336499
8.799000,0.845773,0.754264,-2.348685,-0.124363,0.432017,-2.729122,2.729122,3.000000,0.449561,0.000000,0.000000,-0.000198,0.000419,0.000162,0.302621,-0.015104,0.444334,0.297762,-0.014451,0.314570,-0.113340,-2.337133
8.810000,0.890527,0.779309,-2.379608,-0.079609,0.457063,-2.760046,2.760046,3.000000,0.463944,0.000000,0.000000,0.000026,-0.000463,0.000079,0.302622,-0.015105,0.444334,0.297762,-0.014451,0.314570,-0.113340,-2.336436
8.821000,0.833228,0.739039,-2.337466,-0.136907,0.416792,-2.717904,2.717904,3.000000,0.438702,0.000000,0.000000,0.000024,-0.000096,-0.000477,0.302622,-0.015105,0.444336,0.297762,-0.014451,0.314570,-0.113340,-2.331739
8.832000,0.807719,0.757235,-2.342326,-0.162416,0.434988,-2.722764,2.722764,3.000000,0.464321,0.000000,0.000000,-0.000167,-0.000764,-0.000494,0.302622,-0.015106,0.444336,0.297762,-0.014451,0.314570,-0.113340,-2.331602
8.843000,0.823225,0.729435,-2.344766,-0.146911,0.407188,-2.725204,2.725204,3.000000,0.432880,0.000000,0.000000,-0.000191,0.000246,-0.000711,0.302622,-0.015104,0.444334,0.297762,-0.014451,0.314570,-0.113340,-2.329731
8.854000,0.865397,0.746135,-2.382251,-0.104739,0.423889,-2.762689,2.762689,3.000000,0.436637,0.000000,0.000000,0.000432,-0.000348,0.001309,0.302623,-0.015105,0.444338,0.297762,-0.014451,0.314570,-0.113340,-2.346938
8.865000,0.879854,0.725146,-2.379199,-0.090281,0.402900,-2.759636,2.759636,3.000000,0.412891,0.000000,0.000000,-0.000016,-0.000107,-0.000776,0.302623,-0.015104,0.444335,0.297762,-0.014451,0.314570,-0.113340,-2.329183
8.876000,0.911149,0.717724,-2.420771,-0.058986,0.395478,-2.801209,2.801209,3.000000,0.399853,0.000000,0.000000,0.000334,0.000071,0.000268,0.302624,-0.015104,0.444337,0.297762,-0.014451,0.314570,-0.113340,-2.338082
8.887000,0.880224,0.728791,-2.393137,-0.089911,0.406545,-2.773575,2.773575,3.000000,0.416368,0.000000,0.000000,0.000392,-0.000001,0.000181,0.302622,-0.015104,0.444337,0.297762,-0.014451,0.314570,-0.113340,-2.337340
8.898000,0.823869,0.717972,-2.352362,-0.146267,0.395726,-2.732800,2.732800,3.000000,0.421892,0.000000,0.000000,-0.000036,0.000485,-0.000098,0.302622,-0.015104,0.444334,0.297762,-0.014451,0.314570,-0.113340,-2.334922
8.909000,0.921127,0.715430,-2.367369,-0.049009,0.393184,-2.747807,2.747807,3.000000,0.396226,0.000000,0.000000,-0.000413,-0.000310,0.000459,0.302622,-0.015106,0.444336,0.297762,-0.014451,0.314570,-0.113340,-2.339687
8.920000,0.895061,0.740241,-2.343759,-0.075075,0.417995,-2.724197,2.724197,3.000000,0.424684,0.000000,0.000000,-0.000294,-0.000085,0.000215,0.302622,-0.015105,0.444337,0.297762,-0.014451,0.314570,-0.113340,-2.337639
8.931000,0.857234,0.748825,-2.339136,-0.112902,0.426579,-2.719574,2.719574,3.000000,0.441267,0.000000,0.000000,-0.000345,-0.000016,0.000017,0.302622,-0.015105,0.444335,0.297762,-0.014451,0.314570,-0.113340,-2.335919
8.942000,0.848908,0.776886,-2.313767,-0.121228,0.454640,-2.694205,2.694205,3.000000,0.470525,0.000000,0.000000,-0.000033,0.000396,-0.000004,0.302622,-0.015104,0.444335,0.297762,-0.014451,0.314570,-0.113340,-2.335739
8.953000,0.832758,0.776789,-2.343032,-0.137378,0.454543,-2.723469,2.723469,3.000000,0.474849,0.000000,0.000000,0.000061,-0.000199,-0.000351,0.302623,-0.015105,0.444335,0.297762,-0.014451,0.314570,-0.113340,-2.332796
8.964000,0.862384,0.758707,-2.343188,-0.107752,0.436461,-2.723626,2.723626,3.000000,0.449565,0.000000,0.000000,0.000568,0.000319,-0.000174,0.302623,-0.015105,0.444335,0.297762,-0.014451,0.314570,-0.113340,-2.334298
8.975000,0.847232,0.736474,-2.365709,-0.122903,0.414228,-2.746147,2.746147,3.000000,0.432077,0.000000,0.000000,-0.000073,0.000260,0.000452,0.302622,-0.015104,0.444335,0.297762,-0.014451,0.314570,-0.113340,-2.339613
8.986000,0.913039,0.757085,-2.365570,-0.057097,0.434839,-2.746008,2.746008,3.000000,0.438571,0.000000,0.000000,-0.000152,0.000323,-0.000450,0.302622,-0.015103,0.444333,0.297762,-0.014451,0.314570,-0.113340,-2.331924
8.997000,0.924755,0.744232,-2.352652,-0.045381,0.421986,-2.733090,2.733090,3.000000,0.424420,0.000000,0.000000,-0.000197,0.000003,-0.000408,0.302622,-0.015105,0.444334,0.297762,-0.014451,0.314570,-0.113340,-2.332288
9.008000,0.903410,0.732333,-2.343625,-0.066726,0.410087,-2.724063,2.724063,3.000000,0.415480,0.000000,0.000000,0.000095,0.000608,-0.000605,0.302623,-0.015103,0.444335,0.297762,-0.014451,0.314570,-0.113340,-2.330637
9.019000,0.914836,0.741410,-2.343518,-0.055300,0.419164,-2.723955,2.723955,3.000000,0.422796,0.000000,0.000000,-0.000655,0.000157,-0.000708,0.302622,-0.015103,0.444334,0.297762,-0.014451,0.314570,-0.113340,-2.329749
9.030000,0.857692,0.729765,-2.324963,-0.112444,0.407518,-2.705401,2.705401,3.000000,0.422747,0.000000,0.000000,0.000584,-0.000240,0.000754,0.302623,-0.015105,0.444337,0.297762,-0.014451,0.314570,-0.113340,-2.342213
9.041000,0.881282,0.733805,-2.384642,-0.088853,0.411558,-2.765079,2.765079,3.000000,0.421041,0.000000,0.000000,0.000330,0.000885,0.000595,0.302623,-0.015103,0.444336,0.297762,-0.014451,0.314570,-0.113340,-2.340842
9.052000,0.827077,0.737598,-2.339808,-0.143059,0.415352,-2.720246,2.720246,3.000000,0.439298,0.000000,0.000000,0.000146,-0.000003,-0.000238,0.302623,-0.015103,0.444334,0.297762,-0.014451,0.314570,-0.113340,-2.333739
9.063000,0.862792,0.723169,-2.344854,-0.107344,0.400923,-2.725292,2.725292,3.000000,0.415044,0.000000,0.000000,0.000286,0.000292,0.000969,0.302623,-0.015103,0.444338,0.297762,-0.014451,0.314570,-0.113340,-2.344060
9.074000,0.870520,0.759770,-2.392668,-0.099616,0.437523,-2.773106,2.773106,3.000000,0.448720,0.000000,0.000000,-0.000253,-0.000173,-0.000372,0.302622,-0.015104,0.444334,0.297762,-0.014451,0.314570,-0.113340,-2.332601
9.085000,0.926485,0.732441,-2.359594,-0.043650,0.410195,-2.740032,2.740032,3.000000,0.412511,0.000000,0.000000,0.000304,0.000673,0.000621,0.302623,-0.015103,0.444337,0.297762,-0.014451,0.314570,-0.113340,-2.341083
9.096000,0.915703,0.736914,-2.360591,-0.054433,0.414668,-2.741029,2.741029,3.000000,0.418225,0.000000,0.000000,0.000041,0.000268,-0.000164,0.302623,-0.015104,0.444334,0.297762,-0.014451,0.314570,-0.113340,-2.334376
9.107000,0.839985,0.743738,-2.332232,-0.130151,0.421491,-2.712670,2.712670,3.000000,0.441128,0.000000,0.000000,0.000190,-0.000351,0.000016,0.302623,-0.015107,0.444337,0.297762,-0.014451,0.314570,-0.113340,-2.335942
9.118000,0.852494,0.765872,-2.336824,-0.117642,0.443626,-2.717262,2.717262,3.000000,0.458959,0.000000,0.000000,-0.000062,-0.000193,-0.000015,0.302622,-0.015104,0.444335,0.297762,-0.014451,0.314570,-0.113340,-2.335650
9.129000,0.869451,0.727480,-2.336715,-0.100685,0.405234,-2.717153,2.717153,3.000000,0.417555,0.000000,0.000000,-0.000406,-0.000725,0.000092,0.302621,-0.015106,0.444335,0.297762,-0.014451,0.314570,-0.113340,-2.336558
9.140000,0.882624,0.748997,-2.331818,-0.087512,0.426751,-2.712256,2.712256,3.000000,0.435631,0.000000,0.000000,0.000413,-0.000171,-0.000053,0.302623,-0.015105,0.444334,0.297762,-0.014451,0.314570,-0.113340,-2.335308
9.151000,0.865821,0.771859,-2.332841,-0.104315,0.449613,-2.713279,2.713279,3.000000,0.461555,0.000000,0.000000,-0.000321,-0.000012,-0.000570,0.302622,-0.015103,0.444334,0.297762,-0.014451,0.314570,-0.113340,-2.330914
9.162000,0.834385,0.744899,-2.322688,-0.135750,0.422653,-2.703126,2.703126,3.000000,0.443919,0.000000,0.000000,-0.000054,-0.000374,-0.000752,0.302622,-0.015105,0.444334,0.297762,-0.014451,0.314570,-0.113340,-2.329375
9.173000,0.854254,0.731277,-2.327770,-0.115882,0.409031,-2.708208,2.708208,3.000000,0.425130,0.000000,0.000000,0.000079,0.000020,0.000263,0.302622,-0.015105,0.444336,0.297762,-0.014451,0.314570,-0.113340,-2.338018
9.184000,0.887444,0.739538,-2.347901,-0.082692,0.417292,-2.728339,2.728339,3.000000,0.425407,0.000000,0.000000,0.000162,-0.000055,-0.000382,0.302622,-0.015103,0.444334,0.297762,-0.014451,0.314570,-0.113340,-2.332521
9.195000,0.863686,0.731955,-2.352241,-0.106449,0.409709,-2.732679,2.732679,3.000000,0.423311,0.000000,0.000000,0.000394,0.000279,0.000963,0.302623,-0.015103,0.444338,0.297762,-0.014451,0.314570,-0.113340,-2.344005
9.206000,0.891270,0.745201,-2.365652,-0.078866,0.422954,-2.746090,2.746090,3.000000,0.430244,0.000000,0.000000,0.000059,-0.000238,0.000491,0.302622,-0.015105,0.444337,0.297762,-0.014451,0.314570,-0.113340,-2.339976
9.217000,0.837712,0.723795,-2.375832,-0.132424,0.401549,-2.756269,2.756269,3.000000,0.422821,0.000000,0.000000,-0.000154,-0.000023,0.000631,0.302622,-0.015104,0.444336,0.297762,-0.014451,0.314570,-0.113340,-2.341150
9.228000,0.870077,0.703153,-2.366225,-0.100059,0.380907,-2.746663,2.746663,3.000000,0.393830,0.000000,0.000000,-0.000269,0.000247,-0.000777,0.302622,-0.015104,0.444334,0.297762,-0.014451,0.314570,-0.113340,-2.329166
9.239000,0.842987,0.717668,-2.355601,-0.127149,0.395422,-2.736039,2.736039,3.000000,0.415362,0.000000,0.000000,-0.000133,0.000040,-0.000349,0.302622,-0.015103,0.444335,0.297762,-0.014451,0.314570,-0.113340,-2.332817
9.250000,0.894392,0.712893,-2.353079,-0.075744,0.390647,-2.733517,2.733517,3.000000,0.397922,0.000000,0.000000,-0.000331,-0.000007,0.000617,0.302622,-0.015104,0.444338,0.297762,-0.014451,0.314570,-0.113340,-2.341060
9.261000,0.891336,0.692903,-2.375233,-0.078799,0.370657,-2.755671,2.755671,3.000000,0.378941,0.000000,0.000000,-0.000126,-0.000107,-0.000581,0.302623,-0.015105,0.444335,0.297762,-0.014451,0.314570,-0.113340,-2.330836
9.272000,0.902357,0.710495,-2.377259,-0.067779,0.388249,-2.757697,2.757697,3.000000,0.394120,0.000000,0.000000,-0.000439,0.000424,-0.000730,0.302622,-0.015104,0.444333,0.297762,-0.014451,0.314570,-0.113340,-2.329536
9.283000,0.884438,0.742496,-2.366783,-0.085698,0.420250,-2.747221,2.747221,3.000000,0.428899,0.000000,0.000000,0.000246,-0.000612,-0.000320,0.302623,-0.015105,0.444336,0.297762,-0.014451,0.314570,-0.113340,-2.333067
9.294000,0.814823,0.707359,-2.358852,-0.155313,0.385113,-2.739289,2.739289,3.000000,0.415252,0.000000,0.000000,0.000242,0.000052,-0.000368,0.302623,-0.015104,0.444335,0.297762,-0.014451,0.314570,-0.113340,-2.332651
9.305000,0.799771,0.739444,-2.340173,-0.170365,0.417198,-2.720611,2.720611,3.000000,0.450642,0.000000,0.000000,-0.000712,-0.000129,-0.000771,0.302621,-0.015105,0.444333,0.297762,-0.014451,0.314570,-0.113340,-2.329205
9.316000,0.812806,0.743050,-2.338045,-0.157330,0.420804,-2.718483,2.718483,3.000000,0.449253,0.000000,0.000000,0.000016,0.000314,0.000021,0.302623,-0.015103,0.444336,0.297762,-0.014451,0.314570,-0.113340,-2.335981
9.327000,0.918903,0.735282,-2.380932,-0.051233,0.413036,-2.761370,2.761370,3.000000,0.416201,0.000000,0.000000,-0.000423,-0.000462,-0.000775,0.302622,-0.015105,0.444335,0.297762,-0.014451,0.314570,-0.113340,-2.329208
9.338000,0.907173,0.722273,-2.378485,-0.062963,0.400027,-2.758923,2.758923,3.000000,0.404951,0.000000,0.000000,0.000450,-0.000192,0.001213,0.302623,-0.015105,0.444339,0.297762,-0.014451,0.314570,-0.113340,-2.346131
9.349000,0.828929,0.671626,-2.379349,-0.141206,0.349380,-2.759787,2.759787,3.000000,0.376837,0.000000,0.000000,0.000051,-0.000375,0.000311,0.302622,-0.015104,0.444337,0.297762,-0.014451,0.314570,-0.113340,-2.338452
9.360000,0.892311,0.714631,-2.396317,-0.077825,0.392385,-2.776755,2.776755,3.000000,0.400028,0.000000,0.000000,-0.000054,0.000271,0.000081,0.302623,-0.015103,0.444336,0.297762,-0.014451,0.314570,-0.113340,-2.336485
9.371000,0.946213,0.684596,-2.400056,-0.023923,0.362350,-2.780494,2.780494,3.000000,0.363139,0.000000,0.000000,-0.000355,0.000021,-0.000335,0.302622,-0.015104,0.444335,0.297762,-0.014451,0.314570,-0.113340,-2.332940
9.382000,0.930800,0.679165,-2.445187,-0.039336,0.356919,-2.825625,2.825625,3.000000,0.359080,0.000000,0.000000,-0.000062,0.000382,0.000738,0.302623,-0.015103,0.444338,0.297762,-0.014451,0.314570,-0.113340,-2.342092
9.393000,0.875945,0.700951,-2.399172,-0.094191,0.378705,-2.779610,2.779610,3.000000,0.390243,0.000000,0.000000,-0.000032,0.000313,-0.000080,0.302622,-0.015102,0.444336,0.297762,-0.014451,0.314570,-0.113340,-2.335112
9.404000,0.851410,0.671903,-2.352832,-0.118726,0.349656,-2.733270,2.733270,3.000000,0.369263,0.000000,0.000000,-0.000120,0.000043,0.000208,0.302622,-0.015104,0.444334,0.297762,-0.014451,0.314570,-0.113340,-2.337526
9.415000,0.896144,0.705786,-2.379938,-0.073992,0.383540,-2.760376,2.760376,3.000000,0.390612,0.000000,0.000000,0.000026,-0.000176,-0.000109,0.302623,-0.015103,0.444336,0.297762,-0.014451,0.314570,-0.113340,-2.334870
9.426000,0.865517,0.685013,-2.381462,-0.104619,0.362767,-2.761900,2.761900,3.000000,0.377551,0.000000,0.000000,0.000046,0.000076,0.000543,0.302622,-0.015104,0.444336,0.297762,-0.014451,0.314570,-0.113340,-2.340399
9.437000,0.804537,0.707055,-2.342457,-0.165599,0.384808,-2.722895,2.722895,3.000000,0.418928,0.000000,0.000000,-0.000178,-0.000032,-0.000132,0.302623,-0.015104,0.444336,0.297762,-0.014451,0.314570,-0.113340,-2.334666
9.448000,0.883743,0.721665,-2.337863,-0.086393,0.399418,-2.718300,2.718300,3.000000,0.408655,0.000000,0.000000,0.000008,0.000395,-0.000237,0.302622,-0.015103,0.444334,0.297762,-0.014451,0.314570,-0.113340,-2.333748
9.459000,0.901824,0.721976,-2.387907,-0.068312,0.399730,-2.768345,2.768345,3.000000,0.405525,0.000000,0.000000,0.000001,0.000060,0.000793,0.302623,-0.015105,0.444337,0.297762,-0.014451,0.314570,-0.113340,-2.342538
9.470000,0.905713,0.712768,-2.439357,-0.064422,0.390521,-2.819795,2.819795,3.000000,0.395799,0.000000,0.000000,0.000249,0.000114,-0.000007,0.302623,-0.015103,0.444336,0.297762,-0.014451,0.314570,-0.113340,-2.335732
9.481000,0.836610,0.717129,-2.368989,-0.133526,0.394883,-2.749426,2.749426,3.000000,0.416847,0.000000,0.000000,0.000176,-0.000373,-0.000002,0.302624,-0.015106,0.444338,0.297762,-0.014451,0.314570,-0.113340,-2.335816
9.492000,0.835355,0.691773,-2.386930,-0.134781,0.369527,-2.767368,2.767368,3.000000,0.393340,0.000000,0.000000,-0.000254,-0.000555,-0.000444,0.302622,-0.015105,0.444335,0.297762,-0.014451,0.314570,-0.113340,-2.332007
9.503000,0.900565,0.693704,-2.388922,-0.069571,0.371458,-2.769360,2.769360,3.000000,0.377916,0.000000,0.000000,-0.000130,0.000233,-0.000668,0.302622,-0.015104,0.444335,0.297762,-0.014451,0.314570,-0.113340,-2.330104
9.514000,0.855052,0.693618,-2.386865,-0.115084,0.371371,-2.767303,2.767303,3.000000,0.388794,0.000000,0.000000,0.000195,0.000274,0.000171,0.302623,-0.015104,0.444337,0.297762,-0.014451,0.314570,-0.113340,-2.337259
9.525000,0.857933,0.702199,-2.412024,-0.112203,0.379953,-2.792462,2.792462,3.000000,0.396173,0.000000,0.000000,0.000164,0.000317,-0.000597,0.302623,-0.015103,0.444337,0.297762,-0.014451,0.314570,-0.113340,-2.330745
9.536000,0.827596,0.684386,-2.368345,-0.142540,0.362140,-2.748783,2.748783,3.000000,0.389182,0.000000,0.000000,0.000097,0.000222,-0.000250,0.302623,-0.015103,0.444336,0.297762,-0.014451,0.314570,-0.113340,-2.333668
9.547000,0.855480,0.678529,-2.405278,-0.114656,0.356283,-2.785716,2.785716,3.000000,0.374277,0.000000,0.000000,0.000062,-0.000293,-0.000517,0.302623,-0.015103,0.444336,0.297762,-0.014451,0.314570,-0.113340,-2.331416
9.558000,0.871402,0.682449,-2.403796,-0.098733,0.360203,-2.784234,2.784234,3.000000,0.373489,0.000000,0.000000,-0.000221,-0.000126,-0.000208,0.302622,-0.015104,0.444338,0.297762,-0.014451,0.314570,-0.113340,-2.334067
9.569000,0.840920,0.698941,-2.398929,-0.129216,0.376695,-2.779367,2.779367,3.000000,0.398241,0.000000,0.000000,0.000014,0.000187,0.000038,0.302622,-0.015103,0.444338,0.297762,-0.014451,0.314570,-0.113340,-2.336143
9.580000,0.859208,0.735226,-2.466216,-0.110927,0.412980,-2.846654,2.846654,3.000000,0.427618,0.000000,0.000000,0.000206,-0.000992,0.000901,0.302624,-0.015105,0.444340,0.297762,-0.014451,0.314570,-0.113340,-2.343520
9.591000,0.880346,0.662446,-2.455449,-0.089790,0.340200,-2.835887,2.835887,3.000000,0.351850,0.000000,0.000000,-0.000209,0.000030,-0.000215,0.302622,-0.015104,0.444337,0.297762,-0.014451,0.314570,-0.113340,-2.333989
9.602000,0.841069,0.697842,-2.449047,-0.129067,0.375595,-2.829485,2.829485,3.000000,0.397153,0.000000,0.000000,-0.000110,0.000124,-0.000012,0.302623,-0.015104,0.444338,0.297762,-0.014451,0.314570,-0.113340,-2.335730
9.613000,0.894350,0.686541,-2.484478,-0.075786,0.364295,-2.864916,2.864916,3.000000,0.372094,0.000000,0.000000,-0.000205,0.000210,-0.000413,0.302622,-0.015103,0.444337,0.297762,-0.014451,0.314570,-0.113340,-2.332298
9.624000,0.937009,0.655163,-2.468661,-0.033127,0.332917,-2.849099,2.849099,3.000000,0.334561,0.000000,0.000000,0.000027,0.000018,-0.000366,0.302623,-0.015104,0.444339,0.297762,-0.014451,0.314570,-0.113340,-2.332736
9.635000,0.872550,0.697643,-2.420179,-0.097586,0.375397,-2.800617,2.800617,3.000000,0.387873,0.000000,0.000000,-0.000361,-0.000657,-0.001089,0.302622,-0.015105,0.444337,0.297762,-0.014451,0.314570,-0.113340,-2.326565
9.646000,0.891256,0.686615,-2.481673,-0.078880,0.364368,-2.862110,2.862110,3.000000,0.372809,0.000000,0.000000,0.000017,-0.000212,-0.000532,0.302623,-0.015104,0.444339,0.297762,-0.014451,0.314570,-0.113340,-2.331332
9.657000,0.896674,0.703107,-2.481066,-0.073462,0.380861,-2.861503,2.861503,3.000000,0.387881,0.000000,0.000000,0.000167,-0.000736,0.000250,0.302624,-0.015105,0.444340,0.297762,-0.014451,0.314570,-0.113340,-2.337980
9.668000,0.936760,0.689291,-2.484547,-0.033375,0.367045,-2.864985,2.864985,3.000000,0.368559,0.000000,0.000000,-0.000170,0.000676,-0.000068,0.302622,-0.015102,0.444340,0.297762,-0.014451,0.314570,-0.113340,-2.335287
9.679000,0.928967,0.648022,-2.508150,-0.041169,0.325776,-2.888588,2.888588,3.000000,0.328367,0.000000,0.000000,0.000067,-0.000281,0.000433,0.302624,-0.015104,0.444342,0.297762,-0.014451,0.314570,-0.113340,-2.339573
9.690000,0.924887,0.668060,-2.529884,-0.045249,0.345814,-2.910322,2.910322,3.000000,0.348762,0.000000,0.000000,0.000008,0.000182,-0.000182,0.302623,-0.015103,0.444340,0.297762,-0.014451,0.314570,-0.113340,-2.334322
9.701000,0.914333,0.673659,-2.525688,-0.055803,0.351413,-2.906126,2.906126,3.000000,0.355816,0.000000,0.000000,-0.000545,-0.000140,-0.000762,0.302623,-0.015104,0.444340,0.297762,-0.014451,0.314570,-0.113340,-2.329401
9.712000,0.846222,0.653421,-2.507424,-0.123914,0.331175,-2.887862,2.887862,3.000000,0.353598,0.000000,0.000000,0.000250,0.000420,-0.000094,0.302625,-0.015102,0.444341,0.297762,-0.014451,0.314570,-0.113340,-2.335091
9.723000,0.839038,0.660783,-2.561846,-0.131098,0.338537,-2.942284,2.942284,3.000000,0.363035,0.000000,0.000000,-0.000078,-0.000068,-0.000587,0.302623,-0.015104,0.444342,0.297762,-0.014451,0.314570,-0.113340,-2.330926
9.734000,0.862562,0.674431,-2.621400,-0.107574,0.352185,-3.001838,3.001838,3.000000,0.368248,0.000000,0.000000,0.000132,0.000146,0.000588,0.302625,-0.015103,0.444345,0.297762,-0.014451,0.314570,-0.113340,-2.340950
9.745000,0.867648,0.651635,-2.653312,-0.102488,0.329389,-3.033750,3.033750,3.000000,0.344965,0.000000,0.000000,0.000246,-0.000144,0.000508,0.302625,-0.015104,0.444347,0.297762,-0.014451,0.314570,-0.113340,-2.340294
9.756000,0.844656,0.675471,-2.677119,-0.125480,0.353225,-3.057557,3.057557,3.000000,0.374851,0.000000,0.000000,0.000001,-0.000032,0.000384,0.302625,-0.015104,0.444347,0.297762,-0.014451,0.314570,-0.113340,-2.339238
9.767000,0.866792,0.710557,-2.720326,-0.103344,0.388311,-3.100764,3.100764,3.000000,0.401828,0.000000,0.000000,0.000047,0.000035,0.000176,0.302624,-0.015103,0.444347,0.297762,-0.014451,0.314570,-0.113340,-2.337485
9.778000,0.864287,0.722040,-2.722611,-0.105849,0.399794,-3.103049,3.103049,3.000000,0.413569,0.000000,0.000000,0.000332,-0.000585,-0.000626,0.302625,-0.015105,0.444346,0.297762,-0.014451,0.314570,-0.113340,-2.330659
9.789000,0.866068,0.681696,-2.726506,-0.104068,0.359450,-3.106944,3.106944,3.000000,0.374212,0.000000,0.000000,0.000249,0.000204,0.000195,0.302626,-0.015103,0.444350,0.297762,-0.014451,0.314570,-0.113340,-2.337690
9.800000,0.865766,0.689177,-2.749862,-0.104370,0.366931,-3.130300,3.130300,3.000000,0.381486,0.000000,0.000000,0.000248,-0.000011,0.000141,0.302625,-0.015103,0.444349,0.297762,-0.014451,0.314570,-0.113340,-2.337214
9.811000,0.863638,0.692597,-2.793090,-0.106498,0.370351,-3.173527,3.173527,3.000000,0.385359,0.000000,0.000000,-0.000028,0.000057,0.000524,0.302625,-0.015104,0.444349,0.297762,-0.014451,0.314570,-0.113340,-2.340465
9.822000,0.872735,0.661694,-2.817109,-0.097401,0.339447,-3.197547,3.197547,3.000000,0.353145,0.000000,0.000000,-0.000193,-0.000619,-0.000976,0.302625,-0.015106,0.444347,0.297762,-0.014451,0.314570,-0.113340,-2.327714
9.833000,0.818098,0.701631,-2.764719,-0.152037,0.379384,-3.145157,3.145157,3.000000,0.408715,0.000000,0.000000,-0.000094,0.000039,0.000607,0.302626,-0.015104,0.444351,0.297762,-0.014451,0.314570,-0.113340,-2.341209
9.844000,0.831224,0.671437,-2.827797,-0.138912,0.349191,-3.208235,3.208235,3.000000,0.375807,0.000000,0.000000,0.000127,0.000461,0.000798,0.302626,-0.015103,0.444351,0.297762,-0.014451,0.314570,-0.113340,-2.342838
9.855000,0.808829,0.697132,-2.841956,-0.161307,0.374886,-3.222394,3.222394,3.000000,0.408117,0.000000,0.000000,-0.000071,0.000801,-0.000290,0.302626,-0.015103,0.444350,0.297762,-0.014451,0.314570,-0.113340,-2.333584
9.866000,0.791612,0.681839,-2.838881,-0.178523,0.359592,-3.219318,3.219318,3.000000,0.401469,0.000000,0.000000,0.000114,0.000581,-0.000386,0.302626,-0.015103,0.444351,0.297762,-0.014451,0.314570,-0.113340,-2.332794
9.877000,0.781695,0.734593,-2.850987,-0.188441,0.412347,-3.231425,3.231425,3.000000,0.453365,0.000000,0.000000,0.000060,0.000055,0.000522,0.302626,-0.015105,0.444351,0.297762,-0.014451,0.314570,-0.113340,-2.340499
9.888000,0.863766,0.765660,-2.912125,-0.106369,0.443414,-3.292563,3.292563,3.000000,0.455994,0.000000,0.000000,-0.000090,-0.001019,0.000183,0.302626,-0.015107,0.444352,0.297762,-0.014451,0.314570,-0.113340,-2.337641
9.899000,0.812858,0.754980,-2.886150,-0.157278,0.432734,-3.266588,3.266588,3.000000,0.460429,0.000000,0.000000,0.000105,-0.000755,0.001102,0.302627,-0.015106,0.444354,0.297762,-0.014451,0.314570,-0.113340,-2.345474
9.910000,0.786341,0.753440,-2.899555,-0.183795,0.431194,-3.279992,3.279992,3.000000,0.468731,0.000000,0.000000,0.000126,0.000074,-0.000446,0.302627,-0.015105,0.444354,0.297762,-0.014451,0.314570,-0.113340,-2.332334
9.921000,0.792350,0.794121,-2.894020,-0.177785,0.471875,-3.274458,3.274458,3.000000,0.504255,0.000000,0.000000,-0.000206,-0.000123,0.000000,0.302627,-0.015105,0.444357,0.297762,-0.014451,0.314570,-0.113340,-2.336167
9.932000,0.789286,0.736887,-2.934912,-0.180850,0.414641,-3.315350,3.315350,3.000000,0.452365,0.000000,0.000000,-0.000017,0.000314,0.000070,0.302627,-0.015105,0.444355,0.297762,-0.014451,0.314570,-0.113340,-2.336730
9.943000,0.770434,0.724646,-2.957851,-0.199702,0.402400,-3.338289,3.338289,3.000000,0.449229,0.000000,0.000000,0.000254,0.000155,-0.000448,0.302628,-0.015104,0.444352,0.297762,-0.014451,0.314570,-0.113340,-2.332285
9.954000,0.761153,0.736872,-2.978361,-0.208983,0.414626,-3.358799,3.358799,3.000000,0.464315,0.000000,0.000000,-0.000182,-0.000330,-0.000728,0.302627,-0.015106,0.444354,0.297762,-0.014451,0.314570,-0.113340,-2.329940
9.965000,0.721427,0.743214,-2.936806,-0.248708,0.420968,-3.317244,3.317244,3.000000,0.488947,0.000000,0.000000,0.000107,0.000308,-0.000389,0.302628,-0.015105,0.444354,0.297762,-0.014451,0.314570,-0.113340,-2.332828
9.976000,0.753949,0.752162,-2.961801,-0.216186,0.429915,-3.342239,3.342239,3.000000,0.481211,0.000000,0.000000,-0.000095,-0.000101,0.000270,0.302627,-0.015105,0.444354,0.297762,-0.014451,0.314570,-0.113340,-2.338415
9.987000,0.776942,0.749734,-2.987085,-0.193194,0.427488,-3.367523,3.367523,3.000000,0.469116,0.000000,0.000000,-0.000105,0.000395,-0.000506,0.302627,-0.015104,0.444354,0.297762,-0.014451,0.314570,-0.113340,-2.331830
9.998000,0.772114,0.716576,-3.001555,-0.198021,0.394329,-3.381992,3.381992,3.000000,0.441257,0.000000,0.000000,-0.000318,0.000246,-0.000398,0.302627,-0.015105,0.444354,0.297762,-0.014451,0.314570,-0.113340,-2.332748
10.009000,0.760296,0.710530,-2.978985,-0.209839,0.388284,-3.359423,3.359423,3.000000,0.441358,0.000000,0.000000,0.000167,-0.000576,0.000760,0.302628,-0.015107,0.444358,0.297762,-0.014451,0.314570,-0.113340,-2.342629
10.020000,0.783498,0.709654,-2.996545,-0.186637,0.387408,-3.376982,3.376982,3.000000,0.430021,0.000000,0.000000,-0.000082,0.000632,-0.000519,0.302628,-0.015104,0.444355,0.297762,-0.014451,0.314570,-0.113340,-2.331731
10.031000,0.791665,0.714302,-2.994593,-0.178471,0.392056,-3.375031,3.375031,3.000000,0.430767,0.000000,0.000000,-0.000279,0.000113,-0.000476,0.302627,-0.015105,0.444355,0.297762,-0.014451,0.314570,-0.113340,-2.332090
10.042000,0.751968,0.739116,-3.007016,-0.218168,0.416870,-3.387454,3.387454,3.000000,0.470508,0.000000,0.000000,-0.000261,0.000105,-0.000628,0.302627,-0.015105,0.444353,0.297762,-0.014451,0.314570,-0.113340,-2.330772
10.053000,0.685596,0.770061,-2.964737,-0.284540,0.447815,-3.345175,3.345175,3.000000,0.530567,0.000000,0.000000,0.000152,-0.000122,0.000166,0.302628,-0.015105,0.444356,0.297762,-0.014451,0.314570,-0.113340,-2.337571
10.064000,0.752519,0.774152,-3.007723,-0.217616,0.451906,-3.388161,3.388161,3.000000,0.501574,0.000000,0.000000,0.000153,0.000415,-0.000765,0.302628,-0.015105,0.444354,0.297762,-0.014451,0.314570,-0.113340,-2.329622
10.075000,0.779098,0.723006,-3.048362,-0.191038,0.400760,-3.428800,3.428800,3.000000,0.443964,0.000000,0.000000,0.000218,-0.000451,0.000055,0.302629,-0.015107,0.444355,0.297762,-0.014451,0.314570,-0.113340,-2.336605
10.086000,0.739390,0.765956,-2.997413,-0.230745,0.443710,-3.377851,3.377851,3.000000,0.500122,0.000000,0.000000,0.000122,-0.000342,0.000179,0.302628,-0.015106,0.444355,0.297762,-0.014451,0.314570,-0.113340,-2.337652
10.097000,0.742508,0.764735,-2.977556,-0.227628,0.442489,-3.357994,3.357994,3.000000,0.497605,0.000000,0.000000,-0.000134,-0.000134,-0.000197,0.302628,-0.015105,0.444355,0.297762,-0.014451,0.314570,-0.113340,-2.334473
10.108000,0.807795,0.740108,-2.990292,-0.162341,0.417862,-3.370730,3.370730,3.000000,0.448289,0.000000,0.000000,-0.000157,0.000674,-0.000219,0.302627,-0.015104,0.444355,0.297762,-0.014451,0.314570,-0.113340,-2.334267
10.119000,0.802586,0.755185,-2.985732,-0.167550,0.432939,-3.366170,3.366170,3.000000,0.464230,0.000000,0.000000,-0.000531,-0.000206,-0.000025,0.302626,-0.015107,0.444355,0.297762,-0.014451,0.314570,-0.113340,-2.335930
10.130000,0.723308,0.777894,-2.993565,-0.246828,0.455648,-3.374003,3.374003,3.000000,0.518207,0.000000,0.000000,0.000022,-0.000673,-0.000006,0.302627,-0.015107,0.444355,0.297762,-0.014451,0.314570,-0.113340,-2.336079
10.141000,0.736460,0.770002,-2.991890,-0.233676,0.447756,-3.372328,3.372328,3.000000,0.505064,0.000000,0.000000,0.000038,-0.000380,0.000083,0.302628,-0.015105,0.444356,0.297762,-0.014451,0.314570,-0.113340,-2.336850
10.152000,0.689065,0.776123,-2.948355,-0.281071,0.453877,-3.328793,3.328793,3.000000,0.533859,0.000000,0.000000,-0.000089,-0.000773,-0.000233,0.302627,-0.015107,0.444355,0.297762,-0.014451,0.314570,-0.113340,-2.334159
10.163000,0.738639,0.723411,-2.966778,-0.231497,0.401164,-3.347216,3.347216,3.000000,0.463167,0.000000,0.000000,-0.000133,0.000560,0.000714,0.302627,-0.015104,0.444357,0.297762,-0.014451,0.314570,-0.113340,-2.342241
10.174000,0.746358,0.722671,-2.989605,-0.223778,0.400425,-3.370042,3.370042,3.000000,0.458712,0.000000,0.000000,0.000389,0.000254,0.000345,0.302627,-0.015104,0.444354,0.297762,-0.014451,0.314570,-0.113340,-2.339054
10.185000,0.765588,0.724567,-2.973730,-0.204548,0.402321,-3.354168,3.354168,3.000000,0.451334,0.000000,0.000000,-0.000149,-0.000387,-0.000584,0.302627,-0.015105,0.444354,0.297762,-0.014451,0.314570,-0.113340,-2.331171
10.196000,0.791871,0.720854,-2.981713,-0.178265,0.398608,-3.362151,3.362151,3.000000,0.436653,0.000000,0.000000,0.000349,-0.000173,0.000155,0.302629,-0.015103,0.444355,0.297762,-0.014451,0.314570,-0.113340,-2.337449
10.207000,0.746462,0.763088,-2.996624,-0.223674,0.440842,-3.377062,3.377062,3.000000,0.494339,0.000000,0.000000,0.000043,-0.000056,0.000457,0.302627,-0.015104,0.444356,0.297762,-0.014451,0.314570,-0.113340,-2.340022
10.218000,0.780441,0.716954,-3.008120,-0.189695,0.394708,-3.388558,3.388558,3.000000,0.437925,0.000000,0.000000,-0.000157,0.000078,0.000566,0.302627,-0.015104,0.444356,0.297762,-0.014451,0.314570,-0.113340,-2.340957
10.229000,0.802843,0.693290,-3.004716,-0.167293,0.371044,-3.385154,3.385154,3.000000,0.407014,0.000000,0.000000,0.000012,0.000622,-0.000009,0.302628,-0.015104,0.444356,0.297762,-0.014451,0.314570,-0.113340,-2.336079
10.240000,0.735459,0.717176,-2.961696,-0.234677,0.394930,-3.342134,3.342134,3.000000,0.459394,0.000000,0.000000,0.000210,0.000143,0.000339,0.302628,-0.015105,0.444355,0.297762,-0.014451,0.314570,-0.113340,-2.339010
10.251000,0.747369,0.704483,-2.964604,-0.222767,0.382237,-3.345041,3.345041,3.000000,0.442414,0.000000,0.000000,0.000269,0.000190,0.000420,0.302627,-0.015106,0.444355,0.297762,-0.014451,0.314570,-0.113340,-2.339703
10.262000,0.741070,0.720102,-2.971000,-0.229066,0.397856,-3.351438,3.351438,3.000000,0.459086,0.000000,0.000000,-0.000188,0.000279,-0.000509,0.302627,-0.015105,0.444352,0.297762,-0.014451,0.314570,-0.113340,-2.331767
10.273000,0.741334,0.727612,-2.941870,-0.228801,0.405366,-3.322308,3.322308,3.000000,0.465480,0.000000,0.000000,0.000204,-0.000633,-0.000454,0.302627,-0.015106,0.444352,0.297762,-0.014451,0.314570,-0.113340,-2.332234
10.284000,0.740990,0.730882,-2.927239,-0.229146,0.408636,-3.307677,3.307677,3.000000,0.468499,0.000000,0.000000,0.000201,0.000332,-0.000018,0.302627,-0.015105,0.444353,0.297762,-0.014451,0.314570,-0.113340,-2.335938
10.295000,0.697704,0.740097,-2.883946,-0.272432,0.417851,-3.264384,3.264384,3.000000,0.498817,0.000000,0.000000,-0.000343,0.000623,-0.000683,0.302626,-0.015104,0.444350,0.297762,-0.014451,0.314570,-0.113340,-2.330251
10.306000,0.764879,0.741341,-2.909906,-0.205257,0.419095,-3.290344,3.290344,3.000000,0.466659,0.000000,0.000000,-0.000353,-0.000045,-0.000305,0.302627,-0.015106,0.444352,0.297762,-0.014451,0.314570,-0.113340,-2.333484
10.317000,0.738582,0.787631,-2.869470,-0.231554,0.465385,-3.249908,3.249908,3.000000,0.519808,0.000000,0.000000,-0.000420,-0.000177,-0.000321,0.302626,-0.015106,0.444352,0.297762,-0.014451,0.314570,-0.113340,-2.333360
10.328000,0.749414,0.766063,-2.854090,-0.220721,0.443817,-3.234528,3.234528,3.000000,0.495673,0.000000,0.000000,-0.000190,-0.000083,-0.000552,0.302627,-0.015105,0.444352,0.297762,-0.014451,0.314570,-0.113340,-2.331390
10.339000,0.763983,0.774921,-2.892303,-0.206153,0.452675,-3.272741,3.272741,3.000000,0.497407,0.000000,0.000000,-0.000054,0.000278,-0.000453,0.302628,-0.015104,0.444353,0.297762,-0.014451,0.314570,-0.113340,-2.332251
10.350000,0.766913,0.777848,-2.875268,-0.203223,0.455602,-3.255706,3.255706,3.000000,0.498872,0.000000,0.000000,-0.000128,-0.000810,0.000011,0.302627,-0.015106,0.444352,0.297762,-0.014451,0.314570,-0.113340,-2.336180
10.361000,0.831168,0.760478,-2.899879,-0.138968,0.438232,-3.280317,3.280317,3.000000,0.459738,0.000000,0.000000,0.000053,-0.000226,0.001273,0.302626,-0.015106,0.444355,0.297762,-0.014451,0.314570,-0.113340,-2.346930
10.372000,0.842274,0.717687,-2.865028,-0.127862,0.395441,-3.245466,3.245466,3.000000,0.415598,0.000000,0.000000,0.000037,-0.000653,0.000791,0.302626,-0.015105,0.444353,0.297762,-0.014451,0.314570,-0.113340,-2.342810
10.383000,0.825466,0.732819,-2.875494,-0.144669,0.410573,-3.255932,3.255932,3.000000,0.435315,0.000000,0.000000,0.000549,-0.000028,0.001076,0.302628,-0.015105,0.444355,0.297762,-0.014451,0.314570,-0.113340,-2.345260
10.394000,0.789773,0.728727,-2.840209,-0.180363,0.406481,-3.220646,3.220646,3.000000,0.444700,0.000000,0.000000,0.000055,-0.000926,-0.000112,0.302628,-0.015108,0.444353,0.297762,-0.014451,0.314570,-0.113340,-2.335145
10.405000,0.728255,0.739106,-2.835816,-0.241881,0.416860,-3.216254,3.216254,3.000000,0.481953,0.000000,0.000000,-0.000454,-0.000805,-0.000879,0.302626,-0.015107,0.444350,0.297762,-0.014451,0.314570,-0.113340,-2.328576
10.416000,0.770036,0.705713,-2.836647,-0.200099,0.383467,-3.217085,3.217085,3.000000,0.432535,0.000000,0.000000,0.000055,0.000649,-0.000014,0.302627,-0.015105,0.444351,0.297762,-0.014451,0.314570,-0.113340,-2.335953
10.427000,0.773257,0.730680,-2.803886,-0.196879,0.408434,-3.184324,3.184324,3.000000,0.453409,0.000000,0.000000,-0.000430,-0.000418,-0.000184,0.302626,-0.015105,0.444352,0.297762,-0.014451,0.314570,-0.113340,-2.334515
10.438000,0.757807,0.764323,-2.789806,-0.212329,0.442077,-3.170244,3.170244,3.000000,0.490424,0.000000,0.000000,0.000025,0.000716,0.000584,0.302627,-0.015104,0.444353,0.297762,-0.014451,0.314570,-0.113340,-2.341066
10.449000,0.756340,0.738323,-2.840996,-0.213796,0.416077,-3.221434,3.221434,3.000000,0.467792,0.000000,0.000000,0.000211,0.000359,-0.000592,0.302627,-0.015105,0.444351,0.297762,-0.014451,0.314570,-0.113340,-2.331040
10.460000,0.757709,0.763591,-2.823984,-0.212427,0.441345,-3.204422,3.204422,3.000000,0.489807,0.000000,0.000000,-0.000336,0.000102,-0.000027,0.302626,-0.015104,0.444351,0.297762,-0.014451,0.314570,-0.113340,-2.335826
10.471000,0.843333,0.748764,-2.823937,-0.126803,0.426518,-3.204375,3.204375,3.000000,0.444968,0.000000,0.000000,0.000027,0.000072,0.000250,0.302626,-0.015106,0.444351,0.297762,-0.014451,0.314570,-0.113340,-2.338179
10.482000,0.823912,0.741090,-2.834938,-0.146224,0.418844,-3.215376,3.215376,3.000000,0.443634,0.000000,0.000000,0.000244,0.000219,-0.000007,0.302627,-0.015105,0.444352,0.297762,-0.014451,0.314570,-0.113340,-2.336025
10.493000,0.786018,0.752958,-2.812196,-0.184118,0.430712,-3.192634,3.192634,3.000000,0.468414,0.000000,0.000000,0.000046,0.000167,-0.000495,0.302627,-0.015106,0.444352,0.297762,-0.014451,0.314570,-0.113340,-2.331878
10.504000,0.752863,0.761425,-2.793804,-0.217273,0.439179,-3.174241,3.174241,3.000000,0.489986,0.000000,0.000000,-0.000018,0.000105,0.000480,0.302626,-0.015105,0.444351,0.297762,-0.014451,0.314570,-0.113340,-2.340130
10.515000,0.835191,0.738774,-2.826891,-0.134945,0.416528,-3.207329,3.207329,3.000000,0.437842,0.000000,0.000000,-0.000083,-0.000033,-0.000037,0.302626,-0.015104,0.444350,0.297762,-0.014451,0.314570,-0.113340,-2.335736
10.526000,0.785930,0.757046,-2.784891,-0.184206,0.434800,-3.165329,3.165329,3.000000,0.472211,0.000000,0.000000,-0.000018,0.000078,0.000890,0.302627,-0.015105,0.444354,0.297762,-0.014451,0.314570,-0.113340,-2.343670
10.537000,0.811548,0.743069,-2.810646,-0.158588,0.420823,-3.191084,3.191084,3.000000,0.449713,0.000000,0.000000,0.000444,0.000331,0.000072,0.302627,-0.015104,0.444352,0.297762,-0.014451,0.314570,-0.113340,-2.336683
10.548000,0.790142,0.747471,-2.764019,-0.179994,0.425224,-3.144456,3.144456,3.000000,0.461751,0.000000,0.000000,0.000110,0.000115,-0.000054,0.302627,-0.015105,0.444350,0.297762,-0.014451,0.314570,-0.113340,-2.335586
10.559000,0.803201,0.740349,-2.805367,-0.166934,0.418103,-3.185805,3.185805,3.000000,0.450197,0.000000,0.000000,0.000474,0.000318,0.001214,0.302628,-0.015103,0.444353,0.297762,-0.014451,0.314570,-0.113340,-2.346399
10.570000,0.813438,0.732380,-2.805282,-0.156698,0.410134,-3.185720,3.185720,3.000000,0.439049,0.000000,0.000000,-0.000225,-0.000071,0.000151,0.302627,-0.015105,0.444352,0.297762,-0.014451,0.314570,-0.113340,-2.337352
10.581000,0.769881,0.743691,-2.799271,-0.200254,0.421445,-3.179709,3.179709,3.000000,0.466602,0.000000,0.000000,0.000361,0.000523,0.000033,0.302628,-0.015103,0.444353,0.297762,-0.014451,0.314570,-0.113340,-2.336382
10.592000,0.782366,0.741482,-2.799675,-0.187770,0.419236,-3.180113,3.180113,3.000000,0.459365,0.000000,0.000000,0.000040,-0.000505,0.000077,0.302627,-0.015105,0.444353,0.297762,-0.014451,0.314570,-0.113340,-2.336750
10.603000,0.812912,0.772587,-2.805923,-0.157224,0.450341,-3.186361,3.186361,3.000000,0.476997,0.000000,0.000000,-0.000121,-0.000288,0.000018,0.302627,-0.015105,0.444351,0.297762,-0.014451,0.314570,-0.113340,-2.336215
10.614000,0.763903,0.743696,-2.778996,-0.206233,0.421450,-3.159434,3.159434,3.000000,0.469204,0.000000,0.000000,-0.000254,0.000374,-0.000771,0.302626,-0.015104,0.444349,0.297762,-0.014451,0.314570,-0.113340,-2.329481
10.625000,0.757822,0.733714,-2.782189,-0.212314,0.411467,-3.162627,3.162627,3.000000,0.463015,0.000000,0.000000,0.000052,0.000228,-0.000295,0.302627,-0.015105,0.444352,0.297762,-0.014451,0.314570,-0.113340,-2.333578
10.636000,0.771759,0.714279,-2.772569,-0.198377,0.392032,-3.153007,3.153007,3.000000,0.439366,0.000000,0.000000,-0.000139,0.000515,-0.000340,0.302627,-0.015103,0.444351,0.297762,-0.014451,0.314570,-0.113340,-2.333185
10.647000,0.821235,0.739098,-2.814926,-0.148900,0.416852,-3.195364,3.195364,3.000000,0.442648,0.000000,0.000000,0.000045,0.000670,-0.000025,0.302627,-0.015103,0.444352,0.297762,-0.014451,0.314570,-0.113340,-2.335875
10.658000,0.794405,0.720379,-2.807327,-0.175731,0.398133,-3.187765,3.187765,3.000000,0.435191,0.000000,0.000000,-0.000516,0.000258,-0.000491,0.302626,-0.015104,0.444352,0.297762,-0.014451,0.314570,-0.113340,-2.331905
10.669000,0.778233,0.733044,-2.806342,-0.191902,0.410798,-3.186779,3.186779,3.000000,0.453411,0.000000,0.000000,0.000040,-0.000114,-0.000271,0.302627,-0.015106,0.444353,0.297762,-0.014451,0.314570,-0.113340,-2.333793
10.680000,0.775022,0.722435,-2.809171,-0.195114,0.400189,-3.189609,3.189609,3.000000,0.445219,0.000000,0.000000,-0.000126,0.000456,-0.000127,0.302626,-0.015104,0.444351,0.297762,-0.014451,0.314570,-0.113340,-2.334978
10.691000,0.784282,0.730380,-2.809139,-0.185854,0.408134,-3.189577,3.189577,3.000000,0.448458,0.000000,0.000000,-0.000062,0.000347,0.000157,0.302627,-0.015105,0.444352,0.297762,-0.014451,0.314570,-0.113340,-2.337422
10.702000,0.814392,0.726765,-2.834853,-0.155744,0.404519,-3.215291,3.215291,3.000000,0.433465,0.000000,0.000000,-0.000048,-0.000162,0.000427,0.302626,-0.015104,0.444353,0.297762,-0.014451,0.314570,-0.113340,-2.339725
10.713000,0.815546,0.746052,-2.823794,-0.154590,0.423805,-3.204232,3.204232,3.000000,0.451120,0.000000,0.000000,-0.000255,0.000047,-0.001040,0.302626,-0.015105,0.444350,0.297762,-0.014451,0.314570,-0.113340,-2.327214
10.724000,0.803834,0.769022,-2.804077,-0.166301,0.446776,-3.184515,3.184515,3.000000,0.476723,0.000000,0.000000,0.000148,-0.000834,0.000056,0.302627,-0.015106,0.444352,0.297762,-0.014451,0.314570,-0.113340,-2.336559
10.735000,0.831961,0.728396,-2.837973,-0.138174,0.406149,-3.218411,3.218411,3.000000,0.429010,0.000000,0.000000,0.000209,-0.000090,0.001181,0.302627,-0.015105,0.444355,0.297762,-0.014451,0.314570,-0.113340,-2.346148
10.746000,0.773915,0.674408,-2.808830,-0.196221,0.352162,-3.189268,3.189268,3.000000,0.403138,0.000000,0.000000,0.000289,0.000308,-0.000153,0.302627,-0.015105,0.444353,0.297762,-0.014451,0.314570,-0.113340,-2.334795
10.757000,0.843033,0.706687,-2.836503,-0.127103,0.384441,-3.216941,3.216941,3.000000,0.404907,0.000000,0.000000,0.000060,-0.000163,0.000128,0.302627,-0.015105,0.444352,0.297762,-0.014451,0.314570,-0.113340,-2.337164
10.768000,0.794488,0.706330,-2.809439,-0.175648,0.384084,-3.189877,3.189877,3.000000,0.422342,0.000000,0.000000,0.000001,0.000325,-0.000039,0.302627,-0.015105,0.444353,0.297762,-0.014451,0.314570,-0.113340,-2.335767
10.779000,0.754106,0.680834,-2.798263,-0.216029,0.358588,-3.178701,3.178701,3.000000,0.418633,0.000000,0.000000,-0.000175,-0.000377,-0.000557,0.302626,-0.015105,0.444351,0.297762,-0.014451,0.314570,-0.113340,-2.331328
10.790000,0.837112,0.733597,-2.845267,-0.133023,0.411351,-3.225705,3.225705,3.000000,0.432325,0.000000,0.000000,0.000219,0.000184,0.000660,0.302627,-0.015104,0.444353,0.297762,-0.014451,0.314570,-0.113340,-2.341695
10.801000,0.831518,0.746200,-2.849630,-0.138618,0.423954,-3.230068,3.230068,3.000000,0.446040,0.000000,0.000000,0.000162,0.000438,-0.000241,0.302627,-0.015105,0.444352,0.297762,-0.014451,0.314570,-0.113340,-2.334036
10.812000,0.782011,0.717898,-2.823786,-0.188124,0.395652,-3.204224,3.204224,3.000000,0.438100,0.000000,0.000000,0.000244,-0.000492,-0.000393,0.302627,-0.015106,0.444351,0.297762,-0.014451,0.314570,-0.113340,-2.332731
10.823000,0.752954,0.744895,-2.808030,-0.217182,0.422649,-3.188468,3.188468,3.000000,0.475184,0.000000,0.000000,-0.000089,-0.000462,-0.000630,0.302626,-0.015105,0.444350,0.297762,-0.014451,0.314570,-0.113340,-2.330696
10.834000,0.788029,0.722218,-2.802354,-0.182107,0.399972,-3.182791,3.182791,3.000000,0.439478,0.000000,0.000000,0.000011,0.000459,0.000299,0.302627,-0.015105,0.444352,0.297762,-0.014451,0.314570,-0.113340,-2.338621
10.845000,0.848137,0.724695,-2.817245,-0.121999,0.402449,-3.197683,3.197683,3.000000,0.420534,0.000000,0.000000,-0.000082,-0.000378,-0.000281,0.302627,-0.015105,0.444352,0.297762,-0.014451,0.314570,-0.113340,-2.333699
10.856000,0.790641,0.751214,-2.807565,-0.179495,0.428968,-3.188003,3.188003,3.000000,0.465008,0.000000,0.000000,-0.000192,0.000555,-0.000937,0.302626,-0.015104,0.444350,0.297762,-0.014451,0.314570,-0.113340,-2.328102
10.867000,0.832776,0.742339,-2.827306,-0.137360,0.420093,-3.207744,3.207744,3.000000,0.441980,0.000000,0.000000,-0.000203,-0.000508,-0.000597,0.302627,-0.015105,0.444351,0.297762,-0.014451,0.314570,-0.113340,-2.331004
10.878000,0.823350,0.737519,-2.826909,-0.146786,0.415273,-3.207347,3.207347,3.000000,0.440452,0.000000,0.000000,-0.000024,-0.000403,-0.000674,0.302627,-0.015105,0.444350,0.297762,-0.014451,0.314570,-0.113340,-2.330326
10.889000,0.827804,0.731612,-2.845089,-0.142332,0.409366,-3.225527,3.225527,3.000000,0.433404,0.000000,0.000000,0.000218,-0.000624,-0.000039,0.302627,-0.015106,0.444352,0.297762,-0.014451,0.314570,-0.113340,-2.335753
10.900000,0.829262,0.728525,-2.842147,-0.140874,0.406278,-3.222585,3.222585,3.000000,0.430009,0.000000,0.000000,-0.000449,-0.000411,-0.000609,0.302626,-0.015106,0.444350,0.297762,-0.014451,0.314570,-0.113340,-2.330878
10.911000,0.791741,0.719346,-2.807276,-0.178394,0.397100,-3.187714,3.187714,3.000000,0.435331,0.000000,0.000000,0.000075,-0.000567,-0.000128,0.302627,-0.015107,0.444351,0.297762,-0.014451,0.314570,-0.113340,-2.334970
10.922000,0.795091,0.735153,-2.815874,-0.175044,0.412906,-3.196312,3.196312,3.000000,0.448478,0.000000,0.000000,0.000011,-0.000607,-0.000633,0.302626,-0.015106,0.444349,0.297762,-0.014451,0.314570,-0.113340,-2.330663
10.933000,0.770511,0.734740,-2.809942,-0.199625,0.412494,-3.190380,3.190380,3.000000,0.458259,0.000000,0.000000,0.000206,0.000062,0.000284,0.302627,-0.015105,0.444353,0.297762,-0.014451,0.314570,-0.113340,-2.338509
10.944000,0.836517,0.738358,-2.795669,-0.133619,0.416112,-3.176107,3.176107,3.000000,0.437039,0.000000,0.000000,0.000129,-0.000702,0.000124,0.302628,-0.015107,0.444353,0.297762,-0.014451,0.314570,-0.113340,-2.337154
10.955000,0.819540,0.755066,-2.828767,-0.150595,0.432820,-3.209205,3.209205,3.000000,0.458271,0.000000,0.000000,-0.000019,-0.000198,0.000591,0.302627,-0.015104,0.444353,0.297762,-0.014451,0.314570,-0.113340,-2.341113
10.966000,0.753374,0.724391,-2.798056,-0.216762,0.402145,-3.178494,3.178494,3.000000,0.456844,0.000000,0.000000,-0.000216,0.000221,-0.000560,0.302626,-0.015106,0.444350,0.297762,-0.014451,0.314570,-0.113340,-2.331303
10.977000,0.805622,0.711876,-2.800801,-0.164513,0.389630,-3.181239,3.181239,3.000000,0.422938,0.000000,0.000000,-0.000145,-0.000142,-0.000028,0.302627,-0.015106,0.444352,0.297762,-0.014451,0.314570,-0.113340,-2.335846
10.988000,0.811764,0.733327,-2.813015,-0.158372,0.411081,-3.193453,3.193453,3.000000,0.440533,0.000000,0.000000,-0.000415,-0.000301,0.000151,0.302626,-0.015106,0.444350,0.297762,-0.014451,0.314570,-0.113340,-2.337329
10.999000,0.823821,0.734975,-2.836182,-0.146314,0.412729,-3.216620,3.216620,3.000000,0.437896,0.000000,0.000000,0.000305,-0.000263,0.000580,0.302628,-0.015106,0.444353,0.297762,-0.014451,0.314570,-0.113340,-2.341025
11.010000,0.769636,0.753694,-2.796386,-0.200499,0.431448,-3.176824,3.176824,3.000000,0.475759,0.000000,0.000000,-0.000156,0.000131,-0.000606,0.302627,-0.015105,0.444351,0.297762,-0.014451,0.314570,-0.113340,-2.330918
11.021000,0.795947,0.753039,-2.816697,-0.174189,0.430793,-3.197135,3.197135,3.000000,0.464677,0.000000,0.000000,-0.000375,0.000319,-0.000270,0.302626,-0.015105,0.444350,0.297762,-0.014451,0.314570,-0.113340,-2.333763
11.032000,0.757876,0.746868,-2.816977,-0.212260,0.424622,-3.197415,3.197415,3.000000,0.474719,0.000000,0.000000,-0.000180,0.000218,0.000195,0.302626,-0.015104,0.444351,0.297762,-0.014451,0.314570,-0.113340,-2.337719
11.043000,0.766979,0.737666,-2.823441,-0.203157,0.415420,-3.203879,3.203879,3.000000,0.462435,0.000000,0.000000,0.000399,-0.000095,0.000761,0.302628,-0.015105,0.444355,0.297762,-0.014451,0.314570,-0.113340,-2.342582
11.054000,0.765971,0.765612,-2.811260,-0.204165,0.443365,-3.191697,3.191697,3.000000,0.488115,0.000000,0.000000,-0.000024,0.000090,-0.000189,0.302627,-0.015105,0.444351,0.297762,-0.014451,0.314570,-0.113340,-2.334467
11.065000,0.774918,0.740473,-2.830567,-0.195218,0.418227,-3.211004,3.211004,3.000000,0.461545,0.000000,0.000000,0.000229,0.000078,0.000809,0.302627,-0.015105,0.444352,0.297762,-0.014451,0.314570,-0.113340,-2.342951
11.076000,0.813461,0.734852,-2.821329,-0.156675,0.412606,-3.201767,3.201767,3.000000,0.441351,0.000000,0.000000,-0.000134,-0.000065,0.000124,0.302626,-0.015106,0.444351,0.297762,-0.014451,0.314570,-0.113340,-2.337106
11.087000,0.816789,0.738746,-2.793992,-0.153347,0.416499,-3.174430,3.174430,3.000000,0.443832,0.000000,0.000000,-0.000225,-0.000477,-0.000558,0.302626,-0.015105,0.444351,0.297762,-0.014451,0.314570,-0.113340,-2.331322
11.098000,0.777696,0.719138,-2.796230,-0.192439,0.396892,-3.176668,3.176668,3.000000,0.441085,0.000000,0.000000,0.000480,-0.000214,0.000070,0.302628,-0.015105,0.444352,0.297762,-0.014451,0.314570,-0.113340,-2.336675
11.109000,0.739340,0.725308,-2.775216,-0.230796,0.403062,-3.155654,3.155654,3.000000,0.464463,0.000000,0.000000,0.000061,-0.000479,-0.000876,0.302627,-0.015106,0.444350,0.297762,-0.014451,0.314570,-0.113340,-2.328612
11.120000,0.790233,0.727012,-2.827753,-0.179902,0.404766,-3.208191,3.208191,3.000000,0.442945,0.000000,0.000000,0.000380,0.000133,-0.000159,0.302628,-0.015105,0.444351,0.297762,-0.014451,0.314570,-0.113340,-2.334720
11.131000,0.796973,0.729830,-2.823849,-0.173163,0.407584,-3.204287,3.204287,3.000000,0.442843,0.000000,0.000000,0.000112,-0.000613,-0.000053,0.302627,-0.015105,0.444352,0.297762,-0.014451,0.314570,-0.113340,-2.335637
11.142000,0.774406,0.749624,-2.816638,-0.195729,0.427377,-3.197076,3.197076,3.000000,0.470065,0.000000,0.000000,0.000064,-0.000013,-0.000043,0.302627,-0.015105,0.444351,0.297762,-0.014451,0.314570,-0.113340,-2.335693
11.153000,0.788660,0.722893,-2.813272,-0.181475,0.400647,-3.193710,3.193710,3.000000,0.439831,0.000000,0.000000,0.000065,-0.000074,0.000370,0.302627,-0.015106,0.444353,0.297762,-0.014451,0.314570,-0.113340,-2.339245
11.164000,0.819312,0.748475,-2.817951,-0.150823,0.426229,-3.198389,3.198389,3.000000,0.452127,0.000000,0.000000,-0.000199,-0.000510,0.000344,0.302627,-0.015106,0.444353,0.297762,-0.014451,0.314570,-0.113340,-2.339016
11.175000,0.795198,0.762540,-2.807406,-0.174938,0.440293,-3.187844,3.187844,3.000000,0.473774,0.000000,0.000000,-0.000129,-0.000348,-0.000361,0.302627,-0.015106,0.444351,0.297762,-0.014451,0.314570,-0.113340,-2.333007
11.186000,0.785033,0.759002,-2.803930,-0.185102,0.436756,-3.184367,3.184367,3.000000,0.474361,0.000000,0.000000,0.000070,0.000022,0.000949,0.302627,-0.015105,0.444354,0.297762,-0.014451,0.314570,-0.113340,-2.344164
11.197000,0.852612,0.721761,-2.855106,-0.117524,0.399515,-3.235544,3.235544,3.000000,0.416442,0.000000,0.000000,-0.000069,0.000484,0.000449,0.302627,-0.015104,0.444352,0.297762,-0.014451,0.314570,-0.113340,-2.339886
11.208000,0.818774,0.748364,-2.819279,-0.151361,0.426118,-3.199717,3.199717,3.000000,0.452202,0.000000,0.000000,0.000243,-0.000085,0.000334,0.302627,-0.015105,0.444354,0.297762,-0.014451,0.314570,-0.113340,-2.338943
11.219000,0.829724,0.736621,-2.832581,-0.140412,0.414375,-3.213019,3.213019,3.000000,0.437518,0.000000,0.000000,0.000107,0.000305,-0.001096,0.302627,-0.015104,0.444349,0.297762,-0.014451,0.314570,-0.113340,-2.326737
11.230000,0.802250,0.700435,-2.830683,-0.167886,0.378189,-3.211121,3.211121,3.000000,0.413778,0.000000,0.000000,-0.000036,0.000225,0.001081,0.302627,-0.015105,0.444356,0.297762,-0.014451,0.314570,-0.113340,-2.345338
11.241000,0.807512,0.731148,-2.827322,-0.162623,0.408902,-3.207760,3.207760,3.000000,0.440054,0.000000,0.000000,0.000209,-0.000267,0.000408,0.302627,-0.015104,0.444353,0.297762,-0.014451,0.314570,-0.113340,-2.339561
11.252000,0.797311,0.749311,-2.837932,-0.172825,0.427065,-3.218370,3.218370,3.000000,0.460709,0.000000,0.000000,0.000043,-0.000395,0.000231,0.302627,-0.015106,0.444353,0.297762,-0.014451,0.314570,-0.113340,-2.338055
11.263000,0.796449,0.733158,-2.856088,-0.173687,0.410912,-3.236526,3.236526,3.000000,0.446112,0.000000,0.000000,0.000273,-0.000824,-0.000157,0.302627,-0.015106,0.444353,0.297762,-0.014451,0.314570,-0.113340,-2.334762
11.274000,0.756265,0.723390,-2.834979,-0.213870,0.401144,-3.215417,3.215417,3.000000,0.454595,0.000000,0.000000,0.000059,-0.000378,0.000020,0.302627,-0.015106,0.444352,0.297762,-0.014451,0.314570,-0.113340,-2.336242
11.285000,0.768259,0.732217,-2.850458,-0.201877,0.409971,-3.230896,3.230896,3.000000,0.456980,0.000000,0.000000,-0.000019,0.000063,-0.000276,0.302627,-0.015105,0.444353,0.297762,-0.014451,0.314570,-0.113340,-2.333752
11.296000,0.762845,0.744251,-2.827385,-0.207291,0.422005,-3.207822,3.207822,3.000000,0.470168,0.000000,0.000000,0.000533,-0.000391,0.000041,0.302627,-0.015106,0.444352,0.297762,-0.014451,0.314570,-0.113340,-2.336424
11.307000,0.766465,0.729767,-2.827715,-0.203671,0.407520,-3.208153,3.208153,3.000000,0.455582,0.000000,0.000000,0.000294,0.000284,0.000490,0.302628,-0.015103,0.444355,0.297762,-0.014451,0.314570,-0.113340,-2.340298
11.318000,0.753301,0.722144,-2.844814,-0.216835,0.399898,-3.225252,3.225252,3.000000,0.454902,0.000000,0.000000,-0.000070,0.000218,-0.000092,0.302627,-0.015104,0.444352,0.297762,-0.014451,0.314570,-0.113340,-2.335309
11.329000,0.800028,0.721467,-2.879369,-0.170108,0.399221,-3.259807,3.259807,3.000000,0.433951,0.000000,0.000000,0.000293,0.000096,0.000838,0.302627,-0.015106,0.444354,0.297762,-0.014451,0.314570,-0.113340,-2.343233
11.340000,0.828471,0.705084,-2.849973,-0.141665,0.382838,-3.230411,3.230411,3.000000,0.408208,0.000000,0.000000,0.000066,0.000050,0.000030,0.302627,-0.015105,0.444352,0.297762,-0.014451,0.314570,-0.113340,-2.336329
11.351000,0.841737,0.725247,-2.856646,-0.128398,0.403001,-3.237084,3.237084,3.000000,0.422960,0.000000,0.000000,0.000145,0.000448,-0.000043,0.302627,-0.015104,0.444352,0.297762,-0.014451,0.314570,-0.113340,-2.335719
11.362000,0.790569,0.681968,-2.832904,-0.179567,0.359722,-3.213342,3.213342,3.000000,0.402050,0.000000,0.000000,-0.000189,0.000263,-0.000776,0.302627,-0.015105,0.444351,0.297762,-0.014451,0.314570,-0.113340,-2.329481
11.373000,0.766477,0.752025,-2.826941,-0.203659,0.429779,-3.207379,3.207379,3.000000,0.475591,0.000000,0.000000,0.000339,-0.000063,0.000846,0.302627,-0.015105,0.444354,0.297762,-0.014451,0.314570,-0.113340,-2.343286
11.384000,0.794379,0.739060,-2.846440,-0.175757,0.416814,-3.226878,3.226878,3.000000,0.452354,0.000000,0.000000,0.000245,0.000237,0.000766,0.302627,-0.015104,0.444352,0.297762,-0.014451,0.314570,-0.113340,-2.342589
11.395000,0.828235,0.725417,-2.860809,-0.141901,0.403170,-3.241247,3.241247,3.000000,0.427413,0.000000,0.000000,-0.000122,0.000529,0.000150,0.302628,-0.015105,0.444354,0.297762,-0.014451,0.314570,-0.113340,-2.337393
11.406000,0.784100,0.740385,-2.843377,-0.186035,0.418138,-3.223815,3.223815,3.000000,0.457656,0.000000,0.000000,-0.000089,-0.000116,-0.001198,0.302627,-0.015105,0.444351,0.297762,-0.014451,0.314570,-0.113340,-2.325895
11.417000,0.821848,0.737771,-2.836868,-0.148288,0.415525,-3.217306,3.217306,3.000000,0.441192,0.000000,0.000000,-0.000361,-0.000240,-0.000582,0.302626,-0.015106,0.444350,0.297762,-0.014451,0.314570,-0.113340,-2.331109
11.428000,0.825728,0.767112,-2.827682,-0.144407,0.444866,-3.208120,3.208120,3.000000,0.467717,0.000000,0.000000,0.000139,-0.000081,-0.000055,0.302627,-0.015105,0.444350,0.297762,-0.014451,0.314570,-0.113340,-2.335577
11.439000,0.845201,0.750998,-2.846787,-0.124935,0.428752,-3.227224,3.227224,3.000000,0.446583,0.000000,0.000000,0.000198,-0.000725,0.000314,0.302628,-0.015106,0.444354,0.297762,-0.014451,0.314570,-0.113340,-2.338791
11.450000,0.754710,0.746829,-2.802810,-0.215426,0.424583,-3.183248,3.183248,3.000000,0.476108,0.000000,0.000000,0.000065,-0.000124,0.000415,0.302627,-0.015105,0.444354,0.297762,-0.014451,0.314570,-0.113340,-2.339636
11.461000,0.769141,0.738304,-2.842540,-0.200995,0.416058,-3.222977,3.222977,3.000000,0.462064,0.000000,0.000000,-0.000046,0.000232,-0.000356,0.302627,-0.015105,0.444351,0.297762,-0.014451,0.314570,-0.113340,-2.333049
11.472000,0.793126,0.699994,-2.812565,-0.177010,0.377747,-3.193003,3.193003,3.000000,0.417164,0.000000,0.000000,0.000205,0.000455,0.000509,0.302627,-0.015104,0.444352,0.297762,-0.014451,0.314570,-0.113340,-2.340403
11.483000,0.760657,0.749365,-2.859643,-0.209479,0.427119,-3.240081,3.240081,3.000000,0.475723,0.000000,0.000000,0.000059,-0.000361,0.000181,0.302627,-0.015106,0.444354,0.297762,-0.014451,0.314570,-0.113340,-2.337661
11.494000,0.792229,0.753182,-2.859190,-0.177906,0.430936,-3.239628,3.239628,3.000000,0.466215,0.000000,0.000000,-0.000057,0.000352,-0.000555,0.302627,-0.015104,0.444353,0.297762,-0.014451,0.314570,-0.113340,-2.331377
11.505000,0.798227,0.744700,-2.841159,-0.171908,0.422454,-3.221597,3.221597,3.000000,0.456092,0.000000,0.000000,-0.000377,-0.000178,0.000086,0.302626,-0.015104,0.444352,0.297762,-0.014451,0.314570,-0.113340,-2.336819
11.516000,0.770040,0.715507,-2.854992,-0.200095,0.393261,-3.235430,3.235430,3.000000,0.441240,0.000000,0.000000,0.000004,-0.000108,-0.000240,0.302626,-0.015105,0.444350,0.297762,-0.014451,0.314570,-0.113340,-2.334004
11.527000,0.777329,0.740608,-2.859156,-0.192806,0.418362,-3.239594,3.239594,3.000000,0.460653,0.000000,0.000000,0.000238,0.000127,-0.000143,0.302627,-0.015104,0.444353,0.297762,-0.014451,0.314570,-0.113340,-2.334884
11.538000,0.852107,0.712465,-2.903684,-0.118029,0.390219,-3.284122,3.284122,3.000000,0.407678,0.000000,0.000000,-0.000017,-0.000450,0.000532,0.302628,-0.015106,0.444357,0.297762,-0.014451,0.314570,-0.113340,-2.340693
11.549000,0.781498,0.713059,-2.851220,-0.188638,0.390813,-3.231658,3.231658,3.000000,0.433958,0.000000,0.000000,-0.000223,0.000159,-0.000117,0.302626,-0.015105,0.444353,0.297762,-0.014451,0.314570,-0.113340,-2.335099
11.560000,0.749573,0.744835,-2.816338,-0.220563,0.422589,-3.196776,3.196776,3.000000,0.476686,0.000000,0.000000,0.000130,-0.000118,-0.000551,0.302626,-0.015105,0.444347,0.297762,-0.014451,0.314570,-0.113340,-2.331305
11.571000,0.826090,0.756117,-2.846036,-0.144045,0.433871,-3.226474,3.226474,3.000000,0.457158,0.000000,0.000000,-0.000021,0.000032,0.000534,0.302626,-0.015105,0.444352,0.297762,-0.014451,0.314570,-0.113340,-2.340615
11.582000,0.800359,0.724699,-2.807694,-0.169777,0.402453,-3.188132,3.188132,3.000000,0.436798,0.000000,0.000000,0.000219,0.000658,0.000250,0.302627,-0.015104,0.444353,0.297762,-0.014451,0.314570,-0.113340,-2.338225
11.593000,0.762512,0.736114,-2.763966,-0.207624,0.413868,-3.144404,3.144404,3.000000,0.463027,0.000000,0.000000,-0.000369,-0.000423,-0.000477,0.302625,-0.015106,0.444348,0.297762,-0.014451,0.314570,-0.113340,-2.331967
11.604000,0.858140,0.739477,-2.737185,-0.111996,0.417231,-3.117623,3.117623,3.000000,0.432001,0.000000,0.000000,-0.000237,-0.000057,-0.000280,0.302626,-0.015106,0.444349,0.297762,-0.014451,0.314570,-0.113340,-2.333645
11.615000,0.904696,0.743782,-2.745854,-0.065440,0.421536,-3.126292,3.126292,3.000000,0.426585,0.000000,0.000000,-0.000227,-0.000251,-0.000129,0.302626,-0.015105,0.444348,0.297762,-0.014451,0.314570,-0.113340,-2.334922
11.626000,0.884090,0.766451,-2.742002,-0.086046,0.444205,-3.122440,3.122440,3.000000,0.452462,0.000000,0.000000,-0.000184,0.000329,0.000365,0.302626,-0.015105,0.444351,0.297762,-0.014451,0.314570,-0.113340,-2.339155
11.637000,0.878761,0.714737,-2.716408,-0.091375,0.392491,-3.096846,3.096846,3.000000,0.402987,0.000000,0.000000,-0.000283,-0.000541,-0.000838,0.302625,-0.015107,0.444347,0.297762,-0.014451,0.314570,-0.113340,-2.328882
11.648000,0.857027,0.740217,-2.674872,-0.113108,0.417971,-3.055310,3.055310,3.000000,0.433005,0.000000,0.000000,-0.000251,0.000250,-0.000386,0.302625,-0.015105,0.444348,0.297762,-0.014451,0.314570,-0.113340,-2.332730
11.659000,0.893036,0.763359,-2.662899,-0.077100,0.441113,-3.043337,3.043337,3.000000,0.447800,0.000000,0.000000,0.000201,0.000104,0.000392,0.302626,-0.015106,0.444349,0.297762,-0.014451,0.314570,-0.113340,-2.339344
11.670000,0.914222,0.777582,-2.677560,-0.055914,0.455336,-3.057998,3.057998,3.000000,0.458756,0.000000,0.000000,0.000157,-0.000112,-0.000287,0.302627,-0.015106,0.444350,0.297762,-0.014451,0.314570,-0.113340,-2.333612
11.681000,0.863815,0.762837,-2.635694,-0.106321,0.440590,-3.016132,3.016132,3.000000,0.453237,0.000000,0.000000,-0.000038,-0.000148,-0.000349,0.302626,-0.015105,0.444349,0.297762,-0.014451,0.314570,-0.113340,-2.333057
11.692000,0.889487,0.773501,-2.661180,-0.080649,0.451255,-3.041618,3.041618,3.000000,0.458406,0.000000,0.000000,0.000017,-0.000208,0.000042,0.302626,-0.015105,0.444349,0.297762,-0.014451,0.314570,-0.113340,-2.336390
11.703000,0.864898,0.737416,-2.663002,-0.105238,0.415170,-3.043440,3.043440,3.000000,0.428300,0.000000,0.000000,-0.000319,-0.000189,0.000329,0.302626,-0.015105,0.444350,0.297762,-0.014451,0.314570,-0.113340,-2.338827
11.714000,0.856441,0.754863,-2.702287,-0.113694,0.432617,-3.082725,3.082725,3.000000,0.447308,0.000000,0.000000,-0.000030,-0.000322,0.000197,0.302626,-0.015106,0.444349,0.297762,-0.014451,0.314570,-0.113340,-2.337703
11.725000,0.894687,0.712179,-2.687836,-0.075449,0.389933,-3.068274,3.068274,3.000000,0.397165,0.000000,0.000000,-0.000189,0.000048,-0.000751,0.302626,-0.015106,0.444349,0.297762,-0.014451,0.314570,-0.113340,-2.329654
11.736000,0.870755,0.737034,-2.630290,-0.099381,0.414787,-3.010728,3.010728,3.000000,0.426527,0.000000,0.000000,0.000020,-0.000238,0.000332,0.302626,-0.015105,0.444349,0.297762,-0.014451,0.314570,-0.113340,-2.338847
11.747000,0.863657,0.739369,-2.691073,-0.106479,0.417123,-3.071511,3.071511,3.000000,0.430499,0.000000,0.000000,0.000417,-0.000327,0.000672,0.302627,-0.015105,0.444349,0.297762,-0.014451,0.314570,-0.113340,-2.341729
11.758000,0.915532,0.734701,-2.670861,-0.054604,0.412455,-3.051299,3.051299,3.000000,0.416054,0.000000,0.000000,0.000077,-0.000565,0.000070,0.302626,-0.015107,0.444350,0.297762,-0.014451,0.314570,-0.113340,-2.336638
11.769000,0.832198,0.749170,-2.666738,-0.137938,0.426924,-3.047176,3.047176,3.000000,0.448655,0.000000,0.000000,0.000143,-0.000411,0.000559,0.302627,-0.015106,0.444352,0.297762,-0.014451,0.314570,-0.113340,-2.340822
11.780000,0.843401,0.755724,-2.696521,-0.126734,0.433478,-3.076959,3.076959,3.000000,0.451624,0.000000,0.000000,0.000637,0.000024,0.000795,0.302627,-0.015105,0.444350,0.297762,-0.014451,0.314570,-0.113340,-2.342792
11.791000,0.881850,0.743525,-2.718254,-0.088285,0.421279,-3.098692,3.098692,3.000000,0.430431,0.000000,0.000000,0.000074,0.000338,0.000745,0.302626,-0.015104,0.444350,0.297762,-0.014451,0.314570,-0.113340,-2.342369
11.802000,0.897380,0.757361,-2.724318,-0.072755,0.435115,-3.104756,3.104756,3.000000,0.441156,0.000000,0.000000,0.000109,-0.000366,0.000369,0.302627,-0.015107,0.444351,0.297762,-0.014451,0.314570,-0.113340,-2.339191
11.813000,0.876945,0.760271,-2.707903,-0.093191,0.438025,-3.088340,3.088340,3.000000,0.447828,0.000000,0.000000,0.000217,-0.000099,0.000767,0.302627,-0.015105,0.444354,0.297762,-0.014451,0.314570,-0.113340,-2.342627
11.824000,0.844704,0.758178,-2.698259,-0.125432,0.435932,-3.078697,3.078697,3.000000,0.453619,0.000000,0.000000,0.000080,-0.000470,0.000083,0.302626,-0.015106,0.444350,0.297762,-0.014451,0.314570,-0.113340,-2.336743
11.835000,0.817495,0.728150,-2.711582,-0.152641,0.405904,-3.092020,3.092020,3.000000,0.433656,0.000000,0.000000,0.000265,0.000140,0.000551,0.302628,-0.015105,0.444351,0.297762,-0.014451,0.314570,-0.113340,-2.340729
11.846000,0.839187,0.736272,-2.729085,-0.130949,0.414026,-3.109523,3.109523,3.000000,0.434241,0.000000,0.000000,-0.000003,0.000224,0.000347,0.302627,-0.015104,0.444351,0.297762,-0.014451,0.314570,-0.113340,-2.339007
11.857000,0.895948,0.724878,-2.738599,-0.074188,0.402632,-3.119037,3.119037,3.000000,0.409410,0.000000,0.000000,-0.000116,0.000136,0.000650,0.302627,-0.015104,0.444354,0.297762,-0.014451,0.314570,-0.113340,-2.341634
11.868000,0.817444,0.734719,-2.711208,-0.152692,0.412473,-3.091646,3.091646,3.000000,0.439828,0.000000,0.000000,-0.000147,0.000182,0.000028,0.302626,-0.015105,0.444351,0.297762,-0.014451,0.314570,-0.113340,-2.336300
11.879000,0.766665,0.750875,-2.731540,-0.203471,0.428629,-3.111978,3.111978,3.000000,0.474472,0.000000,0.000000,-0.000240,-0.000374,-0.000495,0.302627,-0.015106,0.444350,0.297762,-0.014451,0.314570,-0.113340,-2.331841
11.890000,0.817692,0.757644,-2.765253,-0.152443,0.435398,-3.145690,3.145690,3.000000,0.461313,0.000000,0.000000,0.000199,-0.000021,-0.000120,0.302626,-0.015105,0.444351,0.297762,-0.014451,0.314570,-0.113340,-2.335048
11.901000,0.803349,0.727048,-2.762178,-0.166786,0.404801,-3.142616,3.142616,3.000000,0.437815,0.000000,0.000000,-0.000076,-0.000244,0.000251,0.302627,-0.015106,0.444354,0.297762,-0.014451,0.314570,-0.113340,-2.338238
11.912000,0.842276,0.751414,-2.772310,-0.127859,0.429168,-3.152747,3.152747,3.000000,0.447809,0.000000,0.000000,-0.000114,0.000292,-0.000169,0.302627,-0.015104,0.444352,0.297762,-0.014451,0.314570,-0.113340,-2.334651
11.923000,0.871528,0.752925,-2.750969,-0.098608,0.430679,-3.131407,3.131407,3.000000,0.441823,0.000000,0.000000,-0.000314,-0.000164,-0.000447,0.302626,-0.015106,0.444349,0.297762,-0.014451,0.314570,-0.113340,-2.332227
11.934000,0.899478,0.752012,-2.777387,-0.070657,0.429766,-3.157825,3.157825,3.000000,0.435536,0.000000,0.000000,0.000009,-0.000226,0.000055,0.302627,-0.015105,0.444352,0.297762,-0.014451,0.314570,-0.113340,-2.336555
11.945000,0.823978,0.740528,-2.762355,-0.146158,0.418282,-3.142793,3.142793,3.000000,0.443083,0.000000,0.000000,-0.000017,-0.000001,0.000342,0.302627,-0.015105,0.444354,0.297762,-0.014451,0.314570,-0.113340,-2.339013
11.956000,0.851122,0.738395,-2.759245,-0.119014,0.416149,-3.139683,3.139683,3.000000,0.432833,0.000000,0.000000,-0.000074,0.000499,-0.000037,0.302627,-0.015104,0.444351,0.297762,-0.014451,0.314570,-0.113340,-2.335756
11.967000,0.837011,0.710800,-2.750245,-0.133125,0.388554,-3.130683,3.130683,3.000000,0.410727,0.000000,0.000000,0.000042,0.000466,0.000454,0.302626,-0.015105,0.444350,0.297762,-0.014451,0.314570,-0.113340,-2.339903
11.978000,0.851090,0.722664,-2.751760,-0.119046,0.400418,-3.132198,3.132198,3.000000,0.417740,0.000000,0.000000,-0.000080,0.000091,0.000183,0.302627,-0.015105,0.444352,0.297762,-0.014451,0.314570,-0.113340,-2.337623
11.989000,0.803505,0.741124,-2.748173,-0.166631,0.418878,-3.128611,3.128611,3.000000,0.450804,0.000000,0.000000,0.000169,-0.000259,0.000423,0.302628,-0.015106,0.444353,0.297762,-0.014451,0.314570,-0.113340,-2.339696
12.000000,0.818971,0.761827,-2.783245,-0.151164,0.439581,-3.163683,3.163683,3.000000,0.464846,0.000000,0.000000,0.000001,0.000285,0.000273,0.302626,-0.015104,0.444352,0.297762,-0.014451,0.314570,-0.113340,-2.338389
12.011000,0.838312,0.729831,-2.781864,-0.131824,0.407585,-3.162302,3.162302,3.000000,0.428373,0.000000,0.000000,-0.000080,-0.000179,-0.000176,0.302626,-0.015105,0.444349,0.297762,-0.014451,0.314570,-0.113340,-2.334534
12.022000,0.779069,0.746234,-2.739536,-0.191067,0.423988,-3.119973,3.119973,3.000000,0.465051,0.000000,0.000000,0.000450,0.000020,0.000290,0.302627,-0.015104,0.444352,0.297762,-0.014451,0.314570,-0.113340,-2.338554
12.033000,0.760648,0.736630,-2.742579,-0.209487,0.414384,-3.123017,3.123017,3.000000,0.464327,0.000000,0.000000,-0.000223,-0.000169,-0.000635,0.302626,-0.015105,0.444349,0.297762,-0.014451,0.314570,-0.113340,-2.330637
12.044000,0.814650,0.737659,-2.781538,-0.155486,0.415413,-3.161976,3.161976,3.000000,0.443558,0.000000,0.000000,-0.000036,-0.000155,-0.000118,0.302627,-0.015105,0.444352,0.297762,-0.014451,0.314570,-0.113340,-2.335084
12.055000,0.867920,0.731119,-2.807511,-0.102215,0.408873,-3.187949,3.187949,3.000000,0.421456,0.000000,0.000000,0.000049,-0.000478,-0.000267,0.302626,-0.015105,0.444348,0.297762,-0.014451,0.314570,-0.113340,-2.333741
12.066000,0.841892,0.716096,-2.780082,-0.128244,0.393850,-3.160520,3.160520,3.000000,0.414203,0.000000,0.000000,-0.000028,-0.000067,-0.000339,0.302626,-0.015106,0.444349,0.297762,-0.014451,0.314570,-0.113340,-2.333147
12.077000,0.807880,0.713842,-2.783545,-0.162256,0.391596,-3.163983,3.163983,3.000000,0.423881,0.000000,0.000000,-0.000033,0.000024,-0.000015,0.302626,-0.015105,0.444351,0.297762,-0.014451,0.314570,-0.113340,-2.335931
12.088000,0.815842,0.735778,-2.757555,-0.154293,0.413532,-3.137993,3.137993,3.000000,0.441378,0.000000,0.000000,-0.000233,0.000309,-0.000248,0.302626,-0.015104,0.444351,0.297762,-0.014451,0.314570,-0.113340,-2.333965
12.099000,0.860197,0.738966,-2.763002,-0.109939,0.416720,-3.143440,3.143440,3.000000,0.430978,0.000000,0.000000,-0.000041,0.000033,-0.000283,0.302627,-0.015105,0.444351,0.297762,-0.014451,0.314570,-0.113340,-2.333660
12.110000,0.784964,0.722176,-2.751062,-0.185172,0.399930,-3.131500,3.131500,3.000000,0.440718,0.000000,0.000000,0.000039,0.000209,0.000172,0.302626,-0.015105,0.444351,0.297762,-0.014451,0.314570,-0.113340,-2.337530
12.121000,0.763559,0.740072,-2.744847,-0.206577,0.417826,-3.125285,3.125285,3.000000,0.466104,0.000000,0.000000,0.000074,-0.000299,-0.000323,0.302626,-0.015106,0.444350,0.297762,-0.014451,0.314570,-0.113340,-2.333309
12.132000,0.814124,0.719046,-2.741986,-0.156012,0.396800,-3.122424,3.122424,3.000000,0.426368,0.000000,0.000000,-0.000122,0.000239,-0.000437,0.302626,-0.015107,0.444350,0.297762,-0.014451,0.314570,-0.113340,-2.332346
12.143000,0.826937,0.724186,-2.776585,-0.143199,0.401940,-3.157023,3.157023,3.000000,0.426687,0.000000,0.000000,-0.000031,0.000737,-0.000244,0.302627,-0.015104,0.444352,0.297762,-0.014451,0.314570,-0.113340,-2.334001
12.154000,0.819360,0.758090,-2.741398,-0.150776,0.435844,-3.121836,3.121836,3.000000,0.461187,0.000000,0.000000,-0.000066,0.000392,-0.000242,0.302626,-0.015104,0.444351,0.297762,-0.014451,0.314570,-0.113340,-2.334011
12.165000,0.846851,0.749466,-2.746664,-0.123285,0.427220,-3.127102,3.127102,3.000000,0.444652,0.000000,0.000000,-0.000087,-0.000185,-0.000082,0.302626,-0.015105,0.444350,0.297762,-0.014451,0.314570,-0.113340,-2.335354
12.176000,0.862374,0.720884,-2.790197,-0.107762,0.398638,-3.170635,3.170635,3.000000,0.412946,0.000000,0.000000,0.000082,0.000325,0.000168,0.302626,-0.015104,0.444353,0.297762,-0.014451,0.314570,-0.113340,-2.337521
12.187000,0.879422,0.754019,-2.789797,-0.090713,0.431773,-3.170235,3.170235,3.000000,0.441199,0.000000,0.000000,-0.000176,0.000278,0.000032,0.302626,-0.015103,0.444351,0.297762,-0.014451,0.314570,-0.113340,-2.336333
12.198000,0.846543,0.746959,-2.773076,-0.123593,0.424713,-3.153514,3.153514,3.000000,0.442331,0.000000,0.000000,-0.000009,0.000200,-0.000110,0.302626,-0.015104,0.444351,0.297762,-0.014451,0.314570,-0.113340,-2.335134
12.209000,0.828802,0.718674,-2.769526,-0.141334,0.396428,-3.149964,3.149964,3.000000,0.420869,0.000000,0.000000,0.000039,0.000278,0.000637,0.302627,-0.015105,0.444352,0.297762,-0.014451,0.314570,-0.113340,-2.341496
12.220000,0.893240,0.712992,-2.800053,-0.076896,0.390746,-3.180491,3.180491,3.000000,0.398241,0.000000,0.000000,0.000268,-0.000192,0.000021,0.302627,-0.015105,0.444352,0.297762,-0.014451,0.314570,-0.113340,-2.336253
12.231000,0.848599,0.719476,-2.785842,-0.121536,0.397230,-3.166280,3.166280,3.000000,0.415406,0.000000,0.000000,-0.000013,0.000220,0.000931,0.302627,-0.015104,0.444354,0.297762,-0.014451,0.314570,-0.113340,-2.344008
12.242000,0.833821,0.717951,-2.754451,-0.136315,0.395704,-3.134889,3.134889,3.000000,0.418526,0.000000,0.000000,-0.000185,0.000858,-0.000777,0.302627,-0.015103,0.444350,0.297762,-0.014451,0.314570,-0.113340,-2.329446
12.253000,0.790787,0.722080,-2.756114,-0.179349,0.399834,-3.136552,3.136552,3.000000,0.438216,0.000000,0.000000,0.000140,0.000125,0.000077,0.302626,-0.015104,0.444351,0.297762,-0.014451,0.314570,-0.113340,-2.336720
12.264000,0.798486,0.721788,-2.748983,-0.171650,0.399542,-3.129421,3.129421,3.000000,0.434854,0.000000,0.000000,0.000073,-0.000343,0.000046,0.302626,-0.015106,0.444350,0.297762,-0.014451,0.314570,-0.113340,-2.336430
12.275000,0.883462,0.727865,-2.771531,-0.086673,0.405619,-3.151969,3.151969,3.000000,0.414776,0.000000,0.000000,0.000010,0.000705,0.000240,0.302627,-0.015102,0.444350,0.297762,-0.014451,0.314570,-0.113340,-2.338083
12.286000,0.863856,0.697792,-2.786846,-0.106280,0.375546,-3.167283,3.167283,3.000000,0.390295,0.000000,0.000000,0.000010,-0.000078,-0.000087,0.302627,-0.015106,0.444351,0.297762,-0.014451,0.314570,-0.113340,-2.335330
12.297000,0.756937,0.718030,-2.728786,-0.213199,0.395784,-3.109224,3.109224,3.000000,0.449554,0.000000,0.000000,0.000028,0.000106,-0.000714,0.302626,-0.015106,0.444349,0.297762,-0.014451,0.314570,-0.113340,-2.329966
12.308000,0.832361,0.749920,-2.727155,-0.137775,0.427674,-3.107593,3.107593,3.000000,0.449318,0.000000,0.000000,-0.000039,0.000732,-0.000457,0.302626,-0.015103,0.444348,0.297762,-0.014451,0.314570,-0.113340,-2.332128
12.319000,0.855351,0.757652,-2.724144,-0.114785,0.435406,-3.104582,3.104582,3.000000,0.450282,0.000000,0.000000,-0.000059,0.000488,0.000043,0.302627,-0.015104,0.444350,0.297762,-0.014451,0.314570,-0.113340,-2.336406
12.330000,0.850850,0.747159,-2.716123,-0.119286,0.424912,-3.096561,3.096561,3.000000,0.441339,0.000000,0.000000,0.000036,-0.000124,-0.000355,0.302627,-0.015106,0.444351,0.297762,-0.014451,0.314570,-0.113340,-2.333045
12.341000,0.865386,0.707158,-2.724836,-0.104750,0.384911,-3.105274,3.105274,3.000000,0.398910,0.000000,0.000000,-0.000084,0.000221,-0.000162,0.302626,-0.015105,0.444351,0.297762,-0.014451,0.314570,-0.113340,-2.334689
12.352000,0.841200,0.733411,-2.730664,-0.128935,0.411164,-3.111102,3.111102,3.000000,0.430907,0.000000,0.000000,-0.000186,-0.000026,0.000291,0.302626,-0.015103,0.444351,0.297762,-0.014451,0.314570,-0.113340,-2.338540
12.363000,0.878576,0.725656,-2.757510,-0.091560,0.403410,-3.137948,3.137948,3.000000,0.413670,0.000000,0.000000,0.000037,0.000323,-0.000067,0.302626,-0.015104,0.444351,0.297762,-0.014451,0.314570,-0.113340,-2.335484
12.374000,0.945051,0.697832,-2.781177,-0.025085,0.375586,-3.161615,3.161615,3.000000,0.376423,0.000000,0.000000,0.000012,-0.000695,0.000605,0.302627,-0.015106,0.444354,0.297762,-0.014451,0.314570,-0.113340,-2.341252
12.385000,0.817897,0.719590,-2.733169,-0.152239,0.397344,-3.113607,3.113607,3.000000,0.425510,0.000000,0.000000,0.000243,-0.000109,0.000062,0.302627,-0.015105,0.444350,0.297762,-0.014451,0.314570,-0.113340,-2.336568
12.396000,0.827493,0.721023,-2.715932,-0.142643,0.398777,-3.096370,3.096370,3.000000,0.423521,0.000000,0.000000,0.000080,0.000227,0.000552,0.302626,-0.015105,0.444350,0.297762,-0.014451,0.314570,-0.113340,-2.340734
12.407000,0.866880,0.700112,-2.766086,-0.103256,0.377866,-3.146524,3.146524,3.000000,0.391719,0.000000,0.000000,-0.000243,0.000095,0.000489,0.302626,-0.015104,0.444351,0.297762,-0.014451,0.314570,-0.113340,-2.340206
12.418000,0.850034,0.699882,-2.762736,-0.120101,0.377636,-3.143174,3.143174,3.000000,0.396274,0.000000,0.000000,0.000345,0.000058,0.000092,0.302628,-0.015105,0.444352,0.297762,-0.014451,0.314570,-0.113340,-2.336864
12.429000,0.806597,0.683815,-2.730296,-0.163538,0.361569,-3.110734,3.110734,3.000000,0.396834,0.000000,0.000000,-0.000113,0.000029,-0.000056,0.302627,-0.015104,0.444352,0.297762,-0.014451,0.314570,-0.113340,-2.335598
12.440000,0.808755,0.687843,-2.715398,-0.161380,0.365597,-3.095836,3.095836,3.000000,0.399630,0.000000,0.000000,-0.000031,-0.000528,0.000402,0.302626,-0.015106,0.444350,0.297762,-0.014451,0.314570,-0.113340,-2.339453
12.451000,0.832119,0.720437,-2.728908,-0.138017,0.398191,-3.109346,3.109346,3.000000,0.421431,0.000000,0.000000,-0.000218,0.000027,-0.001257,0.302626,-0.015104,0.444349,0.297762,-0.014451,0.314570,-0.113340,-2.325358
12.462000,0.813916,0.703518,-2.737959,-0.156220,0.381272,-3.118397,3.118397,3.000000,0.412035,0.000000,0.000000,-0.000247,0.000560,-0.000527,0.302627,-0.015103,0.444351,0.297762,-0.014451,0.314570,-0.113340,-2.331588
12.473000,0.843328,0.726502,-2.759380,-0.126808,0.404256,-3.139818,3.139818,3.000000,0.423678,0.000000,0.000000,0.000379,0.000631,0.000398,0.302628,-0.015103,0.444352,0.297762,-0.014451,0.314570,-0.113340,-2.339459
12.484000,0.821562,0.727643,-2.774544,-0.148574,0.405397,-3.154982,3.154982,3.000000,0.431765,0.000000,0.000000,0.000178,-0.000301,0.000070,0.302626,-0.015105,0.444351,0.297762,-0.014451,0.314570,-0.113340,-2.336655
12.495000,0.831838,0.699842,-2.772318,-0.138297,0.377596,-3.152756,3.152756,3.000000,0.402125,0.000000,0.000000,0.000069,0.000396,0.000198,0.302627,-0.015104,0.444351,0.297762,-0.014451,0.314570,-0.113340,-2.337749
12.506000,0.790369,0.704881,-2.735415,-0.179767,0.382635,-3.115853,3.115853,3.000000,0.422759,0.000000,0.000000,0.000272,-0.000411,0.000510,0.302627,-0.015105,0.444352,0.297762,-0.014451,0.314570,-0.113340,-2.340418
12.517000,0.853476,0.729544,-2.749047,-0.116660,0.407298,-3.129485,3.129485,3.000000,0.423676,0.000000,0.000000,-0.000303,-0.000318,-0.000475,0.302626,-0.015104,0.444350,0.297762,-0.014451,0.314570,-0.113340,-2.332024
12.528000,0.884305,0.730639,-2.784868,-0.085831,0.408393,-3.165306,3.165306,3.000000,0.417315,0.000000,0.000000,0.000041,-0.000066,-0.000541,0.302627,-0.015104,0.444350,0.297762,-0.014451,0.314570,-0.113340,-2.331450
12.539000,0.859568,0.688296,-2.754064,-0.110568,0.366050,-3.134502,3.134502,3.000000,0.382384,0.000000,0.000000,-0.000152,-0.000071,0.000029,0.302626,-0.015104,0.444351,0.297762,-0.014451,0.314570,-0.113340,-2.336310
12.550000,0.850519,0.660755,-2.768372,-0.119617,0.338509,-3.148810,3.148810,3.000000,0.359022,0.000000,0.000000,-0.000252,-0.000106,-0.000985,0.302626,-0.015104,0.444349,0.297762,-0.014451,0.314570,-0.113340,-2.327658
12.561000,0.876751,0.674341,-2.782839,-0.093384,0.352095,-3.163277,3.163277,3.000000,0.364268,0.000000,0.000000,0.000415,-0.000430,-0.000124,0.302627,-0.015104,0.444351,0.297762,-0.014451,0.314570,-0.113340,-2.335008
12.572000,0.832253,0.696013,-2.734753,-0.137883,0.373767,-3.115190,3.115190,3.000000,0.398389,0.000000,0.000000,-0.000412,0.000166,-0.000892,0.302626,-0.015103,0.444350,0.297762,-0.014451,0.314570,-0.113340,-2.328482
12.583000,0.849798,0.690976,-2.735103,-0.120337,0.368730,-3.115541,3.115541,3.000000,0.387870,0.000000,0.000000,0.000005,-0.000520,-0.000276,0.302626,-0.015105,0.444351,0.297762,-0.014451,0.314570,-0.113340,-2.333722
12.594000,0.852562,0.726036,-2.789279,-0.117574,0.403790,-3.169717,3.169717,3.000000,0.420559,0.000000,0.000000,-0.000098,0.000157,0.000063,0.302626,-0.015103,0.444351,0.297762,-0.014451,0.314570,-0.113340,-2.336592
12.605000,0.857872,0.706191,-2.790458,-0.112264,0.383945,-3.170896,3.170896,3.000000,0.400021,0.000000,0.000000,-0.000037,-0.000479,0.000697,0.302627,-0.015105,0.444353,0.297762,-0.014451,0.314570,-0.113340,-2.342015
12.616000,0.832253,0.703559,-2.797385,-0.137883,0.381313,-3.177823,3.177823,3.000000,0.405476,0.000000,0.000000,0.000024,-0.000571,-0.000267,0.302627,-0.015105,0.444351,0.297762,-0.014451,0.314570,-0.113340,-2.333799
12.627000,0.845726,0.671218,-2.795437,-0.124410,0.348972,-3.175875,3.175875,3.000000,0.370485,0.000000,0.000000,-0.000059,0.000169,-0.000163,0.302627,-0.015105,0.444351,0.297762,-0.014451,0.314570,-0.113340,-2.334675
12.638000,0.868486,0.669189,-2.803195,-0.101650,0.346943,-3.183633,3.183633,3.000000,0.361528,0.000000,0.000000,0.000317,-0.000180,0.000038,0.302627,-0.015104,0.444351,0.297762,-0.014451,0.314570,-0.113340,-2.336379
12.649000,0.909982,0.697432,-2.813987,-0.060153,0.375186,-3.194425,3.194425,3.000000,0.379978,0.000000,0.000000,0.000106,0.000477,0.000178,0.302628,-0.015105,0.444352,0.297762,-0.014451,0.314570,-0.113340,-2.337592
12.660000,0.843556,0.676064,-2.790596,-0.126580,0.353817,-3.171034,3.171034,3.000000,0.375778,0.000000,0.000000,0.000149,-0.000091,0.000341,0.302628,-0.015105,0.444352,0.297762,-0.014451,0.314570,-0.113340,-2.338975
12.671000,0.842487,0.697166,-2.761336,-0.127649,0.374920,-3.141774,3.141774,3.000000,0.396054,0.000000,0.000000,0.000055,-0.000288,-0.000269,0.302627,-0.015106,0.444350,0.297762,-0.014451,0.314570,-0.113340,-2.333766
12.682000,0.758851,0.684893,-2.744060,-0.211285,0.362646,-3.124498,3.124498,3.000000,0.419707,0.000000,0.000000,-0.000000,-0.000010,0.000101,0.302626,-0.015105,0.444350,0.297762,-0.014451,0.314570,-0.113340,-2.336906
12.693000,0.817080,0.692435,-2.746883,-0.153056,0.370189,-3.127321,3.127321,3.000000,0.400582,0.000000,0.000000,0.000061,0.000023,0.000360,0.302626,-0.015106,0.444350,0.297762,-0.014451,0.314570,-0.113340,-2.339095
12.704000,0.811428,0.724259,-2.756019,-0.158708,0.402013,-3.136457,3.136457,3.000000,0.432207,0.000000,0.000000,-0.000472,0.000432,0.000019,0.302626,-0.015103,0.444351,0.297762,-0.014451,0.314570,-0.113340,-2.336231
12.715000,0.824564,0.744221,-2.741230,-0.145572,0.421975,-3.121668,3.121668,3.000000,0.446379,0.000000,0.000000,-0.000045,-0.001039,0.000093,0.302626,-0.015107,0.444351,0.297762,-0.014451,0.314570,-0.113340,-2.336843
12.726000,0.784676,0.728794,-2.723679,-0.185460,0.406548,-3.104117,3.104117,3.000000,0.446852,0.000000,0.000000,-0.000043,-0.000380,0.000294,0.302626,-0.015106,0.444351,0.297762,-0.014451,0.314570,-0.113340,-2.338549
12.737000,0.823980,0.717469,-2.744140,-0.146156,0.395222,-3.124578,3.124578,3.000000,0.421381,0.000000,0.000000,-0.000180,0.000118,0.000710,0.302626,-0.015105,0.444351,0.297762,-0.014451,0.314570,-0.113340,-2.342090
12.748000,0.813100,0.728244,-2.721514,-0.157036,0.405998,-3.101951,3.101951,3.000000,0.435310,0.000000,0.000000,-0.000486,0.000003,0.000444,0.302625,-0.015105,0.444352,0.297762,-0.014451,0.314570,-0.113340,-2.339839
12.759000,0.845038,0.714336,-2.756942,-0.125097,0.392090,-3.137380,3.137380,3.000000,0.411563,0.000000,0.000000,-0.000101,-0.000111,0.000422,0.302626,-0.015106,0.444351,0.297762,-0.014451,0.314570,-0.113340,-2.339646
12.770000,0.795208,0.741092,-2.698347,-0.174927,0.418846,-3.078784,3.078784,3.000000,0.453907,0.000000,0.000000,0.000045,-0.000110,0.000460,0.302626,-0.015105,0.444350,0.297762,-0.014451,0.314570,-0.113340,-2.339957
12.781000,0.812395,0.729834,-2.705316,-0.157741,0.407587,-3.085754,3.085754,3.000000,0.437047,0.000000,0.000000,0.000185,0.000621,0.000063,0.302627,-0.015104,0.444351,0.297762,-0.014451,0.314570,-0.113340,-2.336601
12.792000,0.838394,0.726485,-2.699331,-0.131742,0.404239,-3.079769,3.079769,3.000000,0.425165,0.000000,0.000000,0.000227,-0.000094,0.000477,0.302627,-0.015105,0.444351,0.297762,-0.014451,0.314570,-0.113340,-2.340111
12.803000,0.828077,0.712591,-2.729273,-0.142059,0.390345,-3.109711,3.109711,3.000000,0.415391,0.000000,0.000000,0.000000,0.000374,0.000774,0.302626,-0.015104,0.444351,0.297762,-0.014451,0.314570,-0.113340,-2.342632
12.814000,0.842862,0.698161,-2.700463,-0.127274,0.375915,-3.080901,3.080901,3.000000,0.396877,0.000000,0.000000,-0.000206,-0.000249,-0.000632,0.302627,-0.015104,0.444350,0.297762,-0.014451,0.314570,-0.113340,-2.330678
12.825000,0.875103,0.735801,-2.684510,-0.095033,0.413555,-3.064948,3.064948,3.000000,0.424334,0.000000,0.000000,-0.000130,0.000746,0.000023,0.302626,-0.015103,0.444350,0.297762,-0.014451,0.314570,-0.113340,-2.336231
12.836000,0.812651,0.734290,-2.706645,-0.157485,0.412044,-3.087082,3.087082,3.000000,0.441114,0.000000,0.000000,0.000149,0.000195,0.000233,0.302626,-0.015105,0.444350,0.297762,-0.014451,0.314570,-0.113340,-2.338026
12.847000,0.845592,0.725780,-2.711294,-0.124544,0.403534,-3.091732,3.091732,3.000000,0.422316,0.000000,0.000000,0.000070,-0.000454,-0.000050,0.302627,-0.015105,0.444351,0.297762,-0.014451,0.314570,-0.113340,-2.335633
12.858000,0.824895,0.688695,-2.717453,-0.145240,0.366449,-3.097891,3.097891,3.000000,0.394182,0.000000,0.000000,0.000155,0.000269,0.000059,0.302626,-0.015103,0.444350,0.297762,-0.014451,0.314570,-0.113340,-2.336552
12.869000,0.891635,0.689405,-2.761064,-0.078501,0.367159,-3.141502,3.141502,3.000000,0.375457,0.000000,0.000000,-0.000011,-0.000020,-0.000525,0.302626,-0.015103,0.444347,0.297762,-0.014451,0.314570,-0.113340,-2.331540
12.880000,0.838025,0.672794,-2.697796,-0.132111,0.350548,-3.078234,3.078234,3.000000,0.374616,0.000000,0.000000,-0.000041,0.000435,0.000301,0.302626,-0.015103,0.444352,0.297762,-0.014451,0.314570,-0.113340,-2.338637
12.891000,0.842074,0.665205,-2.682132,-0.128062,0.342959,-3.062570,3.062570,3.000000,0.366089,0.000000,0.000000,-0.000248,-0.000235,0.000211,0.302626,-0.015106,0.444350,0.297762,-0.014451,0.314570,-0.113340,-2.337840
12.902000,0.895702,0.679419,-2.712821,-0.074434,0.357173,-3.093259,3.093259,3.000000,0.364846,0.000000,0.000000,0.000148,0.000010,-0.000170,0.302626,-0.015104,0.444349,0.297762,-0.014451,0.314570,-0.113340,-2.334590
12.913000,0.842323,0.691574,-2.701528,-0.127813,0.369328,-3.081966,3.081966,3.000000,0.390819,0.000000,0.000000,0.000016,-0.000034,-0.000267,0.302627,-0.015105,0.444350,0.297762,-0.014451,0.314570,-0.113340,-2.333771
12.924000,0.892771,0.688964,-2.712927,-0.077365,0.366717,-3.093365,3.093365,3.000000,0.374789,0.000000,0.000000,-0.000413,-0.000398,-0.000283,0.302626,-0.015106,0.444349,0.297762,-0.014451,0.314570,-0.113340,-2.333622
12.935000,0.843281,0.667492,-2.670229,-0.126855,0.345246,-3.050667,3.050667,3.000000,0.367814,0.000000,0.000000,-0.000222,-0.000064,-0.000567,0.302625,-0.015106,0.444347,0.297762,-0.014451,0.314570,-0.113340,-2.331175
12.946000,0.825587,0.712751,-2.715605,-0.144549,0.390505,-3.096043,3.096043,3.000000,0.416399,0.000000,0.000000,0.000025,-0.000441,-0.000760,0.302625,-0.015106,0.444346,0.297762,-0.014451,0.314570,-0.113340,-2.329530
12.957000,0.875148,0.695956,-2.709669,-0.094988,0.373710,-3.090107,3.090107,3.000000,0.385593,0.000000,0.000000,-0.000249,0.000171,0.000219,0.302625,-0.015105,0.444349,0.297762,-0.014451,0.314570,-0.113340,-2.337885
12.968000,0.864252,0.741528,-2.670725,-0.105883,0.419281,-3.051163,3.051163,3.000000,0.432444,0.000000,0.000000,-0.000457,-0.000514,-0.000713,0.302625,-0.015108,0.444346,0.297762,-0.014451,0.314570,-0.113340,-2.329921
12.979000,0.852735,0.729355,-2.673247,-0.117401,0.407109,-3.053685,3.053685,3.000000,0.423699,0.000000,0.000000,0.000307,-0.000166,0.000548,0.302626,-0.015106,0.444348,0.297762,-0.014451,0.314570,-0.113340,-2.340654
12.990000,0.825442,0.747453,-2.623338,-0.144693,0.425207,-3.003776,3.003776,3.000000,0.449151,0.000000,0.000000,-0.000124,-0.000238,-0.000308,0.302626,-0.015105,0.444349,0.297762,-0.014451,0.314570,-0.113340,-2.333406
13.001000,0.845896,0.763096,-2.620920,-0.124239,0.440850,-3.001358,3.001358,3.000000,0.458022,0.000000,0.000000,-0.000162,0.000076,-0.001167,0.302626,-0.015106,0.444347,0.297762,-0.014451,0.314570,-0.113340,-2.326092
13.012000,0.857481,0.732928,-2.597408,-0.112655,0.410682,-2.977846,2.977846,3.000000,0.425853,0.000000,0.000000,-0.000083,0.000214,0.000469,0.302626,-0.015105,0.444350,0.297762,-0.014451,0.314570,-0.113340,-2.340016
13.023000,0.886879,0.757077,-2.645373,-0.083256,0.434831,-3.025811,3.025811,3.000000,0.442730,0.000000,0.000000,-0.000460,-0.000140,-0.000434,0.302625,-0.015106,0.444348,0.297762,-0.014451,0.314570,-0.113340,-2.332318
13.034000,0.930567,0.712272,-2.665937,-0.039569,0.390025,-3.046375,3.046375,3.000000,0.392027,0.000000,0.000000,0.000257,-0.000274,0.000504,0.302626,-0.015106,0.444346,0.297762,-0.014451,0.314570,-0.113340,-2.340257
13.045000,0.883261,0.727293,-2.686259,-0.086874,0.405047,-3.066697,3.066697,3.000000,0.414259,0.000000,0.000000,-0.000084,0.000316,-0.000346,0.302627,-0.015105,0.444349,0.297762,-0.014451,0.314570,-0.113340,-2.333085
13.056000,0.845296,0.744018,-2.662656,-0.124840,0.421772,-3.043094,3.043094,3.000000,0.439860,0.000000,0.000000,0.000186,0.000409,-0.000489,0.302626,-0.015104,0.444347,0.297762,-0.014451,0.314570,-0.113340,-2.331832
13.067000,0.806034,0.689868,-2.637710,-0.164102,0.367621,-3.018148,3.018148,3.000000,0.402585,0.000000,0.000000,0.000100,0.000107,-0.000074,0.302626,-0.015104,0.444348,0.297762,-0.014451,0.314570,-0.113340,-2.335382
13.078000,0.865487,0.752777,-2.661739,-0.104649,0.430530,-3.042176,3.042176,3.000000,0.443066,0.000000,0.000000,0.000098,-0.000634,0.000368,0.302627,-0.015106,0.444348,0.297762,-0.014451,0.314570,-0.113340,-2.339137
13.089000,0.876512,0.753923,-2.686035,-0.093624,0.431677,-3.066473,3.066473,3.000000,0.441713,0.000000,0.000000,-0.000347,-0.000556,-0.000418,0.302626,-0.015107,0.444349,0.297762,-0.014451,0.314570,-0.113340,-2.332479
13.100000,0.832866,0.729181,-2.648461,-0.137270,0.406935,-3.028899,3.028899,3.000000,0.429464,0.000000,0.000000,0.000140,-0.000308,0.000569,0.302626,-0.015105,0.444351,0.297762,-0.014451,0.314570,-0.113340,-2.340896
13.111000,0.860583,0.712735,-2.666329,-0.109553,0.390489,-3.046767,3.046767,3.000000,0.405566,0.000000,0.000000,0.000341,-0.000650,0.000777,0.302626,-0.015107,0.444350,0.297762,-0.014451,0.314570,-0.113340,-2.342630
13.122000,0.866000,0.742530,-2.696220,-0.104135,0.420284,-3.076658,3.076658,3.000000,0.432993,0.000000,0.000000,-0.000103,0.000540,-0.000146,0.302626,-0.015105,0.444349,0.297762,-0.014451,0.314570,-0.113340,-2.334794
13.133000,0.823402,0.731597,-2.629088,-0.146734,0.409350,-3.009526,3.009526,3.000000,0.434855,0.000000,0.000000,0.000062,0.000196,0.000367,0.302626,-0.015105,0.444350,0.297762,-0.014451,0.314570,-0.113340,-2.339166
13.144000,0.886842,0.730691,-2.654034,-0.083294,0.408444,-3.034471,3.034471,3.000000,0.416851,0.000000,0.000000,0.000201,-0.000359,-0.000223,0.302627,-0.015106,0.444349,0.297762,-0.014451,0.314570,-0.113340,-2.334136
13.155000,0.856812,0.733470,-2.633035,-0.113324,0.411224,-3.013473,3.013473,3.000000,0.426553,0.000000,0.000000,-0.000387,-0.000306,-0.000795,0.302625,-0.015106,0.444347,0.297762,-0.014451,0.314570,-0.113340,-2.329244
13.166000,0.857579,0.769257,-2.621530,-0.112556,0.447011,-3.001968,3.001968,3.000000,0.460964,0.000000,0.000000,-0.000307,-0.000326,-0.000988,0.302625,-0.015107,0.444344,0.297762,-0.014451,0.314570,-0.113340,-2.327548
13.177000,0.883211,0.785873,-2.639281,-0.086924,0.463627,-3.019718,3.019718,3.000000,0.471705,0.000000,0.000000,0.000234,0.000008,0.000049,0.302627,-0.015105,0.444347,0.297762,-0.014451,0.314570,-0.113340,-2.336403
13.188000,0.876768,0.761446,-2.680843,-0.093367,0.439200,-3.061281,3.061281,3.000000,0.449014,0.000000,0.000000,0.000248,0.000217,0.000380,0.302626,-0.015104,0.444348,0.297762,-0.014451,0.314570,-0.113340,-2.339245
13.199000,0.858324,0.739659,-2.601608,-0.111812,0.417413,-2.982046,2.982046,3.000000,0.432129,0.000000,0.000000,0.000161,0.000684,0.001189,0.302626,-0.015105,0.444348,0.297762,-0.014451,0.314570,-0.113340,-2.346100
13.210000,0.871594,0.710721,-2.608605,-0.098542,0.388475,-2.989043,2.989043,3.000000,0.400778,0.000000,0.000000,-0.000346,-0.000078,-0.000997,0.302625,-0.015104,0.444345,0.297762,-0.014451,0.314570,-0.113340,-2.327500
13.221000,0.874350,0.756357,-2.586457,-0.095786,0.434111,-2.966895,2.966895,3.000000,0.444553,0.000000,0.000000,0.000049,-0.000064,0.000619,0.302626,-0.015106,0.444350,0.297762,-0.014451,0.314570,-0.113340,-2.341295
13.232000,0.860995,0.745293,-2.589470,-0.109141,0.423047,-2.969908,2.969908,3.000000,0.436899,0.000000,0.000000,-0.000068,0.000465,-0.000013,0.302625,-0.015104,0.444346,0.297762,-0.014451,0.314570,-0.113340,-2.335870
13.243000,0.902671,0.769348,-2.614406,-0.067465,0.447102,-2.994844,2.994844,3.000000,0.452163,0.000000,0.000000,-0.000155,-0.000221,-0.000126,0.302626,-0.015104,0.444347,0.297762,-0.014451,0.314570,-0.113340,-2.334931
13.254000,0.845963,0.762031,-2.606401,-0.124172,0.439785,-2.986838,2.986838,3.000000,0.456979,0.000000,0.000000,0.000064,-0.000203,0.000567,0.302626,-0.015105,0.444351,0.297762,-0.014451,0.314570,-0.113340,-2.340873
13.265000,0.894617,0.746286,-2.611925,-0.075519,0.424039,-2.992363,2.992363,3.000000,0.430712,0.000000,0.000000,-0.000071,-0.000150,-0.000164,0.302625,-0.015104,0.444348,0.297762,-0.014451,0.314570,-0.113340,-2.334608
13.276000,0.919292,0.708790,-2.607895,-0.050843,0.386544,-2.988333,2.988333,3.000000,0.389874,0.000000,0.000000,-0.000121,0.000090,0.000559,0.302626,-0.015104,0.444350,0.297762,-0.014451,0.314570,-0.113340,-2.340797
13.287000,0.917738,0.702430,-2.609585,-0.052398,0.380184,-2.990023,2.990023,3.000000,0.383778,0.000000,0.000000,-0.000008,-0.000487,-0.000153,0.302626,-0.015106,0.444350,0.297762,-0.014451,0.314570,-0.113340,-2.334739
13.298000,0.871725,0.701302,-2.606078,-0.098410,0.379056,-2.986516,2.986516,3.000000,0.391622,0.000000,0.000000,0.000317,-0.000458,0.000570,0.302626,-0.015106,0.444348,0.297762,-0.014451,0.314570,-0.113340,-2.340840
13.309000,0.862504,0.712100,-2.631268,-0.107632,0.389854,-3.011706,3.011706,3.000000,0.404439,0.000000,0.000000,0.000056,-0.000136,0.000719,0.302627,-0.015104,0.444350,0.297762,-0.014451,0.314570,-0.113340,-2.342152
13.320000,0.882229,0.679853,-2.640376,-0.087907,0.357606,-3.020814,3.020814,3.000000,0.368253,0.000000,0.000000,-0.000318,-0.000042,0.000001,0.302625,-0.015105,0.444347,0.297762,-0.014451,0.314570,-0.113340,-2.336004
13.331000,0.901504,0.654230,-2.661287,-0.068631,0.331984,-3.041725,3.041725,3.000000,0.339004,0.000000,0.000000,0.000073,-0.000269,0.001033,0.302626,-0.015104,0.444351,0.297762,-0.014451,0.314570,-0.113340,-2.344822
13.342000,0.882121,0.688052,-2.639454,-0.088014,0.365806,-3.019892,3.019892,3.000000,0.376245,0.000000,0.000000,0.000100,-0.000826,-0.000024,0.302626,-0.015106,0.444350,0.297762,-0.014451,0.314570,-0.113340,-2.335838
13.353000,0.869257,0.693152,-2.625155,-0.100879,0.370906,-3.005593,3.005593,3.000000,0.384380,0.000000,0.000000,-0.000109,-0.000056,-0.000287,0.302625,-0.015105,0.444347,0.297762,-0.014451,0.314570,-0.113340,-2.333558
13.364000,0.861145,0.686554,-2.644166,-0.108991,0.364307,-3.024604,3.024604,3.000000,0.380262,0.000000,0.000000,-0.000021,-0.000007,-0.000303,0.302626,-0.015105,0.444348,0.297762,-0.014451,0.314570,-0.113340,-2.333442
13.375000,0.850406,0.712079,-2.652007,-0.119730,0.389833,-3.032445,3.032445,3.000000,0.407805,0.000000,0.000000,-0.000003,0.000024,0.000865,0.302625,-0.015105,0.444352,0.297762,-0.014451,0.314570,-0.113340,-2.343418
13.386000,0.866501,0.683554,-2.674634,-0.103634,0.361308,-3.055072,3.055072,3.000000,0.375877,0.000000,0.000000,-0.000173,0.000576,-0.000404,0.302625,-0.015104,0.444348,0.297762,-0.014451,0.314570,-0.113340,-2.332586
13.397000,0.832494,0.673950,-2.630769,-0.137642,0.351704,-3.011207,3.011207,3.000000,0.377678,0.000000,0.000000,-0.000233,-0.000229,-0.000680,0.302625,-0.015104,0.444346,0.297762,-0.014451,0.314570,-0.113340,-2.330197
13.408000,0.879086,0.692829,-2.645150,-0.091049,0.370583,-3.025588,3.025588,3.000000,0.381604,0.000000,0.000000,0.000369,-0.000184,0.000502,0.302627,-0.015105,0.444349,0.297762,-0.014451,0.314570,-0.113340,-2.340287
13.419000,0.908321,0.697254,-2.646923,-0.061815,0.375008,-3.027361,3.027361,3.000000,0.380068,0.000000,0.000000,0.000054,-0.000275,0.000446,0.302626,-0.015104,0.444349,0.297762,-0.014451,0.314570,-0.113340,-2.339814
13.430000,0.892296,0.715645,-2.607674,-0.077840,0.393399,-2.988112,2.988112,3.000000,0.401026,0.000000,0.000000,0.000254,-0.000293,0.000630,0.302626,-0.015105,0.444350,0.297762,-0.014451,0.314570,-0.113340,-2.341388
13.441000,0.877262,0.689170,-2.641520,-0.092874,0.366924,-3.021958,3.021958,3.000000,0.378496,0.000000,0.000000,0.000242,0.000163,-0.000058,0.302625,-0.015103,0.444348,0.297762,-0.014451,0.314570,-0.113340,-2.335517
13.452000,0.885467,0.703398,-2.613286,-0.084669,0.381152,-2.993724,2.993724,3.000000,0.390443,0.000000,0.000000,-0.000221,0.000359,0.000127,0.302626,-0.015104,0.444349,0.297762,-0.014451,0.314570,-0.113340,-2.337106
13.463000,0.945706,0.689370,-2.636522,-0.024430,0.367124,-3.016960,3.016960,3.000000,0.367935,0.000000,0.000000,-0.000261,0.000082,-0.000892,0.302625,-0.015104,0.444347,0.297762,-0.014451,0.314570,-0.113340,-2.328424
13.474000,0.923602,0.703343,-2.640041,-0.046534,0.381097,-3.020478,3.020478,3.000000,0.383927,0.000000,0.000000,-0.000103,0.000470,0.000024,0.302626,-0.015103,0.444348,0.297762,-0.014451,0.314570,-0.113340,-2.336218
13.485000,0.927537,0.726134,-2.660469,-0.042598,0.403888,-3.040907,3.040907,3.000000,0.406129,0.000000,0.000000,-0.000060,0.000332,-0.000009,0.302626,-0.015103,0.444349,0.297762,-0.014451,0.314570,-0.113340,-2.335950
13.496000,0.910249,0.679902,-2.622077,-0.059887,0.357656,-3.002515,3.002515,3.000000,0.362635,0.000000,0.000000,-0.000003,-0.000223,0.000562,0.302626,-0.015104,0.444350,0.297762,-0.014451,0.314570,-0.113340,-2.340813
13.507000,0.922134,0.704659,-2.626189,-0.048002,0.382413,-3.006626,3.006626,3.000000,0.385414,0.000000,0.000000,-0.000055,0.000331,-0.000283,0.302625,-0.015105,0.444347,0.297762,-0.014451,0.314570,-0.113340,-2.333588
13.518000,0.896085,0.724078,-2.607286,-0.074051,0.401832,-2.987724,2.987724,3.000000,0.408598,0.000000,0.000000,-0.000169,-0.000116,-0.000462,0.302626,-0.015104,0.444347,0.297762,-0.014451,0.314570,-0.113340,-2.332072
13.529000,0.928703,0.697826,-2.637870,-0.041432,0.375580,-3.018308,3.018308,3.000000,0.377859,0.000000,0.000000,0.000070,-0.000393,0.000406,0.302626,-0.015105,0.444349,0.297762,-0.014451,0.314570,-0.113340,-2.339469
13.540000,0.843322,0.664630,-2.661303,-0.126813,0.342384,-3.041741,3.041741,3.000000,0.365114,0.000000,0.000000,0.000006,0.000663,0.000232,0.302626,-0.015103,0.444350,0.297762,-0.014451,0.314570,-0.113340,-2.338009
13.551000,0.878946,0.695872,-2.645998,-0.091190,0.373626,-3.026436,3.026436,3.000000,0.384593,0.000000,0.000000,0.000009,-0.000833,0.000076,0.302626,-0.015105,0.444348,0.297762,-0.014451,0.314570,-0.113340,-2.336653
13.562000,0.860041,0.684273,-2.642574,-0.110095,0.362027,-3.023012,3.023012,3.000000,0.378397,0.000000,0.000000,0.000463,0.000057,0.000628,0.302627,-0.015104,0.444350,0.297762,-0.014451,0.314570,-0.113340,-2.341366
13.573000,0.855631,0.660440,-2.615490,-0.114505,0.338194,-2.995928,2.995928,3.000000,0.357052,0.000000,0.000000,0.000248,0.000363,0.000851,0.302627,-0.015104,0.444351,0.297762,-0.014451,0.314570,-0.113340,-2.343282
13.584000,0.888975,0.671612,-2.643731,-0.081161,0.349366,-3.024169,3.024169,3.000000,0.358669,0.000000,0.000000,0.000117,-0.000687,0.000664,0.302626,-0.015105,0.444349,0.297762,-0.014451,0.314570,-0.113340,-2.341658
13.595000,0.895065,0.675070,-2.602221,-0.075071,0.352824,-2.982659,2.982659,3.000000,0.360722,0.000000,0.000000,-0.000301,0.000040,-0.000737,0.302626,-0.015105,0.444346,0.297762,-0.014451,0.314570,-0.113340,-2.329718
13.606000,0.861233,0.684424,-2.578310,-0.108903,0.362178,-2.958748,2.958748,3.000000,0.378197,0.000000,0.000000,-0.000345,0.000493,-0.001014,0.302625,-0.015103,0.444347,0.297762,-0.014451,0.314570,-0.113340,-2.327396
13.617000,0.914997,0.707123,-2.648049,-0.055139,0.384876,-3.028487,3.028487,3.000000,0.388806,0.000000,0.000000,-0.000259,0.000411,-0.000775,0.302626,-0.015103,0.444349,0.297762,-0.014451,0.314570,-0.113340,-2.329444
13.628000,0.890944,0.707426,-2.635560,-0.079192,0.385180,-3.015998,3.015998,3.000000,0.393237,0.000000,0.000000,-0.000715,0.000265,-0.001203,0.302625,-0.015104,0.444345,0.297762,-0.014451,0.314570,-0.113340,-2.325750
13.639000,0.828614,0.725595,-2.619551,-0.141521,0.403349,-2.999989,2.999989,3.000000,0.427456,0.000000,0.000000,-0.000098,0.000318,-0.000354,0.302625,-0.015103,0.444347,0.297762,-0.014451,0.314570,-0.113340,-2.332983
13.650000,0.873621,0.706045,-2.626233,-0.096515,0.383798,-3.006671,3.006671,3.000000,0.395748,0.000000,0.000000,-0.000059,0.000358,-0.000191,0.302626,-0.015104,0.444347,0.297762,-0.014451,0.314570,-0.113340,-2.334375
13.661000,0.862210,0.713577,-2.606737,-0.107926,0.391331,-2.987174,2.987174,3.000000,0.405941,0.000000,0.000000,0.000041,0.000563,0.000196,0.302626,-0.015104,0.444350,0.297762,-0.014451,0.314570,-0.113340,-2.337700
13.672000,0.878734,0.704851,-2.665159,-0.091401,0.382605,-3.045597,3.045597,3.000000,0.393371,0.000000,0.000000,0.000294,-0.000045,0.000199,0.302626,-0.015105,0.444347,0.297762,-0.014451,0.314570,-0.113340,-2.337680
13.683000,0.902377,0.739619,-2.651339,-0.067758,0.417373,-3.031777,3.031777,3.000000,0.422837,0.000000,0.000000,-0.000193,-0.000832,0.000161,0.302625,-0.015107,0.444348,0.297762,-0.014451,0.314570,-0.113340,-2.337370
13.694000,0.864510,0.724997,-2.611095,-0.105626,0.402751,-2.991533,2.991533,3.000000,0.416371,0.000000,0.000000,0.000038,-0.000010,-0.000457,0.302626,-0.015105,0.444347,0.297762,-0.014451,0.314570,-0.113340,-2.332117
13.705000,0.848802,0.758217,-2.595736,-0.121333,0.435971,-2.976174,2.976174,3.000000,0.452540,0.000000,0.000000,-0.000079,-0.000023,0.000397,0.302626,-0.015106,0.444350,0.297762,-0.014451,0.314570,-0.113340,-2.339421
13.716000,0.922031,0.736229,-2.620048,-0.048104,0.413983,-3.000486,3.000486,3.000000,0.416768,0.000000,0.000000,-0.000173,0.000224,0.000009,0.302625,-0.015105,0.444347,0.297762,-0.014451,0.314570,-0.113340,-2.336066
13.727000,0.896695,0.744793,-2.613509,-0.073441,0.422547,-2.993947,2.993947,3.000000,0.428881,0.000000,0.000000,0.000211,-0.000407,0.000244,0.302626,-0.015106,0.444348,0.297762,-0.014451,0.314570,-0.113340,-2.338077
13.738000,0.900588,0.705623,-2.648309,-0.069548,0.383377,-3.028747,3.028747,3.000000,0.389634,0.000000,0.000000,0.000093,-0.000417,-0.000268,0.302626,-0.015105,0.444348,0.297762,-0.014451,0.314570,-0.113340,-2.333729
13.749000,0.887810,0.724859,-2.638546,-0.082326,0.402613,-3.018984,3.018984,3.000000,0.410943,0.000000,0.000000,-0.000063,-0.000090,0.000272,0.302626,-0.015106,0.444348,0.297762,-0.014451,0.314570,-0.113340,-2.338322
13.760000,0.927468,0.712253,-2.641246,-0.042668,0.390007,-3.021684,3.021684,3.000000,0.392334,0.000000,0.000000,-0.000140,-0.000108,0.000656,0.302625,-0.015105,0.444349,0.297762,-0.014451,0.314570,-0.113340,-2.341590
13.771000,0.872343,0.722159,-2.586132,-0.097793,0.399913,-2.966570,2.966570,3.000000,0.411696,0.000000,0.000000,0.000414,-0.000461,0.000206,0.302627,-0.015107,0.444348,0.297762,-0.014451,0.314570,-0.113340,-2.337763
13.782000,0.863589,0.744126,-2.621724,-0.106547,0.421880,-3.002162,3.002162,3.000000,0.435126,0.000000,0.000000,-0.000195,-0.000126,-0.000681,0.302625,-0.015104,0.444346,0.297762,-0.014451,0.314570,-0.113340,-2.330200
13.793000,0.863961,0.738011,-2.597909,-0.106175,0.415765,-2.978347,2.978347,3.000000,0.429107,0.000000,0.000000,0.000304,0.000079,0.000214,0.302626,-0.015105,0.444349,0.297762,-0.014451,0.314570,-0.113340,-2.337836
13.804000,0.879887,0.741428,-2.638800,-0.090249,0.419181,-3.019238,3.019238,3.000000,0.428787,0.000000,0.000000,0.000040,-0.000452,0.000719,0.302626,-0.015106,0.444350,0.297762,-0.014451,0.314570,-0.113340,-2.342145
13.815000,0.876871,0.708231,-2.648930,-0.093265,0.385985,-3.029368,3.029368,3.000000,0.397093,0.000000,0.000000,-0.000041,0.000239,0.000603,0.302626,-0.015106,0.444350,0.297762,-0.014451,0.314570,-0.113340,-2.341153
13.826000,0.882608,0.708397,-2.635545,-0.087528,0.386151,-3.015982,3.015982,3.000000,0.395947,0.000000,0.000000,-0.000097,0.000029,0.000928,0.302627,-0.015106,0.444351,0.297762,-0.014451,0.314570,-0.113340,-2.343938
13.837000,0.889245,0.741872,-2.649547,-0.080890,0.419626,-3.029985,3.029985,3.000000,0.427351,0.000000,0.000000,-0.000403,-0.000154,-0.000841,0.302626,-0.015106,0.444347,0.297762,-0.014451,0.314570,-0.113340,-2.328846
13.848000,0.886045,0.743351,-2.648516,-0.084091,0.421105,-3.028954,3.028954,3.000000,0.429419,0.000000,0.000000,-0.000093,-0.000211,-0.000229,0.302626,-0.015105,0.444348,0.297762,-0.014451,0.314570,-0.113340,-2.334070
13.859000,0.841653,0.761547,-2.648867,-0.128483,0.439301,-3.029305,3.029305,3.000000,0.457704,0.000000,0.000000,0.000081,0.000596,-0.000154,0.302626,-0.015104,0.444347,0.297762,-0.014451,0.314570,-0.113340,-2.334676
13.870000,0.859278,0.762778,-2.615745,-0.110858,0.440532,-2.996183,2.996183,3.000000,0.454266,0.000000,0.000000,-0.000099,-0.000181,0.000405,0.302626,-0.015106,0.444348,0.297762,-0.014451,0.314570,-0.113340,-2.339450
13.881000,0.844052,0.751138,-2.630695,-0.126084,0.428892,-3.011133,3.011133,3.000000,0.447041,0.000000,0.000000,0.000272,-0.000580,0.000422,0.302626,-0.015106,0.444349,0.297762,-0.014451,0.314570,-0.113340,-2.339597
13.892000,0.857517,0.762950,-2.611746,-0.112619,0.440704,-2.992184,2.992184,3.000000,0.454866,0.000000,0.000000,0.000168,0.000017,0.000160,0.302626,-0.015106,0.444348,0.297762,-0.014451,0.314570,-0.113340,-2.337361
13.903000,0.823377,0.752365,-2.614318,-0.146759,0.430118,-2.994756,2.994756,3.000000,0.454467,0.000000,0.000000,0.000140,-0.000379,0.000517,0.302626,-0.015106,0.444347,0.297762,-0.014451,0.314570,-0.113340,-2.340388
13.914000,0.887872,0.766456,-2.636724,-0.082264,0.444209,-3.017162,3.017162,3.000000,0.451763,0.000000,0.000000,-0.000141,-0.000124,-0.000843,0.302625,-0.015106,0.444345,0.297762,-0.014451,0.314570,-0.113340,-2.328803
13.925000,0.830121,0.788124,-2.599761,-0.140015,0.465878,-2.980199,2.980199,3.000000,0.486463,0.000000,0.000000,0.000125,0.000119,0.000282,0.302626,-0.015106,0.444348,0.297762,-0.014451,0.314570,-0.113340,-2.338398
13.936000,0.844997,0.744042,-2.625550,-0.125139,0.421796,-3.005988,3.005988,3.000000,0.439968,0.000000,0.000000,0.000153,-0.000257,-0.000104,0.302627,-0.015105,0.444348,0.297762,-0.014451,0.314570,-0.113340,-2.335129
13.947000,0.863541,0.769869,-2.586991,-0.106595,0.447623,-2.967429,2.967429,3.000000,0.460140,0.000000,0.000000,0.000375,-0.000140,-0.000183,0.302626,-0.015106,0.444346,0.297762,-0.014451,0.314570,-0.113340,-2.334426
13.958000,0.874654,0.729554,-2.605009,-0.095482,0.407307,-2.985447,2.985447,3.000000,0.418349,0.000000,0.000000,0.000325,0.000325,0.000344,0.302627,-0.015105,0.444348,0.297762,-0.014451,0.314570,-0.113340,-2.338918
13.969000,0.942322,0.733843,-2.628424,-0.027814,0.411597,-3.008862,3.008862,3.000000,0.412536,0.000000,0.000000,0.000316,-0.000402,0.000323,0.302626,-0.015106,0.444347,0.297762,-0.014451,0.314570,-0.113340,-2.338738
13.980000,0.861542,0.693041,-2.602563,-0.108594,0.370794,-2.983001,2.983001,3.000000,0.386369,0.000000,0.000000,0.000187,0.000142,-0.000276,0.302626,-0.015106,0.444345,0.297762,-0.014451,0.314570,-0.113340,-2.333615
13.991000,0.895244,0.727091,-2.598714,-0.074892,0.404845,-2.979152,2.979152,3.000000,0.411714,0.000000,0.000000,-0.000125,-0.000123,-0.000109,0.302625,-0.015105,0.444347,0.297762,-0.014451,0.314570,-0.113340,-2.335078
14.002000,0.899691,0.758134,-2.594738,-0.070444,0.435888,-2.975176,2.975176,3.000000,0.441543,0.000000,0.000000,0.000056,-0.000122,0.000530,0.302625,-0.015105,0.444349,0.297762,-0.014451,0.314570,-0.113340,-2.340522
14.013000,0.883569,0.717300,-2.578320,-0.086567,0.395054,-2.958758,2.958758,3.000000,0.404427,0.000000,0.000000,0.000310,0.000100,0.000641,0.302626,-0.015105,0.444348,0.297762,-0.014451,0.314570,-0.113340,-2.341442
14.024000,0.942479,0.707238,-2.597414,-0.027657,0.384992,-2.977852,2.977852,3.000000,0.385984,0.000000,0.000000,-0.000134,0.000037,-0.000108,0.302626,-0.015105,0.444349,0.297762,-0.014451,0.314570,-0.113340,-2.335105
14.035000,0.877271,0.744002,-2.605210,-0.092865,0.421756,-2.985648,2.985648,3.000000,0.431859,0.000000,0.000000,0.000306,0.000039,0.000346,0.302626,-0.015106,0.444349,0.297762,-0.014451,0.314570,-0.113340,-2.338970
14.046000,0.891479,0.726370,-2.579517,-0.078657,0.404124,-2.959955,2.959955,3.000000,0.411707,0.000000,0.000000,-0.000208,0.000012,-0.000353,0.302625,-0.015106,0.444345,0.297762,-0.014451,0.314570,-0.113340,-2.332965
14.057000,0.891925,0.748271,-2.586916,-0.078211,0.426025,-2.967354,2.967354,3.000000,0.433145,0.000000,0.000000,0.000183,-0.000125,0.000651,0.302626,-0.015106,0.444349,0.297762,-0.014451,0.314570,-0.113340,-2.341540
14.068000,0.908288,0.738943,-2.636430,-0.061848,0.416697,-3.016868,3.016868,3.000000,0.421262,0.000000,0.000000,-0.000023,-0.000221,-0.000225,0.302626,-0.015106,0.444348,0.297762,-0.014451,0.314570,-0.113340,-2.334099
14.079000,0.934727,0.758526,-2.627973,-0.035409,0.436280,-3.008410,3.008410,3.000000,0.437714,0.000000,0.000000,-0.000135,0.000136,0.000013,0.302625,-0.015105,0.444348,0.297762,-0.014451,0.314570,-0.113340,-2.336115
14.090000,0.918723,0.739512,-2.636490,-0.051413,0.417266,-3.016928,3.016928,3.000000,0.420421,0.000000,0.000000,-0.000088,-0.000172,0.001611,0.302625,-0.015107,0.444348,0.297762,-0.014451,0.314570,-0.113340,-2.349684
14.101000,0.947675,0.730354,-2.643336,-0.022461,0.408108,-3.023774,3.023774,3.000000,0.408726,0.000000,0.000000,0.000056,0.000267,0.001161,0.302625,-0.015105,0.444349,0.297762,-0.014451,0.314570,-0.113340,-2.345889
14.112000,0.902691,0.697323,-2.604612,-0.067445,0.375077,-2.985050,2.985050,3.000000,0.381092,0.000000,0.000000,0.000025,0.000087,-0.000202,0.302626,-0.015106,0.444348,0.297762,-0.014451,0.314570,-0.113340,-2.334286
14.123000,0.902846,0.731713,-2.612279,-0.067289,0.409467,-2.992716,2.992716,3.000000,0.414959,0.000000,0.000000,0.000076,0.000322,-0.000323,0.302625,-0.015106,0.444348,0.297762,-0.014451,0.314570,-0.113340,-2.333261
14.134000,0.856294,0.743157,-2.571463,-0.113842,0.420911,-2.951901,2.951901,3.000000,0.436034,0.000000,0.000000,-0.000320,-0.000413,-0.000333,0.302626,-0.015105,0.444348,0.297762,-0.014451,0.314570,-0.113340,-2.333186
14.145000,0.872991,0.757589,-2.559194,-0.097144,0.435343,-2.939632,2.939632,3.000000,0.446050,0.000000,0.000000,0.000623,-0.000132,0.000087,0.302626,-0.015106,0.444347,0.297762,-0.014451,0.314570,-0.113340,-2.336726
14.156000,0.896028,0.741146,-2.585329,-0.074107,0.418900,-2.965767,2.965767,3.000000,0.425405,0.000000,0.000000,0.000098,0.000340,0.000259,0.302626,-0.015105,0.444347,0.297762,-0.014451,0.314570,-0.113340,-2.338188
14.167000,0.853973,0.730339,-2.588523,-0.116162,0.408093,-2.968961,2.968961,3.000000,0.424303,0.000000,0.000000,-0.000037,0.000050,-0.000885,0.302626,-0.015107,0.444347,0.297762,-0.014451,0.314570,-0.113340,-2.328478
14.178000,0.856132,0.718146,-2.629957,-0.114004,0.395900,-3.010395,3.010395,3.000000,0.411988,0.000000,0.000000,0.000145,0.000147,0.000171,0.302626,-0.015106,0.444348,0.297762,-0.014451,0.314570,-0.113340,-2.337458
14.189000,0.874665,0.761926,-2.607347,-0.095471,0.439680,-2.987785,2.987785,3.000000,0.449925,0.000000,0.000000,0.000207,0.000459,-0.000286,0.302626,-0.015104,0.444346,0.297762,-0.014451,0.314570,-0.113340,-2.333546
14.200000,0.883205,0.773817,-2.607896,-0.086931,0.451571,-2.988334,2.988334,3.000000,0.459863,0.000000,0.000000,0.000026,-0.000118,0.000498,0.302625,-0.015105,0.444348,0.297762,-0.014451,0.314570,-0.113340,-2.340240
14.211000,0.885389,0.756795,-2.620165,-0.084747,0.434549,-3.000603,3.000603,3.000000,0.442735,0.000000,0.000000,0.000340,-0.000096,0.000474,0.302627,-0.015106,0.444349,0.297762,-0.014451,0.314570,-0.113340,-2.340056
14.222000,0.851298,0.752340,-2.560329,-0.118838,0.430094,-2.940767,2.940767,3.000000,0.446210,0.000000,0.000000,-0.000098,-0.000773,-0.000183,0.302626,-0.015108,0.444346,0.297762,-0.014451,0.314570,-0.113340,-2.334431
14.233000,0.829342,0.761173,-2.579929,-0.140794,0.438927,-2.960367,2.960367,3.000000,0.460955,0.000000,0.000000,0.000024,-0.000166,-0.000053,0.302626,-0.015105,0.444347,0.297762,-0.014451,0.314570,-0.113340,-2.335550
14.244000,0.830168,0.766733,-2.547864,-0.139968,0.444487,-2.928302,2.928302,3.000000,0.466004,0.000000,0.000000,-0.000291,-0.000454,0.000338,0.302625,-0.015106,0.444348,0.297762,-0.014451,0.314570,-0.113340,-2.338879
14.255000,0.919997,0.740815,-2.649413,-0.050139,0.418569,-3.029851,3.029851,3.000000,0.421561,0.000000,0.000000,0.000128,0.001213,0.000709,0.302626,-0.015103,0.444349,0.297762,-0.014451,0.314570,-0.113340,-2.342044
14.266000,0.875279,0.734692,-2.614366,-0.094857,0.412446,-2.994804,2.994804,3.000000,0.423213,0.000000,0.000000,-0.000088,0.000078,0.000519,0.302626,-0.015105,0.444349,0.297762,-0.014451,0.314570,-0.113340,-2.340441
14.277000,0.903931,0.766842,-2.613909,-0.066205,0.444596,-2.994347,2.994347,3.000000,0.449498,0.000000,0.000000,-0.000279,-0.000381,0.000368,0.302625,-0.015106,0.444349,0.297762,-0.014451,0.314570,-0.113340,-2.339155
14.288000,0.909674,0.747030,-2.596448,-0.060462,0.424784,-2.976886,2.976886,3.000000,0.429065,0.000000,0.000000,0.000421,0.000034,0.000044,0.302627,-0.015106,0.444348,0.297762,-0.014451,0.314570,-0.113340,-2.336385
14.299000,0.853945,0.723532,-2.613860,-0.116191,0.401285,-2.994298,2.994298,3.000000,0.417768,0.000000,0.000000,0.000197,0.000899,0.000132,0.302626,-0.015103,0.444350,0.297762,-0.014451,0.314570,-0.113340,-2.337161
14.310000,0.899952,0.715700,-2.600880,-0.070184,0.393454,-2.981318,2.981318,3.000000,0.399664,0.000000,0.000000,-0.000071,0.000018,-0.000463,0.302626,-0.015104,0.444347,0.297762,-0.014451,0.314570,-0.113340,-2.332061
14.321000,0.917475,0.729936,-2.660523,-0.052660,0.407690,-3.040961,3.040961,3.000000,0.411077,0.000000,0.000000,-0.000055,-0.000434,0.000135,0.302626,-0.015105,0.444347,0.297762,-0.014451,0.314570,-0.113340,-2.337146
14.332000,0.850314,0.744160,-2.642157,-0.119822,0.421914,-3.022594,3.022594,3.000000,0.438599,0.000000,0.000000,0.000204,0.000051,-0.000417,0.302625,-0.015105,0.444345,0.297762,-0.014451,0.314570,-0.113340,-2.332421
14.343000,0.867131,0.735488,-2.633177,-0.103005,0.413242,-3.013615,3.013615,3.000000,0.425886,0.000000,0.000000,0.000076,0.000267,0.001341,0.302626,-0.015105,0.444349,0.297762,-0.014451,0.314570,-0.113340,-2.347410
14.354000,0.850845,0.753898,-2.626579,-0.119291,0.431652,-3.007017,3.007017,3.000000,0.447832,0.000000,0.000000,-0.000024,-0.000790,-0.000021,0.302626,-0.015108,0.444347,0.297762,-0.014451,0.314570,-0.113340,-2.335813
14.365000,0.882348,0.749476,-2.631613,-0.087788,0.427230,-3.012051,3.012051,3.000000,0.436156,0.000000,0.000000,0.000310,0.000072,0.000184,0.302627,-0.015106,0.444350,0.297762,-0.014451,0.314570,-0.113340,-2.337606
14.376000,0.878203,0.750650,-2.597740,-0.091933,0.428404,-2.978178,2.978178,3.000000,0.438157,0.000000,0.000000,0.000261,-0.000098,0.000485,0.302626,-0.015106,0.444349,0.297762,-0.014451,0.314570,-0.113340,-2.340149
14.387000,0.921971,0.777494,-2.601364,-0.048165,0.455248,-2.981802,2.981802,3.000000,0.457789,0.000000,0.000000,-0.000148,0.000341,0.000032,0.302625,-0.015105,0.444348,0.297762,-0.014451,0.314570,-0.113340,-2.336284
14.398000,0.883427,0.725902,-2.592835,-0.086709,0.403656,-2.973273,2.973273,3.000000,0.412864,0.000000,0.000000,-0.000220,0.000120,0.000021,0.302625,-0.015106,0.444349,0.297762,-0.014451,0.314570,-0.113340,-2.336201
14.409000,0.883936,0.742277,-2.593870,-0.086200,0.420031,-2.974308,2.974308,3.000000,0.428785,0.000000,0.000000,-0.000377,0.000246,-0.000519,0.302625,-0.015106,0.444346,0.297762,-0.014451,0.314570,-0.113340,-2.331578
14.420000,0.889084,0.757220,-2.613392,-0.081052,0.434974,-2.993830,2.993830,3.000000,0.442461,0.000000,0.000000,0.000174,-0.000721,0.000168,0.302626,-0.015107,0.444346,0.297762,-0.014451,0.314570,-0.113340,-2.337410
14.431000,0.914476,0.773038,-2.638909,-0.055659,0.450792,-3.019347,3.019347,3.000000,0.454215,0.000000,0.000000,0.000166,-0.000653,-0.000113,0.302626,-0.015106,0.444348,0.297762,-0.014451,0.314570,-0.113340,-2.335047
14.442000,0.915278,0.767578,-2.596152,-0.054857,0.445332,-2.976590,2.976590,3.000000,0.448698,0.000000,0.000000,-0.000171,0.000021,-0.000536,0.302625,-0.015106,0.444347,0.297762,-0.014451,0.314570,-0.113340,-2.331449
14.453000,0.913215,0.700090,-2.621350,-0.056920,0.377844,-3.001788,3.001788,3.000000,0.382107,0.000000,0.000000,0.000320,-0.000035,0.000143,0.302626,-0.015106,0.444348,0.297762,-0.014451,0.314570,-0.113340,-2.337223
14.464000,0.835451,0.712295,-2.588036,-0.134685,0.390049,-2.968474,2.968474,3.000000,0.412647,0.000000,0.000000,-0.000144,-0.000034,-0.000791,0.302626,-0.015105,0.444347,0.297762,-0.014451,0.314570,-0.113340,-2.329276
14.475000,0.876731,0.775285,-2.592849,-0.093405,0.453039,-2.973287,2.973287,3.000000,0.462568,0.000000,0.000000,0.000175,-0.000114,0.000365,0.302626,-0.015105,0.444349,0.297762,-0.014451,0.314570,-0.113340,-2.339125
14.486000,0.882598,0.717788,-2.624121,-0.087538,0.395541,-3.004559,3.004559,3.000000,0.405112,0.000000,0.000000,0.000097,0.000810,-0.000070,0.302626,-0.015104,0.444347,0.297762,-0.014451,0.314570,-0.113340,-2.335396
14.497000,0.918357,0.706237,-2.662266,-0.051778,0.383991,-3.042704,3.042704,3.000000,0.387466,0.000000,0.000000,0.000098,0.000011,0.000337,0.302625,-0.015105,0.444348,0.297762,-0.014451,0.314570,-0.113340,-2.338868
14.508000,0.894696,0.750970,-2.612121,-0.075439,0.428724,-2.992559,2.992559,3.000000,0.435311,0.000000,0.000000,0.000486,0.000194,-0.000549,0.302627,-0.015104,0.444348,0.297762,-0.014451,0.314570,-0.113340,-2.331354
14.519000,0.862236,0.755382,-2.591205,-0.107900,0.433135,-2.971643,2.971643,3.000000,0.446373,0.000000,0.000000,-0.000103,0.000256,0.000338,0.302625,-0.015106,0.444349,0.297762,-0.014451,0.314570,-0.113340,-2.338890
14.530000,0.882957,0.744949,-2.599518,-0.087178,0.422703,-2.979956,2.979956,3.000000,0.431599,0.000000,0.000000,-0.000057,-0.000171,0.000397,0.302625,-0.015106,0.444348,0.297762,-0.014451,0.314570,-0.113340,-2.339388
14.541000,0.900810,0.725158,-2.593693,-0.069326,0.402912,-2.974131,2.974131,3.000000,0.408833,0.000000,0.000000,0.000108,-0.000273,-0.000000,0.302625,-0.015107,0.444347,0.297762,-0.014451,0.314570,-0.113340,-2.335990
14.552000,0.839441,0.726470,-2.583694,-0.130695,0.404224,-2.964132,2.964132,3.000000,0.424827,0.000000,0.000000,-0.000056,0.000302,-0.000983,0.302625,-0.015106,0.444345,0.297762,-0.014451,0.314570,-0.113340,-2.327608
14.563000,0.871246,0.732524,-2.588578,-0.098889,0.410278,-2.969016,2.969016,3.000000,0.422027,0.000000,0.000000,0.000059,-0.000248,-0.000288,0.302626,-0.015106,0.444346,0.297762,-0.014451,0.314570,-0.113340,-2.333525
14.574000,0.927930,0.763437,-2.615587,-0.042206,0.441191,-2.996025,2.996025,3.000000,0.443205,0.000000,0.000000,0.000047,-0.000174,0.000553,0.302626,-0.015106,0.444347,0.297762,-0.014451,0.314570,-0.113340,-2.340681
14.585000,0.889793,0.726565,-2.596304,-0.080342,0.404319,-2.976742,2.976742,3.000000,0.412224,0.000000,0.000000,-0.000091,-0.000537,0.000184,0.302626,-0.015107,0.444347,0.297762,-0.014451,0.314570,-0.113340,-2.337549
14.596000,0.911114,0.749930,-2.601584,-0.059021,0.427684,-2.982022,2.982022,3.000000,0.431737,0.000000,0.000000,0.000005,0.000103,-0.000527,0.302626,-0.015105,0.444346,0.297762,-0.014451,0.314570,-0.113340,-2.331504
14.607000,0.882935,0.773334,-2.580374,-0.087201,0.451088,-2.960812,2.960812,3.000000,0.459439,0.000000,0.000000,-0.000276,-0.000654,-0.000825,0.302625,-0.015107,0.444345,0.297762,-0.014451,0.314570,-0.113340,-2.328949
14.618000,0.889272,0.763830,-2.565869,-0.080863,0.441584,-2.946307,2.946307,3.000000,0.448926,0.000000,0.000000,0.000202,-0.000160,0.000354,0.302626,-0.015106,0.444347,0.297762,-0.014451,0.314570,-0.113340,-2.338993
14.629000,0.935479,0.721841,-2.573358,-0.034657,0.399595,-2.953796,2.953796,3.000000,0.401095,0.000000,0.000000,0.000087,-0.000032,-0.000442,0.302626,-0.015106,0.444347,0.297762,-0.014451,0.314570,-0.113340,-2.332241
14.640000,0.912687,0.757409,-2.568740,-0.057449,0.435163,-2.949178,2.949178,3.000000,0.438938,0.000000,0.000000,-0.000174,-0.000448,-0.000117,0.302626,-0.015106,0.444348,0.297762,-0.014451,0.314570,-0.113340,-2.335021
14.651000,0.911695,0.782909,-2.577701,-0.058441,0.460662,-2.958139,2.958139,3.000000,0.464355,0.000000,0.000000,-0.000433,-0.000591,0.000121,0.302625,-0.015106,0.444348,0.297762,-0.014451,0.314570,-0.113340,-2.337030
14.662000,0.899991,0.775447,-2.611633,-0.070145,0.453201,-2.992071,2.992071,3.000000,0.458597,0.000000,0.000000,0.000201,-0.000224,0.000842,0.302626,-0.015107,0.444349,0.297762,-0.014451,0.314570,-0.113340,-2.343166
14.673000,0.873265,0.724520,-2.599324,-0.096871,0.402274,-2.979762,2.979762,3.000000,0.413773,0.000000,0.000000,-0.000135,-0.000071,0.000054,0.302625,-0.015105,0.444346,0.297762,-0.014451,0.314570,-0.113340,-2.336428
14.684000,0.904617,0.738796,-2.561620,-0.065519,0.416550,-2.942058,2.942058,3.000000,0.421671,0.000000,0.000000,-0.000084,-0.000202,-0.000525,0.302625,-0.015106,0.444346,0.297762,-0.014451,0.314570,-0.113340,-2.331526
14.695000,0.888604,0.733337,-2.567300,-0.081532,0.411091,-2.947738,2.947738,3.000000,0.419098,0.000000,0.000000,0.000039,0.000070,-0.000439,0.302626,-0.015105,0.444346,0.297762,-0.014451,0.314570,-0.113340,-2.332254
14.706000,0.890415,0.718905,-2.591058,-0.079720,0.396659,-2.971496,2.971496,3.000000,0.404591,0.000000,0.000000,0.000152,0.000067,0.000215,0.302626,-0.015105,0.444349,0.297762,-0.014451,0.314570,-0.113340,-2.337851
14.717000,0.869746,0.751723,-2.627661,-0.100389,0.429477,-3.008099,3.008099,3.000000,0.441054,0.000000,0.000000,-0.000285,0.000210,0.000411,0.302626,-0.015104,0.444348,0.297762,-0.014451,0.314570,-0.113340,-2.339491
14.728000,0.878448,0.723951,-2.614285,-0.091687,0.401705,-2.994723,2.994723,3.000000,0.412036,0.000000,0.000000,-0.000063,-0.000106,0.000551,0.302626,-0.015105,0.444348,0.297762,-0.014451,0.314570,-0.113340,-2.340681
14.739000,0.904229,0.713424,-2.624665,-0.065907,0.391178,-3.005103,3.005103,3.000000,0.396691,0.000000,0.000000,-0.000145,0.000360,0.000035,0.302625,-0.015105,0.444347,0.297762,-0.014451,0.314570,-0.113340,-2.336287
14.750000,0.860729,0.711474,-2.608173,-0.109407,0.389228,-2.988611,2.988611,3.000000,0.404312,0.000000,0.000000,-0.000118,-0.000165,-0.000099,0.302625,-0.015105,0.444347,0.297762,-0.014451,0.314570,-0.113340,-2.335154
14.761000,0.830621,0.746642,-2.619735,-0.139515,0.424396,-3.000173,3.000173,3.000000,0.446739,0.000000,0.000000,-0.000169,-0.000346,-0.000341,0.302625,-0.015106,0.444347,0.297762,-0.014451,0.314570,-0.113340,-2.333104
14.772000,0.868747,0.730740,-2.665457,-0.101389,0.408494,-3.045895,3.045895,3.000000,0.420888,0.000000,0.000000,0.000064,-0.000090,0.001178,0.302626,-0.015106,0.444352,0.297762,-0.014451,0.314570,-0.113340,-2.346067
14.783000,0.840462,0.713754,-2.651471,-0.129674,0.391508,-3.031909,3.031909,3.000000,0.412425,0.000000,0.000000,0.000019,0.000058,0.000265,0.302625,-0.015105,0.444348,0.297762,-0.014451,0.314570,-0.113340,-2.338267
14.794000,0.880863,0.708720,-2.644872,-0.089273,0.386474,-3.025310,3.025310,3.000000,0.396651,0.000000,0.000000,0.000186,0.000059,-0.000185,0.302626,-0.015105,0.444348,0.297762,-0.014451,0.314570,-0.113340,-2.334434
14.805000,0.897776,0.735278,-2.623942,-0.072360,0.413032,-3.004380,3.004380,3.000000,0.419322,0.000000,0.000000,0.000034,0.000302,-0.000222,0.302626,-0.015104,0.444347,0.297762,-0.014451,0.314570,-0.113340,-2.334113
14.816000,0.888988,0.743366,-2.622018,-0.081148,0.421120,-3.002456,3.002456,3.000000,0.428867,0.000000,0.000000,0.000188,0.000056,0.000542,0.302626,-0.015104,0.444350,0.297762,-0.014451,0.314570,-0.113340,-2.340634
14.827000,0.861597,0.704218,-2.638087,-0.108539,0.381971,-3.018525,3.018525,3.000000,0.397093,0.000000,0.000000,0.000345,0.000683,0.000793,0.302626,-0.015104,0.444349,0.297762,-0.014451,0.314570,-0.113340,-2.342746
14.838000,0.858949,0.735332,-2.618778,-0.111187,0.413086,-2.999215,2.999215,3.000000,0.427788,0.000000,0.000000,0.000316,-0.000311,-0.000441,0.302627,-0.015106,0.444348,0.297762,-0.014451,0.314570,-0.113340,-2.332269
14.849000,0.880936,0.714248,-2.630775,-0.089200,0.392002,-3.011213,3.011213,3.000000,0.402022,0.000000,0.000000,0.000065,-0.000055,-0.000260,0.302626,-0.015105,0.444347,0.297762,-0.014451,0.314570,-0.113340,-2.333793
14.860000,0.898277,0.737173,-2.636149,-0.071858,0.414927,-3.016587,3.016587,3.000000,0.421104,0.000000,0.000000,-0.000082,0.000253,0.000778,0.302626,-0.015104,0.444350,0.297762,-0.014451,0.314570,-0.113340,-2.342652
14.871000,0.917016,0.722178,-2.620870,-0.053119,0.399932,-3.001308,3.001308,3.000000,0.403444,0.000000,0.000000,-0.000142,0.000564,-0.000178,0.302626,-0.015105,0.444349,0.297762,-0.014451,0.314570,-0.113340,-2.334513
14.882000,0.945876,0.700693,-2.581126,-0.024259,0.378447,-2.961564,2.961564,3.000000,0.379224,0.000000,0.000000,0.000276,0.000123,0.000507,0.302626,-0.015105,0.444348,0.297762,-0.014451,0.314570,-0.113340,-2.340311
14.893000,0.910819,0.703098,-2.609165,-0.059317,0.380852,-2.989603,2.989603,3.000000,0.385444,0.000000,0.000000,0.000236,-0.000270,-0.000052,0.302626,-0.015106,0.444348,0.297762,-0.014451,0.314570,-0.113340,-2.335565
14.904000,0.909131,0.714228,-2.593808,-0.061005,0.391982,-2.974245,2.974245,3.000000,0.396701,0.000000,0.000000,-0.000249,-0.000309,-0.000564,0.302625,-0.015106,0.444348,0.297762,-0.014451,0.314570,-0.113340,-2.331220
14.915000,0.916136,0.758658,-2.599142,-0.054000,0.436412,-2.979580,2.979580,3.000000,0.439740,0.000000,0.000000,-0.000028,-0.000932,-0.000624,0.302626,-0.015107,0.444347,0.297762,-0.014451,0.314570,-0.113340,-2.330691
14.926000,0.917894,0.714449,-2.649524,-0.052241,0.392202,-3.029962,3.029962,3.000000,0.395666,0.000000,0.000000,0.000180,0.000234,0.000011,0.302625,-0.015105,0.444347,0.297762,-0.014451,0.314570,-0.113340,-2.336076
14.937000,0.905145,0.723949,-2.630407,-0.064991,0.401703,-3.010845,3.010845,3.000000,0.406926,0.000000,0.000000,0.000251,-0.000288,0.000345,0.302626,-0.015105,0.444348,0.297762,-0.014451,0.314570,-0.113340,-2.338946
14.948000,0.872966,0.746978,-2.604555,-0.097170,0.424732,-2.984993,2.984993,3.000000,0.435705,0.000000,0.000000,-0.000179,0.000213,-0.000020,0.302625,-0.015105,0.444349,0.297762,-0.014451,0.314570,-0.113340,-2.335855
14.959000,0.883105,0.731764,-2.612113,-0.087030,0.409517,-2.992551,2.992551,3.000000,0.418663,0.000000,0.000000,-0.000081,-0.000459,0.000917,0.302626,-0.015106,0.444351,0.297762,-0.014451,0.314570,-0.113340,-2.343839
14.970000,0.970117,0.721236,-2.681050,-0.000019,0.398990,-3.061488,3.061488,3.000000,0.398990,0.000000,0.000000,0.000576,0.000131,0.000934,0.302626,-0.015105,0.444351,0.297762,-0.014451,0.314570,-0.113340,-2.343988
14.981000,0.925805,0.682222,-2.667256,-0.044331,0.359976,-3.047694,3.047694,3.000000,0.362695,0.000000,0.000000,-0.000222,0.000151,-0.000325,0.302626,-0.015105,0.444348,0.297762,-0.014451,0.314570,-0.113340,-2.333255
14.992000,0.892014,0.714408,-2.640470,-0.078122,0.392162,-3.020908,3.020908,3.000000,0.399868,0.000000,0.000000,0.000239,0.000323,0.000618,0.302626,-0.015104,0.444349,0.297762,-0.014451,0.314570,-0.113340,-2.341278
15.003000,0.884107,0.737523,-2.604959,-0.086028,0.415277,-2.985397,2.985397,3.000000,0.424094,0.000000,0.000000,-0.000076,-0.000214,0.000071,0.302626,-0.015106,0.444349,0.297762,-0.014451,0.314570,-0.113340,-2.336631
15.014000,0.904629,0.735731,-2.640813,-0.065507,0.413485,-3.021251,3.021251,3.000000,0.418642,0.000000,0.000000,-0.000334,-0.000351,-0.000049,0.302625,-0.015106,0.444348,0.297762,-0.014451,0.314570,-0.113340,-2.335600
15.025000,0.925042,0.729972,-2.637807,-0.045094,0.407726,-3.018245,3.018245,3.000000,0.410212,0.000000,0.000000,-0.000406,-0.000487,-0.000174,0.302625,-0.015106,0.444348,0.297762,-0.014451,0.314570,-0.113340,-2.334536
15.036000,0.913455,0.707699,-2.641310,-0.056681,0.385452,-3.021747,3.021747,3.000000,0.389598,0.000000,0.000000,0.000461,-0.000236,0.000952,0.302626,-0.015106,0.444348,0.297762,-0.014451,0.314570,-0.113340,-2.344089
15.047000,0.987797,0.673477,-2.644306,0.017661,0.351231,-3.024744,3.024744,3.000000,0.351675,0.000000,0.000000,0.000098,0.000185,0.000757,0.302626,-0.015105,0.444348,0.297762,-0.014451,0.314570,-0.113340,-2.342426
15.058000,0.878651,0.711536,-2.594708,-0.091484,0.389290,-2.975146,2.975146,3.000000,0.399895,0.000000,0.000000,0.000229,-0.000780,0.000455,0.302625,-0.015107,0.444347,0.297762,-0.014451,0.314570,-0.113340,-2.339846
15.069000,0.856346,0.714553,-2.609639,-0.113790,0.392307,-2.990077,2.990077,3.000000,0.408476,0.000000,0.000000,-0.000030,-0.000327,-0.000137,0.302625,-0.015107,0.444347,0.297762,-0.014451,0.314570,-0.113340,-2.334821
15.080000,0.868245,0.704591,-2.603463,-0.101891,0.382344,-2.983901,2.983901,3.000000,0.395688,0.000000,0.000000,0.000395,-0.000246,0.000441,0.302626,-0.015107,0.444349,0.297762,-0.014451,0.314570,-0.113340,-2.339762
15.091000,0.890004,0.705113,-2.602849,-0.080131,0.382867,-2.983287,2.983287,3.000000,0.391163,0.000000,0.000000,0.000348,-0.000003,0.000452,0.302627,-0.015107,0.444348,0.297762,-0.014451,0.314570,-0.113340,-2.339847
15.102000,0.857647,0.749442,-2.595556,-0.112489,0.427196,-2.975994,2.975994,3.000000,0.441758,0.000000,0.000000,0.000279,-0.000071,0.000036,0.302626,-0.015106,0.444348,0.297762,-0.014451,0.314570,-0.113340,-2.336313
15.113000,0.874867,0.748615,-2.571507,-0.095269,0.426369,-2.951945,2.951945,3.000000,0.436883,0.000000,0.000000,-0.000208,-0.000198,-0.000724,0.302626,-0.015105,0.444347,0.297762,-0.014451,0.314570,-0.113340,-2.329843
15.124000,0.904606,0.768303,-2.571104,-0.065529,0.446057,-2.951542,2.951542,3.000000,0.450845,0.000000,0.000000,0.000264,-0.000001,0.000490,0.302626,-0.015105,0.444349,0.297762,-0.014451,0.314570,-0.113340,-2.340180
15.135000,0.885280,0.775211,-2.576860,-0.084856,0.452965,-2.957298,2.957298,3.000000,0.460844,0.000000,0.000000,0.000057,0.000235,0.000432,0.302626,-0.015104,0.444350,0.297762,-0.014451,0.314570,-0.113340,-2.339713
15.146000,0.887238,0.710190,-2.614452,-0.082898,0.387944,-2.994890,2.994890,3.000000,0.396702,0.000000,0.000000,0.000072,0.000183,-0.000529,0.302626,-0.015104,0.444347,0.297762,-0.014451,0.314570,-0.113340,-2.331502
15.157000,0.936822,0.727206,-2.611097,-0.033313,0.404960,-2.991535,2.991535,3.000000,0.406327,0.000000,0.000000,0.000234,0.000381,0.000543,0.302626,-0.015103,0.444348,0.297762,-0.014451,0.314570,-0.113340,-2.340616
15.168000,0.896491,0.703576,-2.627104,-0.073645,0.381330,-3.007542,3.007542,3.000000,0.388377,0.000000,0.000000,-0.000096,-0.000222,-0.000111,0.302625,-0.015104,0.444347,0.297762,-0.014451,0.314570,-0.113340,-2.335057
15.179000,0.896696,0.715302,-2.634429,-0.073439,0.393056,-3.014867,3.014867,3.000000,0.399858,0.000000,0.000000,-0.000150,-0.000136,0.000036,0.302625,-0.015105,0.444348,0.297762,-0.014451,0.314570,-0.113340,-2.336307
15.190000,0.890703,0.713644,-2.628003,-0.079433,0.391398,-3.008441,3.008441,3.000000,0.399376,0.000000,0.000000,-0.000014,0.000004,0.000305,0.302626,-0.015104,0.444350,0.297762,-0.014451,0.314570,-0.113340,-2.338631
15.201000,0.889178,0.719082,-2.612061,-0.080958,0.396836,-2.992499,2.992499,3.000000,0.405009,0.000000,0.000000,0.000228,-0.000182,-0.000321,0.302626,-0.015105,0.444346,0.297762,-0.014451,0.314570,-0.113340,-2.333257
15.212000,0.936119,0.731059,-2.640745,-0.034016,0.408813,-3.021183,3.021183,3.000000,0.410226,0.000000,0.000000,-0.000180,0.000490,-0.000363,0.302625,-0.015104,0.444348,0.297762,-0.014451,0.314570,-0.113340,-2.332922
15.223000,0.897403,0.664024,-2.607484,-0.072732,0.341778,-2.987922,2.987922,3.000000,0.349431,0.000000,0.000000,-0.000192,0.000074,-0.000770,0.302626,-0.015105,0.444346,0.297762,-0.014451,0.314570,-0.113340,-2.329435
15.234000,0.876844,0.725957,-2.592958,-0.093292,0.403711,-2.973396,2.973396,3.000000,0.414350,0.000000,0.000000,-0.000386,-0.000566,-0.000335,0.302625,-0.015106,0.444346,0.297762,-0.014451,0.314570,-0.113340,-2.333137
15.245000,0.954511,0.733318,-2.612287,-0.015625,0.411072,-2.992725,2.992725,3.000000,0.411369,0.000000,0.000000,-0.000507,-0.000563,-0.000371,0.302625,-0.015106,0.444347,0.297762,-0.014451,0.314570,-0.113340,-2.332838
15.256000,0.962159,0.726213,-2.616532,-0.007977,0.403967,-2.996970,2.996970,3.000000,0.404046,0.000000,0.000000,-0.000212,-0.000228,0.000179,0.302625,-0.015105,0.444350,0.297762,-0.014451,0.314570,-0.113340,-2.337560
15.267000,0.876174,0.728985,-2.590648,-0.093962,0.406739,-2.971086,2.971086,3.000000,0.417451,0.000000,0.000000,-0.000116,-0.000126,-0.000337,0.302626,-0.015106,0.444348,0.297762,-0.014451,0.314570,-0.113340,-2.333144
15.278000,0.867859,0.740117,-2.612818,-0.102277,0.417871,-2.993256,2.993256,3.000000,0.430205,0.000000,0.000000,0.000421,-0.000085,0.000648,0.302627,-0.015106,0.444349,0.297762,-0.014451,0.314570,-0.113340,-2.341523
15.289000,0.850018,0.707803,-2.608229,-0.120118,0.385556,-2.988667,2.988667,3.000000,0.403834,0.000000,0.000000,-0.000449,-0.000222,-0.000949,0.302625,-0.015104,0.444345,0.297762,-0.014451,0.314570,-0.113340,-2.327911
15.300000,0.897857,0.711383,-2.626905,-0.072279,0.389137,-3.007343,3.007343,3.000000,0.395792,0.000000,0.000000,0.000313,-0.000542,0.001137,0.302626,-0.015105,0.444350,0.297762,-0.014451,0.314570,-0.113340,-2.345682
15.311000,0.915697,0.690272,-2.619842,-0.054439,0.368025,-3.000280,3.000280,3.000000,0.372030,0.000000,0.000000,-0.000217,-0.000258,-0.000420,0.302626,-0.015105,0.444347,0.297762,-0.014451,0.314570,-0.113340,-2.332423
15.322000,0.957079,0.721269,-2.636562,-0.013057,0.399022,-3.017000,3.017000,3.000000,0.399236,0.000000,0.000000,0.000109,-0.000638,-0.000251,0.302625,-0.015105,0.444346,0.297762,-0.014451,0.314570,-0.113340,-2.333837
15.333000,0.909975,0.715557,-2.629664,-0.060160,0.393311,-3.010102,3.010102,3.000000,0.397885,0.000000,0.000000,-0.000220,-0.000437,-0.000324,0.302625,-0.015106,0.444346,0.297762,-0.014451,0.314570,-0.113340,-2.333221
15.344000,0.937386,0.669545,-2.595226,-0.032750,0.347299,-2.975664,2.975664,3.000000,0.348839,0.000000,0.000000,-0.000035,0.000221,0.000159,0.302626,-0.015105,0.444347,0.297762,-0.014451,0.314570,-0.113340,-2.337349
15.355000,0.894353,0.682204,-2.593137,-0.075783,0.359958,-2.973575,2.973575,3.000000,0.367849,0.000000,0.000000,0.000172,0.000684,0.000430,0.302626,-0.015103,0.444349,0.297762,-0.014451,0.314570,-0.113340,-2.339680
15.366000,0.947375,0.693112,-2.613229,-0.022761,0.370866,-2.993666,2.993666,3.000000,0.371564,0.000000,0.000000,-0.000343,0.000273,-0.000074,0.302625,-0.015104,0.444348,0.297762,-0.014451,0.314570,-0.113340,-2.335384
15.377000,0.901014,0.707903,-2.623503,-0.069122,0.385657,-3.003941,3.003941,3.000000,0.391803,0.000000,0.000000,0.000025,-0.000330,0.000042,0.302625,-0.015106,0.444348,0.297762,-0.014451,0.314570,-0.113340,-2.336367
15.388000,0.887603,0.700673,-2.600467,-0.082533,0.378426,-2.980905,2.980905,3.000000,0.387322,0.000000,0.000000,-0.000345,0.000131,-0.000727,0.302625,-0.015105,0.444346,0.297762,-0.014451,0.314570,-0.113340,-2.329809
15.399000,0.913574,0.719286,-2.645328,-0.056562,0.397040,-3.025766,3.025766,3.000000,0.401048,0.000000,0.000000,0.000431,-0.000565,0.000611,0.302627,-0.015105,0.444350,0.297762,-0.014451,0.314570,-0.113340,-2.341224
15.410000,0.881377,0.738148,-2.627615,-0.088759,0.415902,-3.008053,3.008053,3.000000,0.425268,0.000000,0.000000,-0.000172,-0.000648,0.000275,0.302625,-0.015106,0.444347,0.297762,-0.014451,0.314570,-0.113340,-2.338320
15.421000,0.876831,0.749229,-2.621336,-0.093305,0.426983,-3.001774,3.001774,3.000000,0.437059,0.000000,0.000000,0.000017,0.000241,-0.000302,0.302626,-0.015104,0.444348,0.297762,-0.014451,0.314570,-0.113340,-2.333439
15.432000,0.878186,0.718318,-2.605250,-0.091949,0.396072,-2.985687,2.985687,3.000000,0.406605,0.000000,0.000000,-0.000069,0.000171,0.000103,0.302626,-0.015106,0.444350,0.297762,-0.014451,0.314570,-0.113340,-2.336914
15.443000,0.866370,0.732999,-2.613119,-0.103766,0.410753,-2.993557,2.993557,3.000000,0.423657,0.000000,0.000000,-0.000052,-0.000360,-0.000055,0.302627,-0.015106,0.444349,0.297762,-0.014451,0.314570,-0.113340,-2.335567
15.454000,0.896925,0.725150,-2.659541,-0.073211,0.402904,-3.039979,3.039979,3.000000,0.409501,0.000000,0.000000,-0.000051,-0.000011,0.000994,0.302626,-0.015105,0.444350,0.297762,-0.014451,0.314570,-0.113340,-2.344484
15.465000,0.834507,0.756230,-2.608417,-0.135629,0.433984,-2.988855,2.988855,3.000000,0.454684,0.000000,0.000000,-0.000189,0.000068,-0.000246,0.302626,-0.015104,0.444349,0.297762,-0.014451,0.314570,-0.113340,-2.333936
15.476000,0.810964,0.784192,-2.583928,-0.159171,0.461946,-2.964365,2.964365,3.000000,0.488600,0.000000,0.000000,-0.000076,-0.000300,-0.000210,0.302626,-0.015105,0.444350,0.297762,-0.014451,0.314570,-0.113340,-2.334253
15.487000,0.831177,0.727760,-2.619824,-0.138959,0.405514,-3.000262,3.000262,3.000000,0.428662,0.000000,0.000000,-0.000403,0.000241,-0.000906,0.302625,-0.015104,0.444346,0.297762,-0.014451,0.314570,-0.113340,-2.328284
15.498000,0.853751,0.688813,-2.646005,-0.116385,0.366567,-3.026443,3.026443,3.000000,0.384599,0.000000,0.000000,-0.000060,-0.000037,-0.000020,0.302625,-0.015106,0.444348,0.297762,-0.014451,0.314570,-0.113340,-2.335832
15.509000,0.845543,0.715475,-2.640627,-0.124593,0.393229,-3.021065,3.021065,3.000000,0.412496,0.000000,0.000000,-0.000177,0.000752,-0.000927,0.302625,-0.015103,0.444347,0.297762,-0.014451,0.314570,-0.113340,-2.328125
15.520000,0.878337,0.696518,-2.609280,-0.091798,0.374272,-2.989718,2.989718,3.000000,0.385365,0.000000,0.000000,0.000174,-0.000201,0.000168,0.302625,-0.015105,0.444349,0.297762,-0.014451,0.314570,-0.113340,-2.337458
15.531000,0.927392,0.718020,-2.663024,-0.042744,0.395774,-3.043462,3.043462,3.000000,0.398075,0.000000,0.000000,0.000066,-0.000343,-0.000162,0.302626,-0.015105,0.444347,0.297762,-0.014451,0.314570,-0.113340,-2.334622
15.542000,0.923740,0.717128,-2.658658,-0.046396,0.394882,-3.039096,3.039096,3.000000,0.397598,0.000000,0.000000,0.000145,-0.000035,0.000047,0.302626,-0.015106,0.444349,0.297762,-0.014451,0.314570,-0.113340,-2.336422
15.553000,0.961776,0.724376,-2.635455,-0.008360,0.402130,-3.015892,3.015892,3.000000,0.402217,0.000000,0.000000,0.000136,-0.000582,-0.000042,0.302626,-0.015107,0.444349,0.297762,-0.014451,0.314570,-0.113340,-2.335663
15.564000,0.884375,0.712354,-2.598225,-0.085761,0.390108,-2.978663,2.978663,3.000000,0.399423,0.000000,0.000000,0.000370,0.000192,-0.000337,0.302627,-0.015105,0.444348,0.297762,-0.014451,0.314570,-0.113340,-2.333143
15.575000,0.898945,0.729451,-2.600840,-0.071190,0.407204,-2.981278,2.981278,3.000000,0.413381,0.000000,0.000000,0.000283,0.000230,0.000635,0.302626,-0.015105,0.444349,0.297762,-0.014451,0.314570,-0.113340,-2.341427
15.586000,0.889317,0.698582,-2.605281,-0.080819,0.376336,-2.985719,2.985719,3.000000,0.384916,0.000000,0.000000,-0.000082,0.000553,0.000229,0.302626,-0.015104,0.444349,0.297762,-0.014451,0.314570,-0.113340,-2.337963
15.597000,0.912849,0.719878,-2.645884,-0.057287,0.397632,-3.026322,3.026322,3.000000,0.401738,0.000000,0.000000,-0.000124,0.000109,0.000250,0.302626,-0.015105,0.444349,0.297762,-0.014451,0.314570,-0.113340,-2.338143
15.608000,0.883187,0.741391,-2.635915,-0.086949,0.419145,-3.016353,3.016353,3.000000,0.428068,0.000000,0.000000,0.000704,-0.000090,0.000569,0.302627,-0.015105,0.444351,0.297762,-0.014451,0.314570,-0.113340,-2.340883
15.619000,0.889858,0.719441,-2.663112,-0.080278,0.397195,-3.043550,3.043550,3.000000,0.405226,0.000000,0.000000,0.000059,-0.000139,0.000018,0.302625,-0.015106,0.444347,0.297762,-0.014451,0.314570,-0.113340,-2.336149
15.630000,0.884596,0.712026,-2.627903,-0.085540,0.389780,-3.008341,3.008341,3.000000,0.399056,0.000000,0.000000,-0.000539,0.000028,-0.000483,0.302625,-0.015105,0.444348,0.297762,-0.014451,0.314570,-0.113340,-2.331901
15.641000,0.949463,0.735169,-2.606633,-0.020673,0.412923,-2.987071,2.987071,3.000000,0.413441,0.000000,0.000000,-0.000180,-0.000395,0.001008,0.302626,-0.015105,0.444351,0.297762,-0.014451,0.314570,-0.113340,-2.344610
15.652000,0.903307,0.733319,-2.663838,-0.066828,0.411073,-3.044276,3.044276,3.000000,0.416470,0.000000,0.000000,0.000053,0.000168,0.000545,0.302626,-0.015104,0.444350,0.297762,-0.014451,0.314570,-0.113340,-2.340676
15.663000,0.880689,0.738007,-2.638778,-0.089446,0.415761,-3.019216,3.019216,3.000000,0.425274,0.000000,0.000000,0.000261,-0.000347,-0.000048,0.302626,-0.015106,0.444349,0.297762,-0.014451,0.314570,-0.113340,-2.335619
15.674000,0.872371,0.721410,-2.631067,-0.097765,0.399164,-3.011504,3.011504,3.000000,0.410962,0.000000,0.000000,0.000079,0.000640,-0.000133,0.302626,-0.015104,0.444350,0.297762,-0.014451,0.314570,-0.113340,-2.334914
15.685000,0.872657,0.694011,-2.652415,-0.097479,0.371764,-3.032853,3.032853,3.000000,0.384332,0.000000,0.000000,-0.000050,0.000042,-0.000376,0.302626,-0.015106,0.444347,0.297762,-0.014451,0.314570,-0.113340,-2.332802
15.696000,0.871813,0.740287,-2.668907,-0.098323,0.418041,-3.049345,3.049345,3.000000,0.429448,0.000000,0.000000,0.000062,0.000841,-0.000345,0.302626,-0.015104,0.444347,0.297762,-0.014451,0.314570,-0.113340,-2.333063
15.707000,0.860214,0.702315,-2.648124,-0.109922,0.380069,-3.028562,3.028562,3.000000,0.395645,0.000000,0.000000,-0.000005,-0.000547,-0.000341,0.302626,-0.015107,0.444347,0.297762,-0.014451,0.314570,-0.113340,-2.333107
15.718000,0.845067,0.729268,-2.599623,-0.125069,0.407022,-2.980061,2.980061,3.000000,0.425804,0.000000,0.000000,-0.000064,0.000432,-0.000217,0.302626,-0.015105,0.444347,0.297762,-0.014451,0.314570,-0.113340,-2.334146
15.729000,0.883538,0.754927,-2.648142,-0.086598,0.432681,-3.028580,3.028580,3.000000,0.441262,0.000000,0.000000,0.000354,0.000564,-0.000098,0.302626,-0.015105,0.444347,0.297762,-0.014451,0.314570,-0.113340,-2.335158
15.740000,0.897120,0.771424,-2.660347,-0.073015,0.449178,-3.040785,3.040785,3.000000,0.455074,0.000000,0.000000,-0.000045,-0.000426,0.000176,0.302625,-0.015106,0.444348,0.297762,-0.014451,0.314570,-0.113340,-2.337503
15.751000,0.884050,0.734918,-2.623734,-0.086085,0.412672,-3.004171,3.004171,3.000000,0.421555,0.000000,0.000000,0.000370,0.000502,0.000078,0.302627,-0.015105,0.444346,0.297762,-0.014451,0.314570,-0.113340,-2.336641
15.762000,0.917087,0.720735,-2.637293,-0.053048,0.398489,-3.017731,3.017731,3.000000,0.402004,0.000000,0.000000,0.000180,-0.000046,0.000586,0.302626,-0.015106,0.444350,0.297762,-0.014451,0.314570,-0.113340,-2.341013
15.773000,0.866337,0.774942,-2.606429,-0.103798,0.452696,-2.986867,2.986867,3.000000,0.464443,0.000000,0.000000,-0.000146,-0.000477,0.000293,0.302625,-0.015106,0.444350,0.297762,-0.014451,0.314570,-0.113340,-2.338527
15.784000,0.861771,0.781434,-2.587924,-0.108365,0.459188,-2.968362,2.968362,3.000000,0.471801,0.000000,0.000000,0.000485,0.000229,0.000165,0.302627,-0.015106,0.444347,0.297762,-0.014451,0.314570,-0.113340,-2.337401
15.795000,0.907940,0.791151,-2.622544,-0.062196,0.468904,-3.002982,3.002982,3.000000,0.473011,0.000000,0.000000,-0.000171,0.000408,-0.000597,0.302625,-0.015106,0.444347,0.297762,-0.014451,0.314570,-0.113340,-2.330924
15.806000,0.905335,0.775873,-2.611304,-0.064801,0.453627,-2.991742,2.991742,3.000000,0.458232,0.000000,0.000000,0.000096,-0.000521,0.000449,0.302626,-0.015106,0.444349,0.297762,-0.014451,0.314570,-0.113340,-2.339827
15.817000,0.882642,0.789664,-2.612134,-0.087494,0.467418,-2.992572,2.992572,3.000000,0.475537,0.000000,0.000000,0.000262,0.000129,-0.000013,0.302626,-0.015105,0.444346,0.297762,-0.014451,0.314570,-0.113340,-2.335868
15.828000,0.893546,0.767254,-2.572454,-0.076590,0.445008,-2.952892,2.952892,3.000000,0.451551,0.000000,0.000000,-0.000200,0.000009,0.000247,0.302625,-0.015106,0.444347,0.297762,-0.014451,0.314570,-0.113340,-2.338092
15.839000,0.870264,0.752101,-2.616763,-0.099872,0.429854,-2.997200,2.997200,3.000000,0.441304,0.000000,0.000000,0.000295,0.000021,0.000160,0.302626,-0.015105,0.444346,0.297762,-0.014451,0.314570,-0.113340,-2.337341
15.850000,0.890362,0.720654,-2.583369,-0.079773,0.398407,-2.963807,2.963807,3.000000,0.406315,0.000000,0.000000,-0.000061,0.000137,0.000260,0.302626,-0.015105,0.444348,0.297762,-0.014451,0.314570,-0.113340,-2.338210
15.861000,0.900225,0.732275,-2.599878,-0.069911,0.410029,-2.980316,2.980316,3.000000,0.415946,0.000000,0.000000,0.000188,0.000239,0.000286,0.302626,-0.015106,0.444347,0.297762,-0.014451,0.314570,-0.113340,-2.338423
15.872000,0.901541,0.734206,-2.619574,-0.068594,0.411960,-3.000012,3.000012,3.000000,0.417632,0.000000,0.000000,0.000061,-0.000010,0.001174,0.302626,-0.015106,0.444351,0.297762,-0.014451,0.314570,-0.113340,-2.346027
15.883000,0.881421,0.758319,-2.584396,-0.088715,0.436073,-2.964833,2.964833,3.000000,0.445006,0.000000,0.000000,-0.000010,-0.000614,0.000096,0.302627,-0.015107,0.444350,0.297762,-0.014451,0.314570,-0.113340,-2.336856
15.894000,0.902520,0.778741,-2.664095,-0.067616,0.456495,-3.044533,3.044533,3.000000,0.461475,0.000000,0.000000,0.000005,0.000430,-0.000123,0.302626,-0.015105,0.444348,0.297762,-0.014451,0.314570,-0.113340,-2.334959
15.905000,0.846609,0.764934,-2.625328,-0.123526,0.442688,-3.005766,3.005766,3.000000,0.459599,0.000000,0.000000,-0.000185,-0.000292,-0.000182,0.302625,-0.015107,0.444347,0.297762,-0.014451,0.314570,-0.113340,-2.334445
15.916000,0.840444,0.764696,-2.615598,-0.129692,0.442450,-2.996035,2.996035,3.000000,0.461066,0.000000,0.000000,0.000144,-0.000587,-0.000283,0.302626,-0.015106,0.444346,0.297762,-0.014451,0.314570,-0.113340,-2.333583
15.927000,0.841071,0.768770,-2.586747,-0.129065,0.446524,-2.967185,2.967185,3.000000,0.464803,0.000000,0.000000,0.000150,0.000713,-0.000238,0.302626,-0.015104,0.444347,0.297762,-0.014451,0.314570,-0.113340,-2.333979
15.938000,0.854835,0.727159,-2.623561,-0.115300,0.404912,-3.003999,3.003999,3.000000,0.421009,0.000000,0.000000,0.000298,0.000739,0.000231,0.302626,-0.015104,0.444348,0.297762,-0.014451,0.314570,-0.113340,-2.337967
15.949000,0.837595,0.744128,-2.620994,-0.132541,0.421881,-3.001432,3.001432,3.000000,0.442211,0.000000,0.000000,-0.000022,0.000147,-0.000456,0.302625,-0.015106,0.444346,0.297762,-0.014451,0.314570,-0.113340,-2.332099
15.960000,0.879905,0.777227,-2.639992,-0.090231,0.454981,-3.020430,3.020430,3.000000,0.463842,0.000000,0.000000,-0.000112,0.000201,-0.000500,0.302626,-0.015105,0.444346,0.297762,-0.014451,0.314570,-0.113340,-2.331731
15.971000,0.838266,0.790718,-2.567943,-0.131870,0.468472,-2.948381,2.948381,3.000000,0.486678,0.000000,0.000000,0.000333,-0.000021,0.000615,0.302626,-0.015107,0.444349,0.297762,-0.014451,0.314570,-0.113340,-2.341255
15.982000,0.844989,0.780316,-2.568803,-0.125147,0.458070,-2.949241,2.949241,3.000000,0.474858,0.000000,0.000000,-0.000260,0.000057,-0.000520,0.302626,-0.015106,0.444348,0.297762,-0.014451,0.314570,-0.113340,-2.331592
15.993000,0.883125,0.767055,-2.602724,-0.087010,0.444809,-2.983162,2.983162,3.000000,0.453239,0.000000,0.000000,-0.000292,-0.000398,-0.000402,0.302625,-0.015107,0.444347,0.297762,-0.014451,0.314570,-0.113340,-2.332586
16.004000,0.868073,0.768313,-2.582221,-0.102063,0.446067,-2.962659,2.962659,3.000000,0.457595,0.000000,0.000000,0.000035,0.000275,-0.000630,0.302626,-0.015105,0.444345,0.297762,-0.014451,0.314570,-0.113340,-2.330607
16.014000,0.878345,0.763980,-2.609083,-0.091791,0.441734,-2.989521,2.989521,3.000000,0.451170,0.000000,0.000000,-0.000001,0.000385,-0.000391,0.302625,-0.015104,0.444346,0.297762,-0.014451,0.314570,-0.113340,-2.332663
16.024000,0.910357,0.805111,-2.629025,-0.059779,0.482865,-3.009463,3.009463,3.000000,0.486551,0.000000,0.000000,-0.000302,-0.000336,-0.000449,0.302626,-0.015107,0.444347,0.297762,-0.014451,0.314570,-0.113340,-2.332177
16.034000,0.892453,0.776596,-2.614384,-0.077683,0.454350,-2.994822,2.994822,3.000000,0.460943,0.000000,0.000000,0.000488,0.000203,0.000779,0.302627,-0.015106,0.444349,0.297762,-0.014451,0.314570,-0.113340,-2.342628
16.044000,0.853439,0.776494,-2.632684,-0.116697,0.454248,-3.013121,3.013121,3.000000,0.468998,0.000000,0.000000,0.000011,0.000513,-0.000563,0.302626,-0.015106,0.444346,0.297762,-0.014451,0.314570,-0.113340,-2.331200
16.054000,0.848052,0.772789,-2.621908,-0.122084,0.450543,-3.002346,3.002346,3.000000,0.466791,0.000000,0.000000,0.000390,0.000102,0.000584,0.302626,-0.015105,0.444348,0.297762,-0.014451,0.314570,-0.113340,-2.340959
16.064000,0.852324,0.763192,-2.637464,-0.117811,0.440946,-3.017902,3.017902,3.000000,0.456413,0.000000,0.000000,-0.000142,0.000148,0.000365,0.302625,-0.015106,0.444350,0.297762,-0.014451,0.314570,-0.113340,-2.339135
16.074000,0.870086,0.794310,-2.633511,-0.100049,0.472064,-3.013949,3.013949,3.000000,0.482550,0.000000,0.000000,-0.000293,0.000080,-0.000555,0.302626,-0.015106,0.444348,0.297762,-0.014451,0.314570,-0.113340,-2.331298
16.084000,0.884158,0.777576,-2.590834,-0.085978,0.455330,-2.971272,2.971272,3.000000,0.463376,0.000000,0.000000,0.000002,0.000051,-0.000322,0.302625,-0.015106,0.444347,0.297762,-0.014451,0.314570,-0.113340,-2.333251
16.094000,0.849746,0.800619,-2.610132,-0.120389,0.478373,-2.990570,2.990570,3.000000,0.493289,0.000000,0.000000,-0.000285,0.000407,0.000175,0.302625,-0.015105,0.444348,0.297762,-0.014451,0.314570,-0.113340,-2.337484
16.104000,0.851348,0.793302,-2.649872,-0.118788,0.471056,-3.030310,3.030310,3.000000,0.485803,0.000000,0.000000,0.000208,0.000053,0.000741,0.302627,-0.015105,0.444350,0.297762,-0.014451,0.314570,-0.113340,-2.342330
16.114000,0.866158,0.773829,-2.602265,-0.103978,0.451583,-2.982703,2.982703,3.000000,0.463399,0.000000,0.000000,-0.000002,0.000273,-0.000716,0.302626,-0.015106,0.444348,0.297762,-0.014451,0.314570,-0.113340,-2.329927
16.124000,0.862550,0.758557,-2.584637,-0.107586,0.436311,-2.965075,2.965075,3.000000,0.449380,0.000000,0.000000,-0.000162,0.000210,-0.000136,0.302626,-0.015106,0.444348,0.297762,-0.014451,0.314570,-0.113340,-2.334859
16.134000,0.848880,0.746242,-2.609675,-0.121256,0.423996,-2.990113,2.990113,3.000000,0.440994,0.000000,0.000000,0.000401,0.000236,0.000102,0.302626,-0.015105,0.444347,0.297762,-0.014451,0.314570,-0.113340,-2.336862
16.144000,0.867516,0.770601,-2.633127,-0.102620,0.448355,-3.013565,3.013565,3.000000,0.459949,0.000000,0.000000,-0.000285,0.000030,-0.000616,0.302625,-0.015106,0.444348,0.297762,-0.014451,0.314570,-0.113340,-2.330779
16.154000,0.871753,0.774471,-2.608610,-0.098383,0.452225,-2.989048,2.989048,3.000000,0.462803,0.000000,0.000000,0.000028,-0.000599,0.000232,0.302626,-0.015108,0.444349,0.297762,-0.014451,0.314570,-0.113340,-2.337991
16.164000,0.906617,0.762624,-2.630701,-0.063519,0.440378,-3.011139,3.011139,3.000000,0.444935,0.000000,0.000000,-0.000331,-0.000001,-0.000609,0.302625,-0.015107,0.444347,0.297762,-0.014451,0.314570,-0.113340,-2.330827
16.174000,0.904240,0.760636,-2.615791,-0.065896,0.438390,-2.996229,2.996229,3.000000,0.443315,0.000000,0.000000,0.000312,0.000010,0.000533,0.302626,-0.015106,0.444348,0.297762,-0.014451,0.314570,-0.113340,-2.340534
16.184000,0.908873,0.740138,-2.655901,-0.061263,0.417892,-3.036338,3.036338,3.000000,0.422359,0.000000,0.000000,0.000290,-0.000014,-0.000093,0.302626,-0.015106,0.444347,0.297762,-0.014451,0.314570,-0.113340,-2.335199
16.194000,0.902047,0.748735,-2.595089,-0.068088,0.426489,-2.975527,2.975527,3.000000,0.431889,0.000000,0.000000,-0.000122,0.000579,-0.001164,0.302626,-0.015104,0.444344,0.297762,-0.014451,0.314570,-0.113340,-2.326071
16.204000,0.920818,0.737853,-2.572073,-0.049317,0.415607,-2.952511,2.952511,3.000000,0.418523,0.000000,0.000000,-0.000359,0.000226,-0.001238,0.302625,-0.015106,0.444344,0.297762,-0.014451,0.314570,-0.113340,-2.325436
16.214000,0.912384,0.732571,-2.578130,-0.057752,0.410325,-2.958568,2.958568,3.000000,0.414369,0.000000,0.000000,-0.000283,0.000452,-0.000328,0.302624,-0.015106,0.444347,0.297762,-0.014451,0.314570,-0.113340,-2.333203
16.224000,0.888174,0.754139,-2.634381,-0.081961,0.431893,-3.014819,3.014819,3.000000,0.439601,0.000000,0.000000,0.000123,-0.000079,0.000793,0.302626,-0.015107,0.444347,0.297762,-0.014451,0.314570,-0.113340,-2.342720
16.234000,0.868862,0.768713,-2.615182,-0.101274,0.446467,-2.995620,2.995620,3.000000,0.457809,0.000000,0.000000,-0.000153,0.000213,0.000264,0.302625,-0.015106,0.444347,0.297762,-0.014451,0.314570,-0.113340,-2.338231
16.244000,0.880858,0.759061,-2.594763,-0.089278,0.436815,-2.975201,2.975201,3.000000,0.445845,0.000000,0.000000,-0.000527,-0.000502,-0.000405,0.302625,-0.015107,0.444346,0.297762,-0.014451,0.314570,-0.113340,-2.332544
16.254000,0.912947,0.789554,-2.608255,-0.057189,0.467308,-2.988693,2.988693,3.000000,0.470794,0.000000,0.000000,-0.000098,-0.000215,-0.000542,0.302625,-0.015107,0.444348,0.297762,-0.014451,0.314570,-0.113340,-2.331412
16.264000,0.891394,0.812912,-2.567348,-0.078742,0.490666,-2.947786,2.947786,3.000000,0.496944,0.000000,0.000000,0.000334,-0.000202,-0.000015,0.302627,-0.015107,0.444348,0.297762,-0.014451,0.314570,-0.113340,-2.335872
16.274000,0.903933,0.788042,-2.623987,-0.066203,0.465796,-3.004425,3.004425,3.000000,0.470477,0.000000,0.000000,-0.000210,-0.000663,0.000053,0.302625,-0.015107,0.444348,0.297762,-0.014451,0.314570,-0.113340,-2.336464
16.284000,0.895016,0.757174,-2.612766,-0.075119,0.434928,-2.993204,2.993204,3.000000,0.441367,0.000000,0.000000,0.000087,0.000306,0.000151,0.302626,-0.015106,0.444347,0.297762,-0.014451,0.314570,-0.113340,-2.337277
16.294000,0.892724,0.787270,-2.581350,-0.077411,0.465024,-2.961788,2.961788,3.000000,0.471423,0.000000,0.000000,0.000122,0.000617,0.000771,0.302625,-0.015105,0.444349,0.297762,-0.014451,0.314570,-0.113340,-2.342560
16.304000,0.902735,0.775121,-2.601442,-0.067401,0.452875,-2.981880,2.981880,3.000000,0.457863,0.000000,0.000000,0.000269,0.000077,0.000696,0.302626,-0.015106,0.444348,0.297762,-0.014451,0.314570,-0.113340,-2.341909
16.314000,0.873462,0.768107,-2.566706,-0.096674,0.445861,-2.947144,2.947144,3.000000,0.456222,0.000000,0.000000,0.000421,-0.000515,-0.000318,0.302627,-0.015107,0.444348,0.297762,-0.014451,0.314570,-0.113340,-2.333300
16.324000,0.841778,0.770781,-2.561597,-0.128358,0.448535,-2.942034,2.942034,3.000000,0.466539,0.000000,0.000000,0.000139,0.000321,0.000209,0.302626,-0.015106,0.444347,0.297762,-0.014451,0.314570,-0.113340,-2.337767
16.334000,0.897067,0.747396,-2.564580,-0.073069,0.425150,-2.945018,2.945018,3.000000,0.431384,0.000000,0.000000,-0.000284,0.000617,-0.000742,0.302625,-0.015104,0.444345,0.297762,-0.014451,0.314570,-0.113340,-2.329661
16.344000,0.915668,0.781354,-2.595218,-0.054468,0.459108,-2.975656,2.975656,3.000000,0.462327,0.000000,0.000000,0.000016,0.000260,0.000912,0.302626,-0.015106,0.444350,0.297762,-0.014451,0.314570,-0.113340,-2.343786
16.354000,0.959802,0.798868,-2.621179,-0.010334,0.476621,-3.001617,3.001617,3.000000,0.476733,0.000000,0.000000,-0.000260,-0.000063,-0.000335,0.302625,-0.015106,0.444348,0.297762,-0.014451,0.314570,-0.113340,-2.333164
16.364000,0.848423,0.772809,-2.554991,-0.121713,0.450563,-2.935429,2.935429,3.000000,0.466713,0.000000,0.000000,0.000012,0.000376,-0.000490,0.302625,-0.015106,0.444347,0.297762,-0.014451,0.314570,-0.113340,-2.331838
16.374000,0.923086,0.786218,-2.581107,-0.047049,0.463972,-2.961545,2.961545,3.000000,0.466352,0.000000,0.000000,0.000024,-0.000435,-0.000227,0.302626,-0.015108,0.444347,0.297762,-0.014451,0.314570,-0.113340,-2.334070
16.384000,0.899361,0.778766,-2.567713,-0.070775,0.456520,-2.948151,2.948151,3.000000,0.461974,0.000000,0.000000,-0.000398,0.000525,-0.000746,0.302625,-0.015106,0.444347,0.297762,-0.014451,0.314570,-0.113340,-2.329652
16.394000,0.913868,0.757883,-2.613959,-0.056268,0.435637,-2.994397,2.994397,3.000000,0.439256,0.000000,0.000000,0.000442,0.000507,0.000666,0.302627,-0.015106,0.444349,0.297762,-0.014451,0.314570,-0.113340,-2.341686
16.404000,0.886724,0.771919,-2.580860,-0.083412,0.449673,-2.961297,2.961297,3.000000,0.457344,0.000000,0.000000,0.000142,0.000166,0.000363,0.302626,-0.015106,0.444347,0.297762,-0.014451,0.314570,-0.113340,-2.339066
16.414000,0.916600,0.778387,-2.593551,-0.053536,0.456141,-2.973989,2.973989,3.000000,0.459272,0.000000,0.000000,0.000195,0.000476,-0.000608,0.302626,-0.015105,0.444345,0.297762,-0.014451,0.314570,-0.113340,-2.330804
16.424000,0.884525,0.793155,-2.580214,-0.085611,0.470909,-2.960652,2.960652,3.000000,0.478628,0.000000,0.000000,0.000020,-0.000799,0.000199,0.302626,-0.015108,0.444347,0.297762,-0.014451,0.314570,-0.113340,-2.337680
16.434000,0.877383,0.792008,-2.554112,-0.092752,0.469762,-2.934550,2.934550,3.000000,0.478831,0.000000,0.000000,-0.000207,0.000028,-0.000107,0.302625,-0.015108,0.444348,0.297762,-0.014451,0.314570,-0.113340,-2.335095
16.444000,0.879018,0.782773,-2.576370,-0.091118,0.460527,-2.956808,2.956808,3.000000,0.469454,0.000000,0.000000,-0.000145,-0.000328,0.000178,0.302625,-0.015108,0.444345,0.297762,-0.014451,0.314570,-0.113340,-2.337459
16.454000,0.882457,0.840728,-2.601496,-0.087679,0.518482,-2.981934,2.981934,3.000000,0.525844,0.000000,0.000000,-0.000022,-0.000381,-0.000158,0.302625,-0.015107,0.444346,0.297762,-0.014451,0.314570,-0.113340,-2.334624
16.464000,0.865361,0.852604,-2.604995,-0.104774,0.530357,-2.985432,2.985432,3.000000,0.540608,0.000000,0.000000,-0.000041,-0.000597,0.000146,0.302625,-0.015107,0.444348,0.297762,-0.014451,0.314570,-0.113340,-2.337239
16.474000,0.869308,0.826844,-2.569497,-0.100828,0.504598,-2.949935,2.949935,3.000000,0.514573,0.000000,0.000000,-0.000020,0.000363,-0.000013,0.302626,-0.015106,0.444348,0.297762,-0.014451,0.314570,-0.113340,-2.335899
16.484000,0.907000,0.802231,-2.583143,-0.063135,0.479985,-2.963581,2.963581,3.000000,0.484120,0.000000,0.000000,-0.000044,-0.000177,-0.001479,0.302626,-0.015107,0.444344,0.297762,-0.014451,0.314570,-0.113340,-2.323399
16.494000,0.889352,0.769496,-2.567890,-0.080784,0.447250,-2.948328,2.948328,3.000000,0.454487,0.000000,0.000000,-0.000344,0.000252,-0.000639,0.302625,-0.015107,0.444346,0.297762,-0.014451,0.314570,-0.113340,-2.330550
16.504000,0.904474,0.785716,-2.609099,-0.065662,0.463470,-2.989537,2.989537,3.000000,0.468098,0.000000,0.000000,0.000579,0.000277,0.000763,0.302626,-0.015105,0.444349,0.297762,-0.014451,0.314570,-0.113340,-2.342501
16.514000,0.913761,0.796028,-2.624298,-0.056375,0.473782,-3.004735,3.004735,3.000000,0.477124,0.000000,0.000000,0.000121,0.000423,-0.000456,0.302626,-0.015104,0.444347,0.297762,-0.014451,0.314570,-0.113340,-2.332119
16.524000,0.880156,0.812110,-2.593840,-0.089980,0.489864,-2.974278,2.974278,3.000000,0.498059,0.000000,0.000000,-0.000169,-0.000789,0.000565,0.302625,-0.015107,0.444349,0.297762,-0.014451,0.314570,-0.113340,-2.340827
16.534000,0.962885,0.796207,-2.605697,-0.007251,0.473961,-2.986134,2.986134,3.000000,0.474016,0.000000,0.000000,0.000013,-0.000677,0.000903,0.302626,-0.015107,0.444350,0.297762,-0.014451,0.314570,-0.113340,-2.343699
16.544000,0.933689,0.782177,-2.598695,-0.036447,0.459931,-2.979133,2.979133,3.000000,0.461372,0.000000,0.000000,0.000342,-0.000145,0.001376,0.302626,-0.015106,0.444351,0.297762,-0.014451,0.314570,-0.113340,-2.347731
16.554000,0.879909,0.788561,-2.572074,-0.090227,0.466315,-2.952511,2.952511,3.000000,0.474964,0.000000,0.000000,-0.000293,0.000350,-0.000247,0.302625,-0.015105,0.444347,0.297762,-0.014451,0.314570,-0.113340,-2.333887
16.564000,0.929661,0.774918,-2.589910,-0.040475,0.452672,-2.970348,2.970348,3.000000,0.454478,0.000000,0.000000,0.000225,0.000165,-0.000165,0.302626,-0.015106,0.444348,0.297762,-0.014451,0.314570,-0.113340,-2.334600
16.574000,0.861060,0.749412,-2.580208,-0.109076,0.427166,-2.960646,2.960646,3.000000,0.440872,0.000000,0.000000,0.000077,-0.000767,0.001038,0.302626,-0.015108,0.444349,0.297762,-0.014451,0.314570,-0.113340,-2.344836
16.584000,0.872051,0.799697,-2.607094,-0.098085,0.477451,-2.987532,2.987532,3.000000,0.487422,0.000000,0.000000,0.000239,-0.000195,0.000476,0.302626,-0.015107,0.444347,0.297762,-0.014451,0.314570,-0.113340,-2.340038
16.594000,0.839929,0.811365,-2.593220,-0.130207,0.489119,-2.973658,2.973658,3.000000,0.506153,0.000000,0.000000,-0.000129,-0.000455,-0.000171,0.302625,-0.015108,0.444347,0.297762,-0.014451,0.314570,-0.113340,-2.334533
16.604000,0.882437,0.812005,-2.563013,-0.087698,0.489759,-2.943451,2.943451,3.000000,0.497549,0.000000,0.000000,-0.000168,-0.000637,-0.000200,0.302626,-0.015108,0.444347,0.297762,-0.014451,0.314570,-0.113340,-2.334291
16.614000,0.903965,0.820356,-2.636415,-0.066171,0.498110,-3.016853,3.016853,3.000000,0.502486,0.000000,0.000000,0.000093,-0.000361,0.000035,0.302626,-0.015107,0.444347,0.297762,-0.014451,0.314570,-0.113340,-2.336282
16.624000,0.848727,0.779933,-2.611041,-0.121409,0.457687,-2.991479,2.991479,3.000000,0.473516,0.000000,0.000000,0.000115,-0.000616,0.000559,0.302626,-0.015108,0.444349,0.297762,-0.014451,0.314570,-0.113340,-2.340767
16.634000,0.910586,0.814740,-2.602536,-0.059549,0.492494,-2.982974,2.982974,3.000000,0.496081,0.000000,0.000000,0.000385,-0.000516,0.000073,0.302625,-0.015107,0.444345,0.297762,-0.014451,0.314570,-0.113340,-2.336581
16.644000,0.919634,0.807170,-2.592597,-0.050501,0.484924,-2.973035,2.973035,3.000000,0.487547,0.000000,0.000000,-0.000167,0.000279,-0.000617,0.302625,-0.015106,0.444346,0.297762,-0.014451,0.314570,-0.113340,-2.330740
16.654000,0.894406,0.778335,-2.554952,-0.075730,0.456089,-2.935390,2.935390,3.000000,0.462333,0.000000,0.000000,-0.000251,0.000969,-0.000096,0.302626,-0.015105,0.444348,0.297762,-0.014451,0.314570,-0.113340,-2.335191
16.664000,0.911171,0.789552,-2.602490,-0.058965,0.467306,-2.982928,2.982928,3.000000,0.471011,0.000000,0.000000,0.000194,0.000783,-0.000916,0.302626,-0.015104,0.444345,0.297762,-0.014451,0.314570,-0.113340,-2.328177
16.674000,0.880228,0.829755,-2.615234,-0.089907,0.507508,-2.995672,2.995672,3.000000,0.515411,0.000000,0.000000,0.000367,-0.000504,0.000651,0.302626,-0.015108,0.444346,0.297762,-0.014451,0.314570,-0.113340,-2.341501
16.684000,0.877824,0.846773,-2.601781,-0.092312,0.524527,-2.982219,2.982219,3.000000,0.532588,0.000000,0.000000,-0.000201,-0.000184,0.000156,0.302625,-0.015105,0.444349,0.297762,-0.014451,0.314570,-0.113340,-2.337351
16.694000,0.842979,0.807919,-2.561345,-0.127157,0.485673,-2.941783,2.941783,3.000000,0.502043,0.000000,0.000000,-0.000260,-0.000034,-0.000881,0.302625,-0.015106,0.444345,0.297762,-0.014451,0.314570,-0.113340,-2.328485
16.704000,0.828679,0.820395,-2.542776,-0.141457,0.498148,-2.923214,2.923214,3.000000,0.517844,0.000000,0.000000,-0.000319,-0.000566,-0.000964,0.302625,-0.015108,0.444345,0.297762,-0.014451,0.314570,-0.113340,-2.327776
16.714000,0.874720,0.779543,-2.557945,-0.095415,0.457297,-2.938382,2.938382,3.000000,0.467145,0.000000,0.000000,-0.000277,0.000064,-0.000474,0.302625,-0.015107,0.444347,0.297762,-0.014451,0.314570,-0.113340,-2.331972
16.724000,0.873993,0.763040,-2.539615,-0.096143,0.440794,-2.920053,2.920053,3.000000,0.451157,0.000000,0.000000,0.000143,0.000433,0.000353,0.302626,-0.015106,0.444349,0.297762,-0.014451,0.314570,-0.113340,-2.339019
16.734000,0.950240,0.794879,-2.603620,-0.019896,0.472633,-2.984058,2.984058,3.000000,0.473051,0.000000,0.000000,-0.000271,-0.000055,0.000369,0.302625,-0.015106,0.444349,0.297762,-0.014451,0.314570,-0.113340,-2.339150
16.744000,0.906911,0.800475,-2.630131,-0.063224,0.478229,-3.010569,3.010569,3.000000,0.482390,0.000000,0.000000,0.000315,0.000494,-0.000020,0.302627,-0.015106,0.444348,0.297762,-0.014451,0.314570,-0.113340,-2.335838
16.754000,0.910048,0.804132,-2.649853,-0.060087,0.481886,-3.030291,3.030291,3.000000,0.485618,0.000000,0.000000,0.000028,0.000629,0.000871,0.302626,-0.015105,0.444350,0.297762,-0.014451,0.314570,-0.113340,-2.343430
16.764000,0.868512,0.800508,-2.621779,-0.101623,0.478262,-3.002217,3.002217,3.000000,0.488939,0.000000,0.000000,0.000092,-0.000372,-0.000043,0.302626,-0.015107,0.444349,0.297762,-0.014451,0.314570,-0.113340,-2.335654
16.774000,0.865861,0.797936,-2.588548,-0.104274,0.475690,-2.968986,2.968986,3.000000,0.486985,0.000000,0.000000,-0.000219,0.000459,-0.000523,0.302625,-0.015106,0.444347,0.297762,-0.014451,0.314570,-0.113340,-2.331550
16.784000,0.907708,0.769368,-2.643148,-0.062427,0.447121,-3.023585,3.023585,3.000000,0.451459,0.000000,0.000000,0.000134,-0.000086,-0.000412,0.302626,-0.015106,0.444347,0.297762,-0.014451,0.314570,-0.113340,-2.332490
16.794000,0.880033,0.744107,-2.610341,-0.090103,0.421861,-2.990779,2.990779,3.000000,0.431376,0.000000,0.000000,0.000087,0.001124,-0.000728,0.302625,-0.015105,0.444345,0.297762,-0.014451,0.314570,-0.113340,-2.329779
16.804000,0.845565,0.773952,-2.597027,-0.124571,0.451706,-2.977465,2.977465,3.000000,0.468568,0.000000,0.000000,-0.000027,0.000203,-0.000537,0.302625,-0.015107,0.444345,0.297762,-0.014451,0.314570,-0.113340,-2.331400
16.814000,0.883184,0.810970,-2.605827,-0.086952,0.488724,-2.986265,2.986265,3.000000,0.496398,0.000000,0.000000,0.000004,0.000388,0.000224,0.302626,-0.015105,0.444347,0.297762,-0.014451,0.314570,-0.113340,-2.337901
16.824000,0.887406,0.833448,-2.607971,-0.082730,0.511202,-2.988409,2.988409,3.000000,0.517853,0.000000,0.000000,-0.000111,-0.000261,-0.000293,0.302625,-0.015107,0.444345,0.297762,-0.014451,0.314570,-0.113340,-2.333466
16.834000,0.896665,0.800547,-2.600809,-0.073471,0.478301,-2.981247,2.981247,3.000000,0.483911,0.000000,0.000000,-0.000031,0.000248,-0.000406,0.302626,-0.015105,0.444347,0.297762,-0.014451,0.314570,-0.113340,-2.332541
16.844000,0.871372,0.772910,-2.604076,-0.098763,0.450664,-2.984514,2.984514,3.000000,0.461359,0.000000,0.000000,0.000026,-0.000196,-0.000121,0.302626,-0.015108,0.444347,0.297762,-0.014451,0.314570,-0.113340,-2.334977
16.854000,0.867287,0.783085,-2.541163,-0.102849,0.460838,-2.921601,2.921601,3.000000,0.472176,0.000000,0.000000,0.000321,0.000167,0.000267,0.302626,-0.015106,0.444348,0.297762,-0.014451,0.314570,-0.113340,-2.338285
16.864000,0.882939,0.783930,-2.623613,-0.087197,0.461684,-3.004051,3.004051,3.000000,0.469846,0.000000,0.000000,-0.000073,-0.000234,-0.000386,0.302626,-0.015107,0.444347,0.297762,-0.014451,0.314570,-0.113340,-2.332713
16.874000,0.952790,0.805305,-2.620474,-0.017346,0.483058,-3.000912,3.000912,3.000000,0.483370,0.000000,0.000000,0.000102,0.000434,0.000274,0.302626,-0.015106,0.444349,0.297762,-0.014451,0.314570,-0.113340,-2.338344
16.884000,0.877267,0.776282,-2.582491,-0.092869,0.454036,-2.962929,2.962929,3.000000,0.463436,0.000000,0.000000,-0.000019,0.000479,-0.000527,0.302625,-0.015104,0.444348,0.297762,-0.014451,0.314570,-0.113340,-2.331532
16.894000,0.852988,0.783524,-2.551323,-0.117148,0.461278,-2.931761,2.931761,3.000000,0.475921,0.000000,0.000000,-0.000243,0.000131,-0.000130,0.302625,-0.015106,0.444348,0.297762,-0.014451,0.314570,-0.113340,-2.334897
16.904000,0.919797,0.798642,-2.579230,-0.050339,0.476396,-2.959668,2.959668,3.000000,0.479048,0.000000,0.000000,-0.000020,0.000115,0.000590,0.302626,-0.015106,0.444349,0.297762,-0.014451,0.314570,-0.113340,-2.341036
16.914000,0.929393,0.780722,-2.600600,-0.040742,0.458476,-2.981037,2.981037,3.000000,0.460283,0.000000,0.000000,0.000122,0.000366,-0.000018,0.302626,-0.015106,0.444347,0.297762,-0.014451,0.314570,-0.113340,-2.335834
16.924000,0.907338,0.781809,-2.581071,-0.062798,0.459562,-2.961509,2.961509,3.000000,0.463833,0.000000,0.000000,-0.000053,0.000647,-0.000603,0.302626,-0.015106,0.444348,0.297762,-0.014451,0.314570,-0.113340,-2.330883
16.934000,0.878941,0.790549,-2.600373,-0.091195,0.468303,-2.980811,2.980811,3.000000,0.477100,0.000000,0.000000,-0.000030,-0.000421,0.000430,0.302626,-0.015107,0.444348,0.297762,-0.014451,0.314570,-0.113340,-2.339656
16.944000,0.893838,0.810394,-2.628347,-0.076298,0.488148,-3.008785,3.008785,3.000000,0.494075,0.000000,0.000000,0.000100,0.000347,0.000690,0.302625,-0.015106,0.444349,0.297762,-0.014451,0.314570,-0.113340,-2.341878
16.954000,0.875973,0.783827,-2.615499,-0.094162,0.461581,-2.995937,2.995937,3.000000,0.471087,0.000000,0.000000,-0.000009,0.000068,0.000388,0.302626,-0.015106,0.444347,0.297762,-0.014451,0.314570,-0.113340,-2.339280
16.964000,0.922334,0.756077,-2.631111,-0.047802,0.433831,-3.011549,3.011549,3.000000,0.436457,0.000000,0.000000,-0.000066,-0.000033,0.000150,0.302625,-0.015107,0.444348,0.297762,-0.014451,0.314570,-0.113340,-2.337286
16.974000,0.869683,0.766478,-2.577711,-0.100453,0.444232,-2.958149,2.958149,3.000000,0.455448,0.000000,0.000000,-0.000157,-0.000109,-0.000273,0.302625,-0.015107,0.444346,0.297762,-0.014451,0.314570,-0.113340,-2.333651
16.984000,0.942049,0.800615,-2.609722,-0.028086,0.478369,-2.990160,2.990160,3.000000,0.479193,0.000000,0.000000,-0.000127,0.000260,0.000516,0.302626,-0.015105,0.444348,0.297762,-0.014451,0.314570,-0.113340,-2.340393
16.994000,0.891543,0.788828,-2.618546,-0.078592,0.466582,-2.998984,2.998984,3.000000,0.473155,0.000000,0.000000,-0.000060,-0.000080,-0.000259,0.302626,-0.015107,0.444347,0.297762,-0.014451,0.314570,-0.113340,-2.333794
17.004000,0.860830,0.789863,-2.578562,-0.109306,0.467616,-2.959000,2.959000,3.000000,0.480222,0.000000,0.000000,-0.000187,-0.000410,0.000600,0.302626,-0.015106,0.444349,0.297762,-0.014451,0.314570,-0.113340,-2.341116
17.014000,0.845063,0.763928,-2.619991,-0.125072,0.441682,-3.000428,3.000428,3.000000,0.459049,0.000000,0.000000,0.000217,0.001206,0.000571,0.302625,-0.015105,0.444346,0.297762,-0.014451,0.314570,-0.113340,-2.340813
17.024000,0.897784,0.794615,-2.581292,-0.072352,0.472369,-2.961730,2.961730,3.000000,0.477878,0.000000,0.000000,-0.000083,0.000152,0.000000,0.302625,-0.015106,0.444347,0.297762,-0.014451,0.314570,-0.113340,-2.335994
17.034000,0.922540,0.778534,-2.537297,-0.047596,0.456288,-2.917735,2.917735,3.000000,0.458764,0.000000,0.000000,0.000057,-0.000145,-0.000220,0.302626,-0.015106,0.444346,0.297762,-0.014451,0.314570,-0.113340,-2.334112
17.044000,0.957624,0.823094,-2.560040,-0.012512,0.500848,-2.940478,2.940478,3.000000,0.501005,0.000000,0.000000,0.000073,-0.000269,-0.000237,0.302625,-0.015108,0.444346,0.297762,-0.014451,0.314570,-0.113340,-2.333962
17.054000,0.888800,0.790447,-2.536211,-0.081336,0.468201,-2.916649,2.916649,3.000000,0.475214,0.000000,0.000000,-0.000299,-0.000305,-0.000686,0.302624,-0.015108,0.444343,0.297762,-0.014451,0.314570,-0.113340,-2.330106
17.064000,0.948597,0.794709,-2.494674,-0.021538,0.472463,-2.875112,2.875112,3.000000,0.472953,0.000000,0.000000,0.000012,-0.000149,0.000190,0.302623,-0.015108,0.444341,0.297762,-0.014451,0.314570,-0.113340,-2.337489
17.074000,1.001750,0.801562,-2.461408,0.031614,0.479316,-2.841846,2.841846,3.000000,0.480357,0.000000,0.000000,-0.000007,-0.000083,0.000284,0.302624,-0.015107,0.444341,0.297762,-0.014451,0.314570,-0.113340,-2.338291
17.084000,1.030017,0.798958,-2.442818,0.059881,0.476711,-2.823256,2.823256,3.000000,0.480458,0.000000,0.000000,0.000372,0.000682,0.000610,0.302625,-0.015106,0.444344,0.297762,-0.014451,0.314570,-0.113340,-2.341115
17.094000,0.976840,0.776710,-2.409586,0.006704,0.454464,-2.790024,2.790024,3.000000,0.454513,0.000000,0.000000,0.000154,0.000261,0.000217,0.302625,-0.015107,0.444342,0.297762,-0.014451,0.314570,-0.113340,-2.337743
17.104000,0.939615,0.810710,-2.325325,-0.030520,0.488464,-2.705762,2.705762,3.000000,0.489417,0.000000,0.000000,0.000002,0.000028,-0.000918,0.302624,-0.015106,0.444337,0.297762,-0.014451,0.314570,-0.113340,-2.328024
17.114000,0.975539,0.819886,-2.277559,0.005403,0.497640,-2.657997,2.657997,3.000000,0.497669,0.000000,0.000000,-0.000128,-0.000694,0.000153,0.302623,-0.015108,0.444339,0.297762,-0.014451,0.314570,-0.113340,-2.337147
17.124000,1.020275,0.811891,-2.276645,0.050140,0.489645,-2.657082,2.657082,3.000000,0.492206,0.000000,0.000000,0.000211,-0.000353,0.000734,0.302624,-0.015107,0.444342,0.297762,-0.014451,0.314570,-0.113340,-2.342126
17.134000,1.008646,0.806237,-2.316026,0.038510,0.483991,-2.696464,2.696464,3.000000,0.485521,0.000000,0.000000,0.000014,-0.000098,0.000630,0.302625,-0.015107,0.444345,0.297762,-0.014451,0.314570,-0.113340,-2.341305
17.144000,1.025414,0.803712,-2.310851,0.055278,0.481466,-2.691288,2.691288,3.000000,0.484628,0.000000,0.000000,-0.000057,-0.000325,0.000273,0.302625,-0.015107,0.444343,0.297762,-0.014451,0.314570,-0.113340,-2.338239
17.154000,1.009775,0.803096,-2.311521,0.039639,0.480850,-2.691959,2.691959,3.000000,0.482481,0.000000,0.000000,0.000044,0.000163,-0.001292,0.302625,-0.015105,0.444338,0.297762,-0.014451,0.314570,-0.113340,-2.324878
17.164000,0.986635,0.768719,-2.297474,0.016499,0.446473,-2.677912,2.677912,3.000000,0.446777,0.000000,0.000000,0.000122,-0.000205,0.000162,0.302624,-0.015107,0.444341,0.297762,-0.014451,0.314570,-0.113340,-2.337262
17.174000,0.997008,0.769144,-2.301841,0.026873,0.446898,-2.682279,2.682279,3.000000,0.447705,0.000000,0.000000,-0.000199,-0.000074,-0.000308,0.302624,-0.015107,0.444342,0.297762,-0.014451,0.314570,-0.113340,-2.333298
17.184000,0.996633,0.792158,-2.305144,0.026497,0.469912,-2.685582,2.685582,3.000000,0.470659,0.000000,0.000000,0.000186,-0.000727,-0.000274,0.302625,-0.015107,0.444343,0.297762,-0.014451,0.314570,-0.113340,-2.333584
17.194000,0.946862,0.792795,-2.313714,-0.023274,0.470548,-2.694152,2.694152,3.000000,0.471124,0.000000,0.000000,0.000058,-0.000409,-0.000059,0.302624,-0.015106,0.444340,0.297762,-0.014451,0.314570,-0.113340,-2.335369
17.204000,0.964496,0.782661,-2.298009,-0.005640,0.460415,-2.678447,2.678447,3.000000,0.460450,0.000000,0.000000,0.000042,0.000207,-0.000190,0.302624,-0.015107,0.444338,0.297762,-0.014451,0.314570,-0.113340,-2.334227
17.214000,1.003543,0.764001,-2.306321,0.033407,0.441754,-2.686759,2.686759,3.000000,0.443016,0.000000,0.000000,0.000295,-0.000120,0.000717,0.302625,-0.015106,0.444342,0.297762,-0.014451,0.314570,-0.113340,-2.341985
17.224000,0.981614,0.779441,-2.310937,0.011479,0.457195,-2.691375,2.691375,3.000000,0.457339,0.000000,0.000000,0.000170,0.000048,0.000378,0.302625,-0.015107,0.444344,0.297762,-0.014451,0.314570,-0.113340,-2.339138
17.234000,0.929204,0.782321,-2.260332,-0.040931,0.460075,-2.640770,2.640770,3.000000,0.461892,0.000000,0.000000,-0.000357,0.000023,-0.001181,0.302623,-0.015106,0.444338,0.297762,-0.014451,0.314570,-0.113340,-2.325809
17.244000,0.911445,0.764279,-2.259574,-0.058691,0.442032,-2.640011,2.640011,3.000000,0.445912,0.000000,0.000000,0.000239,-0.000204,-0.000228,0.302625,-0.015107,0.444342,0.297762,-0.014451,0.314570,-0.113340,-2.333959
17.254000,0.938801,0.778779,-2.254746,-0.031335,0.456533,-2.635184,2.635184,3.000000,0.457607,0.000000,0.000000,-0.000127,0.000013,-0.000402,0.302623,-0.015106,0.444338,0.297762,-0.014451,0.314570,-0.113340,-2.332426
17.264000,1.006221,0.786718,-2.258972,0.036085,0.464472,-2.639410,2.639410,3.000000,0.465871,0.000000,0.000000,-0.000430,-0.000123,-0.000129,0.302624,-0.015107,0.444341,0.297762,-0.014451,0.314570,-0.113340,-2.334786
17.274000,1.011928,0.750339,-2.234292,0.041792,0.428093,-2.614730,2.614730,3.000000,0.430128,0.000000,0.000000,-0.000030,-0.000059,-0.000044,0.302624,-0.015106,0.444341,0.297762,-0.014451,0.314570,-0.113340,-2.335516
17.284000,1.003348,0.769686,-2.296133,0.033213,0.447440,-2.676571,2.676571,3.000000,0.448671,0.000000,0.000000,-0.000064,0.000190,-0.000307,0.302625,-0.015106,0.444343,0.297762,-0.014451,0.314570,-0.113340,-2.333321
17.294000,0.971558,0.739870,-2.283099,0.001422,0.417624,-2.663537,2.663537,3.000000,0.417626,0.000000,0.000000,-0.000001,0.000622,-0.000148,0.302624,-0.015105,0.444342,0.297762,-0.014451,0.314570,-0.113340,-2.334643
17.304000,0.988763,0.763026,-2.264696,0.018627,0.440780,-2.645134,2.645134,3.000000,0.441174,0.000000,0.000000,-0.000169,0.000264,-0.000326,0.302623,-0.015104,0.444334,0.297762,-0.014451,0.314570,-0.113340,-2.333000
17.314000,1.033175,0.768743,-2.255748,0.063039,0.446497,-2.636186,2.636186,3.000000,0.450925,0.000000,0.000000,-0.000244,-0.000032,0.000434,0.302623,-0.015106,0.444339,0.297762,-0.014451,0.314570,-0.113340,-2.339534
