time,raw_fx,raw_fy,raw_fz,corrected_fx,corrected_fy,corrected_fz,contact_force,target_force,force_xy_norm,v_des_x,v_des_y,v_x,v_y,z_dot,x,y,z,x_d,y_d,z_d,z_offset,f_z
0.000000,-9.783649,0.511717,-0.541724,-9.400437,1.300937,-2.060220,2.060220,3.000000,9.490029,-0.004953,0.000685,-0.000261,-0.000167,0.000322,0.181789,-0.005749,0.504085,0.181641,-0.005733,0.504250,0.000000,0.000220
0.010000,-9.683088,0.597557,-0.570609,-9.299875,1.386777,-2.089105,2.089105,3.000000,9.402703,-0.004945,0.000737,0.000962,-0.000520,0.000062,0.181793,-0.005748,0.504087,0.181591,-0.005726,0.504250,0.000000,0.002403
0.020000,-10.003917,0.739560,-0.633441,-9.620704,1.528780,-2.151938,2.151938,3.000000,9.741412,-0.004938,0.000785,0.006737,-0.000449,-0.002647,0.181846,-0.005752,0.504068,0.181542,-0.005718,0.504250,0.000000,0.025732
0.030000,-9.790849,0.699491,-0.632977,-9.407637,1.488711,-2.151473,2.151473,3.000000,9.524699,-0.004939,0.000782,0.011546,-0.000968,-0.001483,0.181952,-0.005761,0.504051,0.181493,-0.005710,0.504250,0.000000,0.016162
0.040000,-8.619181,0.503562,-0.641161,-8.235968,1.292782,-2.159657,2.159657,3.000000,8.336814,-0.004940,0.000775,0.013200,-0.000877,-0.000547,0.182078,-0.005771,0.504050,0.181443,-0.005703,0.504250,0.000000,0.008221
0.050000,-7.131917,0.212001,-0.537505,-6.748704,1.001221,-2.056001,2.056001,3.000000,6.822569,-0.004946,0.000734,0.013154,-0.001051,0.000864,0.182212,-0.005783,0.504057,0.181394,-0.005695,0.504250,0.000000,-0.003873
0.060000,-5.660744,-0.129568,-0.530695,-5.277531,0.659652,-2.049191,2.049191,3.000000,5.318597,-0.004961,0.000620,0.011499,-0.000417,0.001648,0.182333,-0.005788,0.504075,0.181344,-0.005688,0.504250,0.000000,-0.010848
0.070000,-4.874306,-0.464389,-0.501968,-4.491093,0.324830,-2.020464,2.020464,3.000000,4.502825,-0.004987,0.000361,0.012414,0.001404,-0.000019,0.182454,-0.005777,0.504087,0.181294,-0.005683,0.504250,0.000000,0.003092
0.080000,-5.067119,-0.576844,-0.643488,-4.683907,0.212376,-2.161984,2.161984,3.000000,4.688719,-0.004995,0.000226,0.014577,0.001700,-0.000573,0.182594,-0.005760,0.504086,0.181245,-0.005681,0.504250,0.000000,0.007801
0.090000,-5.887181,-0.653428,-0.903676,-5.503969,0.135792,-2.422172,2.422172,3.000000,5.505644,-0.004998,0.000123,0.016608,0.002578,-0.002664,0.182757,-0.005733,0.504063,0.181195,-0.005679,0.504250,0.000000,0.025957
0.100000,-6.641121,-0.873971,-1.115330,-6.257908,-0.084751,-2.633826,2.633826,3.000000,6.258482,-0.005000,-0.000068,0.019249,0.004270,-0.004679,0.182944,-0.005693,0.504024,0.181145,-0.005679,0.504250,0.000000,0.043765
0.110000,-6.889997,-0.973518,-1.276311,-6.506785,-0.184298,-2.794807,2.794807,3.000000,6.509394,-0.004998,-0.000142,0.020765,0.004528,-0.004583,0.183148,-0.005646,0.503980,0.181095,-0.005680,0.504250,0.000000,0.043744
0.120000,-6.516615,-0.881161,-1.288559,-6.133402,-0.091941,-2.807055,2.807055,3.000000,6.134092,-0.004999,-0.000075,0.020446,0.004331,-0.005504,0.183351,-0.005605,0.503932,0.181045,-0.005681,0.504250,0.000000,0.052417
0.131000,-5.877902,-0.759630,-1.222293,-5.494689,0.029590,-2.740789,2.740789,3.000000,5.494769,-0.005000,0.000027,0.020225,0.003939,-0.005090,0.183575,-0.005561,0.503878,0.180990,-0.005681,0.504250,0.000000,0.049879
0.141000,-5.504700,-0.663774,-1.164993,-5.121488,0.125446,-2.683489,2.683489,3.000000,5.123024,-0.004999,0.000122,0.020864,0.003625,-0.005918,0.183781,-0.005525,0.503821,0.180940,-0.005680,0.504250,0.000000,0.057922
0.151000,-5.434833,-0.438990,-1.164352,-5.051621,0.350230,-2.682848,2.682848,3.000000,5.063747,-0.004988,0.000346,0.021379,0.001686,-0.006269,0.183993,-0.005504,0.503758,0.180890,-0.005678,0.504250,0.000000,0.062041
0.161000,-6.000691,-0.148983,-1.269421,-5.617479,0.640236,-2.787917,2.787917,3.000000,5.653846,-0.004968,0.000566,0.023801,0.001576,-0.010067,0.184225,-0.005490,0.503671,0.180840,-0.005673,0.504250,0.000000,0.095846
0.171000,-6.841356,-0.018039,-1.433235,-6.458144,0.771180,-2.951731,2.951731,3.000000,6.504025,-0.004965,0.000593,0.027264,-0.000035,-0.010240,0.184491,-0.005486,0.503573,0.180790,-0.005667,0.504250,0.000000,0.099057
0.181000,-7.687476,0.083003,-1.634018,-7.304263,0.872223,-3.152515,3.152515,3.000000,7.356156,-0.004965,0.000593,0.030903,-0.000545,-0.011191,0.184796,-0.005488,0.503457,0.180741,-0.005661,0.504250,0.000000,0.109235
0.191000,-8.538838,0.109033,-1.742092,-8.155625,0.898253,-3.260588,3.260588,3.000000,8.204942,-0.004970,0.000547,0.035083,-0.000370,-0.014857,0.185139,-0.005490,0.503313,0.180691,-0.005656,0.504250,0.000000,0.142911
0.201000,-9.034966,-0.055876,-1.771103,-8.651753,0.733344,-3.289599,3.289599,3.000000,8.682778,-0.004982,0.000422,0.037638,0.000311,-0.016063,0.185506,-0.005490,0.503150,0.180641,-0.005651,0.504250,0.000000,0.156089
0.211000,-8.935082,-0.355728,-1.759476,-8.551870,0.433492,-3.277972,3.277972,3.000000,8.562849,-0.004994,0.000253,0.039617,0.001339,-0.017525,0.185897,-0.005481,0.502979,0.180591,-0.005648,0.504250,0.000000,0.171580
0.221000,-8.739509,-0.479685,-1.725729,-8.356296,0.309535,-3.244225,3.244225,3.000000,8.362027,-0.004997,0.000185,0.042177,0.001368,-0.018471,0.186320,-0.005468,0.502798,0.180541,-0.005645,0.504250,0.000000,0.182863
0.231000,-8.619834,-0.594141,-1.732639,-8.236621,0.195079,-3.251135,3.251135,3.000000,8.238931,-0.004999,0.000118,0.044087,0.001416,-0.019277,0.186761,-0.005452,0.502608,0.180491,-0.005644,0.504250,0.000000,0.193124
0.241000,-8.682952,-0.698190,-1.779380,-8.299739,0.091029,-3.297877,3.297877,3.000000,8.300238,-0.005000,0.000055,0.046629,0.002553,-0.020259,0.187217,-0.005428,0.502407,0.180441,-0.005643,0.504250,0.000000,0.205056
0.252000,-9.464813,-0.670632,-1.914610,-9.081600,0.118588,-3.433106,3.433106,3.000000,9.082374,-0.005000,0.000065,0.050257,0.002542,-0.023627,0.187759,-0.005401,0.502157,0.180386,-0.005643,0.504250,0.000000,0.238145
0.262000,-10.745650,-0.391561,-2.045504,-10.362438,0.397659,-3.564000,3.564000,3.000000,10.370065,-0.004996,0.000192,0.054648,0.001862,-0.027363,0.188294,-0.005383,0.501890,0.180336,-0.005641,0.504250,0.000000,0.274646
0.272000,-12.053869,-0.029770,-2.178917,-11.670656,0.759450,-3.697413,3.697413,3.000000,11.695340,-0.004989,0.000325,0.061439,-0.000009,-0.030865,0.188881,-0.005379,0.501594,0.180286,-0.005639,0.504250,0.000000,0.309700
0.282000,-12.929729,0.240096,-2.190307,-12.546517,1.029315,-3.708803,3.708803,3.000000,12.588668,-0.004983,0.000409,0.067229,-0.001068,-0.033064,0.189551,-0.005388,0.501264,0.180237,-0.005635,0.504250,0.000000,0.334287
0.292000,-12.888977,0.309591,-2.222764,-12.505765,1.098811,-3.741260,3.741260,3.000000,12.553945,-0.004981,0.000438,0.070913,-0.001615,-0.032289,0.190255,-0.005404,0.500933,0.180187,-0.005631,0.504250,0.000000,0.333675
0.302000,-11.803692,0.334937,-2.266274,-11.420480,1.124157,-3.784770,3.784770,3.000000,11.475674,-0.004976,0.000490,0.072176,-0.002995,-0.031585,0.190983,-0.005434,0.500616,0.180137,-0.005626,0.504250,0.000000,0.333402
0.312000,-10.586889,0.279938,-2.382120,-10.203676,1.069157,-3.900616,3.900616,3.000000,10.259537,-0.004973,0.000521,0.075496,-0.003504,-0.028417,0.191729,-0.005470,0.500330,0.180087,-0.005621,0.504250,0.000000,0.311689
0.322000,-10.405017,0.245979,-2.481881,-10.021804,1.035199,-4.000378,4.000378,3.000000,10.075128,-0.004974,0.000514,0.081744,-0.005320,-0.029407,0.192526,-0.005518,0.500038,0.180038,-0.005616,0.504270,0.000020,0.325688
0.332000,-11.715427,0.310248,-2.732106,-11.332215,1.099468,-4.250603,4.250603,3.000000,11.385426,-0.004977,0.000483,0.090609,-0.004901,-0.031726,0.193418,-0.005567,0.499726,0.179988,-0.005611,0.504470,0.000220,0.354598
0.342000,-13.502101,0.246819,-2.981679,-13.118888,1.036038,-4.500175,4.500175,3.000000,13.159734,-0.004984,0.000394,0.098628,-0.005078,-0.035672,0.194390,-0.005619,0.499382,0.179938,-0.005607,0.504670,0.000420,0.397854
0.352000,-14.060315,0.049136,-2.984021,-13.677102,0.838356,-4.502518,4.502518,3.000000,13.702772,-0.004991,0.000306,0.104809,-0.004737,-0.034049,0.195409,-0.005667,0.499048,0.179888,-0.005603,0.504870,0.000620,0.393702
0.362000,-13.832671,-0.141206,-3.062525,-13.449458,0.648014,-4.581022,4.581022,3.000000,13.465060,-0.004994,0.000241,0.109236,-0.004613,-0.035540,0.196507,-0.005716,0.498696,0.179838,-0.005600,0.505070,0.000820,0.416295
0.372000,-13.913052,-0.320426,-3.004268,-13.529840,0.468794,-4.522765,4.522765,3.000000,13.537959,-0.004997,0.000173,0.111057,-0.003415,-0.039084,0.197604,-0.005751,0.498312,0.179788,-0.005598,0.505270,0.001020,0.456875
0.382000,-13.735558,-0.525674,-2.990723,-13.352345,0.263546,-4.509219,4.509219,3.000000,13.354946,-0.004999,0.000099,0.115418,-0.002185,-0.037111,0.198763,-0.005780,0.497936,0.179738,-0.005597,0.505470,0.001220,0.450495
0.392000,-12.568240,-0.820550,-2.961239,-12.185027,-0.031330,-4.479735,4.479735,3.000000,12.185068,-0.005000,-0.000013,0.117866,-0.002329,-0.034105,0.199941,-0.005803,0.497584,0.179688,-0.005597,0.505670,0.001420,0.434941
0.402000,-11.532487,-0.839176,-3.078494,-11.149275,-0.049957,-4.596990,4.596990,3.000000,11.149386,-0.005000,-0.000022,0.122525,-0.001916,-0.034167,0.201150,-0.005822,0.497245,0.179638,-0.005597,0.505870,0.001620,0.445162
0.412000,-12.312624,-0.655930,-3.191448,-11.929412,0.133289,-4.709945,4.709945,3.000000,11.930156,-0.005000,0.000056,0.129791,-0.003265,-0.038041,0.202434,-0.005852,0.496873,0.179588,-0.005597,0.506070,0.001820,0.488314
0.422000,-13.213250,-0.542612,-3.379308,-12.830037,0.246608,-4.897804,4.897804,3.000000,12.832407,-0.004999,0.000096,0.136093,-0.003989,-0.037077,0.203785,-0.005887,0.496498,0.179538,-0.005596,0.506270,0.002020,0.490490
0.432000,-13.259758,-0.564276,-3.463246,-12.876545,0.224944,-4.981742,4.981742,3.000000,12.878510,-0.004999,0.000087,0.141301,-0.003617,-0.038289,0.205165,-0.005922,0.496135,0.179488,-0.005595,0.506470,0.002220,0.510926
0.442000,-13.792087,-0.466956,-3.541023,-13.408874,0.322263,-5.059519,5.059519,3.000000,13.412746,-0.004999,0.000120,0.144519,-0.004884,-0.040826,0.206599,-0.005967,0.495722,0.179438,-0.005594,0.506670,0.002420,0.543469
0.452000,-13.843936,-0.490688,-3.648968,-13.460723,0.298532,-5.167464,5.167464,3.000000,13.464033,-0.004999,0.000111,0.146515,-0.004555,-0.041237,0.208098,-0.006015,0.495294,0.179388,-0.005593,0.506870,0.002620,0.558270
0.462000,-12.032211,-0.787351,-3.606632,-11.648999,0.001869,-5.125128,5.125128,3.000000,11.648999,-0.005000,0.000001,0.145548,-0.004087,-0.036648,0.209560,-0.006055,0.494911,0.179338,-0.005592,0.507070,0.002820,0.529824
0.472000,-10.583956,-0.983307,-3.723918,-10.200744,-0.194087,-5.242414,5.242414,3.000000,10.202590,-0.004999,-0.000095,0.147023,-0.003852,-0.036922,0.211022,-0.006092,0.494543,0.179288,-0.005593,0.507270,0.003020,0.542370
0.482000,-10.804315,-1.057159,-3.759264,-10.421103,-0.267939,-5.277760,5.277760,3.000000,10.424547,-0.004998,-0.000129,0.148295,-0.003025,-0.037647,0.212498,-0.006122,0.494163,0.179238,-0.005594,0.507470,0.003220,0.558967
0.492000,-10.108832,-1.325335,-3.850999,-9.725619,-0.536115,-5.369495,5.369495,3.000000,9.740384,-0.004992,-0.000275,0.147200,-0.002181,-0.036350,0.213982,-0.006142,0.493800,0.179188,-0.005596,0.507670,0.003420,0.558097
0.503000,-10.438700,-1.508131,-3.933858,-10.055488,-0.718911,-5.452354,5.452354,3.000000,10.081154,-0.004987,-0.000357,0.150462,-0.000681,-0.039987,0.215628,-0.006152,0.493374,0.179133,-0.005600,0.507890,0.003640,0.600572
0.513000,-11.858682,-1.637356,-3.993520,-11.475469,-0.848137,-5.512016,5.512016,3.000000,11.506769,-0.004986,-0.000369,0.156084,0.000138,-0.041171,0.217165,-0.006147,0.492974,0.179084,-0.005603,0.508090,0.003840,0.621430
0.523000,-11.742865,-1.734392,-4.042809,-11.359653,-0.945172,-5.561305,5.561305,3.000000,11.398906,-0.004983,-0.000415,0.156183,0.001631,-0.039465,0.218715,-0.006138,0.492570,0.179034,-0.005607,0.508290,0.004040,0.617817
0.533000,-10.679551,-1.864392,-4.077953,-10.296338,-1.075172,-5.596449,5.596449,3.000000,10.352322,-0.004973,-0.000519,0.157816,0.002145,-0.038057,0.220314,-0.006117,0.492210,0.178984,-0.005612,0.508490,0.004240,0.615959
0.543000,-10.453342,-1.732959,-4.055882,-10.070130,-0.943739,-5.574378,5.574378,3.000000,10.114255,-0.004978,-0.000467,0.154165,0.001891,-0.038283,0.221862,-0.006093,0.491827,0.178934,-0.005617,0.508690,0.004440,0.628364
0.553000,-9.130207,-1.463079,-4.076337,-8.746995,-0.673859,-5.594833,5.594833,3.000000,8.772913,-0.004985,-0.000384,0.149594,0.001494,-0.035218,0.223341,-0.006075,0.491469,0.178884,-0.005621,0.508890,0.004640,0.612411
0.563000,-8.245572,-1.214978,-4.016482,-7.862359,-0.425758,-5.534979,5.534979,3.000000,7.873878,-0.004993,-0.000270,0.149777,0.000714,-0.037228,0.224865,-0.006066,0.491093,0.178834,-0.005624,0.509090,0.004840,0.639835
0.573000,-9.090983,-1.244122,-4.043707,-8.707770,-0.454902,-5.562204,5.562204,3.000000,8.719645,-0.004993,-0.000261,0.153534,0.001775,-0.038209,0.226395,-0.006047,0.490708,0.178785,-0.005627,0.509290,0.005040,0.658679
0.583000,-9.791503,-1.163797,-4.135792,-9.408290,-0.374577,-5.654288,5.654288,3.000000,9.415744,-0.004996,-0.000199,0.151567,0.001867,-0.038785,0.227923,-0.006025,0.490321,0.178735,-0.005629,0.509490,0.005240,0.674130
0.593000,-9.573551,-0.971231,-4.229334,-9.190338,-0.182011,-5.747831,5.747831,3.000000,9.192140,-0.004999,-0.000099,0.149030,0.002027,-0.037566,0.229393,-0.006005,0.489944,0.178685,-0.005631,0.509690,0.005440,0.674171
0.603000,-10.054516,-0.541306,-4.300586,-9.671303,0.247914,-5.819082,5.819082,3.000000,9.674480,-0.004998,0.000128,0.147715,0.001371,-0.040429,0.230874,-0.005992,0.489545,0.178635,-0.005630,0.509890,0.005640,0.709255
0.613000,-9.629936,-0.444803,-4.267373,-9.246723,0.344417,-5.785870,5.785870,3.000000,9.253136,-0.004997,0.000186,0.142265,0.001593,-0.036116,0.232334,-0.005974,0.489173,0.178585,-0.005629,0.510090,0.005840,0.682951
0.623000,-7.932439,-0.771671,-4.314968,-7.549226,0.017549,-5.833464,5.833464,3.000000,7.549247,-0.005000,0.000012,0.140552,0.002680,-0.033781,0.233738,-0.005945,0.488832,0.178535,-0.005628,0.510290,0.006040,0.672873
0.633000,-7.980239,-0.896291,-4.362042,-7.597026,-0.107072,-5.880538,5.880538,3.000000,7.597780,-0.005000,-0.000070,0.139855,0.004481,-0.032931,0.235141,-0.005910,0.488489,0.178485,-0.005628,0.510490,0.006240,0.675430
0.643000,-8.285299,-0.942872,-4.411493,-7.902086,-0.153652,-5.929990,5.929990,3.000000,7.903580,-0.004999,-0.000097,0.135479,0.006026,-0.032098,0.236513,-0.005859,0.488166,0.178435,-0.005629,0.510690,0.006440,0.677784
0.653000,-7.947880,-1.230206,-4.523418,-7.564668,-0.440986,-6.041915,6.041915,3.000000,7.577511,-0.004992,-0.000291,0.132681,0.007270,-0.027598,0.237851,-0.005793,0.487872,0.178385,-0.005631,0.510890,0.006640,0.648488
0.663000,-8.166643,-1.270930,-4.723498,-7.783431,-0.481711,-6.241994,6.241994,3.000000,7.798323,-0.004990,-0.000309,0.132050,0.007794,-0.028095,0.239177,-0.005717,0.487593,0.178335,-0.005634,0.511090,0.006840,0.661334
0.673000,-9.003589,-1.097549,-4.520438,-8.620376,-0.308329,-6.038934,6.038934,3.000000,8.625888,-0.004997,-0.000179,0.129494,0.009274,-0.026385,0.240478,-0.005629,0.487315,0.178285,-0.005636,0.511290,0.007040,0.655435
0.683000,-8.138605,-1.230793,-4.497093,-7.755392,-0.441573,-6.015589,6.015589,3.000000,7.767953,-0.004992,-0.000284,0.123227,0.009247,-0.023767,0.241700,-0.005535,0.487075,0.178235,-0.005639,0.511490,0.007240,0.641118
0.693000,-7.834898,-1.274235,-4.439413,-7.451685,-0.485015,-5.957909,5.957909,3.000000,7.467453,-0.004989,-0.000325,0.122415,0.010881,-0.023158,0.242934,-0.005426,0.486861,0.178185,-0.005642,0.511690,0.007440,0.643423
0.703000,-8.045653,-1.245893,-4.467556,-7.662440,-0.456673,-5.986052,5.986052,3.000000,7.676037,-0.004991,-0.000297,0.118409,0.011519,-0.022807,0.244135,-0.005313,0.486621,0.178135,-0.005645,0.511890,0.007640,0.648347
0.713000,-7.467644,-1.161947,-4.371754,-7.084432,-0.372727,-5.890250,5.890250,3.000000,7.094230,-0.004993,-0.000263,0.112894,0.012037,-0.018691,0.245279,-0.005197,0.486412,0.178085,-0.005648,0.512090,0.007840,0.620797
0.723000,-7.065204,-0.974020,-4.429536,-6.681992,-0.184801,-5.948032,5.948032,3.000000,6.684547,-0.004998,-0.000138,0.109263,0.010870,-0.018979,0.246381,-0.005085,0.486229,0.178035,-0.005650,0.512290,0.008040,0.630129
0.733000,-8.076612,-0.676916,-4.365041,-7.693399,0.112304,-5.883538,5.883538,3.000000,7.694219,-0.004999,0.000073,0.107036,0.011189,-0.020459,0.247460,-0.004976,0.486012,0.177985,-0.005650,0.512490,0.008240,0.650185
0.743000,-7.569916,-0.590325,-4.506436,-7.186704,0.198895,-6.024932,6.024932,3.000000,7.189455,-0.004998,0.000138,0.100677,0.009753,-0.014344,0.248475,-0.004876,0.485853,0.177935,-0.005649,0.512690,0.008440,0.604775
0.753000,-7.206501,-0.528799,-4.430353,-6.823288,0.260421,-5.948849,5.948849,3.000000,6.828256,-0.004996,0.000191,0.097880,0.008661,-0.017157,0.249448,-0.004788,0.485680,0.177885,-0.005647,0.512890,0.008640,0.635352
0.763000,-8.060459,-0.386587,-4.376510,-7.677246,0.402633,-5.895006,5.895006,3.000000,7.687797,-0.004993,0.000262,0.096763,0.008837,-0.014146,0.250423,-0.004697,0.485520,0.177835,-0.005645,0.513090,0.008840,0.616278
0.773000,-8.109735,-0.322061,-4.458780,-7.726523,0.467159,-5.977277,5.977277,3.000000,7.740632,-0.004991,0.000302,0.094557,0.008787,-0.012282,0.251383,-0.004608,0.485411,0.177785,-0.005642,0.513290,0.009040,0.606034
0.783000,-7.368596,-0.375696,-4.575989,-6.985383,0.413524,-6.094485,6.094485,3.000000,6.997613,-0.004991,0.000295,0.092050,0.008155,-0.009156,0.252307,-0.004529,0.485313,0.177736,-0.005639,0.513490,0.009240,0.584861
0.793000,-7.728916,-0.442476,-4.783636,-7.345703,0.346744,-6.302132,6.302132,3.000000,7.353882,-0.004994,0.000236,0.090904,0.007436,-0.009945,0.253224,-0.004455,0.485218,0.177686,-0.005637,0.513690,0.009440,0.596874
0.803000,-7.624304,-0.468579,-4.978517,-7.241092,0.320640,-6.497013,6.497013,3.000000,7.248187,-0.004995,0.000221,0.089080,0.006685,-0.001385,0.254125,-0.004388,0.485180,0.177636,-0.005634,0.513890,0.009640,0.528528
0.813000,-6.713710,-0.524117,-5.630316,-6.330498,0.265103,-7.148812,7.148812,3.000000,6.336046,-0.004996,0.000209,0.089233,0.005411,0.008207,0.255015,-0.004332,0.485241,0.177586,-0.005632,0.514090,0.009840,0.449642
0.823000,-7.310678,-0.405568,-6.094577,-6.927466,0.383652,-7.613074,7.613074,3.000000,6.938081,-0.004992,0.000276,0.092783,0.004386,0.011243,0.255929,-0.004286,0.485343,0.177536,-0.005630,0.514290,0.010040,0.425632
0.833000,-8.403479,-0.397199,-6.012209,-8.020267,0.392021,-7.530705,7.530705,3.000000,8.029842,-0.004994,0.000244,0.092988,0.005059,0.011214,0.256851,-0.004236,0.485451,0.177486,-0.005627,0.514490,0.010240,0.427546
0.843000,-7.945206,-0.499176,-5.514648,-7.561993,0.290044,-7.033144,7.033144,3.000000,7.567554,-0.004996,0.000192,0.090523,0.004293,0.016422,0.257760,-0.004190,0.485602,0.177436,-0.005625,0.514690,0.010440,0.384230
0.853000,-7.785010,-0.400788,-5.152821,-7.401797,0.388432,-6.671318,6.671318,3.000000,7.411982,-0.004993,0.000262,0.090365,0.002586,0.014174,0.258672,-0.004155,0.485762,0.177386,-0.005623,0.514890,0.010640,0.404027
0.863000,-8.065569,-0.124922,-4.818752,-7.682357,0.664297,-6.337248,6.337248,3.000000,7.711024,-0.004981,0.000431,0.088801,0.001254,0.015383,0.259565,-0.004135,0.485913,0.177336,-0.005619,0.515090,0.010840,0.394654
0.873000,-6.994494,-0.121652,-4.623344,-6.611281,0.667568,-6.141840,6.141840,3.000000,6.644900,-0.004975,0.000502,0.087618,-0.000160,0.018810,0.260435,-0.004135,0.486097,0.177286,-0.005614,0.515290,0.011040,0.365848
0.883000,-6.670287,-0.006965,-4.498435,-6.287074,0.782255,-6.016931,6.016931,3.000000,6.335552,-0.004962,0.000617,0.088714,-0.002340,0.018652,0.261313,-0.004154,0.486303,0.177237,-0.005609,0.515490,0.011240,0.367096
0.893000,-7.664511,0.159626,-4.345473,-7.281298,0.948846,-5.863969,5.863969,3.000000,7.342862,-0.004958,0.000646,0.090068,-0.002746,0.016708,0.262216,-0.004181,0.486474,0.177187,-0.005602,0.515690,0.011440,0.384104
0.903000,-8.404914,0.177763,-4.580735,-8.021702,0.966983,-6.099232,6.099232,3.000000,8.079774,-0.004964,0.000598,0.090684,-0.004085,0.021969,0.263128,-0.004213,0.486672,0.177137,-0.005596,0.515890,0.011640,0.339503
0.913000,-7.719487,0.084361,-5.560329,-7.336274,0.873581,-7.078826,7.078826,3.000000,7.388103,-0.004965,0.000591,0.092737,-0.004726,0.031983,0.264042,-0.004259,0.486988,0.177088,-0.005590,0.516090,0.011840,0.252446
0.923000,-7.879610,0.093134,-6.172228,-7.496397,0.882354,-7.690725,7.690725,3.000000,7.548146,-0.004966,0.000584,0.094665,-0.005553,0.037225,0.264979,-0.004312,0.487332,0.177038,-0.005584,0.516290,0.012040,0.205372
0.933000,-7.577517,-0.000403,-5.838519,-7.194304,0.788817,-7.357015,7.357015,3.000000,7.237420,-0.004970,0.000545,0.092718,-0.006121,0.038046,0.265919,-0.004370,0.487735,0.176988,-0.005579,0.516490,0.012240,0.194753
0.943000,-6.372931,-0.156811,-4.893629,-5.989719,0.632408,-6.412125,6.412125,3.000000,6.023012,-0.004972,0.000525,0.090520,-0.005928,0.033210,0.266819,-0.004430,0.488095,0.176939,-0.005574,0.516690,0.012440,0.232896
0.953000,-7.037633,-0.164033,-4.337714,-6.654420,0.625187,-5.856210,5.856210,3.000000,6.683724,-0.004978,0.000468,0.092300,-0.005999,0.033107,0.267738,-0.004493,0.488435,0.176889,-0.005568,0.516890,0.012640,0.231256
0.963000,-7.926124,-0.197889,-4.044848,-7.542911,0.591331,-5.563344,5.563344,3.000000,7.566055,-0.004985,0.000391,0.093563,-0.005111,0.030839,0.268675,-0.004548,0.488756,0.176839,-0.005564,0.517090,0.012840,0.248329
0.973000,-8.084593,-0.283951,-3.854853,-7.701380,0.505269,-5.373349,5.373349,3.000000,7.717937,-0.004989,0.000327,0.092871,-0.006704,0.033883,0.269613,-0.004613,0.489087,0.176789,-0.005561,0.517290,0.013040,0.220136
0.983000,-8.013476,-0.282327,-3.889944,-7.630263,0.506892,-5.408441,5.408441,3.000000,7.647081,-0.004989,0.000331,0.094014,-0.007101,0.029400,0.270551,-0.004680,0.489399,0.176739,-0.005557,0.517490,0.013240,0.256157
0.993000,-8.553816,-0.206799,-4.094764,-8.170604,0.582420,-5.613260,5.613260,3.000000,8.191336,-0.004987,0.000356,0.094677,-0.007142,0.035238,0.271496,-0.004747,0.489731,0.176689,-0.005554,0.517690,0.013440,0.204257
1.004000,-7.086246,-0.183654,-5.353839,-6.703033,0.605566,-6.872336,6.872336,3.000000,6.730331,-0.004980,0.000450,0.093337,-0.007026,0.048723,0.272523,-0.004826,0.490228,0.176635,-0.005550,0.517910,0.013660,0.084835
1.015000,-6.471023,-0.048016,-5.722889,-6.087811,0.741203,-7.241385,7.241385,3.000000,6.132766,-0.004963,0.000604,0.095238,-0.007247,0.046086,0.273569,-0.004905,0.490769,0.176580,-0.005544,0.518130,0.013880,0.101439
1.026000,-7.921647,0.170649,-4.507562,-7.538434,0.959869,-6.026058,6.026058,3.000000,7.599299,-0.004960,0.000632,0.095858,-0.006228,0.038271,0.274618,-0.004975,0.491211,0.176525,-0.005537,0.518350,0.014100,0.163752
1.037000,-8.392357,0.298717,-3.778210,-8.009145,1.087937,-5.296707,5.296707,3.000000,8.082698,-0.004954,0.000673,0.095700,-0.006255,0.039330,0.275682,-0.005043,0.491617,0.176471,-0.005530,0.518570,0.014320,0.151417
1.048000,-7.767634,0.320520,-3.643235,-7.384421,1.109740,-5.161731,5.161731,3.000000,7.467342,-0.004944,0.000743,0.095753,-0.006168,0.035997,0.276722,-0.005111,0.492002,0.176416,-0.005522,0.518790,0.014540,0.176732
1.059000,-7.985657,0.328293,-3.066810,-7.602444,1.117513,-4.585306,4.585306,3.000000,7.684139,-0.004947,0.000727,0.095227,-0.006122,0.032562,0.277777,-0.005180,0.492378,0.176362,-0.005514,0.519010,0.014760,0.203062
1.070000,-7.289420,0.371586,-3.127972,-6.906208,1.160806,-4.646468,4.646468,3.000000,7.003083,-0.004931,0.000829,0.091866,-0.007218,0.032904,0.278795,-0.005256,0.492741,0.176308,-0.005505,0.519230,0.014980,0.197601
1.081000,-6.727395,0.362159,-4.019002,-6.344182,1.151379,-5.537498,5.537498,3.000000,6.447815,-0.004920,0.000893,0.094094,-0.005686,0.040557,0.279806,-0.005326,0.493151,0.176254,-0.005495,0.519450,0.015200,0.129233
1.092000,-7.697829,0.338105,-5.148765,-7.314617,1.127325,-6.667261,6.667261,3.000000,7.400978,-0.004942,0.000762,0.098599,-0.005382,0.045375,0.280888,-0.005387,0.493674,0.176199,-0.005486,0.519670,0.015420,0.082900
1.103000,-8.516165,0.328287,-4.903986,-8.132952,1.117507,-6.422483,6.422483,3.000000,8.209369,-0.004953,0.000681,0.098286,-0.006683,0.042260,0.281973,-0.005451,0.494150,0.176145,-0.005479,0.519890,0.015640,0.104722
1.114000,-7.790463,0.231657,-4.005580,-7.407251,1.020877,-5.524076,5.524076,3.000000,7.477269,-0.004953,0.000683,0.096158,-0.006653,0.038052,0.283024,-0.005519,0.494585,0.176090,-0.005471,0.520110,0.015860,0.136564
1.125000,-7.566532,0.152366,-3.380188,-7.183319,0.941586,-4.898684,4.898684,3.000000,7.244768,-0.004958,0.000650,0.095418,-0.007122,0.034842,0.284073,-0.005590,0.494988,0.176036,-0.005464,0.520330,0.016080,0.160498
1.136000,-6.637605,0.070650,-2.938394,-6.254392,0.859870,-4.456890,4.456890,3.000000,6.313224,-0.004953,0.000681,0.091717,-0.007763,0.034815,0.285076,-0.005669,0.495394,0.175981,-0.005456,0.520550,0.016300,0.157383
1.147000,-5.852704,0.079531,-2.975452,-5.469491,0.868751,-4.493948,4.493948,3.000000,5.538056,-0.004938,0.000784,0.091011,-0.007137,0.033645,0.286083,-0.005750,0.495773,0.175927,-0.005448,0.520770,0.016520,0.164447
1.158000,-7.018544,0.173523,-3.106147,-6.635332,0.962743,-4.624644,4.624644,3.000000,6.704812,-0.004948,0.000718,0.093124,-0.006417,0.031926,0.287089,-0.005819,0.496093,0.175873,-0.005440,0.520990,0.016740,0.177235
1.169000,-8.406762,0.389535,-4.154801,-8.023549,1.178755,-5.673298,5.673298,3.000000,8.109673,-0.004947,0.000727,0.096989,-0.006244,0.039306,0.288153,-0.005884,0.496523,0.175818,-0.005432,0.521210,0.016960,0.110835
1.180000,-7.964009,0.403900,-5.074566,-7.580796,1.193120,-6.593063,6.593063,3.000000,7.674113,-0.004939,0.000777,0.095762,-0.005679,0.045167,0.289212,-0.005950,0.497015,0.175764,-0.005424,0.521430,0.017180,0.056213
1.191000,-7.266785,0.379050,-4.402147,-6.883572,1.168270,-5.920643,5.920643,3.000000,6.982007,-0.004930,0.000837,0.094395,-0.005096,0.038819,0.290258,-0.006018,0.497462,0.175710,-0.005415,0.521650,0.017400,0.105996
1.202000,-6.748062,0.418853,-3.203733,-6.364849,1.208073,-4.722229,4.722229,3.000000,6.478483,-0.004912,0.000932,0.091472,-0.006697,0.036380,0.291268,-0.006096,0.497846,0.175655,-0.005405,0.521870,0.017620,0.123729
1.213000,-5.405250,0.470342,-3.029178,-5.022037,1.259561,-4.547675,4.547675,3.000000,5.177581,-0.004850,0.001216,0.087126,-0.006804,0.035591,0.292236,-0.006177,0.498247,0.175602,-0.005394,0.522090,0.017840,0.127172
1.224000,-5.258331,0.506674,-2.741755,-4.875118,1.295893,-4.260251,4.260251,3.000000,5.044415,-0.004832,0.001284,0.088417,-0.005911,0.030879,0.293197,-0.006249,0.498603,0.175549,-0.005379,0.522310,0.018060,0.164697
1.235000,-7.500226,0.611485,-2.505747,-7.117013,1.400705,-4.024243,4.024243,3.000000,7.253540,-0.004906,0.000966,0.091714,-0.006072,0.022974,0.294181,-0.006319,0.498905,0.175495,-0.005367,0.522530,0.018280,0.230291
1.246000,-8.988544,0.664898,-2.533562,-8.605331,1.454118,-4.052058,4.052058,3.000000,8.727324,-0.004930,0.000833,0.090962,-0.005538,0.023913,0.295198,-0.006384,0.499117,0.175441,-0.005357,0.522570,0.018320,0.219240
1.257000,-7.751619,0.432756,-3.852538,-7.368407,1.221976,-5.371034,5.371034,3.000000,7.469046,-0.004933,0.000818,0.090487,-0.005927,0.035007,0.296195,-0.006445,0.499480,0.175387,-0.005348,0.522790,0.018540,0.122536
1.268000,-6.311703,0.187207,-4.717447,-5.928490,0.976426,-6.235944,6.235944,3.000000,6.008361,-0.004934,0.000813,0.090033,-0.006186,0.039298,0.297175,-0.006507,0.499935,0.175332,-0.005339,0.523010,0.018760,0.081889
1.279000,-5.752439,0.128467,-3.931917,-5.369227,0.917686,-5.450413,5.450413,3.000000,5.447086,-0.004929,0.000842,0.086500,-0.006404,0.038759,0.298153,-0.006578,0.500326,0.175278,-0.005330,0.523230,0.018980,0.083393
1.290000,-4.835180,0.003495,-3.159760,-4.451967,0.792715,-4.678256,4.678256,3.000000,4.521992,-0.004923,0.000877,0.084203,-0.006344,0.032269,0.299076,-0.006642,0.500696,0.175224,-0.005321,0.523450,0.019200,0.135754
1.301000,-5.407025,0.000867,-2.915381,-5.023813,0.790086,-4.433877,4.433877,3.000000,5.085561,-0.004939,0.000777,0.085537,-0.004895,0.029744,0.300005,-0.006703,0.501049,0.175170,-0.005312,0.523670,0.019420,0.154794
1.312000,-7.687203,0.170921,-2.360801,-7.303990,0.960141,-3.879298,3.879298,3.000000,7.366827,-0.004957,0.000652,0.088449,-0.006078,0.020238,0.300954,-0.006768,0.501316,0.175115,-0.005304,0.523830,0.019580,0.233518
1.323000,-9.142180,0.360106,-2.206043,-8.758968,1.149326,-3.724539,3.724539,3.000000,8.834052,-0.004958,0.000651,0.089012,-0.006504,0.019345,0.301937,-0.006841,0.501496,0.175061,-0.005297,0.523830,0.019580,0.237848
1.334000,-7.626846,0.198677,-2.477004,-7.243634,0.987897,-3.995501,3.995501,3.000000,7.310689,-0.004954,0.000676,0.083785,-0.006025,0.022604,0.302879,-0.006909,0.501751,0.175006,-0.005289,0.523830,0.019580,0.205616
1.345000,-5.713823,0.061212,-3.322916,-5.330610,0.850431,-4.841413,4.841413,3.000000,5.398022,-0.004938,0.000788,0.082244,-0.006786,0.028671,0.303789,-0.006978,0.502052,0.174952,-0.005281,0.524050,0.019800,0.152680
1.356000,-4.776612,0.081514,-3.908649,-4.393399,0.870734,-5.427145,5.427145,3.000000,4.478854,-0.004905,0.000972,0.081300,-0.006667,0.034648,0.304688,-0.007049,0.502424,0.174898,-0.005272,0.524270,0.020020,0.099223
1.367000,-4.570916,0.183242,-4.213451,-4.187703,0.972461,-5.731947,5.731947,3.000000,4.299133,-0.004870,0.001131,0.080941,-0.006437,0.034666,0.305584,-0.007117,0.502829,0.174844,-0.005260,0.524490,0.020240,0.095736
1.378000,-5.744398,0.326682,-3.519751,-5.361185,1.115902,-5.038247,5.038247,3.000000,5.476088,-0.004895,0.001019,0.082176,-0.006562,0.027511,0.306482,-0.007180,0.503164,0.174790,-0.005248,0.524710,0.020460,0.154374
1.389000,-8.026464,0.552048,-2.590817,-7.643251,1.341268,-4.109314,4.109314,3.000000,7.760044,-0.004925,0.000864,0.084694,-0.004883,0.016684,0.307393,-0.007236,0.503385,0.174736,-0.005238,0.524930,0.020680,0.246230
1.400000,-9.580703,0.697971,-2.152377,-9.197490,1.487191,-3.670873,3.670873,3.000000,9.316950,-0.004936,0.000798,0.084968,-0.006537,0.012558,0.308343,-0.007302,0.503518,0.174682,-0.005229,0.524950,0.020700,0.279210
1.411000,-8.463289,0.660600,-2.003602,-8.080076,1.449819,-3.522098,3.522098,3.000000,8.209117,-0.004921,0.000883,0.082163,-0.006160,0.017536,0.309260,-0.007371,0.503688,0.174628,-0.005220,0.524950,0.020700,0.233901
1.422000,-5.988784,0.416483,-2.353774,-5.605571,1.205702,-3.872270,3.872270,3.000000,5.733773,-0.004888,0.001051,0.078556,-0.004886,0.019104,0.310126,-0.007433,0.503903,0.174574,-0.005209,0.524950,0.020700,0.216729
1.433000,-4.520248,0.250154,-2.426625,-4.137035,1.039374,-3.945122,3.945122,3.000000,4.265602,-0.004849,0.001218,0.075551,-0.004767,0.016848,0.310958,-0.007492,0.504105,0.174520,-0.005196,0.524950,0.020700,0.232233
1.444000,-5.021398,0.295850,-2.532245,-4.638186,1.085070,-4.050742,4.050742,3.000000,4.763417,-0.004869,0.001139,0.076087,-0.004571,0.017129,0.311790,-0.007549,0.504292,0.174467,-0.005183,0.524990,0.020740,0.227211
1.455000,-5.880617,0.367689,-3.176539,-5.497404,1.156908,-4.695035,4.695035,3.000000,5.617819,-0.004893,0.001030,0.077751,-0.004950,0.019326,0.312636,-0.007608,0.504504,0.174413,-0.005171,0.525210,0.020960,0.208708
1.466000,-7.548433,0.456255,-3.650237,-7.165221,1.245475,-5.168733,5.168733,3.000000,7.272661,-0.004926,0.000856,0.080516,-0.005297,0.019599,0.313509,-0.007668,0.504728,0.174359,-0.005161,0.525430,0.021180,0.206326
1.477000,-9.123073,0.487980,-3.367374,-8.739860,1.277200,-4.885870,4.885870,3.000000,8.832689,-0.004947,0.000723,0.083241,-0.005392,0.014128,0.314418,-0.007726,0.504916,0.174305,-0.005153,0.525650,0.021400,0.253326
1.488000,-9.169270,0.468367,-2.498793,-8.786057,1.257586,-4.017289,4.017289,3.000000,8.875603,-0.004950,0.000708,0.081222,-0.006084,0.010646,0.315337,-0.007794,0.505024,0.174250,-0.005145,0.525870,0.021620,0.284877
1.499000,-7.165659,0.313585,-2.411598,-6.782446,1.102805,-3.930094,3.930094,3.000000,6.871517,-0.004935,0.000802,0.076872,-0.007258,0.016211,0.316195,-0.007868,0.505180,0.174196,-0.005137,0.525870,0.021620,0.234847
1.510000,-4.295827,0.082093,-2.653620,-3.912615,0.871313,-4.172116,4.172116,3.000000,4.008459,-0.004880,0.001087,0.073647,-0.006278,0.018982,0.317005,-0.007930,0.505402,0.174142,-0.005126,0.526030,0.021780,0.210231
1.521000,-3.866065,0.012044,-2.629923,-3.482852,0.801264,-4.148420,4.148420,3.000000,3.573833,-0.004873,0.001121,0.073554,-0.004514,0.018837,0.317806,-0.007987,0.505613,0.174088,-0.005114,0.526250,0.022000,0.211613
1.532000,-5.460568,0.224229,-2.391890,-5.077355,1.013449,-3.910386,3.910386,3.000000,5.177510,-0.004903,0.000979,0.075528,-0.005891,0.012977,0.318633,-0.008047,0.505779,0.174035,-0.005102,0.526410,0.022160,0.261243
1.543000,-7.160708,0.415937,-2.108854,-6.777495,1.205157,-3.627351,3.627351,3.000000,6.883810,-0.004923,0.000875,0.077206,-0.005124,0.007611,0.319474,-0.008107,0.505871,0.173980,-0.005092,0.526410,0.022160,0.305108
1.554000,-8.301134,0.477727,-2.270383,-7.917921,1.266947,-3.788880,3.788880,3.000000,8.018643,-0.004937,0.000790,0.077779,-0.005768,0.006584,0.320326,-0.008168,0.505963,0.173926,-0.005083,0.526410,0.022160,0.312166
1.565000,-8.529191,0.530601,-2.771473,-8.145978,1.319821,-4.289969,4.289969,3.000000,8.252205,-0.004936,0.000800,0.078801,-0.006437,0.009060,0.321192,-0.008233,0.506060,0.173872,-0.005074,0.526550,0.022300,0.291945
1.576000,-8.150662,0.489790,-3.294019,-7.767449,1.279009,-4.812515,4.812515,3.000000,7.872048,-0.004934,0.000812,0.079194,-0.005013,0.014714,0.322069,-0.008295,0.506198,0.173818,-0.005066,0.526770,0.022520,0.245428
1.587000,-6.646432,0.348300,-3.858248,-6.263219,1.137520,-5.376744,5.376744,3.000000,6.365679,-0.004920,0.000893,0.075910,-0.005489,0.019965,0.322916,-0.008360,0.506407,0.173763,-0.005056,0.526990,0.022740,0.201077
1.598000,-4.718817,0.113565,-3.727949,-4.335605,0.902785,-5.246445,5.246445,3.000000,4.428599,-0.004895,0.001019,0.073269,-0.005272,0.023029,0.323719,-0.008418,0.506664,0.173709,-0.005046,0.527210,0.022960,0.174408
1.609000,-4.133017,0.005069,-3.290742,-3.749804,0.794289,-4.809239,4.809239,3.000000,3.833005,-0.004891,0.001036,0.070529,-0.004056,0.018697,0.324497,-0.008465,0.506890,0.173656,-0.005034,0.527430,0.023180,0.211069
1.620000,-5.322825,0.094681,-2.791870,-4.939613,0.883901,-4.310367,4.310367,3.000000,5.018073,-0.004922,0.000881,0.073448,-0.005329,0.015699,0.325298,-0.008521,0.507083,0.173602,-0.005024,0.527650,0.023400,0.236990
1.631000,-6.860737,0.228821,-2.304485,-6.477524,1.018041,-3.822981,3.822981,3.000000,6.557037,-0.004939,0.000776,0.074088,-0.005724,0.010024,0.326101,-0.008582,0.507194,0.173547,-0.005015,0.527770,0.023520,0.285297
1.642000,-7.441270,0.271949,-2.221233,-7.058057,1.061168,-3.739729,3.739729,3.000000,7.137384,-0.004944,0.000743,0.073013,-0.005680,0.010073,0.326918,-0.008643,0.507320,0.173493,-0.005006,0.527770,0.023520,0.282620
1.653000,-7.500358,0.271696,-2.188448,-7.117145,1.060916,-3.706944,3.706944,3.000000,7.195783,-0.004945,0.000737,0.073114,-0.005799,0.007836,0.327724,-0.008707,0.507418,0.173439,-0.004998,0.527770,0.023520,0.299840
1.664000,-7.454665,0.284576,-2.140560,-7.071452,1.073796,-3.659056,3.659056,3.000000,7.152515,-0.004943,0.000751,0.073022,-0.005968,0.006244,0.328523,-0.008773,0.507496,0.173384,-0.004990,0.527770,0.023520,0.311941
1.675000,-7.244584,0.307032,-2.400511,-6.861371,1.096251,-3.919007,3.919007,3.000000,6.948394,-0.004937,0.000789,0.071984,-0.005363,0.006375,0.329311,-0.008832,0.507558,0.173330,-0.004982,0.527770,0.023520,0.309709
1.686000,-6.325778,0.262969,-2.940192,-5.942565,1.052189,-4.458688,4.458688,3.000000,6.034996,-0.004923,0.000872,0.070491,-0.005211,0.012123,0.330087,-0.008888,0.507676,0.173276,-0.004972,0.527950,0.023700,0.262058
1.697000,-5.163295,0.140599,-3.842564,-4.780082,0.929818,-5.361061,5.361061,3.000000,4.869676,-0.004908,0.000955,0.069855,-0.004378,0.020424,0.330855,-0.008940,0.507888,0.173222,-0.004962,0.528170,0.023920,0.191759
1.708000,-4.817447,0.059085,-4.101924,-4.434234,0.848304,-5.620421,5.620421,3.000000,4.514648,-0.004911,0.000940,0.069672,-0.005255,0.022657,0.331617,-0.008993,0.508142,0.173168,-0.004952,0.528390,0.024140,0.172215
1.719000,-5.549959,0.197003,-3.437411,-5.166746,0.986223,-4.955907,4.955907,3.000000,5.260028,-0.004911,0.000937,0.071240,-0.005704,0.018017,0.332407,-0.009055,0.508350,0.173114,-0.004941,0.528610,0.024360,0.211786
1.730000,-6.316769,0.279962,-2.638101,-5.933557,1.069182,-4.156597,4.156597,3.000000,6.029117,-0.004921,0.000887,0.069786,-0.004722,0.011200,0.333177,-0.009111,0.508495,0.173060,-0.004931,0.528830,0.024580,0.270990
1.741000,-6.698400,0.354929,-2.168155,-6.315188,1.144149,-3.686652,3.686652,3.000000,6.417996,-0.004920,0.000891,0.069504,-0.005909,0.011066,0.333939,-0.009172,0.508613,0.173005,-0.004922,0.528870,0.024620,0.270717
1.752000,-6.489562,0.304579,-2.166624,-6.106349,1.093798,-3.685121,3.685121,3.000000,6.203539,-0.004922,0.000882,0.068184,-0.004560,0.010288,0.334685,-0.009224,0.508718,0.172951,-0.004912,0.528870,0.024620,0.275426
1.763000,-6.881947,0.334907,-2.145201,-6.498734,1.124127,-3.663697,3.663697,3.000000,6.595241,-0.004927,0.000852,0.068642,-0.004469,0.006303,0.335445,-0.009278,0.508821,0.172897,-0.004902,0.528870,0.024620,0.307399
1.774000,-7.702309,0.372464,-1.827537,-7.319096,1.161683,-3.346033,3.346033,3.000000,7.410714,-0.004938,0.000784,0.070171,-0.006095,0.003430,0.336210,-0.009336,0.508872,0.172843,-0.004893,0.528870,0.024620,0.330858
1.785000,-7.522554,0.367226,-1.892630,-7.139342,1.156446,-3.411126,3.411126,3.000000,7.232397,-0.004936,0.000799,0.069047,-0.005002,0.005981,0.336980,-0.009392,0.508935,0.172789,-0.004884,0.528870,0.024620,0.308080
1.796000,-6.279807,0.193867,-2.347159,-5.896594,0.983087,-3.865655,3.865655,3.000000,5.977983,-0.004932,0.000822,0.066437,-0.004560,0.008298,0.337713,-0.009443,0.509003,0.172734,-0.004876,0.528870,0.024620,0.287192
1.807000,-4.892380,0.099296,-3.076707,-4.509168,0.888515,-4.595203,4.595203,3.000000,4.595873,-0.004906,0.000967,0.064448,-0.005168,0.016100,0.338432,-0.009503,0.509169,0.172680,-0.004866,0.529050,0.024800,0.221243
1.818000,-4.494999,0.057904,-3.648056,-4.111786,0.847123,-5.166553,5.166553,3.000000,4.198143,-0.004897,0.001009,0.065548,-0.005153,0.019702,0.339150,-0.009560,0.509372,0.172626,-0.004855,0.529270,0.025020,0.190974
1.829000,-5.389784,0.138533,-3.897754,-5.006571,0.927753,-5.416250,5.416250,3.000000,5.091805,-0.004916,0.000911,0.068921,-0.004364,0.019371,0.339903,-0.009613,0.509590,0.172572,-0.004844,0.529490,0.025240,0.193816
1.840000,-6.765940,0.239614,-3.650690,-6.382728,1.028834,-5.169186,5.169186,3.000000,6.465115,-0.004936,0.000796,0.070760,-0.004677,0.017789,0.340677,-0.009667,0.509786,0.172518,-0.004835,0.529710,0.025460,0.207678
1.851000,-7.113073,0.304715,-3.010708,-6.729861,1.093934,-4.529205,4.529205,3.000000,6.818190,-0.004935,0.000802,0.068727,-0.005309,0.014678,0.341438,-0.009725,0.509952,0.172464,-0.004826,0.529930,0.025680,0.235060
1.862000,-6.662154,0.248721,-2.598068,-6.278942,1.037941,-4.116565,4.116565,3.000000,6.364152,-0.004933,0.000815,0.066327,-0.004740,0.013564,0.342167,-0.009775,0.510101,0.172410,-0.004817,0.530150,0.025900,0.245773
1.873000,-6.487996,0.277337,-2.461667,-6.104784,1.066557,-3.980163,3.980163,3.000000,6.197252,-0.004925,0.000861,0.065488,-0.005396,0.012191,0.342879,-0.009835,0.510226,0.172355,-0.004808,0.530350,0.026100,0.258779
1.884000,-6.629507,0.285610,-2.197499,-6.246294,1.074830,-3.715996,3.715996,3.000000,6.338095,-0.004928,0.000848,0.066065,-0.005208,0.009697,0.343608,-0.009892,0.510348,0.172301,-0.004798,0.530350,0.026100,0.277750
1.895000,-6.926289,0.264941,-2.115397,-6.543076,1.054160,-3.633894,3.633894,3.000000,6.627451,-0.004936,0.000795,0.065501,-0.004827,0.008376,0.344334,-0.009945,0.510442,0.172247,-0.004790,0.530350,0.026100,0.287257
1.906000,-6.695295,0.354022,-2.120372,-6.312082,1.143242,-3.638868,3.638868,3.000000,6.414778,-0.004920,0.000891,0.065496,-0.004792,0.010171,0.345058,-0.009996,0.510538,0.172193,-0.004780,0.530350,0.026100,0.270296
1.917000,-5.661249,0.151788,-2.418048,-5.278037,0.941008,-3.936545,3.936545,3.000000,5.361266,-0.004922,0.000878,0.063763,-0.004239,0.011934,0.345760,-0.010040,0.510672,0.172139,-0.004770,0.530350,0.026100,0.252936
1.928000,-4.946899,0.024189,-2.619634,-4.563686,0.813408,-4.138130,4.138130,3.000000,4.635608,-0.004922,0.000877,0.062200,-0.004193,0.014405,0.346435,-0.010085,0.510800,0.172084,-0.004761,0.530510,0.026260,0.232535
1.939000,-4.784030,0.005980,-2.967569,-4.400817,0.795200,-4.486065,4.486065,3.000000,4.472084,-0.004920,0.000889,0.061642,-0.004769,0.013928,0.347114,-0.010140,0.510967,0.172030,-0.004751,0.530730,0.026480,0.237533
1.950000,-5.566997,0.082833,-3.090045,-5.183785,0.872053,-4.608542,4.608542,3.000000,5.256624,-0.004931,0.000829,0.063881,-0.004976,0.015382,0.347807,-0.010193,0.511137,0.171976,-0.004742,0.530950,0.026700,0.226098
1.961000,-6.271071,0.069822,-3.432213,-5.887859,0.859042,-4.950709,4.950709,3.000000,5.950196,-0.004948,0.000722,0.065560,-0.005504,0.017139,0.348533,-0.010249,0.511321,0.171922,-0.004733,0.531170,0.026920,0.211845
1.972000,-6.688085,0.112076,-3.428866,-6.304873,0.901296,-4.947362,4.947362,3.000000,6.368968,-0.004950,0.000708,0.065526,-0.003941,0.019742,0.349255,-0.010301,0.511528,0.171867,-0.004725,0.531390,0.027140,0.189992
1.983000,-6.604290,0.073453,-3.152333,-6.221077,0.862673,-4.670829,4.670829,3.000000,6.280606,-0.004953,0.000687,0.063605,-0.004517,0.018058,0.349962,-0.010353,0.511735,0.171813,-0.004718,0.531610,0.027360,0.204516
1.994000,-6.435607,0.061293,-2.644304,-6.052395,0.850512,-4.162800,4.162800,3.000000,6.111862,-0.004951,0.000696,0.061936,-0.005117,0.014512,0.350643,-0.010403,0.511906,0.171758,-0.004710,0.531830,0.027580,0.235473
2.005000,-6.687211,0.141924,-2.243684,-6.303999,0.931144,-3.762180,3.762180,3.000000,6.372396,-0.004946,0.000731,0.061490,-0.005361,0.011100,0.351329,-0.010456,0.512035,0.171704,-0.004702,0.531930,0.027680,0.263921
2.016000,-6.513756,0.114816,-2.026633,-6.130544,0.904036,-3.545129,3.545129,3.000000,6.196842,-0.004947,0.000729,0.061626,-0.004346,0.011591,0.352009,-0.010506,0.512162,0.171650,-0.004694,0.531930,0.027680,0.257463
2.027000,-6.146668,0.046646,-2.236473,-5.763456,0.835865,-3.754970,3.754970,3.000000,5.823752,-0.004948,0.000718,0.061111,-0.004855,0.014309,0.352673,-0.010558,0.512324,0.171595,-0.004686,0.531930,0.027680,0.231489
2.038000,-5.332332,0.033075,-2.321539,-4.949119,0.822295,-3.840035,3.840035,3.000000,5.016966,-0.004932,0.000820,0.058000,-0.004622,0.016283,0.353328,-0.010609,0.512476,0.171541,-0.004678,0.531930,0.027680,0.211995
2.049000,-5.007440,-0.052977,-2.495457,-4.624227,0.736242,-4.013954,4.013954,3.000000,4.682471,-0.004938,0.000786,0.059343,-0.003719,0.016650,0.353979,-0.010653,0.512665,0.171487,-0.004669,0.531950,0.027700,0.205846
2.060000,-5.123129,-0.033121,-2.441195,-4.739917,0.756099,-3.959691,3.959691,3.000000,4.799843,-0.004938,0.000788,0.058420,-0.004275,0.014377,0.354626,-0.010700,0.512836,0.171432,-0.004660,0.532110,0.027860,0.224936
2.071000,-5.643093,0.041596,-2.518315,-5.259880,0.830816,-4.036811,4.036811,3.000000,5.325091,-0.004939,0.000780,0.059498,-0.004745,0.013155,0.355277,-0.010749,0.512987,0.171378,-0.004652,0.532150,0.027900,0.233304
2.082000,-6.169344,0.097105,-2.620385,-5.786132,0.886325,-4.138881,4.138881,3.000000,5.853622,-0.004942,0.000757,0.060123,-0.005564,0.012587,0.355936,-0.010799,0.513127,0.171324,-0.004643,0.532370,0.028120,0.239569
2.093000,-6.260355,0.112288,-2.894943,-5.877142,0.901508,-4.413439,4.413439,3.000000,5.945882,-0.004942,0.000758,0.060903,-0.004815,0.015810,0.356603,-0.010847,0.513292,0.171269,-0.004635,0.532590,0.028340,0.213199
2.104000,-6.200560,0.076860,-3.231531,-5.817347,0.866079,-4.750027,4.750027,3.000000,5.881465,-0.004945,0.000736,0.060491,-0.003453,0.017381,0.357260,-0.010897,0.513500,0.171215,-0.004627,0.532810,0.028560,0.200087
2.115000,-6.153461,-0.016709,-3.341042,-5.770249,0.772510,-4.859538,4.859538,3.000000,5.821730,-0.004956,0.000663,0.061479,-0.005246,0.019663,0.357941,-0.010951,0.513722,0.171160,-0.004619,0.533030,0.028780,0.180699
2.126000,-6.448478,0.046183,-2.928158,-6.065265,0.835403,-4.446654,4.446654,3.000000,6.122527,-0.004953,0.000682,0.060773,-0.003739,0.016832,0.358612,-0.010998,0.513922,0.171106,-0.004612,0.533250,0.029000,0.205069
2.137000,-6.750854,0.056748,-2.352020,-6.367641,0.845967,-3.870516,3.870516,3.000000,6.423591,-0.004956,0.000658,0.061392,-0.004408,0.012928,0.359282,-0.011048,0.514078,0.171051,-0.004604,0.533390,0.029140,0.237903
2.148000,-6.765696,0.066794,-2.108139,-6.382483,0.856013,-3.626636,3.626636,3.000000,6.439632,-0.004956,0.000665,0.060499,-0.004112,0.012501,0.359952,-0.011097,0.514214,0.170997,-0.004597,0.533390,0.029140,0.239093
2.159000,-6.191911,0.031254,-1.984798,-5.808698,0.820474,-3.503294,3.503294,3.000000,5.866358,-0.004951,0.000699,0.060408,-0.005392,0.012175,0.360616,-0.011150,0.514344,0.170942,-0.004590,0.533390,0.029140,0.239505
2.170000,-5.768195,0.012402,-2.187453,-5.384983,0.801622,-3.705949,3.705949,3.000000,5.444322,-0.004946,0.000736,0.059478,-0.005113,0.014059,0.361276,-0.011204,0.514500,0.170888,-0.004581,0.533390,0.029140,0.220718
2.181000,-5.104868,-0.089738,-2.235386,-4.721655,0.699481,-3.753882,3.753882,3.000000,4.773186,-0.004946,0.000733,0.059122,-0.004582,0.015084,0.361922,-0.011254,0.514666,0.170833,-0.004573,0.533390,0.029140,0.209021
2.192000,-5.173339,-0.051539,-2.318714,-4.790126,0.737681,-3.837210,3.837210,3.000000,4.846595,-0.004942,0.000761,0.060185,-0.004496,0.014865,0.362574,-0.011303,0.514831,0.170779,-0.004565,0.533390,0.029140,0.207921
2.203000,-5.480572,-0.025262,-2.207795,-5.097359,0.763958,-3.726291,3.726291,3.000000,5.154290,-0.004945,0.000741,0.059652,-0.004647,0.013956,0.363228,-0.011353,0.514989,0.170725,-0.004557,0.533390,0.029140,0.212797
2.214000,-6.058724,0.006687,-2.090501,-5.675512,0.795907,-3.608998,3.608998,3.000000,5.731047,-0.004952,0.000694,0.061060,-0.003657,0.009228,0.363895,-0.011401,0.515104,0.170670,-0.004549,0.533390,0.029140,0.250836
2.225000,-6.429901,0.002602,-2.157404,-6.046688,0.791821,-3.675900,3.675900,3.000000,6.098313,-0.004958,0.000649,0.061388,-0.005377,0.009327,0.364564,-0.011451,0.515203,0.170616,-0.004542,0.533390,0.029140,0.248222
2.236000,-6.291915,-0.040204,-2.372346,-5.908703,0.749016,-3.890843,3.890843,3.000000,5.955988,-0.004960,0.000629,0.062750,-0.005108,0.009622,0.365249,-0.011506,0.515307,0.170561,-0.004535,0.533390,0.029140,0.243850
2.247000,-6.384863,-0.081122,-2.742567,-6.001651,0.708098,-4.261064,4.261064,3.000000,6.043278,-0.004966,0.000586,0.062907,-0.005060,0.012120,0.365945,-0.011564,0.515437,0.170507,-0.004528,0.533530,0.029280,0.222825
2.258000,-6.161665,-0.064850,-2.996926,-5.778452,0.724370,-4.515422,4.515422,3.000000,5.823677,-0.004961,0.000622,0.064038,-0.006402,0.014757,0.366638,-0.011624,0.515601,0.170452,-0.004521,0.533750,0.029500,0.201458
2.269000,-6.654564,-0.029495,-2.986926,-6.271351,0.759725,-4.505422,4.505422,3.000000,6.317201,-0.004964,0.000601,0.064716,-0.004785,0.016246,0.367349,-0.011677,0.515754,0.170397,-0.004515,0.533970,0.029720,0.190027
2.280000,-6.760109,-0.051163,-2.649884,-6.376896,0.738057,-4.168380,4.168380,3.000000,6.419465,-0.004967,0.000575,0.063504,-0.004821,0.013453,0.368050,-0.011735,0.515931,0.170343,-0.004508,0.534190,0.029940,0.214491
2.291000,-6.852758,-0.015388,-2.140287,-6.469545,0.773831,-3.658783,3.658783,3.000000,6.515660,-0.004965,0.000594,0.061460,-0.005023,0.009609,0.368742,-0.011788,0.516034,0.170288,-0.004502,0.534250,0.030000,0.246355
2.302000,-6.348086,-0.091038,-2.042730,-5.964874,0.698182,-3.561226,3.561226,3.000000,6.005595,-0.004966,0.000581,0.058863,-0.004280,0.008419,0.369397,-0.011837,0.516132,0.170234,-0.004495,0.534250,0.030000,0.254672
2.313000,-5.602497,-0.158071,-1.897620,-5.219284,0.631149,-3.416116,3.416116,3.000000,5.257307,-0.004964,0.000600,0.056435,-0.004696,0.008527,0.370021,-0.011889,0.516225,0.170179,-0.004489,0.534250,0.030000,0.252085
2.324000,-5.237231,-0.175638,-1.986648,-4.854018,0.613582,-3.505144,3.505144,3.000000,4.892645,-0.004961,0.000627,0.054957,-0.005335,0.010713,0.370625,-0.011937,0.516339,0.170124,-0.004482,0.534250,0.030000,0.231483
2.335000,-5.150283,-0.179149,-2.173627,-4.767070,0.610071,-3.692123,3.692123,3.000000,4.805949,-0.004960,0.000635,0.054879,-0.005275,0.010764,0.371216,-0.011987,0.516461,0.170070,-0.004475,0.534250,0.030000,0.228849
2.346000,-5.519594,-0.103748,-2.175583,-5.136382,0.685471,-3.694080,3.694080,3.000000,5.181919,-0.004956,0.000661,0.055747,-0.004641,0.010464,0.371839,-0.012037,0.516574,0.170015,-0.004468,0.534250,0.030000,0.229364
2.357000,-5.922722,-0.087398,-2.066084,-5.539509,0.701822,-3.584580,3.584580,3.000000,5.583790,-0.004960,0.000628,0.056350,-0.004520,0.008688,0.372448,-0.012084,0.516683,0.169961,-0.004461,0.534250,0.030000,0.242475
2.368000,-6.269416,-0.116646,-1.942198,-5.886203,0.672574,-3.460694,3.460694,3.000000,5.924504,-0.004968,0.000568,0.057884,-0.003707,0.007704,0.373084,-0.012132,0.516782,0.169906,-0.004454,0.534250,0.030000,0.249056
2.379000,-6.293903,-0.153227,-1.907911,-5.910691,0.635993,-3.426408,3.426408,3.000000,5.944809,-0.004971,0.000535,0.057342,-0.003443,0.007082,0.373725,-0.012179,0.516855,0.169852,-0.004448,0.534250,0.030000,0.253012
2.390000,-5.885949,-0.152358,-2.158507,-5.502736,0.636861,-3.677003,3.677003,3.000000,5.539467,-0.004967,0.000575,0.056632,-0.004589,0.006692,0.374346,-0.012229,0.516940,0.169797,-0.004442,0.534250,0.030000,0.254781
2.401000,-5.806539,-0.132689,-2.286294,-5.423326,0.656530,-3.804791,3.804791,3.000000,5.462920,-0.004964,0.000601,0.056927,-0.004895,0.007219,0.374971,-0.012284,0.517022,0.169742,-0.004436,0.534250,0.030000,0.248835
2.412000,-6.059503,-0.132567,-2.564676,-5.676291,0.656652,-4.083172,4.083172,3.000000,5.714146,-0.004967,0.000575,0.056952,-0.004637,0.007714,0.375599,-0.012337,0.517114,0.169688,-0.004429,0.534330,0.030080,0.244420
2.423000,-6.650407,-0.070268,-2.617917,-6.267194,0.718951,-4.136413,4.136413,3.000000,6.308297,-0.004967,0.000570,0.059179,-0.004776,0.006937,0.376243,-0.012391,0.517200,0.169633,-0.004423,0.534550,0.030300,0.253435
2.434000,-6.911770,-0.035789,-2.535801,-6.528557,0.753431,-4.054297,4.054297,3.000000,6.571889,-0.004967,0.000573,0.058738,-0.005937,0.007928,0.376886,-0.012447,0.517281,0.169578,-0.004417,0.534770,0.030520,0.247520
2.445000,-6.624112,-0.052840,-2.697917,-6.240899,0.736379,-4.216414,4.216414,3.000000,6.284192,-0.004966,0.000586,0.058233,-0.004020,0.007894,0.377524,-0.012497,0.517373,0.169524,-0.004410,0.534990,0.030740,0.250112
2.456000,-6.352137,-0.052925,-2.427017,-5.968925,0.736295,-3.945514,3.945514,3.000000,6.014166,-0.004962,0.000612,0.056941,-0.005352,0.009446,0.378152,-0.012551,0.517485,0.169469,-0.004404,0.535150,0.030900,0.237811
2.467000,-5.714861,-0.098901,-2.226904,-5.331648,0.690319,-3.745400,3.745400,3.000000,5.376152,-0.004959,0.000642,0.054942,-0.004530,0.009655,0.378772,-0.012602,0.517584,0.169415,-0.004397,0.535150,0.030900,0.234261
2.478000,-5.429684,-0.132395,-2.143292,-5.046471,0.656824,-3.661788,3.661788,3.000000,5.089037,-0.004958,0.000645,0.054982,-0.005010,0.008861,0.379378,-0.012652,0.517679,0.169360,-0.004390,0.535150,0.030900,0.239285
2.489000,-5.280210,-0.121255,-2.106225,-4.896997,0.667964,-3.624721,3.624721,3.000000,4.942343,-0.004954,0.000676,0.053349,-0.005060,0.008715,0.379970,-0.012702,0.517776,0.169305,-0.004383,0.535150,0.030900,0.238779
2.500000,-5.293409,-0.107475,-2.050485,-4.910197,0.681745,-3.568981,3.568981,3.000000,4.957298,-0.004952,0.000688,0.054106,-0.004274,0.007671,0.380561,-0.012750,0.517869,0.169251,-0.004375,0.535150,0.030900,0.245962
2.511000,-5.938565,0.000304,-2.004416,-5.555352,0.789524,-3.522913,3.522913,3.000000,5.611175,-0.004950,0.000704,0.054676,-0.004268,0.007455,0.381159,-0.012800,0.517934,0.169197,-0.004367,0.535150,0.030900,0.246620
2.522000,-6.047261,0.020275,-1.961893,-5.664049,0.809494,-3.480390,3.480390,3.000000,5.721602,-0.004950,0.000707,0.055638,-0.004507,0.006650,0.381774,-0.012854,0.518012,0.169142,-0.004359,0.535150,0.030900,0.252049
2.533000,-6.042797,0.039921,-1.863349,-5.659584,0.829141,-3.381846,3.381846,3.000000,5.719997,-0.004947,0.000725,0.056444,-0.005327,0.005674,0.382395,-0.012908,0.518069,0.169088,-0.004352,0.535150,0.030900,0.259292
2.544000,-6.225703,0.076675,-1.718842,-5.842490,0.865895,-3.237339,3.237339,3.000000,5.906307,-0.004946,0.000733,0.055830,-0.005007,0.002340,0.383013,-0.012957,0.518102,0.169033,-0.004344,0.535150,0.030900,0.286992
2.555000,-6.170430,0.131487,-1.611523,-5.787217,0.920707,-3.130019,3.130019,3.000000,5.859999,-0.004938,0.000786,0.055724,-0.004142,0.003223,0.383626,-0.013006,0.518137,0.168979,-0.004335,0.535150,0.030900,0.278878
2.566000,-6.242775,0.107862,-1.706818,-5.859562,0.897082,-3.225314,3.225314,3.000000,5.927835,-0.004942,0.000757,0.056652,-0.004646,0.001890,0.384242,-0.013058,0.518166,0.168925,-0.004327,0.535150,0.030900,0.289673
2.577000,-6.669224,0.167474,-1.703652,-6.286011,0.956694,-3.222149,3.222149,3.000000,6.358396,-0.004943,0.000752,0.055998,-0.004815,-0.001041,0.384858,-0.013109,0.518164,0.168870,-0.004319,0.535150,0.030900,0.314568
2.588000,-6.833333,0.136146,-1.800382,-6.450121,0.925366,-3.318879,3.318879,3.000000,6.516161,-0.004949,0.000710,0.057362,-0.005236,-0.001308,0.385483,-0.013164,0.518161,0.168816,-0.004311,0.535150,0.030900,0.316900
2.599000,-6.932314,0.130379,-1.942611,-6.549102,0.919599,-3.461108,3.461108,3.000000,6.613350,-0.004951,0.000695,0.058189,-0.004459,-0.001760,0.386128,-0.013216,0.518137,0.168761,-0.004303,0.535150,0.030900,0.321159
2.610000,-6.670573,0.128053,-2.162841,-6.287361,0.917272,-3.681337,3.681337,3.000000,6.353919,-0.004948,0.000722,0.058496,-0.005771,-0.001340,0.386766,-0.013275,0.518123,0.168707,-0.004295,0.535150,0.030900,0.317842
2.621000,-6.711205,0.111214,-2.230955,-6.327992,0.900433,-3.749451,3.749451,3.000000,6.391734,-0.004950,0.000704,0.058792,-0.005472,-0.002715,0.387410,-0.013331,0.518100,0.168652,-0.004287,0.535150,0.030900,0.329934
2.632000,-6.479086,0.055520,-2.302228,-6.095873,0.844740,-3.820724,3.820724,3.000000,6.154125,-0.004953,0.000686,0.059210,-0.004585,0.001442,0.388063,-0.013386,0.518093,0.168598,-0.004279,0.535150,0.030900,0.294776
2.643000,-5.971261,0.010180,-2.551256,-5.588049,0.799400,-4.069752,4.069752,3.000000,5.644938,-0.004950,0.000708,0.059221,-0.005982,0.003086,0.388715,-0.013445,0.518116,0.168543,-0.004272,0.535250,0.031000,0.282226
2.654000,-5.691618,0.020299,-2.687654,-5.308405,0.809519,-4.206150,4.206150,3.000000,5.369775,-0.004943,0.000754,0.058267,-0.004783,0.005302,0.389361,-0.013501,0.518159,0.168489,-0.004264,0.535470,0.031220,0.266603
2.665000,-5.461502,-0.037434,-2.749382,-5.078290,0.751785,-4.267879,4.267879,3.000000,5.133635,-0.004946,0.000732,0.056426,-0.005174,0.006918,0.389978,-0.013555,0.518234,0.168435,-0.004256,0.535690,0.031440,0.255490
2.676000,-5.463423,-0.022532,-2.660583,-5.080211,0.766687,-4.179079,4.179079,3.000000,5.137738,-0.004944,0.000746,0.055461,-0.004047,0.008609,0.390598,-0.013605,0.518317,0.168380,-0.004247,0.535910,0.031660,0.243622
2.687000,-5.747143,-0.014680,-2.416537,-5.363930,0.774540,-3.935033,3.935033,3.000000,5.419563,-0.004949,0.000715,0.054862,-0.004900,0.006888,0.391202,-0.013656,0.518391,0.168326,-0.004239,0.536070,0.031820,0.259769
2.698000,-5.666058,-0.000639,-2.381488,-5.282846,0.788580,-3.899985,3.899985,3.000000,5.341378,-0.004945,0.000738,0.053167,-0.004819,0.005596,0.391787,-0.013706,0.518465,0.168271,-0.004231,0.536070,0.031820,0.269391
2.709000,-5.711315,0.002964,-2.239315,-5.328103,0.792184,-3.757811,3.757811,3.000000,5.386672,-0.004946,0.000735,0.052926,-0.005269,0.006288,0.392369,-0.013754,0.518535,0.168217,-0.004223,0.536070,0.031820,0.262259
2.720000,-6.004687,0.004809,-2.036623,-5.621474,0.794029,-3.555119,3.555119,3.000000,5.677275,-0.004951,0.000699,0.053399,-0.004228,0.004083,0.392958,-0.013799,0.518568,0.168163,-0.004215,0.536070,0.031820,0.280382
2.731000,-6.392689,0.047186,-1.881494,-6.009476,0.836406,-3.399990,3.399990,3.000000,6.067403,-0.004952,0.000689,0.052703,-0.004043,0.002809,0.393543,-0.013847,0.518603,0.168108,-0.004208,0.536070,0.031820,0.290555
2.742000,-6.337898,0.034241,-1.890989,-5.954686,0.823461,-3.409485,3.409485,3.000000,6.011354,-0.004953,0.000685,0.050687,-0.004194,0.002502,0.394103,-0.013897,0.518621,0.168054,-0.004200,0.536070,0.031820,0.292849
2.753000,-6.311570,0.016613,-1.929462,-5.928357,0.805833,-3.447958,3.447958,3.000000,5.982875,-0.004954,0.000673,0.049782,-0.004343,0.001810,0.394642,-0.013941,0.518646,0.167999,-0.004193,0.536070,0.031820,0.298261
2.764000,-6.358062,0.024861,-1.948734,-5.974850,0.814081,-3.467230,3.467230,3.000000,6.030055,-0.004954,0.000675,0.048142,-0.003950,-0.000248,0.395181,-0.013986,0.518655,0.167945,-0.004185,0.536070,0.031820,0.315559
2.775000,-6.478096,-0.010677,-1.871907,-6.094884,0.778543,-3.390403,3.390403,3.000000,6.144407,-0.004960,0.000634,0.047408,-0.003731,0.000078,0.395702,-0.014028,0.518655,0.167890,-0.004178,0.536070,0.031820,0.312791
2.786000,-6.540476,0.005489,-1.807513,-6.157263,0.794709,-3.326009,3.326009,3.000000,6.208338,-0.004959,0.000640,0.046534,-0.003800,0.000736,0.396215,-0.014067,0.518663,0.167836,-0.004171,0.536070,0.031820,0.307080
2.797000,-6.344091,0.007566,-1.856282,-5.960878,0.796786,-3.374778,3.374778,3.000000,6.013895,-0.004956,0.000662,0.045574,-0.002742,0.000948,0.396716,-0.014107,0.518666,0.167781,-0.004164,0.536070,0.031820,0.305227
2.808000,-6.266472,-0.008854,-1.953767,-5.883259,0.780366,-3.472264,3.472264,3.000000,5.934788,-0.004957,0.000657,0.045146,-0.003843,-0.002280,0.397212,-0.014148,0.518656,0.167727,-0.004157,0.536070,0.031820,0.332785
2.819000,-5.995884,-0.026476,-2.168540,-5.612671,0.762744,-3.687036,3.687036,3.000000,5.664261,-0.004954,0.000673,0.044234,-0.003582,0.001017,0.397698,-0.014185,0.518658,0.167672,-0.004149,0.536070,0.031820,0.304784
2.830000,-5.810764,-0.071004,-2.361695,-5.427552,0.718215,-3.880191,3.880191,3.000000,5.474865,-0.004957,0.000656,0.043266,-0.004028,0.001063,0.398174,-0.014224,0.518665,0.167618,-0.004142,0.536070,0.031820,0.304257
2.841000,-5.810300,-0.068148,-2.663392,-5.427087,0.721072,-4.181888,4.181888,3.000000,5.474780,-0.004956,0.000659,0.043324,-0.003565,0.002418,0.398653,-0.014260,0.518691,0.167563,-0.004135,0.536210,0.031960,0.294811
2.852000,-5.435512,-0.101675,-2.903537,-5.052300,0.687545,-4.422033,4.422033,3.000000,5.098868,-0.004954,0.000674,0.042240,-0.003949,0.006129,0.399119,-0.014299,0.518753,0.167509,-0.004127,0.536430,0.032180,0.266173
2.863000,-5.216359,-0.117005,-3.014183,-4.833146,0.672215,-4.532680,4.532680,3.000000,4.879670,-0.004952,0.000689,0.042778,-0.002552,0.008919,0.399588,-0.014334,0.518845,0.167454,-0.004120,0.536650,0.032400,0.244800
2.874000,-5.354281,-0.186866,-3.132942,-4.971068,0.602354,-4.651438,4.651438,3.000000,5.007429,-0.004964,0.000601,0.042762,-0.002314,0.011180,0.400062,-0.014370,0.518962,0.167400,-0.004113,0.536870,0.032620,0.227476
2.885000,-5.346737,-0.133067,-3.172074,-4.963524,0.656153,-4.690570,4.690570,3.000000,5.006706,-0.004957,0.000655,0.043712,-0.002388,0.013499,0.400546,-0.014406,0.519112,0.167345,-0.004106,0.537090,0.032840,0.209051
2.896000,-5.526596,-0.149818,-2.741567,-5.143383,0.639402,-4.260063,4.260063,3.000000,5.182975,-0.004962,0.000617,0.044663,-0.002347,0.012173,0.401032,-0.014441,0.519241,0.167290,-0.004099,0.537310,0.033060,0.221938
2.907000,-5.900815,-0.111091,-2.388906,-5.517602,0.678129,-3.907402,3.907402,3.000000,5.559118,-0.004963,0.000610,0.044151,-0.003251,0.009193,0.401526,-0.014477,0.519369,0.167236,-0.004092,0.537450,0.033200,0.247453
2.918000,-6.001851,-0.082691,-2.065171,-5.618639,0.706529,-3.583667,3.583667,3.000000,5.662886,-0.004961,0.000624,0.044281,-0.003560,0.009320,0.402020,-0.014519,0.519454,0.167181,-0.004085,0.537450,0.033200,0.244836
2.929000,-5.907001,-0.115774,-1.886857,-5.523789,0.673446,-3.405353,3.405353,3.000000,5.564690,-0.004963,0.000605,0.043312,-0.004362,0.005070,0.402498,-0.014559,0.519529,0.167127,-0.004079,0.537450,0.033200,0.279540
2.940000,-6.318460,-0.049765,-1.849256,-5.935248,0.739455,-3.367752,3.367752,3.000000,5.981134,-0.004962,0.000618,0.043649,-0.003467,0.004575,0.402980,-0.014599,0.519591,0.167072,-0.004072,0.537450,0.033200,0.282631
2.951000,-6.501343,-0.025674,-1.770086,-6.118130,0.763546,-3.288582,3.288582,3.000000,6.165592,-0.004962,0.000619,0.043438,-0.003828,0.003601,0.403460,-0.014641,0.519639,0.167017,-0.004065,0.537450,0.033200,0.290031
2.962000,-6.478168,0.007267,-1.781731,-6.094955,0.796487,-3.300227,3.300227,3.000000,6.146777,-0.004958,0.000648,0.043277,-0.003243,0.003985,0.403935,-0.014678,0.519687,0.166963,-0.004058,0.537450,0.033200,0.285916
2.973000,-6.389390,0.019361,-1.724942,-6.006178,0.808581,-3.243438,3.243438,3.000000,6.060361,-0.004955,0.000667,0.041700,-0.003522,0.002960,0.404394,-0.014714,0.519726,0.166908,-0.004051,0.537450,0.033200,0.293911
2.984000,-6.046389,0.005941,-1.632783,-5.663177,0.795160,-3.151279,3.151279,3.000000,5.718728,-0.004951,0.000695,0.041105,-0.002865,0.003782,0.404851,-0.014747,0.519762,0.166854,-0.004043,0.537450,0.033200,0.286287
2.995000,-6.049176,-0.037326,-1.599973,-5.665963,0.751893,-3.118469,3.118469,3.000000,5.715635,-0.004957,0.000658,0.042277,-0.002328,0.001587,0.405314,-0.014776,0.519787,0.166799,-0.004036,0.537450,0.033200,0.304465
3.006000,-6.142844,-0.026247,-1.631703,-5.759631,0.762973,-3.150200,3.150200,3.000000,5.809946,-0.004957,0.000657,0.041087,-0.003258,0.001904,0.405772,-0.014814,0.519804,0.166745,-0.004029,0.537450,0.033200,0.301465
3.017000,-5.789171,-0.075999,-1.848169,-5.405958,0.713221,-3.366665,3.366665,3.000000,5.452804,-0.004957,0.000654,0.040065,-0.002806,0.000967,0.406210,-0.014843,0.519818,0.166690,-0.004022,0.537450,0.033200,0.309166
3.028000,-5.561546,-0.172663,-2.055321,-5.178334,0.616556,-3.573817,3.573817,3.000000,5.214909,-0.004965,0.000591,0.039923,-0.002726,0.002702,0.406646,-0.014872,0.519834,0.166636,-0.004015,0.537450,0.033200,0.294157
3.039000,-5.389887,-0.177411,-2.396017,-5.006674,0.611809,-3.914513,3.914513,3.000000,5.043917,-0.004963,0.000606,0.038472,-0.003223,0.003996,0.407073,-0.014911,0.519875,0.166581,-0.004008,0.537450,0.033200,0.282445
3.050000,-5.228160,-0.249704,-2.617839,-4.844947,0.539515,-4.136336,4.136336,3.000000,4.874894,-0.004969,0.000553,0.038244,-0.003372,0.005581,0.407490,-0.014941,0.519929,0.166527,-0.004002,0.537630,0.033380,0.271247
3.061000,-5.173742,-0.250077,-2.701194,-4.790530,0.539143,-4.219690,4.219690,3.000000,4.820773,-0.004969,0.000559,0.038749,-0.002657,0.007592,0.407916,-0.014972,0.520007,0.166472,-0.003996,0.537850,0.033600,0.256743
3.072000,-5.273503,-0.238284,-2.745122,-4.890290,0.550936,-4.263618,4.263618,3.000000,4.921226,-0.004969,0.000560,0.039370,-0.002972,0.009825,0.408347,-0.015008,0.520106,0.166417,-0.003990,0.538070,0.033820,0.239973
3.083000,-5.148298,-0.274718,-2.741090,-4.765085,0.514502,-4.259586,4.259586,3.000000,4.792781,-0.004971,0.000537,0.039566,-0.003523,0.012521,0.408785,-0.015039,0.520236,0.166363,-0.003984,0.538290,0.034040,0.218725
3.094000,-5.108895,-0.273360,-2.430574,-4.725683,0.515860,-3.949071,3.949071,3.000000,4.753755,-0.004970,0.000543,0.041239,-0.003511,0.012059,0.409234,-0.015074,0.520368,0.166308,-0.003978,0.538470,0.034220,0.223506
3.105000,-5.440740,-0.213164,-2.029521,-5.057527,0.576056,-3.548018,3.548018,3.000000,5.090228,-0.004968,0.000566,0.041819,-0.003614,0.011730,0.409692,-0.015112,0.520488,0.166253,-0.003972,0.538470,0.034220,0.224141
3.116000,-5.600583,-0.193481,-1.876971,-5.217370,0.595738,-3.395467,3.395467,3.000000,5.251272,-0.004968,0.000567,0.040824,-0.003227,0.006342,0.410137,-0.015147,0.520570,0.166199,-0.003965,0.538470,0.034220,0.268381
3.127000,-5.855400,-0.181709,-1.613313,-5.472188,0.607510,-3.131810,3.131810,3.000000,5.505807,-0.004969,0.000552,0.040445,-0.003390,0.004740,0.410585,-0.015186,0.520633,0.166144,-0.003959,0.538470,0.034220,0.280843
3.138000,-5.921422,-0.118052,-1.437541,-5.538209,0.671168,-2.956037,2.956037,3.000000,5.578730,-0.004964,0.000602,0.040177,-0.003389,0.003131,0.411028,-0.015225,0.520680,0.166089,-0.003953,0.538470,0.034220,0.293644
3.149000,-6.148987,-0.076949,-1.486134,-5.765774,0.712271,-3.004630,3.004630,3.000000,5.809602,-0.004962,0.000613,0.040157,-0.002724,0.003908,0.411466,-0.015259,0.520709,0.166035,-0.003946,0.538470,0.034220,0.286519
3.160000,-6.114828,-0.125163,-1.597292,-5.731615,0.664057,-3.115788,3.115788,3.000000,5.769955,-0.004967,0.000575,0.039184,-0.002807,0.005104,0.411902,-0.015294,0.520761,0.165980,-0.003940,0.538470,0.034220,0.275451
3.171000,-6.105822,-0.058030,-1.681950,-5.722609,0.731190,-3.200446,3.200446,3.000000,5.769133,-0.004960,0.000634,0.039345,-0.003543,0.003205,0.412337,-0.015329,0.520799,0.165925,-0.003933,0.538470,0.034220,0.290871
3.182000,-5.968916,-0.084530,-1.693361,-5.585703,0.704690,-3.211857,3.211857,3.000000,5.629979,-0.004961,0.000626,0.038370,-0.002815,0.003231,0.412758,-0.015357,0.520836,0.165871,-0.003926,0.538470,0.034220,0.289985
3.193000,-5.658254,-0.077852,-1.735723,-5.275041,0.711368,-3.254219,3.254219,3.000000,5.322791,-0.004955,0.000668,0.037741,-0.002636,0.004247,0.413169,-0.015391,0.520887,0.165816,-0.003919,0.538470,0.034220,0.280442
3.204000,-5.702602,-0.105195,-1.761551,-5.319390,0.684025,-3.280047,3.280047,3.000000,5.363189,-0.004959,0.000638,0.038714,-0.003195,0.005119,0.413598,-0.015423,0.520943,0.165762,-0.003912,0.538470,0.034220,0.272042
3.215000,-5.870515,-0.099680,-1.676983,-5.487303,0.689540,-3.195480,3.195480,3.000000,5.530457,-0.004961,0.000623,0.038275,-0.003991,0.002649,0.414025,-0.015458,0.520981,0.165707,-0.003905,0.538470,0.034220,0.292309
3.226000,-5.652614,-0.117362,-1.786392,-5.269401,0.671858,-3.304888,3.304888,3.000000,5.312060,-0.004960,0.000632,0.036473,-0.002292,0.003165,0.414429,-0.015488,0.521012,0.165653,-0.003898,0.538470,0.034220,0.287374
3.237000,-5.394465,-0.158240,-1.945441,-5.011252,0.630980,-3.463938,3.463938,3.000000,5.050820,-0.004961,0.000625,0.036277,-0.003191,0.002274,0.414832,-0.015521,0.521041,0.165598,-0.003891,0.538470,0.034220,0.294418
3.248000,-5.470672,-0.138599,-2.019195,-5.087459,0.650621,-3.537691,3.537691,3.000000,5.128893,-0.004960,0.000634,0.035768,-0.002461,0.004012,0.415233,-0.015552,0.521084,0.165544,-0.003884,0.538470,0.034220,0.278898
3.259000,-5.076764,-0.192328,-2.437835,-4.693552,0.596891,-3.956331,3.956331,3.000000,4.731354,-0.004960,0.000631,0.034243,-0.003193,0.006561,0.415615,-0.015581,0.521145,0.165489,-0.003877,0.538470,0.034220,0.256165
3.270000,-4.907527,-0.265178,-2.619665,-4.524314,0.524041,-4.138162,4.138162,3.000000,4.554563,-0.004967,0.000575,0.034791,-0.002778,0.007061,0.415998,-0.015606,0.521223,0.165434,-0.003871,0.538670,0.034420,0.254113
3.281000,-4.984584,-0.242781,-2.725864,-4.601372,0.546439,-4.244361,4.244361,3.000000,4.633704,-0.004965,0.000590,0.035500,-0.002325,0.009243,0.416384,-0.015635,0.521325,0.165380,-0.003864,0.538890,0.034640,0.237743
3.292000,-5.125059,-0.269600,-2.780216,-4.741847,0.519620,-4.298712,4.298712,3.000000,4.770232,-0.004970,0.000545,0.035654,-0.002899,0.011572,0.416778,-0.015667,0.521448,0.165325,-0.003858,0.539110,0.034860,0.219705
3.303000,-5.094329,-0.277257,-2.882345,-4.711116,0.511963,-4.400842,4.400842,3.000000,4.738852,-0.004971,0.000540,0.036322,-0.002737,0.015312,0.417176,-0.015697,0.521594,0.165270,-0.003852,0.539330,0.035080,0.189303
3.314000,-5.180449,-0.250247,-2.690046,-4.797237,0.538973,-4.208542,4.208542,3.000000,4.827419,-0.004969,0.000558,0.038155,-0.003868,0.012849,0.417588,-0.015734,0.521747,0.165216,-0.003846,0.539550,0.035300,0.211423
3.325000,-5.396156,-0.171904,-2.187885,-5.012943,0.617316,-3.706382,3.706382,3.000000,5.050810,-0.004963,0.000611,0.038523,-0.003400,0.011482,0.418012,-0.015767,0.521886,0.165161,-0.003840,0.539630,0.035380,0.221954
3.336000,-5.398558,-0.209748,-2.087587,-5.015346,0.579472,-3.606083,3.606083,3.000000,5.048711,-0.004967,0.000574,0.037077,-0.002283,0.013020,0.418419,-0.015796,0.522031,0.165107,-0.003833,0.539630,0.035380,0.206301
3.347000,-5.553972,-0.206881,-1.913741,-5.170760,0.582339,-3.432237,3.432237,3.000000,5.203448,-0.004969,0.000560,0.037634,-0.003066,0.009690,0.418837,-0.015828,0.522130,0.165052,-0.003827,0.539630,0.035380,0.232758
3.358000,-5.757000,-0.141199,-1.729739,-5.373788,0.648020,-3.248235,3.248235,3.000000,5.412719,-0.004964,0.000599,0.037558,-0.002912,0.008272,0.419249,-0.015860,0.522234,0.164997,-0.003820,0.539630,0.035380,0.242936
3.369000,-6.195670,-0.140223,-1.757676,-5.812458,0.648997,-3.276172,3.276172,3.000000,5.848578,-0.004969,0.000555,0.037727,-0.002698,0.007672,0.419659,-0.015888,0.522318,0.164943,-0.003814,0.539630,0.035380,0.246500
3.380000,-6.270914,-0.176182,-1.843771,-5.887702,0.613037,-3.362268,3.362268,3.000000,5.919531,-0.004973,0.000518,0.036973,-0.002276,0.007811,0.420070,-0.015919,0.522405,0.164888,-0.003808,0.539630,0.035380,0.243753
3.391000,-6.135005,-0.174706,-1.760681,-5.751793,0.614513,-3.279177,3.279177,3.000000,5.784527,-0.004972,0.000531,0.036549,-0.003112,0.007618,0.420468,-0.015949,0.522490,0.164833,-0.003802,0.539630,0.035380,0.243871
3.402000,-5.806311,-0.168123,-1.775645,-5.423099,0.621096,-3.294141,3.294141,3.000000,5.458549,-0.004968,0.000569,0.034092,-0.004033,0.007351,0.420856,-0.015984,0.522571,0.164779,-0.003796,0.539630,0.035380,0.244682
3.413000,-5.306432,-0.213313,-1.869494,-4.923220,0.575907,-3.387991,3.387991,3.000000,4.956789,-0.004966,0.000581,0.033263,-0.002246,0.009810,0.421226,-0.016014,0.522672,0.164724,-0.003790,0.539630,0.035380,0.221997
3.424000,-5.273232,-0.261168,-1.745064,-4.890019,0.528051,-3.263560,3.263560,3.000000,4.918448,-0.004971,0.000537,0.033342,-0.003380,0.009222,0.421591,-0.016043,0.522768,0.164669,-0.003784,0.539630,0.035380,0.225259
3.435000,-5.773279,-0.221596,-1.591006,-5.390066,0.567624,-3.109502,3.109502,3.000000,5.419872,-0.004973,0.000524,0.034112,-0.002877,0.006300,0.421969,-0.016071,0.522834,0.164615,-0.003778,0.539630,0.035380,0.248855
3.446000,-6.142223,-0.166329,-1.586856,-5.759010,0.622891,-3.105352,3.105352,3.000000,5.792598,-0.004971,0.000538,0.034142,-0.002729,0.003473,0.422347,-0.016100,0.522887,0.164560,-0.003772,0.539630,0.035380,0.271902
3.457000,-5.974231,-0.185297,-1.701566,-5.591019,0.603922,-3.220063,3.220063,3.000000,5.623541,-0.004971,0.000537,0.032636,-0.003374,0.004428,0.422712,-0.016125,0.522927,0.164505,-0.003766,0.539630,0.035380,0.263071
3.468000,-5.510966,-0.248743,-1.818127,-5.127753,0.540477,-3.336623,3.336623,3.000000,5.156158,-0.004972,0.000524,0.031376,-0.002825,0.003539,0.423058,-0.016152,0.522964,0.164451,-0.003761,0.539630,0.035380,0.269956
3.479000,-5.031115,-0.282142,-2.008935,-4.647903,0.507077,-3.527432,3.527432,3.000000,4.675481,-0.004971,0.000542,0.030586,-0.002677,0.005135,0.423393,-0.016180,0.523023,0.164396,-0.003755,0.539630,0.035380,0.255351
3.490000,-5.009818,-0.333815,-2.310909,-4.626606,0.455405,-3.829406,3.829406,3.000000,4.648965,-0.004976,0.000490,0.030062,-0.002742,0.006651,0.423726,-0.016208,0.523091,0.164341,-0.003749,0.539630,0.035380,0.241263
3.501000,-5.118262,-0.306141,-2.406119,-4.735049,0.483079,-3.924616,3.924616,3.000000,4.759628,-0.004974,0.000507,0.030174,-0.002971,0.007281,0.424060,-0.016232,0.523161,0.164286,-0.003744,0.539630,0.035380,0.234650
3.512000,-5.181165,-0.314527,-2.421155,-4.797952,0.474693,-3.939652,3.939652,3.000000,4.821377,-0.004976,0.000492,0.031135,-0.002330,0.006954,0.424391,-0.016255,0.523241,0.164232,-0.003738,0.539630,0.035380,0.235978
3.523000,-5.403702,-0.361909,-2.367487,-5.020490,0.427311,-3.885984,3.885984,3.000000,5.038642,-0.004982,0.000424,0.031687,-0.002001,0.008799,0.424742,-0.016278,0.523334,0.164177,-0.003733,0.539630,0.035380,0.218658
3.534000,-5.208382,-0.354068,-2.504275,-4.825170,0.435152,-4.022771,4.022771,3.000000,4.844752,-0.004980,0.000449,0.032475,-0.001342,0.011562,0.425091,-0.016303,0.523461,0.164122,-0.003728,0.539690,0.035440,0.194009
3.545000,-5.077524,-0.380416,-2.440588,-4.694311,0.408804,-3.959084,3.959084,3.000000,4.712078,-0.004981,0.000434,0.032924,-0.002775,0.012443,0.425447,-0.016331,0.523606,0.164067,-0.003723,0.539850,0.035600,0.186790
3.556000,-4.982172,-0.362255,-2.170946,-4.598960,0.426964,-3.689442,3.689442,3.000000,4.618737,-0.004979,0.000462,0.033435,-0.001838,0.014003,0.425818,-0.016355,0.523757,0.164013,-0.003718,0.539850,0.035600,0.170851
3.567000,-4.843820,-0.374765,-1.956917,-4.460607,0.414455,-3.475414,3.475414,3.000000,4.479821,-0.004979,0.000463,0.032941,-0.002287,0.013509,0.426181,-0.016386,0.523909,0.163958,-0.003713,0.539850,0.035600,0.172308
3.578000,-5.251304,-0.408776,-1.864325,-4.868092,0.380443,-3.382822,3.382822,3.000000,4.882935,-0.004985,0.000390,0.033612,-0.002896,0.010432,0.426549,-0.016414,0.524032,0.163903,-0.003709,0.539850,0.035600,0.196202
3.589000,-5.857940,-0.325992,-1.604483,-5.474727,0.463228,-3.122979,3.122979,3.000000,5.494290,-0.004982,0.000422,0.034980,-0.003409,0.006895,0.426935,-0.016444,0.524116,0.163848,-0.003704,0.539850,0.035600,0.224692
3.600000,-6.035010,-0.281674,-1.443319,-5.651797,0.507546,-2.961816,2.961816,3.000000,5.674541,-0.004980,0.000447,0.034917,-0.001667,0.005145,0.427318,-0.016471,0.524189,0.163793,-0.003699,0.539850,0.035600,0.238231
3.611000,-6.099905,-0.325592,-1.413989,-5.716693,0.463628,-2.932486,2.932486,3.000000,5.735462,-0.004984,0.000404,0.034744,-0.003112,0.005361,0.427709,-0.016505,0.524250,0.163739,-0.003695,0.539850,0.035600,0.235303
3.622000,-5.668675,-0.320310,-1.477480,-5.285462,0.468909,-2.995976,2.995976,3.000000,5.306222,-0.004980,0.000442,0.033701,-0.002661,0.007416,0.428082,-0.016535,0.524324,0.163684,-0.003690,0.539850,0.035600,0.216542
3.633000,-5.474247,-0.328364,-1.508512,-5.091035,0.460856,-3.027008,3.027008,3.000000,5.111851,-0.004980,0.000451,0.032963,-0.002026,0.004972,0.428446,-0.016564,0.524394,0.163629,-0.003685,0.539850,0.035600,0.236009
3.644000,-5.704821,-0.272002,-1.545048,-5.321608,0.517218,-3.063544,3.063544,3.000000,5.346684,-0.004977,0.000484,0.033474,-0.002249,0.004363,0.428815,-0.016595,0.524448,0.163574,-0.003680,0.539850,0.035600,0.240215
3.655000,-6.154612,-0.211374,-1.464114,-5.771399,0.577846,-2.982610,2.982610,3.000000,5.800255,-0.004975,0.000498,0.033687,-0.002304,0.002296,0.429183,-0.016627,0.524477,0.163520,-0.003675,0.539850,0.035600,0.257220
3.666000,-6.356350,-0.251633,-1.400199,-5.973138,0.537587,-2.918695,2.918695,3.000000,5.997281,-0.004980,0.000448,0.034916,-0.002241,0.002620,0.429561,-0.016652,0.524510,0.163465,-0.003669,0.539850,0.035600,0.253886
3.677000,-6.045518,-0.262974,-1.478686,-5.662305,0.526246,-2.997182,2.997182,3.000000,5.686707,-0.004979,0.000463,0.032933,-0.002021,0.004402,0.429929,-0.016677,0.524556,0.163410,-0.003664,0.539850,0.035600,0.237920
3.688000,-5.553477,-0.341621,-1.535432,-5.170264,0.447599,-3.053928,3.053928,3.000000,5.189603,-0.004981,0.000431,0.030980,-0.001499,0.004487,0.430274,-0.016703,0.524607,0.163355,-0.003659,0.539850,0.035600,0.236303
3.699000,-5.297421,-0.433198,-1.663241,-4.914208,0.356022,-3.181737,3.181737,3.000000,4.927088,-0.004987,0.000361,0.030224,-0.001388,0.002784,0.430608,-0.016723,0.524642,0.163300,-0.003655,0.539850,0.035600,0.250112
3.710000,-5.450623,-0.427255,-1.722617,-5.067411,0.361965,-3.241113,3.241113,3.000000,5.080322,-0.004987,0.000356,0.030405,-0.002224,0.000100,0.430935,-0.016749,0.524655,0.163246,-0.003651,0.539850,0.035600,0.272649
3.721000,-5.871136,-0.447223,-1.649964,-5.487923,0.341997,-3.168460,3.168460,3.000000,5.498569,-0.004990,0.000311,0.030204,-0.001817,-0.001149,0.431261,-0.016767,0.524648,0.163191,-0.003648,0.539850,0.035600,0.283377
3.732000,-6.044377,-0.496565,-1.757360,-5.661165,0.292655,-3.275856,3.275856,3.000000,5.668724,-0.004993,0.000258,0.029844,-0.000914,-0.001394,0.431594,-0.016782,0.524631,0.163136,-0.003645,0.539850,0.035600,0.285767
3.743000,-5.755370,-0.503963,-1.921937,-5.372158,0.285257,-3.440433,3.440433,3.000000,5.379726,-0.004993,0.000265,0.028661,-0.000985,-0.000213,0.431910,-0.016798,0.524620,0.163081,-0.003642,0.539850,0.035600,0.275937
3.754000,-5.437983,-0.591503,-2.061491,-5.054771,0.197717,-3.579987,3.579987,3.000000,5.058636,-0.004996,0.000195,0.028682,0.000153,-0.000310,0.432225,-0.016803,0.524620,0.163026,-0.003639,0.539850,0.035600,0.276766
3.765000,-5.296935,-0.751375,-2.078710,-4.913723,0.037845,-3.597206,3.597206,3.000000,4.913869,-0.005000,0.000039,0.029042,0.001793,0.000678,0.432545,-0.016793,0.524630,0.162971,-0.003638,0.539850,0.035600,0.268199
3.776000,-4.863230,-0.698042,-2.233912,-4.480018,0.091178,-3.752408,3.752408,3.000000,4.480946,-0.004999,0.000102,0.028497,-0.000685,0.003810,0.432851,-0.016790,0.524665,0.162916,-0.003638,0.539850,0.035600,0.240994
3.787000,-4.870023,-0.571060,-2.228384,-4.486810,0.218159,-3.746880,3.746880,3.000000,4.492111,-0.004994,0.000243,0.027782,-0.000718,0.003472,0.433165,-0.016795,0.524711,0.162861,-0.003635,0.539850,0.035600,0.243035
3.798000,-4.983616,-0.612381,-2.236978,-4.600404,0.176838,-3.755475,3.755475,3.000000,4.603801,-0.004996,0.000192,0.029327,0.000249,0.004769,0.433479,-0.016798,0.524768,0.162806,-0.003633,0.539850,0.035600,0.231005
3.809000,-5.299280,-0.603428,-2.165840,-4.916067,0.185792,-3.684336,3.684336,3.000000,4.919577,-0.004996,0.000189,0.031684,-0.000648,0.004534,0.433823,-0.016803,0.524823,0.162751,-0.003631,0.539850,0.035600,0.232010
3.820000,-5.710355,-0.673286,-1.901928,-5.327142,0.115934,-3.420425,3.420425,3.000000,5.328404,-0.004999,0.000109,0.033255,-0.000242,0.006270,0.434181,-0.016806,0.524888,0.162696,-0.003629,0.539850,0.035600,0.216109
3.831000,-5.483406,-0.621745,-1.817516,-5.100193,0.167475,-3.336013,3.336013,3.000000,5.102942,-0.004997,0.000164,0.031852,-0.000448,0.006923,0.434531,-0.016813,0.524956,0.162641,-0.003628,0.539850,0.035600,0.209338
3.842000,-5.184019,-0.642715,-1.857143,-4.800806,0.146505,-3.375639,3.375639,3.000000,4.803041,-0.004998,0.000153,0.031120,-0.001110,0.004736,0.434873,-0.016814,0.525017,0.162586,-0.003626,0.539850,0.035600,0.226798
3.853000,-5.392150,-0.637710,-1.613406,-5.008937,0.151510,-3.131902,3.131902,3.000000,5.011228,-0.004998,0.000151,0.033043,0.000211,0.003276,0.435231,-0.016812,0.525059,0.162531,-0.003624,0.539850,0.035600,0.238441
3.864000,-5.752172,-0.727268,-1.406025,-5.368960,0.061952,-2.924521,2.924521,3.000000,5.369317,-0.005000,0.000058,0.032563,0.000948,0.001491,0.435589,-0.016811,0.525072,0.162476,-0.003623,0.539850,0.035600,0.253341
3.875000,-5.988641,-0.804144,-1.386446,-5.605428,-0.014924,-2.904943,2.904943,3.000000,5.605448,-0.005000,-0.000013,0.033071,0.001459,-0.000769,0.435952,-0.016803,0.525078,0.162421,-0.003623,0.539850,0.035600,0.272419
3.886000,-6.091444,-0.840938,-1.410117,-5.708232,-0.051718,-2.928613,2.928613,3.000000,5.708466,-0.005000,-0.000045,0.032654,0.001694,-0.000538,0.436314,-0.016787,0.525067,0.162366,-0.003623,0.539850,0.035600,0.270644
3.897000,-6.127023,-0.851487,-1.482110,-5.743811,-0.062268,-3.000607,3.000607,3.000000,5.744148,-0.005000,-0.000054,0.033286,0.001798,-0.000678,0.436676,-0.016772,0.525059,0.162311,-0.003624,0.539850,0.035600,0.271983
3.908000,-6.390331,-0.835452,-1.403435,-6.007119,-0.046232,-2.921931,2.921931,3.000000,6.007297,-0.005000,-0.000038,0.033140,0.000525,-0.002266,0.437043,-0.016757,0.525027,0.162256,-0.003625,0.539850,0.035600,0.286030
3.919000,-6.103376,-0.790184,-1.557978,-5.720164,-0.000964,-3.076475,3.076475,3.000000,5.720164,-0.005000,-0.000001,0.031804,0.001967,-0.001260,0.437395,-0.016742,0.525011,0.162201,-0.003625,0.539850,0.035600,0.277782
3.930000,-5.890489,-0.956032,-1.603883,-5.507276,-0.166813,-3.122380,3.122380,3.000000,5.509802,-0.004998,-0.000151,0.031015,0.002374,-0.002379,0.437739,-0.016717,0.524991,0.162146,-0.003626,0.539850,0.035600,0.287637
3.941000,-5.894717,-1.003534,-1.520706,-5.511504,-0.214314,-3.039202,3.039202,3.000000,5.515670,-0.004996,-0.000194,0.031302,0.002341,-0.001174,0.438082,-0.016690,0.524971,0.162091,-0.003628,0.539850,0.035600,0.277766
3.952000,-5.737968,-0.855319,-1.503401,-5.354755,-0.066100,-3.021897,3.021897,3.000000,5.355163,-0.005000,-0.000062,0.030486,0.002167,-0.000794,0.438418,-0.016671,0.524958,0.162036,-0.003629,0.539850,0.035600,0.274777
3.963000,-5.705554,-0.832688,-1.473559,-5.322341,-0.043468,-2.992055,2.992055,3.000000,5.322519,-0.005000,-0.000041,0.029986,0.001970,-0.001359,0.438745,-0.016655,0.524938,0.161981,-0.003629,0.539850,0.035600,0.279948
3.974000,-5.954782,-0.882703,-1.465833,-5.571569,-0.093483,-2.984330,2.984330,3.000000,5.572354,-0.004999,-0.000084,0.030172,0.001281,-0.004230,0.439077,-0.016630,0.524896,0.161926,-0.003630,0.539850,0.035600,0.305047
3.985000,-6.327208,-0.868115,-1.433616,-5.943995,-0.078896,-2.952112,2.952112,3.000000,5.944519,-0.005000,-0.000066,0.030396,0.002190,-0.006351,0.439410,-0.016605,0.524824,0.161871,-0.003631,0.539850,0.035600,0.324342
3.996000,-6.094329,-0.891530,-1.492894,-5.711116,-0.102311,-3.011391,3.011391,3.000000,5.712033,-0.004999,-0.000090,0.028447,0.003422,-0.006919,0.439727,-0.016573,0.524747,0.161816,-0.003632,0.539850,0.035600,0.330564
4.006000,-5.657806,-0.915643,-1.558142,-5.274594,-0.126423,-3.076639,3.076639,3.000000,5.276108,-0.004999,-0.000120,0.026689,0.001480,-0.007637,0.440002,-0.016551,0.524674,0.161766,-0.003633,0.539850,0.035600,0.337957
4.016000,-5.128333,-0.967637,-1.713011,-4.745120,-0.178417,-3.231507,3.231507,3.000000,4.748473,-0.004996,-0.000188,0.026006,0.003194,-0.006953,0.440259,-0.016524,0.524612,0.161716,-0.003634,0.539850,0.035600,0.333280
4.026000,-5.112253,-1.065139,-1.794808,-4.729041,-0.275919,-3.313305,3.313305,3.000000,4.737083,-0.004992,-0.000291,0.025794,0.002744,-0.007212,0.440520,-0.016496,0.524539,0.161666,-0.003637,0.539850,0.035600,0.336787
4.036000,-5.436171,-1.068195,-1.829956,-5.052959,-0.278975,-3.348453,3.348453,3.000000,5.060654,-0.004992,-0.000276,0.026382,0.003276,-0.007885,0.440787,-0.016461,0.524453,0.161616,-0.003640,0.539850,0.035600,0.344046
4.046000,-5.516943,-1.085349,-1.965195,-5.133731,-0.296129,-3.483691,3.483691,3.000000,5.142264,-0.004992,-0.000288,0.026392,0.003907,-0.007228,0.441046,-0.016426,0.524383,0.161567,-0.003642,0.539850,0.035600,0.339726
4.056000,-5.609976,-1.141434,-1.928821,-5.226763,-0.352214,-3.447317,3.447317,3.000000,5.238617,-0.004989,-0.000336,0.026579,0.003263,-0.007557,0.441313,-0.016391,0.524301,0.161517,-0.003645,0.539850,0.035600,0.344004
4.066000,-5.585218,-1.090698,-1.951094,-5.202006,-0.301478,-3.469590,3.469590,3.000000,5.210734,-0.004992,-0.000289,0.026704,0.003143,-0.006492,0.441579,-0.016355,0.524242,0.161467,-0.003649,0.539850,0.035600,0.336029
4.076000,-5.381526,-1.059029,-2.060999,-4.998313,-0.269809,-3.579496,3.579496,3.000000,5.005590,-0.004993,-0.000270,0.027282,0.003736,-0.003123,0.441851,-0.016322,0.524204,0.161417,-0.003651,0.539850,0.035600,0.308114
4.086000,-5.307460,-1.078921,-2.190144,-4.924247,-0.289701,-3.708640,3.708640,3.000000,4.932762,-0.004991,-0.000294,0.027792,0.003604,-0.002707,0.442129,-0.016291,0.524180,0.161367,-0.003654,0.539850,0.035600,0.305024
4.096000,-5.343966,-1.062898,-2.215502,-4.960754,-0.273678,-3.733999,3.733999,3.000000,4.968297,-0.004992,-0.000275,0.028638,0.002084,-0.001497,0.442414,-0.016262,0.524167,0.161317,-0.003657,0.539850,0.035600,0.294993
4.106000,-5.355879,-1.044553,-2.216584,-4.972666,-0.255334,-3.735080,3.735080,3.000000,4.979217,-0.004993,-0.000256,0.029983,0.002494,0.001369,0.442715,-0.016232,0.524179,0.161267,-0.003660,0.539850,0.035600,0.270455
4.116000,-5.771073,-1.024336,-2.046649,-5.387860,-0.235116,-3.565146,3.565146,3.000000,5.392987,-0.004995,-0.000218,0.032979,0.002453,-0.000252,0.443038,-0.016201,0.524183,0.161217,-0.003662,0.539850,0.035600,0.284143
4.126000,-6.262381,-0.967626,-1.763680,-5.879168,-0.178406,-3.282176,3.282176,3.000000,5.881874,-0.004998,-0.000152,0.035333,0.001967,-0.000050,0.443380,-0.016174,0.524191,0.161167,-0.003664,0.539850,0.035600,0.282279
4.136000,-6.320904,-0.948677,-1.605372,-5.937691,-0.159457,-3.123868,3.123868,3.000000,5.939832,-0.004998,-0.000134,0.034859,0.003360,-0.000202,0.443726,-0.016137,0.524182,0.161117,-0.003665,0.539850,0.035600,0.283731
4.146000,-6.118276,-0.993886,-1.555945,-5.735064,-0.204666,-3.074441,3.074441,3.000000,5.738715,-0.004997,-0.000178,0.033312,0.003642,-0.003201,0.444064,-0.016098,0.524149,0.161067,-0.003667,0.539850,0.035600,0.309775
4.156000,-5.928421,-1.046444,-1.406354,-5.545208,-0.257225,-2.924850,2.924850,3.000000,5.551171,-0.004995,-0.000232,0.033219,0.004844,-0.003905,0.444397,-0.016053,0.524110,0.161017,-0.003669,0.539850,0.035600,0.316444
4.166000,-5.898205,-1.111147,-1.324903,-5.514992,-0.321928,-2.843399,2.843399,3.000000,5.524380,-0.004992,-0.000291,0.033723,0.005903,-0.003482,0.444729,-0.016003,0.524075,0.160967,-0.003672,0.539850,0.035600,0.313492
4.176000,-6.082626,-1.154285,-1.434435,-5.699413,-0.365065,-2.952931,2.952931,3.000000,5.711093,-0.004990,-0.000320,0.033179,0.007035,-0.005634,0.445058,-0.015941,0.524023,0.160917,-0.003675,0.539850,0.035600,0.332685
4.186000,-6.388156,-1.160442,-1.404670,-6.004944,-0.371222,-2.923166,2.923166,3.000000,6.016407,-0.004990,-0.000309,0.033025,0.007519,-0.006687,0.445396,-0.015869,0.523960,0.160867,-0.003678,0.539850,0.035600,0.342741
4.196000,-6.594003,-1.141442,-1.429117,-6.210790,-0.352222,-2.947614,2.947614,3.000000,6.220770,-0.004992,-0.000283,0.033299,0.007049,-0.007340,0.445734,-0.015799,0.523898,0.160818,-0.003681,0.539850,0.035600,0.349403
4.206000,-6.655944,-1.050896,-1.463200,-6.272731,-0.261676,-2.981696,2.981696,3.000000,6.278187,-0.004996,-0.000208,0.033716,0.007360,-0.005437,0.446070,-0.015728,0.523845,0.160768,-0.003683,0.539850,0.035600,0.334206
4.216000,-6.167091,-1.102784,-1.543718,-5.783879,-0.313564,-3.062215,3.062215,3.000000,5.792372,-0.004993,-0.000271,0.032162,0.008137,-0.003801,0.446401,-0.015645,0.523789,0.160718,-0.003685,0.539850,0.035600,0.321345
4.226000,-5.483258,-1.180262,-1.681841,-5.100045,-0.391043,-3.200337,3.200337,3.000000,5.115015,-0.004985,-0.000382,0.030452,0.009180,-0.003662,0.446707,-0.015553,0.523752,0.160668,-0.003689,0.539850,0.035600,0.320834
4.236000,-5.529146,-1.100108,-1.618318,-5.145933,-0.310889,-3.136814,3.136814,3.000000,5.155316,-0.004991,-0.000302,0.031252,0.008306,-0.006294,0.447015,-0.015471,0.523698,0.160618,-0.003692,0.539850,0.035600,0.344137
4.246000,-5.932404,-0.970602,-1.540641,-5.549192,-0.181382,-3.059138,3.059138,3.000000,5.552155,-0.004997,-0.000163,0.032677,0.007710,-0.006584,0.447337,-0.015391,0.523642,0.160568,-0.003695,0.539850,0.035600,0.347602
4.256000,-6.365087,-0.881377,-1.455611,-5.981875,-0.092157,-2.974108,2.974108,3.000000,5.982584,-0.004999,-0.000077,0.034300,0.007868,-0.006470,0.447673,-0.015313,0.523581,0.160518,-0.003696,0.539850,0.035600,0.347738
4.266000,-6.478407,-0.947666,-1.355268,-6.095194,-0.158446,-2.873764,2.873764,3.000000,6.097253,-0.004998,-0.000130,0.034440,0.008640,-0.006515,0.448023,-0.015226,0.523517,0.160468,-0.003697,0.539850,0.035600,0.349273
4.276000,-6.125974,-0.982902,-1.472236,-5.742761,-0.193682,-2.990732,2.990732,3.000000,5.746027,-0.004997,-0.000169,0.033369,0.008457,-0.004465,0.448362,-0.015142,0.523470,0.160418,-0.003698,0.539850,0.035600,0.332720
4.286000,-5.632168,-0.946253,-1.683742,-5.248956,-0.157033,-3.202238,3.202238,3.000000,5.251304,-0.004998,-0.000150,0.033218,0.006963,-0.005850,0.448689,-0.015070,0.523416,0.160368,-0.003700,0.539850,0.035600,0.345444
4.296000,-5.471536,-0.805587,-1.774294,-5.088323,-0.016367,-3.292791,3.292791,3.000000,5.088350,-0.005000,-0.000016,0.031700,0.006577,-0.005188,0.449007,-0.015002,0.523362,0.160318,-0.003701,0.539850,0.035600,0.340805
4.306000,-5.225403,-0.904199,-1.926278,-4.842191,-0.114980,-3.444774,3.444774,3.000000,4.843556,-0.004999,-0.000119,0.030889,0.006474,-0.004265,0.449316,-0.014931,0.523312,0.160268,-0.003701,0.539850,0.035600,0.333858
4.316000,-5.196470,-0.950392,-2.046864,-4.813257,-0.161172,-3.565360,3.565360,3.000000,4.815955,-0.004997,-0.000167,0.030570,0.007958,-0.006294,0.449621,-0.014852,0.523254,0.160218,-0.003703,0.539850,0.035600,0.352120
4.326000,-5.511684,-0.921145,-2.060198,-5.128471,-0.131925,-3.578695,3.578695,3.000000,5.130168,-0.004998,-0.000129,0.030386,0.006716,-0.005228,0.449924,-0.014780,0.523196,0.160168,-0.003704,0.539850,0.035600,0.344117
4.336000,-5.721067,-0.788219,-2.139803,-5.337854,0.001001,-3.658299,3.658299,3.000000,5.337855,-0.005000,0.000001,0.030745,0.006056,-0.006794,0.450231,-0.014718,0.523129,0.160118,-0.003705,0.539850,0.035600,0.358620
4.346000,-5.913162,-0.741163,-2.098482,-5.529950,0.048057,-3.616978,3.616978,3.000000,5.530158,-0.005000,0.000043,0.030944,0.006834,-0.005697,0.450539,-0.014659,0.523063,0.160068,-0.003705,0.539850,0.035600,0.350489
4.356000,-5.758689,-0.750063,-2.140018,-5.375477,0.039157,-3.658515,3.658515,3.000000,5.375619,-0.005000,0.000036,0.030420,0.005319,-0.005058,0.450844,-0.014599,0.523014,0.160018,-0.003704,0.539850,0.035600,0.345954
4.366000,-5.702484,-0.757015,-2.092894,-5.319271,0.032204,-3.611390,3.611390,3.000000,5.319369,-0.005000,0.000030,0.031813,0.006385,-0.004060,0.451156,-0.014535,0.522966,0.159968,-0.003704,0.539850,0.035600,0.338345
4.376000,-5.868643,-0.687375,-2.065947,-5.485431,0.101845,-3.584444,3.584444,3.000000,5.486376,-0.004999,0.000093,0.032652,0.006265,-0.005115,0.451480,-0.014478,0.522919,0.159918,-0.003703,0.539850,0.035600,0.348143
4.386000,-6.051358,-0.582652,-2.031812,-5.668145,0.206567,-3.550308,3.550308,3.000000,5.671908,-0.004997,0.000182,0.033027,0.004931,-0.004364,0.451810,-0.014430,0.522873,0.159868,-0.003702,0.539850,0.035600,0.342604
4.396000,-6.033313,-0.545997,-2.075110,-5.650101,0.243223,-3.593607,3.593607,3.000000,5.655333,-0.004995,0.000215,0.034403,0.004584,-0.002510,0.452149,-0.014384,0.522844,0.159818,-0.003700,0.539850,0.035600,0.327400
4.406000,-6.201590,-0.544680,-1.950412,-5.818377,0.244540,-3.468909,3.468909,3.000000,5.823514,-0.004996,0.000210,0.035734,0.004391,-0.003854,0.452505,-0.014335,0.522809,0.159768,-0.003697,0.539850,0.035600,0.339437
4.416000,-6.375417,-0.571158,-1.737074,-5.992205,0.218062,-3.255570,3.255570,3.000000,5.996171,-0.004997,0.000182,0.035862,0.005544,-0.004670,0.452859,-0.014283,0.522777,0.159718,-0.003696,0.539850,0.035600,0.346932
4.426000,-6.456422,-0.495940,-1.662081,-6.073209,0.293280,-3.180577,3.180577,3.000000,6.080286,-0.004994,0.000241,0.035598,0.005047,-0.004401,0.453224,-0.014236,0.522731,0.159668,-0.003693,0.539850,0.035600,0.345472
4.436000,-6.482296,-0.542119,-1.722397,-6.099084,0.247100,-3.240894,3.240894,3.000000,6.104087,-0.004996,0.000202,0.034583,0.005135,-0.004642,0.453571,-0.014189,0.522683,0.159618,-0.003691,0.539850,0.035600,0.348396
4.446000,-6.534854,-0.546100,-1.662911,-6.151642,0.243119,-3.181407,3.181407,3.000000,6.156444,-0.004996,0.000197,0.034492,0.004825,-0.006072,0.453920,-0.014141,0.522627,0.159568,-0.003689,0.539850,0.035600,0.361530
4.456000,-6.596372,-0.498356,-1.574414,-6.213159,0.290864,-3.092910,3.092910,3.000000,6.219963,-0.004995,0.000234,0.034204,0.005419,-0.006232,0.454266,-0.014093,0.522568,0.159518,-0.003687,0.539850,0.035600,0.363943
4.466000,-6.441576,-0.526759,-1.608033,-6.058364,0.262461,-3.126530,3.126530,3.000000,6.064046,-0.004995,0.000216,0.032397,0.004881,-0.005469,0.454598,-0.014041,0.522511,0.159469,-0.003685,0.539850,0.035600,0.358503
4.476000,-6.074977,-0.587535,-1.707183,-5.691765,0.201685,-3.225680,3.225680,3.000000,5.695337,-0.004997,0.000177,0.031759,0.004522,-0.007209,0.454916,-0.013990,0.522458,0.159419,-0.003683,0.539850,0.035600,0.374217
4.486000,-6.194684,-0.568354,-1.709699,-5.811472,0.220866,-3.228195,3.228195,3.000000,5.815667,-0.004996,0.000190,0.033016,0.004338,-0.006983,0.455245,-0.013943,0.522404,0.159369,-0.003681,0.539850,0.035600,0.373272
4.496000,-6.573941,-0.490501,-1.532438,-6.190729,0.298719,-3.050934,3.050934,3.000000,6.197932,-0.004994,0.000241,0.033892,0.003712,-0.008093,0.455578,-0.013898,0.522330,0.159319,-0.003679,0.539850,0.035600,0.384010
4.506000,-6.567762,-0.537504,-1.450884,-6.184550,0.251715,-2.969380,2.969380,3.000000,6.189670,-0.004996,0.000203,0.034311,0.004781,-0.007045,0.455922,-0.013842,0.522254,0.159269,-0.003677,0.539850,0.035600,0.376486
4.516000,-6.089646,-0.594278,-1.639466,-5.706434,0.194942,-3.157962,3.157962,3.000000,5.709763,-0.004997,0.000171,0.033483,0.004759,-0.006538,0.456265,-0.013791,0.522191,0.159219,-0.003675,0.539850,0.035600,0.373340
4.526000,-5.588554,-0.629656,-1.751900,-5.205341,0.159564,-3.270397,3.270397,3.000000,5.207786,-0.004998,0.000153,0.033184,0.004159,-0.005542,0.456597,-0.013744,0.522139,0.159169,-0.003673,0.539850,0.035600,0.365812
4.536000,-5.442122,-0.570232,-1.660663,-5.058909,0.218988,-3.179159,3.179159,3.000000,5.063647,-0.004995,0.000216,0.035039,0.003718,-0.005342,0.456936,-0.013704,0.522100,0.159119,-0.003671,0.539850,0.035600,0.364826
4.546000,-5.526811,-0.582736,-1.643487,-5.143598,0.206483,-3.161983,3.161983,3.000000,5.147741,-0.004996,0.000201,0.034850,0.004285,-0.003114,0.457280,-0.013663,0.522071,0.159069,-0.003669,0.539850,0.035600,0.346426
4.556000,-5.484410,-0.599763,-1.752398,-5.101198,0.189457,-3.270894,3.270894,3.000000,5.104715,-0.004997,0.000186,0.034422,0.004113,-0.002941,0.457628,-0.013622,0.522043,0.159019,-0.003667,0.539850,0.035600,0.345464
4.566000,-5.481528,-0.595531,-1.863736,-5.098315,0.193689,-3.382232,3.382232,3.000000,5.101993,-0.004996,0.000190,0.033899,0.004168,-0.002256,0.457967,-0.013581,0.522020,0.158969,-0.003665,0.539850,0.035600,0.340073
4.576000,-5.410219,-0.654840,-2.092436,-5.027006,0.134380,-3.610932,3.610932,3.000000,5.028802,-0.004998,0.000134,0.033072,0.004872,-0.002965,0.458292,-0.013544,0.521994,0.158919,-0.003664,0.539850,0.035600,0.346557
4.586000,-5.642234,-0.611627,-2.076879,-5.259021,0.177593,-3.595375,3.595375,3.000000,5.262019,-0.004997,0.000169,0.033254,0.003499,-0.003527,0.458622,-0.013511,0.521950,0.158869,-0.003662,0.539850,0.035600,0.352127
4.596000,-5.571055,-0.626386,-2.179219,-5.187842,0.162833,-3.697715,3.697715,3.000000,5.190397,-0.004998,0.000157,0.031537,0.003580,-0.003329,0.458946,-0.013471,0.521917,0.158819,-0.003661,0.539850,0.035600,0.351036
4.606000,-5.474497,-0.648311,-2.336859,-5.091284,0.140909,-3.855355,3.855355,3.000000,5.093234,-0.004998,0.000138,0.030841,0.003236,-0.002361,0.459257,-0.013430,0.521889,0.158769,-0.003659,0.539850,0.035600,0.343324
4.616000,-5.822374,-0.656543,-2.294403,-5.439161,0.132677,-3.812900,3.812900,3.000000,5.440779,-0.004999,0.000122,0.032301,0.003927,-0.003686,0.459580,-0.013387,0.521847,0.158719,-0.003658,0.539850,0.035600,0.355316
4.626000,-6.209128,-0.623485,-2.302269,-5.825915,0.165734,-3.820765,3.820765,3.000000,5.828272,-0.004998,0.000142,0.033914,0.003055,-0.004461,0.459918,-0.013355,0.521803,0.158669,-0.003657,0.539850,0.035600,0.362694
4.636000,-6.225213,-0.576371,-2.328888,-5.842001,0.212849,-3.847384,3.847384,3.000000,5.845877,-0.004997,0.000182,0.033435,0.005149,-0.001945,0.460255,-0.013314,0.521775,0.158619,-0.003655,0.539850,0.035600,0.341840
4.646000,-6.009432,-0.664951,-2.292198,-5.626219,0.124268,-3.810694,3.810694,3.000000,5.627592,-0.004999,0.000110,0.033401,0.004783,-0.000523,0.460593,-0.013274,0.521758,0.158569,-0.003653,0.539850,0.035600,0.330094
4.656000,-5.753449,-0.642705,-2.274967,-5.370236,0.146515,-3.793464,3.793464,3.000000,5.372234,-0.004998,0.000136,0.033271,0.004002,0.000774,0.460919,-0.013242,0.521757,0.158519,-0.003652,0.539850,0.035600,0.319097
4.666000,-5.911592,-0.549313,-2.269296,-5.528379,0.239906,-3.787792,3.787792,3.000000,5.533582,-0.004995,0.000217,0.035434,0.002122,0.002480,0.461276,-0.013215,0.521770,0.158469,-0.003651,0.539850,0.035600,0.304383
4.676000,-6.263852,-0.478610,-2.119223,-5.880639,0.310609,-3.637719,3.637719,3.000000,5.888836,-0.004993,0.000264,0.036112,0.002687,0.000408,0.461637,-0.013183,0.521780,0.158419,-0.003648,0.539850,0.035600,0.321798
4.686000,-6.432667,-0.493059,-1.854800,-6.049454,0.296161,-3.373297,3.373297,3.000000,6.056699,-0.004994,0.000244,0.035542,0.003446,0.001738,0.461998,-0.013150,0.521793,0.158369,-0.003645,0.539850,0.035600,0.310272
4.696000,-6.563677,-0.510203,-1.752225,-6.180465,0.279016,-3.270722,3.270722,3.000000,6.186760,-0.004995,0.000225,0.035164,0.002967,-0.001355,0.462353,-0.013120,0.521786,0.158319,-0.003643,0.539850,0.035600,0.336641
4.706000,-6.528155,-0.439767,-1.828715,-6.144943,0.349453,-3.347212,3.347212,3.000000,6.154871,-0.004992,0.000284,0.034662,0.003097,-0.000557,0.462701,-0.013091,0.521781,0.158269,-0.003640,0.539850,0.035600,0.329957
4.716000,-6.055062,-0.424156,-1.798136,-5.671849,0.365063,-3.316632,3.316632,3.000000,5.683586,-0.004990,0.000321,0.032742,0.002302,-0.000013,0.463033,-0.013065,0.521781,0.158219,-0.003637,0.539850,0.035600,0.325337
4.726000,-5.737031,-0.428051,-1.706006,-5.353818,0.361169,-3.224502,3.224502,3.000000,5.365987,-0.004989,0.000337,0.032047,0.002406,-0.000414,0.463353,-0.013039,0.521785,0.158170,-0.003634,0.539850,0.035600,0.328673
4.736000,-5.932270,-0.426170,-1.643694,-5.549057,0.363049,-3.162190,3.162190,3.000000,5.560921,-0.004989,0.000326,0.032681,0.003381,-0.002383,0.463672,-0.013010,0.521766,0.158120,-0.003631,0.539850,0.035600,0.345726
4.746000,-6.232078,-0.426179,-1.620249,-5.848865,0.363041,-3.138745,3.138745,3.000000,5.860121,-0.004990,0.000310,0.033589,0.002657,-0.002285,0.464010,-0.012982,0.521743,0.158070,-0.003628,0.539850,0.035600,0.345299
4.756000,-6.485939,-0.366329,-1.597246,-6.102727,0.422891,-3.115742,3.115742,3.000000,6.117361,-0.004988,0.000346,0.034483,0.003577,-0.002352,0.464356,-0.012950,0.521718,0.158020,-0.003625,0.539850,0.035600,0.346326
4.766000,-6.264671,-0.394821,-1.596165,-5.881458,0.394399,-3.114661,3.114661,3.000000,5.894667,-0.004989,0.000335,0.033912,0.002437,-0.001817,0.464696,-0.012926,0.521694,0.157970,-0.003621,0.539850,0.035600,0.342218
4.776000,-5.858932,-0.375025,-1.651416,-5.475719,0.414195,-3.169912,3.169912,3.000000,5.491362,-0.004986,0.000377,0.032658,0.002468,-0.000232,0.465027,-0.012902,0.521682,0.157920,-0.003618,0.539850,0.035600,0.328993
4.786000,-5.552651,-0.422344,-1.719386,-5.169439,0.366876,-3.237883,3.237883,3.000000,5.182441,-0.004987,0.000354,0.033188,0.001229,-0.000551,0.465357,-0.012882,0.521670,0.157870,-0.003614,0.539850,0.035600,0.331899
4.796000,-5.517633,-0.391652,-1.671044,-5.134420,0.397567,-3.189540,3.189540,3.000000,5.149790,-0.004985,0.000386,0.034250,0.002309,-0.000919,0.465703,-0.012859,0.521663,0.157820,-0.003610,0.539850,0.035600,0.335152
4.806000,-5.451152,-0.410339,-1.693611,-5.067939,0.378881,-3.212107,3.212107,3.000000,5.082082,-0.004986,0.000373,0.034280,0.002644,0.002465,0.466039,-0.012833,0.521682,0.157771,-0.003607,0.539850,0.035600,0.306100
4.816000,-5.241873,-0.416302,-1.737588,-4.858660,0.372918,-3.256084,3.256084,3.000000,4.872950,-0.004985,0.000383,0.033644,0.002175,0.001251,0.466381,-0.012811,0.521693,0.157721,-0.003603,0.539850,0.035600,0.316204
4.826000,-5.156954,-0.418209,-1.852577,-4.773741,0.371011,-3.371074,3.371074,3.000000,4.788137,-0.004985,0.000387,0.032873,0.001793,0.002238,0.466716,-0.012789,0.521709,0.157671,-0.003599,0.539850,0.035600,0.307541
4.836000,-5.484508,-0.391639,-1.782917,-5.101295,0.397581,-3.301413,3.301413,3.000000,5.116765,-0.004985,0.000389,0.032570,0.001062,-0.000505,0.467045,-0.012772,0.521695,0.157621,-0.003595,0.539850,0.035600,0.331063
4.846000,-5.610245,-0.372291,-1.798142,-5.227032,0.416929,-3.316639,3.316639,3.000000,5.243634,-0.004984,0.000398,0.031979,0.001788,-0.002659,0.467364,-0.012750,0.521668,0.157571,-0.003591,0.539850,0.035600,0.349823
4.856000,-5.621990,-0.360499,-1.835100,-5.238777,0.428721,-3.353596,3.353596,3.000000,5.256290,-0.004983,0.000408,0.030964,0.001893,-0.003244,0.467674,-0.012728,0.521639,0.157521,-0.003587,0.539850,0.035600,0.355314
4.866000,-5.716449,-0.341662,-1.912581,-5.333237,0.447558,-3.431077,3.431077,3.000000,5.351983,-0.004982,0.000418,0.031625,0.002079,-0.004183,0.467986,-0.012705,0.521605,0.157471,-0.003583,0.539850,0.035600,0.363905
4.876000,-5.871401,-0.297608,-1.965304,-5.488188,0.491612,-3.483800,3.483800,3.000000,5.510163,-0.004980,0.000446,0.031400,0.001671,-0.004936,0.468299,-0.012690,0.521560,0.157422,-0.003579,0.539850,0.035600,0.371102
4.886000,-5.974162,-0.348660,-1.902171,-5.590950,0.440560,-3.420668,3.420668,3.000000,5.608281,-0.004985,0.000393,0.030966,0.002680,-0.003851,0.468606,-0.012669,0.521524,0.157372,-0.003574,0.539850,0.035600,0.362528
4.896000,-5.685860,-0.439256,-2.021282,-5.302647,0.349964,-3.539778,3.539778,3.000000,5.314183,-0.004989,0.000329,0.031399,0.002326,-0.002087,0.468922,-0.012647,0.521487,0.157322,-0.003571,0.539850,0.035600,0.348226
4.906000,-5.584714,-0.461241,-2.050872,-5.201502,0.327979,-3.569368,3.569368,3.000000,5.211832,-0.004990,0.000315,0.030712,0.001640,-0.001796,0.469227,-0.012626,0.521462,0.157272,-0.003568,0.539850,0.035600,0.346208
4.916000,-5.690159,-0.461536,-2.117715,-5.306946,0.327683,-3.636212,3.636212,3.000000,5.317053,-0.004990,0.000308,0.031134,0.003198,-0.002998,0.469535,-0.012599,0.521442,0.157222,-0.003564,0.539850,0.035600,0.356775
4.926000,-6.183480,-0.433755,-2.052092,-5.800267,0.355464,-3.570589,3.570589,3.000000,5.811149,-0.004991,0.000306,0.032421,0.003107,-0.003071,0.469852,-0.012576,0.521417,0.157172,-0.003562,0.539850,0.035600,0.357835
4.936000,-6.534503,-0.398312,-1.976158,-6.151290,0.390908,-3.494654,3.494654,3.000000,6.163698,-0.004990,0.000317,0.033438,0.001967,-0.001427,0.470183,-0.012554,0.521402,0.157122,-0.003558,0.539850,0.035600,0.344151
4.946000,-6.462118,-0.381757,-1.827037,-6.078905,0.407462,-3.345533,3.345533,3.000000,6.092546,-0.004989,0.000334,0.032644,0.002943,-0.000607,0.470511,-0.012525,0.521397,0.157072,-0.003555,0.539850,0.035600,0.337298
4.956000,-5.997701,-0.471065,-1.771355,-5.614488,0.318155,-3.289851,3.289851,3.000000,5.623495,-0.004992,0.000283,0.031288,0.002919,0.000488,0.470826,-0.012493,0.521403,0.157023,-0.003552,0.539850,0.035600,0.327888
4.966000,-5.490199,-0.477652,-1.887760,-5.106986,0.311568,-3.406256,3.406256,3.000000,5.116481,-0.004991,0.000304,0.028756,0.002730,0.000954,0.471118,-0.012464,0.521417,0.156973,-0.003549,0.539850,0.035600,0.323691
4.976000,-5.258833,-0.468230,-1.896857,-4.875621,0.320989,-3.415354,3.415354,3.000000,4.886175,-0.004989,0.000328,0.028242,0.002663,0.001557,0.471395,-0.012439,0.521437,0.156923,-0.003546,0.539850,0.035600,0.318205
4.986000,-5.500733,-0.442263,-1.790087,-5.117521,0.346957,-3.308583,3.308583,3.000000,5.129269,-0.004989,0.000338,0.028727,0.002381,0.000129,0.471683,-0.012415,0.521442,0.156873,-0.003543,0.539850,0.035600,0.330240
4.996000,-6.122691,-0.390912,-1.642646,-5.739479,0.398308,-3.161142,3.161142,3.000000,5.753283,-0.004988,0.000346,0.028510,0.002373,-0.001475,0.471969,-0.012393,0.521425,0.156823,-0.003539,0.539850,0.035600,0.344161
5.006000,-6.655913,-0.345469,-1.468720,-6.272701,0.443751,-2.987216,2.987216,3.000000,6.288377,-0.004988,0.000353,0.029555,0.002664,-0.004462,0.472264,-0.012371,0.521379,0.156773,-0.003536,0.539850,0.035600,0.370326
5.016000,-6.562792,-0.340723,-1.484009,-6.179579,0.448497,-3.002505,3.002505,3.000000,6.195833,-0.004987,0.000362,0.029201,0.002002,-0.003628,0.472556,-0.012353,0.521345,0.156723,-0.003532,0.539850,0.035600,0.363863
5.026000,-6.118539,-0.342538,-1.581941,-5.735327,0.446681,-3.100437,3.100437,3.000000,5.752695,-0.004985,0.000388,0.028526,0.001238,-0.002290,0.472842,-0.012338,0.521320,0.156673,-0.003528,0.539850,0.035600,0.352960
5.036000,-5.386078,-0.331815,-1.705771,-5.002866,0.457404,-3.224267,3.224267,3.000000,5.023732,-0.004979,0.000455,0.027815,0.001482,0.000989,0.473120,-0.012324,0.521318,0.156624,-0.003524,0.539850,0.035600,0.325171
5.046000,-4.735069,-0.470555,-1.820992,-4.351857,0.318665,-3.339488,3.339488,3.000000,4.363508,-0.004987,0.000365,0.027438,0.000770,0.001898,0.473392,-0.012312,0.521334,0.156574,-0.003520,0.539850,0.035600,0.317174
5.056000,-4.723141,-0.447621,-1.850727,-4.339928,0.341599,-3.369223,3.369223,3.000000,4.353351,-0.004985,0.000392,0.026755,0.000128,0.001400,0.473659,-0.012300,0.521351,0.156524,-0.003516,0.539850,0.035600,0.321092
5.066000,-5.276751,-0.315331,-1.750732,-4.893538,0.473889,-3.269229,3.269229,3.000000,4.916430,-0.004977,0.000482,0.028626,0.000006,-0.000166,0.473942,-0.012294,0.521349,0.156474,-0.003512,0.539850,0.035600,0.334428
5.076000,-6.033137,-0.184627,-1.607667,-5.649925,0.604592,-3.126163,3.126163,3.000000,5.682181,-0.004972,0.000532,0.030743,-0.000120,-0.001601,0.474248,-0.012294,0.521330,0.156424,-0.003507,0.539850,0.035600,0.346935
5.086000,-6.212818,-0.157408,-1.552590,-5.829605,0.631812,-3.071086,3.071086,3.000000,5.863743,-0.004971,0.000539,0.031371,0.000074,-0.000722,0.474560,-0.012297,0.521324,0.156375,-0.003501,0.539850,0.035600,0.339589
5.096000,-5.685101,-0.313988,-1.659663,-5.301889,0.475232,-3.178160,3.178160,3.000000,5.323145,-0.004980,0.000446,0.029557,-0.000651,0.001312,0.474859,-0.012299,0.521336,0.156325,-0.003496,0.539850,0.035600,0.322119
5.106000,-4.920559,-0.381153,-1.868480,-4.537347,0.408067,-3.386977,3.386977,3.000000,4.555659,-0.004980,0.000448,0.027704,-0.000901,0.004392,0.475142,-0.012303,0.521370,0.156275,-0.003492,0.539850,0.035600,0.295362
5.116000,-4.533707,-0.325605,-2.013893,-4.150495,0.463614,-3.532389,3.532389,3.000000,4.176308,-0.004969,0.000555,0.026343,-0.001430,0.001141,0.475408,-0.012315,0.521397,0.156225,-0.003487,0.539850,0.035600,0.322464
5.126000,-4.845673,-0.302851,-1.901825,-4.462460,0.486369,-3.420322,3.420322,3.000000,4.488887,-0.004971,0.000542,0.026522,-0.001334,-0.000068,0.475678,-0.012323,0.521404,0.156176,-0.003481,0.539850,0.035600,0.332592
5.136000,-5.298039,-0.335907,-1.882348,-4.914826,0.453313,-3.400844,3.400844,3.000000,4.935687,-0.004979,0.000459,0.026932,-0.000351,-0.001414,0.475941,-0.012325,0.521397,0.156126,-0.003476,0.539850,0.035600,0.344142
5.146000,-5.682910,-0.390278,-1.915503,-5.299697,0.398942,-3.433999,3.433999,3.000000,5.314691,-0.004986,0.000375,0.026680,0.000382,-0.000607,0.476211,-0.012322,0.521379,0.156076,-0.003472,0.539850,0.035600,0.337627
5.156000,-5.927675,-0.420745,-1.944273,-5.544463,0.368475,-3.462770,3.462770,3.000000,5.556693,-0.004989,0.000332,0.026344,0.000720,-0.003594,0.476477,-0.012321,0.521343,0.156026,-0.003468,0.539850,0.035600,0.363614
5.166000,-6.054762,-0.411877,-1.904582,-5.671550,0.377343,-3.423078,3.423078,3.000000,5.684089,-0.004989,0.000332,0.026489,0.000327,-0.004086,0.476742,-0.012317,0.521303,0.155976,-0.003465,0.539850,0.035600,0.368511
5.176000,-6.016813,-0.383817,-1.874839,-5.633601,0.405402,-3.393335,3.393335,3.000000,5.648169,-0.004987,0.000359,0.026623,0.000956,-0.002758,0.477009,-0.012312,0.521267,0.155926,-0.003462,0.539850,0.035600,0.357892
5.186000,-5.489141,-0.499124,-2.031566,-5.105929,0.290096,-3.550062,3.550062,3.000000,5.114163,-0.004992,0.000284,0.025886,0.002361,-0.000490,0.477268,-0.012298,0.521249,0.155877,-0.003458,0.539850,0.035600,0.338970
5.196000,-5.126590,-0.562414,-2.168614,-4.743377,0.226805,-3.687110,3.687110,3.000000,4.748797,-0.004994,0.000239,0.025692,0.002270,-0.000031,0.477529,-0.012277,0.521247,0.155827,-0.003456,0.539850,0.035600,0.335111
5.206000,-5.184198,-0.631047,-2.132852,-4.800986,0.158173,-3.651348,3.651348,3.000000,4.803591,-0.004997,0.000165,0.025946,0.002654,0.001631,0.477791,-0.012253,0.521265,0.155777,-0.003454,0.539850,0.035600,0.320682
5.216000,-5.474423,-0.647212,-2.091373,-5.091211,0.142008,-3.609870,3.609870,3.000000,5.093191,-0.004998,0.000139,0.027295,0.003331,0.000765,0.478058,-0.012224,0.521279,0.155727,-0.003453,0.539850,0.035600,0.327771
5.226000,-6.161886,-0.512348,-1.951119,-5.778674,0.276872,-3.469616,3.469616,3.000000,5.785303,-0.004994,0.000239,0.029597,0.002025,0.000417,0.478356,-0.012197,0.521288,0.155677,-0.003451,0.539850,0.035600,0.330570
5.236000,-6.675204,-0.570026,-1.822351,-6.291992,0.219194,-3.340847,3.340847,3.000000,6.295808,-0.004997,0.000174,0.031211,0.002950,0.001624,0.478667,-0.012161,0.521300,0.155627,-0.003448,0.539850,0.035600,0.320107
5.246000,-6.509412,-0.622948,-1.794902,-6.126200,0.166271,-3.313399,3.313399,3.000000,6.128456,-0.004998,0.000136,0.030734,0.004024,0.003555,0.478976,-0.012121,0.521330,0.155577,-0.003447,0.539850,0.035600,0.303191
5.256000,-5.848968,-0.632408,-1.731556,-5.465756,0.156812,-3.250052,3.250052,3.000000,5.468005,-0.004998,0.000143,0.027852,0.003718,0.003718,0.479262,-0.012083,0.521371,0.155527,-0.003445,0.539850,0.035600,0.301057
5.266000,-5.337771,-0.612893,-1.789679,-4.954559,0.176327,-3.308175,3.308175,3.000000,4.957695,-0.004997,0.000178,0.026641,0.003342,0.004669,0.479528,-0.012047,0.521420,0.155477,-0.003444,0.539850,0.035600,0.292120
5.276000,-5.378801,-0.486136,-1.804399,-4.995589,0.303084,-3.322895,3.322895,3.000000,5.004774,-0.004991,0.000303,0.026811,0.002907,0.002555,0.479797,-0.012013,0.521453,0.155427,-0.003441,0.539850,0.035600,0.309455
5.286000,-5.720468,-0.479925,-1.727694,-5.337255,0.309295,-3.246190,3.246190,3.000000,5.346209,-0.004992,0.000289,0.026804,0.004439,0.003109,0.480065,-0.011969,0.521486,0.155377,-0.003438,0.539850,0.035600,0.304164
5.296000,-6.072334,-0.553868,-1.683434,-5.689122,0.235352,-3.201930,3.201930,3.000000,5.693988,-0.004996,0.000207,0.027234,0.004214,0.001963,0.480333,-0.011929,0.521511,0.155327,-0.003436,0.539850,0.035600,0.313433
5.306000,-6.265758,-0.531310,-1.568224,-5.882546,0.257910,-3.086720,3.086720,3.000000,5.888197,-0.004995,0.000219,0.025691,0.004680,0.000901,0.480595,-0.011888,0.521513,0.155277,-0.003434,0.539850,0.035600,0.322402
5.316000,-6.222929,-0.499823,-1.561892,-5.839717,0.289397,-3.080388,3.080388,3.000000,5.846883,-0.004994,0.000247,0.026258,0.003426,0.000589,0.480859,-0.011856,0.521520,0.155227,-0.003432,0.539850,0.035600,0.324926
5.326000,-6.098563,-0.416877,-1.623194,-5.715350,0.372343,-3.141690,3.141690,3.000000,5.727466,-0.004989,0.000325,0.026353,0.003337,0.002387,0.481121,-0.011826,0.521532,0.155177,-0.003429,0.539850,0.035600,0.309454
5.336000,-6.019199,-0.464553,-1.566492,-5.635986,0.324667,-3.084988,3.084988,3.000000,5.645330,-0.004992,0.000288,0.026997,0.002392,0.000443,0.481388,-0.011794,0.521532,0.155127,-0.003426,0.539850,0.035600,0.325960
5.346000,-5.646776,-0.418011,-1.590356,-5.263563,0.371209,-3.108853,3.108853,3.000000,5.276637,-0.004988,0.000352,0.025664,0.003486,0.001516,0.481645,-0.011757,0.521550,0.155077,-0.003422,0.539850,0.035600,0.316522
5.356000,-5.300368,-0.476868,-1.630279,-4.917155,0.312352,-3.148776,3.148776,3.000000,4.927066,-0.004990,0.000317,0.025194,0.002677,0.001361,0.481901,-0.011730,0.521570,0.155028,-0.003419,0.539850,0.035600,0.317481
5.366000,-5.220664,-0.411941,-1.695972,-4.837451,0.377279,-3.214469,3.214469,3.000000,4.852141,-0.004985,0.000389,0.025193,0.002096,0.002793,0.482155,-0.011705,0.521593,0.154978,-0.003416,0.539850,0.035600,0.304916
5.376000,-5.481026,-0.364724,-1.660560,-5.097813,0.424496,-3.179056,3.179056,3.000000,5.115457,-0.004983,0.000415,0.027311,0.001720,0.000910,0.482417,-0.011687,0.521606,0.154928,-0.003411,0.539850,0.035600,0.320657
5.386000,-6.004742,-0.333833,-1.506629,-5.621529,0.455387,-3.025125,3.025125,3.000000,5.639944,-0.004984,0.000404,0.028855,0.002151,0.002371,0.482708,-0.011662,0.521616,0.154878,-0.003407,0.539850,0.035600,0.308089
5.396000,-6.070745,-0.412929,-1.567983,-5.687533,0.376291,-3.086479,3.086479,3.000000,5.699967,-0.004989,0.000330,0.028784,0.002907,0.002581,0.483001,-0.011636,0.521631,0.154828,-0.003404,0.539850,0.035600,0.306033
5.406000,-5.533592,-0.498752,-1.748224,-5.150379,0.290468,-3.266721,3.266721,3.000000,5.158563,-0.004992,0.000282,0.027985,0.001861,0.004170,0.483282,-0.011611,0.521668,0.154778,-0.003401,0.539850,0.035600,0.291880
5.416000,-4.928312,-0.466917,-1.915334,-4.545100,0.322302,-3.433831,3.433831,3.000000,4.556513,-0.004987,0.000354,0.026141,0.002136,0.003897,0.483542,-0.011592,0.521715,0.154728,-0.003397,0.539850,0.035600,0.293359
5.426000,-4.813889,-0.493955,-1.962026,-4.430677,0.295265,-3.480522,3.480522,3.000000,4.440504,-0.004989,0.000332,0.024846,0.001525,0.002817,0.483792,-0.011574,0.521749,0.154678,-0.003394,0.539850,0.035600,0.301899
5.436000,-5.077382,-0.490744,-1.951603,-4.694169,0.298476,-3.470099,3.470099,3.000000,4.703649,-0.004990,0.000317,0.024794,0.001964,0.002168,0.484040,-0.011556,0.521782,0.154629,-0.003391,0.539850,0.035600,0.306809
5.446000,-5.631443,-0.454485,-1.883474,-5.248230,0.334735,-3.401970,3.401970,3.000000,5.258894,-0.004990,0.000318,0.025846,0.001151,-0.001302,0.484300,-0.011537,0.521772,0.154579,-0.003388,0.539850,0.035600,0.336443
5.456000,-6.056732,-0.480249,-1.856326,-5.673519,0.308970,-3.374822,3.374822,3.000000,5.681926,-0.004993,0.000272,0.025210,0.002367,-0.001814,0.484554,-0.011511,0.521755,0.154529,-0.003385,0.539850,0.035600,0.341085
5.466000,-5.944225,-0.498418,-1.977790,-5.561012,0.290802,-3.496287,3.496287,3.000000,5.568611,-0.004993,0.000261,0.024685,0.002292,-0.001123,0.484800,-0.011488,0.521741,0.154479,-0.003382,0.539850,0.035600,0.335476
5.476000,-5.564620,-0.467148,-2.167760,-5.181408,0.322072,-3.686256,3.686256,3.000000,5.191408,-0.004990,0.000310,0.023821,0.001724,0.000950,0.485037,-0.011472,0.521746,0.154429,-0.003379,0.539850,0.035600,0.317815
5.486000,-5.518291,-0.464090,-2.161884,-5.135078,0.325130,-3.680381,3.680381,3.000000,5.145361,-0.004990,0.000316,0.024482,0.001044,0.000298,0.485277,-0.011453,0.521744,0.154379,-0.003376,0.539850,0.035600,0.323382
5.496000,-5.644097,-0.542995,-2.194760,-5.260885,0.246225,-3.713256,3.713256,3.000000,5.266644,-0.004995,0.000234,0.025651,0.002985,0.001376,0.485527,-0.011424,0.521751,0.154329,-0.003373,0.539850,0.035600,0.314102
5.506000,-5.853893,-0.629378,-2.189092,-5.470680,0.159842,-3.707589,3.707589,3.000000,5.473015,-0.004998,0.000146,0.026538,0.003177,0.001481,0.485787,-0.011396,0.521763,0.154279,-0.003372,0.539850,0.035600,0.312992
5.516000,-5.929342,-0.639147,-2.184904,-5.546130,0.150073,-3.703401,3.703401,3.000000,5.548160,-0.004998,0.000135,0.026497,0.003536,0.000769,0.486057,-0.011364,0.521775,0.154229,-0.003370,0.539850,0.035600,0.318810
5.526000,-5.836259,-0.601887,-2.067369,-5.453046,0.187332,-3.585865,3.585865,3.000000,5.456263,-0.004997,0.000172,0.026773,0.002396,0.001570,0.486324,-0.011335,0.521794,0.154179,-0.003369,0.539850,0.035600,0.311679
5.536000,-5.843149,-0.602503,-1.991858,-5.459937,0.186717,-3.510354,3.510354,3.000000,5.463129,-0.004997,0.000171,0.026874,0.002501,0.002665,0.486593,-0.011306,0.521821,0.154129,-0.003367,0.539850,0.035600,0.301892
5.546000,-5.812166,-0.559130,-1.998280,-5.428954,0.230090,-3.516777,3.516777,3.000000,5.433827,-0.004996,0.000212,0.028370,0.002600,0.004469,0.486871,-0.011280,0.521864,0.154079,-0.003365,0.539850,0.035600,0.285822
5.556000,-6.221051,-0.550884,-1.808569,-5.837839,0.238335,-3.327065,3.327065,3.000000,5.842702,-0.004996,0.000204,0.029676,0.003221,0.003568,0.487165,-0.011256,0.521895,0.154029,-0.003363,0.539850,0.035600,0.292915
5.566000,-6.524342,-0.522774,-1.648723,-6.141129,0.266446,-3.167219,3.167219,3.000000,6.146907,-0.004995,0.000217,0.028853,0.002451,0.000533,0.487458,-0.011236,0.521911,0.153979,-0.003361,0.539850,0.035600,0.318382
5.576000,-6.428229,-0.523712,-1.707327,-6.045017,0.265508,-3.225823,3.225823,3.000000,6.050845,-0.004995,0.000219,0.026999,0.002179,0.001098,0.487733,-0.011221,0.521930,0.153929,-0.003359,0.539850,0.035600,0.313243
5.586000,-6.158584,-0.551529,-1.678694,-5.775371,0.237691,-3.197190,3.197190,3.000000,5.780260,-0.004996,0.000206,0.026014,0.000944,0.001247,0.487998,-0.011210,0.521942,0.153879,-0.003356,0.539850,0.035600,0.311750
5.596000,-5.894723,-0.534053,-1.770985,-5.511510,0.255167,-3.289481,3.289481,3.000000,5.517414,-0.004995,0.000231,0.025519,0.001370,0.001760,0.488252,-0.011198,0.521962,0.153829,-0.003354,0.539850,0.035600,0.307032
5.606000,-5.912506,-0.486766,-1.754460,-5.529293,0.302454,-3.272956,3.272956,3.000000,5.537559,-0.004993,0.000273,0.024354,0.001060,0.001516,0.488502,-0.011187,0.521977,0.153779,-0.003352,0.539850,0.035600,0.308838
5.616000,-5.992112,-0.459476,-1.748539,-5.608899,0.329744,-3.267035,3.267035,3.000000,5.618584,-0.004991,0.000293,0.023476,0.000110,0.001981,0.488741,-0.011183,0.521985,0.153730,-0.003349,0.539850,0.035600,0.304741
5.626000,-5.880604,-0.439236,-1.812847,-5.497391,0.349983,-3.331343,3.331343,3.000000,5.508520,-0.004990,0.000318,0.022690,-0.000544,0.002257,0.488976,-0.011178,0.521998,0.153680,-0.003346,0.539850,0.035600,0.302165
5.636000,-5.960801,-0.469912,-1.776702,-5.577589,0.319308,-3.295199,3.295199,3.000000,5.586721,-0.004992,0.000286,0.022220,0.000504,-0.000177,0.489201,-0.011173,0.521998,0.153630,-0.003343,0.539850,0.035600,0.322827
5.646000,-6.164856,-0.454261,-1.745829,-5.781644,0.334959,-3.264326,3.264326,3.000000,5.791339,-0.004992,0.000289,0.022421,0.000771,0.001269,0.489426,-0.011170,0.522004,0.153580,-0.003340,0.539850,0.035600,0.310454
5.656000,-6.165923,-0.457674,-1.731061,-5.782711,0.331546,-3.249557,3.249557,3.000000,5.792207,-0.004992,0.000286,0.023033,-0.000114,0.000567,0.489658,-0.011173,0.522007,0.153530,-0.003337,0.539850,0.035600,0.316358
5.666000,-6.135283,-0.490849,-1.667254,-5.752070,0.298371,-3.185751,3.185751,3.000000,5.759803,-0.004993,0.000259,0.023242,-0.000766,0.001014,0.489891,-0.011175,0.522007,0.153480,-0.003334,0.539850,0.035600,0.312558
5.676000,-5.966579,-0.486548,-1.727475,-5.583366,0.302671,-3.245971,3.245971,3.000000,5.591564,-0.004993,0.000271,0.023156,-0.001412,0.001044,0.490123,-0.011182,0.522013,0.153430,-0.003332,0.539850,0.035600,0.312192
5.686000,-5.596960,-0.484741,-1.692070,-5.213747,0.304479,-3.210567,3.210567,3.000000,5.222631,-0.004991,0.000291,0.022855,-0.001101,0.001092,0.490346,-0.011187,0.522024,0.153380,-0.003329,0.539850,0.035600,0.311592
5.696000,-5.355348,-0.479632,-1.712200,-4.972135,0.309588,-3.230697,3.230697,3.000000,4.981764,-0.004990,0.000311,0.022491,-0.000750,0.003136,0.490565,-0.011193,0.522047,0.153330,-0.003326,0.539850,0.035600,0.293832
5.706000,-5.399434,-0.513078,-1.786627,-5.016221,0.276142,-3.305124,3.305124,3.000000,5.023816,-0.004992,0.000275,0.023360,-0.000577,0.003961,0.490805,-0.011206,0.522074,0.153280,-0.003323,0.539850,0.035600,0.286342
5.716000,-5.530334,-0.471715,-1.813981,-5.147122,0.317504,-3.332477,3.332477,3.000000,5.156905,-0.004991,0.000308,0.024617,-0.001548,0.004155,0.491050,-0.011221,0.522108,0.153230,-0.003320,0.539850,0.035600,0.284094
5.726000,-5.742119,-0.441602,-1.763234,-5.358906,0.347617,-3.281731,3.281731,3.000000,5.370169,-0.004990,0.000324,0.024590,-0.001332,0.001938,0.491297,-0.011234,0.522128,0.153181,-0.003317,0.539850,0.035600,0.302546
5.736000,-5.873553,-0.507207,-1.749898,-5.490340,0.282013,-3.268395,3.268395,3.000000,5.497578,-0.004993,0.000256,0.023935,-0.000919,0.001436,0.491538,-0.011243,0.522141,0.153131,-0.003314,0.539850,0.035600,0.306568
5.746000,-5.778895,-0.476664,-1.843157,-5.395683,0.312556,-3.361653,3.361653,3.000000,5.404728,-0.004992,0.000289,0.023206,-0.000944,-0.000056,0.491773,-0.011258,0.522147,0.153081,-0.003311,0.539850,0.035600,0.319129
5.756000,-5.583704,-0.549852,-1.942566,-5.200492,0.239368,-3.461062,3.461062,3.000000,5.205998,-0.004995,0.000230,0.023110,-0.000525,0.001006,0.492004,-0.011268,0.522158,0.153031,-0.003308,0.539850,0.035600,0.309907
5.766000,-5.394094,-0.570763,-2.027625,-5.010881,0.218457,-3.546122,3.546122,3.000000,5.015641,-0.004995,0.000218,0.021512,-0.000624,0.000392,0.492224,-0.011278,0.522174,0.152981,-0.003306,0.539850,0.035600,0.314836
5.776000,-5.411633,-0.524627,-2.001591,-5.028421,0.264593,-3.520087,3.520087,3.000000,5.035377,-0.004993,0.000263,0.021386,-0.001638,0.000122,0.492436,-0.011291,0.522179,0.152931,-0.003304,0.539850,0.035600,0.317040
5.786000,-5.563446,-0.471031,-2.013470,-5.180233,0.318189,-3.531966,3.531966,3.000000,5.189996,-0.004991,0.000307,0.020492,-0.001815,0.000550,0.492649,-0.011305,0.522180,0.152881,-0.003301,0.539850,0.035600,0.313393
5.796000,-5.492265,-0.541862,-2.148871,-5.109052,0.247358,-3.667367,3.667367,3.000000,5.115037,-0.004994,0.000242,0.020715,0.000148,-0.001884,0.492854,-0.011309,0.522167,0.152831,-0.003298,0.539850,0.035600,0.334273
5.806000,-5.682588,-0.594626,-2.189169,-5.299376,0.194594,-3.707666,3.707666,3.000000,5.302947,-0.004997,0.000183,0.020294,-0.000482,-0.001040,0.493058,-0.011318,0.522157,0.152781,-0.003296,0.539850,0.035600,0.327291
5.816000,-5.888840,-0.571143,-2.158190,-5.505627,0.218077,-3.676686,3.676686,3.000000,5.509945,-0.004996,0.000198,0.020981,-0.000866,-0.000075,0.493271,-0.011326,0.522147,0.152731,-0.003294,0.539850,0.035600,0.319280
5.826000,-5.811646,-0.592179,-2.173243,-5.428433,0.197041,-3.691739,3.691739,3.000000,5.432008,-0.004997,0.000181,0.021831,-0.001156,0.000220,0.493485,-0.011333,0.522150,0.152681,-0.003292,0.539850,0.035600,0.316723
5.836000,-5.632058,-0.622586,-2.230214,-5.248845,0.166634,-3.748711,3.748711,3.000000,5.251490,-0.004997,0.000159,0.021102,0.000049,0.002201,0.493704,-0.011332,0.522162,0.152631,-0.003291,0.539850,0.035600,0.299698
5.846000,-5.481028,-0.642690,-2.217490,-5.097815,0.146529,-3.735987,3.735987,3.000000,5.099920,-0.004998,0.000144,0.021648,0.000010,0.002402,0.493922,-0.011331,0.522187,0.152581,-0.003289,0.539850,0.035600,0.297536
5.856000,-5.623668,-0.629367,-2.157981,-5.240455,0.159852,-3.676477,3.676477,3.000000,5.242893,-0.004998,0.000152,0.023313,0.000698,0.002979,0.494149,-0.011326,0.522216,0.152531,-0.003288,0.539850,0.035600,0.292121
5.866000,-5.852169,-0.631766,-2.048424,-5.468956,0.157453,-3.566920,3.566920,3.000000,5.471222,-0.004998,0.000144,0.025154,-0.000110,0.003528,0.494398,-0.011325,0.522244,0.152481,-0.003286,0.539850,0.035600,0.286968
5.876000,-6.166887,-0.577643,-1.969276,-5.783675,0.211576,-3.487772,3.487772,3.000000,5.787543,-0.004997,0.000183,0.027920,0.000509,0.002832,0.494672,-0.011321,0.522278,0.152431,-0.003285,0.539850,0.035600,0.292256
5.886000,-6.200810,-0.582546,-1.853512,-5.817598,0.206673,-3.372009,3.372009,3.000000,5.821268,-0.004997,0.000178,0.028921,0.001099,0.003682,0.494961,-0.011313,0.522323,0.152381,-0.003283,0.539850,0.035600,0.284240
5.896000,-5.956164,-0.690025,-1.686405,-5.572951,0.099194,-3.204901,3.204901,3.000000,5.573834,-0.004999,0.000089,0.028350,0.001422,0.004729,0.495248,-0.011300,0.522375,0.152331,-0.003282,0.539850,0.035600,0.274419
5.906000,-5.569887,-0.703951,-1.698009,-5.186674,0.085269,-3.216506,3.216506,3.000000,5.187375,-0.004999,0.000082,0.027008,0.000399,0.005416,0.495518,-0.011286,0.522434,0.152281,-0.003281,0.539850,0.035600,0.267515
5.916000,-5.467023,-0.717371,-1.769059,-5.083811,0.071849,-3.287555,3.287555,3.000000,5.084319,-0.005000,0.000071,0.026141,0.001206,0.003650,0.495785,-0.011271,0.522475,0.152231,-0.003280,0.539850,0.035600,0.281772
5.926000,-5.979878,-0.617450,-1.663373,-5.596665,0.171770,-3.181870,3.181870,3.000000,5.599300,-0.004998,0.000153,0.027362,0.000333,0.001201,0.496057,-0.011259,0.522496,0.152181,-0.003279,0.539850,0.035600,0.302163
5.936000,-6.911113,-0.612996,-1.428777,-6.527900,0.176224,-2.947273,2.947273,3.000000,6.530279,-0.004998,0.000135,0.028954,0.002520,-0.001537,0.496341,-0.011237,0.522484,0.152131,-0.003277,0.539850,0.035600,0.325615
5.946000,-7.233341,-0.678686,-1.465812,-6.850129,0.110533,-2.984309,2.984309,3.000000,6.851020,-0.004999,0.000081,0.028319,0.001947,-0.000157,0.496633,-0.011214,0.522475,0.152081,-0.003276,0.539850,0.035600,0.314078
5.956000,-6.868716,-0.735702,-1.546158,-6.485504,0.053518,-3.064655,3.064655,3.000000,6.485724,-0.005000,0.000041,0.026797,0.002032,-0.000144,0.496905,-0.011188,0.522462,0.152031,-0.003276,0.539850,0.035600,0.314205
5.966000,-6.149777,-0.707607,-1.782934,-5.766564,0.081613,-3.301430,3.301430,3.000000,5.767142,-0.004999,0.000071,0.025428,0.002840,0.003010,0.497160,-0.011167,0.522481,0.151981,-0.003275,0.539850,0.035600,0.287100
5.976000,-5.672118,-0.684560,-1.922511,-5.288906,0.104660,-3.441007,3.441007,3.000000,5.289941,-0.004999,0.000099,0.024963,0.001861,0.002203,0.497410,-0.011151,0.522507,0.151931,-0.003275,0.539850,0.035600,0.293468
5.986000,-5.663516,-0.634074,-1.831094,-5.280304,0.155146,-3.349590,3.349590,3.000000,5.282583,-0.004998,0.000147,0.025263,0.001769,0.003514,0.497659,-0.011131,0.522545,0.151881,-0.003273,0.539850,0.035600,0.281658
5.996000,-5.630593,-0.778739,-1.867667,-5.247381,0.010480,-3.386163,3.386163,3.000000,5.247391,-0.005000,0.000010,0.024018,0.003173,0.003426,0.497907,-0.011100,0.522575,0.151831,-0.003272,0.539850,0.035600,0.281875
6.006000,-5.920001,-0.749622,-1.775797,-5.536788,0.039598,-3.294293,3.294293,3.000000,5.536930,-0.005000,0.000036,0.024107,0.002478,0.001667,0.498151,-0.011071,0.522597,0.151781,-0.003272,0.539850,0.035600,0.296399
6.016000,-6.184297,-0.610227,-1.683656,-5.801085,0.178993,-3.202152,3.202152,3.000000,5.803845,-0.004998,0.000154,0.024588,0.001272,0.000742,0.498395,-0.011051,0.522608,0.151731,-0.003271,0.539850,0.035600,0.304063
6.026000,-6.368294,-0.478401,-1.592368,-5.985081,0.310819,-3.110864,3.110864,3.000000,5.993146,-0.004993,0.000259,0.025652,0.001013,0.000368,0.498648,-0.011040,0.522618,0.151681,-0.003269,0.539850,0.035600,0.307043
6.036000,-6.470015,-0.526787,-1.502433,-6.086803,0.262433,-3.020929,3.020929,3.000000,6.092457,-0.004995,0.000215,0.026349,0.001757,0.000829,0.498912,-0.011026,0.522625,0.151632,-0.003267,0.539850,0.035600,0.303009
6.046000,-6.262496,-0.538082,-1.514652,-5.879284,0.251138,-3.033149,3.033149,3.000000,5.884645,-0.004995,0.000213,0.025911,0.001391,0.000135,0.499178,-0.011011,0.522641,0.151582,-0.003264,0.539850,0.035600,0.308610
6.056000,-5.586181,-0.575812,-1.605860,-5.202969,0.213408,-3.124356,3.124356,3.000000,5.207344,-0.004996,0.000205,0.024197,0.001829,0.004235,0.499426,-0.010995,0.522679,0.151532,-0.003262,0.539850,0.035600,0.273128
6.066000,-5.125003,-0.500059,-1.779052,-4.741791,0.289161,-3.297549,3.297549,3.000000,4.750599,-0.004991,0.000304,0.023433,-0.000591,0.002863,0.499661,-0.010992,0.522712,0.151482,-0.003260,0.539850,0.035600,0.284191
6.076000,-5.121488,-0.446034,-1.920438,-4.738275,0.343185,-3.438934,3.438934,3.000000,4.750687,-0.004987,0.000361,0.022762,0.000156,0.001829,0.499886,-0.010989,0.522736,0.151432,-0.003257,0.539850,0.035600,0.292532
6.086000,-5.569363,-0.415283,-1.872544,-5.186151,0.373937,-3.391040,3.391040,3.000000,5.199614,-0.004987,0.000360,0.023596,-0.000016,-0.000292,0.500124,-0.010990,0.522747,0.151382,-0.003253,0.539850,0.035600,0.310329
6.096000,-6.098385,-0.433058,-1.851043,-5.715173,0.356162,-3.369539,3.369539,3.000000,5.726260,-0.004990,0.000311,0.023842,0.000297,-0.000987,0.500356,-0.010986,0.522738,0.151332,-0.003250,0.539850,0.035600,0.316377
6.106000,-6.483803,-0.458061,-1.845105,-6.100590,0.331159,-3.363601,3.363601,3.000000,6.109572,-0.004993,0.000271,0.023593,0.000204,-0.003151,0.500601,-0.010983,0.522704,0.151282,-0.003247,0.539850,0.035600,0.335353
6.116000,-6.149795,-0.438309,-2.048743,-5.766583,0.350911,-3.567239,3.567239,3.000000,5.777250,-0.004991,0.000304,0.022195,0.000533,-0.001347,0.500828,-0.010978,0.522692,0.151232,-0.003244,0.539850,0.035600,0.320274
6.126000,-5.433396,-0.465224,-2.301415,-5.050183,0.323995,-3.819911,3.819911,3.000000,5.060565,-0.004990,0.000320,0.021109,-0.000326,0.001183,0.501039,-0.010984,0.522704,0.151182,-0.003241,0.539850,0.035600,0.298588
6.136000,-4.975870,-0.520040,-2.416008,-4.592658,0.269180,-3.934504,3.934504,3.000000,4.600539,-0.004991,0.000293,0.020696,-0.000476,0.002124,0.501245,-0.010983,0.522725,0.151132,-0.003238,0.539850,0.035600,0.290224
6.146000,-5.021705,-0.551149,-2.355587,-4.638493,0.238071,-3.874084,3.874084,3.000000,4.644598,-0.004993,0.000256,0.021078,0.000160,0.002728,0.501453,-0.010985,0.522764,0.151082,-0.003235,0.539850,0.035600,0.284386
6.156000,-5.380880,-0.551910,-2.267541,-4.997668,0.237309,-3.786037,3.786037,3.000000,5.003299,-0.004994,0.000237,0.021798,0.001322,0.002998,0.501673,-0.010983,0.522794,0.151033,-0.003232,0.539850,0.035600,0.281553
6.166000,-5.891270,-0.506475,-2.139237,-5.508057,0.282745,-3.657733,3.657733,3.000000,5.515309,-0.004993,0.000256,0.023023,-0.000048,0.001686,0.501906,-0.010987,0.522804,0.150983,-0.003230,0.539850,0.035600,0.292502
6.176000,-6.189932,-0.504700,-2.038394,-5.806719,0.284520,-3.556890,3.556890,3.000000,5.813686,-0.004994,0.000245,0.023791,-0.000766,0.000610,0.502144,-0.010987,0.522809,0.150933,-0.003227,0.539850,0.035600,0.301549
6.186000,-6.118764,-0.507603,-1.923598,-5.735551,0.281617,-3.442095,3.442095,3.000000,5.742461,-0.004994,0.000245,0.024029,0.000311,0.002519,0.502384,-0.010984,0.522816,0.150883,-0.003225,0.539850,0.035600,0.285232
6.196000,-5.662543,-0.581226,-1.995684,-5.279330,0.207993,-3.514181,3.514181,3.000000,5.283426,-0.004996,0.000197,0.024423,-0.000832,0.004092,0.502629,-0.010985,0.522854,0.150833,-0.003223,0.539850,0.035600,0.271189
6.206000,-5.268043,-0.611876,-2.036594,-4.884831,0.177344,-3.555090,3.555090,3.000000,4.888049,-0.004997,0.000181,0.025174,0.000589,0.006952,0.502878,-0.010977,0.522919,0.150783,-0.003221,0.539850,0.035600,0.245753
6.216000,-5.316308,-0.662863,-1.929326,-4.933096,0.126357,-3.447823,3.447823,3.000000,4.934714,-0.004998,0.000128,0.026086,0.000949,0.004658,0.503140,-0.010972,0.522979,0.150733,-0.003219,0.539850,0.035600,0.264152
6.226000,-5.808990,-0.643716,-1.738826,-5.425777,0.145504,-3.257322,3.257322,3.000000,5.427728,-0.004998,0.000134,0.027387,-0.000940,0.003100,0.503410,-0.010962,0.523028,0.150683,-0.003218,0.539850,0.035600,0.276485
6.236000,-6.331990,-0.621087,-1.677375,-5.948777,0.168133,-3.195872,3.195872,3.000000,5.951153,-0.004998,0.000141,0.028423,0.000197,0.002370,0.503695,-0.010949,0.523044,0.150633,-0.003217,0.539850,0.035600,0.282388
6.246000,-6.496347,-0.683357,-1.661013,-6.113134,0.105862,-3.179509,3.179509,3.000000,6.114051,-0.004999,0.000087,0.028417,0.001285,0.000724,0.503980,-0.010935,0.523054,0.150583,-0.003215,0.539850,0.035600,0.296181
6.256000,-6.322731,-0.713463,-1.585281,-5.939519,0.075757,-3.103778,3.103778,3.000000,5.940002,-0.005000,0.000064,0.027524,0.000139,0.000239,0.504259,-0.010927,0.523056,0.150533,-0.003215,0.539850,0.035600,0.300248
6.266000,-6.120641,-0.755433,-1.596897,-5.737428,0.033786,-3.115393,3.115393,3.000000,5.737528,-0.005000,0.000029,0.026174,0.001314,0.000605,0.504525,-0.010910,0.523062,0.150483,-0.003214,0.539850,0.035600,0.297042
6.276000,-5.990439,-0.732741,-1.670239,-5.607226,0.056479,-3.188735,3.188735,3.000000,5.607511,-0.005000,0.000050,0.025717,0.000821,0.000552,0.504783,-0.010898,0.523064,0.150433,-0.003214,0.539850,0.035600,0.297448
6.286000,-6.222442,-0.739005,-1.702174,-5.839229,0.050215,-3.220670,3.220670,3.000000,5.839445,-0.005000,0.000043,0.026475,0.002159,-0.002438,0.505045,-0.010880,0.523048,0.150383,-0.003213,0.539850,0.035600,0.323121
6.296000,-6.835595,-0.711074,-1.615325,-6.452383,0.078146,-3.133821,3.133821,3.000000,6.452856,-0.005000,0.000061,0.027433,0.001206,-0.003176,0.505316,-0.010868,0.523021,0.150333,-0.003213,0.539850,0.035600,0.329872
6.306000,-6.891019,-0.739432,-1.649735,-6.507806,0.049788,-3.168231,3.168231,3.000000,6.507997,-0.005000,0.000038,0.026984,0.001598,-0.002434,0.505585,-0.010852,0.523005,0.150283,-0.003212,0.539850,0.035600,0.323850
6.316000,-6.506513,-0.768795,-1.654419,-6.123301,0.020425,-3.172915,3.172915,3.000000,6.123335,-0.005000,0.000017,0.025180,0.000721,-0.000318,0.505845,-0.010836,0.522987,0.150233,-0.003212,0.539850,0.035600,0.306220
6.326000,-5.890571,-0.855809,-1.836966,-5.507358,-0.066589,-3.355462,3.355462,3.000000,5.507761,-0.005000,-0.000060,0.023830,0.002332,0.000991,0.506084,-0.010812,0.522994,0.150183,-0.003212,0.539850,0.035600,0.294993
6.336000,-5.611372,-0.836132,-1.903585,-5.228159,-0.046912,-3.422082,3.422082,3.000000,5.228370,-0.005000,-0.000045,0.023444,0.001540,0.001400,0.506315,-0.010797,0.522996,0.150133,-0.003213,0.539850,0.035600,0.291484
6.346000,-5.873785,-0.806189,-1.828845,-5.490572,-0.016970,-3.347341,3.347341,3.000000,5.490598,-0.005000,-0.000015,0.024021,0.002889,0.000381,0.506554,-0.010777,0.523012,0.150083,-0.003213,0.539850,0.035600,0.299840
6.356000,-6.153211,-0.871576,-1.812710,-5.769998,-0.082356,-3.331206,3.331206,3.000000,5.770586,-0.004999,-0.000071,0.023799,0.003186,0.001927,0.506796,-0.010752,0.523026,0.150033,-0.003213,0.539850,0.035600,0.286465
6.366000,-6.226533,-0.881198,-1.715739,-5.843320,-0.091978,-3.234235,3.234235,3.000000,5.844044,-0.004999,-0.000079,0.023809,0.002693,0.000985,0.507035,-0.010731,0.523036,0.149983,-0.003214,0.539850,0.035600,0.294284
6.376000,-6.354507,-0.842299,-1.652257,-5.971294,-0.053080,-3.170753,3.170753,3.000000,5.971530,-0.005000,-0.000044,0.023168,0.001320,0.000609,0.507265,-0.010712,0.523045,0.149933,-0.003215,0.539850,0.035600,0.297309
6.386000,-6.323101,-0.716122,-1.696000,-5.939888,0.073097,-3.214496,3.214496,3.000000,5.940338,-0.005000,0.000062,0.022472,0.001357,-0.001033,0.507498,-0.010699,0.523036,0.149883,-0.003215,0.539850,0.035600,0.311400
6.396000,-6.157750,-0.659869,-1.785915,-5.774537,0.129351,-3.304411,3.304411,3.000000,5.775986,-0.004999,0.000112,0.022213,-0.000205,-0.000001,0.507719,-0.010695,0.523036,0.149833,-0.003214,0.539850,0.035600,0.302640
6.406000,-6.118349,-0.663422,-1.841400,-5.735136,0.125798,-3.359896,3.359896,3.000000,5.736516,-0.004999,0.000110,0.021506,0.000178,-0.002000,0.507936,-0.010687,0.523025,0.149783,-0.003213,0.539850,0.035600,0.319821
6.416000,-5.897382,-0.693702,-1.933963,-5.514170,0.095518,-3.452459,3.452459,3.000000,5.514997,-0.004999,0.000087,0.020357,0.000258,-0.000639,0.508141,-0.010686,0.523011,0.149733,-0.003212,0.539850,0.035600,0.308520
6.426000,-5.576709,-0.766265,-2.035534,-5.193496,0.022955,-3.554031,3.554031,3.000000,5.193547,-0.005000,0.000022,0.019599,0.001727,-0.000748,0.508340,-0.010674,0.523012,0.149683,-0.003211,0.539850,0.035600,0.309426
6.436000,-5.571280,-0.759026,-2.114390,-5.188067,0.030194,-3.632886,3.632886,3.000000,5.188155,-0.005000,0.000029,0.019305,-0.000310,-0.001572,0.508535,-0.010674,0.523002,0.149633,-0.003211,0.539850,0.035600,0.316601
6.446000,-5.703866,-0.719741,-2.157987,-5.320653,0.069479,-3.676483,3.676483,3.000000,5.321107,-0.005000,0.000065,0.019277,0.000168,-0.000986,0.508727,-0.010671,0.522990,0.149583,-0.003211,0.539850,0.035600,0.311841
6.456000,-5.715432,-0.732256,-2.263857,-5.332220,0.056963,-3.782354,3.782354,3.000000,5.332524,-0.005000,0.000053,0.018668,0.002037,-0.000135,0.508912,-0.010663,0.522988,0.149533,-0.003210,0.539850,0.035600,0.304654
6.466000,-5.814710,-0.856109,-2.244457,-5.431498,-0.066889,-3.762953,3.762953,3.000000,5.431910,-0.005000,-0.000062,0.019432,0.000663,0.000345,0.509105,-0.010658,0.522976,0.149483,-0.003210,0.539850,0.035600,0.300796
6.476000,-5.874084,-0.758853,-2.247723,-5.490872,0.030366,-3.766219,3.766219,3.000000,5.490956,-0.005000,0.000028,0.019390,0.000270,-0.000668,0.509303,-0.010656,0.522958,0.149433,-0.003211,0.539850,0.035600,0.309715
6.486000,-5.815945,-0.691051,-2.210341,-5.432732,0.098169,-3.728838,3.728838,3.000000,5.433619,-0.004999,0.000090,0.019404,-0.000449,0.000544,0.509500,-0.010661,0.522963,0.149383,-0.003210,0.539850,0.035600,0.299337
6.496000,-5.430602,-0.749008,-2.263318,-5.047389,0.040211,-3.781814,3.781814,3.000000,5.047549,-0.005000,0.000040,0.019281,0.000085,0.002632,0.509693,-0.010661,0.522986,0.149333,-0.003209,0.539850,0.035600,0.281216
6.506000,-5.113309,-0.792548,-2.373357,-4.730096,-0.003328,-3.891853,3.891853,3.000000,4.730097,-0.005000,-0.000004,0.019049,-0.001096,0.004476,0.509885,-0.010665,0.523027,0.149283,-0.003209,0.539850,0.035600,0.264825
6.516000,-5.249357,-0.722527,-2.333845,-4.866144,0.066693,-3.852341,3.852341,3.000000,4.866602,-0.005000,0.000069,0.020896,-0.000755,0.005131,0.510092,-0.010669,0.523075,0.149233,-0.003209,0.539850,0.035600,0.258398
6.526000,-5.559474,-0.721924,-2.201610,-5.176261,0.067296,-3.720106,3.720106,3.000000,5.176699,-0.005000,0.000065,0.023173,-0.000626,0.005596,0.510316,-0.010676,0.523129,0.149183,-0.003208,0.539850,0.035600,0.253477
6.536000,-5.878950,-0.741030,-2.113210,-5.495737,0.048189,-3.631706,3.631706,3.000000,5.495949,-0.005000,0.000044,0.024427,-0.000642,0.007424,0.510554,-0.010682,0.523195,0.149133,-0.003207,0.539850,0.035600,0.236785
6.546000,-5.909936,-0.720375,-2.093035,-5.526723,0.068844,-3.611531,3.611531,3.000000,5.527152,-0.005000,0.000062,0.025387,-0.001461,0.008477,0.510808,-0.010692,0.523275,0.149083,-0.003207,0.539850,0.035600,0.226422
6.556000,-5.679539,-0.795936,-2.034657,-5.296326,-0.006716,-3.553153,3.553153,3.000000,5.296331,-0.005000,-0.000006,0.025555,-0.001326,0.009617,0.511067,-0.010700,0.523366,0.149033,-0.003207,0.539850,0.035600,0.215101
6.566000,-5.505158,-0.792505,-2.004098,-5.121945,-0.003285,-3.522594,3.522594,3.000000,5.121946,-0.005000,-0.000003,0.025521,-0.001048,0.007812,0.511322,-0.010705,0.523462,0.148983,-0.003207,0.539850,0.035600,0.228691
6.576000,-5.460137,-0.780521,-2.051524,-5.076925,0.008698,-3.570021,3.570021,3.000000,5.076932,-0.005000,0.000009,0.024900,-0.001107,0.008181,0.511570,-0.010715,0.523556,0.148933,-0.003207,0.539850,0.035600,0.223874
6.586000,-5.660318,-0.835296,-1.998900,-5.277105,-0.046076,-3.517396,3.517396,3.000000,5.277306,-0.005000,-0.000044,0.024895,-0.000913,0.006676,0.511819,-0.010724,0.523635,0.148883,-0.003207,0.539850,0.035600,0.235215
6.596000,-6.161150,-0.827973,-1.904106,-5.777938,-0.038754,-3.422602,3.422602,3.000000,5.778068,-0.005000,-0.000034,0.027028,-0.000569,0.006521,0.512085,-0.010727,0.523699,0.148833,-0.003207,0.539850,0.035600,0.235372
6.606000,-6.754673,-0.833876,-1.798555,-6.371460,-0.044657,-3.317052,3.317052,3.000000,6.371617,-0.005000,-0.000035,0.028248,0.000082,0.003914,0.512362,-0.010729,0.523737,0.148783,-0.003208,0.539850,0.035600,0.256804
6.616000,-6.808626,-0.809535,-1.767824,-6.425413,-0.020315,-3.286320,3.286320,3.000000,6.425445,-0.005000,-0.000016,0.027679,-0.000134,0.003939,0.512643,-0.010730,0.523772,0.148733,-0.003208,0.539850,0.035600,0.255971
6.626000,-6.461596,-0.851120,-1.799412,-6.078383,-0.061900,-3.317908,3.317908,3.000000,6.078698,-0.005000,-0.000051,0.027618,0.000001,0.003396,0.512920,-0.010730,0.523811,0.148683,-0.003208,0.539850,0.035600,0.259878
6.636000,-5.961097,-0.910371,-1.857247,-5.577885,-0.121151,-3.375743,3.375743,3.000000,5.579200,-0.004999,-0.000109,0.027352,0.000647,0.005665,0.513193,-0.010725,0.523868,0.148633,-0.003209,0.539850,0.035600,0.239601
6.646000,-5.619194,-0.850995,-1.827487,-5.235981,-0.061775,-3.345983,3.345983,3.000000,5.236346,-0.005000,-0.000059,0.026417,-0.001228,0.005724,0.513459,-0.010733,0.523924,0.148583,-0.003210,0.539850,0.035600,0.238093
6.656000,-5.616902,-0.857201,-1.830774,-5.233689,-0.067982,-3.349270,3.349270,3.000000,5.234131,-0.005000,-0.000065,0.025800,-0.001235,0.005876,0.513716,-0.010737,0.523968,0.148533,-0.003211,0.539850,0.035600,0.236002
6.666000,-6.009437,-0.780353,-1.782681,-5.626224,0.008867,-3.301177,3.301177,3.000000,5.626231,-0.005000,0.000008,0.026473,-0.000276,0.002062,0.513978,-0.010740,0.524002,0.148483,-0.003211,0.539850,0.035600,0.267760
6.676000,-6.839988,-0.678081,-1.566564,-6.456776,0.111138,-3.085060,3.085060,3.000000,6.457732,-0.004999,0.000086,0.028562,-0.002352,-0.000662,0.514255,-0.010758,0.523997,0.148433,-0.003210,0.539850,0.035600,0.290968
6.686000,-7.502411,-0.615176,-1.391656,-7.119199,0.174044,-2.910152,2.910152,3.000000,7.121326,-0.004999,0.000122,0.029045,-0.002359,-0.000474,0.514548,-0.010773,0.523982,0.148383,-0.003209,0.539850,0.035600,0.289634
6.696000,-7.068066,-0.610047,-1.536691,-6.684854,0.179173,-3.055187,3.055187,3.000000,6.687255,-0.004998,0.000134,0.027393,-0.002690,0.001058,0.514827,-0.010787,0.523992,0.148333,-0.003208,0.539850,0.035600,0.276458
6.706000,-6.100213,-0.642384,-1.774082,-5.717001,0.146836,-3.292578,3.292578,3.000000,5.718886,-0.004998,0.000128,0.024309,-0.002484,0.003773,0.515079,-0.010806,0.524014,0.148283,-0.003206,0.539850,0.035600,0.253018
6.716000,-5.326775,-0.748791,-1.944257,-4.943562,0.040429,-3.462753,3.462753,3.000000,4.943727,-0.005000,0.000041,0.021504,-0.001901,0.003515,0.515298,-0.010821,0.524055,0.148233,-0.003206,0.539850,0.035600,0.254470
6.726000,-5.242114,-0.783797,-2.007583,-4.858901,0.005423,-3.526079,3.526079,3.000000,4.858905,-0.005000,0.000006,0.021083,-0.001382,0.001417,0.515506,-0.010836,0.524068,0.148183,-0.003205,0.539850,0.035600,0.272038
6.736000,-5.867736,-0.724047,-1.908240,-5.484524,0.065173,-3.426737,3.426737,3.000000,5.484911,-0.005000,0.000059,0.021182,-0.001289,-0.001131,0.515720,-0.010853,0.524058,0.148133,-0.003205,0.539850,0.035600,0.293853
6.746000,-6.588623,-0.627478,-1.789276,-6.205411,0.161742,-3.307773,3.307773,3.000000,6.207518,-0.004998,0.000130,0.020494,-0.000935,-0.003488,0.515928,-0.010867,0.524031,0.148083,-0.003204,0.539850,0.035600,0.314331
6.756000,-6.766116,-0.595997,-1.772317,-6.382904,0.193223,-3.290813,3.290813,3.000000,6.385828,-0.004998,0.000151,0.018706,0.000092,-0.005281,0.516120,-0.010879,0.523984,0.148033,-0.003202,0.539850,0.035600,0.330395
6.766000,-6.557918,-0.643985,-1.812993,-6.174705,0.145234,-3.331489,3.331489,3.000000,6.176413,-0.004999,0.000118,0.017505,-0.001066,-0.004458,0.516300,-0.010897,0.523934,0.147983,-0.003201,0.539850,0.035600,0.324298
6.776000,-6.135556,-0.615497,-1.907385,-5.752343,0.173723,-3.425882,3.425882,3.000000,5.754966,-0.004998,0.000151,0.016080,-0.002056,-0.005283,0.516461,-0.010910,0.523890,0.147933,-0.003200,0.539850,0.035600,0.332102
6.786000,-5.741645,-0.676662,-1.931765,-5.358432,0.112558,-3.450261,3.450261,3.000000,5.359614,-0.004999,0.000105,0.014368,-0.000232,-0.003422,0.516611,-0.010916,0.523846,0.147883,-0.003199,0.539850,0.035600,0.317102
6.796000,-5.579479,-0.725529,-1.945600,-5.196266,0.063690,-3.464096,3.464096,3.000000,5.196656,-0.005000,0.000061,0.014811,-0.001447,-0.005314,0.516755,-0.010930,0.523795,0.147833,-0.003198,0.539850,0.035600,0.334060
6.806000,-5.749677,-0.682748,-1.879106,-5.366464,0.106472,-3.397602,3.397602,3.000000,5.367521,-0.004999,0.000099,0.015173,-0.001003,-0.005213,0.516908,-0.010940,0.523739,0.147783,-0.003197,0.539850,0.035600,0.334212
6.816000,-6.000598,-0.650007,-1.766243,-5.617385,0.139213,-3.284739,3.284739,3.000000,5.619110,-0.004998,0.000124,0.015549,-0.000874,-0.006469,0.517063,-0.010949,0.523675,0.147733,-0.003196,0.539850,0.035600,0.346030
6.826000,-5.983361,-0.680949,-1.697967,-5.600148,0.108270,-3.216463,3.216463,3.000000,5.601194,-0.004999,0.000097,0.015409,-0.000536,-0.005725,0.517218,-0.010957,0.523614,0.147683,-0.003195,0.539850,0.035600,0.340814
6.836000,-5.750516,-0.733432,-1.747598,-5.367303,0.055788,-3.266095,3.266095,3.000000,5.367593,-0.005000,0.000052,0.015622,-0.001358,-0.005191,0.517371,-0.010964,0.523556,0.147633,-0.003194,0.539850,0.035600,0.337331
6.846000,-5.651481,-0.744736,-1.725942,-5.268269,0.044483,-3.244438,3.244438,3.000000,5.268456,-0.005000,0.000042,0.015588,-0.000549,-0.004867,0.517522,-0.010972,0.523499,0.147583,-0.003193,0.539850,0.035600,0.335605
6.856000,-5.545141,-0.779679,-1.748678,-5.161928,0.009541,-3.267175,3.267175,3.000000,5.161937,-0.005000,0.000009,0.014668,-0.001069,-0.003756,0.517669,-0.010982,0.523452,0.147533,-0.003193,0.539850,0.035600,0.327022
6.866000,-5.464428,-0.818222,-1.814698,-5.081215,-0.029002,-3.333195,3.333195,3.000000,5.081298,-0.005000,-0.000029,0.015721,-0.001550,-0.004591,0.517828,-0.010990,0.523399,0.147483,-0.003193,0.539850,0.035600,0.335068
6.876000,-5.711467,-0.777303,-1.740117,-5.328255,0.011917,-3.258613,3.258613,3.000000,5.328268,-0.005000,0.000011,0.016827,-0.000685,-0.005283,0.517995,-0.010996,0.523348,0.147433,-0.003193,0.539850,0.035600,0.341846
6.886000,-6.056325,-0.761518,-1.636540,-5.673112,0.027702,-3.155036,3.155036,3.000000,5.673180,-0.005000,0.000024,0.018604,-0.001652,-0.005706,0.518177,-0.011007,0.523294,0.147383,-0.003193,0.539850,0.035600,0.346413
6.896000,-6.175472,-0.778834,-1.661707,-5.792259,0.010386,-3.180203,3.180203,3.000000,5.792268,-0.005000,0.000009,0.019669,-0.002499,-0.004032,0.518374,-0.011018,0.523248,0.147333,-0.003193,0.539850,0.035600,0.333032
6.906000,-5.853020,-0.804213,-1.761325,-5.469807,-0.014993,-3.279821,3.279821,3.000000,5.469827,-0.005000,-0.000014,0.020335,-0.000698,-0.000625,0.518576,-0.011023,0.523236,0.147283,-0.003193,0.539850,0.035600,0.304348
6.916000,-5.303545,-0.826432,-1.852024,-4.920332,-0.037212,-3.370520,3.370520,3.000000,4.920473,-0.005000,-0.000038,0.020169,-0.002053,0.000906,0.518778,-0.011037,0.523240,0.147233,-0.003193,0.539850,0.035600,0.291284
6.926000,-5.127787,-0.773229,-1.778183,-4.744574,0.015990,-3.296679,3.296679,3.000000,4.744601,-0.005000,0.000017,0.021133,-0.000821,0.001245,0.518987,-0.011048,0.523254,0.147183,-0.003193,0.539850,0.035600,0.288150
6.936000,-5.164931,-0.695927,-1.813124,-4.781719,0.093293,-3.331621,3.331621,3.000000,4.782629,-0.004999,0.000098,0.021856,-0.002218,0.000906,0.519199,-0.011067,0.523275,0.147133,-0.003193,0.539850,0.035600,0.290650
6.946000,-5.633764,-0.661961,-1.812828,-5.250551,0.127259,-3.331324,3.331324,3.000000,5.252093,-0.004999,0.000121,0.022181,-0.002470,0.000299,0.519424,-0.011084,0.523279,0.147083,-0.003191,0.539850,0.035600,0.295724
6.956000,-6.066548,-0.619254,-1.827779,-5.683336,0.169966,-3.346275,3.346275,3.000000,5.685876,-0.004998,0.000149,0.023646,-0.002076,-0.001323,0.519655,-0.011101,0.523276,0.147033,-0.003190,0.539850,0.035600,0.309555
6.966000,-6.413505,-0.656354,-1.753608,-6.030292,0.132865,-3.272104,3.272104,3.000000,6.031756,-0.004999,0.000110,0.023597,-0.001644,-0.002279,0.519891,-0.011118,0.523253,0.146983,-0.003189,0.539850,0.035600,0.318071
6.976000,-6.377135,-0.608190,-1.695445,-5.993922,0.181030,-3.213941,3.213941,3.000000,5.996655,-0.004998,0.000151,0.023131,-0.001795,-0.000734,0.520124,-0.011134,0.523228,0.146933,-0.003187,0.539850,0.035600,0.305406
6.986000,-5.908199,-0.702703,-1.844470,-5.524987,0.086517,-3.362966,3.362966,3.000000,5.525664,-0.004999,0.000078,0.022916,-0.001351,0.000430,0.520355,-0.011143,0.523233,0.146883,-0.003186,0.539850,0.035600,0.295449
6.996000,-5.589117,-0.710998,-1.999691,-5.205904,0.078221,-3.518188,3.518188,3.000000,5.206492,-0.004999,0.000075,0.022321,-0.001167,0.000324,0.520578,-0.011157,0.523239,0.146833,-0.003185,0.539850,0.035600,0.296237
7.006000,-5.647033,-0.724118,-2.077181,-5.263821,0.065102,-3.595677,3.595677,3.000000,5.264223,-0.005000,0.000062,0.023305,-0.001459,0.000973,0.520807,-0.011173,0.523253,0.146783,-0.003185,0.539850,0.035600,0.290484
7.016000,-6.144068,-0.674961,-2.046321,-5.760856,0.114258,-3.564817,3.564817,3.000000,5.761989,-0.004999,0.000099,0.024856,-0.001710,-0.001786,0.521053,-0.011188,0.523243,0.146733,-0.003184,0.539850,0.035600,0.314075
7.026000,-6.712927,-0.680735,-1.903309,-6.329715,0.108485,-3.421806,3.421806,3.000000,6.330644,-0.004999,0.000086,0.026638,-0.001618,-0.001685,0.521319,-0.011203,0.523221,0.146683,-0.003183,0.539850,0.035600,0.313610
7.036000,-6.703200,-0.673639,-1.875634,-6.319987,0.115581,-3.394130,3.394130,3.000000,6.321044,-0.004999,0.000091,0.026569,-0.001096,-0.002025,0.521587,-0.011216,0.523208,0.146633,-0.003182,0.539850,0.035600,0.316735
7.046000,-6.409032,-0.688635,-1.852910,-6.025819,0.100584,-3.371406,3.371406,3.000000,6.026658,-0.004999,0.000083,0.025889,-0.000707,-0.000035,0.521850,-0.011229,0.523202,0.146583,-0.003181,0.539850,0.035600,0.299956
7.056000,-6.055490,-0.686769,-1.914526,-5.672278,0.102451,-3.433022,3.433022,3.000000,5.673203,-0.004999,0.000090,0.025434,-0.002083,0.000237,0.522102,-0.011245,0.523194,0.146533,-0.003181,0.539850,0.035600,0.297801
7.066000,-5.910575,-0.673866,-2.022725,-5.527362,0.115354,-3.541221,3.541221,3.000000,5.528566,-0.004999,0.000104,0.025565,-0.003253,0.001842,0.522355,-0.011264,0.523209,0.146483,-0.003180,0.539850,0.035600,0.283895
7.076000,-6.280950,-0.672118,-1.980113,-5.897738,0.117102,-3.498610,3.498610,3.000000,5.898900,-0.004999,0.000099,0.026799,-0.002381,0.000759,0.522619,-0.011282,0.523211,0.146433,-0.003179,0.539850,0.035600,0.293056
7.086000,-7.027049,-0.595112,-1.825662,-6.643837,0.194108,-3.344158,3.344158,3.000000,6.646672,-0.004998,0.000146,0.029054,-0.002089,-0.002069,0.522902,-0.011298,0.523194,0.146383,-0.003177,0.539850,0.035600,0.317360
7.096000,-7.402375,-0.565334,-1.703387,-7.019162,0.223886,-3.221884,3.221884,3.000000,7.022732,-0.004997,0.000159,0.027522,-0.000940,-0.002260,0.523180,-0.011317,0.523178,0.146333,-0.003176,0.539850,0.035600,0.319267
7.106000,-6.836298,-0.583037,-1.869378,-6.453085,0.206183,-3.387874,3.387874,3.000000,6.456379,-0.004997,0.000160,0.024974,-0.001993,-0.001501,0.523437,-0.011342,0.523157,0.146283,-0.003174,0.539850,0.035600,0.313201
7.116000,-6.099341,-0.662126,-2.058112,-5.716128,0.127094,-3.576608,3.576608,3.000000,5.717541,-0.004999,0.000111,0.022268,-0.002358,-0.000709,0.523663,-0.011357,0.523154,0.146233,-0.003173,0.539850,0.035600,0.306539
7.126000,-5.714819,-0.642662,-2.142096,-5.331606,0.146557,-3.660592,3.660592,3.000000,5.333620,-0.004998,0.000137,0.020264,-0.002033,0.000849,0.523869,-0.011374,0.523152,0.146183,-0.003172,0.539850,0.035600,0.293356
7.136000,-5.774423,-0.712923,-2.153362,-5.391211,0.076297,-3.671859,3.671859,3.000000,5.391750,-0.004999,0.000071,0.019216,-0.001545,-0.001481,0.524064,-0.011387,0.523135,0.146133,-0.003171,0.539850,0.035600,0.313437
7.146000,-6.344201,-0.701913,-2.071951,-5.960988,0.087307,-3.590447,3.590447,3.000000,5.961627,-0.004999,0.000073,0.019182,-0.001533,-0.003145,0.524260,-0.011398,0.523112,0.146083,-0.003170,0.539850,0.035600,0.327963
7.156000,-6.747620,-0.705374,-2.063557,-6.364408,0.083846,-3.582054,3.582054,3.000000,6.364960,-0.005000,0.000066,0.018791,-0.000816,-0.004008,0.524450,-0.011405,0.523067,0.146033,-0.003169,0.539850,0.035600,0.336100
7.166000,-6.593351,-0.781606,-2.126810,-6.210139,0.007614,-3.645307,3.645307,3.000000,6.210143,-0.005000,0.000006,0.016654,-0.000476,-0.005249,0.524617,-0.011412,0.523023,0.145983,-0.003169,0.539850,0.035600,0.347422
7.176000,-6.499893,-0.786253,-2.050113,-6.116680,0.002967,-3.568610,3.568610,3.000000,6.116681,-0.005000,0.000002,0.014898,-0.000030,-0.005812,0.524769,-0.011417,0.522975,0.145933,-0.003169,0.539850,0.035600,0.353048
7.186000,-6.291346,-0.817339,-2.071322,-5.908133,-0.028119,-3.589818,3.589818,3.000000,5.908200,-0.005000,-0.000024,0.014632,0.000326,-0.004282,0.524915,-0.011422,0.522930,0.145883,-0.003169,0.539850,0.035600,0.340888
7.196000,-6.127682,-0.802071,-2.087081,-5.744469,-0.012851,-3.605578,3.605578,3.000000,5.744483,-0.005000,-0.000011,0.014439,-0.000711,-0.003779,0.525058,-0.011429,0.522890,0.145833,-0.003169,0.539850,0.035600,0.337335
7.206000,-5.988562,-0.776541,-2.072039,-5.605350,0.012679,-3.590535,3.590535,3.000000,5.605364,-0.005000,0.000011,0.014180,-0.000205,-0.004490,0.525203,-0.011430,0.522854,0.145783,-0.003169,0.539850,0.035600,0.344026
7.216000,-5.927382,-0.821975,-1.978915,-5.544169,-0.032755,-3.497411,3.497411,3.000000,5.544266,-0.005000,-0.000030,0.014320,0.000436,-0.004016,0.525345,-0.011428,0.522813,0.145733,-0.003169,0.539850,0.035600,0.340734
7.226000,-5.929307,-0.858800,-1.897234,-5.546095,-0.069580,-3.415730,3.415730,3.000000,5.546531,-0.005000,-0.000063,0.014550,0.000324,-0.005155,0.525493,-0.011429,0.522772,0.145683,-0.003170,0.539850,0.035600,0.351135
7.236000,-5.869051,-0.915376,-1.890675,-5.485839,-0.126157,-3.409172,3.409172,3.000000,5.487289,-0.004999,-0.000115,0.014832,0.000035,-0.003724,0.525643,-0.011421,0.522742,0.145633,-0.003171,0.539850,0.035600,0.339525
7.246000,-5.748751,-0.922737,-1.853643,-5.365539,-0.133517,-3.372139,3.372139,3.000000,5.367200,-0.004998,-0.000124,0.015166,0.000665,-0.002483,0.525793,-0.011415,0.522708,0.145584,-0.003172,0.539850,0.035600,0.329616
7.256000,-5.701424,-0.925899,-1.857742,-5.318211,-0.136680,-3.376238,3.376238,3.000000,5.319967,-0.004998,-0.000128,0.015384,0.001119,-0.003343,0.525947,-0.011406,0.522678,0.145534,-0.003173,0.539850,0.035600,0.337453
7.266000,-5.919799,-0.852513,-1.772828,-5.536587,-0.063293,-3.291324,3.291324,3.000000,5.536949,-0.005000,-0.000057,0.017210,0.000161,-0.002819,0.526117,-0.011402,0.522655,0.145484,-0.003174,0.539850,0.035600,0.333421
7.276000,-6.095035,-0.803271,-1.780870,-5.711823,-0.014051,-3.299366,3.299366,3.000000,5.711840,-0.005000,-0.000012,0.018922,0.000062,-0.001648,0.526303,-0.011397,0.522635,0.145434,-0.003175,0.539850,0.035600,0.323851
7.286000,-6.160002,-0.835589,-1.844535,-5.776789,-0.046369,-3.363032,3.363032,3.000000,5.776975,-0.005000,-0.000040,0.020405,0.001359,-0.000046,0.526503,-0.011383,0.522633,0.145384,-0.003175,0.539850,0.035600,0.310281
7.296000,-6.195488,-0.826802,-1.792570,-5.812275,-0.037582,-3.311067,3.311067,3.000000,5.812397,-0.005000,-0.000032,0.022339,0.000627,0.001325,0.526720,-0.011376,0.522640,0.145334,-0.003175,0.539850,0.035600,0.298527
7.306000,-6.059380,-0.823519,-1.852333,-5.676168,-0.034300,-3.370829,3.370829,3.000000,5.676271,-0.005000,-0.000030,0.024317,0.000660,0.002865,0.526961,-0.011367,0.522674,0.145284,-0.003176,0.539850,0.035600,0.284858
7.316000,-5.827373,-0.827471,-1.901885,-5.444160,-0.038252,-3.420381,3.420381,3.000000,5.444295,-0.005000,-0.000035,0.023558,0.000772,0.005289,0.527199,-0.011358,0.522724,0.145234,-0.003176,0.539850,0.035600,0.263383
7.326000,-5.266890,-0.921646,-2.149777,-4.883677,-0.132426,-3.668273,3.668273,3.000000,4.885472,-0.004998,-0.000136,0.022407,0.001656,0.006140,0.527425,-0.011344,0.522793,0.145184,-0.003177,0.539850,0.035600,0.254916
7.336000,-5.436288,-0.938388,-2.052343,-5.053075,-0.149168,-3.570840,3.570840,3.000000,5.055276,-0.004998,-0.000148,0.022613,0.001206,0.004236,0.527651,-0.011334,0.522847,0.145134,-0.003178,0.539850,0.035600,0.270099
7.346000,-5.910544,-0.882957,-1.906784,-5.527331,-0.093737,-3.425280,3.425280,3.000000,5.528126,-0.004999,-0.000085,0.023492,0.001307,0.003028,0.527886,-0.011322,0.522881,0.145084,-0.003179,0.539850,0.035600,0.279744
7.356000,-6.491044,-0.821650,-1.854231,-6.107832,-0.032430,-3.372727,3.372727,3.000000,6.107918,-0.005000,-0.000027,0.025415,0.002181,0.002130,0.528140,-0.011306,0.522904,0.145034,-0.003180,0.539850,0.035600,0.286951
7.366000,-6.657005,-0.871375,-1.947225,-6.273793,-0.082156,-3.465721,3.465721,3.000000,6.274331,-0.005000,-0.000065,0.025688,0.001867,0.004405,0.528398,-0.011286,0.522933,0.144984,-0.003180,0.539850,0.035600,0.267116
7.376000,-6.492347,-0.933443,-2.004902,-6.109134,-0.144224,-3.523398,3.523398,3.000000,6.110837,-0.004999,-0.000118,0.025563,0.002864,0.003737,0.528653,-0.011263,0.522958,0.144934,-0.003181,0.539850,0.035600,0.272346
7.386000,-6.076209,-0.938794,-2.096037,-5.692996,-0.149574,-3.614534,3.614534,3.000000,5.694961,-0.004998,-0.000131,0.025412,0.002267,0.005614,0.528908,-0.011243,0.523014,0.144884,-0.003183,0.539850,0.035600,0.255412
7.396000,-5.735049,-0.811829,-2.259548,-5.351837,-0.022609,-3.778045,3.778045,3.000000,5.351884,-0.005000,-0.000021,0.025647,0.001648,0.005535,0.529161,-0.011231,0.523081,0.144834,-0.003183,0.539850,0.035600,0.254856
7.406000,-5.751538,-0.836905,-2.237350,-5.368325,-0.047686,-3.755846,3.755846,3.000000,5.368537,-0.005000,-0.000044,0.025921,0.001831,0.007346,0.529418,-0.011216,0.523160,0.144784,-0.003184,0.539850,0.035600,0.238087
7.416000,-6.099862,-0.776650,-2.201756,-5.716649,0.012569,-3.720253,3.720253,3.000000,5.716663,-0.005000,0.000011,0.028060,0.000634,0.006113,0.529690,-0.011206,0.523231,0.144734,-0.003184,0.539850,0.035600,0.247254
7.426000,-6.827300,-0.748356,-2.045617,-6.444087,0.040864,-3.564113,3.564113,3.000000,6.444216,-0.005000,0.000032,0.029384,0.000750,0.003539,0.529981,-0.011195,0.523258,0.144684,-0.003184,0.539850,0.035600,0.268623
7.436000,-7.126823,-0.670431,-1.910189,-6.743610,0.118789,-3.428685,3.428685,3.000000,6.744657,-0.004999,0.000088,0.030741,0.000510,0.003634,0.530285,-0.011192,0.523292,0.144634,-0.003183,0.539850,0.035600,0.267188
7.446000,-6.912520,-0.678368,-1.821698,-6.529308,0.110852,-3.340195,3.340195,3.000000,6.530249,-0.004999,0.000085,0.030870,-0.000042,0.005818,0.530591,-0.011194,0.523324,0.144584,-0.003182,0.539850,0.035600,0.248097
7.456000,-6.358574,-0.644850,-1.909797,-5.975361,0.144370,-3.428293,3.428293,3.000000,5.977105,-0.004999,0.000121,0.030205,-0.001216,0.005860,0.530893,-0.011202,0.523384,0.144534,-0.003181,0.539850,0.035600,0.246649
7.466000,-5.741147,-0.683666,-2.132914,-5.357934,0.105553,-3.651410,3.651410,3.000000,5.358974,-0.004999,0.000098,0.027058,-0.000672,0.007302,0.531171,-0.011214,0.523464,0.144484,-0.003180,0.539850,0.035600,0.232970
7.476000,-5.681198,-0.683522,-2.262103,-5.297985,0.105697,-3.780599,3.780599,3.000000,5.299039,-0.004999,0.000100,0.025979,-0.001012,0.003341,0.531432,-0.011227,0.523517,0.144434,-0.003179,0.539850,0.035600,0.265632
7.486000,-6.444678,-0.581151,-2.103337,-6.061466,0.208068,-3.621833,3.621833,3.000000,6.065036,-0.004997,0.000172,0.026416,-0.001294,0.000819,0.531696,-0.011246,0.523538,0.144384,-0.003178,0.539850,0.035600,0.286647
7.496000,-7.374322,-0.506239,-1.949702,-6.991110,0.282981,-3.468199,3.468199,3.000000,6.996834,-0.004996,0.000202,0.026933,-0.002951,-0.001440,0.531962,-0.011265,0.523532,0.144334,-0.003176,0.539850,0.035600,0.305933
7.506000,-7.705500,-0.461982,-2.018469,-7.322287,0.327237,-3.536966,3.536966,3.000000,7.329596,-0.004995,0.000223,0.025710,-0.002330,-0.002495,0.532223,-0.011284,0.523497,0.144284,-0.003174,0.539850,0.035600,0.315514
7.516000,-7.101192,-0.573678,-2.216930,-6.717979,0.215542,-3.735426,3.735426,3.000000,6.721436,-0.004997,0.000160,0.022634,-0.001590,-0.001626,0.532454,-0.011299,0.523487,0.144234,-0.003172,0.539850,0.035600,0.308320
7.526000,-6.299895,-0.663680,-2.343633,-5.916683,0.125540,-3.862129,3.862129,3.000000,5.918015,-0.004999,0.000106,0.020751,-0.001866,0.001386,0.532665,-0.011314,0.523492,0.144184,-0.003170,0.539850,0.035600,0.282683
7.536000,-5.531452,-0.699261,-2.458067,-5.148239,0.089958,-3.976563,3.976563,3.000000,5.149025,-0.004999,0.000087,0.018908,-0.001332,0.003614,0.532861,-0.011332,0.523537,0.144134,-0.003169,0.539850,0.035600,0.262948
7.546000,-5.310514,-0.695777,-2.540542,-4.927302,0.093443,-4.059038,4.059038,3.000000,4.928188,-0.004999,0.000095,0.018749,-0.000689,0.005930,0.533048,-0.011343,0.523592,0.144084,-0.003168,0.539950,0.035700,0.244121
7.556000,-5.733219,-0.656518,-2.532587,-5.350007,0.132702,-4.051084,4.051084,3.000000,5.351652,-0.004998,0.000124,0.019723,-0.001533,0.004104,0.533240,-0.011358,0.523632,0.144034,-0.003167,0.540150,0.035900,0.262496
7.566000,-6.246994,-0.581632,-2.433267,-5.863781,0.207588,-3.951764,3.951764,3.000000,5.867455,-0.004997,0.000177,0.019632,-0.001904,0.004060,0.533435,-0.011375,0.523675,0.143984,-0.003166,0.540250,0.036000,0.263891
7.576000,-6.534538,-0.571229,-2.304628,-6.151325,0.217991,-3.823124,3.823124,3.000000,6.155187,-0.004997,0.000177,0.019726,-0.000906,0.003531,0.533633,-0.011387,0.523709,0.143934,-0.003164,0.540250,0.036000,0.267761
7.586000,-6.600839,-0.550922,-2.150730,-6.217627,0.238298,-3.669226,3.669226,3.000000,6.222192,-0.004996,0.000191,0.019970,-0.001076,0.004587,0.533833,-0.011400,0.523752,0.143884,-0.003162,0.540250,0.036000,0.258036
7.596000,-6.249002,-0.613869,-2.092534,-5.865789,0.175351,-3.611030,3.611030,3.000000,5.868410,-0.004998,0.000149,0.019702,-0.001347,0.006884,0.534029,-0.011413,0.523817,0.143834,-0.003160,0.540250,0.036000,0.237364
7.606000,-5.942398,-0.613924,-2.012946,-5.559186,0.175296,-3.531443,3.531443,3.000000,5.561949,-0.004998,0.000158,0.020229,-0.001130,0.007894,0.534227,-0.011426,0.523892,0.143784,-0.003159,0.540250,0.036000,0.227458
7.616000,-5.565796,-0.649283,-1.995672,-5.182583,0.139937,-3.514168,3.514168,3.000000,5.184472,-0.004998,0.000135,0.019885,-0.001145,0.008821,0.534428,-0.011438,0.523989,0.143734,-0.003157,0.540250,0.036000,0.217835
7.626000,-5.441400,-0.712439,-1.990299,-5.058188,0.076780,-3.508795,3.508795,3.000000,5.058771,-0.004999,0.000076,0.019244,-0.000381,0.008533,0.534621,-0.011442,0.524084,0.143684,-0.003156,0.540250,0.036000,0.218572
7.636000,-5.728347,-0.737879,-1.937124,-5.345135,0.051340,-3.455620,3.455620,3.000000,5.345381,-0.005000,0.000048,0.020253,-0.000347,0.006820,0.534821,-0.011446,0.524165,0.143634,-0.003156,0.540250,0.036000,0.231652
7.646000,-6.002771,-0.789056,-1.817674,-5.619558,0.000163,-3.336170,3.336170,3.000000,5.619558,-0.005000,0.000000,0.020029,0.000260,0.005211,0.535019,-0.011448,0.524228,0.143584,-0.003156,0.540250,0.036000,0.244165
7.656000,-6.080561,-0.806535,-1.754993,-5.697348,-0.017315,-3.273489,3.273489,3.000000,5.697375,-0.005000,-0.000015,0.020168,0.000304,0.006229,0.535216,-0.011452,0.524289,0.143534,-0.003156,0.540250,0.036000,0.234430
7.666000,-5.923240,-0.815249,-1.762891,-5.540027,-0.026029,-3.281388,3.281388,3.000000,5.540088,-0.005000,-0.000023,0.019367,-0.001267,0.006123,0.535415,-0.011454,0.524342,0.143484,-0.003156,0.540250,0.036000,0.234387
7.676000,-5.558305,-0.844432,-1.814191,-5.175093,-0.055212,-3.332687,3.332687,3.000000,5.175387,-0.005000,-0.000053,0.018448,-0.000906,0.007866,0.535602,-0.011452,0.524411,0.143434,-0.003156,0.540250,0.036000,0.218345
7.686000,-5.236229,-0.859471,-1.889593,-4.853017,-0.070251,-3.408089,3.408089,3.000000,4.853525,-0.004999,-0.000072,0.017871,0.001138,0.005950,0.535778,-0.011444,0.524476,0.143384,-0.003157,0.540250,0.036000,0.233437
7.696000,-5.277538,-0.832183,-1.826888,-4.894326,-0.042963,-3.345384,3.345384,3.000000,4.894514,-0.005000,-0.000044,0.018027,0.000476,0.006594,0.535953,-0.011446,0.524530,0.143334,-0.003157,0.540250,0.036000,0.227001
7.706000,-5.558857,-0.790655,-1.747914,-5.175644,-0.001435,-3.266410,3.266410,3.000000,5.175644,-0.005000,-0.000001,0.018920,0.000032,0.004360,0.536139,-0.011443,0.524579,0.143284,-0.003158,0.540250,0.036000,0.245075
7.716000,-6.065224,-0.751297,-1.552867,-5.682012,0.037923,-3.071364,3.071364,3.000000,5.682138,-0.005000,0.000033,0.019963,0.001116,0.002315,0.536336,-0.011439,0.524609,0.143234,-0.003157,0.540250,0.036000,0.261889
7.726000,-5.988714,-0.865558,-1.638001,-5.605501,-0.076339,-3.156497,3.156497,3.000000,5.606021,-0.005000,-0.000068,0.020034,0.000879,0.004244,0.536537,-0.011433,0.524655,0.143184,-0.003157,0.540250,0.036000,0.244687
7.736000,-5.525718,-0.900222,-1.751786,-5.142506,-0.111002,-3.270282,3.270282,3.000000,5.143704,-0.004999,-0.000108,0.018783,0.001056,0.006570,0.536728,-0.011423,0.524719,0.143134,-0.003158,0.540250,0.036000,0.223790
7.746000,-5.094244,-0.940677,-1.850462,-4.711031,-0.151458,-3.368958,3.368958,3.000000,4.713465,-0.004997,-0.000161,0.018856,0.001208,0.007854,0.536919,-0.011408,0.524787,0.143084,-0.003160,0.540250,0.036000,0.211683
7.756000,-5.015449,-0.937246,-1.868831,-4.632236,-0.148027,-3.387327,3.387327,3.000000,4.634601,-0.004997,-0.000160,0.018994,0.001641,0.007054,0.537105,-0.011397,0.524850,0.143034,-0.003161,0.540250,0.036000,0.217341
7.766000,-5.310037,-0.880734,-1.789287,-4.926825,-0.091515,-3.307784,3.307784,3.000000,4.927675,-0.004999,-0.000093,0.020225,0.000328,0.004728,0.537302,-0.011389,0.524913,0.142984,-0.003163,0.540250,0.036000,0.235938
7.776000,-5.856537,-0.788905,-1.721783,-5.473324,0.000315,-3.240279,3.240279,3.000000,5.473324,-0.005000,0.000000,0.021545,0.001838,0.005577,0.537514,-0.011378,0.524966,0.142934,-0.003163,0.540250,0.036000,0.227784
7.786000,-6.059945,-0.895876,-1.645258,-5.676732,-0.106656,-3.163755,3.163755,3.000000,5.677734,-0.004999,-0.000094,0.022239,0.002486,0.005324,0.537738,-0.011365,0.525027,0.142884,-0.003164,0.540250,0.036000,0.228827
7.796000,-6.103334,-0.875788,-1.581601,-5.720121,-0.086569,-3.100097,3.100097,3.000000,5.720776,-0.004999,-0.000076,0.022064,0.002146,0.004904,0.537963,-0.011349,0.525077,0.142834,-0.003165,0.540250,0.036000,0.231492
7.806000,-5.855888,-0.828716,-1.649231,-5.472675,-0.039496,-3.167727,3.167727,3.000000,5.472818,-0.005000,-0.000036,0.020914,0.001746,0.004321,0.538176,-0.011338,0.525121,0.142784,-0.003165,0.540250,0.036000,0.235637
7.816000,-5.445210,-0.772391,-1.836533,-5.061997,0.016829,-3.355029,3.355029,3.000000,5.062025,-0.005000,0.000017,0.019360,0.000649,0.004247,0.538371,-0.011331,0.525169,0.142734,-0.003165,0.540250,0.036000,0.235420
7.826000,-5.482597,-0.834847,-1.863648,-5.099385,-0.045628,-3.382144,3.382144,3.000000,5.099589,-0.005000,-0.000045,0.019026,0.001456,0.002322,0.538564,-0.011318,0.525196,0.142684,-0.003165,0.540250,0.036000,0.251253
7.836000,-5.878443,-0.881014,-1.858119,-5.495231,-0.091795,-3.376615,3.376615,3.000000,5.495997,-0.004999,-0.000084,0.019621,0.001844,0.001882,0.538760,-0.011297,0.525218,0.142634,-0.003166,0.540250,0.036000,0.254609
7.846000,-6.295032,-0.860524,-1.866945,-5.911819,-0.071305,-3.385441,3.385441,3.000000,5.912249,-0.005000,-0.000060,0.020064,0.001084,-0.000840,0.538956,-0.011276,0.525211,0.142584,-0.003167,0.540250,0.036000,0.277826
7.856000,-6.651349,-0.908748,-1.854735,-6.268136,-0.119528,-3.373231,3.373231,3.000000,6.269275,-0.004999,-0.000095,0.019846,0.002429,-0.001560,0.539156,-0.011249,0.525191,0.142534,-0.003168,0.540250,0.036000,0.284282
7.866000,-6.522260,-0.849241,-1.873527,-6.139048,-0.060021,-3.392023,3.392023,3.000000,6.139341,-0.005000,-0.000049,0.018394,0.001695,-0.001908,0.539348,-0.011231,0.525170,0.142484,-0.003168,0.540250,0.036000,0.287626
7.876000,-6.162743,-0.852945,-1.969386,-5.779530,-0.063726,-3.487883,3.487883,3.000000,5.779882,-0.005000,-0.000055,0.018555,0.001959,-0.003694,0.539532,-0.011212,0.525141,0.142434,-0.003169,0.540250,0.036000,0.303302
7.886000,-5.864548,-0.948992,-1.961086,-5.481335,-0.159772,-3.479583,3.479583,3.000000,5.483663,-0.004998,-0.000146,0.017908,0.002689,-0.002161,0.539711,-0.011187,0.525110,0.142384,-0.003170,0.540250,0.036000,0.290849
7.896000,-5.578501,-0.919905,-2.064827,-5.195288,-0.130686,-3.583323,3.583323,3.000000,5.196931,-0.004998,-0.000126,0.017358,0.001836,-0.001535,0.539882,-0.011165,0.525093,0.142334,-0.003171,0.540250,0.036000,0.285842
7.906000,-5.823246,-0.897691,-2.038885,-5.440033,-0.108471,-3.557381,3.557381,3.000000,5.441115,-0.004999,-0.000100,0.017647,0.002565,-0.001679,0.540062,-0.011143,0.525076,0.142284,-0.003172,0.540250,0.036000,0.287368
7.916000,-6.140136,-0.865101,-2.112235,-5.756924,-0.075882,-3.630731,3.630731,3.000000,5.757424,-0.005000,-0.000066,0.018309,0.002405,-0.001322,0.540249,-0.011123,0.525053,0.142234,-0.003173,0.540250,0.036000,0.284747
7.926000,-6.590982,-0.870069,-2.041941,-6.207769,-0.080849,-3.560437,3.560437,3.000000,6.208296,-0.005000,-0.000065,0.019214,0.002019,-0.002837,0.540437,-0.011104,0.525021,0.142184,-0.003174,0.540250,0.036000,0.298185
7.936000,-6.922533,-0.895214,-2.031848,-6.539320,-0.105995,-3.550344,3.550344,3.000000,6.540179,-0.004999,-0.000081,0.019302,0.003137,-0.001957,0.540634,-0.011078,0.525001,0.142134,-0.003175,0.540250,0.036000,0.291076
7.946000,-7.007341,-0.908309,-2.048304,-6.624129,-0.119089,-3.566801,3.566801,3.000000,6.625199,-0.004999,-0.000090,0.020695,0.003235,-0.000756,0.540840,-0.011047,0.524980,0.142084,-0.003175,0.540250,0.036000,0.281277
7.956000,-6.900502,-0.958848,-2.039000,-6.517290,-0.169628,-3.557496,3.557496,3.000000,6.519497,-0.004998,-0.000130,0.021475,0.003304,0.000388,0.541050,-0.011011,0.524977,0.142034,-0.003177,0.540250,0.036000,0.271621
7.966000,-6.619365,-0.986803,-2.043986,-6.236153,-0.197583,-3.562482,3.562482,3.000000,6.239282,-0.004997,-0.000158,0.021020,0.003659,0.002413,0.541264,-0.010973,0.524999,0.141984,-0.003178,0.540250,0.036000,0.254044
7.976000,-6.220804,-1.014178,-2.013859,-5.837592,-0.224958,-3.532355,3.532355,3.000000,5.841925,-0.004996,-0.000193,0.021270,0.005530,0.004387,0.541476,-0.010925,0.525048,0.141934,-0.003180,0.540250,0.036000,0.236394
7.986000,-5.787604,-1.086213,-2.023368,-5.404391,-0.296993,-3.541865,3.541865,3.000000,5.412545,-0.004992,-0.000274,0.020605,0.004286,0.005523,0.541686,-0.010883,0.525103,0.141884,-0.003182,0.540250,0.036000,0.225778
7.996000,-5.750336,-1.056234,-2.013304,-5.367123,-0.267014,-3.531800,3.531800,3.000000,5.373761,-0.004994,-0.000248,0.019185,0.005002,0.004354,0.541882,-0.010839,0.525158,0.141834,-0.003185,0.540250,0.036000,0.234693
8.007000,-6.222625,-0.921869,-2.031590,-5.839412,-0.132650,-3.550086,3.550086,3.000000,5.840918,-0.004999,-0.000114,0.019288,0.004480,0.003848,0.542095,-0.010799,0.525205,0.141779,-0.003187,0.540250,0.036000,0.238149
8.018000,-6.790728,-0.826942,-1.839786,-6.407515,-0.037722,-3.358282,3.358282,3.000000,6.407627,-0.005000,-0.000029,0.019469,0.003629,0.000561,0.542303,-0.010766,0.525222,0.141725,-0.003188,0.540250,0.036000,0.265743
8.029000,-6.989597,-0.782382,-1.764079,-6.606384,0.006838,-3.282576,3.282576,3.000000,6.606388,-0.005000,0.000005,0.018118,0.003031,0.000607,0.542509,-0.010732,0.525222,0.141670,-0.003188,0.540250,0.036000,0.265350
8.040000,-6.672671,-0.829775,-1.778196,-6.289458,-0.040555,-3.296692,3.296692,3.000000,6.289589,-0.005000,-0.000032,0.016817,0.004185,0.000991,0.542699,-0.010695,0.525229,0.141615,-0.003188,0.540250,0.036000,0.261969
8.051000,-6.162356,-0.864434,-1.848010,-5.779143,-0.075214,-3.366506,3.366506,3.000000,5.779632,-0.005000,-0.000065,0.014806,0.002454,0.003113,0.542868,-0.010660,0.525255,0.141560,-0.003189,0.540250,0.036000,0.243494
8.062000,-5.859511,-0.886488,-1.915429,-5.476298,-0.097268,-3.433925,3.433925,3.000000,5.477162,-0.004999,-0.000089,0.013774,0.004000,0.002188,0.543025,-0.010622,0.525286,0.141505,-0.003189,0.540250,0.036000,0.250774
8.073000,-5.833357,-0.859240,-1.908145,-5.450144,-0.070020,-3.426641,3.426641,3.000000,5.450594,-0.005000,-0.000064,0.012925,0.002777,0.002727,0.543172,-0.010589,0.525310,0.141450,-0.003190,0.540250,0.036000,0.245764
8.084000,-6.157774,-0.902656,-1.793351,-5.774561,-0.113436,-3.311847,3.311847,3.000000,5.775675,-0.004999,-0.000098,0.014612,0.004693,-0.001323,0.543327,-0.010546,0.525314,0.141395,-0.003191,0.540250,0.036000,0.280066
8.095000,-6.675640,-0.879765,-1.668702,-6.292428,-0.090545,-3.187198,3.187198,3.000000,6.293079,-0.004999,-0.000072,0.014792,0.003627,-0.001843,0.543491,-0.010508,0.525309,0.141340,-0.003192,0.540250,0.036000,0.284556
8.106000,-6.661006,-0.836719,-1.666496,-6.277794,-0.047500,-3.184992,3.184992,3.000000,6.277974,-0.005000,-0.000038,0.014972,0.003599,0.001379,0.543657,-0.010472,0.525314,0.141285,-0.003193,0.540250,0.036000,0.257136
8.117000,-6.223099,-0.800859,-1.727430,-5.839887,-0.011639,-3.245926,3.245926,3.000000,5.839898,-0.005000,-0.000010,0.015571,0.003180,0.001644,0.543828,-0.010436,0.525320,0.141230,-0.003193,0.540250,0.036000,0.254775
8.128000,-5.784541,-0.791448,-1.809495,-5.401329,-0.002228,-3.327992,3.327992,3.000000,5.401329,-0.005000,-0.000002,0.015785,0.003612,0.003797,0.543994,-0.010403,0.525350,0.141175,-0.003193,0.540250,0.036000,0.235962
8.139000,-5.493207,-0.880765,-1.843486,-5.109994,-0.091545,-3.361982,3.361982,3.000000,5.110814,-0.004999,-0.000090,0.015530,0.004706,0.003597,0.544162,-0.010359,0.525391,0.141120,-0.003193,0.540250,0.036000,0.236933
8.150000,-5.411669,-0.950468,-1.876426,-5.028457,-0.161248,-3.394922,3.394922,3.000000,5.031042,-0.004997,-0.000160,0.015053,0.003945,0.003909,0.544330,-0.010315,0.525431,0.141065,-0.003195,0.540250,0.036000,0.233553
8.161000,-5.701916,-0.858541,-1.782880,-5.318704,-0.069321,-3.301376,3.301376,3.000000,5.319155,-0.005000,-0.000065,0.016540,0.003516,0.000566,0.544505,-0.010269,0.525455,0.141010,-0.003196,0.540250,0.036000,0.261491
8.172000,-6.069597,-0.914985,-1.685551,-5.686385,-0.125765,-3.204048,3.204048,3.000000,5.687775,-0.004999,-0.000111,0.016764,0.005104,0.001141,0.544685,-0.010218,0.525469,0.140955,-0.003197,0.540250,0.036000,0.256359
8.183000,-6.224151,-0.975511,-1.628183,-5.840939,-0.186291,-3.146680,3.146680,3.000000,5.843909,-0.004997,-0.000159,0.017695,0.005562,0.000990,0.544883,-0.010164,0.525482,0.140900,-0.003199,0.540250,0.036000,0.257422
8.194000,-6.285421,-0.950419,-1.587657,-5.902208,-0.161200,-3.106154,3.106154,3.000000,5.904409,-0.004998,-0.000137,0.019434,0.004200,0.001566,0.545096,-0.010115,0.525498,0.140845,-0.003200,0.540250,0.036000,0.252241
8.205000,-6.014152,-0.869162,-1.615633,-5.630939,-0.079942,-3.134129,3.134129,3.000000,5.631507,-0.004999,-0.000071,0.019157,0.003987,0.004265,0.545311,-0.010064,0.525536,0.140790,-0.003201,0.540250,0.036000,0.228662
8.216000,-5.694441,-0.884552,-1.682441,-5.311228,-0.095332,-3.200938,3.200938,3.000000,5.312084,-0.004999,-0.000090,0.019446,0.003563,0.004044,0.545523,-0.010017,0.525568,0.140735,-0.003202,0.540250,0.036000,0.229952
8.227000,-5.333691,-0.906101,-1.929441,-4.950479,-0.116881,-3.447938,3.447938,3.000000,4.951858,-0.004999,-0.000118,0.017916,0.004333,0.002882,0.545720,-0.009976,0.525613,0.140680,-0.003203,0.540250,0.036000,0.238999
8.238000,-5.414242,-0.884968,-1.910711,-5.031029,-0.095749,-3.429207,3.429207,3.000000,5.031940,-0.004999,-0.000095,0.017317,0.003946,0.001864,0.545910,-0.009935,0.525646,0.140625,-0.003205,0.540250,0.036000,0.247042
8.249000,-5.876363,-0.853448,-1.900447,-5.493150,-0.064228,-3.418944,3.418944,3.000000,5.493526,-0.005000,-0.000058,0.018319,0.003179,-0.000658,0.546104,-0.009898,0.525650,0.140570,-0.003205,0.540250,0.036000,0.268377
8.260000,-6.368474,-0.779600,-1.873154,-5.985262,0.009620,-3.391650,3.391650,3.000000,5.985269,-0.005000,0.000008,0.018271,0.003027,-0.000818,0.546304,-0.009860,0.525640,0.140515,-0.003206,0.540250,0.036000,0.269899
8.271000,-6.576693,-0.825169,-1.872593,-6.193480,-0.035950,-3.391089,3.391089,3.000000,6.193585,-0.005000,-0.000029,0.017652,0.003375,-0.004121,0.546503,-0.009820,0.525595,0.140460,-0.003206,0.540250,0.036000,0.298752
8.282000,-6.317480,-0.773334,-1.957841,-5.934268,0.015886,-3.476337,3.476337,3.000000,5.934289,-0.005000,0.000013,0.015745,0.003608,-0.002949,0.546681,-0.009786,0.525564,0.140405,-0.003206,0.540250,0.036000,0.289351
8.293000,-5.837235,-0.698438,-2.140000,-5.454022,0.090782,-3.658497,3.658497,3.000000,5.454778,-0.004999,0.000083,0.015368,0.001523,-0.003295,0.546849,-0.009770,0.525532,0.140350,-0.003206,0.540250,0.036000,0.292871
8.304000,-5.791896,-0.621053,-2.086291,-5.408684,0.168167,-3.604787,3.604787,3.000000,5.411297,-0.004998,0.000155,0.015115,0.001339,-0.003329,0.547013,-0.009757,0.525494,0.140295,-0.003204,0.540250,0.036000,0.293849
8.315000,-5.731619,-0.600074,-2.163043,-5.348407,0.189146,-3.681539,3.681539,3.000000,5.351750,-0.004997,0.000177,0.015476,0.000114,-0.003794,0.547178,-0.009752,0.525458,0.140240,-0.003202,0.540250,0.036000,0.298438
8.326000,-5.974293,-0.538970,-2.044783,-5.591081,0.250250,-3.563279,3.563279,3.000000,5.596678,-0.004995,0.000224,0.015640,-0.000736,-0.004564,0.547347,-0.009754,0.525415,0.140185,-0.003200,0.540250,0.036000,0.305748
8.337000,-6.353410,-0.561187,-1.988684,-5.970198,0.228033,-3.507180,3.507180,3.000000,5.974551,-0.004996,0.000191,0.016955,0.000265,-0.003694,0.547531,-0.009754,0.525365,0.140130,-0.003198,0.540250,0.036000,0.299259
8.348000,-6.481102,-0.627757,-2.019927,-6.097890,0.161462,-3.538423,3.538423,3.000000,6.100027,-0.004998,0.000132,0.017088,0.000704,-0.004902,0.547718,-0.009753,0.525318,0.140075,-0.003196,0.540250,0.036000,0.310368
8.359000,-6.548156,-0.631324,-1.988678,-6.164943,0.157896,-3.507175,3.507175,3.000000,6.166965,-0.004998,0.000128,0.017504,-0.000466,-0.005218,0.547908,-0.009757,0.525260,0.140020,-0.003195,0.540250,0.036000,0.314085
8.370000,-6.482147,-0.633073,-1.963677,-6.098935,0.156147,-3.482174,3.482174,3.000000,6.100933,-0.004998,0.000128,0.018081,0.000558,-0.004909,0.548104,-0.009753,0.525200,0.139965,-0.003193,0.540250,0.036000,0.312558
8.381000,-6.183205,-0.733155,-2.111501,-5.799992,0.056065,-3.629998,3.629998,3.000000,5.800263,-0.005000,0.000048,0.018917,0.000096,-0.004514,0.548308,-0.009755,0.525155,0.139910,-0.003192,0.540250,0.036000,0.310006
8.392000,-6.068579,-0.735379,-2.069816,-5.685366,0.053841,-3.588312,3.588312,3.000000,5.685621,-0.005000,0.000047,0.019432,0.000755,-0.002036,0.548516,-0.009751,0.525133,0.139855,-0.003192,0.540250,0.036000,0.289381
8.403000,-5.888238,-0.739452,-2.064011,-5.505026,0.049768,-3.582507,3.582507,3.000000,5.505251,-0.005000,0.000045,0.020512,-0.000252,-0.000241,0.548737,-0.009753,0.525118,0.139800,-0.003191,0.540250,0.036000,0.274406
8.414000,-6.068901,-0.758260,-1.935454,-5.685688,0.030959,-3.453950,3.453950,3.000000,5.685772,-0.005000,0.000027,0.021525,0.000061,-0.001872,0.548971,-0.009749,0.525099,0.139745,-0.003191,0.540250,0.036000,0.288591
8.425000,-6.403199,-0.791028,-1.774803,-6.019986,-0.001808,-3.293299,3.293299,3.000000,6.019986,-0.005000,-0.000002,0.022067,0.000405,-0.002124,0.549222,-0.009744,0.525090,0.139690,-0.003191,0.540250,0.036000,0.290897
8.436000,-6.549355,-0.848402,-1.672064,-6.166143,-0.059182,-3.190561,3.190561,3.000000,6.166427,-0.005000,-0.000048,0.022472,-0.000182,-0.001809,0.549465,-0.009738,0.525075,0.139635,-0.003191,0.540250,0.036000,0.288500
8.447000,-6.589696,-0.784129,-1.741930,-6.206483,0.005090,-3.260427,3.260427,3.000000,6.206485,-0.005000,0.000004,0.020971,0.001419,-0.004245,0.549701,-0.009728,0.525031,0.139580,-0.003191,0.540250,0.036000,0.309954
8.458000,-6.693871,-0.759274,-1.638276,-6.310658,0.029945,-3.156772,3.156772,3.000000,6.310729,-0.005000,0.000024,0.020112,-0.000297,-0.005263,0.549925,-0.009724,0.524978,0.139525,-0.003191,0.540250,0.036000,0.319553
8.469000,-6.558031,-0.761350,-1.681576,-6.174818,0.027870,-3.200073,3.200073,3.000000,6.174881,-0.005000,0.000023,0.019357,0.001049,-0.006127,0.550140,-0.009714,0.524920,0.139470,-0.003191,0.540250,0.036000,0.327925
8.480000,-6.473784,-0.835830,-1.657342,-6.090571,-0.046610,-3.175838,3.175838,3.000000,6.090749,-0.005000,-0.000038,0.017487,0.001106,-0.005019,0.550342,-0.009701,0.524863,0.139415,-0.003191,0.540250,0.036000,0.319539
8.491000,-6.175907,-0.838917,-1.753742,-5.792695,-0.049697,-3.272239,3.272239,3.000000,5.792908,-0.005000,-0.000043,0.016914,0.000997,-0.002974,0.550530,-0.009691,0.524816,0.139360,-0.003191,0.540250,0.036000,0.303037
8.502000,-6.098842,-0.848268,-1.805114,-5.715630,-0.059048,-3.323610,3.323610,3.000000,5.715935,-0.005000,-0.000052,0.016370,0.000823,-0.005250,0.550706,-0.009679,0.524753,0.139305,-0.003192,0.540250,0.036000,0.323488
8.513000,-6.057576,-0.931403,-1.855365,-5.674364,-0.142183,-3.373861,3.373861,3.000000,5.676145,-0.004998,-0.000125,0.014683,0.001564,-0.005236,0.550873,-0.009661,0.524699,0.139250,-0.003193,0.540250,0.036000,0.324343
8.524000,-6.131545,-0.921229,-1.839219,-5.748333,-0.132009,-3.357715,3.357715,3.000000,5.749848,-0.004999,-0.000115,0.014933,0.002971,-0.004214,0.551038,-0.009632,0.524651,0.139195,-0.003194,0.540250,0.036000,0.316536
8.535000,-6.180242,-1.013694,-1.939743,-5.797029,-0.224474,-3.458239,3.458239,3.000000,5.801374,-0.004996,-0.000193,0.014103,0.002998,-0.003544,0.551195,-0.009605,0.524608,0.139140,-0.003196,0.540250,0.036000,0.311614
8.546000,-6.084323,-1.048751,-2.049384,-5.701111,-0.259531,-3.567880,3.567880,3.000000,5.707015,-0.004995,-0.000227,0.014275,0.002944,-0.002014,0.551350,-0.009572,0.524583,0.139085,-0.003198,0.540250,0.036000,0.299084
8.557000,-6.016265,-1.021607,-2.134296,-5.633052,-0.232387,-3.652792,3.652792,3.000000,5.637844,-0.004996,-0.000206,0.013758,0.003048,-0.001098,0.551497,-0.009539,0.524565,0.139030,-0.003200,0.540250,0.036000,0.291633
8.568000,-6.020279,-1.061803,-2.083821,-5.637066,-0.272583,-3.602317,3.602317,3.000000,5.643653,-0.004994,-0.000241,0.013135,0.002983,-0.000740,0.551641,-0.009503,0.524564,0.138975,-0.003203,0.540250,0.036000,0.288612
8.579000,-6.071338,-0.963122,-2.010878,-5.688125,-0.173902,-3.529374,3.529374,3.000000,5.690783,-0.004998,-0.000153,0.012645,0.003609,-0.000934,0.551785,-0.009465,0.524557,0.138920,-0.003205,0.540250,0.036000,0.290384
8.590000,-5.981312,-0.915022,-1.990389,-5.598100,-0.125802,-3.508885,3.508885,3.000000,5.599513,-0.004999,-0.000112,0.013169,0.003378,0.000313,0.551927,-0.009435,0.524560,0.138865,-0.003206,0.540250,0.036000,0.279749
8.601000,-6.095968,-0.807246,-1.917765,-5.712755,-0.018027,-3.436262,3.436262,3.000000,5.712784,-0.005000,-0.000016,0.012931,0.003661,0.000662,0.552070,-0.009408,0.524561,0.138810,-0.003207,0.540250,0.036000,0.276782
8.612000,-6.107330,-0.782182,-1.873668,-5.724118,0.007038,-3.392164,3.392164,3.000000,5.724122,-0.005000,0.000006,0.012741,0.002368,0.002647,0.552213,-0.009387,0.524573,0.138755,-0.003207,0.540250,0.036000,0.259715
8.623000,-6.119971,-0.826280,-1.801784,-5.736759,-0.037061,-3.320280,3.320280,3.000000,5.736878,-0.005000,-0.000032,0.013516,0.001495,-0.000107,0.552358,-0.009369,0.524565,0.138700,-0.003208,0.540250,0.036000,0.283229
8.634000,-6.072333,-0.739527,-1.793312,-5.689121,0.049692,-3.311808,3.311808,3.000000,5.689338,-0.005000,0.000044,0.013079,0.000743,0.000776,0.552503,-0.009353,0.524570,0.138645,-0.003207,0.540250,0.036000,0.275654
8.645000,-5.982906,-0.756652,-1.767763,-5.599693,0.032568,-3.286259,3.286259,3.000000,5.599788,-0.005000,0.000029,0.014222,0.001619,0.000732,0.552656,-0.009338,0.524572,0.138590,-0.003207,0.540250,0.036000,0.275987
8.656000,-5.911323,-0.740919,-1.772433,-5.528110,0.048300,-3.290929,3.290929,3.000000,5.528321,-0.005000,0.000044,0.014501,0.002222,0.002144,0.552812,-0.009325,0.524596,0.138535,-0.003206,0.540250,0.036000,0.263582
8.667000,-5.933826,-0.801349,-1.711556,-5.550613,-0.012129,-3.230053,3.230053,3.000000,5.550626,-0.005000,-0.000011,0.015435,0.000742,0.002079,0.552982,-0.009318,0.524610,0.138480,-0.003206,0.540250,0.036000,0.263861
8.678000,-5.888237,-0.779709,-1.761515,-5.505024,0.009510,-3.280012,3.280012,3.000000,5.505033,-0.005000,0.000009,0.015866,0.002041,0.003290,0.553156,-0.009302,0.524645,0.138425,-0.003206,0.540250,0.036000,0.252965
8.689000,-5.855667,-0.794735,-1.801372,-5.472455,-0.005516,-3.319869,3.319869,3.000000,5.472458,-0.005000,-0.000005,0.015419,0.000960,0.002909,0.553327,-0.009291,0.524677,0.138370,-0.003206,0.540250,0.036000,0.255620
8.700000,-5.673687,-0.704956,-2.010082,-5.290474,0.084264,-3.528578,3.528578,3.000000,5.291145,-0.004999,0.000080,0.014279,0.000257,0.003435,0.553488,-0.009285,0.524719,0.138315,-0.003206,0.540250,0.036000,0.250398
8.711000,-5.845367,-0.668854,-2.007255,-5.462154,0.120366,-3.525751,3.525751,3.000000,5.463480,-0.004999,0.000110,0.013867,0.000627,0.000818,0.553644,-0.009279,0.524743,0.138260,-0.003205,0.540250,0.036000,0.272167
8.722000,-5.965997,-0.735886,-1.976665,-5.582785,0.053333,-3.495161,3.495161,3.000000,5.583040,-0.005000,0.000048,0.013659,0.001942,0.000569,0.553793,-0.009268,0.524749,0.138205,-0.003204,0.540250,0.036000,0.274187
8.733000,-6.073450,-0.854524,-1.956609,-5.690238,-0.065304,-3.475105,3.475105,3.000000,5.690612,-0.005000,-0.000057,0.013436,0.001826,-0.001482,0.553938,-0.009256,0.524745,0.138150,-0.003204,0.540250,0.036000,0.291660
8.744000,-6.079392,-0.880857,-1.968895,-5.696180,-0.091637,-3.487391,3.487391,3.000000,5.696917,-0.004999,-0.000080,0.012895,0.001637,-0.001719,0.554086,-0.009236,0.524729,0.138095,-0.003205,0.540250,0.036000,0.293954
8.755000,-5.719020,-1.006800,-2.080090,-5.335807,-0.217581,-3.598586,3.598586,3.000000,5.340242,-0.004996,-0.000204,0.012145,0.002893,0.000096,0.554223,-0.009206,0.524732,0.138040,-0.003206,0.540250,0.036000,0.278504
8.766000,-5.401839,-0.999198,-2.241829,-5.018626,-0.209978,-3.760325,3.760325,3.000000,5.023017,-0.004996,-0.000209,0.011178,0.002239,0.001002,0.554350,-0.009178,0.524741,0.137985,-0.003209,0.540250,0.036000,0.270647
8.777000,-5.343101,-1.009348,-2.238252,-4.959888,-0.220128,-3.756748,3.756748,3.000000,4.964771,-0.004995,-0.000222,0.011028,0.002245,-0.000075,0.554470,-0.009143,0.524744,0.137930,-0.003211,0.540250,0.036000,0.279728
8.788000,-5.515880,-0.967805,-2.188750,-5.132667,-0.178585,-3.707246,3.707246,3.000000,5.135773,-0.004997,-0.000174,0.011028,0.002942,-0.001501,0.554588,-0.009105,0.524733,0.137875,-0.003213,0.540250,0.036000,0.292022
8.799000,-5.909590,-0.919508,-2.107551,-5.526378,-0.130288,-3.626047,3.626047,3.000000,5.527913,-0.004999,-0.000118,0.010422,0.003806,-0.003427,0.554702,-0.009065,0.524702,0.137820,-0.003215,0.540250,0.036000,0.308927
8.810000,-6.073429,-0.893069,-2.100004,-5.690216,-0.103849,-3.618500,3.618500,3.000000,5.691164,-0.004999,-0.000091,0.010070,0.004010,-0.004065,0.554816,-0.009027,0.524667,0.137765,-0.003216,0.540250,0.036000,0.314981
8.821000,-5.984663,-0.909901,-2.105779,-5.601450,-0.120681,-3.624275,3.624275,3.000000,5.602750,-0.004999,-0.000108,0.010310,0.003557,-0.003465,0.554927,-0.008990,0.524630,0.137710,-0.003217,0.540250,0.036000,0.310563
8.832000,-5.877848,-0.860777,-2.144357,-5.494636,-0.071557,-3.662854,3.662854,3.000000,5.495102,-0.005000,-0.000065,0.010381,0.004580,-0.002337,0.555039,-0.008948,0.524600,0.137655,-0.003218,0.540250,0.036000,0.301515
8.843000,-5.699232,-0.859498,-2.169614,-5.316019,-0.070278,-3.688111,3.688111,3.000000,5.316484,-0.005000,-0.000066,0.009922,0.004260,-0.002905,0.555149,-0.008908,0.524578,0.137600,-0.003219,0.540250,0.036000,0.306746
8.854000,-5.551161,-0.778915,-2.157985,-5.167949,0.010305,-3.676481,3.676481,3.000000,5.167959,-0.005000,0.000010,0.010566,0.003047,-0.000547,0.555261,-0.008871,0.524569,0.137545,-0.003219,0.540250,0.036000,0.286886
8.865000,-5.684347,-0.679097,-2.068011,-5.301134,0.110123,-3.586507,3.586507,3.000000,5.302278,-0.004999,0.000104,0.010769,0.002276,-0.001416,0.555378,-0.008842,0.524554,0.137490,-0.003219,0.540250,0.036000,0.294544
8.876000,-5.748391,-0.651554,-2.020638,-5.365179,0.137666,-3.539134,3.539134,3.000000,5.366945,-0.004998,0.000128,0.011268,0.002674,-0.000924,0.555501,-0.008813,0.524538,0.137435,-0.003217,0.540250,0.036000,0.290654
8.887000,-5.916124,-0.587898,-1.932843,-5.532911,0.201322,-3.451339,3.451339,3.000000,5.536572,-0.004997,0.000182,0.012472,0.002052,-0.002370,0.555632,-0.008793,0.524513,0.137381,-0.003215,0.540250,0.036000,0.303365
8.898000,-5.885333,-0.541037,-1.919334,-5.502120,0.248182,-3.437830,3.437830,3.000000,5.507715,-0.004995,0.000225,0.012647,0.001985,-0.001238,0.555770,-0.008774,0.524500,0.137326,-0.003213,0.540250,0.036000,0.294002
8.909000,-5.844551,-0.488565,-1.937673,-5.461338,0.300655,-3.456169,3.456169,3.000000,5.469607,-0.004992,0.000275,0.013266,0.001321,0.000867,0.555915,-0.008763,0.524507,0.137271,-0.003210,0.540250,0.036000,0.276007
8.920000,-5.732049,-0.422238,-2.065744,-5.348837,0.366982,-3.584240,3.584240,3.000000,5.361411,-0.004988,0.000342,0.013857,0.000569,0.001889,0.556070,-0.008755,0.524511,0.137216,-0.003207,0.540250,0.036000,0.267270
8.931000,-5.847837,-0.405387,-2.093475,-5.464625,0.383832,-3.611971,3.611971,3.000000,5.478088,-0.004988,0.000350,0.015838,0.001470,0.003523,0.556243,-0.008744,0.524543,0.137161,-0.003203,0.540250,0.036000,0.252818
8.942000,-5.955233,-0.480802,-2.138531,-5.572020,0.308418,-3.657027,3.657027,3.000000,5.580549,-0.004992,0.000276,0.018560,0.000770,0.003592,0.556435,-0.008736,0.524598,0.137106,-0.003200,0.540250,0.036000,0.251248
8.953000,-6.303321,-0.471381,-1.997682,-5.920109,0.317838,-3.516178,3.516178,3.000000,5.928635,-0.004993,0.000268,0.020674,0.000829,0.005277,0.556653,-0.008728,0.524664,0.137051,-0.003197,0.540250,0.036000,0.235761
8.964000,-6.237767,-0.509792,-1.964754,-5.854554,0.279427,-3.483250,3.483250,3.000000,5.861219,-0.004994,0.000238,0.021144,0.001475,0.006879,0.556886,-0.008716,0.524737,0.136996,-0.003194,0.540250,0.036000,0.220864
8.975000,-5.978329,-0.584638,-2.040076,-5.595116,0.204581,-3.558572,3.558572,3.000000,5.598855,-0.004997,0.000183,0.020563,0.002478,0.008625,0.557118,-0.008697,0.524821,0.136941,-0.003192,0.540250,0.036000,0.204528
8.986000,-5.742731,-0.535322,-2.199310,-5.359518,0.253897,-3.717806,3.717806,3.000000,5.365529,-0.004994,0.000237,0.019919,0.001428,0.008559,0.557339,-0.008687,0.524911,0.136886,-0.003189,0.540250,0.036000,0.203465
8.997000,-5.862486,-0.585990,-2.080662,-5.479274,0.203230,-3.599158,3.599158,3.000000,5.483041,-0.004997,0.000185,0.020251,0.001464,0.005773,0.557564,-0.008669,0.524971,0.136831,-0.003187,0.540250,0.036000,0.226025
9.008000,-6.241711,-0.561718,-1.893214,-5.858498,0.227502,-3.411710,3.411710,3.000000,5.862914,-0.004996,0.000194,0.020500,0.002548,0.004217,0.557790,-0.008646,0.525018,0.136776,-0.003185,0.540250,0.036000,0.238385
9.019000,-6.598236,-0.524027,-1.848866,-6.215023,0.265192,-3.367362,3.367362,3.000000,6.220678,-0.004995,0.000213,0.020399,0.002013,0.003554,0.558017,-0.008631,0.525046,0.136721,-0.003183,0.540250,0.036000,0.243502
9.030000,-6.747620,-0.494746,-1.716262,-6.364407,0.294474,-3.234758,3.234758,3.000000,6.371216,-0.004995,0.000231,0.019186,0.000758,0.000722,0.558235,-0.008616,0.525057,0.136666,-0.003180,0.540250,0.036000,0.267332
9.041000,-6.637459,-0.455924,-1.658263,-6.254246,0.333296,-3.176759,3.176759,3.000000,6.263121,-0.004993,0.000266,0.018954,0.002298,0.000508,0.558442,-0.008601,0.525063,0.136611,-0.003178,0.540250,0.036000,0.269044
9.052000,-6.511960,-0.382540,-1.665838,-6.128747,0.406680,-3.184334,3.184334,3.000000,6.142225,-0.004989,0.000331,0.017453,0.000167,0.000148,0.558644,-0.008599,0.525065,0.136557,-0.003174,0.540250,0.036000,0.272070
9.063000,-6.466431,-0.418312,-1.647460,-6.083218,0.370908,-3.165957,3.165957,3.000000,6.094515,-0.004991,0.000304,0.018191,0.001293,-0.000460,0.558844,-0.008590,0.525065,0.136502,-0.003171,0.540250,0.036000,0.277222
9.074000,-6.325161,-0.417291,-1.681818,-5.941948,0.371929,-3.200315,3.200315,3.000000,5.953577,-0.004990,0.000312,0.017950,-0.000121,-0.000136,0.559038,-0.008587,0.525073,0.136447,-0.003167,0.540250,0.036000,0.274341
9.085000,-6.293493,-0.438506,-1.688940,-5.910281,0.350714,-3.207437,3.207437,3.000000,5.920677,-0.004991,0.000296,0.016892,-0.000217,0.000549,0.559226,-0.008581,0.525077,0.136392,-0.003164,0.540250,0.036000,0.268440
9.096000,-6.272792,-0.465788,-1.771594,-5.889580,0.323432,-3.290090,3.290090,3.000000,5.898454,-0.004992,0.000274,0.016587,0.000881,0.001147,0.559406,-0.008573,0.525082,0.136337,-0.003161,0.540250,0.036000,0.263284
9.107000,-6.273177,-0.496790,-1.771386,-5.889965,0.292429,-3.289883,3.289883,3.000000,5.897220,-0.004994,0.000248,0.015459,0.000774,-0.000357,0.559580,-0.008565,0.525088,0.136282,-0.003158,0.540250,0.036000,0.275932
9.118000,-6.368476,-0.471781,-1.713646,-5.985263,0.317439,-3.232142,3.232142,3.000000,5.993675,-0.004993,0.000265,0.014662,0.000595,0.000056,0.559745,-0.008559,0.525092,0.136227,-0.003155,0.540250,0.036000,0.272357
9.129000,-6.314309,-0.510221,-1.707504,-5.931096,0.278999,-3.226000,3.226000,3.000000,5.937655,-0.004994,0.000235,0.014999,0.000384,-0.000245,0.559911,-0.008556,0.525090,0.136172,-0.003152,0.540250,0.036000,0.274938
9.140000,-6.416034,-0.447530,-1.579556,-6.032822,0.341690,-3.098053,3.098053,3.000000,6.042490,-0.004992,0.000283,0.015043,-0.000249,0.000439,0.560081,-0.008555,0.525097,0.136117,-0.003150,0.540250,0.036000,0.269016
9.151000,-6.136073,-0.462200,-1.731137,-5.752861,0.327020,-3.249633,3.249633,3.000000,5.762148,-0.004992,0.000284,0.014357,-0.000175,0.002912,0.560244,-0.008555,0.525128,0.136062,-0.003146,0.540250,0.036000,0.247477
9.162000,-5.891245,-0.460068,-1.748533,-5.508032,0.329152,-3.267029,3.267029,3.000000,5.517858,-0.004991,0.000298,0.014188,0.000146,0.003795,0.560400,-0.008551,0.525171,0.136007,-0.003143,0.540250,0.036000,0.239214
9.173000,-6.004974,-0.469960,-1.750060,-5.621761,0.319260,-3.268556,3.268556,3.000000,5.630819,-0.004992,0.000283,0.013360,0.000177,0.003527,0.560549,-0.008552,0.525205,0.135953,-0.003140,0.540250,0.036000,0.240882
9.184000,-6.253676,-0.525656,-1.772957,-5.870463,0.263564,-3.291453,3.291453,3.000000,5.876377,-0.004995,0.000224,0.013011,0.001560,0.001541,0.560694,-0.008545,0.525227,0.135898,-0.003137,0.540250,0.036000,0.257335
9.195000,-6.558531,-0.535745,-1.754766,-6.175319,0.253475,-3.273263,3.273263,3.000000,6.180519,-0.004996,0.000205,0.012334,0.001860,-0.000362,0.560831,-0.008535,0.525229,0.135843,-0.003135,0.540250,0.036000,0.273449
9.206000,-6.548401,-0.587476,-1.774998,-6.165188,0.201744,-3.293494,3.293494,3.000000,6.168488,-0.004997,0.000164,0.011129,0.000941,-0.001018,0.560955,-0.008525,0.525222,0.135788,-0.003133,0.540250,0.036000,0.279123
9.217000,-6.501903,-0.642597,-1.765713,-6.118690,0.146622,-3.284210,3.284210,3.000000,6.120447,-0.004999,0.000120,0.010816,0.002107,-0.002883,0.561072,-0.008508,0.525201,0.135733,-0.003132,0.540250,0.036000,0.295331
9.228000,-6.456761,-0.660743,-1.774773,-6.073548,0.128477,-3.293269,3.293269,3.000000,6.074907,-0.004999,0.000106,0.010172,0.000753,-0.001540,0.561182,-0.008490,0.525183,0.135678,-0.003131,0.540250,0.036000,0.284269
9.239000,-6.110366,-0.671828,-1.927977,-5.727154,0.117392,-3.446473,3.446473,3.000000,5.728357,-0.004999,0.000102,0.008590,0.002953,-0.001066,0.561281,-0.008465,0.525166,0.135623,-0.003129,0.540250,0.036000,0.280545
9.250000,-6.024425,-0.678234,-2.043963,-5.641213,0.110986,-3.562459,3.562459,3.000000,5.642304,-0.004999,0.000098,0.008849,0.001676,-0.001378,0.561379,-0.008448,0.525149,0.135568,-0.003128,0.540250,0.036000,0.283514
9.261000,-6.109226,-0.701921,-2.075324,-5.726013,0.087299,-3.593820,3.593820,3.000000,5.726679,-0.004999,0.000076,0.008740,0.002871,-0.001664,0.561477,-0.008427,0.525126,0.135513,-0.003127,0.540250,0.036000,0.286344
9.272000,-6.144069,-0.680089,-2.127974,-5.760857,0.109130,-3.646470,3.646470,3.000000,5.761890,-0.004999,0.000095,0.008187,0.001887,-0.001539,0.561571,-0.008403,0.525102,0.135458,-0.003126,0.540250,0.036000,0.285714
9.283000,-6.153734,-0.718425,-2.147076,-5.770522,0.070795,-3.665572,3.665572,3.000000,5.770956,-0.005000,0.000061,0.008536,0.004527,-0.004384,0.561664,-0.008366,0.525059,0.135403,-0.003125,0.540250,0.036000,0.310634
9.294000,-6.236780,-0.803858,-2.064118,-5.853568,-0.014638,-3.582614,3.582614,3.000000,5.853586,-0.005000,-0.000013,0.008304,0.003642,-0.004337,0.561753,-0.008333,0.525014,0.135348,-0.003125,0.540250,0.036000,0.311036
9.305000,-6.125660,-0.794986,-2.047727,-5.742448,-0.005766,-3.566224,3.566224,3.000000,5.742451,-0.005000,-0.000005,0.007533,0.003992,-0.004207,0.561839,-0.008294,0.524962,0.135293,-0.003126,0.540250,0.036000,0.310863
9.316000,-5.808913,-0.860723,-2.166930,-5.425700,-0.071504,-3.685426,3.685426,3.000000,5.426171,-0.005000,-0.000066,0.006944,0.004678,-0.004571,0.561917,-0.008251,0.524918,0.135238,-0.003126,0.540250,0.036000,0.314763
9.327000,-5.729018,-0.907744,-2.168800,-5.345806,-0.118524,-3.687296,3.687296,3.000000,5.347120,-0.004999,-0.000111,0.006617,0.004433,-0.004362,0.561989,-0.008207,0.524876,0.135183,-0.003127,0.540250,0.036000,0.313728
9.338000,-5.860983,-0.839719,-2.151703,-5.477770,-0.050499,-3.670199,3.670199,3.000000,5.478003,-0.005000,-0.000046,0.006483,0.004429,-0.005386,0.562061,-0.008162,0.524823,0.135128,-0.003128,0.540250,0.036000,0.323380
9.349000,-5.872912,-0.771636,-2.120887,-5.489700,0.017583,-3.639383,3.639383,3.000000,5.489728,-0.005000,0.000016,0.005717,0.003239,-0.004014,0.562130,-0.008125,0.524765,0.135073,-0.003128,0.540250,0.036000,0.312789
9.360000,-5.953194,-0.741928,-2.022678,-5.569982,0.047292,-3.541174,3.541174,3.000000,5.570183,-0.005000,0.000042,0.005963,0.001580,-0.007486,0.562196,-0.008095,0.524693,0.135018,-0.003127,0.540250,0.036000,0.343544
9.371000,-6.112008,-0.694586,-1.927766,-5.728796,0.094634,-3.446263,3.446263,3.000000,5.729577,-0.004999,0.000083,0.006307,0.003413,-0.007564,0.562265,-0.008057,0.524617,0.134963,-0.003127,0.540250,0.036000,0.345567
9.382000,-6.191403,-0.662094,-1.938274,-5.808191,0.127126,-3.456770,3.456770,3.000000,5.809582,-0.004999,0.000109,0.006243,0.002978,-0.007383,0.562337,-0.008025,0.524538,0.134908,-0.003126,0.540250,0.036000,0.345460
9.393000,-6.103863,-0.675979,-2.016490,-5.720651,0.113241,-3.534987,3.534987,3.000000,5.721771,-0.004999,0.000099,0.006411,0.002473,-0.005529,0.562406,-0.007989,0.524466,0.134853,-0.003124,0.540250,0.036000,0.331016
9.404000,-5.961538,-0.738885,-2.122728,-5.578325,0.050334,-3.641224,3.641224,3.000000,5.578552,-0.005000,0.000045,0.006408,0.003688,-0.005554,0.562478,-0.007950,0.524397,0.134798,-0.003124,0.540250,0.036000,0.332469
9.415000,-5.978680,-0.778138,-2.168496,-5.595468,0.011082,-3.686993,3.686993,3.000000,5.595479,-0.005000,0.000010,0.007898,0.003803,-0.004566,0.562558,-0.007909,0.524336,0.134743,-0.003123,0.540250,0.036000,0.325184
9.426000,-6.127595,-0.744823,-2.148788,-5.744382,0.044396,-3.667284,3.667284,3.000000,5.744554,-0.005000,0.000039,0.008331,0.002403,-0.005772,0.562648,-0.007878,0.524268,0.134688,-0.003123,0.540250,0.036000,0.336636
9.437000,-6.293556,-0.765628,-2.113829,-5.910344,0.023592,-3.632326,3.632326,3.000000,5.910391,-0.005000,0.000020,0.009233,0.002996,-0.005006,0.562747,-0.007842,0.524209,0.134633,-0.003123,0.540250,0.036000,0.331201
9.448000,-6.233933,-0.787364,-2.169159,-5.850720,0.001856,-3.687655,3.687655,3.000000,5.850721,-0.005000,0.000002,0.010033,0.004204,-0.002816,0.562857,-0.007798,0.524173,0.134578,-0.003123,0.540250,0.036000,0.313274
9.459000,-6.113478,-0.753151,-2.291742,-5.730265,0.036068,-3.810238,3.810238,3.000000,5.730379,-0.005000,0.000031,0.010979,0.002623,-0.003066,0.562977,-0.007764,0.524140,0.134523,-0.003123,0.540250,0.036000,0.315978
9.470000,-6.029354,-0.730696,-2.380747,-5.646141,0.058524,-3.899244,3.899244,3.000000,5.646444,-0.005000,0.000052,0.011586,0.002606,-0.000222,0.563105,-0.007734,0.524132,0.134468,-0.003122,0.540250,0.036000,0.292004
9.481000,-5.959002,-0.690022,-2.384717,-5.575789,0.099198,-3.903213,3.903213,3.000000,5.576671,-0.004999,0.000089,0.012283,0.003336,0.000567,0.563237,-0.007703,0.524136,0.134413,-0.003121,0.540250,0.036000,0.285240
9.492000,-6.083047,-0.644150,-2.403785,-5.699834,0.145070,-3.922281,3.922281,3.000000,5.701680,-0.004998,0.000127,0.013385,0.001728,0.000006,0.563381,-0.007686,0.524144,0.134358,-0.003120,0.540250,0.036000,0.289843
9.503000,-6.348134,-0.640494,-2.291186,-5.964922,0.148726,-3.809682,3.809682,3.000000,5.966775,-0.004998,0.000125,0.014152,0.002489,0.001014,0.563535,-0.007660,0.524158,0.134303,-0.003119,0.540250,0.036000,0.281051
9.514000,-6.474059,-0.684353,-2.281459,-6.090846,0.104867,-3.799956,3.799956,3.000000,6.091749,-0.004999,0.000086,0.015696,0.002472,0.001021,0.563702,-0.007633,0.524170,0.134248,-0.003118,0.540250,0.036000,0.280779
9.525000,-6.569023,-0.592004,-2.296130,-6.185811,0.197216,-3.814627,3.814627,3.000000,6.188954,-0.004997,0.000159,0.017097,0.000297,0.002270,0.563888,-0.007622,0.524196,0.134193,-0.003116,0.540250,0.036000,0.269697
9.536000,-6.482331,-0.543814,-2.221763,-6.099119,0.245406,-3.740259,3.740259,3.000000,6.104054,-0.004996,0.000201,0.019012,0.001161,0.005033,0.564089,-0.007609,0.524252,0.134138,-0.003114,0.540250,0.036000,0.245238
9.547000,-6.230567,-0.554378,-2.243225,-5.847354,0.234841,-3.761722,3.761722,3.000000,5.852068,-0.004996,0.000201,0.020505,0.000065,0.007222,0.564309,-0.007602,0.524320,0.134083,-0.003112,0.540250,0.036000,0.225444
9.558000,-6.033434,-0.602209,-2.223322,-5.650222,0.187011,-3.741818,3.741818,3.000000,5.653316,-0.004997,0.000165,0.020004,0.001409,0.008523,0.564529,-0.007586,0.524405,0.134028,-0.003110,0.540250,0.036000,0.212875
9.569000,-5.863959,-0.687792,-2.301860,-5.480746,0.101428,-3.820356,3.820356,3.000000,5.481685,-0.004999,0.000093,0.019689,0.001944,0.007303,0.564745,-0.007569,0.524492,0.133973,-0.003109,0.540250,0.036000,0.221667
9.580000,-6.027937,-0.653310,-2.251507,-5.644724,0.135910,-3.770003,3.770003,3.000000,5.646360,-0.004999,0.000120,0.020295,0.001317,0.006406,0.564963,-0.007560,0.524568,0.133918,-0.003107,0.540250,0.036000,0.227907
9.591000,-6.374595,-0.516973,-2.054969,-5.991383,0.272247,-3.573465,3.573465,3.000000,5.997565,-0.004995,0.000227,0.020270,-0.000700,0.004515,0.565184,-0.007562,0.524616,0.133863,-0.003105,0.540250,0.036000,0.243088
9.602000,-6.719511,-0.460345,-1.873459,-6.336298,0.328875,-3.391955,3.391955,3.000000,6.344827,-0.004993,0.000259,0.020885,-0.001392,0.003393,0.565413,-0.007564,0.524646,0.133808,-0.003102,0.540250,0.036000,0.252065
9.613000,-6.715427,-0.398430,-1.830705,-6.332214,0.390790,-3.349201,3.349201,3.000000,6.344261,-0.004991,0.000308,0.021104,-0.001572,0.001290,0.565642,-0.007571,0.524661,0.133753,-0.003099,0.540250,0.036000,0.269636
9.624000,-6.375933,-0.374389,-1.856851,-5.992721,0.414831,-3.375347,3.375347,3.000000,6.007061,-0.004988,0.000345,0.020677,-0.001065,0.001569,0.565868,-0.007583,0.524681,0.133698,-0.003095,0.540250,0.036000,0.266932
9.635000,-5.904143,-0.370831,-1.940911,-5.520931,0.418389,-3.459407,3.459407,3.000000,5.536761,-0.004986,0.000378,0.019393,-0.001574,0.004013,0.566087,-0.007600,0.524711,0.133644,-0.003092,0.540250,0.036000,0.245643
9.646000,-5.487026,-0.355083,-1.947636,-5.103814,0.434136,-3.466132,3.466132,3.000000,5.122245,-0.004982,0.000424,0.019244,-0.002046,0.004835,0.566300,-0.007620,0.524750,0.133589,-0.003087,0.540250,0.036000,0.237963
9.657000,-5.618201,-0.357894,-1.864104,-5.234989,0.431325,-3.382600,3.382600,3.000000,5.252728,-0.004983,0.000411,0.019876,-0.001309,0.001558,0.566517,-0.007635,0.524775,0.133534,-0.003083,0.540250,0.036000,0.265327
9.668000,-6.166176,-0.349244,-1.698067,-5.782964,0.439976,-3.216564,3.216564,3.000000,5.799676,-0.004986,0.000379,0.019973,-0.000751,0.000275,0.566740,-0.007650,0.524784,0.133479,-0.003078,0.540250,0.036000,0.276050
9.679000,-6.632239,-0.409999,-1.675978,-6.249026,0.379221,-3.194475,3.194475,3.000000,6.260522,-0.004991,0.000303,0.020841,-0.000363,-0.001352,0.566968,-0.007663,0.524768,0.133424,-0.003075,0.540250,0.036000,0.290136
9.690000,-6.942155,-0.319066,-1.644228,-6.558943,0.470154,-3.162724,3.162724,3.000000,6.575772,-0.004987,0.000357,0.020674,-0.001569,-0.002501,0.567197,-0.007685,0.524750,0.133369,-0.003071,0.540250,0.036000,0.300221
9.701000,-6.903024,-0.349007,-1.679353,-6.519812,0.440212,-3.197850,3.197850,3.000000,6.534656,-0.004989,0.000337,0.020464,-0.002469,-0.000267,0.567423,-0.007704,0.524734,0.133314,-0.003067,0.540250,0.036000,0.281537
9.712000,-6.610604,-0.355685,-1.730849,-6.227392,0.433535,-3.249346,3.249346,3.000000,6.242464,-0.004988,0.000347,0.020226,-0.001007,0.000613,0.567648,-0.007720,0.524732,0.133260,-0.003063,0.540250,0.036000,0.274123
9.723000,-6.176027,-0.398501,-1.904271,-5.792815,0.390719,-3.422768,3.422768,3.000000,5.805976,-0.004989,0.000336,0.019469,-0.000776,0.002477,0.567862,-0.007735,0.524756,0.133205,-0.003060,0.540250,0.036000,0.257856
9.734000,-6.014190,-0.486074,-2.025018,-5.630978,0.303146,-3.543514,3.543514,3.000000,5.639132,-0.004993,0.000269,0.018208,0.000059,0.003097,0.568064,-0.007747,0.524787,0.133150,-0.003056,0.540250,0.036000,0.252051
9.745000,-6.162314,-0.481885,-2.165050,-5.779102,0.307335,-3.683546,3.683546,3.000000,5.787268,-0.004993,0.000266,0.017138,-0.001112,0.000961,0.568255,-0.007760,0.524807,0.133095,-0.003053,0.540250,0.036000,0.269802
9.756000,-6.588139,-0.536307,-2.124383,-6.204926,0.252913,-3.642879,3.642879,3.000000,6.210078,-0.004996,0.000204,0.016558,-0.001012,-0.000300,0.568436,-0.007767,0.524810,0.133040,-0.003051,0.540250,0.036000,0.280447
9.767000,-6.764057,-0.506552,-2.197644,-6.380845,0.282668,-3.716140,3.716140,3.000000,6.387103,-0.004995,0.000221,0.014561,-0.000401,-0.002531,0.568602,-0.007771,0.524800,0.132985,-0.003048,0.540250,0.036000,0.299569
9.778000,-6.887110,-0.492515,-2.085612,-6.503897,0.296705,-3.604108,3.604108,3.000000,6.510661,-0.004995,0.000228,0.013848,-0.001955,-0.001592,0.568759,-0.007780,0.524780,0.132930,-0.003046,0.540250,0.036000,0.291950
9.789000,-6.481761,-0.433733,-2.219507,-6.098548,0.355486,-3.738004,3.738004,3.000000,6.108900,-0.004992,0.000291,0.011779,-0.002654,-0.000332,0.568895,-0.007790,0.524768,0.132875,-0.003043,0.540250,0.036000,0.281491
9.800000,-6.075694,-0.450296,-2.295340,-5.692482,0.338924,-3.813837,3.813837,3.000000,5.702562,-0.004991,0.000297,0.009602,-0.001775,-0.001172,0.569008,-0.007800,0.524755,0.132820,-0.003040,0.540250,0.036000,0.288849
9.811000,-5.984060,-0.476504,-2.246032,-5.600848,0.312716,-3.764528,3.764528,3.000000,5.609571,-0.004992,0.000279,0.009056,-0.001628,-0.002277,0.569105,-0.007810,0.524743,0.132765,-0.003037,0.540250,0.036000,0.298440
9.822000,-6.261042,-0.442489,-2.222904,-5.877829,0.346730,-3.741401,3.741401,3.000000,5.888047,-0.004991,0.000294,0.007983,-0.000988,-0.003360,0.569190,-0.007816,0.524712,0.132710,-0.003033,0.540250,0.036000,0.308189
9.833000,-6.754370,-0.403068,-2.129793,-6.371157,0.386151,-3.648289,3.648289,3.000000,6.382849,-0.004991,0.000302,0.007275,-0.000245,-0.005696,0.569272,-0.007822,0.524658,0.132656,-0.003030,0.540250,0.036000,0.328978
9.844000,-7.115935,-0.356296,-2.095162,-6.732722,0.432923,-3.613659,3.613659,3.000000,6.746627,-0.004990,0.000321,0.007083,0.000586,-0.006521,0.569354,-0.007826,0.524588,0.132601,-0.003027,0.540250,0.036000,0.337243
9.855000,-6.956059,-0.354078,-2.186228,-6.572847,0.435142,-3.704725,3.704725,3.000000,6.587235,-0.004989,0.000330,0.006354,-0.000726,-0.005216,0.569427,-0.007837,0.524525,0.132546,-0.003023,0.540250,0.036000,0.327294
9.866000,-6.538823,-0.352158,-2.340316,-6.155610,0.437061,-3.858812,3.858812,3.000000,6.171107,-0.004987,0.000354,0.004495,0.000740,-0.002906,0.569480,-0.007835,0.524483,0.132491,-0.003019,0.540250,0.036000,0.308460
9.877000,-6.220662,-0.418223,-2.450941,-5.837449,0.370997,-3.969437,3.969437,3.000000,5.849227,-0.004990,0.000317,0.003853,-0.000511,-0.002995,0.569525,-0.007839,0.524447,0.132436,-0.003016,0.540250,0.036000,0.309850
9.888000,-6.056265,-0.450431,-2.589352,-5.673053,0.338789,-4.107849,4.107849,3.000000,5.683160,-0.004991,0.000298,0.004100,0.000183,-0.002147,0.569568,-0.007836,0.524431,0.132381,-0.003012,0.540430,0.036180,0.306196
9.899000,-6.241037,-0.446320,-2.613727,-5.857824,0.342900,-4.132223,4.132223,3.000000,5.867852,-0.004991,0.000292,0.003996,0.000751,-0.001534,0.569610,-0.007828,0.524421,0.132326,-0.003009,0.540650,0.036400,0.305126
9.910000,-6.583836,-0.532834,-2.553359,-6.200623,0.256385,-4.071855,4.071855,3.000000,6.205921,-0.004996,0.000207,0.004519,0.001658,-0.001144,0.569658,-0.007816,0.524405,0.132271,-0.003006,0.540870,0.036620,0.306068
9.921000,-6.545403,-0.681976,-2.598297,-6.162191,0.107243,-4.116793,4.116793,3.000000,6.163124,-0.004999,0.000087,0.004102,0.003446,-0.000919,0.569699,-0.007793,0.524398,0.132216,-0.003005,0.541090,0.036840,0.308236
9.932000,-6.461264,-0.748872,-2.598416,-6.078052,0.040348,-4.116912,4.116912,3.000000,6.078186,-0.005000,0.000033,0.003753,0.003725,-0.000092,0.569740,-0.007757,0.524398,0.132161,-0.003004,0.541310,0.037060,0.305189
9.943000,-6.282798,-0.812084,-2.598623,-5.899586,-0.022864,-4.117119,4.117119,3.000000,5.899630,-0.005000,-0.000019,0.003561,0.004388,0.000663,0.569780,-0.007708,0.524410,0.132106,-0.003004,0.541530,0.037280,0.302530
9.954000,-6.207903,-0.849993,-2.605790,-5.824690,-0.060773,-4.124286,4.124286,3.000000,5.825007,-0.005000,-0.000052,0.003590,0.006133,0.002324,0.569818,-0.007652,0.524436,0.132051,-0.003005,0.541750,0.037500,0.291934
9.965000,-6.135380,-0.967931,-2.592681,-5.752167,-0.178712,-4.111177,4.111177,3.000000,5.754943,-0.004998,-0.000155,0.003736,0.006899,0.002865,0.569860,-0.007580,0.524468,0.131996,-0.003006,0.541970,0.037720,0.290715
9.976000,-6.152032,-1.013908,-2.576874,-5.768820,-0.224688,-4.095371,4.095371,3.000000,5.773194,-0.004996,-0.000195,0.004206,0.006673,0.005698,0.569906,-0.007503,0.524518,0.131941,-0.003008,0.542190,0.037940,0.269739
9.987000,-6.229945,-0.952334,-2.589761,-5.846732,-0.163114,-4.108258,4.108258,3.000000,5.849007,-0.004998,-0.000139,0.005190,0.008163,0.004964,0.569960,-0.007421,0.524575,0.131886,-0.003010,0.542410,0.038160,0.278904
9.998000,-6.178185,-0.829243,-2.597640,-5.794972,-0.040023,-4.116136,4.116136,3.000000,5.795111,-0.005000,-0.000035,0.005344,0.006229,0.007142,0.570019,-0.007344,0.524654,0.131831,-0.003011,0.542630,0.038380,0.262962
10.009000,-6.166049,-0.811677,-2.581381,-5.782837,-0.022457,-4.099877,4.099877,3.000000,5.782880,-0.005000,-0.000019,0.005950,0.007344,0.008372,0.570080,-0.007258,0.524745,0.131776,-0.003011,0.542850,0.038600,0.254841
10.020000,-6.010893,-0.863692,-2.614529,-5.627681,-0.074472,-4.133025,4.133025,3.000000,5.628173,-0.005000,-0.000066,0.005669,0.008893,0.010694,0.570148,-0.007168,0.524857,0.131721,-0.003011,0.543070,0.038820,0.237074
10.031000,-5.986074,-0.789274,-2.585284,-5.602861,-0.000055,-4.103780,4.103780,3.000000,5.602861,-0.005000,-0.000000,0.006925,0.008472,0.010477,0.570222,-0.007081,0.524977,0.131666,-0.003012,0.543290,0.039040,0.240715
10.042000,-5.941842,-0.772029,-2.562905,-5.558630,0.017191,-4.081401,4.081401,3.000000,5.558656,-0.005000,0.000015,0.006957,0.007411,0.012115,0.570298,-0.006992,0.525121,0.131611,-0.003012,0.543510,0.039260,0.228187
10.053000,-5.936334,-0.719257,-2.472854,-5.553122,0.069963,-3.991350,3.991350,3.000000,5.553562,-0.005000,0.000063,0.008204,0.008355,0.012039,0.570385,-0.006904,0.525263,0.131556,-0.003011,0.543650,0.039400,0.228807
10.064000,-5.886594,-0.716084,-2.379272,-5.503381,0.073136,-3.897768,3.897768,3.000000,5.503867,-0.005000,0.000066,0.008236,0.006817,0.013832,0.570474,-0.006815,0.525416,0.131501,-0.003010,0.543650,0.039400,0.210828
10.075000,-5.914932,-0.652783,-2.180197,-5.531719,0.136436,-3.698694,3.698694,3.000000,5.533401,-0.004998,0.000123,0.009542,0.007781,0.014085,0.570579,-0.006724,0.525578,0.131446,-0.003009,0.543650,0.039400,0.205781
10.086000,-5.750524,-0.729064,-2.055800,-5.367311,0.060156,-3.574297,3.574297,3.000000,5.367648,-0.005000,0.000056,0.010981,0.008016,0.015885,0.570696,-0.006628,0.525756,0.131391,-0.003008,0.543650,0.039400,0.187299
10.097000,-5.560116,-0.677006,-1.929255,-5.176903,0.112214,-3.447751,3.447751,3.000000,5.178119,-0.004999,0.000108,0.011661,0.008262,0.016765,0.570821,-0.006538,0.525938,0.131336,-0.003007,0.543650,0.039400,0.176554
10.108000,-5.553060,-0.680595,-1.704306,-5.169847,0.108625,-3.222802,3.222802,3.000000,5.170988,-0.004999,0.000105,0.012275,0.007719,0.015730,0.570956,-0.006449,0.526128,0.131281,-0.003006,0.543650,0.039400,0.181916
10.119000,-5.383534,-0.680648,-1.628431,-5.000322,0.108572,-3.146928,3.146928,3.000000,5.001500,-0.004999,0.000109,0.011838,0.008646,0.016635,0.571089,-0.006359,0.526317,0.131226,-0.003005,0.543650,0.039400,0.170838
10.130000,-5.362987,-0.623479,-1.641634,-4.979774,0.165741,-3.160130,3.160130,3.000000,4.982532,-0.004997,0.000166,0.011192,0.007312,0.015287,0.571214,-0.006281,0.526489,0.131171,-0.003003,0.543650,0.039400,0.179179
10.141000,-5.621394,-0.582680,-1.626696,-5.238181,0.206540,-3.145192,3.145192,3.000000,5.242252,-0.004996,0.000197,0.011049,0.007208,0.013557,0.571333,-0.006205,0.526644,0.131117,-0.003001,0.543650,0.039400,0.191058
10.152000,-5.768737,-0.595229,-1.656314,-5.385524,0.193991,-3.174811,3.174811,3.000000,5.389017,-0.004997,0.000180,0.010593,0.005567,0.014821,0.571450,-0.006134,0.526793,0.131062,-0.002999,0.543650,0.039400,0.177662
10.163000,-5.699387,-0.477258,-1.749076,-5.316175,0.311962,-3.267572,3.267572,3.000000,5.325320,-0.004991,0.000293,0.010618,0.005562,0.012543,0.571567,-0.006072,0.526925,0.131007,-0.002996,0.543650,0.039400,0.194611
10.174000,-5.585720,-0.519097,-1.815385,-5.202508,0.270123,-3.333881,3.333881,3.000000,5.209516,-0.004993,0.000259,0.009890,0.006094,0.012845,0.571676,-0.006010,0.527069,0.130952,-0.002993,0.543650,0.039400,0.189459
10.185000,-5.347032,-0.479460,-1.845198,-4.963820,0.309760,-3.363694,3.363694,3.000000,4.973475,-0.004990,0.000311,0.009369,0.005549,0.014643,0.571785,-0.005961,0.527225,0.130897,-0.002990,0.543650,0.039400,0.171389
10.196000,-5.247891,-0.478163,-1.890785,-4.864679,0.311057,-3.409281,3.409281,3.000000,4.874613,-0.004990,0.000319,0.009850,0.003811,0.013918,0.571893,-0.005914,0.527380,0.130842,-0.002987,0.543650,0.039400,0.174746
10.207000,-5.344434,-0.490179,-1.876265,-4.961222,0.299040,-3.394762,3.394762,3.000000,4.970226,-0.004991,0.000301,0.009994,0.005702,0.013649,0.571999,-0.005862,0.527532,0.130787,-0.002983,0.543650,0.039400,0.174303
10.218000,-5.339447,-0.613838,-1.929969,-4.956235,0.175382,-3.448465,3.448465,3.000000,4.959337,-0.004997,0.000177,0.009844,0.004298,0.015300,0.572103,-0.005813,0.527684,0.130732,-0.002981,0.543650,0.039400,0.157545
10.229000,-5.629981,-0.575469,-1.865890,-5.246768,0.213751,-3.384387,3.384387,3.000000,5.251120,-0.004996,0.000204,0.010539,0.004724,0.011839,0.572219,-0.005758,0.527820,0.130677,-0.002978,0.543650,0.039400,0.184473
10.240000,-5.811571,-0.535064,-1.830810,-5.428359,0.254156,-3.349306,3.349306,3.000000,5.434305,-0.004995,0.000234,0.010987,0.004575,0.012297,0.572339,-0.005709,0.527955,0.130622,-0.002976,0.543650,0.039400,0.178152
10.251000,-5.969647,-0.579106,-1.776588,-5.586434,0.210114,-3.295084,3.295084,3.000000,5.590384,-0.004996,0.000188,0.011825,0.004386,0.010794,0.572467,-0.005656,0.528076,0.130567,-0.002974,0.543650,0.039400,0.188733
10.262000,-5.864785,-0.606980,-1.721786,-5.481573,0.182240,-3.240283,3.240283,3.000000,5.484601,-0.004997,0.000166,0.012092,0.004618,0.011328,0.572596,-0.005606,0.528196,0.130512,-0.002972,0.543650,0.039400,0.182039
10.273000,-5.638789,-0.543226,-1.753307,-5.255577,0.245994,-3.271804,3.271804,3.000000,5.261330,-0.004995,0.000234,0.012142,0.004013,0.011244,0.572730,-0.005565,0.528323,0.130457,-0.002969,0.543650,0.039400,0.180467
10.284000,-5.465921,-0.448212,-1.830031,-5.082709,0.341008,-3.348527,3.348527,3.000000,5.094135,-0.004989,0.000335,0.012446,0.003106,0.011999,0.572863,-0.005536,0.528454,0.130402,-0.002966,0.543650,0.039400,0.171699
10.295000,-5.580560,-0.367746,-1.838173,-5.197347,0.421474,-3.356669,3.356669,3.000000,5.214409,-0.004984,0.000404,0.012226,0.000768,0.011306,0.572999,-0.005519,0.528577,0.130348,-0.002962,0.543650,0.039400,0.175368
10.306000,-5.791716,-0.341291,-1.898293,-5.408503,0.447929,-3.416789,3.416789,3.000000,5.427020,-0.004983,0.000413,0.013397,0.002239,0.010786,0.573144,-0.005500,0.528698,0.130293,-0.002957,0.543650,0.039400,0.177604
10.317000,-6.136874,-0.359077,-1.844200,-5.753661,0.430143,-3.362696,3.362696,3.000000,5.769718,-0.004986,0.000373,0.014911,0.002702,0.010501,0.573306,-0.005483,0.528806,0.130238,-0.002953,0.543650,0.039400,0.178080
10.328000,-6.136041,-0.291280,-1.833166,-5.752829,0.497940,-3.351662,3.351662,3.000000,5.774338,-0.004981,0.000431,0.016011,0.000937,0.011047,0.573479,-0.005478,0.528934,0.130183,-0.002949,0.543650,0.039400,0.171145
10.339000,-5.932363,-0.269434,-1.835262,-5.549150,0.519786,-3.353758,3.353758,3.000000,5.573441,-0.004978,0.000466,0.016189,-0.000333,0.012180,0.573656,-0.005477,0.529060,0.130128,-0.002944,0.543650,0.039400,0.159254
10.350000,-5.640879,-0.245894,-1.860777,-5.257666,0.543326,-3.379273,3.379273,3.000000,5.285665,-0.004974,0.000514,0.015062,-0.000376,0.011904,0.573828,-0.005481,0.529200,0.130074,-0.002938,0.543650,0.039400,0.159081
10.361000,-5.541828,-0.252747,-1.895337,-5.158615,0.536472,-3.413834,3.413834,3.000000,5.186436,-0.004973,0.000517,0.014600,-0.000878,0.010284,0.573988,-0.005491,0.529323,0.130019,-0.002933,0.543650,0.039400,0.170611
10.372000,-5.718082,-0.327022,-1.906320,-5.334870,0.462197,-3.424817,3.424817,3.000000,5.354854,-0.004981,0.000432,0.014057,-0.001005,0.009564,0.574141,-0.005500,0.529428,0.129964,-0.002927,0.543650,0.039400,0.174824
10.383000,-6.253466,-0.330994,-1.821912,-5.870253,0.458225,-3.340409,3.340409,3.000000,5.888111,-0.004985,0.000389,0.014029,-0.001376,0.004866,0.574299,-0.005508,0.529486,0.129909,-0.002923,0.543650,0.039400,0.213662
10.394000,-6.464126,-0.282538,-1.796507,-6.080913,0.506682,-3.315004,3.315004,3.000000,6.101986,-0.004983,0.000415,0.014046,-0.001076,0.002840,0.574454,-0.005516,0.529524,0.129855,-0.002918,0.543650,0.039400,0.230162
10.405000,-6.350216,-0.333800,-1.793014,-5.967004,0.455420,-3.311511,3.311511,3.000000,5.984358,-0.004986,0.000381,0.012613,-0.000639,0.001850,0.574597,-0.005524,0.529547,0.129800,-0.002914,0.543650,0.039400,0.238144
10.416000,-6.021333,-0.274889,-1.823188,-5.638120,0.514331,-3.341684,3.341684,3.000000,5.661531,-0.004979,0.000454,0.011045,-0.001685,0.001394,0.574723,-0.005535,0.529565,0.129745,-0.002910,0.543650,0.039400,0.241696
10.427000,-5.816812,-0.290415,-1.836245,-5.433599,0.498805,-3.354741,3.354741,3.000000,5.456447,-0.004979,0.000457,0.010460,-0.001207,0.000454,0.574839,-0.005549,0.529567,0.129690,-0.002904,0.543650,0.039400,0.249634
10.438000,-6.062707,-0.229778,-1.841660,-5.679494,0.559442,-3.360157,3.360157,3.000000,5.706981,-0.004976,0.000490,0.010391,-0.000766,-0.003411,0.574955,-0.005565,0.529549,0.129635,-0.002899,0.543650,0.039400,0.282752
10.449000,-6.426700,-0.242017,-1.881939,-6.043487,0.547203,-3.400435,3.400435,3.000000,6.068210,-0.004980,0.000451,0.010547,-0.001878,-0.003341,0.575073,-0.005579,0.529512,0.129581,-0.002894,0.543650,0.039400,0.282827
10.460000,-6.665569,-0.139947,-1.854627,-6.282357,0.649273,-3.373123,3.373123,3.000000,6.315818,-0.004974,0.000514,0.010960,-0.001525,-0.005668,0.575193,-0.005595,0.529458,0.129526,-0.002889,0.543650,0.039400,0.303539
10.471000,-6.708196,-0.141175,-1.938306,-6.324983,0.648045,-3.456802,3.456802,3.000000,6.358095,-0.004974,0.000510,0.011737,-0.001615,-0.006858,0.575318,-0.005604,0.529391,0.129471,-0.002883,0.543650,0.039400,0.314844
10.482000,-6.683245,-0.034447,-1.947415,-6.300032,0.754773,-3.465911,3.465911,3.000000,6.345084,-0.004964,0.000595,0.011819,-0.001040,-0.006836,0.575444,-0.005614,0.529321,0.129417,-0.002877,0.543650,0.039400,0.315914
10.493000,-6.376275,-0.066649,-1.951578,-5.993062,0.722570,-3.470074,3.470074,3.000000,6.036465,-0.004964,0.000599,0.012250,-0.001769,-0.006717,0.575577,-0.005626,0.529265,0.129362,-0.002870,0.543650,0.039400,0.315919
10.504000,-6.195484,-0.102208,-1.977655,-5.812272,0.687012,-3.496151,3.496151,3.000000,5.852733,-0.004965,0.000587,0.012774,-0.001545,-0.005157,0.575714,-0.005638,0.529214,0.129307,-0.002864,0.543650,0.039400,0.303595
10.515000,-6.238030,-0.025190,-1.900537,-5.854817,0.764030,-3.419033,3.419033,3.000000,5.904458,-0.004958,0.000647,0.013632,-0.002872,-0.005158,0.575859,-0.005653,0.529152,0.129253,-0.002857,0.543650,0.039400,0.304722
10.526000,-6.250312,0.013167,-1.836521,-5.867099,0.802386,-3.355017,3.355017,3.000000,5.921712,-0.004954,0.000677,0.013727,-0.001731,-0.005926,0.576009,-0.005663,0.529081,0.129198,-0.002850,0.543650,0.039400,0.312513
10.537000,-6.461253,-0.016336,-1.768335,-6.078041,0.772884,-3.286832,3.286832,3.000000,6.126984,-0.004960,0.000631,0.014148,-0.001022,-0.007137,0.576164,-0.005675,0.528993,0.129144,-0.002842,0.543650,0.039400,0.324376
10.548000,-6.660108,0.016819,-1.737232,-6.276896,0.806039,-3.255729,3.255729,3.000000,6.328437,-0.004959,0.000637,0.014777,-0.001042,-0.008291,0.576325,-0.005692,0.528900,0.129089,-0.002835,0.543650,0.039400,0.335846
10.559000,-6.748401,-0.022942,-1.747667,-6.365188,0.766278,-3.266163,3.266163,3.000000,6.411147,-0.004964,0.000598,0.014403,-0.001726,-0.009098,0.576481,-0.005705,0.528806,0.129035,-0.002828,0.543650,0.039400,0.344379
10.570000,-6.744408,-0.010355,-1.837931,-6.361196,0.778864,-3.356427,3.356427,3.000000,6.408701,-0.004963,0.000608,0.015513,-0.001088,-0.008523,0.576648,-0.005716,0.528712,0.128980,-0.002822,0.543650,0.039400,0.341193
10.581000,-6.757064,0.054436,-1.858566,-6.373851,0.843656,-3.377062,3.377062,3.000000,6.429443,-0.004957,0.000656,0.014971,-0.001738,-0.008081,0.576815,-0.005732,0.528633,0.128925,-0.002815,0.543650,0.039400,0.338874
10.592000,-6.620986,-0.031404,-1.927446,-6.237773,0.757816,-3.445943,3.445943,3.000000,6.283637,-0.004964,0.000603,0.016893,-0.000515,-0.006761,0.576992,-0.005742,0.528573,0.128871,-0.002808,0.543650,0.039400,0.328749
10.603000,-6.812575,0.053551,-1.853551,-6.429363,0.842771,-3.372047,3.372047,3.000000,6.484363,-0.004958,0.000650,0.017588,-0.002081,-0.003578,0.577182,-0.005759,0.528522,0.128816,-0.002801,0.543650,0.039400,0.302651
10.614000,-6.762946,0.093331,-1.903415,-6.379733,0.882551,-3.421911,3.421911,3.000000,6.440488,-0.004953,0.000685,0.017979,-0.002708,-0.002972,0.577376,-0.005783,0.528489,0.128762,-0.002794,0.543650,0.039400,0.298108
10.625000,-6.464713,0.038133,-2.013349,-6.081500,0.827353,-3.531845,3.531845,3.000000,6.137520,-0.004954,0.000674,0.016259,-0.001024,-0.001281,0.577557,-0.005800,0.528473,0.128707,-0.002786,0.543650,0.039400,0.284055
10.636000,-6.379095,0.041882,-2.150726,-5.995882,0.831102,-3.669222,3.669222,3.000000,6.053209,-0.004953,0.000686,0.015628,-0.002243,-0.001608,0.577728,-0.005822,0.528460,0.128653,-0.002779,0.543650,0.039400,0.287050
10.647000,-6.616604,0.095136,-2.242189,-6.233391,0.884356,-3.760685,3.760685,3.000000,6.295812,-0.004950,0.000702,0.015116,-0.002309,-0.002181,0.577894,-0.005835,0.528442,0.128598,-0.002771,0.543650,0.039400,0.292246
10.658000,-6.905921,0.084847,-2.329984,-6.522708,0.874066,-3.848481,3.848481,3.000000,6.581012,-0.004956,0.000664,0.014851,-0.000459,-0.002958,0.578058,-0.005840,0.528418,0.128544,-0.002764,0.543650,0.039400,0.299269
10.669000,-7.070245,0.094293,-2.312543,-6.687032,0.883512,-3.831039,3.831039,3.000000,6.745146,-0.004957,0.000655,0.014115,-0.000677,-0.001780,0.578218,-0.005843,0.528395,0.128489,-0.002757,0.543650,0.039400,0.289694
10.680000,-6.961467,0.043807,-2.241247,-6.578254,0.833026,-3.759743,3.759743,3.000000,6.630789,-0.004960,0.000628,0.013430,-0.000231,-0.000829,0.578370,-0.005853,0.528377,0.128435,-0.002750,0.543650,0.039400,0.281940
10.691000,-6.601211,0.027053,-2.305301,-6.217999,0.816272,-3.823798,3.823798,3.000000,6.271348,-0.004957,0.000651,0.012593,-0.001418,-0.000212,0.578512,-0.005869,0.528372,0.128380,-0.002742,0.543650,0.039400,0.276791
10.702000,-6.265043,-0.011607,-2.274690,-5.881830,0.777612,-3.793186,3.793186,3.000000,5.933010,-0.004957,0.000655,0.010899,-0.003208,-0.001080,0.578632,-0.005889,0.528372,0.128326,-0.002735,0.543650,0.039400,0.284158
10.713000,-6.153103,-0.003834,-2.195071,-5.769890,0.785385,-3.713567,3.713567,3.000000,5.823098,-0.004954,0.000674,0.010315,-0.001468,-0.000239,0.578741,-0.005906,0.528375,0.128271,-0.002728,0.543650,0.039400,0.276980
10.724000,-6.268176,0.068435,-2.184828,-5.884963,0.857655,-3.703324,3.703324,3.000000,5.947131,-0.004948,0.000721,0.009331,-0.000566,0.000341,0.578844,-0.005921,0.528377,0.128217,-0.002720,0.543650,0.039400,0.272018
10.735000,-6.542754,0.084902,-2.172727,-6.159541,0.874122,-3.691223,3.691223,3.000000,6.221257,-0.004950,0.000703,0.009348,-0.001657,-0.000397,0.578943,-0.005931,0.528364,0.128162,-0.002713,0.543650,0.039400,0.278498
10.746000,-6.789319,0.055975,-2.119713,-6.406106,0.845195,-3.638209,3.638209,3.000000,6.461622,-0.004957,0.000654,0.009155,0.000151,-0.000889,0.579043,-0.005929,0.528352,0.128108,-0.002705,0.543650,0.039400,0.282899
10.757000,-6.881712,0.057265,-1.985619,-6.498500,0.846485,-3.504115,3.504115,3.000000,6.553399,-0.004958,0.000646,0.008456,-0.000381,-0.002065,0.579140,-0.005930,0.528327,0.128053,-0.002698,0.543650,0.039400,0.293319
10.768000,-6.404965,0.030617,-2.010167,-6.021752,0.819836,-3.528663,3.528663,3.000000,6.077305,-0.004954,0.000675,0.007376,0.000402,-0.000090,0.579223,-0.005928,0.528324,0.127999,-0.002691,0.543650,0.039400,0.276624
10.779000,-6.045824,0.006465,-1.965213,-5.662611,0.795685,-3.483709,3.483709,3.000000,5.718241,-0.004951,0.000696,0.006628,-0.000264,0.001021,0.579303,-0.005933,0.528321,0.127944,-0.002683,0.543650,0.039400,0.267251
10.790000,-5.788002,-0.013424,-1.966805,-5.404789,0.775796,-3.485302,3.485302,3.000000,5.460183,-0.004949,0.000710,0.006981,-0.001067,0.001735,0.579379,-0.005943,0.528331,0.127890,-0.002676,0.543650,0.039400,0.261021
10.801000,-5.969998,0.071968,-1.913359,-5.586786,0.861188,-3.431856,3.431856,3.000000,5.652771,-0.004942,0.000762,0.008000,-0.001886,0.000305,0.579462,-0.005958,0.528336,0.127835,-0.002667,0.543650,0.039400,0.273052
10.812000,-6.196253,0.079622,-1.877985,-5.813040,0.868842,-3.396482,3.396482,3.000000,5.877612,-0.004945,0.000739,0.007972,-0.000241,-0.000294,0.579548,-0.005965,0.528338,0.127781,-0.002659,0.543650,0.039400,0.278103
10.823000,-6.319174,0.042845,-1.815014,-5.935961,0.832064,-3.333510,3.333510,3.000000,5.993994,-0.004952,0.000694,0.008781,0.000299,-0.000972,0.579645,-0.005973,0.528337,0.127727,-0.002651,0.543650,0.039400,0.283873
10.834000,-6.306165,-0.023262,-1.834399,-5.922953,0.765958,-3.352895,3.352895,3.000000,5.972274,-0.004959,0.000641,0.009064,-0.000023,0.001039,0.579745,-0.005975,0.528344,0.127672,-0.002644,0.543650,0.039400,0.266675
10.845000,-6.236869,-0.109602,-1.841274,-5.853657,0.679618,-3.359770,3.359770,3.000000,5.892977,-0.004967,0.000577,0.009600,-0.000174,0.000843,0.579849,-0.005969,0.528350,0.127617,-0.002637,0.543650,0.039400,0.268235
10.856000,-5.996959,-0.130853,-1.940727,-5.613746,0.658366,-3.459224,3.459224,3.000000,5.652220,-0.004966,0.000582,0.009519,0.000419,0.001681,0.579953,-0.005962,0.528367,0.127563,-0.002631,0.543650,0.039400,0.260824
10.867000,-5.706010,-0.245011,-2.071590,-5.322798,0.544208,-3.590086,3.590086,3.000000,5.350545,-0.004974,0.000509,0.009836,0.001210,0.003325,0.580058,-0.005954,0.528409,0.127508,-0.002625,0.543650,0.039400,0.246119
10.878000,-5.755584,-0.331499,-2.069901,-5.372371,0.457721,-3.588397,3.588397,3.000000,5.391835,-0.004982,0.000424,0.010142,0.000585,0.004905,0.580167,-0.005945,0.528449,0.127453,-0.002620,0.543650,0.039400,0.231981
10.889000,-5.925692,-0.251059,-2.054859,-5.542480,0.538161,-3.573355,3.573355,3.000000,5.568545,-0.004977,0.000483,0.011067,0.000135,0.003198,0.580283,-0.005945,0.528482,0.127399,-0.002615,0.543650,0.039400,0.245886
10.900000,-6.050741,-0.231483,-1.978850,-5.667528,0.557736,-3.497346,3.497346,3.000000,5.694905,-0.004976,0.000490,0.011877,-0.000704,0.002323,0.580411,-0.005953,0.528514,0.127344,-0.002609,0.543650,0.039400,0.252732
10.911000,-6.232830,-0.178921,-1.879843,-5.849618,0.610299,-3.398339,3.398339,3.000000,5.881368,-0.004973,0.000519,0.012383,-0.000102,0.002698,0.580552,-0.005964,0.528548,0.127289,-0.002604,0.543650,0.039400,0.248944
10.922000,-6.158054,-0.135217,-1.839175,-5.774841,0.654003,-3.357671,3.357671,3.000000,5.811756,-0.004968,0.000563,0.013189,-0.000899,0.004538,0.580699,-0.005978,0.528595,0.127234,-0.002598,0.543650,0.039400,0.232481
10.933000,-5.801401,-0.157512,-1.913883,-5.418188,0.631708,-3.432379,3.432379,3.000000,5.454890,-0.004966,0.000579,0.012930,-0.000558,0.005587,0.580843,-0.005990,0.528656,0.127180,-0.002592,0.543650,0.039400,0.222488
10.944000,-5.712676,-0.145779,-1.936373,-5.329463,0.643441,-3.454869,3.454869,3.000000,5.368165,-0.004964,0.000599,0.012814,-0.001481,0.004423,0.580990,-0.006005,0.528713,0.127125,-0.002585,0.543650,0.039400,0.231326
10.955000,-5.839477,-0.111366,-1.925434,-5.456264,0.677854,-3.443930,3.443930,3.000000,5.498209,-0.004962,0.000616,0.013560,-0.000510,0.003268,0.581139,-0.006021,0.528760,0.127071,-0.002579,0.543650,0.039400,0.240286
10.966000,-6.135559,-0.129296,-1.853851,-5.752347,0.659923,-3.372348,3.372348,3.000000,5.790077,-0.004967,0.000570,0.013274,-0.001083,0.001154,0.581281,-0.006033,0.528784,0.127016,-0.002572,0.543650,0.039400,0.257795
10.977000,-6.548404,-0.086755,-1.730393,-6.165191,0.702465,-3.248889,3.248889,3.000000,6.205081,-0.004968,0.000566,0.013311,-0.000345,-0.002601,0.581429,-0.006044,0.528768,0.126961,-0.002566,0.543650,0.039400,0.289937
10.988000,-6.536715,-0.033654,-1.751520,-6.153502,0.755566,-3.270016,3.270016,3.000000,6.199715,-0.004963,0.000609,0.011905,-0.001581,-0.002300,0.581569,-0.006063,0.528743,0.126907,-0.002560,0.543650,0.039400,0.287828
10.999000,-6.172209,-0.072493,-1.866791,-5.788996,0.716727,-3.385288,3.385288,3.000000,5.833196,-0.004962,0.000614,0.011905,-0.001118,-0.002894,0.581700,-0.006079,0.528716,0.126852,-0.002553,0.543650,0.039400,0.293352
11.010000,-5.802543,-0.023697,-1.993693,-5.419330,0.765523,-3.512189,3.512189,3.000000,5.473131,-0.004951,0.000699,0.011051,-0.002268,-0.000976,0.581818,-0.006100,0.528705,0.126798,-0.002546,0.543650,0.039400,0.277275
11.021000,-5.609886,0.066742,-2.086051,-5.226673,0.855962,-3.604548,3.604548,3.000000,5.296299,-0.004934,0.000808,0.010437,-0.001336,-0.001647,0.581933,-0.006117,0.528685,0.126743,-0.002537,0.543650,0.039400,0.283339
11.032000,-5.749460,0.048578,-2.071317,-5.366247,0.837798,-3.589813,3.589813,3.000000,5.431253,-0.004940,0.000771,0.009971,-0.000992,-0.003471,0.582045,-0.006126,0.528646,0.126689,-0.002529,0.543650,0.039400,0.299508
11.043000,-6.092195,0.094369,-1.972172,-5.708982,0.883588,-3.490668,3.490668,3.000000,5.776955,-0.004941,0.000765,0.009567,-0.000591,-0.006975,0.582154,-0.006132,0.528589,0.126635,-0.002520,0.543650,0.039400,0.330270
11.054000,-6.263719,0.146157,-1.948708,-5.880506,0.935377,-3.467204,3.467204,3.000000,5.954434,-0.004938,0.000785,0.009534,-0.001484,-0.007606,0.582262,-0.006140,0.528512,0.126580,-0.002512,0.543650,0.039400,0.337020
11.065000,-6.392675,0.132591,-1.870771,-6.009463,0.921811,-3.389267,3.389267,3.000000,6.079751,-0.004942,0.000758,0.009351,0.000308,-0.009907,0.582368,-0.006138,0.528422,0.126526,-0.002503,0.543650,0.039400,0.358167
11.076000,-6.249982,0.110553,-2.002194,-5.866769,0.899773,-3.520691,3.520691,3.000000,5.935366,-0.004942,0.000758,0.009439,0.000524,-0.007808,0.582469,-0.006139,0.528334,0.126472,-0.002495,0.543650,0.039400,0.341941
11.087000,-6.003018,0.092627,-2.094271,-5.619806,0.881847,-3.612767,3.612767,3.000000,5.688573,-0.004940,0.000775,0.008197,-0.000936,-0.007060,0.582558,-0.006150,0.528253,0.126417,-0.002487,0.543650,0.039400,0.337040
11.098000,-5.854117,0.028514,-2.188775,-5.470904,0.817734,-3.707271,3.707271,3.000000,5.531680,-0.004945,0.000739,0.007687,-0.000878,-0.007753,0.582644,-0.006160,0.528173,0.126363,-0.002478,0.543650,0.039400,0.344361
11.109000,-5.742466,0.052902,-2.294455,-5.359253,0.842122,-3.812951,3.812951,3.000000,5.425013,-0.004939,0.000776,0.007748,-0.001011,-0.007947,0.582730,-0.006171,0.528095,0.126309,-0.002470,0.543650,0.039400,0.347410
11.120000,-5.851415,0.065447,-2.302520,-5.468202,0.854667,-3.821017,3.821017,3.000000,5.534590,-0.004940,0.000772,0.007775,-0.000964,-0.007948,0.582814,-0.006180,0.528018,0.126254,-0.002461,0.543650,0.039400,0.348797
11.131000,-6.091828,0.057345,-2.211179,-5.708615,0.846565,-3.729675,3.729675,3.000000,5.771045,-0.004946,0.000733,0.008023,-0.000699,-0.008883,0.582902,-0.006188,0.527926,0.126200,-0.002453,0.543650,0.039400,0.358396
11.142000,-6.018807,0.040374,-2.240478,-5.635595,0.829594,-3.758975,3.758975,3.000000,5.696328,-0.004947,0.000728,0.008170,-0.001078,-0.008523,0.582989,-0.006196,0.527844,0.126145,-0.002445,0.543650,0.039400,0.356823
11.153000,-6.067981,0.011512,-2.157463,-5.684768,0.800732,-3.675960,3.675960,3.000000,5.740885,-0.004951,0.000697,0.008250,-0.000269,-0.008491,0.583077,-0.006199,0.527766,0.126091,-0.002437,0.543650,0.039400,0.357962
11.164000,-5.922110,0.020856,-2.223231,-5.538898,0.810076,-3.741728,3.741728,3.000000,5.597822,-0.004947,0.000724,0.008317,-0.000331,-0.005923,0.583169,-0.006202,0.527699,0.126037,-0.002429,0.543650,0.039400,0.337364
11.175000,-5.960627,0.019661,-2.222059,-5.577415,0.808881,-3.740555,3.740555,3.000000,5.635764,-0.004948,0.000718,0.009572,-0.000184,-0.005588,0.583265,-0.006211,0.527635,0.125982,-0.002421,0.543650,0.039400,0.335667
11.186000,-5.990150,-0.008307,-2.217825,-5.606938,0.780913,-3.736322,3.736322,3.000000,5.661058,-0.004952,0.000690,0.009233,-0.000175,-0.005839,0.583364,-0.006219,0.527578,0.125928,-0.002414,0.543650,0.039400,0.338834
11.197000,-6.041188,-0.010946,-2.250595,-5.657975,0.778274,-3.769091,3.769091,3.000000,5.711252,-0.004953,0.000681,0.010288,-0.001394,-0.004397,0.583477,-0.006231,0.527529,0.125873,-0.002406,0.543650,0.039400,0.327488
11.208000,-6.206929,0.055929,-2.268261,-5.823717,0.845149,-3.786758,3.786758,3.000000,5.884722,-0.004948,0.000718,0.011013,-0.001110,-0.004262,0.583599,-0.006243,0.527494,0.125819,-0.002398,0.543650,0.039400,0.326970
11.219000,-6.227900,-0.000295,-2.362678,-5.844687,0.788924,-3.881175,3.881175,3.000000,5.897692,-0.004955,0.000669,0.012123,-0.000700,-0.001410,0.583729,-0.006253,0.527478,0.125764,-0.002390,0.543650,0.039400,0.303046
11.230000,-6.177816,0.037896,-2.382146,-5.794603,0.827116,-3.900642,3.900642,3.000000,5.853336,-0.004950,0.000707,0.013522,-0.001706,-0.000482,0.583870,-0.006262,0.527469,0.125710,-0.002383,0.543650,0.039400,0.295343
11.241000,-6.083152,-0.015612,-2.399364,-5.699940,0.773607,-3.917860,3.917860,3.000000,5.752198,-0.004955,0.000672,0.014092,-0.000879,0.000990,0.584021,-0.006270,0.527472,0.125655,-0.002375,0.543650,0.039400,0.282791
11.252000,-5.989407,-0.028482,-2.408165,-5.606195,0.760738,-3.926661,3.926661,3.000000,5.657574,-0.004955,0.000672,0.015290,-0.000004,0.003306,0.584188,-0.006271,0.527505,0.125601,-0.002368,0.543650,0.039400,0.262555
11.263000,-5.927384,-0.167484,-2.401218,-5.544171,0.621736,-3.919714,3.919714,3.000000,5.578924,-0.004969,0.000557,0.017012,-0.000906,0.005321,0.584373,-0.006276,0.527564,0.125546,-0.002361,0.543650,0.039400,0.244383
11.274000,-5.794330,-0.207701,-2.393615,-5.411117,0.581518,-3.912111,3.912111,3.000000,5.442275,-0.004971,0.000534,0.017869,0.000038,0.008177,0.584567,-0.006278,0.527650,0.125492,-0.002355,0.543650,0.039400,0.218605
11.285000,-5.866207,-0.210094,-2.184050,-5.482994,0.579126,-3.702546,3.702546,3.000000,5.513494,-0.004972,0.000525,0.018063,-0.000222,0.008447,0.584774,-0.006289,0.527738,0.125437,-0.002349,0.543650,0.039400,0.214740
11.296000,-5.853478,-0.165787,-2.183668,-5.470265,0.623432,-3.702165,3.702165,3.000000,5.505676,-0.004968,0.000566,0.017047,-0.001625,0.008518,0.584967,-0.006308,0.527824,0.125382,-0.002343,0.543650,0.039400,0.212576
11.307000,-6.260943,-0.131098,-2.104208,-5.877730,0.658122,-3.622704,3.622704,3.000000,5.914460,-0.004969,0.000556,0.016911,-0.001969,0.004803,0.585154,-0.006328,0.527879,0.125328,-0.002337,0.543650,0.039400,0.243104
11.318000,-6.673981,-0.105251,-1.984107,-6.290768,0.683969,-3.502604,3.502604,3.000000,6.327842,-0.004971,0.000540,0.016649,-0.002051,0.002810,0.585336,-0.006348,0.527908,0.125273,-0.002331,0.543650,0.039400,0.259508
11.329000,-6.761846,-0.109808,-1.902245,-6.378634,0.679412,-3.420741,3.420741,3.000000,6.414715,-0.004972,0.000530,0.016113,-0.000618,0.001112,0.585508,-0.006357,0.527930,0.125218,-0.002325,0.543650,0.039400,0.273523
11.340000,-6.664305,-0.140742,-1.855644,-6.281092,0.648478,-3.374140,3.374140,3.000000,6.314479,-0.004974,0.000513,0.014500,-0.000489,0.002390,0.585673,-0.006371,0.527954,0.125163,-0.002320,0.543650,0.039400,0.262241
11.351000,-6.104289,-0.177104,-1.988433,-5.721076,0.612115,-3.506930,3.506930,3.000000,5.753729,-0.004972,0.000532,0.013163,-0.000880,0.004064,0.585818,-0.006381,0.527993,0.125109,-0.002314,0.543650,0.039400,0.247330
11.362000,-5.653595,-0.177740,-2.130151,-5.270382,0.611480,-3.648647,3.648647,3.000000,5.305736,-0.004967,0.000576,0.011738,-0.001899,0.006546,0.585953,-0.006394,0.528056,0.125054,-0.002308,0.543650,0.039400,0.225149
11.373000,-5.546002,-0.177468,-2.134258,-5.162789,0.611752,-3.652754,3.652754,3.000000,5.198907,-0.004965,0.000588,0.010844,-0.002184,0.005753,0.586075,-0.006405,0.528121,0.125000,-0.002301,0.543650,0.039400,0.230702
11.384000,-5.863496,-0.188368,-2.104494,-5.480284,0.600852,-3.622990,3.622990,3.000000,5.513124,-0.004970,0.000545,0.010775,-0.000337,0.005334,0.586190,-0.006412,0.528181,0.124945,-0.002295,0.543650,0.039400,0.233178
11.395000,-6.138438,-0.162485,-2.162709,-5.755226,0.626735,-3.681205,3.681205,3.000000,5.789250,-0.004971,0.000541,0.010134,-0.001066,0.005783,0.586306,-0.006424,0.528238,0.124890,-0.002289,0.543650,0.039400,0.228330
11.406000,-6.420849,-0.173023,-2.109944,-6.037637,0.616197,-3.628440,3.628440,3.000000,6.069000,-0.004974,0.000508,0.010610,-0.001735,0.005118,0.586421,-0.006435,0.528295,0.124836,-0.002283,0.543650,0.039400,0.232948
11.417000,-6.332330,-0.184451,-2.109635,-5.949117,0.604769,-3.628132,3.628132,3.000000,5.979778,-0.004974,0.000506,0.009603,-0.000560,0.005651,0.586530,-0.006442,0.528360,0.124781,-0.002278,0.543650,0.039400,0.227258
11.428000,-5.993289,-0.156710,-2.087481,-5.610077,0.632510,-3.605977,3.605977,3.000000,5.645620,-0.004969,0.000560,0.009068,-0.000458,0.007113,0.586629,-0.006449,0.528444,0.124726,-0.002272,0.543650,0.039400,0.213348
11.439000,-5.767978,-0.153561,-2.124853,-5.384765,0.635658,-3.643349,3.643349,3.000000,5.422154,-0.004966,0.000586,0.007754,-0.000552,0.007808,0.586721,-0.006461,0.528537,0.124671,-0.002265,0.543650,0.039400,0.205771
11.450000,-5.750946,-0.165847,-2.078824,-5.367733,0.623373,-3.597320,3.597320,3.000000,5.403809,-0.004967,0.000577,0.007841,-0.000811,0.007529,0.586804,-0.006472,0.528630,0.124617,-0.002259,0.543650,0.039400,0.206468
11.461000,-5.997796,-0.102092,-2.047972,-5.614584,0.687128,-3.566468,3.566468,3.000000,5.656474,-0.004963,0.000607,0.007953,-0.000261,0.006443,0.586888,-0.006480,0.528709,0.124562,-0.002253,0.543650,0.039400,0.214253
11.472000,-6.368421,-0.084438,-1.963413,-5.985208,0.704782,-3.481910,3.481910,3.000000,6.026561,-0.004966,0.000585,0.007714,0.000071,0.005897,0.586970,-0.006488,0.528781,0.124508,-0.002246,0.543650,0.039400,0.217596
11.483000,-6.636501,-0.051877,-1.962531,-6.253289,0.737342,-3.481027,3.481027,3.000000,6.296610,-0.004966,0.000586,0.007397,-0.000024,0.006211,0.587056,-0.006494,0.528837,0.124453,-0.002240,0.543650,0.039400,0.213930
11.494000,-6.790530,-0.005212,-1.906156,-6.407317,0.784007,-3.424652,3.424652,3.000000,6.455105,-0.004963,0.000607,0.008039,0.000036,0.003930,0.587145,-0.006499,0.528887,0.124398,-0.002233,0.543650,0.039400,0.232367
11.505000,-6.652297,0.016871,-1.909899,-6.269084,0.806091,-3.428395,3.428395,3.000000,6.320696,-0.004959,0.000638,0.007473,0.000686,0.006365,0.587232,-0.006508,0.528958,0.124344,-0.002226,0.543650,0.039400,0.210446
11.516000,-6.271381,0.009012,-2.035393,-5.888168,0.798232,-3.553890,3.553890,3.000000,5.942028,-0.004955,0.000672,0.008477,-0.001413,0.007945,0.587323,-0.006520,0.529045,0.124289,-0.002219,0.543650,0.039400,0.195459
11.527000,-6.144844,0.037796,-2.025231,-5.761632,0.827016,-3.543727,3.543727,3.000000,5.820683,-0.004949,0.000710,0.008233,-0.001679,0.009863,0.587413,-0.006533,0.529151,0.124235,-0.002211,0.543650,0.039400,0.177281
11.538000,-6.177312,0.053341,-2.053624,-5.794099,0.842560,-3.572120,3.572120,3.000000,5.855040,-0.004948,0.000720,0.009067,-0.001293,0.010142,0.587510,-0.006535,0.529259,0.124180,-0.002203,0.543650,0.039400,0.172972
11.549000,-6.350560,0.005992,-2.044091,-5.967348,0.795212,-3.562587,3.562587,3.000000,6.020100,-0.004956,0.000660,0.009715,0.000228,0.010138,0.587613,-0.006535,0.529367,0.124126,-0.002196,0.543650,0.039400,0.171061
11.560000,-6.565384,-0.055358,-2.002843,-6.182172,0.733862,-3.521339,3.521339,3.000000,6.225576,-0.004965,0.000589,0.009346,-0.000438,0.008265,0.587715,-0.006536,0.529472,0.124071,-0.002189,0.543650,0.039400,0.185073
11.571000,-6.640645,-0.093931,-1.940841,-6.257432,0.695288,-3.459337,3.459337,3.000000,6.295942,-0.004969,0.000552,0.008109,-0.000412,0.008996,0.587809,-0.006531,0.529571,0.124017,-0.002183,0.543650,0.039400,0.177078
11.582000,-6.404709,-0.112057,-1.941153,-6.021497,0.677163,-3.459649,3.459649,3.000000,6.059453,-0.004969,0.000559,0.006604,0.000189,0.008429,0.587884,-0.006531,0.529658,0.123962,-0.002177,0.543650,0.039400,0.180332
11.593000,-6.358773,-0.168632,-1.852257,-5.975561,0.620588,-3.370753,3.370753,3.000000,6.007700,-0.004973,0.000516,0.005418,0.000078,0.004748,0.587946,-0.006536,0.529724,0.123907,-0.002171,0.543650,0.039400,0.210363
11.604000,-6.313744,-0.159171,-1.807989,-5.930532,0.630048,-3.326486,3.326486,3.000000,5.963905,-0.004972,0.000528,0.003844,-0.000521,0.005072,0.587993,-0.006544,0.529785,0.123853,-0.002165,0.543650,0.039400,0.206529
11.615000,-6.353500,-0.149824,-1.746061,-5.970287,0.639396,-3.264557,3.264557,3.000000,6.004428,-0.004972,0.000532,0.002943,-0.000335,0.004439,0.588032,-0.006551,0.529830,0.123798,-0.002159,0.543650,0.039400,0.211089
11.626000,-6.228702,-0.199478,-1.891975,-5.845489,0.589742,-3.410472,3.410472,3.000000,5.875163,-0.004975,0.000502,0.001637,0.000015,0.002308,0.588059,-0.006552,0.529860,0.123743,-0.002153,0.543650,0.039400,0.228626
11.637000,-6.238055,-0.180786,-1.912045,-5.854842,0.608434,-3.430541,3.430541,3.000000,5.886372,-0.004973,0.000517,0.000782,-0.000157,0.002732,0.588074,-0.006551,0.529889,0.123689,-0.002148,0.543650,0.039400,0.224498
11.648000,-6.162739,-0.184445,-1.986665,-5.779526,0.604775,-3.505161,3.505161,3.000000,5.811082,-0.004973,0.000520,0.000499,0.000117,0.001201,0.588083,-0.006551,0.529909,0.123634,-0.002142,0.543650,0.039400,0.237140
11.659000,-6.227902,-0.160724,-1.904661,-5.844689,0.628495,-3.423158,3.423158,3.000000,5.878384,-0.004971,0.000535,0.000144,-0.000603,0.000419,0.588087,-0.006551,0.529916,0.123579,-0.002137,0.543650,0.039400,0.243648
11.670000,-6.225708,-0.186311,-1.940588,-5.842495,0.602908,-3.459084,3.459084,3.000000,5.873521,-0.004974,0.000513,0.000201,0.000382,0.000528,0.588088,-0.006553,0.529920,0.123524,-0.002131,0.543650,0.039400,0.242645
11.681000,-6.310535,-0.163626,-1.944644,-5.927322,0.625594,-3.463141,3.463141,3.000000,5.960245,-0.004972,0.000525,0.000263,0.000151,-0.001116,0.588088,-0.006555,0.529917,0.123470,-0.002125,0.543650,0.039400,0.256661
11.692000,-6.285076,-0.107566,-2.086249,-5.901863,0.681653,-3.604745,3.604745,3.000000,5.941097,-0.004967,0.000574,-0.000106,0.000416,0.001385,0.588089,-0.006555,0.529926,0.123415,-0.002119,0.543650,0.039400,0.235277
11.703000,-6.344503,-0.124865,-2.138905,-5.961290,0.664355,-3.657401,3.657401,3.000000,5.998195,-0.004969,0.000554,0.000308,0.000335,0.000226,0.588090,-0.006552,0.529925,0.123360,-0.002113,0.543650,0.039400,0.245114
11.714000,-6.396752,-0.200022,-2.161662,-6.013539,0.589198,-3.680158,3.680158,3.000000,6.042335,-0.004976,0.000488,-0.000026,0.000056,-0.000904,0.588090,-0.006548,0.529923,0.123306,-0.002107,0.543650,0.039400,0.254751
11.725000,-6.463296,-0.228278,-2.150452,-6.080084,0.560942,-3.668949,3.668949,3.000000,6.105905,-0.004979,0.000459,-0.000012,0.000960,0.000151,0.588091,-0.006538,0.529924,0.123251,-0.002102,0.543650,0.039400,0.245784
11.736000,-6.434816,-0.307209,-2.210814,-6.051603,0.482011,-3.729310,3.729310,3.000000,6.070769,-0.004984,0.000397,0.000198,0.000402,-0.000197,0.588093,-0.006536,0.529917,0.123196,-0.002098,0.543650,0.039400,0.248861
11.747000,-6.421707,-0.348714,-2.243032,-6.038495,0.440506,-3.761528,3.761528,3.000000,6.054541,-0.004987,0.000364,0.000310,0.001647,-0.000500,0.588095,-0.006523,0.529913,0.123141,-0.002093,0.543650,0.039400,0.251501
11.758000,-6.519445,-0.336358,-2.196531,-6.136232,0.452861,-3.715027,3.715027,3.000000,6.152920,-0.004986,0.000368,0.000219,-0.000006,-0.001023,0.588096,-0.006522,0.529904,0.123086,-0.002089,0.543650,0.039400,0.256093
11.769000,-6.660083,-0.236907,-2.142507,-6.276870,0.552313,-3.661003,3.661003,3.000000,6.301123,-0.004981,0.000438,0.000153,-0.000529,-0.001152,0.588099,-0.006520,0.529896,0.123032,-0.002085,0.543650,0.039400,0.257339
11.780000,-6.715637,-0.232621,-2.159287,-6.332425,0.556599,-3.677784,3.677784,3.000000,6.356839,-0.004981,0.000438,0.000624,0.000396,-0.000835,0.588104,-0.006519,0.529885,0.122977,-0.002080,0.543650,0.039400,0.254838
11.791000,-6.790940,-0.243750,-2.174431,-6.407728,0.545470,-3.692927,3.692927,3.000000,6.430903,-0.004982,0.000424,0.000389,0.000742,0.000102,0.588109,-0.006518,0.529875,0.122922,-0.002075,0.543650,0.039400,0.247075
11.802000,-6.835955,-0.195999,-2.185850,-6.452743,0.593220,-3.704347,3.704347,3.000000,6.479954,-0.004979,0.000458,0.000044,-0.000331,-0.000346,0.588112,-0.006522,0.529866,0.122867,-0.002070,0.543650,0.039400,0.251048
11.813000,-6.811241,-0.178230,-2.214229,-6.428029,0.610990,-3.732725,3.732725,3.000000,6.457001,-0.004978,0.000473,0.000174,0.000147,0.000054,0.588115,-0.006523,0.529855,0.122813,-0.002065,0.543650,0.039400,0.247848
11.824000,-6.744131,-0.199724,-2.261303,-6.360919,0.589496,-3.779799,3.779799,3.000000,6.388176,-0.004979,0.000461,0.000440,0.000422,-0.001054,0.588119,-0.006522,0.529843,0.122758,-0.002060,0.543650,0.039400,0.257455
11.835000,-6.632337,-0.192880,-2.314512,-6.249125,0.596340,-3.833008,3.833008,3.000000,6.277514,-0.004977,0.000475,0.000139,-0.001017,-0.000159,0.588119,-0.006523,0.529844,0.122703,-0.002055,0.543650,0.039400,0.249843
11.846000,-6.520000,-0.246676,-2.321325,-6.136787,0.542543,-3.839821,3.839821,3.000000,6.160723,-0.004981,0.000440,-0.000032,-0.000633,0.000968,0.588119,-0.006523,0.529845,0.122648,-0.002050,0.543650,0.039400,0.240262
11.857000,-6.382611,-0.258001,-2.345258,-5.999398,0.531219,-3.863754,3.863754,3.000000,6.022871,-0.004981,0.000441,-0.000501,0.000959,0.000047,0.588118,-0.006518,0.529843,0.122593,-0.002045,0.543650,0.039400,0.248116
11.868000,-6.410257,-0.271880,-2.286564,-6.027045,0.517340,-3.805060,3.805060,3.000000,6.049207,-0.004982,0.000428,-0.000087,0.000330,-0.000074,0.588119,-0.006519,0.529843,0.122539,-0.002040,0.543650,0.039400,0.249152
11.879000,-6.353009,-0.191643,-2.231345,-5.969796,0.597577,-3.749841,3.749841,3.000000,5.999631,-0.004975,0.000498,-0.000004,0.001321,-0.000754,0.588119,-0.006517,0.529842,0.122484,-0.002035,0.543650,0.039400,0.254934
11.890000,-6.289599,-0.226534,-2.159367,-5.906387,0.562686,-3.677863,3.677863,3.000000,5.933129,-0.004977,0.000474,-0.000172,0.000246,0.000831,0.588118,-0.006521,0.529843,0.122429,-0.002030,0.543650,0.039400,0.241461
11.901000,-6.185536,-0.236671,-2.150223,-5.802324,0.552549,-3.668719,3.668719,3.000000,5.828573,-0.004977,0.000474,-0.000302,0.000347,0.000912,0.588118,-0.006520,0.529846,0.122374,-0.002025,0.543650,0.039400,0.240727
11.912000,-6.149866,-0.224314,-2.145216,-5.766653,0.564906,-3.663712,3.663712,3.000000,5.794256,-0.004976,0.000487,-0.000113,-0.000705,0.000770,0.588119,-0.006523,0.529846,0.122320,-0.002019,0.543650,0.039400,0.241929
11.923000,-6.231276,-0.211865,-2.089466,-5.848064,0.577355,-3.607963,3.607963,3.000000,5.876495,-0.004976,0.000491,0.000459,0.000477,-0.001871,0.588121,-0.006520,0.529835,0.122265,-0.002014,0.543650,0.039400,0.264535
11.934000,-6.232232,-0.201175,-2.095971,-5.849020,0.588044,-3.614468,3.614468,3.000000,5.878505,-0.004975,0.000500,0.000071,0.000194,0.000510,0.588121,-0.006523,0.529837,0.122210,-0.002008,0.543650,0.039400,0.244303
11.945000,-6.174463,-0.175028,-2.174395,-5.791250,0.614192,-3.692892,3.692892,3.000000,5.823728,-0.004972,0.000527,0.000042,-0.001091,-0.000889,0.588122,-0.006530,0.529833,0.122155,-0.002003,0.543650,0.039400,0.256243
11.956000,-6.304068,-0.029456,-2.150514,-5.920855,0.759764,-3.669011,3.669011,3.000000,5.969402,-0.004959,0.000636,-0.000059,-0.002515,-0.000312,0.588122,-0.006541,0.529829,0.122101,-0.001996,0.543650,0.039400,0.251413
11.967000,-6.303870,0.035838,-2.167199,-5.920657,0.825058,-3.685695,3.685695,3.000000,5.977867,-0.004952,0.000690,0.000050,-0.001406,-0.000347,0.588123,-0.006553,0.529829,0.122046,-0.001989,0.543650,0.039400,0.251711
11.978000,-6.346585,0.095065,-2.131037,-5.963372,0.884284,-3.649533,3.649533,3.000000,6.028579,-0.004946,0.000733,0.000354,-0.000407,-0.001866,0.588122,-0.006567,0.529826,0.121992,-0.001981,0.543650,0.039400,0.264651
11.989000,-6.226292,0.153077,-2.136316,-5.843079,0.942297,-3.654813,3.654813,3.000000,5.918572,-0.004936,0.000796,-0.000262,-0.000950,0.000359,0.588122,-0.006584,0.529830,0.121938,-0.001973,0.543650,0.039400,0.245710
12.000000,-6.198081,0.231117,-2.084540,-5.814869,1.020336,-3.603036,3.603036,3.000000,5.903709,-0.004925,0.000864,-0.000168,-0.000038,0.000182,0.588121,-0.006590,0.529831,0.121883,-0.001963,0.543650,0.039400,0.247187
12.011000,-6.153642,0.370147,-2.051626,-5.770429,1.159367,-3.570122,3.570122,3.000000,5.885744,-0.004902,0.000985,0.000195,-0.000023,0.000121,0.588122,-0.006596,0.529827,0.121829,-0.001953,0.543650,0.039400,0.247773
12.022000,-6.072315,0.374079,-2.066872,-5.689102,1.163299,-3.585368,3.585368,3.000000,5.806819,-0.004899,0.001002,0.000302,0.000254,-0.000417,0.588123,-0.006595,0.529825,0.121775,-0.001942,0.543650,0.039400,0.252378
12.033000,-6.034989,0.451679,-2.045066,-5.651777,1.240899,-3.563563,3.563563,3.000000,5.786399,-0.004884,0.001072,-0.000218,-0.000134,0.000135,0.588123,-0.006594,0.529826,0.121722,-0.001931,0.543650,0.039400,0.247688
12.044000,-6.018441,0.447316,-2.043327,-5.635228,1.236536,-3.561823,3.561823,3.000000,5.769300,-0.004884,0.001072,0.000220,0.000054,-0.000713,0.588124,-0.006589,0.529820,0.121668,-0.001919,0.543650,0.039400,0.254969
12.055000,-6.120773,0.451551,-1.990174,-5.737560,1.240771,-3.508670,3.508670,3.000000,5.870188,-0.004887,0.001057,0.000266,-0.000811,-0.000557,0.588126,-0.006590,0.529814,0.121614,-0.001907,0.543650,0.039400,0.253766
12.066000,-6.178010,0.398637,-1.977587,-5.794798,1.187857,-3.496083,3.496083,3.000000,5.915292,-0.004898,0.001004,0.000151,0.001179,-0.000916,0.588126,-0.006585,0.529809,0.121560,-0.001896,0.543650,0.039400,0.256902
12.077000,-6.116389,0.434436,-2.000916,-5.733176,1.223656,-3.519412,3.519412,3.000000,5.862307,-0.004890,0.001044,-0.000304,-0.000853,0.000943,0.588126,-0.006588,0.529813,0.121507,-0.001885,0.543650,0.039400,0.241063
12.088000,-6.076470,0.405867,-1.996339,-5.693258,1.195087,-3.514835,3.514835,3.000000,5.817337,-0.004893,0.001027,-0.000181,0.001026,0.000290,0.588126,-0.006583,0.529811,0.121453,-0.001873,0.543650,0.039400,0.246639
12.099000,-6.076574,0.455980,-1.988218,-5.693361,1.245199,-3.506714,3.506714,3.000000,5.827940,-0.004885,0.001068,0.000032,0.000024,0.001064,0.588126,-0.006585,0.529810,0.121399,-0.001862,0.543650,0.039400,0.240070
12.110000,-6.080341,0.386104,-1.905841,-5.697128,1.175324,-3.424338,3.424338,3.000000,5.817100,-0.004897,0.001010,0.000217,0.000579,-0.000500,0.588127,-0.006585,0.529809,0.121345,-0.001850,0.543650,0.039400,0.253376
12.121000,-5.946869,0.370688,-1.888128,-5.563656,1.159908,-3.406625,3.406625,3.000000,5.683279,-0.004895,0.001020,0.000080,0.000929,0.001160,0.588126,-0.006581,0.529815,0.121291,-0.001839,0.543650,0.039400,0.239173
12.132000,-5.911357,0.452784,-1.839541,-5.528145,1.242004,-3.358038,3.358038,3.000000,5.665947,-0.004878,0.001096,-0.000034,0.000375,0.000515,0.588126,-0.006582,0.529817,0.121238,-0.001828,0.543650,0.039400,0.244609
12.143000,-5.852002,0.390322,-1.868814,-5.468790,1.179542,-3.387310,3.387310,3.000000,5.594549,-0.004888,0.001054,0.000001,0.000498,-0.000587,0.588126,-0.006582,0.529815,0.121184,-0.001816,0.543650,0.039400,0.254003
12.154000,-5.829982,0.450064,-1.854268,-5.446770,1.239284,-3.372764,3.372764,3.000000,5.585976,-0.004875,0.001109,-0.000366,0.000921,0.001857,0.588125,-0.006582,0.529822,0.121130,-0.001804,0.543650,0.039400,0.233142
12.165000,-5.821270,0.402211,-1.886817,-5.438057,1.191430,-3.405313,3.405313,3.000000,5.567043,-0.004884,0.001070,0.000048,0.000074,0.000082,0.588125,-0.006585,0.529818,0.121076,-0.001792,0.543650,0.039400,0.248275
12.176000,-5.753026,0.347276,-1.941999,-5.369814,1.136496,-3.460495,3.460495,3.000000,5.488763,-0.004892,0.001035,0.000220,0.000413,-0.000025,0.588126,-0.006584,0.529820,0.121023,-0.001780,0.543650,0.039400,0.249135
12.187000,-5.758477,0.379363,-1.928953,-5.375265,1.168583,-3.447449,3.447449,3.000000,5.500823,-0.004886,0.001062,-0.000059,0.000971,0.000633,0.588125,-0.006581,0.529822,0.120969,-0.001769,0.543650,0.039400,0.243518
12.198000,-5.774470,0.349462,-1.909334,-5.391257,1.138682,-3.427830,3.427830,3.000000,5.510195,-0.004892,0.001033,0.000283,0.001346,-0.000738,0.588125,-0.006578,0.529819,0.120915,-0.001757,0.543650,0.039400,0.255214
12.209000,-5.726790,0.312240,-1.939922,-5.343577,1.101460,-3.458418,3.458418,3.000000,5.455917,-0.004897,0.001009,0.000048,0.001082,-0.000722,0.588126,-0.006572,0.529818,0.120861,-0.001746,0.543650,0.039400,0.255081
12.220000,-5.699569,0.290980,-1.956660,-5.316357,1.080200,-3.475156,3.475156,3.000000,5.424986,-0.004900,0.000996,-0.000021,0.001274,0.000615,0.588125,-0.006565,0.529823,0.120807,-0.001735,0.543650,0.039400,0.243665
12.231000,-5.785786,0.251298,-1.907787,-5.402574,1.040518,-3.426283,3.426283,3.000000,5.501862,-0.004910,0.000946,-0.000149,0.000048,0.000431,0.588125,-0.006561,0.529821,0.120753,-0.001724,0.543650,0.039400,0.245252
12.242000,-5.726593,0.227848,-1.967925,-5.343381,1.017068,-3.486421,3.486421,3.000000,5.439314,-0.004912,0.000935,-0.000048,-0.000197,0.000240,0.588126,-0.006556,0.529822,0.120699,-0.001714,0.543650,0.039400,0.246863
12.253000,-5.726436,0.101220,-1.952080,-5.343223,0.890439,-3.470576,3.470576,3.000000,5.416911,-0.004932,0.000822,-0.000219,0.000729,0.000007,0.588125,-0.006547,0.529821,0.120645,-0.001704,0.543650,0.039400,0.248861
12.264000,-5.674797,0.027343,-1.968168,-5.291584,0.816563,-3.486664,3.486664,3.000000,5.354217,-0.004942,0.000763,-0.000422,0.000780,0.000280,0.588124,-0.006539,0.529820,0.120591,-0.001696,0.543650,0.039400,0.246549
12.275000,-5.674881,0.037532,-1.936082,-5.291669,0.826752,-3.454578,3.454578,3.000000,5.355864,-0.004940,0.000772,-0.000052,-0.000088,0.000699,0.588125,-0.006536,0.529823,0.120537,-0.001687,0.543650,0.039400,0.242949
12.286000,-5.682432,0.010400,-1.913009,-5.299220,0.799620,-3.431505,3.431505,3.000000,5.359209,-0.004944,0.000746,-0.000323,0.000573,0.000666,0.588125,-0.006535,0.529821,0.120482,-0.001679,0.543650,0.039400,0.243263
12.297000,-5.692337,-0.057369,-1.916172,-5.309124,0.731851,-3.434668,3.434668,3.000000,5.359329,-0.004953,0.000683,0.000070,-0.001407,-0.001058,0.588125,-0.006539,0.529817,0.120428,-0.001671,0.543650,0.039400,0.257968
12.308000,-5.704462,-0.059495,-1.894997,-5.321249,0.729725,-3.413493,3.413493,3.000000,5.371051,-0.004954,0.000679,0.000253,0.000549,-0.000604,0.588126,-0.006540,0.529814,0.120373,-0.001664,0.543650,0.039400,0.254172
12.319000,-5.662974,-0.049063,-1.870126,-5.279762,0.740157,-3.388623,3.388623,3.000000,5.331390,-0.004952,0.000694,0.000202,0.000733,0.000026,0.588127,-0.006541,0.529812,0.120319,-0.001656,0.543650,0.039400,0.248854
12.330000,-5.663611,-0.050246,-1.834716,-5.280398,0.738973,-3.353213,3.353213,3.000000,5.331856,-0.004952,0.000693,-0.000359,0.000454,0.000013,0.588126,-0.006544,0.529812,0.120264,-0.001649,0.543650,0.039400,0.248965
12.341000,-5.734636,-0.082840,-1.794980,-5.351423,0.706380,-3.313476,3.313476,3.000000,5.397842,-0.004957,0.000654,-0.000010,0.000217,-0.000264,0.588128,-0.006547,0.529806,0.120210,-0.001641,0.543650,0.039400,0.251430
12.352000,-5.910664,-0.044535,-1.712687,-5.527451,0.744685,-3.231183,3.231183,3.000000,5.577389,-0.004955,0.000668,-0.000084,-0.000593,-0.001055,0.588130,-0.006547,0.529793,0.120155,-0.001634,0.543650,0.039400,0.258376
12.363000,-5.868414,-0.042731,-1.706962,-5.485202,0.746489,-3.225459,3.225459,3.000000,5.535764,-0.004954,0.000674,0.000305,-0.001069,0.000039,0.588132,-0.006548,0.529784,0.120101,-0.001627,0.543650,0.039400,0.249240
12.374000,-5.916688,0.031252,-1.668173,-5.533476,0.820472,-3.186670,3.186670,3.000000,5.593972,-0.004946,0.000733,0.000160,0.000429,0.000365,0.588132,-0.006546,0.529782,0.120046,-0.001619,0.543650,0.039400,0.246513
12.385000,-5.834911,-0.057941,-1.592288,-5.451699,0.731279,-3.110785,3.110785,3.000000,5.500526,-0.004956,0.000665,-0.000260,-0.000372,0.000546,0.588133,-0.006549,0.529783,0.119992,-0.001611,0.543650,0.039400,0.244972
12.396000,-5.665877,-0.035197,-1.577319,-5.282664,0.754023,-3.095815,3.095815,3.000000,5.336206,-0.004950,0.000707,-0.000117,0.000391,0.000587,0.588132,-0.006550,0.529784,0.119937,-0.001604,0.543650,0.039400,0.244606
12.407000,-5.612263,0.000263,-1.512027,-5.229051,0.789483,-3.030524,3.030524,3.000000,5.288313,-0.004944,0.000746,-0.000221,-0.001353,-0.001057,0.588131,-0.006559,0.529783,0.119883,-0.001596,0.543650,0.039400,0.258563
12.418000,-5.555154,0.036458,-1.446129,-5.171941,0.825678,-2.964625,2.964625,3.000000,5.237434,-0.004937,0.000788,0.000270,0.000074,-0.000681,0.588132,-0.006556,0.529783,0.119829,-0.001587,0.543650,0.039400,0.255368
12.429000,-5.444108,0.047239,-1.412900,-5.060895,0.836458,-2.931396,2.931396,3.000000,5.129554,-0.004933,0.000815,0.000074,0.000811,-0.000471,0.588132,-0.006555,0.529782,0.119774,-0.001578,0.543650,0.039400,0.253603
12.440000,-5.366975,0.002915,-1.371725,-4.983762,0.792135,-2.890221,2.890221,3.000000,5.046322,-0.004938,0.000785,0.000065,0.000864,0.000280,0.588132,-0.006553,0.529786,0.119720,-0.001569,0.543650,0.039400,0.247170
12.451000,-5.333486,0.093230,-1.339806,-4.950273,0.882450,-2.858303,2.858303,3.000000,5.028312,-0.004922,0.000877,0.000201,-0.000989,0.000100,0.588132,-0.006554,0.529784,0.119666,-0.001560,0.543650,0.039400,0.248727
12.462000,-5.236850,0.098529,-1.338077,-4.853637,0.887749,-2.856573,2.856573,3.000000,4.934156,-0.004918,0.000900,0.000317,-0.000419,-0.000592,0.588133,-0.006554,0.529785,0.119612,-0.001550,0.543650,0.039400,0.254576
12.473000,-5.210821,0.125195,-1.378250,-4.827608,0.914414,-2.896746,2.896746,3.000000,4.913447,-0.004913,0.000931,-0.000131,-0.001027,0.001009,0.588131,-0.006555,0.529787,0.119558,-0.001540,0.543650,0.039400,0.240954
12.484000,-5.284326,0.103662,-1.319669,-4.901114,0.892882,-2.838165,2.838165,3.000000,4.981782,-0.004919,0.000896,0.000312,-0.000194,-0.001719,0.588132,-0.006558,0.529782,0.119504,-0.001530,0.543650,0.039400,0.264205
12.495000,-5.214438,0.151123,-1.341084,-4.831225,0.940342,-2.859580,2.859580,3.000000,4.921888,-0.004908,0.000955,-0.000110,-0.001685,0.001137,0.588132,-0.006570,0.529788,0.119450,-0.001520,0.543650,0.039400,0.239856
12.506000,-5.137561,0.203930,-1.398303,-4.754348,0.993150,-2.916799,2.916799,3.000000,4.856971,-0.004894,0.001022,-0.000029,-0.001108,0.000181,0.588131,-0.006579,0.529792,0.119396,-0.001509,0.543650,0.039400,0.247893
12.517000,-5.184776,0.262989,-1.399945,-4.801563,1.052208,-2.918441,2.918441,3.000000,4.915501,-0.004884,0.001070,-0.000319,-0.001148,0.000084,0.588131,-0.006585,0.529791,0.119342,-0.001498,0.543650,0.039400,0.248736
12.528000,-5.193477,0.276714,-1.367030,-4.810264,1.065933,-2.885526,2.885526,3.000000,4.926952,-0.004882,0.001082,0.000543,-0.000115,-0.000804,0.588132,-0.006583,0.529791,0.119288,-0.001486,0.543650,0.039400,0.256288
12.539000,-5.133894,0.248585,-1.435838,-4.750681,1.037805,-2.954335,2.954335,3.000000,4.862716,-0.004885,0.001067,-0.000173,-0.001246,0.000442,0.588130,-0.006585,0.529796,0.119234,-0.001474,0.543650,0.039400,0.245617
12.550000,-5.030222,0.313615,-1.589228,-4.647010,1.102835,-3.107724,3.107724,3.000000,4.776080,-0.004865,0.001155,-0.000057,0.000727,0.000015,0.588130,-0.006579,0.529805,0.119181,-0.001462,0.543650,0.039400,0.249070
12.561000,-5.154793,0.318123,-1.621178,-4.771580,1.107343,-3.139675,3.139675,3.000000,4.898386,-0.004871,0.001130,0.000263,0.000690,-0.000384,0.588130,-0.006576,0.529811,0.119127,-0.001449,0.543650,0.039400,0.252345
12.572000,-5.199145,0.372053,-1.730060,-4.815932,1.161272,-3.248556,3.248556,3.000000,4.953964,-0.004861,0.001172,-0.000063,0.000803,-0.000505,0.588128,-0.006575,0.529817,0.119074,-0.001436,0.543650,0.039400,0.253264
12.583000,-5.149382,0.364244,-1.836972,-4.766169,1.153464,-3.355468,3.355468,3.000000,4.903758,-0.004860,0.001176,-0.000311,-0.000089,0.000726,0.588127,-0.006578,0.529827,0.119020,-0.001423,0.543650,0.039400,0.242647
12.594000,-5.116612,0.316092,-1.915116,-4.733400,1.105312,-3.433612,3.433612,3.000000,4.860739,-0.004869,0.001137,-0.000230,0.000869,0.000678,0.588128,-0.006576,0.529833,0.118967,-0.001411,0.543650,0.039400,0.242950
12.605000,-5.102319,0.310972,-1.964549,-4.719106,1.100191,-3.483046,3.483046,3.000000,4.845656,-0.004869,0.001135,-0.000090,0.000776,0.000896,0.588128,-0.006574,0.529841,0.118913,-0.001398,0.543650,0.039400,0.240940
12.616000,-5.029434,0.333448,-1.994964,-4.646221,1.122668,-3.513460,3.513460,3.000000,4.779932,-0.004860,0.001174,-0.000074,0.000254,0.000861,0.588128,-0.006572,0.529844,0.118860,-0.001386,0.543650,0.039400,0.241196
12.627000,-4.918104,0.342402,-2.097692,-4.534891,1.131622,-3.616188,3.616188,3.000000,4.673950,-0.004851,0.001211,0.000231,-0.000410,0.000781,0.588129,-0.006568,0.529849,0.118806,-0.001372,0.543650,0.039400,0.241781
12.638000,-4.901819,0.295791,-2.045111,-4.518606,1.085011,-3.563608,3.563608,3.000000,4.647048,-0.004862,0.001167,0.000401,0.001771,-0.001462,0.588129,-0.006561,0.529847,0.118753,-0.001359,0.543650,0.039400,0.260852
12.649000,-4.873313,0.212101,-1.961461,-4.490100,1.001321,-3.479958,3.479958,3.000000,4.600396,-0.004880,0.001088,-0.000509,0.000074,0.000103,0.588128,-0.006565,0.529848,0.118699,-0.001347,0.543650,0.039400,0.247558
12.660000,-4.732011,0.277885,-1.937597,-4.348798,1.067104,-3.456093,3.456093,3.000000,4.477807,-0.004856,0.001192,0.000350,0.001557,-0.000720,0.588130,-0.006559,0.529845,0.118646,-0.001334,0.543650,0.039400,0.254585
12.671000,-4.604899,0.251794,-1.909815,-4.221686,1.041014,-3.428311,3.428311,3.000000,4.348143,-0.004855,0.001197,0.000291,0.000519,-0.000224,0.588130,-0.006564,0.529844,0.118592,-0.001321,0.543650,0.039400,0.250391
12.682000,-4.564774,0.162834,-1.852056,-4.181561,0.952054,-3.370553,3.370553,3.000000,4.288573,-0.004875,0.001110,-0.000333,-0.000783,-0.000950,0.588129,-0.006566,0.529844,0.118539,-0.001309,0.543650,0.039400,0.256566
12.693000,-4.553242,0.126271,-1.816561,-4.170029,0.915491,-3.335057,3.335057,3.000000,4.269340,-0.004884,0.001072,0.000188,0.001854,-0.001133,0.588130,-0.006558,0.529840,0.118485,-0.001297,0.543650,0.039400,0.258188
12.704000,-4.490072,0.116284,-1.841901,-4.106859,0.905503,-3.360398,3.360398,3.000000,4.205500,-0.004883,0.001077,-0.000298,0.000559,0.000447,0.588130,-0.006560,0.529844,0.118431,-0.001285,0.543650,0.039400,0.244712
12.715000,-4.468699,0.090353,-1.852353,-4.085486,0.879573,-3.370849,3.370849,3.000000,4.179096,-0.004888,0.001052,-0.000188,0.001604,0.001259,0.588130,-0.006552,0.529846,0.118378,-0.001273,0.543650,0.039400,0.237779
12.726000,-4.470317,0.046743,-1.819603,-4.087105,0.835963,-3.338099,3.338099,3.000000,4.171721,-0.004899,0.001002,-0.000074,-0.000599,-0.000734,0.588129,-0.006552,0.529840,0.118324,-0.001262,0.543650,0.039400,0.254790
12.737000,-4.487084,0.054028,-1.773006,-4.103871,0.843247,-3.291502,3.291502,3.000000,4.189609,-0.004898,0.001006,0.000175,-0.000529,-0.000546,0.588131,-0.006545,0.529841,0.118270,-0.001251,0.543650,0.039400,0.253180
12.748000,-4.453185,0.061272,-1.806653,-4.069972,0.850491,-3.325149,3.325149,3.000000,4.157885,-0.004894,0.001023,-0.000209,0.000065,0.000158,0.588129,-0.006549,0.529846,0.118216,-0.001240,0.543650,0.039400,0.247119
12.759000,-4.492983,0.033477,-1.772861,-4.109770,0.822697,-3.291358,3.291358,3.000000,4.191305,-0.004903,0.000981,-0.000060,0.000444,0.000374,0.588128,-0.006553,0.529847,0.118162,-0.001229,0.543650,0.039400,0.245282
12.770000,-4.421308,-0.008077,-1.797036,-4.038095,0.781143,-3.315533,3.315533,3.000000,4.112955,-0.004909,0.000950,0.000073,-0.001277,0.000445,0.588129,-0.006555,0.529850,0.118108,-0.001219,0.543650,0.039400,0.244618
12.781000,-4.483602,0.002355,-1.735986,-4.100390,0.791575,-3.254482,3.254482,3.000000,4.176097,-0.004909,0.000948,-0.000229,0.000934,-0.001472,0.588129,-0.006555,0.529846,0.118054,-0.001208,0.543650,0.039400,0.260949
12.792000,-4.421742,0.012230,-1.775213,-4.038529,0.801450,-3.293710,3.293710,3.000000,4.117285,-0.004904,0.000973,-0.000063,0.000075,-0.000351,0.588129,-0.006553,0.529848,0.118000,-0.001197,0.543650,0.039400,0.251411
12.803000,-4.415452,0.016174,-1.761574,-4.032240,0.805394,-3.280071,3.280071,3.000000,4.111887,-0.004903,0.000979,-0.000371,0.000630,0.000005,0.588129,-0.006551,0.529848,0.117946,-0.001186,0.543650,0.039400,0.248376
12.814000,-4.370268,-0.023192,-1.800741,-3.987056,0.766027,-3.319237,3.319237,3.000000,4.059977,-0.004910,0.000943,0.000034,-0.000385,0.001171,0.588130,-0.006551,0.529849,0.117892,-0.001176,0.543650,0.039400,0.238467
12.825000,-4.400360,0.015891,-1.778639,-4.017147,0.805111,-3.297136,3.297136,3.000000,4.097032,-0.004903,0.000983,0.000006,0.000589,0.000598,0.588130,-0.006548,0.529848,0.117838,-0.001165,0.543650,0.039400,0.243350
12.836000,-4.382323,-0.044757,-1.743641,-3.999110,0.744463,-3.262137,3.262137,3.000000,4.067813,-0.004916,0.000915,0.000014,-0.001813,-0.000448,0.588130,-0.006556,0.529843,0.117784,-0.001155,0.543650,0.039400,0.252311
12.847000,-4.431656,0.094583,-1.723582,-4.048443,0.883802,-3.242078,3.242078,3.000000,4.143790,-0.004885,0.001066,0.000245,-0.000260,-0.000972,0.588131,-0.006555,0.529841,0.117731,-0.001144,0.543650,0.039400,0.256802
12.858000,-4.392226,0.038818,-1.754511,-4.009013,0.828038,-3.273008,3.273008,3.000000,4.093633,-0.004897,0.001011,0.000013,0.000477,-0.000192,0.588129,-0.006560,0.529845,0.117677,-0.001132,0.543650,0.039400,0.250112
12.869000,-4.351602,0.035691,-1.774718,-3.968389,0.824911,-3.293214,3.293214,3.000000,4.053220,-0.004895,0.001018,0.000189,-0.000441,-0.000626,0.588130,-0.006566,0.529843,0.117623,-0.001121,0.543650,0.039400,0.253820
12.880000,-4.371391,0.076864,-1.737539,-3.988179,0.866083,-3.256036,3.256036,3.000000,4.081136,-0.004886,0.001061,0.000263,-0.000241,-0.000337,0.588130,-0.006566,0.529848,0.117569,-0.001110,0.543650,0.039400,0.251292
12.891000,-4.401816,0.063537,-1.750829,-4.018603,0.852757,-3.269325,3.269325,3.000000,4.108085,-0.004891,0.001038,-0.000010,-0.000310,0.001525,0.588128,-0.006564,0.529854,0.117515,-0.001098,0.543650,0.039400,0.235385
12.902000,-4.334575,0.084197,-1.807231,-3.951362,0.873416,-3.325727,3.325727,3.000000,4.046742,-0.004882,0.001079,0.000053,-0.000554,0.000321,0.588128,-0.006561,0.529855,0.117462,-0.001087,0.543650,0.039400,0.245585
12.913000,-4.192920,0.044669,-1.861040,-3.809707,0.833888,-3.379537,3.379537,3.000000,3.899902,-0.004884,0.001069,-0.000428,0.000391,0.000430,0.588126,-0.006553,0.529862,0.117408,-0.001075,0.543650,0.039400,0.244524
12.924000,-4.144374,0.082271,-1.828963,-3.761162,0.871491,-3.347459,3.347459,3.000000,3.860808,-0.004871,0.001129,-0.000073,0.000616,0.000635,0.588125,-0.006547,0.529870,0.117354,-0.001063,0.543650,0.039400,0.242650
12.935000,-3.989951,0.109491,-1.842948,-3.606739,0.898711,-3.361444,3.361444,3.000000,3.717021,-0.004852,0.001209,-0.000124,-0.001575,0.000852,0.588124,-0.006553,0.529879,0.117301,-0.001050,0.543650,0.039400,0.240628
12.946000,-3.845640,0.016341,-1.870425,-3.462428,0.805561,-3.388921,3.388921,3.000000,3.554903,-0.004870,0.001133,-0.000163,-0.000328,0.000439,0.588124,-0.006552,0.529888,0.117247,-0.001037,0.543650,0.039400,0.243974
12.957000,-3.734846,-0.043303,-1.837059,-3.351633,0.745917,-3.355556,3.355556,3.000000,3.433633,-0.004881,0.001086,0.000086,-0.000349,-0.000104,0.588125,-0.006556,0.529890,0.117194,-0.001025,0.543650,0.039400,0.248553
12.968000,-3.682785,-0.025097,-1.752604,-3.299573,0.764122,-3.271100,3.271100,3.000000,3.386896,-0.004871,0.001128,0.000160,0.000204,0.000842,0.588127,-0.006556,0.529896,0.117140,-0.001012,0.543650,0.039400,0.240426
12.979000,-3.540840,-0.002199,-1.745801,-3.157627,0.787020,-3.264297,3.264297,3.000000,3.254230,-0.004852,0.001209,0.000027,0.000460,0.000580,0.588129,-0.006556,0.529898,0.117087,-0.000999,0.543650,0.039400,0.242594
12.990000,-3.511382,-0.016450,-1.664248,-3.128169,0.772770,-3.182744,3.182744,3.000000,3.222207,-0.004854,0.001199,0.000039,-0.000762,-0.000321,0.588129,-0.006559,0.529897,0.117033,-0.000986,0.543650,0.039400,0.250261
13.001000,-3.454420,-0.058667,-1.632201,-3.071207,0.730552,-3.150697,3.150697,3.000000,3.156901,-0.004864,0.001157,-0.000249,0.001359,0.000602,0.588129,-0.006552,0.529896,0.116980,-0.000973,0.543650,0.039400,0.242458
13.012000,-3.456496,0.025861,-1.540483,-3.073283,0.815080,-3.058979,3.058979,3.000000,3.179532,-0.004833,0.001282,0.000447,-0.000042,-0.000765,0.588131,-0.006556,0.529891,0.116926,-0.000959,0.543650,0.039400,0.254140
13.023000,-3.447435,0.063453,-1.463323,-3.064223,0.852673,-2.981819,2.981819,3.000000,3.180646,-0.004817,0.001340,0.000040,-0.001441,0.000038,0.588131,-0.006558,0.529890,0.116873,-0.000945,0.543650,0.039400,0.247343
13.034000,-3.349461,0.094552,-1.468212,-2.966249,0.883772,-2.986708,2.986708,3.000000,3.095106,-0.004792,0.001428,0.000054,-0.000568,-0.000105,0.588131,-0.006555,0.529892,0.116821,-0.000929,0.543650,0.039400,0.248525
13.045000,-3.274789,-0.010887,-1.457504,-2.891576,0.778333,-2.976000,2.976000,3.000000,2.994498,-0.004828,0.001300,0.000203,0.000218,-0.000634,0.588130,-0.006559,0.529891,0.116768,-0.000914,0.543650,0.039400,0.253032
13.056000,-3.299444,0.016325,-1.418950,-2.916231,0.805545,-2.937446,2.937446,3.000000,3.025443,-0.004820,0.001331,-0.000025,0.000033,0.000833,0.588130,-0.006559,0.529897,0.116715,-0.000900,0.543650,0.039400,0.240479
13.067000,-3.234566,0.033622,-1.415861,-2.851353,0.822842,-2.934357,2.934357,3.000000,2.967707,-0.004804,0.001386,-0.000151,-0.000129,-0.000015,0.588130,-0.006562,0.529896,0.116662,-0.000885,0.543650,0.039400,0.247694
13.078000,-3.187701,0.017805,-1.497151,-2.804488,0.807025,-3.015648,3.015648,3.000000,2.918295,-0.004805,0.001383,-0.000238,0.001129,0.000708,0.588130,-0.006558,0.529904,0.116609,-0.000870,0.543650,0.039400,0.241407
13.089000,-3.302082,0.020695,-1.523400,-2.918870,0.809915,-3.041896,3.041896,3.000000,3.029152,-0.004818,0.001337,0.000438,-0.000658,-0.000592,0.588131,-0.006560,0.529904,0.116556,-0.000855,0.543650,0.039400,0.252446
13.100000,-3.357135,0.069591,-1.566827,-2.973922,0.858810,-3.085323,3.085323,3.000000,3.095443,-0.004804,0.001387,-0.000122,-0.001087,-0.000245,0.588130,-0.006559,0.529906,0.116503,-0.000840,0.543650,0.039400,0.249465
13.111000,-3.356012,0.016360,-1.556374,-2.972800,0.805580,-3.074870,3.074870,3.000000,3.080016,-0.004826,0.001308,-0.000010,0.000823,0.000340,0.588130,-0.006558,0.529910,0.116450,-0.000825,0.543650,0.039400,0.244428
13.122000,-3.343151,0.052068,-1.603592,-2.959939,0.841288,-3.122089,3.122089,3.000000,3.077175,-0.004810,0.001367,-0.000036,0.001151,-0.000044,0.588131,-0.006558,0.529912,0.116397,-0.000811,0.543650,0.039400,0.247639
13.133000,-3.302093,0.076559,-1.610582,-2.918880,0.865779,-3.129079,3.129079,3.000000,3.044575,-0.004794,0.001422,-0.000368,-0.000074,0.000446,0.588131,-0.006560,0.529914,0.116344,-0.000795,0.543650,0.039400,0.243453
13.144000,-3.311406,0.083061,-1.559063,-2.928194,0.872281,-3.077559,3.077559,3.000000,3.055355,-0.004792,0.001427,-0.000536,0.000328,0.000490,0.588131,-0.006559,0.529911,0.116291,-0.000780,0.543650,0.039400,0.243134
13.155000,-3.265736,0.055843,-1.545080,-2.882524,0.845063,-3.063576,3.063576,3.000000,3.003843,-0.004798,0.001407,0.000114,0.001213,0.000479,0.588132,-0.006555,0.529912,0.116239,-0.000765,0.543650,0.039400,0.243218
13.166000,-3.286585,0.067382,-1.533448,-2.903373,0.856601,-3.051944,3.051944,3.000000,3.027101,-0.004796,0.001415,-0.000051,0.000234,0.000168,0.588132,-0.006555,0.529911,0.116186,-0.000749,0.543650,0.039400,0.245877
13.177000,-3.233155,-0.015879,-1.541288,-2.849942,0.773341,-3.059785,3.059785,3.000000,2.953003,-0.004825,0.001309,-0.000410,0.000243,0.000622,0.588132,-0.006556,0.529911,0.116133,-0.000734,0.543650,0.039400,0.242008
13.188000,-3.205657,0.000738,-1.506150,-2.822444,0.789957,-3.024646,3.024646,3.000000,2.930909,-0.004815,0.001348,0.000179,0.000392,0.000124,0.588133,-0.006556,0.529913,0.116080,-0.000719,0.543650,0.039400,0.246207
13.199000,-3.259602,0.023534,-1.463713,-2.876390,0.812753,-2.982209,2.982209,3.000000,2.989011,-0.004812,0.001360,0.000174,-0.000300,-0.000186,0.588133,-0.006559,0.529913,0.116027,-0.000705,0.543650,0.039400,0.248839
13.210000,-3.288168,0.056196,-1.480580,-2.904956,0.845416,-2.999077,2.999077,3.000000,3.025475,-0.004801,0.001397,-0.000062,0.000863,0.000818,0.588133,-0.006556,0.529919,0.115974,-0.000689,0.543650,0.039400,0.240211
13.221000,-3.229025,-0.018548,-1.578762,-2.845813,0.770672,-3.097258,3.097258,3.000000,2.948319,-0.004826,0.001307,-0.000066,-0.000906,0.000644,0.588132,-0.006561,0.529923,0.115921,-0.000674,0.543650,0.039400,0.241613
13.232000,-3.246996,-0.009177,-1.657609,-2.863784,0.780043,-3.176106,3.176106,3.000000,2.968118,-0.004824,0.001314,-0.000138,-0.000153,0.001923,0.588132,-0.006558,0.529932,0.115868,-0.000660,0.543650,0.039400,0.230601
13.243000,-3.212069,0.007253,-1.748930,-2.828856,0.796473,-3.267427,3.267427,3.000000,2.938843,-0.004813,0.001355,-0.000060,0.000799,0.001333,0.588132,-0.006551,0.529946,0.115815,-0.000645,0.543650,0.039400,0.235347
13.254000,-3.284571,-0.056463,-1.777292,-2.901358,0.732757,-3.295788,3.295788,3.000000,2.992459,-0.004848,0.001224,0.000704,0.001226,0.002521,0.588138,-0.006540,0.529969,0.115762,-0.000631,0.543650,0.039400,0.224867
13.265000,-3.193510,-0.185566,-1.905771,-2.810297,0.603653,-3.424268,3.424268,3.000000,2.874399,-0.004888,0.001050,0.000685,0.000952,0.003432,0.588146,-0.006528,0.530001,0.115708,-0.000618,0.543650,0.039400,0.216553
13.276000,-3.083951,-0.238984,-1.994875,-2.700738,0.550236,-3.513372,3.513372,3.000000,2.756220,-0.004899,0.000998,0.000896,0.000814,0.003911,0.588155,-0.006516,0.530044,0.115655,-0.000607,0.543650,0.039400,0.211720
13.287000,-3.131490,-0.297115,-2.068557,-2.748277,0.492105,-3.587054,3.587054,3.000000,2.791988,-0.004922,0.000881,0.001029,0.000165,0.003766,0.588167,-0.006513,0.530092,0.115601,-0.000597,0.543650,0.039400,0.212080
13.298000,-3.187349,-0.233771,-2.026501,-2.804136,0.555449,-3.544998,3.544998,3.000000,2.858619,-0.004905,0.000972,0.000888,0.000662,0.004750,0.588179,-0.006507,0.530148,0.115547,-0.000587,0.543650,0.039400,0.202711
13.309000,-3.115465,-0.257990,-2.055688,-2.732252,0.531229,-3.574185,3.574185,3.000000,2.783416,-0.004908,0.000954,0.001133,-0.000363,0.005694,0.588192,-0.006507,0.530212,0.115493,-0.000576,0.543650,0.039400,0.193569
13.320000,-3.196108,-0.273429,-2.067202,-2.812895,0.515790,-3.585698,3.585698,3.000000,2.859794,-0.004918,0.000902,0.001166,-0.000016,0.005722,0.588205,-0.006509,0.530272,0.115439,-0.000566,0.543650,0.039400,0.192235
13.331000,-3.113160,-0.289618,-2.107844,-2.729947,0.499602,-3.626340,3.626340,3.000000,2.775286,-0.004918,0.000900,0.001485,0.000868,0.006302,0.588219,-0.006506,0.530338,0.115384,-0.000556,0.543650,0.039400,0.186146
13.342000,-3.145069,-0.349107,-2.118073,-2.761856,0.440113,-3.636569,3.636569,3.000000,2.796703,-0.004938,0.000787,0.001513,-0.000626,0.007009,0.588232,-0.006505,0.530412,0.115330,-0.000546,0.543650,0.039400,0.178794
13.353000,-3.081879,-0.329885,-2.115305,-2.698666,0.459335,-3.633801,3.633801,3.000000,2.737478,-0.004929,0.000839,0.001877,0.000046,0.006436,0.588248,-0.006502,0.530481,0.115276,-0.000537,0.543650,0.039400,0.182425
13.364000,-2.982284,-0.398249,-2.058797,-2.599071,0.390971,-3.577294,3.577294,3.000000,2.628313,-0.004944,0.000744,0.001910,0.000440,0.007453,0.588265,-0.006499,0.530560,0.115222,-0.000529,0.543650,0.039400,0.172367
13.375000,-2.880857,-0.357174,-2.058913,-2.497645,0.432046,-3.577409,3.577409,3.000000,2.534737,-0.004927,0.000852,0.001536,-0.000513,0.007262,0.588282,-0.006502,0.530637,0.115167,-0.000520,0.543650,0.039400,0.172605
13.386000,-2.931252,-0.318729,-1.948452,-2.548040,0.470491,-3.466948,3.466948,3.000000,2.591113,-0.004917,0.000908,0.001539,-0.000337,0.007343,0.588298,-0.006507,0.530710,0.115113,-0.000510,0.543650,0.039400,0.170609
13.397000,-2.825530,-0.359879,-1.985935,-2.442317,0.429341,-3.504432,3.504432,3.000000,2.479767,-0.004924,0.000866,0.001264,-0.000980,0.006634,0.588313,-0.006517,0.530778,0.115059,-0.000500,0.543650,0.039400,0.175399
13.408000,-2.871129,-0.281343,-1.848670,-2.487916,0.507877,-3.367166,3.367166,3.000000,2.539225,-0.004899,0.001000,0.001456,-0.001064,0.004866,0.588327,-0.006522,0.530834,0.115005,-0.000490,0.543650,0.039400,0.189389
13.419000,-2.876623,-0.147204,-1.689507,-2.493411,0.642016,-3.208004,3.208004,3.000000,2.574739,-0.004842,0.001247,0.000972,-0.000532,0.005400,0.588338,-0.006525,0.530885,0.114952,-0.000477,0.543650,0.039400,0.183939
13.430000,-2.820652,-0.245755,-1.654635,-2.437439,0.543465,-3.173132,3.173132,3.000000,2.497291,-0.004880,0.001088,0.001020,0.001701,0.002994,0.588347,-0.006523,0.530919,0.114898,-0.000464,0.543650,0.039400,0.203753
13.441000,-2.780867,-0.232154,-1.584165,-2.397655,0.557066,-3.102661,3.102661,3.000000,2.461518,-0.004870,0.001132,0.000918,0.000433,0.002419,0.588354,-0.006520,0.530948,0.114844,-0.000453,0.543650,0.039400,0.208099
13.452000,-2.721534,-0.174755,-1.546736,-2.338321,0.614465,-3.065232,3.065232,3.000000,2.417708,-0.004836,0.001271,0.000188,0.000775,0.003895,0.588359,-0.006511,0.530976,0.114791,-0.000439,0.543650,0.039400,0.195084
13.463000,-2.704091,-0.282487,-1.504476,-2.320878,0.506733,-3.022973,3.022973,3.000000,2.375554,-0.004885,0.001067,0.000167,0.001516,0.000407,0.588363,-0.006501,0.530986,0.114738,-0.000426,0.543650,0.039400,0.224499
13.474000,-2.753891,-0.327977,-1.466451,-2.370679,0.461243,-2.984948,2.984948,3.000000,2.415132,-0.004908,0.000955,0.000218,0.000622,0.000570,0.588365,-0.006491,0.530998,0.114684,-0.000415,0.543650,0.039400,0.222892
13.485000,-2.756726,-0.390467,-1.506465,-2.373514,0.398753,-3.024961,3.024961,3.000000,2.406776,-0.004931,0.000828,0.000420,0.000770,0.002146,0.588367,-0.006481,0.531013,0.114630,-0.000405,0.543650,0.039400,0.209242
13.496000,-2.715286,-0.406693,-1.574712,-2.332073,0.382527,-3.093208,3.093208,3.000000,2.363237,-0.004934,0.000809,-0.000121,0.001585,0.001340,0.588369,-0.006470,0.531019,0.114576,-0.000396,0.543650,0.039400,0.215984
13.507000,-2.677558,-0.407189,-1.637418,-2.294346,0.382030,-3.155915,3.155915,3.000000,2.325934,-0.004932,0.000821,-0.000242,0.000512,0.001785,0.588371,-0.006462,0.531032,0.114521,-0.000387,0.543650,0.039400,0.211973
13.518000,-2.700087,-0.388360,-1.721861,-2.316874,0.400859,-3.240357,3.240357,3.000000,2.351297,-0.004927,0.000852,-0.000063,0.001489,0.001371,0.588373,-0.006454,0.531046,0.114467,-0.000378,0.543650,0.039400,0.215229
13.529000,-2.776359,-0.445929,-1.719684,-2.393147,0.343291,-3.238180,3.238180,3.000000,2.417644,-0.004949,0.000710,0.000070,0.001770,0.000849,0.588377,-0.006445,0.531064,0.114413,-0.000370,0.543650,0.039400,0.219343
13.540000,-2.743525,-0.403154,-1.703175,-2.360313,0.386066,-3.221671,3.221671,3.000000,2.391678,-0.004934,0.000807,0.000593,-0.000851,0.000800,0.588381,-0.006441,0.531082,0.114358,-0.000362,0.543650,0.039400,0.219432
13.551000,-2.681944,-0.330849,-1.737194,-2.298731,0.458371,-3.255690,3.255690,3.000000,2.343986,-0.004903,0.000978,0.000731,-0.000041,0.002304,0.588384,-0.006434,0.531101,0.114304,-0.000351,0.543650,0.039400,0.206324
13.562000,-2.552528,-0.446875,-1.721907,-2.169315,0.342345,-3.240403,3.240403,3.000000,2.196162,-0.004939,0.000779,-0.000041,0.000078,0.000468,0.588386,-0.006428,0.531111,0.114250,-0.000342,0.543650,0.039400,0.221717
13.573000,-2.544313,-0.359092,-1.655062,-2.161100,0.430128,-3.173559,3.173559,3.000000,2.203489,-0.004904,0.000976,-0.000046,-0.000100,0.000294,0.588390,-0.006426,0.531120,0.114196,-0.000332,0.543650,0.039400,0.223031
13.584000,-2.517973,-0.331734,-1.587326,-2.134760,0.457486,-3.105822,3.105822,3.000000,2.183230,-0.004889,0.001048,-0.000128,-0.000161,0.000882,0.588390,-0.006426,0.531128,0.114142,-0.000321,0.543650,0.039400,0.217910
13.595000,-2.441969,-0.310525,-1.566661,-2.058757,0.478694,-3.085157,3.085157,3.000000,2.113676,-0.004870,0.001132,-0.000189,0.000678,0.000222,0.588392,-0.006427,0.531127,0.114088,-0.000308,0.543650,0.039400,0.223516
13.606000,-2.458093,-0.328945,-1.508946,-2.074881,0.460275,-3.027442,3.027442,3.000000,2.125320,-0.004881,0.001083,0.000206,0.000353,-0.000227,0.588392,-0.006430,0.531125,0.114035,-0.000296,0.543650,0.039400,0.227358
13.617000,-2.415157,-0.327742,-1.447388,-2.031944,0.461478,-2.965884,2.965884,3.000000,2.083689,-0.004876,0.001107,0.000237,-0.000110,-0.000140,0.588391,-0.006432,0.531124,0.113981,-0.000285,0.543650,0.039400,0.226646
13.628000,-2.383864,-0.302481,-1.423911,-2.000651,0.486738,-2.942408,2.942408,3.000000,2.059009,-0.004858,0.001182,-0.000225,0.000265,0.000644,0.588391,-0.006431,0.531128,0.113928,-0.000272,0.543650,0.039400,0.219926
13.639000,-2.289564,-0.355798,-1.412159,-1.906352,0.433422,-2.930655,2.930655,3.000000,1.955002,-0.004876,0.001108,-0.000016,0.000028,0.000870,0.588392,-0.006430,0.531127,0.113874,-0.000260,0.543650,0.039400,0.218013
13.650000,-2.298523,-0.323756,-1.376456,-1.915311,0.465463,-2.894952,2.894952,3.000000,1.971058,-0.004859,0.001181,-0.000007,-0.001671,-0.000929,0.588391,-0.006432,0.531122,0.113820,-0.000247,0.543650,0.039400,0.233375
13.661000,-2.271030,-0.343260,-1.374521,-1.887817,0.445960,-2.893017,2.893017,3.000000,1.939777,-0.004866,0.001150,-0.000568,-0.000075,0.001241,0.588390,-0.006424,0.531127,0.113767,-0.000234,0.543650,0.039400,0.214869
13.672000,-2.153896,-0.368875,-1.407286,-1.770683,0.420345,-2.925782,2.925782,3.000000,1.819893,-0.004865,0.001155,0.000248,-0.000064,0.000191,0.588391,-0.006418,0.531127,0.113713,-0.000221,0.543650,0.039400,0.223792
13.683000,-2.158035,-0.399779,-1.406689,-1.774823,0.389440,-2.925185,2.925185,3.000000,1.817047,-0.004884,0.001072,-0.000040,0.001033,0.001291,0.588391,-0.006411,0.531132,0.113660,-0.000209,0.543650,0.039400,0.214365
13.694000,-2.261844,-0.482316,-1.422263,-1.878631,0.306904,-2.940760,2.940760,3.000000,1.903535,-0.004935,0.000806,0.000011,0.000482,0.000118,0.588392,-0.006398,0.531137,0.113606,-0.000199,0.543650,0.039400,0.224231
13.705000,-2.324296,-0.493638,-1.484755,-1.941084,0.295582,-3.003251,3.003251,3.000000,1.963460,-0.004943,0.000753,-0.000025,0.000998,-0.000813,0.588392,-0.006381,0.531138,0.113551,-0.000191,0.543650,0.039400,0.232108
13.716000,-2.344183,-0.546153,-1.498793,-1.960970,0.243066,-3.017289,3.017289,3.000000,1.975977,-0.004962,0.000615,-0.000170,0.002919,0.000236,0.588391,-0.006358,0.531142,0.113497,-0.000183,0.543650,0.039400,0.223133
13.727000,-2.286462,-0.550631,-1.530142,-1.903249,0.238589,-3.048639,3.048639,3.000000,1.918145,-0.004961,0.000622,-0.000204,0.001885,0.000486,0.588391,-0.006342,0.531148,0.113442,-0.000177,0.543650,0.039400,0.220907
13.738000,-2.264314,-0.504554,-1.564077,-1.881101,0.284666,-3.082573,3.082573,3.000000,1.902518,-0.004944,0.000748,-0.000032,0.001844,0.000789,0.588391,-0.006326,0.531150,0.113388,-0.000169,0.543650,0.039400,0.218288
13.749000,-2.170685,-0.509400,-1.586117,-1.787472,0.279820,-3.104614,3.104614,3.000000,1.809242,-0.004940,0.000773,0.000286,0.001666,-0.000105,0.588392,-0.006312,0.531154,0.113333,-0.000161,0.543650,0.039400,0.225806
13.760000,-2.194373,-0.428176,-1.531631,-1.811160,0.361044,-3.050127,3.050127,3.000000,1.846796,-0.004904,0.000977,0.000998,0.000168,-0.000799,0.588393,-0.006305,0.531153,0.113279,-0.000152,0.543650,0.039400,0.231709
13.771000,-2.157709,-0.398783,-1.519160,-1.774497,0.390437,-3.037656,3.037656,3.000000,1.816942,-0.004883,0.001074,0.000123,0.000295,0.000188,0.588392,-0.006300,0.531152,0.113226,-0.000140,0.543650,0.039400,0.223364
13.782000,-2.160776,-0.371911,-1.490947,-1.777564,0.417309,-3.009443,3.009443,3.000000,1.825892,-0.004868,0.001143,0.000293,-0.000897,0.000021,0.588392,-0.006300,0.531151,0.113172,-0.000128,0.543650,0.039400,0.224788
13.793000,-2.116912,-0.316314,-1.470648,-1.733699,0.472906,-2.989145,2.989145,3.000000,1.797040,-0.004824,0.001316,-0.000253,-0.000849,-0.000099,0.588391,-0.006301,0.531150,0.113119,-0.000114,0.543650,0.039400,0.225833
13.804000,-2.138937,-0.373960,-1.460496,-1.755724,0.415259,-2.978993,2.978993,3.000000,1.804164,-0.004866,0.001151,-0.000560,0.000719,0.000060,0.588391,-0.006299,0.531147,0.113065,-0.000101,0.543650,0.039400,0.224548
13.815000,-2.082200,-0.351571,-1.451257,-1.698987,0.437649,-2.969754,2.969754,3.000000,1.754450,-0.004842,0.001247,0.000195,0.000570,-0.001211,0.588393,-0.006300,0.531145,0.113012,-0.000088,0.543650,0.039400,0.235352
13.826000,-2.153254,-0.300602,-1.396231,-1.770041,0.488618,-2.914728,2.914728,3.000000,1.836244,-0.004820,0.001330,-0.000101,-0.000248,-0.001016,0.588393,-0.006307,0.531144,0.112959,-0.000074,0.543650,0.039400,0.233708
13.837000,-2.196150,-0.254465,-1.405392,-1.812938,0.534755,-2.923888,2.923888,3.000000,1.890160,-0.004796,0.001415,-0.000086,-0.002006,-0.000602,0.588393,-0.006317,0.531145,0.112906,-0.000059,0.543650,0.039400,0.230187
13.848000,-2.184029,-0.210950,-1.413870,-1.800816,0.578269,-2.932366,2.932366,3.000000,1.891384,-0.004761,0.001529,0.000262,-0.000241,0.000343,0.588393,-0.006322,0.531147,0.112853,-0.000042,0.543650,0.039400,0.222143
13.859000,-2.239078,-0.174703,-1.415489,-1.855866,0.614516,-2.933986,2.933986,3.000000,1.954960,-0.004747,0.001572,0.000215,-0.000645,-0.000324,0.588393,-0.006329,0.531146,0.112801,-0.000025,0.543650,0.039400,0.227817
13.870000,-2.224519,-0.078015,-1.393215,-1.841306,0.711205,-2.911711,2.911711,3.000000,1.973885,-0.004664,0.001802,-0.000282,-0.000333,-0.000019,0.588391,-0.006333,0.531148,0.112749,-0.000006,0.543650,0.039400,0.225190
13.881000,-2.196510,-0.043907,-1.398837,-1.813298,0.745313,-2.917334,2.917334,3.000000,1.960495,-0.004625,0.001901,-0.000499,-0.000085,-0.000512,0.588391,-0.006336,0.531146,0.112698,0.000014,0.543650,0.039400,0.229404
13.892000,-2.160232,-0.025306,-1.416402,-1.777019,0.763914,-2.934898,2.934898,3.000000,1.934260,-0.004594,0.001975,0.000314,0.000775,-0.001027,0.588393,-0.006338,0.531145,0.112648,0.000035,0.543650,0.039400,0.233796
13.903000,-2.165526,0.056459,-1.400987,-1.782314,0.845679,-2.919484,2.919484,3.000000,1.972768,-0.004517,0.002143,0.000271,-0.000408,0.000068,0.588392,-0.006339,0.531147,0.112597,0.000058,0.543650,0.039400,0.224475
13.914000,-2.138585,0.079348,-1.401354,-1.755372,0.868568,-2.919851,2.919851,3.000000,1.958505,-0.004481,0.002217,0.000086,0.000398,-0.000054,0.588392,-0.006337,0.531150,0.112548,0.000082,0.543650,0.039400,0.225454
13.925000,-2.087155,0.054139,-1.418645,-1.703942,0.843359,-2.937141,2.937141,3.000000,1.901229,-0.004481,0.002218,-0.000188,0.001089,-0.000141,0.588392,-0.006334,0.531148,0.112499,0.000106,0.543650,0.039400,0.226211
13.936000,-2.168859,0.059654,-1.377769,-1.785647,0.848873,-2.896265,2.896265,3.000000,1.977150,-0.004516,0.002147,0.000523,0.000558,-0.001260,0.588393,-0.006334,0.531146,0.112449,0.000131,0.543650,0.039400,0.235750
13.947000,-2.168821,0.125784,-1.380296,-1.785609,0.915004,-2.898792,2.898792,3.000000,2.006397,-0.004450,0.002280,0.000030,-0.000385,-0.000985,0.588392,-0.006332,0.531146,0.112400,0.000155,0.543650,0.039400,0.233414
13.958000,-2.074210,0.011615,-1.435949,-1.690997,0.800834,-2.954445,2.954445,3.000000,1.871045,-0.004519,0.002140,0.000188,0.001093,-0.000897,0.588392,-0.006324,0.531146,0.112351,0.000179,0.543650,0.039400,0.232673
13.969000,-2.102873,-0.018878,-1.370954,-1.719661,0.770341,-2.889450,2.889450,3.000000,1.884319,-0.004563,0.002044,-0.000209,0.000164,0.000368,0.588392,-0.006319,0.531149,0.112301,0.000202,0.543650,0.039400,0.221887
13.980000,-2.072199,-0.015400,-1.391758,-1.688986,0.773820,-2.910255,2.910255,3.000000,1.857814,-0.004546,0.002083,0.000170,-0.000561,-0.000445,0.588392,-0.006315,0.531148,0.112250,0.000225,0.543650,0.039400,0.228807
13.991000,-2.122894,-0.063258,-1.357813,-1.739681,0.725962,-2.876309,2.876309,3.000000,1.885076,-0.004614,0.001926,-0.000209,-0.000837,0.000353,0.588391,-0.006311,0.531150,0.112200,0.000247,0.543650,0.039400,0.221992
14.002000,-2.133234,-0.120037,-1.331278,-1.750021,0.669183,-2.849775,2.849775,3.000000,1.873601,-0.004670,0.001786,-0.000176,0.000142,-0.000324,0.588391,-0.006304,0.531150,0.112149,0.000268,0.543650,0.039400,0.227748
14.013000,-2.127830,-0.130868,-1.365225,-1.744617,0.658352,-2.883721,2.883721,3.000000,1.864703,-0.004678,0.001765,-0.000174,0.000018,-0.000819,0.588392,-0.006303,0.531147,0.112098,0.000287,0.543650,0.039400,0.232003
14.024000,-2.084107,-0.149394,-1.395583,-1.700895,0.639826,-2.914080,2.914080,3.000000,1.817256,-0.004680,0.001760,-0.000348,0.000728,-0.000699,0.588391,-0.006299,0.531148,0.112046,0.000306,0.543650,0.039400,0.230961
14.035000,-2.078468,-0.147297,-1.383782,-1.695256,0.641923,-2.902278,2.902278,3.000000,1.812721,-0.004676,0.001771,0.000315,-0.000153,-0.000806,0.588392,-0.006304,0.531150,0.111995,0.000326,0.543650,0.039400,0.231824
14.046000,-2.085160,-0.238301,-1.351176,-1.701947,0.550919,-2.869673,2.869673,3.000000,1.788892,-0.004757,0.001540,0.000053,-0.000632,-0.000316,0.588391,-0.006305,0.531151,0.111943,0.000344,0.543650,0.039400,0.227651
14.057000,-2.043341,-0.203474,-1.381232,-1.660128,0.585745,-2.899728,2.899728,3.000000,1.760432,-0.004715,0.001664,0.000095,0.000232,0.000479,0.588391,-0.006303,0.531152,0.111891,0.000362,0.543650,0.039400,0.220890
14.068000,-1.978705,-0.217745,-1.436396,-1.595492,0.571475,-2.954892,2.954892,3.000000,1.694750,-0.004707,0.001686,-0.000132,-0.001115,-0.000810,0.588391,-0.006308,0.531149,0.111839,0.000381,0.543650,0.039400,0.231879
14.079000,-2.123050,-0.237718,-1.408413,-1.739837,0.551502,-2.926909,2.926909,3.000000,1.825154,-0.004766,0.001511,-0.000149,0.000846,-0.000094,0.588392,-0.006304,0.531153,0.111787,0.000399,0.543650,0.039400,0.225729
14.090000,-2.136118,-0.251550,-1.486935,-1.752905,0.537669,-3.005431,3.005431,3.000000,1.833512,-0.004780,0.001466,0.000002,0.000582,0.000110,0.588392,-0.006304,0.531155,0.111735,0.000415,0.543650,0.039400,0.223960
14.101000,-2.132827,-0.245093,-1.612947,-1.749615,0.544126,-3.131444,3.131444,3.000000,1.832273,-0.004774,0.001485,0.000619,-0.000391,-0.000298,0.588394,-0.006306,0.531157,0.111682,0.000431,0.543650,0.039400,0.227387
14.112000,-2.243832,-0.273730,-1.673750,-1.860619,0.515490,-3.192247,3.192247,3.000000,1.930708,-0.004818,0.001335,-0.000012,0.000326,0.001863,0.588393,-0.006300,0.531170,0.111629,0.000447,0.543650,0.039400,0.208822
14.123000,-2.286754,-0.230066,-1.772385,-1.903542,0.559154,-3.290882,3.290882,3.000000,1.983967,-0.004797,0.001409,0.000215,-0.000772,0.001229,0.588392,-0.006300,0.531182,0.111576,0.000461,0.543650,0.039400,0.213989
14.134000,-2.276949,-0.239024,-1.877239,-1.893736,0.550195,-3.395735,3.395735,3.000000,1.972042,-0.004801,0.001395,0.000151,0.000182,0.001627,0.588392,-0.006295,0.531200,0.111524,0.000477,0.543650,0.039400,0.210283
14.145000,-2.143309,-0.300649,-2.007431,-1.760096,0.488571,-3.525927,3.525927,3.000000,1.826647,-0.004818,0.001337,-0.000032,0.001702,0.003547,0.588392,-0.006293,0.531234,0.111470,0.000491,0.543650,0.039400,0.193382
14.156000,-2.042517,-0.253728,-2.114444,-1.659305,0.535492,-3.632940,3.632940,3.000000,1.743572,-0.004758,0.001536,0.000787,-0.000971,0.004143,0.588399,-0.006299,0.531280,0.111418,0.000506,0.543650,0.039400,0.187500
14.167000,-1.897110,-0.315614,-2.157533,-1.513898,0.473606,-3.676029,3.676029,3.000000,1.586250,-0.004772,0.001493,0.000334,-0.000233,0.005195,0.588403,-0.006298,0.531345,0.111365,0.000524,0.543650,0.039400,0.177411
14.178000,-1.871738,-0.330246,-2.215361,-1.488526,0.458973,-3.733857,3.733857,3.000000,1.557680,-0.004778,0.001473,0.000973,0.000406,0.008262,0.588409,-0.006297,0.531426,0.111313,0.000540,0.543650,0.039400,0.149912
14.189000,-1.918879,-0.390016,-2.316900,-1.535667,0.399204,-3.835396,3.835396,3.000000,1.586706,-0.004839,0.001258,0.000682,0.000625,0.008219,0.588416,-0.006298,0.531507,0.111260,0.000555,0.543650,0.039400,0.148816
14.200000,-2.189993,-0.356211,-2.245315,-1.806781,0.433009,-3.763811,3.763811,3.000000,1.857943,-0.004862,0.001165,0.001221,-0.000528,0.007770,0.588430,-0.006299,0.531590,0.111207,0.000568,0.543650,0.039400,0.151137
14.211000,-2.197622,-0.253956,-2.328848,-1.814409,0.535264,-3.847345,3.847345,3.000000,1.891715,-0.004796,0.001415,0.001658,0.000851,0.009708,0.588449,-0.006297,0.531687,0.111153,0.000582,0.543650,0.039400,0.132951
14.222000,-2.083944,-0.246970,-2.380973,-1.700732,0.542249,-3.899470,3.899470,3.000000,1.785083,-0.004764,0.001519,0.001681,0.000271,0.008998,0.588467,-0.006303,0.531793,0.111101,0.000599,0.543650,0.039400,0.137069
14.233000,-2.021214,-0.289514,-2.395616,-1.638002,0.499706,-3.914112,3.914112,3.000000,1.712529,-0.004782,0.001459,0.002358,0.000746,0.009933,0.588491,-0.006305,0.531917,0.111048,0.000615,0.543650,0.039400,0.126895
14.244000,-2.013712,-0.237013,-2.372526,-1.630500,0.552207,-3.891022,3.891022,3.000000,1.721471,-0.004736,0.001604,0.002288,0.001449,0.013750,0.588518,-0.006306,0.532063,0.110996,0.000632,0.543650,0.039400,0.091895
14.255000,-1.857416,-0.264945,-2.418355,-1.474204,0.524275,-3.936851,3.936851,3.000000,1.564654,-0.004711,0.001675,0.003673,-0.000334,0.013916,0.588553,-0.006313,0.532217,0.110944,0.000650,0.543650,0.039400,0.087695
14.266000,-1.798950,-0.184214,-2.387401,-1.415737,0.605006,-3.905898,3.905898,3.000000,1.539592,-0.004598,0.001965,0.004004,0.000009,0.016174,0.588592,-0.006314,0.532394,0.110893,0.000670,0.543650,0.039400,0.065359
14.277000,-1.695877,-0.228102,-2.355096,-1.312665,0.561117,-3.873592,3.873592,3.000000,1.427565,-0.004598,0.001965,0.003578,0.000579,0.018047,0.588633,-0.006316,0.532586,0.110842,0.000692,0.543650,0.039400,0.046009
14.288000,-1.636652,-0.346068,-2.293739,-1.253439,0.443151,-3.812235,3.812235,3.000000,1.329471,-0.004714,0.001667,0.004291,0.000096,0.019598,0.588681,-0.006315,0.532793,0.110791,0.000710,0.543650,0.039400,0.029126
14.299000,-1.573082,-0.208877,-2.181160,-1.189870,0.580342,-3.699657,3.699657,3.000000,1.323853,-0.004494,0.002192,0.004053,-0.001081,0.018860,0.588727,-0.006318,0.533006,0.110740,0.000732,0.543650,0.039400,0.031556
14.310000,-1.582602,-0.222590,-1.965041,-1.199390,0.566630,-3.483537,3.483537,3.000000,1.326501,-0.004521,0.002136,0.003959,-0.000094,0.019281,0.588774,-0.006321,0.533217,0.110691,0.000757,0.543650,0.039400,0.024174
14.321000,-1.505102,-0.295560,-1.846304,-1.121890,0.493660,-3.364801,3.364801,3.000000,1.225699,-0.004577,0.002014,0.004564,-0.001625,0.018331,0.588823,-0.006327,0.533426,0.110641,0.000779,0.543650,0.039400,0.028470
14.332000,-1.523954,-0.271993,-1.647074,-1.140741,0.517227,-3.165571,3.165571,3.000000,1.252523,-0.004554,0.002065,0.004295,-0.000797,0.018871,0.588868,-0.006332,0.533636,0.110591,0.000802,0.543650,0.039400,0.020128
14.343000,-1.449374,-0.229158,-1.488201,-1.066161,0.560062,-3.006698,3.006698,3.000000,1.204313,-0.004426,0.002325,0.004107,-0.000407,0.017470,0.588912,-0.006335,0.533833,0.110541,0.000826,0.543650,0.039400,0.028461
14.354000,-1.366741,-0.260490,-1.242432,-0.983528,0.528730,-2.760928,2.760928,3.000000,1.116639,-0.004404,0.002368,0.004527,-0.001176,0.017579,0.588957,-0.006338,0.534042,0.110493,0.000852,0.543650,0.039400,0.023774
14.365000,-1.087164,-0.226882,-1.189208,-0.703951,0.562337,-2.707704,2.707704,3.000000,0.900983,0.000000,0.000000,0.004205,-0.000028,0.021348,0.589005,-0.006343,0.534264,0.110463,0.000870,0.543650,0.039400,-0.012209
