time,raw_fx,raw_fy,raw_fz,corrected_fx,corrected_fy,corrected_fz,contact_force,target_force,force_xy_norm,v_des_x,v_des_y,v_x,v_y,z_dot,x,y,z,x_d,y_d,z_d,z_offset,f_z
0.000000,8.168753,-0.770734,3.382757,3.569758,0.205694,-0.453834,0.453834,3.000000,3.575679,0.004992,0.000288,0.000021,0.001692,-0.000155,0.588990,-0.006333,0.534498,0.589028,-0.006338,0.534529,0.000000,0.001860
0.010000,8.036991,-0.744454,3.418552,3.437996,0.231974,-0.418039,0.418039,3.000000,3.445813,0.004989,0.000337,-0.000544,-0.000308,-0.001826,0.588988,-0.006338,0.534490,0.589077,-0.006335,0.534529,0.000000,0.016201
0.020000,7.868974,-0.766205,3.398240,3.269979,0.210223,-0.438352,0.438352,3.000000,3.276730,0.004990,0.000321,-0.000334,0.000679,-0.001818,0.588984,-0.006333,0.534482,0.589127,-0.006332,0.534529,0.000000,0.016263
0.030000,7.717425,-0.773682,3.412128,3.118430,0.202746,-0.424463,0.424463,3.000000,3.125014,0.004989,0.000324,-0.001673,-0.000273,0.000085,0.588968,-0.006334,0.534482,0.589177,-0.006329,0.534529,0.000000,0.000121
0.040000,7.530139,-0.727430,3.471313,2.931143,0.248998,-0.365278,0.365278,3.000000,2.941700,0.004982,0.000423,-0.002735,-0.001051,-0.001003,0.588945,-0.006335,0.534472,0.589227,-0.006325,0.534529,0.000000,0.009536
0.050000,7.387258,-0.698860,3.435181,2.788263,0.277568,-0.401411,0.401411,3.000000,2.802045,0.004975,0.000495,-0.002985,-0.000038,0.000069,0.588918,-0.006334,0.534467,0.589277,-0.006321,0.534529,0.000000,0.000536
0.060000,7.077085,-0.695943,3.502881,2.478090,0.280485,-0.333711,0.333711,3.000000,2.493913,0.004968,0.000562,-0.001941,0.000122,-0.001959,0.588895,-0.006330,0.534456,0.589327,-0.006316,0.534529,0.000000,0.017933
0.070000,6.919166,-0.650302,3.492606,2.320171,0.326126,-0.343986,0.343986,3.000000,2.342980,0.004951,0.000696,-0.002268,0.000537,0.000683,0.588870,-0.006328,0.534456,0.589376,-0.006309,0.534529,0.000000,-0.004495
0.080000,6.782769,-0.641938,3.494096,2.183773,0.334490,-0.342495,0.342495,3.000000,2.209242,0.004942,0.000757,-0.002076,0.000750,-0.001384,0.588849,-0.006328,0.534442,0.589426,-0.006302,0.534529,0.000000,0.013307
0.090000,6.645948,-0.658220,3.511304,2.046953,0.318208,-0.325287,0.325287,3.000000,2.071539,0.004941,0.000768,-0.001509,0.000717,0.000509,0.588832,-0.006329,0.534441,0.589475,-0.006294,0.534529,0.000000,-0.002734
0.100000,6.620110,-0.602052,3.500419,2.021115,0.374376,-0.336173,0.336173,3.000000,2.055495,0.004916,0.000911,-0.001066,-0.000933,0.000013,0.588817,-0.006335,0.534441,0.589524,-0.006286,0.534529,0.000000,0.001464
0.110000,6.563392,-0.574011,3.548783,1.964397,0.402417,-0.287808,0.287808,3.000000,2.005192,0.004898,0.001003,-0.000634,0.000391,-0.000845,0.588807,-0.006330,0.534438,0.589573,-0.006276,0.534529,0.000000,0.008803
0.120000,6.575187,-0.595556,3.568313,1.976192,0.380872,-0.268278,0.268278,3.000000,2.012560,0.004910,0.000946,-0.000921,-0.000022,0.000822,0.588796,-0.006329,0.534440,0.589622,-0.006267,0.534529,0.000000,-0.005386
0.131000,6.563590,-0.560213,3.600343,1.964595,0.416215,-0.236249,0.236249,3.000000,2.008200,0.004891,0.001036,-0.000308,0.000537,0.000396,0.588788,-0.006327,0.534441,0.589676,-0.006255,0.534529,0.000000,-0.001783
0.141000,6.567261,-0.535695,3.622239,1.968265,0.440733,-0.214352,0.214352,3.000000,2.017006,0.004879,0.001093,-0.000654,-0.000392,0.000634,0.588781,-0.006324,0.534442,0.589725,-0.006245,0.534529,0.000000,-0.003825
0.151000,6.650620,-0.533632,3.601868,2.051624,0.442796,-0.234724,0.234724,3.000000,2.098864,0.004887,0.001055,-0.000760,0.000303,0.001099,0.588776,-0.006324,0.534443,0.589774,-0.006234,0.534529,0.000000,-0.007783
0.161000,6.655835,-0.515294,3.607946,2.056840,0.461134,-0.228645,0.228645,3.000000,2.107898,0.004879,0.001094,-0.000601,0.000417,0.000972,0.588771,-0.006320,0.534448,0.589823,-0.006224,0.534529,0.000000,-0.006802
0.171000,6.644882,-0.542150,3.638840,2.045886,0.434279,-0.197751,0.197751,3.000000,2.091471,0.004891,0.001038,-0.000517,-0.000546,0.001181,0.588767,-0.006325,0.534453,0.589872,-0.006213,0.534529,0.000000,-0.008652
0.181000,6.705543,-0.610000,3.618460,2.106547,0.366429,-0.218132,0.218132,3.000000,2.138180,0.004926,0.000857,-0.000126,-0.000067,0.001505,0.588764,-0.006325,0.534462,0.589921,-0.006204,0.534529,0.000000,-0.011564
0.191000,6.726371,-0.552103,3.630956,2.127376,0.424326,-0.205635,0.205635,3.000000,2.169281,0.004903,0.000978,-0.000828,0.000574,0.001303,0.588758,-0.006324,0.534470,0.589970,-0.006194,0.534529,0.000000,-0.010003
0.201000,6.899118,-0.526782,3.539372,2.300123,0.449646,-0.297219,0.297219,3.000000,2.343661,0.004907,0.000959,-0.000540,-0.000274,0.002443,0.588752,-0.006325,0.534487,0.590019,-0.006185,0.534529,0.000000,-0.019991
0.211000,6.847611,-0.570027,3.581948,2.248616,0.406401,-0.254643,0.254643,3.000000,2.285046,0.004920,0.000889,-0.000904,-0.000178,0.001340,0.588744,-0.006323,0.534501,0.590068,-0.006176,0.534529,0.000000,-0.010869
0.221000,6.855895,-0.574773,3.601585,2.256900,0.401655,-0.235006,0.235006,3.000000,2.292362,0.004923,0.000876,-0.000640,0.000746,0.001545,0.588736,-0.006322,0.534521,0.590117,-0.006167,0.534529,0.000000,-0.012969
0.231000,6.849214,-0.590971,3.601135,2.250219,0.385457,-0.235456,0.235456,3.000000,2.282994,0.004928,0.000844,-0.001021,-0.000245,0.002599,0.588728,-0.006322,0.534542,0.590167,-0.006158,0.534529,0.000000,-0.022296
0.241000,6.842573,-0.541207,3.616643,2.243578,0.435221,-0.219948,0.219948,3.000000,2.285401,0.004908,0.000952,-0.000570,0.000350,0.002395,0.588719,-0.006321,0.534563,0.590216,-0.006149,0.534529,0.000000,-0.020934
0.252000,6.889315,-0.567244,3.647901,2.290320,0.409184,-0.188691,0.188691,3.000000,2.326585,0.004922,0.000879,-0.001114,-0.001218,0.003094,0.588707,-0.006319,0.534594,0.590270,-0.006139,0.534529,0.000000,-0.027421
0.262000,7.061457,-0.559313,3.546440,2.462462,0.417115,-0.290152,0.290152,3.000000,2.497540,0.004930,0.000835,-0.001381,0.000438,0.003158,0.588694,-0.006314,0.534628,0.590319,-0.006130,0.534529,0.000000,-0.028584
0.272000,7.114065,-0.623803,3.538854,2.515069,0.352625,-0.297738,0.297738,3.000000,2.539669,0.004952,0.000694,-0.001495,-0.001072,0.003098,0.588677,-0.006314,0.534670,0.590369,-0.006123,0.534529,0.000000,-0.028826
0.282000,7.148921,-0.622147,3.556709,2.549926,0.354281,-0.279883,0.279883,3.000000,2.574420,0.004952,0.000688,-0.001825,0.000514,0.004624,0.588660,-0.006310,0.534721,0.590418,-0.006116,0.534529,0.000000,-0.042698
0.292000,7.168824,-0.618519,3.521072,2.569829,0.357909,-0.315519,0.315519,3.000000,2.594633,0.004952,0.000690,-0.001411,0.001806,0.004475,0.588642,-0.006309,0.534768,0.590468,-0.006109,0.534529,0.000000,-0.042272
0.302000,7.188693,-0.609427,3.527422,2.589698,0.367001,-0.309170,0.309170,3.000000,2.615574,0.004951,0.000702,-0.002111,-0.000888,0.004532,0.588623,-0.006313,0.534817,0.590517,-0.006103,0.534529,0.000000,-0.043650
0.312000,7.198511,-0.588079,3.582680,2.599516,0.388349,-0.253911,0.253911,3.000000,2.628364,0.004945,0.000739,-0.001731,-0.000580,0.005014,0.588604,-0.006312,0.534871,0.590567,-0.006095,0.534529,0.000000,-0.048711
0.322000,7.261517,-0.542098,3.617062,2.662522,0.434330,-0.219529,0.219529,3.000000,2.697715,0.004935,0.000805,-0.002305,-0.000505,0.005463,0.588584,-0.006309,0.534924,0.590616,-0.006087,0.534529,0.000000,-0.053474
0.332000,7.453221,-0.585157,3.609091,2.854226,0.391271,-0.227500,0.227500,3.000000,2.880919,0.004954,0.000679,-0.002353,0.000136,0.006637,0.588561,-0.006308,0.534988,0.590666,-0.006080,0.534529,0.000000,-0.064579
0.342000,7.635528,-0.669510,3.679069,3.036533,0.306918,-0.157522,0.157522,3.000000,3.052004,0.004975,0.000503,-0.002645,0.000697,0.006198,0.588535,-0.006306,0.535051,0.590715,-0.006074,0.534529,0.000000,-0.061999
0.352000,7.676764,-0.619858,3.803591,3.077768,0.356570,-0.033000,0.033000,3.000000,3.098355,0.004967,0.000575,-0.002784,0.000476,0.006998,0.588508,-0.006305,0.535125,0.590765,-0.006069,0.534529,0.000000,-0.070111
0.362000,7.909689,-0.599271,3.804505,3.310694,0.377157,-0.032087,0.032087,3.000000,3.332107,0.004968,0.000566,-0.002855,0.001037,0.008037,0.588481,-0.006299,0.535201,0.590815,-0.006063,0.534529,0.000000,-0.080294
0.372000,7.872068,-0.550736,3.940777,3.273073,0.425692,0.104185,0.000000,3.000000,3.300640,0.004958,0.000645,-0.002889,-0.000307,0.008145,0.588453,-0.006300,0.535281,0.590864,-0.006057,0.534529,0.000000,-0.082653
0.382000,7.959999,-0.532680,3.962972,3.361004,0.443748,0.126381,0.000000,3.000000,3.390171,0.004957,0.000654,-0.002394,-0.000254,0.007455,0.588426,-0.006301,0.535359,0.590914,-0.006050,0.534529,0.000000,-0.078210
0.392000,7.981992,-0.478501,4.002204,3.382997,0.497927,0.165612,0.000000,3.000000,3.419444,0.004947,0.000728,-0.002895,-0.000391,0.008381,0.588395,-0.006306,0.535443,0.590963,-0.006043,0.534529,0.000000,-0.087570
0.402000,8.149259,-0.416002,4.022300,3.550263,0.560426,0.185709,0.000000,3.000000,3.594224,0.004939,0.000780,-0.003563,-0.000859,0.007959,0.588362,-0.006312,0.535527,0.591013,-0.006035,0.534529,0.000000,-0.085507
0.412000,8.241875,-0.376407,4.136738,3.642880,0.600021,0.300146,0.000000,3.000000,3.691964,0.004934,0.000813,-0.003554,-0.000712,0.010041,0.588328,-0.006316,0.535624,0.591062,-0.006027,0.534529,0.000000,-0.104923
0.422000,8.415317,-0.351935,4.161589,3.816322,0.624493,0.324998,0.000000,3.000000,3.867080,0.004934,0.000807,-0.003656,-0.000486,0.009511,0.588292,-0.006322,0.535715,0.591111,-0.006019,0.534529,0.000000,-0.102057
0.432000,8.539310,-0.249407,4.282403,3.940314,0.727021,0.445812,0.000000,3.000000,4.006824,0.004917,0.000907,-0.004238,-0.000509,0.010498,0.588253,-0.006327,0.535809,0.591161,-0.006011,0.534529,0.000000,-0.112125
0.442000,8.746397,-0.230268,4.379514,4.147402,0.746160,0.542922,0.000000,3.000000,4.213988,0.004921,0.000885,-0.004250,-0.001134,0.009370,0.588208,-0.006327,0.535906,0.591210,-0.006002,0.534529,0.000000,-0.104295
0.452000,8.871895,-0.207675,4.490486,4.272899,0.768753,0.653895,0.000000,3.000000,4.341503,0.004921,0.000885,-0.005793,0.001232,0.009456,0.588154,-0.006318,0.535998,0.591259,-0.005993,0.534529,0.000000,-0.106686
0.462000,8.815607,-0.210172,4.669719,4.216612,0.766256,0.833128,0.000000,3.000000,4.285670,0.004919,0.000894,-0.006189,0.001884,0.007256,0.588096,-0.006311,0.536072,0.591308,-0.005984,0.534529,0.000000,-0.089354
0.472000,8.857958,-0.150570,4.788735,4.258963,0.825858,0.952144,0.000000,3.000000,4.338295,0.004909,0.000952,-0.006416,0.000948,0.006735,0.588032,-0.006306,0.536146,0.591357,-0.005975,0.534529,0.000000,-0.086263
0.482000,8.969461,-0.104641,4.878978,4.370466,0.871787,1.042387,0.000000,3.000000,4.456567,0.004903,0.000978,-0.007726,0.000637,0.006059,0.587960,-0.006299,0.536204,0.591406,-0.005965,0.534529,0.000000,-0.081574
0.492000,9.147666,-0.123510,4.908788,4.548670,0.852918,1.072196,0.000000,3.000000,4.627945,0.004914,0.000921,-0.010779,0.000414,0.005901,0.587858,-0.006295,0.536265,0.591455,-0.005956,0.534529,0.000000,-0.081321
0.503000,9.220960,-0.054704,4.955626,4.621965,0.921724,1.119035,0.000000,3.000000,4.712975,0.004903,0.000978,-0.010633,0.000289,0.006128,0.587740,-0.006292,0.536323,0.591510,-0.005945,0.534529,0.000000,-0.084293
0.513000,9.282436,0.041963,4.947271,4.683441,1.018391,1.110680,0.000000,3.000000,4.792884,0.004886,0.001062,-0.010571,-0.000917,0.005576,0.587632,-0.006297,0.536376,0.591558,-0.005935,0.534529,0.000000,-0.080561
0.523000,9.276754,0.137547,4.948034,4.677759,1.113975,1.111443,0.000000,3.000000,4.808573,0.004864,0.001158,-0.011355,0.000004,0.004491,0.587524,-0.006297,0.536420,0.591607,-0.005924,0.534529,0.000000,-0.072157
0.533000,9.365487,0.116501,4.993777,4.766492,1.092929,1.157185,0.000000,3.000000,4.890188,0.004874,0.001117,-0.011808,0.001037,0.004753,0.587409,-0.006294,0.536461,0.591656,-0.005912,0.534529,0.000000,-0.075107
0.543000,9.450288,0.098040,5.057444,4.851293,1.074468,1.220853,0.000000,3.000000,4.968855,0.004882,0.001081,-0.013130,-0.000361,0.002776,0.587282,-0.006295,0.536485,0.591705,-0.005902,0.534529,0.000000,-0.058764
0.553000,9.493053,0.141256,5.092974,4.894057,1.117684,1.256382,0.000000,3.000000,5.020061,0.004874,0.001113,-0.013923,0.001360,0.002324,0.587145,-0.006287,0.536503,0.591753,-0.005890,0.534529,0.000000,-0.055247
0.563000,9.656744,0.154745,5.033811,5.057749,1.131173,1.197220,0.000000,3.000000,5.182700,0.004879,0.001091,-0.015473,0.000756,0.002737,0.586995,-0.006285,0.536519,0.591802,-0.005880,0.534529,0.000000,-0.059047
0.573000,9.877353,0.097944,5.011481,5.278357,1.074372,1.174889,0.000000,3.000000,5.386588,0.004900,0.000997,-0.016978,0.001510,0.000370,0.586831,-0.006276,0.536524,0.591851,-0.005869,0.534529,0.000000,-0.039059
0.583000,9.985594,0.176030,5.001666,5.386599,1.152458,1.165075,0.000000,3.000000,5.508504,0.004889,0.001046,-0.018222,0.000416,-0.000460,0.586651,-0.006274,0.536529,0.591900,-0.005859,0.534529,0.000000,-0.032109
0.593000,9.856269,0.275001,4.990064,5.257274,1.251429,1.153472,0.000000,3.000000,5.404166,0.004864,0.001158,-0.018795,0.000569,-0.001354,0.586464,-0.006278,0.536516,0.591949,-0.005848,0.534529,0.000000,-0.024276
0.603000,9.565310,0.207900,4.964312,4.966315,1.184328,1.127721,0.000000,3.000000,5.105577,0.004864,0.001160,-0.020152,-0.000736,-0.005014,0.586263,-0.006286,0.536473,0.591997,-0.005836,0.534529,0.000000,0.007552
0.613000,9.416741,0.261543,4.844414,4.817746,1.237971,1.007823,0.000000,3.000000,4.974258,0.004843,0.001244,-0.021668,-0.001299,-0.006587,0.586046,-0.006291,0.536414,0.592046,-0.005824,0.534529,0.000000,0.021963
0.623000,9.218588,0.160719,4.855279,4.619592,1.137148,1.018688,0.000000,3.000000,4.757493,0.004855,0.001195,-0.022310,-0.000109,-0.007809,0.585824,-0.006288,0.536331,0.592094,-0.005812,0.534529,0.000000,0.033814
0.633000,9.215322,0.144660,4.834382,4.616327,1.121088,0.997791,0.000000,3.000000,4.750507,0.004859,0.001180,-0.023050,0.000369,-0.010020,0.585598,-0.006287,0.536235,0.592143,-0.005800,0.534529,0.000000,0.054323
0.643000,9.557341,0.187727,4.761816,4.958345,1.164155,0.925224,0.000000,3.000000,5.093176,0.004868,0.001143,-0.025010,0.001674,-0.008611,0.585348,-0.006282,0.536140,0.592192,-0.005788,0.534529,0.000000,0.044072
0.653000,10.072597,0.180233,4.667282,5.473602,1.156661,0.830691,0.000000,3.000000,5.594478,0.004892,0.001034,-0.027202,0.001533,-0.009253,0.585080,-0.006277,0.536047,0.592240,-0.005778,0.534529,0.000000,0.051184
0.663000,10.261463,0.116773,4.724973,5.662467,1.093201,0.888382,0.000000,3.000000,5.767029,0.004909,0.000948,-0.026815,0.000244,-0.011427,0.584808,-0.006269,0.535945,0.592289,-0.005768,0.534529,0.000000,0.071473
0.673000,9.971004,0.100128,4.837930,5.372009,1.076556,1.001339,0.000000,3.000000,5.478819,0.004903,0.000982,-0.026267,0.002237,-0.009537,0.584539,-0.006247,0.535845,0.592339,-0.005758,0.534529,0.000000,0.057232
0.683000,9.656852,0.066591,4.831478,5.057857,1.043019,0.994887,0.000000,3.000000,5.164282,0.004897,0.001010,-0.026552,0.003161,-0.012601,0.584273,-0.006224,0.535734,0.592388,-0.005748,0.534529,0.000000,0.085239
0.693000,9.240817,0.028070,4.839740,4.641822,1.004499,1.003149,0.000000,3.000000,4.749266,0.004887,0.001058,-0.026550,0.001932,-0.014130,0.584007,-0.006204,0.535603,0.592436,-0.005738,0.534529,0.000000,0.100557
0.703000,8.979944,0.055070,4.861613,4.380949,1.031498,1.025022,0.000000,3.000000,4.500744,0.004867,0.001146,-0.026798,0.001733,-0.014273,0.583740,-0.006182,0.535463,0.592485,-0.005727,0.534529,0.000000,0.104300
0.713000,9.135709,0.093684,4.807207,4.536714,1.070112,0.970616,0.000000,3.000000,4.661214,0.004866,0.001148,-0.027422,0.001756,-0.012315,0.583467,-0.006157,0.535338,0.592534,-0.005715,0.534529,0.000000,0.089937
0.723000,9.493157,-0.006861,4.783396,4.894162,0.969567,0.946805,0.000000,3.000000,4.989276,0.004905,0.000972,-0.027652,0.003022,-0.011146,0.583195,-0.006125,0.535211,0.592583,-0.005704,0.534529,0.000000,0.082300
0.733000,10.066828,-0.020572,4.582812,5.467833,0.955856,0.746221,0.000000,3.000000,5.550753,0.004925,0.000861,-0.029721,0.001889,-0.008530,0.582900,-0.006100,0.535125,0.592632,-0.005695,0.534529,0.000000,0.061651
0.743000,10.346050,-0.079878,4.502371,5.747055,0.896550,0.665780,0.000000,3.000000,5.816566,0.004940,0.000771,-0.028554,0.002626,-0.007937,0.582613,-0.006074,0.535047,0.592681,-0.005687,0.534529,0.000000,0.058016
0.753000,10.164926,-0.094138,4.546329,5.565931,0.882290,0.709738,0.000000,3.000000,5.635425,0.004938,0.000783,-0.027967,0.001512,-0.005741,0.582333,-0.006051,0.534975,0.592731,-0.005680,0.534529,0.000000,0.040683
0.763000,9.922205,-0.096094,4.616562,5.323209,0.880334,0.779971,0.000000,3.000000,5.395512,0.004933,0.000816,-0.026795,0.002488,-0.006809,0.582064,-0.006023,0.534905,0.592780,-0.005671,0.534529,0.000000,0.050999
0.773000,9.610015,-0.154183,4.656276,5.011020,0.822245,0.819685,0.000000,3.000000,5.078032,0.004934,0.000810,-0.025598,0.003983,-0.007567,0.581803,-0.005996,0.534829,0.592829,-0.005663,0.534529,0.000000,0.058803
0.783000,9.382441,-0.097465,4.620289,4.783445,0.878963,0.783698,0.000000,3.000000,4.863530,0.004918,0.000904,-0.023548,0.002218,-0.004762,0.581563,-0.005972,0.534779,0.592879,-0.005655,0.534529,0.000000,0.035909
0.793000,9.305529,-0.082652,4.668387,4.706534,0.893776,0.831795,0.000000,3.000000,4.790646,0.004912,0.000933,-0.021450,0.001243,-0.003865,0.581342,-0.005950,0.534737,0.592928,-0.005646,0.534529,0.000000,0.029050
0.803000,9.522502,-0.156701,4.697966,4.923507,0.819727,0.861374,0.000000,3.000000,4.991279,0.004932,0.000821,-0.021506,0.001627,-0.000893,0.581129,-0.005927,0.534721,0.592977,-0.005637,0.534529,0.000000,0.004114
0.813000,9.933105,-0.212947,4.621158,5.334109,0.763481,0.784567,0.000000,3.000000,5.388472,0.004950,0.000708,-0.022826,0.001880,0.001687,0.580908,-0.005909,0.534721,0.593026,-0.005629,0.534529,0.000000,-0.017769
0.823000,10.174430,-0.209011,4.502931,5.575434,0.767417,0.666340,0.000000,3.000000,5.628001,0.004953,0.000682,-0.022454,0.001440,0.000515,0.580677,-0.005892,0.534742,0.593076,-0.005622,0.534529,0.000000,-0.008199
0.833000,10.030458,-0.253605,4.369732,5.431463,0.722823,0.533140,0.000000,3.000000,5.479349,0.004956,0.000660,-0.021141,0.001627,0.001165,0.580461,-0.005877,0.534766,0.593125,-0.005616,0.534529,0.000000,-0.014146
0.843000,9.663889,-0.223931,4.361819,5.064894,0.752498,0.525227,0.000000,3.000000,5.120489,0.004946,0.000735,-0.020905,0.000022,0.001905,0.580252,-0.005866,0.534794,0.593175,-0.005609,0.534529,0.000000,-0.020951
0.853000,9.210458,-0.177125,4.317390,4.611463,0.799303,0.480799,0.000000,3.000000,4.680222,0.004927,0.000854,-0.020777,0.002099,0.003159,0.580049,-0.005850,0.534817,0.593224,-0.005601,0.534529,0.000000,-0.031987
0.863000,8.869673,-0.185581,4.264612,4.270678,0.790848,0.428021,0.000000,3.000000,4.343285,0.004916,0.000910,-0.020255,0.000882,-0.001110,0.579845,-0.005843,0.534818,0.593273,-0.005592,0.534529,0.000000,0.004211
0.873000,8.649209,-0.143888,4.354594,4.050213,0.832540,0.518003,0.000000,3.000000,4.134895,0.004898,0.001007,-0.022940,0.002145,-0.002829,0.579621,-0.005828,0.534808,0.593322,-0.005582,0.534529,0.000000,0.018976
0.883000,8.797488,-0.168780,4.176802,4.198493,0.807648,0.340211,0.000000,3.000000,4.275469,0.004910,0.000945,-0.024728,0.001630,-0.002916,0.579376,-0.005815,0.534792,0.593372,-0.005572,0.534529,0.000000,0.019996
0.893000,8.729712,-0.083715,4.103125,4.130717,0.892713,0.266534,0.000000,3.000000,4.226080,0.004887,0.001056,-0.025607,0.002153,-0.003266,0.579125,-0.005798,0.534757,0.593421,-0.005562,0.534529,0.000000,0.023596
0.903000,8.609815,0.011375,4.121010,4.010819,0.987803,0.284419,0.000000,3.000000,4.130669,0.004855,0.001196,-0.026664,-0.000293,-0.003695,0.578858,-0.005790,0.534728,0.593469,-0.005551,0.534529,0.000000,0.027759
0.913000,8.816069,0.024683,4.061089,4.217074,1.001111,0.224498,0.000000,3.000000,4.334275,0.004865,0.001155,-0.028065,0.002121,-0.003880,0.578578,-0.005764,0.534690,0.593518,-0.005539,0.534529,0.000000,0.030017
0.923000,8.957263,-0.004358,4.086396,4.358268,0.972070,0.249805,0.000000,3.000000,4.465358,0.004880,0.001088,-0.030419,0.002201,-0.003767,0.578280,-0.005741,0.534646,0.593567,-0.005528,0.534529,0.000000,0.029854
0.933000,9.161711,0.066880,4.052685,4.562716,1.043308,0.216094,0.000000,3.000000,4.680478,0.004874,0.001115,-0.030321,0.001836,-0.002998,0.577975,-0.005718,0.534606,0.593615,-0.005517,0.534529,0.000000,0.024042
0.943000,9.134682,0.063509,4.174372,4.535687,1.039937,0.337781,0.000000,3.000000,4.653378,0.004874,0.001117,-0.029958,0.002597,-0.005223,0.577675,-0.005698,0.534562,0.593664,-0.005506,0.534529,0.000000,0.043727
0.953000,9.087068,0.031355,4.315434,4.488072,1.007783,0.478843,0.000000,3.000000,4.599828,0.004879,0.001095,-0.030964,0.002209,-0.004825,0.577365,-0.005668,0.534520,0.593713,-0.005495,0.534529,0.000000,0.041106
0.963000,9.051074,0.039528,4.446162,4.452079,1.015957,0.609570,0.000000,3.000000,4.566528,0.004875,0.001112,-0.031402,0.003233,-0.007289,0.577049,-0.005640,0.534452,0.593762,-0.005484,0.534529,0.000000,0.063234
0.973000,8.903041,0.037106,4.568456,4.304046,1.013534,0.731865,0.000000,3.000000,4.421772,0.004867,0.001146,-0.031353,0.003156,-0.008898,0.576732,-0.005615,0.534361,0.593810,-0.005473,0.534529,0.000000,0.078525
0.983000,8.611899,0.081724,4.682624,4.012904,1.058152,0.846033,0.000000,3.000000,4.150071,0.004835,0.001275,-0.029169,0.002774,-0.011441,0.576426,-0.005587,0.534268,0.593859,-0.005460,0.534529,0.000000,0.101765
0.993000,8.395880,0.032733,4.818349,3.796885,1.009161,0.981758,0.000000,3.000000,3.928707,0.004832,0.001284,-0.030209,0.002557,-0.013607,0.576123,-0.005554,0.534142,0.593907,-0.005447,0.534529,0.000000,0.122415
1.004000,8.711813,0.060497,4.806323,4.112817,1.036925,0.969732,0.000000,3.000000,4.241519,0.004848,0.001222,-0.030869,0.002387,-0.012060,0.575785,-0.005528,0.534011,0.593960,-0.005433,0.534529,0.000000,0.111656
1.015000,9.195854,-0.029115,4.702583,4.596858,0.947313,0.865992,0.000000,3.000000,4.693454,0.004897,0.001009,-0.031004,0.002644,-0.008886,0.575444,-0.005494,0.533904,0.594014,-0.005421,0.534529,0.000000,0.086642
1.026000,9.546908,-0.079878,4.644645,4.947912,0.896550,0.808054,0.000000,3.000000,5.028483,0.004920,0.000891,-0.030839,0.002260,-0.008106,0.575102,-0.005462,0.533822,0.594068,-0.005411,0.534529,0.000000,0.081500
1.037000,9.241814,-0.119235,4.685337,4.642818,0.857193,0.848745,0.000000,3.000000,4.721286,0.004917,0.000908,-0.029215,0.002331,-0.008924,0.574772,-0.005432,0.533716,0.594122,-0.005401,0.534529,0.000000,0.090356
1.048000,8.483467,-0.153872,4.715594,3.884472,0.822556,0.879002,0.000000,3.000000,3.970608,0.004892,0.001036,-0.026186,0.001740,-0.008091,0.574483,-0.005403,0.533621,0.594176,-0.005390,0.534529,0.000000,0.084994
1.059000,8.190753,-0.193145,4.714185,3.591758,0.783283,0.877594,0.000000,3.000000,3.676174,0.004885,0.001065,-0.025597,0.002578,-0.005908,0.574202,-0.005371,0.533549,0.594230,-0.005379,0.534529,0.000000,0.067773
1.070000,8.796350,-0.258705,4.458255,4.197355,0.717723,0.621663,0.000000,3.000000,4.258276,0.004928,0.000843,-0.026130,0.003499,-0.000219,0.573923,-0.005336,0.533513,0.594284,-0.005368,0.534529,0.000000,0.020133
1.081000,9.822005,-0.433986,4.028560,5.223010,0.542442,0.191968,0.000000,3.000000,5.251102,0.004973,0.000517,-0.026965,0.002511,0.001846,0.573619,-0.005306,0.533531,0.594338,-0.005361,0.534529,0.000000,0.002292
1.092000,10.103574,-0.433823,3.759284,5.504579,0.542606,-0.077307,0.077307,3.000000,5.531257,0.004976,0.000490,-0.026001,0.001609,0.004271,0.573328,-0.005281,0.533582,0.594393,-0.005356,0.534529,0.000000,-0.019188
1.103000,9.553505,-0.488522,3.660550,4.954510,0.487906,-0.176042,0.176042,3.000000,4.978476,0.004976,0.000490,-0.024769,0.002675,0.003900,0.573051,-0.005250,0.533635,0.594448,-0.005350,0.534529,0.000000,-0.017000
1.114000,9.118300,-0.505331,3.542497,4.519305,0.471097,-0.294094,0.294094,3.000000,4.543792,0.004973,0.000518,-0.025357,0.002416,0.004558,0.572776,-0.005219,0.533700,0.594502,-0.005344,0.534529,0.000000,-0.023759
1.125000,9.005680,-0.607256,3.430915,4.406685,0.369172,-0.405677,0.405677,3.000000,4.422122,0.004983,0.000417,-0.026833,0.003232,0.006401,0.572485,-0.005188,0.533748,0.594557,-0.005339,0.534529,0.000000,-0.040252
1.136000,9.227534,-0.644302,3.198139,4.628539,0.332126,-0.638452,0.638452,3.000000,4.640440,0.004987,0.000358,-0.028081,0.003422,0.006843,0.572179,-0.005154,0.533816,0.594612,-0.005335,0.534529,0.000000,-0.045234
1.147000,9.197936,-0.657293,3.170381,4.598941,0.319135,-0.666211,0.666211,3.000000,4.610000,0.004988,0.000346,-0.028157,0.004603,0.008741,0.571864,-0.005116,0.533904,0.594667,-0.005331,0.534529,0.000000,-0.062924
1.158000,9.063273,-0.711630,3.255184,4.464278,0.264798,-0.581407,0.581407,3.000000,4.472124,0.004991,0.000296,-0.028427,0.003853,0.007342,0.571557,-0.005075,0.533983,0.594722,-0.005328,0.534529,0.000000,-0.052472
1.169000,9.407932,-0.795041,3.139866,4.808937,0.181387,-0.696726,0.696726,3.000000,4.812357,0.004996,0.000188,-0.030553,0.004179,0.009656,0.571222,-0.005026,0.534088,0.594777,-0.005325,0.534529,0.000000,-0.073993
1.180000,9.685498,-0.741551,3.082517,5.086502,0.234877,-0.754075,0.754075,3.000000,5.091922,0.004995,0.000231,-0.030650,0.004691,0.012817,0.570882,-0.004983,0.534220,0.594832,-0.005323,0.534529,0.000000,-0.103207
1.191000,9.370962,-0.637557,3.263596,4.771967,0.338871,-0.572995,0.572995,3.000000,4.783984,0.004987,0.000354,-0.030013,0.003004,0.012497,0.570551,-0.004951,0.534350,0.594887,-0.005320,0.534529,0.000000,-0.102828
1.202000,8.780669,-0.580109,3.383652,4.181674,0.396319,-0.452939,0.452939,3.000000,4.200412,0.004978,0.000472,-0.029884,0.002750,0.012052,0.570223,-0.004923,0.534482,0.594941,-0.005315,0.534529,0.000000,-0.101424
1.213000,8.475184,-0.573818,3.459698,3.876189,0.402610,-0.376893,0.376893,3.000000,3.897042,0.004973,0.000517,-0.031131,0.002613,0.010928,0.569896,-0.004898,0.534594,0.594996,-0.005309,0.534529,0.000000,-0.093906
1.224000,8.567656,-0.597210,3.573234,3.968661,0.379219,-0.263358,0.263358,3.000000,3.986737,0.004977,0.000476,-0.031805,0.001279,0.011112,0.569546,-0.004878,0.534724,0.595051,-0.005304,0.534529,0.000000,-0.097807
1.235000,8.858780,-0.589056,3.564619,4.259785,0.387372,-0.271972,0.271972,3.000000,4.277362,0.004979,0.000453,-0.032180,0.001122,0.012897,0.569190,-0.004852,0.534867,0.595106,-0.005299,0.534529,0.000000,-0.115516
1.246000,9.120512,-0.619216,3.595286,4.521516,0.357212,-0.241305,0.241305,3.000000,4.535605,0.004984,0.000394,-0.033570,0.003593,0.014180,0.568832,-0.004818,0.535016,0.595160,-0.005294,0.534529,0.000000,-0.129100
1.257000,9.401515,-0.598996,3.588781,4.802520,0.377432,-0.247811,0.247811,3.000000,4.817328,0.004985,0.000392,-0.033670,0.003257,0.015462,0.568454,-0.004784,0.535189,0.595215,-0.005290,0.534529,0.000000,-0.143077
1.268000,9.107865,-0.575698,3.852773,4.508870,0.400730,0.016182,0.000000,3.000000,4.526642,0.004980,0.000443,-0.032414,0.002882,0.010316,0.568092,-0.004755,0.535321,0.595270,-0.005285,0.534529,0.000000,-0.101795
1.279000,8.386597,-0.536327,4.162787,3.787602,0.440101,0.326196,0.000000,3.000000,3.813085,0.004967,0.000577,-0.030458,0.002686,0.009330,0.567761,-0.004730,0.535422,0.595325,-0.005280,0.534529,0.000000,-0.095240
1.290000,8.124402,-0.442160,4.381569,3.525407,0.534268,0.544977,0.000000,3.000000,3.565661,0.004944,0.000749,-0.029591,0.000567,0.009689,0.567432,-0.004706,0.535517,0.595379,-0.005272,0.534529,0.000000,-0.100015
1.301000,8.748786,-0.513603,4.394968,4.149791,0.462825,0.558376,0.000000,3.000000,4.175521,0.004969,0.000554,-0.032439,0.002812,0.008827,0.567089,-0.004676,0.535606,0.595434,-0.005265,0.534529,0.000000,-0.094283
1.312000,9.616289,-0.480977,4.345284,5.017294,0.495451,0.508693,0.000000,3.000000,5.041697,0.004976,0.000491,-0.034346,0.001180,0.012331,0.566702,-0.004655,0.535745,0.595488,-0.005260,0.534529,0.000000,-0.126526
1.323000,9.552529,-0.393128,4.400196,4.953534,0.583300,0.563604,0.000000,3.000000,4.987759,0.004966,0.000585,-0.032797,0.002301,0.010002,0.566329,-0.004628,0.535869,0.595543,-0.005254,0.534529,0.000000,-0.109004
1.334000,8.758315,-0.415127,4.512919,4.159319,0.561301,0.676328,0.000000,3.000000,4.197022,0.004955,0.000669,-0.031669,0.002442,0.009514,0.565980,-0.004599,0.535974,0.595598,-0.005247,0.534529,0.000000,-0.106739
1.345000,8.289389,-0.334921,4.613159,3.690393,0.641507,0.776568,0.000000,3.000000,3.745736,0.004926,0.000856,-0.032518,0.002765,0.010873,0.565623,-0.004569,0.536088,0.595652,-0.005238,0.534529,0.000000,-0.120330
1.356000,8.713103,-0.386686,4.594562,4.114108,0.589742,0.757971,0.000000,3.000000,4.156162,0.004949,0.000709,-0.035229,0.003411,0.010421,0.565246,-0.004532,0.536208,0.595706,-0.005230,0.534529,0.000000,-0.118645
1.367000,9.340450,-0.396165,4.506816,4.741455,0.580263,0.670225,0.000000,3.000000,4.776830,0.004963,0.000607,-0.036988,0.002793,0.013040,0.564841,-0.004497,0.536347,0.595761,-0.005222,0.534529,0.000000,-0.143374
1.378000,9.914213,-0.547132,4.341290,5.315218,0.429296,0.504699,0.000000,3.000000,5.332526,0.004984,0.000403,-0.037371,0.002584,0.012802,0.564431,-0.004459,0.536497,0.595816,-0.005217,0.534529,0.000000,-0.144061
1.389000,9.894538,-0.529444,4.183191,5.295543,0.446984,0.346600,0.000000,3.000000,5.314374,0.004982,0.000421,-0.036755,0.003353,0.014347,0.564030,-0.004427,0.536646,0.595870,-0.005213,0.534529,0.000000,-0.159850
1.400000,9.524662,-0.582418,4.123513,4.925667,0.394010,0.286922,0.000000,3.000000,4.941401,0.004984,0.000399,-0.035735,0.003664,0.012507,0.563631,-0.004389,0.536805,0.595925,-0.005208,0.534529,0.000000,-0.147106
1.411000,9.269393,-0.623153,4.150081,4.670398,0.353275,0.313489,0.000000,3.000000,4.683740,0.004986,0.000377,-0.035690,0.003028,0.012442,0.563234,-0.004359,0.536946,0.595980,-0.005204,0.534529,0.000000,-0.149093
1.422000,9.099468,-0.587853,4.079460,4.500472,0.388575,0.242869,0.000000,3.000000,4.517216,0.004981,0.000430,-0.036143,0.003323,0.011964,0.562842,-0.004324,0.537066,0.596035,-0.005199,0.534529,0.000000,-0.147191
1.433000,9.131350,-0.649746,4.074189,4.532354,0.326682,0.237598,0.000000,3.000000,4.544112,0.004987,0.000359,-0.036723,0.003704,0.009261,0.562441,-0.004288,0.537179,0.596090,-0.005195,0.534529,0.000000,-0.126286
1.444000,9.456175,-0.724959,3.989268,4.857180,0.251470,0.152676,0.000000,3.000000,4.863685,0.004993,0.000259,-0.038128,0.003706,0.010981,0.562033,-0.004253,0.537289,0.596145,-0.005191,0.534529,0.000000,-0.142858
1.455000,10.184219,-0.889683,3.798411,5.585224,0.086745,-0.038180,0.038180,3.000000,5.585898,0.004999,0.000078,-0.039513,0.004447,0.011651,0.561593,-0.004209,0.537428,0.596200,-0.005190,0.534529,0.000000,-0.151055
1.466000,10.310896,-0.896712,3.743888,5.711900,0.079716,-0.092704,0.092704,3.000000,5.712457,0.005000,0.000070,-0.039640,0.003719,0.011896,0.561155,-0.004167,0.537567,0.596255,-0.005189,0.534529,0.000000,-0.155638
1.477000,9.344959,-0.849713,4.003112,4.745963,0.126716,0.166521,0.000000,3.000000,4.747655,0.004998,0.000133,-0.037052,0.004153,0.008661,0.560741,-0.004117,0.537665,0.596309,-0.005188,0.534529,0.000000,-0.129942
1.488000,8.454663,-0.906681,4.192554,3.855668,0.069747,0.355963,0.000000,3.000000,3.856299,0.004999,0.000090,-0.035395,0.005240,0.005688,0.560351,-0.004062,0.537727,0.596364,-0.005186,0.534529,0.000000,-0.105836
1.499000,8.161642,-1.019187,4.253145,3.562647,-0.042759,0.416554,0.000000,3.000000,3.562904,0.005000,-0.000060,-0.035274,0.006826,0.006328,0.559965,-0.003989,0.537794,0.596419,-0.005186,0.534529,0.000000,-0.112470
1.510000,8.350464,-1.017481,4.335965,3.751469,-0.041053,0.499373,0.000000,3.000000,3.751694,0.005000,-0.000055,-0.035774,0.006472,0.006509,0.559583,-0.003920,0.537846,0.596474,-0.005187,0.534529,0.000000,-0.114942
1.521000,9.092603,-0.952903,4.269077,4.493608,0.023525,0.432486,0.000000,3.000000,4.493670,0.005000,0.000026,-0.038132,0.006085,0.009114,0.559173,-0.003857,0.537941,0.596529,-0.005187,0.534529,0.000000,-0.138757
1.532000,10.138868,-1.039134,4.090546,5.539873,-0.062706,0.253955,0.000000,3.000000,5.540227,0.005000,-0.000057,-0.040658,0.007635,0.010030,0.558732,-0.003787,0.538045,0.596584,-0.005187,0.534529,0.000000,-0.148405
1.543000,10.443542,-1.080010,4.121548,5.844547,-0.103581,0.284957,0.000000,3.000000,5.845465,0.004999,-0.000089,-0.039767,0.006158,0.008142,0.558294,-0.003719,0.538153,0.596639,-0.005188,0.534529,0.000000,-0.134323
1.554000,9.017205,-0.986720,4.652399,4.418210,-0.010292,0.815808,0.000000,3.000000,4.418222,0.005000,-0.000012,-0.036521,0.006524,0.000718,0.557884,-0.003653,0.538165,0.596694,-0.005189,0.534529,0.000000,-0.071537
1.565000,8.006862,-0.849019,4.876748,3.407867,0.127409,1.040156,0.000000,3.000000,3.410247,0.004997,0.000187,-0.036402,0.006579,-0.001212,0.557481,-0.003587,0.538157,0.596749,-0.005188,0.534529,0.000000,-0.055025
1.576000,8.097945,-0.922183,4.923043,3.498950,0.054245,1.086452,0.000000,3.000000,3.499370,0.004999,0.000078,-0.036119,0.006822,-0.001721,0.557086,-0.003518,0.538129,0.596804,-0.005186,0.534529,0.000000,-0.050196
1.587000,8.871336,-1.021164,4.829433,4.272341,-0.044736,0.992841,0.000000,3.000000,4.272575,0.005000,-0.000052,-0.037956,0.007479,0.000350,0.556671,-0.003441,0.538136,0.596859,-0.005187,0.534529,0.000000,-0.067896
1.598000,9.508694,-1.024426,4.851771,4.909698,-0.047998,1.015180,0.000000,3.000000,4.909933,0.005000,-0.000049,-0.038243,0.006857,0.001155,0.556253,-0.003367,0.538132,0.596914,-0.005187,0.534529,0.000000,-0.074659
1.609000,9.414863,-0.875350,4.856595,4.815868,0.101078,1.020003,0.000000,3.000000,4.816929,0.004999,0.000105,-0.035715,0.005113,0.001471,0.555850,-0.003303,0.538158,0.596969,-0.005187,0.534529,0.000000,-0.077811
1.620000,9.091987,-0.807229,4.865131,4.492992,0.169200,1.028540,0.000000,3.000000,4.496176,0.004996,0.000188,-0.034505,0.005432,0.001110,0.555466,-0.003234,0.538173,0.597024,-0.005185,0.534529,0.000000,-0.075013
1.631000,8.984760,-0.872293,4.778229,4.385765,0.104135,0.941637,0.000000,3.000000,4.387001,0.004999,0.000119,-0.035034,0.006073,0.001574,0.555083,-0.003169,0.538202,0.597079,-0.005183,0.534529,0.000000,-0.079474
1.642000,9.305284,-0.910532,4.481096,4.706289,0.065896,0.644505,0.000000,3.000000,4.706750,0.005000,0.000070,-0.035320,0.006740,0.004589,0.554693,-0.003103,0.538251,0.597134,-0.005183,0.534529,0.000000,-0.105937
1.653000,9.587604,-0.837158,4.196714,4.988609,0.139270,0.360123,0.000000,3.000000,4.990552,0.004998,0.000140,-0.035345,0.003458,0.005974,0.554300,-0.003055,0.538321,0.597189,-0.005182,0.534529,0.000000,-0.118948
1.664000,9.875190,-0.728991,3.912503,5.276195,0.247437,0.075911,0.000000,3.000000,5.281994,0.004995,0.000234,-0.036912,0.002733,0.007587,0.553895,-0.003008,0.538406,0.597244,-0.005179,0.534529,0.000000,-0.134166
1.675000,9.833291,-0.787380,3.754422,5.234296,0.189048,-0.082169,0.082169,3.000000,5.237709,0.004997,0.000180,-0.037625,0.004973,0.006838,0.553486,-0.002955,0.538492,0.597299,-0.005177,0.534529,0.000000,-0.129350
1.686000,9.236598,-0.826136,3.785522,4.637603,0.150292,-0.051069,0.051069,3.000000,4.640038,0.004997,0.000162,-0.036827,0.004807,0.003765,0.553077,-0.002905,0.538538,0.597354,-0.005175,0.534529,0.000000,-0.104109
1.697000,8.841543,-0.819868,3.904378,4.242548,0.156560,0.067787,0.000000,3.000000,4.245435,0.004997,0.000184,-0.037994,0.004154,0.003686,0.552670,-0.002862,0.538575,0.597409,-0.005173,0.534529,0.000000,-0.104112
1.708000,9.056189,-0.848189,3.912433,4.457194,0.128239,0.075842,0.000000,3.000000,4.459038,0.004998,0.000144,-0.039225,0.003817,0.004057,0.552238,-0.002811,0.538621,0.597464,-0.005172,0.534529,0.000000,-0.108095
1.719000,8.946559,-0.808887,4.100717,4.347564,0.167542,0.264126,0.000000,3.000000,4.350791,0.004996,0.000193,-0.038758,0.003683,0.002701,0.551799,-0.002768,0.538653,0.597519,-0.005170,0.534529,0.000000,-0.097156
1.730000,8.707584,-0.770383,4.270043,4.108589,0.206045,0.433452,0.000000,3.000000,4.113752,0.004994,0.000250,-0.039881,0.004793,0.001961,0.551364,-0.002720,0.538665,0.597574,-0.005167,0.534529,0.000000,-0.091097
1.741000,8.793236,-0.785057,4.287805,4.194240,0.191371,0.451214,0.000000,3.000000,4.198604,0.004995,0.000228,-0.041574,0.004795,0.000567,0.550913,-0.002679,0.538669,0.597629,-0.005165,0.534529,0.000000,-0.079328
1.752000,8.764925,-0.746339,4.524654,4.165930,0.230089,0.688062,0.000000,3.000000,4.172279,0.004992,0.000276,-0.040879,0.003872,-0.000821,0.550461,-0.002646,0.538644,0.597684,-0.005162,0.534529,0.000000,-0.067111
1.763000,8.666179,-0.766638,4.599904,4.067184,0.209790,0.763313,0.000000,3.000000,4.072591,0.004993,0.000258,-0.041048,0.002445,-0.002733,0.550006,-0.002606,0.538610,0.597739,-0.005159,0.534529,0.000000,-0.050273
1.774000,8.769962,-0.773454,4.674070,4.170967,0.202974,0.837478,0.000000,3.000000,4.175903,0.004994,0.000243,-0.041480,0.004849,-0.003977,0.549547,-0.002564,0.538577,0.597794,-0.005156,0.534529,0.000000,-0.039129
1.785000,8.471157,-0.802658,4.970066,3.872162,0.173771,1.133475,0.000000,3.000000,3.876059,0.004995,0.000224,-0.039946,0.005089,-0.008585,0.549106,-0.002516,0.538486,0.597849,-0.005154,0.534529,0.000000,0.001610
1.796000,8.123153,-0.724220,5.218562,3.524157,0.252208,1.381971,0.000000,3.000000,3.533171,0.004987,0.000357,-0.038556,0.003247,-0.009144,0.548676,-0.002477,0.538365,0.597904,-0.005151,0.534529,0.000000,0.008535
1.807000,8.360388,-0.728313,5.188137,3.761392,0.248115,1.351545,0.000000,3.000000,3.769567,0.004989,0.000329,-0.037521,0.003754,-0.007648,0.548260,-0.002431,0.538277,0.597958,-0.005147,0.534529,0.000000,-0.002571
1.818000,8.836814,-0.744592,5.157477,4.237819,0.231836,1.320885,0.000000,3.000000,4.244156,0.004993,0.000273,-0.038658,0.003802,-0.004452,0.547836,-0.002388,0.538209,0.598013,-0.005144,0.534529,0.000000,-0.028460
1.829000,8.663705,-0.738212,5.056833,4.064710,0.238216,1.220242,0.000000,3.000000,4.071684,0.004991,0.000293,-0.036566,0.004019,-0.005156,0.547430,-0.002346,0.538146,0.598068,-0.005141,0.534529,0.000000,-0.021354
1.840000,8.195824,-0.714099,4.787487,3.596829,0.262329,0.950896,0.000000,3.000000,3.606382,0.004987,0.000364,-0.034029,0.003442,-0.004607,0.547048,-0.002308,0.538087,0.598123,-0.005137,0.534529,0.000000,-0.024950
1.851000,7.820484,-0.721106,4.475223,3.221489,0.255322,0.638632,0.000000,3.000000,3.231591,0.004984,0.000395,-0.033128,0.003591,-0.006187,0.546680,-0.002271,0.538023,0.598178,-0.005133,0.534529,0.000000,-0.010404
1.862000,7.778397,-0.673758,4.190252,3.179402,0.302670,0.353661,0.000000,3.000000,3.193776,0.004977,0.000474,-0.032518,0.003561,-0.004443,0.546325,-0.002229,0.537977,0.598233,-0.005128,0.534529,0.000000,-0.024372
1.873000,8.293348,-0.758124,3.896316,3.694353,0.218304,0.059725,0.000000,3.000000,3.700797,0.004991,0.000295,-0.034066,0.004667,-0.003337,0.545958,-0.002188,0.537935,0.598288,-0.005124,0.534529,0.000000,-0.033003
1.884000,8.673572,-0.829502,3.680009,4.074577,0.146926,-0.156583,0.156583,3.000000,4.077225,0.004997,0.000180,-0.034483,0.003333,-0.002000,0.545573,-0.002147,0.537914,0.598343,-0.005122,0.534529,0.000000,-0.043960
1.895000,8.842185,-0.817505,3.524809,4.243190,0.158923,-0.311783,0.311783,3.000000,4.246165,0.004996,0.000187,-0.034954,0.004032,-0.001499,0.545193,-0.002106,0.537903,0.598398,-0.005120,0.534529,0.000000,-0.048015
1.906000,8.787674,-0.812295,3.559052,4.188679,0.164133,-0.277539,0.277539,3.000000,4.191893,0.004996,0.000196,-0.034379,0.003058,-0.001703,0.544808,-0.002072,0.537887,0.598453,-0.005118,0.534529,0.000000,-0.046000
1.917000,8.335074,-0.773596,3.787059,3.736079,0.202832,-0.049533,0.049533,3.000000,3.741581,0.004993,0.000271,-0.032994,0.003459,-0.004416,0.544440,-0.002030,0.537853,0.598507,-0.005115,0.534529,0.000000,-0.022370
1.928000,8.092458,-0.711395,3.937648,3.493462,0.265033,0.101056,0.000000,3.000000,3.503501,0.004986,0.000378,-0.032464,0.003260,-0.002676,0.544089,-0.001995,0.537818,0.598562,-0.005111,0.534529,0.000000,-0.036493
1.939000,8.549818,-0.709137,3.874288,3.950823,0.267291,0.037697,0.000000,3.000000,3.959854,0.004989,0.000338,-0.033899,0.002660,-0.003126,0.543726,-0.001962,0.537787,0.598617,-0.005107,0.534529,0.000000,-0.032116
1.950000,9.042225,-0.710218,3.896585,4.443230,0.266211,0.059993,0.000000,3.000000,4.451198,0.004991,0.000299,-0.036074,0.003146,-0.000965,0.543337,-0.001934,0.537785,0.598672,-0.005104,0.534529,0.000000,-0.050431
1.961000,9.206143,-0.694412,3.984769,4.607148,0.282016,0.148178,0.000000,3.000000,4.615771,0.004991,0.000305,-0.035715,0.002943,-0.003369,0.542936,-0.001912,0.537748,0.598727,-0.005100,0.534529,0.000000,-0.029357
1.972000,8.547273,-0.617403,4.135565,3.948278,0.359025,0.298974,0.000000,3.000000,3.964567,0.004979,0.000453,-0.035310,0.002903,-0.005354,0.542539,-0.001888,0.537697,0.598782,-0.005096,0.534529,0.000000,-0.011608
1.983000,7.450691,-0.588546,4.301752,2.851696,0.387882,0.465161,0.000000,3.000000,2.877954,0.004954,0.000674,-0.033742,0.001737,-0.010364,0.542162,-0.001865,0.537594,0.598836,-0.005090,0.534529,0.000000,0.032762
1.994000,6.773951,-0.472524,4.523245,2.174956,0.503904,0.686654,0.000000,3.000000,2.232566,0.004871,0.001129,-0.032624,0.001779,-0.010376,0.541800,-0.001839,0.537475,0.598890,-0.005080,0.534529,0.000000,0.035015
2.005000,7.269096,-0.492855,4.451927,2.670101,0.483573,0.615336,0.000000,3.000000,2.713537,0.004920,0.000891,-0.033728,0.000504,-0.008017,0.541438,-0.001814,0.537382,0.598944,-0.005068,0.534529,0.000000,0.016665
2.016000,8.371994,-0.512977,4.391475,3.772999,0.463451,0.554884,0.000000,3.000000,3.801356,0.004963,0.000610,-0.035309,0.001919,-0.004361,0.541047,-0.001785,0.537317,0.598999,-0.005060,0.534529,0.000000,-0.013189
2.027000,9.203391,-0.549552,4.360975,4.604396,0.426876,0.524383,0.000000,3.000000,4.624141,0.004979,0.000462,-0.035774,0.001593,-0.001801,0.540658,-0.001762,0.537295,0.599053,-0.005055,0.534529,0.000000,-0.034508
2.038000,9.241425,-0.591556,4.452333,4.642429,0.384872,0.615742,0.000000,3.000000,4.658356,0.004983,0.000413,-0.033754,0.001977,-0.000716,0.540275,-0.001734,0.537274,0.599108,-0.005050,0.534529,0.000000,-0.043331
2.049000,8.167047,-0.485981,4.532113,3.568052,0.490447,0.695522,0.000000,3.000000,3.601602,0.004953,0.000681,-0.030326,0.001673,-0.005544,0.539931,-0.001715,0.537209,0.599163,-0.005044,0.534529,0.000000,-0.001208
2.060000,7.344899,-0.412717,4.472261,2.745903,0.563711,0.635670,0.000000,3.000000,2.803169,0.004898,0.001005,-0.027773,0.002592,-0.005979,0.539622,-0.001694,0.537149,0.599217,-0.005035,0.534529,0.000000,0.003567
2.071000,6.983053,-0.440254,4.402360,2.384058,0.536174,0.565769,0.000000,3.000000,2.443607,0.004878,0.001097,-0.027573,0.002831,-0.006766,0.539325,-0.001671,0.537068,0.599271,-0.005023,0.534529,0.000000,0.011701
2.082000,7.482015,-0.398145,4.164526,2.883020,0.578283,0.327935,0.000000,3.000000,2.940445,0.004902,0.000983,-0.028918,0.001279,-0.005720,0.539015,-0.001655,0.537009,0.599324,-0.005011,0.534529,0.000000,0.003889
2.093000,8.281793,-0.449232,3.930621,3.682798,0.527196,0.094029,0.000000,3.000000,3.720341,0.004950,0.000709,-0.031718,0.002491,-0.003569,0.538676,-0.001629,0.536948,0.599379,-0.005002,0.534529,0.000000,-0.013273
2.104000,8.856515,-0.492202,3.591264,4.257520,0.484226,-0.245327,0.245327,3.000000,4.284968,0.004968,0.000565,-0.033209,0.001653,-0.004685,0.538307,-0.001605,0.536923,0.599433,-0.004995,0.534529,0.000000,-0.003334
2.115000,8.350752,-0.447299,3.565456,3.751757,0.529129,-0.271135,0.271135,3.000000,3.788886,0.004951,0.000698,-0.032246,0.002334,-0.007082,0.537944,-0.001582,0.536864,0.599488,-0.004989,0.534529,0.000000,0.018055
2.126000,7.081121,-0.392719,3.831105,2.482126,0.583709,-0.005487,0.005487,3.000000,2.549836,0.004867,0.001145,-0.031307,0.003010,-0.009990,0.537600,-0.001556,0.536749,0.599542,-0.004979,0.534529,0.000000,0.044801
2.137000,6.815698,-0.387376,3.874658,2.216703,0.589052,0.038066,0.000000,3.000000,2.293634,0.004832,0.001284,-0.030447,0.001613,-0.010028,0.537265,-0.001532,0.536636,0.599595,-0.004965,0.534529,0.000000,0.047158
2.148000,7.490312,-0.355222,3.917215,2.891316,0.621206,0.080624,0.000000,3.000000,2.957297,0.004888,0.001050,-0.032272,-0.000012,-0.007492,0.536920,-0.001517,0.536549,0.599648,-0.004951,0.534529,0.000000,0.027199
2.159000,8.809989,-0.454560,3.738962,4.210994,0.521868,-0.097630,0.097630,3.000000,4.243208,0.004962,0.000615,-0.034107,0.002366,-0.003781,0.536549,-0.001488,0.536506,0.599703,-0.004943,0.534529,0.000000,-0.003515
2.170000,9.522913,-0.506574,3.601108,4.923918,0.469854,-0.235484,0.235484,3.000000,4.946284,0.004977,0.000475,-0.035077,0.001890,-0.002288,0.536160,-0.001463,0.536477,0.599757,-0.004937,0.534529,0.000000,-0.015653
2.181000,9.272267,-0.425861,3.676734,4.673272,0.550567,-0.159857,0.159857,3.000000,4.705592,0.004966,0.000585,-0.034287,0.002913,-0.002208,0.535787,-0.001439,0.536435,0.599812,-0.004931,0.534529,0.000000,-0.015569
2.192000,8.791981,-0.428299,3.747386,4.192986,0.548129,-0.089205,0.089205,3.000000,4.228661,0.004958,0.000648,-0.032532,0.001951,-0.003674,0.535419,-0.001414,0.536403,0.599867,-0.004925,0.534529,0.000000,-0.002556
2.203000,8.022405,-0.378041,3.824279,3.423410,0.598387,-0.012313,0.012313,3.000000,3.475313,0.004925,0.000861,-0.031034,0.000494,-0.005435,0.535072,-0.001391,0.536344,0.599921,-0.004916,0.534529,0.000000,0.013444
2.214000,7.656790,-0.293527,3.961939,3.057795,0.682901,0.125347,0.000000,3.000000,3.133124,0.004880,0.001090,-0.029725,0.002025,-0.005426,0.534748,-0.001365,0.536286,0.599975,-0.004905,0.534529,0.000000,0.014399
2.225000,8.129430,-0.402453,4.018188,3.530435,0.573975,0.181597,0.000000,3.000000,3.576788,0.004935,0.000802,-0.030376,0.002960,-0.003325,0.534412,-0.001338,0.536245,0.600029,-0.004894,0.534529,0.000000,-0.002685
2.236000,8.859876,-0.426550,3.953633,4.260880,0.549878,0.117041,0.000000,3.000000,4.296215,0.004959,0.000640,-0.031739,0.001806,0.000616,0.534065,-0.001318,0.536243,0.600083,-0.004887,0.534529,0.000000,-0.036092
2.247000,9.357999,-0.399717,3.821150,4.759003,0.576711,-0.015442,0.015442,3.000000,4.793820,0.004964,0.000602,-0.030386,0.002234,0.004258,0.533725,-0.001301,0.536276,0.600138,-0.004880,0.534529,0.000000,-0.067575
2.258000,8.580135,-0.407787,3.988907,3.981140,0.568641,0.152316,0.000000,3.000000,4.021546,0.004950,0.000707,-0.026562,0.000568,0.002131,0.533413,-0.001279,0.536311,0.600193,-0.004873,0.534529,0.000000,-0.050162
2.269000,7.405173,-0.259138,4.295329,2.806178,0.717290,0.458738,0.000000,3.000000,2.896401,0.004844,0.001238,-0.024545,0.000937,0.001025,0.533141,-0.001265,0.536318,0.600246,-0.004862,0.534529,0.000000,-0.040901
2.280000,7.220163,-0.253708,4.227304,2.621167,0.722720,0.390713,0.000000,3.000000,2.718978,0.004820,0.001329,-0.024132,0.001832,0.003573,0.532880,-0.001245,0.536345,0.600299,-0.004847,0.534529,0.000000,-0.063015
2.291000,7.833659,-0.252347,4.041732,3.234664,0.724081,0.205141,0.000000,3.000000,3.314716,0.004879,0.001092,-0.025538,0.001134,0.006438,0.532607,-0.001227,0.536410,0.600353,-0.004834,0.534529,0.000000,-0.088489
2.302000,8.533705,-0.332216,3.838781,3.934710,0.644212,0.002190,0.000000,3.000000,3.987098,0.004934,0.000808,-0.025718,0.001146,0.008721,0.532326,-0.001211,0.536510,0.600407,-0.004824,0.534529,0.000000,-0.109659
2.313000,8.673854,-0.285762,3.725660,4.074858,0.690666,-0.110931,0.110931,3.000000,4.132976,0.004930,0.000836,-0.025910,0.000650,0.009011,0.532038,-0.001191,0.536614,0.600461,-0.004815,0.534529,0.000000,-0.114002
2.324000,8.462538,-0.251193,3.668964,3.863543,0.725235,-0.167628,0.167628,3.000000,3.931021,0.004914,0.000922,-0.026960,0.001310,0.008567,0.531745,-0.001169,0.536714,0.600515,-0.004805,0.534529,0.000000,-0.112038
2.335000,8.145866,-0.254110,3.637388,3.546871,0.722318,-0.199203,0.199203,3.000000,3.619674,0.004899,0.000998,-0.027513,0.002609,0.007545,0.531448,-0.001147,0.536793,0.600569,-0.004795,0.534529,0.000000,-0.104777
2.346000,7.647857,-0.224597,3.666715,3.048862,0.751831,-0.169877,0.169877,3.000000,3.140192,0.004855,0.001197,-0.027309,0.002405,0.004672,0.531152,-0.001128,0.536841,0.600623,-0.004783,0.534529,0.000000,-0.081271
2.357000,7.450453,-0.191123,3.702261,2.851458,0.785305,-0.134331,0.134331,3.000000,2.957620,0.004821,0.001328,-0.027230,0.001726,0.002859,0.530852,-0.001107,0.536874,0.600676,-0.004769,0.534529,0.000000,-0.066483
2.368000,7.457437,-0.213258,3.804763,2.858442,0.763170,-0.031828,0.031828,3.000000,2.958567,0.004831,0.001290,-0.027946,0.001933,0.000880,0.530550,-0.001087,0.536886,0.600729,-0.004754,0.534529,0.000000,-0.049900
2.379000,8.061271,-0.209395,3.731594,3.462276,0.767033,-0.104998,0.104998,3.000000,3.546222,0.004882,0.001081,-0.030923,0.002141,0.001428,0.530219,-0.001063,0.536903,0.600782,-0.004741,0.534529,0.000000,-0.054856
2.390000,8.698169,-0.262753,3.663957,4.099174,0.713675,-0.172634,0.172634,3.000000,4.160836,0.004926,0.000858,-0.033171,0.003099,0.002762,0.529867,-0.001038,0.536924,0.600836,-0.004730,0.534529,0.000000,-0.066563
2.401000,8.731909,-0.325798,3.698840,4.132914,0.650631,-0.137752,0.137752,3.000000,4.183814,0.004939,0.000778,-0.032445,0.004415,0.001416,0.529503,-0.001009,0.536959,0.600891,-0.004722,0.534529,0.000000,-0.055756
2.412000,7.775918,-0.183172,3.946399,3.176923,0.793256,0.109807,0.000000,3.000000,3.274461,0.004851,0.001211,-0.030119,0.001550,-0.002697,0.529170,-0.000991,0.536948,0.600945,-0.004711,0.534529,0.000000,-0.020661
2.423000,6.931181,-0.121356,4.185988,2.332186,0.855072,0.349397,0.000000,3.000000,2.483997,0.004694,0.001721,-0.029954,0.001227,-0.004184,0.528843,-0.000968,0.536890,0.600997,-0.004695,0.534529,0.000000,-0.006991
2.434000,7.299912,-0.196655,4.076260,2.700917,0.779773,0.239669,0.000000,3.000000,2.811227,0.004804,0.001387,-0.030860,0.001776,-0.003287,0.528506,-0.000943,0.536852,0.601049,-0.004677,0.534529,0.000000,-0.013925
2.445000,8.294228,-0.214044,3.943110,3.695233,0.762385,0.106519,0.000000,3.000000,3.773059,0.004897,0.001010,-0.034404,0.002674,-0.001165,0.528136,-0.000919,0.536835,0.601103,-0.004664,0.534529,0.000000,-0.031618
2.456000,9.083590,-0.321624,3.936099,4.484595,0.654804,0.099508,0.000000,3.000000,4.532147,0.004948,0.000722,-0.034661,0.002381,-0.000910,0.527756,-0.000895,0.536827,0.601157,-0.004655,0.534529,0.000000,-0.033646
2.467000,9.111818,-0.319217,3.919420,4.512823,0.657211,0.082829,0.000000,3.000000,4.560427,0.004948,0.000721,-0.034514,0.002445,-0.001030,0.527374,-0.000870,0.536821,0.601211,-0.004647,0.534529,0.000000,-0.032530
2.478000,8.666688,-0.294298,3.831572,4.067693,0.682130,-0.005019,0.005019,3.000000,4.124491,0.004931,0.000827,-0.034209,0.003898,-0.001256,0.527000,-0.000841,0.536799,0.601266,-0.004639,0.534529,0.000000,-0.030202
2.489000,8.135014,-0.244178,3.975367,3.536018,0.732251,0.138776,0.000000,3.000000,3.611041,0.004896,0.001014,-0.031948,0.002041,-0.002180,0.526640,-0.000821,0.536778,0.601320,-0.004629,0.534529,0.000000,-0.021995
2.500000,7.607306,-0.150772,4.111745,3.008311,0.825656,0.275153,0.000000,3.000000,3.119558,0.004822,0.001323,-0.030461,0.001571,-0.004498,0.526310,-0.000798,0.536741,0.601373,-0.004616,0.534529,0.000000,-0.001660
2.511000,7.712815,-0.204528,4.186702,3.113820,0.771900,0.350111,0.000000,3.000000,3.208069,0.004853,0.001203,-0.028939,0.002262,-0.002222,0.525984,-0.000773,0.536702,0.601426,-0.004602,0.534529,0.000000,-0.020258
2.522000,8.427327,-0.248388,4.076900,3.828332,0.728040,0.240309,0.000000,3.000000,3.896943,0.004912,0.000934,-0.029443,0.001720,0.002222,0.525664,-0.000751,0.536712,0.601480,-0.004590,0.534529,0.000000,-0.058158
2.533000,9.203491,-0.241439,4.021653,4.604496,0.734989,0.185062,0.000000,3.000000,4.662788,0.004937,0.000788,-0.029524,0.002671,0.005667,0.525338,-0.000725,0.536766,0.601534,-0.004581,0.534529,0.000000,-0.088349
2.544000,9.056396,-0.287626,4.171040,4.457400,0.688802,0.334448,0.000000,3.000000,4.510307,0.004941,0.000764,-0.028248,0.001384,0.004255,0.525021,-0.000709,0.536813,0.601589,-0.004573,0.534529,0.000000,-0.077230
2.555000,8.033529,-0.216769,4.071720,3.434534,0.759659,0.235128,0.000000,3.000000,3.517543,0.004882,0.001080,-0.025217,0.001546,0.002633,0.524731,-0.000688,0.536852,0.601643,-0.004563,0.534529,0.000000,-0.064165
2.566000,6.745467,-0.198795,4.173805,2.146472,0.777633,0.337214,0.000000,3.000000,2.282993,0.004701,0.001703,-0.023394,0.001598,0.000123,0.524473,-0.000664,0.536850,0.601696,-0.004548,0.534529,0.000000,-0.042821
2.577000,6.756789,-0.276659,3.990562,2.157794,0.699769,0.153970,0.000000,3.000000,2.268425,0.004756,0.001542,-0.024067,0.002570,0.002195,0.524207,-0.000638,0.536887,0.601747,-0.004529,0.534529,0.000000,-0.061063
2.588000,7.457854,-0.406129,3.822024,2.858859,0.570299,-0.014568,0.014568,3.000000,2.915187,0.004903,0.000978,-0.027445,0.003246,0.004732,0.523913,-0.000609,0.536927,0.601800,-0.004515,0.534529,0.000000,-0.083316
2.599000,8.478483,-0.490149,3.540033,3.879488,0.486279,-0.296559,0.296559,3.000000,3.909846,0.004961,0.000622,-0.029512,0.002112,0.006060,0.523586,-0.000585,0.536996,0.601855,-0.004507,0.534529,0.000000,-0.095837
2.610000,8.794351,-0.520440,3.363965,4.195356,0.455989,-0.472627,0.472627,3.000000,4.220064,0.004971,0.000540,-0.031309,0.002516,0.005309,0.523244,-0.000560,0.537062,0.601909,-0.004501,0.534529,0.000000,-0.090643
2.621000,8.507709,-0.513046,3.245704,3.908713,0.463383,-0.590888,0.590888,3.000000,3.936085,0.004965,0.000589,-0.032427,0.002111,0.004747,0.522890,-0.000535,0.537120,0.601964,-0.004494,0.534529,0.000000,-0.086929
2.632000,8.078035,-0.503098,3.342585,3.479039,0.473330,-0.494006,0.494006,3.000000,3.511091,0.004954,0.000674,-0.032622,0.003311,0.003086,0.522529,-0.000507,0.537158,0.602019,-0.004488,0.534529,0.000000,-0.073504
2.643000,7.180853,-0.457790,3.622207,2.581857,0.518638,-0.214385,0.214385,3.000000,2.633434,0.004902,0.000985,-0.031480,0.002076,-0.002606,0.522183,-0.000484,0.537134,0.602073,-0.004479,0.534529,0.000000,-0.024791
2.654000,6.646093,-0.427174,3.869510,2.047098,0.549255,0.032919,0.000000,3.000000,2.119503,0.004829,0.001296,-0.031012,0.002628,-0.004593,0.521838,-0.000458,0.537081,0.602126,-0.004466,0.534529,0.000000,-0.006974
2.665000,7.203635,-0.446119,3.906312,2.604640,0.530309,0.069720,0.000000,3.000000,2.658078,0.004899,0.000998,-0.032464,0.002551,-0.002302,0.521484,-0.000427,0.537053,0.602180,-0.004453,0.534529,0.000000,-0.025910
2.676000,8.362351,-0.538397,3.869771,3.763356,0.438031,0.033180,0.000000,3.000000,3.788762,0.004966,0.000578,-0.034736,0.002745,0.000556,0.521108,-0.000397,0.537050,0.602234,-0.004444,0.534529,0.000000,-0.050098
2.687000,9.015308,-0.568366,3.881848,4.416312,0.408062,0.045257,0.000000,3.000000,4.435125,0.004979,0.000460,-0.036978,0.003221,-0.000101,0.520714,-0.000365,0.537034,0.602289,-0.004439,0.534529,0.000000,-0.044242
2.698000,8.669180,-0.590162,3.876764,4.070185,0.386266,0.040173,0.000000,3.000000,4.088472,0.004978,0.000472,-0.035641,0.003001,-0.004994,0.520312,-0.000328,0.537016,0.602344,-0.004434,0.534529,0.000000,-0.002397
2.709000,7.345052,-0.528657,4.153185,2.746057,0.447771,0.316593,0.000000,3.000000,2.782324,0.004935,0.000805,-0.033056,0.003256,-0.007294,0.519943,-0.000291,0.536942,0.602398,-0.004427,0.534529,0.000000,0.018452
2.720000,6.706830,-0.511924,4.293381,2.107835,0.464504,0.456790,0.000000,3.000000,2.158409,0.004883,0.001076,-0.032917,0.003583,-0.009722,0.519588,-0.000254,0.536836,0.602452,-0.004416,0.534529,0.000000,0.040969
2.731000,7.230026,-0.592234,4.180803,2.631031,0.384194,0.344211,0.000000,3.000000,2.658933,0.004948,0.000722,-0.034548,0.004276,-0.007498,0.519208,-0.000206,0.536762,0.602506,-0.004406,0.534529,0.000000,0.023422
2.742000,8.337816,-0.753112,4.002060,3.738821,0.223316,0.165468,0.000000,3.000000,3.745484,0.004991,0.000298,-0.035470,0.004413,-0.003112,0.518826,-0.000155,0.536726,0.602561,-0.004401,0.534529,0.000000,-0.013146
2.753000,9.164675,-0.732297,3.985317,4.565679,0.244131,0.148726,0.000000,3.000000,4.572202,0.004993,0.000267,-0.035295,0.004405,-0.001255,0.518431,-0.000101,0.536711,0.602616,-0.004398,0.534529,0.000000,-0.028635
2.764000,9.296899,-0.758471,3.967584,4.697904,0.217957,0.130993,0.000000,3.000000,4.702957,0.004995,0.000232,-0.034507,0.004885,0.001459,0.518044,-0.000049,0.536713,0.602671,-0.004395,0.534529,0.000000,-0.051701
2.775000,8.565625,-0.638238,4.027117,3.966630,0.338190,0.190526,0.000000,3.000000,3.981021,0.004982,0.000425,-0.029888,0.004912,-0.000068,0.517704,-0.000003,0.536722,0.602726,-0.004391,0.534529,0.000000,-0.038891
2.786000,7.682052,-0.609918,4.271439,3.083057,0.366510,0.434847,0.000000,3.000000,3.104765,0.004965,0.000590,-0.026498,0.004681,0.000831,0.517407,0.000039,0.536726,0.602780,-0.004386,0.534529,0.000000,-0.046602
2.797000,7.345301,-0.644244,4.341893,2.746306,0.332184,0.505301,0.000000,3.000000,2.766323,0.004964,0.000600,-0.025062,0.004058,0.000629,0.517131,0.000081,0.536737,0.602835,-0.004379,0.534529,0.000000,-0.045085
2.808000,7.769168,-0.568256,4.182963,3.170173,0.408172,0.346372,0.000000,3.000000,3.196342,0.004959,0.000638,-0.025693,0.002687,0.003768,0.516855,0.000120,0.536760,0.602890,-0.004372,0.534529,0.000000,-0.072133
2.819000,8.412609,-0.595295,3.958619,3.813614,0.381133,0.122028,0.000000,3.000000,3.832612,0.004975,0.000497,-0.026764,0.003091,0.006132,0.516561,0.000152,0.536836,0.602944,-0.004366,0.534529,0.000000,-0.093567
2.830000,8.588774,-0.562279,3.727735,3.989778,0.414149,-0.108856,0.108856,3.000000,4.011216,0.004973,0.000516,-0.026234,0.002490,0.006366,0.516268,0.000184,0.536926,0.602999,-0.004361,0.534529,0.000000,-0.097171
2.841000,7.712233,-0.525113,3.819827,3.113238,0.451315,-0.016765,0.016765,3.000000,3.145781,0.004948,0.000717,-0.025537,0.003597,0.003008,0.515979,0.000220,0.536969,0.603053,-0.004354,0.534529,0.000000,-0.069444
2.852000,6.879088,-0.525995,3.775818,2.280093,0.450433,-0.060773,0.060773,3.000000,2.324159,0.004905,0.000969,-0.026274,0.003288,0.000743,0.515692,0.000257,0.536988,0.603108,-0.004345,0.534529,0.000000,-0.050574
2.863000,6.603855,-0.674015,3.704000,2.004859,0.302413,-0.132592,0.132592,3.000000,2.027539,0.004944,0.000746,-0.027743,0.003958,-0.000148,0.515397,0.000304,0.536982,0.603162,-0.004335,0.534529,0.000000,-0.042894
2.874000,6.987410,-0.645670,3.514296,2.388415,0.330758,-0.322295,0.322295,3.000000,2.411209,0.004953,0.000686,-0.029486,0.004554,0.002990,0.515074,0.000350,0.537010,0.603216,-0.004327,0.534529,0.000000,-0.070025
2.885000,7.678959,-0.645876,3.358373,3.079964,0.330552,-0.478219,0.478219,3.000000,3.097651,0.004971,0.000534,-0.031502,0.004332,0.002957,0.514742,0.000392,0.537040,0.603271,-0.004320,0.534529,0.000000,-0.070304
2.896000,8.058208,-0.779518,3.359699,3.459213,0.196910,-0.476893,0.476893,3.000000,3.464812,0.004992,0.000284,-0.032821,0.005417,0.003141,0.514378,0.000444,0.537077,0.603326,-0.004316,0.534529,0.000000,-0.072533
2.907000,8.089120,-0.789772,3.378016,3.490124,0.186656,-0.458575,0.458575,3.000000,3.495112,0.004993,0.000267,-0.033677,0.005686,0.001644,0.514010,0.000499,0.537083,0.603381,-0.004313,0.534529,0.000000,-0.059924
2.918000,7.577304,-0.702832,3.555199,2.978309,0.273596,-0.281392,0.281392,3.000000,2.990849,0.004979,0.000457,-0.031546,0.003496,0.000431,0.513653,0.000550,0.537107,0.603435,-0.004310,0.534529,0.000000,-0.050058
2.929000,6.737441,-0.692959,3.918165,2.138446,0.283469,0.081574,0.000000,3.000000,2.157152,0.004957,0.000657,-0.029504,0.005100,-0.003851,0.513321,0.000608,0.537061,0.603490,-0.004303,0.534529,0.000000,-0.012904
2.940000,6.530623,-0.710781,4.159951,1.931628,0.265647,0.323359,0.000000,3.000000,1.949809,0.004953,0.000681,-0.029584,0.006384,-0.005563,0.512996,0.000672,0.536998,0.603544,-0.004295,0.534529,0.000000,0.002749
2.951000,7.155245,-0.852744,4.050724,2.556250,0.123685,0.214133,0.000000,3.000000,2.559240,0.004994,0.000242,-0.031534,0.006361,-0.004089,0.512663,0.000740,0.536945,0.603599,-0.004290,0.534529,0.000000,-0.008794
2.962000,8.054473,-0.946688,3.937412,3.455477,0.029740,0.100820,0.000000,3.000000,3.455605,0.005000,0.000043,-0.033931,0.006986,-0.002398,0.512290,0.000816,0.536915,0.603654,-0.004289,0.534529,0.000000,-0.022601
2.973000,8.219870,-0.922541,3.965041,3.620874,0.053887,0.128450,0.000000,3.000000,3.621275,0.004999,0.000074,-0.033087,0.006076,-0.004718,0.511920,0.000890,0.536873,0.603709,-0.004288,0.534529,0.000000,-0.002158
2.984000,7.201875,-0.811286,4.143881,2.602880,0.165142,0.307290,0.000000,3.000000,2.608113,0.004990,0.000317,-0.031284,0.006960,-0.008503,0.511570,0.000966,0.536786,0.603764,-0.004286,0.534529,0.000000,0.031524
2.995000,6.141478,-0.856996,4.207240,1.542483,0.119433,0.370648,0.000000,3.000000,1.547099,0.004985,0.000386,-0.029264,0.008409,-0.011153,0.511241,0.001054,0.536667,0.603819,-0.004282,0.534529,0.000000,0.056146
3.006000,6.160719,-0.970576,4.114344,1.561724,0.005852,0.277752,0.000000,3.000000,1.561735,0.005000,0.000019,-0.029583,0.009108,-0.008287,0.510917,0.001154,0.536570,0.603874,-0.004280,0.534529,0.000000,0.033575
3.017000,6.883794,-0.912378,4.064992,2.284798,0.064051,0.228400,0.000000,3.000000,2.285696,0.004998,0.000140,-0.029956,0.008781,-0.007102,0.510593,0.001253,0.536488,0.603929,-0.004279,0.534529,0.000000,0.024994
3.028000,7.728069,-0.890919,4.044032,3.129074,0.085509,0.207440,0.000000,3.000000,3.130242,0.004998,0.000137,-0.030506,0.008544,-0.004680,0.510259,0.001351,0.536435,0.603984,-0.004278,0.534529,0.000000,0.005396
3.039000,8.137979,-0.946846,3.883073,3.538984,0.029582,0.046482,0.000000,3.000000,3.539107,0.005000,0.000042,-0.027171,0.010649,-0.001222,0.509950,0.001457,0.536427,0.604039,-0.004276,0.534529,0.000000,-0.023801
3.050000,7.736775,-0.905668,3.954735,3.137780,0.070760,0.118144,0.000000,3.000000,3.138578,0.004999,0.000113,-0.024495,0.010486,-0.000764,0.509673,0.001568,0.536419,0.604094,-0.004276,0.534529,0.000000,-0.027535
3.061000,7.338116,-0.853394,4.052238,2.739121,0.123034,0.215647,0.000000,3.000000,2.741883,0.004995,0.000224,-0.022483,0.011131,-0.000172,0.509421,0.001682,0.536413,0.604149,-0.004274,0.534529,0.000000,-0.032464
3.072000,6.782071,-0.808200,4.079095,2.183076,0.168228,0.242504,0.000000,3.000000,2.189549,0.004985,0.000384,-0.020113,0.010390,-0.000599,0.509194,0.001791,0.536404,0.604204,-0.004271,0.534529,0.000000,-0.028668
3.083000,6.783529,-0.770844,3.950795,2.184534,0.205584,0.114204,0.000000,3.000000,2.194187,0.004978,0.000468,-0.019214,0.010928,0.000871,0.508983,0.001907,0.536398,0.604259,-0.004266,0.534529,0.000000,-0.041029
3.094000,6.964307,-0.770271,3.815472,2.365312,0.206157,-0.021120,0.021120,3.000000,2.374279,0.004981,0.000434,-0.017654,0.011197,0.000245,0.508782,0.002028,0.536409,0.604313,-0.004261,0.534529,0.000000,-0.035927
3.105000,7.073450,-0.836890,3.809978,2.474455,0.139538,-0.026613,0.026613,3.000000,2.478386,0.004992,0.000282,-0.017594,0.010088,0.000911,0.508587,0.002153,0.536413,0.604368,-0.004257,0.534529,0.000000,-0.041644
3.116000,7.324515,-0.898566,3.755936,2.725520,0.077863,-0.080656,0.080656,3.000000,2.726632,0.004998,0.000143,-0.018081,0.012670,0.001349,0.508394,0.002291,0.536421,0.604423,-0.004255,0.534529,0.000000,-0.045509
3.127000,7.493500,-0.868868,3.655227,2.894505,0.107560,-0.181365,0.181365,3.000000,2.896503,0.004997,0.000186,-0.018934,0.011583,0.000894,0.508195,0.002420,0.536434,0.604478,-0.004253,0.534529,0.000000,-0.041885
3.138000,7.344207,-0.769030,3.594924,2.745212,0.207398,-0.241668,0.241668,3.000000,2.753035,0.004986,0.000377,-0.018668,0.010457,-0.000473,0.507981,0.002547,0.536430,0.604533,-0.004250,0.534529,0.000000,-0.030206
3.149000,6.791175,-0.711633,3.645648,2.192180,0.264795,-0.190943,0.190943,3.000000,2.208115,0.004964,0.000600,-0.019646,0.011324,-0.004181,0.507764,0.002673,0.536388,0.604588,-0.004244,0.534529,0.000000,0.002007
3.160000,6.413102,-0.703528,3.664426,1.814107,0.272900,-0.172166,0.172166,3.000000,1.834518,0.004944,0.000744,-0.020802,0.012414,-0.006712,0.507535,0.002800,0.536325,0.604642,-0.004236,0.534529,0.000000,0.024631
3.171000,6.301810,-0.754247,3.604593,1.702815,0.222181,-0.231999,0.231999,3.000000,1.717249,0.004958,0.000647,-0.022141,0.010016,-0.007758,0.507296,0.002918,0.536245,0.604697,-0.004229,0.534529,0.000000,0.034948
3.182000,6.346954,-0.675111,3.631783,1.747958,0.301318,-0.204808,0.204808,3.000000,1.773739,0.004927,0.000849,-0.023494,0.011247,-0.007372,0.507044,0.003034,0.536155,0.604751,-0.004220,0.534529,0.000000,0.033281
3.193000,6.915662,-0.675179,3.480705,2.316667,0.301249,-0.355886,0.355886,3.000000,2.336171,0.004958,0.000645,-0.026699,0.009277,-0.007381,0.506760,0.003144,0.536080,0.604805,-0.004212,0.534529,0.000000,0.034710
3.204000,7.251128,-0.602806,3.444722,2.652133,0.373622,-0.391870,0.391870,3.000000,2.678321,0.004951,0.000697,-0.027499,0.008526,-0.008139,0.506466,0.003241,0.536000,0.604860,-0.004205,0.534529,0.000000,0.042580
3.215000,7.153378,-0.568238,3.604383,2.554383,0.408190,-0.232208,0.232208,3.000000,2.586792,0.004937,0.000789,-0.027001,0.007000,-0.008277,0.506159,0.003336,0.535909,0.604914,-0.004197,0.534529,0.000000,0.045387
3.226000,7.074798,-0.494193,3.693136,2.475803,0.482235,-0.143456,0.143456,3.000000,2.522330,0.004908,0.000956,-0.026635,0.007202,-0.007618,0.505863,0.003422,0.535825,0.604968,-0.004187,0.534529,0.000000,0.041309
3.237000,7.095865,-0.460146,3.689507,2.496870,0.516283,-0.147085,0.147085,3.000000,2.549688,0.004896,0.001012,-0.026936,0.004888,-0.006584,0.505567,0.003490,0.535746,0.605022,-0.004176,0.534529,0.000000,0.033958
3.248000,7.473950,-0.415962,3.626199,2.874955,0.560466,-0.210392,0.210392,3.000000,2.929076,0.004908,0.000957,-0.029539,0.005495,-0.005294,0.505249,0.003554,0.535677,0.605076,-0.004165,0.534529,0.000000,0.024249
3.259000,7.879254,-0.415608,3.667345,3.280259,0.560820,-0.169247,0.169247,3.000000,3.327855,0.004928,0.000843,-0.031171,0.004138,-0.006011,0.504910,0.003605,0.535613,0.605130,-0.004155,0.534529,0.000000,0.031485
3.270000,7.595407,-0.346807,3.797638,2.996412,0.629621,-0.038953,0.038953,3.000000,3.061847,0.004893,0.001028,-0.030005,0.004023,-0.007540,0.504587,0.003648,0.535529,0.605184,-0.004145,0.534529,0.000000,0.045973
3.281000,6.965966,-0.334162,4.056867,2.366971,0.642266,0.220275,0.000000,3.000000,2.452561,0.004826,0.001309,-0.027993,0.003174,-0.010768,0.504272,0.003683,0.535424,0.605238,-0.004132,0.534529,0.000000,0.075260
3.292000,6.643972,-0.306599,4.174967,2.044977,0.669829,0.338375,0.000000,3.000000,2.151884,0.004752,0.001556,-0.028312,0.002629,-0.010339,0.503964,0.003713,0.535308,0.605290,-0.004116,0.534529,0.000000,0.073712
3.303000,6.930711,-0.357190,4.095419,2.331716,0.619238,0.258827,0.000000,3.000000,2.412541,0.004832,0.001283,-0.028127,0.001825,-0.008068,0.503659,0.003740,0.535205,0.605343,-0.004100,0.534529,0.000000,0.056283
3.314000,7.571359,-0.406001,4.045362,2.972364,0.570427,0.208770,0.000000,3.000000,3.026604,0.004910,0.000942,-0.028397,0.002032,-0.006863,0.503349,0.003764,0.535129,0.605397,-0.004088,0.534529,0.000000,0.047425
3.325000,7.838122,-0.411406,4.207240,3.239126,0.565022,0.370649,0.000000,3.000000,3.288037,0.004926,0.000859,-0.028770,0.002137,-0.006122,0.503036,0.003781,0.535056,0.605451,-0.004078,0.534529,0.000000,0.042456
3.336000,7.782871,-0.415545,4.259505,3.183876,0.560883,0.422913,0.000000,3.000000,3.232902,0.004924,0.000867,-0.027254,0.001701,-0.005749,0.502730,0.003794,0.534988,0.605505,-0.004069,0.534529,0.000000,0.040504
3.347000,7.047016,-0.392903,4.296543,2.448021,0.583525,0.459952,0.000000,3.000000,2.516606,0.004864,0.001159,-0.023348,0.000422,-0.006072,0.502458,0.003804,0.534930,0.605559,-0.004058,0.534529,0.000000,0.044296
3.358000,6.423532,-0.383901,4.450235,1.824537,0.592527,0.613643,0.000000,3.000000,1.918339,0.004756,0.001544,-0.020793,0.001969,-0.003520,0.502226,0.003817,0.534881,0.605612,-0.004043,0.534529,0.000000,0.023522
3.369000,6.428822,-0.358916,4.542015,1.829827,0.617512,0.705423,0.000000,3.000000,1.931214,0.004738,0.001599,-0.020378,0.001649,-0.002645,0.502001,0.003830,0.534848,0.605664,-0.004025,0.534529,0.000000,0.016696
3.380000,7.334860,-0.398025,4.383179,2.735865,0.578403,0.546588,0.000000,3.000000,2.796338,0.004892,0.001034,-0.021101,0.001423,0.001791,0.501767,0.003842,0.534858,0.605717,-0.004011,0.534529,0.000000,-0.021123
3.391000,8.087049,-0.387738,4.118952,3.488054,0.588691,0.282361,0.000000,3.000000,3.537383,0.004930,0.000832,-0.021721,0.001339,0.003602,0.501528,0.003855,0.534897,0.605771,-0.004001,0.534529,0.000000,-0.037192
3.402000,7.992076,-0.384760,4.005204,3.393080,0.591669,0.168612,0.000000,3.000000,3.444280,0.004926,0.000859,-0.020487,0.001387,0.004207,0.501296,0.003868,0.534944,0.605825,-0.003992,0.534529,0.000000,-0.043173
3.413000,7.434794,-0.335771,3.976903,2.835799,0.640657,0.140311,0.000000,3.000000,2.907266,0.004877,0.001102,-0.018467,0.001122,0.002917,0.501085,0.003880,0.534985,0.605879,-0.003981,0.534529,0.000000,-0.032963
3.424000,6.721780,-0.298056,3.988158,2.122785,0.678372,0.151567,0.000000,3.000000,2.228543,0.004763,0.001522,-0.018156,0.002379,0.002689,0.500890,0.003897,0.535017,0.605932,-0.003966,0.534529,0.000000,-0.031599
3.435000,6.665793,-0.363444,3.935009,2.066798,0.612984,0.098418,0.000000,3.000000,2.155784,0.004794,0.001422,-0.018405,0.001150,0.002602,0.500697,0.003904,0.535043,0.605985,-0.003950,0.534529,0.000000,-0.031336
3.446000,7.130357,-0.389663,3.829679,2.531361,0.586765,-0.006912,0.006912,3.000000,2.598477,0.004871,0.001129,-0.020748,0.000658,0.004206,0.500476,0.003914,0.535080,0.606038,-0.003936,0.534529,0.000000,-0.045601
3.457000,7.617147,-0.412512,3.755189,3.018152,0.563916,-0.081402,0.081402,3.000000,3.070382,0.004915,0.000918,-0.022388,0.000882,0.002343,0.500234,0.003929,0.535115,0.606092,-0.003925,0.534529,0.000000,-0.030436
3.468000,7.599763,-0.377861,3.579477,3.000768,0.598567,-0.257115,0.257115,3.000000,3.059884,0.004903,0.000978,-0.021625,0.000890,0.001025,0.499989,0.003941,0.535143,0.606146,-0.003915,0.534529,0.000000,-0.019745
3.479000,7.027311,-0.425436,3.636060,2.428316,0.550993,-0.200531,0.200531,3.000000,2.490043,0.004876,0.001106,-0.021040,0.002303,-0.000332,0.499753,0.003957,0.535149,0.606199,-0.003903,0.534529,0.000000,-0.008351
3.490000,6.635667,-0.439539,3.684461,2.036672,0.536889,-0.152130,0.152130,3.000000,2.106248,0.004835,0.001275,-0.020425,0.002248,-0.000172,0.499521,0.003973,0.535156,0.606253,-0.003889,0.534529,0.000000,-0.009822
3.501000,6.596620,-0.399372,3.763823,1.997625,0.577056,-0.072769,0.072769,3.000000,2.079302,0.004804,0.001388,-0.021913,0.000628,-0.000656,0.499284,0.003986,0.535144,0.606306,-0.003875,0.534529,0.000000,-0.005505
3.512000,7.120566,-0.442659,3.685292,2.521571,0.533769,-0.151300,0.151300,3.000000,2.577446,0.004892,0.001035,-0.024425,0.002146,0.000966,0.499026,0.004004,0.535143,0.606359,-0.003862,0.534529,0.000000,-0.019252
3.523000,7.556784,-0.493073,3.674691,2.957788,0.483355,-0.161901,0.161901,3.000000,2.997023,0.004935,0.000806,-0.025671,0.001036,-0.000643,0.498746,0.004016,0.535130,0.606413,-0.003852,0.534529,0.000000,-0.005368
3.534000,7.513972,-0.436882,3.736754,2.914977,0.539546,-0.099837,0.099837,3.000000,2.964490,0.004916,0.000910,-0.025622,0.000478,-0.001120,0.498467,0.004025,0.535118,0.606468,-0.003843,0.534529,0.000000,-0.001103
3.545000,6.919934,-0.469189,3.983786,2.320939,0.507239,0.147195,0.000000,3.000000,2.375720,0.004885,0.001068,-0.024706,0.001249,-0.002035,0.498194,0.004038,0.535097,0.606521,-0.003832,0.534529,0.000000,0.007040
3.556000,6.409441,-0.409617,4.129704,1.810446,0.566811,0.293112,0.000000,3.000000,1.897101,0.004772,0.001494,-0.024079,0.001680,-0.003827,0.497929,0.004054,0.535053,0.606575,-0.003818,0.534529,0.000000,0.023040
3.567000,6.296620,-0.431643,4.236849,1.697625,0.544785,0.400257,0.000000,3.000000,1.782897,0.004761,0.001528,-0.024890,0.001286,-0.005379,0.497659,0.004065,0.535002,0.606627,-0.003801,0.534529,0.000000,0.037123
3.578000,6.807009,-0.442852,4.149952,2.208014,0.533576,0.313360,0.000000,3.000000,2.271570,0.004860,0.001174,-0.026443,0.002140,-0.004171,0.497367,0.004086,0.534959,0.606680,-0.003786,0.534529,0.000000,0.027644
3.589000,7.260840,-0.458453,4.033258,2.661845,0.517975,0.196666,0.000000,3.000000,2.711774,0.004908,0.000955,-0.027807,0.001587,-0.002160,0.497068,0.004105,0.534924,0.606734,-0.003775,0.534529,0.000000,0.011212
3.600000,7.534543,-0.506970,3.988977,2.935548,0.469458,0.152385,0.000000,3.000000,2.972850,0.004937,0.000790,-0.027985,0.000315,-0.001787,0.496753,0.004123,0.534901,0.606788,-0.003766,0.534529,0.000000,0.008461
3.611000,7.512734,-0.522799,4.034618,2.913739,0.453629,0.198027,0.000000,3.000000,2.948839,0.004940,0.000769,-0.029155,0.001842,-0.003445,0.496434,0.004142,0.534872,0.606842,-0.003757,0.534529,0.000000,0.023058
3.622000,7.185761,-0.539668,4.126161,2.586766,0.436760,0.289569,0.000000,3.000000,2.623379,0.004930,0.000832,-0.028881,0.002029,-0.004137,0.496119,0.004160,0.534828,0.606897,-0.003748,0.534529,0.000000,0.029707
3.633000,6.770621,-0.541058,4.181689,2.171626,0.435370,0.345097,0.000000,3.000000,2.214838,0.004902,0.000983,-0.026804,0.000793,-0.004795,0.495814,0.004173,0.534770,0.606951,-0.003738,0.534529,0.000000,0.036355
3.644000,6.396248,-0.472936,4.237931,1.797253,0.503492,0.401339,0.000000,3.000000,1.866447,0.004815,0.001349,-0.025821,0.001457,-0.006437,0.495528,0.004193,0.534708,0.607004,-0.003725,0.534529,0.000000,0.051391
3.655000,6.389641,-0.596843,4.327697,1.790646,0.379585,0.491106,0.000000,3.000000,1.830437,0.004891,0.001037,-0.025248,0.002372,-0.004892,0.495251,0.004220,0.534660,0.607057,-0.003712,0.534529,0.000000,0.039139
3.666000,6.813149,-0.716550,4.347630,2.214154,0.259878,0.511038,0.000000,3.000000,2.229353,0.004966,0.000583,-0.023566,0.003297,-0.004615,0.494987,0.004252,0.534617,0.607112,-0.003703,0.534529,0.000000,0.037577
3.677000,7.105101,-0.743218,4.294214,2.506105,0.233210,0.457623,0.000000,3.000000,2.516933,0.004978,0.000463,-0.023091,0.003841,-0.000266,0.494725,0.004290,0.534605,0.607166,-0.003697,0.534529,0.000000,0.000889
3.688000,7.351192,-0.690495,4.100216,2.752197,0.285933,0.263625,0.000000,3.000000,2.767010,0.004973,0.000517,-0.021344,0.003608,0.001657,0.494484,0.004325,0.534623,0.607221,-0.003692,0.534529,0.000000,-0.015759
3.699000,6.927319,-0.678973,4.223642,2.328324,0.297455,0.387050,0.000000,3.000000,2.347248,0.004960,0.000634,-0.018717,0.003023,0.003343,0.494272,0.004362,0.534659,0.607276,-0.003686,0.534529,0.000000,-0.030707
3.710000,6.566677,-0.601912,4.202131,1.967682,0.374516,0.365539,0.000000,3.000000,2.003007,0.004912,0.000935,-0.017296,0.002854,0.004425,0.494081,0.004391,0.534709,0.607330,-0.003677,0.534529,0.000000,-0.040793
3.721000,6.334529,-0.512038,4.202517,1.735534,0.464390,0.365925,0.000000,3.000000,1.796590,0.004830,0.001292,-0.015721,0.000964,0.005772,0.493902,0.004411,0.534770,0.607384,-0.003665,0.534529,0.000000,-0.053309
3.732000,6.256621,-0.435333,4.186852,1.657626,0.541095,0.350260,0.000000,3.000000,1.743705,0.004753,0.001552,-0.015391,-0.000281,0.005737,0.493732,0.004423,0.534835,0.607436,-0.003649,0.534529,0.000000,-0.054199
3.743000,6.327828,-0.410225,4.124651,1.728833,0.566203,0.288060,0.000000,3.000000,1.819189,0.004752,0.001556,-0.014852,0.001029,0.007746,0.493571,0.004432,0.534906,0.607488,-0.003632,0.534529,0.000000,-0.072516
3.754000,6.594135,-0.372910,4.066468,1.995140,0.603518,0.229876,0.000000,3.000000,2.084422,0.004786,0.001448,-0.014611,0.001463,0.007557,0.493404,0.004444,0.534989,0.607541,-0.003615,0.534529,0.000000,-0.072415
3.765000,6.782325,-0.407888,4.010810,2.183330,0.568540,0.174219,0.000000,3.000000,2.256140,0.004839,0.001260,-0.014925,0.000876,0.008562,0.493235,0.004451,0.535080,0.607594,-0.003600,0.534529,0.000000,-0.082581
3.776000,6.864097,-0.408502,3.979099,2.265102,0.567927,0.142507,0.000000,3.000000,2.335215,0.004850,0.001216,-0.014654,0.000464,0.008555,0.493071,0.004462,0.535170,0.607647,-0.003587,0.534529,0.000000,-0.084139
3.787000,6.856424,-0.393728,3.957929,2.257429,0.582700,0.121338,0.000000,3.000000,2.331421,0.004841,0.001250,-0.014788,0.000729,0.008280,0.492908,0.004471,0.535260,0.607700,-0.003573,0.534529,0.000000,-0.083433
3.798000,6.743129,-0.374125,4.046849,2.144134,0.602303,0.210258,0.000000,3.000000,2.227123,0.004814,0.001352,-0.014875,0.000966,0.005847,0.492743,0.004483,0.535335,0.607754,-0.003560,0.534529,0.000000,-0.064126
3.809000,6.593781,-0.317248,4.168465,1.994786,0.659180,0.331873,0.000000,3.000000,2.100878,0.004748,0.001569,-0.015189,-0.000410,0.005429,0.492577,0.004481,0.535390,0.607806,-0.003544,0.534529,0.000000,-0.061568
3.820000,6.519915,-0.253402,4.209945,1.920920,0.723026,0.373354,0.000000,3.000000,2.052487,0.004679,0.001761,-0.015506,-0.000338,0.003551,0.492414,0.004481,0.535422,0.607858,-0.003525,0.534529,0.000000,-0.046207
3.831000,6.702103,-0.214758,4.148774,2.103107,0.761670,0.312183,0.000000,3.000000,2.236784,0.004701,0.001703,-0.016540,0.000213,0.001654,0.492236,0.004484,0.535450,0.607910,-0.003506,0.534529,0.000000,-0.030624
3.842000,6.932564,-0.157241,4.112508,2.333569,0.819187,0.275917,0.000000,3.000000,2.473178,0.004718,0.001656,-0.018409,0.000924,0.001102,0.492042,0.004488,0.535463,0.607961,-0.003487,0.534529,0.000000,-0.026165
3.853000,6.970324,-0.112958,4.157668,2.371329,0.863470,0.321076,0.000000,3.000000,2.523645,0.004698,0.001711,-0.018825,0.000025,-0.002441,0.491834,0.004490,0.535428,0.608013,-0.003469,0.534529,0.000000,0.004517
3.864000,6.827097,-0.058313,4.202036,2.228102,0.918115,0.365445,0.000000,3.000000,2.409849,0.004623,0.001905,-0.019819,0.000073,-0.004292,0.491618,0.004500,0.535373,0.608065,-0.003449,0.534529,0.000000,0.021219
3.875000,6.847345,-0.028894,4.212099,2.248350,0.947534,0.375508,0.000000,3.000000,2.439856,0.004608,0.001942,-0.020701,0.000334,-0.008182,0.491390,0.004513,0.535289,0.608115,-0.003428,0.534529,0.000000,0.055746
3.886000,6.673414,-0.060127,4.355468,2.074418,0.916301,0.518877,0.000000,3.000000,2.267778,0.004574,0.002020,-0.021347,0.002302,-0.011758,0.491160,0.004526,0.535176,0.608166,-0.003406,0.534529,0.000000,0.088116
3.897000,6.634075,-0.030361,4.434704,2.035080,0.946067,0.598112,0.000000,3.000000,2.244235,0.004534,0.002108,-0.022024,0.002106,-0.013942,0.490919,0.004537,0.535023,0.608216,-0.003384,0.534529,0.000000,0.109403
3.908000,6.757849,-0.009356,4.545374,2.158853,0.967072,0.708782,0.000000,3.000000,2.365561,0.004563,0.002044,-0.022561,0.001129,-0.017085,0.490673,0.004548,0.534841,0.608266,-0.003361,0.534529,0.000000,0.139347
3.919000,6.893095,-0.089453,4.628814,2.294100,0.886975,0.792222,0.000000,3.000000,2.459597,0.004664,0.001803,-0.022492,0.002707,-0.018473,0.490420,0.004565,0.534649,0.608317,-0.003340,0.534529,0.000000,0.154590
3.930000,7.082532,-0.127071,4.682580,2.483537,0.849357,0.845988,0.000000,3.000000,2.624760,0.004731,0.001618,-0.022886,0.000908,-0.018344,0.490170,0.004577,0.534449,0.608369,-0.003321,0.534529,0.000000,0.157095
3.941000,7.283490,-0.160528,4.636282,2.684495,0.815900,0.799691,0.000000,3.000000,2.805745,0.004784,0.001454,-0.024051,0.001598,-0.017214,0.489910,0.004594,0.534264,0.608421,-0.003304,0.534529,0.000000,0.150839
3.952000,7.500555,-0.224316,4.511484,2.901560,0.752112,0.674892,0.000000,3.000000,2.997452,0.004840,0.001255,-0.026001,0.001593,-0.018099,0.489631,0.004613,0.534074,0.608474,-0.003290,0.534529,0.000000,0.161752
3.963000,6.872689,-0.252585,4.674041,2.273694,0.723844,0.837449,0.000000,3.000000,2.386134,0.004764,0.001517,-0.025338,0.001307,-0.022580,0.489351,0.004627,0.533835,0.608527,-0.003275,0.534529,0.000000,0.204085
3.974000,6.048272,-0.265207,4.710926,1.449277,0.711221,0.874335,0.000000,3.000000,1.614385,0.004489,0.002203,-0.023950,0.001768,-0.024228,0.489082,0.004646,0.533584,0.608578,-0.003255,0.534529,0.000000,0.222585
3.985000,5.651317,-0.286619,4.816355,1.052322,0.689810,0.979764,0.000000,3.000000,1.258260,0.004182,0.002741,-0.023943,0.000800,-0.024800,0.488823,0.004657,0.533306,0.608625,-0.003227,0.534529,0.000000,0.232449
3.996000,5.913704,-0.383887,4.730477,1.314709,0.592541,0.893886,0.000000,3.000000,1.442070,0.004558,0.002054,-0.024488,0.001571,-0.024467,0.488553,0.004676,0.533040,0.608673,-0.003200,0.534529,0.000000,0.234399
4.006000,6.740657,-0.505864,4.580237,2.141662,0.470564,0.743645,0.000000,3.000000,2.192749,0.004884,0.001073,-0.026642,0.001643,-0.020502,0.488291,0.004693,0.532827,0.608721,-0.003185,0.534529,0.000000,0.204592
4.016000,7.572865,-0.495259,4.399485,2.973869,0.481169,0.562894,0.000000,3.000000,3.012544,0.004936,0.000799,-0.026198,0.000983,-0.016835,0.488025,0.004708,0.532647,0.608770,-0.003176,0.534529,0.000000,0.176717
4.026000,7.592209,-0.502605,4.414458,2.993214,0.473823,0.577866,0.000000,3.000000,3.030485,0.004939,0.000782,-0.025726,0.001126,-0.016922,0.487765,0.004720,0.532477,0.608819,-0.003168,0.534529,0.000000,0.180512
4.036000,7.173141,-0.466666,4.473339,2.574145,0.509762,0.636748,0.000000,3.000000,2.624134,0.004905,0.000971,-0.023824,0.001482,-0.016920,0.487522,0.004729,0.532310,0.608869,-0.003160,0.534529,0.000000,0.183500
4.046000,6.518739,-0.429873,4.455565,1.919744,0.546556,0.618974,0.000000,3.000000,1.996031,0.004809,0.001369,-0.021345,0.000648,-0.015805,0.487305,0.004737,0.532156,0.608917,-0.003148,0.534529,0.000000,0.176813
4.056000,6.030000,-0.408423,4.569526,1.431005,0.568005,0.732935,0.000000,3.000000,1.539612,0.004647,0.001845,-0.018090,-0.000595,-0.014402,0.487119,0.004739,0.532019,0.608965,-0.003132,0.534529,0.000000,0.167386
4.066000,6.070351,-0.407381,4.738577,1.471356,0.569047,0.901986,0.000000,3.000000,1.577562,0.004663,0.001804,-0.017035,0.000638,-0.010860,0.486947,0.004747,0.531905,0.609011,-0.003112,0.534529,0.000000,0.139372
4.076000,6.743677,-0.452175,4.638371,2.144682,0.524253,0.801779,0.000000,3.000000,2.207827,0.004857,0.001187,-0.018212,0.001131,-0.007255,0.486770,0.004756,0.531829,0.609058,-0.003098,0.534529,0.000000,0.110150
4.086000,7.500367,-0.480841,4.580589,2.901372,0.495587,0.743998,0.000000,3.000000,2.943394,0.004929,0.000842,-0.018064,0.001377,-0.003629,0.486589,0.004765,0.531787,0.609107,-0.003088,0.534529,0.000000,0.080141
4.096000,7.716180,-0.518455,4.564549,3.117185,0.457973,0.727957,0.000000,3.000000,3.150647,0.004947,0.000727,-0.017753,0.001653,-0.002304,0.486409,0.004775,0.531755,0.609157,-0.003080,0.534529,0.000000,0.069477
4.106000,7.316372,-0.481961,4.545798,2.717377,0.494467,0.709207,0.000000,3.000000,2.761998,0.004919,0.000895,-0.016670,0.000333,-0.002715,0.486240,0.004779,0.531726,0.609206,-0.003073,0.534529,0.000000,0.073493
4.116000,6.671295,-0.480690,4.655550,2.072300,0.495738,0.818958,0.000000,3.000000,2.130771,0.004863,0.001163,-0.014872,0.000446,-0.004285,0.486086,0.004787,0.531677,0.609255,-0.003062,0.534529,0.000000,0.087686
4.126000,6.054735,-0.472763,4.804936,1.455739,0.503665,0.968344,0.000000,3.000000,1.540408,0.004725,0.001635,-0.012067,0.000130,-0.005296,0.485958,0.004794,0.531629,0.609303,-0.003048,0.534529,0.000000,0.097127
4.136000,6.002280,-0.418958,4.856664,1.403285,0.557470,1.020072,0.000000,3.000000,1.509961,0.004647,0.001846,-0.010760,0.000302,-0.004327,0.485852,0.004796,0.531579,0.609350,-0.003030,0.534529,0.000000,0.089800
4.146000,6.734169,-0.471392,4.726208,2.135174,0.505036,0.889616,0.000000,3.000000,2.194090,0.004866,0.001151,-0.014108,0.000157,-0.003219,0.485719,0.004797,0.531552,0.609397,-0.003014,0.534529,0.000000,0.080903
4.156000,7.277335,-0.538426,4.750081,2.678340,0.438002,0.913490,0.000000,3.000000,2.713918,0.004934,0.000807,-0.015362,0.000177,-0.004006,0.485573,0.004799,0.531517,0.609446,-0.003005,0.534529,0.000000,0.088199
4.166000,7.733763,-0.518162,4.654999,3.134768,0.458266,0.818407,0.000000,3.000000,3.168087,0.004947,0.000723,-0.016636,0.000046,-0.003131,0.485408,0.004803,0.531481,0.609496,-0.002998,0.534529,0.000000,0.081424
4.176000,7.761633,-0.506883,4.607975,3.162638,0.469545,0.771384,0.000000,3.000000,3.197304,0.004946,0.000734,-0.017722,0.000084,-0.003721,0.485231,0.004804,0.531443,0.609545,-0.002990,0.534529,0.000000,0.087112
4.186000,7.259102,-0.518472,4.681755,2.660106,0.457956,0.845163,0.000000,3.000000,2.699239,0.004928,0.000848,-0.017532,0.000773,-0.006188,0.485053,0.004811,0.531384,0.609595,-0.002983,0.534529,0.000000,0.109117
4.196000,6.701408,-0.394983,4.803367,2.102413,0.581445,0.966775,0.000000,3.000000,2.181334,0.004819,0.001333,-0.017899,0.000827,-0.007209,0.484873,0.004818,0.531306,0.609643,-0.002972,0.534529,0.000000,0.119181
4.206000,6.293957,-0.329153,4.941250,1.694962,0.647275,1.104659,0.000000,3.000000,1.814349,0.004671,0.001784,-0.018062,0.000315,-0.008816,0.484699,0.004815,0.531210,0.609691,-0.002956,0.534529,0.000000,0.134539
4.216000,6.308256,-0.342917,5.036207,1.709261,0.633511,1.199616,0.000000,3.000000,1.822885,0.004688,0.001738,-0.019656,0.001246,-0.011562,0.484506,0.004820,0.531095,0.609737,-0.002937,0.534529,0.000000,0.159915
4.226000,6.710709,-0.279019,5.047148,2.111714,0.697410,1.210556,0.000000,3.000000,2.223897,0.004748,0.001568,-0.021425,0.000353,-0.010641,0.484292,0.004822,0.530986,0.609784,-0.002921,0.534529,0.000000,0.154063
4.236000,7.180665,-0.162102,5.132220,2.581669,0.814327,1.295628,0.000000,3.000000,2.707055,0.004768,0.001504,-0.023475,-0.000617,-0.009300,0.484065,0.004820,0.530881,0.609832,-0.002906,0.534529,0.000000,0.144572
4.246000,7.669536,-0.205683,5.160870,3.070541,0.770745,1.324278,0.000000,3.000000,3.165797,0.004850,0.001217,-0.024417,0.000919,-0.010230,0.483823,0.004829,0.530775,0.609880,-0.002892,0.534529,0.000000,0.154381
4.256000,7.727766,-0.244416,5.265433,3.128771,0.732012,1.428841,0.000000,3.000000,3.213261,0.004869,0.001139,-0.025691,0.000780,-0.013807,0.483565,0.004836,0.530660,0.609929,-0.002881,0.534529,0.000000,0.186794
4.266000,7.510782,-0.183063,5.423849,2.911787,0.793365,1.587258,0.000000,3.000000,3.017935,0.004824,0.001314,-0.025376,0.001689,-0.013205,0.483307,0.004847,0.530527,0.609977,-0.002869,0.534529,0.000000,0.184086
4.276000,7.154560,-0.134149,5.569894,2.555565,0.842280,1.733302,0.000000,3.000000,2.690789,0.004749,0.001565,-0.025909,0.001110,-0.016823,0.483052,0.004857,0.530360,0.610025,-0.002854,0.534529,0.000000,0.217786
4.286000,7.099935,-0.125732,5.722577,2.500940,0.850696,1.885986,0.000000,3.000000,2.641663,0.004734,0.001610,-0.026797,0.000773,-0.018736,0.482793,0.004866,0.530184,0.610073,-0.002838,0.534529,0.000000,0.237189
4.296000,7.270840,-0.088418,5.863837,2.671844,0.888011,2.027246,0.000000,3.000000,2.815549,0.004745,0.001577,-0.029731,0.001108,-0.020859,0.482496,0.004879,0.529985,0.610120,-0.002822,0.534529,0.000000,0.258779
4.306000,7.820081,-0.144777,5.916859,3.221085,0.831651,2.080267,0.000000,3.000000,3.326715,0.004841,0.001250,-0.032253,0.000001,-0.020074,0.482176,0.004890,0.529785,0.610168,-0.002808,0.534529,0.000000,0.255725
4.316000,8.161793,-0.163396,5.969099,3.562798,0.813032,2.132507,0.000000,3.000000,3.654388,0.004875,0.001112,-0.033546,0.001182,-0.021898,0.481843,0.004903,0.529567,0.610217,-0.002796,0.534529,0.000000,0.275124
4.326000,8.115568,-0.171752,6.296385,3.516573,0.804676,2.459793,0.000000,3.000000,3.607463,0.004874,0.001115,-0.034037,0.001512,-0.024914,0.481506,0.004915,0.529322,0.610265,-0.002785,0.534529,0.000000,0.305120
4.336000,8.040965,-0.167432,6.602812,3.441970,0.808996,2.766221,0.000000,3.000000,3.535764,0.004867,0.001144,-0.032194,0.001349,-0.029285,0.481182,0.004930,0.529052,0.610314,-0.002774,0.534529,0.000000,0.347075
4.346000,7.858995,-0.118620,7.030781,3.259999,0.857809,3.194189,0.000000,3.000000,3.370969,0.004835,0.001272,-0.032061,0.001440,-0.029701,0.480862,0.004942,0.528769,0.610363,-0.002762,0.534529,0.000000,0.355699
4.356000,8.342959,-0.187080,7.208583,3.743964,0.789348,3.371991,0.000000,3.000000,3.826269,0.004892,0.001031,-0.033787,0.000922,-0.029388,0.480529,0.004949,0.528474,0.610411,-0.002750,0.534529,0.000000,0.358344
4.366000,8.909866,-0.259467,7.134274,4.310871,0.716961,3.297683,0.000000,3.000000,4.370085,0.004932,0.000820,-0.036788,0.000671,-0.030007,0.480177,0.004956,0.528174,0.610460,-0.002741,0.534529,0.000000,0.369008
4.376000,9.281464,-0.251754,6.824558,4.682468,0.724674,2.987967,0.000000,3.000000,4.738213,0.004941,0.000765,-0.038851,0.001467,-0.030725,0.479785,0.004966,0.527860,0.610510,-0.002733,0.534529,0.000000,0.380747
4.386000,9.256985,-0.188266,6.639031,4.657990,0.788162,2.802440,0.000000,3.000000,4.724201,0.004930,0.000834,-0.041172,0.000093,-0.035179,0.479373,0.004971,0.527526,0.610559,-0.002726,0.534529,0.000000,0.424559
4.396000,8.365747,-0.088955,6.717732,3.766752,0.887473,2.881141,0.000000,3.000000,3.869888,0.004867,0.001147,-0.042370,0.001511,-0.041419,0.478956,0.004982,0.527128,0.610608,-0.002716,0.534529,0.000000,0.484670
4.406000,7.984945,-0.102967,6.787522,3.385950,0.873461,2.950930,0.000000,3.000000,3.496798,0.004842,0.001249,-0.044424,0.001620,-0.044317,0.478515,0.004992,0.526698,0.610657,-0.002703,0.534529,0.000000,0.516990
4.416000,8.127102,-0.120713,7.124910,3.528107,0.855716,3.288319,0.000000,3.000000,3.630398,0.004859,0.001179,-0.047581,0.001083,-0.045092,0.478048,0.005003,0.526238,0.610705,-0.002691,0.534529,0.000000,0.531856
4.426000,8.814723,-0.112950,7.270014,4.215728,0.863478,3.433422,0.000000,3.000000,4.303249,0.004898,0.001003,-0.048942,0.002140,-0.045241,0.477564,0.005017,0.525776,0.610754,-0.002681,0.534529,0.000000,0.541434
4.436000,9.656477,-0.115795,7.406037,5.057481,0.860633,3.569445,0.000000,3.000000,5.130186,0.004929,0.000839,-0.052720,0.000929,-0.050411,0.477046,0.005022,0.525290,0.610803,-0.002672,0.534529,0.000000,0.594041
4.446000,9.984023,-0.058387,7.601553,5.385028,0.918041,3.764961,0.000000,3.000000,5.462721,0.004929,0.000840,-0.052827,-0.000373,-0.050177,0.476518,0.005024,0.524799,0.610852,-0.002663,0.534529,0.000000,0.600893
4.456000,9.667561,0.063622,7.805478,5.068566,1.040050,3.968887,0.000000,3.000000,5.174173,0.004898,0.001005,-0.052805,0.000787,-0.054171,0.475976,0.005030,0.524260,0.610901,-0.002654,0.534529,0.000000,0.644505
4.466000,8.721833,0.201316,8.161545,4.122838,1.177744,4.324954,0.000000,3.000000,4.287759,0.004808,0.001373,-0.049999,-0.000244,-0.060763,0.475469,0.005022,0.523668,0.610950,-0.002642,0.534529,0.000000,0.711093
4.476000,7.732483,0.405958,8.620691,3.133488,1.382386,4.784099,0.000000,3.000000,3.424871,0.004575,0.002018,-0.047697,-0.001358,-0.062026,0.474990,0.005005,0.523047,0.610997,-0.002625,0.534529,0.000000,0.732970
4.486000,7.710271,0.441006,8.765694,3.111276,1.417434,4.929102,0.000000,3.000000,3.418941,0.004550,0.002073,-0.046619,-0.002190,-0.060980,0.474520,0.004990,0.522423,0.611042,-0.002604,0.534529,0.000000,0.735329
4.496000,8.736210,0.254194,8.172198,4.137215,1.230622,4.335607,0.000000,3.000000,4.316362,0.004792,0.001426,-0.049368,-0.000481,-0.052912,0.474034,0.004987,0.521871,0.611089,-0.002586,0.534529,0.000000,0.676806
4.506000,9.543029,0.134206,7.082483,4.944034,1.110634,3.245891,0.000000,3.000000,5.067245,0.004878,0.001096,-0.047382,-0.001284,-0.049017,0.473549,0.004977,0.521367,0.611138,-0.002575,0.534529,0.000000,0.652827
4.516000,9.163294,0.203467,6.374248,4.564299,1.179895,2.537657,0.000000,3.000000,4.714338,0.004841,0.001251,-0.044065,-0.000817,-0.049631,0.473096,0.004966,0.520876,0.611186,-0.002563,0.534529,0.000000,0.666886
4.526000,8.001460,0.122183,6.217348,3.402465,1.098611,2.380757,0.000000,3.000000,3.575432,0.004758,0.001536,-0.040840,0.000756,-0.049708,0.472693,0.004965,0.520384,0.611234,-0.002549,0.534529,0.000000,0.676394
4.536000,7.327330,-0.049664,6.349119,2.728335,0.926764,2.512528,0.000000,3.000000,2.881441,0.004734,0.001608,-0.040488,0.001076,-0.051311,0.472285,0.004971,0.519860,0.611282,-0.002533,0.534529,0.000000,0.699424
4.546000,7.535351,-0.101803,6.511046,2.936356,0.874625,2.674454,0.000000,3.000000,3.063847,0.004792,0.001427,-0.041773,0.001441,-0.052062,0.471870,0.004987,0.519343,0.611329,-0.002518,0.534529,0.000000,0.715101
4.556000,8.632700,-0.089013,6.408083,4.033705,0.887415,2.571492,0.000000,3.000000,4.130167,0.004883,0.001074,-0.045536,-0.000413,-0.048812,0.471425,0.004994,0.518855,0.611378,-0.002505,0.534529,0.000000,0.696319
4.566000,9.889911,-0.158448,6.102326,5.290916,0.817980,2.265734,0.000000,3.000000,5.353773,0.004941,0.000764,-0.048588,0.001284,-0.044389,0.470952,0.005006,0.518399,0.611427,-0.002496,0.534529,0.000000,0.666989
4.576000,10.613923,-0.177667,5.910141,6.014928,0.798761,2.073549,0.000000,3.000000,6.067732,0.004956,0.000658,-0.048115,0.001067,-0.043235,0.470459,0.005014,0.517988,0.611476,-0.002489,0.534529,0.000000,0.664593
4.586000,9.829492,-0.185748,6.182668,5.230497,0.790680,2.346076,0.000000,3.000000,5.289922,0.004944,0.000747,-0.045177,0.001309,-0.045006,0.469995,0.005025,0.517547,0.611526,-0.002482,0.534529,0.000000,0.687559
4.596000,8.650600,-0.137266,6.615296,4.051605,0.839162,2.778705,0.000000,3.000000,4.137596,0.004896,0.001014,-0.043452,0.000588,-0.043667,0.469559,0.005037,0.517099,0.611575,-0.002474,0.534529,0.000000,0.684255
4.606000,8.478323,-0.128802,6.342888,3.879328,0.847626,2.506296,0.000000,3.000000,3.970851,0.004885,0.001067,-0.044470,0.001586,-0.036535,0.469123,0.005051,0.516715,0.611624,-0.002463,0.534529,0.000000,0.630650
4.616000,8.940595,-0.215613,5.615195,4.341600,0.760815,1.778604,0.000000,3.000000,4.407758,0.004925,0.000863,-0.046298,0.001370,-0.032007,0.468656,0.005069,0.516381,0.611673,-0.002453,0.534529,0.000000,0.598255
4.626000,9.179238,-0.248449,4.918886,4.580242,0.727979,1.082295,0.000000,3.000000,4.637734,0.004938,0.000785,-0.046274,0.001715,-0.027364,0.468190,0.005087,0.516103,0.611722,-0.002445,0.534529,0.000000,0.563855
4.636000,8.783973,-0.293752,4.461203,4.184978,0.682676,0.624612,0.000000,3.000000,4.240293,0.004935,0.000805,-0.046413,0.001972,-0.025564,0.467731,0.005099,0.515848,0.611772,-0.002437,0.534529,0.000000,0.553177
4.646000,8.087007,-0.288791,4.362749,3.488012,0.687637,0.526157,0.000000,3.000000,3.555147,0.004906,0.000967,-0.046175,0.001342,-0.025294,0.467272,0.005113,0.515592,0.611821,-0.002428,0.534529,0.000000,0.555487
4.656000,7.540927,-0.289294,4.650532,2.941932,0.687134,0.813941,0.000000,3.000000,3.021112,0.004869,0.001137,-0.047353,0.002609,-0.025936,0.466804,0.005133,0.515327,0.611870,-0.002418,0.534529,0.000000,0.565696
4.666000,7.696008,-0.240789,4.839120,3.097013,0.735639,1.002529,0.000000,3.000000,3.183183,0.004865,0.001156,-0.049877,0.001776,-0.022644,0.466314,0.005146,0.515087,0.611918,-0.002406,0.534529,0.000000,0.542095
4.676000,8.773795,-0.283821,4.730536,4.174799,0.692607,0.893944,0.000000,3.000000,4.231862,0.004933,0.000818,-0.053446,0.002068,-0.021421,0.465783,0.005162,0.514879,0.611967,-0.002396,0.534529,0.000000,0.535456
4.686000,9.303283,-0.282862,4.968986,4.704287,0.693566,1.132394,0.000000,3.000000,4.755140,0.004947,0.000729,-0.053904,-0.000323,-0.020374,0.465251,0.005169,0.514684,0.612017,-0.002389,0.534529,0.000000,0.530084
4.696000,9.121700,-0.218924,5.136000,4.522705,0.757504,1.299408,0.000000,3.000000,4.585703,0.004931,0.000826,-0.052866,0.000858,-0.019590,0.464716,0.005182,0.514489,0.612066,-0.002381,0.534529,0.000000,0.526944
4.706000,8.698567,-0.171868,5.184853,4.099572,0.804560,1.348262,0.000000,3.000000,4.177776,0.004906,0.000963,-0.051660,0.002305,-0.017171,0.464194,0.005201,0.514305,0.612115,-0.002372,0.534529,0.000000,0.509733
4.716000,8.161705,-0.138576,5.493724,3.562710,0.837852,1.657133,0.000000,3.000000,3.659904,0.004867,0.001145,-0.050193,0.002450,-0.019805,0.463687,0.005217,0.514107,0.612164,-0.002361,0.534529,0.000000,0.535638
4.726000,7.202579,-0.052967,5.987780,2.603583,0.923461,2.151188,0.000000,3.000000,2.762504,0.004712,0.001671,-0.046690,0.002318,-0.021227,0.463215,0.005236,0.513901,0.612212,-0.002347,0.534529,0.000000,0.551410
4.736000,7.193342,0.014292,6.092123,2.594347,0.990720,2.255531,0.000000,3.000000,2.777078,0.004671,0.001784,-0.046394,0.001492,-0.016372,0.462753,0.005248,0.513732,0.612259,-0.002329,0.534529,0.000000,0.513270
4.746000,8.069552,0.025292,5.942811,3.470557,1.001720,2.106220,0.000000,3.000000,3.612231,0.004804,0.001387,-0.046272,0.002164,-0.011987,0.462288,0.005269,0.513599,0.612306,-0.002313,0.534529,0.000000,0.478458
4.756000,9.149203,0.003299,5.430533,4.550208,0.979727,1.593941,0.000000,3.000000,4.654488,0.004888,0.001052,-0.048804,0.000296,-0.005561,0.461805,0.005278,0.513532,0.612355,-0.002301,0.534529,0.000000,0.425124
4.766000,10.177197,0.001166,4.732989,5.578202,0.977595,0.896398,0.000000,3.000000,5.663217,0.004925,0.000863,-0.051265,0.001249,-0.001360,0.461307,0.005293,0.513514,0.612404,-0.002292,0.534529,0.000000,0.389808
4.776000,10.687457,-0.065100,4.138636,6.088462,0.911328,0.302045,0.000000,3.000000,6.156288,0.004945,0.000740,-0.051413,0.002540,0.001439,0.460791,0.005314,0.513531,0.612453,-0.002284,0.534529,0.000000,0.365740
4.786000,9.816964,-0.059836,4.149999,5.217969,0.916592,0.313408,0.000000,3.000000,5.297862,0.004925,0.000865,-0.050809,0.002910,-0.001275,0.460272,0.005338,0.513531,0.612503,-0.002276,0.534529,0.000000,0.388785
4.796000,8.936553,0.042957,4.345120,4.337558,1.019385,0.508529,0.000000,3.000000,4.455733,0.004867,0.001144,-0.051803,0.002371,-0.001048,0.459760,0.005358,0.513514,0.612552,-0.002266,0.534529,0.000000,0.387170
4.806000,8.682299,-0.006488,4.672196,4.083304,0.969940,0.835605,0.000000,3.000000,4.196922,0.004865,0.001156,-0.052979,0.001460,-0.003103,0.459233,0.005379,0.513478,0.612600,-0.002254,0.534529,0.000000,0.405244
4.816000,8.721323,0.041286,5.112800,4.122328,1.017714,1.276209,0.000000,3.000000,4.246096,0.004854,0.001198,-0.053843,0.002690,-0.002401,0.458696,0.005404,0.513438,0.612649,-0.002243,0.534529,0.000000,0.400010
4.826000,9.194951,0.081766,5.198348,4.595956,1.058194,1.361756,0.000000,3.000000,4.716205,0.004873,0.001122,-0.057014,0.000738,-0.002838,0.458137,0.005418,0.513423,0.612697,-0.002231,0.534529,0.000000,0.403980
4.836000,9.708091,0.062086,5.220898,5.109096,1.038514,1.384306,0.000000,3.000000,5.213576,0.004900,0.000996,-0.058786,0.002627,-0.004261,0.457549,0.005441,0.513375,0.612746,-0.002220,0.534529,0.000000,0.416921
4.846000,9.934539,0.044494,5.343071,5.335544,1.020922,1.506480,0.000000,3.000000,5.432339,0.004911,0.000940,-0.060458,0.001790,-0.002933,0.456961,0.005461,0.513349,0.612795,-0.002211,0.534529,0.000000,0.406121
4.856000,9.693951,0.119909,5.590210,5.094956,1.096337,1.753619,0.000000,3.000000,5.211576,0.004888,0.001052,-0.059941,0.002287,-0.008102,0.456363,0.005482,0.513278,0.612844,-0.002201,0.534529,0.000000,0.451266
4.866000,8.987723,0.195453,6.053516,4.388727,1.171881,2.216924,0.000000,3.000000,4.542492,0.004831,0.001290,-0.058667,0.000542,-0.010730,0.455763,0.005497,0.513171,0.612893,-0.002189,0.534529,0.000000,0.475485
4.876000,8.839729,0.204147,6.448414,4.240733,1.180575,2.611822,0.000000,3.000000,4.401997,0.004817,0.001341,-0.059412,0.002324,-0.010729,0.455169,0.005522,0.513055,0.612941,-0.002176,0.534529,0.000000,0.477568
4.886000,9.121292,0.180195,6.621272,4.522297,1.156623,2.784680,0.000000,3.000000,4.667863,0.004844,0.001239,-0.058892,0.001521,-0.012268,0.454575,0.005540,0.512936,0.612990,-0.002163,0.534529,0.000000,0.492758
4.896000,9.099765,0.260325,6.761062,4.500770,1.236753,2.924471,0.000000,3.000000,4.667600,0.004821,0.001325,-0.059656,0.000107,-0.011939,0.453984,0.005550,0.512815,0.613038,-0.002150,0.534529,0.000000,0.492154
4.906000,9.437934,0.345430,6.196973,4.838939,1.321859,2.360381,0.000000,3.000000,5.016238,0.004823,0.001318,-0.060652,0.000641,-0.007015,0.453385,0.005561,0.512736,0.613086,-0.002137,0.534529,0.000000,0.451786
4.916000,10.081209,0.276362,5.293066,5.482214,1.252790,1.456474,0.000000,3.000000,5.623535,0.004874,0.001114,-0.062234,0.001152,-0.004447,0.452761,0.005573,0.512692,0.613134,-0.002125,0.534529,0.000000,0.430791
4.926000,10.294766,0.248117,4.661041,5.695771,1.224545,0.824450,0.000000,3.000000,5.825918,0.004888,0.001051,-0.063127,0.002172,-0.000453,0.452140,0.005590,0.512684,0.613183,-0.002114,0.534529,0.000000,0.397044
4.936000,10.242334,0.122523,4.388633,5.643339,1.098951,0.552041,0.000000,3.000000,5.749345,0.004908,0.000956,-0.064059,0.002149,-0.002821,0.451491,0.005611,0.512665,0.613232,-0.002104,0.534529,0.000000,0.417487
4.946000,10.284278,0.006069,4.571616,5.685282,0.982497,0.735025,0.000000,3.000000,5.769553,0.004927,0.000851,-0.066415,0.003720,-0.001677,0.450831,0.005644,0.512645,0.613281,-0.002095,0.534529,0.000000,0.408129
4.956000,10.807387,-0.096070,4.794574,6.208392,0.880358,0.957983,0.000000,3.000000,6.270500,0.004950,0.000702,-0.068656,0.003719,0.000368,0.450148,0.005680,0.512650,0.613331,-0.002088,0.534529,0.000000,0.390700
4.966000,10.566492,-0.051111,5.152101,5.967497,0.925317,1.315510,0.000000,3.000000,6.038811,0.004941,0.000766,-0.069784,0.002866,-0.004281,0.449451,0.005704,0.512618,0.613380,-0.002080,0.534529,0.000000,0.430718
4.976000,9.794099,0.024301,5.522554,5.195104,1.000729,1.685962,0.000000,3.000000,5.290611,0.004910,0.000946,-0.069224,0.001578,-0.005862,0.448756,0.005729,0.512552,0.613430,-0.002072,0.534529,0.000000,0.445326
4.986000,9.446298,-0.013134,5.686656,4.847303,0.963294,1.850065,0.000000,3.000000,4.942093,0.004904,0.000975,-0.070151,0.004119,-0.008086,0.448058,0.005762,0.512467,0.613479,-0.002062,0.534529,0.000000,0.465722
4.996000,8.843309,-0.058878,6.268643,4.244314,0.917550,2.432052,0.000000,3.000000,4.342361,0.004887,0.001057,-0.068196,0.003670,-0.016365,0.447372,0.005793,0.512323,0.613528,-0.002052,0.534529,0.000000,0.538555
5.006000,8.569418,0.015085,6.894131,3.970422,0.991513,3.057539,0.000000,3.000000,4.092353,0.004851,0.001211,-0.069286,0.002182,-0.017542,0.446697,0.005815,0.512162,0.613576,-0.002040,0.534529,0.000000,0.551454
5.016000,9.252925,-0.004804,7.063147,4.653930,0.971624,3.226556,0.000000,3.000000,4.754274,0.004894,0.001022,-0.069185,0.002016,-0.011119,0.445993,0.005837,0.512022,0.613625,-0.002029,0.534529,0.000000,0.499467
5.026000,10.084380,-0.149891,6.509237,5.485384,0.826537,2.672646,0.000000,3.000000,5.547306,0.004944,0.000745,-0.069723,0.002717,-0.008854,0.445307,0.005868,0.511913,0.613674,-0.002020,0.534529,0.000000,0.482208
5.036000,9.754848,-0.185102,5.728702,5.155853,0.791326,1.892110,0.000000,3.000000,5.216227,0.004942,0.000759,-0.068428,0.003594,-0.006002,0.444613,0.005900,0.511855,0.613724,-0.002013,0.534529,0.000000,0.459065
5.046000,9.506210,-0.284015,4.570386,4.907215,0.692413,0.733795,0.000000,3.000000,4.955825,0.004951,0.000699,-0.067455,0.003605,-0.002901,0.443933,0.005931,0.511839,0.613773,-0.002005,0.534529,0.000000,0.433021
5.056000,8.964512,-0.353940,4.230436,4.365517,0.622489,0.393845,0.000000,3.000000,4.409675,0.004950,0.000706,-0.066343,0.003890,-0.001880,0.443265,0.005970,0.511819,0.613823,-0.001998,0.534529,0.000000,0.424727
5.066000,8.801412,-0.368483,4.229277,4.202417,0.607945,0.392686,0.000000,3.000000,4.246163,0.004948,0.000716,-0.067272,0.004200,-0.002832,0.442594,0.006014,0.511800,0.613872,-0.001991,0.534529,0.000000,0.433149
5.076000,9.140384,-0.470506,4.665545,4.541389,0.505922,0.828953,0.000000,3.000000,4.569482,0.004969,0.000554,-0.070282,0.003900,-0.001091,0.441902,0.006057,0.511780,0.613922,-0.001985,0.534529,0.000000,0.418740
5.086000,10.586797,-0.561775,4.610837,5.987802,0.414653,0.774245,0.000000,3.000000,6.002142,0.004988,0.000345,-0.072835,0.004081,0.001745,0.441187,0.006102,0.511807,0.613971,-0.001981,0.534529,0.000000,0.394184
5.096000,10.325315,-0.525311,4.804787,5.726320,0.451117,0.968196,0.000000,3.000000,5.744062,0.004985,0.000393,-0.073551,0.002857,-0.000502,0.440443,0.006138,0.511796,0.614021,-0.001977,0.534529,0.000000,0.413446
5.106000,9.664080,-0.391986,4.873638,5.065085,0.584442,1.037046,0.000000,3.000000,5.098692,0.004967,0.000573,-0.071493,0.002222,-0.004293,0.439723,0.006164,0.511773,0.614071,-0.001972,0.534529,0.000000,0.446034
5.116000,8.110524,-0.292394,5.455270,3.511529,0.684034,1.618678,0.000000,3.000000,3.577532,0.004908,0.000956,-0.068214,0.003179,-0.010402,0.439038,0.006198,0.511687,0.614120,-0.001964,0.534529,0.000000,0.499420
5.126000,7.063193,-0.391983,6.111128,2.464198,0.584445,2.274536,0.000000,3.000000,2.532558,0.004865,0.001154,-0.065817,0.003847,-0.013897,0.438374,0.006234,0.511549,0.614169,-0.001954,0.534529,0.000000,0.531555
5.136000,7.212911,-0.376667,6.683198,2.613916,0.599761,2.846607,0.000000,3.000000,2.681841,0.004873,0.001118,-0.068394,0.001668,-0.014295,0.437697,0.006258,0.511397,0.614218,-0.001942,0.534529,0.000000,0.537667
5.146000,8.781193,-0.403227,6.313934,4.182198,0.573201,2.477342,0.000000,3.000000,4.221296,0.004954,0.000679,-0.068967,0.002546,-0.007731,0.437008,0.006283,0.511314,0.614267,-0.001933,0.534529,0.000000,0.483468
5.156000,9.707712,-0.480646,5.494607,5.108717,0.495783,1.658016,0.000000,3.000000,5.132717,0.004977,0.000483,-0.069847,0.002184,-0.002938,0.436308,0.006308,0.511271,0.614317,-0.001928,0.534529,0.000000,0.443576
5.166000,10.142415,-0.553118,4.509166,5.543419,0.423310,0.672575,0.000000,3.000000,5.559558,0.004985,0.000381,-0.070597,0.003251,0.000142,0.435617,0.006336,0.511269,0.614367,-0.001923,0.534529,0.000000,0.417463
5.176000,9.390922,-0.545743,4.033403,4.791927,0.430685,0.196812,0.000000,3.000000,4.811242,0.004980,0.000448,-0.068365,0.003388,0.000195,0.434917,0.006366,0.511277,0.614416,-0.001919,0.534529,0.000000,0.416880
5.186000,8.578542,-0.548310,4.036852,3.979547,0.428118,0.200261,0.000000,3.000000,4.002509,0.004971,0.000535,-0.067648,0.003059,-0.003806,0.434242,0.006402,0.511254,0.614466,-0.001914,0.534529,0.000000,0.451245
5.196000,8.309106,-0.628627,4.468754,3.710111,0.347801,0.632162,0.000000,3.000000,3.726378,0.004978,0.000467,-0.068960,0.003189,-0.002407,0.433559,0.006439,0.511225,0.614516,-0.001909,0.534529,0.000000,0.439898
5.206000,9.692205,-0.688598,4.397832,5.093210,0.287830,0.561241,0.000000,3.000000,5.101336,0.004992,0.000282,-0.073147,0.004773,0.002265,0.432836,0.006480,0.511249,0.614566,-0.001905,0.534529,0.000000,0.399822
5.216000,10.220984,-0.766241,4.630499,5.621989,0.210187,0.793907,0.000000,3.000000,5.625916,0.004997,0.000187,-0.074671,0.003220,-0.001146,0.432094,0.006510,0.511241,0.614616,-0.001903,0.534529,0.000000,0.428895
5.226000,9.894824,-0.578687,4.763167,5.295829,0.397741,0.926576,0.000000,3.000000,5.310744,0.004986,0.000374,-0.073738,0.002107,-0.002581,0.431361,0.006532,0.511240,0.614666,-0.001901,0.534529,0.000000,0.441095
5.236000,8.744377,-0.475842,5.220695,4.145382,0.500586,1.384103,0.000000,3.000000,4.175497,0.004964,0.000599,-0.071674,0.002433,-0.009159,0.430636,0.006555,0.511154,0.614715,-0.001896,0.534529,0.000000,0.498463
5.246000,7.392999,-0.457274,6.013690,2.794004,0.519154,2.177099,0.000000,3.000000,2.841826,0.004916,0.000913,-0.069220,0.003905,-0.014014,0.429951,0.006588,0.511016,0.614765,-0.001888,0.534529,0.000000,0.542134
5.256000,6.882047,-0.469153,6.584847,2.283052,0.507275,2.748255,0.000000,3.000000,2.338729,0.004881,0.001085,-0.071685,0.003747,-0.017127,0.429250,0.006618,0.510844,0.614814,-0.001878,0.534529,0.000000,0.571663
5.266000,8.022061,-0.546114,6.438368,3.423066,0.430314,2.601776,0.000000,3.000000,3.450007,0.004961,0.000624,-0.072616,0.003543,-0.011367,0.428514,0.006650,0.510718,0.614863,-0.001869,0.534529,0.000000,0.525044
5.276000,8.963435,-0.689164,5.795222,4.364440,0.287264,1.958630,0.000000,3.000000,4.373883,0.004989,0.000328,-0.072653,0.003823,-0.007399,0.427786,0.006690,0.510641,0.614913,-0.001865,0.534529,0.000000,0.492766
5.286000,9.530629,-0.755440,4.836277,4.931634,0.220988,0.999685,0.000000,3.000000,4.936583,0.004995,0.000224,-0.071360,0.002840,-0.003406,0.427069,0.006729,0.510597,0.614963,-0.001862,0.534529,0.000000,0.459675
5.296000,9.273445,-0.777486,4.142060,4.674450,0.198942,0.305468,0.000000,3.000000,4.678681,0.004995,0.000213,-0.069515,0.005521,-0.001804,0.426375,0.006777,0.510577,0.615013,-0.001860,0.534529,0.000000,0.446445
5.306000,8.655583,-1.006628,4.101243,4.056588,-0.030200,0.264652,0.000000,3.000000,4.056700,0.005000,-0.000037,-0.068022,0.006754,-0.005175,0.425692,0.006837,0.510528,0.615063,-0.001859,0.534529,0.000000,0.475930
5.316000,8.357580,-1.087043,4.345513,3.758585,-0.110615,0.508921,0.000000,3.000000,3.760212,0.004998,-0.000147,-0.070099,0.007047,-0.005668,0.424998,0.006906,0.510471,0.615113,-0.001860,0.534529,0.000000,0.481141
5.326000,9.043980,-1.015229,4.586172,4.444985,-0.038801,0.749580,0.000000,3.000000,4.445155,0.005000,-0.000044,-0.073946,0.007575,-0.005451,0.424283,0.006970,0.510409,0.615163,-0.001861,0.534529,0.000000,0.480410
5.336000,9.587953,-1.059089,4.689023,4.988958,-0.082661,0.852432,0.000000,3.000000,4.989642,0.004999,-0.000083,-0.075782,0.007131,-0.008963,0.423534,0.007039,0.510338,0.615213,-0.001862,0.534529,0.000000,0.511488
5.346000,9.245943,-1.046584,4.818122,4.646948,-0.070156,0.981531,0.000000,3.000000,4.647478,0.004999,-0.000075,-0.074918,0.005856,-0.009308,0.422763,0.007106,0.510244,0.615263,-0.001863,0.534529,0.000000,0.516097
5.356000,8.587575,-0.984412,4.961585,3.988579,-0.007984,1.124994,0.000000,3.000000,3.988587,0.005000,-0.000010,-0.073966,0.006140,-0.015753,0.422017,0.007177,0.510109,0.615313,-0.001863,0.534529,0.000000,0.573230
5.366000,7.209960,-0.864824,5.698070,2.610964,0.111604,1.861479,0.000000,3.000000,2.613349,0.004995,0.000214,-0.071787,0.007679,-0.021528,0.421293,0.007249,0.509897,0.615363,-0.001862,0.534529,0.000000,0.626037
5.376000,6.721992,-0.896442,6.171255,2.122997,0.079986,2.334664,0.000000,3.000000,2.124503,0.004996,0.000188,-0.073042,0.007305,-0.025892,0.420569,0.007322,0.509664,0.615413,-0.001860,0.534529,0.000000,0.667266
5.386000,7.468899,-0.866241,6.324314,2.869904,0.110187,2.487723,0.000000,3.000000,2.872018,0.004996,0.000192,-0.075513,0.006922,-0.018059,0.419817,0.007389,0.509452,0.615463,-0.001858,0.534529,0.000000,0.604621
5.396000,8.569782,-0.847652,5.582167,3.970787,0.128776,1.745575,0.000000,3.000000,3.972875,0.004997,0.000162,-0.076503,0.007147,-0.016235,0.419052,0.007456,0.509286,0.615513,-0.001856,0.534529,0.000000,0.592127
5.406000,8.714923,-0.927037,4.790209,4.115928,0.049391,0.953617,0.000000,3.000000,4.116224,0.005000,0.000060,-0.074583,0.006934,-0.013055,0.418315,0.007524,0.509151,0.615563,-0.001855,0.534529,0.000000,0.567580
5.416000,8.791345,-0.973644,3.958583,4.192350,0.002784,0.121992,0.000000,3.000000,4.192351,0.005000,0.000003,-0.071106,0.006894,-0.012309,0.417581,0.007602,0.509045,0.615613,-0.001855,0.534529,0.000000,0.563151
5.426000,8.029351,-0.989747,3.779217,3.430355,-0.013318,-0.057374,0.057374,3.000000,3.430381,0.005000,-0.000019,-0.069393,0.008824,-0.009985,0.416886,0.007685,0.508938,0.615663,-0.001855,0.534529,0.000000,0.545363
5.436000,7.658444,-1.000732,4.012796,3.059449,-0.024304,0.176205,0.000000,3.000000,3.059545,0.005000,-0.000040,-0.069527,0.007810,-0.014486,0.416193,0.007761,0.508795,0.615713,-0.001856,0.534529,0.000000,0.586130
5.446000,8.157933,-0.956859,4.300911,3.558938,0.019569,0.464319,0.000000,3.000000,3.558992,0.005000,0.000027,-0.073430,0.007370,-0.009517,0.415473,0.007838,0.508676,0.615763,-0.001856,0.534529,0.000000,0.546100
5.456000,9.597931,-1.054360,4.245758,4.998935,-0.077931,0.409166,0.000000,3.000000,4.999543,0.004999,-0.000078,-0.076101,0.007722,-0.011214,0.414709,0.007919,0.508572,0.615813,-0.001856,0.534529,0.000000,0.562383
5.466000,9.561639,-0.970120,4.416541,4.962643,0.006308,0.579949,0.000000,3.000000,4.962647,0.005000,0.000006,-0.075628,0.007379,-0.011434,0.413951,0.007993,0.508457,0.615863,-0.001856,0.534529,0.000000,0.566317
5.476000,8.671538,-0.802681,4.605907,4.072543,0.173747,0.769316,0.000000,3.000000,4.076248,0.004995,0.000213,-0.072131,0.005959,-0.014516,0.413223,0.008056,0.508317,0.615913,-0.001855,0.534529,0.000000,0.594977
5.486000,7.287454,-0.712149,4.976533,2.688458,0.264279,1.139942,0.000000,3.000000,2.701417,0.004976,0.000489,-0.068690,0.005111,-0.019672,0.412544,0.008114,0.508142,0.615962,-0.001852,0.534529,0.000000,0.641882
5.496000,6.358664,-0.697516,5.627229,1.759669,0.278912,1.790638,0.000000,3.000000,1.781636,0.004938,0.000783,-0.066447,0.005794,-0.023673,0.411863,0.008178,0.507911,0.616012,-0.001845,0.534529,0.000000,0.679989
5.506000,6.168924,-0.630170,6.001602,1.569929,0.346258,2.165011,0.000000,3.000000,1.607661,0.004883,0.001077,-0.066425,0.005640,-0.021804,0.411201,0.008234,0.507684,0.616061,-0.001835,0.534529,0.000000,0.668226
5.516000,7.689917,-0.664706,5.732565,3.090922,0.311722,1.895974,0.000000,3.000000,3.106601,0.004975,0.000502,-0.069214,0.004729,-0.015981,0.410509,0.008280,0.507511,0.616110,-0.001827,0.534529,0.000000,0.621928
5.526000,8.715134,-0.691272,5.126276,4.116139,0.285156,1.289685,0.000000,3.000000,4.126004,0.004988,0.000346,-0.067790,0.004220,-0.012199,0.409826,0.008325,0.507383,0.616160,-0.001823,0.534529,0.000000,0.592140
5.536000,8.832976,-0.678480,4.203073,4.233981,0.297948,0.366482,0.000000,3.000000,4.244452,0.004988,0.000351,-0.064665,0.003439,-0.009606,0.409170,0.008363,0.507301,0.616210,-0.001820,0.534529,0.000000,0.571610
5.546000,7.954045,-0.727740,3.807930,3.355050,0.248688,-0.028661,0.028661,3.000000,3.364254,0.004986,0.000370,-0.059999,0.003975,-0.009656,0.408555,0.008404,0.507209,0.616260,-0.001816,0.534529,0.000000,0.573686
5.556000,6.959512,-0.872134,3.617272,2.360517,0.104294,-0.219320,0.219320,3.000000,2.362820,0.004995,0.000221,-0.057976,0.003351,-0.008115,0.407976,0.008449,0.507125,0.616310,-0.001813,0.534529,0.000000,0.562117
5.566000,6.871527,-0.933365,3.800549,2.272532,0.043063,-0.036043,0.036043,3.000000,2.272940,0.004999,0.000095,-0.058286,0.004726,-0.011385,0.407404,0.008501,0.507011,0.616360,-0.001812,0.534529,0.000000,0.591933
5.576000,7.612803,-0.900611,3.922953,3.013808,0.075817,0.086362,0.000000,3.000000,3.014761,0.004998,0.000126,-0.060303,0.004223,-0.006718,0.406802,0.008544,0.506928,0.616410,-0.001810,0.534529,0.000000,0.553818
5.586000,9.117921,-0.923907,3.869254,4.518926,0.052521,0.032663,0.000000,3.000000,4.519231,0.005000,0.000058,-0.063445,0.003616,-0.005620,0.406175,0.008588,0.506878,0.616460,-0.001810,0.534529,0.000000,0.545400
5.596000,9.876054,-0.963005,3.855982,5.277058,0.013423,0.019390,0.000000,3.000000,5.277075,0.005000,0.000013,-0.063958,0.004563,-0.003433,0.405530,0.008632,0.506842,0.616510,-0.001809,0.534529,0.000000,0.527497
5.606000,8.984593,-0.978040,4.026885,4.385598,-0.001612,0.190294,0.000000,3.000000,4.385598,0.005000,-0.000002,-0.062162,0.005131,-0.007257,0.404905,0.008675,0.506778,0.616560,-0.001809,0.534529,0.000000,0.561089
5.616000,7.384656,-0.869788,4.388006,2.785661,0.106640,0.551414,0.000000,3.000000,2.787701,0.004996,0.000191,-0.058430,0.004648,-0.011716,0.404312,0.008713,0.506670,0.616610,-0.001808,0.534529,0.000000,0.600881
5.626000,5.863277,-0.855965,4.616504,1.264281,0.120463,0.779913,0.000000,3.000000,1.270007,0.004977,0.000474,-0.056173,0.003535,-0.016630,0.403749,0.008752,0.506530,0.616660,-0.001805,0.534529,0.000000,0.645089
5.636000,5.263248,-0.881044,5.193896,0.664252,0.095384,1.357304,0.000000,3.000000,0.671066,0.000000,0.000000,-0.054783,0.003959,-0.015848,0.403205,0.008794,0.506360,0.616669,-0.001804,0.534529,0.000000,0.641506
5.646000,6.200544,-0.844812,5.298080,1.601549,0.131616,1.461489,0.000000,3.000000,1.606948,0.004983,0.000410,-0.055963,0.003967,-0.012850,0.402649,0.008835,0.506223,0.616694,-0.001802,0.534529,0.000000,0.618538
5.656000,7.912069,-0.883337,5.036194,3.313074,0.093091,1.199603,0.000000,3.000000,3.314381,0.004998,0.000140,-0.059080,0.003980,-0.006558,0.402073,0.008873,0.506144,0.616744,-0.001799,0.534529,0.000000,0.566570
5.666000,9.222441,-0.886523,4.464164,4.623446,0.089905,0.627573,0.000000,3.000000,4.624320,0.004999,0.000097,-0.057907,0.002880,-0.004236,0.401472,0.008908,0.506107,0.616794,-0.001798,0.534529,0.000000,0.547528
5.676000,8.657288,-0.828382,3.893593,4.058293,0.148046,0.057002,0.000000,3.000000,4.060992,0.004997,0.000182,-0.054702,0.002928,-0.002066,0.400916,0.008941,0.506093,0.616844,-0.001796,0.534529,0.000000,0.529378
5.686000,7.322753,-0.815044,3.718885,2.723758,0.161384,-0.117706,0.117706,3.000000,2.728535,0.004991,0.000296,-0.051992,0.003442,-0.003240,0.400387,0.008976,0.506059,0.616894,-0.001794,0.534529,0.000000,0.539950
5.696000,6.216718,-0.900958,3.394015,1.617722,0.075470,-0.442577,0.442577,3.000000,1.619482,0.004995,0.000233,-0.050668,0.004068,-0.003813,0.399882,0.009019,0.506028,0.616944,-0.001791,0.534529,0.000000,0.545374
5.706000,5.915243,-0.973448,3.314321,1.316248,0.002980,-0.522270,0.522270,3.000000,1.316251,0.005000,0.000011,-0.050908,0.004269,-0.002489,0.399373,0.009061,0.505999,0.616994,-0.001790,0.534529,0.000000,0.534655
5.716000,6.808838,-0.947132,3.341273,2.209843,0.029296,-0.495318,0.495318,3.000000,2.210037,0.005000,0.000066,-0.052374,0.004706,-0.000009,0.398855,0.009100,0.505990,0.617044,-0.001790,0.534529,0.000000,0.513779
5.726000,8.561597,-1.070213,3.178154,3.962602,-0.093785,-0.658437,0.658437,3.000000,3.963711,0.004999,-0.000118,-0.055671,0.005130,0.005200,0.398306,0.009142,0.506020,0.617094,-0.001790,0.534529,0.000000,0.469036
5.736000,10.079950,-1.126215,3.128085,5.480954,-0.149787,-0.708507,0.708507,3.000000,5.483001,0.004998,-0.000137,-0.058732,0.003428,0.008592,0.397731,0.009182,0.506111,0.617144,-0.001792,0.534529,0.000000,0.438611
5.746000,10.005639,-1.033952,3.299998,5.406644,-0.057524,-0.536593,0.536593,3.000000,5.406950,0.005000,-0.000053,-0.057592,0.002882,0.005116,0.397134,0.009216,0.506186,0.617194,-0.001793,0.534529,0.000000,0.466765
5.756000,8.077976,-0.851178,3.643621,3.478981,0.125250,-0.192970,0.192970,3.000000,3.481235,0.004997,0.000180,-0.054198,0.002980,0.000400,0.396580,0.009243,0.506204,0.617244,-0.001792,0.534529,0.000000,0.506444
5.766000,6.186124,-0.729117,4.058484,1.587129,0.247311,0.221893,0.000000,3.000000,1.606282,0.004940,0.000770,-0.051122,0.001966,-0.002357,0.396063,0.009265,0.506190,0.617294,-0.001788,0.534529,0.000000,0.530093
5.776000,5.129282,-0.655086,4.295209,0.530287,0.321342,0.458617,0.000000,3.000000,0.620052,0.000000,0.000000,-0.050720,0.002318,-0.004626,0.395559,0.009287,0.506151,0.617313,-0.001783,0.534529,0.000000,0.550060
5.786000,5.434242,-0.681133,4.467186,0.835247,0.295295,0.630595,0.000000,3.000000,0.885910,0.000000,0.000000,-0.050890,0.002567,-0.003065,0.395051,0.009309,0.506114,0.617313,-0.001783,0.534529,0.000000,0.537477
5.796000,6.950694,-0.706554,4.555491,2.351699,0.269874,0.718899,0.000000,3.000000,2.367133,0.004967,0.000570,-0.053575,0.001294,-0.000457,0.394521,0.009324,0.506104,0.617358,-0.001775,0.534529,0.000000,0.515515
5.806000,8.493798,-0.758559,4.413246,3.894802,0.217869,0.576655,0.000000,3.000000,3.900891,0.004992,0.000279,-0.055612,0.001747,0.005260,0.393969,0.009342,0.506147,0.617407,-0.001771,0.534529,0.000000,0.466237
5.816000,8.793957,-0.772237,4.299289,4.194962,0.204191,0.462698,0.000000,3.000000,4.199929,0.004994,0.000243,-0.053482,0.001354,0.005283,0.393433,0.009360,0.506207,0.617457,-0.001769,0.534529,0.000000,0.464969
5.826000,7.772754,-0.649738,4.416276,3.173759,0.326690,0.579685,0.000000,3.000000,3.190529,0.004974,0.000512,-0.048979,0.001740,0.006490,0.392936,0.009377,0.506272,0.617507,-0.001765,0.534529,0.000000,0.453552
5.836000,6.484741,-0.617064,4.292632,1.885746,0.359364,0.456041,0.000000,3.000000,1.919682,0.004912,0.000936,-0.045908,0.001885,0.005143,0.392471,0.009393,0.506322,0.617557,-0.001758,0.534529,0.000000,0.464079
5.846000,5.620703,-0.620227,4.056848,1.021707,0.356201,0.220256,0.000000,3.000000,1.082019,0.004721,0.001646,-0.042836,0.001884,0.005481,0.392039,0.009411,0.506373,0.617605,-0.001745,0.534529,0.000000,0.460288
5.856000,6.330615,-0.643932,3.711150,1.731620,0.332496,-0.125441,0.125441,3.000000,1.763253,0.004910,0.000943,-0.046084,0.001862,0.011531,0.391585,0.009427,0.506466,0.617653,-0.001731,0.534529,0.000000,0.407284
5.866000,7.895021,-0.748402,3.311369,3.296025,0.228027,-0.525222,0.525222,3.000000,3.303904,0.004988,0.000345,-0.048638,0.003103,0.011719,0.391106,0.009449,0.506588,0.617702,-0.001726,0.534529,0.000000,0.403494
5.876000,9.050017,-0.832342,3.048368,4.451022,0.144086,-0.788223,0.788223,3.000000,4.453354,0.004997,0.000162,-0.051558,0.001404,0.015757,0.390595,0.009466,0.506740,0.617752,-0.001723,0.534529,0.000000,0.366500
5.886000,9.628179,-0.894625,2.868461,5.029184,0.081803,-0.968130,0.968130,3.000000,5.029849,0.004999,0.000081,-0.053055,0.002352,0.017040,0.390073,0.009485,0.506901,0.617802,-0.001722,0.534529,0.000000,0.352714
5.896000,8.560985,-0.849808,3.133429,3.961990,0.126621,-0.703163,0.703163,3.000000,3.964013,0.004997,0.000160,-0.050540,0.001965,0.010956,0.389561,0.009502,0.507015,0.617852,-0.001721,0.534529,0.000000,0.402276
5.906000,6.715133,-0.737939,3.530499,2.116137,0.238489,-0.306093,0.306093,3.000000,2.129534,0.004969,0.000560,-0.048716,0.001881,0.005610,0.389056,0.009518,0.507082,0.617902,-0.001718,0.534529,0.000000,0.446448
5.916000,5.386091,-0.658787,3.868882,0.787096,0.317641,0.032291,0.000000,3.000000,0.848773,0.000000,0.000000,-0.046988,0.001373,0.003531,0.388584,0.009529,0.507118,0.617941,-0.001709,0.534529,0.000000,0.463426
5.926000,5.457971,-0.640444,4.070057,0.858976,0.335984,0.233466,0.000000,3.000000,0.922347,0.000000,0.000000,-0.048373,0.001966,0.002648,0.388103,0.009548,0.507151,0.617941,-0.001709,0.534529,0.000000,0.470333
5.936000,6.509210,-0.771998,4.109703,1.910215,0.204430,0.273111,0.000000,3.000000,1.921122,0.004972,0.000532,-0.052033,0.002454,0.003568,0.387594,0.009565,0.507183,0.617985,-0.001701,0.534529,0.000000,0.461948
5.946000,7.974412,-0.761691,4.022724,3.375417,0.214737,0.186132,0.000000,3.000000,3.382240,0.004990,0.000317,-0.055438,0.001687,0.005902,0.387050,0.009580,0.507216,0.618035,-0.001697,0.534529,0.000000,0.441559
5.956000,8.964707,-0.847095,3.997024,4.365711,0.129333,0.160433,0.000000,3.000000,4.367627,0.004998,0.000148,-0.057863,0.002798,0.004186,0.386466,0.009601,0.507274,0.618085,-0.001695,0.534529,0.000000,0.455069
5.966000,8.582771,-0.868720,4.006240,3.983776,0.107708,0.169649,0.000000,3.000000,3.985232,0.004998,0.000135,-0.055796,0.001989,0.002743,0.385910,0.009621,0.507308,0.618135,-0.001694,0.534529,0.000000,0.466700
5.976000,6.882032,-0.831130,4.265258,2.283037,0.145298,0.428666,0.000000,3.000000,2.287655,0.004990,0.000318,-0.052408,0.002338,-0.001616,0.385364,0.009642,0.507290,0.618185,-0.001692,0.534529,0.000000,0.504004
5.986000,5.658207,-0.783349,4.390382,1.059212,0.193079,0.553790,0.000000,3.000000,1.076666,0.004919,0.000897,-0.050409,0.002035,-0.002720,0.384855,0.009661,0.507265,0.618235,-0.001685,0.534529,0.000000,0.513825
5.996000,5.446442,-0.859987,4.545593,0.847447,0.116441,0.709002,0.000000,3.000000,0.855409,0.000000,0.000000,-0.051144,0.003222,-0.002725,0.384349,0.009690,0.507234,0.618240,-0.001684,0.534529,0.000000,0.514438
6.006000,6.752334,-0.936548,4.421064,2.153339,0.039880,0.584473,0.000000,3.000000,2.153708,0.004999,0.000093,-0.055248,0.002210,0.002626,0.383810,0.009711,0.507250,0.618280,-0.001682,0.534529,0.000000,0.468738
6.016000,8.535787,-0.966564,4.272790,3.936792,0.009864,0.436198,0.000000,3.000000,3.936804,0.005000,0.000013,-0.058352,0.002720,0.007295,0.383236,0.009735,0.507308,0.618330,-0.001682,0.534529,0.000000,0.428068
6.026000,9.823453,-1.059631,4.092366,5.224457,-0.083202,0.255775,0.000000,3.000000,5.225120,0.004999,-0.000080,-0.061029,0.002709,0.009998,0.382640,0.009763,0.507403,0.618380,-0.001682,0.534529,0.000000,0.403422
6.036000,10.132447,-1.109519,3.746996,5.533452,-0.133091,-0.089596,0.089596,3.000000,5.535053,0.004999,-0.000120,-0.062541,0.002163,0.012909,0.382005,0.009790,0.507534,0.618430,-0.001683,0.534529,0.000000,0.376370
6.046000,8.598744,-0.969037,3.773049,3.999749,0.007391,-0.063542,0.063542,3.000000,3.999755,0.005000,0.000009,-0.058138,0.001809,0.006655,0.381422,0.009813,0.507609,0.618479,-0.001684,0.534529,0.000000,0.428082
6.056000,6.115140,-0.841785,3.989215,1.516145,0.134643,0.152623,0.000000,3.000000,1.522112,0.004980,0.000442,-0.054877,0.002457,0.003707,0.380859,0.009838,0.507653,0.618529,-0.001682,0.534529,0.000000,0.452303
6.066000,4.920249,-0.890336,3.920845,0.321254,0.086093,0.084254,0.000000,3.000000,0.332590,0.000000,0.000000,-0.053644,0.002614,0.001277,0.380328,0.009862,0.507672,0.618539,-0.001681,0.534529,0.000000,0.472582
6.076000,5.113971,-0.920080,3.858325,0.514976,0.056348,0.021733,0.000000,3.000000,0.518050,0.000000,0.000000,-0.056198,0.002033,0.002830,0.379783,0.009886,0.507689,0.618539,-0.001681,0.534529,0.000000,0.459092
6.086000,6.758348,-1.015322,3.514349,2.159353,-0.038894,-0.322242,0.322242,3.000000,2.159703,0.004999,-0.000090,-0.059847,0.003184,0.005504,0.379195,0.009914,0.507739,0.618574,-0.001681,0.534529,0.000000,0.435518
6.096000,8.454546,-1.105547,3.358997,3.855550,-0.129119,-0.477594,0.477594,3.000000,3.857712,0.004997,-0.000167,-0.062754,0.002741,0.005173,0.378565,0.009941,0.507800,0.618624,-0.001683,0.534529,0.000000,0.437216
6.106000,9.118910,-1.140776,3.439830,4.519915,-0.164348,-0.396761,0.396761,3.000000,4.522902,0.004997,-0.000182,-0.065081,0.002546,0.007436,0.377918,0.009965,0.507870,0.618674,-0.001684,0.534529,0.000000,0.416751
6.116000,8.636896,-1.107269,3.542815,4.037900,-0.130841,-0.293776,0.293776,3.000000,4.040020,0.004997,-0.000162,-0.062273,0.002065,0.004502,0.377284,0.009989,0.507927,0.618724,-0.001686,0.534529,0.000000,0.440627
6.126000,6.967339,-1.007104,3.943251,2.368344,-0.030676,0.106660,0.000000,3.000000,2.368542,0.005000,-0.000065,-0.058836,0.002645,0.001574,0.376695,0.010013,0.507945,0.618774,-0.001687,0.534529,0.000000,0.465153
6.136000,5.817703,-0.955638,3.962496,1.218707,0.020791,0.125905,0.000000,3.000000,1.218885,0.004999,0.000085,-0.057607,0.001673,0.000056,0.376111,0.010037,0.507954,0.618824,-0.001687,0.534529,0.000000,0.477871
6.146000,5.663903,-0.998031,4.040355,1.064908,-0.021603,0.203763,0.000000,3.000000,1.065127,0.004999,-0.000101,-0.056936,0.003354,-0.000482,0.375544,0.010066,0.507946,0.618874,-0.001687,0.534529,0.000000,0.482583
6.156000,6.868328,-1.058813,3.964588,2.269333,-0.082385,0.127997,0.000000,3.000000,2.270828,0.004997,-0.000181,-0.061788,0.002895,0.004356,0.374943,0.010091,0.507969,0.618924,-0.001688,0.534529,0.000000,0.441110
6.166000,8.968371,-1.207086,3.601401,4.369376,-0.230658,-0.235191,0.235191,3.000000,4.375460,0.004993,-0.000264,-0.065012,0.003218,0.007723,0.374302,0.010124,0.508046,0.618974,-0.001691,0.534529,0.000000,0.411160
6.176000,10.272506,-1.326418,3.506373,5.673511,-0.349990,-0.330218,0.330218,3.000000,5.684296,0.004991,-0.000308,-0.069128,0.003385,0.010512,0.373613,0.010161,0.508146,0.619024,-0.001694,0.534529,0.000000,0.385696
6.186000,10.283899,-1.289028,3.553608,5.684904,-0.312600,-0.282984,0.282984,3.000000,5.693492,0.004992,-0.000275,-0.069630,0.003006,0.009359,0.372915,0.010197,0.508249,0.619074,-0.001696,0.534529,0.000000,0.393621
6.196000,8.551284,-1.169045,3.826022,3.952289,-0.192617,-0.010570,0.010570,3.000000,3.956980,0.004994,-0.000243,-0.064802,0.003398,0.007296,0.372253,0.010233,0.508318,0.619124,-0.001699,0.534529,0.000000,0.409887
6.206000,6.294601,-1.002240,4.232649,1.695606,-0.025812,0.396057,0.000000,3.000000,1.695802,0.004999,-0.000076,-0.060990,0.002309,0.002065,0.371645,0.010261,0.508348,0.619174,-0.001701,0.534529,0.000000,0.453728
6.216000,5.024940,-0.927396,4.417817,0.425945,0.049032,0.581225,0.000000,3.000000,0.428758,0.000000,0.000000,-0.057044,0.002348,0.002445,0.371059,0.010289,0.508378,0.619194,-0.001700,0.534529,0.000000,0.449968
6.226000,5.193955,-0.874312,4.413691,0.594960,0.102116,0.577100,0.000000,3.000000,0.603660,0.000000,0.000000,-0.057906,0.001767,0.006829,0.370487,0.010316,0.508435,0.619194,-0.001700,0.534529,0.000000,0.411744
6.236000,6.654930,-0.929836,4.308180,2.055935,0.046592,0.471589,0.000000,3.000000,2.056462,0.004999,0.000113,-0.060054,0.002915,0.011073,0.369893,0.010347,0.508533,0.619234,-0.001698,0.534529,0.000000,0.373970
6.246000,8.179980,-0.993679,4.010231,3.580984,-0.017251,0.173640,0.000000,3.000000,3.581026,0.005000,-0.000024,-0.062329,0.003201,0.015019,0.369273,0.010374,0.508675,0.619284,-0.001698,0.534529,0.000000,0.337922
6.256000,9.087739,-1.031823,3.714843,4.488744,-0.055395,-0.121749,0.121749,3.000000,4.489086,0.005000,-0.000062,-0.064533,0.003787,0.016419,0.368627,0.010406,0.508850,0.619334,-0.001699,0.534529,0.000000,0.322899
6.266000,8.582953,-0.989618,3.578811,3.983957,-0.013190,-0.257781,0.257781,3.000000,3.983979,0.005000,-0.000017,-0.060541,0.002490,0.017130,0.368012,0.010430,0.509028,0.619384,-0.001699,0.534529,0.000000,0.313660
6.276000,6.656956,-0.896812,3.658359,2.057961,0.079616,-0.178232,0.178232,3.000000,2.059501,0.004996,0.000193,-0.056647,0.002952,0.013153,0.367444,0.010460,0.509160,0.619434,-0.001698,0.534529,0.000000,0.345024
6.286000,5.331168,-0.908037,3.568549,0.732173,0.068391,-0.268043,0.268043,3.000000,0.735360,0.000000,0.000000,-0.053421,0.003636,0.012841,0.366910,0.010492,0.509286,0.619469,-0.001696,0.534529,0.000000,0.345410
6.296000,5.164586,-0.945416,3.426182,0.565591,0.031012,-0.410409,0.410409,3.000000,0.566441,0.000000,0.000000,-0.054551,0.003575,0.011949,0.366365,0.010524,0.509418,0.619469,-0.001696,0.534529,0.000000,0.350599
6.306000,6.076654,-1.049866,3.367491,1.477659,-0.073438,-0.469101,0.469101,3.000000,1.479482,0.004994,-0.000248,-0.058659,0.003744,0.015381,0.365789,0.010558,0.509563,0.619489,-0.001697,0.534529,0.000000,0.318879
6.316000,8.248282,-1.151193,3.008429,3.649287,-0.174765,-0.828162,0.828162,3.000000,3.653469,0.004994,-0.000239,-0.064499,0.003767,0.018532,0.365154,0.010593,0.509747,0.619539,-0.001700,0.534529,0.000000,0.288821
6.326000,9.700727,-1.231943,2.850589,5.101732,-0.255515,-0.986003,0.986003,3.000000,5.108127,0.004994,-0.000250,-0.067229,0.003003,0.020044,0.364487,0.010626,0.509948,0.619589,-0.001702,0.534529,0.000000,0.272379
6.336000,9.795349,-1.271284,2.889098,5.196354,-0.294856,-0.947494,0.947494,3.000000,5.204712,0.004992,-0.000283,-0.069498,0.003400,0.019168,0.363803,0.010666,0.510146,0.619639,-0.001705,0.534529,0.000000,0.276245
6.346000,8.948956,-1.251372,3.019353,4.349961,-0.274944,-0.817238,0.817238,3.000000,4.358641,0.004990,-0.000315,-0.068336,0.004328,0.017318,0.363104,0.010705,0.510329,0.619688,-0.001708,0.534529,0.000000,0.288652
6.356000,7.055041,-1.176061,3.389589,2.456046,-0.199633,-0.447003,0.447003,3.000000,2.464146,0.004984,-0.000405,-0.066231,0.004010,0.010830,0.362432,0.010742,0.510444,0.619738,-0.001711,0.534529,0.000000,0.341635
6.366000,5.380288,-1.060204,3.694264,0.781292,-0.083775,-0.142328,0.142328,3.000000,0.785771,0.000000,0.000000,-0.063460,0.003760,0.009127,0.361804,0.010777,0.510528,0.619778,-0.001715,0.534529,0.000000,0.354567
6.376000,4.954151,-1.072844,3.887706,0.355156,-0.096416,0.051115,0.000000,3.000000,0.368011,0.000000,0.000000,-0.063643,0.004063,0.006350,0.361169,0.010813,0.510599,0.619778,-0.001715,0.534529,0.000000,0.376857
6.386000,6.122431,-1.135856,3.849745,1.523435,-0.159428,0.013154,0.000000,3.000000,1.531755,0.004973,-0.000520,-0.068689,0.003484,0.011086,0.360495,0.010849,0.510703,0.619798,-0.001717,0.534529,0.000000,0.334793
6.396000,7.754845,-1.200975,3.667265,3.155850,-0.224547,-0.169327,0.169327,3.000000,3.163829,0.004987,-0.000355,-0.072033,0.004162,0.012121,0.359780,0.010889,0.510824,0.619848,-0.001721,0.534529,0.000000,0.323839
6.406000,8.637008,-1.165065,3.683430,4.038013,-0.188637,-0.153162,0.153162,3.000000,4.042417,0.004995,-0.000233,-0.073940,0.002455,0.011066,0.359046,0.010920,0.510949,0.619898,-0.001724,0.534529,0.000000,0.330534
6.416000,8.541299,-1.111391,3.791064,3.942304,-0.134963,-0.045528,0.045528,3.000000,3.944614,0.004997,-0.000171,-0.074761,0.003659,0.012193,0.358300,0.010956,0.511065,0.619948,-0.001726,0.534529,0.000000,0.318887
6.426000,7.629433,-1.046228,3.767061,3.030438,-0.069800,-0.069530,0.069530,3.000000,3.031242,0.004999,-0.000115,-0.071619,0.003199,0.006867,0.357588,0.010987,0.511149,0.619998,-0.001728,0.534529,0.000000,0.362570
6.436000,5.866995,-1.043555,4.059681,1.268000,-0.067127,0.223089,0.000000,3.000000,1.269776,0.004993,-0.000264,-0.069303,0.003181,0.004155,0.356874,0.011020,0.511198,0.620048,-0.001730,0.534529,0.000000,0.384703
6.446000,5.208028,-1.024311,3.925319,0.609033,-0.047882,0.088728,0.000000,3.000000,0.610912,0.000000,0.000000,-0.068630,0.002719,0.005580,0.356202,0.011052,0.511250,0.620053,-0.001730,0.534529,0.000000,0.371676
6.456000,5.741962,-1.113145,3.751068,1.142967,-0.136717,-0.085523,0.085523,3.000000,1.151115,0.004965,-0.000594,-0.071604,0.003965,0.006818,0.355486,0.011099,0.511317,0.620063,-0.001731,0.534529,0.000000,0.359961
6.466000,7.475173,-1.276197,3.525775,2.876178,-0.299769,-0.310816,0.310816,3.000000,2.891757,0.004973,-0.000518,-0.075580,0.004548,0.013096,0.354734,0.011144,0.511433,0.620112,-0.001736,0.534529,0.000000,0.304600
6.476000,9.460584,-1.432185,3.192924,4.861589,-0.455757,-0.643667,0.643667,3.000000,4.882905,0.004978,-0.000467,-0.078998,0.005199,0.018281,0.353949,0.011198,0.511611,0.620162,-0.001741,0.534529,0.000000,0.257391
6.486000,9.968785,-1.526310,3.151640,5.369790,-0.549882,-0.684952,0.684952,3.000000,5.397871,0.004974,-0.000509,-0.081591,0.006189,0.020916,0.353141,0.011262,0.511816,0.620212,-0.001746,0.534529,0.000000,0.231357
6.496000,9.761293,-1.553694,3.007807,5.162297,-0.577265,-0.828785,0.828785,3.000000,5.194473,0.004969,-0.000556,-0.080823,0.006557,0.022516,0.352335,0.011329,0.512056,0.620262,-0.001752,0.534529,0.000000,0.213455
6.506000,8.068708,-1.475849,3.317756,3.469713,-0.499421,-0.518835,0.518835,3.000000,3.505471,0.004949,-0.000712,-0.076210,0.006523,0.020145,0.351558,0.011395,0.512260,0.620311,-0.001758,0.534529,0.000000,0.229902
6.516000,6.336090,-1.307757,3.508085,1.737095,-0.331329,-0.328507,0.328507,3.000000,1.768411,0.004911,-0.000937,-0.073721,0.005698,0.020431,0.350814,0.011457,0.512461,0.620360,-0.001766,0.534529,0.000000,0.223859
6.526000,5.598582,-1.160852,3.548767,0.999586,-0.184424,-0.287825,0.287825,3.000000,1.016457,0.004917,-0.000907,-0.072600,0.005587,0.021540,0.350098,0.011515,0.512668,0.620410,-0.001776,0.534529,0.000000,0.210716
6.536000,6.039453,-1.099400,3.482325,1.440458,-0.122972,-0.354267,0.354267,3.000000,1.445698,0.004982,-0.000425,-0.073110,0.005711,0.026658,0.349360,0.011570,0.512919,0.620449,-0.001780,0.534529,0.000000,0.162779
6.546000,7.497841,-1.046015,3.322603,2.898846,-0.069587,-0.513988,0.513988,3.000000,2.899681,0.004999,-0.000120,-0.072986,0.004418,0.030595,0.348635,0.011617,0.513219,0.620499,-0.001783,0.534529,0.000000,0.123976
6.556000,8.615676,-1.020143,3.451022,4.016681,-0.043715,-0.385569,0.385569,3.000000,4.016919,0.005000,-0.000054,-0.075520,0.004362,0.033609,0.347881,0.011657,0.513545,0.620549,-0.001783,0.534529,0.000000,0.092519
6.566000,9.087950,-0.967488,3.380932,4.488955,0.008940,-0.455660,0.455660,3.000000,4.488964,0.005000,0.000010,-0.076996,0.003821,0.037290,0.347120,0.011695,0.513909,0.620599,-0.001784,0.534529,0.000000,0.054741
6.576000,8.575359,-0.912263,3.385691,3.976364,0.064165,-0.450901,0.450901,3.000000,3.976882,0.004999,0.000081,-0.075226,0.004849,0.036183,0.346364,0.011740,0.514270,0.620649,-0.001783,0.534529,0.000000,0.057627
6.586000,6.786531,-0.819489,3.568258,2.187536,0.156939,-0.268333,0.268333,3.000000,2.193158,0.004987,0.000358,-0.071329,0.003322,0.033447,0.345649,0.011778,0.514604,0.620699,-0.001781,0.534529,0.000000,0.074850
6.596000,5.625130,-0.695309,3.617065,1.026134,0.281119,-0.219526,0.219526,3.000000,1.063946,0.004822,0.001321,-0.069253,0.005008,0.032842,0.344953,0.011824,0.514935,0.620748,-0.001773,0.534529,0.000000,0.074021
6.606000,5.486831,-0.715602,3.687432,0.887836,0.260826,-0.149159,0.149159,3.000000,0.925356,0.000000,0.000000,-0.069407,0.004873,0.032949,0.344261,0.011869,0.515254,0.620748,-0.001773,0.534529,0.000000,0.067370
6.616000,6.406489,-0.697088,3.697765,1.807494,0.279340,-0.138826,0.138826,3.000000,1.828952,0.004941,0.000764,-0.071435,0.003359,0.035627,0.343557,0.011911,0.515602,0.620792,-0.001764,0.534529,0.000000,0.038369
6.626000,8.247546,-0.730551,3.564336,3.648551,0.245877,-0.272256,0.272256,3.000000,3.656826,0.004989,0.000336,-0.076116,0.004758,0.040547,0.342794,0.011962,0.516008,0.620842,-0.001759,0.534529,0.000000,-0.010684
6.636000,9.448052,-0.823433,3.546965,4.849056,0.152996,-0.289626,0.289626,3.000000,4.851469,0.004998,0.000158,-0.075291,0.004879,0.041482,0.342031,0.012011,0.516425,0.620892,-0.001756,0.534529,0.000000,-0.026123
6.646000,9.423737,-0.807873,3.676737,4.824742,0.168555,-0.159854,0.159854,3.000000,4.827685,0.004997,0.000175,-0.074024,0.004691,0.040846,0.341295,0.012058,0.516839,0.620942,-0.001755,0.534529,0.000000,-0.028186
6.656000,8.528474,-0.772506,3.858123,3.929479,0.203922,0.021532,0.000000,3.000000,3.934767,0.004993,0.000259,-0.072279,0.004372,0.040075,0.340561,0.012104,0.517234,0.620992,-0.001753,0.534529,0.000000,-0.028740
6.666000,7.155435,-0.692977,4.067249,2.556440,0.283451,0.230658,0.000000,3.000000,2.572106,0.004970,0.000551,-0.069822,0.004782,0.034948,0.339858,0.012152,0.517603,0.621042,-0.001749,0.534529,0.000000,0.008129
6.676000,5.745728,-0.591173,4.350111,1.146733,0.385255,0.513520,0.000000,3.000000,1.209718,0.004740,0.001592,-0.067627,0.004320,0.033172,0.339179,0.012193,0.517936,0.621091,-0.001738,0.534529,0.000000,0.017197
6.686000,5.313959,-0.553110,4.428954,0.714964,0.423318,0.592363,0.000000,3.000000,0.830886,0.000000,0.000000,-0.069037,0.005251,0.033001,0.338500,0.012238,0.518248,0.621100,-0.001735,0.534529,0.000000,0.013032
6.696000,5.776179,-0.589821,4.455255,1.177184,0.386607,0.618664,0.000000,3.000000,1.239043,0.004750,0.001560,-0.070181,0.004382,0.031333,0.337797,0.012282,0.518570,0.621128,-0.001724,0.534529,0.000000,0.021387
6.706000,6.837837,-0.676549,4.316718,2.238842,0.299879,0.480126,0.000000,3.000000,2.258837,0.004956,0.000664,-0.071409,0.004345,0.034824,0.337088,0.012330,0.518916,0.621177,-0.001714,0.534529,0.000000,-0.014457
6.716000,7.968824,-0.704092,4.183422,3.369829,0.272336,0.346831,0.000000,3.000000,3.380816,0.004984,0.000403,-0.072119,0.005154,0.037121,0.336359,0.012379,0.519288,0.621227,-0.001709,0.534529,0.000000,-0.040653
6.726000,8.088542,-0.744710,4.255752,3.489547,0.231718,0.419161,0.000000,3.000000,3.497232,0.004989,0.000331,-0.070910,0.004525,0.035435,0.335646,0.012422,0.519653,0.621276,-0.001705,0.534529,0.000000,-0.032920
6.736000,7.313671,-0.707307,4.431641,2.714676,0.269121,0.595050,0.000000,3.000000,2.727983,0.004976,0.000493,-0.065801,0.003968,0.034109,0.334974,0.012466,0.520000,0.621326,-0.001701,0.534529,0.000000,-0.027907
6.746000,6.519303,-0.665285,4.518966,1.920308,0.311144,0.682375,0.000000,3.000000,1.945351,0.004936,0.000800,-0.063185,0.003877,0.032919,0.334350,0.012506,0.520330,0.621376,-0.001695,0.534529,0.000000,-0.023741
6.756000,5.661958,-0.643932,4.631041,1.062963,0.332496,0.794449,0.000000,3.000000,1.113752,0.004772,0.001493,-0.059712,0.003792,0.030749,0.333732,0.012545,0.520643,0.621425,-0.001683,0.534529,0.000000,-0.010976
6.766000,5.245939,-0.580142,4.693860,0.646944,0.396286,0.857269,0.000000,3.000000,0.758669,0.000000,0.000000,-0.059959,0.003882,0.030729,0.333150,0.012579,0.520936,0.621429,-0.001682,0.534529,0.000000,-0.016081
6.776000,5.890096,-0.580511,4.579572,1.291101,0.395917,0.742980,0.000000,3.000000,1.350441,0.004780,0.001466,-0.061062,0.003771,0.031382,0.332548,0.012613,0.521254,0.621453,-0.001673,0.534529,0.000000,-0.027346
6.786000,6.799448,-0.606307,4.537840,2.200453,0.370121,0.701248,0.000000,3.000000,2.231364,0.004931,0.000829,-0.063312,0.004822,0.032274,0.331917,0.012657,0.521579,0.621502,-0.001663,0.534529,0.000000,-0.040766
6.796000,7.492313,-0.604304,4.472086,2.893318,0.372124,0.635495,0.000000,3.000000,2.917150,0.004959,0.000638,-0.063780,0.004264,0.032803,0.331267,0.012700,0.521911,0.621551,-0.001656,0.534529,0.000000,-0.051212
6.806000,7.791638,-0.613400,4.512433,3.192643,0.363028,0.675842,0.000000,3.000000,3.213217,0.004968,0.000565,-0.064250,0.004963,0.032771,0.330627,0.012743,0.522244,0.621601,-0.001650,0.534529,0.000000,-0.056935
6.816000,7.806809,-0.632329,4.536395,3.207814,0.344099,0.699803,0.000000,3.000000,3.226217,0.004971,0.000533,-0.063037,0.004970,0.031489,0.329987,0.012790,0.522570,0.621650,-0.001644,0.534529,0.000000,-0.051942
6.826000,7.176013,-0.636897,4.664461,2.577017,0.339531,0.827869,0.000000,3.000000,2.599288,0.004957,0.000653,-0.061077,0.003900,0.030026,0.329378,0.012834,0.522875,0.621700,-0.001639,0.534529,0.000000,-0.045011
6.836000,6.742039,-0.555101,4.678148,2.143043,0.421327,0.841556,0.000000,3.000000,2.184068,0.004906,0.000965,-0.059871,0.002840,0.029137,0.328771,0.012873,0.523167,0.621749,-0.001630,0.534529,0.000000,-0.042729
6.846000,6.561344,-0.594918,4.671659,1.962349,0.381510,0.835068,0.000000,3.000000,1.999090,0.004908,0.000954,-0.058593,0.004193,0.029380,0.328193,0.012912,0.523452,0.621798,-0.001620,0.534529,0.000000,-0.049919
6.856000,6.516070,-0.634409,4.652313,1.917075,0.342019,0.815722,0.000000,3.000000,1.947345,0.004922,0.000878,-0.058031,0.003896,0.029381,0.327613,0.012953,0.523748,0.621847,-0.001611,0.534529,0.000000,-0.055253
6.866000,6.433186,-0.632380,4.637772,1.834191,0.344048,0.801181,0.000000,3.000000,1.866179,0.004914,0.000922,-0.057422,0.003338,0.029661,0.327033,0.012989,0.524042,0.621897,-0.001602,0.534529,0.000000,-0.062924
6.876000,6.447447,-0.663316,4.590674,1.848452,0.313113,0.754082,0.000000,3.000000,1.874784,0.004930,0.000835,-0.056929,0.003995,0.027850,0.326457,0.013028,0.524327,0.621946,-0.001593,0.534529,0.000000,-0.052676
6.886000,6.469163,-0.658968,4.614613,1.870168,0.317461,0.778022,0.000000,3.000000,1.896921,0.004929,0.000837,-0.057510,0.002887,0.027647,0.325889,0.013065,0.524606,0.621995,-0.001585,0.534529,0.000000,-0.055989
6.896000,6.385994,-0.629247,4.630664,1.786999,0.347181,0.794073,0.000000,3.000000,1.820412,0.004908,0.000954,-0.055262,0.003566,0.027681,0.325330,0.013104,0.524896,0.622044,-0.001576,0.534529,0.000000,-0.061488
6.906000,6.459530,-0.662557,4.686174,1.860534,0.313871,0.849582,0.000000,3.000000,1.886824,0.004930,0.000832,-0.055803,0.004479,0.028565,0.324768,0.013142,0.525175,0.622094,-0.001567,0.534529,0.000000,-0.074019
6.916000,6.815661,-0.684619,4.682712,2.216666,0.291809,0.846121,0.000000,3.000000,2.235791,0.004957,0.000653,-0.054744,0.003238,0.028348,0.324215,0.013179,0.525455,0.622143,-0.001560,0.534529,0.000000,-0.077205
6.926000,6.953147,-0.676873,4.732538,2.354152,0.299555,0.895946,0.000000,3.000000,2.373134,0.004960,0.000631,-0.054264,0.003313,0.028141,0.323678,0.013214,0.525731,0.622193,-0.001553,0.534529,0.000000,-0.080430
6.936000,6.962971,-0.596685,4.814460,2.363976,0.379743,0.977869,0.000000,3.000000,2.394282,0.004937,0.000793,-0.052051,0.002331,0.027141,0.323143,0.013246,0.526010,0.622242,-0.001546,0.534529,0.000000,-0.076957
6.946000,6.862184,-0.594626,4.910242,2.263189,0.381802,1.073650,0.000000,3.000000,2.295169,0.004930,0.000832,-0.049764,0.004203,0.026508,0.322644,0.013285,0.526285,0.622291,-0.001538,0.534529,0.000000,-0.076538
6.956000,6.726386,-0.589220,5.039669,2.127391,0.387208,1.203077,0.000000,3.000000,2.162342,0.004919,0.000895,-0.048959,0.003005,0.026282,0.322148,0.013318,0.526547,0.622341,-0.001530,0.534529,0.000000,-0.079337
6.966000,6.541486,-0.478139,5.095784,1.942491,0.498289,1.259192,0.000000,3.000000,2.005383,0.004843,0.001242,-0.047424,0.002872,0.024409,0.321666,0.013349,0.526797,0.622389,-0.001519,0.534529,0.000000,-0.067946
6.976000,6.154526,-0.518451,5.202899,1.555531,0.457977,1.366308,0.000000,3.000000,1.621549,0.004796,0.001412,-0.044090,0.002529,0.022950,0.321217,0.013378,0.527027,0.622438,-0.001505,0.534529,0.000000,-0.059714
6.986000,6.086758,-0.484792,5.324633,1.487763,0.491636,1.488042,0.000000,3.000000,1.566890,0.004748,0.001569,-0.040555,0.003061,0.022493,0.320805,0.013407,0.527257,0.622485,-0.001490,0.534529,0.000000,-0.059963
6.996000,6.518083,-0.493630,5.365161,1.919088,0.482798,1.528569,0.000000,3.000000,1.978887,0.004849,0.001220,-0.038295,0.002906,0.022748,0.320416,0.013435,0.527489,0.622533,-0.001476,0.534529,0.000000,-0.066312
7.006000,7.132599,-0.504643,5.368208,2.533603,0.471785,1.531617,0.000000,3.000000,2.577155,0.004916,0.000915,-0.036692,0.002789,0.022621,0.320048,0.013460,0.527716,0.622582,-0.001465,0.534529,0.000000,-0.069323
7.016000,7.519301,-0.520301,5.424101,2.920306,0.456127,1.587509,0.000000,3.000000,2.955713,0.004940,0.000772,-0.034600,0.002606,0.021628,0.319694,0.013487,0.527948,0.622631,-0.001457,0.534529,0.000000,-0.065068
7.026000,7.737524,-0.527763,5.494941,3.138529,0.448666,1.658350,0.000000,3.000000,3.170436,0.004950,0.000708,-0.033996,0.003074,0.021538,0.319349,0.013512,0.528165,0.622681,-0.001450,0.534529,0.000000,-0.068212
7.036000,7.842333,-0.556019,5.551786,3.243338,0.420409,1.715194,0.000000,3.000000,3.270471,0.004959,0.000643,-0.032366,0.001720,0.019473,0.319021,0.013534,0.528361,0.622730,-0.001443,0.534529,0.000000,-0.054206
7.046000,7.493953,-0.537021,5.696391,2.894958,0.439407,1.859799,0.000000,3.000000,2.928115,0.004943,0.000750,-0.031137,0.001553,0.014310,0.318714,0.013551,0.528510,0.622780,-0.001436,0.534529,0.000000,-0.013077
7.056000,7.339093,-0.521592,5.677716,2.740097,0.454836,1.841125,0.000000,3.000000,2.777591,0.004933,0.000819,-0.032573,0.001533,0.014570,0.318386,0.013569,0.528667,0.622829,-0.001428,0.534529,0.000000,-0.018118
7.066000,7.548018,-0.567031,5.622390,2.949023,0.409397,1.785798,0.000000,3.000000,2.977304,0.004953,0.000688,-0.035354,0.001659,0.011584,0.318036,0.013587,0.528788,0.622879,-0.001421,0.534529,0.000000,0.005052
7.076000,7.517419,-0.626041,5.640310,2.918424,0.350387,1.803718,0.000000,3.000000,2.939382,0.004964,0.000596,-0.037183,0.001991,0.008624,0.317665,0.013606,0.528878,0.622928,-0.001414,0.534529,0.000000,0.028537
7.086000,7.192839,-0.606404,5.616038,2.593844,0.370024,1.779447,0.000000,3.000000,2.620104,0.004950,0.000706,-0.038695,0.001060,0.005052,0.317289,0.013619,0.528928,0.622978,-0.001408,0.534529,0.000000,0.057943
7.096000,7.019066,-0.600401,5.468547,2.420071,0.376027,1.631955,0.000000,3.000000,2.449110,0.004941,0.000768,-0.040390,0.002134,0.002364,0.316883,0.013638,0.528954,0.623027,-0.001400,0.534529,0.000000,0.080290
7.106000,6.922657,-0.605651,5.335915,2.323662,0.370777,1.499323,0.000000,3.000000,2.353058,0.004938,0.000788,-0.042162,0.001992,-0.001127,0.316463,0.013657,0.528951,0.623077,-0.001392,0.534529,0.000000,0.109960
7.116000,7.366421,-0.660373,5.246676,2.767425,0.316055,1.410085,0.000000,3.000000,2.785415,0.004968,0.000567,-0.045014,0.001691,-0.002388,0.316020,0.013673,0.528935,0.623126,-0.001386,0.534529,0.000000,0.120938
7.126000,8.034183,-0.708071,5.238486,3.435187,0.268357,1.401895,0.000000,3.000000,3.445653,0.004985,0.000389,-0.047442,0.001623,-0.004366,0.315548,0.013690,0.528905,0.623176,-0.001381,0.534529,0.000000,0.138275
7.136000,8.139795,-0.718365,5.416766,3.540799,0.258063,1.580174,0.000000,3.000000,3.550191,0.004987,0.000363,-0.049215,0.000494,-0.006513,0.315058,0.013706,0.528844,0.623226,-0.001377,0.534529,0.000000,0.157591
7.146000,8.117630,-0.720388,5.583237,3.518634,0.256040,1.746645,0.000000,3.000000,3.527938,0.004987,0.000363,-0.050939,0.001221,-0.008116,0.314564,0.013721,0.528770,0.623276,-0.001374,0.534529,0.000000,0.172524
7.156000,8.063864,-0.701039,5.698097,3.464869,0.275389,1.861506,0.000000,3.000000,3.475796,0.004984,0.000396,-0.051034,0.001504,-0.009876,0.314042,0.013736,0.528680,0.623326,-0.001370,0.534529,0.000000,0.189071
7.166000,7.383334,-0.708643,5.747188,2.784339,0.267785,1.910597,0.000000,3.000000,2.797186,0.004977,0.000479,-0.052208,0.001182,-0.012473,0.313526,0.013749,0.528566,0.623375,-0.001366,0.534529,0.000000,0.213165
7.176000,7.183099,-0.705488,5.839055,2.584104,0.270940,2.002463,0.000000,3.000000,2.598269,0.004973,0.000521,-0.053327,0.001231,-0.014509,0.312997,0.013761,0.528407,0.623425,-0.001361,0.534529,0.000000,0.233299
7.186000,7.334553,-0.710769,5.952214,2.735558,0.265659,2.115622,0.000000,3.000000,2.748427,0.004977,0.000483,-0.053237,0.001832,-0.014981,0.312460,0.013776,0.528249,0.623475,-0.001356,0.534529,0.000000,0.240150
7.196000,8.068998,-0.766971,5.809360,3.470002,0.209457,1.972769,0.000000,3.000000,3.476318,0.004991,0.000301,-0.056278,0.001640,-0.013045,0.311904,0.013789,0.528114,0.623525,-0.001352,0.534529,0.000000,0.226158
7.206000,9.251406,-0.859048,5.970984,4.652411,0.117380,2.134393,0.000000,3.000000,4.653891,0.004998,0.000126,-0.058410,0.002132,-0.011190,0.311331,0.013802,0.527988,0.623575,-0.001350,0.534529,0.000000,0.212694
7.216000,9.730372,-0.877699,6.177474,5.131377,0.098729,2.340883,0.000000,3.000000,5.132327,0.004999,0.000096,-0.059696,0.000383,-0.010954,0.310731,0.013811,0.527879,0.623625,-0.001349,0.534529,0.000000,0.212647
7.226000,9.525311,-0.802952,6.256704,4.926316,0.173476,2.420112,0.000000,3.000000,4.929370,0.004997,0.000176,-0.058842,0.001101,-0.013073,0.310137,0.013820,0.527759,0.623675,-0.001347,0.534529,0.000000,0.232776
7.236000,8.359591,-0.734850,6.525583,3.760596,0.241578,2.688991,0.000000,3.000000,3.768347,0.004990,0.000321,-0.056335,0.000527,-0.012695,0.309567,0.013825,0.527629,0.623725,-0.001345,0.534529,0.000000,0.231905
7.246000,6.980655,-0.621290,6.258271,2.381659,0.355138,2.421680,0.000000,3.000000,2.407992,0.004945,0.000737,-0.053389,0.000512,-0.013944,0.309032,0.013831,0.527510,0.623774,-0.001340,0.534529,0.000000,0.244661
7.256000,6.058330,-0.603963,5.803262,1.459335,0.372465,1.966671,0.000000,3.000000,1.506117,0.004845,0.001237,-0.054131,0.001395,-0.013844,0.308497,0.013842,0.527359,0.623823,-0.001329,0.534529,0.000000,0.246533
7.266000,6.360079,-0.638578,5.355636,1.761084,0.337850,1.519045,0.000000,3.000000,1.793198,0.004910,0.000942,-0.055517,0.000937,-0.011780,0.307946,0.013851,0.527235,0.623872,-0.001318,0.534529,0.000000,0.231243
7.276000,7.522180,-0.701278,4.998140,2.923185,0.275151,1.161549,0.000000,3.000000,2.936106,0.004978,0.000469,-0.058917,0.001464,-0.009876,0.307367,0.013864,0.527135,0.623921,-0.001311,0.534529,0.000000,0.216898
7.286000,8.818090,-0.772590,4.766534,4.219095,0.203838,0.929943,0.000000,3.000000,4.224016,0.004994,0.000241,-0.061924,0.000977,-0.005265,0.306760,0.013874,0.527072,0.623971,-0.001308,0.534529,0.000000,0.178900
7.296000,8.898122,-0.788236,4.605825,4.299126,0.188192,0.769234,0.000000,3.000000,4.303244,0.004995,0.000219,-0.061386,0.001390,-0.006006,0.306136,0.013888,0.527007,0.624021,-0.001306,0.534529,0.000000,0.186358
7.306000,8.083832,-0.735716,4.729175,3.484837,0.240712,0.892584,0.000000,3.000000,3.493140,0.004988,0.000345,-0.058798,0.000886,-0.006145,0.305539,0.013900,0.526941,0.624071,-0.001303,0.534529,0.000000,0.188724
7.316000,6.998902,-0.717043,4.820666,2.399907,0.259385,0.984075,0.000000,3.000000,2.413884,0.004971,0.000537,-0.057802,0.001989,-0.009056,0.304961,0.013917,0.526857,0.624121,-0.001299,0.534529,0.000000,0.214933
7.326000,6.649512,-0.706955,4.879544,2.050517,0.269473,1.042953,0.000000,3.000000,2.068148,0.004957,0.000651,-0.058187,0.001427,-0.008425,0.304384,0.013929,0.526787,0.624171,-0.001292,0.534529,0.000000,0.210840
7.336000,7.451382,-0.706513,5.013513,2.852387,0.269915,1.176922,0.000000,3.000000,2.865129,0.004978,0.000471,-0.060895,0.001213,-0.006351,0.303777,0.013940,0.526708,0.624220,-0.001287,0.534529,0.000000,0.194674
7.346000,8.828513,-0.792982,5.054059,4.229518,0.183446,1.217468,0.000000,3.000000,4.233494,0.004995,0.000217,-0.064255,0.001231,-0.002696,0.303141,0.013955,0.526678,0.624270,-0.001284,0.534529,0.000000,0.164190
7.356000,9.073932,-0.803111,5.050943,4.474937,0.173317,1.214351,0.000000,3.000000,4.478292,0.004996,0.000194,-0.064590,0.001955,-0.002879,0.302492,0.013969,0.526647,0.624320,-0.001282,0.534529,0.000000,0.166298
7.366000,8.064506,-0.765101,5.144871,3.465511,0.211327,1.308280,0.000000,3.000000,3.471948,0.004991,0.000304,-0.059837,0.001759,-0.004722,0.301878,0.013983,0.526612,0.624370,-0.001279,0.534529,0.000000,0.182568
7.376000,6.117376,-0.646672,5.246740,1.518381,0.329756,1.410149,0.000000,3.000000,1.553776,0.004886,0.001061,-0.055875,0.001977,-0.005553,0.301320,0.014000,0.526560,0.624420,-0.001273,0.534529,0.000000,0.190560
7.386000,4.784388,-0.601089,5.481841,0.185393,0.375339,1.645250,0.000000,3.000000,0.418629,0.000000,0.000000,-0.053205,0.001208,-0.008018,0.300772,0.014017,0.526485,0.624434,-0.001269,0.534529,0.000000,0.212810
7.396000,4.751155,-0.589343,5.572019,0.152160,0.387085,1.735428,0.000000,3.000000,0.415917,0.000000,0.000000,-0.054905,0.000792,-0.003983,0.300231,0.014030,0.526435,0.624434,-0.001269,0.534529,0.000000,0.179481
7.406000,6.133797,-0.745948,4.998474,1.534802,0.230480,1.161882,0.000000,3.000000,1.552011,0.004945,0.000743,-0.056283,0.000978,0.002535,0.299674,0.014045,0.526458,0.624454,-0.001265,0.534529,0.000000,0.123758
7.416000,7.400744,-0.906692,4.431703,2.801749,0.069736,0.595112,0.000000,3.000000,2.802616,0.004998,0.000124,-0.058271,0.001670,0.005200,0.299092,0.014062,0.526499,0.624503,-0.001262,0.534529,0.000000,0.100405
7.426000,7.556094,-0.910783,4.068519,2.957099,0.065645,0.231927,0.000000,3.000000,2.957828,0.004999,0.000111,-0.057079,0.002024,0.007969,0.298523,0.014081,0.526570,0.624553,-0.001261,0.534529,0.000000,0.075641
7.436000,6.978512,-0.911149,3.668730,2.379517,0.065279,-0.167861,0.167861,3.000000,2.380413,0.004998,0.000137,-0.055913,0.002037,0.008581,0.297959,0.014102,0.526653,0.624603,-0.001260,0.534529,0.000000,0.068952
7.446000,6.645675,-0.977484,3.598128,2.046680,-0.001056,-0.238464,0.238464,3.000000,2.046680,0.005000,-0.000003,-0.055491,0.002168,0.008360,0.297414,0.014129,0.526732,0.624653,-0.001259,0.534529,0.000000,0.069397
7.456000,6.810482,-1.043053,3.677351,2.211487,-0.066625,-0.159240,0.159240,3.000000,2.212490,0.004998,-0.000151,-0.057539,0.002181,0.007165,0.296834,0.014157,0.526814,0.624703,-0.001260,0.534529,0.000000,0.078072
7.466000,7.164048,-1.065792,3.898425,2.565053,-0.089364,0.061833,0.000000,3.000000,2.566609,0.004997,-0.000174,-0.059020,0.002192,0.010272,0.296248,0.014178,0.526908,0.624753,-0.001261,0.534529,0.000000,0.050002
7.476000,7.492021,-1.092389,3.940021,2.893025,-0.115961,0.103430,0.000000,3.000000,2.895348,0.004996,-0.000200,-0.059154,0.001643,0.012090,0.295660,0.014197,0.527024,0.624803,-0.001263,0.534529,0.000000,0.032492
7.486000,7.100313,-1.058996,4.121212,2.501318,-0.082568,0.284621,0.000000,3.000000,2.502680,0.004997,-0.000165,-0.056277,0.001572,0.009814,0.295094,0.014216,0.527141,0.624853,-0.001265,0.534529,0.000000,0.049708
7.496000,6.150098,-1.029723,4.250470,1.551103,-0.053295,0.413878,0.000000,3.000000,1.552018,0.004997,-0.000172,-0.055128,0.001929,0.007411,0.294540,0.014236,0.527216,0.624903,-0.001267,0.534529,0.000000,0.068742
7.506000,5.598395,-0.990481,4.402191,0.999400,-0.014053,0.565600,0.000000,3.000000,0.999499,0.000000,0.000000,-0.055437,0.002102,0.007737,0.293987,0.014256,0.527287,0.624948,-0.001267,0.534529,0.000000,0.064704
7.516000,6.038830,-1.064943,4.570833,1.439835,-0.088515,0.734241,0.000000,3.000000,1.442553,0.004991,-0.000307,-0.057256,0.003123,0.008188,0.293419,0.014281,0.527367,0.624998,-0.001270,0.534529,0.000000,0.059439
7.526000,6.578015,-1.068080,4.630960,1.979019,-0.091652,0.794369,0.000000,3.000000,1.981141,0.004995,-0.000231,-0.057712,0.001594,0.009647,0.292845,0.014298,0.527463,0.625048,-0.001273,0.534529,0.000000,0.045321
7.536000,6.844659,-1.048261,4.499175,2.245664,-0.071833,0.662584,0.000000,3.000000,2.246812,0.004997,-0.000160,-0.056687,0.000514,0.011576,0.292273,0.014315,0.527579,0.625098,-0.001275,0.534529,0.000000,0.026871
7.546000,6.775419,-1.015238,4.668549,2.176423,-0.038810,0.831957,0.000000,3.000000,2.176769,0.004999,-0.000089,-0.055594,0.002482,0.011142,0.291723,0.014337,0.527693,0.625148,-0.001276,0.534529,0.000000,0.028504
7.556000,6.579601,-0.963647,4.957970,1.980606,0.012781,1.121378,0.000000,3.000000,1.980647,0.005000,0.000032,-0.054868,0.000930,0.011474,0.291166,0.014353,0.527806,0.625198,-0.001276,0.534529,0.000000,0.023642
7.566000,6.825008,-0.884619,5.051590,2.226013,0.091809,1.214999,0.000000,3.000000,2.227905,0.004996,0.000206,-0.055705,0.002190,0.014231,0.290616,0.014368,0.527930,0.625248,-0.001275,0.534529,0.000000,-0.001982
7.576000,7.548350,-0.842328,5.260606,2.949355,0.134100,1.424014,0.000000,3.000000,2.952402,0.004995,0.000227,-0.056927,0.002064,0.014277,0.290052,0.014384,0.528077,0.625298,-0.001272,0.534529,0.000000,-0.005017
7.586000,7.759928,-0.715486,5.695010,3.160933,0.260942,1.858418,0.000000,3.000000,3.171685,0.004983,0.000411,-0.055931,0.002241,0.012912,0.289488,0.014398,0.528218,0.625348,-0.001269,0.534529,0.000000,0.004032
7.596000,6.862998,-0.581172,5.854946,2.264003,0.395256,2.018354,0.000000,3.000000,2.298247,0.004926,0.000860,-0.053891,0.001201,0.010803,0.288938,0.014409,0.528338,0.625398,-0.001263,0.534529,0.000000,0.019763
7.606000,5.545121,-0.414852,5.739461,0.946126,0.561576,1.902870,0.000000,3.000000,1.100237,0.004300,0.002552,-0.051359,0.002050,0.009904,0.288430,0.014427,0.528439,0.625444,-0.001246,0.534529,0.000000,0.025574
7.616000,4.826027,-0.399222,5.782210,0.227032,0.577206,1.945619,0.000000,3.000000,0.620250,0.000000,0.000000,-0.050671,0.002528,0.005433,0.287918,0.014450,0.528504,0.625448,-0.001244,0.534529,0.000000,0.062344
7.626000,4.840711,-0.389384,5.737677,0.241716,0.587044,1.901086,0.000000,3.000000,0.634860,0.000000,0.000000,-0.052548,0.001214,0.004999,0.287402,0.014466,0.528552,0.625448,-0.001244,0.534529,0.000000,0.065169
7.636000,5.896023,-0.448702,5.420166,1.297027,0.527726,1.583575,0.000000,3.000000,1.400277,0.004631,0.001884,-0.055458,0.001948,0.005731,0.286852,0.014484,0.528610,0.625466,-0.001235,0.534529,0.000000,0.057904
7.646000,6.903166,-0.519895,5.178747,2.304171,0.456533,1.342156,0.000000,3.000000,2.348963,0.004905,0.000972,-0.057025,0.001551,0.006515,0.286284,0.014503,0.528689,0.625515,-0.001222,0.534529,0.000000,0.049840
7.656000,7.064356,-0.603653,5.077774,2.465361,0.372775,1.241183,0.000000,3.000000,2.493384,0.004944,0.000748,-0.057279,0.001482,0.005446,0.285720,0.014521,0.528723,0.625564,-0.001214,0.534529,0.000000,0.058292
7.666000,6.574496,-0.574144,5.082778,1.975501,0.402284,1.246187,0.000000,3.000000,2.016045,0.004899,0.000998,-0.056325,0.001317,0.001219,0.285147,0.014537,0.528755,0.625613,-0.001205,0.534529,0.000000,0.093582
7.676000,6.428774,-0.626282,5.181572,1.829779,0.350146,1.344980,0.000000,3.000000,1.862979,0.004911,0.000940,-0.057111,0.001907,0.002002,0.284578,0.014558,0.528771,0.625662,-0.001195,0.534529,0.000000,0.086647
7.686000,6.894016,-0.685738,5.504510,2.295021,0.290690,1.667919,0.000000,3.000000,2.313357,0.004960,0.000628,-0.058865,0.001608,-0.001271,0.284005,0.014575,0.528770,0.625712,-0.001188,0.534529,0.000000,0.114450
7.696000,7.384286,-0.722256,5.808758,2.785291,0.254173,1.972167,0.000000,3.000000,2.796864,0.004979,0.000454,-0.060381,0.000664,-0.001379,0.283395,0.014588,0.528760,0.625761,-0.001182,0.534529,0.000000,0.115539
7.706000,7.463536,-0.717342,5.799632,2.864541,0.259086,1.963041,0.000000,3.000000,2.876233,0.004980,0.000450,-0.061593,0.001420,-0.002891,0.282779,0.014603,0.528735,0.625811,-0.001178,0.534529,0.000000,0.128813
7.716000,7.114340,-0.721683,5.865900,2.515345,0.254745,2.029309,0.000000,3.000000,2.528212,0.004975,0.000504,-0.059719,0.001471,-0.007555,0.282174,0.014618,0.528680,0.625861,-0.001173,0.534529,0.000000,0.169391
7.726000,5.817116,-0.648848,6.051728,1.218121,0.327580,2.215136,0.000000,3.000000,1.261399,0.004828,0.001298,-0.057914,0.000119,-0.011889,0.281593,0.014626,0.528575,0.625910,-0.001165,0.534529,0.000000,0.208056
7.736000,4.895170,-0.605156,6.212401,0.296175,0.371272,2.375810,0.000000,3.000000,0.474934,0.000000,0.000000,-0.057094,0.001418,-0.015173,0.281023,0.014636,0.528435,0.625920,-0.001162,0.534529,0.000000,0.238431
7.746000,5.482573,-0.645972,6.501581,0.883578,0.330457,2.664990,0.000000,3.000000,0.943351,0.000000,0.000000,-0.059746,0.000908,-0.013025,0.280432,0.014644,0.528298,0.625920,-0.001162,0.534529,0.000000,0.222663
7.756000,6.419130,-0.659387,6.631870,1.820135,0.317041,2.795279,0.000000,3.000000,1.847540,0.004926,0.000858,-0.059951,0.000114,-0.012362,0.279831,0.014649,0.528176,0.625968,-0.001151,0.534529,0.000000,0.219242
7.766000,6.856383,-0.632731,6.522315,2.257388,0.343697,2.685724,0.000000,3.000000,2.283403,0.004943,0.000753,-0.058973,0.000192,-0.010160,0.279236,0.014654,0.528072,0.626018,-0.001143,0.534529,0.000000,0.202427
7.776000,6.965482,-0.629138,6.592881,2.366487,0.347290,2.756289,0.000000,3.000000,2.391834,0.004947,0.000726,-0.058541,0.000522,-0.009980,0.278649,0.014663,0.527964,0.626067,-0.001136,0.534529,0.000000,0.202839
7.786000,6.888747,-0.667817,6.169871,2.289752,0.308611,2.333280,0.000000,3.000000,2.310455,0.004955,0.000668,-0.058239,0.001274,-0.008266,0.278069,0.014675,0.527877,0.626117,-0.001129,0.534529,0.000000,0.189875
7.796000,7.253561,-0.651831,5.755071,2.654566,0.324598,1.918480,0.000000,3.000000,2.674338,0.004963,0.000607,-0.060051,0.001269,-0.008055,0.277473,0.014685,0.527799,0.626166,-0.001122,0.534529,0.000000,0.189487
7.806000,7.823945,-0.633378,5.561375,3.224950,0.343050,1.724783,0.000000,3.000000,3.243145,0.004972,0.000529,-0.061695,0.000086,-0.006623,0.276855,0.014692,0.527727,0.626216,-0.001117,0.534529,0.000000,0.178633
7.816000,8.050369,-0.627874,5.063035,3.451373,0.348555,1.226444,0.000000,3.000000,3.468929,0.004975,0.000502,-0.063007,0.000871,-0.006887,0.276224,0.014705,0.527675,0.626266,-0.001112,0.534529,0.000000,0.181811
7.826000,7.405314,-0.579573,5.059218,2.806319,0.396855,1.222626,0.000000,3.000000,2.834240,0.004951,0.000700,-0.062325,0.000678,-0.010403,0.275597,0.014716,0.527581,0.626315,-0.001106,0.534529,0.000000,0.213323
7.836000,6.219221,-0.463994,5.234654,1.620226,0.512434,1.398063,0.000000,3.000000,1.699329,0.004767,0.001508,-0.060529,0.000230,-0.013218,0.274989,0.014727,0.527460,0.626364,-0.001095,0.534529,0.000000,0.239391
7.846000,5.484391,-0.386986,5.493508,0.885396,0.589442,1.656916,0.000000,3.000000,1.063658,0.004162,0.002771,-0.060368,0.000102,-0.014781,0.274390,0.014735,0.527316,0.626408,-0.001072,0.534529,0.000000,0.255249
7.856000,5.968379,-0.385410,5.841204,1.369384,0.591018,2.004612,0.000000,3.000000,1.491481,0.004591,0.001981,-0.063401,0.000286,-0.015759,0.273767,0.014742,0.527159,0.626452,-0.001047,0.534529,0.000000,0.266382
7.866000,6.969016,-0.434805,5.782638,2.370021,0.541623,1.946047,0.000000,3.000000,2.431122,0.004874,0.001114,-0.065235,0.000620,-0.014530,0.273121,0.014745,0.527021,0.626500,-0.001033,0.534529,0.000000,0.258422
7.876000,7.734415,-0.419184,5.866524,3.135420,0.557244,2.029933,0.000000,3.000000,3.184553,0.004923,0.000875,-0.064580,0.000657,-0.014095,0.272468,0.014748,0.526885,0.626549,-0.001024,0.534529,0.000000,0.257195
7.886000,7.348383,-0.322449,5.913575,2.749388,0.653979,2.076984,0.000000,3.000000,2.826097,0.004864,0.001157,-0.063557,0.000565,-0.015734,0.271832,0.014752,0.526738,0.626598,-0.001014,0.534529,0.000000,0.273734
7.896000,6.799843,-0.229720,6.035373,2.200848,0.746708,2.198782,0.000000,3.000000,2.324071,0.004735,0.001606,-0.062580,0.000779,-0.014705,0.271211,0.014757,0.526592,0.626646,-0.001000,0.534529,0.000000,0.267643
7.906000,6.828428,-0.208590,6.368656,2.229433,0.767838,2.532064,0.000000,3.000000,2.357954,0.004727,0.001628,-0.062671,0.000070,-0.015748,0.270580,0.014760,0.526427,0.626693,-0.000984,0.534529,0.000000,0.279459
7.916000,6.911029,-0.135887,6.397284,2.312034,0.840541,2.560693,0.000000,3.000000,2.460084,0.004699,0.001708,-0.062580,0.000337,-0.014096,0.269954,0.014764,0.526293,0.626740,-0.000967,0.534529,0.000000,0.267851
7.926000,7.010063,0.003546,6.520717,2.411068,0.979974,2.684126,0.000000,3.000000,2.602614,0.004632,0.001883,-0.061740,-0.001598,-0.014397,0.269334,0.014751,0.526149,0.626787,-0.000949,0.534529,0.000000,0.272992
7.936000,6.348965,0.183471,6.061117,1.749970,1.159899,2.224526,0.000000,3.000000,2.099467,0.004168,0.002762,-0.058924,-0.001857,-0.013344,0.268741,0.014735,0.526017,0.626831,-0.000926,0.534529,0.000000,0.266432
7.946000,5.544605,0.242419,5.450611,0.945609,1.218847,1.614020,0.000000,3.000000,1.542649,0.003065,0.003951,-0.057795,-0.002262,-0.014794,0.268160,0.014717,0.525872,0.626867,-0.000892,0.534529,0.000000,0.281350
7.956000,5.230088,0.225730,5.091874,0.631092,1.202158,1.255282,0.000000,3.000000,1.357742,0.002324,0.004427,-0.057971,-0.002564,-0.015135,0.267581,0.014699,0.525720,0.626892,-0.000849,0.534529,0.000000,0.286994
7.966000,5.658383,0.176289,4.684253,1.059388,1.152717,0.847662,0.000000,3.000000,1.565586,0.003383,0.003681,-0.059494,-0.002218,-0.013747,0.266991,0.014677,0.525584,0.626920,-0.000807,0.534529,0.000000,0.277663
7.976000,6.234946,0.234675,4.791930,1.635951,1.211104,0.955339,0.000000,3.000000,2.035462,0.004019,0.002975,-0.060409,-0.003329,-0.014067,0.266380,0.014648,0.525443,0.626958,-0.000775,0.534529,0.000000,0.282897
7.986000,6.263841,0.224792,4.803602,1.664846,1.201220,0.967011,0.000000,3.000000,2.052959,0.004055,0.002926,-0.059436,-0.002359,-0.014641,0.265785,0.014621,0.525297,0.626999,-0.000746,0.534529,0.000000,0.290408
7.996000,6.019411,0.168535,5.033959,1.420415,1.144963,1.197367,0.000000,3.000000,1.824423,0.003893,0.003138,-0.058484,-0.002393,-0.016736,0.265198,0.014598,0.525135,0.627038,-0.000715,0.534529,0.000000,0.311086
8.007000,5.810191,0.083148,5.326211,1.211196,1.059576,1.489620,0.000000,3.000000,1.609254,0.003763,0.003292,-0.057934,-0.002242,-0.018692,0.264562,0.014578,0.524929,0.627080,-0.000680,0.534529,0.000000,0.331398
8.018000,6.364884,0.107715,5.248015,1.765888,1.084143,1.411424,0.000000,3.000000,2.072131,0.004261,0.002616,-0.060586,-0.002359,-0.018041,0.263904,0.014555,0.524733,0.627124,-0.000647,0.534529,0.000000,0.329408
8.029000,6.838832,0.114506,5.440053,2.239837,1.090934,1.603461,0.000000,3.000000,2.491386,0.004495,0.002189,-0.060111,-0.001944,-0.018160,0.263235,0.014532,0.524532,0.627173,-0.000622,0.534529,0.000000,0.334041
8.040000,5.725495,0.128170,5.320027,1.126500,1.104598,1.483436,0.000000,3.000000,1.577701,0.003570,0.003501,-0.057250,-0.001473,-0.021021,0.262604,0.014512,0.524310,0.627219,-0.000592,0.534529,0.000000,0.362304
8.051000,4.290529,0.126524,5.633824,-0.308466,1.102952,1.797233,0.000000,3.000000,1.145275,-0.001347,0.004815,-0.052554,-0.001155,-0.024248,0.262011,0.014498,0.524046,0.627233,-0.000541,0.534529,0.000000,0.394440
8.062000,3.003894,0.202872,5.715352,-1.595101,1.179300,1.878760,0.000000,3.000000,1.983708,-0.004021,0.002972,-0.049854,-0.001741,-0.025448,0.261463,0.014485,0.523776,0.627197,-0.000501,0.534529,0.000000,0.409471
8.073000,3.266652,0.378543,5.775482,-1.332343,1.354971,1.938891,0.000000,3.000000,1.900285,-0.003506,0.003565,-0.050049,-0.002426,-0.024784,0.260912,0.014461,0.523493,0.627155,-0.000467,0.534529,0.000000,0.408944
8.084000,4.520393,0.458501,5.369669,-0.078602,1.434929,1.533078,0.000000,3.000000,1.437081,-0.000273,0.004993,-0.051289,-0.002211,-0.018920,0.260348,0.014431,0.523269,0.627132,-0.000418,0.534529,0.000000,0.363208
8.095000,5.497150,0.296274,4.623424,0.898155,1.272702,0.786832,0.000000,3.000000,1.557707,0.002883,0.004085,-0.051813,-0.001866,-0.018074,0.259777,0.014410,0.523073,0.627150,-0.000367,0.534529,0.000000,0.359558
8.106000,5.367295,0.110210,4.282164,0.768300,1.086638,0.445573,0.000000,3.000000,1.330814,0.002887,0.004083,-0.048915,-0.001264,-0.018110,0.259225,0.014395,0.522881,0.627185,-0.000324,0.534529,0.000000,0.363324
8.117000,4.593381,0.021144,3.791886,-0.005614,0.997572,-0.044705,0.044705,3.000000,0.997588,0.000000,0.000000,-0.048567,-0.000542,-0.016742,0.258700,0.014390,0.522694,0.627198,-0.000277,0.534529,0.000000,0.355089
8.128000,4.825179,-0.053839,3.848577,0.226184,0.922589,0.011985,0.000000,3.000000,0.949910,0.000000,0.000000,-0.048236,-0.000186,-0.017690,0.258162,0.014388,0.522492,0.627198,-0.000277,0.534529,0.000000,0.366773
8.139000,5.224234,-0.193567,4.061545,0.625238,0.782861,0.224954,0.000000,3.000000,1.001895,0.003120,0.003907,-0.049050,0.000174,-0.017074,0.257625,0.014396,0.522299,0.627201,-0.000273,0.534529,0.000000,0.365017
8.150000,6.093469,-0.361806,4.173077,1.494474,0.614622,0.336485,0.000000,3.000000,1.615925,0.004624,0.001902,-0.050511,0.001272,-0.014297,0.257076,0.014410,0.522156,0.627247,-0.000243,0.534529,0.000000,0.344026
8.161000,5.862437,-0.443027,4.274468,1.263442,0.533401,0.437876,0.000000,3.000000,1.371423,0.004606,0.001945,-0.049379,0.001215,-0.015155,0.256533,0.014421,0.521982,0.627298,-0.000223,0.534529,0.000000,0.354439
8.172000,4.963631,-0.466837,4.096055,0.364636,0.509591,0.259463,0.000000,3.000000,0.626612,0.000000,0.000000,-0.045978,0.000770,-0.017450,0.256018,0.014431,0.521803,0.627325,-0.000210,0.534529,0.000000,0.377140
8.183000,3.876218,-0.455981,4.289280,-0.722777,0.520447,0.452689,0.000000,3.000000,0.890658,0.000000,0.000000,-0.043290,0.000828,-0.017619,0.255537,0.014435,0.521607,0.627325,-0.000210,0.534529,0.000000,0.382083
8.194000,3.731231,-0.474509,4.286021,-0.867765,0.501920,0.449429,0.000000,3.000000,1.002466,-0.004328,0.002503,-0.042951,-0.000288,-0.017952,0.255064,0.014434,0.521420,0.627290,-0.000190,0.534529,0.000000,0.388290
8.205000,4.393328,-0.474260,4.339043,-0.205667,0.502168,0.502451,0.000000,3.000000,0.542652,0.000000,0.000000,-0.044002,0.000425,-0.012909,0.254584,0.014434,0.521262,0.627290,-0.000190,0.534529,0.000000,0.348334
8.216000,5.497182,-0.460091,4.469614,0.898187,0.516337,0.633023,0.000000,3.000000,1.036023,0.004335,0.002492,-0.043562,-0.000094,-0.009820,0.254098,0.014432,0.521143,0.627294,-0.000188,0.534529,0.000000,0.324274
8.227000,5.289836,-0.442869,4.516191,0.690840,0.533560,0.679600,0.000000,3.000000,0.872895,0.000000,0.000000,-0.042310,0.000736,-0.007961,0.253628,0.014437,0.521032,0.627321,-0.000173,0.534529,0.000000,0.310496
8.238000,4.572711,-0.376496,4.301232,-0.026284,0.599932,0.464641,0.000000,3.000000,0.600508,0.000000,0.000000,-0.038465,0.000337,-0.006864,0.253200,0.014443,0.520951,0.627321,-0.000173,0.534529,0.000000,0.302649
8.249000,3.830816,-0.293364,4.379180,-0.768179,0.683064,0.542589,0.000000,3.000000,1.027948,-0.003736,0.003322,-0.034734,0.001693,-0.004829,0.252801,0.014457,0.520896,0.627317,-0.000170,0.534529,0.000000,0.286368
8.260000,3.735672,-0.254859,4.298934,-0.863323,0.721569,0.462343,0.000000,3.000000,1.125162,-0.003836,0.003207,-0.034437,0.000153,-0.001626,0.252427,0.014461,0.520864,0.627273,-0.000137,0.534529,0.000000,0.259759
8.271000,4.726630,-0.253644,4.117623,0.127635,0.722784,0.281032,0.000000,3.000000,0.733967,0.000000,0.000000,-0.034101,0.000008,0.001471,0.252049,0.014467,0.520875,0.627265,-0.000130,0.534529,0.000000,0.233283
8.282000,5.716686,-0.240991,4.089056,1.117690,0.735437,0.252465,0.000000,3.000000,1.337946,0.004177,0.002748,-0.035008,0.000323,0.004379,0.251658,0.014470,0.520919,0.627289,-0.000111,0.534529,0.000000,0.207825
8.293000,6.233251,-0.193198,3.953244,1.634256,0.783230,0.116653,0.000000,3.000000,1.812248,0.004509,0.002161,-0.035910,0.000276,0.005610,0.251260,0.014473,0.520984,0.627338,-0.000086,0.534529,0.000000,0.196199
8.304000,5.477376,-0.083870,3.859779,0.878381,0.892558,0.023187,0.000000,3.000000,1.252283,0.003507,0.003564,-0.033838,0.000115,0.002096,0.250881,0.014476,0.521023,0.627384,-0.000057,0.534529,0.000000,0.225313
8.315000,3.946721,-0.047367,3.791830,-0.652275,0.929061,-0.044761,0.044761,3.000000,1.135173,-0.002873,0.004092,-0.032340,0.001447,-0.001524,0.250520,0.014488,0.521023,0.627385,-0.000031,0.534529,0.000000,0.256045
8.326000,2.984377,-0.070485,3.582813,-1.614618,0.905943,-0.253778,0.253778,3.000000,1.851411,-0.004361,0.002447,-0.031146,0.000787,-0.003040,0.250184,0.014499,0.520995,0.627341,0.000002,0.534529,0.000000,0.269410
8.337000,3.170047,-0.131605,3.571368,-1.428948,0.844823,-0.265223,0.265223,3.000000,1.660005,-0.004304,0.002545,-0.032444,0.000461,-0.003086,0.249831,0.014509,0.520958,0.627293,0.000028,0.534529,0.000000,0.270452
8.348000,4.661331,-0.225068,3.574100,0.062336,0.751360,-0.262492,0.262492,3.000000,0.753942,0.000000,0.000000,-0.034355,0.000541,-0.000420,0.249459,0.014518,0.520951,0.627266,0.000051,0.534529,0.000000,0.247973
8.359000,6.170543,-0.318026,3.734741,1.571548,0.658402,-0.101850,0.101850,3.000000,1.703894,0.004612,0.001932,-0.036777,0.000502,-0.000160,0.249060,0.014523,0.520949,0.627296,0.000068,0.534529,0.000000,0.245796
8.370000,6.343984,-0.264153,3.855784,1.744988,0.712275,0.019192,0.000000,3.000000,1.884760,0.004629,0.001890,-0.036957,0.000585,-0.002219,0.248654,0.014530,0.520929,0.627348,0.000087,0.534529,0.000000,0.263626
8.381000,5.696767,-0.184677,3.870716,1.097772,0.791751,0.034124,0.000000,3.000000,1.353504,0.004055,0.002925,-0.036336,0.000316,-0.004766,0.248252,0.014533,0.520884,0.627396,0.000113,0.534529,0.000000,0.286052
8.392000,4.243252,-0.104756,4.021192,-0.355744,0.871672,0.184601,0.000000,3.000000,0.941470,0.000000,0.000000,-0.033773,0.000208,-0.009541,0.247881,0.014538,0.520789,0.627414,0.000131,0.534529,0.000000,0.328265
8.403000,3.270765,0.007448,4.150269,-1.328230,0.983876,0.313677,0.000000,3.000000,1.652939,-0.004018,0.002976,-0.032129,0.000108,-0.010657,0.247523,0.014541,0.520673,0.627376,0.000170,0.534529,0.000000,0.339828
8.414000,3.777641,-0.000268,4.159971,-0.821354,0.976160,0.323380,0.000000,3.000000,1.275739,-0.003219,0.003826,-0.033746,0.000222,-0.012059,0.247157,0.014544,0.520541,0.627334,0.000205,0.534529,0.000000,0.354100
8.425000,4.819588,-0.011496,4.341599,0.220593,0.964932,0.505008,0.000000,3.000000,0.989826,0.000000,0.000000,-0.035730,0.000714,-0.009728,0.246768,0.014547,0.520422,0.627318,0.000241,0.534529,0.000000,0.336459
8.436000,6.619416,-0.066672,4.281711,2.020421,0.909756,0.445119,0.000000,3.000000,2.215797,0.004559,0.002053,-0.037512,-0.000549,-0.008073,0.246358,0.014545,0.520328,0.627359,0.000275,0.534529,0.000000,0.324120
8.447000,7.266096,-0.055364,4.407786,2.667101,0.921064,0.571195,0.000000,3.000000,2.821663,0.004726,0.001632,-0.038163,-0.000754,-0.009033,0.245941,0.014546,0.520236,0.627410,0.000294,0.534529,0.000000,0.333913
8.458000,6.701940,0.008722,4.472379,2.102945,0.985150,0.635788,0.000000,3.000000,2.322261,0.004528,0.002121,-0.036979,0.000146,-0.011406,0.245534,0.014550,0.520116,0.627461,0.000315,0.534529,0.000000,0.356211
8.469000,5.524981,0.057201,4.459716,0.925986,1.033629,0.623124,0.000000,3.000000,1.387746,0.003336,0.003724,-0.034930,0.000371,-0.013430,0.245142,0.014548,0.519971,0.627506,0.000346,0.534529,0.000000,0.376002
8.480000,4.085441,0.117451,4.425694,-0.513554,1.093879,0.589103,0.000000,3.000000,1.208433,-0.002125,0.004526,-0.032501,0.000260,-0.016376,0.244783,0.014547,0.519797,0.627512,0.000397,0.534529,0.000000,0.404131
8.491000,3.397738,0.136891,4.543170,-1.201257,1.113319,0.706579,0.000000,3.000000,1.637833,-0.003667,0.003399,-0.031676,0.000225,-0.016872,0.244433,0.014546,0.519616,0.627476,0.000438,0.534529,0.000000,0.411594
8.502000,3.898802,0.102664,4.599471,-0.700193,1.079092,0.762880,0.000000,3.000000,1.286355,-0.002722,0.004194,-0.031560,0.000063,-0.014754,0.244089,0.014543,0.519442,0.627439,0.000479,0.534529,0.000000,0.396760
8.513000,4.790967,0.093295,4.606843,0.191972,1.069723,0.770252,0.000000,3.000000,1.086812,0.000883,0.004921,-0.031982,-0.000249,-0.012085,0.243730,0.014544,0.519307,0.627428,0.000532,0.534529,0.000000,0.376534
8.524000,5.849035,0.035898,4.653929,1.250040,1.012326,0.817338,0.000000,3.000000,1.608541,0.003886,0.003147,-0.032121,0.001090,-0.008453,0.243374,0.014548,0.519212,0.627460,0.000575,0.534529,0.000000,0.347434
8.535000,6.033649,0.043227,4.547492,1.434654,1.019655,0.710901,0.000000,3.000000,1.760093,0.004076,0.002897,-0.031311,0.000521,-0.006444,0.243026,0.014550,0.519132,0.627504,0.000607,0.534529,0.000000,0.331816
8.546000,5.540221,0.058550,4.332528,0.941225,1.034978,0.495937,0.000000,3.000000,1.398958,0.003364,0.003699,-0.030287,0.000163,-0.008168,0.242693,0.014552,0.519050,0.627546,0.000643,0.534529,0.000000,0.347935
8.557000,4.672499,0.169374,4.169320,0.073504,1.145802,0.332729,0.000000,3.000000,1.148157,0.000320,0.004990,-0.029130,-0.000225,-0.009390,0.242375,0.014547,0.518952,0.627567,0.000692,0.534529,0.000000,0.360069
8.568000,3.860520,0.276691,4.073610,-0.738475,1.253120,0.237018,0.000000,3.000000,1.454529,-0.002539,0.004308,-0.027270,-0.000158,-0.010544,0.242071,0.014541,0.518840,0.627552,0.000744,0.534529,0.000000,0.371861
8.579000,3.509843,0.368468,3.913621,-1.089152,1.344896,0.077030,0.000000,3.000000,1.730606,-0.003147,0.003886,-0.028136,-0.001295,-0.010488,0.241773,0.014528,0.518724,0.627518,0.000788,0.534529,0.000000,0.373471
8.590000,4.411629,0.366348,3.742966,-0.187366,1.342776,-0.093626,0.093626,3.000000,1.355785,-0.000691,0.004952,-0.029375,-0.001458,-0.009420,0.241453,0.014512,0.518616,0.627496,0.000837,0.534529,0.000000,0.366367
8.601000,5.360977,0.241188,3.635126,0.761982,1.217616,-0.201466,0.201466,3.000000,1.436386,0.002652,0.004238,-0.031329,-0.000921,-0.008226,0.241107,0.014502,0.518533,0.627509,0.000889,0.534529,0.000000,0.357717
8.612000,6.076678,0.203550,3.570540,1.477682,1.179978,-0.266051,0.266051,3.000000,1.891003,0.003907,0.003120,-0.031590,-0.001148,-0.007587,0.240760,0.014486,0.518454,0.627548,0.000928,0.534529,0.000000,0.353731
8.623000,6.298244,0.194915,3.609278,1.699249,1.171343,-0.227314,0.227314,3.000000,2.063853,0.004117,0.002838,-0.031665,-0.001917,-0.007553,0.240411,0.014469,0.518374,0.627592,0.000961,0.534529,0.000000,0.354879
8.634000,5.958825,0.172712,3.643498,1.359830,1.149140,-0.193094,0.193094,3.000000,1.780354,0.003819,0.003227,-0.031215,-0.001640,-0.010336,0.240066,0.014456,0.518272,0.627636,0.000994,0.534529,0.000000,0.380319
8.645000,5.368730,0.179438,3.742335,0.769735,1.155866,-0.094256,0.094256,3.000000,1.388711,0.002771,0.004162,-0.030424,-0.001696,-0.009842,0.239729,0.014440,0.518159,0.627673,0.001034,0.534529,0.000000,0.378163
8.656000,5.222613,0.253580,3.816711,0.623618,1.230008,-0.019880,0.019880,3.000000,1.379065,0.002261,0.004460,-0.030916,-0.002025,-0.010163,0.239392,0.014422,0.518045,0.627698,0.001083,0.534529,0.000000,0.382942
8.667000,5.354048,0.245163,3.895400,0.755052,1.221591,0.058809,0.000000,3.000000,1.436102,0.002629,0.004253,-0.031363,-0.001441,-0.009201,0.239048,0.014408,0.517949,0.627726,0.001130,0.534529,0.000000,0.376506
8.678000,5.022322,0.315569,3.905093,0.423327,1.291997,0.068502,0.000000,3.000000,1.359581,0.001557,0.004751,-0.030885,-0.001920,-0.010765,0.238715,0.014387,0.517832,0.627750,0.001179,0.534529,0.000000,0.391884
8.689000,4.966233,0.402708,3.902711,0.367238,1.379136,0.066120,0.000000,3.000000,1.427193,0.001287,0.004832,-0.031567,-0.002294,-0.009639,0.238364,0.014364,0.517726,0.627765,0.001233,0.534529,0.000000,0.384248
8.700000,4.874711,0.438436,3.884749,0.275716,1.414864,0.048158,0.000000,3.000000,1.441478,0.000956,0.004908,-0.031011,-0.002178,-0.012045,0.238023,0.014340,0.517596,0.627779,0.001286,0.534529,0.000000,0.406991
8.711000,4.786663,0.531857,3.978818,0.187668,1.508285,0.142227,0.000000,3.000000,1.519915,0.000617,0.004962,-0.031145,-0.004092,-0.011132,0.237687,0.014308,0.517475,0.627786,0.001340,0.534529,0.000000,0.401430
8.722000,5.373456,0.595630,4.056863,0.774460,1.572058,0.220271,0.000000,3.000000,1.752471,0.002210,0.004485,-0.031749,-0.003833,-0.010076,0.237339,0.014272,0.517362,0.627802,0.001392,0.534529,0.000000,0.394497
8.733000,5.722403,0.586261,4.122731,1.123408,1.562689,0.286140,0.000000,3.000000,1.924588,0.002919,0.004060,-0.031707,-0.004135,-0.009303,0.236989,0.014238,0.517264,0.627831,0.001439,0.534529,0.000000,0.389700
8.744000,5.473832,0.672192,4.197837,0.874837,1.648620,0.361245,0.000000,3.000000,1.866357,0.002344,0.004417,-0.031352,-0.003818,-0.008810,0.236645,0.014194,0.517159,0.627860,0.001486,0.534529,0.000000,0.387404
8.755000,5.268267,0.713675,4.182470,0.669271,1.690103,0.345878,0.000000,3.000000,1.817794,0.001841,0.004649,-0.031077,-0.004154,-0.008949,0.236300,0.014145,0.517063,0.627883,0.001536,0.534529,0.000000,0.390312
8.766000,4.659080,0.752302,4.212321,0.060085,1.728730,0.375730,0.000000,3.000000,1.729773,0.000174,0.004997,-0.029332,-0.004373,-0.009614,0.235974,0.014098,0.516968,0.627894,0.001589,0.534529,0.000000,0.397671
8.777000,4.069205,0.711939,4.314409,-0.529790,1.688367,0.477817,0.000000,3.000000,1.769537,-0.001497,0.004771,-0.028585,-0.004991,-0.007675,0.235660,0.014049,0.516875,0.627883,0.001643,0.534529,0.000000,0.382885
8.788000,4.335144,0.654142,4.224293,-0.263851,1.630570,0.387702,0.000000,3.000000,1.651780,-0.000799,0.004936,-0.028988,-0.003966,-0.005657,0.235344,0.014005,0.516805,0.627870,0.001696,0.534529,0.000000,0.367025
8.799000,4.911877,0.565993,4.195926,0.312882,1.542422,0.359334,0.000000,3.000000,1.573836,0.000994,0.004900,-0.028060,-0.003762,-0.001166,0.235034,0.013961,0.516773,0.627872,0.001751,0.534529,0.000000,0.329487
8.810000,5.334928,0.566613,4.266728,0.735933,1.543041,0.430137,0.000000,3.000000,1.709554,0.002152,0.004513,-0.027566,-0.003989,0.002117,0.234733,0.013914,0.516776,0.627890,0.001802,0.534529,0.000000,0.301583
8.821000,5.861064,0.501973,4.214647,1.262069,1.478402,0.378056,0.000000,3.000000,1.943834,0.003246,0.003803,-0.026677,-0.003492,0.005430,0.234438,0.013873,0.516826,0.627921,0.001847,0.534529,0.000000,0.272563
8.832000,5.831299,0.478780,4.206962,1.232304,1.455209,0.370370,0.000000,3.000000,1.906883,0.003231,0.003816,-0.025184,-0.003627,0.006404,0.234152,0.013832,0.516892,0.627958,0.001889,0.534529,0.000000,0.263114
8.843000,5.218391,0.548239,4.207493,0.619396,1.524667,0.370902,0.000000,3.000000,1.645680,0.001882,0.004632,-0.024236,-0.003699,0.006884,0.233885,0.013785,0.516966,0.627986,0.001936,0.534529,0.000000,0.257718
8.854000,4.714336,0.567855,4.130135,0.115341,1.544283,0.293544,0.000000,3.000000,1.548584,0.000372,0.004986,-0.023456,-0.003944,0.005962,0.233629,0.013739,0.517033,0.627998,0.001989,0.534529,0.000000,0.264337
8.865000,4.281178,0.616385,4.050929,-0.317817,1.592813,0.214337,0.000000,3.000000,1.624211,-0.000978,0.004903,-0.022686,-0.004192,0.004793,0.233379,0.013689,0.517094,0.627994,0.002044,0.534529,0.000000,0.273156
8.876000,4.020197,0.649047,3.969080,-0.578798,1.625475,0.132489,0.000000,3.000000,1.725449,-0.001677,0.004710,-0.022145,-0.004188,0.004719,0.233134,0.013638,0.517152,0.627978,0.002096,0.534529,0.000000,0.272746
8.887000,4.210361,0.667670,3.929728,-0.388634,1.644099,0.093136,0.000000,3.000000,1.689407,-0.001150,0.004866,-0.022542,-0.004181,0.005416,0.232886,0.013589,0.517212,0.627960,0.002148,0.534529,0.000000,0.265746
8.898000,4.696717,0.592181,3.925437,0.097722,1.568609,0.088845,0.000000,3.000000,1.571650,0.000311,0.004990,-0.023697,-0.004683,0.007111,0.232626,0.013538,0.517286,0.627956,0.002203,0.534529,0.000000,0.250024
8.909000,5.046772,0.587769,3.926437,0.447777,1.564197,0.089845,0.000000,3.000000,1.627027,0.001376,0.004807,-0.023795,-0.004321,0.005962,0.232362,0.013488,0.517355,0.627968,0.002256,0.534529,0.000000,0.258534
8.920000,5.088594,0.511911,3.910014,0.489599,1.488339,0.073423,0.000000,3.000000,1.566800,0.001562,0.004750,-0.024106,-0.003974,0.005104,0.232101,0.013447,0.517417,0.627984,0.002309,0.534529,0.000000,0.264703
8.931000,5.024715,0.492869,3.902770,0.425720,1.469297,0.066179,0.000000,3.000000,1.529729,0.001391,0.004802,-0.023351,-0.004480,0.004103,0.231840,0.013402,0.517466,0.628001,0.002362,0.534529,0.000000,0.272320
8.942000,4.810568,0.587580,3.926073,0.211573,1.564008,0.089482,0.000000,3.000000,1.578253,0.000670,0.004955,-0.024130,-0.004837,0.000471,0.231578,0.013355,0.517480,0.628011,0.002415,0.534529,0.000000,0.302891
8.953000,4.756164,0.629584,3.928567,0.157169,1.606012,0.091976,0.000000,3.000000,1.613684,0.000487,0.004976,-0.024227,-0.004186,-0.000666,0.231312,0.013308,0.517478,0.628017,0.002470,0.534529,0.000000,0.312567
8.964000,4.704980,0.541199,3.948475,0.105985,1.517627,0.111884,0.000000,3.000000,1.521323,0.000348,0.004988,-0.024548,-0.004255,-0.003230,0.231041,0.013260,0.517452,0.628022,0.002525,0.534529,0.000000,0.334781
8.975000,4.734236,0.606080,3.947924,0.135240,1.582508,0.111332,0.000000,3.000000,1.588276,0.000426,0.004982,-0.026307,-0.004384,-0.003692,0.230760,0.013211,0.517413,0.628025,0.002580,0.534529,0.000000,0.339415
8.986000,4.528178,0.710439,3.958718,-0.070817,1.686867,0.122127,0.000000,3.000000,1.688353,-0.000210,0.004996,-0.025735,-0.005227,-0.006745,0.230479,0.013154,0.517347,0.628027,0.002635,0.534529,0.000000,0.366511
8.997000,4.343479,0.715091,4.008090,-0.255516,1.691519,0.171499,0.000000,3.000000,1.710709,-0.000747,0.004944,-0.026011,-0.005237,-0.008237,0.230197,0.013098,0.517263,0.628021,0.002689,0.534529,0.000000,0.380683
9.008000,4.541858,0.686068,4.011392,-0.057137,1.662496,0.174800,0.000000,3.000000,1.663478,-0.000172,0.004997,-0.027206,-0.005445,-0.009511,0.229901,0.013044,0.517166,0.628016,0.002744,0.534529,0.000000,0.393235
9.019000,4.826050,0.754290,4.091364,0.227055,1.730718,0.254773,0.000000,3.000000,1.745548,0.000650,0.004958,-0.027210,-0.005814,-0.010465,0.229599,0.012983,0.517059,0.628018,0.002799,0.534529,0.000000,0.403250
9.030000,5.114315,0.756551,4.261352,0.515320,1.732979,0.424760,0.000000,3.000000,1.807974,0.001425,0.004793,-0.027388,-0.005505,-0.009507,0.229298,0.012923,0.516953,0.628030,0.002853,0.534529,0.000000,0.397045
9.041000,5.384305,0.696091,4.331421,0.785310,1.672519,0.494829,0.000000,3.000000,1.847710,0.002125,0.004526,-0.027698,-0.005063,-0.009585,0.228998,0.012861,0.516844,0.628050,0.002904,0.534529,0.000000,0.399655
9.052000,5.617710,0.690038,4.291052,1.018715,1.666467,0.454461,0.000000,3.000000,1.953175,0.002608,0.004266,-0.027203,-0.006229,-0.009577,0.228702,0.012796,0.516734,0.628077,0.002952,0.534529,0.000000,0.401578
9.063000,5.623570,0.642576,4.337041,1.024574,1.619004,0.500450,0.000000,3.000000,1.915966,0.002674,0.004225,-0.027129,-0.005830,-0.011682,0.228394,0.012729,0.516609,0.628107,0.002998,0.534529,0.000000,0.421678
9.074000,5.505222,0.561624,4.309995,0.906227,1.538052,0.473403,0.000000,3.000000,1.785176,0.002538,0.004308,-0.027661,-0.005884,-0.012395,0.228087,0.012666,0.516476,0.628135,0.003045,0.534529,0.000000,0.430123
9.085000,5.479532,0.479308,4.346947,0.880537,1.455736,0.510356,0.000000,3.000000,1.701327,0.002588,0.004278,-0.027733,-0.005857,-0.012646,0.227776,0.012601,0.516335,0.628164,0.003092,0.534529,0.000000,0.434786
9.096000,5.095811,0.466702,4.392805,0.496816,1.443130,0.556214,0.000000,3.000000,1.526254,0.001628,0.004728,-0.028426,-0.005027,-0.015465,0.227465,0.012541,0.516169,0.628187,0.003142,0.534529,0.000000,0.461708
9.107000,4.813480,0.442168,4.379013,0.214485,1.418596,0.542421,0.000000,3.000000,1.434719,0.000747,0.004944,-0.028444,-0.005205,-0.016348,0.227156,0.012484,0.515991,0.628198,0.003196,0.534529,0.000000,0.472396
9.118000,4.689170,0.422147,4.422164,0.090175,1.398575,0.585573,0.000000,3.000000,1.401479,0.000322,0.004990,-0.028243,-0.004777,-0.016141,0.226846,0.012432,0.515816,0.628204,0.003250,0.534529,0.000000,0.473792
9.129000,4.842770,0.383844,4.380882,0.243774,1.360272,0.544291,0.000000,3.000000,1.381943,0.000882,0.004922,-0.028439,-0.004068,-0.015059,0.226536,0.012381,0.515632,0.628210,0.003305,0.534529,0.000000,0.467915
9.140000,5.259070,0.337874,4.368135,0.660075,1.314302,0.531543,0.000000,3.000000,1.470744,0.002244,0.004468,-0.029115,-0.003853,-0.013535,0.226214,0.012336,0.515482,0.628228,0.003357,0.534529,0.000000,0.457695
9.151000,5.755635,0.332206,4.446615,1.156640,1.308634,0.610024,0.000000,3.000000,1.746522,0.003311,0.003746,-0.028934,-0.003495,-0.011677,0.225892,0.012295,0.515345,0.628260,0.003402,0.534529,0.000000,0.444395
9.162000,5.960884,0.325801,4.402570,1.361889,1.302229,0.565978,0.000000,3.000000,1.884288,0.003614,0.003455,-0.029318,-0.003497,-0.010789,0.225570,0.012255,0.515225,0.628299,0.003440,0.534529,0.000000,0.439007
9.173000,5.535002,0.386318,4.343003,0.936006,1.362746,0.506412,0.000000,3.000000,1.653234,0.002831,0.004121,-0.027728,-0.004017,-0.008929,0.225260,0.012218,0.515124,0.628334,0.003482,0.534529,0.000000,0.425054
9.184000,4.985220,0.370510,4.368401,0.386225,1.346939,0.531810,0.000000,3.000000,1.401218,0.001378,0.004806,-0.026594,-0.002782,-0.008408,0.224964,0.012188,0.515027,0.628358,0.003532,0.534529,0.000000,0.422378
9.195000,4.414346,0.318849,4.292412,-0.184649,1.295278,0.455820,0.000000,3.000000,1.308373,-0.000706,0.004950,-0.025462,-0.001802,-0.008434,0.224681,0.012165,0.514934,0.628361,0.003586,0.534529,0.000000,0.424271
9.206000,4.077098,0.363424,4.218629,-0.521897,1.339852,0.382037,0.000000,3.000000,1.437908,-0.001815,0.004659,-0.024483,-0.002429,-0.008201,0.224414,0.012144,0.514844,0.628345,0.003639,0.534529,0.000000,0.423910
9.217000,4.393334,0.376165,4.131663,-0.205661,1.352593,0.295071,0.000000,3.000000,1.368139,-0.000752,0.004943,-0.026035,-0.001366,-0.006315,0.224125,0.012127,0.514765,0.628329,0.003691,0.534529,0.000000,0.409324
9.228000,5.128302,0.212891,4.012999,0.529306,1.189319,0.176408,0.000000,3.000000,1.301785,0.002033,0.004568,-0.027298,-0.000405,-0.005920,0.223831,0.012118,0.514702,0.628338,0.003745,0.534529,0.000000,0.407122
9.239000,5.690389,0.199230,4.075519,1.091394,1.175658,0.238927,0.000000,3.000000,1.604154,0.003402,0.003664,-0.027251,-0.000291,-0.004579,0.223528,0.012110,0.514641,0.628371,0.003788,0.534529,0.000000,0.396834
9.250000,5.694708,0.192178,3.951354,1.095712,1.168606,0.114763,0.000000,3.000000,1.601944,0.003420,0.003647,-0.027189,-0.000119,-0.006466,0.223233,0.012104,0.514577,0.628409,0.003828,0.534529,0.000000,0.413994
9.261000,5.698922,0.192915,3.961622,1.099927,1.169343,0.125031,0.000000,3.000000,1.605366,0.003426,0.003642,-0.026994,-0.000401,-0.007107,0.222934,0.012101,0.514506,0.628446,0.003869,0.534529,0.000000,0.420702
9.272000,5.668220,0.179702,3.934666,1.069225,1.156130,0.098075,0.000000,3.000000,1.574763,0.003395,0.003671,-0.026981,-0.000185,-0.008512,0.222639,0.012101,0.514423,0.628483,0.003909,0.534529,0.000000,0.434141
9.283000,5.530355,0.202591,3.834550,0.931359,1.179020,-0.002042,0.002042,3.000000,1.502504,0.003099,0.003924,-0.026497,0.000323,-0.009064,0.222346,0.012104,0.514335,0.628519,0.003951,0.534529,0.000000,0.440398
9.294000,5.546940,0.175917,3.883078,0.947944,1.152345,0.046487,0.000000,3.000000,1.492146,0.003176,0.003861,-0.027926,0.000767,-0.010047,0.222046,0.012107,0.514223,0.628552,0.003995,0.534529,0.000000,0.450749
9.305000,5.473924,0.193503,3.967804,0.874929,1.169931,0.131212,0.000000,3.000000,1.460904,0.002994,0.004004,-0.027826,0.000766,-0.012351,0.221736,0.012109,0.514091,0.628587,0.004037,0.534529,0.000000,0.472678
9.316000,5.101833,0.249588,4.055282,0.502838,1.226016,0.218690,0.000000,3.000000,1.325127,0.001897,0.004626,-0.027735,0.000253,-0.013968,0.221429,0.012111,0.513934,0.628615,0.004084,0.534529,0.000000,0.489229
9.327000,4.987287,0.274698,4.141421,0.388291,1.251126,0.304830,0.000000,3.000000,1.309995,0.001482,0.004775,-0.028691,0.000756,-0.015659,0.221117,0.012113,0.513759,0.628632,0.004137,0.534529,0.000000,0.506714
9.338000,5.052628,0.274967,4.301711,0.453633,1.251395,0.465120,0.000000,3.000000,1.331079,0.001704,0.004701,-0.028447,-0.000237,-0.015542,0.220802,0.012114,0.513586,0.628650,0.004189,0.534529,0.000000,0.508853
9.349000,5.097697,0.257210,4.436228,0.498702,1.233638,0.599636,0.000000,3.000000,1.330626,0.001874,0.004636,-0.028174,0.000817,-0.016627,0.220489,0.012117,0.513401,0.628669,0.004240,0.534529,0.000000,0.521377
9.360000,5.369286,0.288112,4.389431,0.770291,1.264540,0.552840,0.000000,3.000000,1.480678,0.002601,0.004270,-0.029154,-0.000061,-0.016289,0.220173,0.012118,0.513222,0.628693,0.004290,0.534529,0.000000,0.521744
9.371000,5.563992,0.235486,4.458964,0.964997,1.211914,0.622373,0.000000,3.000000,1.549178,0.003115,0.003911,-0.028858,0.000504,-0.017075,0.219854,0.012122,0.513042,0.628725,0.004334,0.534529,0.000000,0.531635
9.382000,5.666175,0.222019,4.479286,1.067180,1.198447,0.642695,0.000000,3.000000,1.604727,0.003325,0.003734,-0.029111,-0.000238,-0.016784,0.219536,0.012121,0.512839,0.628760,0.004376,0.534529,0.000000,0.532831
9.393000,5.635950,0.189393,4.469642,1.036955,1.165821,0.633051,0.000000,3.000000,1.560261,0.003323,0.003736,-0.029246,0.000292,-0.016976,0.219209,0.012124,0.512655,0.628797,0.004417,0.534529,0.000000,0.537773
9.404000,5.333944,0.163061,4.439403,0.734949,1.139489,0.602812,0.000000,3.000000,1.355944,0.002710,0.004202,-0.028409,0.000577,-0.018203,0.218892,0.012126,0.512457,0.628831,0.004460,0.534529,0.000000,0.551750
9.415000,4.697831,0.188851,4.394535,0.098836,1.165279,0.557944,0.000000,3.000000,1.169463,0.000423,0.004982,-0.028014,-0.000269,-0.018854,0.218584,0.012124,0.512252,0.628848,0.004512,0.534529,0.000000,0.560966
9.426000,4.475677,0.225963,4.428689,-0.123318,1.202391,0.592098,0.000000,3.000000,1.208698,-0.000510,0.004974,-0.028028,0.000035,-0.018475,0.218277,0.012126,0.512046,0.628845,0.004567,0.534529,0.000000,0.561449
9.437000,4.898072,0.147500,4.459894,0.299077,1.123928,0.623302,0.000000,3.000000,1.163040,0.001286,0.004832,-0.029437,0.000457,-0.016564,0.217958,0.012130,0.511857,0.628847,0.004622,0.534529,0.000000,0.548637
9.448000,5.466452,0.092954,4.539884,0.867457,1.069382,0.703293,0.000000,3.000000,1.376975,0.003150,0.003883,-0.030362,0.000139,-0.014863,0.217626,0.012132,0.511692,0.628874,0.004669,0.534529,0.000000,0.537178
9.459000,5.986473,0.033157,4.547845,1.387478,1.009585,0.711253,0.000000,3.000000,1.715913,0.004043,0.002942,-0.031379,0.000984,-0.010995,0.217284,0.012140,0.511560,0.628914,0.004706,0.534529,0.000000,0.506728
9.470000,6.380201,-0.006852,4.509430,1.781205,0.969576,0.672839,0.000000,3.000000,2.027997,0.004392,0.002390,-0.031809,0.000906,-0.008853,0.216940,0.012151,0.511458,0.628962,0.004735,0.534529,0.000000,0.490400
9.481000,6.382759,-0.014651,4.428138,1.783764,0.961777,0.591546,0.000000,3.000000,2.026531,0.004401,0.002373,-0.032538,0.000879,-0.006926,0.216579,0.012162,0.511384,0.629010,0.004760,0.534529,0.000000,0.475375
9.492000,6.006441,0.006265,4.395799,1.407446,0.982693,0.559207,0.000000,3.000000,1.716563,0.004100,0.002862,-0.033715,0.001561,-0.005509,0.216213,0.012175,0.511316,0.629057,0.004789,0.534529,0.000000,0.464580
9.503000,5.634359,0.024988,4.294054,1.035363,1.001416,0.457462,0.000000,3.000000,1.440420,0.003594,0.003476,-0.034756,0.001433,-0.004477,0.215827,0.012193,0.511265,0.629099,0.004824,0.534529,0.000000,0.456728
9.514000,5.404346,0.038395,4.308212,0.805350,1.014824,0.471621,0.000000,3.000000,1.295552,0.003108,0.003917,-0.036845,0.001681,-0.004207,0.215429,0.012211,0.511220,0.629135,0.004866,0.534529,0.000000,0.455248
9.525000,5.143500,0.032313,4.281454,0.544505,1.008741,0.444862,0.000000,3.000000,1.146317,0.002375,0.004400,-0.037696,0.002473,-0.004342,0.215018,0.012229,0.511175,0.629166,0.004911,0.534529,0.000000,0.457210
9.536000,4.906834,0.050887,4.255777,0.307838,1.027316,0.419186,0.000000,3.000000,1.072447,0.001435,0.004790,-0.038011,0.001781,-0.005026,0.214606,0.012249,0.511126,0.629187,0.004962,0.534529,0.000000,0.463889
9.547000,5.162770,0.085217,4.221749,0.563775,1.061645,0.385158,0.000000,3.000000,1.202053,0.002345,0.004416,-0.041857,0.001762,-0.004203,0.214159,0.012272,0.511082,0.629205,0.005014,0.534529,0.000000,0.457697
9.558000,5.567701,0.029661,4.149223,0.968706,1.006089,0.312632,0.000000,3.000000,1.396641,0.003468,0.003602,-0.045556,0.002697,-0.002974,0.213667,0.012300,0.511037,0.629238,0.005057,0.534529,0.000000,0.448090
9.569000,5.921093,-0.018635,4.093645,1.322098,0.957793,0.257054,0.000000,3.000000,1.632578,0.004049,0.002933,-0.047728,0.002631,-0.003314,0.213144,0.012326,0.510996,0.629281,0.005092,0.534529,0.000000,0.451717
9.580000,6.182151,-0.043617,4.113716,1.583156,0.932811,0.277125,0.000000,3.000000,1.837530,0.004308,0.002538,-0.049781,0.002509,-0.004384,0.212603,0.012357,0.510954,0.629327,0.005122,0.534529,0.000000,0.461533
9.591000,6.193471,-0.008689,4.073058,1.594476,0.967739,0.236466,0.000000,3.000000,1.865173,0.004274,0.002594,-0.050785,0.002987,-0.005648,0.212046,0.012389,0.510904,0.629375,0.005150,0.534529,0.000000,0.473177
9.602000,5.795854,0.064376,4.107255,1.196859,1.040805,0.270664,0.000000,3.000000,1.586110,0.003773,0.003281,-0.052592,0.002734,-0.008137,0.211474,0.012418,0.510833,0.629419,0.005182,0.534529,0.000000,0.495578
9.613000,5.323273,0.122494,4.038537,0.724278,1.098922,0.201946,0.000000,3.000000,1.316134,0.002752,0.004175,-0.055193,0.002866,-0.009674,0.210870,0.012449,0.510734,0.629454,0.005224,0.534529,0.000000,0.510384
9.624000,5.083318,0.133561,3.994085,0.484323,1.109989,0.157494,0.000000,3.000000,1.211051,0.002000,0.004583,-0.056555,0.003111,-0.010316,0.210254,0.012483,0.510620,0.629480,0.005272,0.534529,0.000000,0.517897
9.635000,4.957822,0.168167,3.981823,0.358827,1.144595,0.145232,0.000000,3.000000,1.199523,0.001496,0.004771,-0.057299,0.002465,-0.012609,0.209639,0.012515,0.510485,0.629499,0.005324,0.534529,0.000000,0.539790
9.646000,5.108383,0.152945,3.931320,0.509387,1.129373,0.094729,0.000000,3.000000,1.238935,0.002056,0.004558,-0.059592,0.002660,-0.011745,0.208985,0.012549,0.510343,0.629516,0.005376,0.534529,0.000000,0.535011
9.657000,5.625136,0.177586,3.926005,1.026141,1.154014,0.089414,0.000000,3.000000,1.544252,0.003322,0.003736,-0.061865,0.002591,-0.012958,0.208303,0.012584,0.510194,0.629547,0.005421,0.534529,0.000000,0.547977
9.668000,5.985963,0.129340,3.950268,1.386968,1.105768,0.113677,0.000000,3.000000,1.773810,0.003910,0.003117,-0.062679,0.003647,-0.013140,0.207611,0.012622,0.510048,0.629588,0.005459,0.534529,0.000000,0.552146
9.679000,5.920000,0.081098,3.906070,1.321005,1.057527,0.069479,0.000000,3.000000,1.692163,0.003903,0.003125,-0.064418,0.003887,-0.013277,0.206913,0.012660,0.509904,0.629631,0.005493,0.534529,0.000000,0.555896
9.690000,6.018613,0.058261,3.820421,1.419618,1.034689,-0.016171,0.016171,3.000000,1.756672,0.004041,0.002945,-0.065730,0.003558,-0.013054,0.206195,0.012699,0.509763,0.629675,0.005526,0.534529,0.000000,0.556560
9.701000,5.942667,0.033036,3.823563,1.343672,1.009464,-0.013029,0.013029,3.000000,1.680617,0.003998,0.003003,-0.064229,0.004036,-0.013385,0.205475,0.012741,0.509620,0.629719,0.005559,0.534529,0.000000,0.561938
9.712000,5.780618,-0.006215,3.846459,1.181623,0.970213,0.009868,0.000000,3.000000,1.528904,0.003864,0.003173,-0.062989,0.003583,-0.012187,0.204799,0.012777,0.509491,0.629762,0.005593,0.534529,0.000000,0.554093
9.723000,5.835621,-0.014475,3.837258,1.236626,0.961953,0.000667,0.000000,3.000000,1.566716,0.003947,0.003070,-0.062425,0.002917,-0.010789,0.204097,0.012814,0.509370,0.629805,0.005627,0.534529,0.000000,0.544403
9.734000,5.521414,-0.053664,3.835955,0.922419,0.922764,-0.000637,0.000637,3.000000,1.304741,0.003535,0.003536,-0.057774,0.003617,-0.009987,0.203454,0.012851,0.509253,0.629846,0.005663,0.534529,0.000000,0.539710
9.745000,5.181894,-0.040463,3.859432,0.582899,0.935966,0.022840,0.000000,3.000000,1.102634,0.002643,0.004244,-0.053870,0.002482,-0.009349,0.202841,0.012882,0.509156,0.629880,0.005706,0.534529,0.000000,0.536031
9.756000,4.950457,-0.010927,3.961896,0.351461,0.965501,0.125305,0.000000,3.000000,1.027481,0.001710,0.004698,-0.051346,0.002683,-0.007237,0.202269,0.012914,0.509072,0.629903,0.005756,0.534529,0.000000,0.519631
9.767000,5.001441,-0.074597,4.004685,0.402446,0.901831,0.168093,0.000000,3.000000,0.987554,0.000000,0.000000,-0.048081,0.002410,-0.005100,0.201734,0.012943,0.509011,0.629908,0.005770,0.534529,0.000000,0.502588
9.778000,5.100120,-0.117481,4.045602,0.501125,0.858947,0.209010,0.000000,3.000000,0.994443,0.000000,0.000000,-0.044876,0.002773,-0.002718,0.201236,0.012972,0.508974,0.629915,0.005784,0.534529,0.000000,0.483045
9.789000,5.299382,-0.167244,4.040251,0.700387,0.809184,0.203660,0.000000,3.000000,1.070197,0.003272,0.003781,-0.041583,0.002260,0.000419,0.200775,0.012998,0.508970,0.629934,0.005807,0.534529,0.000000,0.456508
9.800000,5.519931,-0.222202,4.082407,0.920936,0.754226,0.245816,0.000000,3.000000,1.190370,0.003868,0.003168,-0.037401,0.001973,0.002143,0.200347,0.013025,0.508986,0.629974,0.005844,0.534529,0.000000,0.441592
9.811000,5.466117,-0.192867,4.108205,0.867122,0.783561,0.271613,0.000000,3.000000,1.168704,0.003710,0.003352,-0.034863,0.002315,0.003118,0.199955,0.013047,0.509022,0.630016,0.005880,0.534529,0.000000,0.432662
9.822000,5.201976,-0.228252,4.041989,0.602981,0.748176,0.205398,0.000000,3.000000,0.960913,0.000000,0.000000,-0.031840,0.001540,0.004494,0.199597,0.013066,0.509076,0.630048,0.005912,0.534529,0.000000,0.420013
9.833000,4.919885,-0.217218,4.004969,0.320890,0.759210,0.168377,0.000000,3.000000,0.824239,0.000000,0.000000,-0.028251,0.001249,0.005529,0.199272,0.013083,0.509131,0.630048,0.005912,0.534529,0.000000,0.410246
9.844000,4.338445,-0.214407,3.932530,-0.260550,0.762021,0.095938,0.000000,3.000000,0.805333,0.000000,0.000000,-0.025121,0.001534,0.005164,0.198987,0.013097,0.509185,0.630048,0.005912,0.534529,0.000000,0.412373
9.855000,3.951842,-0.176248,3.994297,-0.647153,0.800180,0.157705,0.000000,3.000000,1.029123,-0.003144,0.003888,-0.024306,0.001664,0.004548,0.198720,0.013112,0.509235,0.630042,0.005919,0.534529,0.000000,0.416689
9.866000,4.266583,-0.218528,4.003500,-0.332412,0.757900,0.166909,0.000000,3.000000,0.827593,0.000000,0.000000,-0.025151,0.001336,0.006241,0.198447,0.013125,0.509298,0.630029,0.005935,0.534529,0.000000,0.401200
9.877000,4.878957,-0.265845,4.102563,0.279962,0.710583,0.265972,0.000000,3.000000,0.763745,0.000000,0.000000,-0.025591,0.001190,0.006780,0.198165,0.013139,0.509371,0.630029,0.005935,0.534529,0.000000,0.395305
9.888000,5.276061,-0.283125,4.178374,0.677065,0.693303,0.341782,0.000000,3.000000,0.969065,0.000000,0.000000,-0.025784,0.001388,0.008308,0.197884,0.013153,0.509454,0.630029,0.005935,0.534529,0.000000,0.380854
9.899000,5.711929,-0.322979,4.188881,1.112934,0.653449,0.352289,0.000000,3.000000,1.290588,0.004312,0.002532,-0.025943,0.001056,0.008149,0.197597,0.013168,0.509547,0.630074,0.005967,0.534529,0.000000,0.380527
9.910000,5.642611,-0.263019,4.236165,1.043616,0.713410,0.399573,0.000000,3.000000,1.264155,0.004128,0.002822,-0.025447,0.001132,0.007302,0.197315,0.013184,0.509638,0.630120,0.005996,0.534529,0.000000,0.386070
9.921000,5.258512,-0.197623,4.290893,0.659517,0.778805,0.454302,0.000000,3.000000,1.020539,0.003231,0.003816,-0.025562,0.001177,0.006581,0.197036,0.013197,0.509711,0.630161,0.006033,0.534529,0.000000,0.390874
9.932000,5.051424,-0.124946,4.331829,0.452429,0.851482,0.495238,0.000000,3.000000,0.964217,0.000000,0.000000,-0.025692,0.001290,0.005997,0.196756,0.013212,0.509780,0.630164,0.006037,0.534529,0.000000,0.394586
9.943000,4.729583,-0.085333,4.440591,0.130588,0.891095,0.604000,0.000000,3.000000,0.900613,0.000000,0.000000,-0.025488,0.000895,0.003405,0.196478,0.013222,0.509816,0.630164,0.006037,0.534529,0.000000,0.415932
9.954000,4.261649,0.024907,4.513515,-0.337346,1.001335,0.676924,0.000000,3.000000,1.056633,-0.001596,0.004738,-0.025793,0.001354,0.001667,0.196192,0.013231,0.509844,0.630158,0.006056,0.534529,0.000000,0.430185
9.965000,4.121633,0.090400,4.589667,-0.477362,1.066828,0.753075,0.000000,3.000000,1.168758,-0.002042,0.004564,-0.025829,0.001645,0.000619,0.195912,0.013242,0.509854,0.630138,0.006107,0.534529,0.000000,0.438894
9.976000,4.092735,0.154511,4.679179,-0.506260,1.130939,0.842587,0.000000,3.000000,1.239081,-0.002043,0.004564,-0.025775,0.000743,-0.000233,0.195630,0.013251,0.509855,0.630115,0.006158,0.534529,0.000000,0.446107
9.987000,4.457527,0.208744,4.785308,-0.141468,1.185172,0.948717,0.000000,3.000000,1.193585,-0.000593,0.004965,-0.027165,0.000916,0.000961,0.195333,0.013262,0.509862,0.630099,0.006210,0.534529,0.000000,0.435849
9.998000,5.010011,0.220980,4.849782,0.411016,1.197408,1.013190,0.000000,3.000000,1.265986,0.001623,0.004729,-0.028519,0.001572,0.001078,0.195022,0.013276,0.509875,0.630107,0.006264,0.534529,0.000000,0.434626
10.009000,5.267349,0.231891,4.901517,0.668354,1.208319,1.064925,0.000000,3.000000,1.380845,0.002420,0.004375,-0.029386,0.000897,0.000673,0.194702,0.013290,0.509877,0.630131,0.006313,0.534529,0.000000,0.438019
10.020000,4.833858,0.333165,4.947296,0.234862,1.309593,1.110705,0.000000,3.000000,1.330486,0.000883,0.004921,-0.028219,0.001439,-0.000893,0.194389,0.013302,0.509869,0.630150,0.006364,0.534529,0.000000,0.451454
10.031000,4.190276,0.359655,4.946312,-0.408719,1.336083,1.109721,0.000000,3.000000,1.397201,-0.001463,0.004781,-0.026892,0.001186,-0.002525,0.194090,0.013314,0.509845,0.630145,0.006419,0.534529,0.000000,0.465733
10.042000,3.481200,0.483298,4.982136,-1.117795,1.459726,1.145544,0.000000,3.000000,1.838550,-0.003040,0.003970,-0.025883,0.000933,-0.004031,0.193804,0.013323,0.509803,0.630119,0.006467,0.534529,0.000000,0.479265
10.053000,3.061570,0.548296,4.978134,-1.537425,1.524724,1.141542,0.000000,3.000000,2.165285,-0.003550,0.003521,-0.026352,0.000593,-0.004770,0.193516,0.013331,0.509751,0.630082,0.006507,0.534529,0.000000,0.486482
10.064000,3.483033,0.550082,5.071101,-1.115962,1.526510,1.234509,0.000000,3.000000,1.890927,-0.002951,0.004036,-0.028620,0.001285,-0.005136,0.193206,0.013343,0.509695,0.630045,0.006548,0.534529,0.000000,0.490580
10.075000,4.093039,0.513075,5.106242,-0.505956,1.489503,1.269651,0.000000,3.000000,1.573089,-0.001608,0.004734,-0.030793,0.000412,-0.005397,0.192874,0.013352,0.509644,0.630020,0.006597,0.534529,0.000000,0.493720
10.086000,4.644135,0.518556,5.086015,0.045140,1.494984,1.249423,0.000000,3.000000,1.495665,0.000151,0.004998,-0.031236,0.001054,-0.004808,0.192532,0.013361,0.509598,0.630014,0.006651,0.534529,0.000000,0.489554
10.097000,4.697937,0.594968,5.033750,0.098941,1.571396,1.197159,0.000000,3.000000,1.574507,0.000314,0.004990,-0.031775,0.000934,-0.005181,0.192180,0.013370,0.509538,0.630017,0.006706,0.534529,0.000000,0.493789
10.108000,4.671113,0.495793,4.950098,0.072118,1.472221,1.113507,0.000000,3.000000,1.473986,0.000245,0.004994,-0.032712,0.001329,-0.005385,0.191820,0.013381,0.509474,0.630020,0.006761,0.534529,0.000000,0.496685
10.119000,4.484998,0.501949,4.848476,-0.113997,1.478377,1.011885,0.000000,3.000000,1.482766,-0.000384,0.004985,-0.031798,0.000719,-0.007497,0.191471,0.013387,0.509399,0.630021,0.006816,0.534529,0.000000,0.515953
10.130000,4.298304,0.578454,4.772502,-0.300692,1.554882,0.935911,0.000000,3.000000,1.583690,-0.000949,0.004909,-0.031708,0.000263,-0.008252,0.191123,0.013391,0.509315,0.630012,0.006870,0.534529,0.000000,0.523871
10.141000,4.238996,0.636911,4.692144,-0.359999,1.613339,0.855553,0.000000,3.000000,1.653016,-0.001089,0.004880,-0.032377,0.000217,-0.009469,0.190771,0.013394,0.509219,0.630001,0.006924,0.534529,0.000000,0.535928
10.152000,4.229349,0.653485,4.691729,-0.369647,1.629913,0.855138,0.000000,3.000000,1.671303,-0.001106,0.004876,-0.032824,0.000066,-0.009929,0.190410,0.013393,0.509108,0.629989,0.006978,0.534529,0.000000,0.541825
10.163000,4.214569,0.616228,4.629308,-0.384426,1.592656,0.792716,0.000000,3.000000,1.638394,-0.001173,0.004860,-0.032698,-0.000841,-0.011073,0.190053,0.013390,0.508988,0.629977,0.007031,0.534529,0.000000,0.553679
10.174000,4.181800,0.676125,4.553443,-0.417196,1.652553,0.716851,0.000000,3.000000,1.704401,-0.001224,0.004848,-0.032421,-0.001075,-0.012861,0.189692,0.013383,0.508841,0.629963,0.007085,0.534529,0.000000,0.571518
10.185000,3.919957,0.704350,4.478245,-0.679038,1.680778,0.641654,0.000000,3.000000,1.812762,-0.001873,0.004636,-0.031598,-0.001500,-0.015326,0.189341,0.013372,0.508670,0.629947,0.007137,0.534529,0.000000,0.595504
10.196000,3.955821,0.699906,4.405323,-0.643175,1.676334,0.568731,0.000000,3.000000,1.795486,-0.001791,0.004668,-0.031271,-0.000640,-0.015073,0.188996,0.013360,0.508495,0.629926,0.007188,0.534529,0.000000,0.596507
10.207000,4.298055,0.610504,4.382825,-0.300940,1.586932,0.546234,0.000000,3.000000,1.615215,-0.000932,0.004912,-0.031319,-0.001230,-0.016289,0.188655,0.013342,0.508311,0.629911,0.007241,0.534529,0.000000,0.610137
10.218000,4.373384,0.611484,4.365898,-0.225611,1.587913,0.529306,0.000000,3.000000,1.603860,-0.000703,0.004950,-0.029665,-0.001288,-0.018258,0.188326,0.013326,0.508120,0.629903,0.007295,0.534529,0.000000,0.630282
10.229000,4.427045,0.612241,4.368480,-0.171950,1.588669,0.531888,0.000000,3.000000,1.597948,-0.000538,0.004971,-0.029283,-0.001820,-0.017957,0.188001,0.013307,0.507924,0.629896,0.007350,0.534529,0.000000,0.631252
10.240000,4.596456,0.542333,4.292174,-0.002539,1.518761,0.455582,0.000000,3.000000,1.518763,-0.000008,0.005000,-0.028985,-0.001853,-0.017448,0.187682,0.013290,0.507734,0.629893,0.007404,0.534529,0.000000,0.630360
10.251000,4.487330,0.478006,4.202821,-0.111665,1.454434,0.366229,0.000000,3.000000,1.458714,-0.000383,0.004985,-0.026543,-0.001652,-0.018696,0.187382,0.013275,0.507535,0.629892,0.007459,0.534529,0.000000,0.644522
10.262000,4.248917,0.532294,4.177341,-0.350079,1.508723,0.340749,0.000000,3.000000,1.548806,-0.001130,0.004871,-0.025050,-0.001279,-0.017333,0.187104,0.013258,0.507344,0.629883,0.007514,0.534529,0.000000,0.636396
10.273000,3.986158,0.554919,4.190694,-0.612837,1.531347,0.354103,0.000000,3.000000,1.649422,-0.001858,0.004642,-0.023571,-0.001335,-0.017811,0.186838,0.013241,0.507150,0.629866,0.007566,0.534529,0.000000,0.643947
10.284000,3.743084,0.508488,4.211462,-0.855911,1.484916,0.374871,0.000000,3.000000,1.713931,-0.002497,0.004332,-0.022071,-0.001571,-0.016993,0.186588,0.013224,0.506967,0.629842,0.007615,0.534529,0.000000,0.640300
10.295000,3.557943,0.546041,4.115744,-1.041052,1.522469,0.279153,0.000000,3.000000,1.844370,-0.002822,0.004127,-0.020365,-0.001227,-0.016542,0.186356,0.013209,0.506783,0.629812,0.007661,0.534529,0.000000,0.639776
10.306000,3.278975,0.573691,4.011125,-1.320020,1.550119,0.174534,0.000000,3.000000,2.036007,-0.003242,0.003807,-0.018654,-0.001144,-0.016672,0.186145,0.013191,0.506602,0.629778,0.007705,0.534529,0.000000,0.644157
10.317000,3.179592,0.548932,3.920758,-1.419404,1.525360,0.084167,0.000000,3.000000,2.083610,-0.003406,0.003660,-0.017590,-0.001464,-0.016540,0.185952,0.013176,0.506417,0.629741,0.007745,0.534529,0.000000,0.646351
10.328000,3.367045,0.462071,3.914873,-1.231950,1.438499,0.078281,0.000000,3.000000,1.893933,-0.003252,0.003798,-0.017642,-0.000856,-0.015029,0.185753,0.013166,0.506247,0.629704,0.007786,0.534529,0.000000,0.636596
10.339000,3.772797,0.377491,3.905404,-0.826198,1.353920,0.068813,0.000000,3.000000,1.586096,-0.002605,0.004268,-0.018223,-0.000515,-0.013480,0.185553,0.013162,0.506094,0.629672,0.007831,0.534529,0.000000,0.626214
10.350000,4.024393,0.373040,3.943963,-0.574602,1.349468,0.107371,0.000000,3.000000,1.466708,-0.001959,0.004600,-0.017904,0.000191,-0.013277,0.185354,0.013160,0.505947,0.629648,0.007880,0.534529,0.000000,0.627127
10.361000,3.983589,0.406847,3.882074,-0.615406,1.383275,0.045482,0.000000,3.000000,1.513993,-0.002032,0.004568,-0.016985,-0.000823,-0.012896,0.185162,0.013157,0.505810,0.629626,0.007931,0.534529,0.000000,0.626359
10.372000,3.720918,0.436210,3.862115,-0.878078,1.412638,0.025524,0.000000,3.000000,1.663300,-0.002640,0.004246,-0.015816,-0.000271,-0.012488,0.184985,0.013158,0.505674,0.629600,0.007979,0.534529,0.000000,0.625341
10.383000,3.564079,0.417951,3.856788,-1.034916,1.394380,0.020197,0.000000,3.000000,1.736475,-0.002980,0.004015,-0.014989,-0.000139,-0.010409,0.184819,0.013158,0.505555,0.629569,0.008024,0.534529,0.000000,0.609849
10.394000,3.776114,0.438494,3.806307,-0.822881,1.414922,-0.030285,0.030285,3.000000,1.636807,-0.002514,0.004322,-0.014555,0.000250,-0.007319,0.184653,0.013159,0.505460,0.629539,0.008070,0.534529,0.000000,0.585338
10.405000,4.021855,0.440263,3.854435,-0.577140,1.416691,0.017843,0.000000,3.000000,1.529740,-0.001886,0.004630,-0.014191,-0.000038,-0.007315,0.184496,0.013159,0.505378,0.629515,0.008120,0.534529,0.000000,0.586783
10.416000,3.921450,0.483636,3.868557,-0.677546,1.460064,0.031966,0.000000,3.000000,1.609614,-0.002105,0.004535,-0.013350,-0.000255,-0.005927,0.184349,0.013159,0.505315,0.629494,0.008171,0.534529,0.000000,0.576144
10.427000,3.778741,0.515047,3.842688,-0.820254,1.491476,0.006096,0.000000,3.000000,1.702151,-0.002409,0.004381,-0.011819,0.000579,-0.004618,0.184214,0.013163,0.505265,0.629470,0.008220,0.534529,0.000000,0.565940
10.438000,3.476490,0.541486,3.793549,-1.122505,1.517914,-0.043043,0.043043,3.000000,1.887877,-0.002973,0.004020,-0.011080,0.000253,-0.003917,0.184090,0.013165,0.505218,0.629440,0.008266,0.534529,0.000000,0.560827
10.449000,3.337788,0.602250,3.784917,-1.261207,1.578678,-0.051675,0.051675,3.000000,2.020610,-0.003121,0.003906,-0.011225,-0.000814,-0.003296,0.183967,0.013164,0.505182,0.629406,0.008309,0.534529,0.000000,0.556208
10.460000,3.285997,0.618837,3.838815,-1.312999,1.595266,0.002224,0.000000,3.000000,2.066116,-0.003177,0.003861,-0.010260,-0.000078,-0.002284,0.183852,0.013166,0.505154,0.629372,0.008352,0.534529,0.000000,0.548120
10.471000,3.399473,0.625823,3.874342,-1.199522,1.602251,0.037750,0.000000,3.000000,2.001515,-0.002997,0.004003,-0.010440,0.000218,-0.000392,0.183735,0.013167,0.505144,0.629338,0.008396,0.534529,0.000000,0.532246
10.482000,3.497344,0.601637,3.915351,-1.101651,1.578065,0.078760,0.000000,3.000000,1.924558,-0.002862,0.004100,-0.010450,-0.000231,0.000518,0.183618,0.013167,0.505142,0.629305,0.008440,0.534529,0.000000,0.524567
10.493000,3.558618,0.583798,3.886643,-1.040378,1.560226,0.050052,0.000000,3.000000,1.875284,-0.002774,0.004160,-0.010140,0.000297,0.001594,0.183504,0.013169,0.505159,0.629275,0.008486,0.534529,0.000000,0.515130
10.504000,3.461510,0.619509,3.881087,-1.137485,1.595938,0.044496,0.000000,3.000000,1.959819,-0.002902,0.004072,-0.009718,0.000511,0.002825,0.183395,0.013171,0.505188,0.629243,0.008531,0.534529,0.000000,0.504172
10.515000,3.197881,0.655964,3.898196,-1.401114,1.632392,0.061605,0.000000,3.000000,2.151238,-0.003257,0.003794,-0.009363,0.000190,0.002414,0.183292,0.013171,0.505218,0.629210,0.008574,0.534529,0.000000,0.507103
10.526000,3.159600,0.665765,3.868145,-1.439395,1.642193,0.031554,0.000000,3.000000,2.183725,-0.003296,0.003760,-0.009640,0.000342,0.004216,0.183191,0.013175,0.505262,0.629173,0.008616,0.534529,0.000000,0.491025
10.537000,3.368956,0.657913,3.897210,-1.230039,1.634341,0.060619,0.000000,3.000000,2.045499,-0.003007,0.003995,-0.009803,-0.000017,0.005720,0.183084,0.013176,0.505321,0.629138,0.008658,0.534529,0.000000,0.477201
10.548000,3.690448,0.607211,3.997042,-0.908547,1.583640,0.160450,0.000000,3.000000,1.825752,-0.002488,0.004337,-0.010134,0.000426,0.006854,0.182972,0.013180,0.505392,0.629109,0.008704,0.534529,0.000000,0.466311
10.559000,3.758038,0.609793,4.040478,-0.840957,1.586221,0.203887,0.000000,3.000000,1.795356,-0.002342,0.004418,-0.010290,0.000039,0.006849,0.182860,0.013182,0.505468,0.629083,0.008753,0.534529,0.000000,0.464988
10.570000,3.632345,0.629033,4.044972,-0.966650,1.605461,0.208380,0.000000,3.000000,1.874011,-0.002579,0.004283,-0.009792,0.000383,0.006907,0.182749,0.013185,0.505546,0.629056,0.008801,0.534529,0.000000,0.463089
10.581000,3.500713,0.611756,4.034780,-1.098282,1.588184,0.198189,0.000000,3.000000,1.930946,-0.002844,0.004112,-0.009721,0.000352,0.005935,0.182640,0.013188,0.505621,0.629026,0.008847,0.534529,0.000000,0.469984
10.592000,3.297213,0.647537,4.048307,-1.301782,1.623965,0.211716,0.000000,3.000000,2.081321,-0.003127,0.003901,-0.009408,0.000162,0.006772,0.182537,0.013190,0.505695,0.628992,0.008890,0.534529,0.000000,0.461542
10.603000,3.333453,0.633895,4.079233,-1.265542,1.610323,0.242641,0.000000,3.000000,2.048106,-0.003090,0.003931,-0.009576,-0.000073,0.005648,0.182433,0.013189,0.505758,0.628958,0.008933,0.534529,0.000000,0.469958
10.614000,3.473290,0.658440,4.203460,-1.125706,1.634868,0.366869,0.000000,3.000000,1.984945,-0.002836,0.004118,-0.009796,-0.000311,0.004818,0.182328,0.013188,0.505814,0.628925,0.008978,0.534529,0.000000,0.475975
10.625000,3.762563,0.675961,4.258328,-0.836432,1.652389,0.421736,0.000000,3.000000,1.852028,-0.002258,0.004461,-0.010384,-0.000373,0.005714,0.182216,0.013185,0.505874,0.628897,0.009025,0.534529,0.000000,0.467307
10.636000,3.993994,0.736772,4.307657,-0.605001,1.713200,0.471065,0.000000,3.000000,1.816888,-0.001665,0.004715,-0.011256,-0.000529,0.005473,0.182096,0.013182,0.505932,0.628877,0.009076,0.534529,0.000000,0.468295
10.647000,3.952396,0.769838,4.301565,-0.646599,1.746266,0.464974,0.000000,3.000000,1.862132,-0.001736,0.004689,-0.010483,-0.000526,0.004502,0.181976,0.013179,0.505981,0.628859,0.009128,0.534529,0.000000,0.475658
10.658000,3.676886,0.762360,4.262921,-0.922109,1.738789,0.426330,0.000000,3.000000,1.968164,-0.002343,0.004417,-0.010047,-0.000228,0.004312,0.181866,0.013175,0.506022,0.628836,0.009178,0.534529,0.000000,0.476524
10.669000,3.305703,0.760973,4.283613,-1.293292,1.737401,0.447021,0.000000,3.000000,2.165910,-0.002986,0.004011,-0.009938,-0.000436,0.001865,0.181757,0.013172,0.506050,0.628806,0.009224,0.534529,0.000000,0.496799
10.680000,3.195315,0.723518,4.273798,-1.403681,1.699946,0.437206,0.000000,3.000000,2.204572,-0.003184,0.003856,-0.010490,-0.000099,0.001363,0.181643,0.013171,0.506069,0.628772,0.009267,0.534529,0.000000,0.500713
10.691000,3.446366,0.744690,4.299405,-1.152629,1.721118,0.462814,0.000000,3.000000,2.071425,-0.002782,0.004154,-0.012637,-0.000604,0.001001,0.181508,0.013168,0.506082,0.628739,0.009311,0.534529,0.000000,0.503546
10.702000,3.795064,0.767550,4.307677,-0.803931,1.743978,0.471086,0.000000,3.000000,1.920355,-0.002093,0.004541,-0.014418,-0.000385,0.001308,0.181357,0.013167,0.506096,0.628712,0.009359,0.534529,0.000000,0.500687
10.713000,3.950464,0.758616,4.370918,-0.648531,1.735044,0.534326,0.000000,3.000000,1.852288,-0.001751,0.004684,-0.014938,-0.000178,0.000189,0.181193,0.013167,0.506102,0.628692,0.009410,0.534529,0.000000,0.510076
10.724000,3.920737,0.712961,4.342973,-0.678258,1.689390,0.506381,0.000000,3.000000,1.820459,-0.001863,0.004640,-0.015479,-0.000187,0.000596,0.181023,0.013169,0.506104,0.628672,0.009461,0.534529,0.000000,0.506592
10.735000,3.690429,0.706683,4.250743,-0.908566,1.683112,0.414152,0.000000,3.000000,1.912683,-0.002375,0.004400,-0.015317,-0.000060,-0.000414,0.180851,0.013172,0.506098,0.628649,0.009511,0.534529,0.000000,0.515272
10.746000,3.279416,0.680812,4.219618,-1.319579,1.657240,0.383026,0.000000,3.000000,2.118428,-0.003115,0.003911,-0.013830,-0.000034,-0.001414,0.180695,0.013175,0.506083,0.628618,0.009557,0.534529,0.000000,0.524026
10.757000,3.219436,0.691284,4.201663,-1.379559,1.667712,0.365071,0.000000,3.000000,2.164358,-0.003187,0.003853,-0.014399,0.000412,-0.000823,0.180539,0.013179,0.506067,0.628583,0.009599,0.534529,0.000000,0.519285
10.768000,3.398296,0.695585,4.165661,-1.200699,1.672014,0.329069,0.000000,3.000000,2.058472,-0.002916,0.004061,-0.014432,0.000532,-0.001184,0.180377,0.013184,0.506053,0.628549,0.009643,0.534529,0.000000,0.522603
10.779000,3.736818,0.665102,4.252907,-0.862177,1.641530,0.416315,0.000000,3.000000,1.854176,-0.002325,0.004427,-0.015343,0.000322,-0.001559,0.180213,0.013190,0.506042,0.628520,0.009689,0.534529,0.000000,0.525997
10.790000,4.036307,0.638357,4.208936,-0.562688,1.614785,0.372345,0.000000,3.000000,1.710015,-0.001645,0.004722,-0.015446,0.000431,-0.000449,0.180039,0.013197,0.506038,0.628499,0.009740,0.534529,0.000000,0.516648
10.801000,4.041846,0.650215,4.146977,-0.557149,1.626643,0.310386,0.000000,3.000000,1.719413,-0.001620,0.004730,-0.015150,0.000576,0.000083,0.179873,0.013205,0.506040,0.628482,0.009792,0.534529,0.000000,0.512094
10.812000,3.894120,0.595881,4.103878,-0.704875,1.572309,0.267287,0.000000,3.000000,1.723080,-0.002045,0.004562,-0.014358,0.000709,-0.000041,0.179711,0.013214,0.506039,0.628462,0.009843,0.534529,0.000000,0.513159
10.823000,3.616344,0.629373,4.018593,-0.982651,1.605801,0.182001,0.000000,3.000000,1.882605,-0.002610,0.004265,-0.014301,0.001435,0.000670,0.179559,0.013222,0.506046,0.628435,0.009891,0.534529,0.000000,0.507004
10.834000,3.505624,0.685020,4.006116,-1.093371,1.661448,0.169525,0.000000,3.000000,1.988937,-0.002749,0.004177,-0.014192,0.001059,0.000567,0.179406,0.013229,0.506049,0.628406,0.009938,0.534529,0.000000,0.507822
10.845000,3.598499,0.700003,4.022191,-1.000496,1.676431,0.185599,0.000000,3.000000,1.952284,-0.002562,0.004294,-0.015205,0.000483,0.000451,0.179240,0.013236,0.506055,0.628377,0.009984,0.534529,0.000000,0.508692
10.856000,3.884968,0.699237,4.048848,-0.714027,1.675665,0.212257,0.000000,3.000000,1.821452,-0.001960,0.004600,-0.017270,0.000575,0.001122,0.179056,0.013245,0.506064,0.628352,0.010033,0.534529,0.000000,0.502846
10.867000,4.080944,0.680456,4.095376,-0.518051,1.656884,0.258785,0.000000,3.000000,1.735984,-0.001492,0.004772,-0.018486,0.000448,0.000920,0.178857,0.013255,0.506068,0.628333,0.010085,0.534529,0.000000,0.504482
10.878000,4.029296,0.768140,4.116201,-0.569699,1.744568,0.279610,0.000000,3.000000,1.835231,-0.001552,0.004753,-0.018042,0.000892,0.000749,0.178655,0.013263,0.506078,0.628317,0.010138,0.534529,0.000000,0.505758
10.889000,3.837004,0.783993,4.076668,-0.761992,1.760421,0.240077,0.000000,3.000000,1.918258,-0.001986,0.004589,-0.018092,0.000518,0.001386,0.178458,0.013268,0.506087,0.628296,0.010189,0.534529,0.000000,0.500197
10.900000,3.761077,0.797366,4.037291,-0.837919,1.773794,0.200699,0.000000,3.000000,1.961748,-0.002136,0.004521,-0.016627,0.001001,0.001809,0.178272,0.013276,0.506100,0.628274,0.010239,0.534529,0.000000,0.496364
10.911000,3.632431,0.852459,4.050035,-0.966564,1.828887,0.213443,0.000000,3.000000,2.068592,-0.002336,0.004421,-0.015071,0.000775,0.001630,0.178105,0.013278,0.506115,0.628249,0.010288,0.534529,0.000000,0.497607
10.922000,3.755337,0.891054,4.104268,-0.843658,1.867482,0.267676,0.000000,3.000000,2.049206,-0.002058,0.004557,-0.015332,0.000116,0.002093,0.177936,0.013276,0.506138,0.628224,0.010337,0.534529,0.000000,0.493275
10.933000,4.071678,0.883050,4.148697,-0.527317,1.859478,0.312106,0.000000,3.000000,1.932802,-0.001364,0.004810,-0.015765,-0.000538,0.002826,0.177759,0.013274,0.506170,0.628206,0.010389,0.534529,0.000000,0.486470
10.944000,4.176806,0.893712,4.180542,-0.422189,1.870141,0.343951,0.000000,3.000000,1.917203,-0.001101,0.004877,-0.014964,-0.000104,0.003293,0.177594,0.013271,0.506210,0.628194,0.010442,0.534529,0.000000,0.481795
10.955000,4.093687,0.925711,4.189142,-0.505308,1.902139,0.352550,0.000000,3.000000,1.968113,-0.001284,0.004832,-0.014944,-0.000592,0.002990,0.177428,0.013265,0.506249,0.628180,0.010496,0.534529,0.000000,0.483666
10.966000,3.784366,0.959912,4.187961,-0.814629,1.936341,0.351370,0.000000,3.000000,2.100723,-0.001939,0.004609,-0.014517,-0.000345,0.002349,0.177267,0.013258,0.506285,0.628162,0.010548,0.534529,0.000000,0.488451
10.977000,3.470933,1.020367,4.133009,-1.128062,1.996795,0.296418,0.000000,3.000000,2.293407,-0.002459,0.004353,-0.014017,-0.001179,0.004084,0.177115,0.013250,0.506321,0.628137,0.010597,0.534529,0.000000,0.473093
10.988000,3.551755,1.026688,4.164492,-1.047241,2.003116,0.327901,0.000000,3.000000,2.260351,-0.002317,0.004431,-0.013992,-0.000770,0.003285,0.176962,0.013239,0.506353,0.628111,0.010645,0.534529,0.000000,0.479293
10.999000,3.610811,0.986654,4.243699,-0.988184,1.963082,0.407108,0.000000,3.000000,2.197772,-0.002248,0.004466,-0.013800,-0.000574,0.003073,0.176813,0.013231,0.506390,0.628086,0.010694,0.534529,0.000000,0.480429
11.010000,3.768996,1.006534,4.291557,-0.829999,1.982962,0.454966,0.000000,3.000000,2.149660,-0.001931,0.004612,-0.013313,-0.000625,0.002638,0.176665,0.013220,0.506425,0.628063,0.010744,0.534529,0.000000,0.483482
11.021000,3.825584,1.019691,4.359055,-0.773411,1.996119,0.522464,0.000000,3.000000,2.140714,-0.001806,0.004662,-0.012618,-0.000406,0.002369,0.176523,0.013211,0.506458,0.628043,0.010795,0.534529,0.000000,0.485163
11.032000,3.857064,0.973810,4.396005,-0.741931,1.950238,0.559413,0.000000,3.000000,2.086598,-0.001778,0.004673,-0.012330,-0.001116,0.002991,0.176389,0.013201,0.506490,0.628023,0.010846,0.534529,0.000000,0.479318
11.043000,3.767322,0.932699,4.419392,-0.831673,1.909127,0.582800,0.000000,3.000000,2.082413,-0.001997,0.004584,-0.012320,-0.000055,0.001377,0.176252,0.013196,0.506511,0.628003,0.010898,0.534529,0.000000,0.492647
11.054000,3.771617,0.905283,4.462204,-0.827379,1.881711,0.625612,0.000000,3.000000,2.055576,-0.002013,0.004577,-0.012764,-0.000061,0.001273,0.176114,0.013192,0.506524,0.627980,0.010948,0.534529,0.000000,0.493288
11.065000,3.825749,0.904694,4.500257,-0.773246,1.881122,0.663665,0.000000,3.000000,2.033846,-0.001901,0.004625,-0.012897,-0.000403,0.001517,0.175973,0.013188,0.506530,0.627958,0.010998,0.534529,0.000000,0.491105
11.076000,4.021602,0.871462,4.514615,-0.577393,1.847890,0.678023,0.000000,3.000000,1.935996,-0.001491,0.004772,-0.012717,-0.000146,-0.000369,0.175833,0.013189,0.506531,0.627940,0.011050,0.534529,0.000000,0.507088
11.087000,4.136693,0.810658,4.553625,-0.462302,1.787086,0.717034,0.000000,3.000000,1.845914,-0.001252,0.004841,-0.013532,0.000648,-0.000039,0.175684,0.013194,0.506534,0.627925,0.011103,0.534529,0.000000,0.504243
11.098000,4.183424,0.727825,4.549461,-0.415571,1.704253,0.712870,0.000000,3.000000,1.754189,-0.001185,0.004858,-0.014432,0.001041,-0.000265,0.175532,0.013201,0.506533,0.627912,0.011156,0.534529,0.000000,0.506166
11.109000,4.127385,0.727008,4.527803,-0.471611,1.703436,0.691212,0.000000,3.000000,1.767515,-0.001334,0.004819,-0.013642,0.000683,-0.000421,0.175383,0.013209,0.506527,0.627899,0.011210,0.534529,0.000000,0.507607
11.120000,4.026824,0.716665,4.481831,-0.572171,1.693093,0.645239,0.000000,3.000000,1.787161,-0.001601,0.004737,-0.013678,0.000639,-0.001695,0.175236,0.013218,0.506515,0.627882,0.011262,0.534529,0.000000,0.518629
11.131000,3.906787,0.714078,4.405053,-0.692208,1.690506,0.568462,0.000000,3.000000,1.826735,-0.001895,0.004627,-0.014391,0.000796,-0.001754,0.175081,0.013231,0.506498,0.627863,0.011314,0.534529,0.000000,0.519432
11.142000,3.911500,0.707215,4.411602,-0.687495,1.683643,0.575011,0.000000,3.000000,1.818600,-0.001890,0.004629,-0.014368,0.001015,-0.002877,0.174923,0.013242,0.506477,0.627842,0.011365,0.534529,0.000000,0.529351
11.153000,3.962333,0.691045,4.448391,-0.636662,1.667473,0.611800,0.000000,3.000000,1.784882,-0.001783,0.004671,-0.015362,0.001329,-0.002759,0.174760,0.013253,0.506451,0.627821,0.011416,0.534529,0.000000,0.528801
11.164000,4.118064,0.692144,4.462930,-0.480931,1.668572,0.626338,0.000000,3.000000,1.736499,-0.001385,0.004804,-0.014695,0.001131,-0.002236,0.174596,0.013265,0.506425,0.627804,0.011468,0.534529,0.000000,0.524835
11.175000,4.149080,0.662568,4.424775,-0.449915,1.638996,0.588183,0.000000,3.000000,1.699627,-0.001324,0.004822,-0.014282,0.000491,-0.002950,0.174440,0.013274,0.506398,0.627790,0.011521,0.534529,0.000000,0.531390
11.186000,4.216911,0.655909,4.471090,-0.382085,1.632337,0.634499,0.000000,3.000000,1.676458,-0.001140,0.004868,-0.015517,0.000767,-0.001913,0.174275,0.013286,0.506372,0.627776,0.011574,0.534529,0.000000,0.523061
11.197000,4.268127,0.659276,4.482558,-0.330868,1.635704,0.645966,0.000000,3.000000,1.668832,-0.000991,0.004901,-0.015505,0.001175,-0.003285,0.174103,0.013298,0.506338,0.627765,0.011628,0.534529,0.000000,0.535311
11.208000,4.198349,0.656948,4.457859,-0.400646,1.633376,0.621268,0.000000,3.000000,1.681795,-0.001191,0.004856,-0.015490,0.001005,-0.003615,0.173931,0.013309,0.506305,0.627753,0.011682,0.534529,0.000000,0.538695
11.219000,4.226277,0.667717,4.410813,-0.372718,1.644145,0.574222,0.000000,3.000000,1.685862,-0.001105,0.004876,-0.015701,0.000875,-0.002870,0.173758,0.013321,0.506271,0.627741,0.011735,0.534529,0.000000,0.532996
11.230000,4.154494,0.659940,4.382556,-0.444501,1.636368,0.545965,0.000000,3.000000,1.695665,-0.001311,0.004825,-0.014225,0.001147,-0.002899,0.173600,0.013332,0.506237,0.627728,0.011789,0.534529,0.000000,0.533853
11.241000,4.058334,0.651491,4.358391,-0.540662,1.627920,0.521800,0.000000,3.000000,1.715353,-0.001576,0.004745,-0.013879,0.000918,-0.003584,0.173442,0.013342,0.506202,0.627711,0.011841,0.534529,0.000000,0.540292
11.252000,4.130858,0.649938,4.361158,-0.468137,1.626366,0.524567,0.000000,3.000000,1.692400,-0.001383,0.004805,-0.015205,0.000881,-0.003724,0.173280,0.013353,0.506168,0.627695,0.011894,0.534529,0.000000,0.542090
11.263000,4.309323,0.636253,4.343891,-0.289672,1.612681,0.507299,0.000000,3.000000,1.638490,-0.000884,0.004921,-0.016469,0.001506,-0.002597,0.173103,0.013365,0.506134,0.627683,0.011947,0.534529,0.000000,0.533134
11.274000,4.388062,0.631696,4.306192,-0.210933,1.608124,0.469601,0.000000,3.000000,1.621899,-0.000650,0.004958,-0.017198,0.001076,-0.004788,0.172916,0.013377,0.506089,0.627675,0.012002,0.534529,0.000000,0.552540
11.285000,4.484806,0.638051,4.274033,-0.114189,1.614479,0.437441,0.000000,3.000000,1.618512,-0.000353,0.004988,-0.017315,0.001479,-0.003439,0.172726,0.013389,0.506051,0.627670,0.012056,0.534529,0.000000,0.541775
11.296000,4.469110,0.661717,4.182146,-0.129885,1.638145,0.345555,0.000000,3.000000,1.643287,-0.000395,0.004984,-0.017085,0.000919,-0.003189,0.172539,0.013401,0.506015,0.627666,0.012111,0.534529,0.000000,0.540309
11.307000,4.312457,0.683921,4.136331,-0.286538,1.660349,0.299739,0.000000,3.000000,1.684892,-0.000850,0.004927,-0.015322,0.000972,-0.002586,0.172362,0.013413,0.505982,0.627660,0.012166,0.534529,0.000000,0.535781
11.318000,4.085388,0.681530,4.049734,-0.513607,1.657958,0.213142,0.000000,3.000000,1.735689,-0.001480,0.004776,-0.014276,0.001283,-0.002211,0.172206,0.013424,0.505947,0.627646,0.012219,0.534529,0.000000,0.533231
11.329000,3.975339,0.705269,4.040479,-0.623656,1.681697,0.203887,0.000000,3.000000,1.793614,-0.001739,0.004688,-0.013401,0.000571,-0.002068,0.172055,0.013434,0.505919,0.627629,0.012271,0.534529,0.000000,0.532523
11.340000,3.896120,0.723667,4.054011,-0.702875,1.700095,0.217419,0.000000,3.000000,1.839662,-0.001910,0.004621,-0.013051,0.000472,-0.001170,0.171909,0.013442,0.505896,0.627608,0.012322,0.534529,0.000000,0.525316
11.351000,4.017643,0.759066,4.102350,-0.581352,1.735494,0.265759,0.000000,3.000000,1.830276,-0.001588,0.004741,-0.013337,0.001046,-0.000560,0.171762,0.013452,0.505876,0.627589,0.012374,0.534529,0.000000,0.520501
11.362000,3.997765,0.769844,4.120942,-0.601230,1.746272,0.284351,0.000000,3.000000,1.846874,-0.001628,0.004728,-0.012319,0.000705,-0.000629,0.171626,0.013460,0.505860,0.627572,0.012426,0.534529,0.000000,0.521376
11.373000,3.928298,0.802257,4.120814,-0.670697,1.778685,0.284222,0.000000,3.000000,1.900935,-0.001764,0.004678,-0.011111,0.000573,-0.000825,0.171500,0.013467,0.505850,0.627553,0.012478,0.534529,0.000000,0.523220
11.384000,3.831153,0.808641,4.088422,-0.767842,1.785069,0.251830,0.000000,3.000000,1.943207,-0.001976,0.004593,-0.009838,0.000121,-0.001235,0.171388,0.013474,0.505843,0.627532,0.012529,0.534529,0.000000,0.526822
11.395000,3.740339,0.850906,4.089936,-0.858656,1.827334,0.253344,0.000000,3.000000,2.019020,-0.002126,0.004525,-0.009358,0.000715,-0.000912,0.171281,0.013481,0.505841,0.627509,0.012579,0.534529,0.000000,0.524113
11.406000,3.727418,0.853273,4.102072,-0.871577,1.829702,0.265481,0.000000,3.000000,2.026686,-0.002150,0.004514,-0.008783,0.000093,0.000806,0.171184,0.013486,0.505848,0.627486,0.012628,0.534529,0.000000,0.509410
11.417000,3.713949,0.886619,4.121951,-0.885047,1.863047,0.285360,0.000000,3.000000,2.062584,-0.002145,0.004516,-0.008511,0.000470,0.001074,0.171090,0.013491,0.505855,0.627462,0.012678,0.534529,0.000000,0.507009
11.428000,3.711207,0.897683,4.154170,-0.887788,1.874111,0.317579,0.000000,3.000000,2.073755,-0.002141,0.004519,-0.008174,0.000105,0.000816,0.170996,0.013494,0.505863,0.627439,0.012728,0.534529,0.000000,0.509061
11.439000,3.615558,0.915303,4.157620,-0.983437,1.891731,0.321029,0.000000,3.000000,2.132087,-0.002306,0.004436,-0.008195,0.000381,0.000971,0.170903,0.013499,0.505873,0.627415,0.012777,0.534529,0.000000,0.507568
11.450000,3.631683,0.898054,4.178894,-0.967313,1.874482,0.342302,0.000000,3.000000,2.109355,-0.002293,0.004443,-0.007893,0.000703,0.001042,0.170816,0.013505,0.505885,0.627389,0.012826,0.534529,0.000000,0.506747
11.461000,3.550857,0.871596,4.188290,-1.048139,1.848024,0.351698,0.000000,3.000000,2.124567,-0.002467,0.004349,-0.007355,0.000154,0.001283,0.170735,0.013509,0.505900,0.627363,0.012874,0.534529,0.000000,0.504424
11.472000,3.632298,0.889609,4.197397,-0.966697,1.866037,0.360806,0.000000,3.000000,2.101570,-0.002300,0.004440,-0.007879,0.000934,0.002060,0.170652,0.013515,0.505921,0.627337,0.012923,0.534529,0.000000,0.497458
11.483000,3.649878,0.825652,4.184177,-0.949117,1.802080,0.347586,0.000000,3.000000,2.036742,-0.002330,0.004424,-0.007066,0.000893,0.002403,0.170574,0.013520,0.505943,0.627312,0.012972,0.534529,0.000000,0.494160
11.494000,3.650016,0.869491,4.228983,-0.948979,1.845919,0.392392,0.000000,3.000000,2.075567,-0.002286,0.004447,-0.007070,0.000297,0.002280,0.170496,0.013522,0.505965,0.627286,0.013021,0.534529,0.000000,0.494789
11.505000,3.657824,0.903527,4.243205,-0.941171,1.879955,0.406614,0.000000,3.000000,2.102387,-0.002238,0.004471,-0.007354,-0.000058,0.002643,0.170416,0.013526,0.505990,0.627261,0.013069,0.534529,0.000000,0.491271
11.516000,3.698314,0.874637,4.288732,-0.900681,1.851065,0.452140,0.000000,3.000000,2.058560,-0.002188,0.004496,-0.006330,0.000070,0.002311,0.170343,0.013529,0.506016,0.627237,0.013119,0.534529,0.000000,0.493613
11.527000,3.816824,0.889362,4.302418,-0.782171,1.865790,0.465826,0.000000,3.000000,2.023107,-0.001933,0.004611,-0.006467,0.000199,0.003111,0.170270,0.013532,0.506051,0.627214,0.013169,0.534529,0.000000,0.486202
11.538000,3.925067,0.887491,4.330617,-0.673928,1.863919,0.494025,0.000000,3.000000,1.982013,-0.001700,0.004702,-0.006620,-0.000450,0.003070,0.170197,0.013533,0.506089,0.627195,0.013220,0.534529,0.000000,0.485867
11.549000,3.945946,0.944587,4.339670,-0.653049,1.921015,0.503079,0.000000,3.000000,2.028983,-0.001609,0.004734,-0.006701,-0.000018,0.003723,0.170124,0.013536,0.506130,0.627177,0.013272,0.534529,0.000000,0.479585
11.560000,3.913843,0.953212,4.313522,-0.685153,1.929640,0.476931,0.000000,3.000000,2.047668,-0.001673,0.004712,-0.007038,0.000393,0.003850,0.170047,0.013538,0.506172,0.627159,0.013324,0.534529,0.000000,0.477746
11.571000,3.871561,0.986310,4.288378,-0.727434,1.962738,0.451787,0.000000,3.000000,2.093203,-0.001738,0.004688,-0.006964,0.000004,0.004306,0.169973,0.013538,0.506218,0.627140,0.013376,0.534529,0.000000,0.473056
11.582000,3.784460,0.978718,4.319079,-0.814535,1.955146,0.482488,0.000000,3.000000,2.118033,-0.001923,0.004615,-0.007135,-0.000192,0.003853,0.169896,0.013538,0.506261,0.627120,0.013427,0.534529,0.000000,0.476123
11.593000,3.799267,0.992771,4.328638,-0.799729,1.969199,0.492046,0.000000,3.000000,2.125397,-0.001881,0.004633,-0.006797,0.000035,0.004420,0.169818,0.013537,0.506311,0.627100,0.013478,0.534529,0.000000,0.470416
11.604000,3.862982,1.024582,4.337445,-0.736013,2.001010,0.500854,0.000000,3.000000,2.132078,-0.001726,0.004693,-0.007650,-0.000658,0.004636,0.169735,0.013534,0.506363,0.627080,0.013530,0.534529,0.000000,0.467650
11.615000,4.039628,1.044811,4.396643,-0.559368,2.021239,0.560051,0.000000,3.000000,2.097212,-0.001334,0.004819,-0.007706,-0.000644,0.004832,0.169649,0.013529,0.506417,0.627063,0.013582,0.534529,0.000000,0.465019
11.626000,3.987401,1.092209,4.465115,-0.611594,2.068637,0.628524,0.000000,3.000000,2.157152,-0.001418,0.004795,-0.007439,-0.000422,0.003794,0.169561,0.013522,0.506464,0.627048,0.013635,0.534529,0.000000,0.472978
11.637000,3.850849,1.129579,4.523594,-0.748147,2.106007,0.687003,0.000000,3.000000,2.234947,-0.001674,0.004712,-0.008401,-0.001072,0.004198,0.169471,0.013513,0.506510,0.627030,0.013687,0.534529,0.000000,0.468716
11.648000,3.813021,1.168182,4.513701,-0.785974,2.144610,0.677109,0.000000,3.000000,2.284098,-0.001721,0.004695,-0.007753,-0.000811,0.003894,0.169383,0.013498,0.506551,0.627012,0.013739,0.534529,0.000000,0.470549
11.659000,3.746844,1.207390,4.576844,-0.852151,2.183818,0.740253,0.000000,3.000000,2.344189,-0.001818,0.004658,-0.008681,-0.001618,0.001883,0.169289,0.013479,0.506582,0.626992,0.013790,0.534529,0.000000,0.487063
11.670000,3.968996,1.228711,4.669158,-0.630000,2.205139,0.832567,0.000000,3.000000,2.293368,-0.001374,0.004808,-0.009864,-0.001850,0.003141,0.169182,0.013459,0.506618,0.626974,0.013842,0.534529,0.000000,0.475740
11.681000,4.206144,1.217486,4.704682,-0.392851,2.193914,0.868090,0.000000,3.000000,2.228809,-0.000881,0.004922,-0.010481,-0.002606,0.002803,0.169067,0.013433,0.506647,0.626963,0.013896,0.534529,0.000000,0.478079
11.692000,4.289706,1.241083,4.756921,-0.309290,2.217511,0.920329,0.000000,3.000000,2.238976,-0.000691,0.004952,-0.011169,-0.002888,0.001783,0.168945,0.013404,0.506674,0.626954,0.013950,0.534529,0.000000,0.486262
11.703000,4.175409,1.248000,4.729605,-0.423586,2.224428,0.893013,0.000000,3.000000,2.264399,-0.000935,0.004912,-0.010921,-0.003086,0.000790,0.168822,0.013369,0.506697,0.626946,0.014005,0.534529,0.000000,0.494271
11.714000,3.894863,1.263826,4.710383,-0.704132,2.240254,0.873792,0.000000,3.000000,2.348306,-0.001499,0.004770,-0.011123,-0.003995,0.001333,0.168698,0.013330,0.506713,0.626932,0.014058,0.534529,0.000000,0.489375
11.725000,3.779040,1.316867,4.684099,-0.819955,2.293295,0.847508,0.000000,3.000000,2.435473,-0.001683,0.004708,-0.011706,-0.004282,0.000819,0.168568,0.013285,0.506719,0.626914,0.014110,0.534529,0.000000,0.493632
11.736000,3.780238,1.335593,4.654278,-0.818758,2.312021,0.817687,0.000000,3.000000,2.452714,-0.001669,0.004713,-0.012032,-0.005142,-0.000285,0.168438,0.013233,0.506724,0.626895,0.014161,0.534529,0.000000,0.502903
11.747000,3.875836,1.300486,4.655906,-0.723159,2.276914,0.819314,0.000000,3.000000,2.388995,-0.001514,0.004765,-0.011393,-0.005084,0.001144,0.168309,0.013178,0.506731,0.626878,0.014214,0.534529,0.000000,0.490656
11.758000,4.066205,1.236688,4.719346,-0.532791,2.213116,0.882755,0.000000,3.000000,2.276345,-0.001170,0.004861,-0.011886,-0.005441,0.000988,0.168178,0.013120,0.506739,0.626863,0.014266,0.534529,0.000000,0.491837
11.769000,4.341025,1.294003,4.672611,-0.257970,2.270431,0.836019,0.000000,3.000000,2.285040,-0.000564,0.004968,-0.012275,-0.006490,0.001481,0.168043,0.013051,0.506751,0.626854,0.014321,0.534529,0.000000,0.487420
11.780000,4.317995,1.288447,4.683211,-0.281000,2.264875,0.846619,0.000000,3.000000,2.282240,-0.000616,0.004962,-0.011261,-0.006811,0.001208,0.167916,0.012983,0.506763,0.626848,0.014375,0.534529,0.000000,0.489537
11.791000,4.140526,1.238215,4.696701,-0.458470,2.214643,0.860109,0.000000,3.000000,2.261601,-0.001014,0.004896,-0.010336,-0.006610,0.000889,0.167796,0.012912,0.506778,0.626839,0.014430,0.534529,0.000000,0.491971
11.802000,3.977463,1.205671,4.627137,-0.621532,2.182099,0.790546,0.000000,3.000000,2.268889,-0.001370,0.004809,-0.009338,-0.006125,0.001312,0.167689,0.012842,0.506794,0.626825,0.014483,0.534529,0.000000,0.488097
11.813000,3.955091,1.244598,4.596340,-0.643904,2.221026,0.759749,0.000000,3.000000,2.312481,-0.001392,0.004802,-0.008406,-0.006877,0.001456,0.167592,0.012765,0.506815,0.626810,0.014536,0.534529,0.000000,0.486499
11.824000,4.050315,1.191282,4.602365,-0.548680,2.167710,0.765774,0.000000,3.000000,2.236072,-0.001227,0.004847,-0.008470,-0.007104,0.002821,0.167498,0.012687,0.506845,0.626795,0.014589,0.534529,0.000000,0.474377
11.835000,4.217211,1.170005,4.579805,-0.381784,2.146433,0.743213,0.000000,3.000000,2.180122,-0.000876,0.004923,-0.007876,-0.007592,0.003692,0.167414,0.012606,0.506883,0.626783,0.014642,0.534529,0.000000,0.466299
11.846000,4.215441,1.163379,4.600518,-0.383554,2.139807,0.763926,0.000000,3.000000,2.173911,-0.000882,0.004922,-0.006789,-0.007676,0.003852,0.167338,0.012521,0.506925,0.626775,0.014697,0.534529,0.000000,0.464177
11.857000,4.128867,1.172054,4.608028,-0.470128,2.148482,0.771437,0.000000,3.000000,2.199317,-0.001069,0.004884,-0.006358,-0.008759,0.004104,0.167270,0.012426,0.506971,0.626764,0.014751,0.534529,0.000000,0.461219
11.868000,4.098308,1.061787,4.562676,-0.500688,2.038215,0.726084,0.000000,3.000000,2.098811,-0.001193,0.004856,-0.005752,-0.008909,0.004309,0.167207,0.012331,0.507020,0.626751,0.014804,0.534529,0.000000,0.458586
11.879000,3.933361,1.022704,4.552842,-0.665634,1.999132,0.716250,0.000000,3.000000,2.107036,-0.001580,0.004744,-0.005316,-0.009205,0.004369,0.167149,0.012236,0.507071,0.626735,0.014857,0.534529,0.000000,0.457162
11.890000,3.872612,1.034762,4.495518,-0.726383,2.011191,0.658927,0.000000,3.000000,2.138345,-0.001698,0.004703,-0.005500,-0.008720,0.004543,0.167088,0.012140,0.507127,0.626717,0.014909,0.534529,0.000000,0.454684
11.901000,3.767647,1.051822,4.460773,-0.831348,2.028250,0.624182,0.000000,3.000000,2.192017,-0.001896,0.004626,-0.005340,-0.009520,0.005267,0.167029,0.012039,0.507184,0.626698,0.014960,0.534529,0.000000,0.447505
11.912000,3.687067,0.955713,4.409918,-0.911928,1.932141,0.573327,0.000000,3.000000,2.136535,-0.002134,0.004522,-0.005422,-0.008892,0.004960,0.166973,0.011943,0.507240,0.626675,0.015010,0.534529,0.000000,0.449117
11.923000,3.716947,0.855475,4.413397,-0.882049,1.831903,0.576805,0.000000,3.000000,2.033194,-0.002169,0.004505,-0.005687,-0.008647,0.005181,0.166911,0.011848,0.507300,0.626652,0.015060,0.534529,0.000000,0.446161
11.934000,3.720148,0.834009,4.437393,-0.878848,1.810437,0.600802,0.000000,3.000000,2.012475,-0.002183,0.004498,-0.005950,-0.009000,0.005034,0.166847,0.011751,0.507361,0.626628,0.015109,0.534529,0.000000,0.446304
11.945000,3.736993,0.857288,4.394485,-0.862002,1.833716,0.557894,0.000000,3.000000,2.026219,-0.002127,0.004525,-0.006207,-0.009314,0.005794,0.166781,0.011647,0.507429,0.626604,0.015159,0.534529,0.000000,0.438623
11.956000,3.647867,0.848629,4.373219,-0.951128,1.825057,0.536628,0.000000,3.000000,2.058028,-0.002311,0.004434,-0.006219,-0.009592,0.005890,0.166715,0.011542,0.507494,0.626580,0.015209,0.534529,0.000000,0.436642
11.967000,3.572135,0.798348,4.335882,-1.026860,1.774776,0.499290,0.000000,3.000000,2.050432,-0.002504,0.004328,-0.006157,-0.009961,0.006361,0.166647,0.011435,0.507563,0.626554,0.015257,0.534529,0.000000,0.431398
11.978000,3.484696,0.753223,4.329420,-1.114300,1.729651,0.492829,0.000000,3.000000,2.057512,-0.002708,0.004203,-0.005809,-0.009735,0.006103,0.166581,0.011331,0.507630,0.626525,0.015304,0.534529,0.000000,0.432381
11.989000,3.473628,0.769260,4.352685,-1.125368,1.745688,0.516094,0.000000,3.000000,2.076988,-0.002709,0.004202,-0.006265,-0.009655,0.006258,0.166511,0.011223,0.507699,0.626495,0.015350,0.534529,0.000000,0.429829
12.000000,3.584442,0.810406,4.354016,-1.014553,1.786835,0.517425,0.000000,3.000000,2.054774,-0.002469,0.004348,-0.006363,-0.009846,0.006237,0.166441,0.011110,0.507770,0.626466,0.015397,0.534529,0.000000,0.428743
12.011000,3.612262,0.640651,4.382059,-0.986733,1.617079,0.545468,0.000000,3.000000,1.894357,-0.002604,0.004268,-0.006577,-0.008722,0.006563,0.166370,0.011012,0.507840,0.626439,0.015444,0.534529,0.000000,0.424700
12.022000,3.637567,0.584122,4.393895,-0.961429,1.560550,0.557304,0.000000,3.000000,1.832938,-0.002623,0.004257,-0.006567,-0.008986,0.005110,0.166301,0.010915,0.507908,0.626410,0.015491,0.534529,0.000000,0.435810
12.033000,3.582476,0.748824,4.391397,-1.016519,1.725252,0.554806,0.000000,3.000000,2.002450,-0.002538,0.004308,-0.006685,-0.009422,0.006170,0.166229,0.010815,0.507982,0.626381,0.015538,0.534529,0.000000,0.425492
12.044000,3.537628,0.738568,4.354100,-1.061368,1.714996,0.517509,0.000000,3.000000,2.016857,-0.002631,0.004252,-0.006618,-0.009131,0.006787,0.166156,0.010715,0.508056,0.626353,0.015585,0.534529,0.000000,0.418916
12.055000,3.328247,0.561313,4.301031,-1.270748,1.537741,0.464440,0.000000,3.000000,1.994855,-0.003185,0.003854,-0.006686,-0.008640,0.006331,0.166084,0.010618,0.508127,0.626321,0.015630,0.534529,0.000000,0.421510
12.066000,3.195855,0.488832,4.258567,-1.403140,1.465260,0.421976,0.000000,3.000000,2.028741,-0.003458,0.003611,-0.006040,-0.008840,0.006117,0.166018,0.010526,0.508193,0.626284,0.015671,0.534529,0.000000,0.422134
12.077000,2.918805,0.595805,4.248660,-1.680190,1.572233,0.412068,0.000000,3.000000,2.301077,-0.003651,0.003416,-0.005836,-0.008936,0.005635,0.165955,0.010428,0.508258,0.626245,0.015709,0.534529,0.000000,0.425050
12.088000,2.924287,0.600909,4.233311,-1.674708,1.577337,0.396719,0.000000,3.000000,2.300574,-0.003640,0.003428,-0.005372,-0.008573,0.004976,0.165893,0.010333,0.508320,0.626204,0.015747,0.534529,0.000000,0.429540
12.099000,3.151337,0.529420,4.251068,-1.447658,1.505848,0.414476,0.000000,3.000000,2.088849,-0.003465,0.003604,-0.005775,-0.008513,0.005975,0.165826,0.010242,0.508387,0.626165,0.015785,0.534529,0.000000,0.419848
12.110000,3.301867,0.459986,4.341725,-1.297129,1.436414,0.505134,0.000000,3.000000,1.935414,-0.003351,0.003711,-0.005966,-0.008037,0.006005,0.165761,0.010152,0.508454,0.626128,0.015826,0.534529,0.000000,0.418386
12.121000,3.353911,0.385095,4.419836,-1.245084,1.361523,0.583245,0.000000,3.000000,1.844988,-0.003374,0.003690,-0.006035,-0.007705,0.006224,0.165696,0.010064,0.508518,0.626091,0.015866,0.534529,0.000000,0.415377
12.132000,3.343480,0.364800,4.377130,-1.255516,1.341228,0.540539,0.000000,3.000000,1.837175,-0.003417,0.003650,-0.005260,-0.007989,0.005602,0.165635,0.009978,0.508576,0.626054,0.015907,0.534529,0.000000,0.419621
12.143000,3.110036,0.375570,4.360490,-1.488959,1.351998,0.523898,0.000000,3.000000,2.011193,-0.003702,0.003361,-0.004448,-0.007178,0.004244,0.165584,0.009901,0.508627,0.626015,0.015945,0.534529,0.000000,0.430229
12.154000,3.035222,0.290805,4.417024,-1.563773,1.267233,0.580433,0.000000,3.000000,2.012776,-0.003885,0.003148,-0.004317,-0.007000,0.003615,0.165538,0.009825,0.508674,0.625973,0.015981,0.534529,0.000000,0.434717
12.165000,3.056980,0.229017,4.480900,-1.542015,1.205445,0.644308,0.000000,3.000000,1.957271,-0.003939,0.003079,-0.003652,-0.006243,0.003765,0.165496,0.009756,0.508717,0.625929,0.016015,0.534529,0.000000,0.432656
12.176000,3.341707,0.254013,4.529828,-1.257288,1.230441,0.693237,0.000000,3.000000,1.759193,-0.003573,0.003497,-0.003530,-0.006642,0.003325,0.165455,0.009683,0.508757,0.625888,0.016051,0.534529,0.000000,0.435672
12.187000,3.637995,0.170410,4.616425,-0.961001,1.146838,0.779833,0.000000,3.000000,1.496248,-0.003211,0.003832,-0.003773,-0.005567,0.004267,0.165411,0.009620,0.508804,0.625851,0.016092,0.534529,0.000000,0.426827
12.198000,3.701999,0.160076,4.587006,-0.896996,1.136504,0.750414,0.000000,3.000000,1.447841,-0.003098,0.003925,-0.003530,-0.005059,0.003815,0.165370,0.009561,0.508843,0.625817,0.016135,0.534529,0.000000,0.429969
12.209000,3.629301,0.120672,4.579060,-0.969694,1.097100,0.742469,0.000000,3.000000,1.464218,-0.003311,0.003746,-0.003276,-0.004837,0.003272,0.165334,0.009505,0.508878,0.625781,0.016177,0.534529,0.000000,0.433952
12.220000,3.406940,0.189229,4.564269,-1.192055,1.165657,0.727678,0.000000,3.000000,1.667258,-0.003575,0.003496,-0.002397,-0.004771,0.001895,0.165308,0.009455,0.508903,0.625743,0.016217,0.534529,0.000000,0.445178
12.231000,3.249294,0.181454,4.530514,-1.349701,1.157882,0.693923,0.000000,3.000000,1.778309,-0.003795,0.003256,-0.002371,-0.004581,0.001909,0.165285,0.009406,0.508927,0.625703,0.016254,0.534529,0.000000,0.444640
12.242000,3.339550,0.113424,4.522553,-1.259445,1.089852,0.685962,0.000000,3.000000,1.665527,-0.003781,0.003272,-0.001853,-0.003525,0.001560,0.165266,0.009368,0.508947,0.625661,0.016289,0.534529,0.000000,0.447233
12.253000,3.347299,0.118538,4.523203,-1.251696,1.094966,0.686611,0.000000,3.000000,1.663038,-0.003763,0.003292,-0.001419,-0.003481,0.002032,0.165248,0.009331,0.508967,0.625619,0.016325,0.534529,0.000000,0.442865
12.264000,3.397446,0.102947,4.535093,-1.201549,1.079376,0.698502,0.000000,3.000000,1.615169,-0.003720,0.003341,-0.001161,-0.003425,0.001700,0.165233,0.009299,0.508983,0.625579,0.016362,0.534529,0.000000,0.445390
12.275000,3.435261,0.052261,4.549687,-1.163734,1.028689,0.713095,0.000000,3.000000,1.553215,-0.003746,0.003311,-0.001492,-0.002051,0.001653,0.165219,0.009277,0.509000,0.625537,0.016399,0.534529,0.000000,0.445495
12.286000,3.422124,0.000585,4.496602,-1.176871,0.977013,0.660010,0.000000,3.000000,1.529568,-0.003847,0.003194,-0.000783,-0.000890,0.001211,0.165209,0.009261,0.509011,0.625496,0.016435,0.534529,0.000000,0.449046
12.297000,3.322211,0.018415,4.443912,-1.276785,0.994843,0.607321,0.000000,3.000000,1.618608,-0.003944,0.003073,-0.000559,-0.001306,0.000867,0.165200,0.009247,0.509018,0.625453,0.016469,0.534529,0.000000,0.451833
12.308000,3.305921,-0.000853,4.407456,-1.293074,0.975575,0.570864,0.000000,3.000000,1.619811,-0.003991,0.003011,-0.000704,-0.000267,0.000937,0.165195,0.009241,0.509024,0.625409,0.016503,0.534529,0.000000,0.451127
12.319000,3.304600,0.042730,4.381025,-1.294396,1.019158,0.544434,0.000000,3.000000,1.647466,-0.003928,0.003093,-0.000295,-0.000062,-0.000235,0.165191,0.009238,0.509027,0.625366,0.016536,0.534529,0.000000,0.461026
12.330000,3.291683,0.073048,4.370164,-1.307312,1.049476,0.533573,0.000000,3.000000,1.676444,-0.003899,0.003130,-0.000112,0.000042,-0.000286,0.165188,0.009236,0.509029,0.625323,0.016570,0.534529,0.000000,0.461423
12.341000,3.322552,0.112512,4.344081,-1.276444,1.088940,0.507489,0.000000,3.000000,1.677825,-0.003804,0.003245,0.000178,-0.000515,0.000468,0.165186,0.009233,0.509035,0.625280,0.016605,0.534529,0.000000,0.454919
12.352000,3.393928,0.171557,4.314078,-1.205067,1.147985,0.477486,0.000000,3.000000,1.664349,-0.003620,0.003449,-0.000330,0.000017,0.000207,0.165183,0.009233,0.509035,0.625239,0.016642,0.534529,0.000000,0.457119
12.363000,3.453748,0.232053,4.313249,-1.145247,1.208481,0.476657,0.000000,3.000000,1.664938,-0.003439,0.003629,0.000016,-0.000031,0.000173,0.165182,0.009232,0.509036,0.625201,0.016681,0.534529,0.000000,0.457397
12.374000,3.428073,0.277100,4.295266,-1.170922,1.253528,0.458674,0.000000,3.000000,1.715340,-0.003413,0.003654,-0.000103,0.000274,0.000060,0.165182,0.009232,0.509036,0.625163,0.016721,0.534529,0.000000,0.458363
12.385000,3.395848,0.289186,4.305173,-1.203147,1.265614,0.468582,0.000000,3.000000,1.746237,-0.003445,0.003624,-0.000336,0.000365,0.000732,0.165181,0.009233,0.509038,0.625125,0.016761,0.534529,0.000000,0.452624
12.396000,3.431665,0.326387,4.256317,-1.167330,1.302815,0.419726,0.000000,3.000000,1.749282,-0.003337,0.003724,0.000097,-0.000112,-0.000223,0.165182,0.009231,0.509035,0.625088,0.016802,0.534529,0.000000,0.460780
12.407000,3.369715,0.361975,4.255600,-1.229280,1.338403,0.419009,0.000000,3.000000,1.817266,-0.003382,0.003682,-0.000195,-0.000134,-0.000727,0.165181,0.009230,0.509036,0.625051,0.016843,0.534529,0.000000,0.465047
12.418000,3.390716,0.331611,4.248469,-1.208280,1.308039,0.411878,0.000000,3.000000,1.780703,-0.003393,0.003673,-0.000157,0.000191,0.000470,0.165182,0.009230,0.509037,0.625014,0.016883,0.534529,0.000000,0.454868
12.429000,3.374701,0.356354,4.237446,-1.224294,1.332782,0.400855,0.000000,3.000000,1.809753,-0.003382,0.003682,-0.000046,0.000383,0.000085,0.165182,0.009230,0.509037,0.624977,0.016924,0.534529,0.000000,0.458133
12.440000,3.350687,0.413307,4.214014,-1.248309,1.389735,0.377422,0.000000,3.000000,1.868057,-0.003341,0.003720,-0.000013,-0.000001,0.000273,0.165182,0.009229,0.509037,0.624940,0.016965,0.534529,0.000000,0.456537
12.451000,3.338261,0.414272,4.184475,-1.260735,1.390700,0.347883,0.000000,3.000000,1.877099,-0.003358,0.003704,0.000124,-0.000078,0.000049,0.165182,0.009227,0.509037,0.624904,0.017006,0.534529,0.000000,0.458437
12.462000,3.340759,0.422124,4.177770,-1.258236,1.398552,0.341179,0.000000,3.000000,1.881251,-0.003344,0.003717,0.000194,-0.000010,0.000230,0.165182,0.009226,0.509037,0.624866,0.017046,0.534529,0.000000,0.456903
12.473000,3.307823,0.449040,4.184090,-1.291173,1.425468,0.347499,0.000000,3.000000,1.923301,-0.003357,0.003706,0.000308,-0.000397,-0.000129,0.165182,0.009224,0.509036,0.624830,0.017087,0.534529,0.000000,0.459968
12.484000,3.275882,0.436353,4.204520,-1.323113,1.412781,0.367929,0.000000,3.000000,1.935608,-0.003418,0.003649,-0.000298,-0.000528,0.000125,0.165181,0.009222,0.509038,0.624792,0.017128,0.534529,0.000000,0.457770
12.495000,3.337877,0.474586,4.186910,-1.261118,1.451014,0.350319,0.000000,3.000000,1.922462,-0.003280,0.003774,-0.000294,-0.000076,0.000128,0.165180,0.009220,0.509038,0.624756,0.017169,0.534529,0.000000,0.457753
12.506000,3.309350,0.478494,4.183003,-1.289645,1.454922,0.346412,0.000000,3.000000,1.944217,-0.003317,0.003742,0.000130,-0.000590,-0.000702,0.165181,0.009215,0.509035,0.624719,0.017210,0.534529,0.000000,0.464850
12.517000,3.410614,0.475453,4.195917,-1.188381,1.451881,0.359326,0.000000,3.000000,1.876222,-0.003167,0.003869,-0.000389,-0.000189,-0.000071,0.165180,0.009213,0.509037,0.624684,0.017252,0.534529,0.000000,0.459462
12.528000,3.404363,0.486162,4.204217,-1.194632,1.462590,0.367626,0.000000,3.000000,1.888469,-0.003163,0.003872,-0.000064,-0.000806,0.000012,0.165181,0.009208,0.509036,0.624649,0.017294,0.534529,0.000000,0.458768
12.539000,3.297863,0.463865,4.224488,-1.301132,1.440293,0.387897,0.000000,3.000000,1.940976,-0.003352,0.003710,0.000024,-0.000472,0.000535,0.165180,0.009205,0.509038,0.624613,0.017336,0.534529,0.000000,0.454289
12.550000,3.272137,0.447895,4.184432,-1.326858,1.424323,0.347841,0.000000,3.000000,1.946600,-0.003408,0.003658,0.000013,-0.000255,0.001142,0.165180,0.009201,0.509041,0.624576,0.017376,0.534529,0.000000,0.449085
12.561000,3.254526,0.469862,4.212379,-1.344470,1.446290,0.375788,0.000000,3.000000,1.974678,-0.003404,0.003662,-0.000169,-0.000108,0.000438,0.165180,0.009198,0.509040,0.624538,0.017417,0.534529,0.000000,0.455089
12.572000,3.259519,0.453577,4.207280,-1.339476,1.430005,0.370688,0.000000,3.000000,1.959365,-0.003418,0.003649,-0.000142,-0.000418,0.000848,0.165179,0.009197,0.509041,0.624501,0.017457,0.534529,0.000000,0.451589
12.583000,3.258950,0.440253,4.215474,-1.340045,1.416681,0.378883,0.000000,3.000000,1.950053,-0.003436,0.003632,0.000517,-0.000270,0.000060,0.165181,0.009196,0.509039,0.624463,0.017497,0.534529,0.000000,0.458303
12.594000,3.241248,0.429025,4.243475,-1.357748,1.405453,0.406883,0.000000,3.000000,1.954169,-0.003474,0.003596,-0.000003,0.000014,-0.000040,0.165179,0.009194,0.509039,0.624425,0.017537,0.534529,0.000000,0.459155
12.605000,3.330926,0.456400,4.274464,-1.268069,1.432828,0.437872,0.000000,3.000000,1.913373,-0.003314,0.003744,-0.000129,-0.000401,0.000816,0.165178,0.009190,0.509040,0.624388,0.017577,0.534529,0.000000,0.451867
12.616000,3.351722,0.474858,4.245975,-1.247274,1.451286,0.409383,0.000000,3.000000,1.913615,-0.003259,0.003792,-0.000063,-0.000280,-0.000098,0.165178,0.009188,0.509040,0.624352,0.017619,0.534529,0.000000,0.459636
12.627000,3.358296,0.492351,4.304914,-1.240699,1.468779,0.468323,0.000000,3.000000,1.922667,-0.003227,0.003820,-0.000166,-0.000777,-0.000413,0.165177,0.009183,0.509039,0.624316,0.017661,0.534529,0.000000,0.462331
12.638000,3.339674,0.517199,4.266522,-1.259321,1.493628,0.429930,0.000000,3.000000,1.953666,-0.003223,0.003823,-0.000099,-0.000879,0.000052,0.165177,0.009178,0.509041,0.624281,0.017703,0.534529,0.000000,0.458343
12.649000,3.401004,0.487597,4.234742,-1.197991,1.464025,0.398150,0.000000,3.000000,1.891707,-0.003166,0.003870,-0.000195,-0.000520,0.000079,0.165176,0.009175,0.509043,0.624246,0.017745,0.534529,0.000000,0.458084
12.660000,3.410515,0.430043,4.237826,-1.188480,1.406471,0.401235,0.000000,3.000000,1.841371,-0.003227,0.003819,0.000010,-0.000238,0.000015,0.165175,0.009173,0.509043,0.624211,0.017788,0.534529,0.000000,0.458612
12.671000,3.426792,0.428272,4.249581,-1.172203,1.404700,0.412989,0.000000,3.000000,1.829547,-0.003204,0.003839,-0.000325,-0.000280,-0.000129,0.165174,0.009169,0.509044,0.624175,0.017829,0.534529,0.000000,0.459821
12.682000,3.494535,0.418893,4.246397,-1.104461,1.395321,0.409805,0.000000,3.000000,1.779538,-0.003103,0.003920,0.000172,-0.000135,-0.000054,0.165174,0.009168,0.509045,0.624140,0.017872,0.534529,0.000000,0.459162
12.693000,3.536861,0.379809,4.292040,-1.062135,1.356237,0.455449,0.000000,3.000000,1.722646,-0.003083,0.003936,-0.000355,0.000236,0.000279,0.165171,0.009167,0.509048,0.624106,0.017915,0.534529,0.000000,0.456279
12.704000,3.637497,0.355007,4.335214,-0.961498,1.331435,0.498623,0.000000,3.000000,1.642315,-0.002927,0.004054,-0.000255,-0.000010,-0.000087,0.165170,0.009166,0.509048,0.624073,0.017959,0.534529,0.000000,0.459392
12.715000,3.677817,0.371960,4.316755,-0.921179,1.348388,0.480163,0.000000,3.000000,1.633009,-0.002820,0.004129,0.000173,0.000038,0.000166,0.165169,0.009164,0.509052,0.624042,0.018004,0.534529,0.000000,0.457173
12.726000,3.737800,0.400445,4.342695,-0.861196,1.376873,0.506103,0.000000,3.000000,1.624019,-0.002651,0.004239,-0.000174,0.000026,0.000284,0.165166,0.009164,0.509053,0.624012,0.018050,0.534529,0.000000,0.456149
12.737000,3.768063,0.374644,4.359660,-0.830932,1.351072,0.523068,0.000000,3.000000,1.586141,-0.002619,0.004259,-0.000370,-0.000348,-0.000130,0.165165,0.009164,0.509055,0.623983,0.018097,0.534529,0.000000,0.459633
12.748000,3.812747,0.369407,4.362947,-0.786249,1.345835,0.526356,0.000000,3.000000,1.558672,-0.002522,0.004317,-0.000231,-0.000053,0.000741,0.165164,0.009164,0.509058,0.623955,0.018144,0.534529,0.000000,0.452196
12.759000,3.824406,0.363908,4.361070,-0.774589,1.340336,0.524478,0.000000,3.000000,1.548060,-0.002502,0.004329,-0.000266,0.000520,-0.000231,0.165162,0.009165,0.509056,0.623928,0.018192,0.534529,0.000000,0.460473
12.770000,3.783230,0.359888,4.343094,-0.815765,1.336317,0.506503,0.000000,3.000000,1.565636,-0.002605,0.004268,0.000033,0.000003,-0.000609,0.165161,0.009165,0.509054,0.623899,0.018239,0.534529,0.000000,0.463709
12.781000,3.760716,0.400342,4.303655,-0.838279,1.376770,0.467064,0.000000,3.000000,1.611896,-0.002600,0.004271,0.000008,-0.000285,-0.000419,0.165160,0.009164,0.509055,0.623871,0.018286,0.534529,0.000000,0.462081
12.792000,3.714926,0.366884,4.274237,-0.884069,1.343312,0.437646,0.000000,3.000000,1.608125,-0.002749,0.004177,-0.000299,-0.000394,-0.000237,0.165160,0.009163,0.509056,0.623841,0.018333,0.534529,0.000000,0.460530
12.803000,3.654898,0.381194,4.304112,-0.944098,1.357622,0.467521,0.000000,3.000000,1.653619,-0.002855,0.004105,-0.000007,0.000154,0.000134,0.165159,0.009165,0.509056,0.623810,0.018378,0.534529,0.000000,0.457376
12.814000,3.659230,0.399096,4.267345,-0.939766,1.375524,0.430753,0.000000,3.000000,1.665901,-0.002821,0.004128,0.000197,0.000078,0.000139,0.165159,0.009164,0.509053,0.623779,0.018424,0.534529,0.000000,0.457386
12.825000,3.646532,0.382287,4.228144,-0.952463,1.358715,0.391552,0.000000,3.000000,1.659305,-0.002870,0.004094,-0.000045,-0.000059,-0.000145,0.165158,0.009163,0.509053,0.623748,0.018469,0.534529,0.000000,0.459796
12.836000,3.610030,0.393660,4.258704,-0.988966,1.370088,0.422113,0.000000,3.000000,1.689732,-0.002926,0.004054,0.000376,0.000039,0.000419,0.165158,0.009163,0.509053,0.623716,0.018514,0.534529,0.000000,0.455002
12.847000,3.593892,0.396911,4.288815,-1.005103,1.373339,0.452223,0.000000,3.000000,1.701850,-0.002953,0.004035,0.000094,0.000118,0.000539,0.165157,0.009163,0.509053,0.623684,0.018558,0.534529,0.000000,0.453995
12.858000,3.630655,0.364778,4.296386,-0.968340,1.341206,0.459795,0.000000,3.000000,1.654242,-0.002927,0.004054,0.000052,0.000213,-0.000318,0.165156,0.009163,0.509050,0.623651,0.018603,0.534529,0.000000,0.461306
12.869000,3.626119,0.375258,4.303917,-0.972876,1.351686,0.467326,0.000000,3.000000,1.665396,-0.002921,0.004058,0.000318,0.000047,0.000313,0.165156,0.009162,0.509051,0.623619,0.018647,0.534529,0.000000,0.455941
12.880000,3.624811,0.382660,4.299123,-0.974184,1.359088,0.462532,0.000000,3.000000,1.672171,-0.002913,0.004064,0.000310,-0.000333,-0.000436,0.165155,0.009162,0.509050,0.623587,0.018692,0.534529,0.000000,0.462312
12.891000,3.629957,0.390467,4.361272,-0.969039,1.366895,0.524680,0.000000,3.000000,1.675541,-0.002892,0.004079,-0.000334,0.000077,-0.000408,0.165153,0.009163,0.509051,0.623555,0.018737,0.534529,0.000000,0.462053
12.902000,3.654733,0.367754,4.384607,-0.944263,1.344182,0.548016,0.000000,3.000000,1.642698,-0.002874,0.004091,-0.000024,0.000146,-0.000127,0.165153,0.009163,0.509052,0.623523,0.018782,0.534529,0.000000,0.459665
12.913000,3.627638,0.375894,4.355179,-0.971357,1.352322,0.518588,0.000000,3.000000,1.665026,-0.002917,0.004061,0.000363,-0.000422,0.000742,0.165153,0.009162,0.509053,0.623492,0.018827,0.534529,0.000000,0.452258
12.924000,3.688906,0.387233,4.340555,-0.910089,1.363661,0.503964,0.000000,3.000000,1.639462,-0.002776,0.004159,0.000260,-0.000279,0.000577,0.165152,0.009162,0.509055,0.623461,0.018872,0.534529,0.000000,0.453639
12.935000,3.703909,0.344602,4.353882,-0.895086,1.321030,0.517291,0.000000,3.000000,1.595712,-0.002805,0.004139,-0.000386,0.000270,0.000306,0.165152,0.009164,0.509053,0.623430,0.018918,0.534529,0.000000,0.455955
12.946000,3.688427,0.338821,4.370843,-0.910569,1.315249,0.534252,0.000000,3.000000,1.599692,-0.002846,0.004111,-0.000199,-0.000278,-0.000244,0.165151,0.009162,0.509053,0.623399,0.018963,0.534529,0.000000,0.460632
12.957000,3.672834,0.322479,4.358257,-0.926161,1.298907,0.521666,0.000000,3.000000,1.595285,-0.002903,0.004071,-0.000147,0.000141,0.000272,0.165151,0.009163,0.509053,0.623367,0.019008,0.534529,0.000000,0.456243
12.968000,3.671359,0.339752,4.359911,-0.927636,1.316181,0.523320,0.000000,3.000000,1.610230,-0.002880,0.004087,-0.000068,0.000322,0.000027,0.165151,0.009164,0.509054,0.623336,0.019053,0.534529,0.000000,0.458313
12.979000,3.642593,0.330770,4.406033,-0.956402,1.307198,0.569441,0.000000,3.000000,1.619713,-0.002952,0.004035,0.000160,-0.000314,-0.000512,0.165151,0.009163,0.509053,0.623303,0.019098,0.534529,0.000000,0.462913
12.990000,3.685883,0.310143,4.383145,-0.913113,1.286571,0.546554,0.000000,3.000000,1.577669,-0.002894,0.004077,-0.000098,-0.000431,-0.000559,0.165151,0.009162,0.509054,0.623271,0.019142,0.534529,0.000000,0.463298
13.001000,3.670842,0.322077,4.378626,-0.928153,1.298505,0.542034,0.000000,3.000000,1.596115,-0.002908,0.004068,0.000341,0.000298,-0.000127,0.165151,0.009164,0.509055,0.623239,0.019187,0.534529,0.000000,0.459602
13.012000,3.720145,0.294037,4.345753,-0.878850,1.270465,0.509161,0.000000,3.000000,1.544817,-0.002845,0.004112,0.000233,-0.000044,0.001067,0.165151,0.009163,0.509056,0.623207,0.019232,0.534529,0.000000,0.449453
13.023000,3.715796,0.278597,4.358439,-0.883199,1.255025,0.521848,0.000000,3.000000,1.534643,-0.002878,0.004089,-0.000183,0.000124,-0.000430,0.165150,0.009164,0.509054,0.623176,0.019277,0.534529,0.000000,0.462189
13.034000,3.638356,0.305496,4.336046,-0.960639,1.281924,0.499455,0.000000,3.000000,1.601923,-0.002998,0.004001,-0.000294,0.000169,-0.000037,0.165150,0.009164,0.509055,0.623143,0.019321,0.534529,0.000000,0.458838
13.045000,3.674658,0.284389,4.329805,-0.924338,1.260817,0.493214,0.000000,3.000000,1.563349,-0.002956,0.004032,0.000163,-0.000243,0.000224,0.165150,0.009163,0.509055,0.623111,0.019366,0.534529,0.000000,0.456631
13.056000,3.662272,0.300597,4.338672,-0.936723,1.277025,0.502080,0.000000,3.000000,1.583744,-0.002957,0.004032,-0.000450,-0.000385,-0.000064,0.165148,0.009163,0.509057,0.623078,0.019410,0.534529,0.000000,0.459032
13.067000,3.712588,0.280362,4.349973,-0.886407,1.256790,0.513381,0.000000,3.000000,1.537934,-0.002882,0.004086,-0.000127,0.000256,-0.000234,0.165148,0.009164,0.509057,0.623046,0.019454,0.534529,0.000000,0.460468
13.078000,3.775667,0.250415,4.373229,-0.823328,1.226843,0.536638,0.000000,3.000000,1.477502,-0.002786,0.004152,0.000030,0.000121,0.000479,0.165148,0.009165,0.509059,0.623015,0.019500,0.534529,0.000000,0.454388
13.089000,3.814681,0.260824,4.380504,-0.784314,1.237252,0.543913,0.000000,3.000000,1.464903,-0.002677,0.004223,-0.000254,0.000349,-0.000463,0.165146,0.009166,0.509059,0.622984,0.019546,0.534529,0.000000,0.462390
13.100000,3.791969,0.248261,4.379081,-0.807026,1.224689,0.542490,0.000000,3.000000,1.466682,-0.002751,0.004175,-0.000341,-0.000203,0.000135,0.165146,0.009164,0.509059,0.622954,0.019592,0.534529,0.000000,0.457309
13.111000,3.774443,0.273881,4.383021,-0.824552,1.250309,0.546429,0.000000,3.000000,1.497718,-0.002753,0.004174,0.000016,0.000257,-0.000125,0.165146,0.009165,0.509061,0.622925,0.019638,0.534529,0.000000,0.459483
13.122000,3.860662,0.253140,4.383408,-0.738334,1.229568,0.546817,0.000000,3.000000,1.434215,-0.002574,0.004287,0.000035,-0.000172,0.000532,0.165144,0.009165,0.509063,0.622895,0.019684,0.534529,0.000000,0.453873
13.133000,3.785424,0.263619,4.372645,-0.813571,1.240047,0.536053,0.000000,3.000000,1.483110,-0.002743,0.004181,-0.000287,-0.000068,-0.000368,0.165144,0.009165,0.509061,0.622866,0.019731,0.534529,0.000000,0.461553
13.144000,3.832251,0.242768,4.361621,-0.766744,1.219196,0.525029,0.000000,3.000000,1.440255,-0.002662,0.004233,0.000171,0.000010,-0.000155,0.165144,0.009165,0.509062,0.622837,0.019778,0.534529,0.000000,0.459713
13.155000,3.770852,0.237543,4.360888,-0.828143,1.213971,0.524297,0.000000,3.000000,1.469539,-0.002818,0.004130,-0.000013,-0.000307,-0.000002,0.165143,0.009164,0.509063,0.622807,0.019824,0.534529,0.000000,0.458407
13.166000,3.776679,0.248485,4.353352,-0.822316,1.224913,0.516760,0.000000,3.000000,1.475336,-0.002787,0.004151,0.000324,-0.000260,-0.000172,0.165144,0.009165,0.509061,0.622776,0.019869,0.534529,0.000000,0.459886
13.177000,3.833476,0.242367,4.348337,-0.765520,1.218795,0.511746,0.000000,3.000000,1.439264,-0.002659,0.004234,0.000072,0.000128,-0.000361,0.165143,0.009166,0.509060,0.622746,0.019915,0.534529,0.000000,0.461510
13.188000,3.812694,0.266175,4.315353,-0.786301,1.242603,0.478761,0.000000,3.000000,1.470486,-0.002674,0.004225,0.000034,0.000033,-0.000086,0.165143,0.009165,0.509061,0.622717,0.019962,0.534529,0.000000,0.459152
13.199000,3.742611,0.259394,4.292091,-0.856384,1.235822,0.455500,0.000000,3.000000,1.503546,-0.002848,0.004110,0.000370,0.000068,0.000342,0.165144,0.009165,0.509061,0.622686,0.020008,0.534529,0.000000,0.455528
13.210000,3.702318,0.266047,4.304977,-0.896677,1.242475,0.468386,0.000000,3.000000,1.532245,-0.002926,0.004054,0.000129,-0.000185,-0.000022,0.165144,0.009165,0.509061,0.622654,0.020053,0.534529,0.000000,0.458605
13.221000,3.704737,0.237252,4.297489,-0.894258,1.213681,0.460898,0.000000,3.000000,1.507553,-0.002966,0.004025,-0.000107,-0.000356,-0.000318,0.165143,0.009165,0.509062,0.622622,0.020097,0.534529,0.000000,0.461099
13.232000,3.666724,0.231934,4.277221,-0.932271,1.208362,0.440630,0.000000,3.000000,1.526194,-0.003054,0.003959,0.000202,0.000384,0.000104,0.165143,0.009165,0.509062,0.622589,0.020141,0.534529,0.000000,0.457523
13.243000,3.774002,0.246196,4.290929,-0.824993,1.222624,0.454337,0.000000,3.000000,1.474931,-0.002797,0.004145,-0.000100,-0.000062,-0.000178,0.165143,0.009165,0.509061,0.622557,0.020185,0.534529,0.000000,0.459928
13.254000,3.776121,0.233785,4.324544,-0.822875,1.210214,0.487953,0.000000,3.000000,1.463468,-0.002811,0.004135,-0.000118,-0.000174,-0.000296,0.165142,0.009165,0.509063,0.622525,0.020231,0.534529,0.000000,0.460900
13.265000,3.748695,0.223210,4.315299,-0.850301,1.199639,0.478707,0.000000,3.000000,1.470423,-0.002891,0.004079,0.000069,0.000100,-0.000343,0.165142,0.009165,0.509063,0.622494,0.020276,0.534529,0.000000,0.461302
13.276000,3.824261,0.229285,4.320690,-0.774734,1.205713,0.484098,0.000000,3.000000,1.433163,-0.002703,0.004206,0.000016,0.000115,-0.000885,0.165142,0.009166,0.509061,0.622464,0.020322,0.534529,0.000000,0.465942
13.287000,3.816621,0.248334,4.335122,-0.782374,1.224762,0.498530,0.000000,3.000000,1.453324,-0.002692,0.004214,0.000125,-0.000299,0.000227,0.165142,0.009165,0.509065,0.622434,0.020368,0.534529,0.000000,0.456430
13.298000,3.773129,0.223433,4.343490,-0.825867,1.199861,0.506899,0.000000,3.000000,1.456613,-0.002835,0.004119,0.000344,-0.000443,-0.000944,0.165142,0.009164,0.509060,0.622404,0.020414,0.534529,0.000000,0.466446
13.309000,3.796659,0.221850,4.325200,-0.802336,1.198278,0.488609,0.000000,3.000000,1.442086,-0.002782,0.004155,0.000103,-0.000066,0.000849,0.165142,0.009165,0.509064,0.622372,0.020459,0.534529,0.000000,0.451167
13.320000,3.760198,0.243144,4.293524,-0.838797,1.219572,0.456933,0.000000,3.000000,1.480181,-0.002833,0.004120,0.000014,-0.000055,0.000312,0.165142,0.009165,0.509063,0.622342,0.020505,0.534529,0.000000,0.455731
13.331000,3.743193,0.257331,4.292164,-0.855803,1.233759,0.455573,0.000000,3.000000,1.501519,-0.002850,0.004108,0.000197,-0.000065,-0.001091,0.165142,0.009165,0.509059,0.622310,0.020550,0.534529,0.000000,0.467712
13.342000,3.720712,0.259669,4.343120,-0.878283,1.236097,0.506529,0.000000,3.000000,1.516350,-0.002896,0.004076,-0.000330,-0.000531,0.000365,0.165141,0.009165,0.509062,0.622279,0.020595,0.534529,0.000000,0.455306
13.353000,3.686258,0.249264,4.299623,-0.912737,1.225692,0.463032,0.000000,3.000000,1.528205,-0.002986,0.004010,-0.000247,-0.000267,-0.000539,0.165140,0.009165,0.509059,0.622247,0.020640,0.534529,0.000000,0.463040
13.364000,3.704683,0.260966,4.331208,-0.894313,1.237394,0.494617,0.000000,3.000000,1.526742,-0.002929,0.004052,-0.000057,-0.000173,0.000145,0.165141,0.009164,0.509062,0.622214,0.020684,0.534529,0.000000,0.457171
13.375000,3.725695,0.276361,4.346352,-0.873301,1.252789,0.509761,0.000000,3.000000,1.527133,-0.002859,0.004102,0.000009,0.000251,0.000431,0.165140,0.009165,0.509059,0.622182,0.020729,0.534529,0.000000,0.454801
13.386000,3.727333,0.299430,4.311063,-0.871662,1.275858,0.474472,0.000000,3.000000,1.545189,-0.002821,0.004128,-0.000376,-0.000098,-0.000260,0.165141,0.009165,0.509058,0.622151,0.020774,0.534529,0.000000,0.460680
13.397000,3.720716,0.292671,4.364935,-0.878279,1.269100,0.528343,0.000000,3.000000,1.543369,-0.002845,0.004111,-0.000111,0.000213,-0.000136,0.165141,0.009165,0.509059,0.622120,0.020820,0.534529,0.000000,0.459613
13.408000,3.730254,0.272861,4.370495,-0.868741,1.249289,0.533903,0.000000,3.000000,1.521655,-0.002855,0.004105,-0.000082,-0.000521,-0.000241,0.165140,0.009163,0.509058,0.622089,0.020865,0.534529,0.000000,0.460523
13.419000,3.677824,0.283048,4.397050,-0.921171,1.259476,0.560459,0.000000,3.000000,1.560396,-0.002952,0.004036,-0.000203,-0.000115,0.000406,0.165140,0.009165,0.509060,0.622056,0.020909,0.534529,0.000000,0.454999
13.430000,3.632952,0.292251,4.387329,-0.966043,1.268679,0.550737,0.000000,3.000000,1.594611,-0.003029,0.003978,0.000100,-0.000227,-0.000586,0.165141,0.009165,0.509056,0.622024,0.020953,0.534529,0.000000,0.463479
13.441000,3.680281,0.291008,4.439471,-0.918715,1.267436,0.602879,0.000000,3.000000,1.565385,-0.002934,0.004048,-0.000104,-0.000090,0.000153,0.165140,0.009164,0.509057,0.621991,0.020998,0.534529,0.000000,0.457185
13.452000,3.688250,0.286953,4.498191,-0.910745,1.263381,0.661599,0.000000,3.000000,1.557430,-0.002924,0.004056,0.000160,-0.000058,0.000245,0.165141,0.009164,0.509055,0.621959,0.021042,0.534529,0.000000,0.456444
13.463000,3.666912,0.285115,4.522363,-0.932083,1.261544,0.685772,0.000000,3.000000,1.568525,-0.002971,0.004021,-0.000070,0.000287,-0.001043,0.165140,0.009164,0.509054,0.621926,0.021087,0.534529,0.000000,0.467402
13.474000,3.678116,0.325353,4.584929,-0.920879,1.301781,0.748338,0.000000,3.000000,1.594569,-0.002888,0.004082,-0.000149,-0.000030,0.000013,0.165140,0.009164,0.509055,0.621894,0.021131,0.534529,0.000000,0.458418
13.485000,3.689292,0.331210,4.596893,-0.909704,1.307638,0.760302,0.000000,3.000000,1.592946,-0.002855,0.004104,0.000032,-0.000002,-0.000113,0.165140,0.009165,0.509054,0.621863,0.021176,0.534529,0.000000,0.459504
13.496000,3.698062,0.305297,4.579057,-0.900933,1.281726,0.742465,0.000000,3.000000,1.566685,-0.002875,0.004091,-0.000059,-0.000085,-0.000651,0.165140,0.009164,0.509053,0.621831,0.021221,0.534529,0.000000,0.464092
13.507000,3.658923,0.322488,4.615019,-0.940072,1.298916,0.778428,0.000000,3.000000,1.603409,-0.002931,0.004050,-0.000284,-0.000113,0.000358,0.165140,0.009163,0.509055,0.621799,0.021266,0.534529,0.000000,0.455499
13.518000,3.645073,0.315568,4.650325,-0.953922,1.291996,0.813734,0.000000,3.000000,1.605996,-0.002970,0.004022,0.000789,-0.000094,0.000914,0.165141,0.009163,0.509055,0.621767,0.021310,0.534529,0.000000,0.450773
13.529000,3.663232,0.343655,4.640393,-0.935763,1.320083,0.803802,0.000000,3.000000,1.618108,-0.002892,0.004079,-0.000190,-0.000169,-0.000530,0.165139,0.009163,0.509054,0.621734,0.021355,0.534529,0.000000,0.463043
13.540000,3.702410,0.400083,4.642492,-0.896585,1.376511,0.805901,0.000000,3.000000,1.642756,-0.002729,0.004190,-0.000147,-0.000023,0.000064,0.165139,0.009163,0.509054,0.621704,0.021401,0.534529,0.000000,0.458005
13.551000,3.683710,0.360093,4.662742,-0.915285,1.336521,0.826151,0.000000,3.000000,1.619888,-0.002825,0.004125,-0.000340,0.000116,0.000026,0.165139,0.009162,0.509054,0.621673,0.021446,0.534529,0.000000,0.458328
13.562000,3.717074,0.396596,4.670639,-0.881921,1.373024,0.834048,0.000000,3.000000,1.631864,-0.002702,0.004207,-0.000165,0.000251,-0.000512,0.165139,0.009162,0.509054,0.621643,0.021492,0.534529,0.000000,0.462892
13.573000,3.717918,0.365405,4.630682,-0.881077,1.341833,0.794091,0.000000,3.000000,1.605245,-0.002744,0.004180,0.000249,0.000356,-0.000043,0.165139,0.009162,0.509054,0.621613,0.021538,0.534529,0.000000,0.458916
13.584000,3.654687,0.411401,4.658328,-0.944308,1.387829,0.821737,0.000000,3.000000,1.678626,-0.002813,0.004134,0.000194,0.000331,-0.000578,0.165139,0.009162,0.509050,0.621582,0.021584,0.534529,0.000000,0.463523
13.595000,3.658795,0.379434,4.670728,-0.940200,1.355862,0.834136,0.000000,3.000000,1.649951,-0.002849,0.004109,0.000153,-0.000143,0.000077,0.165139,0.009162,0.509052,0.621551,0.021629,0.534529,0.000000,0.457917
13.606000,3.713160,0.371527,4.718599,-0.885835,1.347955,0.882007,0.000000,3.000000,1.612975,-0.002746,0.004178,0.000103,-0.000416,-0.000213,0.165138,0.009160,0.509049,0.621520,0.021675,0.534529,0.000000,0.460447
13.617000,3.677233,0.396233,4.743692,-0.921762,1.372661,0.907101,0.000000,3.000000,1.653434,-0.002787,0.004151,0.000123,-0.000480,-0.000018,0.165139,0.009160,0.509049,0.621490,0.021721,0.534529,0.000000,0.458790
13.628000,3.694927,0.370720,4.740039,-0.904068,1.347148,0.903448,0.000000,3.000000,1.622389,-0.002786,0.004152,-0.000232,0.000115,0.000333,0.165138,0.009161,0.509051,0.621459,0.021766,0.534529,0.000000,0.455769
13.639000,3.646019,0.380888,4.749627,-0.952976,1.357316,0.913036,0.000000,3.000000,1.658454,-0.002873,0.004092,0.000216,0.000281,0.000660,0.165139,0.009162,0.509051,0.621428,0.021812,0.534529,0.000000,0.452997
13.650000,3.681425,0.385313,4.733812,-0.917570,1.361741,0.897221,0.000000,3.000000,1.642034,-0.002794,0.004147,-0.000244,-0.000116,-0.000192,0.165138,0.009161,0.509051,0.621397,0.021857,0.534529,0.000000,0.460238
13.661000,3.700369,0.365763,4.728892,-0.898626,1.342191,0.892301,0.000000,3.000000,1.615242,-0.002782,0.004155,0.000124,-0.000336,0.000068,0.165138,0.009160,0.509051,0.621366,0.021902,0.534529,0.000000,0.458022
13.672000,3.679821,0.399522,4.725220,-0.919175,1.375950,0.888628,0.000000,3.000000,1.654727,-0.002777,0.004158,-0.000164,-0.000379,-0.000402,0.165138,0.009159,0.509049,0.621335,0.021948,0.534529,0.000000,0.462037
13.683000,3.665625,0.426400,4.720634,-0.933370,1.402828,0.884043,0.000000,3.000000,1.684965,-0.002770,0.004163,-0.000170,0.000221,0.001489,0.165138,0.009160,0.509052,0.621305,0.021994,0.534529,0.000000,0.445944
13.694000,3.708700,0.421119,4.715465,-0.890295,1.397547,0.878873,0.000000,3.000000,1.657034,-0.002686,0.004217,-0.000300,-0.000021,0.000233,0.165138,0.009159,0.509051,0.621275,0.022040,0.534529,0.000000,0.456619
13.705000,3.685870,0.425417,4.710832,-0.913125,1.401845,0.874241,0.000000,3.000000,1.673011,-0.002729,0.004190,0.000059,-0.000069,0.000217,0.165138,0.009158,0.509050,0.621246,0.022087,0.534529,0.000000,0.456775
13.716000,3.593498,0.436769,4.743006,-1.005497,1.413197,0.906414,0.000000,3.000000,1.734402,-0.002899,0.004074,-0.000125,-0.000001,-0.000251,0.165138,0.009159,0.509051,0.621215,0.022132,0.534529,0.000000,0.460730
13.727000,3.634379,0.419963,4.738387,-0.964616,1.396391,0.901796,0.000000,3.000000,1.697171,-0.002842,0.004114,-0.000218,-0.000352,-0.000745,0.165139,0.009158,0.509049,0.621183,0.022177,0.534529,0.000000,0.464952
13.738000,3.656825,0.422491,4.706797,-0.942170,1.398919,0.870206,0.000000,3.000000,1.686612,-0.002793,0.004147,-0.000274,-0.000171,-0.000522,0.165138,0.009158,0.509048,0.621153,0.022223,0.534529,0.000000,0.463072
13.749000,3.654327,0.405840,4.714237,-0.944668,1.382268,0.877646,0.000000,3.000000,1.674235,-0.002821,0.004128,-0.000157,0.000596,0.000615,0.165138,0.009158,0.509051,0.621122,0.022269,0.534529,0.000000,0.453381
13.760000,3.697489,0.407309,4.700899,-0.901506,1.383737,0.864307,0.000000,3.000000,1.651496,-0.002729,0.004189,0.000104,-0.000134,0.000770,0.165139,0.009156,0.509052,0.621091,0.022314,0.534529,0.000000,0.452051
13.771000,3.649193,0.447048,4.710236,-0.949802,1.423476,0.873645,0.000000,3.000000,1.711259,-0.002775,0.004159,0.000291,0.000344,0.000163,0.165138,0.009157,0.509050,0.621061,0.022360,0.534529,0.000000,0.457229
13.782000,3.629411,0.409564,4.701893,-0.969584,1.385992,0.865302,0.000000,3.000000,1.691468,-0.002866,0.004097,-0.000207,0.000452,-0.000440,0.165138,0.009157,0.509050,0.621030,0.022406,0.534529,0.000000,0.462350
13.793000,3.599866,0.432066,4.665645,-0.999129,1.408495,0.829054,0.000000,3.000000,1.726881,-0.002893,0.004078,-0.000050,-0.000096,0.000079,0.165138,0.009155,0.509052,0.620999,0.022451,0.534529,0.000000,0.457908
13.804000,3.617833,0.443178,4.679856,-0.981162,1.419606,0.843264,0.000000,3.000000,1.725677,-0.002843,0.004113,0.000182,-0.000268,-0.000040,0.165138,0.009155,0.509052,0.620967,0.022496,0.534529,0.000000,0.458918
13.815000,3.641943,0.478524,4.649905,-0.957052,1.454952,0.813313,0.000000,3.000000,1.741503,-0.002748,0.004177,0.000024,0.000311,0.000139,0.165139,0.009155,0.509051,0.620936,0.022541,0.534529,0.000000,0.457415
13.826000,3.615903,0.490937,4.630540,-0.983092,1.467366,0.793948,0.000000,3.000000,1.766248,-0.002783,0.004154,-0.000173,0.000090,-0.000741,0.165138,0.009154,0.509050,0.620906,0.022587,0.534529,0.000000,0.464909
13.837000,3.649080,0.495143,4.633771,-0.949915,1.471571,0.797179,0.000000,3.000000,1.751531,-0.002712,0.004201,-0.000527,-0.000634,0.000018,0.165137,0.009152,0.509051,0.620876,0.022633,0.534529,0.000000,0.458439
13.848000,3.606204,0.504760,4.640556,-0.992791,1.481188,0.803965,0.000000,3.000000,1.783130,-0.002784,0.004153,0.000024,0.000271,-0.000294,0.165138,0.009152,0.509050,0.620846,0.022679,0.534529,0.000000,0.461113
13.859000,3.610243,0.530520,4.645420,-0.988752,1.506948,0.808829,0.000000,3.000000,1.802366,-0.002743,0.004180,-0.000327,0.000245,0.000053,0.165138,0.009150,0.509051,0.620815,0.022725,0.534529,0.000000,0.458142
13.870000,3.600403,0.518340,4.662863,-0.998593,1.494768,0.826272,0.000000,3.000000,1.797642,-0.002778,0.004158,-0.000395,-0.000186,-0.000101,0.165138,0.009148,0.509050,0.620785,0.022771,0.534529,0.000000,0.459470
13.881000,3.603220,0.550267,4.666124,-0.995775,1.526696,0.829533,0.000000,3.000000,1.822736,-0.002732,0.004188,0.000272,-0.000495,0.000442,0.165138,0.009147,0.509051,0.620755,0.022817,0.534529,0.000000,0.454856
13.892000,3.601660,0.536286,4.653591,-0.997335,1.512714,0.817000,0.000000,3.000000,1.811900,-0.002752,0.004174,-0.000059,-0.000261,-0.000083,0.165138,0.009146,0.509050,0.620724,0.022863,0.534529,0.000000,0.459312
13.903000,3.553917,0.511754,4.681688,-1.045079,1.488182,0.845097,0.000000,3.000000,1.818481,-0.002873,0.004092,0.000006,-0.000317,-0.000792,0.165138,0.009145,0.509049,0.620693,0.022908,0.534529,0.000000,0.465351
13.914000,3.529960,0.527112,4.655450,-1.069035,1.503540,0.818858,0.000000,3.000000,1.844849,-0.002897,0.004075,-0.000181,-0.000321,0.000126,0.165138,0.009144,0.509051,0.620662,0.022953,0.534529,0.000000,0.457538
13.925000,3.568758,0.511784,4.653188,-1.030237,1.488212,0.816597,0.000000,3.000000,1.810018,-0.002846,0.004111,0.000156,0.000224,-0.000080,0.165137,0.009145,0.509051,0.620630,0.022998,0.534529,0.000000,0.459270
13.936000,3.544101,0.517761,4.654665,-1.054894,1.494189,0.818074,0.000000,3.000000,1.829044,-0.002884,0.004085,0.000259,0.000405,-0.000215,0.165138,0.009145,0.509052,0.620599,0.023043,0.534529,0.000000,0.460405
13.947000,3.569978,0.514120,4.644104,-1.029017,1.490548,0.807512,0.000000,3.000000,1.811246,-0.002841,0.004115,0.000128,0.000166,0.000242,0.165138,0.009144,0.509052,0.620567,0.023088,0.534529,0.000000,0.456524
13.958000,3.605618,0.513085,4.640816,-0.993377,1.489513,0.804225,0.000000,3.000000,1.790376,-0.002774,0.004160,-0.000087,0.000382,-0.000089,0.165138,0.009143,0.509053,0.620536,0.023134,0.534529,0.000000,0.459328
13.969000,3.583317,0.497828,4.662314,-1.015678,1.474256,0.825723,0.000000,3.000000,1.790260,-0.002837,0.004117,0.000143,0.000281,-0.000104,0.165138,0.009141,0.509052,0.620505,0.023179,0.534529,0.000000,0.459456
13.980000,3.578379,0.530772,4.670344,-1.020617,1.507200,0.833753,0.000000,3.000000,1.820250,-0.002804,0.004140,0.000093,-0.000465,-0.000726,0.165138,0.009139,0.509050,0.620474,0.023224,0.534529,0.000000,0.464785
13.991000,3.577272,0.540485,4.644320,-1.021723,1.516913,0.807728,0.000000,3.000000,1.828919,-0.002793,0.004147,0.000115,-0.000116,0.000353,0.165137,0.009138,0.509052,0.620443,0.023270,0.534529,0.000000,0.455587
14.002000,3.534182,0.491779,4.610496,-1.064813,1.468207,0.773905,0.000000,3.000000,1.813687,-0.002935,0.004048,0.000122,0.000373,0.000621,0.165137,0.009138,0.509053,0.620412,0.023315,0.534529,0.000000,0.453297
14.013000,3.526516,0.548868,4.664124,-1.072479,1.525296,0.827532,0.000000,3.000000,1.864602,-0.002876,0.004090,0.000114,-0.000520,-0.000424,0.165138,0.009134,0.509048,0.620380,0.023360,0.534529,0.000000,0.462247
14.024000,3.521868,0.549617,4.700416,-1.077127,1.526045,0.863824,0.000000,3.000000,1.867891,-0.002883,0.004085,0.000075,0.000446,0.000046,0.165138,0.009135,0.509049,0.620348,0.023405,0.534529,0.000000,0.458256
14.035000,3.548744,0.552093,4.721317,-1.050251,1.528521,0.884726,0.000000,3.000000,1.854563,-0.002832,0.004121,0.000113,-0.000201,-0.000567,0.165138,0.009131,0.509049,0.620317,0.023450,0.534529,0.000000,0.463452
14.046000,3.523293,0.579052,4.736961,-1.075702,1.555480,0.900369,0.000000,3.000000,1.891204,-0.002844,0.004112,0.000029,0.000356,0.000998,0.165137,0.009129,0.509051,0.620285,0.023495,0.534529,0.000000,0.450131
14.057000,3.544060,0.582979,4.760788,-1.054935,1.559407,0.924197,0.000000,3.000000,1.882721,-0.002802,0.004141,-0.000137,-0.000508,-0.000081,0.165136,0.009125,0.509047,0.620254,0.023541,0.534529,0.000000,0.459347
14.068000,3.519075,0.618063,4.855216,-1.079920,1.594491,1.018625,0.000000,3.000000,1.925780,-0.002804,0.004140,-0.000032,-0.000541,0.000157,0.165137,0.009120,0.509045,0.620224,0.023586,0.534529,0.000000,0.457376
14.079000,3.521097,0.584802,4.903830,-1.077898,1.561230,1.067239,0.000000,3.000000,1.897183,-0.002841,0.004115,-0.000047,-0.000329,-0.000175,0.165136,0.009117,0.509043,0.620193,0.023632,0.534529,0.000000,0.460223
14.090000,3.518665,0.559621,4.935080,-1.080331,1.536049,1.098488,0.000000,3.000000,1.877914,-0.002876,0.004090,-0.000281,0.000090,-0.000364,0.165136,0.009115,0.509042,0.620161,0.023677,0.534529,0.000000,0.461840
14.101000,3.527761,0.567552,4.944877,-1.071234,1.543980,1.108286,0.000000,3.000000,1.879206,-0.002850,0.004108,-0.000003,-0.000268,-0.000762,0.165137,0.009111,0.509043,0.620130,0.023722,0.534529,0.000000,0.465215
14.112000,3.441851,0.553645,4.950257,-1.157144,1.530073,1.113665,0.000000,3.000000,1.918360,-0.003016,0.003988,0.000112,-0.000281,-0.000394,0.165136,0.009109,0.509040,0.620097,0.023766,0.534529,0.000000,0.462142
14.123000,3.557696,0.520744,4.988044,-1.041299,1.497173,1.151453,0.000000,3.000000,1.823686,-0.002855,0.004105,0.000318,-0.000198,-0.000706,0.165137,0.009108,0.509040,0.620065,0.023811,0.534529,0.000000,0.464791
14.134000,3.550806,0.517916,4.976994,-1.048189,1.494344,1.140403,0.000000,3.000000,1.825312,-0.002871,0.004093,0.000337,0.000256,0.000490,0.165136,0.009109,0.509042,0.620033,0.023856,0.534529,0.000000,0.454599
14.145000,3.520786,0.485325,4.937570,-1.078209,1.461753,1.100979,0.000000,3.000000,1.816386,-0.002968,0.004024,0.000202,-0.000212,-0.000345,0.165136,0.009108,0.509041,0.620001,0.023900,0.534529,0.000000,0.461709
14.156000,3.566955,0.483673,4.950837,-1.032040,1.460102,1.114246,0.000000,3.000000,1.788017,-0.002886,0.004083,-0.000239,-0.000024,-0.000712,0.165135,0.009108,0.509042,0.619969,0.023945,0.534529,0.000000,0.464809
14.167000,3.562479,0.468795,4.929171,-1.036516,1.445223,1.092579,0.000000,3.000000,1.778493,-0.002914,0.004063,0.000038,0.000530,0.000145,0.165136,0.009109,0.509043,0.619937,0.023990,0.534529,0.000000,0.457506
14.178000,3.557820,0.464739,4.903557,-1.041175,1.441167,1.066966,0.000000,3.000000,1.777923,-0.002928,0.004053,0.000260,0.000193,0.000021,0.165136,0.009108,0.509044,0.619905,0.024035,0.534529,0.000000,0.458540
14.189000,3.531050,0.464212,4.857164,-1.067946,1.440640,1.020572,0.000000,3.000000,1.793308,-0.002978,0.004017,0.000344,0.000101,0.000044,0.165135,0.009108,0.509045,0.619872,0.024079,0.534529,0.000000,0.458339
14.200000,3.515928,0.428896,4.843315,-1.083068,1.405324,1.006723,0.000000,3.000000,1.774252,-0.003052,0.003960,0.000158,-0.000091,-0.000018,0.165135,0.009108,0.509043,0.619839,0.024123,0.534529,0.000000,0.458896
14.211000,3.564160,0.430713,4.824543,-1.034835,1.407141,0.987951,0.000000,3.000000,1.746691,-0.002962,0.004028,0.000213,0.000148,0.000136,0.165136,0.009108,0.509043,0.619806,0.024167,0.534529,0.000000,0.457589
14.222000,3.548644,0.414364,4.831549,-1.050352,1.390792,0.994958,0.000000,3.000000,1.742854,-0.003013,0.003990,0.000097,0.000132,-0.000237,0.165136,0.009108,0.509044,0.619773,0.024211,0.534529,0.000000,0.460743
14.233000,3.544948,0.403350,4.824256,-1.054047,1.379779,0.987664,0.000000,3.000000,1.736319,-0.003035,0.003973,0.000210,-0.000184,-0.000808,0.165136,0.009109,0.509041,0.619740,0.024255,0.534529,0.000000,0.465642
14.244000,3.455585,0.432926,4.820856,-1.143410,1.409354,0.984264,0.000000,3.000000,1.814846,-0.003150,0.003883,0.000154,0.000049,-0.000450,0.165136,0.009109,0.509039,0.619706,0.024298,0.534529,0.000000,0.462628
14.255000,3.516248,0.423723,4.867885,-1.082747,1.400151,1.031294,0.000000,3.000000,1.769962,-0.003059,0.003955,-0.000136,0.000011,-0.000135,0.165136,0.009108,0.509039,0.619672,0.024341,0.534529,0.000000,0.459957
14.266000,3.548163,0.448292,4.901787,-1.050832,1.424720,1.065196,0.000000,3.000000,1.770332,-0.002968,0.004024,-0.000682,-0.000163,0.000132,0.165135,0.009107,0.509040,0.619639,0.024385,0.534529,0.000000,0.457676
14.277000,3.527237,0.472353,4.894881,-1.071758,1.448781,1.058289,0.000000,3.000000,1.802119,-0.002974,0.004020,0.000388,0.000217,0.000546,0.165136,0.009106,0.509039,0.619606,0.024429,0.534529,0.000000,0.454177
14.288000,3.537877,0.504874,4.954560,-1.061118,1.481302,1.117968,0.000000,3.000000,1.822149,-0.002912,0.004065,-0.000133,-0.000370,-0.000218,0.165134,0.009103,0.509038,0.619574,0.024474,0.534529,0.000000,0.460678
14.299000,3.550909,0.527484,4.975666,-1.048086,1.503912,1.139075,0.000000,3.000000,1.833095,-0.002859,0.004102,-0.000120,-0.000591,0.000050,0.165135,0.009101,0.509035,0.619542,0.024519,0.534529,0.000000,0.458452
14.310000,3.581756,0.582193,4.998955,-1.017239,1.558621,1.162364,0.000000,3.000000,1.861202,-0.002733,0.004187,-0.000044,-0.000393,-0.000120,0.165135,0.009100,0.509036,0.619512,0.024564,0.534529,0.000000,0.459886
14.321000,3.558124,0.572763,5.010743,-1.040871,1.549191,1.174152,0.000000,3.000000,1.866388,-0.002788,0.004150,-0.000008,-0.000330,0.000169,0.165134,0.009098,0.509036,0.619481,0.024610,0.534529,0.000000,0.457434
14.332000,3.533923,0.551461,5.000457,-1.065072,1.527889,1.163865,0.000000,3.000000,1.862478,-0.002859,0.004102,0.000003,-0.000100,-0.000365,0.165135,0.009096,0.509036,0.619450,0.024656,0.534529,0.000000,0.461973
14.343000,3.553938,0.584663,4.999289,-1.045057,1.561091,1.162698,0.000000,3.000000,1.878604,-0.002781,0.004155,0.000410,-0.000047,0.000475,0.165135,0.009093,0.509035,0.619420,0.024701,0.534529,0.000000,0.454862
