time,raw_fx,raw_fy,raw_fz,corrected_fx,corrected_fy,corrected_fz,contact_force,target_force,force_xy_norm,v_des_x,v_des_y,v_x,v_y,z_dot,x,y,z,x_d,y_d,z_d,z_offset,f_z
0.000000,0.789349,-0.490117,0.943046,-0.801043,0.084512,-0.102035,0.102035,3.000000,0.805489,0.000000,0.000000,0.000040,-0.000516,0.000817,0.489458,-0.023972,0.518533,0.489455,-0.023968,0.518535,0.000000,-0.006897
0.010000,0.898777,-0.559691,0.832770,-0.691615,0.014937,-0.212311,0.212311,3.000000,0.691776,0.000000,0.000000,-0.000315,0.000735,0.002141,0.489456,-0.023966,0.518551,0.489455,-0.023968,0.518535,0.000000,-0.018449
0.020000,1.135735,-0.540838,0.482707,-0.454657,0.033790,-0.562374,0.562374,3.000000,0.455911,0.000000,0.000000,0.000113,-0.000249,0.003680,0.489454,-0.023967,0.518581,0.489455,-0.023968,0.518535,0.000000,-0.032055
0.030000,1.227894,-0.591192,0.206552,-0.362498,-0.016563,-0.838529,0.838529,3.000000,0.362876,0.000000,0.000000,-0.000397,0.001612,0.002331,0.489451,-0.023955,0.518611,0.489455,-0.023968,0.518535,0.000000,-0.021133
0.040000,1.240776,-0.683802,0.010362,-0.349616,-0.109174,-1.034719,1.034719,3.000000,0.366265,0.000000,0.000000,-0.000598,0.001396,0.003184,0.489446,-0.023946,0.518638,0.489455,-0.023968,0.518495,-0.000040,-0.029577
0.050000,1.553799,-0.738283,-0.205318,-0.036593,-0.163655,-1.250399,1.250399,3.000000,0.167696,0.000000,0.000000,-0.001431,-0.000427,0.002978,0.489434,-0.023935,0.518665,0.489455,-0.023968,0.518295,-0.000240,-0.031928
0.060000,1.984414,-0.762683,-0.324270,0.394022,-0.188055,-1.369350,1.369350,3.000000,0.436598,0.000000,0.000000,-0.001863,0.001329,0.004285,0.489417,-0.023925,0.518712,0.489455,-0.023968,0.518095,-0.000440,-0.047472
0.070000,2.300981,-0.835901,-0.445716,0.710589,-0.261273,-1.490797,1.490797,3.000000,0.757100,0.000000,0.000000,-0.001696,-0.000031,0.005867,0.489400,-0.023929,0.518775,0.489455,-0.023968,0.517895,-0.000640,-0.065616
0.080000,2.281503,-0.826582,-0.486641,0.691111,-0.251953,-1.531722,1.531722,3.000000,0.735605,0.000000,0.000000,-0.001482,-0.000018,0.006194,0.489383,-0.023930,0.518832,0.489455,-0.023968,0.517695,-0.000840,-0.073012
0.090000,1.968504,-0.785794,-0.417554,0.378112,-0.211166,-1.462635,1.462635,3.000000,0.433081,0.000000,0.000000,-0.000972,-0.000150,0.003439,0.489372,-0.023931,0.518876,0.489455,-0.023968,0.517495,-0.001040,-0.054042
0.100000,1.533600,-0.737888,-0.222196,-0.056792,-0.163259,-1.267277,1.267277,3.000000,0.172855,0.000000,0.000000,-0.000007,-0.000088,0.001388,0.489370,-0.023937,0.518899,0.489455,-0.023968,0.517295,-0.001240,-0.040645
0.110000,1.326484,-0.674864,-0.096232,-0.263908,-0.100236,-1.141313,1.141313,3.000000,0.282302,0.000000,0.000000,0.000217,0.000985,0.000479,0.489370,-0.023942,0.518910,0.489455,-0.023968,0.517095,-0.001440,-0.036727
0.120000,1.304859,-0.685482,0.067364,-0.285533,-0.110854,-0.977717,0.977717,3.000000,0.306297,0.000000,0.000000,-0.000473,0.000118,-0.000668,0.489369,-0.023944,0.518906,0.489455,-0.023968,0.516935,-0.001600,-0.029804
0.131000,1.461116,-0.627565,0.174565,-0.129277,-0.052937,-0.870516,0.870516,3.000000,0.139695,0.000000,0.000000,-0.000261,-0.000921,-0.000308,0.489368,-0.023946,0.518897,0.489455,-0.023968,0.516935,-0.001600,-0.032692
0.141000,1.627933,-0.630225,0.307982,0.037541,-0.055597,-0.737099,0.737099,3.000000,0.067085,0.000000,0.000000,-0.000127,-0.001276,-0.001999,0.489368,-0.023943,0.518883,0.489455,-0.023968,0.516935,-0.001600,-0.018098
0.151000,1.731042,-0.614599,0.427527,0.140650,-0.039970,-0.617554,0.617554,3.000000,0.146219,0.000000,0.000000,0.000990,-0.000076,-0.000674,0.489372,-0.023943,0.518872,0.489455,-0.023968,0.516935,-0.001600,-0.029147
0.161000,1.738152,-0.607733,0.594455,0.147760,-0.033104,-0.450626,0.450626,3.000000,0.151423,0.000000,0.000000,-0.000027,0.001043,-0.001551,0.489374,-0.023941,0.518856,0.489455,-0.023968,0.516935,-0.001600,-0.021409
0.171000,1.567962,-0.565079,0.769213,-0.022430,0.009549,-0.275868,0.275868,3.000000,0.024378,0.000000,0.000000,0.000474,-0.000376,-0.002484,0.489380,-0.023942,0.518832,0.489455,-0.023968,0.516935,-0.001600,-0.013059
0.181000,1.403731,-0.464692,0.893387,-0.186661,0.109937,-0.151694,0.151694,3.000000,0.216630,0.000000,0.000000,0.000109,-0.001801,-0.001712,0.489381,-0.023948,0.518813,0.489455,-0.023968,0.516935,-0.001600,-0.019268
0.191000,1.226497,-0.491345,1.047194,-0.363895,0.083283,0.002113,0.000000,3.000000,0.373304,0.000000,0.000000,-0.000078,-0.000256,-0.001109,0.489379,-0.023947,0.518792,0.489455,-0.023968,0.516935,-0.001600,-0.024016
0.201000,1.224638,-0.537999,1.142534,-0.365754,0.036630,0.097453,0.000000,3.000000,0.367584,0.000000,0.000000,-0.000163,0.000079,-0.000639,0.489378,-0.023950,0.518785,0.489455,-0.023968,0.516935,-0.001600,-0.027878
0.211000,1.253659,-0.578033,1.205162,-0.336733,-0.003405,0.160081,0.000000,3.000000,0.336751,0.000000,0.000000,0.000233,0.000563,0.000186,0.489377,-0.023947,0.518788,0.489455,-0.023968,0.516935,-0.001600,-0.034923
0.221000,1.181536,-0.599372,1.224960,-0.408856,-0.024744,0.179879,0.000000,3.000000,0.409604,0.000000,0.000000,-0.000077,-0.000315,0.002179,0.489377,-0.023947,0.518799,0.489455,-0.023968,0.516935,-0.001600,-0.052037
0.231000,1.123704,-0.496840,1.125288,-0.466688,0.077788,0.080207,0.000000,3.000000,0.473127,0.000000,0.000000,0.000438,0.000329,0.002435,0.489377,-0.023942,0.518813,0.489455,-0.023968,0.516935,-0.001600,-0.054454
0.241000,1.105864,-0.474864,1.041890,-0.484528,0.099764,-0.003191,0.003191,3.000000,0.494692,0.000000,0.000000,0.000076,-0.000350,0.002263,0.489374,-0.023944,0.518825,0.489455,-0.023968,0.516935,-0.001600,-0.053220
0.252000,1.154778,-0.495288,1.030255,-0.435614,0.079340,-0.014826,0.014826,3.000000,0.442780,0.000000,0.000000,-0.000943,-0.000427,0.001279,0.489368,-0.023946,0.518834,0.489455,-0.023968,0.516935,-0.001600,-0.045023
0.262000,1.333984,-0.506908,0.996386,-0.256408,0.067721,-0.048695,0.048695,3.000000,0.265200,0.000000,0.000000,0.000245,-0.000484,0.001530,0.489369,-0.023945,0.518840,0.489455,-0.023968,0.516935,-0.001600,-0.047270
0.272000,1.418881,-0.433145,1.028938,-0.171511,0.141483,-0.016142,0.016142,3.000000,0.222336,0.000000,0.000000,0.000012,-0.001017,-0.000373,0.489367,-0.023953,0.518837,0.489455,-0.023968,0.516935,-0.001600,-0.031060
0.282000,1.544991,-0.482583,1.069239,-0.045401,0.092045,0.024158,0.000000,3.000000,0.102633,0.000000,0.000000,-0.000288,0.000714,0.001062,0.489366,-0.023955,0.518840,0.489455,-0.023968,0.516935,-0.001600,-0.043292
0.292000,1.687205,-0.442206,1.029987,0.096813,0.132422,-0.015094,0.015094,3.000000,0.164038,0.000000,0.000000,0.000155,0.000543,-0.000282,0.489367,-0.023957,0.518835,0.489455,-0.023968,0.516935,-0.001600,-0.031799
0.302000,1.722154,-0.415099,1.057588,0.131761,0.159529,0.012508,0.000000,3.000000,0.206907,0.000000,0.000000,-0.000093,-0.001386,-0.000850,0.489367,-0.023960,0.518830,0.489455,-0.023968,0.516935,-0.001600,-0.026889
0.312000,1.770216,-0.405158,1.072946,0.179824,0.169470,0.027865,0.000000,3.000000,0.247097,0.000000,0.000000,-0.000056,-0.000367,-0.001041,0.489368,-0.023959,0.518821,0.489455,-0.023968,0.516935,-0.001600,-0.025117
0.322000,1.724381,-0.442605,1.162184,0.133989,0.132023,0.117103,0.000000,3.000000,0.188104,0.000000,0.000000,-0.000033,-0.000073,-0.001372,0.489369,-0.023956,0.518811,0.489455,-0.023968,0.516935,-0.001600,-0.022122
0.332000,1.757523,-0.432087,1.237235,0.167131,0.142542,0.192154,0.000000,3.000000,0.219661,0.000000,0.000000,-0.000305,-0.000508,-0.002144,0.489370,-0.023957,0.518794,0.489455,-0.023968,0.516935,-0.001600,-0.015257
0.342000,1.700859,-0.398476,1.376547,0.110466,0.176152,0.331466,0.000000,3.000000,0.207924,0.000000,0.000000,-0.000395,-0.000110,-0.001066,0.489368,-0.023954,0.518783,0.489455,-0.023968,0.516935,-0.001600,-0.024211
0.352000,1.732683,-0.381992,1.433959,0.142291,0.192637,0.388878,0.000000,3.000000,0.239490,0.000000,0.000000,-0.000352,0.000350,-0.000736,0.489366,-0.023954,0.518774,0.489455,-0.023968,0.516935,-0.001600,-0.026842
0.362000,1.649290,-0.407716,1.456150,0.058898,0.166912,0.411069,0.000000,3.000000,0.176999,0.000000,0.000000,-0.000074,-0.000081,-0.001493,0.489362,-0.023957,0.518761,0.489455,-0.023968,0.516935,-0.001600,-0.020200
0.372000,1.408592,-0.390906,1.415199,-0.181800,0.183723,0.370118,0.000000,3.000000,0.258467,0.000000,0.000000,-0.000295,-0.000236,-0.001005,0.489357,-0.023954,0.518749,0.489455,-0.023968,0.516935,-0.001600,-0.024123
0.382000,1.481005,-0.430881,1.402437,-0.109387,0.143747,0.357356,0.000000,3.000000,0.180634,0.000000,0.000000,0.000002,-0.000194,0.000471,0.489355,-0.023953,0.518748,0.489455,-0.023968,0.516935,-0.001600,-0.036625
0.392000,1.583522,-0.533843,1.348460,-0.006871,0.040786,0.303379,0.000000,3.000000,0.041360,0.000000,0.000000,0.000494,0.001363,0.000223,0.489356,-0.023943,0.518751,0.489455,-0.023968,0.516935,-0.001600,-0.034566
0.402000,1.604382,-0.508673,1.311419,0.013989,0.065956,0.266338,0.000000,3.000000,0.067423,0.000000,0.000000,0.000446,0.001012,0.000142,0.489355,-0.023941,0.518763,0.489455,-0.023968,0.516935,-0.001600,-0.034102
0.412000,1.599959,-0.491816,1.287908,0.009567,0.082812,0.242827,0.000000,3.000000,0.083363,0.000000,0.000000,-0.000246,0.000316,0.000342,0.489352,-0.023942,0.518777,0.489455,-0.023968,0.516935,-0.001600,-0.036046
0.422000,1.614015,-0.542918,1.206996,0.023623,0.031710,0.161915,0.000000,3.000000,0.039542,0.000000,0.000000,-0.000507,-0.000230,0.001192,0.489351,-0.023945,0.518787,0.489455,-0.023968,0.516935,-0.001600,-0.043451
0.432000,1.615775,-0.523388,1.159835,0.025383,0.051241,0.114754,0.000000,3.000000,0.057183,0.000000,0.000000,0.000003,-0.000005,0.001660,0.489351,-0.023944,0.518788,0.489455,-0.023968,0.516935,-0.001600,-0.047439
0.442000,1.733426,-0.479758,1.077823,0.143034,0.094870,0.032742,0.000000,3.000000,0.171636,0.000000,0.000000,-0.000372,-0.000367,0.000863,0.489349,-0.023950,0.518788,0.489455,-0.023968,0.516935,-0.001600,-0.040670
0.452000,1.813283,-0.466406,1.051303,0.222891,0.108222,0.006222,0.000000,3.000000,0.247775,0.000000,0.000000,-0.000193,-0.000810,-0.000071,0.489349,-0.023952,0.518789,0.489455,-0.023968,0.516935,-0.001600,-0.032773
0.462000,1.874850,-0.507637,1.035221,0.284458,0.066991,-0.009859,0.009859,3.000000,0.292240,0.000000,0.000000,-0.000096,-0.000778,-0.000631,0.489349,-0.023949,0.518787,0.489455,-0.023968,0.516935,-0.001600,-0.027979
0.472000,1.921031,-0.488886,1.026128,0.330638,0.085742,-0.018953,0.018953,3.000000,0.341575,0.000000,0.000000,-0.000200,0.000298,-0.001167,0.489350,-0.023944,0.518787,0.489455,-0.023968,0.516935,-0.001600,-0.023420
0.482000,1.962571,-0.520913,1.009499,0.372179,0.053715,-0.035582,0.035582,3.000000,0.376035,0.000000,0.000000,0.000247,0.000727,-0.000943,0.489351,-0.023942,0.518784,0.489455,-0.023968,0.516935,-0.001600,-0.025280
0.492000,2.085522,-0.586397,0.950125,0.495130,-0.011769,-0.094956,0.094956,3.000000,0.495270,0.000000,0.000000,0.000059,0.000726,0.000492,0.489350,-0.023942,0.518787,0.489455,-0.023968,0.516935,-0.001600,-0.037517
0.503000,2.162171,-0.552905,0.941111,0.571779,0.021723,-0.103970,0.103970,3.000000,0.572191,0.000000,0.000000,0.000094,-0.001879,-0.000325,0.489350,-0.023947,0.518784,0.489455,-0.023968,0.516935,-0.001600,-0.030513
0.513000,2.139121,-0.526141,0.989420,0.548728,0.048487,-0.055661,0.055661,3.000000,0.550866,0.000000,0.000000,-0.000304,-0.000419,0.000056,0.489349,-0.023946,0.518782,0.489455,-0.023968,0.516935,-0.001600,-0.033716
0.523000,2.212785,-0.516298,1.043819,0.622393,0.058330,-0.001262,0.001262,3.000000,0.625121,0.000000,0.000000,-0.000047,-0.000612,0.000496,0.489348,-0.023950,0.518780,0.489455,-0.023968,0.516935,-0.001600,-0.037418
0.533000,2.243615,-0.541742,1.210446,0.653223,0.032886,0.165365,0.000000,3.000000,0.654051,0.000000,0.000000,-0.000505,-0.000082,-0.000238,0.489345,-0.023952,0.518773,0.489455,-0.023968,0.516935,-0.001600,-0.031066
0.543000,2.453062,-0.506580,1.319801,0.862670,0.068049,0.274720,0.000000,3.000000,0.865349,0.000000,0.000000,-0.000580,-0.000461,0.000461,0.489343,-0.023957,0.518767,0.489455,-0.023968,0.516935,-0.001600,-0.036883
0.553000,2.667544,-0.505428,1.434077,1.077152,0.069200,0.388996,0.000000,3.000000,1.079373,0.004990,0.000321,-0.000005,0.001362,-0.000507,0.489343,-0.023954,0.518764,0.489485,-0.023966,0.516935,-0.001600,-0.028626
0.563000,2.747434,-0.457425,1.594709,1.157042,0.117203,0.549628,0.000000,3.000000,1.162963,0.004975,0.000504,-0.000616,0.000061,-0.001075,0.489340,-0.023957,0.518758,0.489535,-0.023963,0.516935,-0.001600,-0.023689
0.573000,2.969318,-0.415775,1.716566,1.378926,0.158853,0.671485,0.000000,3.000000,1.388045,0.004967,0.000572,-0.000071,-0.000746,-0.000980,0.489339,-0.023962,0.518754,0.489584,-0.023957,0.516935,-0.001600,-0.024430
0.583000,3.071285,-0.408416,1.888376,1.480893,0.166212,0.843295,0.000000,3.000000,1.490192,0.004969,0.000558,-0.000571,-0.000285,-0.001469,0.489335,-0.023964,0.518745,0.489634,-0.023952,0.516935,-0.001600,-0.020105
0.593000,3.188734,-0.426082,2.025702,1.598341,0.148546,0.980621,0.000000,3.000000,1.605229,0.004979,0.000463,-0.000453,-0.000690,-0.000614,0.489331,-0.023966,0.518737,0.489684,-0.023947,0.516935,-0.001600,-0.027232
0.603000,3.271139,-0.429024,2.102571,1.680747,0.145604,1.057490,0.000000,3.000000,1.687042,0.004981,0.000432,-0.000573,0.000604,-0.001421,0.489326,-0.023965,0.518723,0.489734,-0.023942,0.516935,-0.001600,-0.020122
0.613000,3.273547,-0.329808,2.161228,1.683155,0.244821,1.116148,0.000000,3.000000,1.700867,0.004948,0.000720,-0.001068,0.000230,-0.002433,0.489319,-0.023966,0.518701,0.489783,-0.023936,0.516935,-0.001600,-0.011141
0.623000,3.371960,-0.357033,2.212268,1.781568,0.217596,1.167187,0.000000,3.000000,1.794807,0.004963,0.000606,-0.000795,0.000975,-0.003002,0.489311,-0.023964,0.518676,0.489833,-0.023929,0.516935,-0.001600,-0.005864
0.633000,3.462367,-0.402263,2.226124,1.871975,0.172366,1.181043,0.000000,3.000000,1.879893,0.004979,0.000458,-0.001100,0.000281,-0.002596,0.489302,-0.023964,0.518653,0.489883,-0.023924,0.516935,-0.001600,-0.008890
0.643000,3.523540,-0.343055,2.162243,1.933148,0.231573,1.117162,0.000000,3.000000,1.946968,0.004965,0.000595,-0.000984,0.000690,-0.002311,0.489295,-0.023962,0.518631,0.489932,-0.023919,0.516935,-0.001600,-0.010903
0.653000,3.655476,-0.370492,2.045749,2.065084,0.204136,1.000669,0.000000,3.000000,2.075149,0.004976,0.000492,-0.000623,0.000595,-0.001077,0.489288,-0.023960,0.518616,0.489982,-0.023913,0.516935,-0.001600,-0.021124
0.663000,3.708982,-0.439559,1.981946,2.118590,0.135070,0.936865,0.000000,3.000000,2.122891,0.004990,0.000318,-0.000274,0.000875,-0.001327,0.489283,-0.023953,0.518607,0.490032,-0.023909,0.516935,-0.001600,-0.018840
0.673000,3.725845,-0.474000,1.899968,2.135453,0.100628,0.854887,0.000000,3.000000,2.137823,0.004994,0.000235,-0.000493,0.000923,-0.000917,0.489279,-0.023943,0.518603,0.490082,-0.023906,0.516935,-0.001600,-0.022242
0.683000,3.786492,-0.600262,1.869739,2.196100,-0.025633,0.824658,0.000000,3.000000,2.196250,0.005000,-0.000058,-0.000237,0.001625,0.000172,0.489278,-0.023927,0.518606,0.490132,-0.023905,0.516935,-0.001600,-0.031534
0.693000,3.845503,-0.660790,1.823693,2.255111,-0.086162,0.778612,0.000000,3.000000,2.256757,0.004996,-0.000191,0.000423,0.002784,0.000221,0.489279,-0.023912,0.518609,0.490182,-0.023907,0.516935,-0.001600,-0.032007
0.703000,3.883193,-0.705376,1.806394,2.292801,-0.130747,0.761313,0.000000,3.000000,2.296526,0.004992,-0.000285,-0.000311,0.000718,0.000244,0.489276,-0.023907,0.518612,0.490232,-0.023910,0.516935,-0.001600,-0.032258
0.713000,3.963709,-0.774696,1.739223,2.373317,-0.200067,0.694142,0.000000,3.000000,2.381735,0.004982,-0.000420,-0.000172,-0.000530,0.001338,0.489275,-0.023907,0.518617,0.490281,-0.023913,0.516935,-0.001600,-0.041624
0.723000,4.052099,-0.803426,1.692490,2.461707,-0.228798,0.647409,0.000000,3.000000,2.472316,0.004979,-0.000463,-0.000490,-0.000443,0.000122,0.489274,-0.023909,0.518616,0.490331,-0.023917,0.516935,-0.001600,-0.031290
0.733000,4.056108,-0.877239,1.746906,2.465716,-0.302611,0.701825,0.000000,3.000000,2.484216,0.004963,-0.000609,0.000109,0.000152,-0.000561,0.489273,-0.023910,0.518613,0.490381,-0.023923,0.516935,-0.001600,-0.025443
0.743000,4.110477,-0.898162,1.790388,2.520085,-0.323534,0.745308,0.000000,3.000000,2.540768,0.004959,-0.000637,-0.000126,-0.000118,-0.001069,0.489272,-0.023912,0.518613,0.490431,-0.023929,0.516935,-0.001600,-0.021118
0.753000,4.162933,-0.871404,1.739987,2.572541,-0.296775,0.694906,0.000000,3.000000,2.589602,0.004967,-0.000573,-0.000212,-0.000790,0.000492,0.489271,-0.023918,0.518616,0.490480,-0.023935,0.516935,-0.001600,-0.034424
0.763000,4.283966,-0.895493,1.679283,2.693574,-0.320865,0.634202,0.000000,3.000000,2.712617,0.004965,-0.000591,-0.000347,0.000293,0.000268,0.489270,-0.023916,0.518618,0.490530,-0.023941,0.516935,-0.001600,-0.032553
0.773000,4.281522,-0.952675,1.695761,2.691130,-0.378046,0.650680,0.000000,3.000000,2.717554,0.004951,-0.000696,-0.000415,-0.000012,0.000059,0.489268,-0.023920,0.518619,0.490579,-0.023948,0.516935,-0.001600,-0.030810
0.783000,4.337231,-0.926787,1.755554,2.746839,-0.352159,0.710474,0.000000,3.000000,2.769321,0.004959,-0.000636,-0.000699,0.001417,-0.000161,0.489264,-0.023917,0.518613,0.490629,-0.023954,0.516935,-0.001600,-0.028824
0.793000,4.446832,-0.880897,1.806615,2.856440,-0.306268,0.761534,0.000000,3.000000,2.872812,0.004972,-0.000533,-0.000893,-0.000353,-0.000880,0.489258,-0.023922,0.518602,0.490679,-0.023960,0.516935,-0.001600,-0.022538
0.803000,4.604024,-0.870359,1.897457,3.013631,-0.295731,0.852377,0.000000,3.000000,3.028107,0.004976,-0.000488,-0.002733,-0.000105,-0.002160,0.489239,-0.023922,0.518586,0.490728,-0.023965,0.516935,-0.001600,-0.011387
0.813000,4.764945,-0.819157,2.034425,3.174553,-0.244528,0.989344,0.000000,3.000000,3.183957,0.004985,-0.000384,-0.006910,-0.000617,-0.004325,0.489173,-0.023926,0.518549,0.490778,-0.023969,0.516935,-0.001600,0.007656
0.823000,4.843472,-0.763436,2.158738,3.253079,-0.188808,1.113657,0.000000,3.000000,3.258554,0.004992,-0.000290,-0.007688,-0.000056,-0.004629,0.489100,-0.023925,0.518504,0.490828,-0.023973,0.516935,-0.001600,0.011037
0.833000,4.978046,-0.788831,2.288262,3.387653,-0.214203,1.243181,0.000000,3.000000,3.394419,0.004990,-0.000316,-0.008985,0.001931,-0.006582,0.489015,-0.023915,0.518443,0.490878,-0.023976,0.516935,-0.001600,0.028698
0.843000,5.069081,-0.805938,2.458983,3.478689,-0.231310,1.413902,0.000000,3.000000,3.486371,0.004989,-0.000332,-0.008506,-0.000451,-0.006529,0.488929,-0.023912,0.518374,0.490928,-0.023979,0.516935,-0.001600,0.029504
0.853000,5.143815,-0.759958,2.540022,3.553423,-0.185330,1.494941,0.000000,3.000000,3.558252,0.004993,-0.000260,-0.008391,0.001353,-0.007970,0.488841,-0.023896,0.518295,0.490978,-0.023982,0.516935,-0.001600,0.043144
0.863000,5.141949,-0.713664,2.629870,3.551557,-0.139035,1.584789,0.000000,3.000000,3.554278,0.004996,-0.000196,-0.008438,0.001165,-0.008192,0.488754,-0.023889,0.518208,0.491028,-0.023984,0.516935,-0.001600,0.046614
0.873000,5.240525,-0.740876,2.684858,3.650133,-0.166248,1.639778,0.000000,3.000000,3.653917,0.004995,-0.000227,-0.008992,0.001855,-0.009528,0.488668,-0.023878,0.518112,0.491078,-0.023986,0.516935,-0.001600,0.059661
0.883000,5.264381,-0.726446,2.784350,3.673989,-0.151817,1.739269,0.000000,3.000000,3.677125,0.004996,-0.000206,-0.007982,0.000392,-0.010680,0.488583,-0.023871,0.518008,0.491128,-0.023988,0.516935,-0.001600,0.071316
0.893000,5.340256,-0.639453,2.848299,3.749864,-0.064825,1.803218,0.000000,3.000000,3.750424,0.004999,-0.000086,-0.008856,0.000217,-0.011120,0.488494,-0.023869,0.517902,0.491178,-0.023990,0.516935,-0.001600,0.076959
0.903000,5.588463,-0.650504,2.855159,3.998071,-0.075876,1.810078,0.000000,3.000000,3.998791,0.004999,-0.000095,-0.008884,-0.000160,-0.011546,0.488407,-0.023872,0.517784,0.491228,-0.023990,0.516935,-0.001600,0.082694
0.913000,5.764740,-0.603466,2.952749,4.174347,-0.028837,1.907668,0.000000,3.000000,4.174447,0.005000,-0.000035,-0.008306,-0.000964,-0.011364,0.488322,-0.023873,0.517665,0.491278,-0.023991,0.516935,-0.001600,0.083283
0.923000,6.121967,-0.546609,2.900760,4.531575,0.028020,1.855680,0.000000,3.000000,4.531661,0.005000,0.000031,-0.009470,0.000720,-0.010838,0.488234,-0.023869,0.517551,0.491328,-0.023991,0.516935,-0.001600,0.080877
0.933000,6.399850,-0.503058,2.915078,4.809458,0.071570,1.869997,0.000000,3.000000,4.809990,0.004999,0.000074,-0.009301,0.000315,-0.011790,0.488139,-0.023873,0.517428,0.491378,-0.023990,0.516935,-0.001600,0.091167
0.943000,6.478280,-0.477560,2.947324,4.887888,0.097068,1.902243,0.000000,3.000000,4.888852,0.004999,0.000099,-0.009458,-0.000113,-0.012529,0.488044,-0.023876,0.517305,0.491428,-0.023990,0.516935,-0.001600,0.099652
0.953000,6.343449,-0.349382,3.093476,4.753056,0.225246,2.048396,0.000000,3.000000,4.758391,0.004994,0.000237,-0.009357,-0.000719,-0.014004,0.487950,-0.023887,0.517165,0.491478,-0.023988,0.516935,-0.001600,0.114691
0.963000,6.419004,-0.208998,3.120303,4.828612,0.365630,2.075222,0.000000,3.000000,4.842436,0.004986,0.000378,-0.009601,-0.002556,-0.012974,0.487855,-0.023908,0.517028,0.491527,-0.023985,0.516935,-0.001600,0.108421
0.973000,6.543236,-0.107729,3.149131,4.952844,0.466899,2.104050,0.000000,3.000000,4.974802,0.004978,0.000469,-0.009863,-0.003531,-0.013711,0.487756,-0.023942,0.516885,0.491577,-0.023980,0.516935,-0.001600,0.117251
0.983000,6.775430,-0.178834,3.112845,5.185038,0.395795,2.067764,0.000000,3.000000,5.200122,0.004985,0.000381,-0.010557,-0.003218,-0.013779,0.487650,-0.023970,0.516746,0.491627,-0.023976,0.516935,-0.001600,0.120331
0.993000,7.033803,-0.225836,3.108067,5.443411,0.348792,2.062986,0.000000,3.000000,5.454574,0.004990,0.000320,-0.011793,-0.003216,-0.014521,0.487536,-0.024000,0.516611,0.491677,-0.023973,0.516935,-0.001600,0.129060
1.004000,7.233308,-0.153294,3.059038,5.642915,0.421334,2.013958,0.000000,3.000000,5.658623,0.004986,0.000372,-0.012306,-0.004504,-0.013109,0.487408,-0.024044,0.516467,0.491732,-0.023969,0.516935,-0.001600,0.119660
1.015000,7.298574,-0.128397,3.134380,5.708182,0.446231,2.089300,0.000000,3.000000,5.725597,0.004985,0.000390,-0.012416,-0.004959,-0.015604,0.487270,-0.024095,0.516300,0.491787,-0.023964,0.516935,-0.001600,0.143845
1.026000,7.478763,-0.172483,3.154048,5.888371,0.402145,2.108968,0.000000,3.000000,5.902087,0.004988,0.000341,-0.013748,-0.005035,-0.013308,0.487121,-0.024142,0.516146,0.491842,-0.023960,0.516935,-0.001600,0.127130
1.037000,7.618434,-0.190379,3.199783,6.028042,0.384250,2.154702,0.000000,3.000000,6.040277,0.004990,0.000318,-0.014793,-0.004572,-0.015267,0.486961,-0.024190,0.515976,0.491896,-0.023957,0.516935,-0.001600,0.146815
1.048000,7.725388,-0.187366,3.179191,6.134996,0.387262,2.134110,0.000000,3.000000,6.147206,0.004990,0.000315,-0.014717,-0.005484,-0.013294,0.486801,-0.024248,0.515823,0.491951,-0.023953,0.516935,-0.001600,0.132831
1.059000,7.855139,-0.078151,3.091532,6.264747,0.496478,2.046451,0.000000,3.000000,6.284389,0.004984,0.000395,-0.014753,-0.005845,-0.010621,0.486638,-0.024316,0.515698,0.492006,-0.023949,0.516935,-0.001600,0.112392
1.070000,8.140469,0.014311,2.906162,6.550077,0.588939,1.861081,0.000000,3.000000,6.576500,0.004980,0.000448,-0.014769,-0.007042,-0.007249,0.486473,-0.024400,0.515611,0.492061,-0.023945,0.516935,-0.001600,0.085340
1.081000,8.250448,0.035699,2.825060,6.660056,0.610328,1.779979,0.000000,3.000000,6.687963,0.004979,0.000456,-0.015579,-0.007417,-0.005927,0.486304,-0.024485,0.515547,0.492116,-0.023940,0.516935,-0.001600,0.075278
1.092000,8.163121,0.175545,2.815895,6.572729,0.750173,1.770815,0.000000,3.000000,6.615401,0.004968,0.000567,-0.015871,-0.008947,-0.004326,0.486134,-0.024581,0.515503,0.492170,-0.023934,0.516935,-0.001600,0.062486
1.103000,8.072385,0.361048,2.706241,6.481993,0.935676,1.661160,0.000000,3.000000,6.549177,0.004949,0.000714,-0.016658,-0.010976,-0.001886,0.485954,-0.024699,0.515482,0.492225,-0.023927,0.516935,-0.001600,0.042166
1.114000,7.873464,0.421181,2.748410,6.283072,0.995810,1.703329,0.000000,3.000000,6.361496,0.004938,0.000783,-0.016006,-0.011576,0.001294,0.485776,-0.024822,0.515482,0.492279,-0.023919,0.516935,-0.001600,0.015180
1.125000,7.975535,0.392268,2.692678,6.385142,0.966896,1.647597,0.000000,3.000000,6.457936,0.004944,0.000749,-0.016676,-0.010962,0.004875,0.485594,-0.024944,0.515519,0.492334,-0.023910,0.516935,-0.001600,-0.015878
1.136000,8.219661,0.257603,2.682716,6.629269,0.832231,1.637635,0.000000,3.000000,6.681303,0.004961,0.000623,-0.016536,-0.011489,0.007700,0.485414,-0.025065,0.515597,0.492388,-0.023903,0.516935,-0.001600,-0.041250
1.147000,8.342051,0.198229,2.709396,6.751658,0.772858,1.664315,0.000000,3.000000,6.795749,0.004968,0.000569,-0.016723,-0.009749,0.011652,0.485233,-0.025181,0.515712,0.492443,-0.023896,0.516935,-0.001600,-0.076857
1.158000,8.592128,0.199093,2.703066,7.001736,0.773721,1.657985,0.000000,3.000000,7.044356,0.004970,0.000549,-0.018102,-0.010945,0.014530,0.485038,-0.025304,0.515863,0.492497,-0.023890,0.516935,-0.001600,-0.103986
1.169000,8.804043,0.137447,2.674478,7.213651,0.712075,1.629397,0.000000,3.000000,7.248711,0.004976,0.000491,-0.018443,-0.010737,0.015850,0.484831,-0.025422,0.516043,0.492552,-0.023885,0.516935,-0.001600,-0.118434
1.180000,8.647715,0.060572,2.821068,7.057323,0.635200,1.775987,0.000000,3.000000,7.085851,0.004980,0.000448,-0.019318,-0.010021,0.016923,0.484623,-0.025535,0.516225,0.492607,-0.023879,0.516935,-0.001600,-0.130810
1.191000,8.582563,-0.044793,2.932939,6.992171,0.529835,1.887858,0.000000,3.000000,7.012216,0.004986,0.000378,-0.020496,-0.010749,0.018048,0.484400,-0.025643,0.516427,0.492662,-0.023875,0.516935,-0.001600,-0.143987
1.202000,8.567631,-0.045523,3.067165,6.977239,0.529105,2.022084,0.000000,3.000000,6.997272,0.004986,0.000378,-0.021598,-0.008752,0.018140,0.484166,-0.025739,0.516632,0.492717,-0.023871,0.516935,-0.001600,-0.148464
1.213000,8.831080,-0.040174,3.096422,7.240688,0.534454,2.051341,0.000000,3.000000,7.260386,0.004986,0.000368,-0.023795,-0.007731,0.018990,0.483916,-0.025831,0.516849,0.492771,-0.023867,0.516935,-0.001600,-0.159588
1.224000,9.104238,-0.071195,3.204535,7.513846,0.503434,2.159454,0.000000,3.000000,7.530692,0.004989,0.000334,-0.026119,-0.007507,0.020053,0.483639,-0.025921,0.517054,0.492826,-0.023863,0.516935,-0.001600,-0.172288
1.235000,9.308613,-0.071936,3.172865,7.718221,0.502692,2.127784,0.000000,3.000000,7.734574,0.004989,0.000325,-0.027082,-0.008617,0.019040,0.483347,-0.026007,0.517271,0.492881,-0.023859,0.516935,-0.001600,-0.167608
1.246000,8.921021,0.035107,3.427199,7.330629,0.609735,2.382118,0.000000,3.000000,7.355943,0.004983,0.000414,-0.026169,-0.007690,0.017974,0.483048,-0.026093,0.517476,0.492936,-0.023855,0.516935,-0.001600,-0.162247
1.257000,8.482477,0.137464,3.568326,6.892085,0.712092,2.523245,0.000000,3.000000,6.928774,0.004974,0.000514,-0.025908,-0.007852,0.014268,0.482761,-0.026183,0.517642,0.492991,-0.023850,0.516935,-0.001600,-0.133799
1.268000,8.323249,0.137833,3.687839,6.732856,0.712462,2.642758,0.000000,3.000000,6.770447,0.004972,0.000526,-0.027459,-0.007590,0.014446,0.482465,-0.026267,0.517793,0.493045,-0.023844,0.516935,-0.001600,-0.138029
1.279000,8.884210,0.012694,3.622789,7.293818,0.587322,2.577709,0.000000,3.000000,7.317426,0.004984,0.000401,-0.032093,-0.006693,0.012616,0.482123,-0.026344,0.517946,0.493100,-0.023839,0.516935,-0.001600,-0.125246
1.290000,9.484747,-0.128710,3.612122,7.894355,0.445918,2.567041,0.000000,3.000000,7.906939,0.004992,0.000282,-0.035393,-0.005197,0.011457,0.481739,-0.026402,0.518084,0.493155,-0.023836,0.516935,-0.001600,-0.117886
1.301000,9.315117,-0.135090,3.583630,7.724724,0.439538,2.538549,0.000000,3.000000,7.737219,0.004992,0.000284,-0.037248,-0.004830,0.007564,0.481332,-0.026454,0.518176,0.493210,-0.023833,0.516935,-0.001600,-0.086519
1.312000,8.556563,-0.213772,3.625750,6.966171,0.360856,2.580669,0.000000,3.000000,6.975511,0.004993,0.000259,-0.038519,-0.002295,0.005437,0.480915,-0.026482,0.518236,0.493265,-0.023830,0.516935,-0.001600,-0.069561
1.323000,8.276488,-0.411279,3.677229,6.686096,0.163350,2.632148,0.000000,3.000000,6.688091,0.004999,0.000122,-0.039347,-0.000391,0.001444,0.480494,-0.026487,0.518261,0.493320,-0.023827,0.516935,-0.001600,-0.036119
1.334000,8.408219,-0.542454,3.732246,6.817827,0.032174,2.687165,0.000000,3.000000,6.817903,0.005000,0.000024,-0.042465,0.002556,0.000656,0.480037,-0.026467,0.518269,0.493375,-0.023827,0.516935,-0.001600,-0.029578
1.345000,9.294953,-0.685786,3.573342,7.704561,-0.111158,2.528261,0.000000,3.000000,7.705363,0.004999,-0.000072,-0.044541,0.003599,0.004217,0.479543,-0.026436,0.518310,0.493430,-0.023827,0.516935,-0.001600,-0.060528
1.356000,10.553257,-0.806654,3.424028,8.962865,-0.232026,2.378947,0.000000,3.000000,8.965868,0.004998,-0.000129,-0.048133,0.003997,0.006408,0.479018,-0.026393,0.518371,0.493485,-0.023828,0.516935,-0.001600,-0.080218
1.367000,10.644216,-0.808598,3.568675,9.053824,-0.233970,2.523594,0.000000,3.000000,9.056847,0.004998,-0.000129,-0.049453,0.005127,0.000941,0.478476,-0.026336,0.518398,0.493540,-0.023830,0.516935,-0.001600,-0.034311
1.378000,10.169439,-0.733576,3.853453,8.579047,-0.158948,2.808372,0.000000,3.000000,8.580519,0.004999,-0.000093,-0.051521,0.005715,0.000904,0.477918,-0.026273,0.518409,0.493595,-0.023831,0.516935,-0.001600,-0.034200
1.389000,9.744758,-0.737485,4.113340,8.154365,-0.162856,3.068259,0.000000,3.000000,8.155992,0.004999,-0.000100,-0.051629,0.005766,-0.004507,0.477351,-0.026209,0.518371,0.493650,-0.023832,0.516935,-0.001600,0.012404
1.400000,8.762266,-0.625562,4.388586,7.171874,-0.050934,3.343505,0.000000,3.000000,7.172055,0.005000,-0.000036,-0.052575,0.004285,-0.008347,0.476776,-0.026153,0.518289,0.493705,-0.023833,0.516935,-0.001600,0.046455
1.411000,8.492975,-0.539018,4.340425,6.902583,0.035611,3.295344,0.000000,3.000000,6.902675,0.005000,0.000026,-0.052188,0.004664,-0.007641,0.476204,-0.026098,0.518224,0.493760,-0.023833,0.516935,-0.001600,0.041646
1.422000,8.463287,-0.652575,4.615679,6.872895,-0.077947,3.570598,0.000000,3.000000,6.873337,0.005000,-0.000057,-0.052213,0.005125,-0.007548,0.475621,-0.026041,0.518118,0.493815,-0.023833,0.516935,-0.001600,0.042762
1.433000,9.024038,-0.752021,4.512949,7.433646,-0.177393,3.467868,0.000000,3.000000,7.435762,0.004999,-0.000119,-0.054667,0.006594,-0.005860,0.475027,-0.025978,0.518055,0.493870,-0.023834,0.516935,-0.001600,0.029566
1.444000,9.806255,-0.782993,4.553233,8.215862,-0.208365,3.508152,0.000000,3.000000,8.218504,0.004998,-0.000127,-0.056107,0.005776,-0.005374,0.474413,-0.025927,0.517989,0.493925,-0.023835,0.516935,-0.001600,0.026624
1.455000,9.960532,-0.902627,4.260933,8.370140,-0.327999,3.215852,0.000000,3.000000,8.376564,0.004996,-0.000196,-0.056290,0.005070,-0.003348,0.473794,-0.025866,0.517944,0.493980,-0.023837,0.516935,-0.001600,0.010255
1.466000,9.841530,-0.806237,3.795157,8.251137,-0.231609,2.750076,0.000000,3.000000,8.254387,0.004998,-0.000140,-0.057420,0.004041,-0.004088,0.473174,-0.025809,0.517921,0.494035,-0.023839,0.516935,-0.001600,0.016939
1.477000,9.307437,-0.761089,3.596471,7.717045,-0.186461,2.551390,0.000000,3.000000,7.719297,0.004999,-0.000121,-0.056945,0.004183,-0.006281,0.472547,-0.025752,0.517850,0.494090,-0.023840,0.516935,-0.001600,0.036822
1.488000,8.146560,-0.725075,3.309150,6.556168,-0.150447,2.264069,0.000000,3.000000,6.557894,0.004999,-0.000115,-0.055100,0.005867,-0.008875,0.471936,-0.025688,0.517782,0.494145,-0.023842,0.516935,-0.001600,0.060071
1.499000,7.689273,-0.677278,3.427166,6.098881,-0.102650,2.382085,0.000000,3.000000,6.099745,0.004999,-0.000084,-0.056373,0.004286,-0.006410,0.471325,-0.025638,0.517717,0.494200,-0.023843,0.516935,-0.001600,0.040307
1.510000,8.502139,-0.758813,3.195086,6.911747,-0.184185,2.150005,0.000000,3.000000,6.914200,0.004998,-0.000133,-0.057354,0.005810,-0.001184,0.470700,-0.025576,0.517664,0.494255,-0.023844,0.516935,-0.001600,-0.003068
1.521000,10.058007,-0.944233,3.073647,8.467615,-0.369604,2.028566,0.000000,3.000000,8.475677,0.004995,-0.000218,-0.061159,0.006099,0.000574,0.470026,-0.025516,0.517682,0.494310,-0.023846,0.516935,-0.001600,-0.018306
1.532000,11.068832,-0.961720,3.023655,9.478440,-0.387092,1.978575,0.000000,3.000000,9.486341,0.004996,-0.000204,-0.063335,0.005464,0.003556,0.469337,-0.025460,0.517711,0.494365,-0.023848,0.516935,-0.001600,-0.044138
1.543000,11.260301,-0.998440,3.211892,9.669908,-0.423812,2.166812,0.000000,3.000000,9.679191,0.004995,-0.000219,-0.064325,0.006255,0.003295,0.468629,-0.025396,0.517750,0.494420,-0.023850,0.516935,-0.001600,-0.042621
1.554000,10.331152,-0.959222,3.537744,8.740760,-0.384594,2.492663,0.000000,3.000000,8.749217,0.004995,-0.000220,-0.062161,0.006802,0.000629,0.467936,-0.025326,0.517774,0.494474,-0.023853,0.516935,-0.001600,-0.020424
1.565000,8.173621,-0.772266,4.022716,6.583228,-0.197637,2.977635,0.000000,3.000000,6.586194,0.004998,-0.000150,-0.057657,0.005847,-0.004623,0.467294,-0.025262,0.517735,0.494529,-0.023855,0.516935,-0.001600,0.024830
1.576000,6.848666,-0.717471,4.360861,5.258274,-0.142843,3.315780,0.000000,3.000000,5.260214,0.004998,-0.000136,-0.054109,0.006719,-0.003535,0.466694,-0.025189,0.517693,0.494584,-0.023856,0.516935,-0.001600,0.016368
1.587000,7.020556,-0.970308,4.324408,5.430164,-0.395680,3.279327,0.000000,3.000000,5.444560,0.004987,-0.000363,-0.053885,0.008092,-0.000240,0.466107,-0.025100,0.517692,0.494639,-0.023859,0.516935,-0.001600,-0.011591
1.598000,8.229153,-1.044882,4.298406,6.638761,-0.470253,3.253325,0.000000,3.000000,6.655395,0.004988,-0.000353,-0.055836,0.007884,0.001837,0.465503,-0.025011,0.517681,0.494694,-0.023863,0.516935,-0.001600,-0.029018
1.609000,9.426508,-0.995062,3.618021,7.836116,-0.420434,2.572940,0.000000,3.000000,7.847387,0.004993,-0.000268,-0.057602,0.007951,0.007389,0.464863,-0.024930,0.517771,0.494749,-0.023867,0.516935,-0.001600,-0.077734
1.620000,9.863791,-0.989573,3.092156,8.273399,-0.414945,2.047075,0.000000,3.000000,8.283798,0.004994,-0.000250,-0.058795,0.007493,0.006860,0.464213,-0.024857,0.517854,0.494804,-0.023869,0.516935,-0.001600,-0.074737
1.631000,8.410018,-0.997856,2.962237,6.819626,-0.423227,1.917156,0.000000,3.000000,6.832746,0.004990,-0.000310,-0.056273,0.008509,0.003562,0.463584,-0.024770,0.517912,0.494859,-0.023873,0.516935,-0.001600,-0.047807
1.642000,6.552920,-0.887978,3.040334,4.962527,-0.313350,1.995253,0.000000,3.000000,4.972411,0.004990,-0.000315,-0.054006,0.008397,0.000406,0.462990,-0.024677,0.517921,0.494914,-0.023876,0.516935,-0.001600,-0.021189
1.653000,6.274178,-0.863001,3.154088,4.683785,-0.288373,2.109007,0.000000,3.000000,4.692654,0.004991,-0.000307,-0.053470,0.008121,-0.000139,0.462401,-0.024586,0.517928,0.494969,-0.023879,0.516935,-0.001600,-0.016691
1.664000,7.517324,-0.848195,3.025425,5.926932,-0.273567,1.980344,0.000000,3.000000,5.933242,0.004995,-0.000231,-0.057070,0.006636,0.006272,0.461788,-0.024512,0.517989,0.495024,-0.023883,0.516935,-0.001600,-0.072175
1.675000,9.666209,-0.891385,2.903966,8.075817,-0.316757,1.858885,0.000000,3.000000,8.082026,0.004996,-0.000196,-0.060783,0.005565,0.008687,0.461133,-0.024448,0.518083,0.495079,-0.023885,0.516935,-0.001600,-0.094373
1.686000,10.703745,-0.987511,2.859003,9.113353,-0.412883,1.813922,0.000000,3.000000,9.122701,0.004995,-0.000226,-0.063278,0.006983,0.009609,0.460439,-0.024374,0.518200,0.495134,-0.023887,0.516935,-0.001600,-0.104309
1.697000,10.443954,-0.939704,3.056242,8.853562,-0.365075,2.011161,0.000000,3.000000,8.861086,0.004996,-0.000206,-0.061703,0.005975,0.005984,0.459746,-0.024311,0.518298,0.495188,-0.023890,0.516935,-0.001600,-0.075308
1.708000,7.657094,-0.653721,3.715424,6.066702,-0.079093,2.670343,0.000000,3.000000,6.067218,0.005000,-0.000065,-0.056649,0.005028,-0.001832,0.459110,-0.024258,0.518285,0.495243,-0.023891,0.516935,-0.001600,-0.008749
1.719000,5.715912,-0.492685,4.041369,4.125519,0.081944,2.996288,0.000000,3.000000,4.126333,0.004999,0.000099,-0.052626,0.005185,-0.005686,0.458516,-0.024208,0.518244,0.495298,-0.023891,0.516935,-0.001600,0.024700
1.730000,5.072418,-0.471419,4.560235,3.482026,0.103209,3.515155,0.000000,3.000000,3.483555,0.004998,0.000148,-0.050888,0.005010,-0.007444,0.457953,-0.024154,0.518163,0.495353,-0.023889,0.516935,-0.001600,0.041066
1.741000,6.157547,-0.504806,4.548375,4.567155,0.069823,3.503294,0.000000,3.000000,4.567688,0.004999,0.000076,-0.053027,0.005001,-0.003754,0.457374,-0.024104,0.518106,0.495408,-0.023888,0.516935,-0.001600,0.010782
1.752000,8.117221,-0.655996,4.344969,6.526829,-0.081367,3.299888,0.000000,3.000000,6.527336,0.005000,-0.000062,-0.055843,0.003383,-0.000209,0.456764,-0.024061,0.518093,0.495463,-0.023888,0.516935,-0.001600,-0.019059
1.763000,9.309982,-0.701992,3.703126,7.719589,-0.127364,2.658046,0.000000,3.000000,7.720640,0.004999,-0.000082,-0.056991,0.003722,0.003914,0.456137,-0.024013,0.518130,0.495518,-0.023889,0.516935,-0.001600,-0.054717
1.774000,8.469978,-0.616032,3.424923,6.879586,-0.041404,2.379842,0.000000,3.000000,6.879710,0.005000,-0.000030,-0.053442,0.004061,-0.000893,0.455543,-0.023966,0.518132,0.495573,-0.023890,0.516935,-0.001600,-0.013958
1.785000,6.213754,-0.405779,3.357381,4.623361,0.168849,2.312300,0.000000,3.000000,4.626444,0.004997,0.000182,-0.049888,0.005243,-0.004458,0.454993,-0.023914,0.518079,0.495628,-0.023889,0.516935,-0.001600,0.017231
1.796000,4.864333,-0.308816,3.205655,3.273941,0.265813,2.160575,0.000000,3.000000,3.284714,0.004984,0.000405,-0.048205,0.004766,-0.006030,0.454464,-0.023860,0.518001,0.495683,-0.023885,0.516935,-0.001600,0.031977
1.807000,5.216033,-0.294908,3.193874,3.625641,0.279720,2.148793,0.000000,3.000000,3.636415,0.004985,0.000385,-0.049470,0.004692,-0.006140,0.453928,-0.023807,0.517927,0.495738,-0.023881,0.516935,-0.001600,0.034240
1.818000,6.975863,-0.441427,2.927089,5.385471,0.133201,1.882008,0.000000,3.000000,5.387118,0.004998,0.000124,-0.051170,0.004194,0.000551,0.453364,-0.023756,0.517915,0.495793,-0.023878,0.516935,-0.001600,-0.022311
1.829000,8.826653,-0.620905,2.688880,7.236261,-0.046277,1.643799,0.000000,3.000000,7.236409,0.005000,-0.000032,-0.053206,0.003449,0.003828,0.452796,-0.023712,0.517955,0.495848,-0.023878,0.516935,-0.001600,-0.050840
1.840000,9.470393,-0.633307,2.594163,7.880001,-0.058679,1.549082,0.000000,3.000000,7.880219,0.005000,-0.000037,-0.055118,0.003976,0.004901,0.452187,-0.023661,0.518004,0.495903,-0.023878,0.516935,-0.001600,-0.060822
1.851000,8.841798,-0.610663,2.887585,7.251405,-0.036034,1.842504,0.000000,3.000000,7.251495,0.005000,-0.000025,-0.053143,0.004669,0.000076,0.451593,-0.023608,0.518015,0.495958,-0.023879,0.516935,-0.001600,-0.020079
1.862000,6.395211,-0.413439,3.559595,4.804819,0.161189,2.514514,0.000000,3.000000,4.807522,0.004997,0.000168,-0.048238,0.004737,-0.008308,0.451054,-0.023559,0.517942,0.496013,-0.023878,0.516935,-0.001600,0.052375
1.873000,4.490071,-0.220827,3.794017,2.899679,0.353801,2.748936,0.000000,3.000000,2.921184,0.004963,0.000606,-0.044593,0.003742,-0.010291,0.450557,-0.023509,0.517834,0.496068,-0.023873,0.516935,-0.001600,0.071156
1.884000,4.269213,-0.330322,4.057802,2.678821,0.244306,3.012721,0.000000,3.000000,2.689938,0.004979,0.000454,-0.043350,0.005579,-0.012025,0.450081,-0.023450,0.517713,0.496122,-0.023867,0.516935,-0.001600,0.088034
1.895000,5.456054,-0.502681,3.894897,3.865662,0.071947,2.849816,0.000000,3.000000,3.866332,0.004999,0.000093,-0.044754,0.004548,-0.004348,0.449593,-0.023400,0.517646,0.496177,-0.023864,0.516935,-0.001600,0.024093
1.906000,7.357851,-0.598752,3.603211,5.767459,-0.024124,2.558130,0.000000,3.000000,5.767509,0.005000,-0.000021,-0.044822,0.003021,0.000348,0.449100,-0.023361,0.517623,0.496232,-0.023864,0.516935,-0.001600,-0.015334
1.917000,7.869440,-0.626986,3.641748,6.279048,-0.052357,2.596667,0.000000,3.000000,6.279266,0.005000,-0.000042,-0.042250,0.003216,0.001644,0.448624,-0.023325,0.517641,0.496287,-0.023865,0.516935,-0.001600,-0.026646
1.928000,6.839839,-0.545622,3.545680,5.249447,0.029007,2.500599,0.000000,3.000000,5.249527,0.005000,0.000028,-0.038105,0.002212,0.000003,0.448195,-0.023294,0.517651,0.496342,-0.023865,0.516935,-0.001600,-0.012904
1.939000,5.592247,-0.406602,3.447555,4.001855,0.168026,2.402474,0.000000,3.000000,4.005381,0.004996,0.000210,-0.036307,0.002379,-0.000931,0.447799,-0.023263,0.517634,0.496397,-0.023863,0.516935,-0.001600,-0.004674
1.950000,4.471554,-0.276167,3.202555,2.881162,0.298462,2.157474,0.000000,3.000000,2.896580,0.004973,0.000515,-0.033466,0.002797,-0.004144,0.447422,-0.023228,0.517609,0.496452,-0.023859,0.516935,-0.001600,0.023044
1.961000,3.965029,-0.138476,3.001225,2.374637,0.436152,1.956144,0.000000,3.000000,2.414359,0.004918,0.000903,-0.032324,0.002143,-0.002410,0.447065,-0.023199,0.517568,0.496507,-0.023851,0.516935,-0.001600,0.009064
1.972000,4.926576,-0.288857,2.531668,3.336184,0.285771,1.486587,0.000000,3.000000,3.348401,0.004982,0.000427,-0.034933,0.003599,0.000417,0.446689,-0.023160,0.517573,0.496561,-0.023844,0.516935,-0.001600,-0.015027
1.983000,6.029345,-0.475455,2.192645,4.438953,0.099173,1.147564,0.000000,3.000000,4.440060,0.004999,0.000112,-0.036508,0.003967,0.003012,0.446289,-0.023117,0.517602,0.496616,-0.023841,0.516935,-0.001600,-0.037557
1.994000,6.649709,-0.465208,1.987374,5.059317,0.109420,0.942293,0.000000,3.000000,5.060500,0.004999,0.000108,-0.036026,0.002573,0.003458,0.445896,-0.023085,0.517646,0.496671,-0.023840,0.516935,-0.001600,-0.042144
2.005000,6.301339,-0.479797,2.007481,4.710947,0.094832,0.962400,0.000000,3.000000,4.711901,0.004999,0.000101,-0.034897,0.004440,0.004409,0.445507,-0.023045,0.517698,0.496726,-0.023839,0.516935,-0.001600,-0.051150
2.016000,6.020012,-0.567395,1.964151,4.429620,0.007233,0.919070,0.000000,3.000000,4.429626,0.005000,0.000008,-0.032488,0.003822,0.003592,0.445137,-0.022999,0.517748,0.496781,-0.023838,0.516935,-0.001600,-0.045105
2.027000,5.336072,-0.511285,2.318602,3.745680,0.063343,1.273521,0.000000,3.000000,3.746215,0.004999,0.000085,-0.030250,0.002186,0.003585,0.444799,-0.022965,0.517774,0.496836,-0.023838,0.516935,-0.001600,-0.045517
2.038000,5.093826,-0.499881,2.508840,3.503434,0.074747,1.463759,0.000000,3.000000,3.504231,0.004999,0.000107,-0.029786,0.003764,0.002772,0.444476,-0.022930,0.517796,0.496891,-0.023836,0.516935,-0.001600,-0.039007
2.049000,5.758672,-0.684087,2.404772,4.168279,-0.109459,1.359691,0.000000,3.000000,4.169716,0.004998,-0.000131,-0.030623,0.003100,0.005453,0.444144,-0.022892,0.517847,0.496946,-0.023837,0.516935,-0.001600,-0.062688
2.060000,6.457502,-0.802283,2.315537,4.867109,-0.227655,1.270456,0.000000,3.000000,4.872431,0.004995,-0.000234,-0.032070,0.003189,0.006177,0.443799,-0.022853,0.517907,0.497001,-0.023839,0.516935,-0.001600,-0.069905
2.071000,6.088383,-0.749372,2.455233,4.497991,-0.174744,1.410152,0.000000,3.000000,4.501384,0.004996,-0.000194,-0.030744,0.003988,0.002292,0.443453,-0.022808,0.517941,0.497056,-0.023841,0.516935,-0.001600,-0.037547
2.082000,4.994381,-0.602886,2.737874,3.403989,-0.028258,1.692793,0.000000,3.000000,3.404107,0.005000,-0.000042,-0.028082,0.003649,-0.001397,0.443134,-0.022773,0.517938,0.497111,-0.023843,0.516935,-0.001600,-0.006192
2.093000,4.567000,-0.666458,2.829750,2.976608,-0.091830,1.784669,0.000000,3.000000,2.978024,0.004998,-0.000154,-0.028360,0.005003,-0.002527,0.442825,-0.022725,0.517920,0.497166,-0.023844,0.516935,-0.001600,0.003721
2.104000,4.836996,-0.687722,2.843801,3.246604,-0.113094,1.798720,0.000000,3.000000,3.248573,0.004997,-0.000174,-0.029425,0.004230,-0.000556,0.442506,-0.022682,0.517910,0.497221,-0.023846,0.516935,-0.001600,-0.012818
2.115000,5.561292,-0.768099,2.681504,3.970900,-0.193470,1.636423,0.000000,3.000000,3.975610,0.004994,-0.000243,-0.029722,0.003681,-0.000351,0.442180,-0.022642,0.517901,0.497276,-0.023848,0.516935,-0.001600,-0.014411
2.126000,5.857399,-0.646458,2.720398,4.267007,-0.071830,1.675317,0.000000,3.000000,4.267611,0.004999,-0.000084,-0.029817,0.001820,0.001667,0.441852,-0.022616,0.517916,0.497331,-0.023850,0.516935,-0.001600,-0.031797
2.137000,6.277578,-0.669933,2.558465,4.687186,-0.095305,1.513384,0.000000,3.000000,4.688155,0.004999,-0.000102,-0.028242,0.002512,0.002589,0.441535,-0.022582,0.517952,0.497386,-0.023851,0.516935,-0.001600,-0.040269
2.148000,5.998320,-0.688357,2.616965,4.407928,-0.113729,1.571884,0.000000,3.000000,4.409395,0.004998,-0.000129,-0.026115,0.003273,0.003241,0.441242,-0.022548,0.517988,0.497441,-0.023852,0.516935,-0.001600,-0.046447
2.159000,5.388102,-0.621277,2.888304,3.797710,-0.046648,1.843223,0.000000,3.000000,3.797996,0.005000,-0.000061,-0.024043,0.002424,0.000531,0.440966,-0.022521,0.518005,0.497496,-0.023853,0.516935,-0.001600,-0.023761
2.170000,5.174415,-0.587517,2.945496,3.584023,-0.012888,1.900415,0.000000,3.000000,3.584046,0.005000,-0.000018,-0.022454,0.001980,0.002570,0.440717,-0.022498,0.518030,0.497551,-0.023854,0.516935,-0.001600,-0.041506
2.181000,5.356474,-0.670439,2.983293,3.766081,-0.095810,1.938213,0.000000,3.000000,3.767300,0.004998,-0.000127,-0.021292,0.002257,0.004041,0.440483,-0.022471,0.518068,0.497606,-0.023854,0.516935,-0.001600,-0.054675
2.192000,5.933726,-0.729912,2.852734,4.343334,-0.155284,1.807654,0.000000,3.000000,4.346109,0.004997,-0.000179,-0.020739,0.003341,0.008310,0.440250,-0.022442,0.518149,0.497661,-0.023856,0.516935,-0.001600,-0.092360
2.203000,6.259507,-0.728613,2.810102,4.669115,-0.153985,1.765021,0.000000,3.000000,4.671654,0.004997,-0.000165,-0.020752,0.001608,0.009237,0.440025,-0.022420,0.518243,0.497716,-0.023858,0.516935,-0.001600,-0.101912
2.214000,6.179271,-0.751292,2.802711,4.588879,-0.176664,1.757630,0.000000,3.000000,4.592278,0.004996,-0.000192,-0.019297,0.001646,0.010965,0.439802,-0.022394,0.518359,0.497770,-0.023860,0.516935,-0.001600,-0.118658
2.225000,5.573819,-0.684394,2.842056,3.983427,-0.109766,1.796975,0.000000,3.000000,3.984939,0.004998,-0.000138,-0.016809,0.000661,0.010626,0.439617,-0.022378,0.518470,0.497825,-0.023862,0.516935,-0.001600,-0.117782
2.236000,5.138679,-0.604443,2.793667,3.548287,-0.029815,1.748586,0.000000,3.000000,3.548413,0.005000,-0.000042,-0.015492,0.000977,0.011185,0.439446,-0.022357,0.518589,0.497880,-0.023863,0.516935,-0.001600,-0.124678
2.247000,5.242703,-0.642686,2.685945,3.652311,-0.068058,1.640864,0.000000,3.000000,3.652945,0.004999,-0.000093,-0.014723,0.001160,0.011872,0.439282,-0.022343,0.518719,0.497935,-0.023863,0.516935,-0.001600,-0.132850
2.258000,5.681888,-0.553883,2.660852,4.091496,0.020745,1.615771,0.000000,3.000000,4.091548,0.005000,0.000025,-0.015751,0.000095,0.014102,0.439111,-0.022339,0.518874,0.497990,-0.023864,0.516935,-0.001600,-0.154568
2.269000,6.338868,-0.520972,2.512685,4.748476,0.053657,1.467604,0.000000,3.000000,4.748780,0.005000,0.000056,-0.015991,0.000461,0.016159,0.438934,-0.022335,0.519045,0.498045,-0.023863,0.516935,-0.001600,-0.175091
2.280000,6.297911,-0.439405,2.537861,4.707519,0.135223,1.492780,0.000000,3.000000,4.709461,0.004998,0.000144,-0.015365,-0.000583,0.014449,0.438761,-0.022334,0.519214,0.498100,-0.023862,0.516935,-0.001600,-0.163626
2.291000,5.942251,-0.316930,2.653071,4.351859,0.257698,1.607990,0.000000,3.000000,4.359482,0.004991,0.000296,-0.014555,-0.000049,0.014644,0.438601,-0.022328,0.519373,0.498155,-0.023860,0.516935,-0.001600,-0.168134
2.302000,5.760993,-0.245548,2.714268,4.170601,0.329080,1.669187,0.000000,3.000000,4.183564,0.004985,0.000393,-0.014210,0.001477,0.013212,0.438440,-0.022316,0.519530,0.498210,-0.023855,0.516935,-0.001600,-0.158810
2.313000,5.734031,-0.239054,2.704129,4.143639,0.335575,1.659048,0.000000,3.000000,4.157205,0.004984,0.000404,-0.013759,0.000545,0.013320,0.438287,-0.022308,0.519674,0.498265,-0.023851,0.516935,-0.001600,-0.162325
2.324000,5.708994,-0.242236,2.781171,4.118602,0.332392,1.736090,0.000000,3.000000,4.131993,0.004984,0.000402,-0.013514,0.000829,0.011245,0.438138,-0.022294,0.519806,0.498320,-0.023847,0.516935,-0.001600,-0.147100
2.335000,6.065888,-0.214855,2.715225,4.475496,0.359773,1.670144,0.000000,3.000000,4.489933,0.004984,0.000401,-0.014792,0.001869,0.012847,0.437977,-0.022278,0.519942,0.498375,-0.023842,0.516935,-0.001600,-0.163128
2.346000,6.369569,-0.247201,2.744428,4.779177,0.327427,1.699348,0.000000,3.000000,4.790380,0.004988,0.000342,-0.016620,0.001323,0.010392,0.437794,-0.022263,0.520065,0.498430,-0.023838,0.516935,-0.001600,-0.144522
2.357000,6.226506,-0.231200,2.795738,4.636114,0.343428,1.750657,0.000000,3.000000,4.648817,0.004986,0.000369,-0.015167,0.001749,0.009207,0.437623,-0.022243,0.520168,0.498484,-0.023834,0.516935,-0.001600,-0.136305
2.368000,5.762651,-0.181269,2.838350,4.172259,0.393359,1.793269,0.000000,3.000000,4.190761,0.004978,0.000469,-0.013923,0.001828,0.006789,0.437465,-0.022228,0.520247,0.498539,-0.023829,0.516935,-0.001600,-0.117208
2.379000,5.508763,-0.183622,2.878801,3.918371,0.391006,1.833721,0.000000,3.000000,3.937832,0.004975,0.000496,-0.013448,0.001843,0.005222,0.437315,-0.022210,0.520306,0.498594,-0.023824,0.516935,-0.001600,-0.104980
2.390000,5.649295,-0.149926,2.878635,4.058902,0.424702,1.833554,0.000000,3.000000,4.081061,0.004973,0.000520,-0.014542,0.001802,0.004542,0.437155,-0.022195,0.520358,0.498649,-0.023818,0.516935,-0.001600,-0.100156
2.401000,5.941918,-0.196745,2.805625,4.351526,0.377883,1.760544,0.000000,3.000000,4.367903,0.004981,0.000433,-0.015688,0.001147,0.002183,0.436982,-0.022182,0.520386,0.498703,-0.023813,0.516935,-0.001600,-0.080632
2.412000,6.153286,-0.239524,2.730163,4.562894,0.335105,1.685082,0.000000,3.000000,4.575182,0.004987,0.000366,-0.016992,0.001916,0.002310,0.436802,-0.022163,0.520414,0.498758,-0.023809,0.516935,-0.001600,-0.082209
2.423000,6.294015,-0.225069,2.719656,4.703623,0.349560,1.674575,0.000000,3.000000,4.716594,0.004986,0.000371,-0.017500,0.001460,0.000708,0.436616,-0.022147,0.520421,0.498813,-0.023805,0.516935,-0.001600,-0.068751
2.434000,6.056902,-0.226570,2.736922,4.466510,0.348058,1.691841,0.000000,3.000000,4.480051,0.004985,0.000388,-0.017450,0.001119,-0.001575,0.436421,-0.022129,0.520407,0.498868,-0.023801,0.516935,-0.001600,-0.049131
2.445000,5.836354,-0.231584,2.684769,4.245962,0.343044,1.639689,0.000000,3.000000,4.259797,0.004984,0.000403,-0.018827,0.001207,-0.002513,0.436218,-0.022109,0.520377,0.498923,-0.023796,0.516935,-0.001600,-0.040635
2.456000,5.746781,-0.237268,2.576885,4.156389,0.337360,1.531804,0.000000,3.000000,4.170057,0.004984,0.000405,-0.019935,0.001974,-0.004422,0.435999,-0.022089,0.520332,0.498978,-0.023792,0.516935,-0.001600,-0.023628
2.467000,5.621070,-0.297418,2.589988,4.030678,0.277210,1.544907,0.000000,3.000000,4.040200,0.004988,0.000343,-0.021588,0.001430,-0.004910,0.435766,-0.022069,0.520275,0.499032,-0.023788,0.516935,-0.001600,-0.018449
2.478000,5.682437,-0.259288,2.552410,4.092045,0.315340,1.507329,0.000000,3.000000,4.104177,0.004985,0.000384,-0.023065,0.000989,-0.005568,0.435518,-0.022048,0.520200,0.499087,-0.023784,0.516935,-0.001600,-0.011530
2.489000,5.672381,-0.268733,2.582918,4.081989,0.305895,1.537838,0.000000,3.000000,4.093434,0.004986,0.000374,-0.023885,0.003133,-0.008219,0.435260,-0.022022,0.520110,0.499142,-0.023779,0.516935,-0.001600,0.012595
2.500000,5.918718,-0.334388,2.539583,4.328326,0.240240,1.494502,0.000000,3.000000,4.334988,0.004992,0.000277,-0.024570,0.002571,-0.007103,0.434990,-0.021999,0.520033,0.499197,-0.023776,0.516935,-0.001600,0.004512
2.511000,6.207709,-0.409671,2.542017,4.617317,0.164957,1.496936,0.000000,3.000000,4.620262,0.004997,0.000179,-0.025520,0.001907,-0.004852,0.434712,-0.021974,0.519969,0.499252,-0.023773,0.516935,-0.001600,-0.013439
2.522000,6.497185,-0.412907,2.492582,4.906793,0.161721,1.447501,0.000000,3.000000,4.909457,0.004997,0.000165,-0.025536,0.002643,-0.004536,0.434434,-0.021943,0.519928,0.499307,-0.023772,0.516935,-0.001600,-0.015369
2.533000,6.307742,-0.438282,2.553358,4.717350,0.136346,1.508277,0.000000,3.000000,4.719320,0.004998,0.000144,-0.025017,0.002120,-0.004020,0.434158,-0.021919,0.519878,0.499362,-0.023770,0.516935,-0.001600,-0.018855
2.544000,6.288956,-0.450216,2.464465,4.698564,0.124413,1.419384,0.000000,3.000000,4.700211,0.004998,0.000132,-0.026106,0.001533,-0.005180,0.433881,-0.021895,0.519832,0.499417,-0.023768,0.516935,-0.001600,-0.008188
2.555000,6.224397,-0.482267,2.489358,4.634005,0.092362,1.444277,0.000000,3.000000,4.634926,0.004999,0.000100,-0.026432,0.003176,-0.003659,0.433591,-0.021865,0.519794,0.499472,-0.023767,0.516935,-0.001600,-0.020407
2.566000,6.313695,-0.515217,2.392737,4.723303,0.059411,1.347656,0.000000,3.000000,4.723677,0.005000,0.000063,-0.026226,0.002397,-0.003162,0.433299,-0.021837,0.519750,0.499527,-0.023766,0.516935,-0.001600,-0.023838
2.577000,6.033059,-0.471094,2.462169,4.442667,0.103534,1.417088,0.000000,3.000000,4.443873,0.004999,0.000116,-0.025288,0.001799,-0.002731,0.433021,-0.021814,0.519709,0.499582,-0.023765,0.516935,-0.001600,-0.026749
2.588000,5.959542,-0.507067,2.514289,4.369150,0.067561,1.469208,0.000000,3.000000,4.369672,0.004999,0.000077,-0.025423,0.002735,-0.004639,0.432744,-0.021784,0.519666,0.499637,-0.023764,0.516935,-0.001600,-0.009791
2.599000,5.973105,-0.492478,2.478633,4.382713,0.082151,1.433552,0.000000,3.000000,4.383483,0.004999,0.000094,-0.025160,0.002439,-0.002944,0.432467,-0.021759,0.519637,0.499692,-0.023763,0.516935,-0.001600,-0.023650
2.610000,6.204889,-0.502753,2.383228,4.614496,0.071876,1.338147,0.000000,3.000000,4.615056,0.004999,0.000078,-0.025867,0.002161,-0.001472,0.432186,-0.021739,0.519625,0.499747,-0.023762,0.516935,-0.001600,-0.035935
2.621000,6.326009,-0.485770,2.345937,4.735617,0.088858,1.300856,0.000000,3.000000,4.736450,0.004999,0.000094,-0.025256,0.001302,0.000536,0.431909,-0.021719,0.519636,0.499802,-0.023761,0.516935,-0.001600,-0.053163
2.632000,5.954471,-0.446482,2.469927,4.364079,0.128146,1.424846,0.000000,3.000000,4.365960,0.004998,0.000147,-0.023795,0.000455,-0.000333,0.431649,-0.021704,0.519640,0.499857,-0.023760,0.516935,-0.001600,-0.045870
2.643000,5.489134,-0.452568,2.503485,3.898741,0.122061,1.458404,0.000000,3.000000,3.900652,0.004998,0.000156,-0.022706,0.002163,0.001927,0.431393,-0.021677,0.519659,0.499912,-0.023758,0.516935,-0.001600,-0.065379
2.654000,5.301977,-0.395596,2.587323,3.711585,0.179033,1.542242,0.000000,3.000000,3.715900,0.004994,0.000241,-0.021948,0.001521,0.000760,0.431154,-0.021653,0.519670,0.499967,-0.023756,0.516935,-0.001600,-0.055671
2.665000,5.720845,-0.419047,2.488929,4.130453,0.155581,1.443848,0.000000,3.000000,4.133382,0.004996,0.000188,-0.021932,0.002105,0.005487,0.430914,-0.021630,0.519723,0.500022,-0.023753,0.516935,-0.001600,-0.096743
2.676000,6.085373,-0.412695,2.326474,4.494980,0.161933,1.281393,0.000000,3.000000,4.497896,0.004997,0.000180,-0.020642,0.000538,0.007151,0.430684,-0.021613,0.519804,0.500077,-0.023751,0.516935,-0.001600,-0.112320
2.687000,6.083167,-0.399601,2.367183,4.492775,0.175028,1.322102,0.000000,3.000000,4.496183,0.004996,0.000195,-0.019024,0.000869,0.010218,0.430475,-0.021593,0.519917,0.500132,-0.023749,0.516935,-0.001600,-0.140376
2.698000,5.971640,-0.364656,2.347038,4.381247,0.209973,1.301957,0.000000,3.000000,4.386276,0.004994,0.000239,-0.017389,0.000949,0.011229,0.430282,-0.021578,0.520049,0.500186,-0.023747,0.516935,-0.001600,-0.151322
2.709000,5.667210,-0.320362,2.443322,4.076818,0.254266,1.398241,0.000000,3.000000,4.084739,0.004990,0.000311,-0.015985,0.001083,0.012940,0.430104,-0.021564,0.520195,0.500241,-0.023744,0.516935,-0.001600,-0.168469
2.720000,5.551070,-0.305847,2.434384,3.960678,0.268781,1.389303,0.000000,3.000000,3.969788,0.004989,0.000339,-0.013915,0.002358,0.015927,0.429947,-0.021546,0.520361,0.500296,-0.023740,0.516935,-0.001600,-0.196799
2.731000,5.786501,-0.321149,2.364107,4.196109,0.253479,1.319027,0.000000,3.000000,4.203758,0.004991,0.000301,-0.013865,0.001872,0.017992,0.429792,-0.021531,0.520550,0.500351,-0.023737,0.516935,-0.001600,-0.217733
2.742000,5.955490,-0.328500,2.402333,4.365098,0.246128,1.357252,0.000000,3.000000,4.372032,0.004992,0.000281,-0.013818,0.001188,0.018387,0.429641,-0.021516,0.520747,0.500406,-0.023734,0.516935,-0.001600,-0.224628
2.753000,5.881434,-0.274960,2.538901,4.291042,0.299668,1.493820,0.000000,3.000000,4.301493,0.004988,0.000348,-0.013565,0.000561,0.017220,0.429493,-0.021500,0.520940,0.500461,-0.023730,0.516935,-0.001600,-0.218212
2.764000,5.870226,-0.273233,2.713830,4.279834,0.301395,1.668750,0.000000,3.000000,4.290433,0.004988,0.000351,-0.014263,0.001028,0.015912,0.429341,-0.021483,0.521113,0.500516,-0.023726,0.516935,-0.001600,-0.210227
2.775000,5.700808,-0.214371,2.887010,4.110416,0.360257,1.841929,0.000000,3.000000,4.126173,0.004981,0.000437,-0.012961,0.001130,0.013259,0.429199,-0.021468,0.521263,0.500571,-0.023722,0.516935,-0.001600,-0.190402
2.786000,5.671485,-0.243311,2.998567,4.081093,0.331317,1.953486,0.000000,3.000000,4.094520,0.004984,0.000405,-0.013400,0.001933,0.012589,0.429054,-0.021450,0.521401,0.500625,-0.023717,0.516935,-0.001600,-0.187214
2.797000,5.707290,-0.282468,3.035779,4.116898,0.292160,1.990698,0.000000,3.000000,4.127252,0.004987,0.000354,-0.013122,0.001830,0.013205,0.428909,-0.021432,0.521538,0.500680,-0.023713,0.516935,-0.001600,-0.194902
2.808000,5.943809,-0.257623,2.981862,4.353417,0.317005,1.936781,0.000000,3.000000,4.364944,0.004987,0.000363,-0.014070,0.001225,0.008888,0.428754,-0.021417,0.521657,0.500735,-0.023709,0.516935,-0.001600,-0.160406
2.819000,6.126862,-0.267652,2.961784,4.536469,0.306976,1.916704,0.000000,3.000000,4.546844,0.004989,0.000338,-0.015968,0.001134,0.011798,0.428581,-0.021399,0.521786,0.500790,-0.023705,0.516935,-0.001600,-0.187424
2.830000,6.342265,-0.317624,2.817860,4.751873,0.257004,1.772779,0.000000,3.000000,4.758818,0.004993,0.000270,-0.016708,0.001186,0.011319,0.428400,-0.021378,0.521908,0.500845,-0.023702,0.516935,-0.001600,-0.185550
2.841000,6.162275,-0.272947,2.847728,4.571883,0.301681,1.802647,0.000000,3.000000,4.581826,0.004989,0.000329,-0.016855,0.002118,0.008769,0.428217,-0.021357,0.522014,0.500900,-0.023698,0.516935,-0.001600,-0.165838
2.852000,5.854893,-0.272313,2.951471,4.264501,0.302315,1.906390,0.000000,3.000000,4.275203,0.004987,0.000354,-0.018264,0.002533,0.007805,0.428022,-0.021332,0.522110,0.500955,-0.023695,0.516935,-0.001600,-0.159369
2.863000,5.688171,-0.299065,3.030923,4.097779,0.275563,1.985842,0.000000,3.000000,4.107034,0.004989,0.000335,-0.019536,0.002703,0.007153,0.427809,-0.021306,0.522185,0.501010,-0.023691,0.516935,-0.001600,-0.155194
2.874000,5.822316,-0.287102,2.950012,4.231924,0.287526,1.904931,0.000000,3.000000,4.241680,0.004988,0.000339,-0.021748,0.002737,0.007522,0.427575,-0.021279,0.522256,0.501064,-0.023687,0.516935,-0.001600,-0.159604
2.885000,6.114593,-0.346718,2.906419,4.524200,0.227910,1.861338,0.000000,3.000000,4.529937,0.004994,0.000252,-0.022930,0.003525,0.006382,0.427325,-0.021249,0.522330,0.501119,-0.023684,0.516935,-0.001600,-0.151255
2.896000,6.314681,-0.357541,2.915752,4.724289,0.217087,1.870671,0.000000,3.000000,4.729274,0.004995,0.000230,-0.025357,0.002852,0.006947,0.427056,-0.021221,0.522411,0.501174,-0.023681,0.516935,-0.001600,-0.157500
2.907000,6.400620,-0.384089,2.875104,4.810228,0.190539,1.830023,0.000000,3.000000,4.814000,0.004996,0.000198,-0.026124,0.003327,0.007289,0.426770,-0.021190,0.522485,0.501229,-0.023679,0.516935,-0.001600,-0.161752
2.918000,6.255045,-0.383030,2.921745,4.664653,0.191599,1.876664,0.000000,3.000000,4.668587,0.004996,0.000205,-0.026995,0.003498,0.005676,0.426473,-0.021155,0.522553,0.501284,-0.023677,0.516935,-0.001600,-0.149288
2.929000,6.027578,-0.324918,2.942728,4.437185,0.249710,1.897648,0.000000,3.000000,4.444206,0.004992,0.000281,-0.027157,0.003642,0.005045,0.426178,-0.021122,0.522613,0.501339,-0.023674,0.516935,-0.001600,-0.145008
2.940000,6.006159,-0.338982,2.992008,4.415767,0.235646,1.946927,0.000000,3.000000,4.422050,0.004993,0.000266,-0.029229,0.003820,0.003672,0.425865,-0.021085,0.522669,0.501394,-0.023671,0.516935,-0.001600,-0.134356
2.951000,6.275245,-0.377159,2.922905,4.684853,0.197469,1.877824,0.000000,3.000000,4.689012,0.004996,0.000211,-0.031045,0.004336,0.006021,0.425525,-0.021045,0.522735,0.501449,-0.023669,0.516935,-0.001600,-0.155482
2.962000,6.525380,-0.335646,2.808897,4.934988,0.238982,1.763816,0.000000,3.000000,4.940771,0.004994,0.000242,-0.032158,0.003564,0.005776,0.425174,-0.021006,0.522802,0.501504,-0.023666,0.516935,-0.001600,-0.154605
2.973000,6.646502,-0.399331,2.721731,5.056110,0.175297,1.676650,0.000000,3.000000,5.059148,0.004997,0.000173,-0.031923,0.003947,0.007963,0.424826,-0.020967,0.522889,0.501559,-0.023664,0.516935,-0.001600,-0.174744
2.984000,6.598349,-0.376607,2.737369,5.007957,0.198021,1.692288,0.000000,3.000000,5.011870,0.004996,0.000198,-0.033123,0.004484,0.008042,0.424468,-0.020924,0.522977,0.501614,-0.023662,0.516935,-0.001600,-0.176994
2.995000,6.595565,-0.366855,2.737250,5.005173,0.207773,1.692169,0.000000,3.000000,5.009483,0.004996,0.000207,-0.033766,0.003416,0.007941,0.424100,-0.020886,0.523061,0.501669,-0.023660,0.516935,-0.001600,-0.177645
3.006000,6.378169,-0.384790,2.756145,4.787777,0.189838,1.711064,0.000000,3.000000,4.791539,0.004996,0.000198,-0.032636,0.004175,0.008340,0.423734,-0.020842,0.523152,0.501724,-0.023657,0.516935,-0.001600,-0.182675
3.017000,6.192100,-0.335510,2.831555,4.601708,0.239118,1.786474,0.000000,3.000000,4.607917,0.004993,0.000259,-0.033297,0.003114,0.008202,0.423370,-0.020800,0.523232,0.501779,-0.023655,0.516935,-0.001600,-0.182938
3.028000,6.228966,-0.370802,2.843255,4.638574,0.203826,1.798174,0.000000,3.000000,4.643050,0.004995,0.000219,-0.033476,0.003509,0.007941,0.423005,-0.020757,0.523318,0.501834,-0.023652,0.516935,-0.001600,-0.182275
3.039000,6.469004,-0.360267,2.800698,4.878611,0.214361,1.755617,0.000000,3.000000,4.883319,0.004995,0.000219,-0.035705,0.002479,0.009390,0.422614,-0.020712,0.523411,0.501889,-0.023650,0.516935,-0.001600,-0.196237
3.050000,6.813301,-0.396864,2.746712,5.222908,0.177764,1.701631,0.000000,3.000000,5.225933,0.004997,0.000170,-0.037587,0.003764,0.008719,0.422205,-0.020663,0.523513,0.501943,-0.023647,0.516935,-0.001600,-0.192384
3.061000,6.990846,-0.442436,2.717990,5.400454,0.132193,1.672909,0.000000,3.000000,5.402072,0.004999,0.000122,-0.037834,0.003160,0.010324,0.421791,-0.020620,0.523630,0.501998,-0.023646,0.516935,-0.001600,-0.208106
3.072000,6.683628,-0.470749,2.827816,5.093236,0.103879,1.782735,0.000000,3.000000,5.094295,0.004999,0.000102,-0.036445,0.005006,0.009436,0.421386,-0.020570,0.523738,0.502053,-0.023645,0.516935,-0.001600,-0.202522
3.083000,6.345602,-0.422924,2.866141,4.755210,0.151704,1.821061,0.000000,3.000000,4.757629,0.004997,0.000159,-0.034005,0.004734,0.009777,0.421003,-0.020526,0.523843,0.502108,-0.023643,0.516935,-0.001600,-0.207302
3.094000,6.051599,-0.440298,2.981752,4.461207,0.134330,1.936671,0.000000,3.000000,4.463229,0.004998,0.000150,-0.032278,0.003991,0.008360,0.420643,-0.020482,0.523940,0.502163,-0.023641,0.516935,-0.001600,-0.197012
3.105000,6.109840,-0.351337,3.010224,4.519448,0.223291,1.965143,0.000000,3.000000,4.524961,0.004994,0.000247,-0.033169,0.003762,0.009247,0.420285,-0.020441,0.524041,0.502218,-0.023639,0.516935,-0.001600,-0.206377
3.116000,6.515516,-0.431354,2.946473,4.925123,0.143275,1.901392,0.000000,3.000000,4.927207,0.004998,0.000145,-0.032918,0.003629,0.010744,0.419920,-0.020402,0.524163,0.502273,-0.023637,0.516935,-0.001600,-0.221260
3.127000,6.647537,-0.432589,2.902255,5.057145,0.142039,1.857174,0.000000,3.000000,5.059139,0.004998,0.000140,-0.030804,0.003462,0.011779,0.419572,-0.020364,0.524286,0.502328,-0.023635,0.516935,-0.001600,-0.232264
3.138000,6.463896,-0.404058,2.916120,4.873504,0.170571,1.871039,0.000000,3.000000,4.876488,0.004997,0.000175,-0.028833,0.002761,0.011863,0.419247,-0.020330,0.524414,0.502383,-0.023634,0.516935,-0.001600,-0.235279
3.149000,6.304191,-0.419435,2.914547,4.713799,0.155193,1.869466,0.000000,3.000000,4.716353,0.004997,0.000165,-0.026349,0.003384,0.011889,0.418948,-0.020297,0.524550,0.502438,-0.023632,0.516935,-0.001600,-0.237941
3.160000,6.058936,-0.387238,3.032378,4.468544,0.187391,1.987297,0.000000,3.000000,4.472471,0.004996,0.000209,-0.026480,0.003527,0.011612,0.418660,-0.020262,0.524681,0.502493,-0.023630,0.516935,-0.001600,-0.237952
3.171000,5.866769,-0.342993,3.048781,4.276377,0.231635,2.003700,0.000000,3.000000,4.282646,0.004993,0.000270,-0.024992,0.002515,0.012991,0.418385,-0.020233,0.524811,0.502548,-0.023627,0.516935,-0.001600,-0.251995
3.182000,5.892221,-0.339135,3.007909,4.301829,0.235493,1.962828,0.000000,3.000000,4.308270,0.004993,0.000273,-0.024448,0.003177,0.013778,0.418115,-0.020200,0.524957,0.502603,-0.023624,0.516935,-0.001600,-0.261295
3.193000,5.877993,-0.364347,3.034486,4.287601,0.210281,1.989405,0.000000,3.000000,4.292754,0.004994,0.000245,-0.023626,0.003043,0.012288,0.417854,-0.020173,0.525094,0.502658,-0.023621,0.516935,-0.001600,-0.251133
3.204000,5.885692,-0.346484,3.035340,4.295300,0.228144,1.990259,0.000000,3.000000,4.301355,0.004993,0.000265,-0.023538,0.002308,0.013054,0.417593,-0.020146,0.525231,0.502713,-0.023618,0.516935,-0.001600,-0.260092
3.215000,5.902299,-0.299054,3.049400,4.311907,0.275574,2.004319,0.000000,3.000000,4.320704,0.004990,0.000319,-0.022753,0.002133,0.013092,0.417338,-0.020118,0.525373,0.502768,-0.023615,0.516935,-0.001600,-0.262965
3.226000,6.002074,-0.314067,3.087344,4.411681,0.260561,2.042263,0.000000,3.000000,4.419369,0.004991,0.000295,-0.023258,0.002586,0.012632,0.417081,-0.020091,0.525512,0.502823,-0.023612,0.516935,-0.001600,-0.261571
3.237000,6.149392,-0.318913,3.075033,4.559000,0.255715,2.029952,0.000000,3.000000,4.566166,0.004992,0.000280,-0.023935,0.002311,0.013537,0.416822,-0.020066,0.525661,0.502878,-0.023609,0.516935,-0.001600,-0.271935
3.248000,6.249071,-0.250486,3.085547,4.658679,0.324142,2.040466,0.000000,3.000000,4.669942,0.004988,0.000347,-0.024448,0.002037,0.013447,0.416556,-0.020039,0.525813,0.502932,-0.023605,0.516935,-0.001600,-0.273905
3.259000,6.103083,-0.221785,3.181366,4.512691,0.352843,2.136285,0.000000,3.000000,4.526464,0.004985,0.000390,-0.024047,0.002245,0.011876,0.416291,-0.020014,0.525947,0.502987,-0.023601,0.516935,-0.001600,-0.262985
3.270000,6.029017,-0.246107,3.265746,4.438625,0.328521,2.220666,0.000000,3.000000,4.450766,0.004986,0.000369,-0.023542,0.003266,0.011808,0.416027,-0.019986,0.526085,0.503042,-0.023597,0.516935,-0.001600,-0.264884
3.281000,5.968476,-0.191214,3.333038,4.378084,0.383414,2.287957,0.000000,3.000000,4.394840,0.004981,0.000436,-0.023315,0.002993,0.011431,0.415768,-0.019960,0.526212,0.503097,-0.023592,0.516935,-0.001600,-0.263973
3.292000,5.993011,-0.151608,3.361474,4.402619,0.423020,2.316393,0.000000,3.000000,4.422895,0.004977,0.000478,-0.024754,0.001276,0.010690,0.415498,-0.019938,0.526335,0.503152,-0.023587,0.516935,-0.001600,-0.259903
3.303000,6.065608,-0.122167,3.406664,4.475216,0.452461,2.361583,0.000000,3.000000,4.498031,0.004975,0.000503,-0.024678,0.002475,0.011781,0.415224,-0.019910,0.526456,0.503206,-0.023582,0.516935,-0.001600,-0.271335
3.314000,6.132100,-0.078005,3.432206,4.541708,0.496624,2.387125,0.000000,3.000000,4.568779,0.004970,0.000543,-0.024383,0.002039,0.010320,0.414956,-0.019888,0.526570,0.503261,-0.023576,0.516935,-0.001600,-0.260998
3.325000,6.148950,-0.036712,3.461320,4.558558,0.537916,2.416239,0.000000,3.000000,4.590186,0.004966,0.000586,-0.022594,0.001758,0.009735,0.414707,-0.019867,0.526679,0.503316,-0.023570,0.516935,-0.001600,-0.257990
3.336000,6.246091,-0.008878,3.449289,4.655699,0.565751,2.404208,0.000000,3.000000,4.689947,0.004963,0.000603,-0.021606,0.001478,0.010331,0.414463,-0.019849,0.526797,0.503370,-0.023563,0.516935,-0.001600,-0.265170
3.347000,6.317377,0.010935,3.470772,4.726984,0.585564,2.425691,0.000000,3.000000,4.763115,0.004962,0.000615,-0.021581,0.001123,0.010345,0.414227,-0.019834,0.526908,0.503425,-0.023556,0.516935,-0.001600,-0.267278
3.358000,6.430654,-0.013157,3.512527,4.840262,0.561472,2.467446,0.000000,3.000000,4.872719,0.004967,0.000576,-0.021547,0.000886,0.010185,0.413982,-0.019821,0.527023,0.503480,-0.023550,0.516935,-0.001600,-0.268001
3.369000,6.412953,-0.010093,3.521949,4.822561,0.564535,2.476868,0.000000,3.000000,4.855491,0.004966,0.000581,-0.020513,0.000861,0.009593,0.413753,-0.019806,0.527130,0.503534,-0.023544,0.516935,-0.001600,-0.264895
3.380000,6.130034,-0.020004,3.613526,4.539642,0.554624,2.568445,0.000000,3.000000,4.573397,0.004963,0.000606,-0.018697,0.000644,0.008433,0.413544,-0.019796,0.527222,0.503589,-0.023537,0.516935,-0.001600,-0.256713
3.391000,5.965581,-0.008284,3.664971,4.375189,0.566344,2.619890,0.000000,3.000000,4.411691,0.004959,0.000642,-0.016818,0.001540,0.007190,0.413355,-0.019780,0.527307,0.503643,-0.023530,0.516935,-0.001600,-0.247692
3.402000,5.955014,-0.012326,3.700961,4.364622,0.562302,2.655880,0.000000,3.000000,4.400694,0.004959,0.000639,-0.015954,0.001784,0.007547,0.413177,-0.019761,0.527393,0.503698,-0.023523,0.516935,-0.001600,-0.252283
3.413000,6.280335,-0.036685,3.597445,4.689943,0.537944,2.552364,0.000000,3.000000,4.720694,0.004967,0.000570,-0.015871,0.000853,0.008772,0.413002,-0.019749,0.527485,0.503753,-0.023516,0.516935,-0.001600,-0.264322
3.424000,6.533463,-0.133620,3.527581,4.943071,0.441008,2.482501,0.000000,3.000000,4.962705,0.004980,0.000444,-0.015036,0.002755,0.009825,0.412830,-0.019725,0.527581,0.503807,-0.023511,0.516935,-0.001600,-0.274980
3.435000,6.669114,-0.084457,3.491215,5.078722,0.490172,2.446134,0.000000,3.000000,5.102322,0.004977,0.000480,-0.014753,0.001495,0.008041,0.412666,-0.019711,0.527673,0.503862,-0.023506,0.516935,-0.001600,-0.261499
3.446000,6.518553,-0.104542,3.549708,4.928161,0.470086,2.504627,0.000000,3.000000,4.950530,0.004977,0.000475,-0.013953,0.001723,0.008571,0.412513,-0.019691,0.527767,0.503917,-0.023500,0.516935,-0.001600,-0.267696
3.457000,6.266979,-0.072185,3.609969,4.676587,0.502443,2.564888,0.000000,3.000000,4.703500,0.004971,0.000534,-0.012560,0.001673,0.008437,0.412367,-0.019676,0.527850,0.503971,-0.023495,0.516935,-0.001600,-0.268062
3.468000,6.086388,-0.024716,3.652472,4.495996,0.549912,2.607391,0.000000,3.000000,4.529501,0.004963,0.000607,-0.012197,0.000016,0.006587,0.412238,-0.019664,0.527923,0.504026,-0.023489,0.516935,-0.001600,-0.253662
3.479000,6.066030,-0.054795,3.629931,4.475638,0.519834,2.584850,0.000000,3.000000,4.505725,0.004967,0.000577,-0.011331,0.001140,0.008319,0.412113,-0.019649,0.528003,0.504081,-0.023482,0.516935,-0.001600,-0.269802
3.490000,6.233339,-0.090454,3.559429,4.642947,0.484174,2.514348,0.000000,3.000000,4.668124,0.004973,0.000519,-0.011069,0.001497,0.007914,0.411991,-0.019633,0.528087,0.504135,-0.023476,0.516935,-0.001600,-0.267886
3.501000,6.413468,-0.069573,3.499147,4.823076,0.505055,2.454066,0.000000,3.000000,4.849448,0.004973,0.000521,-0.011098,0.001362,0.008365,0.411868,-0.019619,0.528182,0.504190,-0.023470,0.516935,-0.001600,-0.273420
3.512000,6.444984,-0.088378,3.493758,4.854592,0.486250,2.448677,0.000000,3.000000,4.878883,0.004975,0.000498,-0.010466,0.001222,0.008904,0.411753,-0.019608,0.528283,0.504245,-0.023465,0.516935,-0.001600,-0.279806
3.523000,6.268801,-0.076324,3.530046,4.678409,0.498304,2.484965,0.000000,3.000000,4.704872,0.004972,0.000530,-0.009014,0.001236,0.009148,0.411651,-0.019597,0.528385,0.504300,-0.023459,0.516935,-0.001600,-0.283715
3.534000,5.992396,-0.124212,3.548101,4.402004,0.450416,2.503020,0.000000,3.000000,4.424987,0.004974,0.000509,-0.008136,0.000499,0.009249,0.411557,-0.019590,0.528482,0.504354,-0.023453,0.516935,-0.001600,-0.286324
3.545000,5.838438,-0.035102,3.610823,4.248046,0.539526,2.565742,0.000000,3.000000,4.282170,0.004960,0.000630,-0.007491,0.001802,0.008880,0.411475,-0.019577,0.528577,0.504409,-0.023447,0.516935,-0.001600,-0.284904
3.556000,5.888261,0.007682,3.591556,4.297869,0.582311,2.546475,0.000000,3.000000,4.337138,0.004955,0.000671,-0.007825,-0.000320,0.008325,0.411393,-0.019574,0.528673,0.504463,-0.023440,0.516935,-0.001600,-0.281928
3.567000,5.995296,0.031602,3.612400,4.404904,0.606230,2.567319,0.000000,3.000000,4.446425,0.004953,0.000682,-0.007386,-0.000287,0.010678,0.411309,-0.019567,0.528782,0.504518,-0.023432,0.516935,-0.001600,-0.303841
3.578000,6.213715,0.019291,3.583165,4.623323,0.593919,2.538084,0.000000,3.000000,4.661315,0.004959,0.000637,-0.008805,0.000753,0.011031,0.411217,-0.019560,0.528896,0.504572,-0.023425,0.516935,-0.001600,-0.308887
3.589000,6.439605,0.021507,3.587576,4.849213,0.596135,2.542495,0.000000,3.000000,4.885718,0.004963,0.000610,-0.009338,0.000013,0.010489,0.411116,-0.019552,0.529021,0.504627,-0.023418,0.516935,-0.001600,-0.306550
3.600000,6.361071,0.050752,3.650493,4.770678,0.625380,2.605412,0.000000,3.000000,4.811494,0.004958,0.000650,-0.008622,0.001533,0.011661,0.411019,-0.019545,0.529148,0.504682,-0.023411,0.516935,-0.001600,-0.318779
3.611000,6.023144,0.121477,3.702624,4.432752,0.696105,2.657543,0.000000,3.000000,4.487076,0.004939,0.000776,-0.008259,0.000165,0.010573,0.410928,-0.019545,0.529262,0.504736,-0.023404,0.516935,-0.001600,-0.311603
3.622000,5.833652,0.160005,3.760760,4.243260,0.734633,2.715679,0.000000,3.000000,4.306384,0.004927,0.000853,-0.007753,-0.000015,0.011162,0.410842,-0.019548,0.529378,0.504790,-0.023395,0.516935,-0.001600,-0.318686
3.633000,5.974022,0.125685,3.800029,4.383630,0.700313,2.754948,0.000000,3.000000,4.439218,0.004937,0.000789,-0.007635,-0.001020,0.011188,0.410757,-0.019554,0.529492,0.504845,-0.023386,0.516935,-0.001600,-0.320957
3.644000,6.306975,0.160401,3.801401,4.716583,0.735030,2.756320,0.000000,3.000000,4.773513,0.004940,0.000770,-0.008500,-0.000355,0.012319,0.410662,-0.019555,0.529625,0.504899,-0.023377,0.516935,-0.001600,-0.332952
3.655000,6.575440,0.183235,3.743758,4.985048,0.757863,2.698677,0.000000,3.000000,5.042327,0.004943,0.000752,-0.009047,-0.000618,0.012601,0.410563,-0.019562,0.529768,0.504953,-0.023369,0.516935,-0.001600,-0.337912
3.666000,6.506280,0.142866,3.773865,4.915888,0.717494,2.728785,0.000000,3.000000,4.967973,0.004948,0.000722,-0.008878,0.001054,0.012542,0.410466,-0.019560,0.529908,0.505008,-0.023361,0.516935,-0.001600,-0.339937
3.677000,6.245395,0.118923,3.839447,4.655003,0.693551,2.794366,0.000000,3.000000,4.706386,0.004945,0.000737,-0.008633,-0.000383,0.011885,0.410372,-0.019562,0.530040,0.505062,-0.023353,0.516935,-0.001600,-0.336745
3.688000,6.099641,0.126668,3.896420,4.509249,0.701296,2.851339,0.000000,3.000000,4.563457,0.004941,0.000768,-0.008287,-0.000150,0.011323,0.410279,-0.019562,0.530162,0.505116,-0.023345,0.516935,-0.001600,-0.334159
3.699000,6.045855,0.141322,3.986525,4.455463,0.715950,2.941444,0.000000,3.000000,4.512620,0.004937,0.000793,-0.008826,-0.000888,0.011273,0.410185,-0.019565,0.530281,0.505171,-0.023336,0.516935,-0.001600,-0.335885
3.710000,6.267416,0.167108,4.051457,4.677024,0.741736,3.006376,0.000000,3.000000,4.735475,0.004938,0.000783,-0.009513,-0.001853,0.010761,0.410084,-0.019573,0.530402,0.505225,-0.023327,0.516935,-0.001600,-0.333710
3.721000,6.541323,0.186132,4.061656,4.950931,0.760760,3.016575,0.000000,3.000000,5.009039,0.004942,0.000759,-0.009786,-0.000918,0.011586,0.409978,-0.019576,0.530535,0.505279,-0.023319,0.516935,-0.001600,-0.343113
3.732000,6.703202,0.165626,3.988529,5.112810,0.740254,2.943448,0.000000,3.000000,5.166121,0.004948,0.000716,-0.010082,-0.000420,0.012600,0.409866,-0.019584,0.530673,0.505334,-0.023311,0.516935,-0.001600,-0.354195
3.743000,6.680612,0.099332,3.945938,5.090220,0.673960,2.900857,0.000000,3.000000,5.134643,0.004957,0.000656,-0.010488,-0.001418,0.012204,0.409754,-0.019593,0.530806,0.505388,-0.023303,0.516935,-0.001600,-0.353238
3.754000,6.543256,0.130747,3.989974,4.952864,0.705375,2.944893,0.000000,3.000000,5.002841,0.004950,0.000705,-0.010098,-0.001454,0.011709,0.409642,-0.019601,0.530938,0.505443,-0.023296,0.516935,-0.001600,-0.351409
3.765000,6.344112,0.257077,4.119562,4.753720,0.831705,3.074481,0.000000,3.000000,4.825929,0.004925,0.000862,-0.010171,-0.000620,0.010937,0.409528,-0.019608,0.531059,0.505497,-0.023287,0.516935,-0.001600,-0.347037
3.776000,6.269673,0.282481,4.139308,4.679281,0.857109,3.094227,0.000000,3.000000,4.757132,0.004918,0.000901,-0.010347,-0.001281,0.009837,0.409415,-0.019625,0.531172,0.505551,-0.023277,0.516935,-0.001600,-0.339736
3.787000,6.185746,0.288746,4.187483,4.595354,0.863374,3.142402,0.000000,3.000000,4.675755,0.004914,0.000923,-0.010855,0.000729,0.009515,0.409299,-0.019634,0.531276,0.505605,-0.023267,0.516935,-0.001600,-0.338875
3.798000,6.439938,0.239022,4.168201,4.849546,0.813651,3.123120,0.000000,3.000000,4.917329,0.004931,0.000827,-0.011458,-0.000794,0.009071,0.409177,-0.019650,0.531377,0.505659,-0.023258,0.516935,-0.001600,-0.336927
3.809000,6.640566,0.209418,4.168199,5.050174,0.784046,3.123118,0.000000,3.000000,5.110674,0.004941,0.000767,-0.011953,-0.001293,0.008595,0.409047,-0.019663,0.531473,0.505714,-0.023249,0.516935,-0.001600,-0.334611
3.820000,6.698970,0.246778,4.175227,5.108578,0.821406,3.130146,0.000000,3.000000,5.174194,0.004937,0.000794,-0.012911,-0.001561,0.006985,0.408907,-0.019677,0.531559,0.505768,-0.023240,0.516935,-0.001600,-0.322489
3.831000,6.570682,0.225540,4.240485,4.980290,0.800168,3.195404,0.000000,3.000000,5.044160,0.004937,0.000793,-0.012857,-0.000520,0.006494,0.408767,-0.019681,0.531630,0.505822,-0.023232,0.516935,-0.001600,-0.319615
3.842000,6.443125,0.158364,4.233253,4.852733,0.732993,3.188172,0.000000,3.000000,4.907779,0.004944,0.000747,-0.013446,0.000012,0.005958,0.408625,-0.019687,0.531694,0.505877,-0.023223,0.516935,-0.001600,-0.316207
3.853000,6.414351,0.162410,4.164210,4.823959,0.737038,3.119130,0.000000,3.000000,4.879939,0.004943,0.000755,-0.013840,0.000511,0.004020,0.408476,-0.019689,0.531736,0.505931,-0.023215,0.516935,-0.001600,-0.300523
3.864000,6.505859,0.151084,4.123173,4.915467,0.725712,3.078092,0.000000,3.000000,4.968750,0.004946,0.000730,-0.015409,0.001085,0.002459,0.408308,-0.019693,0.531768,0.505985,-0.023207,0.516935,-0.001600,-0.287860
3.875000,6.665251,0.127291,4.067446,5.074858,0.701919,3.022365,0.000000,3.000000,5.123171,0.004953,0.000685,-0.017844,-0.000314,0.001332,0.408118,-0.019695,0.531789,0.506040,-0.023199,0.516935,-0.001600,-0.278677
3.886000,6.679095,0.156840,4.042957,5.088703,0.731468,2.997876,0.000000,3.000000,5.141006,0.004949,0.000711,-0.019414,0.000790,-0.000723,0.407909,-0.019689,0.531783,0.506094,-0.023191,0.516935,-0.001600,-0.261118
3.897000,6.549520,0.043485,3.918867,4.959128,0.618114,2.873786,0.000000,3.000000,4.997501,0.004962,0.000618,-0.021219,0.001597,-0.002315,0.407681,-0.019677,0.531758,0.506149,-0.023184,0.516935,-0.001600,-0.247173
3.908000,6.382765,0.025868,3.858755,4.792373,0.600497,2.813674,0.000000,3.000000,4.829848,0.004961,0.000622,-0.022159,0.001497,-0.005503,0.407439,-0.019664,0.531698,0.506203,-0.023177,0.516935,-0.001600,-0.219035
3.919000,6.225898,0.115322,3.789305,4.635506,0.689950,2.744224,0.000000,3.000000,4.686570,0.004946,0.000736,-0.024304,0.001305,-0.007582,0.407177,-0.019649,0.531620,0.506258,-0.023170,0.516935,-0.001600,-0.199997
3.930000,6.543195,-0.041539,3.621236,4.952803,0.533089,2.576155,0.000000,3.000000,4.981409,0.004971,0.000535,-0.026274,0.001689,-0.007706,0.406894,-0.019626,0.531541,0.506312,-0.023162,0.516935,-0.001600,-0.197516
3.941000,6.771792,-0.079331,3.609606,5.181399,0.495297,2.564525,0.000000,3.000000,5.205019,0.004977,0.000476,-0.028358,0.002351,-0.007789,0.406598,-0.019596,0.531451,0.506367,-0.023157,0.516935,-0.001600,-0.195190
3.952000,7.066492,-0.112553,3.440444,5.476100,0.462075,2.395363,0.000000,3.000000,5.495561,0.004982,0.000420,-0.029835,0.002872,-0.009583,0.406266,-0.019563,0.531348,0.506422,-0.023152,0.516935,-0.001600,-0.178107
3.963000,7.024742,-0.162974,3.418002,5.434350,0.411654,2.372921,0.000000,3.000000,5.449919,0.004986,0.000378,-0.029967,0.003506,-0.011178,0.405935,-0.019529,0.531231,0.506477,-0.023148,0.516935,-0.001600,-0.162480
3.974000,6.574814,-0.162056,3.508531,4.984422,0.412572,2.463450,0.000000,3.000000,5.001468,0.004983,0.000412,-0.029581,0.002328,-0.011891,0.405610,-0.019500,0.531097,0.506532,-0.023143,0.516935,-0.001600,-0.154018
3.985000,6.682976,-0.194249,3.562964,5.092584,0.380379,2.517883,0.000000,3.000000,5.106770,0.004986,0.000372,-0.029898,0.002981,-0.011759,0.405282,-0.019469,0.530971,0.506586,-0.023139,0.516935,-0.001600,-0.152866
3.996000,6.956984,-0.240406,3.547207,5.366592,0.334222,2.502126,0.000000,3.000000,5.376989,0.004990,0.000311,-0.030893,0.001947,-0.010728,0.404945,-0.019442,0.530849,0.506641,-0.023135,0.516935,-0.001600,-0.159416
4.006000,7.108590,-0.281560,3.440375,5.518198,0.293068,2.395294,0.000000,3.000000,5.525975,0.004993,0.000265,-0.031294,0.002391,-0.011538,0.404632,-0.019415,0.530739,0.506691,-0.023132,0.516935,-0.001600,-0.150565
4.016000,7.019709,-0.309171,3.406429,5.429317,0.265458,2.361348,0.000000,3.000000,5.435802,0.004994,0.000244,-0.031403,0.003018,-0.013068,0.404324,-0.019389,0.530621,0.506741,-0.023130,0.516935,-0.001600,-0.135463
4.026000,6.677955,-0.271864,3.419438,5.087563,0.302764,2.374357,0.000000,3.000000,5.096563,0.004991,0.000297,-0.031042,0.003372,-0.014146,0.404015,-0.019358,0.530485,0.506791,-0.023127,0.516935,-0.001600,-0.123853
4.036000,6.364254,-0.273605,3.463917,4.773862,0.301023,2.418837,0.000000,3.000000,4.783343,0.004990,0.000315,-0.031392,0.003109,-0.013767,0.403693,-0.019327,0.530351,0.506841,-0.023124,0.516935,-0.001600,-0.124659
4.046000,6.156116,-0.317305,3.396541,4.565723,0.257323,2.351460,0.000000,3.000000,4.572969,0.004992,0.000281,-0.031847,0.002928,-0.014675,0.403374,-0.019299,0.530209,0.506891,-0.023121,0.516935,-0.001600,-0.114398
4.056000,5.786329,-0.306776,3.357557,4.195937,0.267852,2.312476,0.000000,3.000000,4.204478,0.004990,0.000319,-0.030320,0.002941,-0.014863,0.403064,-0.019269,0.530054,0.506941,-0.023118,0.516935,-0.001600,-0.110019
4.066000,5.394590,-0.295884,3.428944,3.804198,0.278744,2.383864,0.000000,3.000000,3.814396,0.004987,0.000365,-0.029762,0.003103,-0.015802,0.402764,-0.019239,0.529892,0.506991,-0.023115,0.516935,-0.001600,-0.099134
4.076000,5.535038,-0.274223,3.425695,3.944646,0.300405,2.380614,0.000000,3.000000,3.956068,0.004986,0.000380,-0.029873,0.002503,-0.012456,0.402466,-0.019213,0.529759,0.507041,-0.023111,0.516935,-0.001600,-0.125144
4.086000,5.994264,-0.383149,3.337923,4.403872,0.191479,2.292842,0.000000,3.000000,4.408032,0.004995,0.000217,-0.030489,0.002248,-0.010148,0.402158,-0.019188,0.529646,0.507090,-0.023108,0.516935,-0.001600,-0.142676
4.096000,6.290789,-0.394054,3.217546,4.700397,0.180575,2.172465,0.000000,3.000000,4.703864,0.004996,0.000192,-0.028914,0.002394,-0.008937,0.401863,-0.019163,0.529557,0.507140,-0.023106,0.516935,-0.001600,-0.151371
4.106000,5.984602,-0.397518,3.345187,4.394210,0.177110,2.300106,0.000000,3.000000,4.397778,0.004996,0.000201,-0.026890,0.001399,-0.007483,0.401592,-0.019143,0.529480,0.507190,-0.023104,0.516935,-0.001600,-0.162311
4.116000,5.783073,-0.351729,3.373163,4.192681,0.222899,2.328082,0.000000,3.000000,4.198602,0.004993,0.000265,-0.025440,0.001813,-0.005903,0.401329,-0.019117,0.529414,0.507240,-0.023101,0.516935,-0.001600,-0.174523
4.126000,5.658069,-0.363059,3.258660,4.067677,0.211569,2.213579,0.000000,3.000000,4.073176,0.004993,0.000260,-0.024135,0.002325,-0.004894,0.401083,-0.019091,0.529367,0.507290,-0.023099,0.516935,-0.001600,-0.182237
4.136000,5.406687,-0.313307,3.218598,3.816295,0.261321,2.173517,0.000000,3.000000,3.825231,0.004988,0.000342,-0.023279,0.001753,-0.005127,0.400849,-0.019073,0.529324,0.507340,-0.023096,0.516935,-0.001600,-0.179493
4.146000,5.399428,-0.331532,3.118480,3.809036,0.243096,2.073399,0.000000,3.000000,3.816786,0.004990,0.000318,-0.022656,0.001949,-0.003079,0.400624,-0.019052,0.529292,0.507390,-0.023092,0.516935,-0.001600,-0.196298
4.156000,5.352176,-0.417600,2.995782,3.761784,0.157028,1.950701,0.000000,3.000000,3.765060,0.004996,0.000209,-0.021086,0.001974,-0.003057,0.400410,-0.019028,0.529267,0.507440,-0.023090,0.516935,-0.001600,-0.196020
4.166000,5.341384,-0.432235,2.945557,3.750992,0.142393,1.900476,0.000000,3.000000,3.753694,0.004996,0.000190,-0.020907,0.001676,-0.002357,0.400200,-0.019007,0.529240,0.507490,-0.023088,0.516935,-0.001600,-0.201490
4.176000,5.478928,-0.460257,2.836287,3.888536,0.114371,1.791206,0.000000,3.000000,3.890217,0.004998,0.000147,-0.021718,0.002498,-0.001215,0.399984,-0.018982,0.529222,0.507540,-0.023086,0.516935,-0.001600,-0.210852
4.186000,5.592072,-0.485348,2.729018,4.001680,0.089280,1.683937,0.000000,3.000000,4.002676,0.004999,0.000112,-0.023041,0.002069,-0.002716,0.399763,-0.018961,0.529197,0.507590,-0.023085,0.516935,-0.001600,-0.197659
4.196000,5.541411,-0.443628,2.741940,3.951019,0.131000,1.696859,0.000000,3.000000,3.953190,0.004997,0.000166,-0.023484,0.001770,-0.003364,0.399526,-0.018942,0.529162,0.507640,-0.023084,0.516935,-0.001600,-0.191539
4.206000,5.286247,-0.473059,2.733956,3.695855,0.101569,1.688875,0.000000,3.000000,3.697250,0.004998,0.000137,-0.024106,0.003188,-0.005904,0.399286,-0.018921,0.529104,0.507690,-0.023082,0.516935,-0.001600,-0.168946
4.216000,4.967254,-0.440760,2.672991,3.376861,0.133868,1.627910,0.000000,3.000000,3.379514,0.004996,0.000198,-0.023937,0.001588,-0.006453,0.399050,-0.018899,0.529041,0.507740,-0.023081,0.516935,-0.001600,-0.163145
4.226000,4.818770,-0.402020,2.661568,3.228378,0.172608,1.616487,0.000000,3.000000,3.232989,0.004993,0.000267,-0.024096,0.002701,-0.007458,0.398812,-0.018875,0.528962,0.507790,-0.023078,0.516935,-0.001600,-0.153199
4.236000,4.975524,-0.541944,2.651213,3.385132,0.032684,1.606132,0.000000,3.000000,3.385289,0.005000,0.000048,-0.025190,0.002837,-0.006411,0.398563,-0.018850,0.528891,0.507840,-0.023077,0.516935,-0.001600,-0.160801
4.246000,5.635776,-0.631022,2.538560,4.045384,-0.056394,1.493480,0.000000,3.000000,4.045777,0.005000,-0.000070,-0.026982,0.002917,-0.005442,0.398292,-0.018819,0.528832,0.507890,-0.023077,0.516935,-0.001600,-0.167962
4.256000,6.133703,-0.723138,2.513650,4.543311,-0.148510,1.468569,0.000000,3.000000,4.545737,0.004997,-0.000163,-0.028851,0.003789,-0.005887,0.398008,-0.018785,0.528771,0.507940,-0.023078,0.516935,-0.001600,-0.163099
4.266000,6.166882,-0.745707,2.526736,4.576490,-0.171079,1.481656,0.000000,3.000000,4.579686,0.004997,-0.000187,-0.027951,0.003653,-0.006208,0.397732,-0.018755,0.528707,0.507990,-0.023080,0.516935,-0.001600,-0.159221
4.276000,5.844650,-0.696865,2.648544,4.254257,-0.122237,1.603464,0.000000,3.000000,4.256013,0.004998,-0.000144,-0.025963,0.003485,-0.005164,0.397461,-0.018725,0.528647,0.508040,-0.023082,0.516935,-0.001600,-0.166991
4.286000,5.420353,-0.682304,2.797544,3.829960,-0.107676,1.752463,0.000000,3.000000,3.831474,0.004998,-0.000141,-0.024877,0.003559,-0.006651,0.397208,-0.018695,0.528581,0.508090,-0.023083,0.516935,-0.001600,-0.153179
4.296000,5.506974,-0.716689,2.794420,3.916582,-0.142060,1.749340,0.000000,3.000000,3.919157,0.004997,-0.000181,-0.025695,0.004351,-0.005027,0.396954,-0.018657,0.528528,0.508140,-0.023085,0.516935,-0.001600,-0.166006
4.306000,5.936357,-0.668289,2.808247,4.345965,-0.093660,1.763166,0.000000,3.000000,4.346974,0.004999,-0.000108,-0.026668,0.003530,-0.005636,0.396692,-0.018623,0.528472,0.508190,-0.023086,0.516935,-0.001600,-0.159835
4.316000,6.142712,-0.558445,2.831363,4.552320,0.016183,1.786282,0.000000,3.000000,4.552349,0.005000,0.000018,-0.026354,0.002281,-0.005590,0.396429,-0.018597,0.528418,0.508240,-0.023087,0.516935,-0.001600,-0.159258
4.326000,6.148675,-0.519318,2.773989,4.558283,0.055311,1.728908,0.000000,3.000000,4.558618,0.005000,0.000061,-0.026417,0.002966,-0.004615,0.396165,-0.018566,0.528366,0.508290,-0.023086,0.516935,-0.001600,-0.166595
4.336000,5.993601,-0.568789,2.822611,4.403209,0.005840,1.777530,0.000000,3.000000,4.403213,0.005000,0.000007,-0.025338,0.002994,-0.004886,0.395918,-0.018540,0.528307,0.508340,-0.023086,0.516935,-0.001600,-0.163228
4.346000,5.814259,-0.552480,2.949190,4.223867,0.022148,1.904109,0.000000,3.000000,4.223925,0.005000,0.000026,-0.025319,0.001876,-0.006675,0.395659,-0.018514,0.528242,0.508390,-0.023086,0.516935,-0.001600,-0.146885
4.356000,5.835395,-0.447507,2.937027,4.245003,0.127121,1.891946,0.000000,3.000000,4.246906,0.004998,0.000150,-0.026339,0.001885,-0.005967,0.395400,-0.018492,0.528183,0.508440,-0.023085,0.516935,-0.001600,-0.151825
4.366000,5.824865,-0.423000,2.912032,4.234473,0.151628,1.866951,0.000000,3.000000,4.237186,0.004997,0.000179,-0.026671,0.003033,-0.005855,0.395137,-0.018471,0.528125,0.508490,-0.023083,0.516935,-0.001600,-0.151730
4.376000,5.598429,-0.407586,2.921183,4.008037,0.167042,1.876102,0.000000,3.000000,4.011516,0.004996,0.000208,-0.025786,0.001419,-0.006153,0.394874,-0.018457,0.528067,0.508540,-0.023081,0.516935,-0.001600,-0.148167
4.386000,5.106876,-0.327223,3.104556,3.516484,0.247405,2.059475,0.000000,3.000000,3.525176,0.004988,0.000351,-0.023858,0.001896,-0.008577,0.394631,-0.018435,0.527994,0.508589,-0.023078,0.516935,-0.001600,-0.126282
4.396000,4.836583,-0.298503,3.166829,3.246191,0.276125,2.121748,0.000000,3.000000,3.257914,0.004982,0.000424,-0.023828,0.002134,-0.005942,0.394394,-0.018411,0.527934,0.508639,-0.023074,0.516935,-0.001600,-0.147563
4.406000,5.187823,-0.348292,3.171458,3.597431,0.226336,2.126377,0.000000,3.000000,3.604544,0.004990,0.000314,-0.024425,0.001719,-0.005293,0.394154,-0.018390,0.527881,0.508689,-0.023071,0.516935,-0.001600,-0.152105
4.416000,5.775554,-0.377416,3.146555,4.185162,0.197212,2.101474,0.000000,3.000000,4.189806,0.004994,0.000235,-0.025203,0.002111,-0.002641,0.393908,-0.018368,0.527851,0.508739,-0.023068,0.516935,-0.001600,-0.174068
4.426000,6.224366,-0.390212,2.914654,4.633974,0.184416,1.869573,0.000000,3.000000,4.637642,0.004996,0.000199,-0.024377,0.002764,0.001305,0.393656,-0.018348,0.527852,0.508789,-0.023066,0.516935,-0.001600,-0.207564
4.436000,6.200242,-0.400765,2.899016,4.609849,0.173863,1.853935,0.000000,3.000000,4.613127,0.004996,0.000188,-0.022625,0.002526,0.002519,0.393425,-0.018327,0.527866,0.508839,-0.023064,0.516935,-0.001600,-0.218125
4.446000,5.648429,-0.326330,2.945937,4.058037,0.248298,1.900856,0.000000,3.000000,4.065626,0.004991,0.000305,-0.019827,0.001548,0.003014,0.393224,-0.018310,0.527900,0.508889,-0.023061,0.516935,-0.001600,-0.222934
4.456000,5.418956,-0.297294,2.984663,3.828564,0.277334,1.939582,0.000000,3.000000,3.838596,0.004987,0.000361,-0.018983,0.001438,0.004089,0.393034,-0.018294,0.527948,0.508939,-0.023058,0.516935,-0.001600,-0.232917
4.466000,5.445425,-0.294744,3.040455,3.855033,0.279884,1.995375,0.000000,3.000000,3.865180,0.004987,0.000362,-0.017435,0.001788,0.005869,0.392856,-0.018276,0.528009,0.508989,-0.023054,0.516935,-0.001600,-0.249134
4.476000,5.485804,-0.289892,3.044176,3.895412,0.284736,1.999095,0.000000,3.000000,3.905804,0.004987,0.000365,-0.017822,0.002169,0.007854,0.392681,-0.018261,0.528083,0.509039,-0.023051,0.516935,-0.001600,-0.267304
4.486000,5.663730,-0.260575,2.947602,4.073338,0.314053,1.902522,0.000000,3.000000,4.085427,0.004985,0.000384,-0.017953,0.001294,0.008122,0.392505,-0.018247,0.528164,0.509088,-0.023047,0.516935,-0.001600,-0.271044
4.496000,5.658108,-0.257320,2.990113,4.067716,0.317309,1.945032,0.000000,3.000000,4.080073,0.004985,0.000389,-0.019039,0.001226,0.008503,0.392317,-0.018229,0.528248,0.509138,-0.023043,0.516935,-0.001600,-0.275773
4.506000,5.507765,-0.236224,2.939799,3.917373,0.338404,1.894718,0.000000,3.000000,3.931962,0.004981,0.000430,-0.017564,0.000591,0.008942,0.392139,-0.018212,0.528336,0.509188,-0.023039,0.516935,-0.001600,-0.281083
4.516000,5.346907,-0.180118,3.020575,3.756515,0.394510,1.975494,0.000000,3.000000,3.777174,0.004973,0.000522,-0.016533,0.001811,0.009232,0.391974,-0.018195,0.528424,0.509238,-0.023034,0.516935,-0.001600,-0.285134
4.526000,5.342277,-0.204434,3.010911,3.751885,0.370194,1.965830,0.000000,3.000000,3.770104,0.004976,0.000491,-0.016946,0.001433,0.010592,0.391808,-0.018177,0.528526,0.509288,-0.023029,0.516935,-0.001600,-0.298503
4.536000,5.341728,-0.205326,3.004744,3.751336,0.369302,1.959663,0.000000,3.000000,3.769470,0.004976,0.000490,-0.016264,0.001184,0.009729,0.391645,-0.018163,0.528623,0.509337,-0.023024,0.516935,-0.001600,-0.292932
4.546000,5.366416,-0.223048,2.984509,3.776024,0.351580,1.939428,0.000000,3.000000,3.792356,0.004978,0.000464,-0.016818,0.001253,0.011458,0.391481,-0.018149,0.528729,0.509387,-0.023019,0.516935,-0.001600,-0.309521
4.556000,5.447300,-0.183435,2.967944,3.856908,0.391193,1.922863,0.000000,3.000000,3.876696,0.004974,0.000505,-0.016936,0.000883,0.010176,0.391314,-0.018134,0.528830,0.509437,-0.023015,0.516935,-0.001600,-0.300461
4.566000,5.282309,-0.129924,3.000797,3.691917,0.444705,1.955717,0.000000,3.000000,3.718603,0.004964,0.000598,-0.016433,0.001439,0.009525,0.391150,-0.018118,0.528932,0.509487,-0.023009,0.516935,-0.001600,-0.296753
4.576000,5.143153,-0.122815,3.114452,3.552761,0.451813,2.069371,0.000000,3.000000,3.581374,0.004960,0.000631,-0.016456,0.000858,0.009177,0.390985,-0.018105,0.529025,0.509536,-0.023003,0.516935,-0.001600,-0.295480
4.586000,5.114253,-0.095300,3.152576,3.523861,0.479328,2.107495,0.000000,3.000000,3.556311,0.004954,0.000674,-0.016811,0.000914,0.008549,0.390820,-0.018090,0.529109,0.509586,-0.022996,0.516935,-0.001600,-0.291666
4.596000,5.281129,-0.123466,3.144974,3.690736,0.451162,2.099893,0.000000,3.000000,3.718210,0.004963,0.000607,-0.017267,0.001864,0.009143,0.390652,-0.018074,0.529188,0.509635,-0.022990,0.516935,-0.001600,-0.298135
4.606000,5.593803,-0.137915,3.106364,4.003411,0.436714,2.061283,0.000000,3.000000,4.027160,0.004971,0.000542,-0.018239,0.001531,0.008177,0.390473,-0.018057,0.529272,0.509685,-0.022984,0.516935,-0.001600,-0.291445
4.616000,5.783048,-0.124423,3.095145,4.192656,0.450205,2.050064,0.000000,3.000000,4.216758,0.004971,0.000534,-0.018884,0.001683,0.007368,0.390285,-0.018035,0.529353,0.509735,-0.022979,0.516935,-0.001600,-0.286042
4.626000,5.702984,-0.146311,3.029401,4.112592,0.428317,1.984321,0.000000,3.000000,4.134836,0.004973,0.000518,-0.019385,0.002658,0.006752,0.390093,-0.018015,0.529424,0.509784,-0.022973,0.516935,-0.001600,-0.282091
4.636000,5.542433,-0.070701,3.003514,3.952041,0.503927,1.958433,0.000000,3.000000,3.984040,0.004960,0.000632,-0.019657,0.001544,0.005202,0.389904,-0.017998,0.529481,0.509834,-0.022968,0.516935,-0.001600,-0.269976
4.646000,5.309106,-0.022812,3.054379,3.718713,0.551816,2.009298,0.000000,3.000000,3.759432,0.004946,0.000734,-0.019625,0.001317,0.004064,0.389711,-0.017978,0.529519,0.509884,-0.022961,0.516935,-0.001600,-0.260986
4.656000,5.273654,-0.074014,3.081163,3.683262,0.500614,2.036082,0.000000,3.000000,3.717127,0.004954,0.000673,-0.020081,0.001473,0.002710,0.389509,-0.017956,0.529546,0.509933,-0.022954,0.516935,-0.001600,-0.249995
4.666000,5.417265,-0.091673,3.014988,3.826873,0.482955,1.969907,0.000000,3.000000,3.857228,0.004961,0.000626,-0.020489,0.001799,0.000167,0.389305,-0.017938,0.529558,0.509983,-0.022947,0.516935,-0.001600,-0.228627
4.676000,5.545691,-0.111461,2.971660,3.955298,0.463167,1.926579,0.000000,3.000000,3.982325,0.004966,0.000582,-0.020603,0.002926,-0.000681,0.389099,-0.017917,0.529560,0.510032,-0.022941,0.516935,-0.001600,-0.221465
4.686000,5.915663,-0.196472,2.888446,4.325271,0.378157,1.843365,0.000000,3.000000,4.341771,0.004981,0.000435,-0.021653,0.002686,0.000518,0.388884,-0.017894,0.529565,0.510082,-0.022936,0.516935,-0.001600,-0.231738
4.696000,6.202728,-0.184307,2.776532,4.612336,0.390321,1.731451,0.000000,3.000000,4.628822,0.004982,0.000422,-0.022070,0.002837,-0.000384,0.388660,-0.017871,0.529566,0.510132,-0.022932,0.516935,-0.001600,-0.224095
4.706000,6.096384,-0.205222,2.739128,4.505992,0.369406,1.694047,0.000000,3.000000,4.521109,0.004983,0.000409,-0.021182,0.002325,-0.001834,0.388446,-0.017852,0.529557,0.510182,-0.022928,0.516935,-0.001600,-0.211636
4.716000,5.829490,-0.195339,2.757823,4.239097,0.379289,1.712742,0.000000,3.000000,4.256032,0.004980,0.000446,-0.020195,0.001693,-0.002939,0.388241,-0.017833,0.529539,0.510232,-0.022924,0.516935,-0.001600,-0.201921
4.726000,5.461198,-0.193467,2.801087,3.870806,0.381162,1.756006,0.000000,3.000000,3.889528,0.004976,0.000490,-0.019351,0.001469,-0.003879,0.388052,-0.017815,0.529505,0.510281,-0.022919,0.516935,-0.001600,-0.193338
4.736000,5.382356,-0.190320,2.810108,3.791964,0.384308,1.765027,0.000000,3.000000,3.811388,0.004975,0.000504,-0.019913,0.001187,-0.004461,0.387852,-0.017798,0.529467,0.510331,-0.022914,0.516935,-0.001600,-0.187721
4.746000,5.522149,-0.219291,2.823245,3.931757,0.355337,1.778164,0.000000,3.000000,3.947782,0.004980,0.000450,-0.020063,0.001465,-0.005765,0.387653,-0.017779,0.529414,0.510381,-0.022909,0.516935,-0.001600,-0.175693
4.756000,5.844188,-0.249463,2.713932,4.253796,0.325165,1.668851,0.000000,3.000000,4.266206,0.004985,0.000381,-0.021610,0.001958,-0.004738,0.387439,-0.017761,0.529365,0.510431,-0.022905,0.516935,-0.001600,-0.183526
4.766000,6.077089,-0.294519,2.644688,4.486697,0.280109,1.599607,0.000000,3.000000,4.495432,0.004990,0.000312,-0.021926,0.003103,-0.005949,0.387218,-0.017741,0.529311,0.510481,-0.022902,0.516935,-0.001600,-0.172285
4.776000,5.904444,-0.341697,2.697870,4.314052,0.232932,1.652789,0.000000,3.000000,4.320336,0.004993,0.000270,-0.022687,0.001754,-0.006152,0.386992,-0.017725,0.529253,0.510531,-0.022899,0.516935,-0.001600,-0.169523
4.786000,5.696303,-0.294793,2.679781,4.105911,0.279835,1.634700,0.000000,3.000000,4.115435,0.004988,0.000340,-0.021336,0.002866,-0.005533,0.386774,-0.017701,0.529201,0.510580,-0.022896,0.516935,-0.001600,-0.173840
4.796000,5.198121,-0.223761,2.823250,3.607729,0.350867,1.778170,0.000000,3.000000,3.624750,0.004977,0.000484,-0.021133,0.002384,-0.006508,0.386562,-0.017682,0.529133,0.510630,-0.022892,0.516935,-0.001600,-0.164348
4.806000,4.956253,-0.174221,2.814107,3.365861,0.400407,1.769026,0.000000,3.000000,3.389594,0.004965,0.000591,-0.020931,0.001717,-0.007222,0.386358,-0.017667,0.529063,0.510680,-0.022886,0.516935,-0.001600,-0.157009
4.816000,5.039396,-0.200655,2.818079,3.449004,0.373974,1.772998,0.000000,3.000000,3.469219,0.004971,0.000539,-0.021622,0.002909,-0.007116,0.386141,-0.017646,0.528996,0.510730,-0.022880,0.516935,-0.001600,-0.156718
4.826000,5.473269,-0.318600,2.770520,3.882877,0.256028,1.725439,0.000000,3.000000,3.891309,0.004989,0.000329,-0.023119,0.001996,-0.006367,0.385908,-0.017628,0.528939,0.510779,-0.022876,0.516935,-0.001600,-0.162047
4.836000,6.072321,-0.340410,2.685987,4.481929,0.234218,1.640906,0.000000,3.000000,4.488045,0.004993,0.000261,-0.024816,0.001549,-0.003799,0.385661,-0.017607,0.528899,0.510829,-0.022873,0.516935,-0.001600,-0.183113
4.846000,6.310858,-0.368777,2.630452,4.720466,0.205851,1.585371,0.000000,3.000000,4.724952,0.004995,0.000218,-0.024905,0.001372,-0.003798,0.385409,-0.017586,0.528861,0.510879,-0.022871,0.516935,-0.001600,-0.182435
4.856000,5.969931,-0.315549,2.625976,4.379539,0.259080,1.580895,0.000000,3.000000,4.387196,0.004991,0.000295,-0.023341,0.002874,-0.004239,0.385169,-0.017559,0.528827,0.510929,-0.022868,0.516935,-0.001600,-0.178087
4.866000,5.485081,-0.344595,2.691401,3.894689,0.230034,1.646320,0.000000,3.000000,3.901476,0.004991,0.000295,-0.023256,0.002635,-0.006216,0.384935,-0.017533,0.528767,0.510979,-0.022865,0.516935,-0.001600,-0.160219
4.876000,5.232526,-0.386415,2.772923,3.642134,0.188213,1.727843,0.000000,3.000000,3.646994,0.004993,0.000258,-0.023394,0.003313,-0.005958,0.384703,-0.017506,0.528711,0.511029,-0.022863,0.516935,-0.001600,-0.161416
4.886000,5.375168,-0.399692,2.710976,3.784776,0.174936,1.665896,0.000000,3.000000,3.788817,0.004995,0.000231,-0.023552,0.002350,-0.004668,0.384468,-0.017481,0.528666,0.511079,-0.022860,0.516935,-0.001600,-0.171547
4.896000,5.669009,-0.462595,2.609212,4.078617,0.112033,1.564131,0.000000,3.000000,4.080156,0.004998,0.000137,-0.024121,0.003031,-0.002448,0.384228,-0.017456,0.528634,0.511129,-0.022858,0.516935,-0.001600,-0.189810
4.906000,5.800925,-0.515191,2.633983,4.210533,0.059437,1.588902,0.000000,3.000000,4.210953,0.005000,0.000071,-0.023014,0.001642,-0.002899,0.383995,-0.017435,0.528606,0.511179,-0.022857,0.516935,-0.001600,-0.185477
4.916000,5.792886,-0.498066,2.670518,4.202494,0.076562,1.625437,0.000000,3.000000,4.203191,0.004999,0.000091,-0.022186,0.001571,-0.002582,0.383769,-0.017412,0.528590,0.511229,-0.022856,0.516935,-0.001600,-0.187885
4.926000,5.560525,-0.467993,2.745331,3.970133,0.106635,1.700250,0.000000,3.000000,3.971565,0.004998,0.000134,-0.021104,0.001265,0.000421,0.383559,-0.017390,0.528580,0.511279,-0.022855,0.516935,-0.001600,-0.213173
4.936000,5.473430,-0.505948,2.772110,3.883038,0.068681,1.727029,0.000000,3.000000,3.883645,0.004999,0.000088,-0.020735,0.002328,-0.000794,0.383354,-0.017367,0.528570,0.511329,-0.022854,0.516935,-0.001600,-0.202687
4.946000,5.551242,-0.541659,2.756799,3.960850,0.032969,1.711718,0.000000,3.000000,3.960987,0.005000,0.000042,-0.021304,0.001675,0.002395,0.383147,-0.017347,0.528584,0.511379,-0.022854,0.516935,-0.001600,-0.230004
4.956000,5.521952,-0.509579,2.776771,3.931560,0.065049,1.731690,0.000000,3.000000,3.932098,0.004999,0.000083,-0.019802,0.001155,0.001451,0.382946,-0.017328,0.528594,0.511429,-0.022853,0.516935,-0.001600,-0.222172
4.966000,5.265750,-0.449253,2.774214,3.675358,0.125375,1.729133,0.000000,3.000000,3.677496,0.004997,0.000170,-0.018534,0.001371,0.002733,0.382754,-0.017311,0.528619,0.511479,-0.022852,0.516935,-0.001600,-0.233488
4.976000,4.960781,-0.472851,2.774524,3.370388,0.101778,1.729443,0.000000,3.000000,3.371925,0.004998,0.000151,-0.017564,0.001760,0.004047,0.382576,-0.017294,0.528655,0.511529,-0.022850,0.516935,-0.001600,-0.245306
4.986000,4.885339,-0.470011,2.805095,3.294947,0.104617,1.760014,0.000000,3.000000,3.296607,0.004997,0.000159,-0.016787,0.001838,0.005385,0.382409,-0.017277,0.528709,0.511579,-0.022849,0.516935,-0.001600,-0.257611
4.996000,5.120722,-0.476741,2.796048,3.530330,0.097887,1.750967,0.000000,3.000000,3.531687,0.004998,0.000139,-0.017086,0.000964,0.007422,0.382238,-0.017265,0.528782,0.511629,-0.022847,0.516935,-0.001600,-0.276222
5.006000,5.697612,-0.522009,2.701824,4.107220,0.052619,1.656743,0.000000,3.000000,4.107557,0.005000,0.000064,-0.018043,0.000801,0.011826,0.382057,-0.017249,0.528890,0.511679,-0.022846,0.516935,-0.001600,-0.315535
5.016000,6.091680,-0.505984,2.673769,4.501288,0.068644,1.628688,0.000000,3.000000,4.501811,0.004999,0.000076,-0.018015,0.001038,0.011910,0.381875,-0.017232,0.529017,0.511729,-0.022845,0.516935,-0.001600,-0.318519
5.026000,5.893549,-0.479957,2.698476,4.303157,0.094671,1.653395,0.000000,3.000000,4.304199,0.004999,0.000110,-0.016912,0.001138,0.013152,0.381702,-0.017216,0.529155,0.511779,-0.022844,0.516935,-0.001600,-0.331556
5.036000,5.508885,-0.453432,2.743295,3.918493,0.121196,1.698214,0.000000,3.000000,3.920367,0.004998,0.000155,-0.015987,0.001258,0.013917,0.381542,-0.017199,0.529295,0.511829,-0.022843,0.516935,-0.001600,-0.340566
5.046000,5.166671,-0.417682,2.779393,3.576279,0.156947,1.734313,0.000000,3.000000,3.579721,0.004995,0.000219,-0.014500,0.001220,0.013597,0.381394,-0.017180,0.529434,0.511879,-0.022841,0.516935,-0.001600,-0.340351
5.056000,4.910375,-0.387975,2.822295,3.319983,0.186653,1.777214,0.000000,3.000000,3.325226,0.004992,0.000281,-0.013462,0.002512,0.014701,0.381258,-0.017161,0.529578,0.511929,-0.022838,0.516935,-0.001600,-0.352301
5.066000,5.061691,-0.388132,2.845014,3.471299,0.186496,1.799934,0.000000,3.000000,3.476305,0.004993,0.000268,-0.013423,0.000913,0.014847,0.381125,-0.017149,0.529723,0.511979,-0.022836,0.516935,-0.001600,-0.356171
5.076000,5.636376,-0.452751,2.776904,4.045984,0.121877,1.731823,0.000000,3.000000,4.047819,0.004998,0.000151,-0.015086,0.001654,0.016961,0.380977,-0.017134,0.529889,0.512029,-0.022834,0.516935,-0.001600,-0.377088
5.086000,6.157644,-0.516859,2.777878,4.567252,0.057769,1.732797,0.000000,3.000000,4.567617,0.005000,0.000063,-0.015319,0.000955,0.016474,0.380823,-0.017121,0.530058,0.512079,-0.022833,0.516935,-0.001600,-0.375994
5.096000,6.308128,-0.464548,2.795426,4.717736,0.110080,1.750345,0.000000,3.000000,4.719020,0.004999,0.000117,-0.015863,0.001572,0.015558,0.380661,-0.017108,0.530225,0.512129,-0.022832,0.516935,-0.001600,-0.371229
5.106000,5.902500,-0.397652,2.948669,4.312108,0.176976,1.903588,0.000000,3.000000,4.315738,0.004996,0.000205,-0.014584,0.000995,0.014228,0.380510,-0.017096,0.530375,0.512178,-0.022830,0.516935,-0.001600,-0.362643
5.116000,5.402554,-0.369343,3.158250,3.812161,0.205285,2.113169,0.000000,3.000000,3.817685,0.004993,0.000269,-0.013184,0.001773,0.011367,0.380373,-0.017078,0.530497,0.512228,-0.022828,0.516935,-0.001600,-0.340560
5.126000,5.025082,-0.289499,3.292238,3.434690,0.285129,2.247157,0.000000,3.000000,3.446504,0.004983,0.000414,-0.012993,0.001625,0.010587,0.380242,-0.017064,0.530607,0.512278,-0.022824,0.516935,-0.001600,-0.335922
5.136000,5.071410,-0.257654,3.314558,3.481018,0.316974,2.269477,0.000000,3.000000,3.495420,0.004979,0.000453,-0.013501,0.000896,0.010690,0.380111,-0.017049,0.530706,0.512328,-0.022820,0.516935,-0.001600,-0.338585
5.146000,5.513487,-0.240512,3.208621,3.923095,0.334116,2.163540,0.000000,3.000000,3.937297,0.004982,0.000424,-0.014190,0.001202,0.011035,0.379971,-0.017034,0.530814,0.512378,-0.022815,0.516935,-0.001600,-0.343456
5.156000,5.865535,-0.306428,3.197490,4.275143,0.268200,2.152409,0.000000,3.000000,4.283548,0.004990,0.000313,-0.013888,0.001152,0.011274,0.379829,-0.017018,0.530927,0.512428,-0.022812,0.516935,-0.001600,-0.347522
5.166000,6.110431,-0.312957,3.152863,4.520039,0.261672,2.107782,0.000000,3.000000,4.527607,0.004992,0.000289,-0.014632,0.001560,0.010827,0.379682,-0.017004,0.531036,0.512478,-0.022809,0.516935,-0.001600,-0.345687
5.176000,6.072164,-0.297639,3.159409,4.481772,0.276989,2.114328,0.000000,3.000000,4.490323,0.004990,0.000308,-0.014332,0.002074,0.010435,0.379538,-0.016988,0.531143,0.512528,-0.022806,0.516935,-0.001600,-0.344272
5.186000,5.859143,-0.274967,3.221195,4.268751,0.299662,2.176114,0.000000,3.000000,4.279256,0.004988,0.000350,-0.014107,0.001724,0.008967,0.379396,-0.016975,0.531235,0.512577,-0.022802,0.516935,-0.001600,-0.333471
5.196000,5.562664,-0.214843,3.222848,3.972272,0.359785,2.177767,0.000000,3.000000,3.988532,0.004980,0.000451,-0.014627,0.001006,0.007515,0.379256,-0.016961,0.531316,0.512627,-0.022798,0.516935,-0.001600,-0.322624
5.206000,5.364942,-0.203749,3.243990,3.774550,0.370879,2.198909,0.000000,3.000000,3.792727,0.004976,0.000489,-0.014897,0.001969,0.007978,0.379103,-0.016943,0.531398,0.512677,-0.022794,0.516935,-0.001600,-0.328029
5.216000,5.424684,-0.253808,3.191427,3.834292,0.320820,2.146346,0.000000,3.000000,3.847690,0.004983,0.000417,-0.016448,0.001904,0.007702,0.378943,-0.016924,0.531471,0.512727,-0.022789,0.516935,-0.001600,-0.326992
5.226000,5.534318,-0.246725,3.224257,3.943926,0.327903,2.179176,0.000000,3.000000,3.957534,0.004983,0.000414,-0.017968,0.002346,0.008042,0.378767,-0.016902,0.531543,0.512777,-0.022785,0.516935,-0.001600,-0.331179
5.236000,5.787306,-0.270033,3.168386,4.196914,0.304596,2.123305,0.000000,3.000000,4.207953,0.004987,0.000362,-0.017956,0.002074,0.007637,0.378584,-0.016883,0.531622,0.512827,-0.022781,0.516935,-0.001600,-0.329171
5.246000,5.871280,-0.234220,3.100269,4.280888,0.340408,2.055188,0.000000,3.000000,4.294401,0.004984,0.000396,-0.018590,0.002090,0.008207,0.378394,-0.016865,0.531710,0.512876,-0.022777,0.516935,-0.001600,-0.335587
5.256000,5.683290,-0.215303,3.168071,4.092898,0.359325,2.122991,0.000000,3.000000,4.108641,0.004981,0.000437,-0.018146,0.001593,0.007500,0.378212,-0.016848,0.531792,0.512926,-0.022773,0.516935,-0.001600,-0.331052
5.266000,5.527088,-0.192779,3.158744,3.936696,0.381849,2.113663,0.000000,3.000000,3.955171,0.004977,0.000483,-0.016909,0.001721,0.007543,0.378041,-0.016829,0.531874,0.512976,-0.022768,0.516935,-0.001600,-0.332901
5.276000,5.371486,-0.165627,3.185652,3.781094,0.409001,2.140571,0.000000,3.000000,3.803150,0.004971,0.000538,-0.016385,0.001637,0.009260,0.377880,-0.016812,0.531956,0.513026,-0.022763,0.516935,-0.001600,-0.348949
5.286000,5.474887,-0.082397,3.134349,3.884495,0.492231,2.089268,0.000000,3.000000,3.915558,0.004960,0.000629,-0.015607,0.001218,0.009249,0.377718,-0.016798,0.532046,0.513075,-0.022758,0.516935,-0.001600,-0.350480
5.296000,5.698617,-0.053276,3.126501,4.108225,0.521352,2.081420,0.000000,3.000000,4.141174,0.004960,0.000629,-0.015652,0.000802,0.010724,0.377560,-0.016787,0.532149,0.513125,-0.022751,0.516935,-0.001600,-0.364843
5.306000,5.936729,-0.115285,3.117758,4.346337,0.459344,2.072677,0.000000,3.000000,4.370542,0.004972,0.000525,-0.016029,0.001806,0.010986,0.377400,-0.016774,0.532257,0.513175,-0.022745,0.516935,-0.001600,-0.369016
5.316000,5.962450,-0.050231,3.182885,4.372058,0.524397,2.137804,0.000000,3.000000,4.403394,0.004964,0.000595,-0.016802,0.002038,0.009847,0.377236,-0.016760,0.532364,0.513224,-0.022740,0.516935,-0.001600,-0.361272
5.326000,5.886711,0.040138,3.171553,4.296319,0.614766,2.126472,0.000000,3.000000,4.340080,0.004950,0.000708,-0.016822,0.001664,0.010802,0.377070,-0.016750,0.532475,0.513274,-0.022733,0.516935,-0.001600,-0.371371
5.336000,5.683517,0.117899,3.227480,4.093125,0.692527,2.182399,0.000000,3.000000,4.151297,0.004930,0.000834,-0.015489,0.000742,0.010057,0.376912,-0.016742,0.532578,0.513323,-0.022726,0.516935,-0.001600,-0.366904
5.346000,5.447182,0.150354,3.232186,3.856790,0.724983,2.187106,0.000000,3.000000,3.924338,0.004914,0.000924,-0.015674,0.000795,0.009981,0.376756,-0.016731,0.532675,0.513373,-0.022717,0.516935,-0.001600,-0.368010
5.356000,5.380582,0.200732,3.261260,3.790190,0.775360,2.216179,0.000000,3.000000,3.868685,0.004899,0.001002,-0.015869,0.000510,0.009786,0.376602,-0.016723,0.532768,0.513422,-0.022707,0.516935,-0.001600,-0.368030
5.366000,5.498213,0.241581,3.283851,3.907821,0.816209,2.238770,0.000000,3.000000,3.992150,0.004894,0.001022,-0.015975,0.001255,0.009350,0.376444,-0.016713,0.532864,0.513471,-0.022697,0.516935,-0.001600,-0.366056
5.376000,5.666545,0.180915,3.254741,4.076153,0.755543,2.209660,0.000000,3.000000,4.145584,0.004916,0.000911,-0.015863,0.000396,0.010525,0.376284,-0.016704,0.532971,0.513520,-0.022687,0.516935,-0.001600,-0.377945
5.386000,5.863447,0.164567,3.215170,4.273055,0.739195,2.170089,0.000000,3.000000,4.336520,0.004927,0.000852,-0.015846,0.000667,0.010215,0.376126,-0.016694,0.533076,0.513569,-0.022678,0.516935,-0.001600,-0.377214
5.396000,5.877688,0.155775,3.228810,4.287295,0.730404,2.183729,0.000000,3.000000,4.349068,0.004929,0.000840,-0.016952,0.001517,0.010464,0.375963,-0.016682,0.533184,0.513618,-0.022670,0.516935,-0.001600,-0.381264
5.406000,5.893051,0.139123,3.245291,4.302659,0.713751,2.200210,0.000000,3.000000,4.361458,0.004933,0.000818,-0.016498,0.001100,0.009442,0.375797,-0.016666,0.533282,0.513667,-0.022662,0.516935,-0.001600,-0.374359
5.416000,5.734939,0.156504,3.310900,4.144547,0.731132,2.265819,0.000000,3.000000,4.208541,0.004924,0.000869,-0.016556,0.001901,0.009634,0.375631,-0.016651,0.533379,0.513717,-0.022653,0.516935,-0.001600,-0.377728
5.426000,5.671947,0.174306,3.321224,4.081555,0.748934,2.276143,0.000000,3.000000,4.149698,0.004918,0.000902,-0.016431,0.001642,0.009409,0.375468,-0.016638,0.533469,0.513766,-0.022644,0.516935,-0.001600,-0.377445
5.436000,5.620551,0.216332,3.346487,4.030159,0.790960,2.301406,0.000000,3.000000,4.107043,0.004906,0.000963,-0.016884,0.001554,0.009022,0.375304,-0.016625,0.533552,0.513815,-0.022635,0.516935,-0.001600,-0.375657
5.446000,5.611943,0.237912,3.416312,4.021551,0.812540,2.371231,0.000000,3.000000,4.102815,0.004901,0.000990,-0.017988,0.001030,0.007956,0.375125,-0.016615,0.533633,0.513864,-0.022625,0.516935,-0.001600,-0.368070
5.456000,5.571696,0.239532,3.463493,3.981303,0.814160,2.418412,0.000000,3.000000,4.063697,0.004899,0.001002,-0.017563,0.001341,0.006462,0.374946,-0.016607,0.533705,0.513913,-0.022615,0.516935,-0.001600,-0.356684
5.466000,5.522915,0.181277,3.502828,3.932523,0.755905,2.457747,0.000000,3.000000,4.004514,0.004910,0.000944,-0.018717,0.000926,0.006290,0.374764,-0.016599,0.533770,0.513962,-0.022606,0.516935,-0.001600,-0.356405
5.476000,5.575485,0.130532,3.534697,3.985093,0.705160,2.489617,0.000000,3.000000,4.047001,0.004924,0.000871,-0.019339,0.001948,0.006128,0.374574,-0.016586,0.533834,0.514011,-0.022597,0.516935,-0.001600,-0.356169
5.486000,5.663694,0.158448,3.526358,4.073302,0.733077,2.481277,0.000000,3.000000,4.138742,0.004921,0.000886,-0.019723,0.001727,0.005827,0.374376,-0.016573,0.533887,0.514061,-0.022588,0.516935,-0.001600,-0.354575
5.496000,5.661386,0.151154,3.496417,4.070994,0.725782,2.451336,0.000000,3.000000,4.135185,0.004922,0.000878,-0.020431,0.002191,0.005660,0.374172,-0.016561,0.533940,0.514110,-0.022579,0.516935,-0.001600,-0.354107
5.506000,5.733970,0.138567,3.460260,4.143578,0.713196,2.415179,0.000000,3.000000,4.204508,0.004928,0.000848,-0.020751,0.002653,0.004570,0.373962,-0.016545,0.533988,0.514159,-0.022570,0.516935,-0.001600,-0.345726
5.516000,5.698226,0.133519,3.486981,4.107834,0.708147,2.441900,0.000000,3.000000,4.168426,0.004927,0.000849,-0.020906,0.001830,0.004133,0.373755,-0.016531,0.534034,0.514208,-0.022562,0.516935,-0.001600,-0.342850
5.526000,5.578655,0.173776,3.532239,3.988263,0.748405,2.487158,0.000000,3.000000,4.057875,0.004914,0.000922,-0.020933,0.001588,0.002919,0.373543,-0.016515,0.534070,0.514257,-0.022553,0.516935,-0.001600,-0.333200
5.536000,5.494560,0.210108,3.538040,3.904168,0.784736,2.492959,0.000000,3.000000,3.982253,0.004902,0.000985,-0.020406,0.001280,0.003057,0.373338,-0.016500,0.534104,0.514307,-0.022544,0.516935,-0.001600,-0.334976
5.546000,5.569377,0.200006,3.539810,3.978985,0.774634,2.494729,0.000000,3.000000,4.053687,0.004908,0.000955,-0.021532,0.001812,0.002844,0.373127,-0.016485,0.534133,0.514356,-0.022534,0.516935,-0.001600,-0.333690
5.556000,5.819468,0.136669,3.582110,4.229076,0.711298,2.537029,0.000000,3.000000,4.288476,0.004931,0.000829,-0.021682,0.001488,0.003712,0.372913,-0.016471,0.534168,0.514405,-0.022525,0.516935,-0.001600,-0.341681
5.566000,5.947884,0.148670,3.564585,4.357491,0.723298,2.519504,0.000000,3.000000,4.417114,0.004933,0.000819,-0.022031,0.001662,0.003919,0.372697,-0.016456,0.534206,0.514454,-0.022517,0.516935,-0.001600,-0.344128
5.576000,6.009388,0.165200,3.561192,4.418996,0.739829,2.516111,0.000000,3.000000,4.480499,0.004931,0.000826,-0.022084,0.000924,0.003526,0.372475,-0.016444,0.534236,0.514503,-0.022509,0.516935,-0.001600,-0.341333
5.586000,5.903774,0.185347,3.545273,4.313382,0.759975,2.500192,0.000000,3.000000,4.379821,0.004924,0.000868,-0.023093,0.000532,0.002976,0.372242,-0.016432,0.534263,0.514553,-0.022500,0.516935,-0.001600,-0.337148
5.596000,5.605200,0.223238,3.587770,4.014808,0.797866,2.542689,0.000000,3.000000,4.093321,0.004904,0.000975,-0.023671,0.001501,0.000619,0.372014,-0.016419,0.534273,0.514602,-0.022491,0.516935,-0.001600,-0.317332
5.606000,5.414026,0.211334,3.593525,3.823634,0.785962,2.548444,0.000000,3.000000,3.903577,0.004898,0.001007,-0.022416,0.001854,0.001564,0.371783,-0.016406,0.534292,0.514651,-0.022481,0.516935,-0.001600,-0.325684
5.616000,5.412628,0.193955,3.542915,3.822236,0.768583,2.497834,0.000000,3.000000,3.898744,0.004902,0.000986,-0.022054,0.001405,0.001988,0.371558,-0.016395,0.534308,0.514700,-0.022471,0.516935,-0.001600,-0.329590
5.626000,5.558705,0.239060,3.512546,3.968313,0.813688,2.467465,0.000000,3.000000,4.050876,0.004898,0.001004,-0.022404,0.000005,0.002442,0.371333,-0.016388,0.534331,0.514749,-0.022461,0.516935,-0.001600,-0.333836
5.636000,5.750264,0.310674,3.460480,4.159871,0.885302,2.415400,0.000000,3.000000,4.253033,0.004890,0.001041,-0.022917,0.001185,0.002167,0.371104,-0.016383,0.534353,0.514798,-0.022451,0.516935,-0.001600,-0.331914
5.646000,5.850055,0.274770,3.470721,4.259663,0.849398,2.425640,0.000000,3.000000,4.343525,0.004903,0.000978,-0.023987,0.001050,0.001714,0.370867,-0.016377,0.534376,0.514847,-0.022441,0.516935,-0.001600,-0.328473
5.656000,5.862994,0.313563,3.477804,4.272602,0.888191,2.432723,0.000000,3.000000,4.363944,0.004895,0.001018,-0.024520,-0.000004,0.001781,0.370623,-0.016377,0.534394,0.514896,-0.022431,0.516935,-0.001600,-0.329371
5.666000,5.730233,0.383346,3.487966,4.139841,0.957974,2.442885,0.000000,3.000000,4.249235,0.004871,0.001127,-0.023933,-0.000815,0.000772,0.370380,-0.016383,0.534402,0.514945,-0.022420,0.516935,-0.001600,-0.320955
5.676000,5.637635,0.443246,3.511202,4.047243,1.017875,2.466121,0.000000,3.000000,4.173277,0.004849,0.001220,-0.023305,-0.001379,0.001987,0.370152,-0.016396,0.534414,0.514993,-0.022408,0.516935,-0.001600,-0.331469
5.686000,5.704001,0.391442,3.535356,4.113609,0.966071,2.490275,0.000000,3.000000,4.225526,0.004868,0.001143,-0.022236,-0.000921,0.000543,0.369922,-0.016408,0.534421,0.515042,-0.022396,0.516935,-0.001600,-0.319353
5.696000,5.819601,0.372119,3.504289,4.229209,0.946747,2.459208,0.000000,3.000000,4.333882,0.004879,0.001092,-0.022572,-0.001819,0.000593,0.369695,-0.016427,0.534433,0.515090,-0.022385,0.516935,-0.001600,-0.319999
5.706000,5.905606,0.373677,3.482635,4.315213,0.948305,2.437554,0.000000,3.000000,4.418184,0.004883,0.001073,-0.023667,-0.001600,0.001187,0.369459,-0.016444,0.534451,0.515139,-0.022374,0.516935,-0.001600,-0.325356
5.716000,5.922839,0.321045,3.478905,4.332447,0.895674,2.433824,0.000000,3.000000,4.424062,0.004896,0.001012,-0.023030,-0.002922,0.000598,0.369227,-0.016464,0.534457,0.515188,-0.022364,0.516935,-0.001600,-0.320463
5.726000,5.771840,0.327683,3.489116,4.181448,0.902311,2.444035,0.000000,3.000000,4.277695,0.004888,0.001055,-0.023029,-0.001378,-0.001044,0.368995,-0.016480,0.534458,0.515237,-0.022353,0.516935,-0.001600,-0.306539
5.736000,5.681555,0.302281,3.531932,4.091163,0.876909,2.486851,0.000000,3.000000,4.184087,0.004889,0.001048,-0.022479,-0.000443,-0.000888,0.368771,-0.016494,0.534453,0.515286,-0.022343,0.516935,-0.001600,-0.307781
5.746000,5.774291,0.251813,3.603044,4.183899,0.826441,2.557963,0.000000,3.000000,4.264741,0.004905,0.000969,-0.022184,-0.001295,-0.001248,0.368542,-0.016513,0.534443,0.515335,-0.022333,0.516935,-0.001600,-0.304543
5.756000,5.811977,0.240260,3.612389,4.221585,0.814888,2.567308,0.000000,3.000000,4.299514,0.004909,0.000948,-0.023350,-0.000115,-0.002857,0.368314,-0.016525,0.534422,0.515384,-0.022323,0.516935,-0.001600,-0.290518
5.766000,6.040923,0.251722,3.610622,4.450531,0.826350,2.565541,0.000000,3.000000,4.526597,0.004916,0.000913,-0.024161,-0.001771,-0.002605,0.368068,-0.016545,0.534406,0.515433,-0.022314,0.516935,-0.001600,-0.292373
5.776000,6.144808,0.264302,3.593635,4.554416,0.838931,2.548555,0.000000,3.000000,4.631038,0.004917,0.000906,-0.024653,-0.001387,-0.002134,0.367824,-0.016559,0.534384,0.515482,-0.022305,0.516935,-0.001600,-0.295961
5.786000,6.358423,0.227502,3.601924,4.768031,0.802130,2.556844,0.000000,3.000000,4.835032,0.004931,0.000829,-0.024632,-0.002007,-0.003701,0.367581,-0.016571,0.534352,0.515532,-0.022296,0.516935,-0.001600,-0.282100
5.796000,6.485080,0.102263,3.565991,4.894688,0.676892,2.520911,0.000000,3.000000,4.941270,0.004953,0.000685,-0.025159,-0.000354,-0.002335,0.367337,-0.016575,0.534320,0.515581,-0.022289,0.516935,-0.001600,-0.293103
5.806000,6.619520,0.016034,3.478769,5.029128,0.590662,2.433688,0.000000,3.000000,5.063695,0.004966,0.000583,-0.024437,0.000413,-0.003739,0.367094,-0.016574,0.534278,0.515631,-0.022283,0.516935,-0.001600,-0.280446
5.816000,6.633796,0.022352,3.465861,5.043404,0.596981,2.420780,0.000000,3.000000,5.078613,0.004965,0.000588,-0.024026,-0.000039,-0.005789,0.366852,-0.016572,0.534227,0.515680,-0.022277,0.516935,-0.001600,-0.262135
5.826000,6.582362,-0.034599,3.488523,4.991969,0.540030,2.443442,0.000000,3.000000,5.021095,0.004971,0.000538,-0.023623,0.000728,-0.006687,0.366615,-0.016563,0.534166,0.515730,-0.022271,0.516935,-0.001600,-0.253412
5.836000,6.465398,-0.081474,3.501808,4.875006,0.493154,2.456727,0.000000,3.000000,4.899886,0.004975,0.000503,-0.023054,0.000922,-0.007107,0.366386,-0.016550,0.534090,0.515780,-0.022266,0.516935,-0.001600,-0.248478
5.846000,6.463623,-0.080449,3.415466,4.873231,0.494180,2.370386,0.000000,3.000000,4.898223,0.004974,0.000504,-0.022810,0.000781,-0.007822,0.366158,-0.016531,0.534010,0.515829,-0.022261,0.516935,-0.001600,-0.240980
5.856000,6.484515,-0.106990,3.420798,4.894123,0.467638,2.375717,0.000000,3.000000,4.916414,0.004977,0.000476,-0.023367,0.002481,-0.009632,0.365929,-0.016507,0.533910,0.515879,-0.022256,0.516935,-0.001600,-0.223810
5.866000,6.785509,-0.124742,3.397591,5.195117,0.449887,2.352511,0.000000,3.000000,5.214560,0.004981,0.000431,-0.024802,0.001326,-0.009923,0.365682,-0.016488,0.533811,0.515929,-0.022252,0.516935,-0.001600,-0.219554
5.876000,7.068504,-0.137101,3.351966,5.478112,0.437527,2.306885,0.000000,3.000000,5.495556,0.004984,0.000398,-0.027049,0.002428,-0.011229,0.365415,-0.016464,0.533697,0.515979,-0.022247,0.516935,-0.001600,-0.206423
5.886000,7.156635,-0.114373,3.396684,5.566243,0.460256,2.351603,0.000000,3.000000,5.585239,0.004983,0.000412,-0.029043,0.002931,-0.012970,0.365122,-0.016439,0.533572,0.516029,-0.022243,0.516935,-0.001600,-0.189399
5.896000,6.582776,-0.067660,3.590879,4.992384,0.506968,2.545798,0.000000,3.000000,5.018059,0.004974,0.000505,-0.028223,0.003035,-0.016092,0.364840,-0.016415,0.533414,0.516078,-0.022239,0.516935,-0.001600,-0.160064
5.906000,5.927356,0.038716,3.803880,4.336964,0.613345,2.758799,0.000000,3.000000,4.380120,0.004951,0.000700,-0.027861,0.002203,-0.016818,0.364563,-0.016392,0.533240,0.516128,-0.022233,0.516935,-0.001600,-0.150781
5.916000,5.853643,0.074173,3.820163,4.263250,0.648801,2.775082,0.000000,3.000000,4.312337,0.004943,0.000752,-0.028465,0.001524,-0.018226,0.364287,-0.016370,0.533059,0.516178,-0.022225,0.516935,-0.001600,-0.135577
5.926000,6.361399,0.026021,3.787703,4.771007,0.600650,2.742622,0.000000,3.000000,4.808668,0.004961,0.000625,-0.031383,0.001784,-0.017172,0.363973,-0.016344,0.532897,0.516227,-0.022218,0.516935,-0.001600,-0.141598
5.936000,7.192178,-0.015002,3.801085,5.601786,0.559626,2.756004,0.000000,3.000000,5.629671,0.004975,0.000497,-0.034318,0.002666,-0.016727,0.363635,-0.016316,0.532730,0.516277,-0.022213,0.516935,-0.001600,-0.142367
5.946000,7.271440,0.061596,3.808633,5.681048,0.636224,2.763553,0.000000,3.000000,5.716562,0.004969,0.000556,-0.034059,0.002012,-0.018484,0.363294,-0.016295,0.532548,0.516326,-0.022208,0.516935,-0.001600,-0.124194
5.956000,6.929452,0.113407,3.981553,5.339060,0.688035,2.936472,0.000000,3.000000,5.383210,0.004959,0.000639,-0.033792,0.002703,-0.020861,0.362955,-0.016272,0.532342,0.516376,-0.022202,0.516935,-0.001600,-0.100309
5.966000,6.626119,0.090925,4.089605,5.035727,0.665553,3.044525,0.000000,3.000000,5.079518,0.004957,0.000655,-0.034607,0.002563,-0.021256,0.362610,-0.016247,0.532134,0.516426,-0.022195,0.516935,-0.001600,-0.093210
5.976000,6.463575,0.111755,4.123795,4.873183,0.686383,3.078714,0.000000,3.000000,4.921283,0.004951,0.000697,-0.033769,0.003725,-0.022374,0.362270,-0.016218,0.531908,0.516475,-0.022188,0.516935,-0.001600,-0.079657
5.986000,6.377014,0.162867,4.278408,4.786622,0.737495,3.233328,0.000000,3.000000,4.843103,0.004942,0.000761,-0.033513,0.002807,-0.023578,0.361939,-0.016198,0.531667,0.516525,-0.022181,0.516935,-0.001600,-0.065111
5.996000,6.493943,0.181626,4.456951,4.903551,0.756254,3.411870,0.000000,3.000000,4.961525,0.004942,0.000762,-0.033839,0.001951,-0.024134,0.361599,-0.016174,0.531432,0.516574,-0.022173,0.516935,-0.001600,-0.056159
6.006000,6.837278,0.085706,4.508246,5.246886,0.660334,3.463165,0.000000,3.000000,5.288275,0.004961,0.000624,-0.034988,0.002541,-0.022222,0.361248,-0.016146,0.531202,0.516624,-0.022167,0.516935,-0.001600,-0.068240
6.016000,7.239200,0.025963,4.492158,5.648808,0.600592,3.447077,0.000000,3.000000,5.680647,0.004972,0.000529,-0.035395,0.002137,-0.019383,0.360893,-0.016116,0.530997,0.516673,-0.022161,0.516935,-0.001600,-0.088647
6.026000,7.296391,0.012178,4.658882,5.705998,0.586806,3.613801,0.000000,3.000000,5.736093,0.004974,0.000512,-0.035422,0.003362,-0.021872,0.360536,-0.016083,0.530778,0.516723,-0.022156,0.516935,-0.001600,-0.063589
6.036000,6.849537,0.032619,4.574783,5.259145,0.607247,3.529702,0.000000,3.000000,5.294086,0.004967,0.000574,-0.035008,0.002617,-0.020928,0.360188,-0.016053,0.530573,0.516773,-0.022150,0.516935,-0.001600,-0.067898
6.046000,6.455099,0.040759,4.338750,4.864707,0.615388,3.293670,0.000000,3.000000,4.903476,0.004960,0.000628,-0.035362,0.002735,-0.021124,0.359838,-0.016023,0.530349,0.516822,-0.022144,0.516935,-0.001600,-0.062198
6.056000,6.841778,-0.014172,4.181384,5.251386,0.560456,3.136304,0.000000,3.000000,5.281208,0.004972,0.000531,-0.036331,0.003887,-0.019539,0.359480,-0.015987,0.530151,0.516872,-0.022138,0.516935,-0.001600,-0.072097
6.066000,7.336115,-0.120327,3.967755,5.745722,0.454301,2.922674,0.000000,3.000000,5.763655,0.004984,0.000394,-0.038242,0.004071,-0.020119,0.359105,-0.015951,0.529949,0.516922,-0.022134,0.516935,-0.001600,-0.063531
6.076000,7.951289,-0.192486,3.591114,6.360897,0.382143,2.546033,0.000000,3.000000,6.372366,0.004991,0.000300,-0.040968,0.002945,-0.017866,0.358705,-0.015921,0.529773,0.516972,-0.022130,0.516935,-0.001600,-0.079488
6.086000,8.296019,-0.241416,3.483501,6.705627,0.333212,2.438420,0.000000,3.000000,6.713901,0.004994,0.000248,-0.041890,0.003695,-0.017353,0.358294,-0.015882,0.529597,0.517022,-0.022128,0.516935,-0.001600,-0.080672
6.096000,8.494380,-0.317628,3.597159,6.903988,0.257000,2.552078,0.000000,3.000000,6.908770,0.004997,0.000186,-0.043260,0.004516,-0.020088,0.357855,-0.015837,0.529402,0.517072,-0.022125,0.516935,-0.001600,-0.053951
6.106000,8.429535,-0.314011,3.786036,6.839142,0.260618,2.740955,0.000000,3.000000,6.844106,0.004996,0.000190,-0.044340,0.004237,-0.021102,0.357412,-0.015798,0.529196,0.517122,-0.022124,0.516935,-0.001600,-0.041634
6.116000,8.478468,-0.326116,4.100706,6.888076,0.248512,3.055625,0.000000,3.000000,6.892558,0.004997,0.000180,-0.046421,0.003208,-0.022734,0.356955,-0.015762,0.528976,0.517171,-0.022122,0.516935,-0.001600,-0.023831
6.126000,8.761472,-0.373318,4.511012,7.171080,0.201310,3.465931,0.000000,3.000000,7.173905,0.004998,0.000140,-0.048997,0.003860,-0.023942,0.356477,-0.015724,0.528746,0.517221,-0.022120,0.516935,-0.001600,-0.009445
6.136000,8.985951,-0.304067,4.642744,7.395559,0.270561,3.597664,0.000000,3.000000,7.400506,0.004997,0.000183,-0.051311,0.001648,-0.025521,0.355968,-0.015694,0.528492,0.517271,-0.022119,0.516935,-0.001600,0.008528
6.146000,8.592480,-0.130957,4.964730,7.002088,0.443672,3.919649,0.000000,3.000000,7.016130,0.004990,0.000316,-0.052066,0.002341,-0.028846,0.355447,-0.015663,0.528200,0.517321,-0.022116,0.516935,-0.001600,0.042001
6.156000,7.997678,0.036149,5.264413,6.407286,0.610777,4.219332,0.000000,3.000000,6.436332,0.004977,0.000474,-0.052632,0.003518,-0.032890,0.354923,-0.015631,0.527877,0.517371,-0.022112,0.516935,-0.001600,0.082136
6.166000,7.380001,0.137682,5.213446,5.789608,0.712310,4.168365,0.000000,3.000000,5.833262,0.004963,0.000611,-0.051722,0.003095,-0.034955,0.354407,-0.015602,0.527537,0.517421,-0.022107,0.516935,-0.001600,0.105770
6.176000,7.354861,0.051480,5.527932,5.764469,0.626108,4.482851,0.000000,3.000000,5.798371,0.004971,0.000540,-0.053086,0.003149,-0.032071,0.353880,-0.015570,0.527196,0.517471,-0.022101,0.516935,-0.001600,0.087433
6.186000,7.947234,-0.034384,5.551351,6.356842,0.540244,4.506270,0.000000,3.000000,6.379757,0.004982,0.000423,-0.052289,0.003490,-0.030707,0.353354,-0.015534,0.526878,0.517520,-0.022096,0.516935,-0.001600,0.081591
6.196000,8.258114,0.005353,5.611721,6.667722,0.579982,4.566640,0.000000,3.000000,6.692898,0.004981,0.000433,-0.053756,0.002943,-0.030777,0.352823,-0.015501,0.526571,0.517570,-0.022092,0.516935,-0.001600,0.087717
6.206000,8.565551,0.157329,5.399484,6.975159,0.731957,4.354404,0.000000,3.000000,7.013458,0.004973,0.000522,-0.055267,0.001944,-0.027489,0.352276,-0.015483,0.526290,0.517620,-0.022087,0.516935,-0.001600,0.064871
6.216000,8.725406,0.193679,4.615188,7.135014,0.768307,3.570107,0.000000,3.000000,7.176261,0.004971,0.000535,-0.055824,0.001719,-0.025400,0.351715,-0.015466,0.526051,0.517670,-0.022082,0.516935,-0.001600,0.051438
6.226000,7.964328,0.255190,4.376454,6.373935,0.829818,3.331373,0.000000,3.000000,6.427725,0.004958,0.000645,-0.055480,0.002742,-0.026060,0.351161,-0.015445,0.525787,0.517719,-0.022076,0.516935,-0.001600,0.061796
6.236000,7.016036,0.298939,4.080579,5.425644,0.873568,3.035498,0.000000,3.000000,5.495519,0.004936,0.000795,-0.054703,0.001459,-0.025476,0.350615,-0.015430,0.525527,0.517769,-0.022069,0.516935,-0.001600,0.061521
6.246000,6.796264,0.238379,4.048109,5.205872,0.813007,3.003028,0.000000,3.000000,5.268973,0.004940,0.000772,-0.054402,0.002705,-0.027408,0.350079,-0.015406,0.525268,0.517818,-0.022061,0.516935,-0.001600,0.082586
6.256000,7.281587,0.077080,4.272400,5.691194,0.651708,3.227319,0.000000,3.000000,5.728387,0.004968,0.000569,-0.055940,0.002580,-0.020617,0.349512,-0.015383,0.525028,0.517868,-0.022054,0.516935,-0.001600,0.029262
6.266000,8.822123,-0.043609,4.070231,7.231731,0.531019,3.025151,0.000000,3.000000,7.251201,0.004987,0.000366,-0.059374,0.002567,-0.018668,0.348927,-0.015356,0.524851,0.517917,-0.022049,0.516935,-0.001600,0.015914
6.276000,9.779177,-0.193102,4.202201,8.188785,0.381526,3.157120,0.000000,3.000000,8.197668,0.004995,0.000233,-0.061104,0.003510,-0.016759,0.348317,-0.015324,0.524687,0.517967,-0.022046,0.516935,-0.001600,0.002666
6.286000,9.972116,-0.311811,4.228746,8.381724,0.262817,3.183665,0.000000,3.000000,8.385843,0.004998,0.000157,-0.062585,0.003867,-0.013440,0.347693,-0.015284,0.524550,0.518017,-0.022045,0.516935,-0.001600,-0.023018
6.296000,9.072289,-0.260343,4.452070,7.481897,0.314285,3.406989,0.000000,3.000000,7.488495,0.004996,0.000210,-0.059450,0.004160,-0.018317,0.347088,-0.015241,0.524376,0.518067,-0.022043,0.516935,-0.001600,0.021498
6.306000,7.044161,-0.086494,4.710002,5.453769,0.488134,3.664921,0.000000,3.000000,5.475570,0.004980,0.000446,-0.056291,0.004510,-0.019334,0.346517,-0.015197,0.524183,0.518117,-0.022040,0.516935,-0.001600,0.033602
6.316000,5.762648,-0.005856,5.158219,4.172256,0.568772,4.113138,0.000000,3.000000,4.210846,0.004954,0.000675,-0.054449,0.004314,-0.023283,0.345981,-0.015151,0.523941,0.518167,-0.022034,0.516935,-0.001600,0.071455
6.326000,5.410805,0.062914,5.535553,3.820413,0.637542,4.490472,0.000000,3.000000,3.873244,0.004932,0.000823,-0.053263,0.004606,-0.022750,0.345443,-0.015099,0.523714,0.518216,-0.022026,0.516935,-0.001600,0.071024
6.336000,6.524061,-0.038621,5.629109,4.933669,0.536007,4.584028,0.000000,3.000000,4.962700,0.004971,0.000540,-0.055045,0.005147,-0.019291,0.344899,-0.015051,0.523519,0.518266,-0.022019,0.516935,-0.001600,0.045180
6.346000,8.178666,-0.144041,5.573784,6.588273,0.430587,4.528703,0.000000,3.000000,6.602329,0.004989,0.000326,-0.057998,0.004905,-0.015843,0.344323,-0.015006,0.523346,0.518316,-0.022015,0.516935,-0.001600,0.019033
6.356000,9.482269,-0.199259,4.662282,7.891877,0.375370,3.617201,0.000000,3.000000,7.900799,0.004994,0.000238,-0.059986,0.004819,-0.011848,0.343722,-0.014961,0.523240,0.518366,-0.022012,0.516935,-0.001600,-0.012953
6.366000,9.013853,-0.155214,4.314869,7.423461,0.419415,3.269788,0.000000,3.000000,7.435299,0.004992,0.000282,-0.059023,0.005576,-0.013792,0.343122,-0.014910,0.523114,0.518415,-0.022010,0.516935,-0.001600,0.005811
6.376000,7.573776,-0.039322,3.969567,5.983384,0.535306,2.924486,0.000000,3.000000,6.007282,0.004980,0.000446,-0.056871,0.005936,-0.013109,0.342550,-0.014855,0.522980,0.518465,-0.022006,0.516935,-0.001600,0.002430
6.386000,6.332001,-0.018576,3.961011,4.741609,0.556053,2.915930,0.000000,3.000000,4.774102,0.004966,0.000582,-0.055424,0.005672,-0.018144,0.341995,-0.014800,0.522803,0.518515,-0.022001,0.516935,-0.001600,0.048337
6.396000,6.319384,-0.083425,4.304021,4.728992,0.491203,3.258940,0.000000,3.000000,4.754434,0.004973,0.000517,-0.056283,0.005660,-0.016424,0.341442,-0.014746,0.522621,0.518565,-0.021995,0.516935,-0.001600,0.037021
6.406000,7.665412,-0.208222,4.261750,6.075020,0.366407,3.216669,0.000000,3.000000,6.086059,0.004991,0.000301,-0.059438,0.004799,-0.011408,0.340845,-0.014696,0.522503,0.518615,-0.021991,0.516935,-0.001600,-0.003430
6.416000,9.711964,-0.424374,4.464414,8.121572,0.150255,3.419333,0.000000,3.000000,8.122962,0.004999,0.000092,-0.065654,0.004748,-0.010041,0.340196,-0.014644,0.522394,0.518665,-0.021990,0.516935,-0.001600,-0.013067
6.426000,10.842666,-0.483742,4.453097,9.252273,0.090886,3.408016,0.000000,3.000000,9.252720,0.005000,0.000049,-0.067859,0.005696,-0.010472,0.339520,-0.014590,0.522303,0.518714,-0.021989,0.516935,-0.001600,-0.007755
6.436000,9.935755,-0.404449,4.754034,8.345363,0.170179,3.708953,0.000000,3.000000,8.347098,0.004999,0.000102,-0.065541,0.005223,-0.016305,0.338855,-0.014538,0.522157,0.518764,-0.021988,0.516935,-0.001600,0.044361
6.446000,7.434106,-0.121820,5.125173,5.843713,0.452808,4.080092,0.000000,3.000000,5.861230,0.004985,0.000386,-0.061638,0.006092,-0.020957,0.338231,-0.014482,0.521961,0.518814,-0.021986,0.516935,-0.001600,0.087361
6.456000,5.577920,0.073611,5.509088,3.987528,0.648239,4.464008,0.000000,3.000000,4.039875,0.004935,0.000802,-0.058168,0.006000,-0.025625,0.337643,-0.014423,0.521711,0.518864,-0.021980,0.516935,-0.001600,0.131479
6.466000,4.854263,0.181805,6.191771,3.263871,0.756433,5.146691,0.000000,3.000000,3.350380,0.004871,0.001129,-0.058800,0.004628,-0.029879,0.337060,-0.014372,0.521421,0.518913,-0.021970,0.516935,-0.001600,0.172784
6.476000,6.032677,0.199597,6.201569,4.442285,0.774225,5.156488,0.000000,3.000000,4.509249,0.004926,0.000858,-0.062165,0.004225,-0.021621,0.336456,-0.014327,0.521193,0.518962,-0.021959,0.516935,-0.001600,0.106818
6.486000,8.311402,0.051607,5.640191,6.721010,0.626235,4.595110,0.000000,3.000000,6.750122,0.004978,0.000464,-0.065166,0.004052,-0.018477,0.335808,-0.014286,0.520998,0.519012,-0.021953,0.516935,-0.001600,0.083660
6.496000,9.502630,0.087224,4.723968,7.912238,0.661852,3.678887,0.000000,3.000000,7.939871,0.004983,0.000417,-0.066269,0.002910,-0.012465,0.335145,-0.014250,0.520875,0.519061,-0.021949,0.516935,-0.001600,0.034854
6.506000,9.325873,0.195832,4.012050,7.735480,0.770460,2.966969,0.000000,3.000000,7.773755,0.004975,0.000496,-0.064363,0.003162,-0.012614,0.334495,-0.014217,0.520757,0.519111,-0.021944,0.516935,-0.001600,0.038240
6.516000,8.031597,0.130944,3.729258,6.441205,0.705572,2.684177,0.000000,3.000000,6.479734,0.004970,0.000544,-0.062414,0.004780,-0.014248,0.333867,-0.014175,0.520617,0.519161,-0.021939,0.516935,-0.001600,0.054629
6.526000,7.107643,0.002884,3.834050,5.517251,0.577513,2.788969,0.000000,3.000000,5.547394,0.004973,0.000521,-0.063117,0.005541,-0.016859,0.333240,-0.014119,0.520460,0.519211,-0.021934,0.516935,-0.001600,0.079602
6.536000,7.290027,-0.006205,4.278983,5.699635,0.568423,3.233902,0.000000,3.000000,5.727909,0.004975,0.000496,-0.064427,0.004749,-0.014814,0.332600,-0.014069,0.520305,0.519260,-0.021929,0.516935,-0.001600,0.065049
6.546000,8.030650,0.050899,4.386019,6.440258,0.625527,3.340938,0.000000,3.000000,6.470565,0.004977,0.000483,-0.067031,0.004580,-0.016115,0.331942,-0.014023,0.520160,0.519310,-0.021924,0.516935,-0.001600,0.078701
6.556000,8.627167,0.034295,4.558431,7.036775,0.608923,3.513350,0.000000,3.000000,7.063072,0.004981,0.000431,-0.067695,0.004518,-0.015607,0.331265,-0.013977,0.520015,0.519360,-0.021919,0.516935,-0.001600,0.077003
6.566000,8.249288,0.039374,4.743016,6.658895,0.614002,3.697936,0.000000,3.000000,6.687143,0.004979,0.000459,-0.066032,0.005838,-0.018726,0.330616,-0.013925,0.519841,0.519410,-0.021915,0.516935,-0.001600,0.106595
6.576000,7.081601,0.036273,5.109572,5.491209,0.610901,4.064492,0.000000,3.000000,5.525086,0.004969,0.000553,-0.062990,0.005834,-0.022915,0.329964,-0.013865,0.519616,0.519459,-0.021910,0.516935,-0.001600,0.146180
6.586000,6.100045,0.095700,5.487086,4.509652,0.670328,4.442005,0.000000,3.000000,4.559200,0.004946,0.000735,-0.061917,0.005247,-0.023904,0.329344,-0.013807,0.519374,0.519509,-0.021903,0.516935,-0.001600,0.158940
6.596000,6.339762,0.094550,5.728192,4.749370,0.669179,4.683112,0.000000,3.000000,4.796281,0.004951,0.000698,-0.061606,0.005190,-0.022885,0.328724,-0.013753,0.519132,0.519558,-0.021896,0.516935,-0.001600,0.154643
6.606000,6.565910,0.136039,5.725969,4.975518,0.710667,4.680888,0.000000,3.000000,5.026015,0.004950,0.000707,-0.061323,0.005118,-0.021031,0.328111,-0.013704,0.518923,0.519608,-0.021889,0.516935,-0.001600,0.142662
6.616000,7.039318,0.049825,5.491694,5.448925,0.624454,4.446614,0.000000,3.000000,5.484590,0.004967,0.000569,-0.061498,0.005527,-0.017345,0.327501,-0.013650,0.518743,0.519658,-0.021882,0.516935,-0.001600,0.114640
6.626000,7.485174,-0.022880,4.721317,5.894782,0.551748,3.676237,0.000000,3.000000,5.920547,0.004978,0.000466,-0.060590,0.005106,-0.015288,0.326895,-0.013596,0.518591,0.519707,-0.021877,0.516935,-0.001600,0.099924
6.636000,7.845127,-0.029793,4.083953,6.254735,0.544836,3.038873,0.000000,3.000000,6.278420,0.004981,0.000434,-0.061301,0.005893,-0.012801,0.326283,-0.013538,0.518472,0.519757,-0.021873,0.516935,-0.001600,0.080948
6.646000,8.047675,-0.009682,3.836442,6.457282,0.564947,2.791361,0.000000,3.000000,6.481949,0.004981,0.000436,-0.061994,0.004808,-0.012146,0.325677,-0.013490,0.518350,0.519807,-0.021869,0.516935,-0.001600,0.077597
6.656000,8.266338,-0.010570,3.661639,6.675946,0.564058,2.616558,0.000000,3.000000,6.699733,0.004982,0.000421,-0.064060,0.005603,-0.011020,0.325026,-0.013433,0.518242,0.519857,-0.021864,0.516935,-0.001600,0.069989
6.666000,7.836743,-0.015628,3.927335,6.246351,0.559000,2.882254,0.000000,3.000000,6.271314,0.004980,0.000446,-0.062442,0.006057,-0.014008,0.324397,-0.013376,0.518107,0.519907,-0.021860,0.516935,-0.001600,0.097767
6.676000,6.784956,0.101277,4.177715,5.194564,0.675906,3.132634,0.000000,3.000000,5.238353,0.004958,0.000645,-0.059792,0.005022,-0.015974,0.323791,-0.013323,0.517953,0.519956,-0.021855,0.516935,-0.001600,0.117229
6.686000,5.642976,0.210485,4.396855,4.052584,0.785113,3.351774,0.000000,3.000000,4.127934,0.004909,0.000951,-0.059582,0.004694,-0.021468,0.323193,-0.013268,0.517754,0.520006,-0.021846,0.516935,-0.001600,0.167421
6.696000,5.336237,0.247870,4.718005,3.745845,0.822498,3.672924,0.000000,3.000000,3.835083,0.004884,0.001072,-0.059042,0.005716,-0.023216,0.322606,-0.013213,0.517527,0.520054,-0.021836,0.516935,-0.001600,0.186334
6.706000,5.780636,0.149039,4.975115,4.190244,0.723667,3.930034,0.000000,3.000000,4.252275,0.004927,0.000851,-0.060928,0.005666,-0.023583,0.321998,-0.013162,0.517286,0.520103,-0.021826,0.516935,-0.001600,0.193787
6.716000,6.899424,0.030077,4.945404,5.309032,0.604705,3.900323,0.000000,3.000000,5.343359,0.004968,0.000566,-0.061572,0.005034,-0.021045,0.321388,-0.013110,0.517075,0.520153,-0.021819,0.516935,-0.001600,0.176052
6.726000,7.131164,0.038020,5.105455,5.540772,0.612648,4.060374,0.000000,3.000000,5.574539,0.004970,0.000550,-0.061233,0.005776,-0.022309,0.320761,-0.013054,0.516848,0.520203,-0.021814,0.516935,-0.001600,0.190856
6.736000,6.556069,0.040358,5.295473,4.965677,0.614986,4.250392,0.000000,3.000000,5.003614,0.004962,0.000615,-0.057445,0.005429,-0.022462,0.320175,-0.013002,0.516628,0.520252,-0.021808,0.516935,-0.001600,0.196138
6.746000,5.711295,0.074292,5.183249,4.120903,0.648920,4.138168,0.000000,3.000000,4.171683,0.004939,0.000778,-0.055116,0.004552,-0.020906,0.319626,-0.012950,0.516413,0.520302,-0.021801,0.516935,-0.001600,0.186801
6.756000,5.768438,0.038654,4.818668,4.178046,0.613282,3.773587,0.000000,3.000000,4.222817,0.004947,0.000726,-0.054332,0.005391,-0.018343,0.319080,-0.012897,0.516220,0.520351,-0.021793,0.516935,-0.001600,0.168517
6.766000,6.194489,-0.044931,4.247615,4.604097,0.529697,3.202534,0.000000,3.000000,4.634467,0.004967,0.000571,-0.055629,0.004002,-0.014876,0.318530,-0.012851,0.516052,0.520401,-0.021787,0.516935,-0.001600,0.142134
6.776000,7.203327,-0.121315,3.775632,5.612935,0.453313,2.730551,0.000000,3.000000,5.631211,0.004984,0.000403,-0.056710,0.004867,-0.012451,0.317957,-0.012802,0.515926,0.520451,-0.021782,0.516935,-0.001600,0.123827
6.786000,7.503900,-0.210304,3.354405,5.913508,0.364324,2.309324,0.000000,3.000000,5.924720,0.004991,0.000307,-0.057727,0.005015,-0.012154,0.317381,-0.012756,0.515811,0.520500,-0.021779,0.516935,-0.001600,0.123370
6.796000,6.852923,-0.088177,3.301001,5.262530,0.486452,2.255920,0.000000,3.000000,5.284966,0.004979,0.000460,-0.056091,0.004837,-0.015562,0.316826,-0.012706,0.515663,0.520550,-0.021775,0.516935,-0.001600,0.154952
6.806000,5.527988,-0.004351,3.586648,3.937596,0.570277,2.541567,0.000000,3.000000,3.978678,0.004948,0.000717,-0.052308,0.004882,-0.017589,0.316286,-0.012655,0.515504,0.520600,-0.021769,0.516935,-0.001600,0.175012
6.816000,4.571694,0.070691,3.830728,2.981302,0.645319,2.785647,0.000000,3.000000,3.050344,0.004887,0.001058,-0.049877,0.004500,-0.018254,0.315778,-0.012604,0.515319,0.520649,-0.021760,0.516935,-0.001600,0.183978
6.826000,4.669271,0.003128,4.062218,3.078879,0.577756,3.017137,0.000000,3.000000,3.132619,0.004914,0.000922,-0.051252,0.003950,-0.021822,0.315267,-0.012559,0.515120,0.520698,-0.021750,0.516935,-0.001600,0.217833
6.836000,5.552244,-0.047266,4.197938,3.961852,0.527363,3.152857,0.000000,3.000000,3.996796,0.004956,0.000660,-0.053743,0.003795,-0.019280,0.314736,-0.012516,0.514927,0.520747,-0.021742,0.516935,-0.001600,0.199752
6.846000,6.724169,-0.121700,4.277624,5.133777,0.452928,3.232543,0.000000,3.000000,5.153718,0.004981,0.000439,-0.054983,0.003932,-0.018059,0.314183,-0.012475,0.514755,0.520797,-0.021737,0.516935,-0.001600,0.192486
6.856000,6.875532,-0.141051,4.312911,5.285140,0.433577,3.267830,0.000000,3.000000,5.302895,0.004983,0.000409,-0.053931,0.004691,-0.019000,0.313643,-0.012430,0.514574,0.520847,-0.021733,0.516935,-0.001600,0.203725
6.866000,6.103786,-0.089575,4.361893,4.513394,0.485053,3.316813,0.000000,3.000000,4.539384,0.004971,0.000534,-0.051136,0.004158,-0.019437,0.313135,-0.012385,0.514380,0.520897,-0.021728,0.516935,-0.001600,0.210923
6.876000,5.073685,-0.001201,4.534481,3.483293,0.573427,3.489400,0.000000,3.000000,3.530177,0.004934,0.000812,-0.046920,0.005460,-0.020924,0.312652,-0.012332,0.514187,0.520946,-0.021721,0.516935,-0.001600,0.227022
6.886000,4.697584,-0.025504,4.546964,3.107192,0.549125,3.501883,0.000000,3.000000,3.155341,0.004924,0.000870,-0.045903,0.004270,-0.018991,0.312188,-0.012287,0.514001,0.520996,-0.021713,0.516935,-0.001600,0.213955
6.896000,5.262208,-0.069406,4.587278,3.671816,0.505223,3.542197,0.000000,3.000000,3.706411,0.004953,0.000682,-0.045621,0.003910,-0.014231,0.311740,-0.012244,0.513863,0.521045,-0.021705,0.516935,-0.001600,0.176049
6.906000,6.465226,-0.249455,4.461480,4.874834,0.325174,3.416399,0.000000,3.000000,4.885668,0.004989,0.000333,-0.046055,0.003924,-0.008837,0.311282,-0.012205,0.513760,0.521095,-0.021700,0.516935,-0.001600,0.132131
6.916000,7.449953,-0.343568,4.034526,5.859560,0.231060,2.989445,0.000000,3.000000,5.864114,0.004996,0.000197,-0.047517,0.003872,-0.004907,0.310807,-0.012168,0.513692,0.521145,-0.021697,0.516935,-0.001600,0.100016
6.926000,7.326947,-0.283242,3.748819,5.736554,0.291386,2.703738,0.000000,3.000000,5.743950,0.004994,0.000254,-0.046670,0.003601,-0.007951,0.310340,-0.012133,0.513620,0.521195,-0.021695,0.516935,-0.001600,0.127143
6.936000,5.932325,-0.132516,3.523685,4.341933,0.442113,2.478604,0.000000,3.000000,4.364384,0.004974,0.000507,-0.044107,0.003608,-0.008913,0.309894,-0.012095,0.513530,0.521244,-0.021692,0.516935,-0.001600,0.136922
6.946000,4.434648,0.030584,3.301155,2.844256,0.605212,2.256074,0.000000,3.000000,2.907933,0.004891,0.001041,-0.041499,0.004370,-0.013884,0.309477,-0.012052,0.513407,0.521294,-0.021684,0.516935,-0.001600,0.181312
6.956000,3.690179,0.068446,3.357231,2.099787,0.643075,2.312150,0.000000,3.000000,2.196053,0.004781,0.001464,-0.040960,0.004342,-0.013443,0.309078,-0.012013,0.513267,0.521342,-0.021671,0.516935,-0.001600,0.180087
6.966000,4.375698,-0.028710,3.276159,2.785306,0.545919,2.231079,0.000000,3.000000,2.838302,0.004907,0.000962,-0.043068,0.003664,-0.013085,0.308648,-0.011975,0.513142,0.521390,-0.021658,0.516935,-0.001600,0.179303
6.976000,5.522121,-0.143172,3.395029,3.931729,0.431456,2.349948,0.000000,3.000000,3.955331,0.004970,0.000545,-0.044115,0.003608,-0.011614,0.308210,-0.011938,0.513022,0.521440,-0.021652,0.516935,-0.001600,0.168984
6.986000,6.716611,-0.202950,3.468501,5.126218,0.371678,2.423420,0.000000,3.000000,5.139675,0.004987,0.000362,-0.046191,0.003685,-0.009605,0.307752,-0.011904,0.512930,0.521490,-0.021647,0.516935,-0.001600,0.153594
6.996000,7.014083,-0.237760,3.587257,5.423691,0.336868,2.542176,0.000000,3.000000,5.434142,0.004990,0.000310,-0.045543,0.003689,-0.010812,0.307296,-0.011868,0.512831,0.521540,-0.021644,0.516935,-0.001600,0.165613
7.006000,5.951725,-0.108349,3.626485,4.361333,0.466279,2.581405,0.000000,3.000000,4.386187,0.004972,0.000532,-0.044138,0.004025,-0.012913,0.306854,-0.011829,0.512712,0.521590,-0.021640,0.516935,-0.001600,0.185593
7.016000,4.685547,0.029306,3.643683,3.095155,0.603935,2.598602,0.000000,3.000000,3.153525,0.004907,0.000958,-0.041089,0.004282,-0.016583,0.306437,-0.011790,0.512552,0.521639,-0.021632,0.516935,-0.001600,0.219608
7.026000,3.823259,0.051990,3.874833,2.232867,0.626618,2.829752,0.000000,3.000000,2.319126,0.004814,0.001351,-0.039366,0.004640,-0.018884,0.306037,-0.011746,0.512367,0.521687,-0.021620,0.516935,-0.001600,0.242462
7.036000,3.989723,0.021322,3.886425,2.399331,0.595950,2.841344,0.000000,3.000000,2.472235,0.004853,0.001205,-0.040101,0.003682,-0.017418,0.305648,-0.011711,0.512185,0.521736,-0.021607,0.516935,-0.001600,0.233306
7.046000,5.366749,-0.129223,3.709396,3.776357,0.445406,2.664315,0.000000,3.000000,3.802533,0.004966,0.000586,-0.042029,0.004236,-0.013543,0.305225,-0.011673,0.512053,0.521785,-0.021598,0.516935,-0.001600,0.202799
7.056000,6.975973,-0.299370,3.695753,5.385580,0.275258,2.650672,0.000000,3.000000,5.392610,0.004993,0.000255,-0.042871,0.002494,-0.010042,0.304798,-0.011641,0.511946,0.521835,-0.021595,0.516935,-0.001600,0.175013
7.066000,7.465374,-0.378257,3.813669,5.874982,0.196371,2.768588,0.000000,3.000000,5.878263,0.004997,0.000167,-0.042679,0.003691,-0.008930,0.304374,-0.011604,0.511854,0.521885,-0.021593,0.516935,-0.001600,0.167241
7.076000,6.879789,-0.291706,3.857247,5.289397,0.282922,2.812166,0.000000,3.000000,5.296958,0.004993,0.000267,-0.039984,0.002826,-0.011109,0.303970,-0.011574,0.511757,0.521935,-0.021591,0.516935,-0.001600,0.187463
7.086000,5.424925,-0.168325,4.037115,3.834532,0.406303,2.992034,0.000000,3.000000,3.855998,0.004972,0.000527,-0.036050,0.002890,-0.012066,0.303598,-0.011539,0.511648,0.521984,-0.021587,0.516935,-0.001600,0.197548
7.096000,3.879699,-0.017072,4.228540,2.289307,0.557556,3.183459,0.000000,3.000000,2.356225,0.004858,0.001183,-0.032940,0.003937,-0.015200,0.303262,-0.011506,0.511513,0.522034,-0.021578,0.516935,-0.001600,0.226588
7.106000,3.215776,0.033343,4.248890,1.625384,0.607971,3.203809,0.000000,3.000000,1.735368,0.004683,0.001752,-0.032235,0.002262,-0.013307,0.302936,-0.011480,0.511370,0.522081,-0.021562,0.516935,-0.001600,0.213078
7.116000,3.766373,0.049937,4.048578,2.175981,0.624565,3.003497,0.000000,3.000000,2.263841,0.004806,0.001379,-0.032963,0.002923,-0.011061,0.302615,-0.011451,0.511251,0.522128,-0.021546,0.516935,-0.001600,0.196177
7.126000,5.061020,-0.090467,3.798180,3.470628,0.484161,2.753099,0.000000,3.000000,3.504236,0.004952,0.000691,-0.034534,0.002872,-0.007783,0.302269,-0.011425,0.511158,0.522177,-0.021537,0.516935,-0.001600,0.170036
7.136000,6.374614,-0.169310,3.501138,4.784222,0.405318,2.456057,0.000000,3.000000,4.801360,0.004982,0.000422,-0.035343,0.002743,-0.006211,0.301915,-0.011399,0.511092,0.522227,-0.021532,0.516935,-0.001600,0.157883
7.146000,6.758196,-0.159293,3.347940,5.167803,0.415335,2.302859,0.000000,3.000000,5.184467,0.004984,0.000401,-0.035798,0.002778,-0.007817,0.301557,-0.011370,0.511020,0.522277,-0.021528,0.516935,-0.001600,0.172806
7.156000,6.265300,-0.087091,3.246302,4.674908,0.487537,2.201221,0.000000,3.000000,4.700262,0.004973,0.000519,-0.034751,0.003255,-0.008017,0.301209,-0.011336,0.510934,0.522327,-0.021523,0.516935,-0.001600,0.176049
7.166000,5.495706,-0.045090,3.116991,3.905314,0.529538,2.071910,0.000000,3.000000,3.941052,0.004955,0.000672,-0.033806,0.003191,-0.010683,0.300865,-0.011302,0.510839,0.522376,-0.021517,0.516935,-0.001600,0.200382
7.176000,4.535588,0.067693,3.164411,2.945196,0.642321,2.119330,0.000000,3.000000,3.014425,0.004885,0.001065,-0.032734,0.002985,-0.012784,0.300533,-0.011270,0.510711,0.522426,-0.021508,0.516935,-0.001600,0.220509
7.186000,4.050781,0.090827,3.186554,2.460389,0.665455,2.141474,0.000000,3.000000,2.548793,0.004827,0.001305,-0.033144,0.003098,-0.014259,0.300205,-0.011241,0.510571,0.522474,-0.021496,0.516935,-0.001600,0.235553
7.196000,4.616518,-0.002036,3.212147,3.026126,0.572592,2.167066,0.000000,3.000000,3.079821,0.004913,0.000930,-0.034572,0.002815,-0.012589,0.299868,-0.011215,0.510438,0.522523,-0.021485,0.516935,-0.001600,0.223768
7.206000,5.644769,-0.084989,3.208547,4.054377,0.489640,2.163466,0.000000,3.000000,4.083836,0.004964,0.000599,-0.035469,0.003148,-0.009246,0.299507,-0.011186,0.510329,0.522572,-0.021477,0.516935,-0.001600,0.197368
7.216000,6.586793,-0.177058,3.266210,4.996401,0.397570,2.221130,0.000000,3.000000,5.012194,0.004984,0.000397,-0.035792,0.002611,-0.006825,0.299150,-0.011160,0.510249,0.522622,-0.021472,0.516935,-0.001600,0.178259
7.226000,7.143127,-0.181922,3.215095,5.552735,0.392706,2.170015,0.000000,3.000000,5.566604,0.004988,0.000353,-0.035993,0.003741,-0.005793,0.298789,-0.011124,0.510185,0.522672,-0.021469,0.516935,-0.001600,0.170660
7.236000,7.152988,-0.180780,3.248638,5.562596,0.393849,2.203557,0.000000,3.000000,5.576522,0.004988,0.000353,-0.036232,0.004466,-0.008265,0.298426,-0.011088,0.510110,0.522722,-0.021465,0.516935,-0.001600,0.192977
7.246000,6.687108,-0.166156,3.361658,5.096716,0.408472,2.316577,0.000000,3.000000,5.113058,0.004984,0.000399,-0.035168,0.003260,-0.008959,0.298075,-0.011057,0.510023,0.522772,-0.021462,0.516935,-0.001600,0.200446
7.256000,6.059627,-0.088379,3.539342,4.469235,0.486250,2.494261,0.000000,3.000000,4.495608,0.004971,0.000541,-0.033842,0.002864,-0.010258,0.297732,-0.011028,0.509919,0.522821,-0.021457,0.516935,-0.001600,0.213328
7.266000,5.692925,-0.055247,3.626501,4.102533,0.519381,2.581420,0.000000,3.000000,4.135279,0.004960,0.000628,-0.034208,0.002392,-0.010393,0.297390,-0.011001,0.509816,0.522871,-0.021451,0.516935,-0.001600,0.216328
7.276000,5.669235,-0.001154,3.599905,4.078843,0.573474,2.554824,0.000000,3.000000,4.118960,0.004951,0.000696,-0.034642,0.003700,-0.010464,0.297050,-0.010973,0.509714,0.522921,-0.021444,0.516935,-0.001600,0.218769
7.286000,5.701445,0.030992,3.639739,4.111053,0.605620,2.594658,0.000000,3.000000,4.155422,0.004947,0.000729,-0.034844,0.002474,-0.009249,0.296695,-0.010949,0.509621,0.522970,-0.021437,0.516935,-0.001600,0.210147
7.296000,5.507841,0.120741,3.826164,3.917449,0.695369,2.781083,0.000000,3.000000,3.978686,0.004923,0.000874,-0.033426,0.002428,-0.010777,0.296359,-0.010923,0.509522,0.523019,-0.021429,0.516935,-0.001600,0.224885
7.306000,5.402483,0.185689,3.881337,3.812091,0.760318,2.836256,0.000000,3.000000,3.887174,0.004903,0.000978,-0.033014,0.003138,-0.009552,0.296026,-0.010894,0.509432,0.523069,-0.021420,0.516935,-0.001600,0.216111
7.316000,5.600591,0.168626,3.875814,4.010199,0.743254,2.830733,0.000000,3.000000,4.078495,0.004916,0.000911,-0.032716,0.001729,-0.007593,0.295695,-0.010868,0.509350,0.523118,-0.021410,0.516935,-0.001600,0.200957
7.326000,6.038651,0.157617,3.890620,4.448258,0.732245,2.845539,0.000000,3.000000,4.508124,0.004934,0.000812,-0.033274,0.002408,-0.004791,0.295363,-0.010837,0.509301,0.523167,-0.021402,0.516935,-0.001600,0.178071
7.336000,6.256284,0.185109,3.998318,4.665892,0.759737,2.953237,0.000000,3.000000,4.727341,0.004935,0.000804,-0.033253,0.002868,-0.003830,0.295034,-0.010808,0.509266,0.523216,-0.021394,0.516935,-0.001600,0.170552
7.346000,6.169263,0.247506,4.171499,4.578871,0.822134,3.126418,0.000000,3.000000,4.652093,0.004921,0.000884,-0.033472,0.002458,-0.004591,0.294695,-0.010785,0.509228,0.523265,-0.021385,0.516935,-0.001600,0.177689
7.356000,5.821786,0.331974,4.108906,4.231394,0.906602,3.063826,0.000000,3.000000,4.327427,0.004889,0.001048,-0.031938,0.002331,-0.003271,0.294378,-0.010764,0.509202,0.523315,-0.021375,0.516935,-0.001600,0.166952
7.366000,5.612732,0.371972,4.043968,4.022339,0.946601,2.998887,0.000000,3.000000,4.132223,0.004867,0.001145,-0.031992,0.002551,-0.003089,0.294051,-0.010738,0.509176,0.523363,-0.021364,0.516935,-0.001600,0.165876
7.376000,5.235669,0.358166,4.004411,3.645277,0.932794,2.959330,0.000000,3.000000,3.762732,0.004844,0.001240,-0.030144,0.001993,-0.001776,0.293747,-0.010716,0.509154,0.523412,-0.021352,0.516935,-0.001600,0.155135
7.386000,5.045282,0.365476,3.901436,3.454890,0.940104,2.856355,0.000000,3.000000,3.580511,0.004825,0.001313,-0.030058,0.002186,-0.003264,0.293449,-0.010694,0.509124,0.523460,-0.021340,0.516935,-0.001600,0.168297
7.396000,5.403915,0.316002,3.808942,3.813522,0.890630,2.763862,0.000000,3.000000,3.916143,0.004869,0.001137,-0.031332,0.002192,-0.001544,0.293142,-0.010673,0.509105,0.523509,-0.021327,0.516935,-0.001600,0.154034
7.406000,5.980643,0.242487,3.677179,4.390251,0.817116,2.632098,0.000000,3.000000,4.465645,0.004916,0.000915,-0.031946,0.002014,-0.001617,0.292824,-0.010653,0.509090,0.523558,-0.021317,0.516935,-0.001600,0.154929
7.416000,6.401594,0.260155,3.522207,4.811201,0.834784,2.477126,0.000000,3.000000,4.883085,0.004926,0.000855,-0.032542,0.000804,-0.000469,0.292498,-0.010640,0.509076,0.523607,-0.021308,0.516935,-0.001600,0.145446
7.426000,6.558112,0.209222,3.383758,4.967720,0.783851,2.338677,0.000000,3.000000,5.029181,0.004939,0.000779,-0.032821,0.001233,-0.000993,0.292174,-0.010625,0.509061,0.523656,-0.021300,0.516935,-0.001600,0.150163
7.436000,6.820136,0.154871,3.356607,5.229744,0.729499,2.311526,0.000000,3.000000,5.280378,0.004952,0.000691,-0.033088,0.002119,-0.001819,0.291842,-0.010601,0.509046,0.523706,-0.021293,0.516935,-0.001600,0.157436
7.446000,6.688534,0.130925,3.375987,5.098142,0.705553,2.330906,0.000000,3.000000,5.146733,0.004953,0.000685,-0.032859,0.002068,-0.004419,0.291512,-0.010579,0.509019,0.523755,-0.021286,0.516935,-0.001600,0.179986
7.456000,6.344988,0.180455,3.421635,4.754596,0.755083,2.376554,0.000000,3.000000,4.814181,0.004938,0.000784,-0.033470,0.001470,-0.003853,0.291177,-0.010555,0.508980,0.523805,-0.021279,0.516935,-0.001600,0.175889
7.466000,6.244988,0.236307,3.440186,4.654596,0.810935,2.395105,0.000000,3.000000,4.724709,0.004926,0.000858,-0.034482,0.002724,-0.006223,0.290836,-0.010529,0.508934,0.523854,-0.021270,0.516935,-0.001600,0.196820
7.476000,5.982407,0.208136,3.571060,4.392015,0.782764,2.525979,0.000000,3.000000,4.461224,0.004922,0.000877,-0.034180,0.002225,-0.007853,0.290495,-0.010505,0.508857,0.523903,-0.021262,0.516935,-0.001600,0.212042
7.486000,5.610908,0.230994,3.733390,4.020516,0.805622,2.688309,0.000000,3.000000,4.100436,0.004903,0.000982,-0.034041,0.003018,-0.007778,0.290154,-0.010478,0.508781,0.523952,-0.021252,0.516935,-0.001600,0.212767
7.496000,5.380180,0.254418,3.858371,3.789788,0.829047,2.813291,0.000000,3.000000,3.879409,0.004884,0.001069,-0.033723,0.002517,-0.009818,0.289817,-0.010451,0.508690,0.524001,-0.021242,0.516935,-0.001600,0.231715
7.506000,5.379756,0.226524,3.866801,3.789364,0.801152,2.821721,0.000000,3.000000,3.873129,0.004892,0.001034,-0.033933,0.003187,-0.010334,0.289477,-0.010420,0.508585,0.524050,-0.021232,0.516935,-0.001600,0.237984
7.516000,5.542610,0.215845,3.939209,3.952218,0.790473,2.894129,0.000000,3.000000,4.030494,0.004903,0.000981,-0.034649,0.003053,-0.011560,0.289138,-0.010392,0.508472,0.524099,-0.021222,0.516935,-0.001600,0.250432
7.526000,5.941042,0.157930,3.967551,4.350650,0.732559,2.922470,0.000000,3.000000,4.411893,0.004931,0.000830,-0.035120,0.003227,-0.011908,0.288780,-0.010360,0.508353,0.524148,-0.021212,0.516935,-0.001600,0.255526
7.536000,6.105805,0.054287,4.131076,4.515413,0.628916,3.085995,0.000000,3.000000,4.559001,0.004952,0.000690,-0.035027,0.003480,-0.012628,0.288429,-0.010326,0.508225,0.524198,-0.021205,0.516935,-0.001600,0.263940
7.546000,6.053469,0.049190,4.195130,4.463077,0.623818,3.150049,0.000000,3.000000,4.506462,0.004952,0.000692,-0.035085,0.003023,-0.013700,0.288077,-0.010292,0.508087,0.524247,-0.021198,0.516935,-0.001600,0.275516
7.556000,5.807301,0.080505,4.124429,4.216909,0.655133,3.079349,0.000000,3.000000,4.267496,0.004941,0.000768,-0.035337,0.003047,-0.014775,0.287727,-0.010263,0.507940,0.524297,-0.021191,0.516935,-0.001600,0.287286
7.566000,5.532060,0.045066,4.182753,3.941668,0.619695,3.137672,0.000000,3.000000,3.990083,0.004939,0.000777,-0.034506,0.003381,-0.015515,0.287377,-0.010230,0.507790,0.524346,-0.021183,0.516935,-0.001600,0.296267
7.576000,5.059800,0.024811,4.253173,3.469408,0.599439,3.208092,0.000000,3.000000,3.520812,0.004927,0.000851,-0.033102,0.003024,-0.016001,0.287050,-0.010200,0.507633,0.524395,-0.021175,0.516935,-0.001600,0.303218
7.586000,4.637968,0.037704,4.269122,3.047576,0.612332,3.224041,0.000000,3.000000,3.108484,0.004902,0.000985,-0.032825,0.002464,-0.016141,0.286725,-0.010175,0.507461,0.524444,-0.021166,0.516935,-0.001600,0.307492
7.596000,4.819884,0.004450,4.200692,3.229492,0.579078,3.155611,0.000000,3.000000,3.280998,0.004922,0.000882,-0.031915,0.002876,-0.014429,0.286400,-0.010144,0.507323,0.524494,-0.021156,0.516935,-0.001600,0.295450
7.606000,5.311754,-0.072439,4.251327,3.721362,0.502189,3.206246,0.000000,3.000000,3.755094,0.004955,0.000669,-0.032223,0.002346,-0.011078,0.286079,-0.010115,0.507209,0.524543,-0.021148,0.516935,-0.001600,0.269073
7.616000,5.778734,-0.164434,4.280217,4.188341,0.410194,3.235137,0.000000,3.000000,4.208380,0.004976,0.000487,-0.030614,0.002925,-0.010075,0.285771,-0.010087,0.507114,0.524593,-0.021143,0.516935,-0.001600,0.262277
7.626000,6.075658,-0.196863,4.065289,4.485265,0.377765,3.020208,0.000000,3.000000,4.501146,0.004982,0.000420,-0.031060,0.002659,-0.007366,0.285457,-0.010058,0.507039,0.524642,-0.021138,0.516935,-0.001600,0.240642
7.636000,6.212835,-0.272378,3.891609,4.622443,0.302250,2.846528,0.000000,3.000000,4.632314,0.004989,0.000326,-0.029725,0.002330,-0.006737,0.285152,-0.010032,0.506973,0.524692,-0.021134,0.516935,-0.001600,0.236477
7.646000,5.874643,-0.250530,3.763558,4.284250,0.324098,2.718477,0.000000,3.000000,4.296492,0.004986,0.000377,-0.028250,0.002132,-0.005160,0.284862,-0.010003,0.506919,0.524742,-0.021131,0.516935,-0.001600,0.224085
7.656000,5.253120,-0.235847,3.572189,3.662727,0.338782,2.527108,0.000000,3.000000,3.678362,0.004979,0.000461,-0.027482,0.002295,-0.005938,0.284588,-0.009978,0.506857,0.524792,-0.021127,0.516935,-0.001600,0.231797
7.666000,4.979947,-0.254309,3.455165,3.389555,0.320319,2.410084,0.000000,3.000000,3.404657,0.004978,0.000470,-0.027352,0.002573,-0.005778,0.284324,-0.009952,0.506793,0.524842,-0.021122,0.516935,-0.001600,0.231580
7.676000,5.014777,-0.297610,3.296217,3.424385,0.277018,2.251136,0.000000,3.000000,3.435572,0.004984,0.000403,-0.028082,0.002489,-0.005954,0.284041,-0.009926,0.506737,0.524892,-0.021117,0.516935,-0.001600,0.234092
7.686000,4.890412,-0.274955,3.238882,3.300020,0.299674,2.193801,0.000000,3.000000,3.313599,0.004980,0.000452,-0.028412,0.002239,-0.007839,0.283758,-0.009902,0.506663,0.524941,-0.021113,0.516935,-0.001600,0.251413
7.696000,4.676461,-0.293658,3.104063,3.086068,0.280970,2.058983,0.000000,3.000000,3.098832,0.004979,0.000453,-0.027985,0.002732,-0.009236,0.283478,-0.009877,0.506578,0.524991,-0.021109,0.516935,-0.001600,0.264795
7.706000,4.686980,-0.342652,3.066270,3.096588,0.231976,2.021189,0.000000,3.000000,3.105265,0.004986,0.000374,-0.028657,0.002078,-0.008413,0.283190,-0.009853,0.506498,0.525041,-0.021105,0.516935,-0.001600,0.259248
7.716000,4.883958,-0.332831,3.065953,3.293566,0.241797,2.020872,0.000000,3.000000,3.302430,0.004987,0.000366,-0.029324,0.002811,-0.009192,0.282898,-0.009824,0.506404,0.525091,-0.021101,0.516935,-0.001600,0.267563
7.726000,4.979521,-0.373142,3.129981,3.389129,0.201486,2.084900,0.000000,3.000000,3.395113,0.004991,0.000297,-0.029534,0.002210,-0.010422,0.282602,-0.009800,0.506303,0.525141,-0.021098,0.516935,-0.001600,0.279810
7.736000,5.496205,-0.457388,3.216197,3.905813,0.117240,2.171116,0.000000,3.000000,3.907572,0.004998,0.000150,-0.030610,0.002297,-0.009639,0.282293,-0.009771,0.506204,0.525191,-0.021095,0.516935,-0.001600,0.274953
7.746000,5.678034,-0.485276,3.269405,4.087642,0.089353,2.224324,0.000000,3.000000,4.088618,0.004999,0.000109,-0.030624,0.002478,-0.009911,0.281990,-0.009745,0.506101,0.525241,-0.021094,0.516935,-0.001600,0.279114
7.756000,5.460227,-0.491565,3.438584,3.869835,0.083063,2.393503,0.000000,3.000000,3.870726,0.004999,0.000107,-0.029875,0.003552,-0.010369,0.281684,-0.009715,0.505993,0.525291,-0.021093,0.516935,-0.001600,0.284949
7.766000,5.187857,-0.475179,3.498607,3.597465,0.099449,2.453526,0.000000,3.000000,3.598839,0.004998,0.000138,-0.030251,0.002479,-0.012165,0.281383,-0.009690,0.505879,0.525341,-0.021092,0.516935,-0.001600,0.302224
7.776000,4.897289,-0.418652,3.567575,3.306896,0.155976,2.522495,0.000000,3.000000,3.310573,0.004994,0.000236,-0.030601,0.002177,-0.014080,0.281080,-0.009664,0.505752,0.525391,-0.021090,0.516935,-0.001600,0.320778
7.786000,4.657530,-0.430639,3.613900,3.067138,0.143989,2.568819,0.000000,3.000000,3.070516,0.004994,0.000234,-0.029930,0.002163,-0.014791,0.280779,-0.009639,0.505607,0.525441,-0.021088,0.516935,-0.001600,0.329420
7.796000,4.502002,-0.372987,3.608527,2.911610,0.201641,2.563447,0.000000,3.000000,2.918584,0.004988,0.000345,-0.030457,0.002568,-0.016063,0.280478,-0.009614,0.505451,0.525490,-0.021085,0.516935,-0.001600,0.343024
7.806000,4.674183,-0.384471,3.732361,3.083791,0.190157,2.687281,0.000000,3.000000,3.089648,0.004991,0.000308,-0.030396,0.002714,-0.014184,0.280176,-0.009588,0.505298,0.525540,-0.021081,0.516935,-0.001600,0.329823
7.816000,4.953124,-0.430452,3.788606,3.362732,0.144176,2.743526,0.000000,3.000000,3.365821,0.004995,0.000214,-0.030562,0.002680,-0.014673,0.279868,-0.009562,0.505144,0.525590,-0.021079,0.516935,-0.001600,0.336739
7.826000,5.326690,-0.441210,3.661948,3.736297,0.133419,2.616867,0.000000,3.000000,3.738679,0.004997,0.000178,-0.031162,0.002707,-0.013546,0.279563,-0.009535,0.505006,0.525640,-0.021077,0.516935,-0.001600,0.329661
7.836000,5.599234,-0.497446,3.653918,4.008842,0.077182,2.608837,0.000000,3.000000,4.009585,0.004999,0.000096,-0.030380,0.002830,-0.012536,0.279249,-0.009507,0.504875,0.525690,-0.021076,0.516935,-0.001600,0.323445
7.846000,5.705588,-0.500153,3.701030,4.115196,0.074475,2.655949,0.000000,3.000000,4.115870,0.004999,0.000090,-0.030341,0.003268,-0.010608,0.278946,-0.009478,0.504757,0.525740,-0.021075,0.516935,-0.001600,0.309226
7.856000,5.739328,-0.508839,3.711017,4.148936,0.065789,2.665936,0.000000,3.000000,4.149458,0.004999,0.000079,-0.030187,0.002941,-0.010440,0.278645,-0.009454,0.504649,0.525790,-0.021074,0.516935,-0.001600,0.309729
7.866000,5.593301,-0.472984,3.733387,4.002909,0.101644,2.688306,0.000000,3.000000,4.004200,0.004998,0.000127,-0.028602,0.002718,-0.009784,0.278356,-0.009429,0.504550,0.525840,-0.021073,0.516935,-0.001600,0.305954
7.876000,5.342556,-0.442469,3.697827,3.752163,0.132160,2.652746,0.000000,3.000000,3.754490,0.004997,0.000176,-0.027501,0.002766,-0.008941,0.278081,-0.009404,0.504460,0.525890,-0.021071,0.516935,-0.001600,0.300415
7.886000,5.053416,-0.364683,3.589115,3.463024,0.209945,2.544034,0.000000,3.000000,3.469382,0.004991,0.000303,-0.025714,0.002863,-0.005481,0.277818,-0.009382,0.504402,0.525940,-0.021069,0.516935,-0.001600,0.272101
7.896000,4.997390,-0.352363,3.582790,3.406998,0.222265,2.537709,0.000000,3.000000,3.414240,0.004989,0.000325,-0.025903,0.001846,-0.002958,0.277565,-0.009361,0.504362,0.525990,-0.021066,0.516935,-0.001600,0.251414
7.906000,4.956608,-0.331464,3.556919,3.366216,0.243164,2.511838,0.000000,3.000000,3.374988,0.004987,0.000360,-0.025657,0.002554,-0.000334,0.277303,-0.009336,0.504350,0.526040,-0.021062,0.516935,-0.001600,0.229365
7.916000,4.782081,-0.277297,3.489243,3.191689,0.297331,2.444162,0.000000,3.000000,3.205509,0.004978,0.000464,-0.025265,0.002513,-0.000885,0.277047,-0.009312,0.504341,0.526090,-0.021058,0.516935,-0.001600,0.234211
7.926000,4.482468,-0.207162,3.465804,2.892076,0.367466,2.420723,0.000000,3.000000,2.915328,0.004960,0.000630,-0.025114,0.001553,-0.000047,0.276800,-0.009293,0.504339,0.526139,-0.021053,0.516935,-0.001600,0.227139
7.936000,4.451117,-0.133479,3.436477,2.860725,0.441149,2.391396,0.000000,3.000000,2.894539,0.004942,0.000762,-0.025469,0.002318,0.000729,0.276552,-0.009268,0.504343,0.526189,-0.021045,0.516935,-0.001600,0.220484
7.946000,4.713092,-0.143041,3.384318,3.122700,0.431587,2.339237,0.000000,3.000000,3.152383,0.004953,0.000685,-0.026525,0.002397,0.002947,0.276292,-0.009244,0.504369,0.526238,-0.021038,0.516935,-0.001600,0.201181
7.956000,5.040381,-0.107637,3.357032,3.449988,0.466992,2.311952,0.000000,3.000000,3.481451,0.004955,0.000671,-0.026866,0.002369,0.004018,0.276025,-0.009218,0.504399,0.526288,-0.021031,0.516935,-0.001600,0.191566
7.966000,5.116601,-0.072994,3.321205,3.526209,0.501634,2.276124,0.000000,3.000000,3.561711,0.004950,0.000704,-0.026968,0.002473,0.003914,0.275756,-0.009194,0.504432,0.526337,-0.021025,0.516935,-0.001600,0.191844
7.976000,5.096183,-0.025825,3.295617,3.505791,0.548803,2.250536,0.000000,3.000000,3.548486,0.004940,0.000773,-0.026567,0.002849,0.004876,0.275488,-0.009167,0.504477,0.526387,-0.021017,0.516935,-0.001600,0.182876
7.986000,5.071269,0.060764,3.282387,3.480877,0.635392,2.237306,0.000000,3.000000,3.538394,0.004919,0.000898,-0.025583,0.003136,0.004893,0.275233,-0.009140,0.504526,0.526436,-0.021009,0.516935,-0.001600,0.181855
7.996000,4.868413,0.094895,3.298640,3.278021,0.669523,2.253559,0.000000,3.000000,3.345696,0.004899,0.001001,-0.024548,0.002533,0.005887,0.274985,-0.009117,0.504577,0.526485,-0.020999,0.516935,-0.001600,0.172504
8.007000,4.905499,0.109068,3.318596,3.315107,0.683697,2.273515,0.000000,3.000000,3.384874,0.004897,0.001010,-0.023631,0.003168,0.005471,0.274722,-0.009087,0.504634,0.526539,-0.020988,0.516935,-0.001600,0.175003
8.018000,4.854056,0.127382,3.367852,3.263664,0.702010,2.322771,0.000000,3.000000,3.338311,0.004888,0.001051,-0.022202,0.002563,0.004998,0.274476,-0.009063,0.504694,0.526593,-0.020977,0.516935,-0.001600,0.177933
8.029000,4.875871,0.134727,3.364172,3.285479,0.709356,2.319091,0.000000,3.000000,3.361184,0.004887,0.001055,-0.021354,0.002686,0.005382,0.274238,-0.009037,0.504757,0.526647,-0.020966,0.516935,-0.001600,0.173542
8.040000,4.780400,0.161279,3.358788,3.190008,0.735907,2.313708,0.000000,3.000000,3.273792,0.004872,0.001124,-0.020257,0.002400,0.003987,0.274017,-0.009016,0.504804,0.526700,-0.020954,0.516935,-0.001600,0.184534
8.051000,4.859031,0.148031,3.370632,3.268639,0.722659,2.325551,0.000000,3.000000,3.347571,0.004882,0.001079,-0.019776,0.002058,0.004311,0.273794,-0.008993,0.504855,0.526754,-0.020942,0.516935,-0.001600,0.180870
8.062000,4.830192,0.164009,3.386411,3.239800,0.738637,2.341330,0.000000,3.000000,3.322933,0.004875,0.001111,-0.019074,0.002129,0.004183,0.273581,-0.008973,0.504894,0.526808,-0.020930,0.516935,-0.001600,0.181242
8.073000,4.693004,0.187525,3.368145,3.102612,0.762153,2.323064,0.000000,3.000000,3.194852,0.004856,0.001193,-0.018270,0.001785,0.002733,0.273376,-0.008953,0.504918,0.526861,-0.020917,0.516935,-0.001600,0.193117
8.084000,4.532242,0.196815,3.367705,2.941850,0.771443,2.322624,0.000000,3.000000,3.041316,0.004836,0.001268,-0.018234,0.001312,0.000524,0.273173,-0.008936,0.504921,0.526915,-0.020903,0.516935,-0.001600,0.211807
8.095000,4.517931,0.226952,3.354316,2.927539,0.801581,2.309235,0.000000,3.000000,3.035295,0.004822,0.001320,-0.018198,0.001324,-0.001275,0.272975,-0.008916,0.504911,0.526968,-0.020889,0.516935,-0.001600,0.227257
8.106000,4.857748,0.166207,3.296083,3.267356,0.740836,2.251002,0.000000,3.000000,3.350291,0.004876,0.001106,-0.019140,0.001881,-0.001162,0.272770,-0.008895,0.504899,0.527021,-0.020875,0.516935,-0.001600,0.226514
8.117000,5.405979,0.105164,3.173919,3.815586,0.679792,2.128838,0.000000,3.000000,3.875670,0.004922,0.000877,-0.020037,0.001907,-0.001587,0.272556,-0.008876,0.504893,0.527075,-0.020865,0.516935,-0.001600,0.230226
8.128000,5.425759,0.126559,3.139984,3.835367,0.701188,2.094903,0.000000,3.000000,3.898936,0.004918,0.000899,-0.019656,0.001768,-0.002198,0.272338,-0.008857,0.504867,0.527129,-0.020855,0.516935,-0.001600,0.235882
8.139000,5.186991,0.118550,3.112683,3.596599,0.693178,2.067603,0.000000,3.000000,3.662788,0.004910,0.000946,-0.019120,0.001593,-0.003266,0.272127,-0.008839,0.504834,0.527183,-0.020845,0.516935,-0.001600,0.245542
8.150000,4.785821,0.116531,3.140791,3.195429,0.691159,2.095710,0.000000,3.000000,3.269322,0.004887,0.001057,-0.018030,0.002074,-0.005189,0.271927,-0.008817,0.504780,0.527237,-0.020834,0.516935,-0.001600,0.262829
8.161000,4.698139,0.148225,3.163333,3.107747,0.722853,2.118252,0.000000,3.000000,3.190707,0.004870,0.001133,-0.018263,0.001570,-0.005545,0.271728,-0.008800,0.504716,0.527291,-0.020822,0.516935,-0.001600,0.267004
8.172000,5.197318,0.066014,3.108096,3.606925,0.640642,2.063015,0.000000,3.000000,3.663377,0.004923,0.000874,-0.018860,0.001322,-0.005525,0.271520,-0.008783,0.504657,0.527345,-0.020811,0.516935,-0.001600,0.267884
8.183000,5.662403,0.018405,3.127959,4.072011,0.593034,2.082878,0.000000,3.000000,4.114968,0.004948,0.000721,-0.019358,0.001179,-0.004805,0.271302,-0.008763,0.504597,0.527399,-0.020802,0.516935,-0.001600,0.262861
8.194000,5.699059,0.001025,3.067397,4.108667,0.575653,2.022316,0.000000,3.000000,4.148797,0.004952,0.000694,-0.019781,0.001370,-0.006271,0.271087,-0.008746,0.504529,0.527453,-0.020794,0.516935,-0.001600,0.276528
8.205000,5.391988,-0.031964,3.135686,3.801596,0.542664,2.090605,0.000000,3.000000,3.840133,0.004950,0.000707,-0.018570,0.002070,-0.006245,0.270884,-0.008723,0.504464,0.527508,-0.020787,0.516935,-0.001600,0.277475
8.216000,5.040277,-0.019884,3.243210,3.449885,0.554744,2.198129,0.000000,3.000000,3.494202,0.004937,0.000794,-0.018208,0.001519,-0.008106,0.270684,-0.008706,0.504376,0.527562,-0.020778,0.516935,-0.001600,0.294849
8.227000,4.810412,-0.022588,3.257639,3.220020,0.552041,2.212558,0.000000,3.000000,3.266998,0.004928,0.000845,-0.018076,0.001792,-0.007746,0.270491,-0.008687,0.504293,0.527616,-0.020769,0.516935,-0.001600,0.293292
8.238000,5.012147,-0.085484,3.268961,3.421755,0.489145,2.223880,0.000000,3.000000,3.456540,0.004950,0.000708,-0.018708,0.001315,-0.007218,0.270284,-0.008670,0.504221,0.527671,-0.020761,0.516935,-0.001600,0.290102
8.249000,4.990116,-0.080980,3.248103,3.399724,0.493648,2.203023,0.000000,3.000000,3.435377,0.004948,0.000718,-0.019057,0.001845,-0.007228,0.270076,-0.008651,0.504142,0.527725,-0.020753,0.516935,-0.001600,0.291602
8.260000,4.888892,-0.085514,3.255500,3.298500,0.489115,2.210419,0.000000,3.000000,3.334566,0.004946,0.000733,-0.019926,0.001824,-0.008844,0.269864,-0.008636,0.504052,0.527780,-0.020745,0.516935,-0.001600,0.306947
8.271000,4.796377,-0.103905,3.174585,3.205985,0.470723,2.129504,0.000000,3.000000,3.240358,0.004947,0.000726,-0.019609,0.001303,-0.008473,0.269654,-0.008617,0.503954,0.527834,-0.020737,0.516935,-0.001600,0.305548
8.282000,4.857315,-0.084967,3.181113,3.266923,0.489662,2.136032,0.000000,3.000000,3.303415,0.004945,0.000741,-0.019697,0.001864,-0.008581,0.269436,-0.008597,0.503869,0.527888,-0.020729,0.516935,-0.001600,0.308004
8.293000,4.940989,-0.098146,3.227489,3.350597,0.476482,2.182408,0.000000,3.000000,3.384307,0.004950,0.000704,-0.019997,0.002205,-0.008230,0.269214,-0.008579,0.503775,0.527943,-0.020721,0.516935,-0.001600,0.306715
8.304000,5.217178,-0.098317,3.292508,3.626786,0.476312,2.247428,0.000000,3.000000,3.657930,0.004957,0.000651,-0.020368,0.001697,-0.006989,0.268992,-0.008563,0.503690,0.527997,-0.020713,0.516935,-0.001600,0.297722
8.315000,5.435057,-0.116316,3.351515,3.844665,0.458312,2.306434,0.000000,3.000000,3.871885,0.004965,0.000592,-0.020381,0.001536,-0.007401,0.268767,-0.008543,0.503605,0.528052,-0.020707,0.516935,-0.001600,0.302741
8.326000,5.572285,-0.088376,3.259343,3.981892,0.486252,2.214262,0.000000,3.000000,4.011472,0.004963,0.000606,-0.020794,0.002705,-0.007458,0.268535,-0.008522,0.503530,0.528106,-0.020700,0.516935,-0.001600,0.304587
8.337000,5.511833,-0.109003,3.305914,3.921441,0.465625,2.260833,0.000000,3.000000,3.948988,0.004965,0.000590,-0.020334,0.002193,-0.006551,0.268308,-0.008501,0.503453,0.528161,-0.020693,0.516935,-0.001600,0.298266
8.348000,5.236512,-0.073865,3.368980,3.646120,0.500764,2.323900,0.000000,3.000000,3.680347,0.004954,0.000680,-0.019822,0.002666,-0.006266,0.268089,-0.008482,0.503378,0.528216,-0.020686,0.516935,-0.001600,0.297194
8.359000,5.135786,-0.032177,3.338470,3.545394,0.542452,2.293389,0.000000,3.000000,3.586652,0.004942,0.000756,-0.019169,0.000980,-0.005680,0.267875,-0.008465,0.503312,0.528270,-0.020678,0.516935,-0.001600,0.293414
8.370000,4.811751,0.004862,3.459568,3.221359,0.579490,2.414487,0.000000,3.000000,3.273067,0.004921,0.000885,-0.018953,0.002185,-0.007005,0.267672,-0.008445,0.503244,0.528324,-0.020669,0.516935,-0.001600,0.305870
8.381000,4.942953,0.000726,3.479079,3.352561,0.575355,2.433998,0.000000,3.000000,3.401573,0.004928,0.000846,-0.019177,0.001807,-0.004619,0.267465,-0.008430,0.503189,0.528378,-0.020660,0.516935,-0.001600,0.286633
8.392000,5.207872,0.017559,3.486708,3.617479,0.592188,2.441627,0.000000,3.000000,3.665630,0.004934,0.000808,-0.020014,0.001187,-0.004143,0.267249,-0.008415,0.503143,0.528433,-0.020651,0.516935,-0.001600,0.283420
8.403000,5.254763,0.017608,3.486978,3.664371,0.592237,2.441898,0.000000,3.000000,3.711921,0.004936,0.000798,-0.019584,0.001387,-0.003258,0.267032,-0.008394,0.503112,0.528487,-0.020642,0.516935,-0.001600,0.276472
8.414000,5.096887,0.048273,3.456993,3.506495,0.622901,2.411912,0.000000,3.000000,3.561392,0.004923,0.000875,-0.019427,0.001384,-0.001844,0.266817,-0.008376,0.503090,0.528541,-0.020633,0.516935,-0.001600,0.264863
8.425000,4.817156,0.108430,3.457191,3.226763,0.683058,2.412110,0.000000,3.000000,3.298268,0.004892,0.001035,-0.018718,0.001457,-0.000481,0.266610,-0.008357,0.503075,0.528595,-0.020622,0.516935,-0.001600,0.253567
8.436000,5.010961,0.112325,3.442802,3.420569,0.686953,2.397721,0.000000,3.000000,3.488868,0.004902,0.000984,-0.019136,0.001491,0.001647,0.266401,-0.008337,0.503096,0.528649,-0.020611,0.516935,-0.001600,0.235136
8.447000,5.215158,0.123887,3.498747,3.624766,0.698515,2.453666,0.000000,3.000000,3.691456,0.004910,0.000946,-0.019424,0.001530,0.003871,0.266189,-0.008319,0.503131,0.528703,-0.020600,0.516935,-0.001600,0.215619
8.458000,5.601380,0.113625,3.439207,4.010988,0.688253,2.394126,0.000000,3.000000,4.069609,0.004928,0.000846,-0.019165,0.001585,0.005846,0.265971,-0.008299,0.503195,0.528757,-0.020590,0.516935,-0.001600,0.197718
8.469000,5.389295,0.179997,3.405982,3.798903,0.754625,2.360901,0.000000,3.000000,3.873129,0.004904,0.000974,-0.018022,0.001072,0.006129,0.265767,-0.008283,0.503262,0.528811,-0.020580,0.516935,-0.001600,0.194110
8.480000,5.153002,0.244363,3.402785,3.562610,0.818991,2.357704,0.000000,3.000000,3.655535,0.004873,0.001120,-0.017368,0.001147,0.007351,0.265576,-0.008262,0.503336,0.528865,-0.020569,0.516935,-0.001600,0.182419
8.491000,5.326100,0.202381,3.330411,3.735708,0.777009,2.285330,0.000000,3.000000,3.815660,0.004895,0.001018,-0.016994,0.001954,0.008767,0.265384,-0.008242,0.503426,0.528919,-0.020557,0.516935,-0.001600,0.168783
8.502000,5.549376,0.173925,3.315614,3.958984,0.748554,2.270533,0.000000,3.000000,4.029129,0.004913,0.000929,-0.018045,0.002144,0.009322,0.265186,-0.008223,0.503525,0.528973,-0.020546,0.516935,-0.001600,0.162284
8.513000,5.660332,0.215241,3.344070,4.069940,0.789869,2.298989,0.000000,3.000000,4.145878,0.004908,0.000953,-0.017290,0.001828,0.009103,0.264992,-0.008204,0.503628,0.529027,-0.020536,0.516935,-0.001600,0.162288
8.524000,5.377210,0.246794,3.387415,3.786818,0.821422,2.342334,0.000000,3.000000,3.874883,0.004886,0.001060,-0.016721,0.002003,0.008521,0.264806,-0.008185,0.503721,0.529080,-0.020525,0.516935,-0.001600,0.165560
8.535000,4.901426,0.264488,3.443445,3.311034,0.839116,2.398364,0.000000,3.000000,3.415708,0.004847,0.001228,-0.016244,0.002212,0.007697,0.264625,-0.008165,0.503810,0.529134,-0.020512,0.516935,-0.001600,0.170948
8.546000,4.708504,0.329308,3.438621,3.118112,0.903936,2.393540,0.000000,3.000000,3.246494,0.004802,0.001392,-0.016256,0.001330,0.007088,0.264447,-0.008148,0.503888,0.529187,-0.020498,0.516935,-0.001600,0.174694
8.557000,4.974862,0.268491,3.472648,3.384470,0.843119,2.427567,0.000000,3.000000,3.487906,0.004852,0.001209,-0.017724,0.001254,0.007868,0.264256,-0.008128,0.503970,0.529240,-0.020483,0.516935,-0.001600,0.166618
8.568000,5.310400,0.240282,3.467353,3.720008,0.814910,2.422272,0.000000,3.000000,3.808219,0.004884,0.001070,-0.018260,0.001368,0.007688,0.264056,-0.008106,0.504055,0.529294,-0.020471,0.516935,-0.001600,0.166612
8.579000,5.464241,0.224415,3.511810,3.873849,0.799043,2.466729,0.000000,3.000000,3.955398,0.004897,0.001010,-0.019304,0.002495,0.007524,0.263843,-0.008083,0.504143,0.529348,-0.020460,0.516935,-0.001600,0.166426
8.590000,5.178038,0.216959,3.500034,3.587646,0.791587,2.454953,0.000000,3.000000,3.673937,0.004883,0.001077,-0.019132,0.002191,0.006308,0.263627,-0.008061,0.504211,0.529401,-0.020448,0.516935,-0.001600,0.175503
8.601000,4.714700,0.281692,3.580684,3.124308,0.856320,2.535603,0.000000,3.000000,3.239535,0.004822,0.001322,-0.020338,0.002604,0.004272,0.263411,-0.008037,0.504257,0.529455,-0.020435,0.516935,-0.001600,0.191956
8.612000,4.557206,0.324201,3.557081,2.966814,0.898829,2.512000,0.000000,3.000000,3.099980,0.004785,0.001450,-0.020991,0.002822,0.003173,0.263186,-0.008013,0.504300,0.529508,-0.020420,0.516935,-0.001600,0.200517
8.623000,4.665661,0.319463,3.627110,3.075269,0.894091,2.582029,0.000000,3.000000,3.202605,0.004801,0.001396,-0.021625,0.001930,0.003580,0.262954,-0.007990,0.504338,0.529560,-0.020404,0.516935,-0.001600,0.196378
8.634000,5.180187,0.279179,3.600716,3.589795,0.853808,2.555635,0.000000,3.000000,3.689934,0.004864,0.001157,-0.025188,0.001917,0.003986,0.262691,-0.007963,0.504376,0.529613,-0.020390,0.516935,-0.001600,0.192254
8.645000,5.670445,0.226487,3.569356,4.080053,0.801115,2.524275,0.000000,3.000000,4.157958,0.004906,0.000963,-0.027142,0.002556,0.004421,0.262395,-0.007933,0.504419,0.529667,-0.020378,0.516935,-0.001600,0.187777
8.656000,5.597057,0.228500,3.573648,4.006665,0.803128,2.528567,0.000000,3.000000,4.086365,0.004902,0.000983,-0.027901,0.002659,0.002440,0.262088,-0.007900,0.504450,0.529721,-0.020368,0.516935,-0.001600,0.204032
8.667000,5.075543,0.284597,3.567332,3.485151,0.859225,2.522251,0.000000,3.000000,3.589505,0.004855,0.001197,-0.028084,0.002794,0.001094,0.261780,-0.007867,0.504469,0.529775,-0.020356,0.516935,-0.001600,0.215105
8.678000,4.720978,0.297573,3.564182,3.130586,0.872201,2.519101,0.000000,3.000000,3.249816,0.004817,0.001342,-0.028401,0.003207,0.000687,0.261466,-0.007833,0.504472,0.529828,-0.020342,0.516935,-0.001600,0.218505
8.689000,4.664398,0.273281,3.503134,3.074006,0.847909,2.458053,0.000000,3.000000,3.188803,0.004820,0.001330,-0.029240,0.002672,0.000019,0.261146,-0.007799,0.504471,0.529881,-0.020327,0.516935,-0.001600,0.224201
8.700000,5.116954,0.280478,3.455669,3.526561,0.855106,2.410588,0.000000,3.000000,3.628752,0.004859,0.001178,-0.031288,0.003108,0.002446,0.260801,-0.007762,0.504484,0.529934,-0.020313,0.516935,-0.001600,0.203376
8.711000,5.625347,0.255794,3.379062,4.034954,0.830422,2.333981,0.000000,3.000000,4.119522,0.004897,0.001008,-0.032558,0.003103,0.002287,0.260448,-0.007727,0.504507,0.529988,-0.020301,0.516935,-0.001600,0.204300
8.722000,5.768339,0.276827,3.415924,4.177947,0.851455,2.370843,0.000000,3.000000,4.263826,0.004899,0.000998,-0.033108,0.003073,0.001736,0.260083,-0.007693,0.504527,0.530042,-0.020290,0.516935,-0.001600,0.208624
8.733000,5.438763,0.346227,3.414332,3.848371,0.920855,2.369251,0.000000,3.000000,3.957011,0.004863,0.001164,-0.032655,0.003778,0.000874,0.259721,-0.007659,0.504538,0.530096,-0.020278,0.516935,-0.001600,0.215725
8.744000,4.889881,0.410216,3.394729,3.299489,0.984844,2.349648,0.000000,3.000000,3.443333,0.004791,0.001430,-0.032122,0.002641,-0.000777,0.259367,-0.007631,0.504536,0.530149,-0.020264,0.516935,-0.001600,0.229780
8.755000,4.648675,0.484353,3.378872,3.058282,1.058982,2.333791,0.000000,3.000000,3.236438,0.004725,0.001636,-0.031968,0.002157,-0.000415,0.259019,-0.007603,0.504530,0.530201,-0.020247,0.516935,-0.001600,0.226812
8.766000,4.579280,0.555080,3.324832,2.988888,1.129708,2.279751,0.000000,3.000000,3.195261,0.004677,0.001768,-0.032270,0.002160,-0.000308,0.258672,-0.007579,0.504525,0.530252,-0.020228,0.516935,-0.001600,0.226004
8.777000,4.783463,0.528619,3.334997,3.193071,1.103247,2.289916,0.000000,3.000000,3.378292,0.004726,0.001633,-0.033652,0.002307,-0.000217,0.258297,-0.007555,0.504526,0.530304,-0.020209,0.516935,-0.001600,0.225207
8.788000,5.167319,0.487525,3.270496,3.576927,1.062154,2.225415,0.000000,3.000000,3.731297,0.004793,0.001423,-0.034080,0.002179,0.002573,0.257925,-0.007536,0.504543,0.530357,-0.020192,0.516935,-0.001600,0.201236
8.799000,5.364239,0.447129,3.256525,3.773847,1.021758,2.211445,0.000000,3.000000,3.909720,0.004826,0.001307,-0.035364,0.002034,0.002084,0.257538,-0.007516,0.504562,0.530410,-0.020178,0.516935,-0.001600,0.205025
8.810000,5.179012,0.493157,3.210203,3.588619,1.067785,2.165122,0.000000,3.000000,3.744109,0.004792,0.001426,-0.034064,0.001658,0.002250,0.257157,-0.007497,0.504580,0.530463,-0.020163,0.516935,-0.001600,0.203305
8.821000,4.658388,0.556545,3.259204,3.067996,1.131173,2.214123,0.000000,3.000000,3.269886,0.004691,0.001730,-0.033405,0.001301,0.001292,0.256790,-0.007483,0.504591,0.530515,-0.020145,0.516935,-0.001600,0.211222
8.832000,4.285297,0.596695,3.285443,2.694905,1.171323,2.240362,0.000000,3.000000,2.938454,0.004586,0.001993,-0.032465,0.001034,0.000479,0.256430,-0.007471,0.504598,0.530566,-0.020125,0.516935,-0.001600,0.218002
8.843000,4.193234,0.588086,3.244226,2.602842,1.162714,2.199145,0.000000,3.000000,2.850735,0.004565,0.002039,-0.032000,0.000833,0.001638,0.256080,-0.007461,0.504609,0.530616,-0.020102,0.516935,-0.001600,0.207977
8.854000,4.506185,0.564138,3.263845,2.915793,1.138766,2.218764,0.000000,3.000000,3.130278,0.004657,0.001819,-0.032170,0.000530,0.002549,0.255725,-0.007453,0.504633,0.530666,-0.020081,0.516935,-0.001600,0.199822
8.865000,4.944305,0.524126,3.239966,3.353913,1.098754,2.194885,0.000000,3.000000,3.529305,0.004752,0.001557,-0.031626,0.000012,0.004457,0.255373,-0.007449,0.504676,0.530718,-0.020062,0.516935,-0.001600,0.182855
8.876000,5.419556,0.580384,3.172868,3.829164,1.155013,2.127788,0.000000,3.000000,3.999569,0.004787,0.001444,-0.030385,-0.000059,0.005280,0.255035,-0.007451,0.504735,0.530771,-0.020046,0.516935,-0.001600,0.174797
8.887000,5.165006,0.595619,3.240707,3.574613,1.170247,2.195626,0.000000,3.000000,3.761295,0.004752,0.001556,-0.027823,-0.000718,0.005783,0.254719,-0.007456,0.504806,0.530823,-0.020030,0.516935,-0.001600,0.169252
8.898000,4.537872,0.625234,3.238495,2.947480,1.199862,2.193414,0.000000,3.000000,3.182343,0.004631,0.001885,-0.026300,-0.000590,0.004959,0.254423,-0.007466,0.504868,0.530875,-0.020011,0.516935,-0.001600,0.175139
8.909000,4.110986,0.683608,3.236171,2.520593,1.258236,2.191090,0.000000,3.000000,2.817188,0.004474,0.002233,-0.023402,-0.001143,0.005213,0.254157,-0.007480,0.504927,0.530925,-0.019988,0.516935,-0.001600,0.171913
8.920000,4.002016,0.759791,3.273788,2.411624,1.334419,2.228707,0.000000,3.000000,2.756194,0.004375,0.002421,-0.020765,-0.002368,0.006037,0.253921,-0.007500,0.504993,0.530974,-0.019962,0.516935,-0.001600,0.163737
8.931000,4.076301,0.734412,3.248490,2.485909,1.309040,2.203409,0.000000,3.000000,2.809507,0.004424,0.002330,-0.017255,-0.003033,0.008519,0.253724,-0.007526,0.505074,0.531022,-0.019936,0.516935,-0.001600,0.141227
8.942000,4.452499,0.631067,3.213706,2.862107,1.205695,2.168625,0.000000,3.000000,3.105697,0.004608,0.001941,-0.015060,-0.002388,0.009455,0.253546,-0.007551,0.505173,0.531072,-0.019913,0.516935,-0.001600,0.131482
8.953000,4.765200,0.501678,3.235700,3.174808,1.076306,2.190619,0.000000,3.000000,3.352289,0.004735,0.001605,-0.012477,-0.002362,0.010386,0.253403,-0.007579,0.505288,0.531123,-0.019893,0.516935,-0.001600,0.121525
8.964000,4.864032,0.503420,3.258872,3.273640,1.078048,2.213791,0.000000,3.000000,3.446579,0.004749,0.001564,-0.010288,-0.003533,0.011977,0.253283,-0.007612,0.505413,0.531175,-0.019876,0.516935,-0.001600,0.105772
8.975000,4.792203,0.499863,3.210046,3.201811,1.074491,2.164965,0.000000,3.000000,3.377296,0.004740,0.001591,-0.008379,-0.002980,0.010363,0.253183,-0.007643,0.505536,0.531228,-0.019859,0.516935,-0.001600,0.117251
8.986000,4.451387,0.494581,3.209301,2.860995,1.069209,2.164220,0.000000,3.000000,3.054259,0.004684,0.001750,-0.007550,-0.002760,0.010605,0.253094,-0.007671,0.505659,0.531279,-0.019840,0.516935,-0.001600,0.112979
8.997000,4.052833,0.537581,3.140988,2.462441,1.112209,2.095907,0.000000,3.000000,2.701967,0.004557,0.002058,-0.007000,-0.002526,0.009087,0.253019,-0.007701,0.505766,0.531330,-0.019819,0.516935,-0.001600,0.123940
9.008000,3.845379,0.524937,3.164475,2.254987,1.099565,2.119394,0.000000,3.000000,2.508786,0.004494,0.002191,-0.006174,-0.002323,0.009665,0.252949,-0.007724,0.505871,0.531380,-0.019795,0.516935,-0.001600,0.117149
9.019000,4.130449,0.494689,3.121399,2.540057,1.069317,2.076318,0.000000,3.000000,2.755963,0.004608,0.001940,-0.006583,-0.001836,0.009128,0.252877,-0.007743,0.505969,0.531430,-0.019772,0.516935,-0.001600,0.119932
9.030000,4.480911,0.462420,3.117280,2.890519,1.037048,2.072199,0.000000,3.000000,3.070923,0.004706,0.001688,-0.007039,-0.001423,0.009868,0.252803,-0.007762,0.506075,0.531481,-0.019753,0.516935,-0.001600,0.111749
9.041000,4.782149,0.399123,3.094843,3.191757,0.973751,2.049762,0.000000,3.000000,3.336990,0.004782,0.001459,-0.006370,-0.001155,0.009111,0.252731,-0.007774,0.506181,0.531533,-0.019736,0.516935,-0.001600,0.116269
9.052000,4.863504,0.315170,3.133383,3.273111,0.889798,2.088302,0.000000,3.000000,3.391902,0.004825,0.001312,-0.006798,-0.000470,0.009232,0.252656,-0.007781,0.506286,0.531586,-0.019720,0.516935,-0.001600,0.113350
9.063000,4.735308,0.328917,3.099545,3.144916,0.903545,2.054464,0.000000,3.000000,3.272138,0.004806,0.001381,-0.006226,-0.000551,0.009209,0.252584,-0.007788,0.506386,0.531639,-0.019706,0.516935,-0.001600,0.111738
9.074000,4.553979,0.354418,3.108391,2.963586,0.929046,2.063310,0.000000,3.000000,3.105797,0.004771,0.001496,-0.006380,0.000027,0.007809,0.252513,-0.007789,0.506480,0.531692,-0.019690,0.516935,-0.001600,0.121929
9.085000,4.388765,0.377508,3.146019,2.798373,0.952136,2.100938,0.000000,3.000000,2.955919,0.004734,0.001611,-0.006402,0.000063,0.007243,0.252445,-0.007789,0.506571,0.531744,-0.019673,0.516935,-0.001600,0.125102
9.096000,4.324233,0.387377,3.124091,2.733841,0.962005,2.079010,0.000000,3.000000,2.898162,0.004717,0.001660,-0.006643,0.000758,0.008783,0.252372,-0.007782,0.506664,0.531796,-0.019655,0.516935,-0.001600,0.110349
9.107000,4.441010,0.413109,3.110513,2.850618,0.987737,2.065432,0.000000,3.000000,3.016893,0.004724,0.001637,-0.006879,0.000211,0.007725,0.252299,-0.007778,0.506751,0.531848,-0.019637,0.516935,-0.001600,0.117772
9.118000,4.399744,0.434218,3.130235,2.809352,1.008846,2.085154,0.000000,3.000000,2.985000,0.004706,0.001690,-0.007259,0.001468,0.008217,0.252217,-0.007768,0.506841,0.531900,-0.019618,0.516935,-0.001600,0.111972
9.129000,4.471812,0.456786,3.150517,2.881420,1.031415,2.105436,0.000000,3.000000,3.060457,0.004707,0.001685,-0.008634,0.001181,0.007105,0.252130,-0.007761,0.506919,0.531952,-0.019600,0.516935,-0.001600,0.120004
9.140000,4.563864,0.488113,3.137188,2.973472,1.062741,2.092107,0.000000,3.000000,3.157682,0.004708,0.001683,-0.008645,0.000684,0.006373,0.252038,-0.007754,0.506997,0.532003,-0.019581,0.516935,-0.001600,0.124806
9.151000,4.528563,0.492331,3.195321,2.938171,1.066959,2.150241,0.000000,3.000000,3.125900,0.004700,0.001707,-0.009279,0.000879,0.005305,0.251942,-0.007744,0.507066,0.532055,-0.019562,0.516935,-0.001600,0.132640
9.162000,4.552532,0.559458,3.214152,2.962139,1.134086,2.169071,0.000000,3.000000,3.171817,0.004669,0.001788,-0.009673,0.000571,0.005164,0.251842,-0.007738,0.507130,0.532107,-0.019543,0.516935,-0.001600,0.132673
9.173000,4.730617,0.559887,3.207018,3.140225,1.134515,2.161937,0.000000,3.000000,3.338883,0.004703,0.001699,-0.010237,0.001158,0.005951,0.251733,-0.007728,0.507194,0.532158,-0.019524,0.516935,-0.001600,0.124845
9.184000,4.898660,0.595703,3.196011,3.308267,1.170331,2.150930,0.000000,3.000000,3.509175,0.004714,0.001668,-0.011153,0.000120,0.005475,0.251612,-0.007724,0.507252,0.532210,-0.019506,0.516935,-0.001600,0.127848
9.195000,4.790005,0.665657,3.213388,3.199613,1.240285,2.168307,0.000000,3.000000,3.431593,0.004662,0.001807,-0.011378,0.000444,0.003024,0.251488,-0.007717,0.507294,0.532262,-0.019487,0.516935,-0.001600,0.147878
9.206000,4.622091,0.676284,3.235326,3.031699,1.250913,2.190245,0.000000,3.000000,3.279631,0.004622,0.001907,-0.011889,0.000706,0.002174,0.251357,-0.007712,0.507324,0.532313,-0.019466,0.516935,-0.001600,0.154554
9.217000,4.512443,0.625089,3.288875,2.922051,1.199718,2.243795,0.000000,3.000000,3.158750,0.004625,0.001899,-0.012234,0.001083,0.000438,0.251224,-0.007705,0.507332,0.532363,-0.019445,0.516935,-0.001600,0.169137
9.228000,4.558551,0.656622,3.241571,2.968159,1.231250,2.196490,0.000000,3.000000,3.213401,0.004618,0.001916,-0.012372,0.000252,-0.001193,0.251088,-0.007700,0.507329,0.532414,-0.019424,0.516935,-0.001600,0.183046
9.239000,4.773216,0.614964,3.262060,3.182824,1.189592,2.216979,0.000000,3.000000,3.397867,0.004684,0.001750,-0.013486,0.000634,-0.002278,0.250944,-0.007693,0.507312,0.532465,-0.019403,0.516935,-0.001600,0.192542
9.250000,5.268832,0.562670,3.283364,3.678440,1.137298,2.238283,0.000000,3.000000,3.850242,0.004777,0.001477,-0.015552,0.000917,-0.002884,0.250780,-0.007683,0.507293,0.532517,-0.019386,0.516935,-0.001600,0.198032
9.261000,5.570128,0.495407,3.266842,3.979736,1.070035,2.221761,0.000000,3.000000,4.121077,0.004829,0.001298,-0.015648,0.000831,-0.003053,0.250608,-0.007669,0.507269,0.532570,-0.019371,0.516935,-0.001600,0.199901
9.272000,5.228559,0.519443,3.273788,3.638167,1.094071,2.228707,0.000000,3.000000,3.799112,0.004788,0.001440,-0.015914,0.001956,-0.004699,0.250435,-0.007655,0.507220,0.532623,-0.019356,0.516935,-0.001600,0.214747
9.283000,4.865650,0.525481,3.226976,3.275258,1.100110,2.181895,0.000000,3.000000,3.455077,0.004740,0.001592,-0.015945,0.002213,-0.007275,0.250265,-0.007639,0.507151,0.532676,-0.019339,0.516935,-0.001600,0.237856
9.294000,4.495007,0.538499,3.298094,2.904615,1.113127,2.253013,0.000000,3.000000,3.110601,0.004669,0.001789,-0.015283,0.001274,-0.008711,0.250090,-0.007625,0.507055,0.532727,-0.019321,0.516935,-0.001600,0.251772
9.305000,4.373610,0.567701,3.283497,2.783217,1.142329,2.238416,0.000000,3.000000,3.008524,0.004626,0.001898,-0.016733,0.001233,-0.009303,0.249911,-0.007611,0.506948,0.532778,-0.019300,0.516935,-0.001600,0.258710
9.316000,4.888296,0.480075,3.300606,3.297904,1.054704,2.255525,0.000000,3.000000,3.462451,0.004762,0.001523,-0.018410,0.001586,-0.010112,0.249717,-0.007591,0.506836,0.532830,-0.019281,0.516935,-0.001600,0.267597
9.327000,5.226903,0.468555,3.348665,3.636511,1.043184,2.303584,0.000000,3.000000,3.783179,0.004806,0.001379,-0.019536,0.001569,-0.009743,0.249502,-0.007572,0.506726,0.532883,-0.019265,0.516935,-0.001600,0.266445
9.338000,5.258740,0.450585,3.391147,3.668348,1.025213,2.346066,0.000000,3.000000,3.808915,0.004815,0.001346,-0.019495,0.000868,-0.010137,0.249283,-0.007555,0.506609,0.532936,-0.019250,0.516935,-0.001600,0.271884
9.349000,4.978183,0.517379,3.470366,3.387791,1.092007,2.425285,0.000000,3.000000,3.559439,0.004759,0.001534,-0.018757,0.001152,-0.011024,0.249071,-0.007535,0.506488,0.532988,-0.019235,0.516935,-0.001600,0.281592
9.360000,4.664083,0.506308,3.480024,3.073691,1.080936,2.434943,0.000000,3.000000,3.258220,0.004717,0.001659,-0.019608,0.001772,-0.010530,0.248860,-0.007515,0.506369,0.533040,-0.019217,0.516935,-0.001600,0.279548
9.371000,4.927578,0.496197,3.482219,3.337186,1.070826,2.437138,0.000000,3.000000,3.504779,0.004761,0.001528,-0.020458,0.001295,-0.009476,0.248637,-0.007495,0.506258,0.533092,-0.019199,0.516935,-0.001600,0.272603
9.382000,5.204387,0.471170,3.552724,3.613994,1.045799,2.507643,0.000000,3.000000,3.762267,0.004803,0.001390,-0.021114,0.001328,-0.009709,0.248409,-0.007475,0.506145,0.533145,-0.019183,0.516935,-0.001600,0.276613
9.393000,5.461170,0.448980,3.524787,3.870778,1.023608,2.479706,0.000000,3.000000,4.003835,0.004834,0.001278,-0.021000,0.001495,-0.009834,0.248177,-0.007456,0.506027,0.533198,-0.019169,0.516935,-0.001600,0.279787
9.404000,5.410123,0.474273,3.505102,3.819731,1.048902,2.460021,0.000000,3.000000,3.961128,0.004822,0.001324,-0.020788,0.002052,-0.011071,0.247943,-0.007433,0.505912,0.533251,-0.019154,0.516935,-0.001600,0.292361
9.415000,5.394607,0.419518,3.523139,3.804214,0.994146,2.478058,0.000000,3.000000,3.931968,0.004838,0.001264,-0.020651,0.001938,-0.008301,0.247715,-0.007411,0.505806,0.533304,-0.019140,0.516935,-0.001600,0.270766
9.426000,5.741949,0.382651,3.492827,4.151557,0.957279,2.447747,0.000000,3.000000,4.260494,0.004872,0.001123,-0.020903,0.002109,-0.008738,0.247482,-0.007390,0.505715,0.533358,-0.019127,0.516935,-0.001600,0.276117
9.437000,5.776085,0.399425,3.546393,4.185693,0.974053,2.501313,0.000000,3.000000,4.297535,0.004870,0.001133,-0.020748,0.002232,-0.008153,0.247254,-0.007370,0.505634,0.533411,-0.019115,0.516935,-0.001600,0.272606
9.448000,5.483989,0.434655,3.533760,3.893596,1.009283,2.488679,0.000000,3.000000,4.022281,0.004840,0.001255,-0.020089,0.002150,-0.007570,0.247031,-0.007351,0.505553,0.533465,-0.019102,0.516935,-0.001600,0.269118
9.459000,5.402279,0.482824,3.448018,3.811887,1.057453,2.402937,0.000000,3.000000,3.955842,0.004818,0.001337,-0.019812,0.001306,-0.006345,0.246810,-0.007333,0.505481,0.533518,-0.019087,0.516935,-0.001600,0.260008
9.470000,5.185869,0.501386,3.465972,3.595476,1.076014,2.420891,0.000000,3.000000,3.753033,0.004790,0.001434,-0.019568,0.002062,-0.004705,0.246593,-0.007312,0.505414,0.533571,-0.019072,0.516935,-0.001600,0.247314
9.481000,5.020832,0.549026,3.554869,3.430439,1.123654,2.509788,0.000000,3.000000,3.609780,0.004752,0.001556,-0.019283,0.002125,-0.005465,0.246381,-0.007293,0.505354,0.533623,-0.019055,0.516935,-0.001600,0.254841
9.492000,5.024088,0.562076,3.552962,3.433696,1.136704,2.507881,0.000000,3.000000,3.616955,0.004747,0.001571,-0.019174,0.001637,-0.003349,0.246166,-0.007274,0.505316,0.533675,-0.019038,0.516935,-0.001600,0.237558
9.503000,4.879899,0.568408,3.605098,3.289507,1.143036,2.560017,0.000000,3.000000,3.482439,0.004723,0.001641,-0.018620,0.001952,-0.002441,0.245962,-0.007255,0.505284,0.533727,-0.019020,0.516935,-0.001600,0.230439
9.514000,4.973416,0.570032,3.603805,3.383024,1.144660,2.558724,0.000000,3.000000,3.571428,0.004736,0.001603,-0.018881,0.002010,-0.001487,0.245754,-0.007237,0.505267,0.533779,-0.019003,0.516935,-0.001600,0.222649
9.525000,5.169866,0.557358,3.582729,3.579474,1.131986,2.537648,0.000000,3.000000,3.754201,0.004767,0.001508,-0.019117,0.001406,-0.000135,0.245542,-0.007220,0.505262,0.533832,-0.018985,0.516935,-0.001600,0.211254
9.536000,5.239598,0.564968,3.613270,3.649205,1.139597,2.568189,0.000000,3.000000,3.823007,0.004773,0.001490,-0.018473,0.001704,0.001346,0.245335,-0.007201,0.505273,0.533884,-0.018969,0.516935,-0.001600,0.198492
9.547000,5.108333,0.585115,3.525665,3.517941,1.159743,2.480584,0.000000,3.000000,3.704175,0.004749,0.001565,-0.017111,0.001478,0.003197,0.245141,-0.007184,0.505301,0.533937,-0.018952,0.516935,-0.001600,0.182285
9.558000,5.151549,0.580663,3.527738,3.561157,1.155291,2.482657,0.000000,3.000000,3.743867,0.004756,0.001543,-0.016463,0.001710,0.005887,0.244956,-0.007166,0.505359,0.533989,-0.018935,0.516935,-0.001600,0.158411
9.569000,5.274224,0.559094,3.500373,3.683832,1.133723,2.455292,0.000000,3.000000,3.854341,0.004779,0.001471,-0.015845,0.001456,0.008201,0.244780,-0.007149,0.505448,0.534041,-0.018919,0.516935,-0.001600,0.137175
9.580000,5.338202,0.576413,3.484399,3.747810,1.151041,2.439318,0.000000,3.000000,3.920583,0.004780,0.001468,-0.015231,0.000797,0.012016,0.244615,-0.007136,0.505570,0.534094,-0.018902,0.516935,-0.001600,0.102625
9.591000,5.290750,0.607271,3.481212,3.700358,1.181899,2.436131,0.000000,3.000000,3.884525,0.004763,0.001521,-0.013841,0.001618,0.013866,0.244456,-0.007122,0.505717,0.534146,-0.018886,0.516935,-0.001600,0.084276
9.602000,4.932582,0.645747,3.513641,3.342189,1.220375,2.468561,0.000000,3.000000,3.558026,0.004697,0.001715,-0.012720,0.001034,0.014293,0.244312,-0.007110,0.505870,0.534198,-0.018868,0.516935,-0.001600,0.077898
9.613000,4.785502,0.705206,3.539419,3.195110,1.279834,2.494338,0.000000,3.000000,3.441904,0.004641,0.001859,-0.012520,0.000795,0.015610,0.244174,-0.007096,0.506037,0.534250,-0.018849,0.516935,-0.001600,0.063709
9.624000,4.800876,0.637057,3.588471,3.210484,1.211686,2.543390,0.000000,3.000000,3.431529,0.004678,0.001766,-0.012414,0.001641,0.016390,0.244037,-0.007084,0.506218,0.534301,-0.018829,0.516935,-0.001600,0.053843
9.635000,4.954553,0.637653,3.618301,3.364161,1.212282,2.573220,0.000000,3.000000,3.575921,0.004704,0.001695,-0.012806,0.000252,0.018463,0.243897,-0.007077,0.506416,0.534353,-0.018810,0.516935,-0.001600,0.032683
9.646000,4.855361,0.711701,3.643627,3.264968,1.286330,2.598546,0.000000,3.000000,3.509225,0.004652,0.001833,-0.012304,0.000375,0.017364,0.243759,-0.007067,0.506611,0.534404,-0.018791,0.516935,-0.001600,0.038501
9.657000,4.830628,0.722307,3.730625,3.240236,1.296935,2.685545,0.000000,3.000000,3.490153,0.004642,0.001858,-0.012103,0.000526,0.017635,0.243622,-0.007061,0.506806,0.534455,-0.018770,0.516935,-0.001600,0.032696
9.668000,5.025061,0.725981,3.785682,3.434668,1.300609,2.740601,0.000000,3.000000,3.672674,0.004676,0.001771,-0.013789,-0.000112,0.017778,0.243477,-0.007057,0.507003,0.534506,-0.018750,0.516935,-0.001600,0.027929
9.679000,5.375034,0.727623,3.788118,3.784642,1.302251,2.743037,0.000000,3.000000,4.002421,0.004728,0.001627,-0.014005,-0.000086,0.019825,0.243324,-0.007056,0.507215,0.534558,-0.018731,0.516935,-0.001600,0.006751
9.690000,5.539035,0.816577,3.790212,3.948643,1.391205,2.745131,0.000000,3.000000,4.186554,0.004716,0.001662,-0.014203,-0.000847,0.019246,0.243170,-0.007062,0.507425,0.534610,-0.018714,0.516935,-0.001600,0.007874
9.701000,5.362217,0.869877,3.868388,3.771824,1.444505,2.823307,0.000000,3.000000,4.038967,0.004669,0.001788,-0.013629,-0.001284,0.017766,0.243024,-0.007073,0.507627,0.534662,-0.018694,0.516935,-0.001600,0.016795
9.712000,5.055546,0.881080,3.982958,3.465154,1.455708,2.937877,0.000000,3.000000,3.758508,0.004610,0.001937,-0.013009,-0.000851,0.016915,0.242881,-0.007082,0.507825,0.534713,-0.018674,0.516935,-0.001600,0.020463
9.723000,4.713855,0.943392,4.085815,3.123462,1.518020,3.040734,0.000000,3.000000,3.472809,0.004497,0.002186,-0.011783,-0.001783,0.016285,0.242753,-0.007098,0.508003,0.534763,-0.018651,0.516935,-0.001600,0.022601
9.734000,4.710425,0.969669,4.146343,3.120033,1.544297,3.101262,0.000000,3.000000,3.481301,0.004481,0.002218,-0.011786,-0.001793,0.015596,0.242627,-0.007115,0.508173,0.534812,-0.018627,0.516935,-0.001600,0.025386
9.745000,5.176726,0.870473,4.148237,3.586333,1.445101,3.103157,0.000000,3.000000,3.866537,0.004638,0.001869,-0.011998,-0.000702,0.015699,0.242495,-0.007128,0.508353,0.534862,-0.018604,0.516935,-0.001600,0.021262
9.756000,5.219515,0.865741,4.202768,3.629123,1.440370,3.157688,0.000000,3.000000,3.904510,0.004647,0.001844,-0.011230,-0.001541,0.014454,0.242371,-0.007145,0.508521,0.534913,-0.018584,0.516935,-0.001600,0.028808
9.767000,5.055114,0.850706,4.171646,3.464722,1.425334,3.126565,0.000000,3.000000,3.746448,0.004624,0.001902,-0.010446,-0.001395,0.013860,0.242255,-0.007158,0.508684,0.534964,-0.018563,0.516935,-0.001600,0.030911
9.778000,4.789486,0.828416,4.170597,3.199094,1.403044,3.125517,0.000000,3.000000,3.493241,0.004579,0.002008,-0.009216,-0.001055,0.013383,0.242147,-0.007169,0.508832,0.535015,-0.018542,0.516935,-0.001600,0.032294
9.789000,4.429385,0.805034,4.173040,2.838993,1.379663,3.127959,0.000000,3.000000,3.156477,0.004497,0.002185,-0.008350,-0.001325,0.011380,0.242052,-0.007181,0.508957,0.535065,-0.018519,0.516935,-0.001600,0.047045
9.800000,4.508197,0.771778,4.156122,2.917805,1.346406,3.111041,0.000000,3.000000,3.213471,0.004540,0.002095,-0.008576,-0.000818,0.011578,0.241957,-0.007188,0.509087,0.535114,-0.018495,0.516935,-0.001600,0.043030
9.811000,4.768958,0.713307,4.120830,3.178566,1.287935,3.075749,0.000000,3.000000,3.429586,0.004634,0.001878,-0.008895,-0.000087,0.012402,0.241858,-0.007193,0.509221,0.535165,-0.018473,0.516935,-0.001600,0.033616
9.822000,4.945882,0.653898,4.026339,3.355490,1.228526,2.981258,0.000000,3.000000,3.573316,0.004695,0.001719,-0.009032,-0.000101,0.011927,0.241757,-0.007194,0.509350,0.535216,-0.018454,0.516935,-0.001600,0.035328
9.833000,4.921849,0.670809,4.007715,3.331457,1.245437,2.962634,0.000000,3.000000,3.556644,0.004683,0.001751,-0.008580,-0.000551,0.011855,0.241658,-0.007194,0.509486,0.535268,-0.018435,0.516935,-0.001600,0.033491
9.844000,4.600897,0.682542,4.020082,3.010505,1.257171,2.975001,0.000000,3.000000,3.262456,0.004614,0.001927,-0.008216,0.000859,0.011409,0.241567,-0.007189,0.509610,0.535319,-0.018414,0.516935,-0.001600,0.035044
9.855000,4.252523,0.681397,4.025388,2.662130,1.256025,2.980307,0.000000,3.000000,2.943559,0.004522,0.002134,-0.008250,0.000743,0.010534,0.241477,-0.007181,0.509727,0.535369,-0.018392,0.516935,-0.001600,0.040376
9.866000,4.184942,0.700848,3.978764,2.594550,1.275477,2.933683,0.000000,3.000000,2.891112,0.004487,0.002206,-0.007817,0.000782,0.010302,0.241389,-0.007174,0.509838,0.535419,-0.018368,0.516935,-0.001600,0.040327
9.877000,4.207876,0.697245,3.986270,2.617483,1.271873,2.941189,0.000000,3.000000,2.910134,0.004497,0.002185,-0.008854,0.000731,0.010888,0.241300,-0.007165,0.509950,0.535468,-0.018344,0.516935,-0.001600,0.033341
9.888000,4.504238,0.666303,4.023691,2.913846,1.240931,2.978610,0.000000,3.000000,3.167082,0.004600,0.001959,-0.009874,0.000964,0.010672,0.241193,-0.007154,0.510065,0.535518,-0.018321,0.516935,-0.001600,0.033103
9.899000,4.868513,0.666264,4.067509,3.278121,1.240892,3.022428,0.000000,3.000000,3.505124,0.004676,0.001770,-0.010961,0.001415,0.010349,0.241074,-0.007140,0.510181,0.535569,-0.018301,0.516935,-0.001600,0.033770
9.910000,5.005465,0.656220,4.055582,3.415073,1.230848,3.010501,0.000000,3.000000,3.630112,0.004704,0.001695,-0.009885,0.001139,0.011292,0.240961,-0.007128,0.510309,0.535621,-0.018282,0.516935,-0.001600,0.023445
9.921000,4.789727,0.670878,4.046950,3.199335,1.245506,3.001869,0.000000,3.000000,3.433224,0.004659,0.001814,-0.009419,0.000864,0.011173,0.240856,-0.007119,0.510433,0.535673,-0.018263,0.516935,-0.001600,0.022242
9.932000,4.548431,0.695502,4.076380,2.958039,1.270131,3.031299,0.000000,3.000000,3.219196,0.004594,0.001973,-0.009500,0.001182,0.010364,0.240753,-0.007108,0.510548,0.535723,-0.018242,0.516935,-0.001600,0.027033
9.943000,4.572949,0.755640,4.056309,2.982556,1.330268,3.011228,0.000000,3.000000,3.265771,0.004566,0.002037,-0.009724,0.001503,0.010766,0.240646,-0.007096,0.510666,0.535774,-0.018220,0.516935,-0.001600,0.021485
9.954000,4.698609,0.720121,4.059267,3.108217,1.294749,3.014186,0.000000,3.000000,3.367104,0.004616,0.001923,-0.009364,0.001034,0.010626,0.240542,-0.007087,0.510777,0.535824,-0.018198,0.516935,-0.001600,0.020688
9.965000,4.867008,0.757095,4.084850,3.276616,1.331723,3.039769,0.000000,3.000000,3.536905,0.004632,0.001883,-0.009196,0.000994,0.011336,0.240441,-0.007077,0.510897,0.535875,-0.018177,0.516935,-0.001600,0.012488
9.976000,5.126670,0.700083,4.162632,3.536278,1.274711,3.117551,0.000000,3.000000,3.759009,0.004704,0.001696,-0.009506,0.000733,0.010995,0.240335,-0.007067,0.511016,0.535926,-0.018157,0.516935,-0.001600,0.013253
9.987000,5.489523,0.661666,4.168702,3.899131,1.236295,3.123621,0.000000,3.000000,4.090434,0.004766,0.001511,-0.010112,0.001245,0.012033,0.240224,-0.007055,0.511145,0.535979,-0.018139,0.516935,-0.001600,0.002121
9.998000,5.605552,0.656659,4.193335,4.015160,1.231287,3.148254,0.000000,3.000000,4.199712,0.004780,0.001466,-0.010090,0.001441,0.012489,0.240110,-0.007044,0.511275,0.536031,-0.018123,0.516935,-0.001600,-0.004083
10.009000,5.377272,0.721341,4.145104,3.786880,1.295970,3.100023,0.000000,3.000000,4.002498,0.004731,0.001619,-0.009906,-0.000372,0.010793,0.239999,-0.007037,0.511398,0.536083,-0.018106,0.516935,-0.001600,0.008098
10.020000,5.132577,0.747760,4.190800,3.542185,1.322389,3.145719,0.000000,3.000000,3.780977,0.004684,0.001749,-0.010068,0.000783,0.010422,0.239890,-0.007024,0.511515,0.536135,-0.018088,0.516935,-0.001600,0.009121
10.031000,5.125982,0.731153,4.182831,3.535590,1.305781,3.137750,0.000000,3.000000,3.769013,0.004690,0.001732,-0.010268,0.000947,0.010150,0.239779,-0.007012,0.511628,0.536187,-0.018068,0.516935,-0.001600,0.009413
10.042000,5.152367,0.763586,4.192638,3.561975,1.338214,3.147557,0.000000,3.000000,3.805060,0.004681,0.001758,-0.011282,0.000887,0.010775,0.239655,-0.007001,0.511743,0.536238,-0.018049,0.516935,-0.001600,0.002026
10.053000,5.384910,0.773421,4.186277,3.794518,1.348050,3.141196,0.000000,3.000000,4.026860,0.004712,0.001674,-0.012744,0.001348,0.010496,0.239522,-0.006991,0.511859,0.536290,-0.018030,0.516935,-0.001600,0.002314
10.064000,5.652576,0.762398,4.213491,4.062184,1.337026,3.168411,0.000000,3.000000,4.276561,0.004749,0.001563,-0.014080,0.001133,0.011028,0.239374,-0.006981,0.511975,0.536342,-0.018013,0.516935,-0.001600,-0.004293
10.075000,5.689793,0.810327,4.205369,4.099401,1.384956,3.160288,0.000000,3.000000,4.327030,0.004737,0.001600,-0.015229,0.000691,0.010479,0.239209,-0.006972,0.512087,0.536394,-0.017995,0.516935,-0.001600,-0.001652
10.086000,5.521970,0.815009,4.224147,3.931578,1.389637,3.179067,0.000000,3.000000,4.169940,0.004714,0.001666,-0.015991,0.000667,0.009668,0.239036,-0.006961,0.512195,0.536446,-0.017977,0.516935,-0.001600,0.003283
10.097000,5.404766,0.813022,4.206106,3.814374,1.387650,3.161025,0.000000,3.000000,4.058944,0.004699,0.001709,-0.017717,0.001144,0.009705,0.238848,-0.006948,0.512302,0.536498,-0.017959,0.516935,-0.001600,0.001053
10.108000,5.410834,0.828586,4.202095,3.820442,1.403215,3.157014,0.000000,3.000000,4.069986,0.004693,0.001724,-0.019076,0.001126,0.009142,0.238641,-0.006936,0.512407,0.536550,-0.017940,0.516935,-0.001600,0.003929
10.119000,5.347557,0.863498,4.219151,3.757165,1.438126,3.174070,0.000000,3.000000,4.022996,0.004670,0.001787,-0.021176,0.001077,0.008482,0.238416,-0.006922,0.512507,0.536601,-0.017921,0.516935,-0.001600,0.007730
10.130000,5.398747,0.909122,4.281018,3.808355,1.483751,3.235937,0.000000,3.000000,4.087185,0.004659,0.001815,-0.022985,0.001201,0.008300,0.238172,-0.006910,0.512599,0.536652,-0.017901,0.516935,-0.001600,0.007630
10.141000,5.732481,0.849398,4.289760,4.142089,1.424026,3.244679,0.000000,3.000000,4.380040,0.004728,0.001626,-0.026386,0.001016,0.008298,0.237895,-0.006899,0.512691,0.536704,-0.017882,0.516935,-0.001600,0.005977
10.152000,6.057776,0.866412,4.337154,4.467384,1.441041,3.292073,0.000000,3.000000,4.694051,0.004759,0.001535,-0.029105,0.001260,0.007904,0.237577,-0.006886,0.512780,0.536756,-0.017865,0.516935,-0.001600,0.007733
10.163000,6.155240,0.875587,4.387313,4.564848,1.450215,3.342232,0.000000,3.000000,4.789673,0.004765,0.001514,-0.032027,0.000628,0.006530,0.237232,-0.006875,0.512853,0.536809,-0.017848,0.516935,-0.001600,0.018063
10.174000,6.145979,0.874165,4.398819,4.555587,1.448793,3.353738,0.000000,3.000000,4.780416,0.004765,0.001515,-0.033901,0.001059,0.006577,0.236861,-0.006862,0.512929,0.536861,-0.017831,0.516935,-0.001600,0.016302
10.185000,5.943324,0.835497,4.455474,4.352932,1.410125,3.410393,0.000000,3.000000,4.575639,0.004757,0.001541,-0.036217,0.000905,0.005040,0.236469,-0.006848,0.512988,0.536913,-0.017814,0.516935,-0.001600,0.028295
10.196000,5.851670,0.790769,4.539675,4.261278,1.365398,3.494594,0.000000,3.000000,4.474685,0.004762,0.001526,-0.038472,0.001399,0.003665,0.236053,-0.006829,0.513027,0.536966,-0.017798,0.516935,-0.001600,0.039249
10.207000,5.999644,0.801228,4.595717,4.409252,1.375856,3.550637,0.000000,3.000000,4.618926,0.004773,0.001489,-0.039879,0.001649,0.002265,0.235616,-0.006812,0.513052,0.537018,-0.017781,0.516935,-0.001600,0.050668
10.218000,6.468623,0.710385,4.647569,4.878231,1.285013,3.602488,0.000000,3.000000,5.044640,0.004835,0.001274,-0.042309,0.001901,0.003089,0.235160,-0.006793,0.513086,0.537071,-0.017766,0.516935,-0.001600,0.043068
10.229000,7.000066,0.565975,4.663397,5.409674,1.140603,3.618316,0.000000,3.000000,5.528612,0.004892,0.001032,-0.043792,0.001546,0.003499,0.234684,-0.006775,0.513132,0.537125,-0.017753,0.516935,-0.001600,0.038774
10.240000,7.135486,0.591851,4.700009,5.545094,1.166479,3.654929,0.000000,3.000000,5.666457,0.004893,0.001029,-0.045524,0.001578,0.003633,0.234185,-0.006755,0.513173,0.537178,-0.017742,0.516935,-0.001600,0.036889
10.251000,6.841143,0.647555,4.722946,5.250751,1.222183,3.677866,0.000000,3.000000,5.391115,0.004870,0.001134,-0.046439,0.001814,0.002596,0.233675,-0.006737,0.513195,0.537232,-0.017730,0.516935,-0.001600,0.045299
10.262000,6.223615,0.696101,4.703223,4.633223,1.270729,3.658142,0.000000,3.000000,4.804322,0.004822,0.001322,-0.045248,0.000475,0.001298,0.233177,-0.006726,0.513208,0.537286,-0.017717,0.516935,-0.001600,0.056075
10.273000,5.925739,0.716333,4.601597,4.335347,1.290962,3.556516,0.000000,3.000000,4.523474,0.004792,0.001427,-0.046253,0.000823,0.001180,0.232678,-0.006712,0.513219,0.537338,-0.017701,0.516935,-0.001600,0.056874
10.284000,6.020905,0.674131,4.537923,4.430513,1.248760,3.492842,0.000000,3.000000,4.603134,0.004812,0.001356,-0.045634,0.001066,0.002043,0.232179,-0.006700,0.513238,0.537391,-0.017686,0.516935,-0.001600,0.049222
10.295000,6.123725,0.668062,4.528528,4.533333,1.242690,3.483447,0.000000,3.000000,4.700573,0.004822,0.001322,-0.047020,0.000697,0.002348,0.231657,-0.006692,0.513266,0.537444,-0.017671,0.516935,-0.001600,0.046127
10.306000,6.347481,0.648945,4.527328,4.757089,1.223573,3.482248,0.000000,3.000000,4.911927,0.004842,0.001246,-0.048806,0.000770,0.003048,0.231125,-0.006681,0.513299,0.537497,-0.017657,0.516935,-0.001600,0.039593
10.317000,6.318930,0.667531,4.536485,4.728538,1.242159,3.491405,0.000000,3.000000,4.888970,0.004836,0.001270,-0.050179,0.001216,0.003079,0.230583,-0.006671,0.513327,0.537551,-0.017643,0.516935,-0.001600,0.038819
10.328000,6.259833,0.628486,4.570926,4.669441,1.203114,3.525845,0.000000,3.000000,4.821946,0.004842,0.001248,-0.050996,0.001197,0.001872,0.230020,-0.006658,0.513347,0.537604,-0.017630,0.516935,-0.001600,0.048700
10.339000,6.058537,0.621569,4.544443,4.468145,1.196198,3.499362,0.000000,3.000000,4.625495,0.004830,0.001293,-0.051042,0.001300,0.002542,0.229463,-0.006647,0.513371,0.537657,-0.017616,0.516935,-0.001600,0.042582
10.350000,5.987897,0.585969,4.540357,4.397505,1.160598,3.495277,0.000000,3.000000,4.548080,0.004834,0.001276,-0.049117,0.000946,0.003432,0.228915,-0.006637,0.513410,0.537710,-0.017601,0.516935,-0.001600,0.034337
10.361000,6.007395,0.588875,4.594020,4.417003,1.163504,3.548939,0.000000,3.000000,4.567675,0.004835,0.001274,-0.050051,0.001606,0.003799,0.228370,-0.006626,0.513455,0.537763,-0.017587,0.516935,-0.001600,0.030408
10.372000,6.084253,0.563856,4.672578,4.493861,1.138484,3.627497,0.000000,3.000000,4.635832,0.004847,0.001228,-0.048571,0.001019,0.003559,0.227838,-0.006616,0.513494,0.537817,-0.017574,0.516935,-0.001600,0.031747
10.383000,6.353951,0.481376,4.632091,4.763558,1.056004,3.587010,0.000000,3.000000,4.879204,0.004881,0.001082,-0.046185,0.001132,0.004865,0.227316,-0.006605,0.513558,0.537870,-0.017561,0.516935,-0.001600,0.019504
10.394000,6.370717,0.424676,4.658621,4.780325,0.999305,3.613540,0.000000,3.000000,4.883658,0.004894,0.001023,-0.044942,0.001757,0.005876,0.226825,-0.006590,0.513632,0.537924,-0.017550,0.516935,-0.001600,0.009605
10.405000,6.317701,0.443960,4.661577,4.727309,1.018588,3.616496,0.000000,3.000000,4.835801,0.004888,0.001053,-0.043119,0.001984,0.008330,0.226344,-0.006575,0.513714,0.537978,-0.017538,0.516935,-0.001600,-0.012699
10.416000,6.069036,0.501466,4.673923,4.478644,1.076095,3.628842,0.000000,3.000000,4.606108,0.004862,0.001168,-0.041069,0.001644,0.007721,0.225886,-0.006562,0.513797,0.538031,-0.017526,0.516935,-0.001600,-0.009017
10.427000,5.754931,0.567025,4.695384,4.164539,1.141653,3.650303,0.000000,3.000000,4.318189,0.004822,0.001322,-0.040833,0.001554,0.007147,0.225434,-0.006546,0.513874,0.538085,-0.017512,0.516935,-0.001600,-0.005541
10.438000,5.574778,0.518444,4.664481,3.984386,1.093072,3.619400,0.000000,3.000000,4.131603,0.004822,0.001323,-0.040531,0.001401,0.007883,0.224990,-0.006528,0.513960,0.538138,-0.017497,0.516935,-0.001600,-0.013332
10.449000,5.407278,0.519544,4.710475,3.816886,1.094172,3.665394,0.000000,3.000000,3.970621,0.004806,0.001378,-0.041019,0.001876,0.007215,0.224553,-0.006509,0.514041,0.538190,-0.017483,0.516935,-0.001600,-0.009132
10.460000,5.388406,0.557014,4.805274,3.798014,1.131642,3.760193,0.000000,3.000000,3.963020,0.004792,0.001428,-0.041914,0.002294,0.006599,0.224085,-0.006485,0.514118,0.538243,-0.017467,0.516935,-0.001600,-0.005280
10.471000,5.604411,0.504690,4.851165,4.014019,1.079318,3.806084,0.000000,3.000000,4.156594,0.004828,0.001298,-0.042460,0.002033,0.007173,0.223625,-0.006465,0.514199,0.538296,-0.017452,0.516935,-0.001600,-0.011606
10.482000,5.998245,0.460076,4.860627,4.407852,1.034704,3.815546,0.000000,3.000000,4.527668,0.004868,0.001143,-0.043769,0.002537,0.008102,0.223143,-0.006440,0.514295,0.538349,-0.017439,0.516935,-0.001600,-0.021218
10.493000,6.224955,0.399688,4.857519,4.634563,0.974316,3.812438,0.000000,3.000000,4.735870,0.004893,0.001029,-0.043492,0.002487,0.009213,0.222662,-0.006417,0.514397,0.538403,-0.017427,0.516935,-0.001600,-0.032478
10.504000,6.124308,0.448311,4.937563,4.533916,1.022939,3.892482,0.000000,3.000000,4.647881,0.004877,0.001100,-0.043219,0.002321,0.008955,0.222188,-0.006398,0.514497,0.538457,-0.017415,0.516935,-0.001600,-0.032090
10.515000,5.884483,0.489881,4.987309,4.294091,1.064509,3.942228,0.000000,3.000000,4.424070,0.004853,0.001203,-0.041772,0.001598,0.007422,0.221723,-0.006379,0.514589,0.538510,-0.017403,0.516935,-0.001600,-0.020740
10.526000,5.685928,0.443396,5.078920,4.095536,1.018024,4.033839,0.000000,3.000000,4.220164,0.004852,0.001206,-0.041420,0.001257,0.008478,0.221266,-0.006361,0.514679,0.538564,-0.017389,0.516935,-0.001600,-0.031320
10.537000,5.966028,0.395114,5.138692,4.375636,0.969742,4.093611,0.000000,3.000000,4.481806,0.004882,0.001082,-0.041450,0.001729,0.008171,0.220811,-0.006343,0.514772,0.538617,-0.017377,0.516935,-0.001600,-0.030394
10.548000,6.254557,0.427239,5.200143,4.664165,1.001867,4.155062,0.000000,3.000000,4.770552,0.004888,0.001050,-0.042345,0.001118,0.007949,0.220350,-0.006328,0.514863,0.538671,-0.017365,0.516935,-0.001600,-0.030152
10.559000,6.606817,0.386076,5.209122,5.016424,0.960704,4.164041,0.000000,3.000000,5.107589,0.004911,0.000940,-0.042491,0.001005,0.008054,0.219880,-0.006316,0.514961,0.538725,-0.017354,0.516935,-0.001600,-0.032799
10.570000,6.473964,0.362533,5.269300,4.883572,0.937161,4.224219,0.000000,3.000000,4.972680,0.004910,0.000942,-0.042915,0.001259,0.007600,0.219412,-0.006305,0.515052,0.538779,-0.017344,0.516935,-0.001600,-0.030588
10.581000,6.073527,0.399780,5.183314,4.483135,0.974409,4.138233,0.000000,3.000000,4.587807,0.004886,0.001062,-0.043363,0.000426,0.007529,0.218937,-0.006295,0.515136,0.538833,-0.017333,0.516935,-0.001600,-0.031495
10.592000,5.780733,0.547341,5.094380,4.190340,1.121969,4.049299,0.000000,3.000000,4.337945,0.004830,0.001293,-0.042906,-0.000068,0.007963,0.218465,-0.006290,0.515214,0.538886,-0.017320,0.516935,-0.001600,-0.036594
10.603000,5.487294,0.562352,5.045711,3.896902,1.136981,4.000630,0.000000,3.000000,4.059380,0.004800,0.001400,-0.042844,0.000457,0.007459,0.217998,-0.006290,0.515299,0.538939,-0.017305,0.516935,-0.001600,-0.033845
10.614000,5.134948,0.567596,5.082314,3.544556,1.142224,4.037233,0.000000,3.000000,3.724051,0.004759,0.001534,-0.043219,-0.000576,0.006118,0.217519,-0.006291,0.515368,0.538992,-0.017289,0.516935,-0.001600,-0.023703
10.625000,5.117186,0.658294,5.084021,3.526794,1.232923,4.038940,0.000000,3.000000,3.736091,0.004720,0.001650,-0.042989,-0.000227,0.007219,0.217048,-0.006297,0.515443,0.539044,-0.017271,0.516935,-0.001600,-0.034392
10.636000,5.424072,0.659494,5.133934,3.833680,1.234122,4.088853,0.000000,3.000000,4.027426,0.004759,0.001532,-0.044137,-0.000807,0.006733,0.216563,-0.006306,0.515521,0.539096,-0.017253,0.516935,-0.001600,-0.031676
10.647000,5.712844,0.635318,5.110543,4.122452,1.209947,4.065462,0.000000,3.000000,4.296345,0.004798,0.001408,-0.043049,-0.001038,0.008422,0.216085,-0.006318,0.515613,0.539149,-0.017237,0.516935,-0.001600,-0.047670
10.658000,5.709531,0.640284,5.098888,4.119139,1.214913,4.053807,0.000000,3.000000,4.294569,0.004796,0.001414,-0.041753,-0.001952,0.008485,0.215623,-0.006335,0.515708,0.539201,-0.017222,0.516935,-0.001600,-0.049902
10.669000,5.654040,0.546635,5.169142,4.063648,1.121263,4.124061,0.000000,3.000000,4.215503,0.004820,0.001330,-0.041703,-0.001630,0.008496,0.215164,-0.006350,0.515796,0.539254,-0.017207,0.516935,-0.001600,-0.051584
10.680000,5.566176,0.568459,5.162940,3.975784,1.143088,4.117859,0.000000,3.000000,4.136848,0.004805,0.001382,-0.039008,-0.002009,0.008466,0.214725,-0.006367,0.515893,0.539307,-0.017192,0.516935,-0.001600,-0.053073
10.691000,5.172525,0.618708,5.152440,3.582133,1.193337,4.107359,0.000000,3.000000,3.775676,0.004744,0.001580,-0.035417,-0.002759,0.010266,0.214330,-0.006395,0.515998,0.539360,-0.017176,0.516935,-0.001600,-0.070228
10.702000,5.021050,0.565594,5.062318,3.430657,1.140222,4.017237,0.000000,3.000000,3.615179,0.004745,0.001577,-0.031746,-0.002706,0.011793,0.213968,-0.006423,0.516115,0.539412,-0.017158,0.516935,-0.001600,-0.085298
10.713000,4.736499,0.528811,5.002979,3.146107,1.103439,3.957899,0.000000,3.000000,3.334002,0.004718,0.001655,-0.029104,-0.002931,0.011187,0.213645,-0.006455,0.516235,0.539464,-0.017140,0.516935,-0.001600,-0.082326
10.724000,4.699722,0.538378,4.942246,3.109330,1.113006,3.897165,0.000000,3.000000,3.302531,0.004707,0.001685,-0.029312,-0.003015,0.012062,0.213324,-0.006489,0.516364,0.539516,-0.017122,0.516935,-0.001600,-0.092073
10.735000,4.664708,0.621672,4.920722,3.074316,1.196300,3.875641,0.000000,3.000000,3.298871,0.004660,0.001813,-0.028693,-0.003828,0.011414,0.213007,-0.006532,0.516494,0.539567,-0.017103,0.516935,-0.001600,-0.088900
10.746000,4.573479,0.642545,4.901975,2.983087,1.217174,3.856894,0.000000,3.000000,3.221850,0.004629,0.001889,-0.027676,-0.004490,0.011546,0.212703,-0.006580,0.516625,0.539618,-0.017082,0.516935,-0.001600,-0.092380
10.757000,4.460143,0.527549,4.862261,2.869751,1.102177,3.817180,0.000000,3.000000,3.074129,0.004668,0.001793,-0.026274,-0.004662,0.012192,0.212413,-0.006629,0.516758,0.539669,-0.017062,0.516935,-0.001600,-0.100265
10.768000,4.614142,0.463292,4.825001,3.023750,1.037920,3.779920,0.000000,3.000000,3.196927,0.004729,0.001623,-0.027279,-0.004219,0.012028,0.212119,-0.006675,0.516890,0.539721,-0.017043,0.516935,-0.001600,-0.101251
10.779000,4.796984,0.434302,4.791683,3.206592,1.008930,3.746602,0.000000,3.000000,3.361573,0.004769,0.001501,-0.027172,-0.004473,0.011057,0.211821,-0.006725,0.517020,0.539774,-0.017026,0.516935,-0.001600,-0.095340
10.790000,4.789325,0.462057,4.748105,3.198933,1.036685,3.703024,0.000000,3.000000,3.362721,0.004756,0.001541,-0.027277,-0.004460,0.012166,0.211520,-0.006777,0.517149,0.539826,-0.017009,0.516935,-0.001600,-0.107075
10.801000,4.933627,0.378734,4.729216,3.343234,0.953363,3.684135,0.000000,3.000000,3.476509,0.004808,0.001371,-0.026460,-0.004417,0.011227,0.211228,-0.006824,0.517281,0.539879,-0.016994,0.516935,-0.001600,-0.101485
10.812000,4.666928,0.310125,4.766086,3.076536,0.884754,3.721005,0.000000,3.000000,3.201228,0.004805,0.001382,-0.024512,-0.004434,0.011613,0.210952,-0.006868,0.517403,0.539931,-0.016979,0.516935,-0.001600,-0.106955
10.823000,4.706890,0.262311,4.751068,3.116498,0.836939,3.705987,0.000000,3.000000,3.226922,0.004829,0.001297,-0.025280,-0.003964,0.011136,0.210671,-0.006913,0.517522,0.539984,-0.016963,0.516935,-0.001600,-0.105051
10.834000,5.084491,0.205595,4.780521,3.494099,0.780223,3.735440,0.000000,3.000000,3.580151,0.004880,0.001090,-0.026027,-0.003210,0.010470,0.210384,-0.006950,0.517639,0.540038,-0.016951,0.516935,-0.001600,-0.101504
10.845000,5.209647,0.142418,4.860600,3.619255,0.717046,3.815519,0.000000,3.000000,3.689602,0.004905,0.000972,-0.028001,-0.003043,0.009276,0.210078,-0.006983,0.517744,0.540092,-0.016939,0.516935,-0.001600,-0.093274
10.856000,5.212381,0.201581,4.870219,3.621989,0.776209,3.825138,0.000000,3.000000,3.704228,0.004889,0.001048,-0.028396,-0.002874,0.009044,0.209768,-0.007012,0.517846,0.540146,-0.016928,0.516935,-0.001600,-0.093125
10.867000,4.950358,0.212026,4.884889,3.359965,0.786654,3.839808,0.000000,3.000000,3.450825,0.004868,0.001140,-0.027341,-0.002285,0.006972,0.209466,-0.007037,0.517929,0.540199,-0.016916,0.516935,-0.001600,-0.077043
10.878000,4.737424,0.182586,4.838884,3.147032,0.757215,3.793803,0.000000,3.000000,3.236848,0.004861,0.001170,-0.027027,-0.001695,0.006646,0.209170,-0.007059,0.518007,0.540253,-0.016904,0.516935,-0.001600,-0.075686
10.889000,4.693408,0.198422,4.809007,3.103016,0.773050,3.763926,0.000000,3.000000,3.197861,0.004852,0.001209,-0.027402,-0.002282,0.006064,0.208869,-0.007081,0.518081,0.540306,-0.016890,0.516935,-0.001600,-0.072089
10.900000,4.742068,0.228758,4.870853,3.151676,0.803386,3.825773,0.000000,3.000000,3.252459,0.004845,0.001235,-0.027768,-0.001507,0.006051,0.208562,-0.007099,0.518149,0.540359,-0.016877,0.516935,-0.001600,-0.073197
10.911000,4.940421,0.225477,4.878308,3.350029,0.800105,3.833227,0.000000,3.000000,3.444251,0.004863,0.001162,-0.029501,-0.001872,0.005701,0.208243,-0.007121,0.518217,0.540413,-0.016863,0.516935,-0.001600,-0.071439
10.922000,5.010444,0.213143,4.927431,3.420052,0.787771,3.882350,0.000000,3.000000,3.509607,0.004872,0.001122,-0.029218,-0.001497,0.006287,0.207919,-0.007142,0.518284,0.540466,-0.016851,0.516935,-0.001600,-0.077633
10.933000,4.944549,0.270598,4.932861,3.354157,0.845226,3.887781,0.000000,3.000000,3.459013,0.004848,0.001222,-0.030282,-0.002249,0.004333,0.207591,-0.007166,0.518341,0.540520,-0.016838,0.516935,-0.001600,-0.062077
10.944000,4.731914,0.266477,4.979596,3.141522,0.841105,3.934515,0.000000,3.000000,3.252171,0.004830,0.001293,-0.031220,-0.001801,0.004120,0.207254,-0.007188,0.518393,0.540573,-0.016824,0.516935,-0.001600,-0.061193
10.955000,4.668448,0.265289,4.923107,3.078056,0.839918,3.878026,0.000000,3.000000,3.190594,0.004824,0.001316,-0.031918,-0.001939,0.003724,0.206902,-0.007207,0.518434,0.540626,-0.016810,0.516935,-0.001600,-0.058585
10.966000,4.789305,0.267437,4.946021,3.198913,0.842066,3.900940,0.000000,3.000000,3.307887,0.004835,0.001273,-0.032665,-0.002493,0.003773,0.206544,-0.007232,0.518474,0.540679,-0.016795,0.516935,-0.001600,-0.059707
10.977000,4.965163,0.223422,4.984686,3.374771,0.798050,3.939605,0.000000,3.000000,3.467847,0.004866,0.001151,-0.031748,-0.001815,0.004811,0.206192,-0.007252,0.518522,0.540732,-0.016782,0.516935,-0.001600,-0.069382
10.988000,4.963093,0.203096,5.003067,3.372701,0.777725,3.957986,0.000000,3.000000,3.461209,0.004872,0.001123,-0.031721,-0.001477,0.004143,0.205848,-0.007273,0.518569,0.540786,-0.016769,0.516935,-0.001600,-0.064553
10.999000,4.928613,0.243381,5.008661,3.338221,0.818009,3.963580,0.000000,3.000000,3.436983,0.004856,0.001190,-0.031209,-0.002900,0.003750,0.205501,-0.007300,0.518612,0.540840,-0.016757,0.516935,-0.001600,-0.062003
11.010000,4.900757,0.294911,5.016075,3.310365,0.869539,3.970994,0.000000,3.000000,3.422662,0.004836,0.001270,-0.030894,-0.002719,0.003850,0.205161,-0.007324,0.518653,0.540893,-0.016743,0.516935,-0.001600,-0.063585
11.021000,4.959117,0.194297,5.015168,3.368725,0.768925,3.970087,0.000000,3.000000,3.455366,0.004875,0.001113,-0.030457,-0.001275,0.004268,0.204829,-0.007347,0.518695,0.540946,-0.016730,0.516935,-0.001600,-0.067891
11.032000,4.982294,0.216336,5.063640,3.391901,0.790964,4.018559,0.000000,3.000000,3.482904,0.004869,0.001135,-0.030459,-0.002272,0.002764,0.204492,-0.007373,0.518730,0.541000,-0.016718,0.516935,-0.001600,-0.055759
11.043000,5.079500,0.206933,5.061438,3.489108,0.781562,4.016357,0.000000,3.000000,3.575572,0.004879,0.001093,-0.030760,-0.002108,0.002713,0.204155,-0.007397,0.518760,0.541053,-0.016705,0.516935,-0.001600,-0.055854
11.054000,4.939767,0.143977,5.123851,3.349375,0.718605,4.078770,0.000000,3.000000,3.425595,0.004889,0.001049,-0.030014,-0.002151,0.002211,0.203820,-0.007418,0.518784,0.541107,-0.016693,0.516935,-0.001600,-0.052042
11.065000,4.796834,0.172119,5.108933,3.206441,0.746747,4.063852,0.000000,3.000000,3.292248,0.004870,0.001134,-0.030687,-0.001738,0.001701,0.203484,-0.007437,0.518799,0.541161,-0.016681,0.516935,-0.001600,-0.047981
11.076000,4.574041,0.115450,5.109821,2.983649,0.690078,4.064740,0.000000,3.000000,3.062412,0.004871,0.001127,-0.031351,-0.001378,-0.000300,0.203141,-0.007451,0.518802,0.541214,-0.016669,0.516935,-0.001600,-0.031065
11.087000,4.397285,0.056648,5.145021,2.806893,0.631276,4.099940,0.000000,3.000000,2.877005,0.004878,0.001097,-0.032270,-0.000738,0.000083,0.202788,-0.007458,0.518798,0.541268,-0.016656,0.516935,-0.001600,-0.034244
11.098000,4.388374,-0.025068,5.157177,2.797982,0.549561,4.112097,0.000000,3.000000,2.851442,0.004906,0.000964,-0.031928,-0.000341,-0.000860,0.202438,-0.007461,0.518785,0.541322,-0.016645,0.516935,-0.001600,-0.025999
11.109000,4.444173,-0.117157,5.216392,2.853780,0.457471,4.171311,0.000000,3.000000,2.890215,0.004937,0.000791,-0.031946,0.000611,-0.000933,0.202085,-0.007458,0.518780,0.541376,-0.016635,0.516935,-0.001600,-0.025289
11.120000,4.509362,-0.221805,5.229505,2.918969,0.352823,4.184424,0.000000,3.000000,2.940215,0.004964,0.000600,-0.030572,0.000744,-0.001046,0.201744,-0.007449,0.518779,0.541430,-0.016628,0.516935,-0.001600,-0.024300
11.131000,4.456462,-0.225812,5.206817,2.866070,0.348816,4.161737,0.000000,3.000000,2.887219,0.004963,0.000604,-0.030118,0.001655,0.000126,0.201414,-0.007435,0.518778,0.541485,-0.016621,0.516935,-0.001600,-0.034241
11.142000,4.230490,-0.208385,5.177715,2.640098,0.366243,4.132634,0.000000,3.000000,2.665380,0.004953,0.000687,-0.030701,0.002075,-0.001317,0.201077,-0.007417,0.518768,0.541540,-0.016614,0.516935,-0.001600,-0.021806
11.153000,4.182337,-0.219177,5.131280,2.591945,0.355451,4.086199,0.000000,3.000000,2.616204,0.004954,0.000679,-0.030420,0.001977,-0.001176,0.200740,-0.007393,0.518752,0.541594,-0.016607,0.516935,-0.001600,-0.022713
11.164000,4.237422,-0.230207,5.152262,2.647030,0.344421,4.107181,0.000000,3.000000,2.669343,0.004958,0.000645,-0.028528,0.002075,-0.001573,0.200422,-0.007367,0.518739,0.541649,-0.016600,0.516935,-0.001600,-0.019126
11.175000,4.429186,-0.283488,5.176089,2.838794,0.291140,4.131008,0.000000,3.000000,2.853684,0.004974,0.000510,-0.027116,0.001944,0.000047,0.200116,-0.007340,0.518736,0.541703,-0.016593,0.516935,-0.001600,-0.032807
11.186000,4.651279,-0.315975,5.193315,3.060887,0.258653,4.148234,0.000000,3.000000,3.071796,0.004982,0.000421,-0.026003,0.003031,0.000285,0.199828,-0.007308,0.518742,0.541758,-0.016588,0.516935,-0.001600,-0.034932
11.197000,4.638267,-0.300252,5.235718,3.047875,0.274377,4.190637,0.000000,3.000000,3.060200,0.004980,0.000448,-0.024816,0.002935,0.000295,0.199554,-0.007279,0.518747,0.541813,-0.016583,0.516935,-0.001600,-0.035114
11.208000,4.417179,-0.239869,5.278535,2.826787,0.334759,4.233454,0.000000,3.000000,2.846540,0.004965,0.000588,-0.024125,0.002803,-0.000678,0.199285,-0.007248,0.518744,0.541867,-0.016578,0.516935,-0.001600,-0.026812
11.219000,4.161069,-0.197400,5.243779,2.570677,0.377229,4.198698,0.000000,3.000000,2.598208,0.004947,0.000726,-0.021760,0.002455,0.000353,0.199038,-0.007219,0.518742,0.541922,-0.016570,0.516935,-0.001600,-0.035517
11.230000,4.065920,-0.181486,5.217755,2.475528,0.393142,4.172674,0.000000,3.000000,2.506551,0.004938,0.000784,-0.020022,0.003097,-0.000123,0.198809,-0.007189,0.518736,0.541976,-0.016562,0.516935,-0.001600,-0.031377
11.241000,4.125772,-0.194466,5.184778,2.535380,0.380162,4.139697,0.000000,3.000000,2.563723,0.004945,0.000741,-0.019136,0.002242,0.000911,0.198596,-0.007165,0.518739,0.542031,-0.016553,0.516935,-0.001600,-0.040202
11.252000,4.239926,-0.152974,5.166213,2.649533,0.421654,4.121133,0.000000,3.000000,2.682875,0.004938,0.000786,-0.018295,0.002154,-0.000289,0.198394,-0.007140,0.518736,0.542085,-0.016545,0.516935,-0.001600,-0.029954
11.263000,4.565998,-0.202461,5.143319,2.975606,0.372167,4.098238,0.000000,3.000000,2.998789,0.004961,0.000621,-0.017977,0.001838,0.001277,0.198194,-0.007117,0.518749,0.542139,-0.016537,0.516935,-0.001600,-0.043493
11.274000,4.966811,-0.252242,5.114834,3.376419,0.322387,4.069753,0.000000,3.000000,3.391775,0.004977,0.000475,-0.017803,0.002118,0.002166,0.198001,-0.007094,0.518772,0.542194,-0.016531,0.516935,-0.001600,-0.051451
11.285000,5.004745,-0.258820,5.139369,3.414353,0.315808,4.094288,0.000000,3.000000,3.428927,0.004979,0.000461,-0.017031,0.001697,0.002075,0.197811,-0.007072,0.518800,0.542249,-0.016526,0.516935,-0.001600,-0.051168
11.296000,4.749550,-0.200115,5.070915,3.159158,0.374514,4.025834,0.000000,3.000000,3.181279,0.004965,0.000589,-0.015918,0.001737,0.001909,0.197638,-0.007053,0.518820,0.542304,-0.016520,0.516935,-0.001600,-0.050135
11.307000,4.306343,-0.169583,5.109113,2.715951,0.405045,4.064032,0.000000,3.000000,2.745988,0.004945,0.000738,-0.013093,0.001685,0.001726,0.197488,-0.007035,0.518829,0.542358,-0.016513,0.516935,-0.001600,-0.048727
11.318000,3.978374,-0.087338,5.116492,2.387982,0.487291,4.071411,0.000000,3.000000,2.437193,0.004899,0.001000,-0.012739,0.001731,-0.000402,0.197347,-0.007017,0.518826,0.542412,-0.016503,0.516935,-0.001600,-0.030634
11.329000,4.120125,-0.072093,5.091167,2.529733,0.502535,4.046086,0.000000,3.000000,2.579165,0.004904,0.000974,-0.013562,0.001449,0.000048,0.197203,-0.007002,0.518824,0.542466,-0.016492,0.516935,-0.001600,-0.034404
11.340000,4.544829,-0.072949,5.126550,2.954437,0.501679,4.081469,0.000000,3.000000,2.996728,0.004929,0.000837,-0.014094,0.001790,0.000598,0.197049,-0.006986,0.518824,0.542520,-0.016482,0.516935,-0.001600,-0.039066
11.351000,4.824243,-0.067481,5.137119,3.233851,0.507147,4.092038,0.000000,3.000000,3.273376,0.004940,0.000775,-0.014259,0.000681,0.000051,0.196892,-0.006974,0.518828,0.542574,-0.016474,0.516935,-0.001600,-0.034503
11.362000,4.757664,-0.017082,5.126732,3.167272,0.557546,4.081651,0.000000,3.000000,3.215971,0.004924,0.000867,-0.013671,0.000582,-0.000668,0.196740,-0.006962,0.518827,0.542629,-0.016465,0.516935,-0.001600,-0.028375
11.373000,4.539159,0.029627,5.128440,2.948767,0.604255,4.083359,0.000000,3.000000,3.010042,0.004898,0.001004,-0.012718,0.001161,-0.001397,0.196602,-0.006950,0.518821,0.542683,-0.016454,0.516935,-0.001600,-0.022081
11.384000,4.291240,0.088024,5.082381,2.700848,0.662652,4.037300,0.000000,3.000000,2.780950,0.004856,0.001191,-0.011190,0.000866,-0.001229,0.196478,-0.006943,0.518813,0.542736,-0.016442,0.516935,-0.001600,-0.023364
11.395000,4.251490,0.146528,5.040039,2.661098,0.721157,3.994958,0.000000,3.000000,2.757084,0.004826,0.001308,-0.009810,0.000058,-0.001846,0.196367,-0.006943,0.518801,0.542790,-0.016428,0.516935,-0.001600,-0.017916
11.406000,4.183157,0.207202,5.016159,2.592765,0.781831,3.971078,0.000000,3.000000,2.708079,0.004787,0.001444,-0.009143,-0.000663,-0.000819,0.196264,-0.006947,0.518791,0.542842,-0.016413,0.516935,-0.001600,-0.026461
11.417000,4.239080,0.275312,5.004474,2.648688,0.849941,3.959393,0.000000,3.000000,2.781716,0.004761,0.001528,-0.008429,-0.001027,-0.000786,0.196171,-0.006956,0.518777,0.542895,-0.016396,0.516935,-0.001600,-0.026481
11.428000,4.341130,0.246386,4.961989,2.750738,0.821014,3.916908,0.000000,3.000000,2.870648,0.004791,0.001430,-0.007970,-0.000332,-0.001964,0.196080,-0.006966,0.518759,0.542947,-0.016380,0.516935,-0.001600,-0.016154
11.439000,4.307792,0.242961,4.994211,2.717400,0.817590,3.949130,0.000000,3.000000,2.837731,0.004788,0.001441,-0.008471,-0.001231,-0.002275,0.195989,-0.006980,0.518738,0.543000,-0.016365,0.516935,-0.001600,-0.013139
11.450000,4.327511,0.378178,4.980037,2.737119,0.952806,3.934956,0.000000,3.000000,2.898217,0.004722,0.001644,-0.007729,-0.002023,-0.002323,0.195901,-0.007002,0.518710,0.543053,-0.016348,0.516935,-0.001600,-0.012229
11.461000,4.219664,0.413673,4.940668,2.629271,0.988302,3.895587,0.000000,3.000000,2.808880,0.004680,0.001759,-0.008042,-0.002660,-0.004262,0.195814,-0.007028,0.518666,0.543104,-0.016329,0.516935,-0.001600,0.005004
11.472000,4.065453,0.425343,4.965649,2.475060,0.999971,3.920568,0.000000,3.000000,2.669432,0.004636,0.001873,-0.007789,-0.003011,-0.005362,0.195731,-0.007053,0.518612,0.543155,-0.016309,0.516935,-0.001600,0.015321
11.483000,3.802950,0.514075,4.940539,2.212557,1.088703,3.895459,0.000000,3.000000,2.465904,0.004486,0.002208,-0.007682,-0.002617,-0.007299,0.195647,-0.007083,0.518534,0.543205,-0.016286,0.516935,-0.001600,0.033151
11.494000,3.837178,0.565060,4.962491,2.246786,1.139689,3.917410,0.000000,3.000000,2.519313,0.004459,0.002262,-0.008346,-0.003420,-0.008081,0.195556,-0.007122,0.518448,0.543255,-0.016261,0.516935,-0.001600,0.041341
11.505000,3.942048,0.580228,4.965714,2.351656,1.154856,3.920633,0.000000,3.000000,2.619920,0.004488,0.002204,-0.008496,-0.003427,-0.009822,0.195462,-0.007158,0.518343,0.543304,-0.016237,0.516935,-0.001600,0.057999
11.516000,4.014476,0.571575,4.986085,2.424084,1.146203,3.941004,0.000000,3.000000,2.681411,0.004520,0.002137,-0.009432,-0.003837,-0.010928,0.195359,-0.007196,0.518225,0.543353,-0.016213,0.516935,-0.001600,0.069518
11.527000,4.133613,0.565261,4.948958,2.543221,1.139890,3.903877,0.000000,3.000000,2.786991,0.004563,0.002045,-0.010559,-0.003916,-0.014277,0.195247,-0.007233,0.518078,0.543403,-0.016190,0.516935,-0.001600,0.100577
11.538000,4.119967,0.540668,4.904522,2.529575,1.115296,3.859441,0.000000,3.000000,2.764532,0.004575,0.002017,-0.011062,-0.002949,-0.016105,0.195128,-0.007268,0.517906,0.543454,-0.016168,0.516935,-0.001600,0.119187
11.549000,4.011851,0.466364,4.773785,2.421459,1.040992,3.728704,0.000000,3.000000,2.635740,0.004594,0.001975,-0.011614,-0.003149,-0.018632,0.195004,-0.007303,0.517704,0.543504,-0.016146,0.516935,-0.001600,0.144258
11.560000,4.015306,0.423844,4.622043,2.424914,0.998473,3.576962,0.000000,3.000000,2.622433,0.004623,0.001904,-0.012181,-0.002806,-0.020636,0.194868,-0.007335,0.517482,0.543555,-0.016125,0.516935,-0.001600,0.165270
11.571000,3.979622,0.296621,4.538000,2.389230,0.871250,3.492919,0.000000,3.000000,2.543127,0.004697,0.001713,-0.012848,-0.001602,-0.021931,0.194730,-0.007356,0.517244,0.543606,-0.016105,0.516935,-0.001600,0.180524
11.582000,4.046820,0.184176,4.540730,2.456427,0.758805,3.495649,0.000000,3.000000,2.570957,0.004777,0.001476,-0.012777,-0.001273,-0.023355,0.194588,-0.007370,0.516994,0.543658,-0.016088,0.516935,-0.001600,0.197125
11.593000,4.147769,0.084657,4.504524,2.557377,0.659285,3.459443,0.000000,3.000000,2.640991,0.004842,0.001248,-0.013274,-0.000427,-0.024821,0.194443,-0.007377,0.516727,0.543711,-0.016073,0.516935,-0.001600,0.214362
11.604000,4.336130,-0.063063,4.474588,2.745738,0.511566,3.429507,0.000000,3.000000,2.792987,0.004915,0.000916,-0.014800,0.000351,-0.024500,0.194291,-0.007373,0.516455,0.543765,-0.016061,0.516935,-0.001600,0.216531
11.615000,4.506468,-0.194156,4.417833,2.916076,0.380472,3.372752,0.000000,3.000000,2.940792,0.004958,0.000647,-0.014312,0.001122,-0.025100,0.194135,-0.007360,0.516175,0.543819,-0.016053,0.516935,-0.001600,0.226657
11.626000,4.423105,-0.286709,4.413650,2.832713,0.287919,3.368569,0.000000,3.000000,2.847308,0.004974,0.000506,-0.013951,0.002096,-0.026186,0.193982,-0.007338,0.515897,0.543874,-0.016046,0.516935,-0.001600,0.240878
11.637000,4.177853,-0.228967,4.352990,2.587461,0.345661,3.307909,0.000000,3.000000,2.610447,0.004956,0.000662,-0.013289,0.002042,-0.024920,0.193834,-0.007314,0.515622,0.543929,-0.016040,0.516935,-0.001600,0.235096
11.648000,3.918065,-0.198025,4.255874,2.327673,0.376604,3.210793,0.000000,3.000000,2.357942,0.004936,0.000799,-0.013450,0.002188,-0.025470,0.193685,-0.007289,0.515343,0.543983,-0.016032,0.516935,-0.001600,0.244786
11.659000,3.847304,-0.222882,4.213715,2.256912,0.351746,3.168635,0.000000,3.000000,2.284158,0.004940,0.000770,-0.013251,0.002235,-0.026921,0.193536,-0.007265,0.515058,0.544037,-0.016023,0.516935,-0.001600,0.262229
11.670000,3.758964,-0.257356,4.107148,2.168572,0.317273,3.062067,0.000000,3.000000,2.191658,0.004947,0.000724,-0.013877,0.001456,-0.025739,0.193385,-0.007244,0.514772,0.544092,-0.016014,0.516935,-0.001600,0.257345
11.681000,3.950052,-0.293808,4.061522,2.359660,0.280820,3.016441,0.000000,3.000000,2.376311,0.004965,0.000591,-0.014514,0.001650,-0.024583,0.193226,-0.007221,0.514497,0.544146,-0.016007,0.516935,-0.001600,0.252487
11.692000,4.105512,-0.366283,4.116307,2.515120,0.208345,3.071226,0.000000,3.000000,2.523734,0.004983,0.000413,-0.015115,0.002070,-0.024119,0.193061,-0.007198,0.514226,0.544201,-0.016002,0.516935,-0.001600,0.253421
11.703000,4.113430,-0.434708,4.090266,2.523038,0.139920,3.045185,0.000000,3.000000,2.526915,0.004992,0.000277,-0.015626,0.002047,-0.024890,0.192890,-0.007174,0.513953,0.544256,-0.015998,0.516935,-0.001600,0.264880
11.714000,3.946727,-0.419130,4.041947,2.356335,0.155499,2.996866,0.000000,3.000000,2.361460,0.004989,0.000329,-0.015237,0.002560,-0.025287,0.192721,-0.007149,0.513679,0.544311,-0.015995,0.516935,-0.001600,0.273180
11.725000,3.770424,-0.485891,3.989463,2.180032,0.088737,2.944382,0.000000,3.000000,2.181837,0.004996,0.000203,-0.015755,0.001953,-0.024047,0.192550,-0.007126,0.513415,0.544366,-0.015992,0.516935,-0.001600,0.267408
11.736000,3.819925,-0.482982,3.985535,2.229532,0.091647,2.940454,0.000000,3.000000,2.231415,0.004996,0.000205,-0.015226,0.001700,-0.021218,0.192381,-0.007104,0.513174,0.544421,-0.015990,0.516935,-0.001600,0.247737
11.747000,3.921023,-0.498654,4.012288,2.330631,0.075975,2.967207,0.000000,3.000000,2.331869,0.004997,0.000163,-0.015755,0.001805,-0.020073,0.192207,-0.007082,0.512954,0.544476,-0.015988,0.516935,-0.001600,0.241985
11.758000,4.033429,-0.535045,4.047428,2.443037,0.039583,3.002348,0.000000,3.000000,2.443358,0.004999,0.000081,-0.015957,0.001911,-0.018348,0.192033,-0.007059,0.512751,0.544531,-0.015987,0.516935,-0.001600,0.231015
11.769000,4.118137,-0.519770,3.968946,2.527745,0.054858,2.923865,0.000000,3.000000,2.528340,0.004999,0.000108,-0.015425,0.002065,-0.016646,0.191862,-0.007038,0.512566,0.544586,-0.015986,0.516935,-0.001600,0.219892
11.780000,3.889985,-0.465635,3.928246,2.299593,0.108993,2.883165,0.000000,3.000000,2.302174,0.004994,0.000237,-0.013709,0.001904,-0.015050,0.191708,-0.007018,0.512405,0.544640,-0.015984,0.516935,-0.001600,0.209255
11.791000,3.624627,-0.415166,3.951743,2.034235,0.159462,2.906663,0.000000,3.000000,2.040475,0.004985,0.000391,-0.012583,0.002269,-0.011401,0.191566,-0.006999,0.512268,0.544695,-0.015980,0.516935,-0.001600,0.180744
11.802000,3.765860,-0.415235,3.888151,2.175467,0.159394,2.843071,0.000000,3.000000,2.181299,0.004987,0.000365,-0.012164,0.001538,-0.008602,0.191429,-0.006983,0.512171,0.544750,-0.015976,0.516935,-0.001600,0.158757
11.813000,4.185105,-0.421542,3.903623,2.594713,0.153087,2.858542,0.000000,3.000000,2.599225,0.004991,0.000294,-0.012075,0.001408,-0.005123,0.191294,-0.006966,0.512105,0.544805,-0.015972,0.516935,-0.001600,0.130425
11.824000,4.255559,-0.408968,3.896609,2.665166,0.165661,2.851528,0.000000,3.000000,2.670310,0.004990,0.000310,-0.011261,0.001316,-0.004119,0.191167,-0.006952,0.512056,0.544860,-0.015969,0.516935,-0.001600,0.122777
11.835000,4.008546,-0.360970,3.856532,2.418154,0.213658,2.811452,0.000000,3.000000,2.427575,0.004981,0.000440,-0.010552,0.001003,-0.004036,0.191044,-0.006938,0.512019,0.544915,-0.015965,0.516935,-0.001600,0.122738
11.846000,3.734143,-0.312296,3.775263,2.143751,0.262332,2.730183,0.000000,3.000000,2.159742,0.004963,0.000607,-0.009774,0.001282,-0.003009,0.190936,-0.006922,0.511985,0.544969,-0.015959,0.516935,-0.001600,0.114634
11.857000,3.422079,-0.323172,3.718136,1.831687,0.251456,2.673055,0.000000,3.000000,1.848866,0.004954,0.000680,-0.008943,0.001501,-0.002583,0.190837,-0.006909,0.511956,0.545024,-0.015952,0.516935,-0.001600,0.111543
11.868000,3.522590,-0.345183,3.746119,1.932198,0.229445,2.701038,0.000000,3.000000,1.945773,0.004965,0.000590,-0.009286,0.001014,-0.002005,0.190735,-0.006897,0.511933,0.545079,-0.015945,0.516935,-0.001600,0.107057
11.879000,3.923462,-0.410433,3.803879,2.333070,0.164195,2.758798,0.000000,3.000000,2.338840,0.004988,0.000351,-0.009713,0.001350,-0.000584,0.190628,-0.006884,0.511922,0.545133,-0.015940,0.516935,-0.001600,0.095199
11.890000,4.119078,-0.443371,3.803593,2.528686,0.131257,2.758512,0.000000,3.000000,2.532091,0.004993,0.000259,-0.010069,0.001526,-0.000677,0.190520,-0.006872,0.511917,0.545188,-0.015937,0.516935,-0.001600,0.096079
11.901000,4.212454,-0.457825,3.846093,2.622061,0.116803,2.801012,0.000000,3.000000,2.624662,0.004995,0.000223,-0.010421,0.001347,0.000800,0.190406,-0.006860,0.511921,0.545243,-0.015934,0.516935,-0.001600,0.083468
11.912000,4.069369,-0.438440,3.877087,2.478977,0.136188,2.832006,0.000000,3.000000,2.482715,0.004992,0.000274,-0.010243,0.001293,-0.000498,0.190293,-0.006847,0.511915,0.545298,-0.015931,0.516935,-0.001600,0.094582
11.923000,3.725136,-0.388187,3.860598,2.134743,0.186441,2.815517,0.000000,3.000000,2.142870,0.004981,0.000435,-0.009653,0.001613,-0.001848,0.190185,-0.006832,0.511899,0.545353,-0.015927,0.516935,-0.001600,0.106336
11.934000,3.497590,-0.342933,3.912179,1.907198,0.231696,2.867098,0.000000,3.000000,1.921220,0.004964,0.000603,-0.010147,0.001466,-0.002402,0.190074,-0.006820,0.511876,0.545408,-0.015922,0.516935,-0.001600,0.111446
11.945000,3.595470,-0.367406,3.983188,2.005077,0.207222,2.938107,0.000000,3.000000,2.015757,0.004974,0.000514,-0.010055,0.001280,-0.002070,0.189964,-0.006807,0.511848,0.545462,-0.015915,0.516935,-0.001600,0.109136
11.956000,3.817288,-0.353462,3.998716,2.226896,0.221166,2.953635,0.000000,3.000000,2.237852,0.004976,0.000494,-0.011459,0.001527,-0.002972,0.189840,-0.006794,0.511814,0.545517,-0.015910,0.516935,-0.001600,0.117405
11.967000,4.337893,-0.381846,4.040704,2.747500,0.192782,2.995623,0.000000,3.000000,2.754255,0.004988,0.000350,-0.012375,0.001438,-0.002994,0.189706,-0.006780,0.511783,0.545572,-0.015906,0.516935,-0.001600,0.118142
11.978000,4.541652,-0.350640,4.143499,2.951260,0.223988,3.098418,0.000000,3.000000,2.959748,0.004986,0.000378,-0.012779,0.001040,-0.003406,0.189563,-0.006764,0.511749,0.545627,-0.015902,0.516935,-0.001600,0.122251
11.989000,4.325441,-0.307072,4.135030,2.735049,0.267557,3.089949,0.000000,3.000000,2.748105,0.004976,0.000487,-0.012998,0.001569,-0.006594,0.189418,-0.006745,0.511686,0.545682,-0.015897,0.516935,-0.001600,0.150429
12.000000,3.851008,-0.208362,4.122151,2.260616,0.366266,3.077070,0.000000,3.000000,2.290095,0.004936,0.000800,-0.012340,0.001574,-0.007456,0.189280,-0.006727,0.511603,0.545736,-0.015890,0.516935,-0.001600,0.159250
12.011000,3.616385,-0.182180,4.054161,2.025992,0.392448,3.009080,0.000000,3.000000,2.063652,0.004909,0.000951,-0.012246,0.001835,-0.010418,0.189146,-0.006710,0.511488,0.545790,-0.015880,0.516935,-0.001600,0.186446
12.022000,3.783311,-0.205938,4.019813,2.192919,0.368690,2.974732,0.000000,3.000000,2.223697,0.004931,0.000829,-0.013287,0.001068,-0.010826,0.189007,-0.006694,0.511369,0.545844,-0.015870,0.516935,-0.001600,0.192048
12.033000,4.204662,-0.225269,4.008570,2.614270,0.349359,2.963489,0.000000,3.000000,2.637510,0.004956,0.000662,-0.013577,0.001687,-0.011042,0.188859,-0.006675,0.511249,0.545899,-0.015862,0.516935,-0.001600,0.196051
12.044000,4.553320,-0.263756,4.030064,2.962927,0.310872,2.984983,0.000000,3.000000,2.979191,0.004973,0.000522,-0.013847,0.001757,-0.011068,0.188704,-0.006655,0.511127,0.545953,-0.015855,0.516935,-0.001600,0.198469
12.055000,4.550122,-0.274378,4.037118,2.959730,0.300251,2.992037,0.000000,3.000000,2.974920,0.004974,0.000505,-0.014129,0.001418,-0.012060,0.188549,-0.006635,0.510992,0.546008,-0.015850,0.516935,-0.001600,0.209307
12.066000,4.294770,-0.250970,3.915515,2.704378,0.323658,2.870435,0.000000,3.000000,2.723677,0.004965,0.000594,-0.013991,0.002231,-0.012782,0.188396,-0.006614,0.510848,0.546063,-0.015844,0.516935,-0.001600,0.218025
12.077000,3.820697,-0.208379,3.792065,2.230305,0.366249,2.746984,0.000000,3.000000,2.260176,0.004934,0.000810,-0.013164,0.001755,-0.015207,0.188251,-0.006595,0.510688,0.546117,-0.015836,0.516935,-0.001600,0.241488
12.088000,3.436279,-0.127025,3.685313,1.845886,0.447604,2.640232,0.000000,3.000000,1.899380,0.004859,0.001178,-0.013286,0.001588,-0.014862,0.188107,-0.006577,0.510522,0.546171,-0.015825,0.516935,-0.001600,0.241556
12.099000,3.480952,-0.162909,3.661201,1.890559,0.411720,2.616120,0.000000,3.000000,1.934872,0.004885,0.001064,-0.013493,0.001973,-0.014511,0.187962,-0.006558,0.510364,0.546225,-0.015813,0.516935,-0.001600,0.241424
12.110000,3.625196,-0.157448,3.713106,2.034804,0.417180,2.668026,0.000000,3.000000,2.077130,0.004898,0.001004,-0.013513,0.001870,-0.013796,0.187809,-0.006540,0.510211,0.546278,-0.015801,0.516935,-0.001600,0.238110
12.121000,3.522965,-0.121047,3.689823,1.932573,0.453582,2.644743,0.000000,3.000000,1.985088,0.004868,0.001142,-0.013316,0.001479,-0.013113,0.187661,-0.006522,0.510068,0.546332,-0.015790,0.516935,-0.001600,0.234874
12.132000,3.507434,-0.118352,3.649415,1.917042,0.456276,2.604334,0.000000,3.000000,1.970593,0.004864,0.001158,-0.013495,0.001490,-0.012749,0.187514,-0.006503,0.509929,0.546386,-0.015777,0.516935,-0.001600,0.234296
12.143000,3.415835,-0.083088,3.595597,1.825443,0.491540,2.550517,0.000000,3.000000,1.890464,0.004828,0.001300,-0.012876,0.001542,-0.012210,0.187372,-0.006484,0.509794,0.546439,-0.015763,0.516935,-0.001600,0.232148
12.154000,3.422339,-0.074154,3.533731,1.831947,0.500474,2.488650,0.000000,3.000000,1.899080,0.004823,0.001318,-0.013471,0.001901,-0.011552,0.187227,-0.006464,0.509665,0.546492,-0.015748,0.516935,-0.001600,0.228886
12.165000,3.521457,-0.070176,3.433186,1.931065,0.504452,2.388105,0.000000,3.000000,1.995867,0.004838,0.001264,-0.013094,0.001713,-0.011708,0.187079,-0.006446,0.509538,0.546545,-0.015734,0.516935,-0.001600,0.232502
12.176000,3.384221,-0.043351,3.350763,1.793829,0.531277,2.305682,0.000000,3.000000,1.870850,0.004794,0.001420,-0.012663,0.001400,-0.011256,0.186936,-0.006427,0.509415,0.546598,-0.015719,0.516935,-0.001600,0.230871
12.187000,3.260881,-0.046892,3.279076,1.670489,0.527736,2.233995,0.000000,3.000000,1.751867,0.004768,0.001506,-0.012146,0.001654,-0.009567,0.186800,-0.006411,0.509306,0.546650,-0.015703,0.516935,-0.001600,0.218498
12.198000,3.021650,-0.022455,3.220342,1.431258,0.552173,2.175262,0.000000,3.000000,1.534078,0.004665,0.001800,-0.011143,0.000950,-0.010004,0.186672,-0.006394,0.509199,0.546702,-0.015685,0.516935,-0.001600,0.224144
12.209000,2.822089,0.031032,3.249117,1.231697,0.605660,2.204036,0.000000,3.000000,1.372553,0.004487,0.002206,-0.009789,0.000545,-0.008847,0.186559,-0.006380,0.509103,0.546753,-0.015662,0.516935,-0.001600,0.216056
12.220000,2.932490,-0.034616,3.214470,1.342098,0.540012,2.169389,0.000000,3.000000,1.446665,0.004639,0.001866,-0.009497,0.000841,-0.006054,0.186453,-0.006367,0.509026,0.546802,-0.015639,0.516935,-0.001600,0.193741
12.231000,3.277398,-0.096195,3.211467,1.687006,0.478433,2.166386,0.000000,3.000000,1.753536,0.004810,0.001364,-0.009246,0.001394,-0.005294,0.186349,-0.006354,0.508963,0.546855,-0.015622,0.516935,-0.001600,0.188424
12.242000,3.463869,-0.119761,3.193034,1.873476,0.454867,2.147953,0.000000,3.000000,1.927905,0.004859,0.001180,-0.008558,0.001240,-0.003577,0.186253,-0.006341,0.508921,0.546908,-0.015608,0.516935,-0.001600,0.174605
12.253000,3.281332,-0.081911,3.192600,1.690940,0.492717,2.147519,0.000000,3.000000,1.761263,0.004800,0.001399,-0.007236,0.001150,-0.002510,0.186169,-0.006331,0.508887,0.546961,-0.015595,0.516935,-0.001600,0.166166
12.264000,2.972912,-0.077568,3.136861,1.382520,0.497060,2.091780,0.000000,3.000000,1.469159,0.004705,0.001692,-0.006153,0.000073,-0.002836,0.186098,-0.006323,0.508854,0.547013,-0.015577,0.516935,-0.001600,0.169522
12.275000,2.586384,-0.030757,3.093404,0.995992,0.543871,2.048323,0.000000,3.000000,1.134811,0.004388,0.002396,-0.004657,0.000590,-0.002218,0.186042,-0.006312,0.508827,0.547063,-0.015555,0.516935,-0.001600,0.164768
12.286000,2.406531,-0.015346,3.109562,0.816139,0.559282,2.064482,0.000000,3.000000,0.989383,0.000000,0.000000,-0.004309,0.000457,-0.001478,0.185996,-0.006308,0.508804,0.547097,-0.015533,0.516935,-0.001600,0.158912
12.297000,2.713954,-0.071042,3.102022,1.123562,0.503586,2.056941,0.000000,3.000000,1.231255,0.004563,0.002045,-0.003949,0.000216,-0.000253,0.185953,-0.006303,0.508795,0.547141,-0.015509,0.516935,-0.001600,0.148683
12.308000,3.028269,-0.115546,3.118473,1.437877,0.459082,2.073392,0.000000,3.000000,1.509386,0.004763,0.001521,-0.003761,0.000222,0.000196,0.185913,-0.006299,0.508802,0.547193,-0.015490,0.516935,-0.001600,0.144740
12.319000,3.073788,-0.115773,3.196603,1.483396,0.458855,2.151522,0.000000,3.000000,1.552744,0.004777,0.001478,-0.002786,0.000511,0.001866,0.185880,-0.006294,0.508816,0.547245,-0.015474,0.516935,-0.001600,0.130314
12.330000,2.958973,-0.143001,3.183654,1.368581,0.431627,2.138573,0.000000,3.000000,1.435032,0.004768,0.001504,-0.002122,0.000669,0.001479,0.185854,-0.006290,0.508834,0.547298,-0.015458,0.516935,-0.001600,0.133282
12.341000,2.788270,-0.173026,3.190666,1.197878,0.401602,2.145585,0.000000,3.000000,1.263407,0.004741,0.001589,-0.001085,0.000516,0.001303,0.185836,-0.006286,0.508847,0.547350,-0.015440,0.516935,-0.001600,0.134535
12.352000,2.666975,-0.160316,3.233351,1.076582,0.414313,2.188270,0.000000,3.000000,1.153553,0.004666,0.001796,-0.000727,0.000323,0.000801,0.185825,-0.006285,0.508857,0.547401,-0.015421,0.516935,-0.001600,0.138606
12.363000,2.715506,-0.222794,3.293346,1.125114,0.351835,2.248265,0.000000,3.000000,1.178842,0.004772,0.001492,-0.000550,-0.000317,0.001186,0.185817,-0.006285,0.508868,0.547453,-0.015403,0.516935,-0.001600,0.135149
12.374000,2.788930,-0.243075,3.330219,1.198538,0.331554,2.285138,0.000000,3.000000,1.243552,0.004819,0.001333,-0.001220,0.000441,0.000730,0.185810,-0.006283,0.508875,0.547506,-0.015388,0.516935,-0.001600,0.138886
12.385000,3.091559,-0.310356,3.317334,1.501167,0.264272,2.272253,0.000000,3.000000,1.524252,0.004924,0.000867,-0.000696,-0.000404,0.000930,0.185804,-0.006284,0.508882,0.547560,-0.015376,0.516935,-0.001600,0.137077
12.396000,3.163401,-0.329894,3.372234,1.573009,0.244734,2.327153,0.000000,3.000000,1.591934,0.004941,0.000769,-0.000454,-0.000015,0.000206,0.185798,-0.006283,0.508888,0.547614,-0.015367,0.516935,-0.001600,0.143111
12.407000,3.220658,-0.342602,3.390949,1.630266,0.232026,2.345868,0.000000,3.000000,1.646695,0.004950,0.000705,-0.001004,-0.000013,0.000031,0.185792,-0.006281,0.508892,0.547669,-0.015360,0.516935,-0.001600,0.144504
12.418000,3.156967,-0.357958,3.368189,1.566574,0.216671,2.323108,0.000000,3.000000,1.581487,0.004953,0.000685,-0.000002,-0.000268,0.000373,0.185792,-0.006282,0.508894,0.547723,-0.015352,0.516935,-0.001600,0.141582
12.429000,3.129199,-0.378191,3.339543,1.538807,0.196437,2.294462,0.000000,3.000000,1.551294,0.004960,0.000633,0.000131,-0.000218,0.000171,0.185792,-0.006282,0.508895,0.547778,-0.015345,0.516935,-0.001600,0.143271
12.440000,3.163219,-0.402602,3.316934,1.572827,0.172027,2.271853,0.000000,3.000000,1.582206,0.004970,0.000544,-0.000100,-0.000134,0.000126,0.185791,-0.006282,0.508895,0.547832,-0.015338,0.516935,-0.001600,0.143661
12.451000,3.123560,-0.377708,3.343800,1.533168,0.196920,2.298719,0.000000,3.000000,1.545763,0.004959,0.000637,0.000100,0.000281,-0.000388,0.185791,-0.006281,0.508892,0.547887,-0.015332,0.516935,-0.001600,0.148068
12.462000,3.112470,-0.405262,3.351035,1.522078,0.169367,2.305954,0.000000,3.000000,1.531472,0.004969,0.000553,0.000078,0.000040,0.000309,0.185791,-0.006282,0.508893,0.547941,-0.015325,0.516935,-0.001600,0.142143
12.473000,3.099924,-0.417620,3.347512,1.509532,0.157009,2.302431,0.000000,3.000000,1.517675,0.004973,0.000517,0.000154,0.000229,0.000145,0.185792,-0.006280,0.508890,0.547996,-0.015319,0.516935,-0.001600,0.143576
12.484000,3.191026,-0.428793,3.362805,1.600634,0.145836,2.317724,0.000000,3.000000,1.607264,0.004979,0.000454,-0.000212,0.000806,0.000291,0.185791,-0.006280,0.508890,0.548051,-0.015314,0.516935,-0.001600,0.142357
12.495000,3.198154,-0.440676,3.394998,1.607762,0.133952,2.349917,0.000000,3.000000,1.613332,0.004983,0.000415,-0.000198,-0.000387,0.000490,0.185791,-0.006282,0.508890,0.548106,-0.015309,0.516935,-0.001600,0.140658
12.506000,3.123341,-0.397250,3.397707,1.532949,0.177378,2.352626,0.000000,3.000000,1.543177,0.004967,0.000575,0.000103,0.000274,0.000645,0.185792,-0.006281,0.508890,0.548160,-0.015303,0.516935,-0.001600,0.139332
12.517000,3.124463,-0.430748,3.403609,1.534071,0.143880,2.358529,0.000000,3.000000,1.540804,0.004978,0.000467,-0.000054,0.000224,0.000003,0.185791,-0.006281,0.508890,0.548215,-0.015298,0.516935,-0.001600,0.144789
12.528000,3.154519,-0.441263,3.386519,1.564127,0.133366,2.341438,0.000000,3.000000,1.569802,0.004982,0.000425,0.000280,-0.000074,0.000119,0.185792,-0.006281,0.508890,0.548270,-0.015293,0.516935,-0.001600,0.143814
12.539000,3.100080,-0.430860,3.368855,1.509688,0.143768,2.323775,0.000000,3.000000,1.516518,0.004977,0.000474,-0.000136,0.000133,0.000955,0.185791,-0.006281,0.508891,0.548325,-0.015287,0.516935,-0.001600,0.136694
12.550000,3.084277,-0.443297,3.361798,1.493884,0.131331,2.316717,0.000000,3.000000,1.499646,0.004981,0.000438,0.000196,-0.000264,-0.000624,0.185792,-0.006282,0.508886,0.548379,-0.015283,0.516935,-0.001600,0.150173
12.561000,3.138516,-0.435783,3.419070,1.548124,0.138845,2.373989,0.000000,3.000000,1.554337,0.004980,0.000447,0.000177,0.000095,0.000102,0.185791,-0.006281,0.508887,0.548434,-0.015278,0.516935,-0.001600,0.143995
12.572000,3.162720,-0.446059,3.413014,1.572327,0.128570,2.367934,0.000000,3.000000,1.577575,0.004983,0.000407,0.000150,0.000033,-0.000697,0.185792,-0.006281,0.508886,0.548489,-0.015273,0.516935,-0.001600,0.150794
12.583000,3.191500,-0.415693,3.404564,1.601108,0.158936,2.359483,0.000000,3.000000,1.608977,0.004976,0.000494,-0.000176,-0.000094,-0.000088,0.185792,-0.006281,0.508888,0.548544,-0.015268,0.516935,-0.001600,0.145597
12.594000,3.167140,-0.417396,3.390428,1.576748,0.157233,2.345347,0.000000,3.000000,1.584568,0.004975,0.000496,-0.000155,-0.000040,-0.000161,0.185791,-0.006281,0.508887,0.548598,-0.015263,0.516935,-0.001600,0.146243
12.605000,3.153476,-0.412230,3.345765,1.563084,0.162398,2.300684,0.000000,3.000000,1.571497,0.004973,0.000517,-0.000044,-0.000190,-0.000429,0.185791,-0.006280,0.508885,0.548653,-0.015257,0.516935,-0.001600,0.148543
12.616000,3.114077,-0.425070,3.353062,1.523685,0.149558,2.307981,0.000000,3.000000,1.531007,0.004976,0.000488,0.000124,0.000283,0.000884,0.185791,-0.006280,0.508888,0.548708,-0.015251,0.516935,-0.001600,0.137345
12.627000,3.103301,-0.420783,3.372102,1.512909,0.153846,2.327021,0.000000,3.000000,1.520711,0.004974,0.000506,0.000256,-0.000006,-0.000194,0.185791,-0.006280,0.508885,0.548763,-0.015246,0.516935,-0.001600,0.146551
12.638000,3.117684,-0.451609,3.420136,1.527292,0.123020,2.375056,0.000000,3.000000,1.532238,0.004984,0.000401,0.000067,0.000088,0.000170,0.185791,-0.006280,0.508885,0.548817,-0.015241,0.516935,-0.001600,0.143463
12.649000,3.088123,-0.487096,3.438278,1.497730,0.087533,2.393197,0.000000,3.000000,1.500286,0.004991,0.000292,-0.000278,0.000311,-0.000316,0.185791,-0.006279,0.508883,0.548872,-0.015237,0.516935,-0.001600,0.147628
12.660000,3.087368,-0.442659,3.454343,1.496976,0.131969,2.409263,0.000000,3.000000,1.502781,0.004981,0.000439,-0.000188,0.000414,-0.000366,0.185791,-0.006280,0.508881,0.548927,-0.015233,0.516935,-0.001600,0.148083
12.671000,3.129924,-0.462879,3.419573,1.539532,0.111749,2.374492,0.000000,3.000000,1.543582,0.004987,0.000362,-0.000174,-0.000162,0.000583,0.185791,-0.006280,0.508884,0.548982,-0.015228,0.516935,-0.001600,0.139972
12.682000,3.066790,-0.424328,3.412804,1.476398,0.150300,2.367723,0.000000,3.000000,1.484029,0.004974,0.000506,0.000187,0.000006,-0.000234,0.185792,-0.006280,0.508882,0.549037,-0.015224,0.516935,-0.001600,0.146945
12.693000,3.046133,-0.419195,3.404509,1.455741,0.155433,2.359428,0.000000,3.000000,1.464015,0.004972,0.000531,0.000015,-0.000316,-0.000043,0.185791,-0.006281,0.508883,0.549091,-0.015218,0.516935,-0.001600,0.145305
12.704000,3.046021,-0.436949,3.374528,1.455629,0.137679,2.329447,0.000000,3.000000,1.462126,0.004978,0.000471,-0.000437,-0.000074,-0.000796,0.185791,-0.006281,0.508880,0.549146,-0.015213,0.516935,-0.001600,0.151752
12.715000,3.080079,-0.401132,3.371664,1.489687,0.173497,2.326583,0.000000,3.000000,1.499756,0.004966,0.000578,0.000201,-0.000094,0.000459,0.185792,-0.006282,0.508882,0.549201,-0.015207,0.516935,-0.001600,0.141057
12.726000,3.071083,-0.415503,3.382183,1.480691,0.159126,2.337102,0.000000,3.000000,1.489216,0.004971,0.000534,-0.000090,-0.000071,-0.000090,0.185790,-0.006282,0.508882,0.549255,-0.015201,0.516935,-0.001600,0.145714
12.737000,3.138406,-0.376689,3.382678,1.548014,0.197939,2.337597,0.000000,3.000000,1.560617,0.004960,0.000634,-0.000151,-0.000155,-0.000040,0.185791,-0.006282,0.508883,0.549310,-0.015194,0.516935,-0.001600,0.145283
12.748000,3.133231,-0.359261,3.347036,1.542839,0.215367,2.301955,0.000000,3.000000,1.557798,0.004952,0.000691,-0.000177,-0.000621,0.000970,0.185790,-0.006282,0.508887,0.549365,-0.015187,0.516935,-0.001600,0.136647
12.759000,3.061837,-0.386058,3.361986,1.471445,0.188570,2.316905,0.000000,3.000000,1.483478,0.004959,0.000636,-0.000134,0.000027,0.000211,0.185790,-0.006282,0.508885,0.549419,-0.015180,0.516935,-0.001600,0.143125
12.770000,3.138626,-0.379967,3.341935,1.548234,0.194662,2.296854,0.000000,3.000000,1.560424,0.004961,0.000624,-0.000032,0.000324,-0.000044,0.185790,-0.006281,0.508885,0.549474,-0.015173,0.516935,-0.001600,0.145274
12.781000,3.195287,-0.409258,3.347632,1.604895,0.165371,2.302551,0.000000,3.000000,1.613393,0.004974,0.000512,-0.000071,0.000105,-0.000816,0.185790,-0.006281,0.508884,0.549528,-0.015167,0.516935,-0.001600,0.151851
12.792000,3.152309,-0.379069,3.352497,1.561917,0.195559,2.307416,0.000000,3.000000,1.574112,0.004961,0.000621,0.000025,-0.000227,0.000296,0.185790,-0.006281,0.508886,0.549583,-0.015160,0.516935,-0.001600,0.142383
12.803000,3.185831,-0.403382,3.328904,1.595439,0.171247,2.283823,0.000000,3.000000,1.604603,0.004971,0.000534,-0.000003,0.000503,-0.000145,0.185790,-0.006280,0.508883,0.549637,-0.015153,0.516935,-0.001600,0.146166
12.814000,3.180690,-0.404112,3.318005,1.590298,0.170516,2.272924,0.000000,3.000000,1.599414,0.004972,0.000533,0.000322,-0.000201,-0.000244,0.185791,-0.006282,0.508884,0.549692,-0.015148,0.516935,-0.001600,0.146994
12.825000,3.165782,-0.391151,3.328885,1.575390,0.183478,2.283804,0.000000,3.000000,1.586038,0.004966,0.000578,-0.000057,-0.000236,0.000559,0.185790,-0.006282,0.508885,0.549747,-0.015141,0.516935,-0.001600,0.140171
12.836000,3.193260,-0.385626,3.293248,1.602868,0.189002,2.248167,0.000000,3.000000,1.613972,0.004966,0.000586,-0.000110,-0.000026,0.000367,0.185790,-0.006281,0.508885,0.549801,-0.015135,0.516935,-0.001600,0.141790
12.847000,3.188097,-0.374248,3.309480,1.597705,0.200380,2.264399,0.000000,3.000000,1.610221,0.004961,0.000622,0.000091,0.000111,0.000571,0.185790,-0.006282,0.508886,0.549856,-0.015128,0.516935,-0.001600,0.140046
12.858000,3.182463,-0.375998,3.312844,1.592071,0.198631,2.267764,0.000000,3.000000,1.604414,0.004962,0.000619,0.000020,0.000187,0.000488,0.185790,-0.006282,0.508884,0.549911,-0.015121,0.516935,-0.001600,0.140769
12.869000,3.177547,-0.365694,3.320082,1.587155,0.208934,2.275002,0.000000,3.000000,1.600848,0.004957,0.000653,0.000121,0.000293,0.000562,0.185789,-0.006281,0.508886,0.549965,-0.015114,0.516935,-0.001600,0.140129
12.880000,3.234897,-0.350516,3.303326,1.644505,0.224112,2.258245,0.000000,3.000000,1.659705,0.004954,0.000675,0.000445,0.000133,-0.000329,0.185789,-0.006281,0.508884,0.550020,-0.015107,0.516935,-0.001600,0.147711
12.891000,3.231654,-0.343127,3.360165,1.641261,0.231502,2.315084,0.000000,3.000000,1.657508,0.004951,0.000698,-0.000022,-0.000059,0.000514,0.185788,-0.006283,0.508887,0.550074,-0.015100,0.516935,-0.001600,0.140501
12.902000,3.240137,-0.333366,3.414009,1.649745,0.241263,2.368928,0.000000,3.000000,1.667293,0.004947,0.000724,0.000255,0.000195,-0.000192,0.185788,-0.006283,0.508884,0.550129,-0.015092,0.516935,-0.001600,0.146550
12.913000,3.330790,-0.332192,3.438600,1.740398,0.242437,2.393519,0.000000,3.000000,1.757202,0.004952,0.000690,0.000048,-0.000305,0.000507,0.185787,-0.006284,0.508887,0.550183,-0.015085,0.516935,-0.001600,0.140563
12.924000,3.446546,-0.337189,3.469377,1.856154,0.237440,2.424296,0.000000,3.000000,1.871279,0.004960,0.000634,-0.000119,-0.000038,-0.000043,0.185786,-0.006283,0.508886,0.550238,-0.015077,0.516935,-0.001600,0.145251
12.935000,3.490119,-0.330448,3.524643,1.899727,0.244180,2.479562,0.000000,3.000000,1.915355,0.004959,0.000637,-0.000314,-0.000031,0.000414,0.185785,-0.006282,0.508885,0.550292,-0.015070,0.516935,-0.001600,0.141385
12.946000,3.540691,-0.326109,3.583149,1.950299,0.248520,2.538068,0.000000,3.000000,1.966070,0.004960,0.000632,0.000082,0.000521,0.000906,0.185783,-0.006281,0.508888,0.550347,-0.015063,0.516935,-0.001600,0.137157
12.957000,3.506738,-0.336090,3.621551,1.916346,0.238538,2.576470,0.000000,3.000000,1.931135,0.004962,0.000618,-0.000165,0.000105,-0.000874,0.185783,-0.006282,0.508884,0.550401,-0.015056,0.516935,-0.001600,0.152348
12.968000,3.549056,-0.308968,3.650408,1.958663,0.265660,2.605327,0.000000,3.000000,1.976598,0.004955,0.000672,-0.000003,-0.000259,-0.000429,0.185784,-0.006283,0.508882,0.550456,-0.015049,0.516935,-0.001600,0.148597
12.979000,3.598267,-0.326449,3.691918,2.007875,0.248179,2.646837,0.000000,3.000000,2.023155,0.004962,0.000613,-0.000032,0.000054,-0.000420,0.185783,-0.006283,0.508882,0.550510,-0.015042,0.516935,-0.001600,0.148529
12.990000,3.621740,-0.327804,3.734289,2.031348,0.246824,2.689208,0.000000,3.000000,2.046288,0.004963,0.000603,-0.000002,-0.000221,-0.000341,0.185784,-0.006283,0.508879,0.550565,-0.015036,0.516935,-0.001600,0.147901
13.001000,3.596588,-0.317903,3.793512,2.006195,0.256725,2.748431,0.000000,3.000000,2.022555,0.004960,0.000635,-0.000578,-0.000182,-0.000006,0.185782,-0.006282,0.508877,0.550620,-0.015029,0.516935,-0.001600,0.145100
13.012000,3.613205,-0.315314,3.799428,2.022813,0.259314,2.754347,0.000000,3.000000,2.039367,0.004959,0.000636,-0.000446,0.000334,-0.000007,0.185782,-0.006282,0.508875,0.550674,-0.015022,0.516935,-0.001600,0.145154
13.023000,3.589537,-0.310534,3.824928,1.999145,0.264094,2.779847,0.000000,3.000000,2.016513,0.004957,0.000655,-0.000280,-0.000293,0.000029,0.185781,-0.006283,0.508875,0.550729,-0.015015,0.516935,-0.001600,0.144834
13.034000,3.639573,-0.271296,3.833934,2.049181,0.303333,2.788853,0.000000,3.000000,2.071510,0.004946,0.000732,0.000050,-0.000183,0.000070,0.185781,-0.006285,0.508874,0.550783,-0.015007,0.516935,-0.001600,0.144504
13.045000,3.699951,-0.245088,3.849075,2.109559,0.329540,2.803994,0.000000,3.000000,2.135143,0.004940,0.000772,-0.000083,0.000118,0.000608,0.185779,-0.006286,0.508876,0.550837,-0.014998,0.516935,-0.001600,0.139908
13.056000,3.778035,-0.221577,3.828669,2.187643,0.353051,2.783588,0.000000,3.000000,2.215948,0.004936,0.000797,-0.000021,-0.000611,0.000185,0.185778,-0.006288,0.508875,0.550892,-0.014990,0.516935,-0.001600,0.143509
13.067000,3.838118,-0.175968,3.884248,2.247725,0.398660,2.839167,0.000000,3.000000,2.282805,0.004923,0.000873,0.000199,-0.000128,0.000290,0.185776,-0.006287,0.508877,0.550946,-0.014981,0.516935,-0.001600,0.142595
13.078000,3.942796,-0.161634,3.886970,2.352404,0.412995,2.841889,0.000000,3.000000,2.388382,0.004925,0.000865,-0.000230,0.000532,0.000405,0.185775,-0.006286,0.508879,0.551000,-0.014971,0.516935,-0.001600,0.141576
13.089000,3.977236,-0.138658,3.908106,2.386844,0.435970,2.863025,0.000000,3.000000,2.426334,0.004919,0.000898,-0.000229,0.000092,0.000351,0.185774,-0.006286,0.508880,0.551054,-0.014962,0.516935,-0.001600,0.142012
13.100000,3.957699,-0.141930,3.906319,2.367306,0.432698,2.861238,0.000000,3.000000,2.406526,0.004919,0.000899,-0.000123,0.000365,-0.000263,0.185773,-0.006286,0.508880,0.551108,-0.014952,0.516935,-0.001600,0.147234
13.111000,3.942835,-0.123874,3.886907,2.352443,0.450754,2.841826,0.000000,3.000000,2.395238,0.004911,0.000941,-0.000088,0.000116,0.000202,0.185772,-0.006286,0.508881,0.551162,-0.014942,0.516935,-0.001600,0.143271
13.122000,3.857502,-0.107364,3.869119,2.267109,0.467264,2.824038,0.000000,3.000000,2.314761,0.004897,0.001009,-0.000310,-0.000493,-0.000063,0.185771,-0.006286,0.508880,0.551216,-0.014931,0.516935,-0.001600,0.145529
13.133000,3.909273,-0.084277,3.848269,2.318881,0.490351,2.803188,0.000000,3.000000,2.370159,0.004892,0.001034,-0.000234,-0.000207,0.000391,0.185770,-0.006286,0.508881,0.551270,-0.014920,0.516935,-0.001600,0.141655
13.144000,3.954131,-0.100130,3.872301,2.363739,0.474498,2.827220,0.000000,3.000000,2.410894,0.004902,0.000984,-0.000332,-0.000100,0.000071,0.185768,-0.006286,0.508884,0.551324,-0.014909,0.516935,-0.001600,0.144314
13.155000,4.030292,-0.125135,3.869799,2.439900,0.449493,2.824718,0.000000,3.000000,2.480959,0.004917,0.000906,-0.000242,0.000030,0.000836,0.185766,-0.006284,0.508887,0.551378,-0.014898,0.516935,-0.001600,0.137772
13.166000,4.096256,-0.135441,3.866769,2.505864,0.439187,2.821688,0.000000,3.000000,2.544060,0.004925,0.000863,-0.000269,0.000317,0.000643,0.185762,-0.006283,0.508892,0.551432,-0.014888,0.516935,-0.001600,0.139329
13.177000,4.229866,-0.148484,3.920668,2.639474,0.426144,2.875587,0.000000,3.000000,2.673653,0.004936,0.000797,-0.000841,0.000090,0.000748,0.185753,-0.006283,0.508900,0.551486,-0.014879,0.516935,-0.001600,0.138285
13.188000,4.346729,-0.155988,3.895022,2.756337,0.418641,2.849941,0.000000,3.000000,2.787948,0.004943,0.000751,-0.001222,0.000479,0.001584,0.185739,-0.006280,0.508916,0.551541,-0.014871,0.516935,-0.001600,0.130917
13.199000,4.362397,-0.200465,3.897111,2.772005,0.374164,2.852030,0.000000,3.000000,2.797143,0.004955,0.000669,-0.001138,0.000249,0.001291,0.185725,-0.006279,0.508931,0.551595,-0.014863,0.516935,-0.001600,0.133125
13.210000,4.270183,-0.157191,3.856028,2.679791,0.417437,2.810947,0.000000,3.000000,2.712109,0.004940,0.000770,-0.001675,0.000252,0.001516,0.185708,-0.006276,0.508949,0.551650,-0.014855,0.516935,-0.001600,0.130890
13.221000,4.357243,-0.221549,3.834889,2.766851,0.353079,2.789808,0.000000,3.000000,2.789289,0.004960,0.000633,-0.001888,0.000315,0.002085,0.185687,-0.006273,0.508970,0.551704,-0.014847,0.516935,-0.001600,0.125694
13.232000,4.570075,-0.265846,3.837784,2.979683,0.308782,2.792703,0.000000,3.000000,2.995640,0.004973,0.000515,-0.002550,0.000742,0.002860,0.185659,-0.006267,0.508999,0.551759,-0.014841,0.516935,-0.001600,0.118588
13.243000,4.841823,-0.329572,3.847811,3.251431,0.245056,2.802730,0.000000,3.000000,3.260653,0.004986,0.000376,-0.003508,0.000270,0.004527,0.185622,-0.006265,0.509039,0.551814,-0.014836,0.516935,-0.001600,0.103715
13.254000,5.177312,-0.425437,3.866072,3.586920,0.149191,2.820991,0.000000,3.000000,3.590021,0.004996,0.000208,-0.004737,0.000726,0.004862,0.185572,-0.006259,0.509090,0.551869,-0.014833,0.516935,-0.001600,0.099967
13.265000,5.446424,-0.447177,3.940728,3.856032,0.127451,2.895647,0.000000,3.000000,3.858138,0.004997,0.000165,-0.005431,0.000513,0.005356,0.185511,-0.006254,0.509148,0.551923,-0.014831,0.516935,-0.001600,0.094729
13.276000,5.419116,-0.465298,3.970022,3.828724,0.109330,2.924941,0.000000,3.000000,3.830284,0.004998,0.000143,-0.006229,0.000632,0.006489,0.185442,-0.006247,0.509216,0.551978,-0.014830,0.516935,-0.001600,0.083880
13.287000,5.387484,-0.460526,3.967017,3.797092,0.114102,2.921936,0.000000,3.000000,3.798806,0.004998,0.000150,-0.006560,0.000047,0.006996,0.185368,-0.006241,0.509292,0.552033,-0.014828,0.516935,-0.001600,0.078223
13.298000,5.162091,-0.420503,3.961474,3.571699,0.154126,2.916393,0.000000,3.000000,3.575023,0.004995,0.000216,-0.007346,0.000426,0.006693,0.185289,-0.006232,0.509367,0.552088,-0.014826,0.516935,-0.001600,0.079441
13.309000,5.001702,-0.407822,3.946376,3.411310,0.166806,2.901295,0.000000,3.000000,3.415386,0.004994,0.000244,-0.008459,0.001058,0.007404,0.185202,-0.006221,0.509450,0.552143,-0.014823,0.516935,-0.001600,0.071914
13.320000,5.080568,-0.414789,3.960982,3.490176,0.159839,2.915901,0.000000,3.000000,3.493834,0.004995,0.000229,-0.009851,0.001084,0.008109,0.185102,-0.006211,0.509540,0.552198,-0.014821,0.516935,-0.001600,0.064304
13.331000,5.219131,-0.380805,3.962967,3.628739,0.193823,2.917886,0.000000,3.000000,3.633912,0.004993,0.000267,-0.009889,0.001050,0.007747,0.184997,-0.006202,0.509627,0.552253,-0.014818,0.516935,-0.001600,0.065807
13.342000,5.253424,-0.375928,3.999506,3.663032,0.198700,2.954425,0.000000,3.000000,3.668417,0.004993,0.000271,-0.010836,0.001207,0.008347,0.184878,-0.006190,0.509719,0.552308,-0.014815,0.516935,-0.001600,0.059067
13.353000,5.461464,-0.341767,4.100307,3.871072,0.232861,3.055226,0.000000,3.000000,3.878069,0.004991,0.000300,-0.012131,0.000821,0.009112,0.184746,-0.006178,0.509816,0.552363,-0.014812,0.516935,-0.001600,0.050833
13.364000,5.445484,-0.264587,4.172721,3.855092,0.310042,3.127640,0.000000,3.000000,3.867539,0.004984,0.000401,-0.012329,0.001101,0.008237,0.184609,-0.006163,0.509908,0.552418,-0.014808,0.516935,-0.001600,0.056595
13.375000,5.259057,-0.218853,4.214174,3.668665,0.355775,3.169093,0.000000,3.000000,3.685875,0.004977,0.000483,-0.012861,0.001631,0.008895,0.184469,-0.006148,0.510000,0.552473,-0.014803,0.516935,-0.001600,0.049364
13.386000,5.149440,-0.144805,4.194865,3.559048,0.429823,3.149784,0.000000,3.000000,3.584909,0.004964,0.000599,-0.012353,0.001419,0.007382,0.184329,-0.006133,0.510090,0.552527,-0.014797,0.516935,-0.001600,0.060568
13.397000,4.800507,-0.060548,4.207363,3.210115,0.514080,3.162282,0.000000,3.000000,3.251018,0.004937,0.000791,-0.012144,0.001575,0.007987,0.184193,-0.006118,0.510175,0.552582,-0.014789,0.516935,-0.001600,0.053908
13.408000,4.781279,-0.048488,4.232766,3.190887,0.526141,3.187685,0.000000,3.000000,3.233974,0.004933,0.000813,-0.012524,0.001065,0.007268,0.184056,-0.006104,0.510263,0.552636,-0.014780,0.516935,-0.001600,0.058433
13.419000,4.950791,-0.074511,4.312588,3.360398,0.500118,3.267507,0.000000,3.000000,3.397410,0.004946,0.000736,-0.013248,0.001247,0.008827,0.183911,-0.006088,0.510358,0.552690,-0.014772,0.516935,-0.001600,0.043485
13.430000,5.024314,-0.059427,4.428180,3.433922,0.515201,3.383099,0.000000,3.000000,3.472355,0.004945,0.000742,-0.012955,0.001451,0.006552,0.183769,-0.006072,0.510442,0.552745,-0.014764,0.516935,-0.001600,0.061285
13.441000,4.697092,-0.031578,4.568378,3.106700,0.543050,3.523298,0.000000,3.000000,3.153805,0.004925,0.000861,-0.013005,0.002043,0.006978,0.183629,-0.006057,0.510517,0.552799,-0.014755,0.516935,-0.001600,0.056317
13.452000,4.356838,0.019120,4.584082,2.766446,0.593748,3.539001,0.000000,3.000000,2.829445,0.004889,0.001049,-0.011544,0.001618,0.004485,0.183497,-0.006042,0.510570,0.552853,-0.014745,0.516935,-0.001600,0.076519
13.463000,3.510621,0.112750,4.668454,1.920229,0.687378,3.623374,0.000000,3.000000,2.039551,0.004707,0.001685,-0.010200,0.001510,0.001159,0.183380,-0.006029,0.510591,0.552906,-0.014730,0.516935,-0.001600,0.104350
13.474000,3.123453,0.170985,4.711518,1.533061,0.745613,3.666437,0.000000,3.000000,1.704762,0.004496,0.002187,-0.010394,0.000718,0.000250,0.183264,-0.006018,0.510598,0.552956,-0.014708,0.516935,-0.001600,0.111943
13.485000,3.160616,0.197849,4.786246,1.570224,0.772477,3.741165,0.000000,3.000000,1.749949,0.004486,0.002207,-0.009986,0.000981,-0.001453,0.183150,-0.006005,0.510588,0.553006,-0.014683,0.516935,-0.001600,0.126588
13.496000,3.041623,0.278986,4.853870,1.451231,0.853614,3.808789,0.000000,3.000000,1.683666,0.004310,0.002535,-0.010630,0.001079,-0.001901,0.183036,-0.005993,0.510566,0.553054,-0.014657,0.516935,-0.001600,0.130776
13.507000,3.015252,0.337572,4.860428,1.424859,0.912201,3.815347,0.000000,3.000000,1.691844,0.004211,0.002696,-0.010157,0.001487,-0.003851,0.182925,-0.005980,0.510527,0.553101,-0.014628,0.516935,-0.001600,0.148025
13.518000,2.843816,0.330374,4.867169,1.253424,0.905003,3.822089,0.000000,3.000000,1.545995,0.004054,0.002927,-0.009376,0.001232,-0.004732,0.182819,-0.005967,0.510478,0.553147,-0.014598,0.516935,-0.001600,0.156388
13.529000,2.652804,0.326185,4.824698,1.062412,0.900813,3.779617,0.000000,3.000000,1.392905,0.003814,0.003234,-0.008652,0.000710,-0.006116,0.182719,-0.005955,0.510409,0.553190,-0.014564,0.516935,-0.001600,0.169376
13.540000,2.543677,0.333391,4.761164,0.953285,0.908019,3.716083,0.000000,3.000000,1.316530,0.003620,0.003449,-0.008309,0.000988,-0.007689,0.182628,-0.005943,0.510328,0.553230,-0.014526,0.516935,-0.001600,0.184180
13.551000,2.765501,0.272326,4.754904,1.175109,0.846954,3.709823,0.000000,3.000000,1.448521,0.004056,0.002924,-0.008580,0.001287,-0.007715,0.182530,-0.005927,0.510241,0.553272,-0.014491,0.516935,-0.001600,0.185969
13.562000,3.150977,0.195048,4.795284,1.560585,0.769676,3.750203,0.000000,3.000000,1.740065,0.004484,0.002212,-0.009221,0.001613,-0.007111,0.182429,-0.005915,0.510161,0.553319,-0.014463,0.516935,-0.001600,0.182272
13.573000,3.318149,0.150410,4.769037,1.727756,0.725039,3.723956,0.000000,3.000000,1.873719,0.004611,0.001935,-0.009120,0.000938,-0.006884,0.182332,-0.005904,0.510082,0.553370,-0.014441,0.516935,-0.001600,0.181776
13.584000,3.086929,0.138649,4.783430,1.496537,0.713277,3.738349,0.000000,3.000000,1.657826,0.004514,0.002151,-0.008041,0.000541,-0.007926,0.182243,-0.005893,0.510000,0.553420,-0.014419,0.516935,-0.001600,0.192092
13.595000,2.634373,0.131075,4.771893,1.043981,0.705703,3.726812,0.000000,3.000000,1.260124,0.004142,0.002800,-0.006987,0.001318,-0.007227,0.182167,-0.005882,0.509915,0.553468,-0.014391,0.516935,-0.001600,0.187690
13.606000,2.255679,0.159474,4.735895,0.665287,0.734102,3.690814,0.000000,3.000000,0.990713,0.000000,0.000000,-0.005925,0.000481,-0.007440,0.182100,-0.005872,0.509830,0.553506,-0.014359,0.516935,-0.001600,0.191027
13.617000,2.165191,0.158786,4.675135,0.574798,0.733414,3.630054,0.000000,3.000000,0.931820,0.000000,0.000000,-0.005033,0.000806,-0.007251,0.182044,-0.005864,0.509746,0.553506,-0.014359,0.516935,-0.001600,0.190940
13.628000,2.422816,0.131585,4.724804,0.832424,0.706213,3.679724,0.000000,3.000000,1.091635,0.003813,0.003235,-0.004586,0.000583,-0.006177,0.181993,-0.005859,0.509671,0.553524,-0.014342,0.516935,-0.001600,0.183163
13.639000,2.623112,0.099247,4.703955,1.032720,0.673876,3.658874,0.000000,3.000000,1.233133,0.004187,0.002732,-0.004103,0.000569,-0.005723,0.181945,-0.005852,0.509605,0.553569,-0.014310,0.516935,-0.001600,0.180504
13.650000,2.780607,0.090878,4.704278,1.190215,0.665506,3.659198,0.000000,3.000000,1.363639,0.004364,0.002440,-0.003361,0.000457,-0.006226,0.181905,-0.005848,0.509540,0.553616,-0.014282,0.516935,-0.001600,0.185951
13.661000,2.734513,0.084678,4.696766,1.144121,0.659306,3.651685,0.000000,3.000000,1.320491,0.004332,0.002496,-0.002416,0.000231,-0.006432,0.181874,-0.005844,0.509472,0.553664,-0.014256,0.516935,-0.001600,0.188914
13.672000,2.465567,0.138535,4.617485,0.875175,0.713163,3.572404,0.000000,3.000000,1.128952,0.003876,0.003159,-0.001494,-0.000219,-0.006878,0.181859,-0.005842,0.509401,0.553710,-0.014224,0.516935,-0.001600,0.193978
13.683000,2.235192,0.202392,4.566673,0.644800,0.777020,3.521592,0.000000,3.000000,1.009717,0.003193,0.003848,-0.000203,0.000175,-0.007586,0.181853,-0.005839,0.509324,0.553748,-0.014185,0.516935,-0.001600,0.201384
13.694000,2.286725,0.193047,4.473084,0.696333,0.767675,3.428003,0.000000,3.000000,1.036439,0.003359,0.003703,-0.000397,0.000391,-0.006326,0.181850,-0.005836,0.509253,0.553783,-0.014143,0.516935,-0.001600,0.191959
13.705000,2.576232,0.159303,4.380191,0.985840,0.733931,3.335110,0.000000,3.000000,1.229039,0.004011,0.002986,-0.000423,0.000501,-0.005924,0.181849,-0.005835,0.509189,0.553825,-0.014107,0.516935,-0.001600,0.189700
13.716000,2.867390,0.130165,4.231456,1.276998,0.704793,3.186375,0.000000,3.000000,1.458581,0.004378,0.002416,-0.000475,0.000086,-0.005018,0.181846,-0.005835,0.509131,0.553871,-0.014077,0.516935,-0.001600,0.183061
13.727000,2.946140,0.047405,4.142784,1.355747,0.622033,3.097703,0.000000,3.000000,1.491636,0.004544,0.002085,-0.000205,0.000472,-0.004731,0.181845,-0.005831,0.509081,0.553920,-0.014053,0.516935,-0.001600,0.181518
13.738000,2.943689,-0.030284,4.041682,1.353297,0.544345,2.996601,0.000000,3.000000,1.458672,0.004639,0.001866,0.000450,0.000374,-0.003722,0.181846,-0.005828,0.509040,0.553971,-0.014032,0.516935,-0.001600,0.173698
13.749000,2.989419,-0.117143,3.975751,1.399027,0.457485,2.930671,0.000000,3.000000,1.471927,0.004752,0.001554,0.000259,0.000133,-0.002507,0.181843,-0.005826,0.509003,0.554022,-0.014013,0.516935,-0.001600,0.164059
13.760000,3.040302,-0.202733,4.007402,1.449910,0.371895,2.962321,0.000000,3.000000,1.496845,0.004843,0.001242,0.000268,0.000420,-0.002137,0.181842,-0.005824,0.508968,0.554075,-0.013998,0.516935,-0.001600,0.161549
13.771000,3.038665,-0.257320,4.006303,1.448273,0.317308,2.961222,0.000000,3.000000,1.482626,0.004884,0.001070,-0.000230,-0.000209,-0.003203,0.181840,-0.005825,0.508929,0.554129,-0.013985,0.516935,-0.001600,0.171282
13.782000,3.058985,-0.298993,3.979774,1.468592,0.275635,2.934693,0.000000,3.000000,1.494235,0.004914,0.000922,0.000200,-0.000009,-0.002267,0.181840,-0.005825,0.508901,0.554183,-0.013974,0.516935,-0.001600,0.163860
13.793000,3.053373,-0.311290,3.984109,1.462980,0.263338,2.939029,0.000000,3.000000,1.486492,0.004921,0.000886,-0.000290,-0.000114,-0.002603,0.181838,-0.005825,0.508874,0.554237,-0.013964,0.516935,-0.001600,0.167183
13.804000,3.070810,-0.337007,3.937864,1.480418,0.237621,2.892783,0.000000,3.000000,1.499367,0.004937,0.000792,-0.000161,0.000418,-0.000789,0.181837,-0.005824,0.508861,0.554291,-0.013955,0.516935,-0.001600,0.152041
13.815000,3.091090,-0.354658,3.858778,1.500698,0.219970,2.813698,0.000000,3.000000,1.516734,0.004947,0.000725,0.000222,-0.000096,-0.001045,0.181838,-0.005824,0.508845,0.554346,-0.013947,0.516935,-0.001600,0.154485
13.826000,3.078097,-0.315343,3.818195,1.487705,0.259285,2.773114,0.000000,3.000000,1.510130,0.004926,0.000858,-0.000051,-0.000083,-0.001549,0.181836,-0.005825,0.508833,0.554400,-0.013938,0.516935,-0.001600,0.158984
13.837000,3.100139,-0.284183,3.892263,1.509747,0.290445,2.847182,0.000000,3.000000,1.537431,0.004910,0.000945,-0.000134,-0.000170,-0.000924,0.181836,-0.005827,0.508823,0.554454,-0.013928,0.516935,-0.001600,0.153853
13.848000,3.088633,-0.225080,3.905684,1.498241,0.349548,2.860603,0.000000,3.000000,1.538476,0.004869,0.001136,-0.000223,-0.000108,-0.000892,0.181836,-0.005829,0.508814,0.554508,-0.013916,0.516935,-0.001600,0.153747
13.859000,3.049850,-0.168476,3.902890,1.459458,0.406152,2.857809,0.000000,3.000000,1.514918,0.004817,0.001341,0.000322,-0.000096,-0.001014,0.181837,-0.005827,0.508806,0.554561,-0.013902,0.516935,-0.001600,0.154933
13.870000,3.065160,-0.131238,3.874927,1.474768,0.443390,2.829846,0.000000,3.000000,1.539979,0.004788,0.001440,0.000105,0.000312,0.000037,0.181836,-0.005826,0.508803,0.554613,-0.013886,0.516935,-0.001600,0.146063
13.881000,3.071015,-0.116457,3.808224,1.480623,0.458171,2.763143,0.000000,3.000000,1.549892,0.004777,0.001478,0.000127,0.000557,-0.000172,0.181836,-0.005824,0.508801,0.554666,-0.013870,0.516935,-0.001600,0.147867
13.892000,3.027562,-0.160990,3.768653,1.437170,0.413639,2.723572,0.000000,3.000000,1.495511,0.004805,0.001383,0.000116,-0.000037,0.000345,0.181836,-0.005824,0.508804,0.554719,-0.013854,0.516935,-0.001600,0.143442
13.903000,3.003304,-0.181194,3.707117,1.412912,0.393434,2.662037,0.000000,3.000000,1.466667,0.004817,0.001341,0.000300,0.000398,0.000173,0.181836,-0.005823,0.508804,0.554772,-0.013839,0.516935,-0.001600,0.144891
13.914000,3.023877,-0.208741,3.681971,1.433485,0.365888,2.636890,0.000000,3.000000,1.479443,0.004845,0.001237,-0.000390,0.000102,0.000108,0.181834,-0.005823,0.508806,0.554825,-0.013825,0.516935,-0.001600,0.145417
13.925000,3.057913,-0.242186,3.685525,1.467521,0.332442,2.640444,0.000000,3.000000,1.504704,0.004876,0.001105,-0.000400,-0.000479,-0.000676,0.181834,-0.005824,0.508805,0.554878,-0.013812,0.516935,-0.001600,0.152077
13.936000,3.137048,-0.280092,3.690506,1.546656,0.294536,2.645425,0.000000,3.000000,1.574451,0.004912,0.000935,0.000044,0.000245,0.000171,0.181833,-0.005822,0.508807,0.554932,-0.013801,0.516935,-0.001600,0.144854
13.947000,3.147124,-0.313738,3.716757,1.556732,0.260891,2.671676,0.000000,3.000000,1.578442,0.004931,0.000826,0.000067,-0.000009,0.000075,0.181833,-0.005821,0.508808,0.554986,-0.013791,0.516935,-0.001600,0.145652
13.958000,3.226789,-0.367602,3.740295,1.636397,0.207026,2.695214,0.000000,3.000000,1.649441,0.004960,0.000628,0.000083,0.000331,0.000152,0.181832,-0.005820,0.508807,0.555041,-0.013784,0.516935,-0.001600,0.145013
13.969000,3.280676,-0.388865,3.763496,1.690284,0.185764,2.718415,0.000000,3.000000,1.700462,0.004970,0.000546,-0.000241,0.000157,0.000294,0.181832,-0.005823,0.508809,0.555095,-0.013777,0.516935,-0.001600,0.143773
13.980000,3.290730,-0.362135,3.750537,1.700337,0.212494,2.705456,0.000000,3.000000,1.713564,0.004961,0.000620,-0.000342,0.000072,-0.000865,0.181832,-0.005822,0.508805,0.555150,-0.013771,0.516935,-0.001600,0.153689
13.991000,3.230641,-0.326554,3.736165,1.640249,0.248074,2.691084,0.000000,3.000000,1.658903,0.004944,0.000748,-0.000061,-0.000024,0.000300,0.181833,-0.005823,0.508805,0.555204,-0.013763,0.516935,-0.001600,0.143788
14.002000,3.255383,-0.301854,3.792033,1.664991,0.272774,2.746952,0.000000,3.000000,1.687187,0.004934,0.000808,-0.000350,0.000032,-0.000204,0.181832,-0.005824,0.508802,0.555259,-0.013754,0.516935,-0.001600,0.148138
14.013000,3.203674,-0.263010,3.827696,1.613282,0.311618,2.782615,0.000000,3.000000,1.643102,0.004909,0.000948,0.000363,-0.000199,-0.000566,0.181833,-0.005824,0.508798,0.555313,-0.013745,0.516935,-0.001600,0.151277
14.024000,3.243125,-0.255663,3.906256,1.652733,0.318965,2.861175,0.000000,3.000000,1.683231,0.004909,0.000947,-0.000072,0.000068,-0.000511,0.181832,-0.005823,0.508796,0.555367,-0.013734,0.516935,-0.001600,0.150848
14.035000,3.236516,-0.261826,4.042156,1.646124,0.312803,2.997075,0.000000,3.000000,1.675581,0.004912,0.000933,0.000098,0.000083,-0.000959,0.181832,-0.005823,0.508787,0.555421,-0.013724,0.516935,-0.001600,0.154806
14.046000,3.235307,-0.249336,4.158160,1.644915,0.325292,3.113079,0.000000,3.000000,1.676771,0.004905,0.000970,-0.000009,-0.000015,-0.000812,0.181831,-0.005824,0.508778,0.555475,-0.013713,0.516935,-0.001600,0.153720
14.057000,3.309403,-0.259331,4.238219,1.719011,0.315297,3.193138,0.000000,3.000000,1.747688,0.004918,0.000902,-0.000201,-0.000055,-0.001269,0.181831,-0.005822,0.508766,0.555529,-0.013703,0.516935,-0.001600,0.157806
14.068000,3.301959,-0.299420,4.298864,1.711567,0.275209,3.253783,0.000000,3.000000,1.733552,0.004937,0.000794,-0.000249,0.000727,-0.001974,0.181829,-0.005820,0.508749,0.555583,-0.013693,0.516935,-0.001600,0.164105
14.079000,3.252637,-0.317216,4.318518,1.662245,0.257412,3.273437,0.000000,3.000000,1.682058,0.004941,0.000765,-0.000059,0.000559,-0.001862,0.181828,-0.005818,0.508727,0.555637,-0.013685,0.516935,-0.001600,0.163547
14.090000,3.300460,-0.394432,4.309289,1.710068,0.180196,3.264208,0.000000,3.000000,1.719535,0.004972,0.000524,-0.000239,0.000374,-0.002253,0.181827,-0.005815,0.508706,0.555692,-0.013678,0.516935,-0.001600,0.167236
14.101000,3.428541,-0.445202,4.255384,1.838149,0.129426,3.210303,0.000000,3.000000,1.842700,0.004988,0.000351,-0.000041,0.000086,-0.001982,0.181826,-0.005814,0.508687,0.555747,-0.013673,0.516935,-0.001600,0.165289
14.112000,3.484220,-0.441686,4.222352,1.893828,0.132942,3.177271,0.000000,3.000000,1.898488,0.004988,0.000350,-0.000629,0.000007,-0.001353,0.181823,-0.005813,0.508675,0.555802,-0.013670,0.516935,-0.001600,0.160171
14.123000,3.527728,-0.470794,4.188745,1.937336,0.103835,3.143664,0.000000,3.000000,1.940116,0.004993,0.000268,0.000217,-0.000023,-0.001299,0.181823,-0.005814,0.508660,0.555856,-0.013666,0.516935,-0.001600,0.159977
14.134000,3.559610,-0.499437,4.179109,1.969217,0.075191,3.134028,0.000000,3.000000,1.970652,0.004996,0.000191,-0.000375,0.000031,-0.001050,0.181820,-0.005813,0.508646,0.555911,-0.013664,0.516935,-0.001600,0.158108
14.145000,3.558213,-0.491016,4.232261,1.967821,0.083612,3.187180,0.000000,3.000000,1.969597,0.004995,0.000212,-0.000238,0.000063,-0.001740,0.181820,-0.005814,0.508631,0.555966,-0.013662,0.516935,-0.001600,0.164245
14.156000,3.575548,-0.525404,4.306339,1.985156,0.049224,3.261258,0.000000,3.000000,1.985766,0.004998,0.000124,-0.000402,0.000470,-0.002143,0.181818,-0.005813,0.508608,0.556021,-0.013660,0.516935,-0.001600,0.168083
14.167000,3.523095,-0.434560,4.377313,1.932703,0.140068,3.332232,0.000000,3.000000,1.937772,0.004987,0.000361,-0.000004,-0.000206,-0.003505,0.181817,-0.005814,0.508575,0.556076,-0.013657,0.516935,-0.001600,0.180222
14.178000,3.565141,-0.423410,4.483264,1.974749,0.151218,3.438183,0.000000,3.000000,1.980530,0.004985,0.000382,-0.000448,-0.000490,-0.004025,0.181814,-0.005814,0.508532,0.556131,-0.013653,0.516935,-0.001600,0.185411
14.189000,3.501998,-0.407555,4.543331,1.911606,0.167073,3.498250,0.000000,3.000000,1.918893,0.004981,0.000435,-0.000451,-0.000044,-0.005168,0.181812,-0.005813,0.508476,0.556186,-0.013649,0.516935,-0.001600,0.196113
14.200000,3.428159,-0.366958,4.500442,1.837767,0.207670,3.455361,0.000000,3.000000,1.849463,0.004968,0.000561,-0.000441,-0.000295,-0.006069,0.181809,-0.005812,0.508412,0.556241,-0.013643,0.516935,-0.001600,0.204908
14.211000,3.450106,-0.358328,4.425704,1.859714,0.216300,3.380624,0.000000,3.000000,1.872251,0.004967,0.000578,-0.000575,0.000062,-0.005426,0.181807,-0.005810,0.508351,0.556295,-0.013637,0.516935,-0.001600,0.200562
14.222000,3.484042,-0.368343,4.312416,1.893650,0.206285,3.267335,0.000000,3.000000,1.904852,0.004971,0.000541,-0.000346,-0.000353,-0.006550,0.181805,-0.005810,0.508287,0.556350,-0.013631,0.516935,-0.001600,0.211243
14.233000,3.523615,-0.366874,4.276884,1.933223,0.207754,3.231803,0.000000,3.000000,1.944354,0.004971,0.000534,0.000115,0.000567,-0.006122,0.181801,-0.005807,0.508225,0.556405,-0.013625,0.516935,-0.001600,0.208725
14.244000,3.588001,-0.384748,4.201312,1.997609,0.189880,3.156231,0.000000,3.000000,2.006613,0.004978,0.000473,-0.000517,-0.000077,-0.006345,0.181797,-0.005806,0.508158,0.556459,-0.013619,0.516935,-0.001600,0.211828
14.255000,3.522999,-0.379339,4.199395,1.932607,0.195289,3.154314,0.000000,3.000000,1.942449,0.004975,0.000503,-0.000170,-0.000017,-0.007357,0.181794,-0.005805,0.508084,0.556514,-0.013614,0.516935,-0.001600,0.221751
14.266000,3.533067,-0.375750,4.198273,1.942675,0.198878,3.153192,0.000000,3.000000,1.952828,0.004974,0.000509,-0.000206,-0.000295,-0.007276,0.181790,-0.005805,0.508003,0.556569,-0.013608,0.516935,-0.001600,0.222519
14.277000,3.597050,-0.384356,4.110624,2.006658,0.190272,3.065543,0.000000,3.000000,2.015658,0.004978,0.000472,-0.000310,0.000525,-0.007832,0.181786,-0.005801,0.507923,0.556623,-0.013603,0.516935,-0.001600,0.228679
14.288000,3.577394,-0.382828,4.048976,1.987002,0.191800,3.003895,0.000000,3.000000,1.996237,0.004977,0.000480,-0.000289,-0.000443,-0.007928,0.181782,-0.005803,0.507840,0.556678,-0.013598,0.516935,-0.001600,0.230990
14.299000,3.535818,-0.367420,3.946330,1.945425,0.207208,2.901250,0.000000,3.000000,1.956429,0.004972,0.000530,0.000040,-0.000315,-0.008584,0.181780,-0.005801,0.507753,0.556733,-0.013592,0.516935,-0.001600,0.238123
14.310000,3.446612,-0.335454,3.868495,1.856220,0.239175,2.823414,0.000000,3.000000,1.871566,0.004959,0.000639,-0.000376,-0.000238,-0.008960,0.181775,-0.005801,0.507656,0.556788,-0.013586,0.516935,-0.001600,0.243066
14.321000,3.386455,-0.269101,3.759469,1.796063,0.305527,2.714388,0.000000,3.000000,1.821864,0.004929,0.000839,-0.000401,0.000082,-0.009674,0.181771,-0.005799,0.507552,0.556842,-0.013577,0.516935,-0.001600,0.250987
14.332000,3.246902,-0.221957,3.715215,1.656510,0.352671,2.670134,0.000000,3.000000,1.693636,0.004890,0.001041,-0.000406,-0.000175,-0.010827,0.181766,-0.005800,0.507437,0.556896,-0.013567,0.516935,-0.001600,0.262834
14.343000,3.317443,-0.181599,3.596654,1.727051,0.393029,2.551573,0.000000,3.000000,1.771208,0.004875,0.001109,-0.000993,-0.000033,-0.011343,0.181760,-0.005799,0.507314,0.556950,-0.013555,0.516935,-0.001600,0.269435
14.354000,3.336411,-0.133628,3.476812,1.746019,0.441000,2.431731,0.000000,3.000000,1.800851,0.004848,0.001224,-0.000429,0.000303,-0.011880,0.181755,-0.005797,0.507186,0.557003,-0.013542,0.516935,-0.001600,0.276287
14.365000,3.341143,-0.068244,3.402765,1.750750,0.506384,2.357684,0.000000,3.000000,1.822512,0.004803,0.001389,-0.000300,0.000277,-0.013078,0.181747,-0.005794,0.507048,0.557056,-0.013528,0.516935,-0.001600,0.288938
14.376000,3.284966,-0.020399,3.422376,1.694574,0.554230,2.377295,0.000000,3.000000,1.782905,0.004752,0.001554,-0.000623,-0.000279,-0.013686,0.181741,-0.005792,0.506899,0.557108,-0.013511,0.516935,-0.001600,0.296775
14.387000,3.355724,-0.028202,3.448392,1.765332,0.546426,2.403311,0.000000,3.000000,1.847966,0.004776,0.001478,-0.000713,0.000157,-0.015399,0.181733,-0.005788,0.506743,0.557161,-0.013495,0.516935,-0.001600,0.314119
14.398000,3.446489,-0.013210,3.462850,1.856097,0.561418,2.417769,0.000000,3.000000,1.939146,0.004786,0.001448,-0.000754,0.000542,-0.015517,0.181724,-0.005785,0.506577,0.557214,-0.013478,0.516935,-0.001600,0.318110
14.409000,3.398158,0.027169,3.490185,1.807766,0.601797,2.445104,0.000000,3.000000,1.905302,0.004744,0.001579,-0.000922,-0.000136,-0.016175,0.181717,-0.005785,0.506406,0.557266,-0.013462,0.516935,-0.001600,0.326768
14.420000,3.416617,0.021836,3.466231,1.826225,0.596465,2.421150,0.000000,3.000000,1.921163,0.004753,0.001552,-0.000880,-0.000000,-0.015592,0.181710,-0.005781,0.506233,0.557318,-0.013445,0.516935,-0.001600,0.324935
14.431000,3.331911,0.019994,3.453668,1.741519,0.594623,2.408587,0.000000,3.000000,1.840235,0.004732,0.001616,-0.001267,0.000102,-0.016416,0.181701,-0.005778,0.506050,0.557370,-0.013427,0.516935,-0.001600,0.335227
14.442000,3.283278,0.018688,3.475837,1.692886,0.593316,2.430757,0.000000,3.000000,1.793846,0.004719,0.001654,-0.000955,0.000338,-0.017250,0.181693,-0.005773,0.505863,0.557422,-0.013409,0.516935,-0.001600,0.345671
14.453000,3.250011,0.023234,3.440049,1.659619,0.597863,2.394968,0.000000,3.000000,1.764023,0.004704,0.001695,-0.000704,0.000507,-0.017347,0.181685,-0.005770,0.505672,0.557474,-0.013391,0.516935,-0.001600,0.349924
14.464000,3.149003,0.030456,3.348155,1.558611,0.605085,2.303074,0.000000,3.000000,1.671944,0.004661,0.001810,-0.001082,-0.000399,-0.017656,0.181676,-0.005769,0.505477,0.557526,-0.013372,0.516935,-0.001600,0.356070
14.475000,3.170546,0.060973,3.301600,1.580153,0.635601,2.256519,0.000000,3.000000,1.703195,0.004639,0.001866,-0.000801,0.000411,-0.016992,0.181668,-0.005764,0.505286,0.557577,-0.013351,0.516935,-0.001600,0.353864
14.486000,3.240107,0.053867,3.237423,1.649715,0.628495,2.192342,0.000000,3.000000,1.765380,0.004672,0.001780,-0.000590,0.000048,-0.016974,0.181659,-0.005761,0.505097,0.557628,-0.013332,0.516935,-0.001600,0.357115
14.497000,3.254503,0.052889,3.171165,1.664111,0.627517,2.126084,0.000000,3.000000,1.778494,0.004678,0.001764,-0.000389,0.000405,-0.015452,0.181651,-0.005758,0.504923,0.557680,-0.013312,0.516935,-0.001600,0.347347
14.508000,3.353724,0.035340,3.069627,1.763332,0.609968,2.024546,0.000000,3.000000,1.865851,0.004725,0.001635,-0.000633,-0.000089,-0.013581,0.181643,-0.005756,0.504766,0.557731,-0.013294,0.516935,-0.001600,0.334284
14.519000,3.349414,0.021702,2.984758,1.759022,0.596331,1.939677,0.000000,3.000000,1.857355,0.004735,0.001605,-0.000832,0.000408,-0.011155,0.181637,-0.005751,0.504633,0.557783,-0.013276,0.516935,-0.001600,0.316089
14.530000,3.454850,0.010214,2.885662,1.864458,0.584843,1.840581,0.000000,3.000000,1.954033,0.004771,0.001497,-0.000571,-0.000009,-0.009602,0.181632,-0.005750,0.504520,0.557836,-0.013259,0.516935,-0.001600,0.304955
14.541000,3.460731,-0.018020,2.802309,1.870339,0.556608,1.757228,0.000000,3.000000,1.951405,0.004792,0.001426,-0.000261,0.000251,-0.006788,0.181629,-0.005747,0.504432,0.557888,-0.013243,0.516935,-0.001600,0.282653
14.552000,3.453152,-0.041595,2.712924,1.862760,0.533033,1.667843,0.000000,3.000000,1.937524,0.004807,0.001376,0.000039,0.000634,-0.004729,0.181627,-0.005744,0.504363,0.557941,-0.013228,0.516935,-0.001600,0.266428
14.563000,3.408971,-0.077117,2.669337,1.818579,0.497512,1.624256,0.000000,3.000000,1.885404,0.004823,0.001319,-0.000359,0.000500,-0.004870,0.181623,-0.005742,0.504310,0.557994,-0.013213,0.516935,-0.001600,0.268578
14.574000,3.341706,-0.092960,2.654175,1.751314,0.481669,1.609094,0.000000,3.000000,1.816344,0.004821,0.001326,-0.000208,0.000020,-0.002326,0.181622,-0.005742,0.504276,0.558047,-0.013198,0.516935,-0.001600,0.247597
14.585000,3.373770,-0.145901,2.583624,1.783377,0.428727,1.538543,0.000000,3.000000,1.834187,0.004861,0.001169,0.000180,-0.000512,-0.000870,0.181621,-0.005743,0.504260,0.558101,-0.013185,0.516935,-0.001600,0.235537
14.596000,3.310707,-0.196484,2.544349,1.720315,0.378144,1.499268,0.000000,3.000000,1.761385,0.004883,0.001073,-0.000092,-0.000097,0.000491,0.181621,-0.005741,0.504260,0.558154,-0.013173,0.516935,-0.001600,0.223990
14.607000,3.306904,-0.256584,2.567173,1.716512,0.318045,1.522093,0.000000,3.000000,1.745728,0.004916,0.000911,-0.000033,-0.000193,0.000180,0.181620,-0.005742,0.504262,0.558208,-0.013162,0.516935,-0.001600,0.226591
14.618000,3.259665,-0.271137,2.602115,1.669273,0.303491,1.557034,0.000000,3.000000,1.696638,0.004919,0.000894,0.000170,0.000283,-0.000051,0.181620,-0.005739,0.504266,0.558262,-0.013152,0.516935,-0.001600,0.228490
14.629000,3.265105,-0.328743,2.632464,1.674712,0.245886,1.587383,0.000000,3.000000,1.692667,0.004947,0.000726,0.000158,-0.000040,-0.000240,0.181619,-0.005740,0.504266,0.558317,-0.013143,0.516935,-0.001600,0.230080
14.640000,3.224949,-0.276154,2.684877,1.634557,0.298474,1.639796,0.000000,3.000000,1.661585,0.004919,0.000898,-0.000504,-0.000109,0.001438,0.181617,-0.005741,0.504269,0.558371,-0.013134,0.516935,-0.001600,0.215793
14.651000,3.230249,-0.273924,2.680497,1.639857,0.300704,1.635416,0.000000,3.000000,1.667200,0.004918,0.000902,-0.000182,0.000069,0.000174,0.181617,-0.005740,0.504269,0.558425,-0.013124,0.516935,-0.001600,0.226516
14.662000,3.219995,-0.266522,2.707313,1.629603,0.308107,1.662232,0.000000,3.000000,1.658474,0.004913,0.000929,0.000371,-0.000039,-0.000470,0.181617,-0.005741,0.504269,0.558479,-0.013114,0.516935,-0.001600,0.231979
14.673000,3.170355,-0.312018,2.711734,1.579963,0.262610,1.666653,0.000000,3.000000,1.601639,0.004932,0.000820,0.000241,-0.000270,0.000519,0.181617,-0.005742,0.504270,0.558533,-0.013105,0.516935,-0.001600,0.223568
14.684000,3.201059,-0.254063,2.693380,1.610667,0.320566,1.648299,0.000000,3.000000,1.642258,0.004904,0.000976,-0.000118,-0.000296,-0.000089,0.181616,-0.005741,0.504270,0.558587,-0.013095,0.516935,-0.001600,0.228730
14.695000,3.133574,-0.263981,2.668894,1.543182,0.310647,1.623813,0.000000,3.000000,1.574139,0.004902,0.000987,0.000170,0.000281,0.000271,0.181617,-0.005740,0.504271,0.558641,-0.013084,0.516935,-0.001600,0.225645
14.706000,3.061401,-0.257963,2.657102,1.471009,0.316665,1.612021,0.000000,3.000000,1.504708,0.004888,0.001052,0.000081,0.000007,0.000139,0.181616,-0.005741,0.504270,0.558695,-0.013072,0.516935,-0.001600,0.226795
14.717000,3.069566,-0.273359,2.639528,1.479174,0.301270,1.594447,0.000000,3.000000,1.509543,0.004899,0.000998,-0.000075,0.000139,0.000395,0.181616,-0.005741,0.504271,0.558749,-0.013061,0.516935,-0.001600,0.224599
14.728000,3.110593,-0.261078,2.645793,1.520201,0.313550,1.600712,0.000000,3.000000,1.552200,0.004897,0.001010,0.000108,-0.000052,-0.000304,0.181616,-0.005740,0.504270,0.558803,-0.013050,0.516935,-0.001600,0.230560
14.739000,3.065248,-0.256668,2.647781,1.474856,0.317961,1.602700,0.000000,3.000000,1.508741,0.004888,0.001054,-0.000052,0.000122,-0.000317,0.181616,-0.005741,0.504269,0.558856,-0.013038,0.516935,-0.001600,0.230682
14.750000,3.108380,-0.266977,2.628340,1.517988,0.307651,1.583259,0.000000,3.000000,1.548850,0.004900,0.000993,-0.000099,0.000018,-0.000317,0.181616,-0.005740,0.504269,0.558910,-0.013027,0.516935,-0.001600,0.230673
14.761000,3.059485,-0.295561,2.654268,1.469093,0.279067,1.609187,0.000000,3.000000,1.495363,0.004912,0.000933,-0.000265,-0.000257,-0.000274,0.181616,-0.005740,0.504270,0.558964,-0.013017,0.516935,-0.001600,0.230289
14.772000,3.056486,-0.316425,2.652232,1.466094,0.258203,1.607151,0.000000,3.000000,1.488657,0.004924,0.000867,0.000064,0.000606,-0.000783,0.181616,-0.005739,0.504268,0.559018,-0.013007,0.516935,-0.001600,0.234655
14.783000,2.966058,-0.301580,2.632519,1.375665,0.273048,1.587438,0.000000,3.000000,1.402502,0.004904,0.000973,0.000335,-0.000201,0.000146,0.181616,-0.005741,0.504270,0.559072,-0.012996,0.516935,-0.001600,0.226742
14.794000,2.937058,-0.274592,2.628680,1.346666,0.300036,1.583600,0.000000,3.000000,1.379685,0.004880,0.001087,0.000149,0.000008,-0.000038,0.181616,-0.005741,0.504270,0.559126,-0.012985,0.516935,-0.001600,0.228289
14.805000,2.971690,-0.261873,2.623486,1.381298,0.312756,1.578405,0.000000,3.000000,1.416263,0.004877,0.001104,-0.000369,-0.000153,-0.000583,0.181615,-0.005741,0.504266,0.559180,-0.012973,0.516935,-0.001600,0.232988
14.816000,3.014848,-0.249587,2.640423,1.424456,0.325042,1.595342,0.000000,3.000000,1.461070,0.004875,0.001112,-0.000113,-0.000418,0.000770,0.181616,-0.005742,0.504267,0.559233,-0.012960,0.516935,-0.001600,0.221488
14.827000,2.981067,-0.230625,2.682375,1.390675,0.344003,1.637294,0.000000,3.000000,1.432590,0.004854,0.001201,0.000059,-0.000059,0.000086,0.181616,-0.005741,0.504266,0.559287,-0.012948,0.516935,-0.001600,0.227305
14.838000,2.903096,-0.224188,2.754206,1.312704,0.350440,1.709125,0.000000,3.000000,1.358676,0.004831,0.001290,0.000077,0.000172,0.000062,0.181616,-0.005740,0.504264,0.559340,-0.012934,0.516935,-0.001600,0.227546
14.849000,2.895157,-0.227606,2.801981,1.304765,0.347022,1.756900,0.000000,3.000000,1.350124,0.004832,0.001285,-0.000165,0.000023,-0.001186,0.181616,-0.005740,0.504261,0.559393,-0.012920,0.516935,-0.001600,0.238203
14.860000,2.978787,-0.247794,2.819356,1.388395,0.326834,1.774275,0.000000,3.000000,1.426345,0.004867,0.001146,-0.000180,0.000012,-0.000798,0.181616,-0.005741,0.504261,0.559447,-0.012906,0.516935,-0.001600,0.234899
14.871000,3.016026,-0.272049,2.894314,1.425634,0.302579,1.849233,0.000000,3.000000,1.457390,0.004891,0.001038,-0.000094,-0.000303,-0.000290,0.181616,-0.005741,0.504263,0.559500,-0.012894,0.516935,-0.001600,0.230571
14.882000,2.950808,-0.280441,2.927783,1.360416,0.294187,1.882702,0.000000,3.000000,1.391861,0.004887,0.001057,0.000082,-0.000159,-0.000041,0.181616,-0.005739,0.504264,0.559554,-0.012883,0.516935,-0.001600,0.228421
14.893000,2.910138,-0.305854,2.887815,1.319746,0.268774,1.842734,0.000000,3.000000,1.346836,0.004899,0.000998,0.000216,-0.000205,0.000069,0.181616,-0.005738,0.504266,0.559608,-0.012871,0.516935,-0.001600,0.227467
14.904000,2.914642,-0.353835,2.870967,1.324250,0.220793,1.825886,0.000000,3.000000,1.342530,0.004932,0.000822,0.000125,0.000066,0.000225,0.181616,-0.005736,0.504267,0.559662,-0.012861,0.516935,-0.001600,0.226118
14.915000,2.967266,-0.401712,2.869064,1.376873,0.172916,1.823983,0.000000,3.000000,1.387689,0.004961,0.000623,-0.000163,-0.000025,-0.000090,0.181615,-0.005736,0.504267,0.559716,-0.012853,0.516935,-0.001600,0.228793
14.926000,3.007867,-0.480233,2.903253,1.417475,0.094395,1.858172,0.000000,3.000000,1.420614,0.004989,0.000332,-0.000067,0.000166,-0.000491,0.181613,-0.005735,0.504270,0.559771,-0.012848,0.516935,-0.001600,0.232148
14.937000,3.055182,-0.472321,2.878931,1.464790,0.102307,1.833850,0.000000,3.000000,1.468358,0.004988,0.000348,0.000128,0.000246,0.000203,0.181613,-0.005734,0.504272,0.559826,-0.012844,0.516935,-0.001600,0.226227
14.948000,3.110063,-0.530751,2.894651,1.519671,0.043878,1.849570,0.000000,3.000000,1.520304,0.004998,0.000144,-0.000062,0.000592,-0.000801,0.181612,-0.005733,0.504270,0.559881,-0.012841,0.516935,-0.001600,0.234773
14.959000,3.177623,-0.579058,2.921300,1.587231,-0.004429,1.876219,0.000000,3.000000,1.587237,0.005000,-0.000014,0.000168,0.000286,-0.000374,0.181613,-0.005734,0.504271,0.559936,-0.012841,0.516935,-0.001600,0.231128
14.970000,3.160349,-0.593636,2.882486,1.569957,-0.019008,1.837405,0.000000,3.000000,1.570072,0.005000,-0.000061,-0.000083,0.000044,0.000195,0.181613,-0.005734,0.504270,0.559991,-0.012841,0.516935,-0.001600,0.226310
14.981000,3.103283,-0.552279,2.843672,1.512891,0.022349,1.798591,0.000000,3.000000,1.513056,0.004999,0.000074,-0.000122,-0.000207,0.000335,0.181613,-0.005734,0.504271,0.560046,-0.012841,0.516935,-0.001600,0.225123
14.992000,3.032134,-0.561747,2.832185,1.441742,0.012882,1.787104,0.000000,3.000000,1.441799,0.005000,0.000045,-0.000105,0.000477,-0.000472,0.181613,-0.005734,0.504269,0.560101,-0.012841,0.516935,-0.001600,0.231995
15.003000,3.075178,-0.552017,2.822038,1.484786,0.022611,1.776958,0.000000,3.000000,1.484958,0.004999,0.000076,-0.000161,0.000211,0.000501,0.181612,-0.005733,0.504271,0.560156,-0.012840,0.516935,-0.001600,0.223713
15.014000,3.013211,-0.568565,2.783210,1.422819,0.006063,1.738129,0.000000,3.000000,1.422832,0.005000,0.000021,0.000106,0.000411,0.000016,0.181613,-0.005733,0.504268,0.560211,-0.012840,0.516935,-0.001600,0.227868
15.025000,2.957548,-0.524641,2.806633,1.367156,0.049987,1.761552,0.000000,3.000000,1.368069,0.004997,0.000183,0.000187,-0.000606,-0.000336,0.181613,-0.005735,0.504270,0.560266,-0.012839,0.516935,-0.001600,0.230833
15.036000,2.985621,-0.521905,2.799914,1.395229,0.052723,1.754833,0.000000,3.000000,1.396225,0.004996,0.000189,-0.000183,-0.000645,0.000084,0.181612,-0.005735,0.504272,0.560321,-0.012837,0.516935,-0.001600,0.227232
15.047000,2.961431,-0.568488,2.801841,1.371039,0.006140,1.756760,0.000000,3.000000,1.371053,0.005000,0.000022,-0.000241,0.000382,0.000532,0.181611,-0.005733,0.504271,0.560376,-0.012835,0.516935,-0.001600,0.223442
15.058000,2.989024,-0.551436,2.803896,1.398632,0.023192,1.758816,0.000000,3.000000,1.398824,0.004999,0.000083,0.000018,0.000202,-0.000227,0.181612,-0.005735,0.504270,0.560431,-0.012835,0.516935,-0.001600,0.229905
15.069000,3.053505,-0.525241,2.772709,1.463112,0.049387,1.727628,0.000000,3.000000,1.463946,0.004997,0.000169,0.000118,0.000363,-0.000299,0.181612,-0.005734,0.504272,0.560486,-0.012834,0.516935,-0.001600,0.230476
15.080000,3.087141,-0.572936,2.810387,1.496749,0.001692,1.765306,0.000000,3.000000,1.496750,0.005000,0.000006,0.000019,0.000126,0.000352,0.181612,-0.005733,0.504270,0.560541,-0.012833,0.516935,-0.001600,0.224980
15.091000,3.104791,-0.585677,2.846184,1.514399,-0.011048,1.801104,0.000000,3.000000,1.514439,0.005000,-0.000036,0.000066,0.000118,0.000612,0.181612,-0.005734,0.504273,0.560596,-0.012833,0.516935,-0.001600,0.222719
15.102000,2.989662,-0.527047,2.860561,1.399270,0.047581,1.815480,0.000000,3.000000,1.400078,0.004997,0.000170,0.000111,-0.000309,-0.000207,0.181612,-0.005735,0.504270,0.560651,-0.012832,0.516935,-0.001600,0.229740
15.113000,3.029724,-0.514530,2.852081,1.439332,0.060099,1.807000,0.000000,3.000000,1.440586,0.004996,0.000209,-0.000563,-0.000189,0.000262,0.181611,-0.005735,0.504269,0.560706,-0.012830,0.516935,-0.001600,0.225762
15.124000,3.027341,-0.535043,2.882868,1.436949,0.039586,1.837787,0.000000,3.000000,1.437494,0.004998,0.000138,0.000334,-0.000112,0.000317,0.181613,-0.005736,0.504269,0.560761,-0.012828,0.516935,-0.001600,0.225297
15.135000,2.960053,-0.493083,2.901442,1.369661,0.081545,1.856361,0.000000,3.000000,1.372086,0.004991,0.000297,0.000124,-0.000458,-0.000699,0.181612,-0.005736,0.504264,0.560816,-0.012826,0.516935,-0.001600,0.234003
15.146000,2.962302,-0.495045,2.939139,1.371910,0.079583,1.894058,0.000000,3.000000,1.374216,0.004992,0.000290,0.000102,-0.000122,0.000339,0.181612,-0.005737,0.504264,0.560870,-0.012822,0.516935,-0.001600,0.225217
15.157000,2.985720,-0.476322,3.024949,1.395328,0.098306,1.979869,0.000000,3.000000,1.398787,0.004988,0.000351,-0.000213,-0.000724,-0.000416,0.181612,-0.005738,0.504260,0.560925,-0.012819,0.516935,-0.001600,0.231687
15.168000,3.005984,-0.438624,3.126697,1.415592,0.136004,2.081616,0.000000,3.000000,1.422110,0.004977,0.000478,-0.000014,0.000150,-0.000365,0.181611,-0.005737,0.504257,0.560980,-0.012814,0.516935,-0.001600,0.231308
15.179000,3.026851,-0.440045,3.159383,1.436459,0.134583,2.114302,0.000000,3.000000,1.442750,0.004978,0.000466,0.000293,-0.000171,-0.000342,0.181611,-0.005737,0.504254,0.561035,-0.012809,0.516935,-0.001600,0.231160
15.190000,3.083482,-0.415172,3.201084,1.493090,0.159456,2.156003,0.000000,3.000000,1.501580,0.004972,0.000531,-0.000159,0.000141,0.000150,0.181611,-0.005737,0.504254,0.561090,-0.012803,0.516935,-0.001600,0.226992
15.201000,3.093126,-0.407115,3.211344,1.502734,0.167513,2.166264,0.000000,3.000000,1.512042,0.004969,0.000554,0.000115,0.000221,-0.000740,0.181611,-0.005736,0.504251,0.561144,-0.012797,0.516935,-0.001600,0.234594
15.212000,3.052508,-0.346313,3.186950,1.462115,0.228315,2.141869,0.000000,3.000000,1.479834,0.004940,0.000771,-0.000459,0.000108,-0.000160,0.181610,-0.005736,0.504251,0.561199,-0.012790,0.516935,-0.001600,0.229673
15.223000,3.098600,-0.351518,3.162481,1.508208,0.223110,2.117400,0.000000,3.000000,1.524621,0.004946,0.000732,0.000178,-0.000632,0.000169,0.181611,-0.005738,0.504252,0.561253,-0.012782,0.516935,-0.001600,0.226864
15.234000,3.058561,-0.357756,3.163441,1.468169,0.216872,2.118360,0.000000,3.000000,1.484100,0.004946,0.000731,0.000312,-0.000037,0.000011,0.181612,-0.005737,0.504253,0.561308,-0.012774,0.516935,-0.001600,0.228193
15.245000,3.012980,-0.333499,3.167912,1.422587,0.241129,2.122831,0.000000,3.000000,1.442878,0.004930,0.000836,0.000172,-0.000627,0.000390,0.181611,-0.005738,0.504251,0.561362,-0.012765,0.516935,-0.001600,0.225009
15.256000,2.961583,-0.339077,3.175316,1.371191,0.235552,2.130235,0.000000,3.000000,1.391276,0.004928,0.000847,-0.000287,0.000507,0.000324,0.181610,-0.005736,0.504249,0.561416,-0.012756,0.516935,-0.001600,0.225600
15.267000,3.060621,-0.357961,3.149871,1.470228,0.216667,2.104790,0.000000,3.000000,1.486108,0.004947,0.000729,-0.000091,-0.000265,-0.000385,0.181611,-0.005737,0.504248,0.561470,-0.012748,0.516935,-0.001600,0.231633
15.278000,2.987658,-0.377264,3.187065,1.397266,0.197364,2.141984,0.000000,3.000000,1.411136,0.004951,0.000699,-0.000048,-0.000312,-0.000548,0.181610,-0.005737,0.504249,0.561525,-0.012740,0.516935,-0.001600,0.233013
15.289000,2.987536,-0.365940,3.187951,1.397144,0.208688,2.142870,0.000000,3.000000,1.412644,0.004945,0.000739,-0.000007,0.000044,0.000221,0.181611,-0.005736,0.504249,0.561579,-0.012732,0.516935,-0.001600,0.226480
15.300000,3.049092,-0.362362,3.179073,1.458700,0.212266,2.133992,0.000000,3.000000,1.474063,0.004948,0.000720,0.000011,-0.000370,0.000542,0.181612,-0.005737,0.504249,0.561634,-0.012724,0.516935,-0.001600,0.223754
15.311000,3.052473,-0.367050,3.166940,1.462081,0.207579,2.121860,0.000000,3.000000,1.476743,0.004950,0.000703,0.000212,0.000028,0.000148,0.181612,-0.005737,0.504249,0.561688,-0.012716,0.516935,-0.001600,0.227094
15.322000,3.039499,-0.372892,3.154968,1.449107,0.201737,2.109887,0.000000,3.000000,1.463082,0.004952,0.000689,-0.000221,0.000368,-0.000489,0.181611,-0.005735,0.504249,0.561743,-0.012708,0.516935,-0.001600,0.232500
15.333000,2.966310,-0.321821,3.153833,1.375918,0.252807,2.108752,0.000000,3.000000,1.398950,0.004918,0.000904,-0.000255,-0.000076,0.000311,0.181611,-0.005737,0.504250,0.561797,-0.012699,0.516935,-0.001600,0.225689
15.344000,3.014862,-0.322187,3.106618,1.424469,0.252442,2.061538,0.000000,3.000000,1.446665,0.004923,0.000872,0.000154,0.000260,0.000216,0.181611,-0.005736,0.504249,0.561851,-0.012690,0.516935,-0.001600,0.226512
15.355000,3.009577,-0.312793,3.088982,1.419185,0.261836,2.043901,0.000000,3.000000,1.443137,0.004917,0.000907,-0.000281,0.000199,0.000000,0.181610,-0.005735,0.504251,0.561905,-0.012680,0.516935,-0.001600,0.228313
15.366000,3.049379,-0.342900,3.098147,1.458987,0.231729,2.053066,0.000000,3.000000,1.477274,0.004938,0.000784,-0.000300,0.000810,-0.000048,0.181610,-0.005734,0.504250,0.561959,-0.012670,0.516935,-0.001600,0.228742
15.377000,3.040852,-0.370577,3.087688,1.450460,0.204051,2.042607,0.000000,3.000000,1.464743,0.004951,0.000697,0.000025,0.000001,0.000506,0.181610,-0.005736,0.504251,0.562014,-0.012663,0.516935,-0.001600,0.224018
15.388000,3.016336,-0.374959,3.071926,1.425944,0.199669,2.026845,0.000000,3.000000,1.439856,0.004952,0.000693,0.000274,0.000024,-0.000255,0.181611,-0.005735,0.504251,0.562068,-0.012655,0.516935,-0.001600,0.230482
15.399000,3.010016,-0.352575,3.070082,1.419624,0.222053,2.025001,0.000000,3.000000,1.436885,0.004940,0.000773,0.000055,-0.000210,0.000076,0.181610,-0.005737,0.504252,0.562123,-0.012647,0.516935,-0.001600,0.227657
15.410000,3.024623,-0.386573,3.058334,1.434231,0.188055,2.013253,0.000000,3.000000,1.446507,0.004958,0.000650,0.000062,-0.000305,-0.000289,0.181611,-0.005737,0.504251,0.562177,-0.012639,0.516935,-0.001600,0.230772
15.421000,3.022958,-0.374687,3.050603,1.432566,0.199942,2.005522,0.000000,3.000000,1.446451,0.004952,0.000691,0.000260,0.000162,0.000011,0.181611,-0.005735,0.504250,0.562232,-0.012632,0.516935,-0.001600,0.228245
15.432000,3.032794,-0.366919,3.020622,1.442402,0.207709,1.975541,0.000000,3.000000,1.457280,0.004949,0.000713,-0.000243,0.000141,-0.000620,0.181610,-0.005736,0.504248,0.562286,-0.012624,0.516935,-0.001600,0.233620
15.443000,3.009871,-0.377959,3.029624,1.419478,0.196669,1.984543,0.000000,3.000000,1.433038,0.004953,0.000686,-0.000107,0.000283,-0.000410,0.181610,-0.005736,0.504249,0.562340,-0.012616,0.516935,-0.001600,0.231832
15.454000,3.008469,-0.362695,3.019548,1.418077,0.211933,1.974467,0.000000,3.000000,1.433826,0.004945,0.000739,-0.000173,0.000099,-0.000437,0.181610,-0.005737,0.504248,0.562395,-0.012608,0.516935,-0.001600,0.232074
15.465000,2.961626,-0.358310,2.986180,1.371234,0.216318,1.941099,0.000000,3.000000,1.388191,0.004939,0.000779,-0.000033,0.000158,0.000161,0.181610,-0.005736,0.504249,0.562449,-0.012600,0.516935,-0.001600,0.226987
15.476000,2.971019,-0.358045,3.035137,1.380627,0.216583,1.990056,0.000000,3.000000,1.397512,0.004940,0.000775,-0.000063,-0.000056,-0.000615,0.181611,-0.005738,0.504246,0.562504,-0.012591,0.516935,-0.001600,0.233625
15.487000,2.921641,-0.337305,3.048673,1.331249,0.237323,2.003592,0.000000,3.000000,1.352237,0.004922,0.000878,0.000260,0.000056,-0.000654,0.181612,-0.005738,0.504244,0.562558,-0.012582,0.516935,-0.001600,0.234001
15.498000,2.875996,-0.277216,3.061504,1.285603,0.297412,2.016423,0.000000,3.000000,1.319557,0.004871,0.001127,0.000060,-0.000233,-0.000111,0.181611,-0.005739,0.504247,0.562612,-0.012571,0.516935,-0.001600,0.229337
15.509000,2.943634,-0.249163,3.069278,1.353242,0.325465,2.024198,0.000000,3.000000,1.391830,0.004861,0.001169,0.000370,-0.000082,-0.000125,0.181612,-0.005738,0.504245,0.562665,-0.012558,0.516935,-0.001600,0.229480
15.520000,2.882855,-0.240290,3.112700,1.292463,0.334338,2.067619,0.000000,3.000000,1.335006,0.004841,0.001252,-0.000243,0.000063,0.000111,0.181611,-0.005738,0.504246,0.562719,-0.012545,0.516935,-0.001600,0.227462
15.531000,2.898779,-0.237727,3.103335,1.308387,0.336902,2.058254,0.000000,3.000000,1.351066,0.004842,0.001247,-0.000029,-0.000300,0.000450,0.181611,-0.005739,0.504248,0.562772,-0.012531,0.516935,-0.001600,0.224551
15.542000,2.914344,-0.230136,3.089466,1.323952,0.344492,2.044385,0.000000,3.000000,1.368037,0.004839,0.001259,0.000082,0.000115,0.000258,0.181611,-0.005739,0.504248,0.562825,-0.012517,0.516935,-0.001600,0.226191
15.553000,2.904830,-0.233268,3.098030,1.314437,0.341360,2.052949,0.000000,3.000000,1.358040,0.004839,0.001257,0.000271,-0.000500,-0.000017,0.181611,-0.005740,0.504246,0.562878,-0.012504,0.516935,-0.001600,0.228542
15.564000,2.979563,-0.241554,3.082834,1.389171,0.333074,2.037753,0.000000,3.000000,1.428543,0.004862,0.001166,0.000082,-0.000472,0.000609,0.181612,-0.005739,0.504248,0.562932,-0.012491,0.516935,-0.001600,0.223206
15.575000,3.007367,-0.260645,3.080982,1.416975,0.313983,2.035901,0.000000,3.000000,1.451345,0.004882,0.001082,-0.000216,-0.000217,0.000093,0.181611,-0.005738,0.504248,0.562985,-0.012479,0.516935,-0.001600,0.227586
15.586000,2.906638,-0.230638,3.048539,1.316246,0.343990,2.003459,0.000000,3.000000,1.360453,0.004838,0.001264,0.000348,-0.000088,-0.000184,0.181611,-0.005738,0.504246,0.563039,-0.012466,0.516935,-0.001600,0.229965
15.597000,2.896780,-0.254759,3.062712,1.306387,0.319869,2.017631,0.000000,3.000000,1.344978,0.004857,0.001189,-0.000016,-0.000077,0.000035,0.181610,-0.005739,0.504247,0.563092,-0.012452,0.516935,-0.001600,0.228090
15.608000,3.013980,-0.256841,3.056093,1.423588,0.317788,2.011012,0.000000,3.000000,1.458626,0.004880,0.001089,0.000012,-0.000217,0.000468,0.181611,-0.005739,0.504249,0.563146,-0.012439,0.516935,-0.001600,0.224380
15.619000,2.927908,-0.259829,3.049865,1.337516,0.314799,2.004784,0.000000,3.000000,1.374062,0.004867,0.001146,0.000080,-0.000703,0.000470,0.181611,-0.005740,0.504250,0.563199,-0.012427,0.516935,-0.001600,0.224354
15.630000,2.931297,-0.249997,3.039221,1.340905,0.324631,1.994140,0.000000,3.000000,1.379642,0.004860,0.001177,-0.000192,0.000464,-0.000158,0.181610,-0.005738,0.504248,0.563253,-0.012414,0.516935,-0.001600,0.229709
15.641000,2.870826,-0.226216,3.016780,1.280434,0.348412,1.971699,0.000000,3.000000,1.326990,0.004825,0.001313,-0.000009,0.000108,-0.000223,0.181611,-0.005738,0.504246,0.563306,-0.012400,0.516935,-0.001600,0.230301
15.652000,2.919222,-0.224259,3.043675,1.328830,0.350370,1.998594,0.000000,3.000000,1.374245,0.004835,0.001275,-0.000154,-0.000225,0.000832,0.181611,-0.005739,0.504248,0.563359,-0.012386,0.516935,-0.001600,0.221317
15.663000,2.965708,-0.217936,3.053135,1.375316,0.356693,2.008054,0.000000,3.000000,1.420818,0.004840,0.001255,-0.000458,-0.000114,0.000358,0.181610,-0.005739,0.504248,0.563412,-0.012372,0.516935,-0.001600,0.225336
15.674000,2.961760,-0.217662,3.059621,1.371368,0.356966,2.014541,0.000000,3.000000,1.417065,0.004839,0.001260,0.000143,-0.000365,-0.000237,0.181611,-0.005739,0.504245,0.563466,-0.012359,0.516935,-0.001600,0.230429
15.685000,2.987216,-0.208053,3.059980,1.396824,0.366575,2.014899,0.000000,3.000000,1.444124,0.004836,0.001269,0.000166,-0.000306,0.000376,0.181611,-0.005739,0.504245,0.563519,-0.012345,0.516935,-0.001600,0.225231
15.696000,2.948886,-0.236444,3.070753,1.358493,0.338184,2.025672,0.000000,3.000000,1.399955,0.004852,0.001208,-0.000033,-0.000276,-0.000819,0.181611,-0.005738,0.504244,0.563572,-0.012331,0.516935,-0.001600,0.235397
15.707000,2.897468,-0.237912,3.128841,1.307076,0.336716,2.083760,0.000000,3.000000,1.349750,0.004842,0.001247,-0.000128,-0.000343,-0.000057,0.181610,-0.005739,0.504246,0.563625,-0.012318,0.516935,-0.001600,0.228888
15.718000,2.947980,-0.234808,3.075754,1.357588,0.339820,2.030673,0.000000,3.000000,1.399472,0.004850,0.001214,0.000132,-0.000088,-0.000084,0.181611,-0.005739,0.504246,0.563679,-0.012304,0.516935,-0.001600,0.229126
15.729000,2.978808,-0.243246,3.088063,1.388416,0.331382,2.042982,0.000000,3.000000,1.427415,0.004863,0.001161,0.000044,-0.000042,-0.000334,0.181611,-0.005738,0.504246,0.563732,-0.012291,0.516935,-0.001600,0.231245
15.740000,2.974930,-0.268957,3.064755,1.384538,0.305671,2.019674,0.000000,3.000000,1.417879,0.004882,0.001078,0.000239,0.000303,0.000110,0.181611,-0.005737,0.504247,0.563786,-0.012279,0.516935,-0.001600,0.227458
15.751000,2.914746,-0.266859,3.075542,1.324353,0.307769,2.030461,0.000000,3.000000,1.359645,0.004870,0.001132,0.000308,0.000298,-0.000150,0.181611,-0.005737,0.504247,0.563839,-0.012267,0.516935,-0.001600,0.229665
15.762000,2.889891,-0.271651,3.061005,1.299499,0.302977,2.015924,0.000000,3.000000,1.334351,0.004869,0.001135,-0.000083,-0.000092,0.000515,0.181611,-0.005737,0.504248,0.563893,-0.012254,0.516935,-0.001600,0.223990
15.773000,2.889765,-0.253788,3.067131,1.299373,0.320840,2.022050,0.000000,3.000000,1.338397,0.004854,0.001199,0.000076,-0.000237,-0.000927,0.181610,-0.005738,0.504243,0.563946,-0.012241,0.516935,-0.001600,0.236320
15.784000,2.954260,-0.242157,3.045263,1.363868,0.332471,2.000182,0.000000,3.000000,1.403806,0.004858,0.001184,0.000101,0.000060,-0.000359,0.181611,-0.005737,0.504245,0.564000,-0.012228,0.516935,-0.001600,0.231461
15.795000,2.942811,-0.241323,3.038231,1.352419,0.333306,1.993150,0.000000,3.000000,1.392885,0.004855,0.001196,0.000167,-0.000551,0.000459,0.181611,-0.005739,0.504246,0.564053,-0.012215,0.516935,-0.001600,0.224506
15.806000,2.985488,-0.261634,3.040167,1.395096,0.312995,1.995086,0.000000,3.000000,1.429775,0.004879,0.001095,-0.000039,0.000127,-0.000015,0.181611,-0.005737,0.504246,0.564107,-0.012203,0.516935,-0.001600,0.228529
15.817000,2.990230,-0.268533,3.055811,1.399838,0.306095,2.010730,0.000000,3.000000,1.432914,0.004885,0.001068,-0.000199,0.000189,-0.000335,0.181610,-0.005737,0.504245,0.564161,-0.012191,0.516935,-0.001600,0.231272
15.828000,2.910652,-0.253257,3.053156,1.320260,0.321371,2.008075,0.000000,3.000000,1.358811,0.004858,0.001183,0.000042,-0.000149,0.000201,0.181611,-0.005738,0.504246,0.564214,-0.012179,0.516935,-0.001600,0.226706
15.839000,2.907761,-0.247052,3.038287,1.317369,0.327577,1.993206,0.000000,3.000000,1.357485,0.004852,0.001207,-0.000019,-0.000115,-0.000152,0.181611,-0.005738,0.504245,0.564268,-0.012165,0.516935,-0.001600,0.229718
15.850000,2.905431,-0.241348,3.018821,1.315039,0.333280,1.973740,0.000000,3.000000,1.356615,0.004847,0.001228,0.000211,0.000633,0.000837,0.181611,-0.005736,0.504248,0.564321,-0.012152,0.516935,-0.001600,0.221278
15.861000,2.896974,-0.243164,3.020937,1.306581,0.331464,1.975856,0.000000,3.000000,1.347970,0.004846,0.001229,0.000267,0.000102,-0.000073,0.181611,-0.005738,0.504246,0.564374,-0.012138,0.516935,-0.001600,0.229035
15.872000,2.948776,-0.269107,2.987896,1.358384,0.305521,1.942816,0.000000,3.000000,1.392319,0.004878,0.001097,-0.000317,0.000336,0.000841,0.181610,-0.005736,0.504249,0.564428,-0.012126,0.516935,-0.001600,0.221217
15.883000,2.926630,-0.254012,3.018344,1.336238,0.320617,1.973264,0.000000,3.000000,1.374164,0.004862,0.001167,-0.000148,0.000424,-0.000730,0.181610,-0.005738,0.504245,0.564481,-0.012113,0.516935,-0.001600,0.234622
15.894000,2.931247,-0.259634,3.004478,1.340855,0.314994,1.959397,0.000000,3.000000,1.377358,0.004867,0.001143,-0.000009,0.000488,0.000499,0.181611,-0.005738,0.504248,0.564535,-0.012101,0.516935,-0.001600,0.224149
15.905000,2.909484,-0.228831,2.982227,1.319091,0.345798,1.937146,0.000000,3.000000,1.363663,0.004837,0.001268,-0.000106,0.000380,-0.001159,0.181611,-0.005737,0.504243,0.564588,-0.012088,0.516935,-0.001600,0.238288
15.916000,2.931500,-0.237271,3.015486,1.341108,0.337358,1.970405,0.000000,3.000000,1.382889,0.004849,0.001220,-0.000130,0.000188,-0.000448,0.181610,-0.005737,0.504245,0.564641,-0.012073,0.516935,-0.001600,0.232233
15.927000,2.978007,-0.245150,3.022975,1.387614,0.329479,1.977894,0.000000,3.000000,1.426194,0.004865,0.001155,-0.000199,0.000095,0.000225,0.181611,-0.005739,0.504246,0.564695,-0.012061,0.516935,-0.001600,0.226491
15.938000,2.981425,-0.250662,3.025448,1.391033,0.323966,1.980368,0.000000,3.000000,1.428260,0.004870,0.001134,-0.000337,-0.000176,-0.000834,0.181610,-0.005739,0.504244,0.564748,-0.012048,0.516935,-0.001600,0.235525
15.949000,2.927104,-0.242038,3.018686,1.336712,0.332590,1.973605,0.000000,3.000000,1.377467,0.004852,0.001207,0.000191,0.000175,-0.000349,0.181611,-0.005739,0.504243,0.564802,-0.012035,0.516935,-0.001600,0.231420
15.960000,2.893208,-0.211777,3.025636,1.302815,0.362851,1.980555,0.000000,3.000000,1.352401,0.004817,0.001342,0.000341,0.000359,-0.000256,0.181611,-0.005738,0.504244,0.564855,-0.012021,0.516935,-0.001600,0.230610
15.971000,2.902342,-0.209062,3.046313,1.311950,0.365566,2.001233,0.000000,3.000000,1.361929,0.004817,0.001342,-0.000182,0.000020,-0.000314,0.181610,-0.005739,0.504244,0.564908,-0.012006,0.516935,-0.001600,0.231112
15.982000,2.959109,-0.200030,3.039554,1.368717,0.374598,1.994473,0.000000,3.000000,1.419052,0.004823,0.001320,0.000156,0.000171,0.000398,0.181611,-0.005739,0.504246,0.564961,-0.011992,0.516935,-0.001600,0.225031
15.993000,2.957125,-0.204906,3.051271,1.366733,0.369723,2.006190,0.000000,3.000000,1.415858,0.004827,0.001306,-0.000053,-0.000108,-0.000505,0.181611,-0.005739,0.504244,0.565014,-0.011977,0.516935,-0.001600,0.232730
16.004000,2.955219,-0.190878,3.052428,1.364827,0.383750,2.007348,0.000000,3.000000,1.417750,0.004813,0.001353,-0.000145,0.000149,0.000156,0.181610,-0.005738,0.504247,0.565067,-0.011963,0.516935,-0.001600,0.227076
16.014000,2.925314,-0.184849,3.042597,1.334922,0.389779,1.997516,0.000000,3.000000,1.390663,0.004800,0.001401,-0.000014,0.000140,0.000602,0.181610,-0.005740,0.504246,0.565115,-0.011949,0.516935,-0.001600,0.223296
16.024000,2.923838,-0.169716,3.050185,1.333446,0.404912,2.005104,0.000000,3.000000,1.393568,0.004784,0.001453,0.000072,-0.000068,-0.000579,0.181610,-0.005741,0.504244,0.565163,-0.011935,0.516935,-0.001600,0.233350
16.034000,2.928239,-0.141198,3.052866,1.337847,0.433431,2.007786,0.000000,3.000000,1.406306,0.004757,0.001541,-0.000222,0.000083,-0.000104,0.181610,-0.005741,0.504245,0.565211,-0.011920,0.516935,-0.001600,0.229314
16.044000,2.937370,-0.150550,3.046714,1.346977,0.424078,2.001633,0.000000,3.000000,1.412158,0.004769,0.001502,0.000046,0.000092,-0.000000,0.181611,-0.005741,0.504245,0.565259,-0.011905,0.516935,-0.001600,0.228424
16.054000,2.840145,-0.101607,3.028974,1.249753,0.473021,1.983893,0.000000,3.000000,1.336275,0.004676,0.001770,0.000409,0.000038,0.000009,0.181611,-0.005741,0.504243,0.565306,-0.011888,0.516935,-0.001600,0.228382
16.064000,2.880904,-0.111940,3.022788,1.290512,0.462689,1.977708,0.000000,3.000000,1.370950,0.004707,0.001687,0.000092,-0.000060,-0.001117,0.181611,-0.005741,0.504240,0.565353,-0.011871,0.516935,-0.001600,0.237998
16.074000,2.842827,-0.119211,3.085961,1.252435,0.455418,2.040880,0.000000,3.000000,1.332666,0.004699,0.001709,0.000154,0.000162,-0.000397,0.181611,-0.005741,0.504244,0.565400,-0.011854,0.516935,-0.001600,0.231801
16.084000,2.871443,-0.106992,3.081986,1.281051,0.467636,2.036905,0.000000,3.000000,1.363736,0.004697,0.001715,0.000117,-0.000091,0.000248,0.181611,-0.005743,0.504243,0.565447,-0.011837,0.516935,-0.001600,0.226355
16.094000,2.899847,-0.117176,3.091381,1.309455,0.457453,2.046300,0.000000,3.000000,1.387060,0.004720,0.001649,-0.000135,-0.000909,0.000863,0.181610,-0.005745,0.504243,0.565494,-0.011820,0.516935,-0.001600,0.221136
16.104000,2.962695,-0.062905,3.115511,1.372303,0.511724,2.070430,0.000000,3.000000,1.464608,0.004685,0.001747,0.000055,0.000093,0.000142,0.181611,-0.005742,0.504242,0.565541,-0.011803,0.516935,-0.001600,0.227267
16.114000,2.906499,-0.051910,3.127281,1.316107,0.522718,2.082200,0.000000,3.000000,1.416112,0.004647,0.001846,-0.000366,-0.000484,-0.000291,0.181609,-0.005744,0.504240,0.565588,-0.011785,0.516935,-0.001600,0.230980
16.124000,2.894634,-0.009277,3.158726,1.304242,0.565352,2.113645,0.000000,3.000000,1.421502,0.004588,0.001989,0.000054,-0.000537,-0.000547,0.181611,-0.005745,0.504238,0.565634,-0.011766,0.516935,-0.001600,0.233182
16.134000,2.940030,-0.008581,3.178857,1.349638,0.566048,2.133776,0.000000,3.000000,1.463534,0.004611,0.001934,-0.000412,0.000083,-0.000740,0.181611,-0.005743,0.504239,0.565680,-0.011746,0.516935,-0.001600,0.234811
16.144000,2.889880,0.009518,3.167603,1.299488,0.584147,2.122522,0.000000,3.000000,1.424744,0.004560,0.002050,0.000225,0.000339,0.000436,0.181611,-0.005744,0.504243,0.565725,-0.011726,0.516935,-0.001600,0.224767
16.154000,2.929592,0.008651,3.126711,1.339199,0.583279,2.081630,0.000000,3.000000,1.460709,0.004584,0.001997,-0.000227,-0.000130,-0.000511,0.181611,-0.005745,0.504239,0.565771,-0.011706,0.516935,-0.001600,0.232866
16.164000,2.927230,0.057636,3.095177,1.336838,0.632264,2.050096,0.000000,3.000000,1.478815,0.004520,0.002138,-0.000115,-0.000133,-0.000167,0.181610,-0.005744,0.504241,0.565817,-0.011685,0.516935,-0.001600,0.229908
16.174000,2.892818,0.072598,3.124760,1.302425,0.647226,2.079679,0.000000,3.000000,1.454377,0.004478,0.002225,0.000228,0.000663,0.000319,0.181611,-0.005743,0.504242,0.565862,-0.011663,0.516935,-0.001600,0.225774
16.184000,2.848136,0.045557,3.148412,1.257743,0.620185,2.103331,0.000000,3.000000,1.402337,0.004484,0.002211,-0.000239,-0.000600,-0.000648,0.181610,-0.005746,0.504238,0.565906,-0.011641,0.516935,-0.001600,0.234051
16.194000,2.933723,0.039475,3.154971,1.343330,0.614103,2.109890,0.000000,3.000000,1.477044,0.004547,0.002079,0.000143,-0.000507,0.000504,0.181611,-0.005745,0.504240,0.565951,-0.011620,0.516935,-0.001600,0.224236
16.204000,2.946135,0.046924,3.131250,1.355743,0.621552,2.086169,0.000000,3.000000,1.491431,0.004545,0.002084,-0.000158,0.000494,0.000522,0.181610,-0.005743,0.504241,0.565997,-0.011599,0.516935,-0.001600,0.224080
16.214000,2.911783,0.032508,3.174166,1.321391,0.607136,2.129085,0.000000,3.000000,1.454197,0.004543,0.002088,0.000130,-0.000024,0.000129,0.181611,-0.005744,0.504239,0.566042,-0.011578,0.516935,-0.001600,0.227448
16.224000,2.906712,0.063688,3.144001,1.316320,0.638316,2.098920,0.000000,3.000000,1.462924,0.004499,0.002182,-0.000042,0.000514,0.000038,0.181611,-0.005742,0.504238,0.566088,-0.011557,0.516935,-0.001600,0.228226
16.234000,2.896296,0.059277,3.168538,1.305904,0.633905,2.123457,0.000000,3.000000,1.451627,0.004498,0.002183,-0.000095,0.000241,-0.000053,0.181610,-0.005744,0.504239,0.566133,-0.011535,0.516935,-0.001600,0.228976
16.244000,2.889207,0.049775,3.158539,1.298815,0.624404,2.113458,0.000000,3.000000,1.441111,0.004506,0.002166,0.000085,-0.000130,-0.000067,0.181611,-0.005744,0.504239,0.566178,-0.011514,0.516935,-0.001600,0.229090
16.254000,2.856762,0.073208,3.183655,1.266370,0.647836,2.138575,0.000000,3.000000,1.422457,0.004451,0.002277,0.000228,-0.000252,-0.000656,0.181611,-0.005743,0.504238,0.566223,-0.011491,0.516935,-0.001600,0.234113
16.264000,2.909570,0.061333,3.121297,1.319178,0.635961,2.076216,0.000000,3.000000,1.464472,0.004504,0.002171,0.000104,-0.000289,0.000502,0.181611,-0.005744,0.504241,0.566267,-0.011469,0.516935,-0.001600,0.224234
16.274000,2.942787,0.029562,3.134702,1.352394,0.604190,2.089622,0.000000,3.000000,1.481221,0.004565,0.002039,-0.000212,0.000046,0.000146,0.181611,-0.005743,0.504240,0.566313,-0.011448,0.516935,-0.001600,0.227270
16.284000,2.970121,0.036163,3.133688,1.379729,0.610792,2.088607,0.000000,3.000000,1.508880,0.004572,0.002024,-0.000454,-0.000336,-0.000413,0.181609,-0.005744,0.504239,0.566358,-0.011428,0.516935,-0.001600,0.232031
16.294000,2.947680,0.042202,3.103165,1.357288,0.616831,2.058085,0.000000,3.000000,1.490876,0.004552,0.002069,-0.000038,-0.000190,-0.000363,0.181610,-0.005744,0.504240,0.566404,-0.011407,0.516935,-0.001600,0.231585
16.304000,2.883756,0.046458,3.075718,1.293364,0.621086,2.030638,0.000000,3.000000,1.434761,0.004507,0.002164,0.000074,-0.000197,0.000550,0.181610,-0.005744,0.504243,0.566449,-0.011386,0.516935,-0.001600,0.223794
16.314000,2.926666,0.059391,3.077592,1.336274,0.634019,2.032511,0.000000,3.000000,1.479056,0.004517,0.002143,0.000263,-0.000390,0.000179,0.181610,-0.005744,0.504241,0.566495,-0.011365,0.516935,-0.001600,0.226982
16.324000,2.944272,0.043517,3.060862,1.353880,0.618146,2.015781,0.000000,3.000000,1.488320,0.004548,0.002077,0.000136,-0.000304,0.000222,0.181611,-0.005744,0.504242,0.566540,-0.011344,0.516935,-0.001600,0.226602
16.334000,2.938067,0.048400,3.084227,1.347675,0.623029,2.039146,0.000000,3.000000,1.484719,0.004538,0.002098,0.000275,0.000263,-0.000411,0.181611,-0.005744,0.504239,0.566585,-0.011323,0.516935,-0.001600,0.232013
16.344000,2.951786,0.035686,3.083949,1.361394,0.610314,2.038868,0.000000,3.000000,1.491937,0.004563,0.002045,-0.000041,0.000471,-0.000336,0.181610,-0.005743,0.504239,0.566631,-0.011303,0.516935,-0.001600,0.231380
16.354000,2.934058,0.032736,3.076711,1.343666,0.607364,2.031631,0.000000,3.000000,1.474561,0.004556,0.002059,0.000088,-0.000349,-0.000006,0.181610,-0.005744,0.504240,0.566677,-0.011282,0.516935,-0.001600,0.228572
16.364000,2.888248,0.048101,3.082552,1.297856,0.622729,2.037471,0.000000,3.000000,1.439521,0.004508,0.002163,0.000144,0.000111,0.000489,0.181611,-0.005744,0.504241,0.566722,-0.011261,0.516935,-0.001600,0.224340
16.374000,2.869901,0.022491,3.059393,1.279508,0.597120,2.014312,0.000000,3.000000,1.411982,0.004531,0.002114,0.000137,0.000522,0.000236,0.181612,-0.005743,0.504240,0.566767,-0.011240,0.516935,-0.001600,0.226520
16.384000,2.904473,0.014246,3.078823,1.314081,0.588874,2.033742,0.000000,3.000000,1.439994,0.004563,0.002045,-0.000033,0.000684,0.000212,0.181611,-0.005742,0.504239,0.566813,-0.011219,0.516935,-0.001600,0.226729
16.394000,2.859848,0.031760,3.075364,1.269456,0.606388,2.030283,0.000000,3.000000,1.406849,0.004512,0.002155,0.000339,-0.000137,0.000276,0.181611,-0.005745,0.504239,0.566858,-0.011198,0.516935,-0.001600,0.226192
16.404000,2.868836,0.038409,3.077608,1.278444,0.613038,2.032528,0.000000,3.000000,1.417827,0.004508,0.002162,-0.000363,0.000100,-0.000027,0.181610,-0.005743,0.504239,0.566903,-0.011177,0.516935,-0.001600,0.228766
16.414000,2.869951,0.042762,3.121149,1.279559,0.617391,2.076068,0.000000,3.000000,1.420719,0.004503,0.002173,-0.000152,-0.000362,0.000244,0.181610,-0.005745,0.504239,0.566948,-0.011155,0.516935,-0.001600,0.226453
16.424000,2.918522,0.066175,3.139550,1.328129,0.640803,2.094469,0.000000,3.000000,1.474638,0.004503,0.002173,-0.000313,0.000087,-0.000399,0.181610,-0.005745,0.504236,0.566993,-0.011133,0.516935,-0.001600,0.231978
16.434000,2.978731,0.058580,3.137824,1.388339,0.633209,2.092743,0.000000,3.000000,1.525922,0.004549,0.002075,0.000055,0.000112,-0.000195,0.181611,-0.005746,0.504236,0.567039,-0.011112,0.516935,-0.001600,0.230242
16.444000,2.867817,0.095926,3.120920,1.277425,0.670554,2.075839,0.000000,3.000000,1.442726,0.004427,0.002324,-0.000085,0.000170,0.000772,0.181610,-0.005746,0.504240,0.567084,-0.011090,0.516935,-0.001600,0.221971
16.454000,2.884372,0.090658,3.166977,1.293979,0.665286,2.121896,0.000000,3.000000,1.454987,0.004447,0.002286,0.000029,-0.000092,0.001225,0.181611,-0.005746,0.504237,0.567128,-0.011067,0.516935,-0.001600,0.218172
16.464000,2.844802,0.124710,3.180690,1.254410,0.699339,2.135609,0.000000,3.000000,1.436182,0.004367,0.002435,0.000052,-0.000134,-0.000174,0.181610,-0.005746,0.504234,0.567172,-0.011043,0.516935,-0.001600,0.230109
16.474000,2.902138,0.113824,3.187950,1.311746,0.688452,2.142870,0.000000,3.000000,1.481433,0.004427,0.002324,0.000024,-0.000545,0.000549,0.181611,-0.005746,0.504237,0.567216,-0.011020,0.516935,-0.001600,0.223920
16.484000,2.890331,0.132200,3.171408,1.299938,0.706828,2.126327,0.000000,3.000000,1.479677,0.004393,0.002388,0.000282,0.000166,-0.000280,0.181611,-0.005745,0.504235,0.567260,-0.010996,0.516935,-0.001600,0.230974
16.494000,2.913973,0.121189,3.173842,1.323581,0.695817,2.128761,0.000000,3.000000,1.495336,0.004426,0.002327,-0.000317,0.000272,0.000055,0.181610,-0.005745,0.504237,0.567304,-0.010972,0.516935,-0.001600,0.228107
16.504000,2.869284,0.100524,3.152277,1.278892,0.675152,2.107196,0.000000,3.000000,1.446166,0.004422,0.002334,0.000056,0.000291,-0.000545,0.181610,-0.005744,0.504237,0.567349,-0.010950,0.516935,-0.001600,0.233185
16.514000,2.870277,0.074004,3.099774,1.279885,0.648632,2.054693,0.000000,3.000000,1.434862,0.004460,0.002260,-0.000043,0.000191,0.000358,0.181609,-0.005744,0.504240,0.567393,-0.010926,0.516935,-0.001600,0.225478
16.524000,2.894534,0.088893,3.077451,1.304141,0.663521,2.032370,0.000000,3.000000,1.463231,0.004456,0.002267,-0.000224,-0.000290,-0.000201,0.181609,-0.005745,0.504239,0.567438,-0.010904,0.516935,-0.001600,0.230229
16.534000,2.919967,0.090132,3.084373,1.329575,0.664760,2.039292,0.000000,3.000000,1.486498,0.004472,0.002236,-0.000213,-0.000172,0.000197,0.181608,-0.005744,0.504241,0.567482,-0.010881,0.516935,-0.001600,0.226828
16.544000,2.974332,0.065599,3.089221,1.383940,0.640227,2.044141,0.000000,3.000000,1.524855,0.004538,0.002099,-0.000286,-0.000449,0.000614,0.181608,-0.005745,0.504241,0.567527,-0.010860,0.516935,-0.001600,0.223277
16.554000,3.023259,0.039512,3.131595,1.432867,0.614141,2.086514,0.000000,3.000000,1.558934,0.004596,0.001970,0.000204,-0.000210,0.000015,0.181609,-0.005744,0.504240,0.567573,-0.010840,0.516935,-0.001600,0.228394
16.564000,3.064458,0.009762,3.138013,1.474065,0.584390,2.092933,0.000000,3.000000,1.585680,0.004648,0.001843,0.000148,-0.000054,-0.000183,0.181609,-0.005744,0.504238,0.567619,-0.010821,0.516935,-0.001600,0.230101
16.574000,2.993263,0.015427,3.115601,1.402871,0.590055,2.070520,0.000000,3.000000,1.521911,0.004609,0.001939,0.000073,-0.000113,0.000164,0.181609,-0.005744,0.504239,0.567666,-0.010802,0.516935,-0.001600,0.227138
16.584000,3.071029,0.044949,3.104223,1.480637,0.619578,2.059143,0.000000,3.000000,1.605042,0.004612,0.001930,-0.000237,-0.000319,-0.000454,0.181610,-0.005745,0.504237,0.567712,-0.010782,0.516935,-0.001600,0.232422
16.594000,3.037321,0.033315,3.078993,1.446929,0.607943,2.033912,0.000000,3.000000,1.569458,0.004610,0.001937,0.000157,0.000078,-0.000417,0.181611,-0.005743,0.504236,0.567758,-0.010763,0.516935,-0.001600,0.232116
16.604000,3.030310,0.023338,3.086838,1.439918,0.597967,2.041757,0.000000,3.000000,1.559143,0.004618,0.001918,0.000160,-0.000335,-0.000067,0.181610,-0.005744,0.504238,0.567804,-0.010744,0.516935,-0.001600,0.229112
16.614000,2.950518,0.035421,3.080366,1.360126,0.610050,2.035285,0.000000,3.000000,1.490672,0.004562,0.002046,0.000030,0.000031,-0.000518,0.181610,-0.005743,0.504239,0.567850,-0.010724,0.516935,-0.001600,0.232935
16.624000,2.955793,0.025093,3.085561,1.365401,0.599721,2.040481,0.000000,3.000000,1.491303,0.004578,0.002011,-0.000190,0.000194,0.000062,0.181609,-0.005743,0.504238,0.567895,-0.010703,0.516935,-0.001600,0.228027
16.634000,2.977890,0.026209,3.061111,1.387498,0.600837,2.016030,0.000000,3.000000,1.512004,0.004588,0.001987,0.000219,-0.000332,-0.000001,0.181610,-0.005744,0.504238,0.567941,-0.010684,0.516935,-0.001600,0.228555
16.644000,2.974922,0.043803,3.047087,1.384530,0.618431,2.002006,0.000000,3.000000,1.516371,0.004565,0.002039,-0.000205,-0.000196,0.000807,0.181609,-0.005745,0.504243,0.567987,-0.010663,0.516935,-0.001600,0.221623
16.654000,2.997181,0.041853,3.039352,1.406789,0.616482,1.994271,0.000000,3.000000,1.535938,0.004580,0.002007,0.000084,-0.000335,0.000563,0.181609,-0.005745,0.504242,0.568033,-0.010643,0.516935,-0.001600,0.223702
16.664000,2.981315,0.046909,3.039157,1.390923,0.621537,1.994077,0.000000,3.000000,1.523474,0.004565,0.002040,-0.000224,0.000331,-0.000072,0.181609,-0.005743,0.504242,0.568079,-0.010623,0.516935,-0.001600,0.229097
16.674000,2.989037,0.053322,3.034795,1.398645,0.627951,1.989714,0.000000,3.000000,1.533144,0.004561,0.002048,0.000258,-0.000040,0.000123,0.181610,-0.005744,0.504243,0.568124,-0.010602,0.516935,-0.001600,0.227421
16.684000,3.037740,0.048846,3.020570,1.447348,0.623474,1.975489,0.000000,3.000000,1.575924,0.004592,0.001978,-0.000097,-0.000092,-0.000151,0.181610,-0.005744,0.504241,0.568170,-0.010582,0.516935,-0.001600,0.229779
16.694000,2.974234,0.057536,3.010987,1.383842,0.632165,1.965906,0.000000,3.000000,1.521398,0.004548,0.002078,0.000149,-0.000166,0.000066,0.181610,-0.005744,0.504243,0.568215,-0.010562,0.516935,-0.001600,0.227909
16.704000,2.988477,0.033754,3.004066,1.398085,0.608383,1.958985,0.000000,3.000000,1.524720,0.004585,0.001995,0.000021,0.000570,-0.000945,0.181611,-0.005742,0.504240,0.568261,-0.010541,0.516935,-0.001600,0.236528
16.714000,2.912969,0.045688,2.982467,1.322577,0.620316,1.937386,0.000000,3.000000,1.460822,0.004527,0.002123,0.000320,0.000024,-0.000710,0.181612,-0.005744,0.504240,0.568307,-0.010521,0.516935,-0.001600,0.234543
16.724000,2.855443,0.023187,2.950225,1.265051,0.597815,1.905144,0.000000,3.000000,1.399192,0.004521,0.002136,0.000144,0.000129,-0.000027,0.181613,-0.005743,0.504242,0.568352,-0.010499,0.516935,-0.001600,0.228716
16.734000,2.843767,0.039680,2.921206,1.253375,0.614309,1.876125,0.000000,3.000000,1.395824,0.004490,0.002201,0.000384,-0.000098,-0.000460,0.181613,-0.005744,0.504241,0.568397,-0.010478,0.516935,-0.001600,0.232411
16.744000,2.751775,0.050491,2.899820,1.161383,0.625120,1.854739,0.000000,3.000000,1.318933,0.004403,0.002370,0.000464,0.000425,-0.000394,0.181614,-0.005743,0.504241,0.568441,-0.010455,0.516935,-0.001600,0.231830
16.754000,2.734142,0.060561,2.909836,1.143750,0.635189,1.864755,0.000000,3.000000,1.308292,0.004371,0.002428,0.000190,0.000053,-0.000378,0.181613,-0.005744,0.504243,0.568485,-0.010430,0.516935,-0.001600,0.231677
16.764000,2.759938,0.055079,2.931793,1.169546,0.629707,1.886713,0.000000,3.000000,1.328295,0.004402,0.002370,0.000290,0.000016,-0.000206,0.181614,-0.005744,0.504244,0.568529,-0.010406,0.516935,-0.001600,0.230184
