time,raw_fx,raw_fy,raw_fz,corrected_fx,corrected_fy,corrected_fz,contact_force,target_force,force_xy_norm,v_des_x,v_des_y,v_x,v_y,z_dot,x,y,z,x_d,y_d,z_d,z_offset,f_z
0.000000,-0.056969,-0.740413,1.092825,-0.077951,0.020229,0.010085,0.000000,3.000000,0.080533,0.000000,0.000000,-0.000059,-0.000138,-0.000404,0.251765,0.007546,0.467020,0.251764,0.007545,0.467021,0.000000,0.003458
0.010000,-0.065664,-0.727960,1.060939,-0.086646,0.032682,-0.021801,0.021801,3.000000,0.092605,0.000000,0.000000,-0.000368,-0.000435,-0.000082,0.251763,0.007544,0.467020,0.251764,0.007545,0.467021,0.000000,0.000725
0.020000,-0.102864,-0.721594,0.976872,-0.123846,0.039048,-0.105867,0.105867,3.000000,0.129856,0.000000,0.000000,-0.000091,-0.000473,-0.000630,0.251763,0.007544,0.467014,0.251764,0.007545,0.467021,0.000000,0.005470
0.030000,-0.071653,-0.711065,0.916989,-0.092635,0.049577,-0.165750,0.165750,3.000000,0.105067,0.000000,0.000000,0.000136,0.000382,0.000090,0.251764,0.007545,0.467016,0.251764,0.007545,0.467021,0.000000,-0.000666
0.040000,-0.025251,-0.705027,0.909500,-0.046233,0.055615,-0.173239,0.173239,3.000000,0.072322,0.000000,0.000000,-0.000397,-0.000350,-0.000157,0.251763,0.007545,0.467015,0.251764,0.007545,0.467021,0.000000,0.001440
0.050000,-0.040779,-0.650852,0.897758,-0.061761,0.109791,-0.184981,0.184981,3.000000,0.125970,0.000000,0.000000,0.000025,0.000048,-0.001083,0.251764,0.007545,0.467014,0.251764,0.007545,0.467021,0.000000,0.009324
0.060000,-0.057415,-0.623652,0.905776,-0.078397,0.136990,-0.176963,0.176963,3.000000,0.157836,0.000000,0.000000,0.000022,-0.000659,0.000749,0.251763,0.007544,0.467016,0.251764,0.007545,0.467021,0.000000,-0.006264
0.070000,-0.055473,-0.591524,0.879345,-0.076455,0.169118,-0.203394,0.203394,3.000000,0.185597,0.000000,0.000000,-0.000244,-0.000100,-0.000393,0.251763,0.007546,0.467015,0.251764,0.007545,0.467021,0.000000,0.003458
0.080000,-0.078282,-0.570315,0.899415,-0.099264,0.190327,-0.183324,0.183324,3.000000,0.214657,0.000000,0.000000,0.000012,0.000065,-0.000156,0.251763,0.007546,0.467016,0.251764,0.007545,0.467021,0.000000,0.001422
0.090000,-0.041557,-0.564034,0.914584,-0.062539,0.196608,-0.168155,0.168155,3.000000,0.206315,0.000000,0.000000,0.000297,-0.000072,0.000551,0.251765,0.007545,0.467018,0.251764,0.007545,0.467021,0.000000,-0.004621
0.100000,-0.075485,-0.577609,0.905124,-0.096467,0.183033,-0.177615,0.177615,3.000000,0.206898,0.000000,0.000000,0.000444,0.000067,0.000856,0.251764,0.007545,0.467018,0.251764,0.007545,0.467021,0.000000,-0.007203
0.110000,-0.024090,-0.545838,0.900777,-0.045072,0.214804,-0.181962,0.181962,3.000000,0.219482,0.000000,0.000000,0.000010,0.000055,0.000081,0.251763,0.007547,0.467016,0.251764,0.007545,0.467021,0.000000,-0.000593
0.120000,-0.029472,-0.539021,0.884595,-0.050453,0.221621,-0.198145,0.198145,3.000000,0.227292,0.000000,0.000000,0.000223,0.000341,-0.000304,0.251764,0.007546,0.467016,0.251764,0.007545,0.467021,0.000000,0.002677
0.131000,-0.035936,-0.555091,0.897854,-0.056918,0.205551,-0.184886,0.184886,3.000000,0.213286,0.000000,0.000000,0.000073,0.000268,-0.000419,0.251764,0.007546,0.467016,0.251764,0.007545,0.467021,0.000000,0.003654
0.141000,-0.061697,-0.541234,0.892003,-0.082679,0.219408,-0.190736,0.190736,3.000000,0.234469,0.000000,0.000000,0.000259,0.000127,-0.000188,0.251764,0.007546,0.467015,0.251764,0.007545,0.467021,0.000000,0.001700
0.151000,-0.016239,-0.493184,0.875578,-0.037221,0.267458,-0.207161,0.207161,3.000000,0.270036,0.000000,0.000000,-0.000004,-0.000319,0.000202,0.251764,0.007545,0.467016,0.251764,0.007545,0.467021,0.000000,-0.001625
0.161000,0.002094,-0.512701,0.863669,-0.018887,0.247941,-0.219070,0.219070,3.000000,0.248660,0.000000,0.000000,0.000108,0.000262,0.000035,0.251763,0.007547,0.467016,0.251764,0.007545,0.467021,0.000000,-0.000209
0.171000,-0.002985,-0.509491,0.900274,-0.023967,0.251151,-0.182466,0.182466,3.000000,0.252292,0.000000,0.000000,-0.000063,-0.000168,0.000587,0.251764,0.007545,0.467017,0.251764,0.007545,0.467021,0.000000,-0.004901
0.181000,0.027536,-0.526076,0.881326,0.006554,0.234566,-0.201413,0.201413,3.000000,0.234658,0.000000,0.000000,-0.000313,0.000101,-0.000348,0.251763,0.007546,0.467016,0.251764,0.007545,0.467021,0.000000,0.003055
0.191000,-0.008351,-0.532650,0.885092,-0.029333,0.227992,-0.197647,0.197647,3.000000,0.229872,0.000000,0.000000,0.000202,0.000179,0.000384,0.251764,0.007546,0.467017,0.251764,0.007545,0.467021,0.000000,-0.003188
0.201000,-0.019062,-0.534401,0.881235,-0.040044,0.226241,-0.201504,0.201504,3.000000,0.229758,0.000000,0.000000,0.000188,0.000089,0.000019,0.251764,0.007546,0.467016,0.251764,0.007545,0.467021,0.000000,-0.000059
0.211000,-0.019924,-0.544543,0.869107,-0.040906,0.216099,-0.213632,0.213632,3.000000,0.219937,0.000000,0.000000,-0.000048,-0.000766,0.000140,0.251764,0.007545,0.467016,0.251764,0.007545,0.467021,0.000000,-0.001094
0.221000,-0.105610,-0.537222,0.890708,-0.126592,0.223420,-0.192031,0.192031,3.000000,0.256792,0.000000,0.000000,-0.000085,0.000148,-0.000252,0.251763,0.007547,0.467015,0.251764,0.007545,0.467021,0.000000,0.002244
0.231000,-0.083648,-0.514322,0.901022,-0.104630,0.246320,-0.181717,0.181717,3.000000,0.267621,0.000000,0.000000,0.000128,-0.000185,-0.000866,0.251764,0.007546,0.467015,0.251764,0.007545,0.467021,0.000000,0.007469
0.241000,-0.087761,-0.540417,0.902821,-0.108742,0.220225,-0.179918,0.179918,3.000000,0.245610,0.000000,0.000000,0.000127,-0.000054,0.000699,0.251764,0.007547,0.467018,0.251764,0.007545,0.467021,0.000000,-0.005878
0.252000,-0.035247,-0.526853,0.884070,-0.056229,0.233789,-0.198669,0.198669,3.000000,0.240456,0.000000,0.000000,-0.000061,0.000149,-0.000218,0.251763,0.007547,0.467015,0.251764,0.007545,0.467021,0.000000,0.001965
0.262000,-0.012774,-0.527303,0.861066,-0.033756,0.233339,-0.221673,0.221673,3.000000,0.235768,0.000000,0.000000,0.000220,-0.000519,0.000095,0.251764,0.007545,0.467017,0.251764,0.007545,0.467021,0.000000,-0.000730
0.272000,0.014197,-0.539825,0.865805,-0.006785,0.220817,-0.216934,0.216934,3.000000,0.220922,0.000000,0.000000,-0.000212,0.000058,-0.000301,0.251763,0.007546,0.467016,0.251764,0.007545,0.467021,0.000000,0.002652
0.282000,-0.027744,-0.523286,0.878568,-0.048726,0.237356,-0.204171,0.204171,3.000000,0.242306,0.000000,0.000000,0.000028,0.000032,0.000104,0.251764,0.007546,0.467017,0.251764,0.007545,0.467021,0.000000,-0.000806
0.292000,0.004115,-0.542802,0.876500,-0.016867,0.217840,-0.206239,0.206239,3.000000,0.218492,0.000000,0.000000,-0.000236,0.000138,-0.000544,0.251764,0.007547,0.467017,0.251764,0.007545,0.467021,0.000000,0.004696
0.302000,-0.042206,-0.498023,0.881934,-0.063187,0.262619,-0.200806,0.200806,3.000000,0.270113,0.000000,0.000000,0.000065,0.000058,-0.000279,0.251763,0.007547,0.467016,0.251764,0.007545,0.467021,0.000000,0.002467
0.312000,-0.016740,-0.514004,0.881469,-0.037722,0.246638,-0.201270,0.201270,3.000000,0.249506,0.000000,0.000000,-0.000047,0.000048,0.000181,0.251764,0.007546,0.467016,0.251764,0.007545,0.467021,0.000000,-0.001443
0.322000,-0.050174,-0.521853,0.884843,-0.071156,0.238789,-0.197896,0.197896,3.000000,0.249165,0.000000,0.000000,-0.000041,0.000537,-0.000466,0.251763,0.007548,0.467015,0.251764,0.007545,0.467021,0.000000,0.004064
0.332000,-0.113215,-0.519008,0.891039,-0.134197,0.241634,-0.191700,0.191700,3.000000,0.276398,0.000000,0.000000,0.000592,-0.000037,-0.000155,0.251764,0.007547,0.467016,0.251764,0.007545,0.467021,0.000000,0.001408
0.342000,-0.048748,-0.520336,0.888474,-0.069729,0.240306,-0.194265,0.194265,3.000000,0.250219,0.000000,0.000000,0.000286,0.000751,-0.000579,0.251764,0.007548,0.467014,0.251764,0.007545,0.467021,0.000000,0.005038
0.352000,0.011919,-0.540529,0.890972,-0.009063,0.220113,-0.191768,0.191768,3.000000,0.220300,0.000000,0.000000,0.000225,0.000179,0.000134,0.251763,0.007546,0.467016,0.251764,0.007545,0.467021,0.000000,-0.001039
0.362000,0.005039,-0.523365,0.876963,-0.015943,0.237277,-0.205776,0.205776,3.000000,0.237812,0.000000,0.000000,-0.000012,-0.000113,0.000086,0.251763,0.007546,0.467017,0.251764,0.007545,0.467021,0.000000,-0.000655
0.372000,0.027764,-0.528211,0.875288,0.006782,0.232432,-0.207451,0.207451,3.000000,0.232530,0.000000,0.000000,-0.000123,-0.000290,0.000397,0.251764,0.007547,0.467018,0.251764,0.007545,0.467021,0.000000,-0.003305
0.382000,0.005972,-0.505567,0.881513,-0.015010,0.255075,-0.201226,0.201226,3.000000,0.255516,0.000000,0.000000,0.000042,-0.000282,-0.000274,0.251764,0.007546,0.467016,0.251764,0.007545,0.467021,0.000000,0.002420
0.392000,0.004499,-0.519284,0.882878,-0.016483,0.241358,-0.199861,0.199861,3.000000,0.241920,0.000000,0.000000,0.000069,-0.000083,0.000434,0.251763,0.007547,0.467017,0.251764,0.007545,0.467021,0.000000,-0.003618
0.402000,-0.022736,-0.494661,0.894981,-0.043718,0.265981,-0.187759,0.187759,3.000000,0.269550,0.000000,0.000000,0.000372,-0.000431,0.000246,0.251764,0.007546,0.467017,0.251764,0.007545,0.467021,0.000000,-0.002018
0.412000,-0.030630,-0.517559,0.896444,-0.051612,0.243083,-0.186295,0.186295,3.000000,0.248502,0.000000,0.000000,0.000093,-0.000274,0.000238,0.251763,0.007546,0.467018,0.251764,0.007545,0.467021,0.000000,-0.001955
0.422000,-0.025019,-0.534994,0.881856,-0.046001,0.225648,-0.200884,0.200884,3.000000,0.230289,0.000000,0.000000,-0.000272,0.000421,0.000064,0.251763,0.007547,0.467016,0.251764,0.007545,0.467021,0.000000,-0.000454
0.432000,-0.016121,-0.527643,0.883490,-0.037103,0.232999,-0.199249,0.199249,3.000000,0.235934,0.000000,0.000000,-0.000308,-0.000148,0.000267,0.251763,0.007546,0.467016,0.251764,0.007545,0.467021,0.000000,-0.002180
0.442000,-0.013074,-0.531505,0.883365,-0.034056,0.229137,-0.199374,0.199374,3.000000,0.231654,0.000000,0.000000,-0.000036,-0.000217,0.000073,0.251764,0.007547,0.467016,0.251764,0.007545,0.467021,0.000000,-0.000535
0.452000,0.000064,-0.523156,0.877261,-0.020918,0.237486,-0.205478,0.205478,3.000000,0.238405,0.000000,0.000000,-0.000270,0.000130,-0.000310,0.251763,0.007547,0.467017,0.251764,0.007545,0.467021,0.000000,0.002703
0.462000,0.011269,-0.524190,0.881758,-0.009713,0.236452,-0.200981,0.200981,3.000000,0.236652,0.000000,0.000000,0.000226,-0.000533,-0.000355,0.251765,0.007545,0.467017,0.251764,0.007545,0.467021,0.000000,0.003096
0.472000,0.013157,-0.509585,0.890946,-0.007825,0.251057,-0.191793,0.191793,3.000000,0.251179,0.000000,0.000000,-0.000061,0.000057,-0.000754,0.251764,0.007547,0.467015,0.251764,0.007545,0.467021,0.000000,0.006507
0.482000,-0.055160,-0.502271,0.882738,-0.076142,0.258371,-0.200001,0.200001,3.000000,0.269356,0.000000,0.000000,-0.000267,-0.000085,-0.000481,0.251764,0.007546,0.467014,0.251764,0.007545,0.467021,0.000000,0.004203
0.492000,-0.010417,-0.566557,0.873463,-0.031399,0.194085,-0.209276,0.209276,3.000000,0.196609,0.000000,0.000000,0.000311,0.000267,0.000182,0.251764,0.007546,0.467016,0.251764,0.007545,0.467021,0.000000,-0.001448
0.503000,-0.070269,-0.538161,0.871207,-0.091251,0.222481,-0.211532,0.211532,3.000000,0.240468,0.000000,0.000000,0.000290,-0.000000,0.000364,0.251764,0.007547,0.467017,0.251764,0.007545,0.467021,0.000000,-0.003011
0.513000,0.008396,-0.523149,0.862260,-0.012586,0.237493,-0.220479,0.220479,3.000000,0.237826,0.000000,0.000000,0.000276,-0.000226,0.000073,0.251764,0.007546,0.467016,0.251764,0.007545,0.467021,0.000000,-0.000530
0.523000,-0.018628,-0.518435,0.870539,-0.039610,0.242207,-0.212200,0.212200,3.000000,0.245425,0.000000,0.000000,0.000029,0.000291,0.000600,0.251764,0.007548,0.467018,0.251764,0.007545,0.467021,0.000000,-0.005038
0.533000,-0.034289,-0.519640,0.871265,-0.055271,0.241002,-0.211475,0.211475,3.000000,0.247259,0.000000,0.000000,-0.000016,0.000430,0.000597,0.251764,0.007548,0.467017,0.251764,0.007545,0.467021,0.000000,-0.004989
0.543000,-0.023098,-0.529425,0.863148,-0.044080,0.231217,-0.219591,0.219591,3.000000,0.235382,0.000000,0.000000,-0.000250,0.000396,-0.000119,0.251763,0.007547,0.467017,0.251764,0.007545,0.467021,0.000000,0.001093
0.553000,-0.067331,-0.541202,0.886498,-0.088313,0.219440,-0.196241,0.196241,3.000000,0.236544,0.000000,0.000000,0.000332,-0.000208,-0.000000,0.251765,0.007546,0.467016,0.251764,0.007545,0.467021,0.000000,0.000097
0.563000,-0.031489,-0.523159,0.866784,-0.052471,0.237483,-0.215956,0.215956,3.000000,0.243211,0.000000,0.000000,-0.000109,0.000300,0.000490,0.251763,0.007548,0.467016,0.251764,0.007545,0.467021,0.000000,-0.004066
0.573000,-0.024107,-0.524365,0.843747,-0.045089,0.236277,-0.238992,0.238992,3.000000,0.240541,0.000000,0.000000,-0.000138,0.000022,-0.000067,0.251763,0.007546,0.467015,0.251764,0.007545,0.467021,0.000000,0.000669
0.583000,-0.055732,-0.536041,0.854505,-0.076714,0.224601,-0.228234,0.228234,3.000000,0.237341,0.000000,0.000000,0.000273,0.000261,0.000461,0.251764,0.007547,0.467017,0.251764,0.007545,0.467021,0.000000,-0.003832
0.593000,-0.039936,-0.513292,0.871785,-0.060918,0.247350,-0.210954,0.210954,3.000000,0.254741,0.000000,0.000000,0.000453,-0.000405,0.000953,0.251765,0.007546,0.467019,0.251764,0.007545,0.467021,0.000000,-0.008053
0.603000,-0.044559,-0.506523,0.895402,-0.065541,0.254119,-0.187337,0.187337,3.000000,0.262435,0.000000,0.000000,-0.000212,0.000315,-0.000525,0.251763,0.007547,0.467016,0.251764,0.007545,0.467021,0.000000,0.004556
0.613000,-0.051004,-0.551774,0.886697,-0.071986,0.208868,-0.196042,0.196042,3.000000,0.220925,0.000000,0.000000,-0.000231,0.000767,0.000472,0.251763,0.007548,0.467015,0.251764,0.007545,0.467021,0.000000,-0.003895
0.623000,-0.027076,-0.562786,0.864608,-0.048058,0.197856,-0.218131,0.218131,3.000000,0.203609,0.000000,0.000000,0.000026,0.000000,0.000394,0.251763,0.007547,0.467017,0.251764,0.007545,0.467021,0.000000,-0.003266
0.633000,-0.033537,-0.529208,0.884787,-0.054519,0.231434,-0.197952,0.197952,3.000000,0.237769,0.000000,0.000000,-0.000021,0.000338,-0.000139,0.251764,0.007548,0.467016,0.251764,0.007545,0.467021,0.000000,0.001275
0.643000,-0.051885,-0.501467,0.912284,-0.072867,0.259175,-0.170455,0.170455,3.000000,0.269223,0.000000,0.000000,0.000560,-0.000146,0.000219,0.251764,0.007547,0.467016,0.251764,0.007545,0.467021,0.000000,-0.001767
0.653000,-0.042087,-0.515322,0.906382,-0.063069,0.245320,-0.176357,0.176357,3.000000,0.253298,0.000000,0.000000,-0.000250,-0.000283,-0.000501,0.251763,0.007546,0.467014,0.251764,0.007545,0.467021,0.000000,0.004381
0.663000,-0.049178,-0.534516,0.886078,-0.070160,0.226126,-0.196661,0.196661,3.000000,0.236760,0.000000,0.000000,0.000388,0.000056,-0.000229,0.251765,0.007547,0.467016,0.251764,0.007545,0.467021,0.000000,0.002039
0.673000,-0.069579,-0.526267,0.893602,-0.090561,0.234375,-0.189137,0.189137,3.000000,0.251263,0.000000,0.000000,0.000084,0.000203,-0.000935,0.251764,0.007548,0.467014,0.251764,0.007545,0.467021,0.000000,0.008066
0.683000,-0.105237,-0.490820,0.912178,-0.126219,0.269822,-0.170561,0.170561,3.000000,0.297885,0.000000,0.000000,0.000346,-0.000162,-0.001103,0.251763,0.007547,0.467012,0.251764,0.007545,0.467021,0.000000,0.009518
0.693000,-0.034642,-0.530676,0.879586,-0.055624,0.229966,-0.203153,0.203153,3.000000,0.236597,0.000000,0.000000,-0.000151,0.000087,-0.000671,0.251763,0.007547,0.467014,0.251764,0.007545,0.467021,0.000000,0.005823
0.703000,-0.079445,-0.522758,0.894924,-0.100427,0.237884,-0.187816,0.187816,3.000000,0.258214,0.000000,0.000000,0.000338,-0.000215,0.000571,0.251764,0.007546,0.467018,0.251764,0.007545,0.467021,0.000000,-0.004782
0.713000,-0.033201,-0.538210,0.883608,-0.054183,0.222432,-0.199131,0.199131,3.000000,0.228936,0.000000,0.000000,-0.000143,0.000547,0.000205,0.251763,0.007548,0.467016,0.251764,0.007545,0.467021,0.000000,-0.001644
0.723000,0.040433,-0.523512,0.879523,0.019452,0.237130,-0.203216,0.203216,3.000000,0.237926,0.000000,0.000000,0.000000,-0.000141,-0.000142,0.251763,0.007546,0.467015,0.251764,0.007545,0.467021,0.000000,0.001318
0.733000,0.032588,-0.548773,0.892419,0.011606,0.211869,-0.190320,0.190320,3.000000,0.212187,0.000000,0.000000,-0.000334,0.000008,-0.001078,0.251764,0.007547,0.467014,0.251764,0.007545,0.467021,0.000000,0.009271
0.743000,0.026696,-0.545926,0.881003,0.005714,0.214716,-0.201736,0.201736,3.000000,0.214792,0.000000,0.000000,0.000092,0.000433,0.000026,0.251764,0.007547,0.467016,0.251764,0.007545,0.467021,0.000000,-0.000124
0.753000,0.008129,-0.508743,0.875025,-0.012853,0.251899,-0.207714,0.207714,3.000000,0.252226,0.000000,0.000000,0.000300,-0.000319,0.000251,0.251764,0.007547,0.467015,0.251764,0.007545,0.467021,0.000000,-0.002020
0.763000,0.033778,-0.503169,0.898757,0.012796,0.257473,-0.183982,0.183982,3.000000,0.257791,0.000000,0.000000,0.000060,0.000191,0.000424,0.251764,0.007547,0.467018,0.251764,0.007545,0.467021,0.000000,-0.003549
0.773000,-0.011788,-0.501137,0.903660,-0.032770,0.259505,-0.179079,0.179079,3.000000,0.261565,0.000000,0.000000,0.000032,0.000228,0.000481,0.251764,0.007547,0.467017,0.251764,0.007545,0.467021,0.000000,-0.004014
0.783000,-0.012411,-0.510943,0.890515,-0.033393,0.249699,-0.192224,0.192224,3.000000,0.251922,0.000000,0.000000,-0.000145,0.000360,0.000068,0.251763,0.007548,0.467017,0.251764,0.007545,0.467021,0.000000,-0.000495
0.793000,-0.053306,-0.505287,0.904465,-0.074288,0.255355,-0.178274,0.178274,3.000000,0.265942,0.000000,0.000000,0.000039,0.000010,-0.000346,0.251763,0.007547,0.467015,0.251764,0.007545,0.467021,0.000000,0.003044
0.803000,-0.058018,-0.490650,0.888084,-0.079000,0.269992,-0.194655,0.194655,3.000000,0.281312,0.000000,0.000000,0.000179,0.000065,-0.000376,0.251764,0.007547,0.467016,0.251764,0.007545,0.467021,0.000000,0.003293
0.813000,-0.058293,-0.523176,0.900023,-0.079275,0.237466,-0.182716,0.182716,3.000000,0.250349,0.000000,0.000000,0.000177,0.000560,0.000035,0.251763,0.007548,0.467016,0.251764,0.007545,0.467021,0.000000,-0.000206
0.823000,-0.058964,-0.514736,0.895776,-0.079946,0.245907,-0.186963,0.186963,3.000000,0.258576,0.000000,0.000000,-0.000107,-0.000083,-0.000434,0.251763,0.007547,0.467016,0.251764,0.007545,0.467021,0.000000,0.003773
0.833000,-0.034683,-0.506455,0.903155,-0.055665,0.254187,-0.179584,0.179584,3.000000,0.260210,0.000000,0.000000,0.000501,0.000274,0.000653,0.251764,0.007548,0.467017,0.251764,0.007545,0.467021,0.000000,-0.005471
0.843000,-0.000582,-0.509665,0.906485,-0.021563,0.250977,-0.176255,0.176255,3.000000,0.251902,0.000000,0.000000,0.000011,-0.000375,-0.000488,0.251763,0.007546,0.467015,0.251764,0.007545,0.467021,0.000000,0.004254
0.853000,-0.003904,-0.523178,0.889815,-0.024886,0.237464,-0.192924,0.192924,3.000000,0.238764,0.000000,0.000000,0.000172,0.000037,0.000896,0.251764,0.007548,0.467018,0.251764,0.007545,0.467021,0.000000,-0.007549
0.863000,-0.008641,-0.536838,0.817070,-0.029623,0.223804,-0.265669,0.265669,3.000000,0.225756,0.000000,0.000000,-0.000070,-0.000033,0.000625,0.251765,0.007547,0.467025,0.251764,0.007545,0.467021,0.000000,-0.005374
0.873000,-0.068510,-0.521020,0.753990,-0.089492,0.239622,-0.328749,0.328749,3.000000,0.255789,0.000000,0.000000,0.000015,-0.000106,0.000357,0.251765,0.007547,0.467027,0.251764,0.007545,0.467021,0.000000,-0.003131
0.883000,-0.117028,-0.534119,0.699161,-0.138010,0.226523,-0.383578,0.383578,3.000000,0.265253,0.000000,0.000000,0.000021,0.000083,0.000148,0.251766,0.007547,0.467023,0.251764,0.007545,0.467021,0.000000,-0.001300
0.893000,-0.154564,-0.531478,0.608185,-0.175546,0.229164,-0.474554,0.474554,3.000000,0.288674,0.000000,0.000000,-0.000143,0.000002,-0.000170,0.251765,0.007548,0.467022,0.251764,0.007545,0.467021,0.000000,0.001424
0.903000,-0.193378,-0.513105,0.533386,-0.214360,0.247537,-0.549353,0.549353,3.000000,0.327452,0.000000,0.000000,0.000458,0.000013,0.001420,0.251766,0.007548,0.467027,0.251764,0.007545,0.467021,0.000000,-0.012160
0.913000,-0.245528,-0.509611,0.483143,-0.266510,0.251031,-0.599596,0.599596,3.000000,0.366120,0.000000,0.000000,-0.000410,0.000416,-0.000517,0.251765,0.007548,0.467022,0.251764,0.007545,0.467021,0.000000,0.004371
0.923000,-0.245017,-0.529768,0.489447,-0.265999,0.230874,-0.593292,0.593292,3.000000,0.352219,0.000000,0.000000,0.000494,0.000350,-0.000407,0.251767,0.007548,0.467022,0.251764,0.007545,0.467021,0.000000,0.003441
0.933000,-0.281400,-0.566606,0.501971,-0.302382,0.194036,-0.580768,0.580768,3.000000,0.359284,0.000000,0.000000,0.000240,0.000134,0.000537,0.251768,0.007551,0.467028,0.251764,0.007545,0.467021,0.000000,-0.004681
0.943000,-0.339354,-0.685251,0.419699,-0.360336,0.075391,-0.663040,0.663040,3.000000,0.368138,0.000000,0.000000,0.000309,0.000847,-0.000325,0.251770,0.007561,0.467030,0.251764,0.007545,0.467021,0.000000,0.002601
0.953000,-0.396142,-0.985717,0.356667,-0.417124,-0.225075,-0.726072,0.726072,3.000000,0.473974,0.000000,0.000000,-0.000176,0.002430,0.000341,0.251773,0.007582,0.467033,0.251764,0.007545,0.467021,0.000000,-0.003101
0.963000,-0.567149,-1.220940,0.322444,-0.588131,-0.460298,-0.760295,0.760295,3.000000,0.746841,0.000000,0.000000,0.000204,0.002739,-0.000095,0.251775,0.007610,0.467028,0.251764,0.007545,0.467021,0.000000,0.000675
0.973000,-0.745473,-1.300723,0.326654,-0.766455,-0.540081,-0.756085,0.756085,3.000000,0.937625,0.000000,0.000000,0.000946,0.003435,-0.000838,0.251777,0.007645,0.467020,0.251764,0.007545,0.467021,0.000000,0.007140
0.983000,-0.905366,-1.292436,0.284245,-0.926348,-0.531794,-0.798495,0.798495,3.000000,1.068141,-0.004336,-0.002489,0.000581,0.003960,-0.000271,0.251781,0.007682,0.467015,0.251734,0.007527,0.467021,0.000000,0.002412
0.993000,-1.085341,-1.489785,0.292563,-1.106323,-0.729143,-0.790176,0.790176,3.000000,1.324990,-0.004175,-0.002752,0.000559,0.005138,-0.000552,0.251786,0.007735,0.467008,0.251692,0.007501,0.467021,0.000000,0.004911
1.004000,-1.295416,-1.768469,0.319929,-1.316398,-1.007827,-0.762810,0.762810,3.000000,1.657896,-0.003970,-0.003039,0.000302,0.006826,-0.000991,0.251788,0.007808,0.466998,0.251647,0.007469,0.467021,0.000000,0.008821
1.015000,-1.440893,-1.861615,0.373584,-1.461875,-1.100973,-0.709155,0.709155,3.000000,1.830087,-0.003994,-0.003008,0.000067,0.007386,-0.002348,0.251788,0.007886,0.466979,0.251603,0.007436,0.467021,0.000000,0.020682
1.026000,-1.539580,-1.812542,0.431876,-1.560562,-1.051900,-0.650863,0.650863,3.000000,1.881980,-0.004146,-0.002795,0.000296,0.007969,-0.000787,0.251792,0.007971,0.466966,0.251558,0.007404,0.467021,0.000000,0.007664
1.037000,-1.581508,-1.747385,0.491237,-1.602490,-0.986743,-0.591502,0.591502,3.000000,1.881923,-0.004258,-0.002622,0.000643,0.008797,0.000049,0.251794,0.008065,0.466959,0.251512,0.007374,0.467021,0.000000,0.000709
1.048000,-1.664225,-1.810856,0.538339,-1.685207,-1.050214,-0.544400,0.544400,3.000000,1.985666,-0.004243,-0.002644,0.000399,0.009807,-0.000739,0.251798,0.008170,0.466949,0.251465,0.007345,0.467021,0.000000,0.007579
1.059000,-1.733139,-1.845667,0.589853,-1.754121,-1.085025,-0.492886,0.492886,3.000000,2.062577,-0.004252,-0.002630,0.000582,0.010191,-0.000733,0.251804,0.008276,0.466941,0.251418,0.007316,0.467021,0.000000,0.007664
1.070000,-1.851333,-1.963449,0.504030,-1.872315,-1.202807,-0.578710,0.578710,3.000000,2.225378,-0.004207,-0.002702,0.001587,0.009979,0.000679,0.251815,0.008390,0.466942,0.251372,0.007287,0.467021,0.000000,-0.004331
1.081000,-2.127490,-1.890705,0.420375,-2.148472,-1.130063,-0.662364,0.662364,3.000000,2.427545,-0.004425,-0.002328,0.000789,0.010235,-0.001538,0.251824,0.008502,0.466929,0.251325,0.007259,0.467021,0.000000,0.014707
1.092000,-2.631603,-1.634144,0.295064,-2.652585,-0.873502,-0.787675,0.787675,3.000000,2.792707,-0.004749,-0.001564,0.000786,0.008830,-0.002072,0.251835,0.008601,0.466910,0.251274,0.007237,0.467021,0.000000,0.019582
1.103000,-3.272147,-1.389063,0.192394,-3.293129,-0.628421,-0.890345,0.890345,3.000000,3.352553,-0.004911,-0.000937,0.004030,0.007667,-0.002177,0.251866,0.008687,0.466885,0.251221,0.007225,0.467021,0.000000,0.020923
1.114000,-4.343485,-1.129078,0.102908,-4.364467,-0.368435,-0.979831,0.979831,3.000000,4.379990,-0.004982,-0.000421,0.008287,0.006016,-0.002909,0.251953,0.008759,0.466853,0.251166,0.007217,0.467021,0.000000,0.027717
1.125000,-5.039246,-0.775856,0.076041,-5.060228,-0.015214,-1.006698,1.006698,3.000000,5.060251,-0.005000,-0.000015,0.009820,0.005077,-0.002999,0.252057,0.008819,0.466813,0.251111,0.007215,0.466961,-0.000060,0.028108
1.136000,-5.087399,-0.538383,0.095515,-5.108381,0.222259,-0.987224,0.987224,3.000000,5.113214,-0.004995,0.000217,0.009858,0.003418,-0.005139,0.252163,0.008860,0.466768,0.251056,0.007217,0.466781,-0.000240,0.043843
1.147000,-4.562977,-0.392940,0.135597,-4.583959,0.367702,-0.947142,0.947142,3.000000,4.598683,-0.004984,0.000400,0.008941,0.002672,-0.004664,0.252265,0.008891,0.466720,0.251001,0.007220,0.466781,-0.000240,0.040689
1.158000,-4.024337,-0.350043,0.093060,-4.045319,0.410599,-0.989680,0.989680,3.000000,4.066104,-0.004974,0.000505,0.008234,0.000758,-0.002791,0.252358,0.008907,0.466689,0.250947,0.007225,0.466781,-0.000240,0.025345
1.169000,-4.182429,-0.100812,0.056846,-4.203411,0.659830,-1.025893,1.025893,3.000000,4.254885,-0.004940,0.000775,0.009468,-0.000728,-0.003515,0.252460,0.008906,0.466650,0.250892,0.007232,0.466581,-0.000440,0.028580
1.180000,-4.849384,0.046707,0.050064,-4.870366,0.807349,-1.032675,1.032675,3.000000,4.936829,-0.004933,0.000818,0.011503,-0.001523,-0.006175,0.252582,0.008894,0.466589,0.250838,0.007241,0.466361,-0.000660,0.048289
1.191000,-5.536710,0.094951,0.033614,-5.557692,0.855593,-1.049125,1.049125,3.000000,5.623165,-0.004942,0.000761,0.013664,-0.002071,-0.007847,0.252727,0.008874,0.466509,0.250783,0.007250,0.466141,-0.000880,0.059968
1.202000,-5.897667,0.140456,-0.029026,-5.918649,0.901098,-1.111765,1.111765,3.000000,5.986851,-0.004943,0.000753,0.014397,-0.002406,-0.008782,0.252889,0.008848,0.466416,0.250729,0.007258,0.465921,-0.001100,0.065608
1.213000,-5.571070,0.249350,-0.115246,-5.592052,1.009992,-1.197986,1.197986,3.000000,5.682528,-0.004920,0.000889,0.014454,-0.002003,-0.008123,0.253049,0.008827,0.466326,0.250675,0.007267,0.465701,-0.001320,0.057682
1.224000,-4.970689,0.288645,-0.171953,-4.991671,1.049287,-1.254692,1.254692,3.000000,5.100763,-0.004893,0.001029,0.012960,-0.001474,-0.008139,0.253199,0.008810,0.466234,0.250621,0.007278,0.465481,-0.001540,0.055499
1.235000,-4.403819,0.312531,-0.176959,-4.424801,1.073173,-1.259698,1.259698,3.000000,4.553083,-0.004859,0.001179,0.012484,-0.000891,-0.008503,0.253336,0.008796,0.466145,0.250567,0.007290,0.465261,-0.001760,0.056246
1.246000,-4.286391,0.441690,-0.251760,-4.307373,1.202332,-1.334499,1.334499,3.000000,4.472031,-0.004816,0.001344,0.012678,-0.001458,-0.009851,0.253474,0.008779,0.466041,0.250514,0.007304,0.465041,-0.001980,0.065598
1.257000,-4.751011,0.608548,-0.201529,-4.771993,1.369190,-1.284268,1.284268,3.000000,4.964534,-0.004806,0.001379,0.012891,-0.001965,-0.012045,0.253617,0.008760,0.465920,0.250461,0.007319,0.464821,-0.002200,0.082427
1.268000,-5.165802,0.731494,-0.167902,-5.186784,1.492136,-1.250642,1.250642,3.000000,5.397147,-0.004805,0.001382,0.013555,-0.001476,-0.013153,0.253762,0.008742,0.465779,0.250408,0.007334,0.464601,-0.002420,0.090416
1.279000,-5.110266,0.848934,-0.190410,-5.131248,1.609576,-1.273149,1.273149,3.000000,5.377773,-0.004771,0.001497,0.012910,-0.001059,-0.014034,0.253903,0.008724,0.465630,0.250356,0.007350,0.464381,-0.002640,0.096614
1.290000,-4.791164,0.861054,-0.245256,-4.812146,1.621696,-1.327995,1.327995,3.000000,5.078055,-0.004738,0.001597,0.011589,-0.001443,-0.014694,0.254032,0.008707,0.465477,0.250303,0.007367,0.464161,-0.002860,0.101005
1.301000,-4.241650,0.836250,-0.299338,-4.262632,1.596892,-1.382077,1.382077,3.000000,4.551933,-0.004682,0.001754,0.011525,-0.000766,-0.013208,0.254165,0.008694,0.465324,0.250252,0.007386,0.463941,-0.003080,0.087183
1.312000,-3.958181,0.797995,-0.297046,-3.979163,1.558637,-1.379785,1.379785,3.000000,4.273533,-0.004656,0.001824,0.011313,-0.000685,-0.015309,0.254292,0.008682,0.465165,0.250200,0.007405,0.463721,-0.003300,0.103916
1.323000,-3.979978,0.787484,-0.291535,-4.000960,1.548126,-1.374274,1.374274,3.000000,4.290032,-0.004663,0.001804,0.010736,-0.001054,-0.014523,0.254410,0.008672,0.465010,0.250149,0.007425,0.463501,-0.003520,0.096072
1.334000,-4.073884,0.772705,-0.341484,-4.094866,1.533348,-1.424223,1.424223,3.000000,4.372538,-0.004682,0.001753,0.010890,-0.000937,-0.014879,0.254532,0.008661,0.464840,0.250098,0.007445,0.463281,-0.003740,0.098198
1.345000,-4.367115,0.752160,-0.392209,-4.388097,1.512802,-1.474948,1.474948,3.000000,4.641548,-0.004727,0.001630,0.011275,-0.001063,-0.016353,0.254654,0.008649,0.464664,0.250046,0.007464,0.463061,-0.003960,0.109906
1.356000,-4.548400,0.716892,-0.413632,-4.569382,1.477534,-1.496371,1.496371,3.000000,4.802329,-0.004757,0.001538,0.010783,-0.001159,-0.015948,0.254771,0.008637,0.464486,0.249994,0.007481,0.462841,-0.004180,0.105713
1.367000,-4.301072,0.670394,-0.463947,-4.322054,1.431036,-1.546687,1.546687,3.000000,4.552803,-0.004747,0.001572,0.009270,-0.000836,-0.016058,0.254876,0.008628,0.464318,0.249941,0.007498,0.462621,-0.004400,0.105711
1.378000,-3.818832,0.612469,-0.579913,-3.839814,1.373111,-1.662652,1.662652,3.000000,4.077941,-0.004708,0.001684,0.008956,-0.001550,-0.014424,0.254976,0.008616,0.464157,0.249889,0.007516,0.462401,-0.004620,0.090786
1.389000,-3.730122,0.575130,-0.575789,-3.751104,1.335772,-1.658528,1.658528,3.000000,3.981842,-0.004710,0.001677,0.008351,-0.000849,-0.012995,0.255069,0.008607,0.464010,0.249838,0.007534,0.462181,-0.004840,0.077361
1.400000,-3.729238,0.516469,-0.600606,-3.750220,1.277111,-1.683345,1.683345,3.000000,3.961712,-0.004733,0.001612,0.007991,-0.001087,-0.013428,0.255160,0.008599,0.463861,0.249786,0.007552,0.461961,-0.005060,0.079753
1.411000,-3.845367,0.548984,-0.604930,-3.866349,1.309626,-1.687669,1.687669,3.000000,4.082128,-0.004736,0.001604,0.008311,-0.000756,-0.012454,0.255248,0.008591,0.463720,0.249734,0.007570,0.461741,-0.005280,0.070058
1.422000,-4.074954,0.605790,-0.593101,-4.095936,1.366432,-1.675840,1.675840,3.000000,4.317850,-0.004743,0.001582,0.008028,-0.001106,-0.013178,0.255339,0.008580,0.463571,0.249681,0.007588,0.461521,-0.005500,0.074926
1.433000,-4.092439,0.597045,-0.615172,-4.113421,1.357687,-1.697911,1.697911,3.000000,4.331691,-0.004748,0.001567,0.008110,-0.001287,-0.011792,0.255429,0.008569,0.463435,0.249629,0.007605,0.461301,-0.005720,0.061650
1.444000,-3.941339,0.596745,-0.628081,-3.962321,1.357387,-1.710820,1.710820,3.000000,4.188376,-0.004730,0.001620,0.007832,-0.000591,-0.012027,0.255513,0.008562,0.463305,0.249577,0.007623,0.461081,-0.005940,0.062030
1.455000,-3.906862,0.607360,-0.597702,-3.927844,1.368002,-1.680441,1.680441,3.000000,4.159253,-0.004722,0.001645,0.007916,-0.001193,-0.011949,0.255601,0.008555,0.463170,0.249525,0.007640,0.460861,-0.006160,0.059835
1.466000,-3.720342,0.633776,-0.629207,-3.741324,1.394418,-1.711947,1.711947,3.000000,3.992732,-0.004685,0.001746,0.007849,-0.000614,-0.010493,0.255684,0.008547,0.463054,0.249473,0.007659,0.460641,-0.006380,0.045603
1.477000,-3.627728,0.551381,-0.650870,-3.648710,1.312023,-1.733609,1.733609,3.000000,3.877433,-0.004705,0.001692,0.008005,-0.000300,-0.010350,0.255772,0.008542,0.462937,0.249422,0.007678,0.460421,-0.006600,0.042538
1.488000,-3.601268,0.502401,-0.703150,-3.622250,1.263043,-1.785889,1.785889,3.000000,3.836140,-0.004721,0.001646,0.008727,-0.000758,-0.010075,0.255865,0.008536,0.462822,0.249370,0.007696,0.460201,-0.006820,0.038312
1.499000,-3.579034,0.452834,-0.724285,-3.600016,1.213476,-1.807025,1.807025,3.000000,3.799032,-0.004738,0.001597,0.009441,-0.000773,-0.008871,0.255962,0.008531,0.462722,0.249318,0.007714,0.459981,-0.007040,0.025940
1.510000,-3.659832,0.329062,-0.801747,-3.680814,1.089704,-1.884486,1.884486,3.000000,3.838730,-0.004794,0.001419,0.010574,-0.000071,-0.008595,0.256078,0.008523,0.462622,0.249265,0.007731,0.459761,-0.007260,0.021435
1.521000,-3.782755,0.240734,-0.856190,-3.803737,1.001376,-1.938929,1.938929,3.000000,3.933341,-0.004835,0.001273,0.012090,-0.000403,-0.008094,0.256205,0.008512,0.462533,0.249212,0.007745,0.459541,-0.007480,0.014825
1.532000,-3.966847,0.150494,-0.971830,-3.987829,0.911137,-2.054569,2.054569,3.000000,4.090593,-0.004874,0.001114,0.013764,-0.000582,-0.007250,0.256353,0.008501,0.462451,0.249159,0.007758,0.459441,-0.007580,0.007337
1.543000,-4.175834,0.069286,-0.951067,-4.196816,0.829928,-2.033806,2.033806,3.000000,4.278089,-0.004905,0.000970,0.015864,-0.001135,-0.006212,0.256525,0.008488,0.462380,0.249105,0.007770,0.459441,-0.007580,-0.000188
1.554000,-4.375593,-0.023702,-0.961768,-4.396575,0.736941,-2.044507,2.044507,3.000000,4.457909,-0.004931,0.000827,0.019191,-0.001634,-0.004583,0.256729,0.008473,0.462320,0.249051,0.007780,0.459441,-0.007580,-0.012933
1.565000,-4.552974,-0.105342,-1.012135,-4.573956,0.655300,-2.094874,2.094874,3.000000,4.620659,-0.004949,0.000709,0.021695,-0.001331,-0.005022,0.256963,0.008458,0.462263,0.248997,0.007788,0.459441,-0.007580,-0.008179
1.576000,-4.560361,-0.174830,-1.059741,-4.581343,0.585812,-2.142480,2.142480,3.000000,4.618645,-0.004960,0.000634,0.025343,-0.001822,-0.003745,0.257234,0.008437,0.462224,0.248942,0.007795,0.459441,-0.007580,-0.018302
1.587000,-4.695267,-0.263226,-1.064538,-4.716249,0.497416,-2.147277,2.147277,3.000000,4.742407,-0.004972,0.000524,0.029410,-0.002517,-0.003096,0.257549,0.008411,0.462195,0.248887,0.007802,0.459441,-0.007580,-0.023295
1.598000,-4.930855,-0.257173,-1.080832,-4.951837,0.503469,-2.163572,2.163572,3.000000,4.977366,-0.004974,0.000506,0.033841,-0.003095,-0.001310,0.257910,0.008378,0.462175,0.248833,0.007807,0.459441,-0.007580,-0.038093
1.609000,-4.990274,-0.301004,-1.138013,-5.011256,0.459638,-2.220752,2.220752,3.000000,5.032291,-0.004979,0.000457,0.036840,-0.003702,-0.000410,0.258303,0.008341,0.462167,0.248778,0.007812,0.459441,-0.007580,-0.045594
1.620000,-5.237182,-0.278518,-1.063025,-5.258164,0.482124,-2.145764,2.145764,3.000000,5.280221,-0.004979,0.000457,0.038244,-0.003846,-0.001873,0.258721,0.008302,0.462158,0.248723,0.007817,0.459441,-0.007580,-0.033015
1.631000,-5.751788,-0.228999,-0.934742,-5.772770,0.531643,-2.017481,2.017481,3.000000,5.797199,-0.004979,0.000459,0.042204,-0.003872,-0.003108,0.259175,0.008260,0.462137,0.248668,0.007822,0.459441,-0.007580,-0.022156
1.642000,-6.469532,-0.139246,-0.840575,-6.490514,0.621396,-1.923315,1.923315,3.000000,6.520192,-0.004977,0.000477,0.046975,-0.004768,-0.002468,0.259683,0.008210,0.462111,0.248614,0.007828,0.459221,-0.007800,-0.031070
1.653000,-6.796811,-0.099976,-0.773146,-6.817793,0.660666,-1.855885,1.855885,3.000000,6.849729,-0.004977,0.000482,0.050440,-0.004509,-0.002423,0.260229,0.008159,0.462081,0.248559,0.007833,0.459001,-0.008020,-0.034873
1.664000,-7.032391,-0.082984,-0.659584,-7.053372,0.677658,-1.742323,1.742323,3.000000,7.085851,-0.004977,0.000478,0.054171,-0.005247,-0.001874,0.260813,0.008103,0.462054,0.248504,0.007838,0.458781,-0.008240,-0.043003
1.675000,-6.931687,-0.085226,-0.640664,-6.952669,0.675416,-1.723403,1.723403,3.000000,6.985399,-0.004977,0.000483,0.057053,-0.005160,-0.001221,0.261426,0.008044,0.462035,0.248449,0.007844,0.458561,-0.008460,-0.052158
1.686000,-6.901537,-0.090932,-0.571844,-6.922518,0.669710,-1.654583,1.654583,3.000000,6.954838,-0.004977,0.000481,0.061939,-0.005654,-0.001938,0.262092,0.007982,0.462023,0.248395,0.007849,0.458341,-0.008680,-0.049825
1.697000,-7.451661,-0.081942,-0.412840,-7.472643,0.678701,-1.495580,1.495580,3.000000,7.503401,-0.004980,0.000452,0.066723,-0.006280,-0.003172,0.262834,0.007910,0.461994,0.248340,0.007854,0.458121,-0.008900,-0.042799
1.708000,-7.985174,-0.034673,-0.345623,-8.006155,0.725969,-1.428362,1.428362,3.000000,8.039002,-0.004980,0.000452,0.070209,-0.006949,-0.003966,0.263601,0.007836,0.461957,0.248285,0.007859,0.457901,-0.009120,-0.039357
1.719000,-8.655472,-0.038851,-0.134961,-8.676454,0.721791,-1.217700,1.217700,3.000000,8.706425,-0.004983,0.000415,0.072593,-0.006641,-0.008986,0.264391,0.007765,0.461871,0.248230,0.007864,0.457681,-0.009340,0.000824
1.730000,-9.326280,-0.072798,0.002391,-9.347262,0.687844,-1.080348,1.080348,3.000000,9.372536,-0.004987,0.000367,0.075362,-0.006278,-0.010558,0.265213,0.007693,0.461755,0.248176,0.007868,0.457461,-0.009560,0.012297
1.741000,-9.419421,-0.230287,-0.029352,-9.440403,0.530355,-1.112092,1.112092,3.000000,9.455288,-0.004992,0.000280,0.078205,-0.005901,-0.010405,0.266065,0.007626,0.461634,0.248121,0.007871,0.457241,-0.009780,0.009218
1.752000,-9.293116,-0.391082,-0.173218,-9.314098,0.369560,-1.255958,1.255958,3.000000,9.321427,-0.004996,0.000198,0.081598,-0.005113,-0.010235,0.266958,0.007574,0.461517,0.248066,0.007874,0.457021,-0.010000,0.005928
1.763000,-9.425641,-0.508051,-0.292180,-9.446623,0.252591,-1.374919,1.374919,3.000000,9.449999,-0.004998,0.000134,0.087697,-0.003845,-0.011095,0.267891,0.007528,0.461394,0.248011,0.007876,0.456801,-0.010220,0.011466
1.774000,-10.006518,-0.693176,-0.319239,-10.027500,0.067466,-1.401978,1.401978,3.000000,10.027727,-0.005000,0.000034,0.093004,-0.003536,-0.013519,0.268918,0.007489,0.461256,0.247956,0.007877,0.456581,-0.010440,0.030562
1.785000,-10.605877,-0.751436,-0.174661,-10.626859,0.009206,-1.257400,1.257400,3.000000,10.626863,-0.005000,0.000004,0.094703,-0.002621,-0.017111,0.269952,0.007458,0.461081,0.247901,0.007877,0.456361,-0.010660,0.060241
1.796000,-10.957833,-0.778591,-0.111562,-10.978815,-0.017949,-1.194301,1.194301,3.000000,10.978829,-0.005000,-0.000008,0.098211,-0.001763,-0.020057,0.271021,0.007430,0.460870,0.247846,0.007877,0.456141,-0.010880,0.085071
1.807000,-10.677715,-0.928707,-0.117816,-10.698697,-0.168065,-1.200555,1.200555,3.000000,10.700017,-0.004999,-0.000079,0.100800,-0.001760,-0.020871,0.272122,0.007409,0.460636,0.247791,0.007876,0.455921,-0.011100,0.092236
1.818000,-9.919920,-1.142387,-0.182105,-9.940902,-0.381745,-1.264844,1.264844,3.000000,9.948229,-0.004996,-0.000192,0.101741,-0.000915,-0.020576,0.273236,0.007399,0.460404,0.247736,0.007875,0.455701,-0.011320,0.089935
1.829000,-9.282222,-1.119133,-0.415846,-9.303204,-0.358491,-1.498585,1.498585,3.000000,9.310108,-0.004996,-0.000193,0.104055,-0.000156,-0.020320,0.274372,0.007391,0.460184,0.247681,0.007873,0.455481,-0.011540,0.087776
1.840000,-9.355833,-1.085606,-0.438997,-9.376815,-0.324964,-1.521736,1.521736,3.000000,9.382444,-0.004997,-0.000173,0.104365,0.000029,-0.023900,0.275497,0.007389,0.459940,0.247626,0.007871,0.455261,-0.011760,0.118573
1.851000,-10.113341,-1.137992,-0.454509,-10.134323,-0.377350,-1.537248,1.537248,3.000000,10.141346,-0.004997,-0.000186,0.106418,0.001235,-0.029071,0.276663,0.007399,0.459624,0.247571,0.007869,0.455041,-0.011980,0.164174
1.862000,-11.326809,-1.152511,-0.384710,-11.347791,-0.391869,-1.467450,1.467450,3.000000,11.354555,-0.004997,-0.000173,0.109803,0.002019,-0.034067,0.277877,0.007419,0.459266,0.247516,0.007867,0.454821,-0.012200,0.209067
1.873000,-11.645423,-1.235690,-0.533922,-11.666405,-0.475048,-1.616661,1.616661,3.000000,11.676072,-0.004996,-0.000203,0.112706,0.002666,-0.031950,0.279114,0.007443,0.458903,0.247461,0.007865,0.454601,-0.012420,0.193673
1.884000,-11.208575,-1.250327,-0.707378,-11.229557,-0.489685,-1.790117,1.790117,3.000000,11.240229,-0.004995,-0.000218,0.113337,0.002944,-0.033598,0.280367,0.007472,0.458545,0.247406,0.007862,0.454381,-0.012640,0.210135
1.895000,-11.244866,-1.315506,-0.766930,-11.265848,-0.554864,-1.849669,1.849669,3.000000,11.279504,-0.004994,-0.000246,0.115385,0.003844,-0.038419,0.281628,0.007512,0.458138,0.247351,0.007860,0.454161,-0.012860,0.254417
1.906000,-11.516655,-1.393233,-0.702350,-11.537637,-0.632591,-1.785089,1.785089,3.000000,11.554966,-0.004993,-0.000274,0.115733,0.004512,-0.041524,0.282897,0.007558,0.457688,0.247296,0.007857,0.453941,-0.013080,0.284902
1.917000,-10.977921,-1.499631,-0.739063,-10.998903,-0.738989,-1.821802,1.821802,3.000000,11.023700,-0.004989,-0.000335,0.116178,0.005442,-0.041504,0.284171,0.007614,0.457241,0.247241,0.007854,0.453721,-0.013300,0.288812
1.928000,-9.810719,-1.690979,-1.055240,-9.831701,-0.930337,-2.137979,2.137979,3.000000,9.875620,-0.004978,-0.000471,0.115231,0.006983,-0.039077,0.285455,0.007688,0.456802,0.247186,0.007849,0.453581,-0.013440,0.273614
1.939000,-9.318070,-1.850363,-1.309278,-9.339052,-1.089721,-2.392017,2.392017,3.000000,9.402414,-0.004966,-0.000579,0.113468,0.009449,-0.043037,0.286690,0.007783,0.456358,0.247132,0.007843,0.453581,-0.013440,0.315201
1.950000,-10.254932,-1.891317,-1.309362,-10.275914,-1.130675,-2.392101,2.392101,3.000000,10.337932,-0.004970,-0.000547,0.114828,0.009758,-0.047019,0.287965,0.007894,0.455847,0.247077,0.007837,0.453581,-0.013440,0.358185
1.961000,-10.904346,-1.989334,-1.223657,-10.925328,-1.228692,-2.306396,2.306396,3.000000,10.994202,-0.004969,-0.000559,0.115288,0.012111,-0.047740,0.289231,0.008029,0.455321,0.247022,0.007831,0.453581,-0.013440,0.373758
1.972000,-11.035119,-2.139984,-1.322126,-11.056101,-1.379342,-2.404866,2.404866,3.000000,11.141811,-0.004962,-0.000619,0.118445,0.013030,-0.049018,0.290519,0.008171,0.454787,0.246968,0.007824,0.453581,-0.013440,0.394229
1.983000,-11.910456,-2.033047,-1.283437,-11.931438,-1.272405,-2.366176,2.366176,3.000000,11.999093,-0.004972,-0.000530,0.121136,0.014315,-0.053853,0.291850,0.008321,0.454215,0.246913,0.007818,0.453581,-0.013440,0.445541
1.994000,-12.301151,-1.999475,-1.194605,-12.322133,-1.238833,-2.277345,2.277345,3.000000,12.384251,-0.004975,-0.000500,0.119120,0.016411,-0.055809,0.293162,0.008495,0.453604,0.246859,0.007812,0.453581,-0.013440,0.473140
2.005000,-11.269303,-1.997171,-1.428781,-11.290285,-1.236529,-2.511520,2.511520,3.000000,11.357796,-0.004970,-0.000544,0.116001,0.016315,-0.053259,0.294429,0.008673,0.453030,0.246804,0.007807,0.453581,-0.013440,0.461842
2.016000,-9.367214,-1.933621,-1.718584,-9.388196,-1.172979,-2.801323,2.801323,3.000000,9.461189,-0.004961,-0.000620,0.112645,0.017265,-0.051795,0.295699,0.008866,0.452448,0.246749,0.007800,0.453581,-0.013440,0.459887
2.027000,-9.075233,-1.974270,-1.586995,-9.096215,-1.213628,-2.669734,2.669734,3.000000,9.176820,-0.004956,-0.000661,0.110403,0.018955,-0.057478,0.296907,0.009072,0.451844,0.246695,0.007793,0.453581,-0.013440,0.518985
2.038000,-9.359431,-1.966684,-1.432386,-9.380413,-1.206042,-2.515125,2.515125,3.000000,9.457625,-0.004959,-0.000638,0.106784,0.020570,-0.058179,0.298103,0.009301,0.451189,0.246640,0.007786,0.453581,-0.013440,0.536721
2.049000,-9.543935,-1.811567,-1.432700,-9.564917,-1.050925,-2.515439,2.515439,3.000000,9.622478,-0.004970,-0.000546,0.104535,0.021913,-0.061544,0.299254,0.009529,0.450532,0.246586,0.007779,0.453581,-0.013440,0.577103
2.060000,-11.021383,-1.676931,-1.359306,-11.042365,-0.916289,-2.442045,2.442045,3.000000,11.080316,-0.004983,-0.000413,0.103594,0.023034,-0.068277,0.300389,0.009781,0.449806,0.246531,0.007774,0.453581,-0.013440,0.647301
2.071000,-12.103363,-1.885013,-1.165733,-12.124345,-1.124371,-2.248472,2.248472,3.000000,12.176368,-0.004979,-0.000462,0.104151,0.025311,-0.070211,0.301535,0.010052,0.449028,0.246476,0.007770,0.453581,-0.013440,0.677723
2.082000,-10.873237,-2.107992,-1.455378,-10.894219,-1.347350,-2.538117,2.538117,3.000000,10.977220,-0.004962,-0.000614,0.100221,0.026990,-0.066438,0.302649,0.010356,0.448287,0.246421,0.007764,0.453581,-0.013440,0.659038
2.093000,-8.942984,-1.836031,-1.836359,-8.963965,-1.075389,-2.919098,2.919098,3.000000,9.028241,-0.004964,-0.000596,0.098324,0.025903,-0.066400,0.303729,0.010648,0.447571,0.246367,0.007757,0.453581,-0.013440,0.671607
2.104000,-8.668304,-1.557062,-1.592061,-8.689286,-0.796420,-2.674800,2.674800,3.000000,8.725707,-0.004979,-0.000456,0.095225,0.025184,-0.068985,0.304787,0.010925,0.446807,0.246312,0.007751,0.453581,-0.013440,0.707290
2.115000,-7.798095,-1.681816,-1.690043,-7.819077,-0.921174,-2.772782,2.772782,3.000000,7.873152,-0.004966,-0.000585,0.091370,0.025435,-0.068865,0.305795,0.011202,0.446072,0.246257,0.007745,0.453581,-0.013440,0.719512
2.126000,-8.544303,-1.458196,-1.640426,-8.565285,-0.697554,-2.723165,2.723165,3.000000,8.593642,-0.004984,-0.000406,0.091346,0.023676,-0.074677,0.306801,0.011473,0.445260,0.246203,0.007740,0.453581,-0.013440,0.783430
2.137000,-10.950356,-1.026416,-1.276640,-10.971338,-0.265774,-2.359379,2.359379,3.000000,10.974556,-0.004999,-0.000121,0.094196,0.022720,-0.080424,0.307833,0.011719,0.444400,0.246148,0.007737,0.453581,-0.013440,0.847671
2.148000,-11.729134,-1.151334,-1.214501,-11.750116,-0.390692,-2.297240,2.297240,3.000000,11.756609,-0.004997,-0.000166,0.093311,0.023927,-0.078425,0.308866,0.011974,0.443533,0.246093,0.007736,0.453581,-0.013440,0.846320
2.159000,-10.043484,-1.433540,-1.695552,-10.064466,-0.672898,-2.778291,2.778291,3.000000,10.086935,-0.004989,-0.000334,0.091343,0.023334,-0.072871,0.309879,0.012227,0.442727,0.246038,0.007733,0.453581,-0.013440,0.813701
2.170000,-8.921742,-1.203929,-1.783530,-8.942724,-0.443287,-2.866269,2.866269,3.000000,8.953704,-0.004994,-0.000248,0.089296,0.021886,-0.074779,0.310869,0.012474,0.441906,0.245983,0.007729,0.453581,-0.013440,0.844682
2.181000,-7.797259,-1.025615,-1.738303,-7.818241,-0.264973,-2.821042,2.821042,3.000000,7.822730,-0.004997,-0.000169,0.086653,0.019127,-0.072680,0.311820,0.012686,0.441106,0.245928,0.007727,0.453581,-0.013440,0.841259
2.192000,-6.936191,-1.125271,-1.821127,-6.957173,-0.364628,-2.903866,2.903866,3.000000,6.966721,-0.004993,-0.000262,0.083998,0.018161,-0.072728,0.312748,0.012889,0.440323,0.245873,0.007725,0.453581,-0.013440,0.855765
2.203000,-8.621563,-1.054392,-1.552112,-8.642544,-0.293750,-2.634851,2.634851,3.000000,8.647535,-0.004997,-0.000170,0.086645,0.019507,-0.078123,0.313687,0.013096,0.439498,0.245818,0.007722,0.453581,-0.013440,0.916393
2.214000,-10.938286,-0.561538,-1.232277,-10.959268,0.199104,-2.315016,2.315016,3.000000,10.961076,-0.004999,0.000091,0.086274,0.017154,-0.082775,0.314643,0.013283,0.438583,0.245763,0.007722,0.453581,-0.013440,0.972338
2.225000,-10.618763,-0.493911,-1.478989,-10.639745,0.266731,-2.561728,2.561728,3.000000,10.643088,-0.004998,0.000125,0.084246,0.016787,-0.076197,0.315573,0.013458,0.437738,0.245708,0.007724,0.453581,-0.013440,0.931723
2.236000,-9.250426,-0.859935,-1.799187,-9.271408,-0.099293,-2.881926,2.881926,3.000000,9.271940,-0.005000,-0.000054,0.081483,0.016111,-0.076138,0.316466,0.013640,0.436939,0.245653,0.007724,0.453581,-0.013440,0.945608
2.247000,-8.167241,-0.886522,-1.766012,-8.188223,-0.125880,-2.848751,2.848751,3.000000,8.189191,-0.004999,-0.000077,0.078580,0.015111,-0.070361,0.317357,0.013811,0.436124,0.245598,0.007723,0.453581,-0.013440,0.911272
2.258000,-6.412548,-0.659022,-2.106354,-6.433530,0.101620,-3.189093,3.189093,3.000000,6.434333,-0.004999,0.000079,0.075989,0.013668,-0.064389,0.318200,0.013966,0.435411,0.245543,0.007723,0.453581,-0.013440,0.873418
2.269000,-6.899872,-0.433664,-2.055944,-6.920854,0.326978,-3.138683,3.138683,3.000000,6.928574,-0.004994,0.000236,0.079261,0.012784,-0.065689,0.319063,0.014109,0.434698,0.245488,0.007725,0.453581,-0.013440,0.897290
2.280000,-9.129999,-0.455967,-1.658076,-9.150981,0.304675,-2.740815,2.740815,3.000000,9.156052,-0.004997,0.000166,0.083251,0.012460,-0.068209,0.319970,0.014249,0.433956,0.245433,0.007727,0.453581,-0.013440,0.932026
2.291000,-10.341508,-0.532237,-1.570165,-10.362490,0.228405,-2.652904,2.652904,3.000000,10.365007,-0.004999,0.000110,0.087809,0.013124,-0.062716,0.320917,0.014391,0.433261,0.245378,0.007729,0.453581,-0.013440,0.897932
2.302000,-9.399481,-0.626183,-1.947638,-9.420463,0.134459,-3.030377,3.030377,3.000000,9.421422,-0.004999,0.000071,0.087968,0.012136,-0.055247,0.321894,0.014532,0.432630,0.245323,0.007730,0.453581,-0.013440,0.845907
2.313000,-8.222583,-0.647597,-1.767823,-8.243565,0.113045,-2.850562,2.850562,3.000000,8.244340,-0.005000,0.000069,0.085510,0.011177,-0.056266,0.322832,0.014657,0.432029,0.245268,0.007730,0.453581,-0.013440,0.865380
2.324000,-6.391311,-0.741965,-1.736753,-6.412293,0.018677,-2.819492,2.819492,3.000000,6.412320,-0.005000,0.000015,0.080327,0.011581,-0.048928,0.323745,0.014779,0.431456,0.245213,0.007731,0.453581,-0.013440,0.813415
2.335000,-5.129426,-0.902213,-2.046252,-5.150408,-0.141571,-3.128991,3.128991,3.000000,5.152354,-0.004998,-0.000137,0.078185,0.011437,-0.047706,0.324612,0.014903,0.430949,0.245158,0.007730,0.453581,-0.013440,0.812176
2.346000,-6.838977,-0.882077,-1.694918,-6.859959,-0.121435,-2.777657,2.777657,3.000000,6.861033,-0.004999,-0.000088,0.083457,0.012090,-0.051446,0.325514,0.015035,0.430403,0.245103,0.007729,0.453581,-0.013440,0.853751
2.357000,-9.594652,-0.825207,-0.864608,-9.615634,-0.064565,-1.947347,1.947347,3.000000,9.615851,-0.005000,-0.000034,0.088522,0.010845,-0.054081,0.326476,0.015165,0.429806,0.245048,0.007728,0.453541,-0.013480,0.886127
2.368000,-9.991736,-0.751372,-0.869582,-10.012718,0.009270,-1.952321,1.952321,3.000000,10.012723,-0.005000,0.000005,0.088683,0.011625,-0.048812,0.327455,0.015291,0.429254,0.244993,0.007728,0.453321,-0.013700,0.847395
2.379000,-8.400363,-0.822464,-1.218735,-8.421345,-0.061822,-2.301474,2.301474,3.000000,8.421572,-0.005000,-0.000037,0.087077,0.012636,-0.044728,0.328415,0.015419,0.428769,0.244938,0.007728,0.453301,-0.013720,0.821102
2.390000,-7.009269,-0.829912,-1.179809,-7.030251,-0.069270,-2.262548,2.262548,3.000000,7.030592,-0.005000,-0.000049,0.085410,0.009693,-0.041201,0.329354,0.015535,0.428306,0.244883,0.007727,0.453301,-0.013720,0.799517
2.401000,-4.931428,-0.796164,-1.523059,-4.952410,-0.035522,-2.605798,2.605798,3.000000,4.952538,-0.005000,-0.000036,0.081606,0.009439,-0.034580,0.330276,0.015640,0.427888,0.244828,0.007727,0.453301,-0.013720,0.750863
2.412000,-4.438653,-0.777670,-1.823258,-4.459635,-0.017028,-2.905998,2.905998,3.000000,4.459667,-0.005000,-0.000019,0.083132,0.008851,-0.035050,0.331179,0.015734,0.427516,0.244773,0.007727,0.453301,-0.013720,0.761543
2.423000,-6.675928,-0.691332,-1.389609,-6.696910,0.069310,-2.472348,2.472348,3.000000,6.697269,-0.005000,0.000052,0.088834,0.008537,-0.039708,0.332141,0.015825,0.427112,0.244718,0.007727,0.453301,-0.013720,0.808338
2.434000,-9.042774,-0.501137,-0.855653,-9.063756,0.259506,-1.938392,1.938392,3.000000,9.067471,-0.004998,0.000143,0.091615,0.007393,-0.038479,0.333143,0.015912,0.426684,0.244663,0.007728,0.453241,-0.013780,0.804525
2.445000,-8.682030,-0.502835,-1.129095,-8.703012,0.257807,-2.211834,2.211834,3.000000,8.706830,-0.004998,0.000148,0.087438,0.008327,-0.033506,0.334127,0.015996,0.426302,0.244608,0.007730,0.453101,-0.013920,0.766688
2.456000,-6.049975,-0.605946,-1.724865,-6.070957,0.154696,-2.807604,2.807604,3.000000,6.072928,-0.004998,0.000127,0.080493,0.007160,-0.029904,0.335032,0.016071,0.425969,0.244553,0.007731,0.453101,-0.013920,0.742120
2.467000,-3.996518,-0.671850,-1.877450,-4.017500,0.088792,-2.960189,2.960189,3.000000,4.018481,-0.004999,0.000110,0.073305,0.005485,-0.029013,0.335848,0.016136,0.425644,0.244498,0.007732,0.453101,-0.013920,0.740412
2.478000,-2.541712,-0.757694,-2.125879,-2.562694,0.002948,-3.208618,3.208618,3.000000,2.562696,-0.005000,0.000006,0.065381,0.005848,-0.026086,0.336583,0.016202,0.425340,0.244443,0.007733,0.453101,-0.013920,0.721054
2.489000,-2.645256,-0.753569,-2.263828,-2.666238,0.007073,-3.346567,3.346567,3.000000,2.666247,-0.005000,0.000013,0.061436,0.005476,-0.026979,0.337272,0.016261,0.425048,0.244388,0.007733,0.453101,-0.013920,0.733879
2.500000,-4.657459,-0.576236,-1.978304,-4.678441,0.184406,-3.061043,3.061043,3.000000,4.682074,-0.004996,0.000197,0.060871,0.004452,-0.030968,0.337942,0.016308,0.424726,0.244333,0.007734,0.453101,-0.013920,0.773527
2.511000,-7.114773,-0.426344,-1.431612,-7.135755,0.334298,-2.514351,2.514351,3.000000,7.143581,-0.004995,0.000234,0.061126,0.003116,-0.033297,0.338617,0.016348,0.424361,0.244278,0.007737,0.453101,-0.013920,0.799858
2.522000,-7.374447,-0.365435,-1.464242,-7.395429,0.395207,-2.546981,2.546981,3.000000,7.405981,-0.004993,0.000267,0.056906,0.002994,-0.029765,0.339254,0.016387,0.424017,0.244223,0.007739,0.453101,-0.013920,0.776080
2.533000,-4.600591,-0.516870,-2.320748,-4.621573,0.243772,-3.403487,3.403487,3.000000,4.627998,-0.004993,0.000263,0.048895,0.003185,-0.017990,0.339811,0.016423,0.423782,0.244169,0.007742,0.453101,-0.013920,0.680399
2.544000,-1.215751,-0.654476,-3.172474,-1.236733,0.106166,-4.255213,4.255213,3.000000,1.241281,-0.004982,0.000428,0.042193,0.003322,-0.008164,0.340280,0.016458,0.423664,0.244114,0.007746,0.453201,-0.013820,0.600947
2.555000,0.542186,-0.770207,-3.478958,0.521204,-0.009565,-4.561697,4.561697,3.000000,0.521291,0.000000,0.000000,0.040445,0.002622,-0.002716,0.340730,0.016490,0.423621,0.244114,0.007746,0.453421,-0.013600,0.559451
2.566000,-0.279996,-0.799436,-2.994411,-0.300978,-0.038794,-4.077150,4.077150,3.000000,0.303467,0.000000,0.000000,0.041244,0.001410,-0.003838,0.341184,0.016515,0.423597,0.244114,0.007746,0.453641,-0.013380,0.573356
2.577000,-2.761871,-0.744800,-2.337995,-2.782853,0.015842,-3.420734,3.420734,3.000000,2.782898,-0.005000,0.000028,0.042320,0.002998,-0.008816,0.341643,0.016545,0.423515,0.244074,0.007746,0.453661,-0.013360,0.617438
2.588000,-4.940449,-0.775473,-1.695733,-4.961431,-0.014831,-2.778472,2.778472,3.000000,4.961453,-0.005000,-0.000015,0.043092,0.003479,-0.007905,0.342119,0.016579,0.423424,0.244019,0.007746,0.453661,-0.013360,0.611347
2.599000,-5.285337,-0.898452,-1.546949,-5.306319,-0.137810,-2.629688,2.629688,3.000000,5.308108,-0.004998,-0.000130,0.042408,0.003255,-0.005002,0.342588,0.016615,0.423365,0.243964,0.007745,0.453661,-0.013360,0.587780
2.610000,-4.207272,-1.007422,-1.731564,-4.228254,-0.246780,-2.814303,2.814303,3.000000,4.235449,-0.004992,-0.000291,0.039838,0.004296,0.001451,0.343030,0.016657,0.423357,0.243909,0.007743,0.453661,-0.013360,0.533170
2.621000,-2.864714,-1.148224,-1.958097,-2.885696,-0.387582,-3.040836,3.040836,3.000000,2.911608,-0.004956,-0.000666,0.037385,0.003403,0.004602,0.343449,0.016698,0.423398,0.243854,0.007738,0.453661,-0.013360,0.505685
2.632000,-2.221004,-1.255181,-1.786326,-2.241986,-0.494539,-2.869066,2.869066,3.000000,2.295881,-0.004883,-0.001077,0.035202,0.004682,0.004913,0.343846,0.016751,0.423452,0.243800,0.007728,0.453661,-0.013360,0.502081
2.643000,-2.485420,-1.295277,-1.599488,-2.506401,-0.534635,-2.682227,2.682227,3.000000,2.562788,-0.004890,-0.001043,0.035341,0.005251,0.003452,0.344236,0.016806,0.423503,0.243746,0.007716,0.453661,-0.013360,0.513549
2.654000,-3.479458,-1.306479,-1.393768,-3.500440,-0.545837,-2.476507,2.476507,3.000000,3.542742,-0.004940,-0.000770,0.036909,0.004966,0.005440,0.344636,0.016865,0.423560,0.243692,0.007706,0.453661,-0.013360,0.495665
2.665000,-4.166969,-1.267329,-1.263925,-4.187951,-0.506687,-2.346665,2.346665,3.000000,4.218491,-0.004964,-0.000601,0.036876,0.006065,0.005453,0.345042,0.016928,0.423619,0.243638,0.007699,0.453661,-0.013360,0.494492
2.676000,-4.333229,-1.224303,-1.286028,-4.354211,-0.463661,-2.368767,2.368767,3.000000,4.378828,-0.004972,-0.000529,0.034891,0.005642,0.006982,0.345434,0.016986,0.423682,0.243583,0.007693,0.453661,-0.013360,0.480371
2.687000,-3.371192,-1.143297,-1.714926,-3.392174,-0.382654,-2.797665,2.797665,3.000000,3.413689,-0.004968,-0.000560,0.032774,0.003820,0.011565,0.345802,0.017035,0.423793,0.243528,0.007687,0.453661,-0.013360,0.439495
2.698000,-2.597245,-1.019460,-1.884569,-2.618227,-0.258818,-2.967308,2.967308,3.000000,2.630988,-0.004976,-0.000492,0.030714,0.003336,0.012576,0.346140,0.017077,0.423926,0.243474,0.007681,0.453661,-0.013360,0.428530
2.709000,-2.681701,-0.931456,-1.858713,-2.702683,-0.170814,-2.941452,2.941452,3.000000,2.708075,-0.004990,-0.000315,0.029307,0.002249,0.011233,0.346473,0.017105,0.424041,0.243419,0.007676,0.453661,-0.013360,0.437838
2.720000,-2.955724,-0.860238,-1.876880,-2.976706,-0.099596,-2.959619,2.959619,3.000000,2.978371,-0.004997,-0.000167,0.028733,0.002068,0.010643,0.346791,0.017131,0.424166,0.243364,0.007674,0.453661,-0.013360,0.440604
2.731000,-3.583255,-0.819309,-1.776316,-3.604237,-0.058667,-2.859055,2.859055,3.000000,3.604714,-0.004999,-0.000081,0.029530,0.002006,0.012147,0.347115,0.017153,0.424302,0.243309,0.007673,0.453661,-0.013360,0.425392
2.742000,-4.245298,-0.738535,-1.711109,-4.266280,0.022107,-2.793849,2.793849,3.000000,4.266338,-0.005000,0.000026,0.029848,0.001369,0.011816,0.347446,0.017171,0.424434,0.243254,0.007672,0.453661,-0.013360,0.425819
2.753000,-4.348687,-0.697458,-1.600980,-4.369669,0.063184,-2.683719,2.683719,3.000000,4.370126,-0.004999,0.000072,0.029157,0.001027,0.013800,0.347770,0.017187,0.424584,0.243199,0.007673,0.453661,-0.013360,0.406305
2.764000,-3.890771,-0.751595,-1.627128,-3.911753,0.009047,-2.709868,2.709868,3.000000,3.911764,-0.005000,0.000012,0.029138,0.002181,0.016094,0.348085,0.017208,0.424751,0.243144,0.007673,0.453661,-0.013360,0.383827
2.775000,-3.700978,-0.695657,-1.480210,-3.721960,0.064985,-2.562949,2.562949,3.000000,3.722528,-0.004999,0.000087,0.028468,0.000755,0.017734,0.348407,0.017222,0.424938,0.243089,0.007674,0.453661,-0.013360,0.366532
2.786000,-3.587820,-0.584870,-1.272782,-3.608802,0.175772,-2.355521,2.355521,3.000000,3.613080,-0.004994,0.000243,0.028071,0.000613,0.016604,0.348717,0.017234,0.425131,0.243034,0.007676,0.453661,-0.013360,0.372662
2.797000,-3.858720,-0.508317,-0.831145,-3.879702,0.252325,-1.913884,1.913884,3.000000,3.887898,-0.004989,0.000325,0.027056,0.002613,0.014434,0.349020,0.017253,0.425299,0.242979,0.007679,0.453601,-0.013420,0.386965
2.808000,-4.158355,-0.351397,-0.610620,-4.179337,0.409245,-1.693360,1.693360,3.000000,4.199326,-0.004976,0.000487,0.025409,0.001533,0.012527,0.349301,0.017264,0.425442,0.242924,0.007684,0.453381,-0.013640,0.396611
2.819000,-4.277483,-0.201412,-0.477602,-4.298465,0.559230,-1.560341,1.560341,3.000000,4.334690,-0.004958,0.000645,0.023565,0.001479,0.010259,0.349567,0.017276,0.425564,0.242870,0.007690,0.453161,-0.013860,0.409702
2.830000,-4.116507,-0.128322,-0.336075,-4.137489,0.632320,-1.418814,1.418814,3.000000,4.185528,-0.004943,0.000755,0.022545,0.001923,0.010544,0.349819,0.017291,0.425682,0.242815,0.007698,0.452941,-0.014080,0.401202
2.841000,-4.027259,-0.071970,-0.255265,-4.048241,0.688672,-1.338004,1.338004,3.000000,4.106400,-0.004929,0.000839,0.021246,0.001418,0.009691,0.350054,0.017303,0.425791,0.242761,0.007707,0.452721,-0.014300,0.402508
2.852000,-3.974023,0.008113,-0.182339,-3.995005,0.768755,-1.265078,1.265078,3.000000,4.068298,-0.004910,0.000945,0.019672,0.000837,0.007979,0.350271,0.017313,0.425887,0.242707,0.007716,0.452501,-0.014520,0.411352
2.863000,-3.902223,0.042659,-0.180429,-3.923205,0.803301,-1.263168,1.263168,3.000000,4.004601,-0.004898,0.001003,0.018430,0.000889,0.007515,0.350477,0.017326,0.425980,0.242653,0.007727,0.452281,-0.014740,0.409664
2.874000,-4.109270,0.090596,-0.138471,-4.130252,0.851238,-1.221210,1.221210,3.000000,4.217059,-0.004897,0.001009,0.018441,0.000713,0.006946,0.350679,0.017337,0.426060,0.242599,0.007738,0.452061,-0.014960,0.409088
2.885000,-4.375001,0.098798,-0.107930,-4.395983,0.859440,-1.190669,1.190669,3.000000,4.479208,-0.004907,0.000959,0.018614,0.000861,0.005831,0.350880,0.017348,0.426125,0.242545,0.007749,0.451841,-0.015180,0.413409
2.896000,-4.448312,0.104813,-0.136608,-4.469294,0.865455,-1.219347,1.219347,3.000000,4.552318,-0.004909,0.000951,0.018035,0.001453,0.005316,0.351081,0.017362,0.426190,0.242491,0.007760,0.451621,-0.015400,0.412655
2.907000,-4.201543,0.123239,-0.164564,-4.222525,0.883881,-1.247304,1.247304,3.000000,4.314043,-0.004894,0.001024,0.017316,0.000764,0.005532,0.351276,0.017373,0.426253,0.242437,0.007771,0.451401,-0.015620,0.405718
2.918000,-3.813212,0.145816,-0.170496,-3.834194,0.906458,-1.253235,1.253235,3.000000,3.939887,-0.004866,0.001150,0.016439,0.000458,0.005470,0.351457,0.017381,0.426315,0.242383,0.007783,0.451181,-0.015840,0.401179
2.929000,-3.547206,0.067875,-0.262892,-3.568188,0.828517,-1.345631,1.345631,3.000000,3.663115,-0.004870,0.001131,0.015277,0.001167,0.004914,0.351626,0.017393,0.426371,0.242330,0.007795,0.450961,-0.016060,0.400929
2.940000,-3.634058,0.073297,-0.289388,-3.655040,0.833939,-1.372127,1.372127,3.000000,3.748969,-0.004875,0.001112,0.015382,0.000512,0.004701,0.351793,0.017400,0.426425,0.242276,0.007808,0.450741,-0.016280,0.397807
2.951000,-4.003296,0.116707,-0.247375,-4.024278,0.877349,-1.330114,1.330114,3.000000,4.118805,-0.004885,0.001065,0.015651,0.000489,0.002526,0.351962,0.017411,0.426451,0.242223,0.007820,0.450521,-0.016500,0.411839
2.962000,-4.375366,0.135052,-0.253783,-4.396348,0.895694,-1.336522,1.336522,3.000000,4.486663,-0.004899,0.000998,0.015950,0.000591,0.002883,0.352132,0.017419,0.426473,0.242169,0.007831,0.450301,-0.016720,0.404440
2.973000,-4.513988,0.108419,-0.217131,-4.534970,0.869061,-1.299870,1.299870,3.000000,4.617491,-0.004911,0.000941,0.016045,0.000101,0.001947,0.352307,0.017426,0.426494,0.242115,0.007841,0.450081,-0.016940,0.408049
2.984000,-4.348312,0.123713,-0.178522,-4.369294,0.884355,-1.261261,1.261261,3.000000,4.457893,-0.004901,0.000992,0.015468,0.000703,0.001652,0.352480,0.017432,0.426510,0.242061,0.007852,0.449861,-0.017160,0.406305
2.995000,-3.782571,0.122631,-0.263063,-3.803553,0.883273,-1.345802,1.345802,3.000000,3.904764,-0.004870,0.001131,0.014619,0.000291,0.003418,0.352643,0.017438,0.426550,0.242007,0.007864,0.449641,-0.017380,0.386642
3.006000,-3.421664,0.128019,-0.300826,-3.442646,0.888661,-1.383565,1.383565,3.000000,3.555493,-0.004841,0.001250,0.013924,0.000109,0.002668,0.352796,0.017444,0.426585,0.241954,0.007877,0.449421,-0.017600,0.388419
3.017000,-3.710371,0.204771,-0.153957,-3.731353,0.965413,-1.236696,1.236696,3.000000,3.854221,-0.004841,0.001252,0.013374,0.000063,0.000438,0.352941,0.017449,0.426598,0.241901,0.007891,0.449201,-0.017820,0.403131
3.028000,-4.185108,0.263748,-0.075926,-4.206090,1.024390,-1.158666,1.158666,3.000000,4.329038,-0.004858,0.001183,0.012978,0.000077,-0.002065,0.353089,0.017454,0.426586,0.241847,0.007904,0.448981,-0.018040,0.420633
3.039000,-4.452814,0.230542,-0.017630,-4.473796,0.991184,-1.100369,1.100369,3.000000,4.582281,-0.004882,0.001082,0.012377,0.000735,-0.002948,0.353224,0.017460,0.426545,0.241794,0.007917,0.448761,-0.018260,0.424914
3.050000,-4.510362,0.230665,0.015551,-4.531344,0.991307,-1.067188,1.067188,3.000000,4.638509,-0.004884,0.001069,0.010417,0.000011,-0.006039,0.353345,0.017464,0.426483,0.241740,0.007928,0.448541,-0.018480,0.448294
3.061000,-4.437186,0.260111,0.006077,-4.458168,1.020753,-1.076662,1.076662,3.000000,4.573532,-0.004874,0.001116,0.010118,0.000401,-0.007435,0.353461,0.017465,0.426401,0.241686,0.007940,0.448321,-0.018700,0.457642
3.072000,-4.178133,0.218183,-0.158956,-4.199115,0.978825,-1.241696,1.241696,3.000000,4.311689,-0.004869,0.001135,0.009496,0.000139,-0.006427,0.353564,0.017467,0.426322,0.241633,0.007953,0.448101,-0.018920,0.446564
3.083000,-3.920476,0.169207,-0.344848,-3.941458,0.929849,-1.427587,1.427587,3.000000,4.049656,-0.004866,0.001148,0.008033,0.000426,-0.008239,0.353654,0.017471,0.426237,0.241579,0.007966,0.447881,-0.019140,0.459495
3.094000,-4.054979,0.136121,-0.394857,-4.075961,0.896763,-1.477597,1.477597,3.000000,4.173445,-0.004883,0.001074,0.007867,0.000719,-0.008275,0.353740,0.017474,0.426145,0.241525,0.007978,0.447661,-0.019360,0.457508
3.105000,-4.477617,0.169827,-0.415810,-4.498599,0.930469,-1.498549,1.498549,3.000000,4.593818,-0.004896,0.001013,0.008421,0.000390,-0.010147,0.353832,0.017472,0.426035,0.241472,0.007989,0.447441,-0.019580,0.471410
3.116000,-5.051929,0.150994,-0.332902,-5.072911,0.911636,-1.415641,1.415641,3.000000,5.154174,-0.004921,0.000884,0.008387,0.000523,-0.012184,0.353925,0.017471,0.425904,0.241418,0.007999,0.447221,-0.019800,0.487094
3.127000,-5.367849,0.156021,-0.232853,-5.388831,0.916663,-1.315592,1.315592,3.000000,5.466239,-0.004929,0.000838,0.008583,-0.000508,-0.014534,0.354022,0.017468,0.425754,0.241363,0.008009,0.447001,-0.020020,0.505772
3.138000,-5.214398,0.127164,-0.256706,-5.235380,0.887806,-1.339445,1.339445,3.000000,5.310122,-0.004930,0.000836,0.007981,0.000291,-0.014786,0.354113,0.017467,0.425596,0.241309,0.008018,0.446781,-0.020240,0.506791
3.149000,-4.703962,0.091820,-0.425795,-4.724944,0.852462,-1.508534,1.508534,3.000000,4.801228,-0.004921,0.000888,0.007512,0.000505,-0.013206,0.354196,0.017465,0.425446,0.241255,0.008027,0.446561,-0.020460,0.492126
3.160000,-4.328265,0.094298,-0.538048,-4.349247,0.854940,-1.620787,1.620787,3.000000,4.432479,-0.004906,0.000964,0.007287,-0.000254,-0.013412,0.354274,0.017463,0.425296,0.241201,0.008038,0.446341,-0.020680,0.492627
3.171000,-4.464013,0.097377,-0.556501,-4.484995,0.858019,-1.639240,1.639240,3.000000,4.566331,-0.004911,0.000940,0.007215,-0.000484,-0.014586,0.354350,0.017459,0.425131,0.241147,0.008048,0.446121,-0.020900,0.501589
3.182000,-4.835414,0.130675,-0.512125,-4.856396,0.891317,-1.594864,1.594864,3.000000,4.937512,-0.004918,0.000903,0.007282,-0.000328,-0.016377,0.354431,0.017455,0.424952,0.241093,0.008058,0.445901,-0.021120,0.516052
3.193000,-5.193521,0.099723,-0.462563,-5.214503,0.860365,-1.545302,1.545302,3.000000,5.285005,-0.004933,0.000814,0.007148,-0.000223,-0.018115,0.354513,0.017451,0.424751,0.241039,0.008068,0.445681,-0.021340,0.530451
3.204000,-5.342733,0.118972,-0.456486,-5.363715,0.879614,-1.539225,1.539225,3.000000,5.435361,-0.004934,0.000809,0.007065,-0.000157,-0.018451,0.354593,0.017446,0.424555,0.240985,0.008077,0.445461,-0.021560,0.532866
3.215000,-5.213877,0.115704,-0.540404,-5.234859,0.876346,-1.623143,1.623143,3.000000,5.307705,-0.004931,0.000826,0.006405,-0.000046,-0.018163,0.354667,0.017442,0.424356,0.240930,0.008086,0.445241,-0.021780,0.530053
3.226000,-4.900843,0.084649,-0.681245,-4.921825,0.845291,-1.763984,1.763984,3.000000,4.993884,-0.004928,0.000846,0.006009,0.000704,-0.016945,0.354733,0.017439,0.424165,0.240876,0.008095,0.445021,-0.022000,0.519194
3.237000,-4.691151,0.069571,-0.775905,-4.712133,0.830213,-1.858644,1.858644,3.000000,4.784710,-0.004924,0.000868,0.005038,-0.000698,-0.016724,0.354791,0.017433,0.423982,0.240822,0.008104,0.444801,-0.022220,0.516660
3.248000,-4.656181,0.088441,-0.939607,-4.677163,0.849083,-2.022346,2.022346,3.000000,4.753609,-0.004920,0.000893,0.005056,-0.000759,-0.015378,0.354849,0.017429,0.423813,0.240768,0.008114,0.444621,-0.022400,0.505041
3.259000,-4.739984,0.145001,-1.067006,-4.760966,0.905643,-2.149745,2.149745,3.000000,4.846338,-0.004912,0.000934,0.005102,-0.000173,-0.014245,0.354905,0.017426,0.423655,0.240714,0.008124,0.444621,-0.022400,0.498262
3.270000,-4.995728,0.110645,-1.094740,-5.016710,0.871287,-2.177479,2.177479,3.000000,5.091809,-0.004926,0.000856,0.005079,-0.000512,-0.014295,0.354962,0.017420,0.423493,0.240660,0.008134,0.444621,-0.022400,0.501612
3.281000,-5.094962,0.085869,-1.196965,-5.115944,0.846511,-2.279704,2.279704,3.000000,5.185506,-0.004933,0.000816,0.005259,0.000125,-0.013597,0.355019,0.017419,0.423346,0.240605,0.008143,0.444621,-0.022400,0.498334
3.292000,-5.082711,0.111046,-1.296902,-5.103693,0.871688,-2.379641,2.379641,3.000000,5.177598,-0.004929,0.000842,0.005028,-0.000762,-0.012279,0.355077,0.017417,0.423211,0.240551,0.008152,0.444621,-0.022400,0.489581
3.303000,-5.000778,0.095843,-1.378793,-5.021760,0.856485,-2.461532,2.461532,3.000000,5.094275,-0.004929,0.000841,0.004717,-0.000112,-0.011555,0.355130,0.017417,0.423087,0.240497,0.008161,0.444621,-0.022400,0.485653
3.314000,-4.743117,0.072572,-1.463566,-4.764099,0.833214,-2.546305,2.546305,3.000000,4.836412,-0.004925,0.000861,0.004676,-0.000288,-0.008758,0.355180,0.017415,0.422978,0.240443,0.008171,0.444621,-0.022400,0.463897
3.325000,-4.677480,0.035063,-1.530471,-4.698462,0.795705,-2.613210,2.613210,3.000000,4.765364,-0.004930,0.000835,0.004268,-0.000015,-0.008556,0.355226,0.017414,0.422880,0.240388,0.008180,0.444621,-0.022400,0.463938
3.336000,-4.871154,0.056074,-1.494563,-4.892136,0.816716,-2.577302,2.577302,3.000000,4.959841,-0.004932,0.000823,0.004630,0.000356,-0.007387,0.355276,0.017412,0.422791,0.240334,0.008189,0.444621,-0.022400,0.455631
3.347000,-5.188410,0.040091,-1.485423,-5.209392,0.800733,-2.568162,2.568162,3.000000,5.270573,-0.004942,0.000760,0.004985,-0.000039,-0.006242,0.355330,0.017409,0.422708,0.240280,0.008198,0.444621,-0.022400,0.447411
3.358000,-5.221098,0.041712,-1.527611,-5.242080,0.802354,-2.610350,2.610350,3.000000,5.303129,-0.004942,0.000756,0.004806,0.000505,-0.006745,0.355383,0.017414,0.422628,0.240226,0.008206,0.444621,-0.022400,0.453115
3.369000,-5.099938,-0.047350,-1.590583,-5.120920,0.713292,-2.673323,2.673323,3.000000,5.170358,-0.004952,0.000690,0.004964,0.000455,-0.005176,0.355438,0.017414,0.422574,0.240171,0.008214,0.444621,-0.022400,0.440770
3.380000,-4.985895,0.044797,-1.648392,-5.006877,0.805439,-2.731131,2.731131,3.000000,5.071247,-0.004937,0.000794,0.005167,0.000393,-0.004514,0.355495,0.017416,0.422532,0.240117,0.008222,0.444621,-0.022400,0.435902
3.391000,-4.844486,0.009945,-1.732905,-4.865468,0.770587,-2.815644,2.815644,3.000000,4.926113,-0.004938,0.000782,0.005497,0.000015,-0.001881,0.355555,0.017417,0.422508,0.240062,0.008231,0.444621,-0.022400,0.414002
3.402000,-4.797797,-0.033217,-1.726533,-4.818779,0.727425,-2.809272,2.809272,3.000000,4.873375,-0.004944,0.000746,0.006073,0.000731,-0.000434,0.355618,0.017421,0.422498,0.240008,0.008240,0.444621,-0.022400,0.401913
3.413000,-4.841062,-0.012479,-1.754096,-4.862044,0.748163,-2.836835,2.836835,3.000000,4.919270,-0.004942,0.000760,0.006049,0.000205,0.000206,0.355686,0.017421,0.422493,0.239954,0.008248,0.444621,-0.022400,0.396552
3.424000,-4.898071,0.013276,-1.773259,-4.919053,0.773918,-2.855998,2.855998,3.000000,4.979561,-0.004939,0.000777,0.006535,-0.000523,0.001464,0.355758,0.017424,0.422503,0.239899,0.008256,0.444621,-0.022400,0.385704
3.435000,-4.902533,-0.034478,-1.744552,-4.923515,0.726164,-2.827291,2.827291,3.000000,4.976777,-0.004946,0.000730,0.007542,0.000579,0.003170,0.355840,0.017430,0.422530,0.239845,0.008265,0.444621,-0.022400,0.370753
3.446000,-4.942619,-0.062521,-1.711862,-4.963601,0.698121,-2.794601,2.794601,3.000000,5.012456,-0.004951,0.000696,0.008478,0.001306,0.005217,0.355931,0.017438,0.422572,0.239791,0.008273,0.444621,-0.022400,0.352607
3.457000,-4.714019,-0.078389,-1.869017,-4.735001,0.682253,-2.951756,2.951756,3.000000,4.783900,-0.004949,0.000713,0.009049,0.001128,0.006512,0.356029,0.017444,0.422640,0.239736,0.008280,0.444621,-0.022400,0.340405
3.468000,-4.792327,-0.076834,-1.814775,-4.813308,0.683808,-2.897514,2.897514,3.000000,4.861639,-0.004950,0.000703,0.010188,0.000365,0.007584,0.356138,0.017449,0.422720,0.239682,0.008288,0.444621,-0.022400,0.329878
3.479000,-4.891609,-0.024401,-1.811103,-4.912591,0.736241,-2.893842,2.893842,3.000000,4.967454,-0.004945,0.000741,0.011335,0.000727,0.009362,0.356258,0.017459,0.422823,0.239627,0.008296,0.444621,-0.022400,0.312932
3.490000,-5.021279,0.021674,-1.739339,-5.042261,0.782316,-2.822078,2.822078,3.000000,5.102589,-0.004941,0.000767,0.012221,0.001115,0.009701,0.356390,0.017469,0.422932,0.239573,0.008305,0.444621,-0.022400,0.308089
3.501000,-5.079299,-0.002192,-1.687891,-5.100281,0.758450,-2.770630,2.770630,3.000000,5.156366,-0.004946,0.000735,0.013087,0.000790,0.011123,0.356528,0.017476,0.423050,0.239519,0.008313,0.444621,-0.022400,0.293900
3.512000,-5.101337,0.001519,-1.597885,-5.122319,0.762161,-2.680624,2.680624,3.000000,5.178710,-0.004946,0.000736,0.013285,0.000161,0.010883,0.356672,0.017487,0.423169,0.239464,0.008321,0.444621,-0.022400,0.293790
3.523000,-5.158073,0.027134,-1.531038,-5.179055,0.787776,-2.613777,2.613777,3.000000,5.238626,-0.004943,0.000752,0.013937,0.000968,0.011914,0.356823,0.017498,0.423296,0.239410,0.008329,0.444621,-0.022400,0.282757
3.534000,-5.092450,0.007322,-1.425799,-5.113431,0.767964,-2.508538,2.508538,3.000000,5.170778,-0.004945,0.000743,0.014040,0.001715,0.011242,0.356980,0.017509,0.423424,0.239355,0.008337,0.444621,-0.022400,0.286153
3.545000,-5.052121,0.025022,-1.405070,-5.073102,0.785664,-2.487809,2.487809,3.000000,5.133579,-0.004941,0.000765,0.014984,0.000842,0.012124,0.357144,0.017518,0.423558,0.239301,0.008346,0.444621,-0.022400,0.276254
3.556000,-5.098789,0.081741,-1.388980,-5.119771,0.842383,-2.471719,2.471719,3.000000,5.188609,-0.004934,0.000812,0.016455,0.000561,0.012992,0.357323,0.017527,0.423706,0.239247,0.008354,0.444621,-0.022400,0.266228
3.567000,-5.174606,0.124287,-1.296501,-5.195588,0.884929,-2.379240,2.379240,3.000000,5.270411,-0.004929,0.000840,0.018088,0.001406,0.014670,0.357518,0.017543,0.423869,0.239192,0.008363,0.444621,-0.022400,0.249063
3.578000,-4.942182,0.110302,-1.280976,-4.963164,0.870944,-2.363715,2.363715,3.000000,5.039002,-0.004925,0.000864,0.018291,0.001586,0.015771,0.357719,0.017558,0.424042,0.239138,0.008373,0.444621,-0.022400,0.236606
3.589000,-4.541987,0.119520,-1.231944,-4.562969,0.880162,-2.314683,2.314683,3.000000,4.647082,-0.004909,0.000947,0.017839,0.001437,0.016076,0.357920,0.017573,0.424221,0.239084,0.008383,0.444621,-0.022400,0.230793
3.600000,-4.375867,0.170978,-1.143008,-4.396849,0.931620,-2.225747,2.225747,3.000000,4.494463,-0.004891,0.001036,0.017666,0.000931,0.015360,0.358116,0.017583,0.424399,0.239030,0.008394,0.444621,-0.022400,0.233656
3.611000,-4.648009,0.203826,-1.048929,-4.668991,0.964468,-2.131668,2.131668,3.000000,4.767565,-0.004897,0.001011,0.017660,0.000348,0.014281,0.358309,0.017594,0.424562,0.238976,0.008405,0.444621,-0.022400,0.239886
3.622000,-5.096491,0.294431,-0.948009,-5.117473,1.055073,-2.030748,2.030748,3.000000,5.225104,-0.004897,0.001010,0.018828,0.001379,0.013342,0.358513,0.017607,0.424708,0.238923,0.008416,0.444621,-0.022400,0.245229
3.633000,-5.432156,0.307390,-0.825633,-5.453138,1.068032,-1.908372,1.908372,3.000000,5.556744,-0.004907,0.000961,0.019442,0.002040,0.013265,0.358724,0.017623,0.424847,0.238869,0.008427,0.444441,-0.022580,0.240129
3.644000,-5.347258,0.263995,-0.804382,-5.368240,1.024637,-1.887121,1.887121,3.000000,5.465152,-0.004911,0.000937,0.019000,0.001286,0.012534,0.358931,0.017635,0.424982,0.238815,0.008437,0.444221,-0.022800,0.239963
3.655000,-5.200097,0.303538,-0.754435,-5.221079,1.064180,-1.837174,1.837174,3.000000,5.328428,-0.004899,0.000999,0.018981,0.000811,0.011527,0.359139,0.017649,0.425112,0.238761,0.008448,0.444001,-0.023020,0.242198
3.666000,-4.976029,0.267890,-0.742117,-4.997011,1.028532,-1.824856,1.824856,3.000000,5.101764,-0.004897,0.001008,0.018608,0.001869,0.011260,0.359346,0.017664,0.425237,0.238707,0.008459,0.443781,-0.023240,0.238252
3.677000,-4.680106,0.289393,-0.798233,-4.701088,1.050035,-1.880973,1.880973,3.000000,4.816929,-0.004880,0.001090,0.018279,0.000668,0.010705,0.359548,0.017675,0.425356,0.238653,0.008471,0.443561,-0.023460,0.236869
3.688000,-4.704089,0.306253,-0.766992,-4.725071,1.066895,-1.849731,1.849731,3.000000,4.844023,-0.004877,0.001101,0.018555,0.000729,0.009539,0.359754,0.017687,0.425470,0.238599,0.008483,0.443341,-0.023680,0.240746
3.699000,-4.991836,0.341704,-0.674897,-5.012818,1.102346,-1.757636,1.757636,3.000000,5.132593,-0.004883,0.001074,0.019333,0.000234,0.009066,0.359965,0.017697,0.425575,0.238546,0.008495,0.443121,-0.023900,0.238897
3.710000,-5.367895,0.329754,-0.494544,-5.388877,1.090396,-1.577283,1.577283,3.000000,5.498087,-0.004901,0.000992,0.020010,0.000765,0.006460,0.360185,0.017708,0.425655,0.238492,0.008506,0.442901,-0.024120,0.255626
3.721000,-5.559080,0.309967,-0.339303,-5.580062,1.070609,-1.422042,1.422042,3.000000,5.681839,-0.004910,0.000942,0.020327,0.001283,0.004620,0.360407,0.017723,0.425710,0.238438,0.008517,0.442681,-0.024340,0.266267
3.732000,-5.307592,0.269950,-0.374554,-5.328574,1.030592,-1.457293,1.457293,3.000000,5.427322,-0.004909,0.000949,0.019788,0.000527,0.004701,0.360621,0.017734,0.425758,0.238384,0.008527,0.442461,-0.024560,0.260778
3.743000,-4.812790,0.249071,-0.474541,-4.833772,1.009713,-1.557280,1.557280,3.000000,4.938104,-0.004894,0.001022,0.018656,0.001175,0.003800,0.360827,0.017746,0.425806,0.238330,0.008538,0.442241,-0.024780,0.263594
3.754000,-4.684324,0.241458,-0.542561,-4.705306,1.002100,-1.625300,1.625300,3.000000,4.810833,-0.004890,0.001042,0.018735,0.000488,0.003960,0.361030,0.017754,0.425843,0.238276,0.008549,0.442021,-0.025000,0.257606
3.765000,-5.011006,0.219884,-0.451268,-5.031988,0.980526,-1.534007,1.534007,3.000000,5.126630,-0.004908,0.000956,0.019375,0.001118,0.002760,0.361249,0.017763,0.425871,0.238222,0.008560,0.441801,-0.025220,0.263315
3.776000,-5.312247,0.232251,-0.412938,-5.333229,0.992893,-1.495677,1.495677,3.000000,5.424866,-0.004916,0.000915,0.020202,0.001104,0.000460,0.361467,0.017774,0.425886,0.238168,0.008571,0.441581,-0.025440,0.278612
3.787000,-5.747069,0.270614,-0.281862,-5.768051,1.031256,-1.364601,1.364601,3.000000,5.859514,-0.004922,0.000880,0.020508,0.000807,-0.000449,0.361689,0.017780,0.425882,0.238114,0.008580,0.441361,-0.025660,0.282432
3.798000,-5.593731,0.230210,-0.316049,-5.614713,0.990852,-1.398788,1.398788,3.000000,5.701473,-0.004924,0.000869,0.019010,0.001593,-0.000763,0.361901,0.017792,0.425875,0.238060,0.008590,0.441141,-0.025880,0.281254
3.809000,-5.193268,0.190281,-0.486283,-5.214250,0.950923,-1.569022,1.569022,3.000000,5.300251,-0.004919,0.000897,0.017346,0.000781,-0.001069,0.362097,0.017800,0.425866,0.238006,0.008600,0.440921,-0.026100,0.280066
3.820000,-4.943884,0.136613,-0.586795,-4.964866,0.897255,-1.669534,1.669534,3.000000,5.045291,-0.004920,0.000889,0.016008,-0.000232,-0.002741,0.362276,0.017806,0.425846,0.237952,0.008610,0.440701,-0.026320,0.290653
3.831000,-5.009793,0.105428,-0.725021,-5.030775,0.866070,-1.807760,1.807760,3.000000,5.104779,-0.004928,0.000848,0.015791,0.001028,-0.002507,0.362450,0.017814,0.425818,0.237898,0.008619,0.440481,-0.026540,0.285217
3.842000,-5.341732,0.131097,-0.740828,-5.362714,0.891739,-1.823567,1.823567,3.000000,5.436350,-0.004932,0.000820,0.015199,0.000882,-0.004801,0.362619,0.017820,0.425766,0.237843,0.008628,0.440261,-0.026760,0.301649
3.853000,-5.595713,0.086234,-0.778051,-5.616695,0.846876,-1.860790,1.860790,3.000000,5.680182,-0.004944,0.000745,0.014723,0.000299,-0.005522,0.362784,0.017822,0.425704,0.237789,0.008637,0.440041,-0.026980,0.304930
3.864000,-5.546414,0.123891,-0.831808,-5.567396,0.884533,-1.914548,1.914548,3.000000,5.637224,-0.004938,0.000785,0.013667,0.000656,-0.006122,0.362936,0.017826,0.425643,0.237735,0.008645,0.439821,-0.027200,0.307156
3.875000,-5.535381,0.099274,-0.834244,-5.556363,0.859916,-1.916983,1.916983,3.000000,5.622511,-0.004941,0.000765,0.013357,0.000197,-0.006351,0.363082,0.017828,0.425567,0.237680,0.008654,0.439601,-0.027420,0.306519
3.886000,-5.481054,0.109758,-0.903029,-5.502036,0.870400,-1.985768,1.985768,3.000000,5.570458,-0.004939,0.000781,0.012479,-0.000430,-0.008830,0.363222,0.017829,0.425479,0.237626,0.008662,0.439381,-0.027640,0.325169
3.897000,-5.619260,0.112050,-0.808410,-5.640242,0.872692,-1.891149,1.891149,3.000000,5.707357,-0.004941,0.000765,0.012809,0.000213,-0.009661,0.363362,0.017832,0.425374,0.237572,0.008671,0.439161,-0.027860,0.330143
3.908000,-5.612571,0.097852,-0.864819,-5.633553,0.858494,-1.947558,1.947558,3.000000,5.698590,-0.004943,0.000753,0.012629,-0.000199,-0.009536,0.363498,0.017835,0.425266,0.237517,0.008679,0.438941,-0.028080,0.327066
3.919000,-5.114917,0.118026,-1.051105,-5.135899,0.878668,-2.133844,2.133844,3.000000,5.210519,-0.004928,0.000843,0.012280,-0.000139,-0.008867,0.363632,0.017834,0.425154,0.237463,0.008688,0.438881,-0.028140,0.322318
3.930000,-4.832021,0.099056,-1.190141,-4.853003,0.859698,-2.272880,2.272880,3.000000,4.928562,-0.004923,0.000872,0.012184,-0.000663,-0.008908,0.363762,0.017836,0.425055,0.237409,0.008697,0.438881,-0.028140,0.324468
3.941000,-4.718657,0.129796,-1.233678,-4.739639,0.890438,-2.316417,2.316417,3.000000,4.822557,-0.004914,0.000923,0.011957,0.000369,-0.008487,0.363892,0.017839,0.424956,0.237355,0.008707,0.438881,-0.028140,0.322663
3.952000,-4.818569,0.163424,-1.259837,-4.839551,0.924066,-2.342576,2.342576,3.000000,4.926982,-0.004911,0.000938,0.012384,-0.000336,-0.008084,0.364025,0.017838,0.424864,0.237301,0.008718,0.438881,-0.028140,0.320901
3.963000,-5.068859,0.147820,-1.199005,-5.089841,0.908462,-2.281744,2.281744,3.000000,5.170279,-0.004922,0.000879,0.012697,0.000309,-0.009342,0.364165,0.017841,0.424764,0.237247,0.008728,0.438881,-0.028140,0.333388
3.974000,-5.299927,0.150418,-1.134354,-5.320909,0.911060,-2.217093,2.217093,3.000000,5.398342,-0.004928,0.000844,0.013195,-0.000485,-0.009854,0.364310,0.017839,0.424658,0.237192,0.008737,0.438881,-0.028140,0.339628
3.985000,-4.933782,0.176762,-1.228816,-4.954764,0.937404,-2.311555,2.311555,3.000000,5.042660,-0.004913,0.000929,0.012165,0.000351,-0.007264,0.364449,0.017843,0.424574,0.237138,0.008747,0.438881,-0.028140,0.319162
3.996000,-4.393973,0.184236,-1.329029,-4.414955,0.944878,-2.411768,2.411768,3.000000,4.514933,-0.004889,0.001046,0.012013,0.000096,-0.006923,0.364584,0.017845,0.424499,0.237084,0.008758,0.438881,-0.028140,0.317632
4.006000,-4.091073,0.205738,-1.344327,-4.112055,0.966380,-2.427066,2.427066,3.000000,4.224084,-0.004867,0.001144,0.011849,0.000172,-0.005681,0.364699,0.017847,0.424441,0.237036,0.008769,0.438881,-0.028140,0.308121
4.016000,-4.112317,0.249747,-1.330620,-4.133299,1.010389,-2.413360,2.413360,3.000000,4.255002,-0.004857,0.001187,0.011976,0.000390,-0.004914,0.364816,0.017848,0.424388,0.236987,0.008780,0.438881,-0.028140,0.302581
4.026000,-4.339760,0.267237,-1.293651,-4.360742,1.027879,-2.376390,2.376390,3.000000,4.480246,-0.004867,0.001147,0.011793,-0.000119,-0.005354,0.364936,0.017850,0.424337,0.236938,0.008792,0.438881,-0.028140,0.307216
4.036000,-4.566152,0.343126,-1.259415,-4.587134,1.103768,-2.342154,2.342154,3.000000,4.718061,-0.004861,0.001170,0.012748,-0.000073,-0.004074,0.365064,0.017852,0.424292,0.236890,0.008804,0.438881,-0.028140,0.297163
4.046000,-4.736449,0.319526,-1.238201,-4.757431,1.080168,-2.320941,2.320941,3.000000,4.878515,-0.004876,0.001107,0.013114,0.000453,-0.004248,0.365197,0.017855,0.424252,0.236841,0.008815,0.438881,-0.028140,0.299371
4.056000,-4.696585,0.361457,-1.277733,-4.717567,1.122099,-2.360472,2.360472,3.000000,4.849180,-0.004864,0.001157,0.013906,0.000962,-0.001632,0.365334,0.017862,0.424230,0.236792,0.008826,0.438881,-0.028140,0.277571
4.066000,-4.335480,0.368291,-1.405514,-4.356462,1.128933,-2.488253,2.488253,3.000000,4.500361,-0.004840,0.001254,0.014148,0.000067,-0.000046,0.365477,0.017865,0.424228,0.236744,0.008838,0.438881,-0.028140,0.264150
4.076000,-4.014788,0.403800,-1.469428,-4.035770,1.164442,-2.552167,2.552167,3.000000,4.200400,-0.004804,0.001386,0.014160,0.000390,0.001997,0.365618,0.017873,0.424248,0.236696,0.008852,0.438881,-0.028140,0.246446
4.086000,-3.983767,0.378674,-1.404352,-4.004749,1.139317,-2.487092,2.487092,3.000000,4.163659,-0.004809,0.001368,0.015499,0.000722,0.004021,0.365768,0.017880,0.424283,0.236648,0.008866,0.438881,-0.028140,0.228651
4.096000,-4.194399,0.346911,-1.383574,-4.215381,1.107553,-2.466313,2.466313,3.000000,4.358452,-0.004836,0.001271,0.016712,0.000957,0.004446,0.365931,0.017888,0.424329,0.236599,0.008879,0.438881,-0.028140,0.224215
4.106000,-4.680632,0.413511,-1.226201,-4.701614,1.174153,-2.308940,2.308940,3.000000,4.846009,-0.004851,0.001211,0.018319,0.001021,0.004760,0.366110,0.017895,0.424377,0.236551,0.008891,0.438881,-0.028140,0.220686
4.116000,-4.981284,0.411171,-1.126925,-5.002266,1.171813,-2.209664,2.209664,3.000000,5.137685,-0.004868,0.001140,0.019085,0.001196,0.006141,0.366301,0.017904,0.424434,0.236502,0.008903,0.438881,-0.028140,0.207936
4.126000,-4.891100,0.447163,-1.106117,-4.912082,1.207805,-2.188856,2.188856,3.000000,5.058393,-0.004855,0.001194,0.019601,0.001232,0.006334,0.366500,0.017914,0.424501,0.236454,0.008914,0.438881,-0.028140,0.205108
4.136000,-4.492221,0.428652,-1.153949,-4.513203,1.189294,-2.236688,2.236688,3.000000,4.667271,-0.004835,0.001274,0.018972,0.000863,0.007779,0.366691,0.017922,0.424573,0.236405,0.008927,0.438881,-0.028140,0.191540
4.146000,-4.152712,0.451867,-1.302973,-4.173694,1.212509,-2.385712,2.385712,3.000000,4.346252,-0.004801,0.001395,0.018769,0.001643,0.008143,0.366886,0.017932,0.424659,0.236357,0.008940,0.438881,-0.028140,0.186907
4.156000,-4.113515,0.451049,-1.384343,-4.134497,1.211691,-2.467082,2.467082,3.000000,4.308394,-0.004798,0.001406,0.019546,0.001100,0.009083,0.367081,0.017941,0.424752,0.236309,0.008954,0.438881,-0.028140,0.177258
4.166000,-4.498709,0.454234,-1.376805,-4.519691,1.214876,-2.459544,2.459544,3.000000,4.680121,-0.004829,0.001298,0.020466,0.001331,0.009466,0.367284,0.017952,0.424848,0.236261,0.008968,0.438881,-0.028140,0.172282
4.176000,-4.905672,0.432292,-1.387091,-4.926654,1.192934,-2.469830,2.469830,3.000000,5.069025,-0.004860,0.001177,0.021930,0.000933,0.010604,0.367500,0.017962,0.424954,0.236212,0.008980,0.438881,-0.028140,0.160722
4.186000,-5.348557,0.456462,-1.452607,-5.369539,1.217104,-2.535346,2.535346,3.000000,5.505750,-0.004876,0.001105,0.022771,0.001798,0.011622,0.367727,0.017978,0.425073,0.236164,0.008991,0.438881,-0.028140,0.149928
4.196000,-5.490591,0.480030,-1.521670,-5.511573,1.240672,-2.604409,2.604409,3.000000,5.649487,-0.004878,0.001098,0.023605,0.000559,0.013433,0.367962,0.017988,0.425203,0.236115,0.009002,0.438881,-0.028140,0.132231
4.206000,-5.383789,0.518647,-1.613010,-5.404771,1.279289,-2.695749,2.695749,3.000000,5.554109,-0.004866,0.001152,0.023659,0.000214,0.013306,0.368197,0.017999,0.425343,0.236066,0.009014,0.438881,-0.028140,0.130777
4.216000,-5.250613,0.537764,-1.603867,-5.271595,1.298406,-2.686606,2.686606,3.000000,5.429141,-0.004855,0.001196,0.022824,0.001338,0.015385,0.368425,0.018010,0.425500,0.236018,0.009025,0.438881,-0.028140,0.110314
4.226000,-5.168196,0.580549,-1.625621,-5.189178,1.341191,-2.708360,2.708360,3.000000,5.359698,-0.004841,0.001251,0.023468,0.000907,0.016215,0.368666,0.018018,0.425670,0.235969,0.009038,0.438881,-0.028140,0.100211
4.236000,-5.234053,0.715402,-1.497841,-5.255035,1.476044,-2.580580,2.580580,3.000000,5.458397,-0.004814,0.001352,0.022695,-0.000268,0.014891,0.368897,0.018019,0.425823,0.235921,0.009051,0.438881,-0.028140,0.108699
4.246000,-5.201038,0.766113,-1.366573,-5.222020,1.526755,-2.449312,2.449312,3.000000,5.440632,-0.004799,0.001403,0.022375,0.000137,0.014469,0.369127,0.018022,0.425977,0.235873,0.009065,0.438881,-0.028140,0.109505
4.256000,-5.247856,0.843224,-1.298705,-5.268837,1.603866,-2.381444,2.381444,3.000000,5.507543,-0.004783,0.001456,0.021903,-0.001177,0.014400,0.369350,0.018016,0.426120,0.235825,0.009079,0.438881,-0.028140,0.107510
4.266000,-5.069771,0.833132,-1.286234,-5.090753,1.593774,-2.368973,2.368973,3.000000,5.334406,-0.004772,0.001494,0.020623,-0.000726,0.014720,0.369560,0.018008,0.426262,0.235777,0.009094,0.438881,-0.028140,0.102241
4.276000,-4.836498,0.701645,-1.315903,-4.857480,1.462287,-2.398642,2.398642,3.000000,5.072809,-0.004788,0.001441,0.021235,0.000418,0.014893,0.369773,0.018010,0.426414,0.235730,0.009109,0.438881,-0.028140,0.098040
4.286000,-4.926619,0.646011,-1.274723,-4.947601,1.406653,-2.357462,2.357462,3.000000,5.143679,-0.004809,0.001367,0.021554,-0.000300,0.015504,0.369987,0.018009,0.426566,0.235681,0.009122,0.438881,-0.028140,0.090118
4.296000,-5.039673,0.731703,-1.251380,-5.060655,1.492345,-2.334119,2.334119,3.000000,5.276108,-0.004796,0.001414,0.021893,0.000106,0.015282,0.370201,0.018007,0.426719,0.235633,0.009136,0.438881,-0.028140,0.089254
4.306000,-5.061915,0.740390,-1.182106,-5.082897,1.501032,-2.264845,2.264845,3.000000,5.299900,-0.004795,0.001416,0.020935,-0.000637,0.013443,0.370417,0.018002,0.426863,0.235586,0.009150,0.438881,-0.028140,0.102260
4.316000,-5.048650,0.746968,-1.045231,-5.069632,1.507610,-2.127970,2.127970,3.000000,5.289051,-0.004793,0.001425,0.019942,-0.001206,0.012926,0.370617,0.017994,0.426987,0.235538,0.009165,0.438881,-0.028140,0.104419
4.326000,-4.880111,0.769892,-1.037764,-4.901093,1.530534,-2.120503,2.120503,3.000000,5.134515,-0.004773,0.001490,0.018371,-0.000847,0.009827,0.370805,0.017987,0.427088,0.235490,0.009179,0.438881,-0.028140,0.128886
4.336000,-4.710236,0.789790,-1.067181,-4.731218,1.550432,-2.149920,2.149920,3.000000,4.978782,-0.004751,0.001557,0.016684,-0.001466,0.008606,0.370978,0.017973,0.427178,0.235442,0.009195,0.438881,-0.028140,0.137626
4.346000,-4.568187,0.787097,-1.088473,-4.589169,1.547739,-2.171212,2.171212,3.000000,4.843136,-0.004738,0.001598,0.016163,-0.001328,0.008075,0.371143,0.017962,0.427257,0.235395,0.009210,0.438881,-0.028140,0.140718
4.356000,-4.545431,0.744585,-1.115023,-4.566413,1.505227,-2.197762,2.197762,3.000000,4.808101,-0.004749,0.001565,0.015868,-0.001325,0.005886,0.371297,0.017954,0.427319,0.235347,0.009226,0.438881,-0.028140,0.158178
4.366000,-4.691467,0.640728,-1.144081,-4.712449,1.401370,-2.226821,2.226821,3.000000,4.916402,-0.004793,0.001425,0.015100,0.000003,0.005087,0.371449,0.017951,0.427372,0.235300,0.009241,0.438881,-0.028140,0.163998
4.376000,-4.682839,0.587396,-1.183616,-4.703821,1.348038,-2.266355,2.266355,3.000000,4.893173,-0.004807,0.001377,0.014321,-0.000101,0.003578,0.371595,0.017952,0.427411,0.235252,0.009255,0.438881,-0.028140,0.176108
4.386000,-4.722779,0.542319,-1.202039,-4.743761,1.302961,-2.284778,2.284778,3.000000,4.919448,-0.004821,0.001324,0.013745,0.000534,0.002839,0.371731,0.017957,0.427443,0.235203,0.009269,0.438881,-0.028140,0.181801
4.396000,-4.759134,0.538699,-1.239671,-4.780115,1.299341,-2.322411,2.322411,3.000000,4.953564,-0.004825,0.001312,0.013706,0.001053,0.002640,0.371869,0.017963,0.427470,0.235155,0.009282,0.438881,-0.028140,0.183002
4.406000,-4.859811,0.521933,-1.225233,-4.880793,1.282575,-2.307972,2.307972,3.000000,5.046498,-0.004836,0.001271,0.014491,0.000788,0.001823,0.372008,0.017971,0.427488,0.235107,0.009295,0.438881,-0.028140,0.189613
4.416000,-5.020958,0.522049,-1.229700,-5.041939,1.282691,-2.312440,2.312440,3.000000,5.202543,-0.004846,0.001233,0.014494,0.000790,0.001514,0.372147,0.017978,0.427503,0.235058,0.009307,0.438881,-0.028140,0.191961
4.426000,-4.750580,0.493829,-1.341818,-4.771562,1.254471,-2.424557,2.424557,3.000000,4.933710,-0.004836,0.001271,0.013657,0.000649,0.003625,0.372285,0.017983,0.427533,0.235010,0.009320,0.438881,-0.028140,0.173515
4.436000,-4.509664,0.492699,-1.336562,-4.530646,1.253341,-2.419301,2.419301,3.000000,4.700811,-0.004819,0.001333,0.013379,-0.000679,0.003866,0.372415,0.017985,0.427563,0.234962,0.009333,0.438881,-0.028140,0.170925
4.446000,-4.397238,0.558742,-1.326439,-4.418220,1.319384,-2.409178,2.409178,3.000000,4.611013,-0.004791,0.001431,0.013361,0.000159,0.002726,0.372550,0.017990,0.427596,0.234914,0.009347,0.438881,-0.028140,0.180003
4.456000,-4.491960,0.594551,-1.247822,-4.512942,1.355193,-2.330561,2.330561,3.000000,4.712027,-0.004789,0.001438,0.013308,0.000296,0.002654,0.372680,0.017994,0.427624,0.234866,0.009361,0.438881,-0.028140,0.180107
4.466000,-4.814227,0.617610,-1.217672,-4.835209,1.378252,-2.300411,2.300411,3.000000,5.027805,-0.004808,0.001371,0.013258,0.000434,0.002082,0.372818,0.017999,0.427650,0.234818,0.009375,0.438881,-0.028140,0.184503
4.476000,-5.029769,0.570575,-1.136552,-5.050750,1.331217,-2.219291,2.219291,3.000000,5.223238,-0.004835,0.001274,0.013923,0.001884,0.002211,0.372958,0.018010,0.427672,0.234770,0.009388,0.438881,-0.028140,0.183002
4.486000,-4.999248,0.561519,-1.266397,-5.020229,1.322161,-2.349136,2.349136,3.000000,5.191417,-0.004835,0.001273,0.014628,0.001079,0.004632,0.373103,0.018021,0.427713,0.234721,0.009401,0.438881,-0.028140,0.161721
4.496000,-4.911121,0.519438,-1.392776,-4.932103,1.280081,-2.475515,2.475515,3.000000,5.095513,-0.004840,0.001256,0.015305,0.000533,0.005453,0.373254,0.018029,0.427768,0.234673,0.009414,0.438881,-0.028140,0.153772
4.506000,-4.933512,0.498968,-1.400989,-4.954494,1.259610,-2.483728,2.483728,3.000000,5.112106,-0.004846,0.001232,0.015966,0.000551,0.006285,0.373412,0.018037,0.427827,0.234624,0.009426,0.438881,-0.028140,0.145657
4.516000,-4.922879,0.483557,-1.521722,-4.943861,1.244199,-2.604461,2.604461,3.000000,5.098019,-0.004849,0.001220,0.016631,-0.000069,0.007873,0.373577,0.018042,0.427904,0.234576,0.009438,0.438881,-0.028140,0.130789
4.526000,-4.830574,0.482870,-1.568641,-4.851556,1.243512,-2.651380,2.651380,3.000000,5.008385,-0.004843,0.001241,0.017667,0.001307,0.009477,0.373751,0.018053,0.427994,0.234528,0.009451,0.438881,-0.028140,0.115557
4.536000,-4.964652,0.464453,-1.489125,-4.985634,1.225095,-2.571864,2.571864,3.000000,5.133946,-0.004856,0.001193,0.018680,-0.000045,0.010203,0.373936,0.018058,0.428096,0.234479,0.009463,0.438881,-0.028140,0.107569
4.546000,-5.012219,0.466421,-1.411074,-5.033201,1.227063,-2.493813,2.493813,3.000000,5.180617,-0.004858,0.001184,0.019896,0.001437,0.011885,0.374132,0.018071,0.428211,0.234430,0.009475,0.438881,-0.028140,0.091215
4.556000,-5.159367,0.467128,-1.268181,-5.180349,1.227770,-2.350920,2.350920,3.000000,5.323856,-0.004865,0.001153,0.020472,0.001800,0.010407,0.374335,0.018086,0.428320,0.234382,0.009486,0.438881,-0.028140,0.101801
4.566000,-5.328919,0.411700,-1.199097,-5.349900,1.172342,-2.281836,2.281836,3.000000,5.476844,-0.004884,0.001070,0.021583,0.001066,0.011017,0.374552,0.018099,0.428429,0.234333,0.009497,0.438881,-0.028140,0.094656
4.576000,-5.366171,0.425895,-1.243485,-5.387153,1.186537,-2.326224,2.326224,3.000000,5.516275,-0.004883,0.001075,0.022117,0.001424,0.012279,0.374771,0.018116,0.428545,0.234284,0.009508,0.438881,-0.028140,0.081862
4.586000,-5.345626,0.404369,-1.256816,-5.366608,1.165011,-2.339555,2.339555,3.000000,5.491606,-0.004886,0.001061,0.022231,0.000635,0.010961,0.374994,0.018125,0.428652,0.234235,0.009519,0.438881,-0.028140,0.091117
4.596000,-5.322159,0.319012,-1.211358,-5.343141,1.079654,-2.294097,2.294097,3.000000,5.451129,-0.004901,0.000990,0.023197,0.001178,0.012290,0.375218,0.018138,0.428769,0.234186,0.009529,0.438881,-0.028140,0.077734
4.606000,-5.392198,0.339043,-1.120542,-5.413180,1.099685,-2.203281,2.203281,3.000000,5.523751,-0.004900,0.000995,0.023328,0.001226,0.011059,0.375455,0.018150,0.428887,0.234137,0.009539,0.438881,-0.028140,0.086058
4.616000,-5.701885,0.336551,-1.058098,-5.722867,1.097193,-2.140837,2.140837,3.000000,5.827095,-0.004911,0.000941,0.024246,0.000619,0.011005,0.375697,0.018158,0.428994,0.234088,0.009549,0.438881,-0.028140,0.084592
4.626000,-5.860292,0.321082,-1.030225,-5.881274,1.081724,-2.112965,2.112965,3.000000,5.979926,-0.004918,0.000904,0.024485,0.001602,0.009795,0.375942,0.018172,0.429098,0.234039,0.009558,0.438881,-0.028140,0.092993
4.636000,-6.029243,0.291220,-0.938935,-6.050225,1.051862,-2.021674,2.021674,3.000000,6.140980,-0.004926,0.000856,0.025101,0.001292,0.009870,0.376190,0.018183,0.429194,0.233990,0.009567,0.438881,-0.028140,0.090630
4.646000,-6.012164,0.292331,-0.936479,-6.033146,1.052973,-2.019218,2.019218,3.000000,6.124345,-0.004926,0.000860,0.024756,0.000895,0.009430,0.376439,0.018194,0.429286,0.233941,0.009575,0.438881,-0.028140,0.092691
4.656000,-5.678102,0.287649,-0.940966,-5.699083,1.048291,-2.023705,2.023705,3.000000,5.794693,-0.004918,0.000905,0.024094,0.000569,0.011090,0.376682,0.018204,0.429391,0.233892,0.009584,0.438881,-0.028140,0.076711
4.666000,-5.217064,0.275735,-0.977457,-5.238046,1.036377,-2.060196,2.060196,3.000000,5.339588,-0.004905,0.000970,0.022758,0.001215,0.010649,0.376916,0.018217,0.429502,0.233842,0.009593,0.438881,-0.028140,0.078467
4.676000,-5.083983,0.308485,-0.929478,-5.104965,1.069127,-2.012217,2.012217,3.000000,5.215716,-0.004894,0.001025,0.022533,0.001420,0.010269,0.377143,0.018228,0.429603,0.233793,0.009603,0.438881,-0.028140,0.079884
4.686000,-5.132371,0.352737,-0.953265,-5.153353,1.113379,-2.036004,2.036004,3.000000,5.272254,-0.004887,0.001056,0.022629,0.000259,0.008364,0.377363,0.018234,0.429691,0.233745,0.009614,0.438881,-0.028140,0.094454
4.696000,-5.498035,0.331685,-0.802953,-5.519017,1.092327,-1.885692,1.885692,3.000000,5.626075,-0.004905,0.000971,0.022421,0.001769,0.007896,0.377588,0.018250,0.429781,0.233696,0.009624,0.438721,-0.028300,0.093933
4.706000,-5.757394,0.337931,-0.734662,-5.778376,1.098573,-1.817402,1.817402,3.000000,5.881878,-0.004912,0.000934,0.022667,0.001992,0.008844,0.377816,0.018262,0.429860,0.233647,0.009633,0.438521,-0.028500,0.080852
4.716000,-5.592404,0.365354,-0.725473,-5.613386,1.125996,-1.808212,1.808212,3.000000,5.725205,-0.004902,0.000983,0.022372,0.001390,0.008814,0.378037,0.018272,0.429945,0.233597,0.009643,0.438321,-0.028700,0.075993
4.726000,-5.448155,0.380348,-0.642887,-5.469137,1.140990,-1.725626,1.725626,3.000000,5.586888,-0.004895,0.001021,0.021165,0.000927,0.006472,0.378250,0.018280,0.430016,0.233548,0.009653,0.438121,-0.028900,0.090982
4.736000,-5.248386,0.347139,-0.605660,-5.269368,1.107781,-1.688399,1.688399,3.000000,5.384553,-0.004893,0.001029,0.020492,0.000218,0.005329,0.378456,0.018284,0.430073,0.233500,0.009663,0.437921,-0.029100,0.096042
4.746000,-5.195997,0.386340,-0.642166,-5.216979,1.146982,-1.724906,1.724906,3.000000,5.341577,-0.004883,0.001074,0.019433,0.001544,0.004343,0.378652,0.018293,0.430118,0.233451,0.009674,0.437721,-0.029300,0.099998
4.756000,-5.168005,0.377325,-0.705948,-5.188986,1.137967,-1.788688,1.788688,3.000000,5.312302,-0.004884,0.001071,0.018908,0.000786,0.002303,0.378837,0.018302,0.430145,0.233402,0.009685,0.437521,-0.029500,0.113226
4.766000,-5.203338,0.455578,-0.810645,-5.224320,1.216220,-1.893385,1.893385,3.000000,5.364020,-0.004870,0.001134,0.018474,0.000445,0.001698,0.379023,0.018312,0.430167,0.233353,0.009696,0.437321,-0.029700,0.114370
4.776000,-5.075209,0.404390,-0.874362,-5.096191,1.165032,-1.957102,1.957102,3.000000,5.227663,-0.004874,0.001114,0.017987,0.000704,0.001621,0.379206,0.018320,0.430181,0.233304,0.009707,0.437121,-0.029900,0.111173
4.786000,-4.992691,0.372069,-0.930487,-5.013673,1.132711,-2.013226,2.013226,3.000000,5.140034,-0.004877,0.001102,0.017663,0.000739,0.000261,0.379384,0.018326,0.430193,0.233256,0.009718,0.437041,-0.029980,0.121049
4.796000,-4.984420,0.380445,-0.957963,-5.005402,1.141087,-2.040702,2.040702,3.000000,5.133822,-0.004875,0.001111,0.017435,0.000269,0.000865,0.379556,0.018331,0.430201,0.233207,0.009729,0.436981,-0.030040,0.114704
4.806000,-4.839475,0.400920,-1.072887,-4.860457,1.161562,-2.155626,2.155626,3.000000,4.997326,-0.004863,0.001162,0.016175,0.000372,0.000417,0.379720,0.018335,0.430198,0.233158,0.009740,0.436981,-0.030040,0.118550
4.816000,-5.057336,0.403403,-1.021548,-5.078318,1.164045,-2.104287,2.104287,3.000000,5.210020,-0.004874,0.001117,0.016306,-0.000136,-0.001907,0.379883,0.018338,0.430178,0.233109,0.009752,0.436981,-0.030040,0.138635
4.826000,-5.233083,0.378026,-0.959851,-5.254065,1.138668,-2.042590,2.042590,3.000000,5.376036,-0.004887,0.001059,0.016563,0.000393,-0.001995,0.380048,0.018342,0.430151,0.233061,0.009763,0.436981,-0.030040,0.139868
4.836000,-5.163646,0.408543,-1.069638,-5.184628,1.169185,-2.152377,2.152377,3.000000,5.314825,-0.004878,0.001100,0.016292,0.000673,-0.001185,0.380207,0.018349,0.430135,0.233012,0.009774,0.436981,-0.030040,0.133278
4.846000,-4.865549,0.391196,-1.193652,-4.886531,1.151838,-2.276391,2.276391,3.000000,5.020450,-0.004867,0.001147,0.015903,0.000948,-0.000050,0.380368,0.018356,0.430130,0.232963,0.009785,0.436981,-0.030040,0.123748
4.856000,-4.688773,0.389163,-1.301215,-4.709755,1.149805,-2.383954,2.383954,3.000000,4.848077,-0.004857,0.001186,0.016227,0.001218,0.001278,0.380526,0.018363,0.430136,0.232915,0.009797,0.436981,-0.030040,0.112364
4.866000,-4.760375,0.415042,-1.336019,-4.781357,1.175684,-2.418758,2.418758,3.000000,4.923780,-0.004855,0.001194,0.016392,0.000870,0.000983,0.380686,0.018366,0.430146,0.232866,0.009808,0.436981,-0.030040,0.114701
4.876000,-4.931235,0.395884,-1.259343,-4.952217,1.156526,-2.342082,2.342082,3.000000,5.085470,-0.004869,0.001137,0.016760,0.001131,0.002489,0.380853,0.018372,0.430165,0.232817,0.009820,0.436981,-0.030040,0.101571
4.886000,-5.164478,0.420488,-1.250362,-5.185460,1.181130,-2.333101,2.333101,3.000000,5.318277,-0.004875,0.001110,0.017473,0.001409,0.001788,0.381028,0.018380,0.430182,0.232769,0.009831,0.436981,-0.030040,0.107219
4.896000,-5.495540,0.455847,-1.195670,-5.516522,1.216489,-2.278410,2.278410,3.000000,5.649058,-0.004883,0.001077,0.019009,0.000538,0.002863,0.381220,0.018385,0.430211,0.232720,0.009842,0.436981,-0.030040,0.097571
4.906000,-5.481626,0.451689,-1.262077,-5.502608,1.212331,-2.344816,2.344816,3.000000,5.634576,-0.004883,0.001076,0.020351,0.000936,0.004799,0.381423,0.018393,0.430254,0.232671,0.009853,0.436981,-0.030040,0.080368
4.916000,-5.157161,0.375157,-1.388229,-5.178143,1.135799,-2.470968,2.470968,3.000000,5.301245,-0.004884,0.001071,0.020723,0.000519,0.007132,0.381631,0.018402,0.430320,0.232622,0.009863,0.436981,-0.030040,0.059391
4.926000,-4.847794,0.374843,-1.446917,-4.868776,1.135485,-2.529656,2.529656,3.000000,4.999430,-0.004869,0.001136,0.020913,0.000340,0.009588,0.381836,0.018411,0.430400,0.232573,0.009875,0.436981,-0.030040,0.037111
4.936000,-4.735925,0.387284,-1.467425,-4.756907,1.147926,-2.550164,2.550164,3.000000,4.893454,-0.004860,0.001173,0.021258,0.000034,0.009607,0.382050,0.018418,0.430502,0.232525,0.009886,0.436981,-0.030040,0.035107
4.946000,-5.159405,0.410424,-1.287109,-5.180387,1.171066,-2.369849,2.369849,3.000000,5.311102,-0.004877,0.001102,0.023702,0.000551,0.008919,0.382279,0.018430,0.430599,0.232476,0.009898,0.436981,-0.030040,0.039195
4.956000,-5.629543,0.474736,-1.109091,-5.650525,1.235378,-2.191830,2.191830,3.000000,5.783994,-0.004885,0.001068,0.025123,0.000075,0.010399,0.382529,0.018438,0.430704,0.232427,0.009908,0.436981,-0.030040,0.024753
4.966000,-5.707039,0.456335,-1.046924,-5.728021,1.216977,-2.129664,2.129664,3.000000,5.855874,-0.004891,0.001039,0.024867,0.000982,0.009556,0.382781,0.018451,0.430803,0.232378,0.009919,0.436981,-0.030040,0.030118
4.976000,-5.461878,0.399480,-1.163590,-5.482860,1.160122,-2.246330,2.246330,3.000000,5.604252,-0.004892,0.001035,0.024773,0.001487,0.010857,0.383032,0.018467,0.430915,0.232329,0.009929,0.436981,-0.030040,0.017068
4.986000,-5.156397,0.438898,-1.183695,-5.177378,1.199540,-2.266434,2.266434,3.000000,5.314522,-0.004871,0.001129,0.024257,-0.000172,0.011255,0.383277,0.018478,0.431024,0.232281,0.009940,0.436981,-0.030040,0.011729
4.996000,-5.048331,0.468611,-1.194373,-5.069313,1.229253,-2.277113,2.277113,3.000000,5.216224,-0.004859,0.001178,0.025317,0.000543,0.011338,0.383523,0.018489,0.431140,0.232232,0.009952,0.436981,-0.030040,0.008931
5.006000,-5.216855,0.469380,-1.136630,-5.237837,1.230022,-2.219370,2.219370,3.000000,5.380324,-0.004868,0.001143,0.025636,0.000536,0.012215,0.383784,0.018498,0.431262,0.232183,0.009963,0.436981,-0.030040,-0.000696
5.016000,-5.494192,0.496161,-1.061723,-5.515174,1.256803,-2.144462,2.144462,3.000000,5.656562,-0.004875,0.001111,0.026014,0.000315,0.010995,0.384042,0.018505,0.431372,0.232135,0.009974,0.436981,-0.030040,0.007677
5.026000,-5.802234,0.515794,-0.911533,-5.823216,1.276436,-1.994272,1.994272,3.000000,5.961470,-0.004884,0.001071,0.026194,0.000997,0.010152,0.384302,0.018515,0.431469,0.232086,0.009985,0.436961,-0.030060,0.012710
5.036000,-5.678309,0.493187,-1.007414,-5.699291,1.253829,-2.090153,2.090153,3.000000,5.835581,-0.004883,0.001074,0.025719,0.000467,0.012603,0.384560,0.018526,0.431587,0.232037,0.009996,0.436881,-0.030140,-0.011649
5.046000,-5.246442,0.457544,-1.217454,-5.267424,1.218186,-2.300193,2.300193,3.000000,5.406453,-0.004871,0.001127,0.024841,0.002322,0.012759,0.384812,0.018545,0.431721,0.231988,0.010007,0.436881,-0.030140,-0.015386
5.056000,-5.009133,0.358061,-1.175744,-5.030115,1.118703,-2.258483,2.258483,3.000000,5.153014,-0.004881,0.001085,0.025137,0.001969,0.014366,0.385061,0.018566,0.431862,0.231939,0.010018,0.436881,-0.030140,-0.031559
5.066000,-4.980775,0.348352,-1.209442,-5.001757,1.108994,-2.292182,2.292182,3.000000,5.123226,-0.004881,0.001082,0.024898,0.001962,0.014672,0.385305,0.018586,0.432011,0.231891,0.010029,0.436881,-0.030140,-0.036829
5.076000,-5.119084,0.248525,-1.167607,-5.140066,1.009167,-2.250346,2.250346,3.000000,5.238196,-0.004906,0.000963,0.025069,0.001627,0.013265,0.385558,0.018606,0.432156,0.231842,0.010039,0.436881,-0.030140,-0.027492
5.086000,-5.344729,0.271100,-1.073204,-5.365711,1.031742,-2.155943,2.155943,3.000000,5.464004,-0.004910,0.000944,0.024962,0.001383,0.012804,0.385807,0.018616,0.432291,0.231793,0.010049,0.436881,-0.030140,-0.026023
5.096000,-5.398840,0.301270,-1.047383,-5.419822,1.061912,-2.130122,2.130122,3.000000,5.522873,-0.004907,0.000961,0.025518,0.000554,0.015661,0.386059,0.018621,0.432444,0.231743,0.010058,0.436881,-0.030140,-0.053015
5.106000,-5.363822,0.305266,-0.959381,-5.384804,1.065908,-2.042120,2.042120,3.000000,5.489287,-0.004905,0.000971,0.025217,0.000853,0.015047,0.386309,0.018631,0.432591,0.231694,0.010068,0.436881,-0.030140,-0.050456
5.116000,-5.468976,0.336261,-0.836594,-5.489958,1.096903,-1.919333,1.919333,3.000000,5.598468,-0.004903,0.000980,0.025198,0.000951,0.013382,0.386564,0.018643,0.432734,0.231645,0.010078,0.436721,-0.030300,-0.041789
5.126000,-5.551305,0.339733,-0.752309,-5.572287,1.100375,-1.835048,1.835048,3.000000,5.679895,-0.004905,0.000969,0.025230,0.000633,0.012775,0.386817,0.018652,0.432865,0.231596,0.010087,0.436521,-0.030500,-0.042590
5.136000,-5.217357,0.309648,-0.867276,-5.238339,1.070290,-1.950015,1.950015,3.000000,5.346561,-0.004899,0.001001,0.024831,0.001271,0.012565,0.387062,0.018665,0.432994,0.231547,0.010097,0.436321,-0.030700,-0.046722
5.146000,-5.106518,0.299830,-0.880778,-5.127500,1.060472,-1.963517,1.963517,3.000000,5.236016,-0.004896,0.001013,0.024992,-0.000046,0.011943,0.387312,0.018669,0.433107,0.231498,0.010107,0.436121,-0.030900,-0.047079
5.156000,-5.003299,0.325947,-0.887562,-5.024281,1.086589,-1.970301,1.970301,3.000000,5.140436,-0.004887,0.001057,0.024068,0.000017,0.010944,0.387557,0.018673,0.433214,0.231449,0.010117,0.435921,-0.031100,-0.044137
5.166000,-4.839365,0.337069,-0.993993,-4.860347,1.097711,-2.076732,2.076732,3.000000,4.982765,-0.004877,0.001102,0.024486,0.000015,0.011205,0.387800,0.018677,0.433321,0.231401,0.010128,0.435881,-0.031140,-0.048991
5.176000,-5.053023,0.337652,-1.103559,-5.074005,1.098295,-2.186298,2.186298,3.000000,5.191510,-0.004887,0.001058,0.025420,-0.000748,0.009999,0.388051,0.018678,0.433419,0.231352,0.010139,0.435881,-0.031140,-0.040521
5.186000,-5.277132,0.423512,-1.223173,-5.298114,1.184154,-2.305912,2.305912,3.000000,5.428833,-0.004880,0.001091,0.025653,-0.000420,0.009909,0.388305,0.018673,0.433519,0.231303,0.010150,0.435881,-0.031140,-0.041565
5.196000,-5.317225,0.400811,-1.323984,-5.338207,1.161453,-2.406724,2.406724,3.000000,5.463097,-0.004886,0.001063,0.025938,-0.001633,0.009894,0.388568,0.018660,0.433621,0.231254,0.010161,0.435881,-0.031140,-0.043267
5.206000,-5.279200,0.401584,-1.350242,-5.300182,1.162226,-2.432981,2.432981,3.000000,5.426113,-0.004884,0.001071,0.027273,-0.001374,0.011319,0.388831,0.018647,0.433726,0.231205,0.010171,0.435881,-0.031140,-0.057241
5.216000,-5.167215,0.488951,-1.403625,-5.188197,1.249593,-2.486364,2.486364,3.000000,5.336560,-0.004861,0.001171,0.025933,-0.001540,0.009430,0.389099,0.018630,0.433821,0.231157,0.010182,0.435881,-0.031140,-0.042943
5.226000,-4.781688,0.530460,-1.447567,-4.802670,1.291102,-2.530306,2.530306,3.000000,4.973186,-0.004829,0.001298,0.024900,-0.001343,0.011499,0.389351,0.018620,0.433934,0.231108,0.010195,0.435881,-0.031140,-0.062519
5.236000,-4.223658,0.474767,-1.597937,-4.244640,1.235409,-2.680676,2.680676,3.000000,4.420770,-0.004801,0.001397,0.023417,-0.000732,0.012992,0.389588,0.018613,0.434058,0.231060,0.010208,0.435881,-0.031140,-0.077417
5.246000,-4.120225,0.503844,-1.546378,-4.141207,1.264486,-2.629117,2.629117,3.000000,4.329956,-0.004782,0.001460,0.024427,0.000285,0.012836,0.389832,0.018609,0.434181,0.231012,0.010223,0.435881,-0.031140,-0.078318
5.256000,-4.355163,0.551173,-1.538938,-4.376145,1.311815,-2.621678,2.621678,3.000000,4.568534,-0.004789,0.001436,0.025858,0.000396,0.012817,0.390087,0.018607,0.434308,0.230964,0.010237,0.435881,-0.031140,-0.080433
5.266000,-4.752019,0.584262,-1.481825,-4.773001,1.344904,-2.564564,2.564564,3.000000,4.958861,-0.004813,0.001356,0.027120,-0.000560,0.012670,0.390356,0.018608,0.434436,0.230916,0.010251,0.435881,-0.031140,-0.081494
5.276000,-5.131751,0.593322,-1.311609,-5.152733,1.353964,-2.394348,2.394348,3.000000,5.327652,-0.004836,0.001271,0.028004,0.000651,0.011778,0.390637,0.018612,0.434557,0.230868,0.010264,0.435881,-0.031140,-0.076108
5.286000,-5.159020,0.613131,-1.219392,-5.180002,1.373773,-2.302131,2.302131,3.000000,5.359074,-0.004833,0.001282,0.029065,-0.000739,0.012693,0.390926,0.018605,0.434689,0.230820,0.010277,0.435881,-0.031140,-0.086242
5.296000,-4.954543,0.630873,-1.251760,-4.975525,1.391515,-2.334499,2.334499,3.000000,5.166446,-0.004815,0.001347,0.029323,-0.000355,0.013846,0.391226,0.018601,0.434826,0.230771,0.010290,0.435881,-0.031140,-0.098496
5.306000,-4.687198,0.655224,-1.208779,-4.708180,1.415866,-2.291518,2.291518,3.000000,4.916465,-0.004788,0.001440,0.029795,-0.000385,0.015002,0.391523,0.018595,0.434971,0.230723,0.010304,0.435881,-0.031140,-0.110912
5.316000,-4.373212,0.676657,-1.163103,-4.394194,1.437299,-2.245842,2.245842,3.000000,4.623286,-0.004752,0.001554,0.029476,0.000278,0.014646,0.391818,0.018590,0.435118,0.230676,0.010319,0.435881,-0.031140,-0.110534
5.326000,-4.191175,0.662674,-1.092617,-4.212157,1.423316,-2.175357,2.175357,3.000000,4.446133,-0.004737,0.001601,0.028600,0.000351,0.013928,0.392111,0.018589,0.435270,0.230628,0.010335,0.435881,-0.031140,-0.107176
5.336000,-4.253317,0.686546,-0.977029,-4.274299,1.447188,-2.059768,2.059768,3.000000,4.512647,-0.004736,0.001603,0.028687,-0.000081,0.013149,0.392396,0.018587,0.435405,0.230581,0.010351,0.435881,-0.031140,-0.102992
5.346000,-4.384450,0.765309,-0.932407,-4.405432,1.525951,-2.015146,2.015146,3.000000,4.662227,-0.004725,0.001637,0.028093,-0.000421,0.011949,0.392678,0.018582,0.435529,0.230533,0.010367,0.435881,-0.031140,-0.095055
5.356000,-4.735034,0.773954,-0.770530,-4.756016,1.534596,-1.853269,1.853269,3.000000,4.997467,-0.004758,0.001535,0.027637,-0.000238,0.009659,0.392951,0.018577,0.435628,0.230486,0.010383,0.435701,-0.031320,-0.080637
5.366000,-4.990675,0.790635,-0.607277,-5.011657,1.551277,-1.690016,1.690016,3.000000,5.246252,-0.004776,0.001478,0.026097,-0.001468,0.007365,0.393208,0.018568,0.435706,0.230438,0.010398,0.435501,-0.031520,-0.066175
5.376000,-4.883414,0.788157,-0.634819,-4.904396,1.548799,-1.717558,1.717558,3.000000,5.143139,-0.004768,0.001506,0.024647,-0.000532,0.007037,0.393465,0.018564,0.435784,0.230391,0.010413,0.435301,-0.031720,-0.068396
5.386000,-4.690419,0.725022,-0.703176,-4.711401,1.485664,-1.785915,1.785915,3.000000,4.940091,-0.004769,0.001504,0.023741,-0.000515,0.007694,0.393703,0.018562,0.435855,0.230343,0.010428,0.435101,-0.031920,-0.078848
5.396000,-4.403937,0.686448,-0.785898,-4.424919,1.447090,-1.868637,1.868637,3.000000,4.655532,-0.004752,0.001554,0.021878,0.000169,0.007265,0.393921,0.018562,0.435921,0.230295,0.010443,0.434901,-0.032120,-0.079998
5.406000,-4.197737,0.677064,-0.871114,-4.218719,1.437707,-1.953853,1.953853,3.000000,4.456971,-0.004733,0.001613,0.020786,0.000083,0.006701,0.394130,0.018560,0.435986,0.230248,0.010459,0.434701,-0.032320,-0.079988
5.416000,-4.385523,0.636778,-0.829467,-4.406504,1.397420,-1.912206,1.912206,3.000000,4.622777,-0.004766,0.001511,0.020625,0.000156,0.005646,0.394335,0.018558,0.436044,0.230200,0.010474,0.434501,-0.032520,-0.075680
5.426000,-4.692690,0.629559,-0.727468,-4.713672,1.390201,-1.810207,1.810207,3.000000,4.914404,-0.004796,0.001414,0.020506,0.000454,0.005087,0.394538,0.018554,0.436093,0.230153,0.010489,0.434301,-0.032720,-0.075410
5.436000,-4.926785,0.668516,-0.721944,-4.947767,1.429158,-1.804683,1.804683,3.000000,5.150037,-0.004804,0.001388,0.020157,-0.000895,0.002685,0.394740,0.018547,0.436137,0.230105,0.010503,0.434101,-0.032920,-0.059432
5.446000,-5.116394,0.681446,-0.756415,-5.137376,1.442088,-1.839154,1.839154,3.000000,5.335939,-0.004814,0.001351,0.019708,-0.000189,0.004270,0.394942,0.018541,0.436180,0.230056,0.010517,0.433901,-0.033120,-0.077256
5.456000,-4.971888,0.643910,-0.788148,-4.992870,1.404552,-1.870887,1.870887,3.000000,5.186667,-0.004813,0.001354,0.019414,-0.000839,0.004267,0.395143,0.018532,0.436223,0.230008,0.010530,0.433701,-0.033320,-0.081599
5.466000,-4.861386,0.641172,-0.709008,-4.882368,1.401814,-1.791747,1.791747,3.000000,5.079626,-0.004806,0.001380,0.018737,-0.000485,0.003807,0.395333,0.018529,0.436265,0.229960,0.010544,0.433501,-0.033520,-0.082053
5.476000,-4.726017,0.646792,-0.693662,-4.746999,1.407434,-1.776401,1.776401,3.000000,4.951249,-0.004794,0.001421,0.017520,0.000030,0.003559,0.395511,0.018526,0.436305,0.229912,0.010558,0.433301,-0.033720,-0.084270
5.486000,-4.407593,0.623320,-0.834767,-4.428574,1.383962,-1.917506,1.917506,3.000000,4.639787,-0.004772,0.001491,0.016645,-0.000149,0.004961,0.395681,0.018523,0.436354,0.229864,0.010572,0.433101,-0.033920,-0.100635
5.496000,-4.334331,0.618932,-0.850327,-4.355312,1.379575,-1.933066,1.933066,3.000000,4.568585,-0.004767,0.001510,0.016659,0.000604,0.004701,0.395847,0.018523,0.436398,0.229817,0.010587,0.432901,-0.034120,-0.102836
5.506000,-4.495980,0.621280,-0.844595,-4.516962,1.381922,-1.927334,1.927334,3.000000,4.723627,-0.004781,0.001463,0.016429,-0.000120,0.004613,0.396012,0.018524,0.436445,0.229769,0.010602,0.432701,-0.034320,-0.106533
5.516000,-4.792976,0.648248,-0.785126,-4.813958,1.408890,-1.867865,1.867865,3.000000,5.015891,-0.004799,0.001404,0.016830,0.000488,0.004208,0.396176,0.018527,0.436493,0.229721,0.010616,0.432501,-0.034520,-0.107545
5.526000,-5.236957,0.712924,-0.627909,-5.257939,1.473566,-1.710648,1.710648,3.000000,5.460523,-0.004815,0.001349,0.016572,-0.000176,0.002371,0.396342,0.018525,0.436515,0.229673,0.010630,0.432301,-0.034720,-0.095970
5.536000,-5.273483,0.709085,-0.640116,-5.294465,1.469727,-1.722855,1.722855,3.000000,5.494676,-0.004818,0.001337,0.015577,-0.000665,0.001812,0.396504,0.018519,0.436541,0.229625,0.010644,0.432101,-0.034920,-0.095294
5.546000,-5.191254,0.801330,-0.570617,-5.212236,1.561972,-1.653356,1.653356,3.000000,5.441247,-0.004790,0.001435,0.014534,-0.001029,0.001710,0.396654,0.018510,0.436557,0.229577,0.010657,0.431901,-0.035120,-0.098314
5.556000,-4.869015,0.876593,-0.594264,-4.889997,1.637235,-1.677003,1.677003,3.000000,5.156802,-0.004741,0.001587,0.013333,-0.000893,0.001651,0.396788,0.018501,0.436569,0.229529,0.010673,0.431701,-0.035320,-0.101628
5.566000,-4.501536,0.964320,-0.618372,-4.522518,1.724962,-1.701111,1.701111,3.000000,4.840317,-0.004672,0.001782,0.011791,-0.001230,0.001877,0.396909,0.018494,0.436586,0.229482,0.010690,0.431501,-0.035520,-0.107457
5.576000,-4.221298,0.984287,-0.616352,-4.242280,1.744929,-1.699091,1.699091,3.000000,4.587125,-0.004624,0.001902,0.011108,0.000050,0.001209,0.397019,0.018495,0.436598,0.229436,0.010708,0.431301,-0.035720,-0.105600
5.586000,-4.196281,0.934572,-0.649013,-4.217263,1.695214,-1.731752,1.731752,3.000000,4.545223,-0.004639,0.001865,0.010685,-0.000077,0.002189,0.397126,0.018496,0.436619,0.229389,0.010727,0.431101,-0.035920,-0.117897
5.596000,-4.374433,0.984246,-0.608623,-4.395415,1.744888,-1.691362,1.691362,3.000000,4.729092,-0.004647,0.001845,0.010772,-0.000791,0.000423,0.397230,0.018497,0.436627,0.229343,0.010746,0.430901,-0.036120,-0.106656
5.606000,-4.551942,1.008647,-0.543791,-4.572924,1.769289,-1.626530,1.626530,3.000000,4.903266,-0.004663,0.001804,0.010258,-0.000918,0.000149,0.397335,0.018492,0.436635,0.229296,0.010764,0.430701,-0.036320,-0.108063
5.616000,-4.637617,1.015084,-0.577186,-4.658599,1.775726,-1.659925,1.659925,3.000000,4.985554,-0.004672,0.001781,0.009850,-0.001648,-0.001243,0.397434,0.018482,0.436634,0.229250,0.010782,0.430501,-0.036520,-0.099849
5.626000,-4.742787,1.049733,-0.519119,-4.763769,1.810375,-1.601859,1.601859,3.000000,5.096170,-0.004674,0.001776,0.009476,-0.000969,-0.001731,0.397529,0.018472,0.436618,0.229203,0.010799,0.430301,-0.036720,-0.099009
5.636000,-4.730679,1.099860,-0.456734,-4.751661,1.860502,-1.539473,1.539473,3.000000,5.102916,-0.004656,0.001823,0.008404,-0.000115,-0.002429,0.397618,0.018463,0.436598,0.229156,0.010817,0.430101,-0.036920,-0.096327
5.646000,-4.489868,1.084586,-0.481456,-4.510850,1.845228,-1.564195,1.564195,3.000000,4.873667,-0.004628,0.001893,0.007295,-0.000900,-0.003562,0.397697,0.018458,0.436565,0.229110,0.010836,0.429901,-0.037120,-0.089727
5.656000,-4.185246,1.070976,-0.579799,-4.206228,1.831618,-1.662538,1.662538,3.000000,4.587720,-0.004584,0.001996,0.006809,0.000758,-0.004508,0.397765,0.018461,0.436528,0.229064,0.010856,0.429701,-0.037320,-0.084630
5.666000,-4.060047,1.059016,-0.675844,-4.081029,1.819658,-1.758583,1.758583,3.000000,4.468328,-0.004567,0.002036,0.005628,0.000239,-0.004890,0.397825,0.018465,0.436484,0.229018,0.010876,0.429501,-0.037520,-0.084190
5.676000,-4.094696,0.991488,-0.655137,-4.115678,1.752130,-1.737876,1.737876,3.000000,4.473115,-0.004600,0.001959,0.005487,0.000065,-0.005935,0.397879,0.018469,0.436426,0.228972,0.010896,0.429301,-0.037720,-0.077879
5.686000,-4.275442,1.000162,-0.650685,-4.296424,1.760804,-1.733424,1.733424,3.000000,4.643242,-0.004627,0.001896,0.005376,-0.000054,-0.007504,0.397933,0.018468,0.436344,0.228926,0.010915,0.429101,-0.037920,-0.066688
5.696000,-4.458657,0.967917,-0.610972,-4.479639,1.728559,-1.693711,1.693711,3.000000,4.801571,-0.004665,0.001800,0.005232,-0.000766,-0.008793,0.397983,0.018461,0.436254,0.228880,0.010933,0.428901,-0.038120,-0.057746
5.706000,-4.386316,0.967500,-0.631444,-4.407298,1.728142,-1.714183,1.714183,3.000000,4.733999,-0.004655,0.001825,0.004287,-0.001261,-0.010439,0.398027,0.018453,0.436156,0.228833,0.010952,0.428701,-0.038320,-0.045608
5.716000,-4.250990,0.935041,-0.637108,-4.271972,1.695683,-1.719847,1.719847,3.000000,4.596204,-0.004647,0.001845,0.003349,-0.000083,-0.010338,0.398062,0.018452,0.436056,0.228787,0.010970,0.428501,-0.038520,-0.048272
5.726000,-4.129245,0.930181,-0.740097,-4.150227,1.690823,-1.822836,1.822836,3.000000,4.481436,-0.004630,0.001886,0.003537,-0.000588,-0.010226,0.398099,0.018447,0.435952,0.228740,0.010989,0.428301,-0.038720,-0.050944
5.736000,-4.179566,0.853451,-0.754734,-4.200548,1.614093,-1.837473,1.837473,3.000000,4.499989,-0.004667,0.001793,0.003421,0.000266,-0.010612,0.398131,0.018448,0.435844,0.228694,0.011007,0.428101,-0.038920,-0.049325
5.746000,-4.262680,0.825520,-0.792098,-4.283662,1.586162,-1.874837,1.874837,3.000000,4.567896,-0.004689,0.001736,0.003391,0.000426,-0.011663,0.398164,0.018451,0.435733,0.228647,0.011025,0.427901,-0.039120,-0.042008
5.756000,-4.329721,0.761225,-0.826493,-4.350703,1.521867,-1.909232,1.909232,3.000000,4.609197,-0.004720,0.001651,0.003091,-0.000132,-0.011905,0.398198,0.018453,0.435617,0.228600,0.011041,0.427701,-0.039320,-0.041466
5.766000,-4.496412,0.720979,-0.871242,-4.517394,1.481621,-1.953981,1.953981,3.000000,4.754162,-0.004751,0.001558,0.003635,-0.000208,-0.011960,0.398236,0.018450,0.435498,0.228552,0.011057,0.427501,-0.039520,-0.042463
5.776000,-4.540962,0.696710,-0.919232,-4.561944,1.457352,-2.001971,2.001971,3.000000,4.789071,-0.004763,0.001522,0.003298,0.000089,-0.012286,0.398271,0.018447,0.435378,0.228505,0.011073,0.427321,-0.039700,-0.040768
5.786000,-4.544750,0.726243,-0.949180,-4.565732,1.486885,-2.031919,2.031919,3.000000,4.801743,-0.004754,0.001548,0.003067,-0.001025,-0.012965,0.398304,0.018437,0.435255,0.228457,0.011088,0.427321,-0.039700,-0.032807
5.796000,-4.546807,0.738188,-0.928968,-4.567789,1.498830,-2.011708,2.011708,3.000000,4.807409,-0.004751,0.001559,0.002949,-0.001097,-0.013564,0.398337,0.018428,0.435128,0.228410,0.011104,0.427321,-0.039700,-0.025424
5.806000,-4.534584,0.719997,-0.898977,-4.555565,1.480639,-1.981716,1.981716,3.000000,4.790143,-0.004755,0.001546,0.003123,0.000101,-0.014182,0.398371,0.018425,0.434992,0.228362,0.011119,0.427141,-0.039880,-0.020969
5.816000,-4.562959,0.693210,-0.865300,-4.583941,1.453852,-1.948039,1.948039,3.000000,4.808971,-0.004766,0.001512,0.003631,0.000128,-0.013720,0.398409,0.018422,0.434856,0.228315,0.011134,0.426941,-0.040080,-0.026039
5.826000,-4.509109,0.680423,-0.855098,-4.530091,1.441065,-1.937837,1.937837,3.000000,4.753777,-0.004765,0.001516,0.003306,-0.000599,-0.014782,0.398444,0.018420,0.434716,0.228267,0.011149,0.426741,-0.040280,-0.018104
5.836000,-4.322977,0.675640,-0.949105,-4.343959,1.436282,-2.031844,2.031844,3.000000,4.575247,-0.004747,0.001570,0.003230,-0.000159,-0.014058,0.398480,0.018420,0.434577,0.228219,0.011165,0.426601,-0.040420,-0.024272
5.846000,-4.143297,0.663933,-1.042692,-4.164279,1.424575,-2.125431,2.125431,3.000000,4.401208,-0.004731,0.001618,0.003455,-0.000224,-0.012141,0.398513,0.018418,0.434453,0.228172,0.011181,0.426601,-0.040420,-0.038305
5.856000,-4.080357,0.666852,-1.119380,-4.101339,1.427494,-2.202119,2.202119,3.000000,4.342663,-0.004722,0.001644,0.003379,-0.001212,-0.012599,0.398546,0.018412,0.434328,0.228125,0.011197,0.426601,-0.040420,-0.032184
5.866000,-4.300441,0.662765,-1.121688,-4.321423,1.423407,-2.204427,2.204427,3.000000,4.549812,-0.004749,0.001564,0.003434,-0.001244,-0.013411,0.398583,0.018405,0.434198,0.228077,0.011213,0.426601,-0.040420,-0.022954
5.876000,-4.587847,0.728524,-1.093367,-4.608829,1.489166,-2.176106,2.176106,3.000000,4.843441,-0.004758,0.001537,0.003608,-0.000827,-0.013815,0.398620,0.018397,0.434061,0.228030,0.011229,0.426601,-0.040420,-0.017049
5.886000,-4.773191,0.814539,-1.052396,-4.794173,1.575181,-2.135136,2.135136,3.000000,5.046315,-0.004750,0.001561,0.003488,-0.001166,-0.013892,0.398656,0.018388,0.433917,0.227982,0.011244,0.426601,-0.040420,-0.013798
5.896000,-4.860578,0.827010,-0.976578,-4.881560,1.587652,-2.059317,2.059317,3.000000,5.133251,-0.004755,0.001546,0.003913,-0.000508,-0.014859,0.398695,0.018381,0.433767,0.227935,0.011260,0.426601,-0.040420,-0.002894
5.906000,-4.663223,0.837282,-1.008087,-4.684205,1.597924,-2.090826,2.090826,3.000000,4.949256,-0.004732,0.001614,0.002913,-0.000186,-0.014415,0.398729,0.018377,0.433624,0.227887,0.011276,0.426601,-0.040420,-0.004105
5.916000,-4.235865,0.842181,-1.133363,-4.256847,1.602823,-2.216102,2.216102,3.000000,4.548603,-0.004679,0.001762,0.003209,-0.000325,-0.011450,0.398760,0.018373,0.433501,0.227840,0.011293,0.426601,-0.040420,-0.027034
5.926000,-4.004748,0.882799,-1.237364,-4.025730,1.643441,-2.320103,2.320103,3.000000,4.348264,-0.004629,0.001890,0.003156,-0.000735,-0.011775,0.398792,0.018366,0.433380,0.227794,0.011311,0.426601,-0.040420,-0.022110
5.936000,-3.982712,0.943814,-1.240759,-4.003694,1.704456,-2.323498,2.323498,3.000000,4.351406,-0.004600,0.001959,0.003583,-0.001382,-0.011574,0.398825,0.018359,0.433262,0.227748,0.011330,0.426601,-0.040420,-0.021690
5.946000,-4.076221,0.920072,-1.217773,-4.097203,1.680714,-2.300512,2.300512,3.000000,4.428529,-0.004626,0.001898,0.003454,-0.000080,-0.011482,0.398859,0.018357,0.433150,0.227702,0.011349,0.426601,-0.040420,-0.020449
5.956000,-4.266704,0.960175,-1.261091,-4.287686,1.720817,-2.343830,2.343830,3.000000,4.620115,-0.004640,0.001862,0.003045,-0.001365,-0.013573,0.398894,0.018352,0.433028,0.227655,0.011368,0.426601,-0.040420,-0.000508
5.966000,-4.390602,0.999230,-1.289456,-4.411584,1.759872,-2.372195,2.372195,3.000000,4.749655,-0.004644,0.001853,0.003522,-0.000953,-0.011734,0.398930,0.018349,0.432909,0.227609,0.011387,0.426601,-0.040420,-0.013979
5.976000,-4.419802,0.955064,-1.339915,-4.440784,1.715706,-2.422654,2.422654,3.000000,4.760694,-0.004664,0.001802,0.003699,-0.000495,-0.011087,0.398966,0.018346,0.432790,0.227562,0.011405,0.426601,-0.040420,-0.017319
5.986000,-4.375236,0.938040,-1.407925,-4.396218,1.698682,-2.490664,2.490664,3.000000,4.712987,-0.004664,0.001802,0.003300,-0.000072,-0.010949,0.399000,0.018346,0.432679,0.227516,0.011423,0.426601,-0.040420,-0.016497
5.996000,-4.297563,0.908963,-1.397343,-4.318545,1.669605,-2.480082,2.480082,3.000000,4.630055,-0.004664,0.001803,0.002981,0.000130,-0.010937,0.399036,0.018344,0.432572,0.227469,0.011441,0.426601,-0.040420,-0.014666
6.006000,-4.172956,0.900152,-1.530171,-4.193938,1.660794,-2.612910,2.612910,3.000000,4.510804,-0.004649,0.001841,0.003571,-0.000218,-0.009228,0.399072,0.018343,0.432480,0.227422,0.011459,0.426601,-0.040420,-0.027510
6.016000,-4.232118,0.895006,-1.643701,-4.253100,1.655648,-2.726440,2.726440,3.000000,4.563993,-0.004659,0.001814,0.003593,-0.001081,-0.009460,0.399108,0.018341,0.432392,0.227376,0.011478,0.426601,-0.040420,-0.023958
6.026000,-4.323394,0.924326,-1.668719,-4.344376,1.684968,-2.751458,2.751458,3.000000,4.659691,-0.004662,0.001808,0.003954,0.001111,-0.008319,0.399146,0.018342,0.432308,0.227329,0.011496,0.426601,-0.040420,-0.032137
6.036000,-4.524784,0.879905,-1.675449,-4.545766,1.640548,-2.758188,2.758188,3.000000,4.832741,-0.004703,0.001697,0.004110,0.000271,-0.008520,0.399187,0.018338,0.432224,0.227282,0.011513,0.426601,-0.040420,-0.028922
6.046000,-4.655147,0.855298,-1.680555,-4.676129,1.615940,-2.763294,2.763294,3.000000,4.947469,-0.004726,0.001633,0.004235,0.000247,-0.007358,0.399232,0.018337,0.432146,0.227235,0.011530,0.426601,-0.040420,-0.037376
6.056000,-4.663124,0.839507,-1.717471,-4.684106,1.600149,-2.800210,2.800210,3.000000,4.949881,-0.004732,0.001616,0.004831,0.000013,-0.006918,0.399279,0.018339,0.432074,0.227188,0.011546,0.426601,-0.040420,-0.039811
6.066000,-4.624021,0.828072,-1.821432,-4.645003,1.588714,-2.904171,2.904171,3.000000,4.909181,-0.004731,0.001618,0.005089,0.000573,-0.005256,0.399327,0.018342,0.432012,0.227141,0.011562,0.426601,-0.040420,-0.052801
6.076000,-4.524129,0.765659,-1.866475,-4.545111,1.526301,-2.949214,2.949214,3.000000,4.794541,-0.004740,0.001592,0.005507,0.000148,-0.003948,0.399379,0.018343,0.431965,0.227093,0.011578,0.426601,-0.040420,-0.063053
6.086000,-4.399785,0.754065,-1.946992,-4.420767,1.514707,-3.029731,3.029731,3.000000,4.673063,-0.004730,0.001621,0.005895,-0.000658,-0.003484,0.399436,0.018344,0.431925,0.227046,0.011594,0.426601,-0.040420,-0.066267
6.096000,-4.465217,0.722301,-1.916476,-4.486199,1.482943,-2.999216,2.999216,3.000000,4.724945,-0.004747,0.001569,0.006378,-0.000233,-0.003418,0.399499,0.018345,0.431890,0.226998,0.011610,0.426601,-0.040420,-0.066202
6.106000,-4.621549,0.694006,-1.906409,-4.642531,1.454648,-2.989148,2.989148,3.000000,4.865090,-0.004771,0.001495,0.007418,-0.000300,-0.002145,0.399571,0.018345,0.431865,0.226951,0.011625,0.426601,-0.040420,-0.076556
6.116000,-4.786448,0.714304,-1.844908,-4.807430,1.474946,-2.927648,2.927648,3.000000,5.028603,-0.004780,0.001467,0.008086,0.000139,-0.001286,0.399647,0.018348,0.431837,0.226903,0.011640,0.426601,-0.040420,-0.083337
6.126000,-4.885782,0.670039,-1.796801,-4.906764,1.430681,-2.879540,2.879540,3.000000,5.111085,-0.004800,0.001400,0.008444,0.000251,-0.001932,0.399730,0.018352,0.431816,0.226855,0.011654,0.426601,-0.040420,-0.077483
6.136000,-5.008918,0.564163,-1.734085,-5.029900,1.324805,-2.816824,2.816824,3.000000,5.201443,-0.004835,0.001273,0.009218,0.000513,-0.000928,0.399817,0.018359,0.431799,0.226807,0.011668,0.426601,-0.040420,-0.085694
6.146000,-5.086782,0.527291,-1.703290,-5.107764,1.287933,-2.786029,2.786029,3.000000,5.267640,-0.004848,0.001222,0.009169,0.000773,-0.002416,0.399906,0.018368,0.431781,0.226759,0.011680,0.426601,-0.040420,-0.072730
6.156000,-5.257894,0.453942,-1.579061,-5.278876,1.214584,-2.661800,2.661800,3.000000,5.416802,-0.004873,0.001121,0.009315,0.001113,-0.002372,0.399999,0.018382,0.431756,0.226710,0.011692,0.426601,-0.040420,-0.072662
6.166000,-5.280368,0.346977,-1.579800,-5.301350,1.107619,-2.662539,2.662539,3.000000,5.415823,-0.004894,0.001023,0.009910,0.001191,-0.001808,0.400100,0.018390,0.431746,0.226661,0.011703,0.426601,-0.040420,-0.077265
6.176000,-5.327298,0.257815,-1.638061,-5.348280,1.018457,-2.720800,2.720800,3.000000,5.444387,-0.004912,0.000935,0.010518,0.001580,-0.000472,0.400205,0.018406,0.431740,0.226612,0.011712,0.426601,-0.040420,-0.088503
6.186000,-5.478402,0.191307,-1.619487,-5.499384,0.951949,-2.702226,2.702226,3.000000,5.581168,-0.004927,0.000853,0.011762,0.001629,-0.000511,0.400319,0.018417,0.431729,0.226563,0.011721,0.426601,-0.040420,-0.087956
6.196000,-5.503331,0.136578,-1.650219,-5.524313,0.897220,-2.732958,2.732958,3.000000,5.596699,-0.004935,0.000802,0.011661,0.001626,-0.001266,0.400431,0.018432,0.431717,0.226514,0.011729,0.426601,-0.040420,-0.081338
6.206000,-5.573193,0.133292,-1.614205,-5.594175,0.893934,-2.696944,2.696944,3.000000,5.665149,-0.004937,0.000789,0.010590,0.001535,-0.001081,0.400540,0.018445,0.431706,0.226464,0.011737,0.426601,-0.040420,-0.082710
6.216000,-5.568534,0.092655,-1.608277,-5.589516,0.853297,-2.691016,2.691016,3.000000,5.654274,-0.004943,0.000755,0.010705,0.001358,-0.002248,0.400644,0.018458,0.431686,0.226415,0.011745,0.426601,-0.040420,-0.072439
6.226000,-5.504035,0.072174,-1.611341,-5.525017,0.832816,-2.694080,2.694080,3.000000,5.587432,-0.004944,0.000745,0.009756,0.001752,-0.001828,0.400744,0.018472,0.431675,0.226365,0.011753,0.426601,-0.040420,-0.075810
6.236000,-5.366492,0.104701,-1.639904,-5.387474,0.865343,-2.722644,2.722644,3.000000,5.456527,-0.004937,0.000793,0.009255,0.000995,-0.000902,0.400839,0.018479,0.431673,0.226316,0.011760,0.426601,-0.040420,-0.083642
6.246000,-5.021013,0.145045,-1.711372,-5.041995,0.905687,-2.794111,2.794111,3.000000,5.122693,-0.004921,0.000884,0.008919,-0.000412,0.000408,0.400931,0.018479,0.431674,0.226267,0.011769,0.426601,-0.040420,-0.094775
6.256000,-4.775490,0.143435,-1.784689,-4.796472,0.904077,-2.867428,2.867428,3.000000,4.880932,-0.004913,0.000926,0.008606,-0.000100,0.001474,0.401017,0.018482,0.431691,0.226218,0.011778,0.426601,-0.040420,-0.104122
6.266000,-4.663545,0.163758,-1.833874,-4.684527,0.924400,-2.916613,2.916613,3.000000,4.774862,-0.004905,0.000968,0.008630,0.000341,0.002219,0.401103,0.018484,0.431719,0.226168,0.011787,0.426601,-0.040420,-0.110952
6.276000,-4.759842,0.109041,-1.787209,-4.780824,0.869683,-2.869948,2.869948,3.000000,4.859282,-0.004919,0.000895,0.008623,0.001191,0.003835,0.401190,0.018490,0.431757,0.226119,0.011797,0.426601,-0.040420,-0.125349
6.286000,-4.733470,0.117555,-1.824123,-4.754452,0.878197,-2.906862,2.906862,3.000000,4.834877,-0.004917,0.000908,0.009039,0.000976,0.005715,0.401278,0.018493,0.431805,0.226070,0.011806,0.426601,-0.040420,-0.142164
6.296000,-4.779364,0.153708,-1.799702,-4.800346,0.914350,-2.882441,2.882441,3.000000,4.886651,-0.004912,0.000936,0.008545,0.000953,0.005552,0.401363,0.018497,0.431863,0.226021,0.011815,0.426601,-0.040420,-0.141826
6.306000,-4.805502,0.143442,-1.802228,-4.826484,0.904084,-2.884967,2.884967,3.000000,4.910429,-0.004915,0.000921,0.008546,0.000764,0.006481,0.401450,0.018503,0.431933,0.225972,0.011824,0.426601,-0.040420,-0.150969
6.316000,-4.655946,0.124954,-1.850733,-4.676928,0.885596,-2.933473,2.933473,3.000000,4.760035,-0.004913,0.000930,0.008655,0.001274,0.008735,0.401535,0.018510,0.432021,0.225923,0.011833,0.426601,-0.040420,-0.171672
6.326000,-4.566675,0.096972,-1.849454,-4.587656,0.857614,-2.932194,2.932194,3.000000,4.667129,-0.004915,0.000919,0.008880,0.000732,0.010407,0.401620,0.018516,0.432116,0.225874,0.011843,0.426601,-0.040420,-0.187565
6.336000,-4.510248,0.131250,-1.872452,-4.531230,0.891892,-2.955191,2.955191,3.000000,4.618172,-0.004906,0.000966,0.008928,-0.000020,0.012476,0.401705,0.018520,0.432229,0.225824,0.011852,0.426601,-0.040420,-0.207157
6.346000,-4.429076,0.070413,-1.907238,-4.450058,0.831055,-2.989978,2.989978,3.000000,4.526993,-0.004915,0.000918,0.008732,0.000956,0.012972,0.401792,0.018531,0.432356,0.225775,0.011862,0.426601,-0.040420,-0.213660
6.356000,-4.426566,0.031586,-1.901820,-4.447548,0.792228,-2.984559,2.984559,3.000000,4.517555,-0.004923,0.000877,0.008838,0.001132,0.014070,0.401881,0.018542,0.432498,0.225726,0.011870,0.426601,-0.040420,-0.225537
6.366000,-4.458110,0.001995,-1.905788,-4.479092,0.762637,-2.988527,2.988527,3.000000,4.543554,-0.004929,0.000839,0.008833,0.001100,0.016175,0.401973,0.018552,0.432651,0.225677,0.011879,0.426601,-0.040420,-0.246150
6.376000,-4.517102,0.013772,-1.886249,-4.538084,0.774414,-2.968988,2.968988,3.000000,4.603686,-0.004929,0.000841,0.009588,0.001042,0.017218,0.402070,0.018564,0.432821,0.225628,0.011887,0.426601,-0.040420,-0.258064
6.386000,-4.586820,0.047519,-1.769373,-4.607802,0.808161,-2.852112,2.852112,3.000000,4.678137,-0.004925,0.000864,0.010084,0.001870,0.017705,0.402173,0.018576,0.433005,0.225578,0.011896,0.426601,-0.040420,-0.265507
6.396000,-4.561601,0.060725,-1.695392,-4.582583,0.821367,-2.778131,2.778131,3.000000,4.655611,-0.004922,0.000882,0.011014,0.000282,0.020528,0.402281,0.018584,0.433204,0.225529,0.011904,0.426601,-0.040420,-0.293029
6.406000,-4.367732,0.088805,-1.698724,-4.388714,0.849447,-2.781463,2.781463,3.000000,4.470165,-0.004909,0.000950,0.011478,0.001651,0.022385,0.402391,0.018593,0.433413,0.225480,0.011914,0.426601,-0.040420,-0.312562
6.416000,-4.211367,0.041906,-1.650610,-4.232349,0.802548,-2.733349,2.733349,3.000000,4.307768,-0.004912,0.000932,0.011670,0.001510,0.023860,0.402508,0.018603,0.433645,0.225431,0.011923,0.426601,-0.040420,-0.329254
6.426000,-4.113757,0.076527,-1.593312,-4.134738,0.837169,-2.676052,2.676052,3.000000,4.218639,-0.004901,0.000992,0.011924,0.000772,0.024647,0.402627,0.018612,0.433889,0.225382,0.011933,0.426601,-0.040420,-0.340325
6.436000,-3.982121,0.132815,-1.503666,-4.003103,0.893457,-2.586405,2.586405,3.000000,4.101597,-0.004880,0.001089,0.011324,0.000275,0.024879,0.402741,0.018620,0.434133,0.225333,0.011943,0.426601,-0.040420,-0.346677
6.446000,-3.920439,0.179449,-1.503340,-3.941421,0.940091,-2.586079,2.586079,3.000000,4.051984,-0.004864,0.001160,0.011244,0.000319,0.025220,0.402851,0.018627,0.434380,0.225284,0.011954,0.426601,-0.040420,-0.354014
6.456000,-3.900646,0.187361,-1.504087,-3.921628,0.948003,-2.586826,2.586826,3.000000,4.034585,-0.004860,0.001175,0.010476,0.001431,0.024575,0.402956,0.018637,0.434620,0.225236,0.011966,0.426601,-0.040420,-0.352865
6.466000,-3.978831,0.288857,-1.378456,-3.999813,1.049499,-2.461196,2.461196,3.000000,4.135209,-0.004836,0.001269,0.010019,0.000560,0.023436,0.403058,0.018642,0.434852,0.225187,0.011978,0.426601,-0.040420,-0.347372
6.476000,-3.975684,0.324679,-1.337679,-3.996666,1.085321,-2.420418,2.420418,3.000000,4.141408,-0.004825,0.001310,0.009466,0.000765,0.021661,0.403154,0.018652,0.435072,0.225139,0.011991,0.426601,-0.040420,-0.336266
6.486000,-4.036221,0.363500,-1.205583,-4.057203,1.124142,-2.288322,2.288322,3.000000,4.210058,-0.004818,0.001335,0.009297,0.001887,0.021295,0.403249,0.018664,0.435289,0.225091,0.012005,0.426601,-0.040420,-0.337074
6.496000,-3.983709,0.416191,-1.163107,-4.004691,1.176833,-2.245846,2.245846,3.000000,4.174025,-0.004797,0.001410,0.009041,0.000997,0.020938,0.403341,0.018672,0.435503,0.225042,0.012018,0.426601,-0.040420,-0.337896
6.506000,-3.886059,0.455204,-1.170340,-3.907041,1.215846,-2.253079,2.253079,3.000000,4.091852,-0.004774,0.001486,0.008820,0.001388,0.021677,0.403431,0.018683,0.435715,0.224995,0.012033,0.426601,-0.040420,-0.347990
6.516000,-3.879549,0.443519,-1.146390,-3.900531,1.204161,-2.229129,2.229129,3.000000,4.082174,-0.004778,0.001475,0.008702,0.001049,0.020160,0.403520,0.018691,0.435917,0.224947,0.012047,0.426601,-0.040420,-0.338751
6.526000,-3.836960,0.494682,-1.180061,-3.857942,1.255324,-2.262800,2.262800,3.000000,4.057038,-0.004755,0.001547,0.008844,-0.000255,0.021208,0.403611,0.018697,0.436130,0.224899,0.012063,0.426601,-0.040420,-0.351473
6.536000,-3.810479,0.525186,-1.184420,-3.831460,1.285828,-2.267159,2.267159,3.000000,4.041466,-0.004740,0.001591,0.009056,0.000593,0.020747,0.403700,0.018707,0.436331,0.224852,0.012078,0.426601,-0.040420,-0.351187
6.546000,-3.784790,0.525804,-1.081755,-3.805771,1.286446,-2.164494,2.164494,3.000000,4.017318,-0.004737,0.001601,0.008289,0.000516,0.019098,0.403784,0.018714,0.436525,0.224804,0.012094,0.426601,-0.040420,-0.340678
6.556000,-3.743887,0.557454,-0.986081,-3.764869,1.318096,-2.068820,2.068820,3.000000,3.988937,-0.004719,0.001652,0.007711,0.001269,0.017738,0.403863,0.018722,0.436707,0.224757,0.012111,0.426601,-0.040420,-0.332408
6.566000,-3.723884,0.581694,-0.949959,-3.744866,1.342336,-2.032698,2.032698,3.000000,3.978176,-0.004707,0.001687,0.007419,0.001017,0.017352,0.403939,0.018727,0.436882,0.224710,0.012127,0.426601,-0.040420,-0.332287
6.576000,-3.675924,0.595525,-0.805032,-3.696906,1.356167,-1.887771,1.887771,3.000000,3.937804,-0.004694,0.001722,0.007136,0.000601,0.016175,0.404010,0.018731,0.437046,0.224663,0.012144,0.426441,-0.040580,-0.328145
6.586000,-3.707580,0.600242,-0.734085,-3.728562,1.360884,-1.816824,1.816824,3.000000,3.969153,-0.004697,0.001714,0.006692,0.001047,0.014925,0.404076,0.018740,0.437196,0.224616,0.012162,0.426241,-0.040780,-0.323827
6.596000,-3.705129,0.605984,-0.678122,-3.726110,1.366626,-1.760861,1.760861,3.000000,3.968824,-0.004694,0.001722,0.006177,0.000744,0.014944,0.404137,0.018748,0.437339,0.224569,0.012179,0.426041,-0.040980,-0.330165
6.606000,-3.637483,0.638895,-0.635571,-3.658465,1.399537,-1.718310,1.718310,3.000000,3.917023,-0.004670,0.001786,0.005461,0.001068,0.012954,0.404194,0.018753,0.437469,0.224522,0.012196,0.425841,-0.041180,-0.319219
6.616000,-3.625703,0.661911,-0.677362,-3.646685,1.422553,-1.760101,1.760101,3.000000,3.914329,-0.004658,0.001817,0.005476,-0.000221,0.012306,0.404249,0.018754,0.437597,0.224476,0.012214,0.425641,-0.041380,-0.319617
6.626000,-3.624860,0.693238,-0.553671,-3.645842,1.453880,-1.636410,1.636410,3.000000,3.925039,-0.004644,0.001852,0.004784,-0.000106,0.011004,0.404296,0.018758,0.437708,0.224429,0.012233,0.425441,-0.041580,-0.314177
6.636000,-3.597607,0.689428,-0.549101,-3.618589,1.450070,-1.631841,1.631841,3.000000,3.898319,-0.004641,0.001860,0.005020,-0.000399,0.011895,0.404344,0.018759,0.437816,0.224383,0.012251,0.425241,-0.041780,-0.327283
6.646000,-3.582480,0.689957,-0.567958,-3.603462,1.450599,-1.650697,1.650697,3.000000,3.884479,-0.004638,0.001867,0.004420,-0.000052,0.009718,0.404386,0.018763,0.437914,0.224336,0.012270,0.425041,-0.041980,-0.314165
6.656000,-3.647629,0.682203,-0.545558,-3.668611,1.442845,-1.628298,1.628298,3.000000,3.942145,-0.004653,0.001830,0.003912,0.000742,0.008542,0.404427,0.018771,0.438003,0.224290,0.012289,0.424841,-0.042180,-0.309398
6.666000,-3.660008,0.649843,-0.586074,-3.680990,1.410485,-1.668813,1.668813,3.000000,3.941973,-0.004669,0.001789,0.003965,0.000961,0.008718,0.404467,0.018779,0.438091,0.224243,0.012307,0.424641,-0.042380,-0.316074
6.676000,-3.735459,0.590871,-0.636810,-3.756441,1.351513,-1.719549,1.719549,3.000000,3.992172,-0.004705,0.001693,0.003893,0.000976,0.008606,0.404507,0.018790,0.438175,0.224196,0.012324,0.424441,-0.042580,-0.320239
6.686000,-3.968977,0.609027,-0.698721,-3.989959,1.369669,-1.781460,1.781460,3.000000,4.218503,-0.004729,0.001623,0.004338,0.000089,0.008965,0.404550,0.018799,0.438261,0.224149,0.012341,0.424241,-0.042780,-0.328423
6.696000,-4.205539,0.579254,-0.748139,-4.226521,1.339896,-1.830878,1.830878,3.000000,4.433825,-0.004766,0.001511,0.004232,-0.000174,0.008430,0.404590,0.018801,0.438337,0.224102,0.012356,0.424041,-0.042980,-0.328849
6.706000,-4.408141,0.570166,-0.707675,-4.429123,1.330808,-1.790414,1.790414,3.000000,4.624736,-0.004789,0.001439,0.003820,-0.000692,0.007416,0.404631,0.018799,0.438410,0.224054,0.012371,0.423841,-0.043180,-0.325168
6.716000,-4.574931,0.527077,-0.654799,-4.595913,1.287719,-1.737539,1.737539,3.000000,4.772906,-0.004815,0.001349,0.003416,-0.000278,0.006146,0.404667,0.018797,0.438469,0.224006,0.012385,0.423641,-0.043380,-0.319050
6.726000,-4.597757,0.517067,-0.649616,-4.618739,1.277709,-1.732355,1.732355,3.000000,4.792211,-0.004819,0.001333,0.002731,0.001028,0.004701,0.404701,0.018800,0.438522,0.223958,0.012398,0.423441,-0.043580,-0.311338
6.736000,-4.544809,0.542618,-0.642172,-4.565791,1.303260,-1.724911,1.724911,3.000000,4.748151,-0.004808,0.001372,0.003270,0.000107,0.004936,0.404734,0.018800,0.438575,0.223910,0.012412,0.423241,-0.043780,-0.317880
6.746000,-4.331873,0.514771,-0.712971,-4.352855,1.275413,-1.795711,1.795711,3.000000,4.535860,-0.004798,0.001406,0.002658,0.000178,0.004891,0.404760,0.018805,0.438629,0.223862,0.012426,0.423041,-0.043980,-0.322076
6.756000,-4.153421,0.524383,-0.849466,-4.174403,1.285025,-1.932205,1.932205,3.000000,4.367714,-0.004779,0.001471,0.003124,0.000523,0.006224,0.404791,0.018811,0.438691,0.223814,0.012440,0.422841,-0.044180,-0.338098
6.766000,-4.178070,0.505946,-0.958564,-4.199052,1.266588,-2.041303,2.041303,3.000000,4.385919,-0.004787,0.001444,0.003457,-0.000060,0.005880,0.404822,0.018813,0.438749,0.223766,0.012455,0.422761,-0.044260,-0.337680
6.776000,-4.293510,0.504055,-0.991192,-4.314492,1.264697,-2.073931,2.073931,3.000000,4.496031,-0.004798,0.001406,0.003684,0.000016,0.006273,0.404857,0.018816,0.438813,0.223718,0.012469,0.422761,-0.044260,-0.342155
6.786000,-4.331972,0.551270,-1.080074,-4.352954,1.311912,-2.162814,2.162814,3.000000,4.546353,-0.004787,0.001443,0.003851,-0.000763,0.005318,0.404898,0.018814,0.438877,0.223670,0.012483,0.422761,-0.044260,-0.335219
6.796000,-4.586307,0.640692,-1.029870,-4.607289,1.401334,-2.112609,2.112609,3.000000,4.815688,-0.004784,0.001455,0.004376,-0.000534,0.006268,0.404943,0.018809,0.438942,0.223622,0.012498,0.422761,-0.044260,-0.344448
6.806000,-4.768504,0.694509,-0.984150,-4.789486,1.455151,-2.066890,2.066890,3.000000,5.005661,-0.004784,0.001454,0.004735,0.000018,0.005914,0.404988,0.018807,0.438999,0.223574,0.012512,0.422761,-0.044260,-0.342464
6.816000,-4.884370,0.671229,-0.927715,-4.905352,1.431871,-2.010454,2.010454,3.000000,5.110062,-0.004800,0.001401,0.004287,0.001199,0.005519,0.405034,0.018811,0.439054,0.223526,0.012526,0.422761,-0.044260,-0.340093
6.826000,-4.748435,0.644749,-0.960559,-4.769417,1.405392,-2.043298,2.043298,3.000000,4.972169,-0.004796,0.001413,0.004284,0.000983,0.005022,0.405076,0.018817,0.439105,0.223478,0.012541,0.422761,-0.044260,-0.336793
6.836000,-4.632395,0.669430,-1.022835,-4.653377,1.430072,-2.105574,2.105574,3.000000,4.868164,-0.004779,0.001469,0.004434,0.001576,0.005496,0.405119,0.018828,0.439160,0.223431,0.012555,0.422761,-0.044260,-0.341816
6.846000,-4.518833,0.680104,-1.042380,-4.539815,1.440746,-2.125120,2.125120,3.000000,4.762947,-0.004766,0.001512,0.004458,-0.000196,0.007143,0.405163,0.018832,0.439226,0.223383,0.012570,0.422761,-0.044260,-0.356985
6.856000,-4.467483,0.671559,-1.064037,-4.488465,1.432201,-2.146777,2.146777,3.000000,4.711424,-0.004763,0.001520,0.004488,0.000135,0.006572,0.405208,0.018836,0.439295,0.223335,0.012585,0.422761,-0.044260,-0.353366
6.866000,-4.502745,0.661253,-1.044475,-4.523727,1.421895,-2.127214,2.127214,3.000000,4.741929,-0.004770,0.001499,0.005100,-0.000552,0.007874,0.405259,0.018837,0.439371,0.223288,0.012600,0.422761,-0.044260,-0.365783
6.876000,-4.578662,0.688982,-0.998533,-4.599644,1.449624,-2.081272,2.081272,3.000000,4.822669,-0.004769,0.001503,0.004911,-0.000682,0.006191,0.405310,0.018835,0.439439,0.223240,0.012615,0.422761,-0.044260,-0.352724
6.886000,-4.733847,0.711599,-0.923481,-4.754829,1.472241,-2.006220,2.006220,3.000000,4.977538,-0.004776,0.001479,0.005603,0.000453,0.006199,0.405367,0.018839,0.439510,0.223192,0.012630,0.422761,-0.044260,-0.354079
6.896000,-4.913246,0.779344,-0.877569,-4.934228,1.539986,-1.960308,1.960308,3.000000,5.168961,-0.004773,0.001490,0.006137,0.000105,0.006831,0.405426,0.018839,0.439576,0.223144,0.012645,0.422561,-0.044460,-0.364230
6.906000,-4.780388,0.754915,-0.908070,-4.801370,1.515557,-1.990809,1.990809,3.000000,5.034885,-0.004768,0.001505,0.005574,-0.000290,0.006845,0.405485,0.018841,0.439647,0.223097,0.012660,0.422401,-0.044620,-0.368515
6.916000,-4.526098,0.745662,-0.893953,-4.547079,1.506304,-1.976692,1.976692,3.000000,4.790082,-0.004746,0.001572,0.005326,0.000702,0.007223,0.405540,0.018846,0.439719,0.223049,0.012675,0.422201,-0.044820,-0.376604
6.926000,-4.302913,0.756726,-0.899357,-4.323895,1.517368,-1.982096,1.982096,3.000000,4.582409,-0.004718,0.001656,0.004995,0.000436,0.008786,0.405591,0.018850,0.439797,0.223002,0.012692,0.422001,-0.045020,-0.394881
6.936000,-4.173400,0.764996,-0.918377,-4.194381,1.525638,-2.001116,2.001116,3.000000,4.463228,-0.004699,0.001709,0.004992,0.000736,0.007691,0.405643,0.018852,0.439874,0.222955,0.012709,0.421981,-0.045040,-0.387328
6.946000,-4.277364,0.791410,-0.908293,-4.298346,1.552052,-1.991032,1.991032,3.000000,4.569972,-0.004703,0.001698,0.005589,-0.000395,0.007034,0.405696,0.018851,0.439952,0.222908,0.012726,0.421821,-0.045200,-0.386042
6.956000,-4.472680,0.884938,-0.930315,-4.493662,1.645580,-2.013054,2.013054,3.000000,4.785491,-0.004695,0.001719,0.006025,-0.000289,0.008285,0.405751,0.018853,0.440029,0.222861,0.012743,0.421701,-0.045320,-0.400201
6.966000,-4.679667,0.917887,-0.890179,-4.700649,1.678529,-1.972919,1.972919,3.000000,4.991349,-0.004709,0.001681,0.005412,0.000234,0.006678,0.405808,0.018855,0.440093,0.222814,0.012760,0.421581,-0.045440,-0.389872
6.976000,-4.798205,0.897030,-0.859657,-4.819187,1.657672,-1.942396,1.942396,3.000000,5.096316,-0.004728,0.001626,0.005629,-0.000959,0.006266,0.405866,0.018852,0.440155,0.222767,0.012776,0.421381,-0.045640,-0.391085
6.986000,-4.766733,0.893750,-0.889405,-4.787715,1.654392,-1.972145,1.972145,3.000000,5.065493,-0.004726,0.001633,0.005172,0.000780,0.005522,0.405920,0.018857,0.440210,0.222719,0.012793,0.421181,-0.045840,-0.389375
6.996000,-4.625601,0.882718,-0.909427,-4.646583,1.643360,-1.992167,1.992167,3.000000,4.928627,-0.004714,0.001667,0.004547,0.000984,0.006143,0.405967,0.018860,0.440263,0.222672,0.012809,0.420981,-0.046040,-0.399189
7.006000,-4.490278,0.871045,-0.945053,-4.511260,1.631687,-2.027792,2.027792,3.000000,4.797277,-0.004702,0.001701,0.003929,0.000165,0.004615,0.406008,0.018862,0.440306,0.222625,0.012826,0.420981,-0.046040,-0.387013
7.016000,-4.393839,0.878215,-0.999754,-4.414821,1.638857,-2.082493,2.082493,3.000000,4.709193,-0.004687,0.001740,0.003781,-0.000186,0.004924,0.406047,0.018862,0.440350,0.222578,0.012843,0.420981,-0.046040,-0.390429
7.026000,-4.416230,0.860056,-1.016075,-4.437212,1.620698,-2.098814,2.098814,3.000000,4.723930,-0.004697,0.001715,0.003897,0.000853,0.003192,0.406087,0.018864,0.440386,0.222531,0.012860,0.420981,-0.046040,-0.376371
7.036000,-4.534643,0.825166,-0.983283,-4.555625,1.585808,-2.066022,2.066022,3.000000,4.823744,-0.004722,0.001644,0.004436,-0.000499,0.002466,0.406130,0.018863,0.440421,0.222484,0.012877,0.420981,-0.046040,-0.370835
7.046000,-4.710630,0.783000,-1.002523,-4.731612,1.543642,-2.085262,2.085262,3.000000,4.977046,-0.004753,0.001551,0.005113,-0.000164,0.003194,0.406179,0.018861,0.440454,0.222437,0.012893,0.420981,-0.046040,-0.377615
7.056000,-4.723583,0.774833,-1.068796,-4.744565,1.535475,-2.151535,2.151535,3.000000,4.986841,-0.004757,0.001540,0.005089,-0.000500,0.002815,0.406230,0.018858,0.440482,0.222389,0.012908,0.420981,-0.046040,-0.374906
7.066000,-4.765188,0.785487,-1.067864,-4.786170,1.546129,-2.150603,2.150603,3.000000,5.029706,-0.004758,0.001537,0.006116,-0.000794,0.003188,0.406288,0.018854,0.440513,0.222342,0.012924,0.420981,-0.046040,-0.378625
7.076000,-4.782546,0.790116,-1.087686,-4.803528,1.550758,-2.170425,2.170425,3.000000,5.047646,-0.004758,0.001536,0.006169,-0.000030,0.003038,0.406346,0.018853,0.440540,0.222294,0.012939,0.420981,-0.046040,-0.377839
7.086000,-4.796350,0.811435,-1.100283,-4.817331,1.572077,-2.183022,2.183022,3.000000,5.067357,-0.004753,0.001551,0.006538,0.000181,0.003906,0.406412,0.018849,0.440572,0.222246,0.012955,0.420981,-0.046040,-0.385771
7.096000,-4.774733,0.777072,-1.158896,-4.795715,1.537714,-2.241635,2.241635,3.000000,5.036213,-0.004761,0.001527,0.006704,-0.000537,0.003388,0.406478,0.018846,0.440599,0.222199,0.012970,0.420981,-0.046040,-0.381873
7.106000,-4.732102,0.818866,-1.220677,-4.753084,1.579508,-2.303416,2.303416,3.000000,5.008658,-0.004745,0.001577,0.006755,-0.000504,0.004289,0.406543,0.018839,0.440632,0.222151,0.012986,0.420981,-0.046040,-0.390105
7.116000,-4.715950,0.800207,-1.205530,-4.736932,1.560849,-2.288269,2.288269,3.000000,4.987462,-0.004749,0.001565,0.006435,0.000215,0.002314,0.406608,0.018836,0.440658,0.222104,0.013001,0.420981,-0.046040,-0.373827
7.126000,-4.751470,0.818572,-1.152905,-4.772452,1.579214,-2.235644,2.235644,3.000000,5.026949,-0.004747,0.001571,0.006654,0.000027,0.002451,0.406675,0.018834,0.440689,0.222056,0.013017,0.420981,-0.046040,-0.375538
7.136000,-4.752689,0.805676,-1.133570,-4.773671,1.566318,-2.216309,2.216309,3.000000,5.024070,-0.004751,0.001559,0.007026,-0.001035,0.003185,0.406744,0.018829,0.440721,0.222009,0.013032,0.420981,-0.046040,-0.382343
7.146000,-4.687453,0.830572,-1.198525,-4.708435,1.591214,-2.281264,2.281264,3.000000,4.970043,-0.004737,0.001601,0.007589,-0.000132,0.004324,0.406816,0.018826,0.440758,0.221961,0.013048,0.420981,-0.046040,-0.392676
7.156000,-4.690822,0.803047,-1.208186,-4.711804,1.563689,-2.290925,2.290925,3.000000,4.964496,-0.004746,0.001575,0.007614,-0.000287,0.004199,0.406892,0.018820,0.440794,0.221914,0.013064,0.420981,-0.046040,-0.392254
7.166000,-4.666468,0.785406,-1.273224,-4.687450,1.546048,-2.355963,2.355963,3.000000,4.935833,-0.004748,0.001566,0.008507,-0.000852,0.004924,0.406977,0.018816,0.440835,0.221867,0.013080,0.420981,-0.046040,-0.399160
7.176000,-4.707381,0.809186,-1.269873,-4.728363,1.569828,-2.352612,2.352612,3.000000,4.982146,-0.004745,0.001575,0.010621,0.000165,0.006147,0.407078,0.018816,0.440885,0.221819,0.013096,0.420981,-0.046040,-0.410426
7.186000,-4.714871,0.777896,-1.344535,-4.735853,1.538538,-2.427275,2.427275,3.000000,4.979498,-0.004755,0.001545,0.011019,-0.000363,0.005595,0.407185,0.018810,0.440934,0.221772,0.013111,0.420981,-0.046040,-0.406631
7.196000,-4.740928,0.778744,-1.313306,-4.761910,1.539386,-2.396045,2.396045,3.000000,5.004548,-0.004758,0.001538,0.011304,-0.001222,0.004725,0.407295,0.018804,0.440987,0.221724,0.013127,0.420981,-0.046040,-0.400203
7.206000,-4.775646,0.734932,-1.321270,-4.796628,1.495574,-2.404009,2.404009,3.000000,5.024378,-0.004773,0.001488,0.011954,-0.000375,0.005363,0.407417,0.018798,0.441047,0.221676,0.013142,0.420981,-0.046040,-0.406691
7.216000,-4.811579,0.724004,-1.349409,-4.832561,1.484646,-2.432148,2.432148,3.000000,5.055474,-0.004780,0.001468,0.012677,0.000393,0.006123,0.407542,0.018794,0.441106,0.221629,0.013157,0.420981,-0.046040,-0.414208
7.226000,-4.831651,0.710713,-1.384912,-4.852633,1.471355,-2.467652,2.467652,3.000000,5.070793,-0.004785,0.001451,0.013442,-0.000492,0.006634,0.407675,0.018785,0.441168,0.221581,0.013171,0.420981,-0.046040,-0.419658
7.236000,-4.932055,0.737145,-1.342923,-4.953037,1.497787,-2.425662,2.425662,3.000000,5.174548,-0.004786,0.001447,0.015636,-0.001796,0.007174,0.407824,0.018772,0.441235,0.221533,0.013186,0.420981,-0.046040,-0.425435
7.246000,-4.978571,0.827623,-1.361630,-4.999553,1.588265,-2.444370,2.444370,3.000000,5.245771,-0.004765,0.001514,0.016834,-0.002393,0.007003,0.407989,0.018763,0.441312,0.221485,0.013200,0.420981,-0.046040,-0.425382
7.256000,-4.951196,0.725034,-1.396453,-4.972178,1.485676,-2.479192,2.479192,3.000000,5.189392,-0.004791,0.001431,0.017501,-0.000751,0.009121,0.408165,0.018755,0.441399,0.221437,0.013215,0.420981,-0.046040,-0.444920
7.266000,-4.961157,0.713595,-1.372681,-4.982139,1.474237,-2.455420,2.455420,3.000000,5.195680,-0.004795,0.001419,0.018057,-0.000740,0.009822,0.408347,0.018746,0.441489,0.221389,0.013229,0.420981,-0.046040,-0.452491
7.276000,-4.961022,0.722182,-1.367246,-4.982003,1.482824,-2.449985,2.449985,3.000000,5.197992,-0.004792,0.001426,0.018948,-0.001233,0.009052,0.408531,0.018736,0.441575,0.221342,0.013244,0.420981,-0.046040,-0.447507
7.286000,-4.979981,0.729797,-1.328038,-5.000963,1.490439,-2.410777,2.410777,3.000000,5.218337,-0.004792,0.001428,0.019158,-0.000349,0.009425,0.408725,0.018727,0.441671,0.221294,0.013258,0.420981,-0.046040,-0.452384
7.296000,-4.983233,0.692054,-1.335640,-5.004215,1.452696,-2.418379,2.418379,3.000000,5.210806,-0.004802,0.001394,0.019060,0.000358,0.010114,0.408917,0.018718,0.441764,0.221246,0.013272,0.420981,-0.046040,-0.459901
7.306000,-4.977202,0.701835,-1.325997,-4.998184,1.462477,-2.408736,2.408736,3.000000,5.207752,-0.004799,0.001404,0.018217,-0.001076,0.008913,0.409102,0.018705,0.441854,0.221198,0.013286,0.420981,-0.046040,-0.451348
7.316000,-4.952904,0.694967,-1.351826,-4.973886,1.455609,-2.434565,2.434565,3.000000,5.182504,-0.004799,0.001404,0.017342,-0.001177,0.008717,0.409277,0.018698,0.441945,0.221150,0.013300,0.420981,-0.046040,-0.451305
7.326000,-5.010971,0.690739,-1.373142,-5.031953,1.451381,-2.455881,2.455881,3.000000,5.237085,-0.004804,0.001386,0.016906,-0.000708,0.007707,0.409451,0.018691,0.442030,0.221102,0.013314,0.420981,-0.046040,-0.444269
7.336000,-5.115635,0.711189,-1.369471,-5.136617,1.471831,-2.452210,2.452210,3.000000,5.343325,-0.004807,0.001377,0.017142,-0.001342,0.008534,0.409629,0.018683,0.442115,0.221054,0.013328,0.420981,-0.046040,-0.452827
7.346000,-5.141300,0.632939,-1.385812,-5.162282,1.393581,-2.468552,2.468552,3.000000,5.347076,-0.004827,0.001303,0.016699,-0.000769,0.008254,0.409801,0.018676,0.442196,0.221005,0.013341,0.420981,-0.046040,-0.451911
7.356000,-5.126686,0.667024,-1.420879,-5.147668,1.427666,-2.503618,2.503618,3.000000,5.341977,-0.004818,0.001336,0.014477,-0.001070,0.007087,0.409950,0.018664,0.442270,0.220957,0.013354,0.420981,-0.046040,-0.443340
7.366000,-5.075869,0.562961,-1.358647,-5.096851,1.323603,-2.441386,2.441386,3.000000,5.265911,-0.004839,0.001257,0.013211,-0.001118,0.006941,0.410086,0.018656,0.442339,0.220909,0.013367,0.420981,-0.046040,-0.443332
7.376000,-4.990112,0.520508,-1.412799,-5.011094,1.281150,-2.495538,2.495538,3.000000,5.172273,-0.004844,0.001238,0.011297,-0.000680,0.005465,0.410200,0.018652,0.442395,0.220860,0.013380,0.420981,-0.046040,-0.431822
7.386000,-4.955041,0.515685,-1.419749,-4.976023,1.276327,-2.502488,2.502488,3.000000,5.137102,-0.004843,0.001242,0.009900,0.000131,0.004156,0.410301,0.018650,0.442446,0.220812,0.013392,0.420981,-0.046040,-0.421639
7.396000,-4.911541,0.466576,-1.451721,-4.932523,1.227218,-2.534460,2.534460,3.000000,5.082898,-0.004852,0.001207,0.009344,0.000005,0.005098,0.410394,0.018650,0.442495,0.220764,0.013405,0.420981,-0.046040,-0.430497
7.406000,-4.925271,0.436181,-1.452208,-4.946253,1.196823,-2.534947,2.534947,3.000000,5.088989,-0.004860,0.001176,0.008903,-0.000559,0.003378,0.410488,0.018650,0.442537,0.220715,0.013416,0.420981,-0.046040,-0.416666
7.416000,-4.892443,0.362620,-1.487791,-4.913425,1.123262,-2.570530,2.570530,3.000000,5.040185,-0.004874,0.001114,0.008234,-0.000645,0.003795,0.410574,0.018646,0.442582,0.220666,0.013428,0.420981,-0.046040,-0.421007
7.426000,-4.899133,0.393730,-1.482685,-4.920115,1.154372,-2.565424,2.565424,3.000000,5.053722,-0.004868,0.001142,0.006441,0.000178,0.003376,0.410645,0.018641,0.442615,0.220618,0.013439,0.420981,-0.046040,-0.418059
7.436000,-4.941701,0.414773,-1.450659,-4.962683,1.175415,-2.533398,2.533398,3.000000,5.099983,-0.004865,0.001152,0.005356,-0.001167,0.001988,0.410702,0.018632,0.442636,0.220569,0.013451,0.420981,-0.046040,-0.406657
7.446000,-5.059514,0.401440,-1.382531,-5.080496,1.162082,-2.465270,2.465270,3.000000,5.211705,-0.004874,0.001115,0.003490,-0.000482,0.001320,0.410741,0.018626,0.442651,0.220520,0.013462,0.420981,-0.046040,-0.401261
7.456000,-5.035571,0.307090,-1.429277,-5.056553,1.067732,-2.512017,2.512017,3.000000,5.168054,-0.004892,0.001033,0.001847,0.001146,-0.000164,0.410764,0.018627,0.442657,0.220471,0.013473,0.420981,-0.046040,-0.388772
7.466000,-5.089812,0.247249,-1.461436,-5.110794,1.007891,-2.544175,2.544175,3.000000,5.209228,-0.004906,0.000967,0.001201,0.000566,-0.000260,0.410777,0.018635,0.442659,0.220422,0.013483,0.420981,-0.046040,-0.387990
7.476000,-5.148923,0.204268,-1.415879,-5.169905,0.964910,-2.498618,2.498618,3.000000,5.259180,-0.004915,0.000917,0.000533,0.000826,-0.000940,0.410785,0.018643,0.442658,0.220373,0.013492,0.420981,-0.046040,-0.382199
7.486000,-5.136447,0.091640,-1.508897,-5.157429,0.852282,-2.591636,2.591636,3.000000,5.227376,-0.004933,0.000815,0.000752,0.001037,-0.000646,0.410795,0.018654,0.442660,0.220324,0.013501,0.420981,-0.046040,-0.384740
7.496000,-5.169497,0.023702,-1.515726,-5.190479,0.784344,-2.598465,2.598465,3.000000,5.249407,-0.004944,0.000747,0.000787,0.000756,0.000359,0.410803,0.018665,0.442663,0.220275,0.013508,0.420981,-0.046040,-0.393318
7.506000,-5.154016,0.028320,-1.557842,-5.174998,0.788962,-2.640581,2.640581,3.000000,5.234794,-0.004943,0.000754,0.000868,0.001022,-0.000419,0.410812,0.018674,0.442661,0.220225,0.013516,0.420981,-0.046040,-0.386674
7.516000,-5.161826,0.084832,-1.571244,-5.182808,0.845474,-2.653983,2.653983,3.000000,5.251316,-0.004935,0.000805,0.000741,0.000478,-0.000450,0.410820,0.018673,0.442661,0.220176,0.013524,0.420981,-0.046040,-0.386414
7.526000,-5.181387,0.130849,-1.555420,-5.202369,0.891491,-2.638159,2.638159,3.000000,5.278200,-0.004928,0.000845,0.001273,0.000288,0.000872,0.410832,0.018669,0.442664,0.220126,0.013532,0.420981,-0.046040,-0.397686
7.536000,-5.111721,0.164472,-1.558295,-5.132702,0.925114,-2.641034,2.641034,3.000000,5.215407,-0.004921,0.000887,0.000409,-0.000150,-0.001727,0.410839,0.018664,0.442655,0.220077,0.013541,0.420981,-0.046040,-0.375476
7.546000,-5.150766,0.208484,-1.425233,-5.171748,0.969126,-2.507972,2.507972,3.000000,5.261766,-0.004914,0.000921,0.000664,-0.001407,-0.001614,0.410846,0.018660,0.442644,0.220028,0.013550,0.420981,-0.046040,-0.376228
7.556000,-5.211834,0.225984,-1.304987,-5.232816,0.986626,-2.387726,2.387726,3.000000,5.325016,-0.004913,0.000926,0.000761,0.001105,-0.001870,0.410852,0.018662,0.442628,0.219979,0.013559,0.420981,-0.046040,-0.373779
7.566000,-5.240879,0.304364,-1.219029,-5.261861,1.065006,-2.301768,2.301768,3.000000,5.368558,-0.004901,0.000992,0.000083,-0.000973,-0.003060,0.410856,0.018658,0.442601,0.219930,0.013568,0.420981,-0.046040,-0.363198
7.576000,-5.227005,0.340777,-1.211176,-5.247987,1.101419,-2.293915,2.293915,3.000000,5.362321,-0.004893,0.001027,0.000592,-0.000360,-0.003274,0.410866,0.018655,0.442577,0.219881,0.013579,0.420981,-0.046040,-0.360937
7.586000,-5.147700,0.316523,-1.283735,-5.168682,1.077165,-2.366474,2.366474,3.000000,5.279731,-0.004895,0.001020,0.000814,0.000542,-0.001624,0.410874,0.018658,0.442559,0.219832,0.013589,0.420981,-0.046040,-0.374621
7.596000,-5.026726,0.337238,-1.386723,-5.047708,1.097880,-2.469462,2.469462,3.000000,5.165723,-0.004886,0.001063,0.000915,0.001236,-0.001176,0.410883,0.018661,0.442546,0.219783,0.013599,0.420981,-0.046040,-0.378176
7.606000,-5.000238,0.318565,-1.449467,-5.021220,1.079207,-2.532206,2.532206,3.000000,5.135887,-0.004888,0.001051,0.000895,0.000638,-0.001169,0.410893,0.018659,0.442530,0.219734,0.013610,0.420981,-0.046040,-0.377951
7.616000,-5.172998,0.364870,-1.492650,-5.193980,1.125512,-2.575389,2.575389,3.000000,5.314528,-0.004887,0.001059,0.001739,-0.000372,-0.002382,0.410909,0.018653,0.442514,0.219685,0.013620,0.420981,-0.046040,-0.367386
7.626000,-5.540877,0.397166,-1.444937,-5.561859,1.157808,-2.527676,2.527676,3.000000,5.681091,-0.004895,0.001019,0.002204,-0.000395,-0.002084,0.410930,0.018652,0.442493,0.219636,0.013631,0.420981,-0.046040,-0.369535
7.636000,-5.728622,0.464558,-1.490086,-5.749604,1.225200,-2.572825,2.572825,3.000000,5.878696,-0.004890,0.001042,0.002371,0.000135,-0.002568,0.410953,0.018652,0.442466,0.219588,0.013641,0.420981,-0.046040,-0.364943
7.646000,-5.942529,0.485125,-1.373588,-5.963511,1.245767,-2.456327,2.456327,3.000000,6.092241,-0.004894,0.001022,0.002677,-0.000085,-0.003856,0.410979,0.018651,0.442428,0.219539,0.013651,0.420981,-0.046040,-0.353322
7.656000,-5.867086,0.499113,-1.374046,-5.888068,1.259755,-2.456785,2.456785,3.000000,6.021323,-0.004889,0.001046,0.002571,0.000037,-0.004105,0.411002,0.018652,0.442387,0.219490,0.013661,0.420981,-0.046040,-0.350469
7.666000,-5.582447,0.515026,-1.440496,-5.603429,1.275668,-2.523235,2.523235,3.000000,5.746803,-0.004875,0.001110,0.002301,-0.000436,-0.003942,0.411022,0.018648,0.442348,0.219441,0.013672,0.420981,-0.046040,-0.351162
7.676000,-5.297249,0.480535,-1.479449,-5.318231,1.241177,-2.562188,2.562188,3.000000,5.461145,-0.004869,0.001136,0.001828,0.000584,-0.001943,0.411037,0.018649,0.442316,0.219392,0.013684,0.420981,-0.046040,-0.367543
7.686000,-5.036266,0.439530,-1.544136,-5.057248,1.200172,-2.626875,2.626875,3.000000,5.197708,-0.004865,0.001155,0.001709,-0.000205,-0.002593,0.411053,0.018649,0.442286,0.219343,0.013695,0.420981,-0.046040,-0.361488
7.696000,-4.887776,0.424879,-1.690617,-4.908758,1.185521,-2.773356,2.773356,3.000000,5.049888,-0.004860,0.001174,0.001549,0.000363,-0.001265,0.411070,0.018652,0.442263,0.219295,0.013707,0.420981,-0.046040,-0.372341
7.706000,-5.032173,0.441941,-1.707238,-5.053155,1.202583,-2.789977,2.789977,3.000000,5.194283,-0.004864,0.001158,0.002441,-0.000127,-0.001354,0.411093,0.018650,0.442240,0.219246,0.013718,0.420981,-0.046040,-0.371174
7.716000,-5.374282,0.426426,-1.667179,-5.395264,1.187068,-2.749918,2.749918,3.000000,5.524310,-0.004883,0.001074,0.003385,0.001220,-0.003140,0.411123,0.018652,0.442215,0.219197,0.013729,0.420981,-0.046040,-0.355560
7.726000,-5.617991,0.445404,-1.662870,-5.638973,1.206046,-2.745609,2.745609,3.000000,5.766504,-0.004889,0.001046,0.004039,-0.000153,-0.002176,0.411159,0.018649,0.442192,0.219149,0.013740,0.420981,-0.046040,-0.363323
7.736000,-5.660863,0.490982,-1.735888,-5.681845,1.251624,-2.818628,2.818628,3.000000,5.818069,-0.004883,0.001076,0.003897,-0.000641,-0.002897,0.411199,0.018646,0.442166,0.219100,0.013751,0.420981,-0.046040,-0.356754
7.746000,-5.680688,0.503571,-1.772541,-5.701670,1.264213,-2.855280,2.855280,3.000000,5.840143,-0.004881,0.001082,0.004529,-0.000325,-0.001330,0.411244,0.018645,0.442155,0.219051,0.013761,0.420981,-0.046040,-0.369836
7.756000,-5.608608,0.533240,-1.753075,-5.629590,1.293882,-2.835814,2.835814,3.000000,5.776367,-0.004873,0.001120,0.004411,0.000080,-0.001648,0.411289,0.018643,0.442136,0.219002,0.013772,0.420981,-0.046040,-0.366795
7.766000,-5.588489,0.561117,-1.720858,-5.609471,1.321759,-2.803597,2.803597,3.000000,5.763090,-0.004867,0.001147,0.004616,-0.000518,-0.002723,0.411337,0.018638,0.442113,0.218953,0.013784,0.420981,-0.046040,-0.357262
7.776000,-5.522329,0.632809,-1.659721,-5.543311,1.393451,-2.742460,2.742460,3.000000,5.715768,-0.004849,0.001219,0.004531,-0.000355,-0.003082,0.411385,0.018633,0.442083,0.218905,0.013795,0.420981,-0.046040,-0.353683
7.786000,-5.443627,0.696653,-1.563321,-5.464609,1.457295,-2.646060,2.646060,3.000000,5.655587,-0.004831,0.001288,0.004260,0.000055,-0.003601,0.411429,0.018630,0.442051,0.218856,0.013808,0.420981,-0.046040,-0.348690
7.796000,-5.335675,0.744911,-1.532932,-5.356657,1.505553,-2.615671,2.615671,3.000000,5.564213,-0.004813,0.001353,0.004336,0.000373,-0.003997,0.411476,0.018624,0.442010,0.218808,0.013821,0.420981,-0.046040,-0.344610
7.806000,-5.214890,0.724172,-1.517320,-5.235872,1.484814,-2.600059,2.600059,3.000000,5.442337,-0.004810,0.001364,0.004271,-0.000064,-0.004990,0.411522,0.018625,0.441965,0.218760,0.013835,0.420981,-0.046040,-0.335357
7.816000,-5.125524,0.751296,-1.549229,-5.146506,1.511938,-2.631968,2.631968,3.000000,5.363999,-0.004797,0.001409,0.004360,0.000029,-0.004539,0.411570,0.018625,0.441925,0.218712,0.013849,0.420981,-0.046040,-0.338470
7.826000,-5.145866,0.727145,-1.623161,-5.166848,1.487787,-2.705901,2.705901,3.000000,5.376786,-0.004805,0.001384,0.005295,0.000097,-0.003820,0.411623,0.018632,0.441892,0.218664,0.013863,0.420981,-0.046040,-0.343978
7.836000,-5.243765,0.690660,-1.703484,-5.264747,1.451302,-2.786223,2.786223,3.000000,5.461121,-0.004820,0.001329,0.006058,-0.000096,-0.003624,0.411683,0.018636,0.441858,0.218616,0.013876,0.420981,-0.046040,-0.345026
7.846000,-5.418589,0.690638,-1.796602,-5.439571,1.451280,-2.879342,2.879342,3.000000,5.629845,-0.004831,0.001289,0.007403,0.000216,-0.002852,0.411752,0.018639,0.441830,0.218568,0.013889,0.420981,-0.046040,-0.351086
7.856000,-5.704942,0.706715,-1.815597,-5.725924,1.467357,-2.898336,2.898336,3.000000,5.910951,-0.004843,0.001241,0.008198,-0.000158,-0.003922,0.411829,0.018638,0.441800,0.218519,0.013902,0.420981,-0.046040,-0.341454
7.866000,-5.974839,0.708844,-1.787589,-5.995821,1.469486,-2.870328,2.870328,3.000000,6.173270,-0.004856,0.001190,0.008467,-0.000568,-0.003798,0.411915,0.018631,0.441765,0.218471,0.013914,0.420981,-0.046040,-0.341887
7.876000,-6.001266,0.742462,-1.753658,-6.022248,1.503104,-2.836397,2.836397,3.000000,6.206996,-0.004851,0.001211,0.008644,-0.000874,-0.005059,0.412001,0.018627,0.441727,0.218422,0.013926,0.420981,-0.046040,-0.330503
7.886000,-5.736021,0.790068,-1.777926,-5.757003,1.550710,-2.860665,2.860665,3.000000,5.962196,-0.004828,0.001300,0.007581,0.000262,-0.005408,0.412086,0.018621,0.441687,0.218374,0.013939,0.420981,-0.046040,-0.326810
7.896000,-5.396456,0.797817,-1.803954,-5.417438,1.558460,-2.886693,2.886693,3.000000,5.637147,-0.004805,0.001382,0.008213,0.000395,-0.003613,0.412167,0.018619,0.441654,0.218326,0.013952,0.420981,-0.046040,-0.341445
7.906000,-5.141417,0.790701,-1.909099,-5.162399,1.551343,-2.991839,2.991839,3.000000,5.390457,-0.004788,0.001439,0.008265,-0.000159,-0.002538,0.412250,0.018622,0.441622,0.218278,0.013966,0.420981,-0.046040,-0.349997
7.916000,-5.049009,0.765695,-1.937843,-5.069990,1.526337,-3.020582,3.020582,3.000000,5.294762,-0.004788,0.001441,0.008569,0.000798,-0.002807,0.412336,0.018630,0.441593,0.218230,0.013981,0.420981,-0.046040,-0.347193
7.926000,-5.163609,0.758768,-1.924820,-5.184591,1.519410,-3.007559,3.007559,3.000000,5.402646,-0.004798,0.001406,0.009419,0.001140,-0.003620,0.412429,0.018635,0.441566,0.218182,0.013995,0.420981,-0.046040,-0.339810
7.936000,-5.358230,0.707931,-1.961907,-5.379212,1.468573,-3.044646,3.044646,3.000000,5.576077,-0.004823,0.001317,0.010148,0.000494,-0.002895,0.412532,0.018637,0.441539,0.218134,0.014008,0.420981,-0.046040,-0.345474
7.946000,-5.472177,0.729503,-1.994021,-5.493159,1.490145,-3.076760,3.076760,3.000000,5.691689,-0.004826,0.001309,0.010502,0.000637,-0.002790,0.412640,0.018640,0.441515,0.218086,0.014022,0.420981,-0.046040,-0.345930
7.956000,-5.374510,0.778061,-1.999311,-5.395492,1.538703,-3.082050,3.082050,3.000000,5.610609,-0.004808,0.001371,0.011149,-0.000675,-0.001631,0.412753,0.018638,0.441502,0.218037,0.014035,0.420981,-0.046040,-0.355536
7.966000,-5.157695,0.695558,-2.063144,-5.178677,1.456200,-3.145883,3.145883,3.000000,5.379518,-0.004813,0.001353,0.011014,-0.000236,-0.000687,0.412865,0.018641,0.441500,0.217989,0.014049,0.420981,-0.046040,-0.363512
7.976000,-5.150020,0.652960,-2.014394,-5.171002,1.413602,-3.097133,3.097133,3.000000,5.360739,-0.004823,0.001318,0.011624,0.000324,-0.000579,0.412982,0.018646,0.441500,0.217941,0.014062,0.420981,-0.046040,-0.364430
7.986000,-5.288748,0.632382,-1.949885,-5.309730,1.393024,-3.032624,3.032624,3.000000,5.489421,-0.004836,0.001269,0.012405,0.000482,0.000618,0.413105,0.018651,0.441501,0.217893,0.014075,0.420981,-0.046040,-0.374600
7.996000,-5.454568,0.580415,-1.826881,-5.475550,1.341057,-2.909620,2.909620,3.000000,5.637382,-0.004856,0.001189,0.013017,0.002307,-0.000718,0.413237,0.018662,0.441498,0.217844,0.014087,0.420981,-0.046040,-0.363205
8.007000,-5.691896,0.539302,-1.734937,-5.712878,1.299944,-2.817676,2.817676,3.000000,5.858911,-0.004875,0.001109,0.014657,0.001597,0.000845,0.413393,0.018670,0.441497,0.217791,0.014100,0.420981,-0.046040,-0.376453
8.018000,-5.507108,0.492152,-1.809939,-5.528090,1.252794,-2.892678,2.892678,3.000000,5.668269,-0.004876,0.001105,0.014224,0.001191,0.000638,0.413552,0.018676,0.441508,0.217737,0.014112,0.420981,-0.046040,-0.374893
8.029000,-5.330179,0.448488,-1.790878,-5.351161,1.209130,-2.873617,2.873617,3.000000,5.486066,-0.004877,0.001102,0.015022,0.000895,0.001282,0.413715,0.018682,0.441529,0.217683,0.014124,0.420981,-0.046040,-0.380729
8.040000,-5.265178,0.375634,-1.803040,-5.286160,1.136276,-2.885779,2.885779,3.000000,5.406904,-0.004888,0.001051,0.014796,0.000875,0.001274,0.413885,0.018689,0.441553,0.217630,0.014136,0.420981,-0.046040,-0.381112
8.051000,-5.160071,0.356601,-1.797574,-5.181053,1.117243,-2.880313,2.880313,3.000000,5.300146,-0.004888,0.001054,0.015544,-0.000316,0.002050,0.414057,0.018692,0.441582,0.217576,0.014147,0.420981,-0.046040,-0.388214
8.062000,-5.233480,0.410458,-1.682923,-5.254462,1.171100,-2.765662,2.765662,3.000000,5.383386,-0.004880,0.001088,0.016418,0.000071,0.002055,0.414240,0.018698,0.441601,0.217522,0.014159,0.420981,-0.046040,-0.388592
8.073000,-5.377039,0.376539,-1.567160,-5.398021,1.137181,-2.649899,2.649899,3.000000,5.516503,-0.004893,0.001031,0.017452,0.000594,0.002210,0.414433,0.018703,0.441627,0.217469,0.014171,0.420981,-0.046040,-0.390383
8.084000,-5.421750,0.394875,-1.487743,-5.442732,1.155517,-2.570482,2.570482,3.000000,5.564041,-0.004891,0.001038,0.019015,0.000620,0.001848,0.414638,0.018709,0.441653,0.217415,0.014182,0.420981,-0.046040,-0.387773
8.095000,-5.493575,0.346645,-1.406248,-5.514557,1.107287,-2.488987,2.488987,3.000000,5.624627,-0.004902,0.000984,0.019908,0.001330,0.002402,0.414859,0.018718,0.441688,0.217361,0.014193,0.420981,-0.046040,-0.393105
8.106000,-5.397918,0.344054,-1.342659,-5.418900,1.104696,-2.425398,2.425398,3.000000,5.530355,-0.004899,0.000999,0.021551,0.001092,0.003142,0.415092,0.018724,0.441720,0.217307,0.014204,0.420981,-0.046040,-0.399952
8.117000,-5.204260,0.369092,-1.251406,-5.225241,1.129734,-2.334145,2.334145,3.000000,5.345975,-0.004887,0.001057,0.020878,0.000460,0.002995,0.415321,0.018732,0.441746,0.217253,0.014216,0.420981,-0.046040,-0.399181
8.128000,-5.007203,0.372839,-1.312076,-5.028185,1.133481,-2.394815,2.394815,3.000000,5.154360,-0.004878,0.001100,0.020873,0.000764,0.001216,0.415547,0.018738,0.441771,0.217199,0.014228,0.420981,-0.046040,-0.384525
8.139000,-5.276843,0.380512,-1.180178,-5.297824,1.141154,-2.262917,2.262917,3.000000,5.419334,-0.004888,0.001053,0.021409,0.000074,0.000905,0.415779,0.018740,0.441781,0.217146,0.014239,0.420981,-0.046040,-0.382077
8.150000,-5.617911,0.341192,-1.125948,-5.638893,1.101834,-2.208687,2.208687,3.000000,5.745534,-0.004907,0.000959,0.021453,0.000721,-0.000976,0.416022,0.018750,0.441777,0.217092,0.014250,0.420981,-0.046040,-0.366052
8.161000,-5.852656,0.314238,-1.109832,-5.873638,1.074881,-2.192571,2.192571,3.000000,5.971180,-0.004918,0.000900,0.022672,0.000455,-0.001385,0.416268,0.018757,0.441765,0.217038,0.014261,0.420981,-0.046040,-0.362358
8.172000,-6.163089,0.300730,-1.064634,-6.184071,1.061372,-2.147373,2.147373,3.000000,6.274491,-0.004928,0.000846,0.023036,0.000489,-0.001197,0.416520,0.018766,0.441748,0.216984,0.014270,0.420981,-0.046040,-0.363649
8.183000,-5.780287,0.287127,-1.299997,-5.801269,1.047769,-2.382736,2.382736,3.000000,5.895129,-0.004920,0.000889,0.021814,0.000318,0.000382,0.416767,0.018771,0.441750,0.216929,0.014280,0.420981,-0.046040,-0.377081
8.194000,-5.363326,0.215929,-1.489720,-5.384308,0.976571,-2.572459,2.572459,3.000000,5.472153,-0.004920,0.000892,0.021708,0.000929,0.001997,0.417011,0.018780,0.441772,0.216875,0.014289,0.420981,-0.046040,-0.391188
8.205000,-5.068645,0.220714,-1.688684,-5.089627,0.981356,-2.771423,2.771423,3.000000,5.183374,-0.004910,0.000947,0.022139,0.000513,0.005729,0.417249,0.018785,0.441818,0.216821,0.014300,0.420981,-0.046040,-0.423671
8.216000,-5.088986,0.197012,-1.749292,-5.109968,0.957654,-2.832031,2.832031,3.000000,5.198930,-0.004914,0.000921,0.022260,0.001124,0.003596,0.417488,0.018792,0.441869,0.216767,0.014310,0.420981,-0.046040,-0.406495
8.227000,-5.523096,0.164812,-1.580894,-5.544078,0.925454,-2.663633,2.663633,3.000000,5.620789,-0.004932,0.000823,0.022274,0.000436,0.003524,0.417733,0.018797,0.441908,0.216713,0.014319,0.420981,-0.046040,-0.406584
8.238000,-5.687945,0.242733,-1.496096,-5.708927,1.003375,-2.578835,2.578835,3.000000,5.796430,-0.004925,0.000866,0.022266,0.000478,0.002481,0.417977,0.018803,0.441933,0.216659,0.014329,0.420981,-0.046040,-0.398181
8.249000,-5.652657,0.231004,-1.457147,-5.673639,0.991646,-2.539886,2.539886,3.000000,5.759648,-0.004925,0.000861,0.021934,0.001099,0.003199,0.418216,0.018812,0.441970,0.216605,0.014338,0.420981,-0.046040,-0.404939
8.260000,-5.334419,0.280267,-1.537935,-5.355401,1.040909,-2.620674,2.620674,3.000000,5.455622,-0.004908,0.000954,0.020905,0.000678,0.004090,0.418447,0.018820,0.442015,0.216551,0.014348,0.420981,-0.046040,-0.413308
8.271000,-5.049700,0.233161,-1.625023,-5.070682,0.993803,-2.707762,2.707762,3.000000,5.167152,-0.004907,0.000962,0.020257,0.001679,0.004367,0.418674,0.018829,0.442062,0.216497,0.014359,0.420981,-0.046040,-0.416504
8.282000,-5.044569,0.221956,-1.573700,-5.065551,0.982598,-2.656439,2.656439,3.000000,5.159972,-0.004909,0.000952,0.021197,-0.000614,0.004346,0.418908,0.018831,0.442112,0.216443,0.014369,0.420981,-0.046040,-0.417233
8.293000,-5.087914,0.255682,-1.513479,-5.108896,1.016324,-2.596218,2.596218,3.000000,5.209005,-0.004904,0.000976,0.021781,-0.000749,0.005626,0.419148,0.018839,0.442160,0.216389,0.014380,0.420981,-0.046040,-0.428955
8.304000,-5.136306,0.316498,-1.382225,-5.157288,1.077140,-2.464964,2.464964,3.000000,5.268572,-0.004894,0.001022,0.021123,-0.000179,0.003167,0.419387,0.018844,0.442192,0.216335,0.014391,0.420981,-0.046040,-0.408671
8.315000,-4.963818,0.321944,-1.401374,-4.984800,1.082586,-2.484113,2.484113,3.000000,5.101002,-0.004886,0.001061,0.020596,-0.000511,0.002918,0.419621,0.018846,0.442225,0.216281,0.014402,0.420981,-0.046040,-0.407150
8.326000,-4.538693,0.279119,-1.546849,-4.559675,1.039761,-2.629588,2.629588,3.000000,4.676723,-0.004875,0.001112,0.019328,0.000384,0.003281,0.419837,0.018853,0.442264,0.216227,0.014414,0.420981,-0.046040,-0.410930
8.337000,-4.420358,0.275628,-1.550232,-4.441340,1.036270,-2.632971,2.632971,3.000000,4.560631,-0.004869,0.001136,0.018632,0.001613,0.001661,0.420040,0.018864,0.442281,0.216174,0.014427,0.420981,-0.046040,-0.397496
8.348000,-4.760916,0.343575,-1.512149,-4.781898,1.104217,-2.594889,2.594889,3.000000,4.907733,-0.004872,0.001125,0.018428,0.000623,-0.000990,0.420239,0.018870,0.442270,0.216120,0.014439,0.420981,-0.046040,-0.374804
8.359000,-5.002331,0.387315,-1.483871,-5.023313,1.147957,-2.566610,2.566610,3.000000,5.152813,-0.004874,0.001114,0.017770,0.000841,-0.002684,0.420434,0.018876,0.442247,0.216067,0.014452,0.420981,-0.046040,-0.360004
8.370000,-4.961690,0.350653,-1.571423,-4.982671,1.111295,-2.654162,2.654162,3.000000,5.105095,-0.004880,0.001088,0.016925,0.000695,-0.003581,0.420620,0.018880,0.442221,0.216013,0.014464,0.420981,-0.046040,-0.351929
8.381000,-4.814480,0.313016,-1.674392,-4.835462,1.073658,-2.757131,2.757131,3.000000,4.953225,-0.004881,0.001084,0.015817,-0.000130,-0.000990,0.420797,0.018879,0.442210,0.215959,0.014476,0.420981,-0.046040,-0.373726
8.392000,-4.525420,0.343874,-1.791987,-4.546401,1.104516,-2.874726,2.874726,3.000000,4.678645,-0.004859,0.001180,0.014991,0.000446,-0.001675,0.420968,0.018877,0.442185,0.215906,0.014488,0.420981,-0.046040,-0.367455
8.403000,-4.554695,0.375239,-1.828003,-4.575677,1.135881,-2.910742,2.910742,3.000000,4.714557,-0.004853,0.001205,0.014787,0.000133,-0.002217,0.421130,0.018878,0.442160,0.215852,0.014501,0.420981,-0.046040,-0.362405
8.414000,-4.648394,0.407181,-1.827467,-4.669376,1.167823,-2.910207,2.910207,3.000000,4.813199,-0.004851,0.001213,0.014366,0.000580,-0.003024,0.421291,0.018883,0.442127,0.215799,0.014515,0.420981,-0.046040,-0.354962
8.425000,-4.861228,0.456901,-1.846730,-4.882210,1.217544,-2.929469,2.929469,3.000000,5.031738,-0.004851,0.001210,0.015099,0.000623,-0.002765,0.421453,0.018888,0.442096,0.215746,0.014528,0.420981,-0.046040,-0.356603
8.436000,-5.064416,0.455812,-1.842909,-5.085398,1.216454,-2.925648,2.925648,3.000000,5.228866,-0.004863,0.001163,0.015029,0.000087,-0.003258,0.421616,0.018890,0.442055,0.215692,0.014541,0.420981,-0.046040,-0.351682
8.447000,-5.031873,0.394609,-1.912742,-5.052855,1.155251,-2.995481,2.995481,3.000000,5.183237,-0.004874,0.001114,0.014943,0.000144,-0.002081,0.421785,0.018894,0.442033,0.215639,0.014553,0.420981,-0.046040,-0.361278
8.458000,-4.886264,0.463152,-1.990438,-4.907246,1.223794,-3.073178,3.073178,3.000000,5.057542,-0.004851,0.001210,0.015290,0.000105,-0.001455,0.421955,0.018894,0.442021,0.215585,0.014566,0.420981,-0.046040,-0.366378
8.469000,-4.704449,0.514521,-2.010813,-4.725431,1.275163,-3.093552,3.093552,3.000000,4.894460,-0.004827,0.001303,0.015107,-0.000141,0.000490,0.422130,0.018890,0.442032,0.215532,0.014580,0.420981,-0.046040,-0.383080
8.480000,-4.828430,0.695312,-1.829644,-4.849412,1.455954,-2.912384,2.912384,3.000000,5.063260,-0.004789,0.001438,0.015883,-0.001168,-0.001480,0.422307,0.018878,0.442027,0.215479,0.014595,0.420981,-0.046040,-0.366272
8.491000,-5.008668,0.783760,-1.641481,-5.029650,1.544402,-2.724221,2.724221,3.000000,5.261422,-0.004780,0.001468,0.016267,-0.000861,-0.000711,0.422487,0.018864,0.442019,0.215426,0.014611,0.420981,-0.046040,-0.372641
8.502000,-4.974550,0.912931,-1.586617,-4.995532,1.673573,-2.669356,2.669356,3.000000,5.268414,-0.004741,0.001588,0.016847,-0.000860,-0.000716,0.422669,0.018854,0.442003,0.215374,0.014628,0.420981,-0.046040,-0.372322
8.513000,-4.810618,0.859426,-1.546837,-4.831600,1.620068,-2.629576,2.629576,3.000000,5.095976,-0.004741,0.001590,0.016890,-0.000317,-0.000608,0.422856,0.018851,0.441994,0.215322,0.014646,0.420981,-0.046040,-0.373072
8.524000,-4.457997,0.754802,-1.620062,-4.478978,1.515444,-2.702802,2.702802,3.000000,4.728406,-0.004736,0.001602,0.016865,0.000434,0.001451,0.423041,0.018852,0.442007,0.215270,0.014663,0.420981,-0.046040,-0.390779
8.535000,-4.207771,0.718556,-1.659934,-4.228753,1.479198,-2.742673,2.742673,3.000000,4.479997,-0.004720,0.001651,0.018237,0.001013,0.003070,0.423237,0.018857,0.442040,0.215218,0.014681,0.420981,-0.046040,-0.405101
8.546000,-4.321383,0.754789,-1.628645,-4.342365,1.515431,-2.711384,2.711384,3.000000,4.599202,-0.004721,0.001647,0.019318,0.000522,0.004400,0.423446,0.018861,0.442080,0.215166,0.014699,0.420981,-0.046040,-0.417125
8.557000,-4.668760,0.828103,-1.536897,-4.689742,1.588745,-2.619636,2.619636,3.000000,4.951545,-0.004736,0.001604,0.020511,0.000266,0.005081,0.423670,0.018863,0.442134,0.215114,0.014717,0.420981,-0.046040,-0.423868
8.568000,-4.949116,0.915190,-1.380069,-4.970098,1.675832,-2.462808,2.462808,3.000000,5.245024,-0.004738,0.001598,0.020968,-0.000819,0.003551,0.423896,0.018861,0.442177,0.215062,0.014735,0.420981,-0.046040,-0.411651
8.579000,-5.211692,0.997310,-1.277157,-5.232674,1.757952,-2.359896,2.359896,3.000000,5.520079,-0.004740,0.001592,0.020522,-0.000627,0.002984,0.424124,0.018856,0.442214,0.215010,0.014752,0.420981,-0.046040,-0.407508
8.590000,-4.929501,0.988310,-1.363133,-4.950483,1.748952,-2.445872,2.445872,3.000000,5.250344,-0.004714,0.001666,0.019023,0.000258,0.004469,0.424336,0.018852,0.442254,0.214958,0.014770,0.420981,-0.046040,-0.420832
8.601000,-4.459915,0.893942,-1.500953,-4.480897,1.654584,-2.583692,2.583692,3.000000,4.776618,-0.004690,0.001732,0.017584,0.000400,0.003983,0.424533,0.018855,0.442298,0.214906,0.014789,0.420981,-0.046040,-0.417487
8.612000,-4.265853,0.813232,-1.499724,-4.286834,1.573874,-2.582463,2.582463,3.000000,4.566621,-0.004694,0.001723,0.016790,0.001434,0.004252,0.424715,0.018864,0.442349,0.214854,0.014808,0.420981,-0.046040,-0.420690
8.623000,-4.353941,0.787847,-1.513132,-4.374923,1.548489,-2.595871,2.595871,3.000000,4.640880,-0.004713,0.001668,0.016680,0.001217,0.004297,0.424899,0.018869,0.442399,0.214803,0.014827,0.420981,-0.046040,-0.421978
8.634000,-4.811248,0.778962,-1.355119,-4.832230,1.539604,-2.437859,2.437859,3.000000,5.071570,-0.004764,0.001518,0.017080,0.000215,0.003262,0.425088,0.018873,0.442445,0.214750,0.014844,0.420981,-0.046040,-0.414034
8.645000,-5.272318,0.847067,-1.225617,-5.293300,1.607709,-2.308356,2.308356,3.000000,5.532066,-0.004784,0.001453,0.017636,0.000699,0.002886,0.425281,0.018880,0.442479,0.214698,0.014860,0.420981,-0.046040,-0.411452
8.656000,-5.275597,0.829825,-1.191316,-5.296579,1.590467,-2.274056,2.274056,3.000000,5.530220,-0.004789,0.001438,0.017286,0.000405,0.003169,0.425471,0.018883,0.442511,0.214645,0.014876,0.420981,-0.046040,-0.414423
8.667000,-4.647595,0.757736,-1.374345,-4.668576,1.518378,-2.457084,2.457084,3.000000,4.909285,-0.004755,0.001546,0.015222,0.000046,0.004803,0.425643,0.018890,0.442560,0.214593,0.014892,0.420981,-0.046040,-0.429174
8.678000,-4.054362,0.785703,-1.520770,-4.075344,1.546345,-2.603509,2.603509,3.000000,4.358854,-0.004675,0.001774,0.014501,0.000302,0.005715,0.425805,0.018896,0.442626,0.214541,0.014911,0.420981,-0.046040,-0.438099
8.689000,-3.979681,0.750217,-1.437544,-4.000663,1.510859,-2.520284,2.520284,3.000000,4.276447,-0.004678,0.001766,0.013806,-0.000229,0.005783,0.425956,0.018899,0.442687,0.214489,0.014930,0.420981,-0.046040,-0.439773
8.700000,-4.344733,0.745360,-1.329612,-4.365715,1.506002,-2.412351,2.412351,3.000000,4.618172,-0.004727,0.001631,0.014387,0.000563,0.004099,0.426113,0.018907,0.442733,0.214438,0.014949,0.420981,-0.046040,-0.426310
8.711000,-4.750635,0.756216,-1.151310,-4.771617,1.516858,-2.234049,2.234049,3.000000,5.006914,-0.004765,0.001515,0.014045,0.000300,0.002412,0.426269,0.018911,0.442764,0.214385,0.014966,0.420981,-0.046040,-0.412551
8.722000,-4.986372,0.783090,-1.041083,-5.007354,1.543732,-2.123822,2.123822,3.000000,5.239914,-0.004778,0.001473,0.014436,0.000091,0.001901,0.426426,0.018914,0.442790,0.214333,0.014982,0.420981,-0.046040,-0.408693
8.733000,-4.840446,0.776229,-1.041689,-4.861428,1.536871,-2.124428,2.124428,3.000000,5.098574,-0.004767,0.001507,0.013071,0.001366,0.002755,0.426575,0.018921,0.442814,0.214280,0.014999,0.420981,-0.046040,-0.416358
8.744000,-4.476166,0.723234,-1.145464,-4.497148,1.483876,-2.228203,2.228203,3.000000,4.735633,-0.004748,0.001567,0.012693,0.000348,0.001747,0.426721,0.018924,0.442839,0.214228,0.015016,0.420981,-0.046040,-0.408265
8.755000,-4.121345,0.702107,-1.223618,-4.142327,1.462749,-2.306357,2.306357,3.000000,4.393007,-0.004715,0.001665,0.011778,0.000542,0.001929,0.426856,0.018930,0.442864,0.214176,0.015033,0.420981,-0.046040,-0.410252
8.766000,-3.899905,0.670652,-1.268052,-3.920887,1.431294,-2.350791,2.350791,3.000000,4.173961,-0.004697,0.001715,0.011822,0.001517,0.002067,0.426986,0.018937,0.442894,0.214124,0.015052,0.420981,-0.046040,-0.411965
8.777000,-4.043170,0.678995,-1.266860,-4.064152,1.439637,-2.349599,2.349599,3.000000,4.311599,-0.004713,0.001669,0.011676,0.000770,0.002508,0.427116,0.018943,0.442917,0.214072,0.015071,0.420981,-0.046040,-0.416126
8.788000,-4.341319,0.707316,-1.208750,-4.362301,1.467958,-2.291489,2.291489,3.000000,4.602670,-0.004739,0.001595,0.012425,-0.000506,0.001378,0.427255,0.018943,0.442931,0.214020,0.015089,0.420981,-0.046040,-0.406785
8.799000,-4.625525,0.687114,-1.151777,-4.646507,1.447756,-2.234516,2.234516,3.000000,4.866830,-0.004774,0.001487,0.013245,0.000566,0.001227,0.427401,0.018949,0.442946,0.213968,0.015106,0.420981,-0.046040,-0.405781
8.810000,-4.549537,0.640314,-1.139229,-4.570519,1.400956,-2.221968,2.221968,3.000000,4.780410,-0.004780,0.001465,0.013167,0.001138,0.002224,0.427548,0.018956,0.442968,0.213916,0.015122,0.420981,-0.046040,-0.414625
8.821000,-4.242177,0.647520,-1.235993,-4.263159,1.408162,-2.318732,2.318732,3.000000,4.489704,-0.004748,0.001568,0.013668,-0.000376,0.003335,0.427696,0.018954,0.443001,0.213863,0.015138,0.420981,-0.046040,-0.424653
8.832000,-4.033564,0.636408,-1.261744,-4.054546,1.397050,-2.344483,2.344483,3.000000,4.288484,-0.004727,0.001629,0.013527,0.000227,0.003043,0.427843,0.018961,0.443042,0.213811,0.015156,0.420981,-0.046040,-0.422921
8.843000,-3.936789,0.636833,-1.296747,-3.957771,1.397475,-2.379486,2.379486,3.000000,4.197248,-0.004715,0.001665,0.013222,0.000700,0.003429,0.427989,0.018965,0.443087,0.213759,0.015174,0.420981,-0.046040,-0.426991
8.854000,-4.070470,0.586416,-1.278907,-4.091452,1.347058,-2.361646,2.361646,3.000000,4.307499,-0.004749,0.001564,0.013539,0.000743,0.003619,0.428144,0.018968,0.443123,0.213707,0.015192,0.420981,-0.046040,-0.429252
8.865000,-4.066254,0.587301,-1.367915,-4.087236,1.347943,-2.450655,2.450655,3.000000,4.303772,-0.004748,0.001566,0.012671,0.000755,0.002150,0.428289,0.018973,0.443154,0.213655,0.015209,0.420981,-0.046040,-0.417349
8.876000,-3.833362,0.574678,-1.524210,-3.854344,1.335320,-2.606949,2.606949,3.000000,4.079099,-0.004725,0.001637,0.012170,0.000604,0.002864,0.428425,0.018978,0.443191,0.213603,0.015226,0.420981,-0.046040,-0.424081
8.887000,-3.772561,0.578493,-1.690001,-3.793543,1.339135,-2.772741,2.772741,3.000000,4.022965,-0.004715,0.001664,0.011060,0.000762,0.003251,0.428551,0.018982,0.443235,0.213551,0.015245,0.420981,-0.046040,-0.428154
8.898000,-3.949967,0.561940,-1.763228,-3.970949,1.322582,-2.845968,2.845968,3.000000,4.185411,-0.004744,0.001580,0.011182,0.000615,0.002427,0.428676,0.018987,0.443271,0.213499,0.015263,0.420981,-0.046040,-0.421813
8.909000,-4.248275,0.573073,-1.797810,-4.269257,1.333715,-2.880549,2.880549,3.000000,4.472734,-0.004773,0.001491,0.011346,0.000768,0.003275,0.428800,0.018993,0.443309,0.213446,0.015279,0.420981,-0.046040,-0.429680
8.920000,-4.508967,0.582339,-1.748108,-4.529948,1.342981,-2.830847,2.830847,3.000000,4.724831,-0.004794,0.001421,0.010854,-0.000537,0.001082,0.428921,0.018993,0.443331,0.213394,0.015295,0.420981,-0.046040,-0.411472
8.931000,-4.540017,0.567441,-1.755253,-4.560999,1.328083,-2.837992,2.837992,3.000000,4.750423,-0.004801,0.001398,0.010082,-0.000368,0.000981,0.429035,0.018995,0.443355,0.213341,0.015311,0.420981,-0.046040,-0.411056
8.942000,-4.241391,0.551999,-1.815760,-4.262373,1.312641,-2.898499,2.898499,3.000000,4.459916,-0.004779,0.001472,0.009383,0.000253,0.002864,0.429141,0.018997,0.443376,0.213288,0.015326,0.420981,-0.046040,-0.427406
8.953000,-3.754163,0.549625,-1.914271,-3.775145,1.310267,-2.997010,2.997010,3.000000,3.996063,-0.004724,0.001639,0.008088,0.000488,0.004294,0.429231,0.019000,0.443415,0.213236,0.015344,0.420981,-0.046040,-0.440245
8.964000,-3.520911,0.555061,-1.981151,-3.541893,1.315703,-3.063890,3.063890,3.000000,3.778370,-0.004687,0.001741,0.007162,-0.000604,0.003811,0.429308,0.019001,0.443447,0.213184,0.015362,0.420981,-0.046040,-0.436726
8.975000,-3.542274,0.570922,-1.947926,-3.563256,1.331564,-3.030665,3.030665,3.000000,3.803926,-0.004684,0.001750,0.006757,-0.000035,0.002981,0.429381,0.019007,0.443485,0.213133,0.015382,0.420981,-0.046040,-0.430360
8.986000,-3.813459,0.513032,-1.899908,-3.834441,1.273674,-2.982647,2.982647,3.000000,4.040444,-0.004745,0.001576,0.006426,0.000660,0.001790,0.429453,0.019015,0.443512,0.213081,0.015400,0.420981,-0.046040,-0.420740
8.997000,-4.116840,0.480214,-1.864632,-4.137822,1.240856,-2.947371,2.947371,3.000000,4.319872,-0.004789,0.001436,0.006210,0.000790,0.002423,0.429526,0.019022,0.443544,0.213029,0.015417,0.420981,-0.046040,-0.426683
9.008000,-4.195053,0.465488,-1.974593,-4.216034,1.226130,-3.057332,3.057332,3.000000,4.390711,-0.004801,0.001396,0.006588,0.000487,0.003125,0.429600,0.019024,0.443577,0.212976,0.015432,0.420981,-0.046040,-0.433250
9.019000,-4.144452,0.469622,-2.117972,-4.165434,1.230264,-3.200712,3.200712,3.000000,4.343315,-0.004795,0.001416,0.006739,-0.000113,0.004173,0.429672,0.019024,0.443623,0.212923,0.015448,0.420981,-0.046040,-0.442952
9.030000,-4.080061,0.491139,-2.148097,-4.101043,1.251781,-3.230836,3.230836,3.000000,4.287832,-0.004782,0.001460,0.006429,-0.000409,0.003872,0.429742,0.019025,0.443664,0.212870,0.015464,0.420981,-0.046040,-0.441143
9.041000,-4.013117,0.490858,-2.091088,-4.034099,1.251500,-3.173828,3.173828,3.000000,4.223767,-0.004775,0.001481,0.006148,0.000663,0.004429,0.429806,0.019030,0.443711,0.212818,0.015480,0.420981,-0.046040,-0.446719
9.052000,-3.985162,0.448324,-2.042952,-4.006144,1.208966,-3.125691,3.125691,3.000000,4.184589,-0.004787,0.001445,0.005713,0.000880,0.003806,0.429870,0.019031,0.443754,0.212765,0.015496,0.420981,-0.046040,-0.442198
9.063000,-4.045728,0.443576,-2.013922,-4.066710,1.204218,-3.096661,3.096661,3.000000,4.241258,-0.004794,0.001420,0.005859,-0.000168,0.004361,0.429933,0.019034,0.443797,0.212712,0.015511,0.420981,-0.046040,-0.447679
9.074000,-4.105279,0.470692,-1.984166,-4.126261,1.231334,-3.066905,3.066905,3.000000,4.306067,-0.004791,0.001430,0.005885,0.000159,0.002201,0.429998,0.019038,0.443839,0.212660,0.015527,0.420981,-0.046040,-0.430121
9.085000,-4.120549,0.437032,-1.949846,-4.141531,1.197674,-3.032585,3.032585,3.000000,4.311230,-0.004803,0.001389,0.005978,0.000706,0.005321,0.430064,0.019050,0.443897,0.212607,0.015543,0.420981,-0.046040,-0.457637
9.096000,-4.154845,0.384211,-1.987331,-4.175827,1.144853,-3.070070,3.070070,3.000000,4.329922,-0.004822,0.001322,0.007271,0.000156,0.006501,0.430138,0.019055,0.443963,0.212554,0.015558,0.420981,-0.046040,-0.468836
9.107000,-4.155247,0.387902,-1.990223,-4.176228,1.148544,-3.072962,3.072962,3.000000,4.331286,-0.004821,0.001326,0.006554,-0.000211,0.005384,0.430212,0.019058,0.444029,0.212501,0.015572,0.420981,-0.046040,-0.460546
9.118000,-4.143183,0.396760,-1.921957,-4.164165,1.157402,-3.004697,3.004697,3.000000,4.322019,-0.004817,0.001339,0.006960,-0.000112,0.006672,0.430288,0.019057,0.444101,0.212448,0.015587,0.420981,-0.046040,-0.472777
9.129000,-4.187239,0.417575,-1.916414,-4.208221,1.178217,-2.999153,2.999153,3.000000,4.370048,-0.004815,0.001348,0.006948,-0.000229,0.007822,0.430365,0.019057,0.444177,0.212395,0.015601,0.420981,-0.046040,-0.483896
9.140000,-4.208172,0.404267,-1.804151,-4.229153,1.164909,-2.886890,2.886890,3.000000,4.386656,-0.004820,0.001328,0.007299,0.000972,0.007158,0.430446,0.019060,0.444256,0.212342,0.015616,0.420981,-0.046040,-0.479687
9.151000,-4.370747,0.448628,-1.731220,-4.391729,1.209270,-2.813960,2.813960,3.000000,4.555175,-0.004821,0.001327,0.007621,0.001183,0.006922,0.430529,0.019066,0.444329,0.212289,0.015631,0.420981,-0.046040,-0.479000
9.162000,-4.373163,0.456951,-1.803005,-4.394145,1.217593,-2.885744,2.885744,3.000000,4.559720,-0.004818,0.001335,0.007931,0.000684,0.006896,0.430616,0.019072,0.444411,0.212236,0.015645,0.420981,-0.046040,-0.480246
9.173000,-4.345056,0.458180,-1.831148,-4.366038,1.218822,-2.913887,2.913887,3.000000,4.532970,-0.004816,0.001344,0.008494,0.000071,0.008617,0.430707,0.019076,0.444499,0.212183,0.015660,0.420981,-0.046040,-0.496434
9.184000,-4.407874,0.459541,-1.839533,-4.428856,1.220183,-2.922272,2.922272,3.000000,4.593867,-0.004820,0.001328,0.009217,-0.000117,0.009370,0.430802,0.019080,0.444591,0.212130,0.015675,0.420981,-0.046040,-0.504484
9.195000,-4.475736,0.516417,-1.757148,-4.496718,1.277059,-2.839887,2.839887,3.000000,4.674543,-0.004810,0.001366,0.008734,-0.001018,0.007919,0.430896,0.019079,0.444676,0.212077,0.015689,0.420981,-0.046040,-0.493701
9.206000,-4.354364,0.545121,-1.839664,-4.375346,1.305763,-2.922404,2.922404,3.000000,4.566034,-0.004791,0.001430,0.009160,-0.000235,0.009013,0.430998,0.019080,0.444774,0.212024,0.015705,0.420981,-0.046040,-0.504741
9.217000,-4.423168,0.554308,-1.683445,-4.444150,1.314950,-2.766184,2.766184,3.000000,4.634605,-0.004795,0.001419,0.009632,0.000356,0.008295,0.431106,0.019085,0.444868,0.211971,0.015720,0.420981,-0.046040,-0.500352
9.228000,-4.405826,0.566693,-1.659907,-4.426808,1.327335,-2.742646,2.742646,3.000000,4.621520,-0.004789,0.001436,0.011535,0.000895,0.010333,0.431222,0.019093,0.444968,0.211919,0.015736,0.420981,-0.046040,-0.519436
9.239000,-4.295997,0.571575,-1.665410,-4.316978,1.332217,-2.748150,2.748150,3.000000,4.517865,-0.004778,0.001474,0.011220,0.000560,0.010437,0.431344,0.019100,0.445077,0.211866,0.015752,0.420981,-0.046040,-0.522291
9.250000,-4.174540,0.620078,-1.594822,-4.195522,1.380720,-2.677561,2.677561,3.000000,4.416876,-0.004749,0.001563,0.012076,0.001412,0.010605,0.431473,0.019107,0.445189,0.211814,0.015769,0.420981,-0.046040,-0.525725
9.261000,-4.151953,0.624160,-1.538131,-4.172935,1.384802,-2.620870,2.620870,3.000000,4.396710,-0.004746,0.001575,0.012434,0.001350,0.010176,0.431611,0.019110,0.445306,0.211762,0.015786,0.420981,-0.046040,-0.524189
9.272000,-4.075169,0.685844,-1.477152,-4.096151,1.446486,-2.559891,2.559891,3.000000,4.344050,-0.004715,0.001665,0.012938,0.000415,0.011888,0.431758,0.019111,0.445435,0.211709,0.015804,0.420981,-0.046040,-0.541039
9.283000,-4.067863,0.731368,-1.425248,-4.088845,1.492010,-2.507987,2.507987,3.000000,4.352557,-0.004697,0.001714,0.012989,0.000079,0.011104,0.431901,0.019116,0.445555,0.211658,0.015823,0.420981,-0.046040,-0.536550
9.294000,-4.074001,0.775463,-1.454653,-4.094983,1.536105,-2.537392,2.537392,3.000000,4.373614,-0.004681,0.001756,0.013307,0.000394,0.010686,0.432046,0.019118,0.445665,0.211606,0.015842,0.420981,-0.046040,-0.534990
9.305000,-4.246745,0.752725,-1.398384,-4.267727,1.513367,-2.481124,2.481124,3.000000,4.528109,-0.004712,0.001671,0.012676,0.000542,0.008945,0.432185,0.019122,0.445767,0.211554,0.015860,0.420981,-0.046040,-0.522044
9.316000,-4.471082,0.759924,-1.326938,-4.492064,1.520566,-2.409677,2.409677,3.000000,4.742442,-0.004736,0.001603,0.012295,0.000486,0.007853,0.432326,0.019125,0.445854,0.211502,0.015878,0.420981,-0.046040,-0.514337
9.327000,-4.617355,0.829525,-1.243209,-4.638337,1.590167,-2.325948,2.325948,3.000000,4.903346,-0.004730,0.001622,0.012827,-0.000100,0.007627,0.432467,0.019128,0.445930,0.211450,0.015896,0.420981,-0.046040,-0.513793
9.338000,-4.587786,0.845667,-1.214056,-4.608768,1.606309,-2.296795,2.296795,3.000000,4.880673,-0.004721,0.001646,0.012897,0.000112,0.007246,0.432608,0.019132,0.446002,0.211398,0.015914,0.420981,-0.046040,-0.511858
9.349000,-4.496196,0.804771,-1.270247,-4.517178,1.565413,-2.352986,2.352986,3.000000,4.780734,-0.004724,0.001637,0.012431,0.000972,0.006026,0.432748,0.019139,0.446076,0.211346,0.015932,0.420981,-0.046040,-0.502837
9.360000,-4.362909,0.783071,-1.355679,-4.383891,1.543713,-2.438418,2.438418,3.000000,4.647747,-0.004716,0.001661,0.012355,0.000775,0.007707,0.432883,0.019146,0.446159,0.211294,0.015950,0.420981,-0.046040,-0.518597
9.371000,-4.378108,0.723843,-1.413490,-4.399090,1.484485,-2.496229,2.496229,3.000000,4.642811,-0.004738,0.001599,0.012261,0.001027,0.006979,0.433018,0.019154,0.446239,0.211242,0.015968,0.420981,-0.046040,-0.513862
9.382000,-4.652091,0.761530,-1.363908,-4.673073,1.522172,-2.446648,2.446648,3.000000,4.914735,-0.004754,0.001549,0.012700,0.000466,0.005953,0.433158,0.019159,0.446312,0.211190,0.015985,0.420981,-0.046040,-0.506466
9.393000,-4.980119,0.770756,-1.330057,-5.001101,1.531398,-2.412796,2.412796,3.000000,5.230314,-0.004781,0.001464,0.013299,-0.000015,0.005970,0.433301,0.019162,0.446372,0.211138,0.016002,0.420981,-0.046040,-0.507701
9.404000,-5.033505,0.779033,-1.310371,-5.054487,1.539675,-2.393110,2.393110,3.000000,5.283790,-0.004783,0.001457,0.012671,-0.000461,0.004149,0.433440,0.019163,0.446421,0.211085,0.016018,0.420981,-0.046040,-0.493117
9.415000,-4.872941,0.710593,-1.266561,-4.893923,1.471235,-2.349300,2.349300,3.000000,5.110285,-0.004788,0.001439,0.012482,-0.000085,0.005515,0.433575,0.019165,0.446474,0.211033,0.016034,0.420981,-0.046040,-0.505663
9.426000,-4.463262,0.735416,-1.355379,-4.484243,1.496058,-2.438118,2.438118,3.000000,4.727222,-0.004743,0.001582,0.011179,0.000472,0.005539,0.433696,0.019169,0.446526,0.210980,0.016051,0.420981,-0.046040,-0.506804
9.437000,-4.225155,0.715883,-1.360659,-4.246137,1.476525,-2.443398,2.443398,3.000000,4.495532,-0.004723,0.001642,0.011109,0.000444,0.005388,0.433815,0.019175,0.446584,0.210928,0.016068,0.420981,-0.046040,-0.506566
9.448000,-4.407367,0.723233,-1.274593,-4.428349,1.483875,-2.357332,2.357332,3.000000,4.670349,-0.004741,0.001589,0.011116,0.000335,0.004886,0.433937,0.019178,0.446637,0.210876,0.016086,0.420981,-0.046040,-0.503252
9.459000,-4.615018,0.695140,-1.269957,-4.636000,1.455783,-2.352696,2.352696,3.000000,4.859197,-0.004770,0.001498,0.011434,0.000526,0.004635,0.434059,0.019186,0.446687,0.210824,0.016103,0.420981,-0.046040,-0.502036
9.470000,-4.885176,0.754255,-1.303966,-4.906158,1.514898,-2.386705,2.386705,3.000000,5.134715,-0.004777,0.001475,0.011171,0.000088,0.004091,0.434183,0.019189,0.446737,0.210771,0.016120,0.420981,-0.046040,-0.498314
9.481000,-4.995523,0.784379,-1.301029,-5.016504,1.545021,-2.383768,2.383768,3.000000,5.249039,-0.004778,0.001472,0.011301,-0.000404,0.005053,0.434303,0.019189,0.446782,0.210719,0.016136,0.420981,-0.046040,-0.507287
9.492000,-4.981717,0.789094,-1.356344,-5.002699,1.549736,-2.439083,2.439083,3.000000,5.237239,-0.004776,0.001480,0.010316,0.000156,0.004450,0.434420,0.019189,0.446830,0.210666,0.016152,0.420981,-0.046040,-0.503037
9.503000,-4.822095,0.795948,-1.341272,-4.843077,1.556590,-2.424011,2.424011,3.000000,5.087079,-0.004760,0.001530,0.009889,0.000574,0.004488,0.434527,0.019190,0.446875,0.210614,0.016168,0.420981,-0.046040,-0.504168
9.514000,-4.738897,0.791644,-1.289353,-4.759879,1.552286,-2.372092,2.372092,3.000000,5.006599,-0.004754,0.001550,0.009456,-0.000504,0.003003,0.434630,0.019192,0.446917,0.210561,0.016186,0.420981,-0.046040,-0.492322
9.525000,-4.862126,0.766203,-1.284396,-4.883108,1.526845,-2.367135,2.367135,3.000000,5.116249,-0.004772,0.001492,0.008989,0.001182,0.003711,0.434727,0.019199,0.446954,0.210509,0.016202,0.420981,-0.046040,-0.498996
9.536000,-4.891095,0.725700,-1.308254,-4.912077,1.486342,-2.390993,2.390993,3.000000,5.132028,-0.004786,0.001448,0.009134,0.000394,0.004081,0.434825,0.019204,0.446993,0.210456,0.016218,0.420981,-0.046040,-0.502829
9.547000,-4.814599,0.733598,-1.357091,-4.835581,1.494240,-2.439830,2.439830,3.000000,5.061185,-0.004777,0.001476,0.008433,0.000311,0.003387,0.434918,0.019210,0.447029,0.210404,0.016234,0.420981,-0.046040,-0.497600
9.558000,-4.849784,0.694439,-1.362155,-4.870766,1.455081,-2.444894,2.444894,3.000000,5.083465,-0.004791,0.001431,0.008868,-0.000055,0.003709,0.435016,0.019212,0.447071,0.210351,0.016250,0.420981,-0.046040,-0.501086
9.569000,-4.746648,0.694538,-1.381833,-4.767630,1.455180,-2.464572,2.464572,3.000000,4.984762,-0.004782,0.001460,0.008452,0.000163,0.004071,0.435109,0.019213,0.447121,0.210299,0.016266,0.420981,-0.046040,-0.505062
9.580000,-4.745624,0.701968,-1.384160,-4.766606,1.462610,-2.466900,2.466900,3.000000,4.985956,-0.004780,0.001467,0.008465,0.000014,0.004864,0.435204,0.019212,0.447173,0.210246,0.016282,0.420981,-0.046040,-0.512726
9.591000,-4.719261,0.771543,-1.257870,-4.740243,1.532185,-2.340609,2.340609,3.000000,4.981716,-0.004758,0.001538,0.007848,-0.000458,0.003864,0.435291,0.019205,0.447210,0.210193,0.016299,0.420981,-0.046040,-0.504897
9.602000,-4.639061,0.837776,-1.164866,-4.660043,1.598418,-2.247605,2.247605,3.000000,4.926555,-0.004730,0.001622,0.007008,-0.001074,0.004213,0.435372,0.019197,0.447248,0.210141,0.016316,0.420981,-0.046040,-0.508541
9.613000,-4.596921,0.873587,-1.113669,-4.617903,1.634229,-2.196409,2.196409,3.000000,4.898544,-0.004714,0.001668,0.007125,-0.000280,0.002215,0.435452,0.019194,0.447277,0.210089,0.016335,0.420981,-0.046040,-0.492122
9.624000,-4.471657,0.776465,-1.118796,-4.492639,1.537107,-2.201536,2.201536,3.000000,4.748316,-0.004731,0.001619,0.006662,0.000553,0.003616,0.435526,0.019198,0.447316,0.210037,0.016353,0.420981,-0.046040,-0.504706
9.635000,-4.397014,0.732172,-1.218265,-4.417996,1.492814,-2.301004,2.301004,3.000000,4.663387,-0.004737,0.001601,0.006262,0.001042,0.003778,0.435596,0.019204,0.447354,0.209985,0.016370,0.420981,-0.046040,-0.506776
9.646000,-4.416523,0.761437,-1.265861,-4.437505,1.522079,-2.348600,2.348600,3.000000,4.691287,-0.004730,0.001622,0.006619,0.000470,0.003061,0.435670,0.019205,0.447398,0.209933,0.016388,0.420981,-0.046040,-0.501473
9.657000,-4.636372,0.755716,-1.234442,-4.657354,1.516358,-2.317181,2.317181,3.000000,4.897988,-0.004754,0.001548,0.006638,0.000396,0.002916,0.435742,0.019205,0.447431,0.209881,0.016406,0.420981,-0.046040,-0.500831
9.668000,-4.806822,0.786965,-1.245390,-4.827804,1.547607,-2.328129,2.328129,3.000000,5.069791,-0.004761,0.001526,0.006207,0.000124,0.001910,0.435812,0.019207,0.447457,0.209829,0.016422,0.420981,-0.046040,-0.492766
9.679000,-4.751802,0.787816,-1.299204,-4.772784,1.548458,-2.381943,2.381943,3.000000,5.017688,-0.004756,0.001543,0.005835,0.000253,0.001338,0.435880,0.019208,0.447473,0.209776,0.016439,0.420981,-0.046040,-0.488198
9.690000,-4.634244,0.768555,-1.298954,-4.655226,1.529197,-2.381693,2.381693,3.000000,4.899956,-0.004750,0.001560,0.005090,0.000403,0.001697,0.435937,0.019210,0.447484,0.209724,0.016456,0.420981,-0.046040,-0.491439
9.701000,-4.354068,0.748535,-1.393975,-4.375050,1.509177,-2.476714,2.476714,3.000000,4.628032,-0.004727,0.001630,0.003735,0.000194,0.000835,0.435982,0.019212,0.447494,0.209672,0.016474,0.420981,-0.046040,-0.484312
9.712000,-4.235018,0.694382,-1.481802,-4.256000,1.455025,-2.564541,2.564541,3.000000,4.497848,-0.004731,0.001617,0.003469,0.000408,-0.000204,0.436020,0.019218,0.447498,0.209620,0.016492,0.420981,-0.046040,-0.475564
9.723000,-4.331126,0.620273,-1.560229,-4.352108,1.380915,-2.642968,2.642968,3.000000,4.565936,-0.004766,0.001512,0.003686,-0.000436,-0.000847,0.436058,0.019225,0.447499,0.209568,0.016509,0.420981,-0.046040,-0.470125
9.734000,-4.660119,0.638128,-1.559916,-4.681101,1.398770,-2.642655,2.642655,3.000000,4.885618,-0.004791,0.001432,0.003767,-0.000467,-0.000925,0.436099,0.019227,0.447495,0.209515,0.016525,0.420981,-0.046040,-0.469395
9.745000,-4.876171,0.610859,-1.506469,-4.897153,1.371501,-2.589208,2.589208,3.000000,5.085580,-0.004815,0.001348,0.003567,-0.000154,-0.001406,0.436139,0.019224,0.447479,0.209462,0.016540,0.420981,-0.046040,-0.465024
9.756000,-4.796245,0.676050,-1.561051,-4.817227,1.436692,-2.643790,2.643790,3.000000,5.026904,-0.004791,0.001429,0.003101,-0.001231,-0.002691,0.436176,0.019215,0.447457,0.209410,0.016556,0.420981,-0.046040,-0.453733
9.767000,-4.534433,0.674570,-1.594421,-4.555415,1.435212,-2.677160,2.677160,3.000000,4.776153,-0.004769,0.001502,0.002630,0.000026,-0.001889,0.436205,0.019207,0.447433,0.209357,0.016572,0.420981,-0.046040,-0.460094
9.778000,-4.367800,0.751545,-1.564991,-4.388782,1.512187,-2.647730,2.647730,3.000000,4.641995,-0.004727,0.001629,0.001954,-0.000738,-0.004070,0.436227,0.019200,0.447394,0.209305,0.016589,0.420981,-0.046040,-0.440898
9.789000,-4.212921,0.801996,-1.573532,-4.233903,1.562638,-2.656271,2.656271,3.000000,4.513067,-0.004691,0.001731,0.001250,-0.000342,-0.002917,0.436244,0.019198,0.447362,0.209253,0.016608,0.420981,-0.046040,-0.450096
9.800000,-4.170630,0.769421,-1.608890,-4.191612,1.530063,-2.691629,2.691629,3.000000,4.462141,-0.004697,0.001714,0.001643,0.001023,-0.002984,0.436260,0.019201,0.447320,0.209201,0.016627,0.420981,-0.046040,-0.448784
9.811000,-4.274522,0.712342,-1.609922,-4.295504,1.472984,-2.692661,2.692661,3.000000,4.541039,-0.004730,0.001622,0.001866,0.000009,-0.004027,0.436278,0.019200,0.447277,0.209149,0.016645,0.420981,-0.046040,-0.439152
9.822000,-4.369976,0.725873,-1.664446,-4.390958,1.486515,-2.747185,2.747185,3.000000,4.635756,-0.004736,0.001603,0.001579,-0.000704,-0.004556,0.436298,0.019198,0.447229,0.209097,0.016663,0.420981,-0.046040,-0.433802
9.833000,-4.579063,0.756277,-1.690746,-4.600045,1.516919,-2.773485,2.773485,3.000000,4.843703,-0.004748,0.001566,0.002272,-0.000576,-0.004098,0.436323,0.019200,0.447184,0.209045,0.016680,0.420981,-0.046040,-0.436870
9.844000,-4.758548,0.743967,-1.756559,-4.779530,1.504609,-2.839298,2.839298,3.000000,5.010764,-0.004769,0.001501,0.002944,-0.000063,-0.003820,0.436351,0.019199,0.447135,0.208993,0.016697,0.420981,-0.046040,-0.438356
9.855000,-4.790406,0.683599,-1.801130,-4.811388,1.444241,-2.883869,2.883869,3.000000,5.023474,-0.004789,0.001437,0.002388,-0.000850,-0.003532,0.436379,0.019198,0.447086,0.208940,0.016713,0.420981,-0.046040,-0.439906
9.866000,-4.702916,0.619355,-1.879910,-4.723898,1.379997,-2.962649,2.962649,3.000000,4.921342,-0.004799,0.001402,0.002586,-0.000144,-0.003033,0.436409,0.019202,0.447040,0.208888,0.016729,0.420981,-0.046040,-0.443314
9.877000,-4.704882,0.583906,-1.911486,-4.725864,1.344548,-2.994225,2.994225,3.000000,4.913410,-0.004809,0.001368,0.003313,0.000358,-0.002767,0.436436,0.019206,0.446994,0.208835,0.016744,0.420981,-0.046040,-0.444748
9.888000,-4.828898,0.577310,-1.888851,-4.849880,1.337952,-2.971590,2.971590,3.000000,5.031049,-0.004820,0.001330,0.003142,0.000368,-0.004769,0.436467,0.019208,0.446944,0.208782,0.016759,0.420981,-0.046040,-0.426863
9.899000,-4.933122,0.526798,-1.925211,-4.954104,1.287440,-3.007950,3.007950,3.000000,5.118657,-0.004839,0.001258,0.003179,-0.000894,-0.005074,0.436502,0.019209,0.446890,0.208729,0.016773,0.420981,-0.046040,-0.423299
9.910000,-4.904155,0.471506,-1.918626,-4.925137,1.232149,-3.001365,3.001365,3.000000,5.076925,-0.004851,0.001213,0.003203,0.000601,-0.004186,0.436539,0.019212,0.446842,0.208675,0.016787,0.420981,-0.046040,-0.429974
9.921000,-4.844299,0.429898,-1.904768,-4.865281,1.190540,-2.987508,2.987508,3.000000,5.008826,-0.004857,0.001188,0.003221,-0.000176,-0.004902,0.436577,0.019211,0.446793,0.208622,0.016800,0.420981,-0.046040,-0.423015
9.932000,-4.776618,0.495270,-1.962466,-4.797599,1.255912,-3.045206,3.045206,3.000000,4.959262,-0.004837,0.001266,0.003562,-0.000433,-0.004976,0.436616,0.019205,0.446744,0.208569,0.016813,0.420981,-0.046040,-0.421512
9.943000,-4.794907,0.498525,-1.861388,-4.815889,1.259167,-2.944127,2.944127,3.000000,4.977779,-0.004837,0.001265,0.003067,0.000238,-0.005241,0.436651,0.019200,0.446689,0.208515,0.016827,0.420981,-0.046040,-0.418267
9.954000,-4.733218,0.522873,-1.847554,-4.754200,1.283515,-2.930293,2.930293,3.000000,4.924411,-0.004827,0.001303,0.002977,0.000566,-0.005255,0.436689,0.019195,0.446629,0.208462,0.016841,0.420981,-0.046040,-0.417077
9.965000,-4.715258,0.521721,-1.825454,-4.736240,1.282363,-2.908193,2.908193,3.000000,4.906774,-0.004826,0.001307,0.003409,-0.000479,-0.006115,0.436725,0.019190,0.446563,0.208409,0.016856,0.420981,-0.046040,-0.408574
9.976000,-4.628105,0.574939,-1.876109,-4.649087,1.335581,-2.958848,2.958848,3.000000,4.837125,-0.004806,0.001381,0.002962,0.000438,-0.005925,0.436758,0.019192,0.446502,0.208356,0.016871,0.420981,-0.046040,-0.409096
9.987000,-4.562421,0.555807,-1.910058,-4.583403,1.316449,-2.992797,2.992797,3.000000,4.768712,-0.004806,0.001380,0.003671,0.000137,-0.004173,0.436794,0.019194,0.446451,0.208303,0.016886,0.420981,-0.046040,-0.423044
9.998000,-4.591833,0.505406,-2.005515,-4.612815,1.266049,-3.088254,3.088254,3.000000,4.783403,-0.004822,0.001323,0.003365,-0.000327,-0.004597,0.436832,0.019202,0.446402,0.208251,0.016901,0.420981,-0.046040,-0.418563
10.009000,-4.697236,0.473000,-2.071451,-4.718218,1.233642,-3.154191,3.154191,3.000000,4.876828,-0.004837,0.001265,0.004388,0.000187,-0.003583,0.436881,0.019208,0.446365,0.208197,0.016915,0.420981,-0.046040,-0.426502
10.020000,-5.001288,0.492886,-2.056046,-5.022270,1.253528,-3.138785,3.138785,3.000000,5.176343,-0.004851,0.001211,0.005377,-0.001196,-0.004060,0.436937,0.019203,0.446324,0.208144,0.016929,0.420981,-0.046040,-0.421726
10.031000,-5.221287,0.444242,-2.033985,-5.242269,1.204884,-3.116724,3.116724,3.000000,5.378953,-0.004873,0.001120,0.005758,-0.000602,-0.003707,0.437002,0.019202,0.446282,0.208091,0.016941,0.420981,-0.046040,-0.423953
10.042000,-5.127570,0.447177,-2.108408,-5.148552,1.207819,-3.191147,3.191147,3.000000,5.288329,-0.004868,0.001142,0.006102,0.000004,-0.003265,0.437070,0.019202,0.446247,0.208037,0.016954,0.420981,-0.046040,-0.427085
10.053000,-4.887258,0.420107,-2.111582,-4.908240,1.180749,-3.194321,3.194321,3.000000,5.048266,-0.004861,0.001169,0.005613,-0.000893,-0.002039,0.437135,0.019202,0.446219,0.207984,0.016967,0.420981,-0.046040,-0.436983
10.064000,-4.552306,0.413469,-2.168770,-4.573288,1.174111,-3.251510,3.251510,3.000000,4.721599,-0.004843,0.001243,0.006071,0.001041,-0.000843,0.437201,0.019208,0.446202,0.207930,0.016980,0.420981,-0.046040,-0.446829
10.075000,-4.387356,0.376723,-2.246416,-4.408338,1.137365,-3.329155,3.329155,3.000000,4.552696,-0.004841,0.001249,0.005791,0.000011,-0.001738,0.437264,0.019208,0.446192,0.207877,0.016994,0.420981,-0.046040,-0.439045
10.086000,-4.484966,0.313760,-2.272245,-4.505947,1.074402,-3.354984,3.354984,3.000000,4.632268,-0.004864,0.001160,0.005970,0.000017,0.000048,0.437331,0.019213,0.446191,0.207824,0.017007,0.420981,-0.046040,-0.454180
10.097000,-4.797978,0.309009,-2.335072,-4.818960,1.069651,-3.417811,3.417811,3.000000,4.936246,-0.004881,0.001083,0.006621,0.000920,-0.000507,0.437406,0.019217,0.446191,0.207770,0.017019,0.420981,-0.046040,-0.449470
10.108000,-5.094274,0.294549,-2.349059,-5.115256,1.055191,-3.431799,3.431799,3.000000,5.222956,-0.004897,0.001010,0.007807,-0.000531,0.001388,0.437488,0.019216,0.446197,0.207716,0.017031,0.420981,-0.046040,-0.465662
10.119000,-5.353012,0.362922,-2.351748,-5.373994,1.123564,-3.434487,3.434487,3.000000,5.490192,-0.004894,0.001023,0.007910,0.000105,-0.000269,0.437574,0.019215,0.446196,0.207662,0.017042,0.420981,-0.046040,-0.451590
10.130000,-5.299255,0.399029,-2.415436,-5.320237,1.159671,-3.498176,3.498176,3.000000,5.445159,-0.004885,0.001065,0.007930,0.000331,0.000882,0.437664,0.019213,0.446208,0.207608,0.017053,0.420981,-0.046040,-0.461565
10.141000,-5.171394,0.428925,-2.424229,-5.192376,1.189567,-3.506968,3.506968,3.000000,5.326897,-0.004874,0.001117,0.007698,-0.001030,0.000920,0.437746,0.019205,0.446220,0.207555,0.017065,0.420981,-0.046040,-0.462096
10.152000,-5.024104,0.402122,-2.389632,-5.045086,1.162764,-3.472371,3.472371,3.000000,5.177346,-0.004872,0.001123,0.007488,0.000731,0.001701,0.437831,0.019207,0.446235,0.207501,0.017078,0.420981,-0.046040,-0.469012
10.163000,-4.980328,0.456423,-2.368221,-5.001309,1.217065,-3.450960,3.450960,3.000000,5.147266,-0.004858,0.001182,0.007905,-0.000114,0.000594,0.437916,0.019212,0.446252,0.207448,0.017090,0.420981,-0.046040,-0.459917
10.174000,-4.994081,0.465952,-2.309280,-5.015063,1.226594,-3.392019,3.392019,3.000000,5.162886,-0.004857,0.001188,0.008194,0.000751,0.001859,0.438006,0.019220,0.446271,0.207394,0.017104,0.420981,-0.046040,-0.470997
10.185000,-5.030844,0.463760,-2.298966,-5.051826,1.224402,-3.381705,3.381705,3.000000,5.198087,-0.004859,0.001178,0.008975,0.000732,0.001442,0.438099,0.019229,0.446287,0.207341,0.017117,0.420981,-0.046040,-0.467746
10.196000,-5.083520,0.455090,-2.276907,-5.104502,1.215732,-3.359646,3.359646,3.000000,5.247280,-0.004864,0.001158,0.009030,0.000363,0.002508,0.438199,0.019235,0.446320,0.207287,0.017129,0.420981,-0.046040,-0.477389
10.207000,-5.167887,0.422356,-2.294674,-5.188869,1.182998,-3.377413,3.377413,3.000000,5.322015,-0.004875,0.001111,0.010694,0.001180,0.002806,0.438311,0.019240,0.446358,0.207234,0.017142,0.420981,-0.046040,-0.480587
10.218000,-5.337773,0.382319,-2.220572,-5.358755,1.142961,-3.303311,3.303311,3.000000,5.479290,-0.004890,0.001043,0.011458,-0.000285,0.005366,0.438434,0.019239,0.446411,0.207180,0.017154,0.420981,-0.046040,-0.503256
10.229000,-5.329420,0.382980,-2.217293,-5.350402,1.143622,-3.300032,3.300032,3.000000,5.471259,-0.004890,0.001045,0.012134,0.001117,0.004116,0.438564,0.019245,0.446462,0.207126,0.017165,0.420981,-0.046040,-0.493572
10.240000,-5.346214,0.370463,-2.158865,-5.367196,1.131105,-3.241604,3.241604,3.000000,5.485088,-0.004893,0.001031,0.012978,0.000292,0.006041,0.438707,0.019247,0.446529,0.207072,0.017176,0.420981,-0.046040,-0.511116
10.251000,-5.161828,0.303153,-2.247093,-5.182809,1.063795,-3.329832,3.329832,3.000000,5.290858,-0.004898,0.001005,0.014119,0.000998,0.008031,0.438856,0.019254,0.446608,0.207019,0.017188,0.420981,-0.046040,-0.529438
10.262000,-5.181427,0.323431,-2.348730,-5.202409,1.084073,-3.431469,3.431469,3.000000,5.314157,-0.004895,0.001020,0.015206,0.000329,0.008794,0.439021,0.019260,0.446703,0.206965,0.017199,0.420981,-0.046040,-0.537611
10.273000,-5.347396,0.355722,-2.324512,-5.368378,1.116364,-3.407251,3.407251,3.000000,5.483225,-0.004895,0.001018,0.016549,0.001395,0.011229,0.439200,0.019271,0.446812,0.206911,0.017210,0.420981,-0.046040,-0.560240
10.284000,-5.403578,0.300750,-2.365347,-5.424560,1.061392,-3.448086,3.448086,3.000000,5.527423,-0.004907,0.000960,0.017951,0.000732,0.012113,0.439396,0.019279,0.446940,0.206857,0.017221,0.420981,-0.046040,-0.570043
10.295000,-5.423099,0.350629,-2.292874,-5.444081,1.111271,-3.375613,3.375613,3.000000,5.556342,-0.004899,0.001000,0.020231,-0.000535,0.013279,0.439612,0.019279,0.447086,0.206803,0.017232,0.420981,-0.046040,-0.582555
10.306000,-5.474358,0.400084,-2.049364,-5.495340,1.160726,-3.132104,3.132104,3.000000,5.616587,-0.004892,0.001033,0.021216,0.000464,0.013361,0.439844,0.019280,0.447232,0.206749,0.017243,0.420981,-0.046040,-0.585889
10.317000,-5.289460,0.460200,-1.784885,-5.310442,1.220842,-2.867624,2.867624,3.000000,5.448968,-0.004873,0.001120,0.021425,0.000978,0.013321,0.440076,0.019281,0.447370,0.206696,0.017255,0.420981,-0.046040,-0.588039
10.328000,-4.920549,0.460510,-1.710408,-4.941531,1.221152,-2.793147,2.793147,3.000000,5.090181,-0.004854,0.001200,0.020841,0.001171,0.011862,0.440306,0.019290,0.447507,0.206642,0.017268,0.420981,-0.046040,-0.578106
10.339000,-4.722599,0.503683,-1.695514,-4.743580,1.264325,-2.778254,2.778254,3.000000,4.909183,-0.004831,0.001288,0.019858,0.002290,0.011492,0.440530,0.019302,0.447633,0.206589,0.017281,0.420981,-0.046040,-0.577245
10.350000,-4.763148,0.449746,-1.778506,-4.784130,1.210388,-2.861245,2.861245,3.000000,4.934869,-0.004847,0.001226,0.021371,0.002157,0.011377,0.440759,0.019318,0.447755,0.206536,0.017295,0.420981,-0.046040,-0.578458
10.361000,-5.278689,0.436482,-1.633608,-5.299670,1.197124,-2.716347,2.716347,3.000000,5.433196,-0.004877,0.001102,0.022592,0.001500,0.009822,0.441003,0.019334,0.447863,0.206482,0.017308,0.420981,-0.046040,-0.567211
10.372000,-5.759395,0.466475,-1.483489,-5.780377,1.227117,-2.566228,2.566228,3.000000,5.909194,-0.004891,0.001038,0.023215,-0.000506,0.008600,0.441255,0.019339,0.447956,0.206428,0.017320,0.420981,-0.046040,-0.558525
10.383000,-5.833616,0.499957,-1.454547,-5.854598,1.260599,-2.537286,2.537286,3.000000,5.988776,-0.004888,0.001052,0.022870,0.000829,0.007367,0.441509,0.019343,0.448034,0.206375,0.017331,0.420981,-0.046040,-0.549469
10.394000,-5.590361,0.534422,-1.398872,-5.611343,1.295064,-2.481611,2.481611,3.000000,5.758851,-0.004872,0.001124,0.021697,-0.000155,0.005640,0.441749,0.019332,0.448097,0.206321,0.017343,0.420981,-0.046040,-0.535953
10.405000,-5.454191,0.630783,-1.294821,-5.475173,1.391425,-2.377560,2.377560,3.000000,5.649211,-0.004846,0.001232,0.021044,-0.001133,0.003421,0.441980,0.019319,0.448146,0.206267,0.017356,0.420981,-0.046040,-0.517991
10.416000,-5.276084,0.689665,-1.251198,-5.297066,1.450307,-2.333937,2.333937,3.000000,5.492022,-0.004823,0.001320,0.020503,-0.000126,0.004147,0.442209,0.019317,0.448187,0.206214,0.017370,0.420981,-0.046040,-0.524901
10.427000,-5.012223,0.652307,-1.281693,-5.033205,1.412949,-2.364432,2.364432,3.000000,5.227770,-0.004814,0.001351,0.019262,0.001107,0.003095,0.442421,0.019326,0.448223,0.206161,0.017385,0.420981,-0.046040,-0.516603
10.438000,-4.752668,0.654768,-1.343704,-4.773650,1.415410,-2.426443,2.426443,3.000000,4.979068,-0.004794,0.001421,0.018558,0.001000,0.004374,0.442629,0.019337,0.448266,0.206108,0.017400,0.420981,-0.046040,-0.528234
10.449000,-4.789554,0.597583,-1.326470,-4.810536,1.358225,-2.409209,2.409209,3.000000,4.998603,-0.004812,0.001359,0.017770,0.001372,0.001953,0.442824,0.019346,0.448289,0.206056,0.017416,0.420981,-0.046040,-0.508117
10.460000,-5.021697,0.624703,-1.309221,-5.042679,1.385346,-2.391961,2.391961,3.000000,5.229511,-0.004821,0.001325,0.017646,-0.000702,0.001217,0.443017,0.019346,0.448308,0.206003,0.017430,0.420981,-0.046040,-0.502208
10.471000,-5.393291,0.651737,-1.218331,-5.414273,1.412379,-2.301070,2.301070,3.000000,5.595459,-0.004838,0.001262,0.017366,0.001200,-0.001508,0.443205,0.019349,0.448305,0.205949,0.017444,0.420981,-0.046040,-0.479043
10.482000,-5.629588,0.670272,-1.084790,-5.650570,1.430914,-2.167530,2.167530,3.000000,5.828933,-0.004847,0.001227,0.017703,0.000299,-0.000099,0.443401,0.019348,0.448292,0.205896,0.017458,0.420981,-0.046040,-0.490754
10.493000,-5.307510,0.623895,-1.219535,-5.328492,1.384537,-2.302274,2.302274,3.000000,5.505431,-0.004839,0.001257,0.016878,0.001102,0.000335,0.443587,0.019353,0.448286,0.205843,0.017472,0.420981,-0.046040,-0.494331
10.504000,-4.904825,0.618348,-1.325697,-4.925807,1.378990,-2.408436,2.408436,3.000000,5.115192,-0.004815,0.001348,0.016311,0.001014,0.000924,0.443767,0.019359,0.448291,0.205790,0.017486,0.420981,-0.046040,-0.499420
10.515000,-4.710842,0.584083,-1.309399,-4.731824,1.344725,-2.392138,2.392138,3.000000,4.919192,-0.004810,0.001367,0.016151,0.000124,0.000714,0.443941,0.019364,0.448297,0.205737,0.017501,0.420981,-0.046040,-0.497743
10.526000,-4.830444,0.540747,-1.279679,-4.851426,1.301389,-2.362418,2.362418,3.000000,5.022943,-0.004829,0.001295,0.016715,0.001761,0.000027,0.444123,0.019380,0.448309,0.205684,0.017516,0.420981,-0.046040,-0.492134
10.537000,-5.087625,0.451544,-1.292480,-5.108607,1.212186,-2.375219,2.375219,3.000000,5.250454,-0.004865,0.001154,0.017045,0.001786,-0.000765,0.444311,0.019389,0.448301,0.205631,0.017529,0.420981,-0.046040,-0.485269
10.548000,-5.431008,0.476671,-1.272305,-5.451990,1.237313,-2.355044,2.355044,3.000000,5.590629,-0.004876,0.001107,0.017571,-0.000247,-0.000720,0.444503,0.019389,0.448292,0.205577,0.017541,0.420981,-0.046040,-0.485483
10.559000,-5.531909,0.460346,-1.359545,-5.552891,1.220988,-2.442284,2.442284,3.000000,5.685544,-0.004883,0.001074,0.017175,-0.000396,-0.002495,0.444693,0.019390,0.448263,0.205523,0.017553,0.420981,-0.046040,-0.469890
10.570000,-5.226430,0.419048,-1.541983,-5.247412,1.179690,-2.624722,2.624722,3.000000,5.378383,-0.004878,0.001097,0.015883,0.000341,-0.002296,0.444873,0.019390,0.448233,0.205470,0.017565,0.420981,-0.046040,-0.471044
10.581000,-4.870429,0.381344,-1.632545,-4.891411,1.141986,-2.715284,2.715284,3.000000,5.022951,-0.004869,0.001137,0.015151,-0.000304,-0.003917,0.445039,0.019389,0.448193,0.205416,0.017578,0.420981,-0.046040,-0.456582
10.592000,-4.710648,0.317883,-1.744710,-4.731629,1.078525,-2.827449,2.827449,3.000000,4.852992,-0.004875,0.001111,0.014088,0.000794,-0.003806,0.445196,0.019392,0.448154,0.205362,0.017590,0.420981,-0.046040,-0.456816
10.603000,-4.869078,0.332343,-1.770809,-4.890060,1.092985,-2.853548,2.853548,3.000000,5.010719,-0.004880,0.001091,0.013875,-0.000541,-0.004353,0.445349,0.019390,0.448107,0.205309,0.017602,0.420981,-0.046040,-0.451337
10.614000,-5.314954,0.354195,-1.627944,-5.335936,1.114837,-2.710683,2.710683,3.000000,5.451153,-0.004894,0.001023,0.014077,0.001113,-0.007834,0.445511,0.019394,0.448029,0.205255,0.017614,0.420981,-0.046040,-0.420387
10.625000,-5.604241,0.459403,-1.528720,-5.625223,1.220045,-2.611459,2.611459,3.000000,5.756010,-0.004886,0.001060,0.014678,-0.001490,-0.008357,0.445674,0.019385,0.447936,0.205201,0.017625,0.420981,-0.046040,-0.414274
10.636000,-5.201004,0.506947,-1.618725,-5.221986,1.267589,-2.701464,2.701464,3.000000,5.373631,-0.004859,0.001179,0.013531,-0.001175,-0.007999,0.445828,0.019378,0.447849,0.205147,0.017637,0.420981,-0.046040,-0.415736
10.647000,-4.557032,0.591592,-1.766336,-4.578014,1.352234,-2.849075,2.849075,3.000000,4.773547,-0.004795,0.001416,0.011780,-0.001957,-0.006067,0.445960,0.019366,0.447773,0.205094,0.017651,0.420981,-0.046040,-0.430774
10.658000,-4.029129,0.684152,-1.868541,-4.050111,1.444794,-2.951280,2.951280,3.000000,4.300097,-0.004709,0.001680,0.010675,-0.001282,-0.007731,0.446078,0.019356,0.447690,0.205042,0.017669,0.420981,-0.046040,-0.415167
10.669000,-3.975589,0.663083,-1.946390,-3.996571,1.423725,-3.029129,3.029129,3.000000,4.242590,-0.004710,0.001678,0.010265,0.000799,-0.007206,0.446188,0.019356,0.447616,0.204990,0.017687,0.420981,-0.046040,-0.418288
10.680000,-4.421503,0.650911,-1.914743,-4.442485,1.411553,-2.997482,2.997482,3.000000,4.661347,-0.004765,0.001514,0.011073,0.000275,-0.008230,0.446305,0.019359,0.447532,0.204938,0.017705,0.420981,-0.046040,-0.408084
10.691000,-4.967519,0.644196,-1.941091,-4.988501,1.404838,-3.023830,3.023830,3.000000,5.182539,-0.004813,0.001355,0.011706,0.001371,-0.006983,0.446436,0.019370,0.447445,0.204886,0.017721,0.420981,-0.046040,-0.417094
10.702000,-5.087303,0.629149,-2.119387,-5.108285,1.389791,-3.202126,3.202126,3.000000,5.293968,-0.004825,0.001313,0.012596,-0.000209,-0.005604,0.446572,0.019374,0.447378,0.204833,0.017735,0.420981,-0.046040,-0.427600
10.713000,-5.059029,0.591678,-2.192704,-5.080011,1.352320,-3.275443,3.275443,3.000000,5.256927,-0.004832,0.001286,0.013136,0.000110,-0.005208,0.446712,0.019377,0.447325,0.204779,0.017749,0.420981,-0.046040,-0.429990
10.724000,-4.913078,0.530477,-2.289884,-4.934060,1.291119,-3.372623,3.372623,3.000000,5.100190,-0.004837,0.001266,0.013797,-0.000567,-0.002687,0.446865,0.019375,0.447290,0.204726,0.017763,0.420981,-0.046040,-0.450748
10.735000,-4.707498,0.522895,-2.373272,-4.728480,1.283537,-3.456011,3.456011,3.000000,4.899591,-0.004825,0.001310,0.014380,-0.000517,-0.000506,0.447021,0.019376,0.447277,0.204673,0.017777,0.420981,-0.046040,-0.469022
10.746000,-4.675351,0.494028,-2.372245,-4.696333,1.254670,-3.454984,3.454984,3.000000,4.861043,-0.004831,0.001291,0.014821,0.000359,0.000187,0.447181,0.019376,0.447274,0.204620,0.017792,0.420981,-0.046040,-0.474853
10.757000,-4.758878,0.473720,-2.268936,-4.779860,1.234362,-3.351675,3.351675,3.000000,4.936670,-0.004841,0.001250,0.014645,0.000616,-0.000541,0.447345,0.019380,0.447275,0.204567,0.017806,0.420981,-0.046040,-0.468703
10.768000,-4.835845,0.475819,-2.183921,-4.856827,1.236461,-3.266660,3.266660,3.000000,5.011747,-0.004845,0.001234,0.015384,-0.000611,0.000344,0.447514,0.019382,0.447284,0.204514,0.017819,0.420981,-0.046040,-0.476380
10.779000,-5.122234,0.547707,-2.101099,-5.143216,1.308349,-3.183838,3.183838,3.000000,5.307019,-0.004846,0.001233,0.016290,0.000194,-0.000429,0.447693,0.019386,0.447288,0.204460,0.017833,0.420981,-0.046040,-0.469878
10.790000,-5.312078,0.552758,-1.992088,-5.333060,1.313400,-3.074827,3.074827,3.000000,5.492408,-0.004855,0.001196,0.017080,0.000210,0.000161,0.447879,0.019387,0.447288,0.204407,0.017846,0.420981,-0.046040,-0.474890
10.801000,-5.188586,0.573827,-1.965705,-5.209568,1.334469,-3.048444,3.048444,3.000000,5.377770,-0.004844,0.001241,0.017840,0.000641,0.000960,0.448072,0.019392,0.447296,0.204353,0.017860,0.420981,-0.046040,-0.481807
10.812000,-4.897742,0.585035,-1.981503,-4.918724,1.345677,-3.064242,3.064242,3.000000,5.099480,-0.004823,0.001319,0.018631,0.000110,0.003438,0.448273,0.019394,0.447323,0.204300,0.017874,0.420981,-0.046040,-0.503325
10.823000,-4.671960,0.567119,-1.903600,-4.692942,1.327761,-2.986339,2.986339,3.000000,4.877156,-0.004811,0.001361,0.019461,-0.000589,0.003971,0.448482,0.019396,0.447363,0.204247,0.017888,0.420981,-0.046040,-0.508566
10.834000,-4.835781,0.529552,-1.727831,-4.856763,1.290194,-2.810570,2.810570,3.000000,5.025211,-0.004832,0.001284,0.020373,0.000931,0.003969,0.448705,0.019403,0.447408,0.204194,0.017903,0.420981,-0.046040,-0.509358
10.845000,-5.028219,0.611983,-1.603355,-5.049201,1.372625,-2.686094,2.686094,3.000000,5.232450,-0.004825,0.001312,0.020681,0.001430,0.003789,0.448931,0.019411,0.447450,0.204141,0.017917,0.420981,-0.046040,-0.508579
10.856000,-5.194838,0.523237,-1.578649,-5.215820,1.283879,-2.661388,2.661388,3.000000,5.371510,-0.004855,0.001195,0.020605,0.000186,0.002930,0.449160,0.019415,0.447483,0.204088,0.017931,0.420981,-0.046040,-0.501891
10.867000,-5.367105,0.498084,-1.578708,-5.388087,1.258726,-2.661447,2.661447,3.000000,5.533161,-0.004869,0.001137,0.021003,0.000759,0.001720,0.449386,0.019422,0.447514,0.204034,0.017944,0.420981,-0.046040,-0.492192
10.878000,-5.660466,0.508049,-1.502558,-5.681448,1.268692,-2.585297,2.585297,3.000000,5.821377,-0.004880,0.001090,0.021089,0.000408,0.002003,0.449616,0.019425,0.447529,0.203981,0.017956,0.420981,-0.046040,-0.494859
10.889000,-5.632013,0.434376,-1.485251,-5.652995,1.195018,-2.567990,2.567990,3.000000,5.777925,-0.004892,0.001034,0.020822,0.001025,0.001579,0.449846,0.019439,0.447543,0.203927,0.017968,0.420981,-0.046040,-0.491510
10.900000,-5.240557,0.304878,-1.648709,-5.261539,1.065520,-2.731448,2.731448,3.000000,5.368345,-0.004901,0.000992,0.020030,0.001531,0.003067,0.450068,0.019456,0.447580,0.203873,0.017979,0.420981,-0.046040,-0.504813
10.911000,-4.928818,0.255028,-1.746474,-4.949800,1.015670,-2.829213,2.829213,3.000000,5.052931,-0.004898,0.001005,0.019770,0.001158,0.005369,0.450282,0.019465,0.447629,0.203819,0.017990,0.420981,-0.046040,-0.525223
10.922000,-5.103351,0.249301,-1.766820,-5.124333,1.009943,-2.849559,2.849559,3.000000,5.222908,-0.004906,0.000967,0.018955,-0.000187,0.003481,0.450493,0.019469,0.447668,0.203765,0.018001,0.420981,-0.046040,-0.509901
10.933000,-5.313787,0.247026,-1.756133,-5.334769,1.007668,-2.838872,2.838872,3.000000,5.429102,-0.004913,0.000928,0.019007,0.001278,0.003968,0.450704,0.019473,0.447710,0.203711,0.018011,0.420981,-0.046040,-0.514785
10.944000,-5.625280,0.268870,-1.663959,-5.646262,1.029512,-2.746698,2.746698,3.000000,5.739353,-0.004919,0.000897,0.019623,0.000474,0.003102,0.450917,0.019472,0.447740,0.203657,0.018021,0.420981,-0.046040,-0.507976
10.955000,-5.736529,0.336759,-1.563090,-5.757511,1.097401,-2.645829,2.645829,3.000000,5.861162,-0.004912,0.000936,0.018941,-0.000031,0.003167,0.451128,0.019470,0.447767,0.203603,0.018031,0.420981,-0.046040,-0.509017
10.966000,-5.361686,0.281617,-1.580014,-5.382668,1.042259,-2.662753,2.662753,3.000000,5.482647,-0.004909,0.000951,0.017804,0.000599,0.003255,0.451328,0.019473,0.447804,0.203549,0.018041,0.420981,-0.046040,-0.510437
10.977000,-4.953978,0.251764,-1.642910,-4.974960,1.012406,-2.725650,2.725650,3.000000,5.076927,-0.004900,0.000997,0.017095,-0.000464,0.003827,0.451518,0.019477,0.447850,0.203495,0.018052,0.420981,-0.046040,-0.516104
10.988000,-4.864752,0.265312,-1.604466,-4.885734,1.025954,-2.687205,2.687205,3.000000,4.992292,-0.004893,0.001028,0.016936,-0.000127,0.003916,0.451701,0.019482,0.447895,0.203441,0.018064,0.420981,-0.046040,-0.517676
10.999000,-5.206341,0.358617,-1.504113,-5.227323,1.119259,-2.586852,2.586852,3.000000,5.345807,-0.004889,0.001047,0.017555,-0.001009,0.001741,0.451890,0.019483,0.447921,0.203388,0.018075,0.420981,-0.046040,-0.499680
11.010000,-5.441623,0.374812,-1.482359,-5.462605,1.135454,-2.565098,2.565098,3.000000,5.579364,-0.004895,0.001018,0.017349,-0.001206,0.000838,0.452083,0.019486,0.447935,0.203334,0.018086,0.420981,-0.046040,-0.492284
11.021000,-5.328482,0.366176,-1.495110,-5.349464,1.126818,-2.577849,2.577849,3.000000,5.466854,-0.004893,0.001031,0.017738,-0.000370,0.001871,0.452279,0.019488,0.447953,0.203280,0.018098,0.420981,-0.046040,-0.501359
11.032000,-5.205447,0.383295,-1.408881,-5.226429,1.143937,-2.491620,2.491620,3.000000,5.350155,-0.004884,0.001069,0.017843,0.001438,0.001294,0.452475,0.019493,0.447968,0.203226,0.018109,0.420981,-0.046040,-0.496740
11.043000,-4.735860,0.348798,-1.510311,-4.756842,1.109440,-2.593050,2.593050,3.000000,4.884506,-0.004869,0.001136,0.017489,-0.000016,0.003363,0.452665,0.019493,0.447999,0.203173,0.018121,0.420981,-0.046040,-0.514856
11.054000,-4.387188,0.362647,-1.568396,-4.408170,1.123289,-2.651135,2.651135,3.000000,4.549037,-0.004845,0.001235,0.016912,0.000244,0.001837,0.452856,0.019503,0.448030,0.203119,0.018134,0.420981,-0.046040,-0.502459
11.065000,-4.447471,0.406603,-1.520890,-4.468453,1.167245,-2.603629,2.603629,3.000000,4.618391,-0.004838,0.001264,0.017897,-0.000546,0.003058,0.453050,0.019506,0.448060,0.203066,0.018148,0.420981,-0.046040,-0.513371
11.076000,-4.786290,0.448112,-1.476528,-4.807272,1.208754,-2.559267,2.559267,3.000000,4.956909,-0.004849,0.001219,0.017878,0.000216,0.001170,0.453243,0.019509,0.448072,0.203013,0.018162,0.420981,-0.046040,-0.497555
11.087000,-5.018153,0.406349,-1.579325,-5.039135,1.166991,-2.662064,2.662064,3.000000,5.172500,-0.004871,0.001128,0.018056,0.000084,0.001529,0.453442,0.019512,0.448081,0.202959,0.018175,0.420981,-0.046040,-0.500763
11.098000,-5.184643,0.407618,-1.601293,-5.205625,1.168260,-2.684032,2.684032,3.000000,5.335107,-0.004879,0.001095,0.018357,0.000802,-0.000544,0.453640,0.019514,0.448076,0.202906,0.018187,0.420981,-0.046040,-0.483092
11.109000,-5.106300,0.405190,-1.730742,-5.127282,1.165833,-2.813481,2.813481,3.000000,5.258154,-0.004876,0.001109,0.016889,0.000030,-0.000393,0.453825,0.019516,0.448070,0.202852,0.018199,0.420981,-0.046040,-0.484267
11.120000,-4.661603,0.402650,-1.962498,-4.682585,1.163293,-3.045237,3.045237,3.000000,4.824920,-0.004853,0.001206,0.015602,0.000501,0.000893,0.453998,0.019521,0.448077,0.202798,0.018212,0.420981,-0.046040,-0.495299
11.131000,-4.460471,0.366594,-2.031507,-4.481453,1.127236,-3.114246,3.114246,3.000000,4.621048,-0.004849,0.001220,0.014784,0.000058,-0.000183,0.454162,0.019519,0.448077,0.202745,0.018226,0.420981,-0.046040,-0.486169
11.142000,-4.815566,0.414830,-2.018746,-4.836548,1.175472,-3.101485,3.101485,3.000000,4.977342,-0.004859,0.001181,0.015517,0.000620,-0.001182,0.454332,0.019521,0.448060,0.202692,0.018239,0.420981,-0.046040,-0.477391
11.153000,-5.216348,0.452487,-1.941777,-5.237330,1.213129,-3.024516,3.024516,3.000000,5.375993,-0.004871,0.001128,0.015516,-0.000593,-0.001511,0.454505,0.019518,0.448035,0.202638,0.018251,0.420981,-0.046040,-0.474156
11.164000,-5.325817,0.487074,-1.964611,-5.346799,1.247717,-3.047350,3.047350,3.000000,5.490451,-0.004869,0.001136,0.015293,0.000116,-0.001719,0.454676,0.019519,0.448007,0.202585,0.018264,0.420981,-0.046040,-0.471871
11.175000,-4.974666,0.515787,-2.081643,-4.995648,1.276429,-3.164382,3.164382,3.000000,5.156140,-0.004844,0.001238,0.014704,0.000250,-0.001585,0.454838,0.019517,0.447988,0.202531,0.018277,0.420981,-0.046040,-0.472677
11.186000,-4.638411,0.485541,-2.168081,-4.659393,1.246183,-3.250820,3.250820,3.000000,4.823164,-0.004830,0.001292,0.014209,-0.000237,-0.000109,0.454990,0.019520,0.447979,0.202478,0.018291,0.420981,-0.046040,-0.485035
11.197000,-4.487294,0.487128,-2.265484,-4.508276,1.247770,-3.348223,3.348223,3.000000,4.677765,-0.004819,0.001334,0.013472,0.001177,-0.000484,0.455138,0.019529,0.447978,0.202425,0.018305,0.420981,-0.046040,-0.481837
11.208000,-4.522216,0.449739,-2.311062,-4.543198,1.210381,-3.393801,3.393801,3.000000,4.701667,-0.004831,0.001287,0.013929,0.000758,0.000317,0.455291,0.019533,0.447978,0.202372,0.018320,0.420981,-0.046040,-0.488627
11.219000,-4.888177,0.473553,-2.240065,-4.909159,1.234195,-3.322804,3.322804,3.000000,5.061924,-0.004849,0.001219,0.014556,0.000552,-0.000608,0.455448,0.019537,0.447975,0.202319,0.018333,0.420981,-0.046040,-0.480723
11.230000,-5.181339,0.524956,-2.162742,-5.202321,1.285598,-3.245482,3.245482,3.000000,5.358815,-0.004854,0.001200,0.015321,-0.000619,-0.000965,0.455620,0.019536,0.447973,0.202265,0.018347,0.420981,-0.046040,-0.477662
11.241000,-5.194663,0.503480,-2.203097,-5.215645,1.264122,-3.285836,3.285836,3.000000,5.366652,-0.004859,0.001178,0.015909,0.000246,0.001149,0.455792,0.019537,0.447988,0.202212,0.018359,0.420981,-0.046040,-0.495864
11.252000,-5.201640,0.466796,-2.131706,-5.222622,1.227438,-3.214445,3.214445,3.000000,5.364922,-0.004867,0.001144,0.016638,-0.000240,0.001046,0.455971,0.019535,0.447999,0.202158,0.018372,0.420981,-0.046040,-0.495197
11.263000,-4.966158,0.507567,-2.198502,-4.987140,1.268209,-3.281241,3.281241,3.000000,5.145864,-0.004846,0.001232,0.016696,0.000241,0.002237,0.456156,0.019537,0.448030,0.202105,0.018385,0.420981,-0.046040,-0.505855
11.274000,-4.775787,0.488307,-2.198243,-4.796768,1.248949,-3.280982,3.280982,3.000000,4.956699,-0.004839,0.001260,0.017521,0.000956,0.004111,0.456348,0.019546,0.448077,0.202052,0.018399,0.420981,-0.046040,-0.522605
11.285000,-4.634120,0.524849,-2.125002,-4.655102,1.285491,-3.207741,3.207741,3.000000,4.829333,-0.004820,0.001331,0.018293,0.000654,0.005116,0.456546,0.019550,0.448131,0.201998,0.018413,0.420981,-0.046040,-0.532113
11.296000,-4.619487,0.515326,-2.068122,-4.640469,1.275968,-3.150861,3.150861,3.000000,4.812696,-0.004821,0.001326,0.018846,0.000369,0.006787,0.456755,0.019557,0.448202,0.201945,0.018428,0.420981,-0.046040,-0.547570
11.307000,-4.997500,0.596765,-1.926313,-5.018482,1.357407,-3.009052,3.009052,3.000000,5.198819,-0.004827,0.001305,0.021331,-0.000189,0.006195,0.456983,0.019558,0.448268,0.201892,0.018442,0.420981,-0.046040,-0.543740
11.318000,-5.351377,0.612873,-1.815977,-5.372359,1.373515,-2.898716,2.898716,3.000000,5.545159,-0.004844,0.001238,0.022656,0.000344,0.007265,0.457236,0.019565,0.448345,0.201839,0.018456,0.420981,-0.046040,-0.554194
11.329000,-5.286329,0.563072,-1.782515,-5.307311,1.323715,-2.865254,2.865254,3.000000,5.469896,-0.004851,0.001210,0.022906,0.001688,0.007467,0.457488,0.019571,0.448426,0.201786,0.018470,0.420981,-0.046040,-0.557358
11.340000,-5.089771,0.494492,-1.796399,-5.110753,1.255134,-2.879139,2.879139,3.000000,5.262619,-0.004856,0.001192,0.021887,0.001219,0.009583,0.457732,0.019575,0.448518,0.201732,0.018483,0.420981,-0.046040,-0.576965
11.351000,-4.980923,0.474411,-1.915191,-5.001905,1.235053,-2.997930,2.997930,3.000000,5.152127,-0.004854,0.001199,0.021324,0.001210,0.007544,0.457968,0.019581,0.448600,0.201679,0.018496,0.420981,-0.046040,-0.561156
11.362000,-5.217005,0.483788,-1.759895,-5.237987,1.244430,-2.842634,2.842634,3.000000,5.383783,-0.004865,0.001156,0.021311,0.000640,0.006128,0.458196,0.019587,0.448670,0.201626,0.018509,0.420981,-0.046040,-0.550404
11.373000,-5.476880,0.549839,-1.601017,-5.497862,1.310481,-2.683757,2.683757,3.000000,5.651889,-0.004864,0.001159,0.020885,-0.000750,0.004236,0.458430,0.019589,0.448722,0.201572,0.018522,0.420981,-0.046040,-0.535278
11.384000,-5.483195,0.491627,-1.501745,-5.504177,1.252269,-2.584484,2.584484,3.000000,5.644833,-0.004875,0.001109,0.020131,0.000894,0.003702,0.458657,0.019595,0.448775,0.201518,0.018534,0.420981,-0.046040,-0.531697
11.395000,-5.154455,0.507362,-1.585071,-5.175437,1.268004,-2.667810,2.667810,3.000000,5.328506,-0.004856,0.001190,0.019214,-0.000601,0.005708,0.458872,0.019597,0.448844,0.201465,0.018547,0.420981,-0.046040,-0.549959
11.406000,-4.856464,0.530005,-1.664493,-4.877446,1.290647,-2.747232,2.747232,3.000000,5.045319,-0.004834,0.001279,0.017958,0.000014,0.006838,0.459075,0.019600,0.448907,0.201412,0.018561,0.420981,-0.046040,-0.560684
11.417000,-4.700180,0.486771,-1.694857,-4.721162,1.247413,-2.777596,2.777596,3.000000,4.883176,-0.004834,0.001277,0.017829,0.000636,0.006674,0.459270,0.019606,0.448976,0.201359,0.018575,0.420981,-0.046040,-0.560543
11.428000,-4.818248,0.488326,-1.680423,-4.839230,1.248968,-2.763163,2.763163,3.000000,4.997806,-0.004841,0.001250,0.017502,-0.000189,0.005922,0.459464,0.019610,0.449045,0.201305,0.018589,0.420981,-0.046040,-0.555397
11.439000,-5.011858,0.478517,-1.611865,-5.032840,1.239159,-2.694604,2.694604,3.000000,5.183145,-0.004855,0.001195,0.017585,0.001428,0.006486,0.459659,0.019619,0.449108,0.201252,0.018602,0.420981,-0.046040,-0.561317
11.450000,-5.053377,0.449258,-1.621469,-5.074359,1.209900,-2.704208,2.704208,3.000000,5.216606,-0.004864,0.001160,0.017571,-0.000339,0.006383,0.459854,0.019622,0.449172,0.201199,0.018615,0.420981,-0.046040,-0.561606
11.461000,-5.066730,0.481615,-1.617597,-5.087712,1.242257,-2.700336,2.700336,3.000000,5.237176,-0.004857,0.001186,0.017096,0.000351,0.005345,0.460044,0.019624,0.449233,0.201145,0.018628,0.420981,-0.046040,-0.553885
11.472000,-4.925971,0.493076,-1.718189,-4.946953,1.253718,-2.800928,2.800928,3.000000,5.103347,-0.004847,0.001228,0.016447,0.000566,0.006495,0.460225,0.019628,0.449306,0.201092,0.018641,0.420981,-0.046040,-0.564953
11.483000,-4.911613,0.517340,-1.625883,-4.932595,1.277982,-2.708622,2.708622,3.000000,5.095462,-0.004840,0.001254,0.015719,-0.001275,0.005191,0.460399,0.019624,0.449364,0.201038,0.018655,0.420981,-0.046040,-0.554940
11.494000,-5.045333,0.600222,-1.391424,-5.066315,1.360864,-2.474163,2.474163,3.000000,5.245903,-0.004829,0.001297,0.014867,0.000036,0.003328,0.460566,0.019628,0.449397,0.200985,0.018669,0.420981,-0.046040,-0.539716
11.505000,-4.858905,0.575897,-1.348840,-4.879887,1.336539,-2.431579,2.431579,3.000000,5.059608,-0.004822,0.001321,0.014959,-0.000525,0.002945,0.460730,0.019628,0.449429,0.200932,0.018683,0.420981,-0.046040,-0.537048
11.516000,-4.673941,0.528793,-1.337996,-4.694923,1.289435,-2.420735,2.420735,3.000000,4.868773,-0.004821,0.001324,0.014395,-0.000039,0.003697,0.460890,0.019637,0.449469,0.200879,0.018698,0.420981,-0.046040,-0.544161
11.527000,-4.473253,0.540767,-1.257408,-4.494235,1.301409,-2.340148,2.340148,3.000000,4.678868,-0.004803,0.001391,0.014389,-0.000747,0.002906,0.461049,0.019643,0.449499,0.200826,0.018713,0.420981,-0.046040,-0.537988
11.538000,-4.255934,0.476784,-1.303323,-4.276916,1.237427,-2.386062,2.386062,3.000000,4.452329,-0.004803,0.001390,0.014524,-0.000238,0.003174,0.461208,0.019651,0.449541,0.200774,0.018728,0.420981,-0.046040,-0.541007
11.549000,-4.145054,0.499971,-1.356999,-4.166036,1.260613,-2.439738,2.439738,3.000000,4.352586,-0.004786,0.001448,0.014468,0.000425,0.004654,0.461367,0.019656,0.449587,0.200721,0.018744,0.420981,-0.046040,-0.554392
11.560000,-4.128186,0.458378,-1.407353,-4.149168,1.219020,-2.490092,2.490092,3.000000,4.324535,-0.004797,0.001409,0.014388,0.000944,0.004014,0.461525,0.019660,0.449631,0.200668,0.018760,0.420981,-0.046040,-0.549766
11.571000,-4.259712,0.421535,-1.470279,-4.280694,1.182177,-2.553018,2.553018,3.000000,4.440933,-0.004820,0.001331,0.013775,-0.000086,0.002934,0.461678,0.019659,0.449673,0.200615,0.018775,0.420981,-0.046040,-0.541346
11.582000,-4.371382,0.432936,-1.556608,-4.392364,1.193578,-2.639347,2.639347,3.000000,4.551647,-0.004825,0.001311,0.013147,0.000474,0.002855,0.461829,0.019661,0.449707,0.200562,0.018789,0.420981,-0.046040,-0.541287
11.593000,-4.600468,0.412885,-1.536541,-4.621450,1.173527,-2.619280,2.619280,3.000000,4.768120,-0.004846,0.001231,0.012673,0.001288,0.000166,0.461973,0.019663,0.449719,0.200509,0.018803,0.420981,-0.046040,-0.518692
11.604000,-4.685934,0.409998,-1.450930,-4.706916,1.170640,-2.533669,2.533669,3.000000,4.850304,-0.004852,0.001207,0.011555,0.000635,-0.000908,0.462103,0.019665,0.449717,0.200456,0.018817,0.420981,-0.046040,-0.509538
11.615000,-4.642037,0.421279,-1.490419,-4.663019,1.181921,-2.573158,2.573158,3.000000,4.810476,-0.004847,0.001228,0.011442,0.000219,-0.001751,0.462231,0.019667,0.449699,0.200402,0.018830,0.420981,-0.046040,-0.502059
11.626000,-4.560765,0.408429,-1.586622,-4.581747,1.169071,-2.669361,2.669361,3.000000,4.728545,-0.004845,0.001236,0.011242,-0.000763,-0.002205,0.462351,0.019668,0.449679,0.200349,0.018844,0.420981,-0.046040,-0.497854
11.637000,-4.404024,0.387151,-1.692373,-4.425006,1.147793,-2.775112,2.775112,3.000000,4.571445,-0.004840,0.001255,0.010395,0.000554,-0.001893,0.462467,0.019673,0.449662,0.200296,0.018857,0.420981,-0.046040,-0.500192
11.648000,-4.203432,0.327456,-1.874140,-4.224414,1.088098,-2.956879,2.956879,3.000000,4.362296,-0.004842,0.001247,0.010434,0.001291,0.000074,0.462578,0.019682,0.449655,0.200242,0.018871,0.420981,-0.046040,-0.516754
11.659000,-4.311033,0.365930,-1.994778,-4.332015,1.126572,-3.077517,3.077517,3.000000,4.476105,-0.004839,0.001258,0.010051,0.000699,0.000586,0.462688,0.019682,0.449652,0.200189,0.018885,0.420981,-0.046040,-0.521057
11.670000,-4.506374,0.318148,-2.050345,-4.527356,1.078790,-3.133084,3.133084,3.000000,4.654110,-0.004864,0.001159,0.009847,0.000390,-0.001127,0.462802,0.019679,0.449644,0.200136,0.018898,0.420981,-0.046040,-0.506361
11.681000,-5.012463,0.292817,-1.933927,-5.033445,1.053459,-3.016666,3.016666,3.000000,5.142504,-0.004894,0.001024,0.011040,-0.000947,-0.001471,0.462921,0.019673,0.449623,0.200082,0.018910,0.420981,-0.046040,-0.503070
11.692000,-5.136054,0.320459,-1.983144,-5.157036,1.081101,-3.065883,3.065883,3.000000,5.269136,-0.004894,0.001026,0.010486,0.000375,-0.002828,0.463038,0.019676,0.449594,0.200028,0.018921,0.420981,-0.046040,-0.491026
11.703000,-5.028546,0.318844,-1.963049,-5.049528,1.079486,-3.045788,3.045788,3.000000,5.163625,-0.004890,0.001045,0.010336,-0.000353,-0.002177,0.463149,0.019676,0.449569,0.199974,0.018933,0.420981,-0.046040,-0.496108
11.714000,-4.662752,0.339170,-2.118204,-4.683734,1.099812,-3.200944,3.200944,3.000000,4.811128,-0.004868,0.001143,0.009467,0.000668,-0.000154,0.463255,0.019680,0.449555,0.199921,0.018945,0.420981,-0.046040,-0.513019
11.725000,-4.281642,0.273354,-2.306312,-4.302624,1.033996,-3.389051,3.389051,3.000000,4.425124,-0.004862,0.001168,0.008323,0.000794,0.000408,0.463350,0.019683,0.449560,0.199867,0.018958,0.420981,-0.046040,-0.517873
11.736000,-4.236999,0.246466,-2.311504,-4.257981,1.007108,-3.394244,3.394244,3.000000,4.375462,-0.004866,0.001151,0.009092,0.001138,0.002144,0.463449,0.019688,0.449572,0.199814,0.018970,0.420981,-0.046040,-0.532821
11.747000,-4.578602,0.307750,-2.215926,-4.599584,1.068392,-3.298665,3.298665,3.000000,4.722037,-0.004870,0.001131,0.009780,0.000481,0.000278,0.463551,0.019684,0.449576,0.199760,0.018983,0.420981,-0.046040,-0.517066
11.758000,-4.951235,0.411510,-2.092351,-4.972217,1.172152,-3.175090,3.175090,3.000000,5.108510,-0.004867,0.001147,0.010280,-0.001011,-0.002139,0.463662,0.019670,0.449564,0.199707,0.018996,0.420981,-0.046040,-0.496332
11.769000,-5.115772,0.471199,-1.949236,-5.136754,1.231841,-3.031975,3.031975,3.000000,5.282393,-0.004862,0.001166,0.010789,-0.000857,-0.000926,0.463778,0.019664,0.449551,0.199653,0.019008,0.420981,-0.046040,-0.506404
11.780000,-4.873555,0.523470,-1.949461,-4.894537,1.284112,-3.032200,3.032200,3.000000,5.060181,-0.004836,0.001269,0.010341,0.000355,0.000182,0.463894,0.019662,0.449549,0.199600,0.019022,0.420981,-0.046040,-0.515777
11.791000,-4.367803,0.578627,-2.068520,-4.388785,1.339269,-3.151259,3.151259,3.000000,4.588581,-0.004782,0.001459,0.009898,-0.000122,0.001265,0.464002,0.019662,0.449557,0.199547,0.019037,0.420981,-0.046040,-0.525097
11.802000,-4.166040,0.568840,-1.981705,-4.187022,1.329482,-3.064444,3.064444,3.000000,4.393026,-0.004766,0.001513,0.010369,0.000549,0.001158,0.464111,0.019669,0.449573,0.199494,0.019053,0.420981,-0.046040,-0.524471
11.813000,-4.329854,0.608607,-1.832733,-4.350835,1.369249,-2.915473,2.915473,3.000000,4.561207,-0.004769,0.001501,0.010162,0.000158,0.000078,0.464222,0.019674,0.449577,0.199442,0.019070,0.420981,-0.046040,-0.515395
11.824000,-4.574022,0.599308,-1.815454,-4.595004,1.359950,-2.898193,2.898193,3.000000,4.792028,-0.004794,0.001419,0.010779,0.000420,0.000315,0.464341,0.019676,0.449585,0.199389,0.019086,0.420981,-0.046040,-0.517541
11.835000,-4.813326,0.618630,-1.837999,-4.834308,1.379272,-2.920738,2.920738,3.000000,5.027218,-0.004808,0.001372,0.011646,-0.000267,-0.000036,0.464466,0.019674,0.449594,0.199337,0.019101,0.420981,-0.046040,-0.514721
11.846000,-5.094078,0.651962,-1.768701,-5.115060,1.412604,-2.851440,2.851440,3.000000,5.306533,-0.004820,0.001331,0.012429,-0.000227,-0.000292,0.464603,0.019673,0.449591,0.199284,0.019116,0.420981,-0.046040,-0.512509
11.857000,-5.074115,0.635166,-1.737329,-5.095097,1.395808,-2.820068,2.820068,3.000000,5.282830,-0.004822,0.001321,0.013006,0.000722,-0.000641,0.464742,0.019675,0.449592,0.199231,0.019131,0.420981,-0.046040,-0.509556
11.868000,-4.837990,0.648851,-1.689325,-4.858972,1.409493,-2.772064,2.772064,3.000000,5.059276,-0.004802,0.001393,0.013468,-0.000602,0.000665,0.464885,0.019676,0.449600,0.199178,0.019145,0.420981,-0.046040,-0.520777
11.879000,-4.601383,0.684158,-1.694358,-4.622365,1.444800,-2.777098,2.777098,3.000000,4.842903,-0.004772,0.001492,0.013882,0.000029,0.002549,0.465033,0.019680,0.449614,0.199125,0.019161,0.420981,-0.046040,-0.537011
11.890000,-4.483004,0.678280,-1.722118,-4.503985,1.438922,-2.804857,2.804857,3.000000,4.728254,-0.004763,0.001522,0.015013,-0.000180,0.002403,0.465193,0.019684,0.449637,0.199073,0.019178,0.420981,-0.046040,-0.536206
11.901000,-4.510462,0.597601,-1.702014,-4.531444,1.358243,-2.784753,2.784753,3.000000,4.730624,-0.004789,0.001436,0.015927,-0.000526,0.003641,0.465360,0.019688,0.449672,0.199020,0.019194,0.420981,-0.046040,-0.547341
11.912000,-4.759857,0.596197,-1.577239,-4.780839,1.356839,-2.659979,2.659979,3.000000,4.969652,-0.004810,0.001365,0.016968,0.000682,0.002440,0.465548,0.019693,0.449706,0.198967,0.019210,0.420981,-0.046040,-0.537760
11.923000,-5.082156,0.676656,-1.404080,-5.103138,1.437298,-2.486820,2.486820,3.000000,5.301683,-0.004813,0.001356,0.018249,-0.000032,0.003118,0.465744,0.019690,0.449730,0.198914,0.019224,0.420981,-0.046040,-0.543933
11.934000,-5.179798,0.677560,-1.317459,-5.200780,1.438202,-2.400198,2.400198,3.000000,5.395974,-0.004819,0.001333,0.017938,-0.001132,0.001210,0.465941,0.019687,0.449749,0.198861,0.019239,0.420981,-0.046040,-0.528085
11.945000,-5.126169,0.708412,-1.309425,-5.147151,1.469054,-2.392164,2.392164,3.000000,5.352689,-0.004808,0.001372,0.017180,-0.000262,0.001256,0.466132,0.019685,0.449767,0.198808,0.019254,0.420981,-0.046040,-0.528804
11.956000,-5.080844,0.740818,-1.355277,-5.101825,1.501460,-2.438016,2.438016,3.000000,5.318177,-0.004797,0.001412,0.016698,0.000846,0.001177,0.466316,0.019685,0.449775,0.198756,0.019269,0.420981,-0.046040,-0.528281
11.967000,-5.135856,0.686790,-1.319404,-5.156838,1.447432,-2.402143,2.402143,3.000000,5.356121,-0.004814,0.001351,0.016278,-0.000333,-0.001057,0.466496,0.019685,0.449767,0.198703,0.019285,0.420981,-0.046040,-0.509163
11.978000,-5.271933,0.730774,-1.259355,-5.292915,1.491416,-2.342094,2.342094,3.000000,5.499024,-0.004813,0.001356,0.016697,0.000135,-0.001140,0.466680,0.019692,0.449756,0.198650,0.019300,0.420981,-0.046040,-0.508275
11.989000,-5.202549,0.746218,-1.270200,-5.223531,1.506860,-2.352939,2.352939,3.000000,5.436534,-0.004804,0.001386,0.016069,-0.000093,-0.000787,0.466855,0.019695,0.449745,0.198597,0.019315,0.420981,-0.046040,-0.511069
12.000000,-5.050226,0.753211,-1.339121,-5.071208,1.513853,-2.421860,2.421860,3.000000,5.292343,-0.004791,0.001430,0.015582,-0.001027,-0.000699,0.467032,0.019693,0.449736,0.198544,0.019330,0.420981,-0.046040,-0.511651
12.011000,-4.855625,0.739320,-1.501170,-4.876607,1.499962,-2.583909,2.583909,3.000000,5.102076,-0.004779,0.001470,0.014782,-0.000956,-0.000059,0.467198,0.019691,0.449740,0.198491,0.019346,0.420981,-0.046040,-0.517156
12.022000,-4.848472,0.701172,-1.585386,-4.869453,1.461814,-2.668125,2.668125,3.000000,5.084140,-0.004789,0.001438,0.014074,-0.000189,-0.000907,0.467355,0.019694,0.449740,0.198439,0.019362,0.420981,-0.046040,-0.509962
12.033000,-5.070310,0.740304,-1.417710,-5.091292,1.500946,-2.500450,2.500450,3.000000,5.307928,-0.004796,0.001414,0.013735,-0.000271,-0.001057,0.467511,0.019693,0.449725,0.198386,0.019378,0.420981,-0.046040,-0.508422
12.044000,-5.247032,0.732589,-1.383879,-5.268014,1.493231,-2.466618,2.466618,3.000000,5.475555,-0.004810,0.001364,0.013530,-0.000022,-0.002753,0.467659,0.019695,0.449698,0.198333,0.019393,0.420981,-0.046040,-0.493536
12.055000,-5.276011,0.746536,-1.359573,-5.296993,1.507178,-2.442312,2.442312,3.000000,5.507243,-0.004809,0.001368,0.012901,0.000873,-0.002517,0.467804,0.019699,0.449666,0.198280,0.019408,0.420981,-0.046040,-0.494972
12.066000,-4.970402,0.746113,-1.395491,-4.991384,1.506755,-2.478230,2.478230,3.000000,5.213850,-0.004787,0.001445,0.011749,-0.000433,-0.001040,0.467935,0.019699,0.449648,0.198228,0.019423,0.420981,-0.046040,-0.507189
12.077000,-4.757725,0.702515,-1.463090,-4.778707,1.463157,-2.545829,2.545829,3.000000,4.997687,-0.004781,0.001464,0.011660,0.000250,0.000428,0.468064,0.019701,0.449636,0.198175,0.019440,0.420981,-0.046040,-0.519425
12.088000,-4.684662,0.702120,-1.591759,-4.705644,1.462762,-2.674498,2.674498,3.000000,4.927753,-0.004775,0.001484,0.011708,-0.000281,0.000462,0.468193,0.019701,0.449639,0.198122,0.019456,0.420981,-0.046040,-0.519763
12.099000,-4.981158,0.671876,-1.543961,-5.002140,1.432518,-2.626700,2.626700,3.000000,5.203221,-0.004807,0.001377,0.012380,0.000666,0.000103,0.468324,0.019706,0.449643,0.198070,0.019472,0.420981,-0.046040,-0.516791
12.110000,-5.265544,0.661129,-1.525911,-5.286526,1.421772,-2.608650,2.608650,3.000000,5.474376,-0.004828,0.001299,0.012658,0.000270,0.001544,0.468461,0.019706,0.449655,0.198017,0.019486,0.420981,-0.046040,-0.529233
12.121000,-5.354972,0.706080,-1.504644,-5.375954,1.466722,-2.587383,2.587383,3.000000,5.572446,-0.004824,0.001316,0.012421,0.000761,0.001509,0.468597,0.019708,0.449661,0.197964,0.019501,0.420981,-0.046040,-0.529038
12.132000,-5.486649,0.708556,-1.545703,-5.507631,1.469198,-2.628443,2.628443,3.000000,5.700223,-0.004831,0.001289,0.012842,0.000747,0.000148,0.468739,0.019709,0.449658,0.197911,0.019515,0.420981,-0.046040,-0.517440
12.143000,-5.539214,0.719778,-1.526824,-5.560196,1.480420,-2.609563,2.609563,3.000000,5.753905,-0.004832,0.001286,0.012955,0.000440,-0.000743,0.468884,0.019712,0.449654,0.197857,0.019529,0.420981,-0.046040,-0.509814
12.154000,-5.227276,0.636385,-1.631177,-5.248257,1.397027,-2.713916,2.713916,3.000000,5.431012,-0.004832,0.001286,0.013396,0.000526,0.000492,0.469031,0.019717,0.449671,0.197804,0.019543,0.420981,-0.046040,-0.520591
12.165000,-4.951766,0.610174,-1.679726,-4.972748,1.370816,-2.762465,2.762465,3.000000,5.158232,-0.004820,0.001329,0.013029,0.000991,-0.000183,0.469179,0.019725,0.449680,0.197751,0.019558,0.420981,-0.046040,-0.515030
12.176000,-4.778364,0.560936,-1.630008,-4.799346,1.321578,-2.712747,2.712747,3.000000,4.977980,-0.004821,0.001327,0.013542,0.001425,0.000940,0.469329,0.019730,0.449703,0.197698,0.019572,0.420981,-0.046040,-0.524976
12.187000,-4.707640,0.568373,-1.614425,-4.728622,1.329015,-2.697164,2.697164,3.000000,4.911837,-0.004813,0.001353,0.014367,0.000314,0.001779,0.469485,0.019731,0.449722,0.197645,0.019587,0.420981,-0.046040,-0.532436
12.198000,-4.806382,0.600830,-1.467277,-4.827364,1.361472,-2.550016,2.550016,3.000000,5.015680,-0.004812,0.001357,0.014978,-0.001392,0.001510,0.469646,0.019726,0.449737,0.197592,0.019602,0.420981,-0.046040,-0.530422
12.209000,-4.934575,0.565490,-1.335469,-4.955557,1.326132,-2.418209,2.418209,3.000000,5.129929,-0.004830,0.001293,0.015211,0.000730,0.001267,0.469811,0.019730,0.449742,0.197539,0.019616,0.420981,-0.046040,-0.528453
12.220000,-4.704543,0.510234,-1.445416,-4.725525,1.270876,-2.528155,2.528155,3.000000,4.893436,-0.004828,0.001299,0.014739,-0.000159,0.001179,0.469973,0.019728,0.449753,0.197486,0.019631,0.420981,-0.046040,-0.527899
12.231000,-4.645917,0.474165,-1.410273,-4.666899,1.234807,-2.493012,2.493012,3.000000,4.827494,-0.004834,0.001279,0.014153,0.000751,0.000070,0.470133,0.019735,0.449764,0.197433,0.019645,0.420981,-0.046040,-0.518676
12.242000,-4.596499,0.482001,-1.479385,-4.617481,1.242643,-2.562124,2.562124,3.000000,4.781767,-0.004828,0.001299,0.014739,0.000804,0.001404,0.470293,0.019742,0.449770,0.197380,0.019659,0.420981,-0.046040,-0.530103
12.253000,-4.605518,0.441022,-1.592815,-4.626500,1.201664,-2.675554,2.675554,3.000000,4.780010,-0.004839,0.001257,0.014393,-0.000002,-0.000207,0.470450,0.019744,0.449769,0.197327,0.019673,0.420981,-0.046040,-0.516421
12.264000,-4.755474,0.391002,-1.702396,-4.776456,1.151644,-2.785135,2.785135,3.000000,4.913330,-0.004861,0.001172,0.014412,0.000974,0.000121,0.470609,0.019754,0.449773,0.197273,0.019687,0.420981,-0.046040,-0.519273
12.275000,-4.695775,0.361103,-1.905881,-4.716757,1.121745,-2.988620,2.988620,3.000000,4.848310,-0.004864,0.001157,0.013815,-0.001257,-0.000281,0.470759,0.019751,0.449772,0.197220,0.019699,0.420981,-0.046040,-0.515847
12.286000,-4.778277,0.328030,-2.040411,-4.799259,1.088672,-3.123150,3.123150,3.000000,4.921188,-0.004876,0.001106,0.013672,-0.000466,0.000109,0.470914,0.019752,0.449774,0.197166,0.019712,0.420981,-0.046040,-0.519187
12.297000,-4.843817,0.290923,-2.045393,-4.864799,1.051565,-3.128132,3.128132,3.000000,4.977153,-0.004887,0.001056,0.013435,0.000424,-0.002386,0.471061,0.019755,0.449763,0.197113,0.019724,0.420981,-0.046040,-0.497829
12.308000,-4.972826,0.320026,-1.923348,-4.993808,1.080668,-3.006087,3.006087,3.000000,5.109399,-0.004887,0.001058,0.013042,0.000939,-0.002118,0.471202,0.019754,0.449747,0.197059,0.019736,0.420981,-0.046040,-0.499808
12.319000,-5.044847,0.288379,-1.822655,-5.065829,1.049022,-2.905394,2.905394,3.000000,5.173304,-0.004896,0.001014,0.012533,-0.000607,-0.003780,0.471343,0.019751,0.449705,0.197005,0.019747,0.420981,-0.046040,-0.484961
12.330000,-4.902933,0.327822,-1.809246,-4.923915,1.088464,-2.891985,2.891985,3.000000,5.042786,-0.004882,0.001079,0.011159,0.000310,-0.003134,0.471470,0.019751,0.449667,0.196951,0.019758,0.420981,-0.046040,-0.489748
12.341000,-4.555640,0.279986,-1.849226,-4.576622,1.040628,-2.931965,2.931965,3.000000,4.693440,-0.004876,0.001109,0.010270,0.000392,-0.004044,0.471584,0.019751,0.449621,0.196898,0.019771,0.420981,-0.046040,-0.481202
12.352000,-4.182503,0.269023,-1.967211,-4.203485,1.029665,-3.049950,3.049950,3.000000,4.327759,-0.004856,0.001190,0.008809,-0.000312,-0.004038,0.471682,0.019752,0.449576,0.196844,0.019783,0.420981,-0.046040,-0.480452
12.363000,-4.205335,0.272393,-1.939011,-4.226317,1.033035,-3.021750,3.021750,3.000000,4.350737,-0.004857,0.001187,0.008336,-0.000865,-0.004835,0.471775,0.019751,0.449525,0.196791,0.019796,0.420981,-0.046040,-0.472761
12.374000,-4.360813,0.302899,-1.921246,-4.381795,1.063541,-3.003985,3.003985,3.000000,4.509018,-0.004859,0.001179,0.008100,0.000319,-0.006229,0.471867,0.019749,0.449462,0.196737,0.019809,0.420981,-0.046040,-0.459796
12.385000,-4.531095,0.320855,-1.932808,-4.552077,1.081497,-3.015547,3.015547,3.000000,4.678787,-0.004865,0.001156,0.008287,-0.000737,-0.005719,0.471956,0.019745,0.449401,0.196684,0.019822,0.420981,-0.046040,-0.463023
12.396000,-4.608982,0.316826,-1.986473,-4.629964,1.077468,-3.069212,3.069212,3.000000,4.753683,-0.004870,0.001133,0.007768,-0.000361,-0.006230,0.472041,0.019745,0.449335,0.196630,0.019835,0.420981,-0.046040,-0.457508
12.407000,-4.471133,0.312639,-2.049194,-4.492115,1.073281,-3.131933,3.131933,3.000000,4.618552,-0.004863,0.001162,0.007514,0.000125,-0.005411,0.472125,0.019744,0.449277,0.196577,0.019847,0.420981,-0.046040,-0.463406
12.418000,-4.353574,0.288265,-2.139236,-4.374556,1.048908,-3.221975,3.221975,3.000000,4.498549,-0.004862,0.001166,0.007049,-0.000262,-0.004555,0.472202,0.019742,0.449226,0.196523,0.019860,0.420981,-0.046040,-0.469746
12.429000,-4.443669,0.274549,-2.216191,-4.464651,1.035191,-3.298930,3.298930,3.000000,4.583092,-0.004871,0.001129,0.007335,0.000843,-0.002993,0.472280,0.019749,0.449185,0.196470,0.019873,0.420981,-0.046040,-0.482274
12.440000,-4.541928,0.211220,-2.278642,-4.562910,0.971862,-3.361381,3.361381,3.000000,4.665261,-0.004890,0.001042,0.007779,0.000815,-0.003694,0.472363,0.019756,0.449149,0.196416,0.019885,0.420981,-0.046040,-0.475668
12.451000,-4.711061,0.156973,-2.290748,-4.732043,0.917615,-3.373487,3.373487,3.000000,4.820192,-0.004909,0.000952,0.008171,-0.000413,-0.002448,0.472448,0.019763,0.449128,0.196362,0.019895,0.420981,-0.046040,-0.485873
12.462000,-4.773180,0.169442,-2.284122,-4.794162,0.930084,-3.366861,3.366861,3.000000,4.883548,-0.004908,0.000952,0.008709,0.000116,-0.001802,0.472542,0.019765,0.449113,0.196308,0.019906,0.420981,-0.046040,-0.491089
12.473000,-4.769447,0.186545,-2.198497,-4.790428,0.947187,-3.281236,3.281236,3.000000,4.883172,-0.004905,0.000970,0.008582,-0.000665,-0.000588,0.472637,0.019759,0.449102,0.196254,0.019917,0.420981,-0.046040,-0.501184
12.484000,-4.478797,0.227079,-2.194080,-4.499779,0.987721,-3.276819,3.276819,3.000000,4.606909,-0.004884,0.001072,0.007983,-0.000518,0.000930,0.472729,0.019751,0.449097,0.196200,0.019928,0.420981,-0.046040,-0.513980
12.495000,-4.137163,0.270112,-2.106452,-4.158145,1.030754,-3.189191,3.189191,3.000000,4.283996,-0.004853,0.001203,0.007786,0.000277,0.000607,0.472816,0.019741,0.449098,0.196147,0.019940,0.420981,-0.046040,-0.511246
12.506000,-3.877753,0.306372,-2.041914,-3.898735,1.067014,-3.124653,3.124653,3.000000,4.042110,-0.004823,0.001320,0.008156,0.001013,0.001424,0.472902,0.019735,0.449111,0.196093,0.019954,0.420981,-0.046040,-0.518417
12.517000,-3.692712,0.372018,-1.992646,-3.713694,1.132660,-3.075385,3.075385,3.000000,3.882582,-0.004783,0.001459,0.007575,-0.000529,0.000676,0.472986,0.019735,0.449127,0.196041,0.019969,0.420981,-0.046040,-0.512352
12.528000,-3.691057,0.420773,-1.964740,-3.712039,1.181415,-3.047479,3.047479,3.000000,3.895507,-0.004765,0.001516,0.008231,0.001568,0.002167,0.473073,0.019745,0.449150,0.195988,0.019986,0.420981,-0.046040,-0.525424
12.539000,-3.900758,0.466371,-1.944423,-3.921740,1.227013,-3.027162,3.027162,3.000000,4.109210,-0.004772,0.001493,0.008906,-0.000405,0.002922,0.473167,0.019746,0.449176,0.195936,0.020002,0.420981,-0.046040,-0.532292
12.550000,-4.180429,0.527333,-1.919531,-4.201411,1.287975,-3.002270,3.002270,3.000000,4.394398,-0.004780,0.001465,0.009903,-0.000945,0.003080,0.473273,0.019744,0.449209,0.195883,0.020019,0.420981,-0.046040,-0.534232
12.561000,-4.333075,0.533165,-1.973324,-4.354057,1.293807,-3.056063,3.056063,3.000000,4.542218,-0.004793,0.001424,0.010497,0.000126,0.003716,0.473388,0.019743,0.449249,0.195831,0.020035,0.420981,-0.046040,-0.540361
12.572000,-4.455241,0.571293,-1.917706,-4.476223,1.331935,-3.000445,3.000445,3.000000,4.670185,-0.004792,0.001426,0.010565,-0.000903,0.002901,0.473508,0.019736,0.449289,0.195778,0.020050,0.420981,-0.046040,-0.534152
12.583000,-4.531848,0.655235,-1.780892,-4.552830,1.415877,-2.863631,2.863631,3.000000,4.767910,-0.004774,0.001485,0.012046,-0.000947,0.005042,0.473636,0.019731,0.449338,0.195725,0.020066,0.420981,-0.046040,-0.553205
12.594000,-4.503398,0.697668,-1.666887,-4.524380,1.458310,-2.749626,2.749626,3.000000,4.753597,-0.004759,0.001534,0.012091,-0.000319,0.004525,0.473770,0.019728,0.449379,0.195673,0.020083,0.420981,-0.046040,-0.549553
12.605000,-4.201598,0.627025,-1.659839,-4.222580,1.387667,-2.742578,2.742578,3.000000,4.444750,-0.004750,0.001561,0.012171,0.000947,0.005349,0.473899,0.019737,0.449440,0.195620,0.020100,0.420981,-0.046040,-0.557654
12.616000,-4.006904,0.622723,-1.613223,-4.027886,1.383365,-2.695963,2.695963,3.000000,4.258822,-0.004729,0.001624,0.013356,0.000887,0.007597,0.474042,0.019746,0.449516,0.195568,0.020117,0.420981,-0.046040,-0.578095
12.627000,-3.838948,0.582768,-1.707930,-3.859929,1.343410,-2.790669,2.790669,3.000000,4.087029,-0.004722,0.001644,0.013154,0.000601,0.009146,0.474188,0.019755,0.449614,0.195516,0.020135,0.420981,-0.046040,-0.593000
12.638000,-3.845183,0.566471,-1.662128,-3.866165,1.327113,-2.744868,2.744868,3.000000,4.087598,-0.004729,0.001623,0.013547,0.000198,0.010676,0.474339,0.019762,0.449727,0.195464,0.020153,0.420981,-0.046040,-0.608024
12.649000,-3.984809,0.505870,-1.576510,-4.005791,1.266512,-2.659249,2.659249,3.000000,4.201240,-0.004767,0.001507,0.013582,-0.000614,0.010621,0.474491,0.019763,0.449840,0.195412,0.020171,0.420981,-0.046040,-0.609572
12.660000,-4.167703,0.606243,-1.578852,-4.188685,1.366885,-2.661591,2.661591,3.000000,4.406070,-0.004753,0.001551,0.013468,-0.000709,0.009374,0.474638,0.019760,0.449944,0.195360,0.020187,0.420981,-0.046040,-0.600863
12.671000,-4.389362,0.645205,-1.502753,-4.410344,1.405847,-2.585492,2.585492,3.000000,4.628989,-0.004764,0.001519,0.012512,-0.001350,0.007798,0.474774,0.019748,0.450036,0.195307,0.020204,0.420981,-0.046040,-0.589147
12.682000,-4.342027,0.714378,-1.486806,-4.363009,1.475020,-2.569545,2.569545,3.000000,4.605598,-0.004737,0.001601,0.011241,-0.001379,0.007165,0.474898,0.019741,0.450121,0.195255,0.020221,0.420981,-0.046040,-0.585320
12.693000,-4.102632,0.812748,-1.518390,-4.123614,1.573390,-2.601129,2.601129,3.000000,4.413587,-0.004671,0.001782,0.009850,-0.000393,0.007971,0.475009,0.019730,0.450201,0.195203,0.020240,0.420981,-0.046040,-0.593604
12.704000,-3.839450,0.758245,-1.636050,-3.860432,1.518887,-2.718789,2.718789,3.000000,4.148488,-0.004653,0.001831,0.009359,-0.000996,0.008451,0.475111,0.019721,0.450295,0.195152,0.020260,0.420981,-0.046040,-0.599364
12.715000,-3.779864,0.648735,-1.649926,-3.800846,1.409378,-2.732665,2.732665,3.000000,4.053736,-0.004688,0.001738,0.009026,0.000061,0.010860,0.475209,0.019719,0.450401,0.195101,0.020280,0.420981,-0.046040,-0.621711
12.726000,-3.930659,0.624885,-1.683035,-3.951641,1.385527,-2.765774,2.765774,3.000000,4.187499,-0.004718,0.001654,0.009275,0.000391,0.010935,0.475307,0.019721,0.450510,0.195049,0.020298,0.420981,-0.046040,-0.624307
12.737000,-4.240368,0.679332,-1.710998,-4.261350,1.439974,-2.793737,2.793737,3.000000,4.498070,-0.004737,0.001601,0.009562,0.000162,0.010945,0.475407,0.019724,0.450621,0.194997,0.020316,0.420981,-0.046040,-0.626394
12.748000,-4.452192,0.665361,-1.667024,-4.473174,1.426004,-2.749763,2.749763,3.000000,4.694973,-0.004764,0.001519,0.009237,0.000062,0.009832,0.475507,0.019723,0.450730,0.194945,0.020333,0.420981,-0.046040,-0.618901
12.759000,-4.590468,0.699594,-1.593021,-4.611450,1.460236,-2.675760,2.675760,3.000000,4.837123,-0.004767,0.001509,0.008592,0.001334,0.009746,0.475601,0.019728,0.450840,0.194892,0.020350,0.420981,-0.046040,-0.620159
12.770000,-4.546236,0.619931,-1.619387,-4.567218,1.380573,-2.702126,2.702126,3.000000,4.771317,-0.004786,0.001447,0.007854,0.000051,0.009419,0.475689,0.019734,0.450949,0.194840,0.020366,0.420981,-0.046040,-0.619340
12.781000,-4.371156,0.605274,-1.636979,-4.392138,1.365916,-2.719718,2.719718,3.000000,4.599631,-0.004774,0.001485,0.007371,0.001659,0.010470,0.475770,0.019747,0.451059,0.194787,0.020382,0.420981,-0.046040,-0.630240
12.792000,-4.195572,0.580304,-1.704839,-4.216554,1.340946,-2.787578,2.787578,3.000000,4.424643,-0.004765,0.001515,0.006196,0.000317,0.009712,0.475843,0.019752,0.451178,0.194735,0.020399,0.420981,-0.046040,-0.625942
12.803000,-4.173015,0.628835,-1.744205,-4.193997,1.389477,-2.826944,2.826944,3.000000,4.418173,-0.004746,0.001572,0.006097,0.000722,0.010608,0.475911,0.019756,0.451298,0.194682,0.020416,0.420981,-0.046040,-0.635726
12.814000,-4.307454,0.547269,-1.699991,-4.328436,1.307911,-2.782730,2.782730,3.000000,4.521724,-0.004786,0.001446,0.006342,0.001434,0.010967,0.475978,0.019761,0.451417,0.194630,0.020432,0.420981,-0.046040,-0.640909
12.825000,-4.559640,0.549300,-1.679194,-4.580622,1.309942,-2.761933,2.761933,3.000000,4.764247,-0.004807,0.001375,0.006132,0.000950,0.010584,0.476048,0.019761,0.451535,0.194577,0.020448,0.420981,-0.046040,-0.639779
12.836000,-4.772599,0.575718,-1.680491,-4.793581,1.336361,-2.763230,2.763230,3.000000,4.976372,-0.004816,0.001343,0.006395,-0.000269,0.010531,0.476121,0.019760,0.451652,0.194524,0.020463,0.420981,-0.046040,-0.641440
12.847000,-4.834639,0.579477,-1.641346,-4.855621,1.340119,-2.724085,2.724085,3.000000,5.037159,-0.004820,0.001330,0.006497,-0.000552,0.010256,0.476194,0.019761,0.451771,0.194471,0.020477,0.420981,-0.046040,-0.641241
12.858000,-4.815878,0.600295,-1.594697,-4.836860,1.360938,-2.677436,2.677436,3.000000,5.024675,-0.004813,0.001354,0.006584,0.000272,0.010326,0.476268,0.019764,0.451888,0.194418,0.020492,0.420981,-0.046040,-0.643944
12.869000,-4.699327,0.667039,-1.526716,-4.720309,1.427681,-2.609456,2.609456,3.000000,4.931490,-0.004786,0.001448,0.005707,-0.001013,0.008669,0.476334,0.019759,0.451997,0.194365,0.020507,0.420981,-0.046040,-0.631837
12.880000,-4.586497,0.778306,-1.421140,-4.607479,1.538949,-2.503879,2.503879,3.000000,4.857698,-0.004742,0.001584,0.005236,-0.000373,0.009285,0.476396,0.019754,0.452110,0.194313,0.020524,0.420981,-0.046040,-0.639096
12.891000,-4.492616,0.808585,-1.470149,-4.513598,1.569227,-2.552888,2.552888,3.000000,4.778602,-0.004723,0.001642,0.005609,-0.001033,0.009376,0.476458,0.019745,0.452216,0.194261,0.020542,0.420981,-0.046040,-0.641786
12.902000,-4.482620,0.824806,-1.421610,-4.503602,1.585448,-2.504349,2.504349,3.000000,4.774524,-0.004716,0.001660,0.004918,-0.000951,0.009092,0.476513,0.019740,0.452319,0.194209,0.020560,0.420981,-0.046040,-0.641233
12.913000,-4.542062,0.806683,-1.451091,-4.563044,1.567325,-2.533830,2.533830,3.000000,4.824716,-0.004729,0.001624,0.004883,0.000594,0.008626,0.476567,0.019742,0.452415,0.194157,0.020579,0.420981,-0.046040,-0.639010
12.924000,-4.705674,0.764321,-1.432654,-4.726656,1.524963,-2.515394,2.515394,3.000000,4.966567,-0.004758,0.001535,0.004875,0.001513,0.007693,0.476621,0.019747,0.452507,0.194105,0.020596,0.420981,-0.046040,-0.632736
12.935000,-4.793555,0.755002,-1.482448,-4.814537,1.515644,-2.565187,2.565187,3.000000,5.047469,-0.004769,0.001501,0.004660,0.000094,0.007880,0.476675,0.019749,0.452602,0.194053,0.020613,0.420981,-0.046040,-0.636040
12.946000,-4.809626,0.702618,-1.489111,-4.830608,1.463260,-2.571850,2.571850,3.000000,5.047366,-0.004785,0.001450,0.004909,-0.000013,0.008159,0.476727,0.019752,0.452694,0.194000,0.020629,0.420981,-0.046040,-0.640056
12.957000,-4.841276,0.747297,-1.514768,-4.862258,1.507939,-2.597507,2.597507,3.000000,5.090720,-0.004776,0.001481,0.003848,-0.000489,0.007651,0.476776,0.019753,0.452780,0.193947,0.020645,0.420981,-0.046040,-0.637303
12.968000,-4.684978,0.713388,-1.522209,-4.705960,1.474030,-2.604948,2.604948,3.000000,4.931412,-0.004771,0.001495,0.004017,0.000955,0.007353,0.476821,0.019757,0.452865,0.193895,0.020661,0.420981,-0.046040,-0.636303
12.979000,-4.682155,0.728567,-1.538046,-4.703137,1.489209,-2.620785,2.620785,3.000000,4.933279,-0.004767,0.001509,0.003978,0.000152,0.006445,0.476863,0.019758,0.452944,0.193843,0.020678,0.420981,-0.046040,-0.630010
12.990000,-4.705693,0.736609,-1.509157,-4.726675,1.497251,-2.591896,2.591896,3.000000,4.958146,-0.004767,0.001510,0.004019,0.000406,0.008211,0.476904,0.019761,0.453027,0.193790,0.020694,0.420981,-0.046040,-0.646492
13.001000,-4.687069,0.750873,-1.507323,-4.708051,1.511515,-2.590062,2.590062,3.000000,4.944737,-0.004761,0.001528,0.003752,0.000086,0.007456,0.476943,0.019763,0.453104,0.193738,0.020711,0.420981,-0.046040,-0.641481
13.012000,-4.675175,0.721375,-1.507535,-4.696157,1.482017,-2.590274,2.590274,3.000000,4.924456,-0.004768,0.001505,0.003462,0.000364,0.006378,0.476984,0.019768,0.453180,0.193685,0.020728,0.420981,-0.046040,-0.633706
13.023000,-4.682055,0.727127,-1.476089,-4.703037,1.487769,-2.558828,2.558828,3.000000,4.932749,-0.004767,0.001508,0.003978,0.000036,0.007971,0.477026,0.019770,0.453264,0.193633,0.020744,0.420981,-0.046040,-0.648733
13.034000,-4.703586,0.745397,-1.389371,-4.724568,1.506039,-2.472110,2.472110,3.000000,4.958800,-0.004764,0.001519,0.004061,-0.000489,0.005718,0.477067,0.019766,0.453334,0.193580,0.020761,0.420981,-0.046040,-0.630870
13.045000,-4.660689,0.789301,-1.270681,-4.681671,1.549943,-2.353420,2.353420,3.000000,4.931568,-0.004747,0.001571,0.003811,-0.001508,0.005566,0.477105,0.019755,0.453401,0.193528,0.020778,0.420981,-0.046040,-0.630792
13.056000,-4.503606,0.908420,-1.262243,-4.524588,1.669062,-2.344982,2.344982,3.000000,4.822620,-0.004691,0.001730,0.002957,-0.000322,0.005696,0.477142,0.019751,0.453470,0.193476,0.020796,0.420981,-0.046040,-0.633125
13.067000,-4.375638,0.873677,-1.278408,-4.396620,1.634319,-2.361147,2.361147,3.000000,4.690551,-0.004687,0.001742,0.003333,-0.001958,0.006485,0.477181,0.019741,0.453541,0.193425,0.020815,0.420981,-0.046040,-0.641098
13.078000,-4.325582,0.846090,-1.345019,-4.346564,1.606732,-2.427758,2.427758,3.000000,4.634027,-0.004690,0.001734,0.003907,0.000687,0.007274,0.477224,0.019751,0.453619,0.193373,0.020835,0.420981,-0.046040,-0.649208
13.089000,-4.430294,0.760716,-1.378302,-4.451276,1.521358,-2.461041,2.461041,3.000000,4.704082,-0.004731,0.001617,0.004239,0.000695,0.007590,0.477272,0.019759,0.453700,0.193321,0.020853,0.420981,-0.046040,-0.653332
13.100000,-4.652624,0.725741,-1.406894,-4.673606,1.486383,-2.489633,2.489633,3.000000,4.904276,-0.004765,0.001515,0.005207,0.001118,0.008024,0.477328,0.019769,0.453787,0.193269,0.020870,0.420981,-0.046040,-0.658592
13.111000,-4.941298,0.702968,-1.391451,-4.962280,1.463610,-2.474190,2.474190,3.000000,5.173623,-0.004796,0.001414,0.005845,0.000910,0.007748,0.477393,0.019773,0.453871,0.193216,0.020886,0.420981,-0.046040,-0.657761
13.122000,-5.196055,0.737641,-1.325315,-5.217037,1.498283,-2.408054,2.408054,3.000000,5.427921,-0.004806,0.001380,0.006310,-0.000664,0.006752,0.477461,0.019767,0.453945,0.193164,0.020901,0.420981,-0.046040,-0.650635
13.133000,-5.203795,0.762103,-1.211994,-5.224777,1.522745,-2.294733,2.294733,3.000000,5.442155,-0.004800,0.001399,0.006021,-0.001207,0.005516,0.477529,0.019761,0.454013,0.193111,0.020917,0.420981,-0.046040,-0.641386
13.144000,-5.042337,0.789662,-1.165910,-5.063319,1.550304,-2.248649,2.248649,3.000000,5.295341,-0.004781,0.001464,0.005139,-0.000852,0.005481,0.477588,0.019757,0.454072,0.193058,0.020932,0.420981,-0.046040,-0.642146
13.155000,-4.850043,0.778863,-1.148034,-4.871025,1.539505,-2.230773,2.230773,3.000000,5.108518,-0.004768,0.001507,0.004837,-0.000590,0.004744,0.477643,0.019752,0.454121,0.193006,0.020949,0.420981,-0.046040,-0.636761
13.166000,-4.684832,0.769408,-1.097187,-4.705814,1.530050,-2.179926,2.179926,3.000000,4.948307,-0.004755,0.001546,0.004213,0.000423,0.003876,0.477691,0.019756,0.454166,0.192953,0.020966,0.420981,-0.046040,-0.630211
13.177000,-4.500642,0.818281,-1.132753,-4.521624,1.578923,-2.215492,2.215492,3.000000,4.789372,-0.004720,0.001648,0.003652,0.000730,0.003080,0.477731,0.019762,0.454203,0.192901,0.020983,0.420981,-0.046040,-0.624118
13.188000,-4.460656,0.833611,-1.098772,-4.481638,1.594253,-2.181511,2.181511,3.000000,4.756755,-0.004711,0.001676,0.003266,-0.001036,0.002089,0.477766,0.019757,0.454227,0.192849,0.021001,0.420981,-0.046040,-0.616156
13.199000,-4.625362,0.930380,-1.069726,-4.646344,1.691022,-2.152465,2.152465,3.000000,4.944499,-0.004698,0.001710,0.002455,-0.001060,0.000637,0.477796,0.019751,0.454240,0.192797,0.021020,0.420981,-0.046040,-0.604055
13.210000,-4.775472,1.038541,-1.035879,-4.796453,1.799183,-2.118618,2.118618,3.000000,5.122795,-0.004681,0.001756,0.002093,-0.002217,-0.000675,0.477825,0.019737,0.454238,0.192746,0.021039,0.420981,-0.046040,-0.592896
13.221000,-4.829184,1.089396,-1.071840,-4.850166,1.850038,-2.154579,2.154579,3.000000,5.191026,-0.004672,0.001782,0.002313,-0.000881,0.000064,0.477851,0.019724,0.454231,0.192695,0.021059,0.420981,-0.046040,-0.599035
13.232000,-4.805655,1.034063,-1.145621,-4.826636,1.794705,-2.228360,2.228360,3.000000,5.149503,-0.004687,0.001743,0.001777,-0.000750,-0.002229,0.477875,0.019706,0.454212,0.192643,0.021078,0.420981,-0.046040,-0.579231
13.243000,-4.815263,0.931536,-1.174625,-4.836245,1.692178,-2.257364,2.257364,3.000000,5.123742,-0.004719,0.001651,0.001839,-0.000166,-0.001931,0.477895,0.019698,0.454193,0.192591,0.021097,0.420981,-0.046040,-0.581423
13.254000,-4.768465,0.915679,-1.266573,-4.789447,1.676321,-2.349312,2.349312,3.000000,5.074333,-0.004719,0.001652,0.001703,-0.000740,-0.002061,0.477911,0.019692,0.454171,0.192539,0.021115,0.420981,-0.046040,-0.579926
13.265000,-4.771657,0.918564,-1.288139,-4.792639,1.679206,-2.370878,2.370878,3.000000,5.078299,-0.004719,0.001653,0.001405,-0.000567,-0.002360,0.477925,0.019689,0.454146,0.192487,0.021133,0.420981,-0.046040,-0.576944
13.276000,-4.866392,0.912620,-1.311081,-4.887374,1.673262,-2.393820,2.393820,3.000000,5.165872,-0.004730,0.001620,0.001539,0.000845,-0.003752,0.477937,0.019687,0.454110,0.192435,0.021151,0.420981,-0.046040,-0.564479
13.287000,-5.002904,0.891257,-1.273403,-5.023886,1.651899,-2.356143,2.356143,3.000000,5.288496,-0.004750,0.001562,0.001127,-0.001030,-0.004533,0.477947,0.019685,0.454067,0.192383,0.021168,0.420981,-0.046040,-0.557086
13.298000,-5.098957,0.926337,-1.226348,-5.119939,1.686979,-2.309087,2.309087,3.000000,5.390702,-0.004749,0.001565,0.000908,0.000445,-0.003553,0.477960,0.019688,0.454023,0.192331,0.021186,0.420981,-0.046040,-0.564612
13.309000,-4.969130,0.887305,-1.310826,-4.990112,1.647947,-2.393566,2.393566,3.000000,5.255182,-0.004748,0.001568,0.001164,-0.000312,-0.004756,0.477971,0.019688,0.453975,0.192279,0.021203,0.420981,-0.046040,-0.553534
13.320000,-4.870163,0.860098,-1.437970,-4.891145,1.620740,-2.520709,2.520709,3.000000,5.152679,-0.004746,0.001573,0.000895,0.000773,-0.002922,0.477983,0.019692,0.453946,0.192227,0.021220,0.420981,-0.046040,-0.568578
13.331000,-4.786556,0.821102,-1.651789,-4.807538,1.581744,-2.734528,2.734528,3.000000,5.061060,-0.004750,0.001563,0.001386,0.000523,-0.001037,0.477998,0.019697,0.453935,0.192174,0.021238,0.420981,-0.046040,-0.584372
13.342000,-5.068230,0.781339,-1.707977,-5.089212,1.541981,-2.790716,2.790716,3.000000,5.317686,-0.004785,0.001450,0.001794,0.000579,-0.001246,0.478017,0.019702,0.453922,0.192122,0.021254,0.420981,-0.046040,-0.582355
13.353000,-5.473835,0.772982,-1.692782,-5.494817,1.533624,-2.775521,2.775521,3.000000,5.704824,-0.004816,0.001344,0.002669,-0.000536,-0.000608,0.478044,0.019698,0.453903,0.192069,0.021269,0.420981,-0.046040,-0.587438
13.364000,-5.763643,0.822878,-1.658181,-5.784625,1.583520,-2.740920,2.740920,3.000000,5.997451,-0.004823,0.001320,0.002922,-0.001490,-0.002771,0.478074,0.019692,0.453875,0.192016,0.021284,0.420981,-0.046040,-0.568578
13.375000,-5.862410,0.848804,-1.579744,-5.883392,1.609446,-2.662483,2.662483,3.000000,6.099559,-0.004823,0.001319,0.002875,-0.001317,-0.002772,0.478105,0.019684,0.453841,0.191963,0.021298,0.420981,-0.046040,-0.567960
13.386000,-5.664378,0.858331,-1.563914,-5.685360,1.618973,-2.646653,2.646653,3.000000,5.911378,-0.004809,0.001369,0.002366,-0.000999,-0.002499,0.478129,0.019679,0.453804,0.191910,0.021313,0.420981,-0.046040,-0.569606
13.397000,-5.403424,0.822242,-1.535126,-5.424406,1.582884,-2.617865,2.617865,3.000000,5.650637,-0.004800,0.001401,0.000850,0.000417,-0.003787,0.478146,0.019682,0.453763,0.191857,0.021329,0.420981,-0.046040,-0.557945
13.408000,-5.104455,0.785207,-1.620140,-5.125437,1.545849,-2.702880,2.702880,3.000000,5.353480,-0.004787,0.001444,0.001000,0.001149,-0.001565,0.478160,0.019687,0.453734,0.191804,0.021344,0.420981,-0.046040,-0.576280
13.419000,-5.016947,0.697843,-1.634387,-5.037929,1.458485,-2.717126,2.717126,3.000000,5.244798,-0.004803,0.001390,0.000779,-0.000097,-0.002703,0.478173,0.019692,0.453705,0.191752,0.021360,0.420981,-0.046040,-0.566093
13.430000,-5.118231,0.715683,-1.691929,-5.139213,1.476325,-2.774668,2.774668,3.000000,5.347060,-0.004806,0.001381,0.001539,0.000027,-0.002023,0.478189,0.019700,0.453681,0.191699,0.021375,0.420981,-0.046040,-0.571440
13.441000,-5.260716,0.716050,-1.787202,-5.281698,1.476692,-2.869941,2.869941,3.000000,5.484246,-0.004815,0.001346,0.001571,0.000393,-0.001801,0.478206,0.019701,0.453656,0.191646,0.021390,0.420981,-0.046040,-0.572865
13.452000,-5.557414,0.753301,-1.696753,-5.578396,1.513943,-2.779492,2.779492,3.000000,5.780184,-0.004825,0.001310,0.001862,-0.000849,-0.003016,0.478229,0.019691,0.453621,0.191593,0.021405,0.420981,-0.046040,-0.561931
13.463000,-5.757667,0.754603,-1.626292,-5.778649,1.515245,-2.709031,2.709031,3.000000,5.974006,-0.004836,0.001268,0.002634,-0.000821,-0.003271,0.478253,0.019686,0.453586,0.191540,0.021419,0.420981,-0.046040,-0.559129
13.474000,-5.666110,0.722010,-1.670470,-5.687092,1.482652,-2.753209,2.753209,3.000000,5.877182,-0.004838,0.001261,0.001808,-0.000461,-0.003334,0.478274,0.019683,0.453548,0.191487,0.021433,0.420981,-0.046040,-0.557906
13.485000,-5.484839,0.726685,-1.639598,-5.505821,1.487327,-2.722337,2.722337,3.000000,5.703175,-0.004827,0.001304,0.001528,0.000208,-0.003386,0.478292,0.019684,0.453512,0.191433,0.021447,0.420981,-0.046040,-0.556826
13.496000,-5.294221,0.728567,-1.703891,-5.315203,1.489209,-2.786630,2.786630,3.000000,5.519885,-0.004815,0.001349,0.001199,0.000405,-0.002357,0.478307,0.019687,0.453483,0.191380,0.021462,0.420981,-0.046040,-0.565023
13.507000,-5.198260,0.680098,-1.834508,-5.219242,1.440740,-2.917247,2.917247,3.000000,5.414445,-0.004820,0.001330,0.000934,0.000143,-0.002553,0.478322,0.019695,0.453458,0.191327,0.021476,0.420981,-0.046040,-0.562926
13.518000,-5.394898,0.686751,-1.867567,-5.415880,1.447393,-2.950306,2.950306,3.000000,5.605952,-0.004830,0.001291,0.001851,-0.000233,-0.001834,0.478343,0.019698,0.453435,0.191274,0.021491,0.420981,-0.046040,-0.568605
13.529000,-5.620435,0.692468,-1.876769,-5.641417,1.453110,-2.959508,2.959508,3.000000,5.825557,-0.004842,0.001247,0.002264,-0.000522,-0.003200,0.478368,0.019698,0.453401,0.191221,0.021505,0.420981,-0.046040,-0.556403
13.540000,-5.750315,0.686449,-1.764222,-5.771297,1.447091,-2.846961,2.846961,3.000000,5.949953,-0.004850,0.001216,0.002102,-0.000249,-0.003573,0.478394,0.019693,0.453364,0.191168,0.021518,0.420981,-0.046040,-0.552564
13.551000,-5.668971,0.660039,-1.653273,-5.689953,1.420681,-2.736012,2.736012,3.000000,5.864632,-0.004851,0.001211,0.001456,-0.000314,-0.004205,0.478414,0.019685,0.453321,0.191115,0.021532,0.420981,-0.046040,-0.546436
13.562000,-5.437620,0.711327,-1.668149,-5.458602,1.471969,-2.750888,2.750888,3.000000,5.653586,-0.004828,0.001302,0.001754,-0.000810,-0.003843,0.478432,0.019678,0.453276,0.191061,0.021545,0.420981,-0.046040,-0.548700
13.573000,-5.204223,0.668416,-1.694206,-5.225205,1.429058,-2.776945,2.776945,3.000000,5.417100,-0.004823,0.001319,0.001274,0.000743,-0.002952,0.478444,0.019679,0.453233,0.191008,0.021560,0.420981,-0.046040,-0.555487
13.584000,-5.122338,0.660752,-1.714832,-5.143320,1.421394,-2.797571,2.797571,3.000000,5.336113,-0.004819,0.001332,0.001198,0.001044,-0.004271,0.478456,0.019682,0.453185,0.190955,0.021575,0.420981,-0.046040,-0.543437
13.595000,-5.136084,0.659820,-1.758138,-5.157066,1.420462,-2.840877,2.840877,3.000000,5.349116,-0.004820,0.001328,0.001907,0.000806,-0.004062,0.478473,0.019689,0.453144,0.190902,0.021589,0.420981,-0.046040,-0.544465
13.606000,-5.224469,0.642070,-1.796306,-5.245451,1.402712,-2.879045,2.879045,3.000000,5.429766,-0.004830,0.001292,0.001656,-0.000132,-0.003878,0.478491,0.019690,0.453101,0.190849,0.021603,0.420981,-0.046040,-0.545250
13.617000,-5.396723,0.676558,-1.773128,-5.417705,1.437200,-2.855867,2.855867,3.000000,5.605093,-0.004833,0.001282,0.001629,-0.000369,-0.003992,0.478511,0.019691,0.453057,0.190796,0.021617,0.420981,-0.046040,-0.543487
13.628000,-5.464769,0.601466,-1.838066,-5.485751,1.362108,-2.920805,2.920805,3.000000,5.652327,-0.004853,0.001205,0.002132,0.000311,-0.004274,0.478535,0.019686,0.453008,0.190743,0.021631,0.420981,-0.046040,-0.540220
13.639000,-5.592404,0.671877,-1.813612,-5.613386,1.432519,-2.896351,2.896351,3.000000,5.793291,-0.004845,0.001236,0.002540,-0.000758,-0.004228,0.478566,0.019680,0.452964,0.190689,0.021645,0.420981,-0.046040,-0.539818
13.650000,-5.629704,0.661569,-1.798613,-5.650686,1.422211,-2.881352,2.881352,3.000000,5.826915,-0.004849,0.001220,0.002548,0.000592,-0.004966,0.478596,0.019682,0.452913,0.190636,0.021658,0.420981,-0.046040,-0.532631
13.661000,-5.509086,0.665662,-1.882204,-5.530068,1.426304,-2.964943,2.964943,3.000000,5.711041,-0.004842,0.001249,0.002522,0.000219,-0.004012,0.478628,0.019681,0.452868,0.190583,0.021672,0.420981,-0.046040,-0.539927
13.672000,-5.289593,0.634657,-1.959114,-5.310575,1.395299,-3.041854,3.041854,3.000000,5.490817,-0.004836,0.001271,0.003103,0.000944,-0.003702,0.478661,0.019685,0.452826,0.190529,0.021686,0.420981,-0.046040,-0.541792
13.683000,-5.167963,0.609929,-1.983865,-5.188945,1.370571,-3.066604,3.066604,3.000000,5.366900,-0.004834,0.001277,0.003141,0.000432,-0.003250,0.478691,0.019684,0.452790,0.190476,0.021700,0.420981,-0.046040,-0.544975
13.694000,-5.173981,0.651902,-2.002916,-5.194963,1.412544,-3.085655,3.085655,3.000000,5.383579,-0.004825,0.001312,0.003513,-0.001002,-0.003152,0.478727,0.019680,0.452756,0.190423,0.021714,0.420981,-0.046040,-0.545208
13.705000,-5.248855,0.671299,-2.039497,-5.269837,1.431941,-3.122236,3.122236,3.000000,5.460919,-0.004825,0.001311,0.003971,0.000378,-0.003159,0.478766,0.019681,0.452724,0.190370,0.021728,0.420981,-0.046040,-0.544565
13.716000,-5.215319,0.596915,-2.026811,-5.236301,1.357558,-3.109550,3.109550,3.000000,5.409418,-0.004840,0.001255,0.003337,-0.000606,-0.003131,0.478808,0.019676,0.452694,0.190317,0.021742,0.420981,-0.046040,-0.544259
13.727000,-5.152581,0.677008,-2.014199,-5.173563,1.437650,-3.096938,3.096938,3.000000,5.369599,-0.004817,0.001339,0.003273,-0.000344,-0.003541,0.478848,0.019672,0.452665,0.190264,0.021757,0.420981,-0.046040,-0.540254
13.738000,-5.075998,0.677282,-2.059953,-5.096980,1.437924,-3.142692,3.142692,3.000000,5.295926,-0.004812,0.001358,0.003483,-0.000149,-0.003214,0.478890,0.019669,0.452640,0.190211,0.021771,0.420981,-0.046040,-0.542578
13.749000,-5.011908,0.609670,-2.042763,-5.032890,1.370312,-3.125502,3.125502,3.000000,5.216104,-0.004824,0.001314,0.004054,0.000260,-0.001060,0.478934,0.019669,0.452623,0.190158,0.021786,0.420981,-0.046040,-0.560549
13.760000,-4.984297,0.677405,-2.121740,-5.005279,1.438047,-3.204479,3.204479,3.000000,5.207763,-0.004806,0.001381,0.004134,-0.000054,-0.001957,0.478981,0.019671,0.452600,0.190105,0.021801,0.420981,-0.046040,-0.552535
13.771000,-5.048160,0.742852,-2.143506,-5.069142,1.503495,-3.226246,3.226246,3.000000,5.287409,-0.004794,0.001422,0.004487,0.000145,-0.000938,0.479029,0.019672,0.452589,0.190052,0.021816,0.420981,-0.046040,-0.560982
13.782000,-5.206792,0.674548,-2.109542,-5.227774,1.435190,-3.192281,3.192281,3.000000,5.421198,-0.004822,0.001324,0.005256,-0.000807,-0.000445,0.479086,0.019674,0.452579,0.189999,0.021831,0.420981,-0.046040,-0.564980
13.793000,-5.400291,0.689539,-2.079185,-5.421273,1.450181,-3.161924,3.161924,3.000000,5.611882,-0.004830,0.001292,0.005528,0.000791,-0.002700,0.479149,0.019678,0.452561,0.189946,0.021846,0.420981,-0.046040,-0.545532
13.804000,-5.410173,0.662038,-2.116638,-5.431155,1.422680,-3.199377,3.199377,3.000000,5.614398,-0.004837,0.001267,0.006426,-0.000052,0.000308,0.479218,0.019675,0.452556,0.189893,0.021860,0.420981,-0.046040,-0.570968
13.815000,-5.326288,0.707337,-2.184219,-5.347270,1.467979,-3.266958,3.266958,3.000000,5.545111,-0.004822,0.001324,0.006176,-0.000121,-0.000552,0.479285,0.019671,0.452550,0.189840,0.021874,0.420981,-0.046040,-0.563555
13.826000,-5.172140,0.700286,-2.125382,-5.193122,1.460928,-3.208121,3.208121,3.000000,5.394704,-0.004813,0.001354,0.005615,-0.001347,-0.000580,0.479347,0.019667,0.452544,0.189787,0.021889,0.420981,-0.046040,-0.563208
13.837000,-4.931699,0.725580,-2.134968,-4.952681,1.486222,-3.217707,3.217707,3.000000,5.170871,-0.004789,0.001437,0.004877,0.000167,-0.001041,0.479403,0.019668,0.452540,0.189734,0.021904,0.420981,-0.046040,-0.559223
13.848000,-4.963564,0.704889,-2.045312,-4.984546,1.465531,-3.128051,3.128051,3.000000,5.195525,-0.004797,0.001410,0.004980,0.001302,-0.001037,0.479458,0.019671,0.452525,0.189681,0.021920,0.420981,-0.046040,-0.558985
13.859000,-5.008197,0.728341,-2.041893,-5.029179,1.488983,-3.124632,3.124632,3.000000,5.244970,-0.004794,0.001419,0.005027,-0.000616,-0.001404,0.479513,0.019670,0.452509,0.189629,0.021935,0.420981,-0.046040,-0.555578
13.870000,-4.994156,0.760447,-2.045688,-5.015138,1.521089,-3.128427,3.128427,3.000000,5.240737,-0.004785,0.001451,0.005203,0.000369,-0.000585,0.479570,0.019672,0.452497,0.189576,0.021951,0.420981,-0.046040,-0.562315
13.881000,-4.855695,0.756370,-2.173371,-4.876677,1.517012,-3.256110,3.256110,3.000000,5.107182,-0.004774,0.001485,0.004650,-0.000835,0.000057,0.479623,0.019671,0.452489,0.189523,0.021967,0.420981,-0.046040,-0.567613
13.892000,-4.877792,0.722071,-2.232421,-4.898774,1.482713,-3.315160,3.315160,3.000000,5.118244,-0.004786,0.001448,0.005885,-0.000293,0.000563,0.479683,0.019670,0.452490,0.189471,0.021983,0.420981,-0.046040,-0.571925
13.903000,-5.090248,0.742964,-2.281285,-5.111230,1.503606,-3.364024,3.364024,3.000000,5.327805,-0.004797,0.001411,0.006550,-0.000247,0.001132,0.479753,0.019672,0.452492,0.189418,0.021999,0.420981,-0.046040,-0.576803
13.914000,-5.399585,0.724540,-2.266788,-5.420567,1.485182,-3.349527,3.349527,3.000000,5.620348,-0.004822,0.001321,0.007512,-0.000242,-0.000209,0.479832,0.019671,0.452491,0.189365,0.022014,0.420981,-0.046040,-0.565398
13.925000,-5.685706,0.756850,-2.162215,-5.706687,1.517492,-3.244954,3.244954,3.000000,5.905003,-0.004832,0.001285,0.008481,-0.000463,-0.000079,0.479922,0.019672,0.452486,0.189312,0.022028,0.420981,-0.046040,-0.566417
13.936000,-5.646999,0.717319,-2.121669,-5.667981,1.477961,-3.204408,3.204408,3.000000,5.857506,-0.004838,0.001262,0.008579,0.000439,-0.000372,0.480015,0.019675,0.452481,0.189259,0.022042,0.420981,-0.046040,-0.563840
13.947000,-5.424779,0.723362,-2.124499,-5.445761,1.484004,-3.207238,3.207238,3.000000,5.644340,-0.004824,0.001315,0.008225,0.000983,-0.000514,0.480108,0.019677,0.452478,0.189206,0.022056,0.420981,-0.046040,-0.562593
13.958000,-5.130877,0.737373,-2.166991,-5.151859,1.498015,-3.249730,3.249730,3.000000,5.365231,-0.004801,0.001396,0.008428,-0.000266,0.000065,0.480201,0.019675,0.452484,0.189153,0.022071,0.420981,-0.046040,-0.567608
13.969000,-5.001563,0.711000,-2.129384,-5.022545,1.471642,-3.212123,3.212123,3.000000,5.233707,-0.004798,0.001406,0.008431,0.000083,0.000719,0.480293,0.019676,0.452489,0.189100,0.022087,0.420981,-0.046040,-0.573245
13.980000,-4.936656,0.697421,-2.088126,-4.957638,1.458063,-3.170865,3.170865,3.000000,5.167603,-0.004797,0.001411,0.009187,-0.000328,0.001672,0.480390,0.019678,0.452498,0.189047,0.022102,0.420981,-0.046040,-0.581492
13.991000,-5.076611,0.669504,-1.987822,-5.097593,1.430146,-3.070561,3.070561,3.000000,5.294409,-0.004814,0.001351,0.009503,0.000084,0.000875,0.480495,0.019679,0.452501,0.188994,0.022118,0.420981,-0.046040,-0.574778
14.002000,-5.208577,0.685573,-1.883198,-5.229559,1.446215,-2.965938,2.965938,3.000000,5.425848,-0.004819,0.001333,0.009514,0.000107,-0.000260,0.480601,0.019679,0.452493,0.188941,0.022132,0.420981,-0.046040,-0.565012
14.013000,-5.112864,0.668821,-1.835772,-5.133846,1.429463,-2.918511,2.918511,3.000000,5.329140,-0.004817,0.001341,0.010210,-0.000295,-0.000246,0.480711,0.019678,0.452492,0.188888,0.022147,0.420981,-0.046040,-0.565114
14.024000,-4.991999,0.667473,-1.830810,-5.012981,1.428115,-2.913549,2.913549,3.000000,5.212436,-0.004809,0.001370,0.010422,-0.000615,0.000066,0.480824,0.019676,0.452495,0.188835,0.022162,0.420981,-0.046040,-0.567818
14.035000,-4.910376,0.723942,-1.881078,-4.931358,1.484584,-2.963817,2.963817,3.000000,5.149979,-0.004788,0.001441,0.010714,0.000583,0.000618,0.480941,0.019679,0.452506,0.188783,0.022178,0.420981,-0.046040,-0.572683
14.046000,-4.947258,0.679493,-2.000510,-4.968239,1.440135,-3.083250,3.083250,3.000000,5.172755,-0.004802,0.001392,0.011632,-0.000303,0.001745,0.481070,0.019680,0.452536,0.188730,0.022193,0.420981,-0.046040,-0.582790
14.057000,-5.114943,0.641956,-2.097919,-5.135925,1.402598,-3.180658,3.180658,3.000000,5.324003,-0.004823,0.001317,0.013001,0.000306,0.003956,0.481206,0.019685,0.452573,0.188677,0.022208,0.420981,-0.046040,-0.602218
14.068000,-5.419893,0.584449,-2.063208,-5.440875,1.345091,-3.145947,3.145947,3.000000,5.604675,-0.004854,0.001200,0.014790,0.000076,0.002321,0.481365,0.019693,0.452602,0.188624,0.022222,0.420981,-0.046040,-0.588869
14.079000,-5.697192,0.675357,-2.041422,-5.718174,1.435999,-3.124162,3.124162,3.000000,5.895728,-0.004849,0.001218,0.016584,-0.000282,0.004187,0.481541,0.019695,0.452651,0.188570,0.022235,0.420981,-0.046040,-0.605591
14.090000,-5.740516,0.647838,-1.953353,-5.761498,1.408480,-3.036092,3.036092,3.000000,5.931162,-0.004857,0.001187,0.017435,-0.000546,0.003529,0.481730,0.019692,0.452697,0.188517,0.022248,0.420981,-0.046040,-0.600822
14.101000,-5.452452,0.653129,-1.909677,-5.473434,1.413771,-2.992416,2.992416,3.000000,5.653073,-0.004841,0.001250,0.018266,-0.000311,0.006363,0.481925,0.019693,0.452760,0.188464,0.022262,0.420981,-0.046040,-0.626001
14.112000,-4.996575,0.633869,-1.857600,-5.017557,1.394511,-2.940339,2.940339,3.000000,5.207739,-0.004817,0.001339,0.018104,-0.000368,0.007130,0.482122,0.019692,0.452831,0.188410,0.022276,0.420981,-0.046040,-0.633807
14.123000,-4.721333,0.605124,-1.649596,-4.742315,1.365766,-2.732336,2.732336,3.000000,4.935065,-0.004805,0.001384,0.017613,0.000105,0.006863,0.482318,0.019695,0.452899,0.188358,0.022291,0.420981,-0.046040,-0.632746
14.134000,-4.682843,0.606061,-1.545642,-4.703825,1.366703,-2.628381,2.628381,3.000000,4.898351,-0.004801,0.001395,0.018277,0.000763,0.005184,0.482521,0.019704,0.452954,0.188305,0.022306,0.420981,-0.046040,-0.619498
14.145000,-4.964835,0.617336,-1.496045,-4.985817,1.377978,-2.578784,2.578784,3.000000,5.172735,-0.004819,0.001332,0.018014,0.000417,0.003785,0.482721,0.019709,0.452995,0.188252,0.022321,0.420981,-0.046040,-0.608367
14.156000,-5.328273,0.621320,-1.421535,-5.349255,1.381962,-2.504274,2.504274,3.000000,5.524884,-0.004841,0.001251,0.019103,0.000407,0.001243,0.482930,0.019714,0.453013,0.188199,0.022336,0.420981,-0.046040,-0.587113
14.167000,-5.581942,0.545990,-1.411421,-5.602924,1.306632,-2.494160,2.494160,3.000000,5.753264,-0.004869,0.001136,0.020125,-0.000491,0.001255,0.483151,0.019714,0.453021,0.188145,0.022348,0.420981,-0.046040,-0.587375
14.178000,-5.554640,0.579632,-1.416831,-5.575622,1.340274,-2.499570,2.499570,3.000000,5.734448,-0.004862,0.001169,0.020263,-0.000946,0.000597,0.483378,0.019713,0.453036,0.188092,0.022361,0.420981,-0.046040,-0.582050
14.189000,-5.320234,0.572055,-1.444956,-5.341216,1.332697,-2.527695,2.527695,3.000000,5.504968,-0.004851,0.001210,0.020348,-0.000971,0.001054,0.483601,0.019707,0.453051,0.188038,0.022374,0.420981,-0.046040,-0.586194
14.200000,-5.273250,0.565084,-1.492373,-5.294232,1.325726,-2.575112,2.575112,3.000000,5.457696,-0.004850,0.001215,0.020279,-0.000471,0.000477,0.483821,0.019704,0.453051,0.187985,0.022388,0.420981,-0.046040,-0.581306
14.211000,-5.406804,0.601710,-1.465600,-5.427786,1.362353,-2.548339,2.548339,3.000000,5.596147,-0.004850,0.001217,0.019403,0.000154,-0.001606,0.484035,0.019703,0.453037,0.187932,0.022401,0.420981,-0.046040,-0.563374
14.222000,-5.631985,0.603225,-1.389582,-5.652967,1.363867,-2.472321,2.472321,3.000000,5.815167,-0.004861,0.001173,0.018842,0.000208,-0.003589,0.484244,0.019709,0.453008,0.187878,0.022414,0.420981,-0.046040,-0.546023
14.233000,-5.903755,0.645773,-1.325792,-5.924737,1.406415,-2.408531,2.408531,3.000000,6.089377,-0.004865,0.001155,0.019750,-0.000124,-0.004526,0.484460,0.019710,0.452965,0.187825,0.022427,0.420981,-0.046040,-0.537306
14.244000,-6.032318,0.606069,-1.351970,-6.053300,1.366711,-2.434709,2.434709,3.000000,6.205670,-0.004877,0.001101,0.019744,-0.000776,-0.003749,0.484676,0.019712,0.452926,0.187771,0.022440,0.420981,-0.046040,-0.543186
14.255000,-5.665637,0.560111,-1.540654,-5.686619,1.320753,-2.623393,2.623393,3.000000,5.837981,-0.004870,0.001131,0.018927,0.000766,-0.002275,0.484888,0.019723,0.452901,0.187718,0.022452,0.420981,-0.046040,-0.555257
14.266000,-5.269381,0.489847,-1.656622,-5.290363,1.250490,-2.739361,2.739361,3.000000,5.436144,-0.004866,0.001150,0.018200,0.000816,-0.000426,0.485090,0.019729,0.452891,0.187664,0.022464,0.420981,-0.046040,-0.570758
14.277000,-5.168095,0.421113,-1.827566,-5.189077,1.181755,-2.910305,2.910305,3.000000,5.321942,-0.004875,0.001110,0.018359,-0.001049,-0.000972,0.485290,0.019725,0.452890,0.187610,0.022477,0.420981,-0.046040,-0.566103
14.288000,-5.439539,0.474240,-1.752448,-5.460521,1.234882,-2.835187,2.835187,3.000000,5.598412,-0.004877,0.001103,0.017827,-0.000695,-0.001761,0.485483,0.019725,0.452880,0.187557,0.022489,0.420981,-0.046040,-0.559246
14.299000,-5.832292,0.439823,-1.570046,-5.853274,1.200465,-2.652785,2.652785,3.000000,5.975110,-0.004898,0.001005,0.018342,0.000664,-0.002794,0.485678,0.019726,0.452852,0.187503,0.022501,0.420981,-0.046040,-0.549969
14.310000,-6.103829,0.517990,-1.424586,-6.124811,1.278632,-2.507325,2.507325,3.000000,6.256853,-0.004894,0.001022,0.017982,-0.000459,-0.004750,0.485878,0.019720,0.452805,0.187449,0.022512,0.420981,-0.046040,-0.532525
14.321000,-5.785947,0.522442,-1.451520,-5.806929,1.283084,-2.534259,2.534259,3.000000,5.946993,-0.004882,0.001079,0.015929,-0.000606,-0.002867,0.486064,0.019718,0.452774,0.187395,0.022523,0.420981,-0.046040,-0.547946
14.332000,-5.165519,0.469790,-1.588721,-5.186501,1.230432,-2.671460,2.671460,3.000000,5.330456,-0.004865,0.001154,0.015790,-0.000535,0.000081,0.486237,0.019718,0.452763,0.187342,0.022536,0.420981,-0.046040,-0.572762
14.343000,-4.976535,0.450152,-1.657129,-4.997516,1.210794,-2.739869,2.739869,3.000000,5.142100,-0.004859,0.001177,0.015522,0.000053,-0.001052,0.486407,0.019719,0.452748,0.187288,0.022549,0.420981,-0.046040,-0.562878
14.354000,-4.989681,0.386153,-1.677580,-5.010663,1.146795,-2.760319,2.760319,3.000000,5.140222,-0.004874,0.001116,0.015510,0.001172,-0.000198,0.486577,0.019729,0.452749,0.187235,0.022561,0.420981,-0.046040,-0.570145
14.365000,-5.337817,0.396450,-1.620326,-5.358799,1.157093,-2.703065,2.703065,3.000000,5.482298,-0.004887,0.001055,0.015694,-0.000594,-0.002094,0.486749,0.019729,0.452732,0.187181,0.022573,0.420981,-0.046040,-0.553748
14.376000,-5.745399,0.443497,-1.521238,-5.766381,1.204139,-2.603977,2.603977,3.000000,5.890764,-0.004894,0.001022,0.015972,-0.000485,-0.003195,0.486929,0.019728,0.452693,0.187127,0.022584,0.420981,-0.046040,-0.543712
14.387000,-5.844824,0.459215,-1.554298,-5.865806,1.219857,-2.637037,2.637037,3.000000,5.991305,-0.004895,0.001018,0.015677,-0.000692,-0.004087,0.487103,0.019727,0.452650,0.187073,0.022596,0.420981,-0.046040,-0.535358
14.398000,-5.543643,0.483911,-1.730353,-5.564625,1.244554,-2.813092,2.813092,3.000000,5.702101,-0.004879,0.001091,0.015394,-0.000384,-0.003695,0.487276,0.019724,0.452609,0.187020,0.022607,0.420981,-0.046040,-0.537946
14.409000,-5.113806,0.468187,-1.871764,-5.134788,1.228829,-2.954503,2.954503,3.000000,5.279779,-0.004863,0.001164,0.013980,0.000135,-0.003237,0.487431,0.019723,0.452572,0.186966,0.022620,0.420981,-0.046040,-0.541163
14.420000,-4.859923,0.417965,-1.917691,-4.880905,1.178607,-3.000430,3.000430,3.000000,5.021190,-0.004860,0.001174,0.013593,0.000736,-0.003676,0.487583,0.019725,0.452533,0.186913,0.022633,0.420981,-0.046040,-0.536735
14.431000,-4.854664,0.362859,-1.903896,-4.875646,1.123501,-2.986635,2.986635,3.000000,5.003416,-0.004872,0.001123,0.013216,-0.000438,-0.004988,0.487727,0.019726,0.452484,0.186859,0.022645,0.420981,-0.046040,-0.524732
14.442000,-5.050577,0.375637,-1.922966,-5.071559,1.136279,-3.005705,3.005705,3.000000,5.197292,-0.004879,0.001093,0.013072,0.000028,-0.005550,0.487868,0.019731,0.452429,0.186805,0.022657,0.420981,-0.046040,-0.518972
14.453000,-5.345248,0.305551,-1.915490,-5.366230,1.066193,-2.998229,2.998229,3.000000,5.471123,-0.004904,0.000974,0.013004,0.000316,-0.005575,0.488008,0.019737,0.452370,0.186752,0.022669,0.420981,-0.046040,-0.517689
14.464000,-5.573392,0.336885,-2.013966,-5.594374,1.097527,-3.096705,3.096705,3.000000,5.701017,-0.004906,0.000963,0.013351,0.000415,-0.005637,0.488155,0.019742,0.452307,0.186698,0.022679,0.420981,-0.046040,-0.516027
14.475000,-5.711663,0.363365,-2.142860,-5.732645,1.124007,-3.225599,3.225599,3.000000,5.841799,-0.004907,0.000962,0.013752,-0.000368,-0.006025,0.488306,0.019737,0.452242,0.186644,0.022690,0.420981,-0.046040,-0.511574
14.486000,-5.479772,0.322398,-2.313991,-5.500754,1.083040,-3.396730,3.396730,3.000000,5.606360,-0.004906,0.000966,0.013411,0.000172,-0.003849,0.488452,0.019735,0.452199,0.186590,0.022700,0.420981,-0.046040,-0.529257
14.497000,-5.042063,0.332299,-2.494811,-5.063045,1.092941,-3.577550,3.577550,3.000000,5.179666,-0.004887,0.001055,0.012806,-0.000406,-0.002485,0.488593,0.019729,0.452172,0.186536,0.022711,0.420981,-0.046040,-0.540354
14.508000,-4.827859,0.401957,-2.503815,-4.848841,1.162599,-3.586555,3.586555,3.000000,4.986270,-0.004862,0.001166,0.012852,0.000108,-0.002127,0.488730,0.019722,0.452155,0.186482,0.022724,0.420981,-0.046040,-0.543091
14.519000,-4.857606,0.461691,-2.429136,-4.878588,1.222333,-3.511875,3.511875,3.000000,5.029386,-0.004850,0.001215,0.012306,-0.000213,-0.002421,0.488867,0.019713,0.452140,0.186429,0.022737,0.420981,-0.046040,-0.540324
14.530000,-4.918983,0.486555,-2.437288,-4.939965,1.247197,-3.520027,3.520027,3.000000,5.094973,-0.004848,0.001224,0.012751,0.000741,-0.001698,0.489006,0.019713,0.452135,0.186376,0.022750,0.420981,-0.046040,-0.546362
14.541000,-5.083959,0.487102,-2.402434,-5.104941,1.247744,-3.485173,3.485173,3.000000,5.255215,-0.004857,0.001187,0.013782,-0.000337,-0.000125,0.489154,0.019712,0.452135,0.186322,0.022763,0.420981,-0.046040,-0.559708
14.552000,-5.173295,0.531163,-2.426754,-5.194277,1.291805,-3.509493,3.509493,3.000000,5.352501,-0.004852,0.001207,0.013761,0.000755,0.000921,0.489306,0.019720,0.452147,0.186269,0.022777,0.420981,-0.046040,-0.568796
14.563000,-5.029104,0.570247,-2.541964,-5.050086,1.330889,-3.624703,3.624703,3.000000,5.222512,-0.004835,0.001274,0.014331,-0.000025,0.003723,0.489462,0.019723,0.452183,0.186215,0.022790,0.420981,-0.046040,-0.593218
14.574000,-4.953762,0.574265,-2.608761,-4.974744,1.334907,-3.691500,3.691500,3.000000,5.150733,-0.004829,0.001296,0.015525,-0.000943,0.005290,0.489629,0.019722,0.452240,0.186162,0.022805,0.420981,-0.046040,-0.607549
14.585000,-5.067461,0.614067,-2.601424,-5.088443,1.374709,-3.684164,3.684164,3.000000,5.270871,-0.004827,0.001304,0.016351,0.000145,0.006371,0.489808,0.019722,0.452315,0.186109,0.022819,0.420981,-0.046040,-0.618062
14.596000,-5.179743,0.646444,-2.551899,-5.200725,1.407086,-3.634638,3.634638,3.000000,5.387711,-0.004826,0.001306,0.017977,-0.001448,0.007943,0.490003,0.019716,0.452403,0.186056,0.022833,0.420981,-0.046040,-0.632984
14.607000,-5.139393,0.719109,-2.490187,-5.160375,1.479751,-3.572926,3.572926,3.000000,5.368346,-0.004806,0.001378,0.019270,-0.000520,0.009704,0.490210,0.019713,0.452511,0.186003,0.022848,0.420981,-0.046040,-0.649878
14.618000,-4.921282,0.766383,-2.385296,-4.942263,1.527025,-3.468035,3.468035,3.000000,5.172792,-0.004777,0.001476,0.019419,0.000739,0.010201,0.490423,0.019707,0.452632,0.185950,0.022864,0.420981,-0.046040,-0.656276
14.629000,-4.654980,0.844167,-2.206790,-4.675962,1.604809,-3.289529,3.289529,3.000000,4.943686,-0.004729,0.001623,0.019178,-0.000443,0.011621,0.490637,0.019698,0.452765,0.185898,0.022881,0.420981,-0.046040,-0.670721
14.640000,-4.407847,0.817237,-1.979190,-4.428829,1.577879,-3.061929,3.061929,3.000000,4.701514,-0.004710,0.001678,0.019707,-0.000191,0.011900,0.490854,0.019700,0.452901,0.185846,0.022899,0.420981,-0.046040,-0.675531
14.651000,-4.452923,0.924265,-1.791280,-4.473905,1.684908,-2.874019,2.874019,3.000000,4.780663,-0.004679,0.001762,0.019252,0.000182,0.010695,0.491066,0.019700,0.453022,0.185795,0.022918,0.420981,-0.046040,-0.667477
14.662000,-4.588277,0.942485,-1.710579,-4.609259,1.703127,-2.793319,2.793319,3.000000,4.913848,-0.004690,0.001733,0.019487,0.000783,0.009740,0.491280,0.019702,0.453127,0.185743,0.022937,0.420981,-0.046040,-0.661263
14.673000,-4.740910,0.960821,-1.764765,-4.761892,1.721463,-2.847504,2.847504,3.000000,5.063502,-0.004702,0.001700,0.019957,0.000055,0.009100,0.491497,0.019701,0.453228,0.185691,0.022956,0.420981,-0.046040,-0.657658
14.684000,-4.780187,1.019545,-1.734834,-4.801169,1.780187,-2.817573,2.817573,3.000000,5.120575,-0.004688,0.001738,0.020138,0.000766,0.009035,0.491713,0.019701,0.453327,0.185640,0.022975,0.420981,-0.046040,-0.658881
14.695000,-4.698111,1.005155,-1.645911,-4.719092,1.765797,-2.728650,2.728650,3.000000,5.038638,-0.004683,0.001752,0.018906,-0.000111,0.006604,0.491932,0.019698,0.453410,0.185588,0.022994,0.420981,-0.046040,-0.639760
14.706000,-4.447610,1.052738,-1.652720,-4.468592,1.813380,-2.735459,2.735459,3.000000,4.822516,-0.004633,0.001880,0.018258,-0.000771,0.007672,0.492141,0.019691,0.453502,0.185537,0.023014,0.420981,-0.046040,-0.650471
14.717000,-4.415197,1.033243,-1.608505,-4.436179,1.793885,-2.691244,2.691244,3.000000,4.785155,-0.004635,0.001874,0.017831,-0.000153,0.006420,0.492342,0.019687,0.453573,0.185486,0.023035,0.420981,-0.046040,-0.641129
14.728000,-4.652491,1.085938,-1.466917,-4.673473,1.846580,-2.549656,2.549656,3.000000,5.025058,-0.004650,0.001837,0.018117,-0.000351,0.005495,0.492541,0.019681,0.453629,0.185435,0.023055,0.420981,-0.046040,-0.634289
14.739000,-4.902507,1.023836,-1.426170,-4.923489,1.784478,-2.508909,2.508909,3.000000,5.236899,-0.004701,0.001704,0.018165,0.000759,0.005199,0.492738,0.019686,0.453676,0.185384,0.023075,0.420981,-0.046040,-0.632618
14.750000,-4.893929,0.946203,-1.534590,-4.914911,1.706845,-2.617329,2.617329,3.000000,5.202852,-0.004723,0.001640,0.017366,0.000187,0.004968,0.492932,0.019687,0.453721,0.185332,0.023093,0.420981,-0.046040,-0.631466
14.761000,-4.818252,0.909872,-1.487168,-4.839234,1.670514,-2.569907,2.569907,3.000000,5.119454,-0.004726,0.001632,0.017097,0.000493,0.003768,0.493121,0.019693,0.453765,0.185280,0.023111,0.420981,-0.046040,-0.622084
14.772000,-4.750991,0.910843,-1.482267,-4.771973,1.671485,-2.565006,2.565006,3.000000,5.056242,-0.004719,0.001653,0.016935,0.000351,0.004590,0.493307,0.019695,0.453809,0.185228,0.023129,0.420981,-0.046040,-0.629852
14.783000,-4.600481,0.900973,-1.544738,-4.621463,1.661615,-2.627477,2.627477,3.000000,4.911098,-0.004705,0.001692,0.015660,0.000428,0.005464,0.493481,0.019696,0.453854,0.185176,0.023148,0.420981,-0.046040,-0.638072
14.794000,-4.423753,0.848313,-1.653688,-4.444735,1.608955,-2.736427,2.736427,3.000000,4.726987,-0.004701,0.001702,0.014288,-0.000557,0.004257,0.493641,0.019692,0.453900,0.185124,0.023166,0.420981,-0.046040,-0.628657
14.805000,-4.555396,0.898469,-1.537532,-4.576378,1.659111,-2.620271,2.620271,3.000000,4.867842,-0.004701,0.001704,0.014080,-0.001121,0.003524,0.493795,0.019689,0.453937,0.185073,0.023185,0.420981,-0.046040,-0.623104
14.816000,-4.862527,0.899822,-1.452946,-4.883509,1.660464,-2.535686,2.535686,3.000000,5.158082,-0.004734,0.001610,0.013897,0.000434,0.003413,0.493947,0.019689,0.453966,0.185021,0.023203,0.420981,-0.046040,-0.622693
14.827000,-5.167625,0.916335,-1.426987,-5.188607,1.676977,-2.509727,2.509727,3.000000,5.452879,-0.004758,0.001538,0.014012,-0.000351,0.002041,0.494100,0.019690,0.453991,0.184968,0.023221,0.420981,-0.046040,-0.611496
14.838000,-5.333703,0.937888,-1.350328,-5.354685,1.698530,-2.433067,2.433067,3.000000,5.617620,-0.004766,0.001512,0.014651,0.000031,0.001627,0.494259,0.019694,0.454006,0.184916,0.023237,0.420981,-0.046040,-0.608251
14.849000,-5.181835,0.908819,-1.424753,-5.202817,1.669461,-2.507492,2.507492,3.000000,5.464101,-0.004761,0.001528,0.014056,0.001742,0.003141,0.494412,0.019701,0.454040,0.184864,0.023254,0.420981,-0.046040,-0.621714
14.860000,-4.860370,0.926199,-1.487599,-4.881352,1.686841,-2.570339,2.570339,3.000000,5.164593,-0.004726,0.001633,0.013780,-0.000230,0.004206,0.494569,0.019696,0.454084,0.184811,0.023271,0.420981,-0.046040,-0.631546
14.871000,-4.754892,0.956259,-1.501817,-4.775874,1.716901,-2.584556,2.584556,3.000000,5.075108,-0.004705,0.001691,0.014128,0.000412,0.005284,0.494724,0.019696,0.454133,0.184760,0.023290,0.420981,-0.046040,-0.641567
14.882000,-4.697592,0.974634,-1.501412,-4.718574,1.735276,-2.584151,2.584151,3.000000,5.027536,-0.004693,0.001726,0.013372,0.000349,0.004525,0.494873,0.019693,0.454178,0.184708,0.023309,0.420981,-0.046040,-0.635929
14.893000,-4.753568,0.912989,-1.462624,-4.774550,1.673631,-2.545363,2.545363,3.000000,5.059384,-0.004719,0.001654,0.012914,-0.001311,0.004433,0.495015,0.019691,0.454216,0.184656,0.023327,0.420981,-0.046040,-0.635844
14.904000,-4.864873,0.880823,-1.474385,-4.885855,1.641465,-2.557124,2.557124,3.000000,5.154220,-0.004740,0.001592,0.011671,0.001156,0.003439,0.495148,0.019699,0.454252,0.184604,0.023345,0.420981,-0.046040,-0.628053
14.915000,-4.961315,0.857999,-1.571875,-4.982297,1.618641,-2.654614,2.654614,3.000000,5.238633,-0.004755,0.001545,0.011331,0.000075,0.002611,0.495270,0.019705,0.454280,0.184552,0.023362,0.420981,-0.046040,-0.621529
14.926000,-5.273980,0.819783,-1.589138,-5.294962,1.580425,-2.671877,2.671877,3.000000,5.525791,-0.004791,0.001430,0.011100,0.000568,0.001770,0.495396,0.019715,0.454300,0.184499,0.023379,0.420981,-0.046040,-0.614748
14.937000,-5.467960,0.781712,-1.635983,-5.488942,1.542354,-2.718722,2.718722,3.000000,5.701521,-0.004814,0.001353,0.011002,0.000798,0.001236,0.495514,0.019724,0.454308,0.184447,0.023394,0.420981,-0.046040,-0.610369
14.948000,-5.562764,0.770108,-1.674564,-5.583746,1.530750,-2.757303,2.757303,3.000000,5.789768,-0.004822,0.001322,0.010247,0.000256,0.000669,0.495625,0.019722,0.454315,0.184394,0.023409,0.420981,-0.046040,-0.605687
14.959000,-5.480314,0.764154,-1.735563,-5.501296,1.524796,-2.818302,2.818302,3.000000,5.708701,-0.004818,0.001336,0.009703,-0.000968,-0.000387,0.495734,0.019719,0.454316,0.184341,0.023423,0.420981,-0.046040,-0.596744
14.970000,-5.336171,0.718091,-1.874739,-5.357153,1.478733,-2.957479,2.957479,3.000000,5.557494,-0.004820,0.001330,0.009137,-0.000557,0.000158,0.495838,0.019719,0.454324,0.184288,0.023438,0.420981,-0.046040,-0.601510
14.981000,-5.206938,0.688656,-1.979756,-5.227920,1.449298,-3.062495,3.062495,3.000000,5.425091,-0.004818,0.001336,0.009000,0.000487,0.001463,0.495938,0.019720,0.454335,0.184235,0.023453,0.420981,-0.046040,-0.612780
14.992000,-5.202796,0.656723,-1.990586,-5.223778,1.417365,-3.073325,3.073325,3.000000,5.412650,-0.004826,0.001309,0.008797,-0.000589,-0.000208,0.496034,0.019719,0.454334,0.184181,0.023467,0.420981,-0.046040,-0.598584
15.003000,-5.243126,0.702091,-1.957478,-5.264108,1.462733,-3.040217,3.040217,3.000000,5.463554,-0.004817,0.001339,0.007906,0.000354,-0.001053,0.496126,0.019718,0.454327,0.184128,0.023482,0.420981,-0.046040,-0.591295
15.014000,-5.265925,0.696168,-1.945322,-5.286907,1.456810,-3.028061,3.028061,3.000000,5.483947,-0.004820,0.001328,0.008007,-0.000997,-0.001166,0.496215,0.019714,0.454311,0.184075,0.023496,0.420981,-0.046040,-0.590044
15.025000,-5.157357,0.692109,-1.902420,-5.178339,1.452751,-2.985159,2.985159,3.000000,5.378260,-0.004814,0.001351,0.006835,0.000419,-0.001356,0.496292,0.019716,0.454286,0.184022,0.023511,0.420981,-0.046040,-0.587977
15.036000,-4.859999,0.710058,-1.893766,-4.880981,1.470700,-2.976505,2.976505,3.000000,5.097738,-0.004787,0.001443,0.005855,-0.000341,-0.002769,0.496359,0.019710,0.454256,0.183970,0.023526,0.420981,-0.046040,-0.575456
15.047000,-4.528445,0.704576,-1.952383,-4.549427,1.465218,-3.035122,3.035122,3.000000,4.779555,-0.004759,0.001533,0.004934,-0.000962,-0.002851,0.496412,0.019703,0.454232,0.183917,0.023543,0.420981,-0.046040,-0.574321
15.058000,-4.320456,0.732198,-1.951116,-4.341438,1.492840,-3.033855,3.033855,3.000000,4.590932,-0.004728,0.001626,0.003545,-0.000320,-0.002624,0.496455,0.019705,0.454204,0.183865,0.023560,0.420981,-0.046040,-0.575751
15.069000,-4.293702,0.724687,-1.940331,-4.314684,1.485329,-3.023070,3.023070,3.000000,4.563190,-0.004728,0.001628,0.003229,-0.000686,-0.003314,0.496494,0.019705,0.454174,0.183813,0.023578,0.420981,-0.046040,-0.569350
15.080000,-4.358364,0.696433,-1.956689,-4.379346,1.457075,-3.039428,3.039428,3.000000,4.615380,-0.004744,0.001578,0.003497,0.000524,-0.001182,0.496530,0.019712,0.454154,0.183761,0.023596,0.420981,-0.046040,-0.587085
15.091000,-4.462160,0.707837,-2.077117,-4.483142,1.468479,-3.159856,3.159856,3.000000,4.717519,-0.004752,0.001556,0.003565,0.000397,-0.001089,0.496568,0.019712,0.454132,0.183709,0.023613,0.420981,-0.046040,-0.587465
15.102000,-4.598508,0.718849,-2.090629,-4.619490,1.479491,-3.173368,3.173368,3.000000,4.850627,-0.004762,0.001525,0.003833,0.000185,-0.001174,0.496609,0.019714,0.454113,0.183656,0.023630,0.420981,-0.046040,-0.586412
15.113000,-4.618442,0.731320,-2.149365,-4.639424,1.491962,-3.232104,3.232104,3.000000,4.873418,-0.004760,0.001531,0.003350,-0.000089,-0.000843,0.496647,0.019711,0.454103,0.183604,0.023647,0.420981,-0.046040,-0.589034
15.124000,-4.563219,0.761714,-2.107009,-4.584201,1.522356,-3.189748,3.189748,3.000000,4.830369,-0.004745,0.001576,0.002995,-0.000129,-0.000371,0.496682,0.019707,0.454091,0.183552,0.023664,0.420981,-0.046040,-0.592823
15.135000,-4.424920,0.732227,-2.136419,-4.445902,1.492869,-3.219158,3.219158,3.000000,4.689851,-0.004740,0.001592,0.002822,-0.000038,0.000984,0.496714,0.019703,0.454087,0.183499,0.023681,0.420981,-0.046040,-0.604250
15.146000,-4.335915,0.716193,-2.106702,-4.356897,1.476836,-3.189441,3.189441,3.000000,4.600390,-0.004735,0.001605,0.002222,-0.000440,0.000213,0.496741,0.019702,0.454082,0.183447,0.023699,0.420981,-0.046040,-0.597614
15.157000,-4.229789,0.686802,-2.109258,-4.250771,1.447444,-3.191997,3.191997,3.000000,4.490451,-0.004733,0.001612,0.002425,-0.000497,-0.000106,0.496766,0.019704,0.454080,0.183395,0.023716,0.420981,-0.046040,-0.594871
15.168000,-4.225979,0.730877,-2.085550,-4.246961,1.491519,-3.168289,3.168289,3.000000,4.501256,-0.004718,0.001657,0.002252,0.000015,0.000327,0.496790,0.019708,0.454085,0.183343,0.023735,0.420981,-0.046040,-0.598640
15.179000,-4.293190,0.715766,-2.092902,-4.314172,1.476408,-3.175641,3.175641,3.000000,4.559809,-0.004731,0.001619,0.002216,0.001028,0.000505,0.496814,0.019716,0.454095,0.183291,0.023753,0.420981,-0.046040,-0.600338
15.190000,-4.446803,0.715690,-2.166901,-4.467785,1.476332,-3.249641,3.249641,3.000000,4.705387,-0.004748,0.001569,0.002948,0.000446,0.002366,0.496844,0.019715,0.454121,0.183239,0.023770,0.420981,-0.046040,-0.616583
15.201000,-4.667362,0.664582,-2.186663,-4.688344,1.425224,-3.269402,3.269402,3.000000,4.900187,-0.004784,0.001454,0.003475,-0.000223,0.002459,0.496880,0.019713,0.454146,0.183187,0.023787,0.420981,-0.046040,-0.617820
15.212000,-4.795702,0.765959,-2.207910,-4.816684,1.526601,-3.290650,3.290650,3.000000,5.052816,-0.004766,0.001511,0.003782,-0.000609,0.002635,0.496922,0.019712,0.454176,0.183134,0.023803,0.420981,-0.046040,-0.619864
15.223000,-4.850507,0.757626,-2.209217,-4.871489,1.518268,-3.291956,3.291956,3.000000,5.102602,-0.004774,0.001488,0.004121,-0.000678,0.004059,0.496969,0.019708,0.454213,0.183082,0.023820,0.420981,-0.046040,-0.632619
15.234000,-4.937925,0.767823,-2.104621,-4.958907,1.528465,-3.187360,3.187360,3.000000,5.189120,-0.004778,0.001473,0.004318,0.000307,0.002113,0.497016,0.019711,0.454243,0.183029,0.023836,0.420981,-0.046040,-0.616628
15.245000,-4.815197,0.737851,-2.038237,-4.836179,1.498493,-3.120976,3.120976,3.000000,5.063013,-0.004776,0.001480,0.004662,0.000193,0.003635,0.497065,0.019712,0.454280,0.182977,0.023852,0.420981,-0.046040,-0.630228
15.256000,-4.715316,0.756739,-1.963281,-4.736298,1.517381,-3.046020,3.046020,3.000000,4.973426,-0.004762,0.001525,0.004711,0.000567,0.003966,0.497113,0.019715,0.454317,0.182924,0.023869,0.420981,-0.046040,-0.633702
15.267000,-4.552641,0.780945,-2.014436,-4.573623,1.541587,-3.097175,3.097175,3.000000,4.826439,-0.004738,0.001597,0.004363,0.000858,0.004386,0.497162,0.019718,0.454356,0.182872,0.023886,0.420981,-0.046040,-0.637969
15.278000,-4.469105,0.730107,-2.060715,-4.490087,1.490749,-3.143454,3.143454,3.000000,4.731090,-0.004745,0.001575,0.004305,0.000241,0.004177,0.497211,0.019718,0.454401,0.182820,0.023903,0.420981,-0.046040,-0.636993
15.289000,-4.495338,0.696459,-2.064964,-4.516320,1.457101,-3.147703,3.147703,3.000000,4.745554,-0.004758,0.001535,0.004815,-0.000282,0.004302,0.497263,0.019718,0.454450,0.182768,0.023920,0.420981,-0.046040,-0.638946
15.300000,-4.536612,0.676143,-2.068248,-4.557594,1.436785,-3.150987,3.150987,3.000000,4.778704,-0.004769,0.001503,0.005390,0.001568,0.006328,0.497320,0.019725,0.454507,0.182715,0.023937,0.420981,-0.046040,-0.657163
15.311000,-4.759809,0.656086,-2.083802,-4.780791,1.416728,-3.166541,3.166541,3.000000,4.986289,-0.004794,0.001421,0.006124,0.000780,0.005113,0.497386,0.019725,0.454560,0.182663,0.023953,0.420981,-0.046040,-0.647795
15.322000,-4.928040,0.722099,-2.081490,-4.949021,1.482741,-3.164229,3.164229,3.000000,5.166366,-0.004790,0.001435,0.006883,-0.000748,0.005645,0.497462,0.019725,0.454623,0.182610,0.023969,0.420981,-0.046040,-0.653456
15.333000,-5.035956,0.699046,-2.026570,-5.056938,1.459688,-3.109309,3.109309,3.000000,5.263394,-0.004804,0.001387,0.007451,0.000578,0.005055,0.497545,0.019731,0.454690,0.182557,0.023984,0.420981,-0.046040,-0.649658
15.344000,-5.013997,0.720036,-2.066990,-5.034979,1.480678,-3.149730,3.149730,3.000000,5.248183,-0.004797,0.001411,0.008364,-0.000723,0.007909,0.497636,0.019729,0.454772,0.182504,0.024000,0.420981,-0.046040,-0.675347
15.355000,-4.779267,0.705461,-2.146446,-4.800249,1.466103,-3.229186,3.229186,3.000000,5.019148,-0.004782,0.001461,0.008698,0.000601,0.007075,0.497729,0.019731,0.454855,0.182452,0.024016,0.420981,-0.046040,-0.669767
15.366000,-4.636574,0.709133,-2.084541,-4.657556,1.469775,-3.167280,3.167280,3.000000,4.883960,-0.004768,0.001505,0.008643,-0.000000,0.007856,0.497826,0.019730,0.454951,0.182399,0.024032,0.420981,-0.046040,-0.678114
15.377000,-4.494050,0.715180,-2.091355,-4.515032,1.475822,-3.174094,3.174094,3.000000,4.750112,-0.004753,0.001553,0.008571,-0.000073,0.009729,0.497924,0.019729,0.455049,0.182347,0.024049,0.420981,-0.046040,-0.695777
15.388000,-4.462508,0.667790,-2.030101,-4.483490,1.428432,-3.112840,3.112840,3.000000,4.705539,-0.004764,0.001518,0.009862,-0.000020,0.008567,0.498032,0.019731,0.455151,0.182295,0.024066,0.420981,-0.046040,-0.687750
15.399000,-4.420340,0.667291,-2.049908,-4.441322,1.427933,-3.132648,3.132648,3.000000,4.665226,-0.004760,0.001530,0.010402,0.000174,0.010359,0.498147,0.019737,0.455264,0.182242,0.024083,0.420981,-0.046040,-0.704984
15.410000,-4.424810,0.690114,-2.005060,-4.445792,1.450756,-3.087799,3.087799,3.000000,4.676511,-0.004753,0.001551,0.012078,0.000755,0.012548,0.498272,0.019744,0.455388,0.182190,0.024099,0.420981,-0.046040,-0.725796
15.421000,-4.421922,0.722799,-1.942994,-4.442904,1.483441,-3.025733,3.025733,3.000000,4.684015,-0.004743,0.001584,0.012629,0.001515,0.012161,0.498407,0.019751,0.455518,0.182138,0.024117,0.420981,-0.046040,-0.724856
15.432000,-4.416412,0.693804,-1.823443,-4.437394,1.454446,-2.906182,2.906182,3.000000,4.669676,-0.004751,0.001557,0.013196,-0.000635,0.012712,0.498550,0.019747,0.455660,0.182085,0.024134,0.420981,-0.046040,-0.732078
15.443000,-4.397072,0.719067,-1.712351,-4.418054,1.479709,-2.795091,2.795091,3.000000,4.659264,-0.004741,0.001588,0.014167,-0.001027,0.012845,0.498700,0.019749,0.455802,0.182033,0.024151,0.420981,-0.046040,-0.735763
15.454000,-4.470952,0.711039,-1.613706,-4.491934,1.471681,-2.696445,2.696445,3.000000,4.726872,-0.004751,0.001557,0.014280,0.000548,0.012444,0.498858,0.019752,0.455939,0.181981,0.024169,0.420981,-0.046040,-0.734835
15.465000,-4.482881,0.692182,-1.626287,-4.503863,1.452824,-2.709026,2.709026,3.000000,4.732386,-0.004759,0.001535,0.013718,0.000546,0.011908,0.499012,0.019755,0.456074,0.181929,0.024186,0.420981,-0.046040,-0.732703
15.476000,-4.583308,0.701382,-1.610549,-4.604290,1.462024,-2.693288,2.693288,3.000000,4.830838,-0.004766,0.001513,0.013984,-0.000041,0.010103,0.499166,0.019757,0.456193,0.181876,0.024203,0.420981,-0.046040,-0.719529
15.487000,-4.827118,0.720676,-1.517736,-4.848100,1.481318,-2.600475,2.600475,3.000000,5.069357,-0.004782,0.001461,0.014706,0.000259,0.008499,0.499325,0.019762,0.456293,0.181824,0.024219,0.420981,-0.046040,-0.707725
15.498000,-4.994614,0.709062,-1.400929,-5.015596,1.469704,-2.483669,2.483669,3.000000,5.226494,-0.004798,0.001406,0.014985,-0.000065,0.007644,0.499487,0.019765,0.456384,0.181771,0.024235,0.420981,-0.046040,-0.702112
15.509000,-4.980940,0.709165,-1.409392,-5.001922,1.469807,-2.492131,2.492131,3.000000,5.213402,-0.004797,0.001410,0.014666,0.000074,0.007790,0.499651,0.019766,0.456470,0.181718,0.024250,0.420981,-0.046040,-0.704910
15.520000,-4.868459,0.739199,-1.454236,-4.889441,1.499841,-2.536975,2.536975,3.000000,5.114309,-0.004780,0.001466,0.015228,-0.000607,0.008227,0.499815,0.019767,0.456554,0.181666,0.024266,0.420981,-0.046040,-0.710127
15.531000,-4.797731,0.738457,-1.528612,-4.818713,1.499099,-2.611351,2.611351,3.000000,5.046513,-0.004774,0.001485,0.015302,0.000021,0.006060,0.499978,0.019767,0.456631,0.181613,0.024282,0.420981,-0.046040,-0.693115
15.542000,-4.932944,0.820020,-1.493776,-4.953926,1.580662,-2.576515,2.576515,3.000000,5.199988,-0.004763,0.001520,0.015569,-0.000619,0.005932,0.500143,0.019764,0.456693,0.181561,0.024299,0.420981,-0.046040,-0.693150
15.553000,-4.986991,0.746825,-1.437882,-5.007973,1.507467,-2.520622,2.520622,3.000000,5.229938,-0.004788,0.001441,0.014702,-0.000318,0.002899,0.500309,0.019761,0.456728,0.181508,0.024315,0.420981,-0.046040,-0.668051
15.564000,-5.027735,0.790302,-1.328715,-5.048717,1.550944,-2.411454,2.411454,3.000000,5.281569,-0.004780,0.001468,0.014766,0.000372,0.002202,0.500471,0.019760,0.456755,0.181456,0.024331,0.420981,-0.046040,-0.662614
15.575000,-5.011109,0.852400,-1.392055,-5.032091,1.613042,-2.474794,2.474794,3.000000,5.284302,-0.004761,0.001526,0.014879,0.000535,0.001139,0.500638,0.019755,0.456775,0.181403,0.024348,0.420981,-0.046040,-0.653963
15.586000,-5.080512,0.867798,-1.307651,-5.101494,1.628440,-2.390390,2.390390,3.000000,5.355096,-0.004763,0.001520,0.015241,-0.000126,0.000650,0.500805,0.019754,0.456783,0.181351,0.024364,0.420981,-0.046040,-0.649953
15.597000,-4.997736,0.848263,-1.303079,-5.018718,1.608905,-2.385818,2.385818,3.000000,5.270304,-0.004761,0.001526,0.014740,0.000801,-0.000514,0.500971,0.019759,0.456788,0.181298,0.024381,0.420981,-0.046040,-0.640162
15.608000,-5.017556,0.878779,-1.280882,-5.038538,1.639421,-2.363621,2.363621,3.000000,5.298544,-0.004755,0.001547,0.015912,0.000693,-0.000105,0.501144,0.019758,0.456782,0.181246,0.024398,0.420981,-0.046040,-0.643516
15.619000,-5.015454,0.876973,-1.321627,-5.036436,1.637615,-2.404366,2.404366,3.000000,5.295986,-0.004755,0.001546,0.015890,0.000420,-0.001688,0.501316,0.019756,0.456765,0.181194,0.024415,0.420981,-0.046040,-0.629787
15.630000,-5.043679,0.913006,-1.343276,-5.064661,1.673648,-2.426015,2.426015,3.000000,5.334031,-0.004747,0.001569,0.015959,-0.000220,-0.002957,0.501490,0.019752,0.456734,0.181141,0.024432,0.420981,-0.046040,-0.618455
15.641000,-4.997072,0.958252,-1.380587,-5.018054,1.718894,-2.463326,2.463326,3.000000,5.304288,-0.004730,0.001620,0.016310,0.000647,-0.003809,0.501674,0.019751,0.456695,0.181089,0.024450,0.420981,-0.046040,-0.610528
15.652000,-4.996737,0.975372,-1.292812,-5.017719,1.736014,-2.375551,2.375551,3.000000,5.309543,-0.004725,0.001635,0.015434,-0.000542,-0.004187,0.501846,0.019746,0.456648,0.181037,0.024467,0.420981,-0.046040,-0.606476
15.663000,-4.946538,0.951202,-1.331120,-4.967520,1.711844,-2.413859,2.413859,3.000000,5.254204,-0.004727,0.001629,0.016250,0.000602,-0.004924,0.502026,0.019747,0.456597,0.180985,0.024485,0.420981,-0.046040,-0.599302
15.674000,-5.077753,0.897267,-1.262548,-5.098735,1.657909,-2.345287,2.345287,3.000000,5.361507,-0.004755,0.001546,0.016735,0.000867,-0.005137,0.502205,0.019750,0.456539,0.180933,0.024503,0.420981,-0.046040,-0.596458
15.685000,-5.227529,0.893589,-1.231858,-5.248511,1.654232,-2.314597,2.314597,3.000000,5.503031,-0.004769,0.001503,0.016763,-0.000126,-0.005862,0.502389,0.019748,0.456481,0.180881,0.024520,0.420981,-0.046040,-0.589255
15.696000,-5.216478,0.875295,-1.309976,-5.237460,1.635937,-2.392715,2.392715,3.000000,5.487010,-0.004773,0.001491,0.016812,-0.000727,-0.003854,0.502576,0.019750,0.456431,0.180828,0.024536,0.420981,-0.046040,-0.605398
15.707000,-5.265282,0.851906,-1.391565,-5.286264,1.612548,-2.474304,2.474304,3.000000,5.526744,-0.004782,0.001459,0.016773,0.000081,-0.004865,0.502761,0.019752,0.456379,0.180776,0.024552,0.420981,-0.046040,-0.595877
15.718000,-5.344629,0.871976,-1.481807,-5.365611,1.632618,-2.564546,2.564546,3.000000,5.608496,-0.004783,0.001455,0.017186,-0.000655,-0.003709,0.502953,0.019746,0.456327,0.180723,0.024568,0.420981,-0.046040,-0.604754
15.729000,-5.381693,0.805230,-1.640547,-5.402674,1.565872,-2.723286,2.723286,3.000000,5.625020,-0.004802,0.001392,0.016294,0.000511,-0.004814,0.503137,0.019747,0.456284,0.180670,0.024584,0.420981,-0.046040,-0.594594
15.740000,-5.395813,0.775409,-1.774582,-5.416795,1.536051,-2.857321,2.857321,3.000000,5.630375,-0.004810,0.001364,0.015719,0.000030,-0.003659,0.503313,0.019747,0.456243,0.180617,0.024599,0.420981,-0.046040,-0.603674
15.751000,-5.419959,0.740458,-1.893091,-5.440941,1.501100,-2.975830,2.975830,3.000000,5.644212,-0.004820,0.001330,0.014404,0.001128,-0.004972,0.503477,0.019744,0.456200,0.180565,0.024614,0.420981,-0.046040,-0.591748
15.762000,-5.556093,0.723857,-1.914152,-5.577075,1.484499,-2.996892,2.996892,3.000000,5.771265,-0.004832,0.001286,0.013930,-0.000811,-0.006126,0.503634,0.019740,0.456148,0.180511,0.024628,0.420981,-0.046040,-0.581021
15.773000,-5.749580,0.760438,-1.862204,-5.770562,1.521080,-2.944943,2.944943,3.000000,5.967669,-0.004835,0.001274,0.012814,-0.001100,-0.007365,0.503779,0.019736,0.456079,0.180458,0.024642,0.420981,-0.046040,-0.569265
15.784000,-5.568240,0.747982,-1.856594,-5.589222,1.508624,-2.939333,2.939333,3.000000,5.789244,-0.004827,0.001303,0.011447,-0.000109,-0.006093,0.503910,0.019735,0.456019,0.180405,0.024656,0.420981,-0.046040,-0.578980
15.795000,-5.314953,0.689643,-1.932676,-5.335935,1.450285,-3.015415,3.015415,3.000000,5.529515,-0.004825,0.001311,0.010301,-0.000343,-0.006079,0.504029,0.019734,0.455954,0.180352,0.024671,0.420981,-0.046040,-0.577936
15.806000,-5.129440,0.662186,-2.024421,-5.150422,1.422828,-3.107160,3.107160,3.000000,5.343340,-0.004819,0.001331,0.009189,0.000776,-0.005309,0.504130,0.019733,0.455895,0.180299,0.024685,0.420981,-0.046040,-0.583403
15.817000,-5.190540,0.696133,-2.040632,-5.211522,1.456775,-3.123371,3.123371,3.000000,5.411299,-0.004815,0.001346,0.008828,0.000552,-0.005547,0.504228,0.019736,0.455836,0.180246,0.024700,0.420981,-0.046040,-0.580309
15.828000,-5.424001,0.681213,-2.106738,-5.444983,1.441855,-3.189477,3.189477,3.000000,5.632653,-0.004833,0.001280,0.009015,0.000456,-0.003990,0.504322,0.019742,0.455781,0.180193,0.024715,0.420981,-0.046040,-0.592543
15.839000,-5.660060,0.650868,-2.128876,-5.681042,1.411510,-3.211615,3.211615,3.000000,5.853768,-0.004852,0.001206,0.008014,0.000698,-0.004862,0.504410,0.019741,0.455720,0.180140,0.024728,0.420981,-0.046040,-0.584038
15.850000,-5.854423,0.659951,-2.113902,-5.875405,1.420593,-3.196641,3.196641,3.000000,6.044706,-0.004860,0.001175,0.008109,-0.000777,-0.006013,0.504499,0.019736,0.455658,0.180086,0.024741,0.420981,-0.046040,-0.573160
15.861000,-6.011808,0.672921,-1.961707,-6.032790,1.433563,-3.044446,3.044446,3.000000,6.200779,-0.004865,0.001156,0.007078,-0.000415,-0.006214,0.504579,0.019729,0.455588,0.180033,0.024754,0.420981,-0.046040,-0.570189
15.872000,-5.741456,0.662132,-1.980258,-5.762438,1.422774,-3.062997,3.062997,3.000000,5.935485,-0.004854,0.001199,0.006348,-0.000534,-0.005497,0.504655,0.019723,0.455521,0.179979,0.024767,0.420981,-0.046040,-0.575077
15.883000,-5.352225,0.645313,-2.048701,-5.373207,1.405955,-3.131441,3.131441,3.000000,5.554103,-0.004837,0.001266,0.005373,-0.000976,-0.006056,0.504717,0.019721,0.455458,0.179926,0.024780,0.420981,-0.046040,-0.569201
15.894000,-5.011306,0.649536,-2.140773,-5.032288,1.410178,-3.223512,3.223512,3.000000,5.226139,-0.004815,0.001349,0.004696,0.001242,-0.005165,0.504771,0.019726,0.455400,0.179873,0.024795,0.420981,-0.046040,-0.575723
15.905000,-4.832738,0.564372,-2.205940,-4.853720,1.325014,-3.288679,3.288679,3.000000,5.031328,-0.004823,0.001317,0.004265,0.000582,-0.003774,0.504818,0.019734,0.455359,0.179820,0.024810,0.420981,-0.046040,-0.586766
15.916000,-4.897895,0.534718,-2.270790,-4.918877,1.295360,-3.353530,3.353530,3.000000,5.086581,-0.004835,0.001273,0.004116,0.000569,-0.002974,0.504864,0.019741,0.455323,0.179767,0.024824,0.420981,-0.046040,-0.592910
15.927000,-5.144300,0.523831,-2.338134,-5.165282,1.284473,-3.420874,3.420874,3.000000,5.322594,-0.004852,0.001207,0.004809,0.001299,-0.003836,0.504917,0.019747,0.455285,0.179713,0.024838,0.420981,-0.046040,-0.584917
15.938000,-5.632852,0.559704,-2.325936,-5.653834,1.320346,-3.408675,3.408675,3.000000,5.805958,-0.004869,0.001137,0.006501,-0.000269,-0.004162,0.504983,0.019742,0.455246,0.179660,0.024850,0.420981,-0.046040,-0.581439
15.949000,-5.902367,0.570500,-2.233531,-5.923349,1.331142,-3.316270,3.316270,3.000000,6.071080,-0.004878,0.001096,0.006520,-0.001773,-0.002526,0.505056,0.019731,0.455209,0.179606,0.024862,0.420981,-0.046040,-0.594656
15.960000,-5.694967,0.580505,-2.311178,-5.715949,1.341147,-3.393917,3.393917,3.000000,5.871179,-0.004868,0.001142,0.006532,0.000012,-0.002384,0.505130,0.019728,0.455175,0.179553,0.024875,0.420981,-0.046040,-0.595261
15.971000,-5.285185,0.569220,-2.370994,-5.306167,1.329862,-3.453733,3.453733,3.000000,5.470278,-0.004850,0.001216,0.005632,0.000948,-0.001414,0.505195,0.019725,0.455153,0.179499,0.024888,0.420981,-0.046040,-0.603097
15.982000,-4.785023,0.541358,-2.441728,-4.806005,1.302001,-3.524467,3.524467,3.000000,4.979246,-0.004826,0.001307,0.005607,-0.000350,-0.000270,0.505257,0.019722,0.455148,0.179446,0.024902,0.420981,-0.046040,-0.612702
15.993000,-4.694707,0.579662,-2.416543,-4.715689,1.340304,-3.499282,3.499282,3.000000,4.902462,-0.004810,0.001367,0.005800,0.000501,-0.001153,0.505320,0.019727,0.455144,0.179393,0.024916,0.420981,-0.046040,-0.605141
16.004000,-4.892308,0.517926,-2.314779,-4.913290,1.278568,-3.397518,3.397518,3.000000,5.076924,-0.004839,0.001259,0.006542,0.000736,-0.000570,0.505391,0.019732,0.455139,0.179340,0.024931,0.420981,-0.046040,-0.610012
16.014000,-5.145182,0.528601,-2.232011,-5.166164,1.289243,-3.314750,3.314750,3.000000,5.324603,-0.004851,0.001211,0.006622,-0.000390,-0.000517,0.505460,0.019732,0.455135,0.179291,0.024943,0.420981,-0.046040,-0.610375
16.024000,-5.237149,0.612791,-2.241396,-5.258131,1.373433,-3.324135,3.324135,3.000000,5.434543,-0.004838,0.001264,0.007620,-0.000453,0.000172,0.505535,0.019732,0.455133,0.179243,0.024955,0.420981,-0.046040,-0.616202
16.034000,-5.309177,0.651626,-2.195155,-5.330159,1.412268,-3.277895,3.277895,3.000000,5.514082,-0.004833,0.001281,0.008160,-0.000677,0.000279,0.505616,0.019727,0.455130,0.179195,0.024968,0.420981,-0.046040,-0.617055
16.044000,-5.186696,0.646006,-2.189390,-5.207678,1.406648,-3.272129,3.272129,3.000000,5.394309,-0.004827,0.001304,0.007830,-0.001959,0.001065,0.505699,0.019717,0.455140,0.179146,0.024981,0.420981,-0.046040,-0.623886
16.054000,-4.895739,0.643521,-2.192862,-4.916721,1.404163,-3.275601,3.275601,3.000000,5.113298,-0.004808,0.001373,0.008519,-0.000021,0.002051,0.505783,0.019713,0.455158,0.179098,0.024994,0.420981,-0.046040,-0.632586
16.064000,-4.627030,0.671245,-2.137432,-4.648012,1.431887,-3.220171,3.220171,3.000000,4.863570,-0.004778,0.001472,0.008022,0.000375,0.001144,0.505863,0.019704,0.455177,0.179050,0.025009,0.420981,-0.046040,-0.625229
16.074000,-4.386140,0.722236,-2.125721,-4.407122,1.482878,-3.208460,3.208460,3.000000,4.649909,-0.004739,0.001595,0.007988,-0.000483,0.002962,0.505944,0.019699,0.455215,0.179003,0.025024,0.420981,-0.046040,-0.641343
16.084000,-4.296163,0.743527,-2.069295,-4.317145,1.504169,-3.152034,3.152034,3.000000,4.571681,-0.004722,0.001645,0.008751,-0.000647,0.004320,0.506025,0.019699,0.455252,0.178955,0.025040,0.420981,-0.046040,-0.653527
16.094000,-4.437912,0.780569,-1.971952,-4.458894,1.541211,-3.054691,3.054691,3.000000,4.717740,-0.004726,0.001633,0.009209,0.000762,0.003570,0.506118,0.019705,0.455292,0.178908,0.025057,0.420981,-0.046040,-0.647887
16.104000,-4.527296,0.789221,-1.979701,-4.548278,1.549863,-3.062440,3.062440,3.000000,4.805092,-0.004733,0.001613,0.010202,0.000198,0.004947,0.506219,0.019708,0.455338,0.178861,0.025073,0.420981,-0.046040,-0.660408
16.114000,-4.613993,0.781002,-2.021644,-4.634975,1.541644,-3.104383,3.104383,3.000000,4.884635,-0.004744,0.001578,0.010682,-0.000043,0.005285,0.506325,0.019712,0.455396,0.178813,0.025089,0.420981,-0.046040,-0.664308
16.124000,-4.793002,0.774085,-2.045741,-4.813983,1.534727,-3.128481,3.128481,3.000000,5.052705,-0.004764,0.001519,0.012251,0.000373,0.007578,0.506443,0.019718,0.455464,0.178766,0.025104,0.420981,-0.046040,-0.684988
16.134000,-5.101744,0.743022,-1.959742,-5.122726,1.503664,-3.042481,3.042481,3.000000,5.338851,-0.004798,0.001408,0.013931,-0.000306,0.007096,0.506580,0.019717,0.455533,0.178718,0.025119,0.420981,-0.046040,-0.682145
16.144000,-5.203022,0.790384,-1.983681,-5.224003,1.551026,-3.066420,3.066420,3.000000,5.449394,-0.004793,0.001423,0.015526,0.000939,0.008728,0.506735,0.019723,0.455617,0.178670,0.025133,0.420981,-0.046040,-0.697494
16.154000,-5.260299,0.817260,-1.946675,-5.281281,1.577902,-3.029414,3.029414,3.000000,5.511960,-0.004791,0.001431,0.017029,-0.000092,0.009470,0.506907,0.019721,0.455711,0.178622,0.025147,0.420981,-0.046040,-0.705490
16.164000,-5.125493,0.768065,-1.940825,-5.146475,1.528707,-3.023564,3.023564,3.000000,5.368720,-0.004793,0.001424,0.018585,0.000619,0.011591,0.507087,0.019719,0.455823,0.178574,0.025161,0.420981,-0.046040,-0.725497
16.174000,-4.856717,0.772093,-1.858127,-4.877699,1.532735,-2.940866,2.940866,3.000000,5.112849,-0.004770,0.001499,0.017815,-0.000254,0.011081,0.507264,0.019718,0.455929,0.178526,0.025176,0.420981,-0.046040,-0.723084
16.184000,-4.572454,0.805819,-1.699569,-4.593436,1.566461,-2.782308,2.782308,3.000000,4.853190,-0.004732,0.001614,0.016957,-0.000276,0.009467,0.507439,0.019714,0.456034,0.178479,0.025192,0.420981,-0.046040,-0.711279
16.194000,-4.538506,0.844581,-1.617411,-4.559488,1.605224,-2.700150,2.700150,3.000000,4.833806,-0.004716,0.001660,0.015635,-0.000353,0.006715,0.507601,0.019711,0.456116,0.178432,0.025208,0.420981,-0.046040,-0.689405
16.204000,-4.586456,0.856084,-1.494206,-4.607438,1.616726,-2.576945,2.576945,3.000000,4.882856,-0.004718,0.001656,0.015457,0.000270,0.004503,0.507759,0.019713,0.456178,0.178385,0.025225,0.420981,-0.046040,-0.671758
16.214000,-4.738311,0.892122,-1.315581,-4.759293,1.652764,-2.398320,2.398320,3.000000,5.038104,-0.004723,0.001640,0.015525,0.000461,0.003504,0.507915,0.019710,0.456217,0.178337,0.025241,0.420981,-0.046040,-0.663971
16.224000,-4.971790,0.876275,-1.177437,-4.992772,1.636917,-2.260176,2.260176,3.000000,5.254262,-0.004751,0.001558,0.015748,-0.000203,0.001982,0.508072,0.019712,0.456238,0.178290,0.025257,0.420981,-0.046040,-0.651433
16.234000,-4.850667,0.900786,-1.288840,-4.871649,1.661428,-2.371579,2.371579,3.000000,5.147165,-0.004732,0.001614,0.014984,0.000888,0.002828,0.508224,0.019712,0.456266,0.178243,0.025273,0.420981,-0.046040,-0.659128
16.244000,-4.739151,0.897684,-1.341465,-4.760133,1.658326,-2.424204,2.424204,3.000000,5.040725,-0.004722,0.001645,0.015570,-0.000501,0.001691,0.508381,0.019711,0.456286,0.178195,0.025289,0.420981,-0.046040,-0.649833
16.254000,-4.681902,0.893175,-1.373024,-4.702884,1.653817,-2.455763,2.455763,3.000000,4.985201,-0.004717,0.001659,0.015719,0.000090,0.001319,0.508535,0.019709,0.456305,0.178148,0.025306,0.420981,-0.046040,-0.647014
16.264000,-4.738213,0.873175,-1.388528,-4.759195,1.633817,-2.471267,2.471267,3.000000,5.031828,-0.004729,0.001623,0.015817,-0.000889,0.000160,0.508696,0.019706,0.456314,0.178101,0.025322,0.420981,-0.046040,-0.637342
16.274000,-4.783535,0.862117,-1.410347,-4.804517,1.622759,-2.493086,2.493086,3.000000,5.071167,-0.004737,0.001600,0.015604,-0.000667,0.000262,0.508851,0.019706,0.456312,0.178054,0.025338,0.420981,-0.046040,-0.638168
16.284000,-4.942568,0.948575,-1.426213,-4.963550,1.709217,-2.508952,2.508952,3.000000,5.249596,-0.004728,0.001628,0.015601,-0.000761,-0.003181,0.509010,0.019703,0.456298,0.178006,0.025355,0.420981,-0.046040,-0.608700
16.294000,-5.180512,0.900973,-1.314348,-5.201494,1.661615,-2.397087,2.397087,3.000000,5.460449,-0.004763,0.001522,0.016024,0.000410,-0.002533,0.509169,0.019706,0.456276,0.177959,0.025370,0.420981,-0.046040,-0.613819
16.304000,-5.117860,0.833412,-1.400927,-5.138842,1.594054,-2.483666,2.483666,3.000000,5.380400,-0.004776,0.001481,0.015772,0.001151,-0.001401,0.509330,0.019711,0.456257,0.177911,0.025385,0.420981,-0.046040,-0.623082
16.314000,-5.125552,0.762970,-1.427177,-5.146534,1.523612,-2.509916,2.509916,3.000000,5.367328,-0.004794,0.001419,0.016666,0.000745,-0.003390,0.509497,0.019715,0.456226,0.177863,0.025400,0.420981,-0.046040,-0.605635
16.324000,-5.287429,0.744322,-1.332459,-5.308411,1.504964,-2.415198,2.415198,3.000000,5.517621,-0.004810,0.001364,0.017584,-0.000444,-0.002928,0.509670,0.019718,0.456191,0.177815,0.025414,0.420981,-0.046040,-0.608940
16.334000,-5.278207,0.753374,-1.382815,-5.299189,1.514016,-2.465554,2.465554,3.000000,5.511229,-0.004808,0.001374,0.018325,0.000783,-0.003655,0.509849,0.019725,0.456157,0.177767,0.025427,0.420981,-0.046040,-0.602145
16.344000,-5.220019,0.685064,-1.414759,-5.241001,1.445706,-2.497498,2.497498,3.000000,5.436741,-0.004820,0.001330,0.017977,0.000023,-0.004493,0.510030,0.019726,0.456110,0.177719,0.025441,0.420981,-0.046040,-0.594200
16.354000,-4.987571,0.680609,-1.561290,-5.008553,1.441251,-2.644029,2.644029,3.000000,5.211795,-0.004805,0.001383,0.017926,-0.001456,-0.002498,0.510214,0.019720,0.456078,0.177671,0.025454,0.420981,-0.046040,-0.610541
16.364000,-4.813065,0.635489,-1.683086,-4.834047,1.396131,-2.765825,2.765825,3.000000,5.031619,-0.004804,0.001387,0.017725,-0.000185,-0.003947,0.510393,0.019716,0.456040,0.177623,0.025468,0.420981,-0.046040,-0.597570
16.374000,-4.984309,0.600254,-1.505289,-5.005291,1.360896,-2.588028,2.588028,3.000000,5.187000,-0.004825,0.001312,0.018050,-0.001444,-0.004674,0.510571,0.019706,0.455991,0.177575,0.025482,0.420981,-0.046040,-0.590521
16.384000,-5.186072,0.651161,-1.386946,-5.207054,1.411803,-2.469685,2.469685,3.000000,5.395054,-0.004826,0.001308,0.018382,-0.001164,-0.005936,0.510752,0.019697,0.455929,0.177526,0.025495,0.420981,-0.046040,-0.578686
16.394000,-5.491229,0.635360,-1.266354,-5.512211,1.396002,-2.349093,2.349093,3.000000,5.686237,-0.004847,0.001228,0.018972,0.000322,-0.007202,0.510939,0.019694,0.455859,0.177478,0.025508,0.420981,-0.046040,-0.566685
16.404000,-5.627516,0.668055,-1.203427,-5.648498,1.428697,-2.286166,2.286166,3.000000,5.826380,-0.004847,0.001226,0.019107,-0.000534,-0.007439,0.511130,0.019690,0.455784,0.177430,0.025520,0.420981,-0.046040,-0.563332
16.414000,-5.532407,0.680514,-1.257422,-5.553389,1.441156,-2.340161,2.340161,3.000000,5.737340,-0.004840,0.001256,0.018940,0.000454,-0.006065,0.511321,0.019692,0.455726,0.177381,0.025532,0.420981,-0.046040,-0.573942
16.424000,-5.179601,0.657328,-1.464037,-5.200583,1.417970,-2.546776,2.546776,3.000000,5.390426,-0.004824,0.001315,0.018060,0.000620,-0.005022,0.511503,0.019690,0.455681,0.177333,0.025545,0.420981,-0.046040,-0.581977
16.434000,-4.874578,0.643334,-1.654366,-4.895560,1.403976,-2.737105,2.737105,3.000000,5.092902,-0.004806,0.001378,0.016724,0.000543,-0.003123,0.511679,0.019695,0.455648,0.177285,0.025559,0.420981,-0.046040,-0.597506
16.444000,-4.818239,0.649859,-1.784452,-4.839221,1.410501,-2.867191,2.867191,3.000000,5.040593,-0.004800,0.001399,0.016236,-0.000308,-0.004063,0.511843,0.019689,0.455616,0.177237,0.025573,0.420981,-0.046040,-0.588958
16.454000,-5.081793,0.652770,-1.837825,-5.102775,1.413412,-2.920565,2.920565,3.000000,5.294908,-0.004819,0.001335,0.016177,-0.000610,-0.004295,0.512005,0.019687,0.455575,0.177189,0.025586,0.420981,-0.046040,-0.586249
16.464000,-5.611295,0.662301,-1.743214,-5.632277,1.422943,-2.825953,2.825953,3.000000,5.809244,-0.004848,0.001225,0.016014,0.000184,-0.006499,0.512165,0.019685,0.455516,0.177140,0.025599,0.420981,-0.046040,-0.566489
16.474000,-5.883313,0.655424,-1.702962,-5.904295,1.416066,-2.785701,2.785701,3.000000,6.071733,-0.004862,0.001166,0.015772,-0.000551,-0.006654,0.512321,0.019684,0.455446,0.177092,0.025611,0.420981,-0.046040,-0.563911
16.484000,-5.877456,0.609349,-1.769239,-5.898438,1.369991,-2.851978,2.851978,3.000000,6.055447,-0.004870,0.001131,0.014489,0.000167,-0.006627,0.512463,0.019686,0.455376,0.177043,0.025622,0.420981,-0.046040,-0.562878
16.494000,-5.431486,0.511554,-1.877759,-5.452468,1.272196,-2.960498,2.960498,3.000000,5.598919,-0.004869,0.001136,0.012432,0.000871,-0.004715,0.512594,0.019690,0.455312,0.176994,0.025634,0.420981,-0.046040,-0.577944
16.504000,-4.805587,0.450380,-2.101887,-4.826569,1.211022,-3.184626,3.184626,3.000000,4.976177,-0.004850,0.001217,0.010234,0.001961,-0.004763,0.512698,0.019698,0.455271,0.176946,0.025645,0.420981,-0.046040,-0.576799
16.514000,-4.564500,0.409001,-2.192220,-4.585482,1.169643,-3.274959,3.274959,3.000000,4.732305,-0.004845,0.001236,0.009560,-0.000566,-0.006026,0.512795,0.019694,0.455227,0.176897,0.025658,0.420981,-0.046040,-0.565291
16.524000,-4.841907,0.448137,-2.147527,-4.862889,1.208779,-3.230266,3.230266,3.000000,5.010872,-0.004852,0.001206,0.009125,-0.001311,-0.005199,0.512887,0.019690,0.455183,0.176849,0.025670,0.420981,-0.046040,-0.571517
16.534000,-5.355996,0.459057,-2.089507,-5.376978,1.219699,-3.172246,3.172246,3.000000,5.513580,-0.004876,0.001106,0.009006,-0.000419,-0.006916,0.512979,0.019688,0.455121,0.176800,0.025682,0.420981,-0.046040,-0.555838
16.544000,-5.809641,0.441869,-1.980917,-5.830623,1.202511,-3.063656,3.063656,3.000000,5.953335,-0.004897,0.001010,0.009006,0.000096,-0.007570,0.513070,0.019684,0.455045,0.176751,0.025692,0.420981,-0.046040,-0.548911
16.554000,-5.946571,0.436860,-1.943367,-5.967553,1.197502,-3.026106,3.026106,3.000000,6.086518,-0.004902,0.000984,0.008566,-0.001451,-0.008326,0.513160,0.019676,0.454965,0.176702,0.025702,0.420981,-0.046040,-0.541052
16.564000,-5.821052,0.488293,-1.905136,-5.842034,1.248935,-2.987876,2.987876,3.000000,5.974044,-0.004890,0.001045,0.007982,-0.000549,-0.007257,0.513242,0.019674,0.454886,0.176653,0.025712,0.420981,-0.046040,-0.548708
16.574000,-5.301113,0.469801,-2.050589,-5.322095,1.230443,-3.133328,3.133328,3.000000,5.462480,-0.004872,0.001126,0.006319,-0.001253,-0.007040,0.513309,0.019671,0.454819,0.176605,0.025723,0.420981,-0.046040,-0.549349
16.584000,-4.778583,0.488265,-2.153257,-4.799565,1.248907,-3.235996,3.235996,3.000000,4.959394,-0.004839,0.001259,0.005436,-0.000907,-0.006574,0.513368,0.019668,0.454761,0.176556,0.025735,0.420981,-0.046040,-0.552254
16.594000,-4.595850,0.472615,-2.222847,-4.616832,1.233257,-3.305586,3.305586,3.000000,4.778710,-0.004831,0.001290,0.005280,-0.000388,-0.005271,0.513423,0.019667,0.454710,0.176508,0.025748,0.420981,-0.046040,-0.562396
16.604000,-4.788902,0.463019,-2.247408,-4.809884,1.223661,-3.330148,3.330148,3.000000,4.963097,-0.004846,0.001233,0.005753,-0.000149,-0.004548,0.513479,0.019668,0.454657,0.176459,0.025761,0.420981,-0.046040,-0.567575
16.614000,-5.256294,0.458603,-2.101782,-5.277276,1.219245,-3.184521,3.184521,3.000000,5.416291,-0.004872,0.001126,0.006483,0.000337,-0.007025,0.513543,0.019670,0.454592,0.176411,0.025772,0.420981,-0.046040,-0.545390
16.624000,-5.691146,0.440917,-2.048715,-5.712128,1.201559,-3.131454,3.131454,3.000000,5.837136,-0.004893,0.001029,0.006912,0.001595,-0.005407,0.513615,0.019674,0.454529,0.176362,0.025783,0.420981,-0.046040,-0.557981
16.634000,-5.700928,0.435300,-2.163061,-5.721910,1.195942,-3.245800,3.245800,3.000000,5.845557,-0.004894,0.001023,0.007095,0.000606,-0.006160,0.513690,0.019676,0.454462,0.176313,0.025793,0.420981,-0.046040,-0.550380
16.644000,-5.507191,0.398500,-2.189614,-5.528173,1.159142,-3.272353,3.272353,3.000000,5.648390,-0.004894,0.001026,0.007126,0.000867,-0.004409,0.513761,0.019675,0.454411,0.176264,0.025803,0.420981,-0.046040,-0.564315
16.654000,-5.195634,0.404207,-2.260311,-5.216616,1.164849,-3.343050,3.343050,3.000000,5.345087,-0.004880,0.001090,0.006091,0.001116,-0.004631,0.513826,0.019672,0.454367,0.176215,0.025814,0.420981,-0.046040,-0.561658
16.664000,-4.942428,0.419192,-2.221622,-4.963410,1.179834,-3.304362,3.304362,3.000000,5.101710,-0.004864,0.001156,0.005743,-0.000409,-0.003946,0.513886,0.019663,0.454321,0.176166,0.025825,0.420981,-0.046040,-0.566632
16.674000,-4.873207,0.496424,-2.133005,-4.894189,1.257066,-3.215744,3.215744,3.000000,5.053049,-0.004843,0.001244,0.005529,-0.000804,-0.005231,0.513943,0.019654,0.454268,0.176118,0.025837,0.420981,-0.046040,-0.554782
16.684000,-4.888092,0.467352,-1.995569,-4.909074,1.227994,-3.078308,3.078308,3.000000,5.060333,-0.004851,0.001213,0.005602,0.000960,-0.005304,0.513999,0.019652,0.454209,0.176069,0.025850,0.420981,-0.046040,-0.553101
16.694000,-4.833108,0.457659,-1.932782,-4.854090,1.218301,-3.015521,3.015521,3.000000,5.004642,-0.004850,0.001217,0.004970,0.000503,-0.006135,0.514049,0.019651,0.454145,0.176021,0.025862,0.420981,-0.046040,-0.544899
16.704000,-4.691228,0.446033,-1.936105,-4.712210,1.206675,-3.018844,3.018844,3.000000,4.864256,-0.004844,0.001240,0.004774,0.000941,-0.005465,0.514098,0.019654,0.454093,0.175972,0.025874,0.420981,-0.046040,-0.549638
16.714000,-4.579909,0.427345,-1.929105,-4.600891,1.187987,-3.011844,3.011844,3.000000,4.751790,-0.004841,0.001250,0.004192,0.000382,-0.005569,0.514141,0.019655,0.454043,0.175924,0.025886,0.420981,-0.046040,-0.547864
16.724000,-4.603754,0.508623,-1.908284,-4.624736,1.269266,-2.991023,2.991023,3.000000,4.795750,-0.004822,0.001323,0.004767,0.000216,-0.004826,0.514190,0.019652,0.453998,0.175876,0.025899,0.420981,-0.046040,-0.553354
16.734000,-4.614343,0.488988,-1.985915,-4.635325,1.249630,-3.068654,3.068654,3.000000,4.800814,-0.004828,0.001301,0.005556,-0.000463,-0.004585,0.514241,0.019647,0.453956,0.175827,0.025912,0.420981,-0.046040,-0.554645
16.744000,-4.802723,0.580437,-1.926146,-4.823705,1.341079,-3.008885,3.008885,3.000000,5.006657,-0.004817,0.001339,0.005285,-0.000588,-0.005260,0.514295,0.019636,0.453908,0.175779,0.025925,0.420981,-0.046040,-0.548051
16.754000,-4.728940,0.672167,-1.926442,-4.749922,1.432809,-3.009181,3.009181,3.000000,4.961321,-0.004787,0.001444,0.004774,-0.000332,-0.005377,0.514345,0.019623,0.453862,0.175731,0.025939,0.420981,-0.046040,-0.546239
16.764000,-4.643731,0.639340,-1.894004,-4.664713,1.399982,-2.976743,2.976743,3.000000,4.870266,-0.004789,0.001437,0.005078,0.000073,-0.004235,0.514393,0.019615,0.453821,0.175683,0.025954,0.420981,-0.046040,-0.555174
16.774000,-4.620088,0.634591,-1.849576,-4.641070,1.395233,-2.932316,2.932316,3.000000,4.846257,-0.004788,0.001439,0.004983,0.000592,-0.004210,0.514443,0.019617,0.453774,0.175635,0.025968,0.420981,-0.046040,-0.554550
16.784000,-4.608576,0.669741,-1.902699,-4.629558,1.430383,-2.985438,2.985438,3.000000,4.845493,-0.004777,0.001476,0.005646,0.000813,-0.003900,0.514498,0.019623,0.453734,0.175588,0.025983,0.420981,-0.046040,-0.556465
16.794000,-4.575575,0.538531,-2.001800,-4.596556,1.299173,-3.084539,3.084539,3.000000,4.776629,-0.004812,0.001360,0.005992,0.001973,-0.001132,0.514558,0.019641,0.453710,0.175540,0.025997,0.420981,-0.046040,-0.579510
16.804000,-4.604556,0.449043,-2.111465,-4.625538,1.209685,-3.194204,3.194204,3.000000,4.781102,-0.004837,0.001265,0.007210,0.001916,-0.000958,0.514630,0.019660,0.453693,0.175491,0.026010,0.420981,-0.046040,-0.580683
16.814000,-4.767183,0.341336,-2.192222,-4.788165,1.101978,-3.274961,3.274961,3.000000,4.913337,-0.004873,0.001121,0.008304,0.000472,0.000744,0.514707,0.019671,0.453694,0.175443,0.026022,0.420981,-0.046040,-0.595145
16.824000,-4.989549,0.380984,-2.263624,-5.010531,1.141626,-3.346363,3.346363,3.000000,5.138943,-0.004875,0.001111,0.009689,-0.000400,0.000606,0.514803,0.019678,0.453702,0.175394,0.026033,0.420981,-0.046040,-0.594106
16.834000,-5.296314,0.385763,-2.245369,-5.317296,1.146405,-3.328108,3.328108,3.000000,5.439474,-0.004888,0.001054,0.011072,-0.000746,0.001079,0.514911,0.019678,0.453715,0.175345,0.026044,0.420981,-0.046040,-0.598370
16.844000,-5.420999,0.433847,-2.153447,-5.441981,1.194489,-3.236186,3.236186,3.000000,5.571531,-0.004884,0.001072,0.011132,-0.000683,0.001020,0.515020,0.019672,0.453727,0.175296,0.026055,0.420981,-0.046040,-0.598075
16.854000,-5.371043,0.430142,-2.043134,-5.392025,1.190784,-3.125874,3.125874,3.000000,5.521947,-0.004882,0.001078,0.011520,-0.002820,0.001513,0.515133,0.019656,0.453734,0.175248,0.026065,0.420981,-0.046040,-0.602400
16.864000,-5.162747,0.452079,-1.935826,-5.183728,1.212721,-3.018566,3.018566,3.000000,5.323695,-0.004869,0.001139,0.010635,-0.000471,0.001112,0.515239,0.019650,0.453740,0.175199,0.026076,0.420981,-0.046040,-0.599083
16.874000,-4.794919,0.468826,-1.899322,-4.815901,1.229468,-2.982061,2.982061,3.000000,4.970362,-0.004845,0.001237,0.010258,-0.000861,0.001752,0.515345,0.019641,0.453753,0.175150,0.026088,0.420981,-0.046040,-0.604754
16.884000,-4.477153,0.460030,-1.790972,-4.498135,1.220672,-2.873712,2.873712,3.000000,4.660822,-0.004825,0.001310,0.009795,0.000884,0.001110,0.515445,0.019636,0.453762,0.175102,0.026101,0.420981,-0.046040,-0.599466
16.894000,-4.420602,0.542751,-1.672001,-4.441584,1.303393,-2.754740,2.754740,3.000000,4.628877,-0.004798,0.001408,0.010512,0.000198,0.001573,0.515552,0.019630,0.453775,0.175054,0.026115,0.420981,-0.046040,-0.603635
16.904000,-4.369434,0.527721,-1.601851,-4.390415,1.288363,-2.684590,2.684590,3.000000,4.575547,-0.004798,0.001408,0.011049,0.000009,0.001217,0.515664,0.019627,0.453791,0.175006,0.026129,0.420981,-0.046040,-0.600909
16.914000,-4.408909,0.608097,-1.550105,-4.429891,1.368739,-2.632845,2.632845,3.000000,4.636527,-0.004777,0.001476,0.011922,0.000892,0.001742,0.515783,0.019630,0.453813,0.174958,0.026143,0.420981,-0.046040,-0.605749
16.924000,-4.432412,0.671319,-1.553102,-4.453394,1.431961,-2.635842,2.635842,3.000000,4.677951,-0.004760,0.001531,0.013178,-0.001199,0.002964,0.515911,0.019621,0.453843,0.174910,0.026158,0.420981,-0.046040,-0.616662
16.934000,-4.546846,0.769627,-1.392878,-4.567828,1.530269,-2.475618,2.475618,3.000000,4.817342,-0.004741,0.001588,0.013581,-0.001819,0.002615,0.516047,0.019608,0.453864,0.174863,0.026174,0.420981,-0.046040,-0.614081
16.944000,-4.523437,0.852933,-1.355911,-4.544419,1.613575,-2.438650,2.438650,3.000000,4.822382,-0.004712,0.001673,0.013796,-0.001445,0.001519,0.516185,0.019600,0.453890,0.174816,0.026190,0.420981,-0.046040,-0.605251
16.954000,-4.398585,0.784742,-1.356381,-4.419567,1.545384,-2.439120,2.439120,3.000000,4.681963,-0.004720,0.001650,0.013292,-0.001347,0.001821,0.516319,0.019589,0.453905,0.174768,0.026207,0.420981,-0.046040,-0.608087
16.964000,-4.115603,0.812689,-1.419499,-4.136585,1.573331,-2.502238,2.502238,3.000000,4.425687,-0.004673,0.001777,0.012119,0.000558,0.001965,0.516442,0.019581,0.453922,0.174721,0.026224,0.420981,-0.046040,-0.609612
16.974000,-4.025992,0.745536,-1.421936,-4.046974,1.506179,-2.504676,2.504676,3.000000,4.318168,-0.004686,0.001744,0.011202,0.000273,-0.000446,0.516559,0.019576,0.453926,0.174675,0.026242,0.420981,-0.046040,-0.589226
16.984000,-4.155733,0.662361,-1.420377,-4.176715,1.423003,-2.503116,2.503116,3.000000,4.412469,-0.004733,0.001612,0.011756,-0.000445,-0.000693,0.516676,0.019578,0.453928,0.174627,0.026258,0.420981,-0.046040,-0.587152
16.994000,-4.447938,0.599303,-1.328997,-4.468920,1.359945,-2.411737,2.411737,3.000000,4.671263,-0.004783,0.001456,0.011907,0.000682,-0.001820,0.516793,0.019585,0.453912,0.174580,0.026274,0.420981,-0.046040,-0.577315
17.004000,-4.809985,0.538380,-1.359428,-4.830967,1.299022,-2.442167,2.442167,3.000000,5.002569,-0.004828,0.001298,0.012561,0.001384,-0.001529,0.516917,0.019598,0.453896,0.174532,0.026288,0.420981,-0.046040,-0.579487
17.014000,-4.973749,0.464923,-1.449304,-4.994731,1.225565,-2.532043,2.532043,3.000000,5.142893,-0.004856,0.001192,0.013506,0.000932,-0.001043,0.517048,0.019606,0.453882,0.174483,0.026300,0.420981,-0.046040,-0.583359
17.024000,-5.142647,0.473916,-1.523292,-5.163629,1.234558,-2.606031,2.606031,3.000000,5.309162,-0.004863,0.001163,0.013809,0.000382,-0.001519,0.517187,0.019614,0.453867,0.174435,0.026312,0.420981,-0.046040,-0.579050
17.034000,-5.196051,0.412741,-1.617335,-5.217032,1.173383,-2.700075,2.700075,3.000000,5.347360,-0.004878,0.001097,0.014874,0.000667,-0.001528,0.517334,0.019617,0.453863,0.174386,0.026323,0.420981,-0.046040,-0.578912
17.044000,-5.264146,0.379819,-1.675975,-5.285127,1.140461,-2.758714,2.758714,3.000000,5.406776,-0.004888,0.001055,0.015545,-0.001219,-0.000532,0.517487,0.019613,0.453852,0.174337,0.026334,0.420981,-0.046040,-0.587158
17.054000,-5.326053,0.409534,-1.822411,-5.347035,1.170176,-2.905150,2.905150,3.000000,5.473581,-0.004884,0.001069,0.016942,-0.000526,-0.000943,0.517656,0.019612,0.453848,0.174288,0.026344,0.420981,-0.046040,-0.583599
17.064000,-5.512073,0.362800,-1.732275,-5.533055,1.123442,-2.815014,2.815014,3.000000,5.645956,-0.004900,0.000995,0.016312,-0.000368,-0.001591,0.517818,0.019606,0.453833,0.174239,0.026355,0.420981,-0.046040,-0.577841
17.074000,-5.514078,0.304541,-1.624308,-5.535060,1.065183,-2.707047,2.707047,3.000000,5.636622,-0.004910,0.000945,0.016029,-0.000754,-0.003647,0.517985,0.019602,0.453806,0.174190,0.026364,0.420981,-0.046040,-0.559891
17.084000,-5.562087,0.346062,-1.519931,-5.583069,1.106704,-2.602670,2.602670,3.000000,5.691700,-0.004905,0.000972,0.016258,-0.000539,-0.004851,0.518146,0.019598,0.453767,0.174141,0.026374,0.420981,-0.046040,-0.548981
17.094000,-5.591730,0.384111,-1.511377,-5.612712,1.144753,-2.594117,2.594117,3.000000,5.728262,-0.004899,0.000999,0.015861,0.000022,-0.004961,0.518309,0.019593,0.453719,0.174092,0.026384,0.420981,-0.046040,-0.547186
17.104000,-5.528865,0.339170,-1.508536,-5.549847,1.099812,-2.591275,2.591275,3.000000,5.657773,-0.004905,0.000972,0.015501,0.000014,-0.005973,0.518465,0.019590,0.453663,0.174043,0.026394,0.420981,-0.046040,-0.537587
17.114000,-5.505250,0.327420,-1.442697,-5.526232,1.088062,-2.525436,2.525436,3.000000,5.632328,-0.004906,0.000966,0.015630,-0.000064,-0.005676,0.518622,0.019591,0.453610,0.173994,0.026403,0.420981,-0.046040,-0.539159
17.124000,-5.374012,0.310965,-1.454002,-5.394994,1.071607,-2.536742,2.536742,3.000000,5.500391,-0.004904,0.000974,0.015625,-0.000590,-0.005005,0.518774,0.019589,0.453560,0.173945,0.026413,0.420981,-0.046040,-0.543944
17.134000,-5.382897,0.304087,-1.472702,-5.403879,1.064729,-2.555441,2.555441,3.000000,5.507772,-0.004906,0.000967,0.015692,0.001012,-0.004553,0.518931,0.019591,0.453507,0.173896,0.026423,0.420981,-0.046040,-0.546835
17.144000,-5.390547,0.208861,-1.528597,-5.411529,0.969504,-2.611336,2.611336,3.000000,5.497689,-0.004922,0.000882,0.015742,0.000728,-0.004273,0.519085,0.019594,0.453461,0.173847,0.026432,0.420981,-0.046040,-0.548369
17.154000,-5.550103,0.222325,-1.633477,-5.571085,0.982967,-2.716216,2.716216,3.000000,5.657138,-0.004924,0.000869,0.015999,-0.000052,-0.004869,0.519241,0.019595,0.453411,0.173798,0.026440,0.420981,-0.046040,-0.542414
17.164000,-5.776856,0.237984,-1.610075,-5.797838,0.998626,-2.692814,2.692814,3.000000,5.883211,-0.004927,0.000849,0.015536,-0.001124,-0.004754,0.519400,0.019588,0.453364,0.173749,0.026449,0.420981,-0.046040,-0.542548
17.174000,-5.795370,0.205128,-1.628791,-5.816352,0.965770,-2.711530,2.711530,3.000000,5.895987,-0.004932,0.000819,0.015247,-0.000063,-0.003994,0.519552,0.019590,0.453317,0.173699,0.026457,0.420981,-0.046040,-0.548152
17.184000,-5.746311,0.232119,-1.638928,-5.767293,0.992762,-2.721667,2.721667,3.000000,5.852114,-0.004928,0.000848,0.014799,-0.001056,-0.005072,0.519698,0.019583,0.453265,0.173650,0.026466,0.420981,-0.046040,-0.538069
17.194000,-5.761894,0.262563,-1.467819,-5.782876,1.023205,-2.550558,2.550558,3.000000,5.872700,-0.004924,0.000871,0.014208,-0.000767,-0.006888,0.519841,0.019576,0.453202,0.173601,0.026474,0.420981,-0.046040,-0.521532
17.204000,-5.602476,0.242939,-1.412438,-5.623458,1.003581,-2.495177,2.495177,3.000000,5.712307,-0.004922,0.000878,0.013811,0.000344,-0.003726,0.519981,0.019574,0.453153,0.173551,0.026483,0.420981,-0.046040,-0.547479
17.214000,-5.214911,0.177500,-1.410916,-5.235893,0.938142,-2.493656,2.493656,3.000000,5.319275,-0.004922,0.000882,0.012828,0.000419,-0.004342,0.520111,0.019572,0.453101,0.173502,0.026492,0.420981,-0.046040,-0.541320
17.224000,-4.770087,0.188321,-1.475489,-4.791069,0.948963,-2.558228,2.558228,3.000000,4.884145,-0.004905,0.000971,0.011836,0.000530,-0.003318,0.520229,0.019573,0.453066,0.173453,0.026501,0.420981,-0.046040,-0.549370
17.234000,-4.514664,0.182958,-1.576175,-4.535646,0.943600,-2.658914,2.658914,3.000000,4.632760,-0.004895,0.001018,0.011081,0.000230,-0.001890,0.520343,0.019574,0.453046,0.173404,0.026511,0.420981,-0.046040,-0.561127
17.244000,-4.469625,0.154496,-1.631027,-4.490607,0.915138,-2.713766,2.713766,3.000000,4.582906,-0.004899,0.000998,0.010999,0.000178,-0.002033,0.520452,0.019575,0.453033,0.173355,0.026521,0.420981,-0.046040,-0.559672
17.254000,-4.738361,0.147545,-1.679074,-4.759343,0.908187,-2.761813,2.761813,3.000000,4.845219,-0.004911,0.000937,0.011352,-0.000946,-0.000537,0.520563,0.019575,0.453027,0.173306,0.026531,0.420981,-0.046040,-0.572272
17.264000,-5.125820,0.196075,-1.651570,-5.146802,0.956717,-2.734309,2.734309,3.000000,5.234967,-0.004916,0.000914,0.010965,0.000010,-0.001537,0.520673,0.019575,0.453014,0.173257,0.026540,0.420981,-0.046040,-0.563551
17.274000,-5.431935,0.204128,-1.684865,-5.452917,0.964770,-2.767604,2.767604,3.000000,5.537607,-0.004924,0.000871,0.011216,-0.000118,-0.000275,0.520782,0.019569,0.453003,0.173208,0.026549,0.420981,-0.046040,-0.574055
17.284000,-5.563492,0.196304,-1.760576,-5.584474,0.956946,-2.843315,2.843315,3.000000,5.665871,-0.004928,0.000844,0.010399,0.000174,-0.001094,0.520885,0.019564,0.452983,0.173158,0.026557,0.420981,-0.046040,-0.566754
17.294000,-5.515048,0.210690,-1.827811,-5.536030,0.971332,-2.910550,2.910550,3.000000,5.620597,-0.004925,0.000864,0.009054,-0.000333,-0.001918,0.520977,0.019560,0.452971,0.173109,0.026566,0.420981,-0.046040,-0.559532
17.304000,-5.308570,0.198290,-1.895161,-5.329552,0.958933,-2.977901,2.977901,3.000000,5.415134,-0.004921,0.000885,0.008681,-0.000018,-0.002434,0.521063,0.019559,0.452955,0.173060,0.026575,0.420981,-0.046040,-0.554874
17.314000,-5.079062,0.218051,-1.870744,-5.100044,0.978693,-2.953484,2.953484,3.000000,5.193100,-0.004910,0.000942,0.006951,0.000120,-0.001837,0.521135,0.019558,0.452940,0.173011,0.026584,0.420981,-0.046040,-0.559674
17.324000,-4.678835,0.222115,-1.829039,-4.699817,0.982757,-2.911778,2.911778,3.000000,4.801468,-0.004894,0.001023,0.005329,-0.001099,-0.001990,0.521192,0.019556,0.452922,0.172962,0.026594,0.420981,-0.046040,-0.558053
17.334000,-4.217226,0.214005,-1.900841,-4.238208,0.974647,-2.983581,2.983581,3.000000,4.348833,-0.004873,0.001121,0.003425,-0.000026,-0.001433,0.521232,0.019556,0.452908,0.172913,0.026604,0.420981,-0.046040,-0.562525
17.344000,-3.976517,0.211131,-1.904221,-3.997499,0.971773,-2.986960,2.986960,3.000000,4.113921,-0.004859,0.001181,0.003153,-0.001534,-0.000548,0.521263,0.019551,0.452894,0.172864,0.026616,0.420981,-0.046040,-0.569773
17.354000,-3.983383,0.282845,-1.839427,-4.004365,1.043487,-2.922166,2.922166,3.000000,4.138092,-0.004838,0.001261,0.001961,-0.000192,-0.002156,0.521285,0.019550,0.452873,0.172816,0.026628,0.420981,-0.046040,-0.555748
17.364000,-4.101956,0.299456,-1.789303,-4.122938,1.060098,-2.872042,2.872042,3.000000,4.257044,-0.004842,0.001245,0.002063,0.000377,-0.001614,0.521304,0.019548,0.452853,0.172767,0.026641,0.420981,-0.046040,-0.560003
17.374000,-4.174095,0.356037,-1.840096,-4.195077,1.116679,-2.922836,2.922836,3.000000,4.341157,-0.004832,0.001286,0.001155,-0.001163,-0.002737,0.521319,0.019541,0.452828,0.172719,0.026653,0.420981,-0.046040,-0.550018
17.384000,-4.304686,0.441064,-1.817432,-4.325668,1.201706,-2.900171,2.900171,3.000000,4.489488,-0.004818,0.001338,0.001111,0.000618,-0.002068,0.521331,0.019544,0.452806,0.172671,0.026667,0.420981,-0.046040,-0.555304
17.394000,-4.294140,0.407496,-1.845863,-4.315122,1.168138,-2.928602,2.928602,3.000000,4.470439,-0.004826,0.001307,0.001025,-0.000262,-0.001224,0.521341,0.019541,0.452791,0.172623,0.026680,0.420981,-0.046040,-0.562191
17.404000,-4.248844,0.477962,-1.953117,-4.269826,1.238604,-3.035856,3.035856,3.000000,4.445847,-0.004802,0.001393,0.001046,-0.000573,-0.000426,0.521350,0.019538,0.452780,0.172574,0.026693,0.420981,-0.046040,-0.568770
17.414000,-4.308442,0.436340,-2.024734,-4.329424,1.196982,-3.107473,3.107473,3.000000,4.491846,-0.004819,0.001332,0.000808,-0.000846,-0.000659,0.521359,0.019538,0.452776,0.172526,0.026707,0.420981,-0.046040,-0.566721
17.424000,-4.416971,0.464901,-2.062264,-4.437953,1.225543,-3.145003,3.145003,3.000000,4.604062,-0.004820,0.001331,0.001306,-0.000280,-0.000740,0.521371,0.019540,0.452776,0.172478,0.026720,0.420981,-0.046040,-0.566032
17.434000,-4.584285,0.429961,-2.104457,-4.605267,1.190603,-3.187196,3.187196,3.000000,4.756681,-0.004841,0.001252,0.001367,0.000084,0.000179,0.521384,0.019540,0.452779,0.172430,0.026733,0.420981,-0.046040,-0.573883
17.444000,-4.687456,0.473239,-2.116850,-4.708438,1.233881,-3.199589,3.199589,3.000000,4.867428,-0.004837,0.001267,0.001223,-0.000671,0.000273,0.521397,0.019542,0.452787,0.172381,0.026746,0.420981,-0.046040,-0.574816
17.454000,-4.790608,0.489919,-2.074299,-4.811590,1.250561,-3.157038,3.157038,3.000000,4.971448,-0.004839,0.001258,0.001456,-0.000971,-0.000827,0.521414,0.019539,0.452788,0.172333,0.026759,0.420981,-0.046040,-0.565508
17.464000,-4.864713,0.490918,-2.009161,-4.885695,1.251560,-3.091900,3.091900,3.000000,5.043453,-0.004844,0.001241,0.001050,0.000619,0.000411,0.521426,0.019539,0.452791,0.172285,0.026771,0.420981,-0.046040,-0.576067
17.474000,-4.666651,0.501700,-2.025303,-4.687633,1.262342,-3.108042,3.108042,3.000000,4.854628,-0.004828,0.001300,0.000701,-0.000116,-0.000462,0.521436,0.019532,0.452788,0.172236,0.026784,0.420981,-0.046040,-0.568605
17.484000,-4.464104,0.580757,-1.942130,-4.485086,1.341399,-3.024869,3.024869,3.000000,4.681383,-0.004790,0.001433,-0.000271,-0.001424,-0.001324,0.521437,0.019522,0.452780,0.172188,0.026797,0.420981,-0.046040,-0.561146
17.494000,-4.265882,0.635855,-1.851543,-4.286864,1.396497,-2.934282,2.934282,3.000000,4.508592,-0.004754,0.001549,-0.000115,-0.002195,0.000702,0.521437,0.019509,0.452781,0.172141,0.026812,0.420981,-0.046040,-0.578364
17.504000,-4.102592,0.663272,-1.821320,-4.123574,1.423914,-2.904059,2.904059,3.000000,4.362499,-0.004726,0.001632,-0.000160,-0.001331,-0.000333,0.521437,0.019505,0.452777,0.172093,0.026828,0.420981,-0.046040,-0.569502
17.514000,-3.976315,0.734264,-1.756519,-3.997297,1.494906,-2.839258,2.839258,3.000000,4.267684,-0.004683,0.001751,0.000132,-0.001747,0.000900,0.521438,0.019499,0.452782,0.172046,0.026845,0.420981,-0.046040,-0.580062
17.524000,-3.848875,0.806107,-1.707326,-3.869857,1.566749,-2.790065,2.790065,3.000000,4.174984,-0.004635,0.001876,-0.000317,-0.001708,-0.000734,0.521437,0.019486,0.452778,0.172000,0.026864,0.420981,-0.046040,-0.566113
17.534000,-3.723838,0.844089,-1.684954,-3.744820,1.604731,-2.767693,2.767693,3.000000,4.074167,-0.004596,0.001969,0.000052,-0.002087,-0.000082,0.521438,0.019466,0.452780,0.171953,0.026883,0.420981,-0.046040,-0.571688
17.544000,-3.675131,0.990138,-1.613990,-3.696113,1.750780,-2.696729,2.696729,3.000000,4.089802,-0.004519,0.002140,0.000230,-0.002674,-0.000847,0.521440,0.019436,0.452778,0.171908,0.026904,0.420981,-0.046040,-0.565159
17.554000,-3.648544,1.156685,-1.584047,-3.669526,1.917327,-2.666787,2.666787,3.000000,4.140237,-0.004432,0.002315,0.000184,-0.005577,0.000381,0.521441,0.019390,0.452781,0.171863,0.026926,0.420981,-0.046040,-0.575631
17.564000,-3.641844,1.238937,-1.578887,-3.662826,1.999579,-2.661626,2.661626,3.000000,4.173082,-0.004389,0.002396,0.000201,-0.005141,0.000259,0.521442,0.019343,0.452782,0.171819,0.026950,0.420981,-0.046040,-0.574607
17.574000,-3.691222,1.229669,-1.456456,-3.712203,1.990311,-2.539195,2.539195,3.000000,4.212101,-0.004407,0.002363,0.000344,-0.005665,-0.000955,0.521445,0.019289,0.452775,0.171775,0.026973,0.420981,-0.046040,-0.564187
17.584000,-3.612119,1.277753,-1.501253,-3.633101,2.038395,-2.583992,2.583992,3.000000,4.165870,-0.004361,0.002447,0.000355,-0.007474,-0.000825,0.521447,0.019231,0.452775,0.171731,0.026997,0.420981,-0.046040,-0.565277
17.594000,-3.645608,1.287449,-1.474744,-3.666590,2.048091,-2.557483,2.557483,3.000000,4.199828,-0.004365,0.002438,0.000361,-0.006236,-0.000651,0.521449,0.019171,0.452771,0.171688,0.027022,0.420981,-0.046040,-0.566690
17.604000,-3.623851,1.231790,-1.470917,-3.644833,1.992432,-2.553656,2.553656,3.000000,4.153865,-0.004387,0.002398,-0.000268,-0.005737,-0.000184,0.521450,0.019114,0.452768,0.171644,0.027046,0.420981,-0.046040,-0.570604
17.614000,-3.590423,1.212255,-1.460071,-3.611405,1.972897,-2.542810,2.542810,3.000000,4.115163,-0.004388,0.002397,0.000368,-0.005911,0.000774,0.521453,0.019055,0.452771,0.171600,0.027070,0.420981,-0.046040,-0.578775
17.624000,-3.538474,1.127792,-1.427648,-3.559456,1.888434,-2.510387,2.510387,3.000000,4.029381,-0.004417,0.002343,0.000304,-0.004919,0.000734,0.521455,0.019002,0.452770,0.171556,0.027094,0.420981,-0.046040,-0.578419
17.634000,-3.480254,1.024792,-1.400990,-3.501236,1.785434,-2.483730,2.483730,3.000000,3.930195,-0.004454,0.002271,0.000482,-0.004182,0.001572,0.521458,0.018959,0.452775,0.171512,0.027117,0.420981,-0.046040,-0.585639
17.644000,-3.427207,0.971839,-1.426678,-3.448189,1.732481,-2.509417,2.509417,3.000000,3.858950,-0.004468,0.002245,0.000596,-0.004262,0.000517,0.521460,0.018919,0.452777,0.171467,0.027139,0.420981,-0.046040,-0.576715
17.654000,-3.531089,0.903059,-1.388560,-3.552071,1.663701,-2.471299,2.471299,3.000000,3.922386,-0.004528,0.002121,0.000399,-0.002048,0.000088,0.521462,0.018892,0.452782,0.171422,0.027161,0.420981,-0.046040,-0.573158
17.664000,-3.596420,0.851303,-1.408060,-3.617402,1.611946,-2.490799,2.490799,3.000000,3.960299,-0.004567,0.002035,0.000080,-0.002110,-0.000683,0.521462,0.018866,0.452780,0.171376,0.027182,0.420981,-0.046040,-0.566582
17.674000,-3.634525,0.878623,-1.471651,-3.655507,1.639265,-2.554390,2.554390,3.000000,4.006235,-0.004562,0.002046,0.000141,-0.003078,0.000297,0.521463,0.018835,0.452782,0.171331,0.027202,0.420981,-0.046040,-0.574943
17.684000,-3.712542,1.020332,-1.457041,-3.733524,1.780974,-2.539780,2.539780,3.000000,4.136553,-0.004513,0.002153,0.000125,-0.004897,-0.000721,0.521465,0.018795,0.452774,0.171285,0.027223,0.420981,-0.046040,-0.566148
17.694000,-3.755015,1.138824,-1.446206,-3.775997,1.899467,-2.528945,2.528945,3.000000,4.226834,-0.004467,0.002247,0.000075,-0.003963,-0.000493,0.521464,0.018754,0.452769,0.171241,0.027245,0.420981,-0.046040,-0.567985
17.704000,-3.775293,1.191739,-1.443182,-3.796275,1.952381,-2.525922,2.525922,3.000000,4.268899,-0.004446,0.002287,0.000363,-0.005852,0.000375,0.521465,0.018700,0.452768,0.171196,0.027268,0.420981,-0.046040,-0.575352
17.714000,-3.677886,1.297004,-1.457135,-3.698868,2.057646,-2.539874,2.539874,3.000000,4.232674,-0.004369,0.002431,0.000070,-0.004867,0.000022,0.521467,0.018649,0.452766,0.171152,0.027291,0.420981,-0.046040,-0.572309
17.724000,-3.590879,1.276037,-1.397884,-3.611861,2.036679,-2.480623,2.480623,3.000000,4.146517,-0.004355,0.002456,0.000169,-0.005890,0.000803,0.521469,0.018591,0.452770,0.171108,0.027316,0.420981,-0.046040,-0.579011
17.734000,-3.527668,1.161850,-1.327445,-3.548650,1.922492,-2.410184,2.410184,3.000000,4.035950,-0.004396,0.002382,0.000165,-0.005802,-0.000202,0.521471,0.018539,0.452772,0.171065,0.027340,0.420981,-0.046040,-0.570515
17.744000,-3.491911,1.108070,-1.289309,-3.512893,1.868712,-2.372048,2.372048,3.000000,3.979008,-0.004414,0.002348,0.000173,-0.004850,0.000767,0.521473,0.018493,0.452778,0.171021,0.027364,0.420981,-0.046040,-0.578858
17.754000,-3.417983,1.014331,-1.270112,-3.438965,1.774973,-2.352851,2.352851,3.000000,3.870014,-0.004443,0.002293,-0.000183,-0.003040,0.000746,0.521472,0.018456,0.452775,0.170976,0.027387,0.420981,-0.046040,-0.578621
17.764000,-3.295216,0.920113,-1.291873,-3.316198,1.680755,-2.374612,2.374612,3.000000,3.717809,-0.004460,0.002260,0.000127,-0.003563,0.000554,0.521473,0.018421,0.452774,0.170932,0.027410,0.420981,-0.046040,-0.576975
17.774000,-3.278004,0.983600,-1.263450,-3.298986,1.744242,-2.346189,2.346189,3.000000,3.731714,-0.004420,0.002337,0.000156,-0.003805,0.000091,0.521474,0.018386,0.452774,0.170887,0.027433,0.420981,-0.046040,-0.573040
17.784000,-3.254147,0.943597,-1.163921,-3.275129,1.704239,-2.246660,2.246660,3.000000,3.692005,-0.004435,0.002308,0.000178,-0.002359,-0.000082,0.521474,0.018361,0.452771,0.170843,0.027456,0.420981,-0.046040,-0.571525
17.794000,-3.179785,0.938671,-1.105220,-3.200767,1.699313,-2.187959,2.187959,3.000000,3.623890,-0.004416,0.002345,-0.000012,-0.003170,0.000404,0.521474,0.018333,0.452767,0.170799,0.027479,0.420981,-0.046040,-0.575576
17.804000,-3.159903,0.983366,-0.946866,-3.180885,1.744008,-2.029605,2.029605,3.000000,3.627616,-0.004384,0.002404,-0.000016,-0.003503,-0.001340,0.521475,0.018309,0.452755,0.170755,0.027503,0.420981,-0.046040,-0.560560
17.814000,-3.110298,0.962699,-0.870050,-3.131280,1.723341,-1.952789,1.952789,3.000000,3.574188,-0.004380,0.002411,0.000145,-0.003494,-0.000970,0.521475,0.018285,0.452749,0.170711,0.027527,0.420841,-0.046180,-0.566106
17.824000,-3.040126,1.004264,-0.825050,-3.061108,1.764906,-1.907789,1.907789,3.000000,3.533451,-0.004332,0.002497,0.000308,-0.002623,-0.000807,0.521475,0.018256,0.452742,0.170668,0.027552,0.420641,-0.046380,-0.570964
17.834000,-2.958886,1.046419,-0.750672,-2.979868,1.807061,-1.833411,1.833411,3.000000,3.484979,-0.004275,0.002593,0.000273,-0.003096,-0.000117,0.521478,0.018221,0.452740,0.170625,0.027578,0.420441,-0.046580,-0.580375
17.844000,-2.856850,1.084790,-0.671638,-2.877832,1.845432,-1.754377,1.754377,3.000000,3.418704,-0.004209,0.002699,0.000348,-0.004182,0.000112,0.521480,0.018188,0.452739,0.170582,0.027604,0.420241,-0.046780,-0.585917
17.854000,-2.775277,1.094349,-0.575230,-2.796258,1.854991,-1.657969,1.657969,3.000000,3.355600,-0.004167,0.002764,0.000337,-0.003666,-0.000366,0.521481,0.018155,0.452733,0.170541,0.027631,0.420041,-0.046980,-0.585347
17.864000,-2.699771,1.078223,-0.530097,-2.720753,1.838865,-1.612836,1.612836,3.000000,3.283888,-0.004143,0.002800,0.000265,-0.002536,0.000988,0.521482,0.018124,0.452732,0.170499,0.027659,0.419841,-0.047180,-0.600406
17.874000,-2.564032,0.990767,-0.522678,-2.585014,1.751409,-1.605417,1.605417,3.000000,3.122456,-0.004139,0.002805,0.000026,-0.002576,0.000329,0.521483,0.018097,0.452726,0.170457,0.027687,0.419641,-0.047380,-0.598310
17.884000,-2.448613,0.968986,-0.456108,-2.469595,1.729628,-1.538847,1.538847,3.000000,3.015048,-0.004095,0.002868,-0.000082,-0.001704,-0.000270,0.521483,0.018076,0.452725,0.170416,0.027716,0.419441,-0.047580,-0.596812
17.894000,-2.286432,0.920278,-0.407351,-2.307414,1.680920,-1.490090,1.490090,3.000000,2.854760,-0.004041,0.002944,-0.000286,-0.001405,-0.000319,0.521483,0.018060,0.452723,0.170376,0.027745,0.419241,-0.047780,-0.599976
17.904000,-2.155708,0.771502,-0.311458,-2.176690,1.532144,-1.394197,1.394197,3.000000,2.661849,-0.004089,0.002878,0.000482,-0.001054,0.000280,0.521482,0.018056,0.452721,0.170335,0.027774,0.419041,-0.047980,-0.608608
17.914000,-2.042106,0.768532,-0.284384,-2.063088,1.529174,-1.367123,1.367123,3.000000,2.568016,-0.004017,0.002977,-0.000245,0.000661,-0.000292,0.521481,0.018059,0.452720,0.170294,0.027803,0.418841,-0.048180,-0.607340
17.924000,-1.940748,0.772887,-0.237453,-1.961730,1.533529,-1.320192,1.320192,3.000000,2.489999,-0.003939,0.003079,0.000058,0.000134,0.000513,0.521479,0.018059,0.452718,0.170255,0.027833,0.418641,-0.048380,-0.617735
17.934000,-1.779578,0.829833,-0.190245,-1.800560,1.590475,-1.272984,1.272984,3.000000,2.402421,-0.003747,0.003310,-0.000138,0.000898,-0.000109,0.521476,0.018063,0.452714,0.170216,0.027865,0.418441,-0.048580,-0.615977
17.944000,-1.607992,0.799561,-0.171839,-1.628974,1.560203,-1.254578,1.254578,3.000000,2.255613,-0.003611,0.003458,-0.000070,0.001265,-0.000241,0.521474,0.018064,0.452709,0.170180,0.027899,0.418241,-0.048780,-0.618368
17.954000,-1.401596,0.779782,-0.172100,-1.422578,1.540424,-1.254839,1.254839,3.000000,2.096815,-0.003392,0.003673,-0.000243,0.000562,-0.000490,0.521473,0.018066,0.452708,0.170144,0.027935,0.418041,-0.048980,-0.619849
17.964000,-1.285147,0.791744,-0.076914,-1.306128,1.552386,-1.159654,1.159654,3.000000,2.028762,-0.003219,0.003826,0.000310,-0.000090,-0.000272,0.521472,0.018061,0.452708,0.170111,0.027972,0.417841,-0.049180,-0.625287
17.974000,-1.134272,0.824253,-0.078179,-1.155254,1.584895,-1.160918,1.160918,3.000000,1.961250,-0.002945,0.004041,0.000148,-0.000078,-0.000813,0.521470,0.018059,0.452705,0.170081,0.028012,0.417641,-0.049380,-0.624254
17.984000,-1.006932,0.767484,-0.038015,-1.027914,1.528126,-1.120754,1.120754,3.000000,1.841677,-0.002791,0.004149,-0.000521,0.000418,-0.000849,0.521467,0.018061,0.452705,0.170052,0.028053,0.417441,-0.049580,-0.627546
17.994000,-0.876305,0.771212,-0.022471,-0.897287,1.531854,-1.105210,1.105210,3.000000,1.775303,-0.002527,0.004314,-0.000158,0.000580,0.000257,0.521468,0.018059,0.452707,0.170025,0.028095,0.417241,-0.049780,-0.640566
18.004000,-0.810298,0.755736,-0.026517,-0.831280,1.516378,-1.109256,1.109256,3.000000,1.729285,-0.002404,0.004384,-0.000425,-0.000356,-0.000032,0.521467,0.018060,0.452707,0.170001,0.028139,0.417041,-0.049980,-0.641710
18.014000,-0.702627,0.814011,-0.039168,-0.723609,1.574653,-1.121908,1.121908,3.000000,1.732958,-0.002088,0.004543,-0.000547,-0.000534,0.001036,0.521465,0.018061,0.452707,0.169979,0.028184,0.416841,-0.050180,-0.654373
18.024000,-0.619637,0.773184,-0.056845,-0.640619,1.533826,-1.139584,1.139584,3.000000,1.662232,-0.001927,0.004614,-0.000005,-0.000640,-0.000456,0.521464,0.018061,0.452700,0.169959,0.028230,0.416641,-0.050380,-0.645185
18.034000,-0.558993,0.751462,0.041020,-0.579975,1.512104,-1.041719,1.041719,3.000000,1.619515,-0.001791,0.004668,-0.000295,0.000087,-0.000354,0.521460,0.018062,0.452695,0.169941,0.028276,0.416441,-0.050580,-0.649571
18.044000,-0.398714,0.803439,0.020807,-0.419695,1.564081,-1.061932,1.061932,3.000000,1.619412,-0.001296,0.004829,-0.000551,-0.001956,0.000034,0.521455,0.018053,0.452687,0.169925,0.028323,0.416241,-0.050780,-0.656305
18.054000,-0.264088,0.912466,0.106446,-0.285070,1.673108,-0.976293,0.976293,3.000000,1.697220,-0.000840,0.004929,-0.000764,-0.001294,-0.000573,0.521448,0.018044,0.452680,0.169915,0.028372,0.416061,-0.050960,-0.654273
18.064000,-0.038151,1.000662,0.116973,-0.059133,1.761304,-0.965766,0.965766,3.000000,1.762296,-0.000168,0.004997,-0.000652,-0.001646,0.000395,0.521441,0.018027,0.452672,0.169910,0.028422,0.416061,-0.050960,-0.662350
18.074000,0.265393,1.037225,-0.036107,0.244411,1.797867,-1.118846,1.118846,3.000000,1.814405,0.000674,0.004954,-0.000142,-0.000908,0.001631,0.521439,0.018013,0.452679,0.169913,0.028472,0.415901,-0.051120,-0.675840
18.084000,0.523314,0.897889,-0.251496,0.502333,1.658531,-1.334235,1.334235,3.000000,1.732935,0.001449,0.004785,-0.000101,0.000110,0.002191,0.521437,0.018013,0.452696,0.169923,0.028521,0.415701,-0.051320,-0.684497
18.094000,0.736086,0.697018,-0.446243,0.715104,1.457660,-1.528982,1.528982,3.000000,1.623622,0.002202,0.004489,-0.000032,0.002374,0.002108,0.521439,0.018025,0.452723,0.169942,0.028567,0.415501,-0.051520,-0.687885
18.104000,0.760770,0.525345,-0.504549,0.739788,1.285987,-1.587288,1.587288,3.000000,1.483593,0.002493,0.004334,-0.000386,0.002493,0.001205,0.521436,0.018040,0.452737,0.169966,0.028611,0.415301,-0.051720,-0.684078
18.114000,0.841071,0.405808,-0.603404,0.820089,1.166450,-1.686143,1.686143,3.000000,1.425886,0.002876,0.004090,0.000169,0.001965,0.000249,0.521435,0.018054,0.452739,0.169994,0.028653,0.415101,-0.051920,-0.679594
18.124000,0.935376,0.265770,-0.700871,0.914394,1.026412,-1.783610,1.783610,3.000000,1.374640,0.003326,0.003733,-0.000393,0.002668,-0.000699,0.521432,0.018075,0.452740,0.170025,0.028692,0.414901,-0.052120,-0.675159
18.134000,1.102416,0.033295,-0.852771,1.081434,0.793937,-1.935510,1.935510,3.000000,1.341580,0.004030,0.002959,0.000005,0.004087,0.002117,0.521431,0.018107,0.452759,0.170061,0.028726,0.414701,-0.052320,-0.703004
18.144000,1.257127,-0.227731,-1.105882,1.236145,0.532911,-2.188621,2.188621,3.000000,1.346124,0.004591,0.001979,-0.000020,0.004633,0.001356,0.521431,0.018146,0.452777,0.170105,0.028749,0.414661,-0.052360,-0.697588
18.154000,1.221521,-0.301250,-1.154785,1.200539,0.459392,-2.237524,2.237524,3.000000,1.285432,0.004670,0.001787,0.000148,0.005046,-0.000102,0.521428,0.018190,0.452785,0.170152,0.028768,0.414661,-0.052360,-0.685358
18.164000,1.057216,-0.399114,-1.220198,1.036234,0.361528,-2.302937,2.302937,3.000000,1.097490,0.004721,0.001647,-0.000008,0.005701,0.000594,0.521426,0.018244,0.452787,0.170198,0.028786,0.414661,-0.052360,-0.691298
18.174000,0.932293,-0.554505,-1.194629,0.911311,0.206137,-2.277369,2.277369,3.000000,0.934334,0.000000,0.000000,-0.000520,0.007462,-0.001498,0.521422,0.018315,0.452779,0.170222,0.028794,0.414661,-0.052360,-0.673415
18.184000,0.853415,-0.669898,-1.191853,0.832433,0.090744,-2.274592,2.274592,3.000000,0.837365,0.000000,0.000000,-0.000072,0.008178,0.000366,0.521418,0.018392,0.452775,0.170222,0.028794,0.414661,-0.052360,-0.689160
18.194000,0.998753,-0.736049,-1.327034,0.977771,0.024593,-2.409773,2.409773,3.000000,0.978080,0.000000,0.000000,0.000121,0.007691,-0.000209,0.521416,0.018474,0.452772,0.170222,0.028794,0.414661,-0.052360,-0.684212
18.204000,1.029309,-0.739088,-1.343783,1.008327,0.021554,-2.426522,2.426522,3.000000,1.008558,0.004999,0.000107,0.000176,0.009582,0.001453,0.521415,0.018560,0.452778,0.170237,0.028794,0.414661,-0.052360,-0.698435
18.214000,1.025486,-0.715513,-1.435486,1.004504,0.045129,-2.518225,2.518225,3.000000,1.005517,0.004995,0.000224,0.000094,0.008011,0.001097,0.521414,0.018644,0.452784,0.170287,0.028795,0.414661,-0.052360,-0.695526
18.224000,0.919639,-0.655594,-1.434313,0.898657,0.105048,-2.517052,2.517052,3.000000,0.904776,0.000000,0.000000,-0.000263,0.007322,-0.000187,0.521411,0.018726,0.452780,0.170297,0.028796,0.414661,-0.052360,-0.684546
18.234000,0.868513,-0.583737,-1.440233,0.847531,0.176905,-2.522972,2.522972,3.000000,0.865797,0.000000,0.000000,-0.000986,0.008171,-0.000792,0.521407,0.018799,0.452775,0.170297,0.028796,0.414661,-0.052360,-0.679330
18.244000,0.813822,-0.459767,-1.465889,0.792840,0.300876,-2.548628,2.548628,3.000000,0.848010,0.000000,0.000000,0.000118,0.005397,-0.000453,0.521406,0.018856,0.452772,0.170297,0.028796,0.414661,-0.052360,-0.682149
18.254000,0.811217,-0.394670,-1.511049,0.790235,0.365972,-2.593788,2.593788,3.000000,0.870865,0.000000,0.000000,-0.000264,0.005976,0.000744,0.521404,0.018911,0.452774,0.170297,0.028796,0.414661,-0.052360,-0.692345
18.264000,0.832798,-0.342832,-1.540675,0.811816,0.417810,-2.623414,2.623414,3.000000,0.913022,0.000000,0.000000,-0.000026,0.004301,-0.000633,0.521403,0.018950,0.452773,0.170297,0.028796,0.414661,-0.052360,-0.680635
18.274000,0.819725,-0.232369,-1.529109,0.798743,0.528274,-2.611849,2.611849,3.000000,0.957634,0.000000,0.000000,0.000031,0.003871,0.000220,0.521402,0.018987,0.452776,0.170297,0.028796,0.414661,-0.052360,-0.687931
18.284000,0.807994,-0.198433,-1.505789,0.787012,0.562209,-2.588529,2.588529,3.000000,0.967196,0.000000,0.000000,-0.000557,0.003046,-0.000735,0.521398,0.019013,0.452769,0.170297,0.028796,0.414661,-0.052360,-0.679703
18.294000,0.879902,-0.231269,-1.500727,0.858920,0.529373,-2.583466,2.583466,3.000000,1.008949,0.004257,0.002623,-0.000559,0.002292,-0.001235,0.521397,0.019033,0.452763,0.170306,0.028801,0.414661,-0.052360,-0.675356
18.304000,0.872546,-0.254972,-1.394618,0.851565,0.505670,-2.477357,2.477357,3.000000,0.990386,0.000000,0.000000,0.000251,0.002530,0.000014,0.521397,0.019056,0.452763,0.170327,0.028814,0.414661,-0.052360,-0.685953
18.314000,0.902685,-0.352078,-1.377199,0.881703,0.408564,-2.459938,2.459938,3.000000,0.971763,0.000000,0.000000,0.000044,0.002679,0.000433,0.521396,0.019081,0.452765,0.170327,0.028814,0.414661,-0.052360,-0.689544
18.324000,1.040540,-0.448246,-1.367538,1.019558,0.312396,-2.450277,2.450277,3.000000,1.066344,0.004781,0.001465,-0.000111,0.002629,-0.000321,0.521395,0.019108,0.452759,0.170360,0.028825,0.414661,-0.052360,-0.683043
18.334000,1.030540,-0.417915,-1.302320,1.009558,0.342727,-2.385059,2.385059,3.000000,1.066147,0.004735,0.001607,-0.000419,0.001230,0.000188,0.521394,0.019129,0.452762,0.170408,0.028841,0.414661,-0.052360,-0.687403
18.344000,1.024379,-0.408757,-1.241858,1.003397,0.351885,-2.324597,2.324597,3.000000,1.063311,0.004718,0.001655,-0.000205,0.002233,-0.000500,0.521392,0.019154,0.452754,0.170455,0.028857,0.414661,-0.052360,-0.681421
18.354000,1.120751,-0.478487,-1.219299,1.099769,0.282155,-2.302038,2.302038,3.000000,1.135386,0.004843,0.001243,-0.000051,0.001421,0.000104,0.521390,0.019173,0.452752,0.170502,0.028872,0.414661,-0.052360,-0.686527
18.364000,1.198614,-0.465829,-1.148133,1.177632,0.294813,-2.230872,2.230872,3.000000,1.213974,0.004850,0.001214,-0.000088,0.001082,0.000809,0.521390,0.019193,0.452754,0.170551,0.028885,0.414661,-0.052360,-0.692534
18.374000,1.247479,-0.375956,-1.057214,1.226497,0.384686,-2.139953,2.139953,3.000000,1.285410,0.004771,0.001496,0.000056,-0.001016,-0.000000,0.521390,0.019200,0.452753,0.170599,0.028898,0.414661,-0.052360,-0.685643
18.384000,1.294768,-0.297220,-0.976299,1.273786,0.463422,-2.059039,2.059039,3.000000,1.355467,0.004699,0.001709,0.000174,-0.000964,-0.000307,0.521389,0.019203,0.452752,0.170646,0.028915,0.414661,-0.052360,-0.683026
18.394000,1.328079,-0.225842,-0.960514,1.307097,0.534800,-2.043253,2.043253,3.000000,1.412272,0.004628,0.001893,-0.000044,0.000285,-0.000234,0.521389,0.019201,0.452749,0.170692,0.028934,0.414661,-0.052360,-0.683591
18.404000,1.425906,-0.270465,-0.939740,1.404924,0.490177,-2.022479,2.022479,3.000000,1.487980,0.004721,0.001647,0.000224,0.000748,0.000383,0.521389,0.019201,0.452749,0.170739,0.028951,0.414661,-0.052360,-0.688825
18.414000,1.552925,-0.314468,-0.935368,1.531943,0.446174,-2.018107,2.018107,3.000000,1.595594,0.004801,0.001398,-0.000353,-0.000596,0.000347,0.521388,0.019197,0.452750,0.170787,0.028966,0.414661,-0.052360,-0.688539
18.424000,1.504517,-0.262844,-0.821267,1.483535,0.497798,-1.904007,1.904007,3.000000,1.564826,0.004740,0.001591,0.000198,-0.000541,0.000771,0.521389,0.019196,0.452751,0.170835,0.028981,0.414501,-0.052520,-0.695047
18.434000,1.548760,-0.288141,-0.797770,1.527778,0.472501,-1.880509,1.880509,3.000000,1.599176,0.004777,0.001477,-0.000137,0.001280,0.000027,0.521389,0.019200,0.452751,0.170882,0.028997,0.414301,-0.052720,-0.692323
18.444000,1.560867,-0.340810,-0.728914,1.539885,0.419832,-1.811653,1.811653,3.000000,1.596090,0.004824,0.001315,-0.000163,0.001153,-0.000736,0.521387,0.019205,0.452746,0.170930,0.029010,0.414101,-0.052920,-0.689358
18.454000,1.670419,-0.361651,-0.751818,1.649437,0.398991,-1.834557,1.834557,3.000000,1.697008,0.004860,0.001176,0.000106,0.000384,-0.000434,0.521388,0.019208,0.452744,0.170979,0.029023,0.413901,-0.053120,-0.695484
18.464000,1.633908,-0.392284,-0.677032,1.612926,0.368358,-1.759771,1.759771,3.000000,1.654454,0.004874,0.001113,0.000216,-0.000835,0.000397,0.521387,0.019212,0.452744,0.171028,0.029034,0.413701,-0.053320,-0.706139
18.474000,1.693481,-0.398664,-0.701045,1.672499,0.361978,-1.783784,1.783784,3.000000,1.711223,0.004887,0.001058,0.000203,0.001046,0.000062,0.521387,0.019218,0.452744,0.171076,0.029045,0.413501,-0.053520,-0.706899
18.484000,1.715345,-0.411286,-0.693348,1.694363,0.349356,-1.776087,1.776087,3.000000,1.730005,0.004897,0.001010,-0.000129,-0.000796,-0.000255,0.521387,0.019213,0.452744,0.171125,0.029055,0.413301,-0.053720,-0.707814
18.494000,1.741000,-0.436673,-0.640601,1.720018,0.323969,-1.723340,1.723340,3.000000,1.750263,0.004914,0.000925,-0.000175,0.000357,-0.000478,0.521386,0.019217,0.452742,0.171174,0.029065,0.413101,-0.053920,-0.709481
18.504000,1.737583,-0.388524,-0.614161,1.716601,0.372118,-1.696900,1.696900,3.000000,1.756471,0.004887,0.001059,0.000176,-0.001336,0.000443,0.521386,0.019215,0.452744,0.171223,0.029075,0.412901,-0.054120,-0.720931
18.514000,1.769823,-0.401362,-0.576059,1.748841,0.359280,-1.658798,1.658798,3.000000,1.785365,0.004898,0.001006,-0.000109,-0.001075,-0.000378,0.521387,0.019213,0.452744,0.171272,0.029085,0.412701,-0.054320,-0.717571
18.524000,1.782445,-0.393131,-0.612801,1.761463,0.367511,-1.695540,1.695540,3.000000,1.799394,0.004895,0.001021,-0.000219,0.000939,0.001217,0.521386,0.019218,0.452747,0.171321,0.029095,0.412501,-0.054520,-0.734755
18.534000,1.803828,-0.460387,-0.649998,1.782846,0.300255,-1.732737,1.732737,3.000000,1.807952,0.004931,0.000830,-0.000138,0.000733,-0.000655,0.521386,0.019216,0.452746,0.171370,0.029104,0.412301,-0.054720,-0.722451
18.544000,1.778780,-0.421585,-0.628943,1.757798,0.339057,-1.711682,1.711682,3.000000,1.790200,0.004910,0.000947,0.000312,-0.000241,0.000300,0.521387,0.019213,0.452749,0.171420,0.029113,0.412101,-0.054920,-0.734211
18.554000,1.758225,-0.393670,-0.621016,1.737243,0.366972,-1.703755,1.703755,3.000000,1.775579,0.004892,0.001033,-0.000116,0.001804,-0.000483,0.521387,0.019216,0.452751,0.171469,0.029123,0.411901,-0.055120,-0.731189
18.564000,1.774374,-0.420484,-0.671512,1.753392,0.340158,-1.754251,1.754251,3.000000,1.786083,0.004908,0.000952,0.000101,-0.000219,-0.000486,0.521388,0.019209,0.452751,0.171518,0.029133,0.411701,-0.055320,-0.734780
18.574000,1.740181,-0.408059,-0.737403,1.719199,0.352583,-1.820142,1.820142,3.000000,1.754982,0.004898,0.001005,-0.000146,0.001870,0.000612,0.521390,0.019215,0.452759,0.171567,0.029142,0.411501,-0.055520,-0.747842
18.584000,1.688712,-0.393179,-0.832290,1.667730,0.367463,-1.915030,1.915030,3.000000,1.707733,0.004883,0.001076,0.000134,-0.000653,-0.000913,0.521390,0.019208,0.452761,0.171616,0.029153,0.411301,-0.055720,-0.738535
18.594000,1.566057,-0.316103,-0.894398,1.545075,0.444539,-1.977137,1.977137,3.000000,1.607754,0.004805,0.001382,-0.000173,-0.000585,-0.001725,0.521390,0.019210,0.452760,0.171664,0.029165,0.411101,-0.055920,-0.735224
18.604000,1.505182,-0.313600,-0.973048,1.484200,0.447042,-2.055787,2.055787,3.000000,1.550063,0.004788,0.001442,-0.000487,-0.000979,0.000108,0.521389,0.019210,0.452766,0.171712,0.029179,0.411021,-0.056000,-0.752324
18.614000,1.594189,-0.368609,-1.131158,1.573207,0.392033,-2.213898,2.213898,3.000000,1.621318,0.004852,0.001209,0.000192,0.000899,0.000604,0.521390,0.019218,0.452769,0.171760,0.029193,0.411021,-0.056000,-0.756584
18.624000,1.596665,-0.420110,-1.253034,1.575683,0.340532,-2.335773,2.335773,3.000000,1.612061,0.004887,0.001056,0.000574,0.000952,0.000323,0.521390,0.019222,0.452772,0.171809,0.029204,0.411021,-0.056000,-0.754251
18.634000,1.538315,-0.392004,-1.269765,1.517333,0.368638,-2.352504,2.352504,3.000000,1.561472,0.004859,0.001180,-0.000168,0.000554,0.000534,0.521390,0.019222,0.452780,0.171858,0.029215,0.411021,-0.056000,-0.756186
18.644000,1.506533,-0.387004,-1.318563,1.485551,0.373639,-2.401302,2.401302,3.000000,1.531818,0.004849,0.001220,0.000073,-0.000751,0.000743,0.521389,0.019218,0.452781,0.171906,0.029227,0.411021,-0.056000,-0.757976
18.654000,1.547752,-0.409717,-1.393301,1.526770,0.350925,-2.476041,2.476041,3.000000,1.566581,0.004873,0.001120,0.000022,0.000116,0.000206,0.521389,0.019220,0.452783,0.171955,0.029239,0.411021,-0.056000,-0.753464
18.664000,1.500245,-0.444732,-1.404797,1.479263,0.315910,-2.487537,2.487537,3.000000,1.512620,0.004890,0.001044,0.000031,0.001259,0.001505,0.521388,0.019224,0.452790,0.172004,0.029249,0.411021,-0.056000,-0.764611
18.674000,1.463735,-0.450835,-1.386554,1.442753,0.309808,-2.469293,2.469293,3.000000,1.475641,0.004889,0.001050,-0.000336,0.000037,-0.000503,0.521387,0.019221,0.452786,0.172053,0.029259,0.411021,-0.056000,-0.747495
18.684000,1.459006,-0.416518,-1.438236,1.438024,0.344124,-2.520975,2.520975,3.000000,1.478626,0.004863,0.001164,-0.000172,0.000389,-0.000724,0.521386,0.019221,0.452789,0.172101,0.029271,0.411021,-0.056000,-0.745678
18.694000,1.499584,-0.447231,-1.470024,1.478602,0.313411,-2.552763,2.552763,3.000000,1.511453,0.004891,0.001037,0.000240,0.000896,0.000077,0.521387,0.019220,0.452789,0.172150,0.029281,0.411021,-0.056000,-0.752467
18.704000,1.530367,-0.497250,-1.482110,1.509385,0.263392,-2.564849,2.564849,3.000000,1.532194,0.004926,0.000860,0.000576,-0.000227,-0.000115,0.521388,0.019217,0.452791,0.172199,0.029290,0.411021,-0.056000,-0.750870
18.714000,1.483135,-0.430114,-1.459325,1.462153,0.330528,-2.542064,2.542064,3.000000,1.499047,0.004877,0.001102,0.000242,0.000018,-0.000000,0.521386,0.019219,0.452790,0.172248,0.029300,0.411021,-0.056000,-0.751844
18.724000,1.401899,-0.367467,-1.426916,1.380917,0.393175,-2.509655,2.509655,3.000000,1.435799,0.004809,0.001369,0.000053,-0.000995,-0.000548,0.521386,0.019214,0.452788,0.172297,0.029313,0.411021,-0.056000,-0.747158
18.734000,1.417073,-0.372242,-1.455403,1.396091,0.388401,-2.538142,2.538142,3.000000,1.449112,0.004817,0.001340,0.000044,-0.000579,-0.000343,0.521386,0.019215,0.452786,0.172345,0.029326,0.411021,-0.056000,-0.748866
18.744000,1.440745,-0.395911,-1.477487,1.419763,0.364731,-2.560227,2.560227,3.000000,1.465863,0.004843,0.001244,-0.000151,-0.000298,0.001130,0.521385,0.019214,0.452790,0.172393,0.029340,0.411021,-0.056000,-0.761426
18.754000,1.446208,-0.426563,-1.451180,1.425226,0.334079,-2.533920,2.533920,3.000000,1.463857,0.004868,0.001141,0.000266,0.000286,-0.001094,0.521386,0.019215,0.452785,0.172442,0.029351,0.411021,-0.056000,-0.742455
18.764000,1.417654,-0.388357,-1.444665,1.396672,0.372285,-2.527404,2.527404,3.000000,1.445437,0.004831,0.001288,0.000065,-0.000265,0.000237,0.521386,0.019215,0.452785,0.172490,0.029363,0.411021,-0.056000,-0.753765
18.774000,1.477789,-0.394744,-1.443254,1.456807,0.365898,-2.525993,2.525993,3.000000,1.502054,0.004849,0.001218,0.000105,-0.000884,-0.000539,0.521385,0.019214,0.452783,0.172538,0.029376,0.411021,-0.056000,-0.747138
18.784000,1.485620,-0.369461,-1.421269,1.464638,0.391181,-2.504008,2.504008,3.000000,1.515978,0.004831,0.001290,0.000447,-0.000382,0.001289,0.521386,0.019215,0.452787,0.172587,0.029389,0.411021,-0.056000,-0.762717
18.794000,1.474588,-0.383050,-1.396431,1.453606,0.377592,-2.479171,2.479171,3.000000,1.501848,0.004839,0.001257,0.000119,-0.000294,0.000707,0.521385,0.019216,0.452783,0.172635,0.029402,0.411021,-0.056000,-0.757718
18.804000,1.523835,-0.389905,-1.389071,1.502853,0.370737,-2.471811,2.471811,3.000000,1.547906,0.004854,0.001198,0.000312,-0.000650,0.001107,0.521385,0.019215,0.452784,0.172684,0.029414,0.411021,-0.056000,-0.761135
18.814000,1.491417,-0.401118,-1.344608,1.470435,0.359524,-2.427347,2.427347,3.000000,1.513749,0.004857,0.001188,0.000110,0.000023,-0.000346,0.521385,0.019217,0.452782,0.172732,0.029426,0.411021,-0.056000,-0.748765
18.824000,1.449608,-0.356923,-1.291676,1.428626,0.403719,-2.374415,2.374415,3.000000,1.484575,0.004812,0.001360,0.000056,0.000250,-0.000435,0.521384,0.019217,0.452780,0.172780,0.029439,0.411021,-0.056000,-0.747972
18.834000,1.473344,-0.338813,-1.269411,1.452362,0.421829,-2.352150,2.352150,3.000000,1.512381,0.004802,0.001395,0.000575,-0.000099,0.000286,0.521385,0.019215,0.452780,0.172828,0.029453,0.411021,-0.056000,-0.754090
18.844000,1.514225,-0.320354,-1.281473,1.493243,0.440288,-2.364212,2.364212,3.000000,1.556801,0.004796,0.001414,0.000295,-0.001196,0.000179,0.521384,0.019213,0.452780,0.172876,0.029467,0.411021,-0.056000,-0.753187
18.854000,1.542434,-0.328939,-1.250832,1.521452,0.431703,-2.333571,2.333571,3.000000,1.581513,0.004810,0.001365,-0.000088,0.000799,-0.001372,0.521384,0.019217,0.452778,0.172924,0.029481,0.411021,-0.056000,-0.739981
18.864000,1.556712,-0.359901,-1.191672,1.535730,0.400741,-2.274411,2.274411,3.000000,1.587155,0.004838,0.001262,-0.000089,-0.000102,-0.000854,0.521384,0.019213,0.452779,0.172973,0.029494,0.411021,-0.056000,-0.744394
18.874000,1.595106,-0.394082,-1.216998,1.574124,0.366560,-2.299738,2.299738,3.000000,1.616240,0.004870,0.001134,-0.000217,-0.000245,0.000305,0.521383,0.019214,0.452780,0.173021,0.029506,0.411021,-0.056000,-0.754248
18.884000,1.657309,-0.361298,-1.278187,1.636327,0.399344,-2.360926,2.360926,3.000000,1.684352,0.004857,0.001185,-0.000174,0.001085,0.000591,0.521385,0.019217,0.452782,0.173070,0.029518,0.411021,-0.056000,-0.756716
18.894000,1.609674,-0.361415,-1.240144,1.588692,0.399227,-2.322883,2.322883,3.000000,1.638086,0.004849,0.001219,0.000590,-0.000355,-0.000611,0.521386,0.019213,0.452782,0.173118,0.029530,0.411021,-0.056000,-0.746513
18.904000,1.565187,-0.370196,-1.248783,1.544205,0.390446,-2.331522,2.331522,3.000000,1.592802,0.004847,0.001226,-0.000070,0.001043,0.001205,0.521385,0.019214,0.452785,0.173167,0.029543,0.411021,-0.056000,-0.761974
18.914000,1.522601,-0.317284,-1.291504,1.501619,0.443358,-2.374243,2.374243,3.000000,1.565703,0.004795,0.001416,0.000031,0.000568,-0.000327,0.521385,0.019214,0.452785,0.173215,0.029555,0.411021,-0.056000,-0.748964
18.924000,1.440937,-0.319385,-1.261643,1.419955,0.441257,-2.344382,2.344382,3.000000,1.486936,0.004775,0.001484,0.000321,0.000331,0.000567,0.521386,0.019216,0.452787,0.173263,0.029570,0.411021,-0.056000,-0.756590
18.934000,1.496891,-0.345886,-1.363604,1.475909,0.414756,-2.446343,2.446343,3.000000,1.533078,0.004814,0.001353,-0.000062,0.000035,0.001352,0.521387,0.019215,0.452795,0.173311,0.029584,0.411021,-0.056000,-0.763403
18.944000,1.514869,-0.333326,-1.478065,1.493887,0.427316,-2.560804,2.560804,3.000000,1.553801,0.004807,0.001375,0.000269,0.000102,0.001877,0.521388,0.019218,0.452808,0.173359,0.029598,0.411021,-0.056000,-0.768081
18.954000,1.395685,-0.353104,-1.541587,1.374703,0.407538,-2.624326,2.624326,3.000000,1.433840,0.004794,0.001421,0.000269,-0.000740,-0.000023,0.521388,0.019217,0.452811,0.173407,0.029612,0.411021,-0.056000,-0.752015
18.964000,1.410085,-0.328819,-1.667669,1.389103,0.431823,-2.750409,2.750409,3.000000,1.454675,0.004775,0.001484,-0.000281,-0.000049,0.000933,0.521386,0.019219,0.452820,0.173455,0.029627,0.411021,-0.056000,-0.760299
18.974000,1.401068,-0.338509,-1.791754,1.380086,0.422133,-2.874493,2.874493,3.000000,1.443203,0.004781,0.001462,-0.000270,0.000189,0.001776,0.521384,0.019221,0.452828,0.173502,0.029642,0.411021,-0.056000,-0.767588
18.984000,1.412100,-0.338647,-1.946293,1.391118,0.421995,-3.029032,3.029032,3.000000,1.453716,0.004785,0.001451,0.000040,-0.000366,0.002423,0.521384,0.019218,0.452850,0.173550,0.029656,0.411021,-0.056000,-0.773479
18.994000,1.322153,-0.386397,-2.007001,1.301171,0.374245,-3.089740,3.089740,3.000000,1.353922,0.004805,0.001382,-0.000649,0.000886,0.001641,0.521378,0.019222,0.452871,0.173598,0.029670,0.411021,-0.056000,-0.767222
19.004000,1.291585,-0.386303,-2.112467,1.270603,0.374339,-3.195206,3.195206,3.000000,1.324599,0.004796,0.001413,-0.000418,-0.000612,0.001897,0.521374,0.019218,0.452896,0.173646,0.029684,0.411021,-0.056000,-0.769845
19.014000,1.212820,-0.396119,-2.205074,1.191838,0.364523,-3.287813,3.287813,3.000000,1.246337,0.004781,0.001462,-0.000095,-0.000232,0.003526,0.521371,0.019220,0.452925,0.173694,0.029698,0.411021,-0.056000,-0.784187
19.024000,1.074188,-0.382878,-2.285488,1.053206,0.377764,-3.368227,3.368227,3.000000,1.118905,0.004706,0.001688,-0.000619,0.000013,0.002597,0.521367,0.019222,0.452952,0.173742,0.029714,0.411021,-0.056000,-0.776789
19.034000,1.050734,-0.383797,-2.343175,1.029752,0.376845,-3.425914,3.425914,3.000000,1.096541,0.004695,0.001718,-0.000205,0.001414,0.001895,0.521362,0.019224,0.452978,0.173789,0.029731,0.411021,-0.056000,-0.771310
19.044000,0.987709,-0.374794,-2.344830,0.966727,0.385848,-3.427569,3.427569,3.000000,1.040884,0.004644,0.001853,-0.000905,0.000416,0.003784,0.521353,0.019222,0.453014,0.173835,0.029749,0.411021,-0.056000,-0.787987
19.054000,1.129918,-0.333964,-2.470301,1.108936,0.426678,-3.553041,3.553041,3.000000,1.188189,0.004666,0.001795,-0.000336,-0.000135,0.003804,0.521345,0.019221,0.453052,0.173882,0.029767,0.411021,-0.056000,-0.788836
19.064000,1.185370,-0.301004,-2.506937,1.164388,0.459638,-3.589676,3.589676,3.000000,1.251825,0.004651,0.001836,-0.001091,-0.000671,0.004167,0.521334,0.019222,0.453099,0.173928,0.029785,0.411021,-0.056000,-0.792760
19.074000,1.237434,-0.304521,-2.572941,1.216452,0.456121,-3.655680,3.655680,3.000000,1.299154,0.004682,0.001755,-0.000999,0.000326,0.004822,0.521324,0.019224,0.453149,0.173975,0.029803,0.411021,-0.056000,-0.799214
19.084000,1.197842,-0.372907,-2.550330,1.176860,0.387735,-3.633069,3.633069,3.000000,1.239088,0.004749,0.001565,-0.001359,0.000374,0.005718,0.521311,0.019227,0.453202,0.174022,0.029820,0.411021,-0.056000,-0.807775
19.094000,1.071011,-0.347151,-2.548822,1.050029,0.413491,-3.631561,3.631561,3.000000,1.128511,0.004652,0.001832,-0.001444,-0.001108,0.006641,0.521297,0.019225,0.453259,0.174069,0.029837,0.411021,-0.056000,-0.816638
19.104000,0.878930,-0.325084,-2.460710,0.857948,0.435558,-3.543449,3.543449,3.000000,0.962178,0.000000,0.000000,-0.001416,-0.000040,0.005679,0.521285,0.019228,0.453313,0.174101,0.029851,0.411021,-0.056000,-0.809442
19.114000,0.838627,-0.324714,-2.476281,0.817645,0.435928,-3.559020,3.559020,3.000000,0.926594,0.000000,0.000000,-0.001126,0.000312,0.005104,0.521274,0.019230,0.453369,0.174101,0.029851,0.411021,-0.056000,-0.805566
19.124000,0.771620,-0.361609,-2.420910,0.750638,0.399033,-3.503649,3.503649,3.000000,0.850108,0.000000,0.000000,-0.001551,0.000362,0.004984,0.521259,0.019233,0.453424,0.174101,0.029851,0.411021,-0.056000,-0.805531
19.134000,0.771254,-0.349092,-2.455539,0.750273,0.411550,-3.538278,3.538278,3.000000,0.855735,0.000000,0.000000,-0.001583,0.001276,0.004816,0.521246,0.019237,0.453481,0.174101,0.029851,0.411021,-0.056000,-0.805143
19.144000,0.818162,-0.340905,-2.504143,0.797180,0.419737,-3.586882,3.586882,3.000000,0.900930,0.000000,0.000000,-0.001763,0.000402,0.006174,0.521230,0.019237,0.453546,0.174101,0.029851,0.411021,-0.056000,-0.817830
19.154000,0.842239,-0.334830,-2.561573,0.821257,0.425812,-3.644312,3.644312,3.000000,0.925083,0.000000,0.000000,-0.001228,0.000877,0.008039,0.521215,0.019239,0.453624,0.174101,0.029851,0.411021,-0.056000,-0.835069
19.164000,0.845555,-0.386773,-2.573406,0.824573,0.373869,-3.656145,3.656145,3.000000,0.905373,0.000000,0.000000,-0.002016,-0.000097,0.008445,0.521196,0.019238,0.453698,0.174101,0.029851,0.411021,-0.056000,-0.839848
19.174000,0.814025,-0.397314,-2.580197,0.793043,0.363328,-3.662936,3.662936,3.000000,0.872309,0.000000,0.000000,-0.002232,0.000255,0.008574,0.521177,0.019239,0.453776,0.174101,0.029851,0.411021,-0.056000,-0.842344
19.184000,0.701383,-0.377280,-2.568680,0.680401,0.383362,-3.651420,3.651420,3.000000,0.780969,0.000000,0.000000,-0.002013,0.000246,0.007655,0.521159,0.019240,0.453857,0.174101,0.029851,0.411021,-0.056000,-0.835998
19.194000,0.584638,-0.363588,-2.525915,0.563656,0.397054,-3.608654,3.608654,3.000000,0.689464,0.000000,0.000000,-0.001562,0.000359,0.009427,0.521141,0.019242,0.453943,0.174101,0.029851,0.411021,-0.056000,-0.852576
19.204000,0.530575,-0.352672,-2.545321,0.509593,0.407970,-3.628060,3.628060,3.000000,0.652782,0.000000,0.000000,-0.002112,0.000730,0.008514,0.521120,0.019243,0.454024,0.174101,0.029851,0.411021,-0.056000,-0.846299
19.214000,0.482988,-0.390217,-2.493124,0.462007,0.370425,-3.575863,3.575863,3.000000,0.592170,0.000000,0.000000,-0.002184,0.000164,0.008574,0.521100,0.019244,0.454111,0.174101,0.029851,0.411021,-0.056000,-0.848374
19.224000,0.417774,-0.289862,-2.440117,0.396792,0.470781,-3.522856,3.522856,3.000000,0.615693,0.000000,0.000000,-0.002443,-0.000726,0.009383,0.521077,0.019245,0.454204,0.174101,0.029851,0.411021,-0.056000,-0.856914
19.234000,0.433045,-0.320666,-2.454991,0.412063,0.439976,-3.537730,3.537730,3.000000,0.602806,0.000000,0.000000,-0.002188,-0.000264,0.009333,0.521056,0.019246,0.454297,0.174101,0.029851,0.411021,-0.056000,-0.858167
19.244000,0.501631,-0.308862,-2.473828,0.480649,0.451781,-3.556567,3.556567,3.000000,0.659643,0.000000,0.000000,-0.002201,0.000286,0.010827,0.521031,0.019252,0.454402,0.174101,0.029851,0.411021,-0.056000,-0.872725
19.254000,0.533337,-0.335670,-2.473757,0.512355,0.424972,-3.556496,3.556496,3.000000,0.665664,0.000000,0.000000,-0.002817,-0.000397,0.010401,0.521005,0.019255,0.454506,0.174101,0.029851,0.411021,-0.056000,-0.870994
19.264000,0.494212,-0.329853,-2.427155,0.473230,0.430789,-3.509894,3.509894,3.000000,0.639942,0.000000,0.000000,-0.002449,-0.000046,0.010258,0.520982,0.019258,0.454609,0.174101,0.029851,0.411021,-0.056000,-0.871617
19.274000,0.426935,-0.362767,-2.376111,0.405953,0.397875,-3.458850,3.458850,3.000000,0.568421,0.000000,0.000000,-0.001713,0.000079,0.009276,0.520960,0.019259,0.454703,0.174101,0.029851,0.411021,-0.056000,-0.864988
19.284000,0.386707,-0.376938,-2.295215,0.365725,0.383704,-3.377955,3.377955,3.000000,0.530079,0.000000,0.000000,-0.002000,0.000616,0.010286,0.520937,0.019262,0.454803,0.174101,0.029851,0.411021,-0.056000,-0.875353
19.294000,0.367834,-0.367268,-2.249122,0.346852,0.393374,-3.331861,3.331861,3.000000,0.524452,0.000000,0.000000,-0.001971,0.000878,0.010244,0.520914,0.019268,0.454898,0.174101,0.029851,0.411021,-0.056000,-0.876707
19.304000,0.410383,-0.333189,-2.241408,0.389401,0.427453,-3.324148,3.324148,3.000000,0.578229,0.000000,0.000000,-0.002310,0.000453,0.009249,0.520891,0.019270,0.454989,0.174101,0.029851,0.411021,-0.056000,-0.869903
19.314000,0.436119,-0.344902,-2.197207,0.415137,0.415740,-3.279946,3.279946,3.000000,0.587519,0.000000,0.000000,-0.002152,0.001164,0.009453,0.520869,0.019273,0.455082,0.174101,0.029851,0.411021,-0.056000,-0.873315
19.324000,0.503763,-0.390911,-2.197496,0.482781,0.369731,-3.280235,3.280235,3.000000,0.608094,0.000000,0.000000,-0.001995,-0.000123,0.010266,0.520848,0.019273,0.455178,0.174101,0.029851,0.411021,-0.056000,-0.881935
19.334000,0.483789,-0.387749,-2.142156,0.462807,0.372893,-3.224895,3.224895,3.000000,0.594340,0.000000,0.000000,-0.002047,-0.000029,0.008616,0.520826,0.019272,0.455267,0.174101,0.029851,0.411021,-0.056000,-0.869536
19.344000,0.346018,-0.356544,-2.045933,0.325036,0.404098,-3.128672,3.128672,3.000000,0.518598,0.000000,0.000000,-0.002201,0.001649,0.007024,0.520807,0.019279,0.455349,0.174101,0.029851,0.411021,-0.056000,-0.857497
19.354000,0.286851,-0.368404,-1.987104,0.265869,0.392238,-3.069843,3.069843,3.000000,0.473854,0.000000,0.000000,-0.001942,0.000872,0.007058,0.520788,0.019278,0.455426,0.174101,0.029851,0.411021,-0.056000,-0.859174
19.364000,0.312167,-0.305160,-1.975781,0.291185,0.455482,-3.058520,3.058520,3.000000,0.540604,0.000000,0.000000,-0.001702,-0.000286,0.006797,0.520771,0.019276,0.455497,0.174101,0.029851,0.411021,-0.056000,-0.858233
19.374000,0.334358,-0.381475,-1.946871,0.313376,0.379167,-3.029610,3.029610,3.000000,0.491907,0.000000,0.000000,-0.001708,0.001111,0.007033,0.520753,0.019280,0.455564,0.174101,0.029851,0.411021,-0.056000,-0.861452
19.384000,0.324161,-0.344748,-1.895512,0.303179,0.415894,-2.978251,2.978251,3.000000,0.514671,0.000000,0.000000,-0.001805,0.000102,0.006423,0.520738,0.019278,0.455633,0.174101,0.029851,0.411021,-0.056000,-0.857515
19.394000,0.486623,-0.336861,-1.946667,0.465641,0.423781,-3.029406,3.029406,3.000000,0.629613,0.000000,0.000000,-0.001745,0.000676,0.006666,0.520722,0.019282,0.455697,0.174101,0.029851,0.411021,-0.056000,-0.860725
19.404000,0.565035,-0.300783,-1.904667,0.544053,0.459859,-2.987407,2.987407,3.000000,0.712365,0.000000,0.000000,-0.001774,0.000685,0.006326,0.520707,0.019283,0.455757,0.174101,0.029851,0.411021,-0.056000,-0.858915
19.414000,0.583287,-0.324079,-1.908545,0.562305,0.436563,-2.991284,2.991284,3.000000,0.711881,0.000000,0.000000,-0.001572,-0.000474,0.006069,0.520694,0.019284,0.455814,0.174101,0.029851,0.411021,-0.056000,-0.857766
19.424000,0.515941,-0.306119,-1.857862,0.494959,0.454523,-2.940601,2.940601,3.000000,0.671994,0.000000,0.000000,-0.001335,-0.000534,0.004979,0.520680,0.019283,0.455871,0.174101,0.029851,0.411021,-0.056000,-0.849552
19.434000,0.450422,-0.299332,-1.782314,0.429440,0.461310,-2.865053,2.865053,3.000000,0.630258,0.000000,0.000000,-0.001290,-0.000799,0.004153,0.520668,0.019286,0.455923,0.174101,0.029851,0.411021,-0.056000,-0.843483
19.444000,0.401092,-0.319152,-1.785327,0.380110,0.441490,-2.868066,2.868066,3.000000,0.582578,0.000000,0.000000,-0.001287,-0.000318,0.004854,0.520656,0.019290,0.455975,0.174101,0.029851,0.411021,-0.056000,-0.850350
19.454000,0.402336,-0.356328,-1.771529,0.381354,0.404314,-2.854268,2.854268,3.000000,0.555789,0.000000,0.000000,-0.001236,0.000102,0.005024,0.520645,0.019291,0.456021,0.174101,0.029851,0.411021,-0.056000,-0.852633
19.464000,0.406805,-0.331093,-1.823886,0.385823,0.429549,-2.906626,2.906626,3.000000,0.577383,0.000000,0.000000,-0.000728,0.000804,0.005966,0.520636,0.019295,0.456066,0.174101,0.029851,0.411021,-0.056000,-0.861430
19.474000,0.394108,-0.359906,-1.806731,0.373126,0.400736,-2.889470,2.889470,3.000000,0.547551,0.000000,0.000000,-0.001030,0.001173,0.004004,0.520625,0.019295,0.456107,0.174101,0.029851,0.411021,-0.056000,-0.845528
19.484000,0.441662,-0.409434,-1.808387,0.420680,0.351208,-2.891126,2.891126,3.000000,0.548013,0.000000,0.000000,-0.001229,-0.000143,0.003863,0.520613,0.019292,0.456149,0.174101,0.029851,0.411021,-0.056000,-0.845087
19.494000,0.505339,-0.400653,-1.852905,0.484357,0.359989,-2.935644,2.935644,3.000000,0.603485,0.000000,0.000000,-0.000676,0.000082,0.005115,0.520604,0.019294,0.456199,0.174101,0.029851,0.411021,-0.056000,-0.856593
19.504000,0.555145,-0.349039,-1.905481,0.534163,0.411603,-2.988220,2.988220,3.000000,0.674350,0.000000,0.000000,-0.001162,0.000293,0.004756,0.520592,0.019296,0.456247,0.174101,0.029851,0.411021,-0.056000,-0.854416
19.514000,0.531839,-0.332964,-1.877792,0.510857,0.427678,-2.960531,2.960531,3.000000,0.666246,0.000000,0.000000,-0.001166,-0.000407,0.004876,0.520581,0.019292,0.456295,0.174101,0.029851,0.411021,-0.056000,-0.856299
19.524000,0.541245,-0.318207,-1.856327,0.520263,0.442435,-2.939066,2.939066,3.000000,0.682951,0.000000,0.000000,-0.000740,-0.000620,0.004028,0.520571,0.019293,0.456335,0.174101,0.029851,0.411021,-0.056000,-0.849821
19.534000,0.520484,-0.296044,-1.849320,0.499502,0.464598,-2.932059,2.932059,3.000000,0.682168,0.000000,0.000000,-0.000691,-0.000192,0.005079,0.520561,0.019293,0.456382,0.174101,0.029851,0.411021,-0.056000,-0.859585
19.544000,0.582944,-0.334674,-1.885706,0.561962,0.425968,-2.968445,2.968445,3.000000,0.705160,0.000000,0.000000,-0.000890,0.000440,0.003239,0.520551,0.019297,0.456420,0.174101,0.029851,0.411021,-0.056000,-0.844656
19.554000,0.633657,-0.333055,-1.885862,0.612675,0.427587,-2.968601,2.968601,3.000000,0.747129,0.000000,0.000000,-0.000827,-0.000150,0.004920,0.520542,0.019295,0.456468,0.174101,0.029851,0.411021,-0.056000,-0.859800
19.564000,0.725355,-0.376013,-1.949872,0.704373,0.384629,-3.032611,3.032611,3.000000,0.802546,0.000000,0.000000,-0.000857,0.001903,0.005563,0.520530,0.019302,0.456514,0.174101,0.029851,0.411021,-0.056000,-0.866064
19.574000,0.713059,-0.311507,-1.952005,0.692077,0.449136,-3.034744,3.034744,3.000000,0.825042,0.000000,0.000000,-0.000754,0.000596,0.005030,0.520519,0.019301,0.456559,0.174101,0.029851,0.411021,-0.056000,-0.862355
19.584000,0.757987,-0.306493,-1.990404,0.737005,0.454149,-3.073143,3.073143,3.000000,0.865695,0.000000,0.000000,-0.001114,-0.000115,0.004021,0.520506,0.019301,0.456604,0.174101,0.029851,0.411021,-0.056000,-0.854608
19.594000,0.697466,-0.290088,-1.988069,0.676484,0.470554,-3.070809,3.070809,3.000000,0.824046,0.000000,0.000000,-0.000850,0.001478,0.005107,0.520496,0.019304,0.456653,0.174101,0.029851,0.411021,-0.056000,-0.864702
19.604000,0.724456,-0.351295,-1.985939,0.703475,0.409347,-3.068679,3.068679,3.000000,0.813905,0.000000,0.000000,-0.000882,-0.000807,0.004427,0.520485,0.019300,0.456697,0.174101,0.029851,0.411021,-0.056000,-0.859724
19.614000,0.691548,-0.310957,-1.968370,0.670566,0.449685,-3.051110,3.051110,3.000000,0.807388,0.000000,0.000000,-0.001268,0.000088,0.003697,0.520473,0.019305,0.456738,0.174101,0.029851,0.411021,-0.056000,-0.854282
19.624000,0.655089,-0.288879,-1.939821,0.634107,0.471764,-3.022560,3.022560,3.000000,0.790350,0.000000,0.000000,-0.000799,0.000128,0.004241,0.520464,0.019308,0.456783,0.174101,0.029851,0.411021,-0.056000,-0.859699
19.634000,0.648383,-0.317967,-1.957093,0.627401,0.442675,-3.039832,3.039832,3.000000,0.767849,0.000000,0.000000,-0.000751,-0.000467,0.004077,0.520455,0.019307,0.456822,0.174101,0.029851,0.411021,-0.056000,-0.859010
19.644000,0.667108,-0.329162,-1.923668,0.646126,0.431480,-3.006407,3.006407,3.000000,0.776952,0.000000,0.000000,-0.001093,-0.000321,0.004110,0.520444,0.019308,0.456863,0.174101,0.029851,0.411021,-0.056000,-0.860032
19.654000,0.748440,-0.380509,-1.915919,0.727458,0.380133,-2.998658,2.998658,3.000000,0.820790,0.000000,0.000000,-0.000674,-0.000312,0.005765,0.520435,0.019311,0.456908,0.174101,0.029851,0.411021,-0.056000,-0.874878
19.664000,0.824687,-0.355475,-1.934801,0.803705,0.405167,-3.017541,3.017541,3.000000,0.900056,0.000000,0.000000,-0.000992,0.000719,0.003362,0.520425,0.019313,0.456944,0.174101,0.029851,0.411021,-0.056000,-0.855130
19.674000,0.736062,-0.384218,-1.884475,0.715080,0.376424,-2.967214,2.967214,3.000000,0.808106,0.000000,0.000000,-0.000668,0.000857,0.003595,0.520417,0.019311,0.456979,0.174101,0.029851,0.411021,-0.056000,-0.857745
19.684000,0.716713,-0.385210,-1.834000,0.695731,0.375432,-2.916739,2.916739,3.000000,0.790564,0.000000,0.000000,-0.000666,0.000670,0.002661,0.520410,0.019311,0.457009,0.174101,0.029851,0.411021,-0.056000,-0.850362
19.694000,0.620519,-0.374174,-1.769524,0.599537,0.386468,-2.852263,2.852263,3.000000,0.713304,0.000000,0.000000,-0.000510,0.001468,0.003039,0.520403,0.019315,0.457038,0.174101,0.029851,0.411021,-0.056000,-0.854096
19.704000,0.599974,-0.345009,-1.763653,0.578992,0.415633,-2.846392,2.846392,3.000000,0.712729,0.000000,0.000000,-0.000373,0.000702,0.001627,0.520397,0.019313,0.457060,0.174101,0.029851,0.411021,-0.056000,-0.842499
19.714000,0.561063,-0.304545,-1.697750,0.540081,0.456097,-2.780489,2.780489,3.000000,0.706904,0.000000,0.000000,-0.000711,0.000428,0.001772,0.520391,0.019312,0.457077,0.174101,0.029851,0.411021,-0.056000,-0.844050
19.724000,0.543713,-0.321057,-1.713312,0.522731,0.439585,-2.796051,2.796051,3.000000,0.682995,0.000000,0.000000,-0.000311,-0.000655,0.001993,0.520387,0.019311,0.457095,0.174101,0.029851,0.411021,-0.056000,-0.846234
19.734000,0.545154,-0.309468,-1.654631,0.524172,0.451174,-2.737370,2.737370,3.000000,0.691603,0.000000,0.000000,-0.000713,0.000339,-0.000608,0.520385,0.019315,0.457102,0.174101,0.029851,0.411021,-0.056000,-0.824305
19.744000,0.486521,-0.266783,-1.587335,0.465539,0.493859,-2.670074,2.670074,3.000000,0.678692,0.000000,0.000000,-0.000443,-0.001067,-0.000203,0.520382,0.019312,0.457110,0.174101,0.029851,0.411021,-0.056000,-0.827875
19.754000,0.475043,-0.318224,-1.617131,0.454061,0.442418,-2.699870,2.699870,3.000000,0.633960,0.000000,0.000000,-0.000548,-0.000356,-0.000080,0.520381,0.019313,0.457115,0.174101,0.029851,0.411021,-0.056000,-0.829009
19.764000,0.518920,-0.326967,-1.620536,0.497938,0.433675,-2.703275,2.703275,3.000000,0.660316,0.000000,0.000000,-0.000307,0.000693,-0.000927,0.520381,0.019316,0.457111,0.174101,0.029851,0.411021,-0.056000,-0.821748
19.774000,0.524034,-0.359340,-1.567111,0.503052,0.401302,-2.649850,2.649850,3.000000,0.643510,0.000000,0.000000,0.000037,0.000076,-0.000240,0.520381,0.019315,0.457110,0.174101,0.029851,0.411021,-0.056000,-0.827572
19.784000,0.538685,-0.374145,-1.528383,0.517703,0.386498,-2.611122,2.611122,3.000000,0.646063,0.000000,0.000000,0.000530,0.001159,0.000123,0.520381,0.019317,0.457110,0.174101,0.029851,0.411021,-0.056000,-0.830648
19.794000,0.610127,-0.370889,-1.587541,0.589145,0.389753,-2.670280,2.670280,3.000000,0.706399,0.000000,0.000000,-0.000355,0.000969,-0.000088,0.520380,0.019316,0.457109,0.174101,0.029851,0.411021,-0.056000,-0.828841
19.804000,0.633451,-0.383747,-1.520605,0.612469,0.376895,-2.603344,2.603344,3.000000,0.719144,0.000000,0.000000,0.000201,-0.000831,0.000696,0.520380,0.019314,0.457109,0.174101,0.029851,0.411021,-0.056000,-0.835483
19.814000,0.606063,-0.296711,-1.494327,0.585081,0.463931,-2.577066,2.577066,3.000000,0.746694,0.000000,0.000000,0.000145,0.000269,-0.000469,0.520380,0.019316,0.457104,0.174101,0.029851,0.411021,-0.056000,-0.825511
19.824000,0.668980,-0.376742,-1.507760,0.647998,0.383900,-2.590499,2.590499,3.000000,0.753180,0.000000,0.000000,-0.000096,0.001108,0.000984,0.520379,0.019316,0.457107,0.174101,0.029851,0.411021,-0.056000,-0.837895
19.834000,0.668305,-0.331276,-1.476504,0.647323,0.429366,-2.559243,2.559243,3.000000,0.776776,0.000000,0.000000,-0.000222,0.000116,0.000445,0.520379,0.019314,0.457105,0.174101,0.029851,0.411021,-0.056000,-0.833285
19.844000,0.729714,-0.366718,-1.492617,0.708732,0.393924,-2.575356,2.575356,3.000000,0.810849,0.000000,0.000000,-0.000052,0.000072,0.000309,0.520379,0.019314,0.457105,0.174101,0.029851,0.411021,-0.056000,-0.832124
19.854000,0.709588,-0.338685,-1.442237,0.688606,0.421957,-2.524976,2.524976,3.000000,0.807605,0.000000,0.000000,0.000172,-0.001112,0.000137,0.520378,0.019313,0.457104,0.174101,0.029851,0.411021,-0.056000,-0.830643
19.864000,0.747376,-0.366189,-1.393819,0.726394,0.394453,-2.476559,2.476559,3.000000,0.826584,0.000000,0.000000,-0.000157,0.001309,0.000265,0.520379,0.019316,0.457108,0.174101,0.029851,0.411021,-0.056000,-0.831812
19.874000,0.750859,-0.382638,-1.352889,0.729877,0.378004,-2.435628,2.435628,3.000000,0.821953,0.000000,0.000000,0.000018,0.000033,-0.000105,0.520378,0.019314,0.457104,0.174101,0.029851,0.411021,-0.056000,-0.828594
19.884000,0.746668,-0.305383,-1.363657,0.725686,0.455259,-2.446397,2.446397,3.000000,0.856669,0.000000,0.000000,0.000118,0.000536,-0.000047,0.520379,0.019317,0.457107,0.174101,0.029851,0.411021,-0.056000,-0.829143
19.894000,0.766912,-0.323808,-1.344614,0.745930,0.436834,-2.427354,2.427354,3.000000,0.864428,0.000000,0.000000,-0.000399,0.000986,0.000199,0.520378,0.019317,0.457109,0.174101,0.029851,0.411021,-0.056000,-0.831270
19.904000,0.813989,-0.348614,-1.390232,0.793007,0.412028,-2.472971,2.472971,3.000000,0.893660,0.000000,0.000000,0.000181,0.001697,0.000720,0.520379,0.019320,0.457109,0.174101,0.029851,0.411021,-0.056000,-0.835689
19.914000,0.746271,-0.374336,-1.359039,0.725289,0.386306,-2.441778,2.441778,3.000000,0.821752,0.000000,0.000000,-0.000372,-0.001171,-0.000135,0.520378,0.019312,0.457108,0.174101,0.029851,0.411021,-0.056000,-0.828409
19.924000,0.798636,-0.370014,-1.400366,0.777655,0.390628,-2.483105,2.483105,3.000000,0.870251,0.000000,0.000000,-0.000104,-0.001008,-0.000257,0.520379,0.019313,0.457106,0.174101,0.029851,0.411021,-0.056000,-0.827338
19.934000,0.751092,-0.389715,-1.381907,0.730110,0.370927,-2.464646,2.464646,3.000000,0.818931,0.000000,0.000000,0.000188,0.000158,-0.000480,0.520379,0.019315,0.457107,0.174101,0.029851,0.411021,-0.056000,-0.825463
19.944000,0.720284,-0.412559,-1.364771,0.699302,0.348083,-2.447511,2.447511,3.000000,0.781144,0.000000,0.000000,-0.000105,0.000190,-0.000327,0.520379,0.019316,0.457106,0.174101,0.029851,0.411021,-0.056000,-0.826745
19.954000,0.738700,-0.407377,-1.364219,0.717718,0.353265,-2.446958,2.446958,3.000000,0.799947,0.000000,0.000000,0.000147,-0.000165,-0.000155,0.520379,0.019315,0.457106,0.174101,0.029851,0.411021,-0.056000,-0.828199
19.964000,0.755492,-0.408753,-1.336416,0.734510,0.351889,-2.419156,2.419156,3.000000,0.814451,0.000000,0.000000,-0.000221,0.000575,-0.000492,0.520379,0.019317,0.457107,0.174101,0.029851,0.411021,-0.056000,-0.825364
19.974000,0.753347,-0.391762,-1.367773,0.732365,0.368880,-2.450512,2.450512,3.000000,0.820019,0.000000,0.000000,-0.000037,-0.000744,-0.000129,0.520379,0.019312,0.457108,0.174101,0.029851,0.411021,-0.056000,-0.828458
19.984000,0.780454,-0.392366,-1.410901,0.759472,0.368276,-2.493640,2.493640,3.000000,0.844052,0.000000,0.000000,-0.000036,-0.000702,0.000470,0.520379,0.019315,0.457111,0.174101,0.029851,0.411021,-0.056000,-0.833608
19.994000,0.833480,-0.350517,-1.495133,0.812498,0.410125,-2.577872,2.577872,3.000000,0.910140,0.000000,0.000000,-0.000218,-0.000684,-0.000126,0.520377,0.019314,0.457113,0.174101,0.029851,0.411021,-0.056000,-0.828589
20.004000,0.918389,-0.344154,-1.531756,0.897407,0.416489,-2.614495,2.614495,3.000000,0.989345,0.000000,0.000000,-0.000435,-0.001180,0.000027,0.520377,0.019312,0.457124,0.174101,0.029851,0.411021,-0.056000,-0.830088
20.014000,1.003350,-0.361748,-1.600942,0.982368,0.398894,-2.683681,2.683681,3.000000,1.060266,0.004633,0.001881,0.000005,-0.000359,0.001160,0.520378,0.019313,0.457137,0.174142,0.029869,0.411021,-0.056000,-0.839921
20.024000,1.082886,-0.377635,-1.705517,1.061904,0.383007,-2.788256,2.788256,3.000000,1.128864,0.004703,0.001696,0.000178,-0.001314,0.002091,0.520375,0.019311,0.457154,0.174189,0.029887,0.411021,-0.056000,-0.848127
20.034000,1.150805,-0.358491,-1.783154,1.129823,0.402151,-2.865894,2.865894,3.000000,1.199260,0.004710,0.001677,-0.000405,-0.000476,0.002237,0.520370,0.019315,0.457172,0.174236,0.029904,0.411021,-0.056000,-0.849693
20.044000,1.256237,-0.315831,-1.916013,1.235255,0.444811,-2.998753,2.998753,3.000000,1.312902,0.004704,0.001694,-0.000436,-0.000205,0.002600,0.520364,0.019313,0.457196,0.174283,0.029921,0.411021,-0.056000,-0.853208
20.054000,1.242552,-0.335682,-1.957287,1.221570,0.424960,-3.040026,3.040026,3.000000,1.293377,0.004722,0.001643,-0.000285,0.000507,0.003223,0.520359,0.019316,0.457231,0.174330,0.029937,0.411021,-0.056000,-0.859122
20.064000,1.120148,-0.326996,-2.014138,1.099167,0.433646,-3.096877,3.096877,3.000000,1.181616,0.004651,0.001835,-0.000529,0.000563,0.003032,0.520352,0.019316,0.457264,0.174377,0.029955,0.411021,-0.056000,-0.858107
20.074000,1.066552,-0.331555,-2.053158,1.045570,0.429087,-3.135897,3.135897,3.000000,1.130191,0.004626,0.001898,-0.000552,0.000056,0.002383,0.520344,0.019318,0.457297,0.174424,0.029973,0.411021,-0.056000,-0.853188
20.084000,0.966815,-0.300287,-2.074464,0.945833,0.460355,-3.157203,3.157203,3.000000,1.051916,0.004496,0.002188,-0.000741,0.000151,0.002971,0.520336,0.019320,0.457330,0.174469,0.029994,0.411021,-0.056000,-0.858763
20.094000,0.913654,-0.311994,-2.096113,0.892672,0.448648,-3.178852,3.178852,3.000000,0.999074,0.000000,0.000000,-0.001070,0.000409,0.002874,0.520327,0.019319,0.457361,0.174510,0.030014,0.411021,-0.056000,-0.858510
20.104000,0.950381,-0.342890,-2.148249,0.929399,0.417752,-3.230988,3.230988,3.000000,1.018970,0.004560,0.002050,-0.000656,-0.000534,0.004435,0.520319,0.019322,0.457401,0.174532,0.030024,0.411021,-0.056000,-0.872467
20.114000,0.884515,-0.313708,-2.142815,0.863533,0.446934,-3.225554,3.225554,3.000000,0.972337,0.000000,0.000000,-0.001024,0.001034,0.003723,0.520309,0.019328,0.457433,0.174550,0.030033,0.411021,-0.056000,-0.866994
20.124000,0.869622,-0.350790,-2.117036,0.848640,0.409852,-3.199775,3.199775,3.000000,0.942427,0.000000,0.000000,-0.000700,0.000727,0.003101,0.520300,0.019329,0.457471,0.174550,0.030033,0.411021,-0.056000,-0.862403
20.134000,0.815316,-0.382027,-2.030422,0.794334,0.378615,-3.113161,3.113161,3.000000,0.879952,0.000000,0.000000,-0.001030,0.000529,0.002799,0.520292,0.019329,0.457504,0.174550,0.030033,0.411021,-0.056000,-0.860430
20.144000,0.672861,-0.370975,-1.991805,0.651879,0.389667,-3.074544,3.074544,3.000000,0.759465,0.000000,0.000000,-0.000963,0.000152,0.001262,0.520285,0.019328,0.457525,0.174550,0.030033,0.411021,-0.056000,-0.847774
20.154000,0.464432,-0.364594,-1.873858,0.443450,0.396048,-2.956597,2.956597,3.000000,0.594560,0.000000,0.000000,-0.000406,-0.000079,0.000793,0.520281,0.019326,0.457538,0.174550,0.030033,0.411021,-0.056000,-0.844042
20.164000,0.333145,-0.336289,-1.763998,0.312163,0.424353,-2.846737,2.846737,3.000000,0.526803,0.000000,0.000000,-0.000386,-0.000903,0.000304,0.520280,0.019326,0.457544,0.174550,0.030033,0.411021,-0.056000,-0.839980
20.174000,0.307429,-0.327151,-1.657482,0.286448,0.433491,-2.740222,2.740222,3.000000,0.519583,0.000000,0.000000,-0.000223,-0.000196,-0.000565,0.520279,0.019326,0.457537,0.174550,0.030033,0.411021,-0.056000,-0.832489
20.184000,0.392878,-0.349589,-1.588295,0.371896,0.411053,-2.671034,2.671034,3.000000,0.554321,0.000000,0.000000,-0.000620,0.000742,-0.000450,0.520276,0.019327,0.457533,0.174550,0.030033,0.411021,-0.056000,-0.833399
20.194000,0.477871,-0.362878,-1.531590,0.456889,0.397764,-2.614329,2.614329,3.000000,0.605775,0.000000,0.000000,0.000294,0.000361,0.000285,0.520277,0.019327,0.457531,0.174550,0.030033,0.411021,-0.056000,-0.839601
20.204000,0.633606,-0.385422,-1.506378,0.612624,0.375220,-2.589118,2.589118,3.000000,0.718400,0.000000,0.000000,-0.000326,-0.000500,-0.000810,0.520276,0.019325,0.457527,0.174550,0.030033,0.411021,-0.056000,-0.830223
20.214000,0.665549,-0.382848,-1.434757,0.644567,0.377794,-2.517496,2.517496,3.000000,0.747124,0.000000,0.000000,-0.000067,-0.001357,-0.001293,0.520278,0.019322,0.457520,0.174550,0.030033,0.411021,-0.056000,-0.826012
20.224000,0.603222,-0.388669,-1.340170,0.582240,0.371973,-2.422909,2.422909,3.000000,0.690917,0.000000,0.000000,-0.000307,0.000776,-0.001048,0.520276,0.019328,0.457513,0.174550,0.030033,0.411021,-0.056000,-0.827953
20.234000,0.547582,-0.410831,-1.250109,0.526600,0.349811,-2.332848,2.332848,3.000000,0.632199,0.000000,0.000000,0.000003,-0.000041,-0.001928,0.520278,0.019324,0.457504,0.174550,0.030033,0.411021,-0.056000,-0.820330
20.244000,0.463633,-0.406664,-1.163015,0.442651,0.353978,-2.245754,2.245754,3.000000,0.566781,0.000000,0.000000,-0.000071,-0.000225,-0.000400,0.520277,0.019325,0.457499,0.174550,0.030033,0.411021,-0.056000,-0.833206
20.254000,0.472535,-0.379472,-1.136058,0.451553,0.381170,-2.218797,2.218797,3.000000,0.590923,0.000000,0.000000,0.000047,0.000867,-0.000763,0.520276,0.019328,0.457498,0.174550,0.030033,0.411021,-0.056000,-0.830098
20.264000,0.397989,-0.397312,-1.068124,0.377007,0.363330,-2.150864,2.150864,3.000000,0.523586,0.000000,0.000000,-0.000179,-0.001033,0.000287,0.520276,0.019325,0.457501,0.174550,0.030033,0.411021,-0.056000,-0.839071
20.274000,0.413347,-0.394756,-1.065696,0.392365,0.365886,-2.148435,2.148435,3.000000,0.536491,0.000000,0.000000,0.000053,0.000324,0.000689,0.520277,0.019327,0.457506,0.174550,0.030033,0.411021,-0.056000,-0.842567
20.284000,0.371453,-0.408088,-1.013672,0.350471,0.352554,-2.096411,2.096411,3.000000,0.497115,0.000000,0.000000,-0.000289,0.000196,0.000112,0.520276,0.019329,0.457506,0.174550,0.030033,0.411021,-0.056000,-0.837679
20.294000,0.395560,-0.403607,-1.074589,0.374578,0.357035,-2.157329,2.157329,3.000000,0.517477,0.000000,0.000000,-0.000333,-0.000522,0.000294,0.520275,0.019329,0.457511,0.174550,0.030033,0.411021,-0.056000,-0.839309
20.304000,0.460168,-0.433580,-1.037656,0.439186,0.327062,-2.120395,2.120395,3.000000,0.547589,0.000000,0.000000,0.000422,-0.000821,-0.000351,0.520276,0.019327,0.457514,0.174550,0.030033,0.411021,-0.056000,-0.833881
20.314000,0.463234,-0.439459,-0.998680,0.442252,0.321183,-2.081419,2.081419,3.000000,0.546576,0.000000,0.000000,-0.000104,-0.000456,-0.000311,0.520274,0.019329,0.457516,0.174550,0.030033,0.411021,-0.056000,-0.834264
20.324000,0.564368,-0.426720,-0.984048,0.543386,0.333922,-2.066788,2.066788,3.000000,0.637787,0.000000,0.000000,-0.000090,0.001461,-0.001014,0.520274,0.019330,0.457520,0.174550,0.030033,0.411021,-0.056000,-0.828366
20.334000,0.673615,-0.395758,-1.018077,0.652633,0.364884,-2.100817,2.100817,3.000000,0.747710,0.000000,0.000000,0.000195,-0.000402,0.000063,0.520275,0.019328,0.457522,0.174550,0.030033,0.411021,-0.056000,-0.837540
20.344000,0.735724,-0.377582,-1.050673,0.714742,0.383060,-2.133412,2.133412,3.000000,0.810920,0.000000,0.000000,0.000333,-0.000069,0.000589,0.520275,0.019328,0.457523,0.174550,0.030033,0.411021,-0.056000,-0.842031
20.354000,0.734521,-0.441410,-1.031384,0.713539,0.319232,-2.114123,2.114123,3.000000,0.781695,0.000000,0.000000,0.000258,-0.000425,0.000328,0.520276,0.019326,0.457519,0.174550,0.030033,0.411021,-0.056000,-0.839741
20.364000,0.770998,-0.358990,-1.065528,0.750016,0.401652,-2.148267,2.148267,3.000000,0.850793,0.000000,0.000000,0.000313,0.000166,-0.000793,0.520275,0.019327,0.457514,0.174550,0.030033,0.411021,-0.056000,-0.830149
20.374000,0.715621,-0.411879,-1.019522,0.694639,0.348763,-2.102261,2.102261,3.000000,0.777277,0.000000,0.000000,0.000089,0.000413,-0.001019,0.520276,0.019328,0.457513,0.174550,0.030033,0.411021,-0.056000,-0.828211
20.384000,0.704412,-0.412648,-1.049832,0.683430,0.347994,-2.132571,2.132571,3.000000,0.766927,0.000000,0.000000,-0.000064,0.000789,-0.000036,0.520276,0.019328,0.457513,0.174550,0.030033,0.411021,-0.056000,-0.836552
20.394000,0.656878,-0.429899,-1.064863,0.635896,0.330743,-2.147602,2.147602,3.000000,0.716767,0.000000,0.000000,0.000436,0.000179,-0.000225,0.520277,0.019326,0.457511,0.174550,0.030033,0.411021,-0.056000,-0.834897
20.404000,0.623370,-0.387368,-1.077575,0.602388,0.373274,-2.160314,2.160314,3.000000,0.708664,0.000000,0.000000,-0.000115,0.000342,-0.000293,0.520276,0.019326,0.457509,0.174550,0.030033,0.411021,-0.056000,-0.834289
20.414000,0.566128,-0.377769,-1.057844,0.545147,0.382873,-2.140583,2.140583,3.000000,0.666166,0.000000,0.000000,0.000117,-0.000839,0.000605,0.520277,0.019325,0.457511,0.174550,0.030033,0.411021,-0.056000,-0.841958
20.424000,0.520903,-0.326293,-1.076076,0.499921,0.434349,-2.158816,2.158816,3.000000,0.662254,0.000000,0.000000,-0.000127,-0.000330,-0.000305,0.520276,0.019325,0.457510,0.174550,0.030033,0.411021,-0.056000,-0.834213
20.434000,0.492812,-0.395798,-1.055388,0.471830,0.364844,-2.138127,2.138127,3.000000,0.596435,0.000000,0.000000,-0.000219,0.000041,-0.000995,0.520276,0.019325,0.457511,0.174550,0.030033,0.411021,-0.056000,-0.828379
20.444000,0.454437,-0.386103,-1.055048,0.433455,0.374539,-2.137788,2.137788,3.000000,0.572855,0.000000,0.000000,-0.000653,-0.000706,-0.000319,0.520275,0.019327,0.457515,0.174550,0.030033,0.411021,-0.056000,-0.834174
20.454000,0.506861,-0.397695,-1.074218,0.485879,0.362947,-2.156957,2.156957,3.000000,0.606473,0.000000,0.000000,0.000061,-0.000637,-0.000375,0.520276,0.019326,0.457517,0.174550,0.030033,0.411021,-0.056000,-0.833738
20.464000,0.538282,-0.407268,-1.100687,0.517300,0.353374,-2.183426,2.183426,3.000000,0.626476,0.000000,0.000000,0.000126,-0.000121,-0.000782,0.520276,0.019327,0.457513,0.174550,0.030033,0.411021,-0.056000,-0.830227
20.474000,0.589889,-0.370289,-1.152195,0.568907,0.390354,-2.234935,2.234935,3.000000,0.689950,0.000000,0.000000,-0.000060,0.000800,0.000027,0.520275,0.019331,0.457516,0.174550,0.030033,0.411021,-0.056000,-0.837129
20.484000,0.568180,-0.345679,-1.111985,0.547198,0.414963,-2.194725,2.194725,3.000000,0.686746,0.000000,0.000000,0.000285,-0.001966,-0.000023,0.520277,0.019323,0.457517,0.174550,0.030033,0.411021,-0.056000,-0.836723
20.494000,0.571506,-0.342271,-1.121432,0.550524,0.418371,-2.204171,2.204171,3.000000,0.691455,0.000000,0.000000,0.000105,0.000652,0.000028,0.520276,0.019327,0.457515,0.174550,0.030033,0.411021,-0.056000,-0.837116
20.504000,0.580851,-0.370798,-1.111708,0.559869,0.389844,-2.194447,2.194447,3.000000,0.682226,0.000000,0.000000,-0.000090,-0.000558,-0.000560,0.520276,0.019323,0.457513,0.174550,0.030033,0.411021,-0.056000,-0.832106
20.514000,0.550763,-0.341381,-1.082900,0.529781,0.419261,-2.165640,2.165640,3.000000,0.675609,0.000000,0.000000,-0.000035,-0.000790,-0.000369,0.520277,0.019325,0.457512,0.174550,0.030033,0.411021,-0.056000,-0.833698
20.524000,0.536771,-0.342536,-1.088928,0.515789,0.418106,-2.171667,2.171667,3.000000,0.663966,0.000000,0.000000,-0.000262,0.000472,-0.000146,0.520276,0.019326,0.457512,0.174550,0.030033,0.411021,-0.056000,-0.835597
20.534000,0.506236,-0.379401,-1.071353,0.485254,0.381241,-2.154092,2.154092,3.000000,0.617103,0.000000,0.000000,0.000580,0.000140,0.000740,0.520278,0.019327,0.457514,0.174550,0.030033,0.411021,-0.056000,-0.843153
20.544000,0.486906,-0.296039,-1.082777,0.465924,0.464603,-2.165516,2.165516,3.000000,0.657983,0.000000,0.000000,0.000195,0.000512,0.000186,0.520277,0.019327,0.457511,0.174550,0.030033,0.411021,-0.056000,-0.838396
20.554000,0.481530,-0.327864,-1.067862,0.460548,0.432778,-2.150602,2.150602,3.000000,0.631982,0.000000,0.000000,-0.000218,-0.001215,0.000721,0.520276,0.019321,0.457512,0.174550,0.030033,0.411021,-0.056000,-0.842951
20.564000,0.479129,-0.397357,-1.071180,0.458147,0.363285,-2.153920,2.153920,3.000000,0.584700,0.000000,0.000000,-0.000020,0.000628,0.000097,0.520277,0.019324,0.457513,0.174550,0.030033,0.411021,-0.056000,-0.837678
20.574000,0.446664,-0.328396,-1.042512,0.425682,0.432246,-2.125251,2.125251,3.000000,0.606665,0.000000,0.000000,-0.000005,0.000803,-0.000884,0.520276,0.019326,0.457510,0.174550,0.030033,0.411021,-0.056000,-0.829305
20.584000,0.462312,-0.296380,-1.067396,0.441330,0.464262,-2.150135,2.150135,3.000000,0.640556,0.000000,0.000000,-0.000119,-0.001200,0.000532,0.520276,0.019323,0.457515,0.174550,0.030033,0.411021,-0.056000,-0.841406
20.594000,0.525705,-0.325384,-1.085926,0.504723,0.435258,-2.168665,2.168665,3.000000,0.666479,0.000000,0.000000,0.000041,-0.000561,-0.000676,0.520277,0.019322,0.457515,0.174550,0.030033,0.411021,-0.056000,-0.831151
20.604000,0.502758,-0.308053,-1.056127,0.481776,0.452590,-2.138866,2.138866,3.000000,0.661018,0.000000,0.000000,-0.000079,0.000065,-0.000638,0.520276,0.019325,0.457514,0.174550,0.030033,0.411021,-0.056000,-0.831458
20.614000,0.544154,-0.281694,-1.085167,0.523172,0.478948,-2.167906,2.167906,3.000000,0.709296,0.000000,0.000000,0.000316,-0.000369,-0.000137,0.520277,0.019322,0.457516,0.174550,0.030033,0.411021,-0.056000,-0.835742
20.624000,0.555392,-0.329553,-1.062064,0.534410,0.431089,-2.144803,2.144803,3.000000,0.686609,0.000000,0.000000,-0.000078,-0.000495,-0.001243,0.520276,0.019323,0.457512,0.174550,0.030033,0.411021,-0.056000,-0.826291
20.634000,0.526435,-0.306157,-1.049056,0.505453,0.454485,-2.131795,2.131795,3.000000,0.679735,0.000000,0.000000,0.000172,-0.000671,0.000469,0.520276,0.019322,0.457516,0.174550,0.030033,0.411021,-0.056000,-0.840891
20.644000,0.546428,-0.325054,-1.081752,0.525446,0.435588,-2.164491,2.164491,3.000000,0.682517,0.000000,0.000000,-0.000224,-0.000874,-0.000791,0.520276,0.019322,0.457511,0.174550,0.030033,0.411021,-0.056000,-0.830111
20.654000,0.520636,-0.318249,-1.064438,0.499654,0.442393,-2.147177,2.147177,3.000000,0.667357,0.000000,0.000000,-0.000012,0.001286,0.000681,0.520277,0.019324,0.457514,0.174550,0.030033,0.411021,-0.056000,-0.842648
20.664000,0.533904,-0.322990,-1.085228,0.512922,0.437652,-2.167967,2.167967,3.000000,0.674261,0.000000,0.000000,0.000055,-0.001066,0.000348,0.520277,0.019320,0.457513,0.174550,0.030033,0.411021,-0.056000,-0.839812
20.674000,0.469664,-0.282734,-1.063958,0.448682,0.477908,-2.146697,2.146697,3.000000,0.655524,0.000000,0.000000,-0.000048,-0.000197,0.000289,0.520277,0.019320,0.457513,0.174550,0.030033,0.411021,-0.056000,-0.839300
20.684000,0.481314,-0.268907,-1.082304,0.460332,0.491735,-2.165043,2.165043,3.000000,0.673579,0.000000,0.000000,0.000016,-0.000543,0.000446,0.520276,0.019319,0.457513,0.174550,0.030033,0.411021,-0.056000,-0.840632
20.694000,0.491644,-0.230778,-1.117993,0.470662,0.529864,-2.200732,2.200732,3.000000,0.708716,0.000000,0.000000,0.000264,-0.000780,-0.000181,0.520278,0.019319,0.457513,0.174550,0.030033,0.411021,-0.056000,-0.835318
20.704000,0.442989,-0.271747,-1.068225,0.422007,0.488895,-2.150965,2.150965,3.000000,0.645840,0.000000,0.000000,-0.000030,-0.000433,-0.000863,0.520277,0.019320,0.457513,0.174550,0.030033,0.411021,-0.056000,-0.829528
20.714000,0.467688,-0.273287,-1.056967,0.446706,0.487355,-2.139707,2.139707,3.000000,0.661106,0.000000,0.000000,-0.000371,0.000213,0.000210,0.520276,0.019321,0.457517,0.174550,0.030033,0.411021,-0.056000,-0.838705
20.724000,0.511220,-0.239591,-1.096197,0.490238,0.521051,-2.178936,2.178936,3.000000,0.715421,0.000000,0.000000,0.000028,-0.000900,-0.000010,0.520277,0.019320,0.457517,0.174550,0.030033,0.411021,-0.056000,-0.836836
20.734000,0.532148,-0.270969,-1.117799,0.511166,0.489673,-2.200538,2.200538,3.000000,0.707863,0.000000,0.000000,-0.000196,-0.000095,0.000623,0.520276,0.019322,0.457520,0.174550,0.030033,0.411021,-0.056000,-0.842268
20.744000,0.603748,-0.260139,-1.145310,0.582766,0.500503,-2.228049,2.228049,3.000000,0.768192,0.000000,0.000000,-0.000184,-0.000294,-0.000112,0.520275,0.019321,0.457520,0.174550,0.030033,0.411021,-0.056000,-0.836030
20.754000,0.594417,-0.279611,-1.106780,0.573435,0.481031,-2.189519,2.189519,3.000000,0.748477,0.000000,0.000000,0.000199,-0.000961,-0.000752,0.520277,0.019319,0.457520,0.174550,0.030033,0.411021,-0.056000,-0.830596
20.764000,0.635119,-0.257860,-1.139210,0.614137,0.502782,-2.221949,2.221949,3.000000,0.793696,0.000000,0.000000,0.000226,0.001145,-0.000012,0.520277,0.019325,0.457520,0.174550,0.030033,0.411021,-0.056000,-0.836880
20.774000,0.656253,-0.287092,-1.157920,0.635271,0.473550,-2.240659,2.240659,3.000000,0.792350,0.000000,0.000000,-0.000315,0.000854,0.000031,0.520276,0.019325,0.457518,0.174550,0.030033,0.411021,-0.056000,-0.837216
20.784000,0.616161,-0.246150,-1.135093,0.595179,0.514492,-2.217832,2.217832,3.000000,0.786727,0.000000,0.000000,-0.000121,-0.000692,0.000678,0.520275,0.019322,0.457521,0.174550,0.030033,0.411021,-0.056000,-0.842751
20.794000,0.580369,-0.257392,-1.151985,0.559387,0.503250,-2.234724,2.234724,3.000000,0.752446,0.000000,0.000000,0.000137,-0.000225,0.000680,0.520277,0.019322,0.457520,0.174550,0.030033,0.411021,-0.056000,-0.842737
20.804000,0.575724,-0.304449,-1.145397,0.554742,0.456193,-2.228136,2.228136,3.000000,0.718227,0.000000,0.000000,-0.000170,-0.000175,-0.000349,0.520275,0.019322,0.457516,0.174550,0.030033,0.411021,-0.056000,-0.833945
20.814000,0.599030,-0.276348,-1.182451,0.578048,0.484294,-2.265190,2.265190,3.000000,0.754109,0.000000,0.000000,-0.000306,-0.000158,-0.000018,0.520276,0.019323,0.457517,0.174550,0.030033,0.411021,-0.056000,-0.836772
20.824000,0.624239,-0.331774,-1.175551,0.603257,0.428868,-2.258290,2.258290,3.000000,0.740167,0.000000,0.000000,-0.000132,-0.000133,0.000850,0.520276,0.019323,0.457519,0.174550,0.030033,0.411021,-0.056000,-0.844171
20.834000,0.590349,-0.334836,-1.174968,0.569367,0.425806,-2.257707,2.257707,3.000000,0.710978,0.000000,0.000000,0.000337,-0.000270,-0.000719,0.520278,0.019323,0.457517,0.174550,0.030033,0.411021,-0.056000,-0.830829
20.844000,0.553581,-0.305794,-1.176551,0.532599,0.454848,-2.259290,2.259290,3.000000,0.700391,0.000000,0.000000,0.000268,-0.000234,-0.000278,0.520278,0.019323,0.457521,0.174550,0.030033,0.411021,-0.056000,-0.834639
20.854000,0.570471,-0.326611,-1.208489,0.549490,0.434031,-2.291228,2.291228,3.000000,0.700230,0.000000,0.000000,-0.000150,0.001013,0.000893,0.520276,0.019325,0.457525,0.174550,0.030033,0.411021,-0.056000,-0.844648
20.864000,0.580862,-0.303046,-1.267593,0.559880,0.457596,-2.350332,2.350332,3.000000,0.723090,0.000000,0.000000,-0.000036,-0.000820,0.000090,0.520277,0.019323,0.457529,0.174550,0.030033,0.411021,-0.056000,-0.837906
20.874000,0.619605,-0.297345,-1.360396,0.598623,0.463297,-2.443135,2.443135,3.000000,0.756963,0.000000,0.000000,0.000219,0.000586,-0.000175,0.520277,0.019325,0.457534,0.174550,0.030033,0.411021,-0.056000,-0.835737
20.884000,0.564814,-0.313995,-1.374804,0.543832,0.446647,-2.457544,2.457544,3.000000,0.703738,0.000000,0.000000,0.000014,0.000901,0.000269,0.520278,0.019325,0.457539,0.174550,0.030033,0.411021,-0.056000,-0.839603
20.894000,0.630080,-0.298830,-1.460828,0.609098,0.461812,-2.543567,2.543567,3.000000,0.764376,0.000000,0.000000,-0.000294,-0.000048,0.001097,0.520277,0.019324,0.457542,0.174550,0.030033,0.411021,-0.056000,-0.846685
20.904000,0.639639,-0.306550,-1.500448,0.618657,0.454092,-2.583187,2.583187,3.000000,0.767421,0.000000,0.000000,0.000146,-0.000293,0.000187,0.520279,0.019325,0.457547,0.174550,0.030033,0.411021,-0.056000,-0.839044
20.914000,0.595506,-0.334830,-1.537819,0.574525,0.425812,-2.620558,2.620558,3.000000,0.715118,0.000000,0.000000,0.000106,0.001321,-0.000322,0.520278,0.019330,0.457546,0.174550,0.030033,0.411021,-0.056000,-0.834706
20.924000,0.567015,-0.301587,-1.628375,0.546033,0.459055,-2.711114,2.711114,3.000000,0.713360,0.000000,0.000000,-0.000180,0.000471,-0.000329,0.520278,0.019328,0.457543,0.174550,0.030033,0.411021,-0.056000,-0.834603
20.934000,0.518311,-0.295519,-1.664668,0.497329,0.465123,-2.747407,2.747407,3.000000,0.680938,0.000000,0.000000,0.000260,0.000257,-0.000721,0.520279,0.019328,0.457542,0.174550,0.030033,0.411021,-0.056000,-0.831259
20.944000,0.428730,-0.337817,-1.677798,0.407748,0.422825,-2.760537,2.760537,3.000000,0.587401,0.000000,0.000000,-0.000239,-0.000159,-0.000563,0.520278,0.019327,0.457545,0.174550,0.030033,0.411021,-0.056000,-0.832661
20.954000,0.401994,-0.326724,-1.712070,0.381012,0.433918,-2.794809,2.794809,3.000000,0.577455,0.000000,0.000000,0.000477,-0.000252,0.000333,0.520280,0.019328,0.457546,0.174550,0.030033,0.411021,-0.056000,-0.840272
20.964000,0.419530,-0.344302,-1.786883,0.398548,0.416340,-2.869622,2.869622,3.000000,0.576350,0.000000,0.000000,-0.000261,0.000052,-0.000422,0.520278,0.019329,0.457548,0.174550,0.030033,0.411021,-0.056000,-0.833894
20.974000,0.462185,-0.402715,-1.866687,0.441204,0.357927,-2.949427,2.949427,3.000000,0.568130,0.000000,0.000000,-0.000103,0.001127,-0.000079,0.520280,0.019331,0.457552,0.174550,0.030033,0.411021,-0.056000,-0.836887
20.984000,0.411232,-0.378969,-1.887114,0.390250,0.381673,-2.969853,2.969853,3.000000,0.545866,0.000000,0.000000,0.000106,0.001054,0.000299,0.520279,0.019334,0.457556,0.174550,0.030033,0.411021,-0.056000,-0.840154
20.994000,0.392746,-0.374054,-1.924245,0.371764,0.386588,-3.006984,3.006984,3.000000,0.536339,0.000000,0.000000,0.000116,0.000106,0.001636,0.520278,0.019332,0.457563,0.174550,0.030033,0.411021,-0.056000,-0.851626
21.004000,0.439504,-0.396148,-1.960558,0.418522,0.364495,-3.043297,3.043297,3.000000,0.554993,0.000000,0.000000,0.000140,-0.001367,0.000134,0.520278,0.019328,0.457564,0.174550,0.030033,0.411021,-0.056000,-0.838916
21.014000,0.471858,-0.350282,-1.998673,0.450876,0.410360,-3.081412,3.081412,3.000000,0.609659,0.000000,0.000000,-0.000077,-0.001057,0.000294,0.520276,0.019330,0.457570,0.174550,0.030033,0.411021,-0.056000,-0.840366
21.024000,0.470368,-0.395637,-1.960000,0.449387,0.365005,-3.042739,3.042739,3.000000,0.578944,0.000000,0.000000,-0.000347,0.000097,-0.001491,0.520274,0.019332,0.457571,0.174550,0.030033,0.411021,-0.056000,-0.825243
21.034000,0.512977,-0.406604,-2.003325,0.491995,0.354038,-3.086064,3.086064,3.000000,0.606137,0.000000,0.000000,-0.000266,0.000560,0.000739,0.520273,0.019333,0.457578,0.174550,0.030033,0.411021,-0.056000,-0.844299
21.044000,0.537554,-0.406207,-2.016579,0.516572,0.354435,-3.099318,3.099318,3.000000,0.626475,0.000000,0.000000,-0.000282,0.001177,-0.000807,0.520273,0.019335,0.457576,0.174550,0.030033,0.411021,-0.056000,-0.831141
21.054000,0.477655,-0.400255,-1.960888,0.456673,0.360387,-3.043628,3.043628,3.000000,0.581747,0.000000,0.000000,-0.000169,0.000953,-0.000056,0.520273,0.019335,0.457580,0.174550,0.030033,0.411021,-0.056000,-0.837575
21.064000,0.451497,-0.388934,-1.978460,0.430515,0.371708,-3.061199,3.061199,3.000000,0.568779,0.000000,0.000000,-0.000227,-0.000054,0.000166,0.520273,0.019333,0.457579,0.174550,0.030033,0.411021,-0.056000,-0.839454
21.074000,0.429826,-0.387455,-1.976586,0.408844,0.373187,-3.059325,3.059325,3.000000,0.553554,0.000000,0.000000,0.000194,-0.000646,0.000108,0.520274,0.019333,0.457578,0.174550,0.030033,0.411021,-0.056000,-0.838947
21.084000,0.313737,-0.442370,-1.962399,0.292755,0.318272,-3.045138,3.045138,3.000000,0.432437,0.000000,0.000000,-0.000272,0.001048,-0.001252,0.520273,0.019335,0.457575,0.174550,0.030033,0.411021,-0.056000,-0.827351
21.094000,0.305914,-0.424891,-1.967650,0.284932,0.335751,-3.050389,3.050389,3.000000,0.440357,0.000000,0.000000,-0.000288,-0.000204,-0.001474,0.520273,0.019334,0.457573,0.174550,0.030033,0.411021,-0.056000,-0.825423
21.104000,0.285631,-0.442820,-1.984715,0.264649,0.317822,-3.067454,3.067454,3.000000,0.413582,0.000000,0.000000,0.000402,0.000406,-0.000182,0.520273,0.019336,0.457575,0.174550,0.030033,0.411021,-0.056000,-0.836430
21.114000,0.244850,-0.445288,-1.955982,0.223868,0.315354,-3.038721,3.038721,3.000000,0.386737,0.000000,0.000000,0.000277,-0.000756,0.001138,0.520274,0.019335,0.457579,0.174550,0.030033,0.411021,-0.056000,-0.847704
21.124000,0.263637,-0.427228,-1.967096,0.242655,0.333414,-3.049835,3.049835,3.000000,0.412367,0.000000,0.000000,-0.000022,-0.000688,0.000511,0.520273,0.019338,0.457576,0.174550,0.030033,0.411021,-0.056000,-0.842321
21.134000,0.266214,-0.393311,-1.986691,0.245232,0.367331,-3.069430,3.069430,3.000000,0.441668,0.000000,0.000000,0.000200,0.000617,0.000378,0.520274,0.019340,0.457578,0.174550,0.030033,0.411021,-0.056000,-0.841235
21.144000,0.247928,-0.422321,-1.943026,0.226946,0.338321,-3.025766,3.025766,3.000000,0.407389,0.000000,0.000000,-0.000121,0.000083,0.000150,0.520272,0.019339,0.457575,0.174550,0.030033,0.411021,-0.056000,-0.839240
21.154000,0.271173,-0.469839,-1.973181,0.250191,0.290803,-3.055920,3.055920,3.000000,0.383616,0.000000,0.000000,-0.000035,0.001479,-0.000267,0.520272,0.019343,0.457580,0.174550,0.030033,0.411021,-0.056000,-0.835791
21.164000,0.238665,-0.495144,-1.959664,0.217683,0.265498,-3.042403,3.042403,3.000000,0.343329,0.000000,0.000000,0.000258,-0.000663,-0.000404,0.520272,0.019341,0.457582,0.174550,0.030033,0.411021,-0.056000,-0.834653
21.174000,0.341899,-0.432806,-2.024774,0.320917,0.327836,-3.107514,3.107514,3.000000,0.458764,0.000000,0.000000,0.000262,0.000403,0.001080,0.520272,0.019346,0.457591,0.174550,0.030033,0.411021,-0.056000,-0.847411
21.184000,0.367773,-0.437990,-2.044359,0.346791,0.322652,-3.127098,3.127098,3.000000,0.473675,0.000000,0.000000,-0.000371,-0.000507,0.000049,0.520271,0.019345,0.457590,0.174550,0.030033,0.411021,-0.056000,-0.838648
21.194000,0.485072,-0.456579,-2.057263,0.464091,0.304063,-3.140003,3.140003,3.000000,0.554828,0.000000,0.000000,-0.000406,0.000604,-0.000667,0.520269,0.019349,0.457590,0.174550,0.030033,0.411021,-0.056000,-0.832572
21.204000,0.438870,-0.494463,-1.992929,0.417888,0.266179,-3.075668,3.075668,3.000000,0.495461,0.000000,0.000000,0.000182,0.000204,-0.001080,0.520269,0.019354,0.457591,0.174550,0.030033,0.411021,-0.056000,-0.829097
21.214000,0.433224,-0.500713,-1.966319,0.412242,0.259929,-3.049058,3.049058,3.000000,0.487347,0.000000,0.000000,-0.000337,0.000756,0.000332,0.520268,0.019357,0.457598,0.174550,0.030033,0.411021,-0.056000,-0.841207
21.224000,0.423588,-0.536343,-1.974454,0.402606,0.224299,-3.057194,3.057194,3.000000,0.460870,0.000000,0.000000,-0.000114,0.000319,0.000270,0.520267,0.019364,0.457600,0.174550,0.030033,0.411021,-0.056000,-0.840706
21.234000,0.416147,-0.506691,-1.968660,0.395165,0.253951,-3.051399,3.051399,3.000000,0.469730,0.000000,0.000000,0.000171,-0.000219,-0.000608,0.520268,0.019367,0.457598,0.174550,0.030033,0.411021,-0.056000,-0.833219
21.244000,0.326474,-0.562992,-1.902709,0.305492,0.197650,-2.985448,2.985448,3.000000,0.363855,0.000000,0.000000,-0.000184,0.001591,0.000121,0.520267,0.019380,0.457600,0.174550,0.030033,0.411021,-0.056000,-0.839439
21.254000,0.385949,-0.597707,-2.009615,0.364967,0.162935,-3.092354,3.092354,3.000000,0.399686,0.000000,0.000000,0.000721,0.000747,0.000610,0.520267,0.019390,0.457598,0.174550,0.030033,0.411021,-0.056000,-0.843548
21.264000,0.363429,-0.603344,-2.034648,0.342447,0.157298,-3.117387,3.117387,3.000000,0.376846,0.000000,0.000000,0.000185,0.000871,0.000162,0.520266,0.019401,0.457598,0.174550,0.030033,0.411021,-0.056000,-0.839747
21.274000,0.357321,-0.580655,-2.018320,0.336339,0.179988,-3.101059,3.101059,3.000000,0.381470,0.000000,0.000000,0.000065,0.001723,0.000436,0.520265,0.019415,0.457599,0.174550,0.030033,0.411021,-0.056000,-0.842096
21.284000,0.299769,-0.665044,-1.955391,0.278787,0.095598,-3.038130,3.038130,3.000000,0.294722,0.000000,0.000000,-0.000301,0.002548,-0.000848,0.520264,0.019428,0.457597,0.174550,0.030033,0.411021,-0.056000,-0.831157
21.294000,0.291225,-0.641518,-1.944786,0.270243,0.119124,-3.027525,3.027525,3.000000,0.295334,0.000000,0.000000,-0.000056,0.001965,0.000500,0.520264,0.019439,0.457597,0.174550,0.030033,0.411021,-0.056000,-0.842601
21.304000,0.335469,-0.555058,-2.008862,0.314487,0.205584,-3.091601,3.091601,3.000000,0.375722,0.000000,0.000000,0.000101,0.001192,-0.000227,0.520264,0.019452,0.457597,0.174550,0.030033,0.411021,-0.056000,-0.836444
21.314000,0.324259,-0.595928,-2.001767,0.303277,0.164714,-3.084506,3.084506,3.000000,0.345120,0.000000,0.000000,0.000177,0.001217,0.001087,0.520264,0.019466,0.457607,0.174550,0.030033,0.411021,-0.056000,-0.847761
21.324000,0.401252,-0.599349,-2.020801,0.380270,0.161293,-3.103541,3.103541,3.000000,0.413062,0.000000,0.000000,-0.000060,0.000746,0.000045,0.520261,0.019478,0.457607,0.174550,0.030033,0.411021,-0.056000,-0.838918
21.334000,0.485720,-0.540938,-2.092539,0.464738,0.219704,-3.175278,3.175278,3.000000,0.514054,0.000000,0.000000,0.000097,0.001833,-0.000041,0.520260,0.019491,0.457614,0.174550,0.030033,0.411021,-0.056000,-0.838324
21.344000,0.517606,-0.565721,-2.125973,0.496624,0.194921,-3.208713,3.208713,3.000000,0.533507,0.000000,0.000000,0.000061,0.001211,0.000506,0.520258,0.019501,0.457621,0.174550,0.030033,0.411021,-0.056000,-0.843094
21.354000,0.606125,-0.592220,-2.147006,0.585143,0.168422,-3.229745,3.229745,3.000000,0.608899,0.000000,0.000000,-0.000543,0.001085,0.001362,0.520253,0.019513,0.457633,0.174550,0.030033,0.411021,-0.056000,-0.850573
21.364000,0.710248,-0.516218,-2.216783,0.689266,0.244424,-3.299522,3.299522,3.000000,0.731321,0.000000,0.000000,-0.000066,0.000659,0.002497,0.520252,0.019518,0.457654,0.174550,0.030033,0.411021,-0.056000,-0.860577
21.374000,0.780130,-0.546578,-2.300358,0.759148,0.214064,-3.383097,3.383097,3.000000,0.788752,0.000000,0.000000,-0.000609,0.000071,0.002532,0.520245,0.019523,0.457679,0.174550,0.030033,0.411021,-0.056000,-0.861332
21.384000,0.814636,-0.531230,-2.386973,0.793654,0.229412,-3.469712,3.469712,3.000000,0.826145,0.000000,0.000000,-0.000687,0.000633,0.004399,0.520239,0.019529,0.457719,0.174550,0.030033,0.411021,-0.056000,-0.877880
21.394000,0.817066,-0.495958,-2.479104,0.796084,0.264684,-3.561843,3.561843,3.000000,0.838932,0.000000,0.000000,-0.001068,-0.000849,0.004254,0.520230,0.019528,0.457757,0.174550,0.030033,0.411021,-0.056000,-0.877342
21.404000,0.761375,-0.460621,-2.564677,0.740393,0.300021,-3.647417,3.647417,3.000000,0.798871,0.000000,0.000000,-0.001164,0.001073,0.004805,0.520220,0.019534,0.457806,0.174550,0.030033,0.411021,-0.056000,-0.882900
21.414000,0.743269,-0.520140,-2.654235,0.722287,0.240502,-3.736974,3.736974,3.000000,0.761275,0.000000,0.000000,-0.001625,-0.000443,0.005386,0.520208,0.019534,0.457861,0.174550,0.030033,0.411021,-0.056000,-0.888821
21.424000,0.735496,-0.500919,-2.723532,0.714515,0.259723,-3.806271,3.806271,3.000000,0.760255,0.000000,0.000000,-0.001168,-0.000413,0.006233,0.520195,0.019535,0.457925,0.174550,0.030033,0.411021,-0.056000,-0.897154
21.434000,0.816158,-0.494916,-2.912179,0.795176,0.265726,-3.994918,3.994918,3.000000,0.838400,0.000000,0.000000,-0.001826,-0.000395,0.007054,0.520179,0.019536,0.457998,0.174550,0.030033,0.411021,-0.056000,-0.905437
21.444000,0.860705,-0.463279,-2.943073,0.839723,0.297363,-4.025812,4.025812,3.000000,0.890820,0.000000,0.000000,-0.002059,-0.000250,0.007706,0.520160,0.019541,0.458081,0.174550,0.030033,0.411221,-0.055800,-0.908872
21.454000,1.026590,-0.555239,-3.035492,1.005608,0.205403,-4.118231,4.118231,3.000000,1.026371,0.004899,0.001001,-0.002133,0.000277,0.009622,0.520138,0.019543,0.458178,0.174560,0.030035,0.411421,-0.055600,-0.923270
21.464000,1.070060,-0.557953,-3.057451,1.049078,0.202689,-4.140190,4.140190,3.000000,1.068479,0.004909,0.000948,-0.002402,-0.000123,0.010659,0.520113,0.019544,0.458286,0.174609,0.030044,0.411621,-0.055400,-0.930408
21.474000,0.971679,-0.512792,-3.005171,0.950697,0.247850,-4.087910,4.087910,3.000000,0.982473,0.000000,0.000000,-0.002340,0.000413,0.011760,0.520088,0.019548,0.458400,0.174648,0.030053,0.411821,-0.055200,-0.938203
21.484000,0.880081,-0.495815,-3.009146,0.859099,0.264827,-4.091886,4.091886,3.000000,0.898991,0.000000,0.000000,-0.002358,-0.000201,0.011438,0.520063,0.019550,0.458508,0.174648,0.030053,0.412021,-0.055000,-0.933810
21.494000,0.790098,-0.493250,-2.926598,0.769116,0.267392,-4.009337,4.009337,3.000000,0.814271,0.000000,0.000000,-0.003106,0.000866,0.011726,0.520035,0.019555,0.458621,0.174648,0.030053,0.412221,-0.054800,-0.934690
21.504000,0.775732,-0.503363,-2.904796,0.754750,0.257279,-3.987535,3.987535,3.000000,0.797396,0.000000,0.000000,-0.002664,-0.000032,0.011419,0.520009,0.019557,0.458734,0.174648,0.030053,0.412381,-0.054640,-0.931244
21.514000,0.789751,-0.521598,-2.888546,0.768769,0.239044,-3.971285,3.971285,3.000000,0.805076,0.000000,0.000000,-0.003112,0.000790,0.011118,0.519981,0.019563,0.458844,0.174648,0.030053,0.412381,-0.054640,-0.930667
21.524000,0.767726,-0.508820,-2.828861,0.746744,0.251822,-3.911600,3.911600,3.000000,0.788061,0.000000,0.000000,-0.003004,0.000118,0.012306,0.519954,0.019564,0.458961,0.174648,0.030053,0.412381,-0.054640,-0.942857
21.534000,0.873159,-0.544673,-2.804002,0.852178,0.215969,-3.886741,3.886741,3.000000,0.879118,0.000000,0.000000,-0.003353,0.000690,0.012344,0.519924,0.019570,0.459083,0.174648,0.030053,0.412381,-0.054640,-0.945370
21.544000,0.817992,-0.574446,-2.719772,0.797010,0.186196,-3.802511,3.802511,3.000000,0.818470,0.000000,0.000000,-0.002961,0.000858,0.011705,0.519895,0.019577,0.459199,0.174648,0.030053,0.412381,-0.054640,-0.942036
21.554000,0.786799,-0.545755,-2.673445,0.765817,0.214887,-3.756184,3.756184,3.000000,0.795394,0.000000,0.000000,-0.002574,0.000022,0.010596,0.519868,0.019579,0.459312,0.174648,0.030053,0.412381,-0.054640,-0.934666
21.564000,0.651630,-0.528996,-2.530545,0.630648,0.231646,-3.613284,3.613284,3.000000,0.671846,0.000000,0.000000,-0.002335,0.000594,0.009273,0.519842,0.019584,0.459415,0.174648,0.030053,0.412381,-0.054640,-0.925293
21.574000,0.546795,-0.549106,-2.420402,0.525814,0.211536,-3.503141,3.503141,3.000000,0.566769,0.000000,0.000000,-0.002452,-0.000171,0.009453,0.519818,0.019589,0.459514,0.174648,0.030053,0.412381,-0.054640,-0.928595
21.584000,0.469951,-0.538483,-2.341151,0.448969,0.222160,-3.423890,3.423890,3.000000,0.500927,0.000000,0.000000,-0.002316,0.001004,0.007668,0.519796,0.019596,0.459597,0.174648,0.030053,0.412381,-0.054640,-0.914960
21.594000,0.442949,-0.562668,-2.318728,0.421967,0.197974,-3.401467,3.401467,3.000000,0.466101,0.000000,0.000000,-0.001768,0.000728,0.007488,0.519777,0.019598,0.459678,0.174648,0.030053,0.412381,-0.054640,-0.914883
21.604000,0.411487,-0.477485,-2.260742,0.390505,0.283157,-3.343482,3.343482,3.000000,0.482361,0.000000,0.000000,-0.001491,0.000187,0.006365,0.519758,0.019598,0.459750,0.174648,0.030053,0.412381,-0.054640,-0.906648
21.614000,0.444249,-0.523893,-2.250111,0.423267,0.236749,-3.332850,3.332850,3.000000,0.484979,0.000000,0.000000,-0.001732,0.000167,0.007146,0.519742,0.019603,0.459822,0.174648,0.030053,0.412381,-0.054640,-0.914567
21.624000,0.446251,-0.521732,-2.218232,0.425269,0.238910,-3.300971,3.300971,3.000000,0.487783,0.000000,0.000000,-0.001562,0.000169,0.006138,0.519725,0.019605,0.459885,0.174648,0.030053,0.412381,-0.054640,-0.907147
21.634000,0.284987,-0.498441,-2.136073,0.264005,0.262201,-3.218812,3.218812,3.000000,0.372086,0.000000,0.000000,-0.000451,0.000842,0.005335,0.519714,0.019607,0.459936,0.174648,0.030053,0.412381,-0.054640,-0.901255
21.644000,0.183662,-0.502225,-2.086421,0.162680,0.258417,-3.169160,3.169160,3.000000,0.305359,0.000000,0.000000,-0.001090,0.000517,0.003571,0.519703,0.019607,0.459974,0.174648,0.030053,0.412381,-0.054640,-0.886980
21.654000,0.099724,-0.507695,-2.042900,0.078742,0.252947,-3.125639,3.125639,3.000000,0.264920,0.000000,0.000000,-0.000321,0.000681,0.003016,0.519697,0.019610,0.460006,0.174648,0.030053,0.412381,-0.054640,-0.882841
21.664000,-0.030378,-0.401337,-1.924956,-0.051360,0.359305,-3.007695,3.007695,3.000000,0.362957,0.000000,0.000000,-0.000653,-0.000232,0.001285,0.519690,0.019609,0.460022,0.174648,0.030053,0.412381,-0.054640,-0.868438
21.674000,-0.011782,-0.437425,-1.975535,-0.032764,0.323217,-3.058274,3.058274,3.000000,0.324874,0.000000,0.000000,-0.000276,-0.000048,0.001186,0.519688,0.019608,0.460039,0.174648,0.030053,0.412381,-0.054640,-0.867905
21.684000,-0.005706,-0.491442,-2.004659,-0.026688,0.269200,-3.087398,3.087398,3.000000,0.270519,0.000000,0.000000,0.000071,-0.000645,-0.000092,0.519686,0.019608,0.460044,0.174648,0.030053,0.412381,-0.054640,-0.857147
21.694000,-0.023449,-0.484005,-1.993858,-0.044431,0.276637,-3.076597,3.076597,3.000000,0.280183,0.000000,0.000000,0.000045,-0.000518,0.000558,0.519684,0.019608,0.460048,0.174648,0.030053,0.412381,-0.054640,-0.862738
21.704000,0.056375,-0.474216,-2.102111,0.035393,0.286426,-3.184850,3.184850,3.000000,0.288604,0.000000,0.000000,0.000270,-0.000415,-0.001039,0.519684,0.019608,0.460052,0.174648,0.030053,0.412381,-0.054640,-0.849253
21.714000,-0.042671,-0.517135,-2.067641,-0.063653,0.243507,-3.150380,3.150380,3.000000,0.251689,0.000000,0.000000,0.000047,-0.000548,0.000588,0.519684,0.019608,0.460055,0.174648,0.030053,0.412381,-0.054640,-0.863113
21.724000,-0.024651,-0.450510,-2.146951,-0.045633,0.310132,-3.229690,3.229690,3.000000,0.313471,0.000000,0.000000,0.000023,0.000023,0.000346,0.519684,0.019611,0.460055,0.174648,0.030053,0.412381,-0.054640,-0.861058
21.734000,0.021857,-0.428230,-2.212840,0.000875,0.332412,-3.295579,3.295579,3.000000,0.332413,0.000000,0.000000,-0.000051,-0.000414,0.000236,0.519685,0.019609,0.460055,0.174648,0.030053,0.412381,-0.054640,-0.860128
21.744000,-0.013288,-0.474281,-2.231046,-0.034270,0.286361,-3.313786,3.313786,3.000000,0.288404,0.000000,0.000000,0.000035,0.000785,-0.000156,0.519685,0.019611,0.460056,0.174648,0.030053,0.412381,-0.054640,-0.856816
21.754000,-0.022138,-0.468184,-2.317207,-0.043119,0.292458,-3.399946,3.399946,3.000000,0.295620,0.000000,0.000000,0.000057,0.000368,0.001135,0.519686,0.019610,0.460059,0.174648,0.030053,0.412381,-0.054640,-0.867820
21.764000,0.004140,-0.408806,-2.424784,-0.016842,0.351836,-3.507523,3.507523,3.000000,0.352239,0.000000,0.000000,0.000032,-0.000119,0.000883,0.519686,0.019609,0.460065,0.174648,0.030053,0.412381,-0.054640,-0.865800
21.774000,0.037022,-0.411145,-2.539934,0.016040,0.349497,-3.622673,3.622673,3.000000,0.349864,0.000000,0.000000,0.000302,0.000269,0.002462,0.519686,0.019609,0.460079,0.174648,0.030053,0.412381,-0.054640,-0.879447
21.784000,0.097556,-0.456421,-2.685282,0.076574,0.304221,-3.768021,3.768021,3.000000,0.313710,0.000000,0.000000,0.000350,-0.000530,0.001746,0.519687,0.019608,0.460099,0.174648,0.030053,0.412381,-0.054640,-0.873739
21.794000,0.162427,-0.434018,-2.759809,0.141445,0.326624,-3.842548,3.842548,3.000000,0.355935,0.000000,0.000000,0.000273,-0.001215,0.003381,0.519688,0.019608,0.460131,0.174648,0.030053,0.412381,-0.054640,-0.888185
21.804000,0.317924,-0.429098,-2.964729,0.296942,0.331544,-4.047468,4.047468,3.000000,0.445080,0.000000,0.000000,0.000209,-0.000506,0.005883,0.519690,0.019612,0.460183,0.174648,0.030053,0.412441,-0.054580,-0.909277
21.814000,0.387916,-0.456857,-3.184531,0.366934,0.303786,-4.267270,4.267270,3.000000,0.476368,0.000000,0.000000,0.000234,0.000770,0.006525,0.519692,0.019614,0.460252,0.174648,0.030053,0.412641,-0.054380,-0.912360
21.824000,0.376320,-0.471909,-3.318521,0.355339,0.288733,-4.401260,4.401260,3.000000,0.457856,0.000000,0.000000,0.000278,0.000161,0.009493,0.519695,0.019614,0.460336,0.174648,0.030053,0.412841,-0.054180,-0.935452
21.834000,0.297104,-0.472544,-3.439052,0.276122,0.288098,-4.521791,4.521791,3.000000,0.399054,0.000000,0.000000,0.000764,0.000688,0.008667,0.519705,0.019618,0.460428,0.174648,0.030053,0.413041,-0.053980,-0.926508
21.844000,0.163669,-0.500255,-3.512776,0.142687,0.260387,-4.595516,4.595516,3.000000,0.296919,0.000000,0.000000,0.001192,-0.000135,0.011075,0.519715,0.019618,0.460535,0.174648,0.030053,0.413241,-0.053780,-0.945268
21.854000,0.096468,-0.488454,-3.546859,0.075486,0.272188,-4.629598,4.629598,3.000000,0.282462,0.000000,0.000000,0.001372,0.000328,0.013297,0.519728,0.019623,0.460662,0.174648,0.030053,0.413441,-0.053580,-0.962805
21.864000,0.137249,-0.462030,-3.617767,0.116267,0.298612,-4.700507,4.700507,3.000000,0.320449,0.000000,0.000000,0.000974,0.000036,0.013957,0.519737,0.019623,0.460791,0.174648,0.030053,0.413641,-0.053380,-0.967128
21.874000,0.270255,-0.484352,-3.692973,0.249273,0.276290,-4.775712,4.775712,3.000000,0.372120,0.000000,0.000000,0.000415,-0.000152,0.014598,0.519741,0.019626,0.460935,0.174648,0.030053,0.413841,-0.053180,-0.971552
21.884000,0.308163,-0.440898,-3.591646,0.287181,0.319744,-4.674385,4.674385,3.000000,0.429778,0.000000,0.000000,-0.000402,0.001090,0.015526,0.519739,0.019632,0.461085,0.174648,0.030053,0.414041,-0.052980,-0.978539
21.894000,0.350902,-0.441408,-3.528338,0.329920,0.319234,-4.611077,4.611077,3.000000,0.459084,0.000000,0.000000,-0.000356,-0.000235,0.015126,0.519732,0.019632,0.461241,0.174648,0.030053,0.414241,-0.052780,-0.974342
21.904000,0.310737,-0.444694,-3.435526,0.289755,0.315948,-4.518265,4.518265,3.000000,0.428697,0.000000,0.000000,-0.001479,0.000515,0.014758,0.519717,0.019635,0.461395,0.174648,0.030053,0.414441,-0.052580,-0.970394
21.914000,0.272327,-0.480062,-3.347949,0.251345,0.280580,-4.430688,4.430688,3.000000,0.376695,0.000000,0.000000,-0.001996,-0.000787,0.015032,0.519698,0.019636,0.461546,0.174648,0.030053,0.414641,-0.052380,-0.971830
21.924000,0.130057,-0.395389,-3.128810,0.109075,0.365253,-4.211550,4.211550,3.000000,0.381192,0.000000,0.000000,-0.002793,0.000391,0.012938,0.519675,0.019639,0.461679,0.174648,0.030053,0.414841,-0.052180,-0.952871
21.934000,0.136330,-0.429545,-2.972152,0.115348,0.331097,-4.054891,4.054891,3.000000,0.350615,0.000000,0.000000,-0.003225,0.000200,0.013025,0.519643,0.019645,0.461813,0.174648,0.030053,0.415041,-0.051980,-0.952411
21.944000,0.215968,-0.444550,-2.909140,0.194986,0.316092,-3.991879,3.991879,3.000000,0.371394,0.000000,0.000000,-0.003377,0.000378,0.013576,0.519608,0.019646,0.461948,0.174648,0.030053,0.415201,-0.051820,-0.956635
21.954000,0.133893,-0.407004,-2.778029,0.112911,0.353638,-3.860768,3.860768,3.000000,0.371226,0.000000,0.000000,-0.003413,-0.000554,0.012605,0.519576,0.019647,0.462071,0.174648,0.030053,0.415201,-0.051820,-0.950618
21.964000,0.110622,-0.420505,-2.694747,0.089640,0.340137,-3.777486,3.777486,3.000000,0.351751,0.000000,0.000000,-0.003105,-0.000406,0.013285,0.519545,0.019651,0.462202,0.174648,0.030053,0.415201,-0.051820,-0.958740
21.974000,0.167563,-0.371850,-2.642765,0.146581,0.388792,-3.725504,3.725504,3.000000,0.415506,0.000000,0.000000,-0.003086,-0.000468,0.011663,0.519514,0.019653,0.462323,0.174648,0.030053,0.415201,-0.051820,-0.947149
21.984000,0.139862,-0.392060,-2.556864,0.118880,0.368583,-3.639603,3.639603,3.000000,0.387280,0.000000,0.000000,-0.003030,0.000401,0.011474,0.519485,0.019659,0.462440,0.174648,0.030053,0.415201,-0.051820,-0.947663
21.994000,0.104963,-0.406829,-2.457561,0.083981,0.353813,-3.540301,3.540301,3.000000,0.363643,0.000000,0.000000,-0.003045,0.000613,0.010786,0.519458,0.019661,0.462546,0.174648,0.030053,0.415201,-0.051820,-0.943729
22.004000,0.128606,-0.396029,-2.452151,0.107624,0.364613,-3.534890,3.534890,3.000000,0.380166,0.000000,0.000000,-0.002437,-0.000250,0.010039,0.519433,0.019661,0.462648,0.174648,0.030053,0.415201,-0.051820,-0.939225
22.014000,0.001995,-0.378113,-2.332274,-0.018987,0.382529,-3.415014,3.415014,3.000000,0.383000,0.000000,0.000000,-0.001818,0.000026,0.009456,0.519410,0.019667,0.462742,0.174648,0.030053,0.415201,-0.051820,-0.935980
22.024000,0.007717,-0.328587,-2.340876,-0.013265,0.432055,-3.423615,3.423615,3.000000,0.432259,0.000000,0.000000,-0.001723,0.000384,0.009252,0.519387,0.019669,0.462836,0.174648,0.030053,0.415201,-0.051820,-0.935926
22.034000,0.051179,-0.351967,-2.356165,0.030198,0.408675,-3.438904,3.438904,3.000000,0.409790,0.000000,0.000000,-0.002012,0.000292,0.008512,0.519365,0.019672,0.462921,0.174648,0.030053,0.415201,-0.051820,-0.931176
22.044000,0.086185,-0.337742,-2.370064,0.065203,0.422900,-3.452803,3.452803,3.000000,0.427897,0.000000,0.000000,-0.002039,0.000636,0.008394,0.519344,0.019674,0.463009,0.174648,0.030053,0.415201,-0.051820,-0.931772
22.054000,0.077644,-0.380865,-2.416745,0.056662,0.379777,-3.499484,3.499484,3.000000,0.383981,0.000000,0.000000,-0.001966,-0.000266,0.007474,0.519323,0.019676,0.463091,0.174648,0.030053,0.415201,-0.051820,-0.925428
22.064000,0.099948,-0.339600,-2.485018,0.078966,0.421042,-3.567757,3.567757,3.000000,0.428383,0.000000,0.000000,-0.001950,0.000039,0.007549,0.519303,0.019678,0.463171,0.174648,0.030053,0.415201,-0.051820,-0.927518
22.074000,0.150320,-0.395161,-2.527937,0.129338,0.365481,-3.610676,3.610676,3.000000,0.387692,0.000000,0.000000,-0.001763,0.000447,0.007920,0.519283,0.019680,0.463256,0.174648,0.030053,0.415201,-0.051820,-0.932183
22.084000,0.224671,-0.400517,-2.593015,0.203690,0.360125,-3.675754,3.675754,3.000000,0.413738,0.000000,0.000000,-0.002275,0.000361,0.008810,0.519262,0.019679,0.463343,0.174648,0.030053,0.415201,-0.051820,-0.941315
22.094000,0.243220,-0.371442,-2.640927,0.222238,0.389200,-3.723666,3.723666,3.000000,0.448181,0.000000,0.000000,-0.002030,-0.000083,0.008489,0.519240,0.019681,0.463430,0.174648,0.030053,0.415201,-0.051820,-0.940151
22.104000,0.352504,-0.414188,-2.728786,0.331522,0.346454,-3.811525,3.811525,3.000000,0.479518,0.000000,0.000000,-0.002464,0.000296,0.008927,0.519216,0.019685,0.463525,0.174648,0.030053,0.415201,-0.051820,-0.945575
22.114000,0.380965,-0.404228,-2.832921,0.359983,0.356414,-3.915660,3.915660,3.000000,0.506576,0.000000,0.000000,-0.002536,0.000014,0.010312,0.519191,0.019686,0.463625,0.174648,0.030053,0.415201,-0.051820,-0.959137
22.124000,0.316789,-0.388299,-2.812056,0.295807,0.372343,-3.894795,3.894795,3.000000,0.475543,0.000000,0.000000,-0.002145,0.001154,0.009178,0.519168,0.019690,0.463721,0.174648,0.030053,0.415201,-0.051820,-0.951234
22.134000,0.258688,-0.394109,-2.810613,0.237706,0.366533,-3.893352,3.893352,3.000000,0.436865,0.000000,0.000000,-0.002172,0.000701,0.010847,0.519144,0.019692,0.463821,0.174648,0.030053,0.415201,-0.051820,-0.967196
22.144000,0.332051,-0.417332,-2.871078,0.311069,0.343310,-3.953817,3.953817,3.000000,0.463277,0.000000,0.000000,-0.002476,0.001071,0.008987,0.519118,0.019695,0.463920,0.174648,0.030053,0.415201,-0.051820,-0.953183
22.154000,0.270319,-0.401115,-2.782153,0.249337,0.359527,-3.864892,3.864892,3.000000,0.437526,0.000000,0.000000,-0.002548,0.000436,0.009776,0.519093,0.019697,0.464017,0.174648,0.030053,0.415201,-0.051820,-0.961634
