time,raw_fx,raw_fy,raw_fz,corrected_fx,corrected_fy,corrected_fz,contact_force,target_force,force_xy_norm,v_des_x,v_des_y,v_x,v_y,z_dot,x,y,z,x_d,y_d,z_d,z_offset,f_z
0.000000,0.488333,-0.621776,1.301646,-0.070991,-0.062850,0.086513,0.000000,3.000000,0.094815,0.000000,0.000000,-0.000112,0.000050,0.000588,0.415183,-0.016351,0.482182,0.415184,-0.016352,0.482180,0.000000,-0.005017
0.010000,0.495889,-0.533365,1.221116,-0.063436,0.025561,0.005984,0.000000,3.000000,0.068392,0.000000,0.000000,-0.000110,-0.000069,-0.000448,0.415184,-0.016352,0.482181,0.415184,-0.016352,0.482180,0.000000,0.003787
0.020000,0.408686,-0.522390,1.158083,-0.150639,0.036536,-0.057049,0.057049,3.000000,0.155006,0.000000,0.000000,0.000257,-0.000149,-0.000312,0.415184,-0.016353,0.482181,0.415184,-0.016352,0.482180,0.000000,0.002619
0.030000,0.383426,-0.534059,1.061404,-0.175899,0.024867,-0.153728,0.153728,3.000000,0.177648,0.000000,0.000000,0.000100,-0.000307,-0.000657,0.415184,-0.016353,0.482178,0.415184,-0.016352,0.482180,0.000000,0.005608
0.040000,0.349464,-0.512325,0.986167,-0.209861,0.046601,-0.228965,0.228965,3.000000,0.214972,0.000000,0.000000,-0.000223,0.000179,-0.000585,0.415183,-0.016351,0.482180,0.415184,-0.016352,0.482180,0.000000,0.004964
0.050000,0.282421,-0.450635,0.961281,-0.276903,0.108291,-0.253851,0.253851,3.000000,0.297325,0.000000,0.000000,0.000044,-0.000534,0.000631,0.415184,-0.016353,0.482182,0.415184,-0.016352,0.482180,0.000000,-0.005403
0.060000,0.262277,-0.439448,0.920710,-0.297048,0.119478,-0.294422,0.294422,3.000000,0.320176,0.000000,0.000000,-0.000150,-0.000303,0.000168,0.415185,-0.016352,0.482182,0.415184,-0.016352,0.482180,0.000000,-0.001461
0.070000,0.249816,-0.421398,0.873288,-0.309509,0.137528,-0.341844,0.341844,3.000000,0.338688,0.000000,0.000000,-0.000024,-0.000668,-0.000413,0.415183,-0.016355,0.482180,0.415184,-0.016352,0.482180,0.000000,0.003498
0.080000,0.172687,-0.415384,0.903863,-0.386638,0.143542,-0.311269,0.311269,3.000000,0.412423,0.000000,0.000000,0.000071,0.000743,-0.000164,0.415183,-0.016351,0.482181,0.415184,-0.016352,0.482180,0.000000,0.001376
0.090000,0.202715,-0.400143,0.875717,-0.356609,0.158783,-0.339415,0.339415,3.000000,0.390362,0.000000,0.000000,0.000053,-0.000700,-0.000346,0.415184,-0.016354,0.482182,0.415184,-0.016352,0.482180,0.000000,0.002901
0.100000,0.273142,-0.395438,0.829023,-0.286183,0.163488,-0.386109,0.386109,3.000000,0.329589,0.000000,0.000000,0.000158,0.000156,0.000078,0.415184,-0.016354,0.482181,0.415184,-0.016352,0.482180,0.000000,-0.000682
0.110000,0.321485,-0.438204,0.773205,-0.237840,0.120723,-0.441927,0.441927,3.000000,0.266724,0.000000,0.000000,-0.000467,-0.000150,0.001057,0.415184,-0.016352,0.482182,0.415184,-0.016352,0.482180,0.000000,-0.009014
0.120000,0.310808,-0.413111,0.773326,-0.248517,0.145815,-0.441806,0.441806,3.000000,0.288137,0.000000,0.000000,0.000531,0.001160,0.000189,0.415184,-0.016350,0.482183,0.415184,-0.016352,0.482180,0.000000,-0.001647
0.131000,0.190499,-0.387823,0.842369,-0.368826,0.171103,-0.372763,0.372763,3.000000,0.406582,0.000000,0.000000,-0.000371,0.000055,-0.000852,0.415183,-0.016353,0.482179,0.415184,-0.016352,0.482180,0.000000,0.007239
0.141000,0.199563,-0.387398,0.800049,-0.359762,0.171528,-0.415083,0.415083,3.000000,0.398560,0.000000,0.000000,0.000423,0.000463,-0.000591,0.415184,-0.016353,0.482180,0.415184,-0.016352,0.482180,0.000000,0.005016
0.151000,0.196405,-0.395486,0.777051,-0.362920,0.163440,-0.438081,0.438081,3.000000,0.398025,0.000000,0.000000,0.000290,-0.001132,-0.000244,0.415184,-0.016354,0.482180,0.415184,-0.016352,0.482180,0.000000,0.002082
0.161000,0.193253,-0.390278,0.767731,-0.366072,0.168648,-0.447401,0.447401,3.000000,0.403052,0.000000,0.000000,-0.000069,-0.000113,0.000525,0.415183,-0.016353,0.482181,0.415184,-0.016352,0.482180,0.000000,-0.004475
0.171000,0.171046,-0.385864,0.818866,-0.388279,0.173062,-0.396266,0.396266,3.000000,0.425101,0.000000,0.000000,-0.000101,0.000527,-0.000758,0.415184,-0.016352,0.482179,0.415184,-0.016352,0.482180,0.000000,0.006447
0.181000,0.234505,-0.400061,0.778734,-0.324820,0.158865,-0.436398,0.436398,3.000000,0.361588,0.000000,0.000000,-0.000036,-0.000516,-0.000054,0.415184,-0.016352,0.482180,0.415184,-0.016352,0.482180,0.000000,0.000465
0.191000,0.196541,-0.440915,0.776421,-0.362784,0.118011,-0.438711,0.438711,3.000000,0.381495,0.000000,0.000000,-0.000123,0.000075,0.000087,0.415183,-0.016353,0.482183,0.415184,-0.016352,0.482180,0.000000,-0.000797
0.201000,0.132237,-0.378578,0.808086,-0.427087,0.180348,-0.407046,0.407046,3.000000,0.463604,0.000000,0.000000,-0.000024,0.000363,-0.001500,0.415183,-0.016352,0.482179,0.415184,-0.016352,0.482180,0.000000,0.012752
0.211000,0.166476,-0.418203,0.787186,-0.392848,0.140724,-0.427946,0.427946,3.000000,0.417292,0.000000,0.000000,0.000445,0.000014,0.000998,0.415185,-0.016353,0.482184,0.415184,-0.016352,0.482180,0.000000,-0.008533
0.221000,0.245850,-0.398113,0.762983,-0.313475,0.160813,-0.452149,0.452149,3.000000,0.352317,0.000000,0.000000,0.000259,-0.000005,0.000545,0.415184,-0.016352,0.482182,0.415184,-0.016352,0.482180,0.000000,-0.004662
0.231000,0.221249,-0.370834,0.791808,-0.338076,0.188092,-0.423324,0.423324,3.000000,0.386877,0.000000,0.000000,-0.000279,0.000216,-0.000530,0.415183,-0.016351,0.482181,0.415184,-0.016352,0.482180,0.000000,0.004479
0.241000,0.189617,-0.369315,0.797934,-0.369707,0.189611,-0.417198,0.417198,3.000000,0.415495,0.000000,0.000000,0.000478,0.000333,0.000471,0.415184,-0.016351,0.482181,0.415184,-0.016352,0.482180,0.000000,-0.004016
0.252000,0.253359,-0.423907,0.723424,-0.305966,0.135019,-0.491708,0.491708,3.000000,0.334433,0.000000,0.000000,0.000024,0.000064,0.000370,0.415184,-0.016353,0.482182,0.415184,-0.016352,0.482180,0.000000,-0.003168
0.262000,0.235167,-0.411741,0.767250,-0.324157,0.147185,-0.447882,0.447882,3.000000,0.356008,0.000000,0.000000,-0.000139,0.000032,0.000226,0.415183,-0.016352,0.482181,0.415184,-0.016352,0.482180,0.000000,-0.001941
0.272000,0.270254,-0.431727,0.795019,-0.289071,0.127199,-0.420113,0.420113,3.000000,0.315819,0.000000,0.000000,0.000207,0.000993,-0.000026,0.415184,-0.016352,0.482181,0.415184,-0.016352,0.482180,0.000000,0.000214
0.282000,0.234426,-0.413446,0.791946,-0.324899,0.145480,-0.423186,0.423186,3.000000,0.355983,0.000000,0.000000,0.000465,0.000657,0.000118,0.415184,-0.016351,0.482180,0.415184,-0.016352,0.482180,0.000000,-0.001009
0.292000,0.202252,-0.366900,0.815592,-0.357072,0.192026,-0.399540,0.399540,3.000000,0.405431,0.000000,0.000000,0.000163,0.000571,-0.000581,0.415184,-0.016351,0.482182,0.415184,-0.016352,0.482180,0.000000,0.004899
0.302000,0.187807,-0.369266,0.803736,-0.371517,0.189660,-0.411396,0.411396,3.000000,0.417129,0.000000,0.000000,0.000374,0.000281,-0.000445,0.415184,-0.016353,0.482181,0.415184,-0.016352,0.482180,0.000000,0.003759
0.312000,0.225503,-0.375370,0.805900,-0.333821,0.183556,-0.409232,0.409232,3.000000,0.380959,0.000000,0.000000,-0.000138,-0.000213,-0.000369,0.415183,-0.016352,0.482181,0.415184,-0.016352,0.482180,0.000000,0.003117
0.322000,0.242721,-0.396968,0.774239,-0.316604,0.161958,-0.440893,0.440893,3.000000,0.355624,0.000000,0.000000,0.000013,-0.000066,-0.000052,0.415184,-0.016353,0.482179,0.415184,-0.016352,0.482180,0.000000,0.000454
0.332000,0.232485,-0.359234,0.776788,-0.326840,0.199692,-0.438344,0.438344,3.000000,0.383016,0.000000,0.000000,-0.000002,-0.000241,-0.000161,0.415184,-0.016353,0.482182,0.415184,-0.016352,0.482180,0.000000,0.001334
0.342000,0.166004,-0.357287,0.806159,-0.393321,0.201639,-0.408973,0.408973,3.000000,0.441995,0.000000,0.000000,0.000086,0.000274,0.000149,0.415183,-0.016351,0.482182,0.415184,-0.016352,0.482180,0.000000,-0.001303
0.352000,0.239604,-0.404915,0.756450,-0.319721,0.154011,-0.458682,0.458682,3.000000,0.354881,0.000000,0.000000,-0.000112,0.001052,0.000498,0.415184,-0.016350,0.482180,0.415184,-0.016352,0.482180,0.000000,-0.004232
0.362000,0.235983,-0.431054,0.786151,-0.323342,0.127872,-0.428981,0.428981,3.000000,0.347709,0.000000,0.000000,0.000035,0.000906,-0.000724,0.415184,-0.016351,0.482180,0.415184,-0.016352,0.482180,0.000000,0.006142
0.372000,0.240712,-0.370548,0.797633,-0.318613,0.188378,-0.417499,0.417499,3.000000,0.370136,0.000000,0.000000,0.000358,-0.000138,-0.000580,0.415184,-0.016353,0.482180,0.415184,-0.016352,0.482180,0.000000,0.004927
0.382000,0.211157,-0.338670,0.780476,-0.348168,0.220256,-0.434656,0.434656,3.000000,0.411988,0.000000,0.000000,0.000067,0.000392,-0.000722,0.415184,-0.016352,0.482181,0.415184,-0.016352,0.482180,0.000000,0.006117
0.392000,0.228096,-0.392307,0.793499,-0.331228,0.166619,-0.421633,0.421633,3.000000,0.370775,0.000000,0.000000,-0.000160,0.000198,0.000116,0.415184,-0.016351,0.482183,0.415184,-0.016352,0.482180,0.000000,-0.001036
0.402000,0.209217,-0.380129,0.821402,-0.350108,0.178797,-0.393730,0.393730,3.000000,0.393121,0.000000,0.000000,0.000226,-0.000393,-0.000055,0.415185,-0.016353,0.482181,0.415184,-0.016352,0.482180,0.000000,0.000461
0.412000,0.201409,-0.401524,0.808667,-0.357916,0.157402,-0.406465,0.406465,3.000000,0.390998,0.000000,0.000000,0.000050,0.001023,-0.000658,0.415184,-0.016349,0.482178,0.415184,-0.016352,0.482180,0.000000,0.005612
0.422000,0.193077,-0.385299,0.801006,-0.366248,0.173627,-0.414127,0.414127,3.000000,0.405320,0.000000,0.000000,-0.000002,0.000133,0.000122,0.415184,-0.016352,0.482182,0.415184,-0.016352,0.482180,0.000000,-0.001081
0.432000,0.270868,-0.372484,0.755418,-0.288457,0.186442,-0.459714,0.459714,3.000000,0.343465,0.000000,0.000000,-0.000334,-0.000214,-0.000231,0.415184,-0.016353,0.482183,0.415184,-0.016352,0.482180,0.000000,0.001894
0.442000,0.206331,-0.359326,0.785301,-0.352994,0.199600,-0.429831,0.429831,3.000000,0.405518,0.000000,0.000000,0.000145,0.000670,0.000180,0.415184,-0.016350,0.482181,0.415184,-0.016352,0.482180,0.000000,-0.001548
0.452000,0.215091,-0.409732,0.754952,-0.344234,0.149194,-0.460180,0.460180,3.000000,0.375174,0.000000,0.000000,-0.000566,0.000085,0.001169,0.415183,-0.016351,0.482184,0.415184,-0.016352,0.482180,0.000000,-0.009995
0.462000,0.217412,-0.378555,0.788288,-0.341913,0.180371,-0.426844,0.426844,3.000000,0.386572,0.000000,0.000000,-0.000147,-0.000408,0.000159,0.415183,-0.016352,0.482183,0.415184,-0.016352,0.482180,0.000000,-0.001404
0.472000,0.219738,-0.370671,0.774005,-0.339586,0.188255,-0.441127,0.441127,3.000000,0.388276,0.000000,0.000000,0.000390,0.001007,0.000610,0.415185,-0.016350,0.482183,0.415184,-0.016352,0.482180,0.000000,-0.005222
0.482000,0.185933,-0.388626,0.782985,-0.373392,0.170300,-0.432147,0.432147,3.000000,0.410395,0.000000,0.000000,0.000113,-0.000080,-0.000363,0.415184,-0.016354,0.482181,0.415184,-0.016352,0.482180,0.000000,0.003069
0.492000,0.206736,-0.423797,0.777373,-0.352589,0.135129,-0.437759,0.437759,3.000000,0.377596,0.000000,0.000000,0.000173,0.000377,0.000410,0.415184,-0.016352,0.482183,0.415184,-0.016352,0.482180,0.000000,-0.003535
0.503000,0.221662,-0.405810,0.773208,-0.337662,0.153116,-0.441925,0.441925,3.000000,0.370757,0.000000,0.000000,0.000489,-0.000226,0.000452,0.415184,-0.016352,0.482182,0.415184,-0.016352,0.482180,0.000000,-0.003867
0.513000,0.216430,-0.398807,0.764574,-0.342895,0.160119,-0.450558,0.450558,3.000000,0.378438,0.000000,0.000000,0.000179,0.000538,0.000153,0.415184,-0.016352,0.482181,0.415184,-0.016352,0.482180,0.000000,-0.001313
0.523000,0.203745,-0.386143,0.809499,-0.355580,0.172783,-0.405633,0.405633,3.000000,0.395336,0.000000,0.000000,-0.000147,0.001147,0.000140,0.415183,-0.016351,0.482182,0.415184,-0.016352,0.482180,0.000000,-0.001223
0.533000,0.203168,-0.404707,0.815921,-0.356157,0.154219,-0.399211,0.399211,3.000000,0.388113,0.000000,0.000000,-0.000068,-0.000606,-0.000365,0.415184,-0.016354,0.482182,0.415184,-0.016352,0.482180,0.000000,0.003060
0.543000,0.201950,-0.359478,0.819091,-0.357374,0.199448,-0.396041,0.396041,3.000000,0.409263,0.000000,0.000000,0.000204,-0.000669,-0.000160,0.415184,-0.016354,0.482180,0.415184,-0.016352,0.482180,0.000000,0.001354
0.553000,0.197645,-0.367360,0.796285,-0.361680,0.191566,-0.418847,0.418847,3.000000,0.409280,0.000000,0.000000,-0.000312,-0.000272,0.000536,0.415183,-0.016352,0.482183,0.415184,-0.016352,0.482180,0.000000,-0.004601
0.563000,0.195623,-0.361447,0.800853,-0.363701,0.197479,-0.414279,0.414279,3.000000,0.413856,0.000000,0.000000,-0.000020,-0.000609,0.000322,0.415184,-0.016353,0.482183,0.415184,-0.016352,0.482180,0.000000,-0.002791
0.573000,0.249698,-0.406703,0.775776,-0.309626,0.152223,-0.439356,0.439356,3.000000,0.345022,0.000000,0.000000,-0.000159,-0.000151,0.000338,0.415183,-0.016355,0.482183,0.415184,-0.016352,0.482180,0.000000,-0.002912
0.583000,0.234640,-0.400951,0.761888,-0.324685,0.157975,-0.453244,0.453244,3.000000,0.361076,0.000000,0.000000,-0.000040,-0.000119,0.000642,0.415183,-0.016352,0.482181,0.415184,-0.016352,0.482180,0.000000,-0.005472
0.593000,0.220795,-0.382893,0.759152,-0.338530,0.176033,-0.455980,0.455980,3.000000,0.381563,0.000000,0.000000,0.000097,-0.000281,0.000405,0.415185,-0.016353,0.482183,0.415184,-0.016352,0.482180,0.000000,-0.003485
0.603000,0.217683,-0.381463,0.801348,-0.341642,0.177463,-0.413784,0.413784,3.000000,0.384984,0.000000,0.000000,-0.000299,0.000078,-0.000545,0.415183,-0.016352,0.482181,0.415184,-0.016352,0.482180,0.000000,0.004604
0.613000,0.252634,-0.400687,0.790811,-0.306691,0.158239,-0.424321,0.424321,3.000000,0.345107,0.000000,0.000000,-0.000188,-0.000118,0.001064,0.415184,-0.016352,0.482184,0.415184,-0.016352,0.482180,0.000000,-0.009092
0.623000,0.263372,-0.358011,0.768505,-0.295952,0.200915,-0.446627,0.446627,3.000000,0.357708,0.000000,0.000000,-0.000033,-0.000473,0.000828,0.415183,-0.016353,0.482183,0.415184,-0.016352,0.482180,0.000000,-0.007078
0.633000,0.203053,-0.371732,0.808093,-0.356272,0.187194,-0.407039,0.407039,3.000000,0.402457,0.000000,0.000000,-0.000052,-0.000122,-0.000308,0.415184,-0.016353,0.482182,0.415184,-0.016352,0.482180,0.000000,0.002576
0.643000,0.131086,-0.358783,0.851905,-0.428238,0.200143,-0.363227,0.363227,3.000000,0.472700,0.000000,0.000000,0.000155,-0.000195,-0.000584,0.415183,-0.016353,0.482180,0.415184,-0.016352,0.482180,0.000000,0.004956
0.653000,0.202814,-0.393102,0.801868,-0.356511,0.165824,-0.413264,0.413264,3.000000,0.393189,0.000000,0.000000,0.000121,-0.000417,0.000321,0.415185,-0.016354,0.482183,0.415184,-0.016352,0.482180,0.000000,-0.002772
0.663000,0.245913,-0.401348,0.785211,-0.313412,0.157578,-0.429921,0.429921,3.000000,0.350796,0.000000,0.000000,0.000092,0.000164,-0.000889,0.415184,-0.016352,0.482181,0.415184,-0.016352,0.482180,0.000000,0.007534
0.673000,0.178060,-0.429470,0.837557,-0.381264,0.129456,-0.377575,0.377575,3.000000,0.402643,0.000000,0.000000,0.000231,0.000403,-0.000575,0.415184,-0.016351,0.482181,0.415184,-0.016352,0.482180,0.000000,0.004865
0.683000,0.188403,-0.416669,0.788186,-0.370922,0.142257,-0.426946,0.426946,3.000000,0.397266,0.000000,0.000000,0.000165,0.000462,0.001240,0.415183,-0.016352,0.482185,0.415184,-0.016352,0.482180,0.000000,-0.010610
0.693000,0.242699,-0.395028,0.758413,-0.316626,0.163898,-0.456719,0.456719,3.000000,0.356531,0.000000,0.000000,-0.000427,-0.000019,0.001009,0.415184,-0.016352,0.482184,0.415184,-0.016352,0.482180,0.000000,-0.008633
0.703000,0.255844,-0.407785,0.745107,-0.303480,0.151141,-0.470025,0.470025,3.000000,0.339034,0.000000,0.000000,0.000529,0.000220,0.000132,0.415185,-0.016353,0.482183,0.415184,-0.016352,0.482180,0.000000,-0.001178
0.713000,0.167842,-0.413803,0.799052,-0.391482,0.145123,-0.416080,0.416080,3.000000,0.417516,0.000000,0.000000,-0.000235,-0.000279,-0.000952,0.415183,-0.016354,0.482179,0.415184,-0.016352,0.482180,0.000000,0.008095
0.723000,0.171082,-0.391624,0.837840,-0.388243,0.167302,-0.377292,0.377292,3.000000,0.422756,0.000000,0.000000,0.000161,-0.000814,-0.000022,0.415184,-0.016355,0.482182,0.415184,-0.016352,0.482180,0.000000,0.000153
0.733000,0.179525,-0.386984,0.803361,-0.379800,0.171942,-0.411771,0.411771,3.000000,0.416908,0.000000,0.000000,-0.000220,0.000176,0.000240,0.415184,-0.016352,0.482182,0.415184,-0.016352,0.482180,0.000000,-0.002066
0.743000,0.197809,-0.369529,0.795212,-0.361516,0.189397,-0.419920,0.419920,3.000000,0.408124,0.000000,0.000000,-0.000127,0.000146,0.000285,0.415184,-0.016353,0.482183,0.415184,-0.016352,0.482180,0.000000,-0.002474
0.753000,0.244380,-0.388593,0.792042,-0.314944,0.170333,-0.423091,0.423091,3.000000,0.358055,0.000000,0.000000,0.000319,-0.000067,-0.000144,0.415185,-0.016353,0.482182,0.415184,-0.016352,0.482180,0.000000,0.001191
0.763000,0.243094,-0.452597,0.783782,-0.316230,0.106329,-0.431350,0.431350,3.000000,0.333628,0.000000,0.000000,-0.000111,0.000569,0.000289,0.415184,-0.016352,0.482181,0.415184,-0.016352,0.482180,0.000000,-0.002477
0.773000,0.288069,-0.391611,0.759070,-0.271256,0.167315,-0.456062,0.456062,3.000000,0.318707,0.000000,0.000000,-0.000154,-0.000454,0.000392,0.415183,-0.016354,0.482182,0.415184,-0.016352,0.482180,0.000000,-0.003352
0.783000,0.209539,-0.350596,0.796685,-0.349786,0.208330,-0.418447,0.418447,3.000000,0.407126,0.000000,0.000000,-0.000011,-0.000347,-0.000428,0.415183,-0.016353,0.482180,0.415184,-0.016352,0.482180,0.000000,0.003627
0.793000,0.235300,-0.371464,0.785349,-0.324024,0.187462,-0.429783,0.429783,3.000000,0.374344,0.000000,0.000000,0.000133,0.000692,0.000867,0.415185,-0.016350,0.482182,0.415184,-0.016352,0.482180,0.000000,-0.007386
0.803000,0.224738,-0.395648,0.792832,-0.334587,0.163278,-0.422300,0.422300,3.000000,0.372301,0.000000,0.000000,0.000062,0.000820,0.000100,0.415184,-0.016351,0.482181,0.415184,-0.016352,0.482180,0.000000,-0.000872
0.813000,0.238983,-0.416902,0.817007,-0.320341,0.142025,-0.398125,0.398125,3.000000,0.350413,0.000000,0.000000,0.000366,0.000760,-0.000063,0.415185,-0.016351,0.482181,0.415184,-0.016352,0.482180,0.000000,0.000526
0.823000,0.188318,-0.415168,0.801817,-0.371007,0.143758,-0.413315,0.413315,3.000000,0.397885,0.000000,0.000000,0.000059,0.000766,0.000810,0.415183,-0.016351,0.482181,0.415184,-0.016352,0.482180,0.000000,-0.006888
0.833000,0.241688,-0.390205,0.803393,-0.317636,0.168721,-0.411740,0.411740,3.000000,0.359666,0.000000,0.000000,-0.000278,0.000324,-0.000540,0.415183,-0.016351,0.482181,0.415184,-0.016352,0.482180,0.000000,0.004561
0.843000,0.260259,-0.330797,0.807428,-0.299066,0.228129,-0.407704,0.407704,3.000000,0.376143,0.000000,0.000000,-0.000121,0.000445,0.000005,0.415183,-0.016351,0.482180,0.415184,-0.016352,0.482180,0.000000,-0.000032
0.853000,0.334471,-0.401938,0.733391,-0.224854,0.156988,-0.481741,0.481741,3.000000,0.274235,0.000000,0.000000,-0.000081,-0.000240,0.000884,0.415184,-0.016352,0.482183,0.415184,-0.016352,0.482180,0.000000,-0.007550
0.863000,0.304416,-0.378334,0.767110,-0.254909,0.180592,-0.448022,0.448022,3.000000,0.312397,0.000000,0.000000,-0.000123,0.000349,-0.000468,0.415183,-0.016351,0.482182,0.415184,-0.016352,0.482180,0.000000,0.003933
0.873000,0.217353,-0.356978,0.822523,-0.341971,0.201948,-0.392609,0.392609,3.000000,0.397149,0.000000,0.000000,-0.000555,-0.000750,-0.000608,0.415183,-0.016354,0.482180,0.415184,-0.016352,0.482180,0.000000,0.005153
0.883000,0.193574,-0.375189,0.848105,-0.365751,0.183737,-0.367027,0.367027,3.000000,0.409308,0.000000,0.000000,-0.000115,-0.000447,0.000703,0.415183,-0.016353,0.482182,0.415184,-0.016352,0.482180,0.000000,-0.005994
0.893000,0.217104,-0.408265,0.829187,-0.342221,0.150661,-0.385945,0.385945,3.000000,0.373917,0.000000,0.000000,-0.000105,0.000412,-0.000034,0.415183,-0.016352,0.482181,0.415184,-0.016352,0.482180,0.000000,0.000265
0.903000,0.232524,-0.444138,0.781212,-0.326800,0.114788,-0.433920,0.433920,3.000000,0.346374,0.000000,0.000000,0.000197,-0.000105,0.001210,0.415184,-0.016353,0.482181,0.415184,-0.016352,0.482180,0.000000,-0.010289
0.913000,0.259765,-0.366573,0.771305,-0.299560,0.192353,-0.443827,0.443827,3.000000,0.356000,0.000000,0.000000,0.000059,-0.000448,0.000438,0.415184,-0.016352,0.482183,0.415184,-0.016352,0.482180,0.000000,-0.003768
0.923000,0.259758,-0.361070,0.795167,-0.299567,0.197856,-0.419965,0.419965,3.000000,0.359009,0.000000,0.000000,0.000260,-0.000228,0.000874,0.415185,-0.016352,0.482185,0.415184,-0.016352,0.482180,0.000000,-0.007502
0.933000,0.247365,-0.393171,0.782822,-0.311959,0.165755,-0.432310,0.432310,3.000000,0.353261,0.000000,0.000000,-0.000389,0.000729,0.000783,0.415183,-0.016352,0.482183,0.415184,-0.016352,0.482180,0.000000,-0.006703
0.943000,0.197389,-0.398449,0.814111,-0.361936,0.160477,-0.401021,0.401021,3.000000,0.395917,0.000000,0.000000,0.000059,-0.000510,0.000415,0.415184,-0.016353,0.482182,0.415184,-0.016352,0.482180,0.000000,-0.003557
0.953000,0.183727,-0.405536,0.834538,-0.375598,0.153390,-0.380594,0.380594,3.000000,0.405712,0.000000,0.000000,0.000060,-0.000053,-0.000343,0.415183,-0.016352,0.482181,0.415184,-0.016352,0.482180,0.000000,0.002887
0.963000,0.197952,-0.415833,0.843029,-0.361373,0.143093,-0.372103,0.372103,3.000000,0.388672,0.000000,0.000000,0.000147,0.000444,0.000476,0.415185,-0.016352,0.482181,0.415184,-0.016352,0.482180,0.000000,-0.004066
0.973000,0.222293,-0.406807,0.832255,-0.337031,0.152119,-0.382877,0.382877,3.000000,0.369771,0.000000,0.000000,-0.000213,0.000760,-0.000471,0.415184,-0.016351,0.482180,0.415184,-0.016352,0.482180,0.000000,0.003987
0.983000,0.245914,-0.405799,0.802668,-0.313411,0.153127,-0.412465,0.412465,3.000000,0.348819,0.000000,0.000000,0.000369,0.000228,-0.000282,0.415185,-0.016353,0.482182,0.415184,-0.016352,0.482180,0.000000,0.002364
0.993000,0.235449,-0.389922,0.791010,-0.323876,0.169004,-0.424122,0.424122,3.000000,0.365319,0.000000,0.000000,-0.000479,-0.000229,-0.000324,0.415183,-0.016353,0.482180,0.415184,-0.016352,0.482180,0.000000,0.002743
1.004000,0.295135,-0.398238,0.809223,-0.264190,0.160688,-0.405909,0.405909,3.000000,0.309220,0.000000,0.000000,-0.000565,0.000298,-0.000205,0.415183,-0.016352,0.482180,0.415184,-0.016352,0.482180,0.000000,0.001736
1.015000,0.254557,-0.364964,0.796279,-0.304768,0.193962,-0.418853,0.418853,3.000000,0.361254,0.000000,0.000000,-0.000022,0.000531,0.000032,0.415183,-0.016350,0.482181,0.415184,-0.016352,0.482180,0.000000,-0.000294
1.026000,0.208121,-0.343425,0.803807,-0.351204,0.215501,-0.411325,0.411325,3.000000,0.412049,0.000000,0.000000,0.000274,-0.000026,0.000088,0.415184,-0.016352,0.482180,0.415184,-0.016352,0.482180,0.000000,-0.000743
1.037000,0.225698,-0.389459,0.805485,-0.333627,0.169467,-0.409647,0.409647,3.000000,0.374200,0.000000,0.000000,-0.000029,-0.000520,-0.000704,0.415185,-0.016353,0.482180,0.415184,-0.016352,0.482180,0.000000,0.005973
1.048000,0.219597,-0.378943,0.792953,-0.339727,0.179983,-0.422179,0.422179,3.000000,0.384459,0.000000,0.000000,0.000093,0.000554,0.000075,0.415183,-0.016351,0.482181,0.415184,-0.016352,0.482180,0.000000,-0.000663
1.059000,0.239980,-0.434336,0.801415,-0.319344,0.124590,-0.413717,0.413717,3.000000,0.342788,0.000000,0.000000,-0.000124,0.000342,0.000279,0.415184,-0.016352,0.482181,0.415184,-0.016352,0.482180,0.000000,-0.002384
1.070000,0.258551,-0.401941,0.826263,-0.300774,0.156985,-0.388869,0.388869,3.000000,0.339278,0.000000,0.000000,-0.000607,0.000256,-0.000210,0.415183,-0.016350,0.482181,0.415184,-0.016352,0.482180,0.000000,0.001765
1.081000,0.209521,-0.407319,0.825216,-0.349803,0.151607,-0.389916,0.389916,3.000000,0.381244,0.000000,0.000000,0.000670,0.000860,0.000534,0.415184,-0.016351,0.482182,0.415184,-0.016352,0.482180,0.000000,-0.004561
1.092000,0.182090,-0.405484,0.805656,-0.377235,0.153442,-0.409476,0.409476,3.000000,0.407248,0.000000,0.000000,-0.000077,-0.000230,-0.000321,0.415184,-0.016355,0.482181,0.415184,-0.016352,0.482180,0.000000,0.002704
1.103000,0.206007,-0.397995,0.812247,-0.353318,0.160931,-0.402885,0.402885,3.000000,0.388243,0.000000,0.000000,-0.000111,-0.000281,-0.000953,0.415184,-0.016353,0.482180,0.415184,-0.016352,0.482180,0.000000,0.008077
1.114000,0.164216,-0.352508,0.816406,-0.395109,0.206418,-0.398726,0.398726,3.000000,0.445779,0.000000,0.000000,0.000197,-0.000232,0.000470,0.415184,-0.016353,0.482182,0.415184,-0.016352,0.482180,0.000000,-0.004029
1.125000,0.235998,-0.366620,0.785702,-0.323326,0.192306,-0.429430,0.429430,3.000000,0.376194,0.000000,0.000000,0.000330,-0.000510,0.000129,0.415185,-0.016352,0.482180,0.415184,-0.016352,0.482180,0.000000,-0.001096
1.136000,0.222398,-0.401404,0.772342,-0.336927,0.157522,-0.442791,0.442791,3.000000,0.371931,0.000000,0.000000,0.000075,0.001331,-0.000321,0.415185,-0.016350,0.482180,0.415184,-0.016352,0.482180,0.000000,0.002724
1.147000,0.244633,-0.410111,0.770180,-0.314691,0.148815,-0.444952,0.444952,3.000000,0.348104,0.000000,0.000000,-0.000106,0.000440,0.000058,0.415184,-0.016351,0.482180,0.415184,-0.016352,0.482180,0.000000,-0.000491
1.158000,0.232678,-0.362393,0.797539,-0.326647,0.196533,-0.417593,0.417593,3.000000,0.381213,0.000000,0.000000,0.000097,0.000309,0.000065,0.415184,-0.016350,0.482180,0.415184,-0.016352,0.482180,0.000000,-0.000562
1.169000,0.230639,-0.403995,0.801793,-0.328685,0.154932,-0.413339,0.413339,3.000000,0.363370,0.000000,0.000000,-0.000154,-0.000650,0.000092,0.415184,-0.016352,0.482182,0.415184,-0.016352,0.482180,0.000000,-0.000823
1.180000,0.167042,-0.382396,0.841612,-0.392282,0.176530,-0.373520,0.373520,3.000000,0.430172,0.000000,0.000000,0.000000,0.000259,-0.000465,0.415184,-0.016353,0.482180,0.415184,-0.016352,0.482180,0.000000,0.003940
1.191000,0.207589,-0.430717,0.845236,-0.351736,0.128209,-0.369896,0.369896,3.000000,0.374373,0.000000,0.000000,-0.000085,0.000815,0.000977,0.415184,-0.016349,0.482183,0.415184,-0.016352,0.482180,0.000000,-0.008340
1.202000,0.245890,-0.409154,0.816224,-0.313435,0.149772,-0.398908,0.398908,3.000000,0.347381,0.000000,0.000000,-0.000534,0.000725,-0.000439,0.415183,-0.016351,0.482179,0.415184,-0.016352,0.482180,0.000000,0.003745
1.213000,0.228993,-0.376750,0.792158,-0.330331,0.182176,-0.422974,0.422974,3.000000,0.377236,0.000000,0.000000,0.000334,0.000695,-0.000184,0.415184,-0.016351,0.482181,0.415184,-0.016352,0.482180,0.000000,0.001547
1.224000,0.179519,-0.410074,0.843663,-0.379806,0.148852,-0.371469,0.371469,3.000000,0.407933,0.000000,0.000000,0.000195,0.000703,-0.001006,0.415183,-0.016350,0.482178,0.415184,-0.016352,0.482180,0.000000,0.008572
1.235000,0.237154,-0.412396,0.804878,-0.322171,0.146530,-0.410254,0.410254,3.000000,0.353928,0.000000,0.000000,-0.000038,0.000669,0.001214,0.415184,-0.016351,0.482184,0.415184,-0.016352,0.482180,0.000000,-0.010372
1.246000,0.261722,-0.389823,0.812049,-0.297603,0.169103,-0.403083,0.403083,3.000000,0.342291,0.000000,0.000000,-0.000325,0.000074,-0.000208,0.415183,-0.016352,0.482181,0.415184,-0.016352,0.482180,0.000000,0.001741
1.257000,0.224797,-0.324008,0.836403,-0.334528,0.234918,-0.378730,0.378730,3.000000,0.408773,0.000000,0.000000,-0.000212,-0.000593,0.000766,0.415184,-0.016354,0.482182,0.415184,-0.016352,0.482180,0.000000,-0.006548
1.268000,0.283881,-0.360379,0.785227,-0.275444,0.198547,-0.429905,0.429905,3.000000,0.339544,0.000000,0.000000,-0.000188,-0.000401,-0.000103,0.415184,-0.016352,0.482181,0.415184,-0.016352,0.482180,0.000000,0.000851
1.279000,0.264039,-0.413748,0.813683,-0.295285,0.145178,-0.401449,0.401449,3.000000,0.329044,0.000000,0.000000,0.000020,-0.000732,0.000652,0.415184,-0.016353,0.482182,0.415184,-0.016352,0.482180,0.000000,-0.005572
1.290000,0.253302,-0.382592,0.795343,-0.306023,0.176334,-0.419789,0.419789,3.000000,0.353191,0.000000,0.000000,-0.000045,0.000319,0.000533,0.415183,-0.016352,0.482181,0.415184,-0.016352,0.482180,0.000000,-0.004545
1.301000,0.242207,-0.462247,0.801538,-0.317118,0.096679,-0.413594,0.413594,3.000000,0.331528,0.000000,0.000000,0.000300,-0.000424,0.000328,0.415184,-0.016352,0.482183,0.415184,-0.016352,0.482180,0.000000,-0.002832
1.312000,0.244977,-0.393259,0.820481,-0.314348,0.165667,-0.394651,0.394651,3.000000,0.355331,0.000000,0.000000,-0.000045,-0.000019,-0.000158,0.415184,-0.016354,0.482181,0.415184,-0.016352,0.482180,0.000000,0.001314
1.323000,0.215951,-0.387924,0.837973,-0.343374,0.171002,-0.377159,0.377159,3.000000,0.383598,0.000000,0.000000,-0.000510,-0.000813,-0.001038,0.415183,-0.016354,0.482181,0.415184,-0.016352,0.482180,0.000000,0.008793
1.334000,0.210782,-0.388830,0.869098,-0.348542,0.170096,-0.346034,0.346034,3.000000,0.387833,0.000000,0.000000,0.000036,-0.000378,-0.000936,0.415185,-0.016354,0.482180,0.415184,-0.016352,0.482180,0.000000,0.007943
1.345000,0.228512,-0.407341,0.810801,-0.330813,0.151585,-0.404332,0.404332,3.000000,0.363889,0.000000,0.000000,0.000205,-0.000117,0.000578,0.415185,-0.016353,0.482183,0.415184,-0.016352,0.482180,0.000000,-0.004962
1.356000,0.237893,-0.401667,0.747140,-0.321432,0.157259,-0.467992,0.467992,3.000000,0.357839,0.000000,0.000000,0.000728,0.001383,0.001188,0.415184,-0.016348,0.482183,0.415184,-0.016352,0.482180,0.000000,-0.010146
1.367000,0.270928,-0.421476,0.717783,-0.288397,0.137450,-0.497349,0.497349,3.000000,0.319476,0.000000,0.000000,0.000255,-0.000034,0.000226,0.415185,-0.016352,0.482182,0.415184,-0.016352,0.482180,0.000000,-0.001961
1.378000,0.225150,-0.369916,0.789105,-0.334175,0.189010,-0.426027,0.426027,3.000000,0.383924,0.000000,0.000000,-0.000223,-0.000322,-0.000099,0.415184,-0.016353,0.482180,0.415184,-0.016352,0.482180,0.000000,0.000835
1.389000,0.236012,-0.401202,0.818889,-0.323313,0.157724,-0.396243,0.396243,3.000000,0.359733,0.000000,0.000000,0.000568,0.000070,0.000151,0.415185,-0.016351,0.482182,0.415184,-0.016352,0.482180,0.000000,-0.001313
1.400000,0.200139,-0.340908,0.838864,-0.359186,0.218018,-0.376268,0.376268,3.000000,0.420174,0.000000,0.000000,-0.000337,-0.000764,0.000307,0.415183,-0.016352,0.482183,0.415184,-0.016352,0.482180,0.000000,-0.002659
1.411000,0.194519,-0.377653,0.822173,-0.364805,0.181273,-0.392959,0.392959,3.000000,0.407361,0.000000,0.000000,-0.000383,-0.000782,-0.000581,0.415183,-0.016353,0.482180,0.415184,-0.016352,0.482180,0.000000,0.004921
1.422000,0.247672,-0.387703,0.770423,-0.311652,0.171223,-0.444709,0.444709,3.000000,0.355591,0.000000,0.000000,-0.000103,-0.000987,0.000202,0.415184,-0.016354,0.482181,0.415184,-0.016352,0.482180,0.000000,-0.001733
1.433000,0.237394,-0.372364,0.762973,-0.321931,0.186562,-0.452159,0.452159,3.000000,0.372082,0.000000,0.000000,0.000122,-0.000255,0.001181,0.415184,-0.016352,0.482183,0.415184,-0.016352,0.482180,0.000000,-0.010068
1.444000,0.167157,-0.414455,0.788362,-0.392168,0.144471,-0.426770,0.426770,3.000000,0.417932,0.000000,0.000000,0.000195,-0.000188,0.000507,0.415184,-0.016352,0.482180,0.415184,-0.016352,0.482180,0.000000,-0.004309
1.455000,0.197800,-0.395966,0.816225,-0.361525,0.162960,-0.398907,0.398907,3.000000,0.396556,0.000000,0.000000,0.000121,-0.000362,-0.000620,0.415184,-0.016355,0.482183,0.415184,-0.016352,0.482180,0.000000,0.005208
1.466000,0.160069,-0.410859,0.837301,-0.399256,0.148067,-0.377831,0.377831,3.000000,0.425827,0.000000,0.000000,0.000119,-0.000294,-0.000714,0.415183,-0.016353,0.482179,0.415184,-0.016352,0.482180,0.000000,0.006073
1.477000,0.197249,-0.405733,0.794383,-0.362076,0.153193,-0.420749,0.420749,3.000000,0.393150,0.000000,0.000000,-0.000055,-0.000001,0.000257,0.415184,-0.016351,0.482182,0.415184,-0.016352,0.482180,0.000000,-0.002220
1.488000,0.225733,-0.397062,0.781373,-0.333592,0.161864,-0.433759,0.433759,3.000000,0.370788,0.000000,0.000000,-0.000115,0.000283,-0.000872,0.415185,-0.016351,0.482180,0.415184,-0.016352,0.482180,0.000000,0.007397
1.499000,0.201288,-0.379305,0.817722,-0.358037,0.179621,-0.397410,0.397410,3.000000,0.400567,0.000000,0.000000,0.000110,0.000657,0.000142,0.415185,-0.016350,0.482183,0.415184,-0.016352,0.482180,0.000000,-0.001268
1.510000,0.240440,-0.406361,0.783851,-0.318885,0.152565,-0.431281,0.431281,3.000000,0.353502,0.000000,0.000000,-0.000321,0.000157,-0.000086,0.415183,-0.016353,0.482181,0.415184,-0.016352,0.482180,0.000000,0.000720
1.521000,0.227208,-0.409212,0.768894,-0.332117,0.149714,-0.446239,0.446239,3.000000,0.364302,0.000000,0.000000,0.000369,0.000385,0.000532,0.415185,-0.016353,0.482182,0.415184,-0.016352,0.482180,0.000000,-0.004538
1.532000,0.179352,-0.375860,0.825506,-0.379973,0.183066,-0.389626,0.389626,3.000000,0.421773,0.000000,0.000000,0.000390,-0.000415,0.000142,0.415185,-0.016354,0.482181,0.415184,-0.016352,0.482180,0.000000,-0.001230
1.543000,0.183427,-0.349097,0.838635,-0.375898,0.209829,-0.376497,0.376497,3.000000,0.430497,0.000000,0.000000,-0.000371,-0.000802,-0.000806,0.415183,-0.016354,0.482179,0.415184,-0.016352,0.482180,0.000000,0.006854
1.554000,0.201450,-0.365593,0.798637,-0.357875,0.193333,-0.416495,0.416495,3.000000,0.406758,0.000000,0.000000,-0.000107,0.000822,0.000214,0.415184,-0.016351,0.482182,0.415184,-0.016352,0.482180,0.000000,-0.001845
1.565000,0.238828,-0.364625,0.756560,-0.320497,0.194301,-0.458573,0.458573,3.000000,0.374795,0.000000,0.000000,-0.000061,-0.000594,0.000065,0.415184,-0.016353,0.482180,0.415184,-0.016352,0.482180,0.000000,-0.000559
1.576000,0.222309,-0.399040,0.773798,-0.337016,0.159886,-0.441334,0.441334,3.000000,0.373019,0.000000,0.000000,-0.000103,0.000193,0.000069,0.415184,-0.016352,0.482181,0.415184,-0.016352,0.482180,0.000000,-0.000603
1.587000,0.194323,-0.415425,0.775905,-0.365001,0.143501,-0.439227,0.439227,3.000000,0.392197,0.000000,0.000000,-0.000336,-0.000016,-0.000096,0.415183,-0.016353,0.482183,0.415184,-0.016352,0.482180,0.000000,0.000758
1.598000,0.182952,-0.397513,0.792307,-0.376372,0.161413,-0.422825,0.422825,3.000000,0.409524,0.000000,0.000000,0.000003,-0.000172,0.000865,0.415184,-0.016352,0.482182,0.415184,-0.016352,0.482180,0.000000,-0.007381
1.609000,0.161464,-0.379485,0.819953,-0.397861,0.179441,-0.395179,0.395179,3.000000,0.436454,0.000000,0.000000,-0.000029,-0.000515,-0.000176,0.415184,-0.016353,0.482180,0.415184,-0.016352,0.482180,0.000000,0.001492
1.620000,0.252331,-0.371858,0.807410,-0.306994,0.187068,-0.407722,0.407722,3.000000,0.359499,0.000000,0.000000,-0.000442,-0.000484,-0.000294,0.415184,-0.016353,0.482181,0.415184,-0.016352,0.482180,0.000000,0.002483
1.631000,0.255037,-0.369818,0.769480,-0.304288,0.189108,-0.445652,0.445652,3.000000,0.358264,0.000000,0.000000,-0.000085,-0.000747,0.000271,0.415184,-0.016353,0.482182,0.415184,-0.016352,0.482180,0.000000,-0.002332
1.642000,0.191060,-0.391503,0.805846,-0.368265,0.167423,-0.409286,0.409286,3.000000,0.404536,0.000000,0.000000,0.000471,0.000276,-0.000609,0.415185,-0.016353,0.482180,0.415184,-0.016352,0.482180,0.000000,0.005161
1.653000,0.165491,-0.399553,0.817951,-0.393834,0.159373,-0.397181,0.397181,3.000000,0.424859,0.000000,0.000000,0.000261,0.000473,-0.000739,0.415185,-0.016351,0.482178,0.415184,-0.016352,0.482180,0.000000,0.006296
1.664000,0.206933,-0.370861,0.807757,-0.352392,0.188065,-0.407375,0.407375,3.000000,0.399435,0.000000,0.000000,-0.000009,-0.000180,-0.000365,0.415184,-0.016352,0.482181,0.415184,-0.016352,0.482180,0.000000,0.003086
1.675000,0.192452,-0.355542,0.794025,-0.366873,0.203384,-0.421107,0.421107,3.000000,0.419477,0.000000,0.000000,-0.000268,-0.001095,-0.001539,0.415183,-0.016354,0.482178,0.415184,-0.016352,0.482180,0.000000,0.013087
1.686000,0.175418,-0.388410,0.842323,-0.383907,0.170516,-0.372809,0.372809,3.000000,0.420072,0.000000,0.000000,-0.000298,-0.000101,0.000210,0.415184,-0.016353,0.482181,0.415184,-0.016352,0.482180,0.000000,-0.001800
1.697000,0.232505,-0.387151,0.793155,-0.326820,0.171775,-0.421977,0.421977,3.000000,0.369213,0.000000,0.000000,-0.000048,-0.000857,0.000109,0.415184,-0.016354,0.482180,0.415184,-0.016352,0.482180,0.000000,-0.000930
1.708000,0.213562,-0.394009,0.791339,-0.345763,0.164917,-0.423793,0.423793,3.000000,0.383079,0.000000,0.000000,-0.000301,-0.000198,-0.000236,0.415184,-0.016352,0.482181,0.415184,-0.016352,0.482180,0.000000,0.001981
1.719000,0.228066,-0.417842,0.790571,-0.331259,0.141084,-0.424561,0.424561,3.000000,0.360052,0.000000,0.000000,0.000153,-0.000358,-0.000229,0.415184,-0.016352,0.482179,0.415184,-0.016352,0.482180,0.000000,0.001953
1.730000,0.224317,-0.440786,0.789382,-0.335008,0.118140,-0.425750,0.425750,3.000000,0.355228,0.000000,0.000000,0.000483,0.000471,0.000623,0.415184,-0.016351,0.482182,0.415184,-0.016352,0.482180,0.000000,-0.005327
1.741000,0.221156,-0.413310,0.780957,-0.338169,0.145616,-0.434175,0.434175,3.000000,0.368188,0.000000,0.000000,-0.000380,0.000277,0.000121,0.415183,-0.016351,0.482182,0.415184,-0.016352,0.482180,0.000000,-0.001069
1.752000,0.234971,-0.373643,0.816704,-0.324354,0.185283,-0.398428,0.398428,3.000000,0.373545,0.000000,0.000000,-0.000164,-0.000240,-0.000075,0.415184,-0.016353,0.482182,0.415184,-0.016352,0.482180,0.000000,0.000610
1.763000,0.232743,-0.348028,0.802048,-0.326582,0.210898,-0.413085,0.413085,3.000000,0.388759,0.000000,0.000000,-0.000108,-0.000245,-0.000155,0.415184,-0.016352,0.482180,0.415184,-0.016352,0.482180,0.000000,0.001322
1.774000,0.258459,-0.340041,0.792647,-0.300866,0.218885,-0.422485,0.422485,3.000000,0.372063,0.000000,0.000000,-0.000131,-0.000470,0.000202,0.415184,-0.016353,0.482181,0.415184,-0.016352,0.482180,0.000000,-0.001721
1.785000,0.235524,-0.374067,0.791893,-0.323801,0.184859,-0.423239,0.423239,3.000000,0.372854,0.000000,0.000000,-0.000275,0.000252,0.001025,0.415183,-0.016353,0.482183,0.415184,-0.016352,0.482180,0.000000,-0.008746
1.796000,0.180579,-0.380026,0.822847,-0.378746,0.178900,-0.392286,0.392286,3.000000,0.418872,0.000000,0.000000,0.000120,0.000059,-0.000230,0.415184,-0.016353,0.482181,0.415184,-0.016352,0.482180,0.000000,0.001945
1.807000,0.209058,-0.387479,0.793814,-0.350267,0.171447,-0.421318,0.421318,3.000000,0.389975,0.000000,0.000000,-0.000337,0.000406,0.000008,0.415183,-0.016351,0.482182,0.415184,-0.016352,0.482180,0.000000,-0.000097
1.818000,0.192143,-0.360359,0.800053,-0.367182,0.198567,-0.415079,0.415079,3.000000,0.417434,0.000000,0.000000,-0.000313,0.000865,0.000748,0.415184,-0.016351,0.482183,0.415184,-0.016352,0.482180,0.000000,-0.006400
1.829000,0.225694,-0.347048,0.772483,-0.333631,0.211878,-0.442650,0.442650,3.000000,0.395223,0.000000,0.000000,-0.000041,-0.000809,-0.000133,0.415184,-0.016353,0.482181,0.415184,-0.016352,0.482180,0.000000,0.001104
1.840000,0.236177,-0.360801,0.780897,-0.323148,0.198125,-0.434235,0.434235,3.000000,0.379049,0.000000,0.000000,0.000154,-0.000434,0.000211,0.415184,-0.016352,0.482182,0.415184,-0.016352,0.482180,0.000000,-0.001818
1.851000,0.242343,-0.405660,0.744068,-0.316981,0.153266,-0.471064,0.471064,3.000000,0.352091,0.000000,0.000000,0.000301,0.000737,0.000528,0.415185,-0.016350,0.482181,0.415184,-0.016352,0.482180,0.000000,-0.004495
1.862000,0.219142,-0.405341,0.751476,-0.340183,0.153585,-0.463656,0.463656,3.000000,0.373246,0.000000,0.000000,-0.000151,-0.001041,0.000320,0.415183,-0.016355,0.482181,0.415184,-0.016352,0.482180,0.000000,-0.002734
1.873000,0.144581,-0.364275,0.825954,-0.414744,0.194651,-0.389178,0.389178,3.000000,0.458150,0.000000,0.000000,0.000180,0.000192,-0.000302,0.415185,-0.016351,0.482182,0.415184,-0.016352,0.482180,0.000000,0.002528
1.884000,0.158405,-0.428889,0.837534,-0.400920,0.130038,-0.377598,0.377598,3.000000,0.421481,0.000000,0.000000,-0.000054,0.000125,0.001547,0.415184,-0.016352,0.482184,0.415184,-0.016352,0.482180,0.000000,-0.013198
1.895000,0.230613,-0.403512,0.798683,-0.328712,0.155414,-0.416449,0.416449,3.000000,0.363600,0.000000,0.000000,0.000237,0.000951,0.000533,0.415184,-0.016349,0.482181,0.415184,-0.016352,0.482180,0.000000,-0.004544
1.906000,0.284320,-0.401395,0.789256,-0.275004,0.157532,-0.425876,0.425876,3.000000,0.316928,0.000000,0.000000,-0.000342,-0.000351,-0.000618,0.415184,-0.016352,0.482181,0.415184,-0.016352,0.482180,0.000000,0.005230
1.917000,0.181114,-0.394837,0.871014,-0.378211,0.164089,-0.344119,0.344119,3.000000,0.412272,0.000000,0.000000,-0.000284,0.000489,-0.000419,0.415183,-0.016351,0.482180,0.415184,-0.016352,0.482180,0.000000,0.003556
1.928000,0.222971,-0.396880,0.790502,-0.336353,0.162046,-0.424630,0.424630,3.000000,0.373353,0.000000,0.000000,0.000556,-0.000569,0.001388,0.415184,-0.016353,0.482185,0.415184,-0.016352,0.482180,0.000000,-0.011861
1.939000,0.225880,-0.381945,0.770549,-0.333444,0.176981,-0.444583,0.444583,3.000000,0.377502,0.000000,0.000000,0.000105,-0.000126,-0.000155,0.415184,-0.016351,0.482181,0.415184,-0.016352,0.482180,0.000000,0.001296
1.950000,0.215135,-0.370416,0.828146,-0.344189,0.188510,-0.386986,0.386986,3.000000,0.392432,0.000000,0.000000,0.000157,-0.000366,0.000311,0.415185,-0.016353,0.482183,0.415184,-0.016352,0.482180,0.000000,-0.002693
1.961000,0.269158,-0.387048,0.746232,-0.290167,0.171878,-0.468900,0.468900,3.000000,0.337252,0.000000,0.000000,0.000100,-0.000974,-0.000498,0.415184,-0.016353,0.482178,0.415184,-0.016352,0.482180,0.000000,0.004251
1.972000,0.247148,-0.381017,0.774203,-0.312177,0.177909,-0.440930,0.440930,3.000000,0.359313,0.000000,0.000000,-0.000428,0.000330,-0.000715,0.415184,-0.016351,0.482181,0.415184,-0.016352,0.482180,0.000000,0.006054
1.983000,0.196657,-0.353399,0.833006,-0.362668,0.205527,-0.382126,0.382126,3.000000,0.416857,0.000000,0.000000,-0.000034,0.000444,-0.001352,0.415184,-0.016352,0.482178,0.415184,-0.016352,0.482180,0.000000,0.011511
1.994000,0.171069,-0.438531,0.823381,-0.388255,0.120395,-0.391751,0.391751,3.000000,0.406494,0.000000,0.000000,0.000185,0.000416,0.000345,0.415184,-0.016351,0.482182,0.415184,-0.016352,0.482180,0.000000,-0.002964
2.005000,0.203448,-0.448550,0.798789,-0.355877,0.110376,-0.416343,0.416343,3.000000,0.372600,0.000000,0.000000,-0.000184,-0.000211,-0.000196,0.415183,-0.016354,0.482181,0.415184,-0.016352,0.482180,0.000000,0.001642
2.016000,0.221865,-0.417234,0.828710,-0.337460,0.141692,-0.386422,0.386422,3.000000,0.366000,0.000000,0.000000,-0.000223,0.000066,-0.001427,0.415184,-0.016351,0.482178,0.415184,-0.016352,0.482180,0.000000,0.012137
2.027000,0.188175,-0.387532,0.826557,-0.371150,0.171394,-0.388575,0.388575,3.000000,0.408813,0.000000,0.000000,0.000200,-0.000036,-0.000494,0.415184,-0.016352,0.482181,0.415184,-0.016352,0.482180,0.000000,0.004183
2.038000,0.250082,-0.380071,0.770919,-0.309243,0.178855,-0.444213,0.444213,3.000000,0.357240,0.000000,0.000000,-0.000425,0.000927,0.000005,0.415183,-0.016351,0.482182,0.415184,-0.016352,0.482180,0.000000,-0.000084
2.049000,0.253383,-0.417271,0.790183,-0.305942,0.141655,-0.424949,0.424949,3.000000,0.337145,0.000000,0.000000,0.000086,-0.000565,0.000075,0.415184,-0.016354,0.482181,0.415184,-0.016352,0.482180,0.000000,-0.000651
2.060000,0.239830,-0.397267,0.785494,-0.319495,0.161659,-0.429639,0.429639,3.000000,0.358065,0.000000,0.000000,-0.000414,0.000187,-0.000125,0.415183,-0.016352,0.482180,0.415184,-0.016352,0.482180,0.000000,0.001069
2.071000,0.210368,-0.388393,0.802078,-0.348957,0.170533,-0.413054,0.413054,3.000000,0.388397,0.000000,0.000000,0.000115,-0.000498,0.000325,0.415184,-0.016354,0.482182,0.415184,-0.016352,0.482180,0.000000,-0.002798
2.082000,0.152044,-0.388055,0.828110,-0.407280,0.170871,-0.387023,0.387023,3.000000,0.441672,0.000000,0.000000,0.000032,-0.000014,-0.000148,0.415185,-0.016351,0.482182,0.415184,-0.016352,0.482180,0.000000,0.001227
2.093000,0.170305,-0.395827,0.800496,-0.389020,0.163099,-0.414636,0.414636,3.000000,0.421827,0.000000,0.000000,0.000055,-0.000370,-0.000755,0.415184,-0.016353,0.482179,0.415184,-0.016352,0.482180,0.000000,0.006427
2.104000,0.196766,-0.416147,0.756208,-0.362559,0.142779,-0.458924,0.458924,3.000000,0.389660,0.000000,0.000000,-0.000138,0.000138,-0.000117,0.415183,-0.016352,0.482182,0.415184,-0.016352,0.482180,0.000000,0.000964
2.115000,0.203099,-0.441170,0.754419,-0.356226,0.117756,-0.460713,0.460713,3.000000,0.375184,0.000000,0.000000,0.000060,-0.000272,0.000475,0.415184,-0.016353,0.482182,0.415184,-0.016352,0.482180,0.000000,-0.004058
2.126000,0.151576,-0.394102,0.816034,-0.407749,0.164824,-0.399098,0.399098,3.000000,0.439803,0.000000,0.000000,-0.000306,-0.000213,0.000955,0.415183,-0.016353,0.482183,0.415184,-0.016352,0.482180,0.000000,-0.008155
2.137000,0.236378,-0.391576,0.805098,-0.322947,0.167350,-0.410034,0.410034,3.000000,0.363731,0.000000,0.000000,0.000076,0.001043,0.000206,0.415184,-0.016350,0.482181,0.415184,-0.016352,0.482180,0.000000,-0.001769
2.148000,0.248472,-0.388410,0.809193,-0.310852,0.170516,-0.405939,0.405939,3.000000,0.354549,0.000000,0.000000,0.000296,0.000157,0.000242,0.415184,-0.016352,0.482183,0.415184,-0.016352,0.482180,0.000000,-0.002115
2.159000,0.182214,-0.390418,0.822856,-0.377110,0.168508,-0.392276,0.392276,3.000000,0.413046,0.000000,0.000000,0.000766,-0.000111,0.000288,0.415185,-0.016352,0.482182,0.415184,-0.016352,0.482180,0.000000,-0.002476
2.170000,0.242407,-0.393360,0.757008,-0.316917,0.165566,-0.458124,0.458124,3.000000,0.357560,0.000000,0.000000,-0.000139,-0.000228,0.000433,0.415183,-0.016353,0.482182,0.415184,-0.016352,0.482180,0.000000,-0.003705
2.181000,0.209771,-0.391356,0.790677,-0.349554,0.167570,-0.424455,0.424455,3.000000,0.387644,0.000000,0.000000,0.000124,0.000226,0.000383,0.415185,-0.016351,0.482184,0.415184,-0.016352,0.482180,0.000000,-0.003320
2.192000,0.220480,-0.377996,0.805911,-0.338845,0.180930,-0.409221,0.409221,3.000000,0.384124,0.000000,0.000000,-0.000147,-0.000065,0.000225,0.415183,-0.016352,0.482180,0.415184,-0.016352,0.482180,0.000000,-0.001918
2.203000,0.229292,-0.440066,0.803157,-0.330033,0.118860,-0.411975,0.411975,3.000000,0.350784,0.000000,0.000000,-0.000072,-0.000159,-0.000107,0.415185,-0.016352,0.482181,0.415184,-0.016352,0.482180,0.000000,0.000893
2.214000,0.180381,-0.389385,0.826078,-0.378944,0.169541,-0.389054,0.389054,3.000000,0.415142,0.000000,0.000000,0.000013,0.000013,-0.000527,0.415185,-0.016352,0.482180,0.415184,-0.016352,0.482180,0.000000,0.004465
2.225000,0.194833,-0.342175,0.812835,-0.364492,0.216751,-0.402297,0.402297,3.000000,0.424070,0.000000,0.000000,0.000509,0.000496,0.000414,0.415184,-0.016350,0.482183,0.415184,-0.016352,0.482180,0.000000,-0.003560
2.236000,0.214490,-0.422892,0.822982,-0.344835,0.136034,-0.392150,0.392150,3.000000,0.370697,0.000000,0.000000,-0.000413,-0.000325,0.000398,0.415183,-0.016353,0.482182,0.415184,-0.016352,0.482180,0.000000,-0.003410
2.247000,0.227102,-0.400659,0.825246,-0.332223,0.158267,-0.389886,0.389886,3.000000,0.367995,0.000000,0.000000,0.000464,0.000290,0.000366,0.415186,-0.016352,0.482183,0.415184,-0.016352,0.482180,0.000000,-0.003156
2.258000,0.172757,-0.379742,0.796411,-0.386568,0.179184,-0.418722,0.418722,3.000000,0.426077,0.000000,0.000000,0.000209,0.000779,-0.000746,0.415184,-0.016352,0.482179,0.415184,-0.016352,0.482180,0.000000,0.006348
2.269000,0.209213,-0.405603,0.786811,-0.350112,0.153323,-0.428321,0.428321,3.000000,0.382212,0.000000,0.000000,-0.000200,-0.000638,-0.000788,0.415183,-0.016353,0.482179,0.415184,-0.016352,0.482180,0.000000,0.006703
2.280000,0.224165,-0.355637,0.784903,-0.335160,0.203289,-0.430229,0.430229,3.000000,0.391993,0.000000,0.000000,-0.000152,-0.000097,-0.000034,0.415184,-0.016351,0.482181,0.415184,-0.016352,0.482180,0.000000,0.000269
2.291000,0.274720,-0.403999,0.796343,-0.284605,0.154927,-0.418790,0.418790,3.000000,0.324041,0.000000,0.000000,-0.000340,-0.000166,-0.000387,0.415183,-0.016351,0.482180,0.415184,-0.016352,0.482180,0.000000,0.003285
2.302000,0.276728,-0.368812,0.736792,-0.282597,0.190114,-0.478340,0.478340,3.000000,0.340594,0.000000,0.000000,-0.000232,-0.001370,0.000365,0.415183,-0.016356,0.482182,0.415184,-0.016352,0.482180,0.000000,-0.003129
2.313000,0.253240,-0.424982,0.754816,-0.306085,0.133944,-0.460316,0.460316,3.000000,0.334109,0.000000,0.000000,0.000469,0.000088,0.000229,0.415184,-0.016352,0.482182,0.415184,-0.016352,0.482180,0.000000,-0.001974
2.324000,0.209829,-0.407757,0.806659,-0.349496,0.151169,-0.408473,0.408473,3.000000,0.380788,0.000000,0.000000,0.000067,0.000190,0.000331,0.415184,-0.016351,0.482182,0.415184,-0.016352,0.482180,0.000000,-0.002839
2.335000,0.204820,-0.377658,0.845453,-0.354505,0.181268,-0.369679,0.369679,3.000000,0.398161,0.000000,0.000000,0.000010,0.000402,-0.000340,0.415184,-0.016351,0.482182,0.415184,-0.016352,0.482180,0.000000,0.002856
2.346000,0.211816,-0.370439,0.822025,-0.347509,0.188487,-0.393107,0.393107,3.000000,0.395335,0.000000,0.000000,-0.000038,-0.000928,-0.000050,0.415185,-0.016354,0.482182,0.415184,-0.016352,0.482180,0.000000,0.000384
2.357000,0.256558,-0.392952,0.788766,-0.302767,0.165974,-0.426367,0.426367,3.000000,0.345275,0.000000,0.000000,-0.000210,-0.000106,0.000636,0.415184,-0.016353,0.482183,0.415184,-0.016352,0.482180,0.000000,-0.005445
2.368000,0.277062,-0.452685,0.758169,-0.282263,0.106241,-0.456964,0.456964,3.000000,0.301595,0.000000,0.000000,-0.000353,0.000454,-0.000449,0.415183,-0.016352,0.482180,0.415184,-0.016352,0.482180,0.000000,0.003821
2.379000,0.268514,-0.416853,0.770347,-0.290811,0.142073,-0.444785,0.444785,3.000000,0.323660,0.000000,0.000000,0.000194,0.000194,-0.000592,0.415185,-0.016351,0.482181,0.415184,-0.016352,0.482180,0.000000,0.005009
2.390000,0.211096,-0.411191,0.813828,-0.348228,0.147735,-0.401304,0.401304,3.000000,0.378270,0.000000,0.000000,0.000036,-0.000668,0.000328,0.415184,-0.016353,0.482182,0.415184,-0.016352,0.482180,0.000000,-0.002819
2.401000,0.223979,-0.390303,0.832661,-0.335346,0.168623,-0.382471,0.382471,3.000000,0.375354,0.000000,0.000000,0.000221,-0.000077,-0.000334,0.415185,-0.016351,0.482182,0.415184,-0.016352,0.482180,0.000000,0.002796
2.412000,0.202842,-0.380503,0.829159,-0.356483,0.178424,-0.385973,0.385973,3.000000,0.398642,0.000000,0.000000,0.000264,0.000139,0.000515,0.415185,-0.016352,0.482181,0.415184,-0.016352,0.482180,0.000000,-0.004398
2.423000,0.224415,-0.392152,0.822371,-0.334910,0.166774,-0.392761,0.392761,3.000000,0.374137,0.000000,0.000000,-0.000421,0.000033,-0.000339,0.415182,-0.016352,0.482180,0.415184,-0.016352,0.482180,0.000000,0.002873
2.434000,0.198548,-0.405722,0.816477,-0.360777,0.153204,-0.398655,0.398655,3.000000,0.391959,0.000000,0.000000,-0.000016,-0.000102,0.000349,0.415183,-0.016352,0.482182,0.415184,-0.016352,0.482180,0.000000,-0.002986
2.445000,0.281741,-0.393162,0.822580,-0.277584,0.165764,-0.392552,0.392552,3.000000,0.323312,0.000000,0.000000,-0.000526,-0.000010,0.000535,0.415183,-0.016351,0.482183,0.415184,-0.016352,0.482180,0.000000,-0.004587
2.456000,0.231510,-0.376085,0.850975,-0.327815,0.182841,-0.364157,0.364157,3.000000,0.375358,0.000000,0.000000,0.000433,0.000029,0.000317,0.415185,-0.016351,0.482181,0.415184,-0.016352,0.482180,0.000000,-0.002707
2.467000,0.248890,-0.461084,0.782161,-0.310435,0.097842,-0.432971,0.432971,3.000000,0.325488,0.000000,0.000000,0.000019,0.000068,0.000167,0.415185,-0.016353,0.482182,0.415184,-0.016352,0.482180,0.000000,-0.001445
2.478000,0.241913,-0.360228,0.792171,-0.317412,0.198698,-0.422961,0.422961,3.000000,0.374475,0.000000,0.000000,0.000244,-0.000329,-0.000003,0.415185,-0.016352,0.482181,0.415184,-0.016352,0.482180,0.000000,0.000008
2.489000,0.191678,-0.378190,0.821679,-0.367647,0.180736,-0.393453,0.393453,3.000000,0.409670,0.000000,0.000000,-0.000425,-0.000101,0.000790,0.415183,-0.016353,0.482182,0.415184,-0.016352,0.482180,0.000000,-0.006743
2.500000,0.272996,-0.415472,0.811596,-0.286329,0.143454,-0.403536,0.403536,3.000000,0.320255,0.000000,0.000000,-0.000173,-0.000647,-0.000080,0.415183,-0.016354,0.482179,0.415184,-0.016352,0.482180,0.000000,0.000698
2.511000,0.308153,-0.400381,0.793565,-0.251172,0.158545,-0.421567,0.421567,3.000000,0.297025,0.000000,0.000000,-0.000327,-0.000428,-0.000038,0.415184,-0.016353,0.482182,0.415184,-0.016352,0.482180,0.000000,0.000279
2.522000,0.213007,-0.359553,0.846841,-0.346318,0.199373,-0.368291,0.368291,3.000000,0.399607,0.000000,0.000000,0.000106,-0.000153,-0.000896,0.415183,-0.016352,0.482179,0.415184,-0.016352,0.482180,0.000000,0.007626
2.533000,0.177191,-0.413614,0.823718,-0.382134,0.145312,-0.391414,0.391414,3.000000,0.408830,0.000000,0.000000,0.000339,-0.000192,-0.000415,0.415183,-0.016353,0.482179,0.415184,-0.016352,0.482180,0.000000,0.003542
2.544000,0.236288,-0.388970,0.839384,-0.323036,0.169956,-0.375749,0.375749,3.000000,0.365017,0.000000,0.000000,-0.000352,-0.000225,-0.000246,0.415183,-0.016352,0.482181,0.415184,-0.016352,0.482180,0.000000,0.002069
2.555000,0.248173,-0.406921,0.805093,-0.311152,0.152005,-0.410039,0.410039,3.000000,0.346297,0.000000,0.000000,0.000430,0.000068,0.000497,0.415185,-0.016351,0.482181,0.415184,-0.016352,0.482180,0.000000,-0.004243
2.566000,0.246504,-0.346296,0.799632,-0.312820,0.212630,-0.415500,0.415500,3.000000,0.378244,0.000000,0.000000,0.000154,-0.000875,0.000600,0.415184,-0.016354,0.482181,0.415184,-0.016352,0.482180,0.000000,-0.005113
2.577000,0.241548,-0.381383,0.812643,-0.317777,0.177543,-0.402489,0.402489,3.000000,0.364010,0.000000,0.000000,0.000017,0.000918,0.000740,0.415184,-0.016350,0.482183,0.415184,-0.016352,0.482180,0.000000,-0.006331
2.588000,0.281815,-0.385362,0.814146,-0.277509,0.173564,-0.400986,0.400986,3.000000,0.327316,0.000000,0.000000,0.000100,-0.000449,0.000370,0.415185,-0.016353,0.482183,0.415184,-0.016352,0.482180,0.000000,-0.003187
2.599000,0.272685,-0.393138,0.787283,-0.286640,0.165788,-0.427849,0.427849,3.000000,0.331132,0.000000,0.000000,-0.000136,-0.000694,0.001084,0.415184,-0.016354,0.482184,0.415184,-0.016352,0.482180,0.000000,-0.009268
2.610000,0.216260,-0.389536,0.814180,-0.343065,0.169390,-0.400952,0.400952,3.000000,0.382605,0.000000,0.000000,0.000532,-0.000753,-0.000398,0.415185,-0.016353,0.482180,0.415184,-0.016352,0.482180,0.000000,0.003379
2.621000,0.200676,-0.375781,0.792999,-0.358649,0.183145,-0.422133,0.422133,3.000000,0.402704,0.000000,0.000000,0.000112,0.000853,-0.000918,0.415184,-0.016350,0.482179,0.415184,-0.016352,0.482180,0.000000,0.007798
2.632000,0.163201,-0.413928,0.845057,-0.396124,0.144998,-0.370075,0.370075,3.000000,0.421828,0.000000,0.000000,0.000168,0.000329,0.001476,0.415183,-0.016350,0.482183,0.415184,-0.016352,0.482180,0.000000,-0.012588
2.643000,0.194203,-0.394866,0.796003,-0.365122,0.164060,-0.419129,0.419129,3.000000,0.400287,0.000000,0.000000,0.000497,0.000335,0.000019,0.415185,-0.016352,0.482181,0.415184,-0.016352,0.482180,0.000000,-0.000172
2.654000,0.220061,-0.357160,0.804491,-0.339264,0.201766,-0.410641,0.410641,3.000000,0.394727,0.000000,0.000000,0.000060,-0.000094,-0.000028,0.415185,-0.016352,0.482181,0.415184,-0.016352,0.482180,0.000000,0.000216
2.665000,0.220225,-0.417177,0.827408,-0.339100,0.141749,-0.387724,0.387724,3.000000,0.367534,0.000000,0.000000,-0.000283,0.000912,0.000157,0.415184,-0.016351,0.482182,0.415184,-0.016352,0.482180,0.000000,-0.001362
2.676000,0.212938,-0.401391,0.810763,-0.346387,0.157535,-0.404369,0.404369,3.000000,0.380528,0.000000,0.000000,0.000064,-0.000240,-0.000656,0.415184,-0.016353,0.482180,0.415184,-0.016352,0.482180,0.000000,0.005574
2.687000,0.190848,-0.385540,0.797227,-0.368477,0.173386,-0.417905,0.417905,3.000000,0.407232,0.000000,0.000000,0.000281,-0.000269,0.000064,0.415184,-0.016352,0.482181,0.415184,-0.016352,0.482180,0.000000,-0.000552
2.698000,0.215360,-0.409690,0.770456,-0.343965,0.149236,-0.444676,0.444676,3.000000,0.374944,0.000000,0.000000,0.000223,0.000167,0.000146,0.415184,-0.016352,0.482182,0.415184,-0.016352,0.482180,0.000000,-0.001272
2.709000,0.209928,-0.403168,0.785085,-0.349397,0.155758,-0.430047,0.430047,3.000000,0.382542,0.000000,0.000000,0.000029,-0.000499,-0.000537,0.415184,-0.016353,0.482180,0.415184,-0.016352,0.482180,0.000000,0.004566
2.720000,0.214232,-0.350106,0.787472,-0.345093,0.208820,-0.427660,0.427660,3.000000,0.403354,0.000000,0.000000,-0.000271,-0.000295,0.000910,0.415183,-0.016352,0.482182,0.415184,-0.016352,0.482180,0.000000,-0.007759
2.731000,0.199966,-0.390779,0.813147,-0.359358,0.168147,-0.401985,0.401985,3.000000,0.396752,0.000000,0.000000,0.000120,0.000277,0.000057,0.415184,-0.016352,0.482182,0.415184,-0.016352,0.482180,0.000000,-0.000518
2.742000,0.210213,-0.399916,0.842611,-0.349112,0.159010,-0.372521,0.372521,3.000000,0.383618,0.000000,0.000000,0.000430,0.000369,-0.000846,0.415186,-0.016350,0.482181,0.415184,-0.016352,0.482180,0.000000,0.007157
2.753000,0.219153,-0.383387,0.817688,-0.340172,0.175539,-0.397444,0.397444,3.000000,0.382794,0.000000,0.000000,-0.000083,0.000405,-0.001023,0.415183,-0.016351,0.482180,0.415184,-0.016352,0.482180,0.000000,0.008680
2.764000,0.230093,-0.402159,0.805935,-0.329232,0.156767,-0.409197,0.409197,3.000000,0.364650,0.000000,0.000000,0.000435,0.000282,-0.000319,0.415185,-0.016352,0.482181,0.415184,-0.016352,0.482180,0.000000,0.002690
2.775000,0.271444,-0.423158,0.806614,-0.287881,0.135768,-0.408519,0.408519,3.000000,0.318290,0.000000,0.000000,0.000288,0.000253,-0.000117,0.415184,-0.016353,0.482180,0.415184,-0.016352,0.482180,0.000000,0.001003
2.786000,0.220061,-0.369118,0.809389,-0.339264,0.189808,-0.405743,0.405743,3.000000,0.388751,0.000000,0.000000,0.000067,-0.000190,-0.000915,0.415184,-0.016352,0.482179,0.415184,-0.016352,0.482180,0.000000,0.007772
2.797000,0.232761,-0.358905,0.821436,-0.326564,0.200021,-0.393696,0.393696,3.000000,0.382952,0.000000,0.000000,0.000076,-0.000266,0.000048,0.415184,-0.016353,0.482181,0.415184,-0.016352,0.482180,0.000000,-0.000423
2.808000,0.209050,-0.384823,0.816855,-0.350275,0.174103,-0.398277,0.398277,3.000000,0.391157,0.000000,0.000000,0.000352,-0.000021,-0.001266,0.415184,-0.016352,0.482176,0.415184,-0.016352,0.482180,0.000000,0.010811
2.819000,0.248310,-0.367290,0.787494,-0.311015,0.191636,-0.427638,0.427638,3.000000,0.365315,0.000000,0.000000,0.000257,0.000476,0.000451,0.415185,-0.016352,0.482182,0.415184,-0.016352,0.482180,0.000000,-0.003866
2.830000,0.264715,-0.363075,0.775284,-0.294610,0.195851,-0.439848,0.439848,3.000000,0.353769,0.000000,0.000000,-0.000009,0.001253,0.001656,0.415183,-0.016351,0.482184,0.415184,-0.016352,0.482180,0.000000,-0.014120
2.841000,0.238742,-0.401342,0.770047,-0.320583,0.157584,-0.445085,0.445085,3.000000,0.357220,0.000000,0.000000,0.000476,0.000402,0.000163,0.415185,-0.016351,0.482183,0.415184,-0.016352,0.482180,0.000000,-0.001433
2.852000,0.228769,-0.386930,0.782492,-0.330556,0.171996,-0.432640,0.432640,3.000000,0.372625,0.000000,0.000000,0.000159,-0.000091,-0.000114,0.415185,-0.016352,0.482181,0.415184,-0.016352,0.482180,0.000000,0.000955
2.863000,0.241718,-0.425499,0.796584,-0.317607,0.133427,-0.418548,0.418548,3.000000,0.344495,0.000000,0.000000,-0.000054,-0.000032,-0.000885,0.415184,-0.016352,0.482180,0.415184,-0.016352,0.482180,0.000000,0.007514
2.874000,0.182090,-0.400098,0.804145,-0.377235,0.158828,-0.410988,0.410988,3.000000,0.409307,0.000000,0.000000,-0.000027,0.000120,0.000551,0.415184,-0.016352,0.482182,0.415184,-0.016352,0.482180,0.000000,-0.004702
2.885000,0.196579,-0.409633,0.785716,-0.362746,0.149293,-0.429416,0.429416,3.000000,0.392266,0.000000,0.000000,-0.000159,-0.000088,-0.000290,0.415184,-0.016352,0.482181,0.415184,-0.016352,0.482180,0.000000,0.002440
2.896000,0.244044,-0.421899,0.783797,-0.315281,0.137027,-0.431335,0.431335,3.000000,0.343771,0.000000,0.000000,0.000184,-0.000730,-0.000859,0.415185,-0.016354,0.482180,0.415184,-0.016352,0.482180,0.000000,0.007286
2.907000,0.200518,-0.371770,0.832530,-0.358807,0.187156,-0.382602,0.382602,3.000000,0.404685,0.000000,0.000000,-0.000172,-0.000295,-0.000857,0.415183,-0.016353,0.482180,0.415184,-0.016352,0.482180,0.000000,0.007268
2.918000,0.244530,-0.373600,0.782318,-0.314794,0.185326,-0.432814,0.432814,3.000000,0.365296,0.000000,0.000000,-0.000318,0.000424,0.000099,0.415185,-0.016351,0.482181,0.415184,-0.016352,0.482180,0.000000,-0.000857
2.929000,0.221741,-0.394496,0.758807,-0.337584,0.164430,-0.456325,0.456325,3.000000,0.375500,0.000000,0.000000,0.000285,0.000721,-0.000143,0.415184,-0.016351,0.482180,0.415184,-0.016352,0.482180,0.000000,0.001208
2.940000,0.211309,-0.392630,0.751158,-0.348016,0.166296,-0.463974,0.463974,3.000000,0.385706,0.000000,0.000000,-0.000727,0.000230,-0.000364,0.415182,-0.016353,0.482181,0.415184,-0.016352,0.482180,0.000000,0.003072
2.951000,0.192325,-0.407017,0.781968,-0.367000,0.151909,-0.433164,0.433164,3.000000,0.397197,0.000000,0.000000,0.000332,0.000476,0.000342,0.415185,-0.016353,0.482181,0.415184,-0.016352,0.482180,0.000000,-0.002923
2.962000,0.189262,-0.367734,0.806751,-0.370063,0.191192,-0.408382,0.408382,3.000000,0.416535,0.000000,0.000000,-0.000566,-0.000020,-0.000660,0.415183,-0.016352,0.482180,0.415184,-0.016352,0.482180,0.000000,0.005595
2.973000,0.210941,-0.363675,0.772045,-0.348383,0.195251,-0.443088,0.443088,3.000000,0.399367,0.000000,0.000000,-0.000191,-0.000447,0.000279,0.415183,-0.016353,0.482181,0.415184,-0.016352,0.482180,0.000000,-0.002388
2.984000,0.217314,-0.384886,0.790876,-0.342011,0.174040,-0.424256,0.424256,3.000000,0.383747,0.000000,0.000000,-0.000011,-0.000034,0.000463,0.415185,-0.016351,0.482184,0.415184,-0.016352,0.482180,0.000000,-0.003990
2.995000,0.182972,-0.347858,0.795809,-0.376353,0.211068,-0.419323,0.419323,3.000000,0.431499,0.000000,0.000000,0.000067,0.000136,-0.000212,0.415184,-0.016353,0.482183,0.415184,-0.016352,0.482180,0.000000,0.001743
3.006000,0.198352,-0.395244,0.799018,-0.360973,0.163682,-0.416114,0.416114,3.000000,0.396350,0.000000,0.000000,0.000224,0.000212,-0.001075,0.415184,-0.016351,0.482180,0.415184,-0.016352,0.482180,0.000000,0.009115
3.017000,0.223579,-0.386232,0.782053,-0.335745,0.172694,-0.433079,0.433079,3.000000,0.377556,0.000000,0.000000,0.000276,-0.000155,0.000133,0.415185,-0.016353,0.482181,0.415184,-0.016352,0.482180,0.000000,-0.001149
3.028000,0.236519,-0.388529,0.785206,-0.322806,0.170397,-0.429926,0.429926,3.000000,0.365019,0.000000,0.000000,-0.000290,-0.000358,-0.000204,0.415183,-0.016352,0.482180,0.415184,-0.016352,0.482180,0.000000,0.001731
3.039000,0.194069,-0.355979,0.821057,-0.365256,0.202947,-0.394075,0.394075,3.000000,0.417851,0.000000,0.000000,0.000317,0.000285,-0.000239,0.415184,-0.016351,0.482181,0.415184,-0.016352,0.482180,0.000000,0.002013
3.050000,0.245299,-0.408131,0.792396,-0.314026,0.150795,-0.422736,0.422736,3.000000,0.348356,0.000000,0.000000,-0.000045,-0.001192,0.000719,0.415184,-0.016354,0.482183,0.415184,-0.016352,0.482180,0.000000,-0.006158
3.061000,0.210405,-0.369738,0.798487,-0.348920,0.189188,-0.416645,0.416645,3.000000,0.396910,0.000000,0.000000,-0.000031,0.000276,0.000270,0.415184,-0.016351,0.482180,0.415184,-0.016352,0.482180,0.000000,-0.002298
3.072000,0.221695,-0.409447,0.766829,-0.337630,0.149479,-0.448303,0.448303,3.000000,0.369240,0.000000,0.000000,-0.000661,0.000519,-0.000022,0.415183,-0.016351,0.482181,0.415184,-0.016352,0.482180,0.000000,0.000173
3.083000,0.262185,-0.428150,0.754650,-0.297140,0.130777,-0.460482,0.460482,3.000000,0.324645,0.000000,0.000000,-0.000072,-0.000229,-0.000729,0.415184,-0.016352,0.482180,0.415184,-0.016352,0.482180,0.000000,0.006189
3.094000,0.219666,-0.418897,0.803963,-0.339658,0.140029,-0.411169,0.411169,3.000000,0.367391,0.000000,0.000000,-0.000486,0.000489,-0.000706,0.415184,-0.016349,0.482179,0.415184,-0.016352,0.482180,0.000000,0.005997
3.105000,0.230145,-0.400581,0.808432,-0.329179,0.158345,-0.406700,0.406700,3.000000,0.365284,0.000000,0.000000,-0.000053,-0.000258,-0.000509,0.415184,-0.016353,0.482180,0.415184,-0.016352,0.482180,0.000000,0.004326
3.116000,0.162531,-0.375060,0.823198,-0.396793,0.183866,-0.391934,0.391934,3.000000,0.437323,0.000000,0.000000,0.000266,0.000222,-0.000953,0.415184,-0.016351,0.482179,0.415184,-0.016352,0.482180,0.000000,0.008095
3.127000,0.184683,-0.374176,0.832965,-0.374642,0.184750,-0.382167,0.382167,3.000000,0.417719,0.000000,0.000000,0.000146,-0.000765,0.000387,0.415184,-0.016353,0.482183,0.415184,-0.016352,0.482180,0.000000,-0.003325
3.138000,0.203435,-0.393887,0.816279,-0.355889,0.165039,-0.398853,0.398853,3.000000,0.392295,0.000000,0.000000,-0.000025,0.000019,0.000140,0.415183,-0.016352,0.482181,0.415184,-0.016352,0.482180,0.000000,-0.001208
3.149000,0.205361,-0.394036,0.808774,-0.353964,0.164890,-0.406358,0.406358,3.000000,0.390486,0.000000,0.000000,-0.000186,0.001326,0.000193,0.415184,-0.016351,0.482181,0.415184,-0.016352,0.482180,0.000000,-0.001657
3.160000,0.305427,-0.375828,0.762216,-0.253897,0.183098,-0.452916,0.452916,3.000000,0.313031,0.000000,0.000000,-0.000429,-0.000912,0.000041,0.415183,-0.016354,0.482180,0.415184,-0.016352,0.482180,0.000000,-0.000353
3.171000,0.243968,-0.332948,0.811101,-0.315356,0.225978,-0.404031,0.404031,3.000000,0.387963,0.000000,0.000000,-0.000000,-0.000091,0.000912,0.415184,-0.016353,0.482182,0.415184,-0.016352,0.482180,0.000000,-0.007772
3.182000,0.235354,-0.358487,0.781137,-0.323971,0.200440,-0.433995,0.433995,3.000000,0.380963,0.000000,0.000000,0.000200,0.001216,-0.000831,0.415184,-0.016350,0.482180,0.415184,-0.016352,0.482180,0.000000,0.007056
3.193000,0.192015,-0.382700,0.811313,-0.367310,0.176226,-0.403819,0.403819,3.000000,0.407397,0.000000,0.000000,0.000158,0.000081,0.000165,0.415184,-0.016352,0.482182,0.415184,-0.016352,0.482180,0.000000,-0.001444
3.204000,0.177721,-0.402325,0.833993,-0.381604,0.156601,-0.381139,0.381139,3.000000,0.412487,0.000000,0.000000,0.000278,0.000389,-0.000366,0.415185,-0.016353,0.482179,0.415184,-0.016352,0.482180,0.000000,0.003121
3.215000,0.270653,-0.415209,0.790116,-0.288672,0.143717,-0.425016,0.425016,3.000000,0.322469,0.000000,0.000000,-0.000168,0.000515,-0.000777,0.415184,-0.016350,0.482180,0.415184,-0.016352,0.482180,0.000000,0.006596
3.226000,0.211890,-0.403859,0.825837,-0.347435,0.155067,-0.389296,0.389296,3.000000,0.380469,0.000000,0.000000,-0.000099,0.000154,0.000070,0.415184,-0.016353,0.482181,0.415184,-0.016352,0.482180,0.000000,-0.000615
3.237000,0.206589,-0.394164,0.800675,-0.352736,0.164762,-0.414457,0.414457,3.000000,0.389319,0.000000,0.000000,-0.000243,0.000675,-0.000658,0.415184,-0.016350,0.482179,0.415184,-0.016352,0.482180,0.000000,0.005605
3.248000,0.241613,-0.337113,0.820531,-0.317712,0.221813,-0.394601,0.394601,3.000000,0.387482,0.000000,0.000000,-0.000133,-0.000040,0.000849,0.415184,-0.016350,0.482183,0.415184,-0.016352,0.482180,0.000000,-0.007265
3.259000,0.250536,-0.395487,0.790144,-0.308789,0.163439,-0.424988,0.424988,3.000000,0.349375,0.000000,0.000000,-0.000264,-0.000685,-0.000111,0.415183,-0.016354,0.482181,0.415184,-0.016352,0.482180,0.000000,0.000923
3.270000,0.237142,-0.384477,0.803758,-0.322182,0.174450,-0.411374,0.411374,3.000000,0.366380,0.000000,0.000000,0.000311,-0.000095,0.000045,0.415185,-0.016352,0.482181,0.415184,-0.016352,0.482180,0.000000,-0.000395
3.281000,0.220888,-0.398222,0.801096,-0.338437,0.160704,-0.414036,0.414036,3.000000,0.374653,0.000000,0.000000,0.000116,-0.000253,-0.000483,0.415184,-0.016353,0.482182,0.415184,-0.016352,0.482180,0.000000,0.004075
3.292000,0.238200,-0.380171,0.779254,-0.321124,0.178755,-0.435878,0.435878,3.000000,0.367525,0.000000,0.000000,0.000118,-0.000043,0.000162,0.415183,-0.016352,0.482181,0.415184,-0.016352,0.482180,0.000000,-0.001394
3.303000,0.244216,-0.414828,0.783994,-0.315108,0.144098,-0.431138,0.431138,3.000000,0.346493,0.000000,0.000000,-0.000069,0.000056,-0.000023,0.415184,-0.016352,0.482181,0.415184,-0.016352,0.482180,0.000000,0.000180
3.314000,0.216808,-0.441655,0.795506,-0.342516,0.117271,-0.419626,0.419626,3.000000,0.362036,0.000000,0.000000,-0.000048,0.000532,-0.000483,0.415184,-0.016353,0.482179,0.415184,-0.016352,0.482180,0.000000,0.004124
3.325000,0.185526,-0.402146,0.819914,-0.373799,0.156780,-0.395218,0.395218,3.000000,0.405346,0.000000,0.000000,0.000073,-0.000717,0.000756,0.415184,-0.016354,0.482182,0.415184,-0.016352,0.482180,0.000000,-0.006454
3.336000,0.210983,-0.380342,0.820988,-0.348342,0.178584,-0.394144,0.394144,3.000000,0.391451,0.000000,0.000000,0.000114,0.000896,0.000279,0.415183,-0.016351,0.482181,0.415184,-0.016352,0.482180,0.000000,-0.002394
3.347000,0.261069,-0.394519,0.761105,-0.298256,0.164407,-0.454027,0.454027,3.000000,0.340567,0.000000,0.000000,0.000319,-0.000085,0.000349,0.415185,-0.016353,0.482181,0.415184,-0.016352,0.482180,0.000000,-0.002982
3.358000,0.257413,-0.370454,0.785433,-0.301911,0.188472,-0.429699,0.429699,3.000000,0.355910,0.000000,0.000000,-0.000193,-0.000524,0.000099,0.415183,-0.016353,0.482182,0.415184,-0.016352,0.482180,0.000000,-0.000874
3.369000,0.268984,-0.368518,0.799385,-0.290341,0.190408,-0.415747,0.415747,3.000000,0.347208,0.000000,0.000000,0.000066,0.000180,-0.000312,0.415184,-0.016353,0.482180,0.415184,-0.016352,0.482180,0.000000,0.002657
3.380000,0.210149,-0.398650,0.835966,-0.349175,0.160277,-0.379166,0.379166,3.000000,0.384203,0.000000,0.000000,0.000223,-0.000216,0.000876,0.415185,-0.016352,0.482184,0.415184,-0.016352,0.482180,0.000000,-0.007511
3.391000,0.193813,-0.435081,0.819111,-0.365512,0.123845,-0.396021,0.396021,3.000000,0.385923,0.000000,0.000000,-0.000390,0.000462,-0.000437,0.415183,-0.016351,0.482181,0.415184,-0.016352,0.482180,0.000000,0.003691
3.402000,0.195807,-0.381463,0.835344,-0.363518,0.177463,-0.379788,0.379788,3.000000,0.404522,0.000000,0.000000,-0.000338,0.000078,-0.000136,0.415183,-0.016351,0.482181,0.415184,-0.016352,0.482180,0.000000,0.001139
3.413000,0.236059,-0.347546,0.784223,-0.323266,0.211380,-0.430909,0.430909,3.000000,0.386241,0.000000,0.000000,-0.000308,0.000369,-0.000507,0.415183,-0.016351,0.482182,0.415184,-0.016352,0.482180,0.000000,0.004269
3.424000,0.272095,-0.397970,0.792497,-0.287230,0.160956,-0.422636,0.422636,3.000000,0.329254,0.000000,0.000000,-0.000333,-0.000900,-0.001110,0.415183,-0.016354,0.482179,0.415184,-0.016352,0.482180,0.000000,0.009433
3.435000,0.228633,-0.391435,0.805689,-0.330692,0.167491,-0.409443,0.409443,3.000000,0.370689,0.000000,0.000000,-0.000299,-0.000506,-0.000384,0.415184,-0.016353,0.482180,0.415184,-0.016352,0.482180,0.000000,0.003251
3.446000,0.242090,-0.431363,0.772899,-0.317234,0.127563,-0.442233,0.442233,3.000000,0.341921,0.000000,0.000000,-0.000344,-0.000565,0.000969,0.415184,-0.016354,0.482185,0.415184,-0.016352,0.482180,0.000000,-0.008322
3.457000,0.254120,-0.338116,0.727567,-0.305205,0.220810,-0.487565,0.487565,3.000000,0.376706,0.000000,0.000000,0.000082,-0.000909,0.000582,0.415183,-0.016353,0.482182,0.415184,-0.016352,0.482180,0.000000,-0.004969
3.468000,0.186793,-0.378451,0.784051,-0.372532,0.180475,-0.431081,0.431081,3.000000,0.413946,0.000000,0.000000,0.000144,0.000479,-0.000804,0.415183,-0.016351,0.482179,0.415184,-0.016352,0.482180,0.000000,0.006837
3.479000,0.233752,-0.410139,0.756422,-0.325573,0.148787,-0.458710,0.458710,3.000000,0.357960,0.000000,0.000000,-0.000497,0.001212,-0.000541,0.415183,-0.016349,0.482180,0.415184,-0.016352,0.482180,0.000000,0.004594
3.490000,0.251567,-0.413795,0.764620,-0.307757,0.145131,-0.450512,0.450512,3.000000,0.340261,0.000000,0.000000,-0.000109,-0.000515,-0.000082,0.415184,-0.016353,0.482182,0.415184,-0.016352,0.482180,0.000000,0.000657
3.501000,0.202179,-0.360436,0.809210,-0.357145,0.198490,-0.405922,0.405922,3.000000,0.408596,0.000000,0.000000,0.000077,-0.000252,0.000265,0.415184,-0.016354,0.482181,0.415184,-0.016352,0.482180,0.000000,-0.002261
3.512000,0.230659,-0.359560,0.815231,-0.328665,0.199366,-0.399901,0.399901,3.000000,0.384405,0.000000,0.000000,-0.000282,-0.000558,-0.000241,0.415183,-0.016353,0.482180,0.415184,-0.016352,0.482180,0.000000,0.002045
3.523000,0.204787,-0.358293,0.828379,-0.354538,0.200633,-0.386753,0.386753,3.000000,0.407371,0.000000,0.000000,0.000166,0.000500,0.000013,0.415184,-0.016349,0.482182,0.415184,-0.016352,0.482180,0.000000,-0.000147
3.534000,0.239392,-0.411055,0.838179,-0.319933,0.147871,-0.376954,0.376954,3.000000,0.352453,0.000000,0.000000,-0.000311,-0.000216,-0.000382,0.415184,-0.016353,0.482181,0.415184,-0.016352,0.482180,0.000000,0.003217
3.545000,0.202062,-0.391701,0.801084,-0.357263,0.167225,-0.414048,0.414048,3.000000,0.394463,0.000000,0.000000,-0.000040,0.000157,0.000803,0.415184,-0.016353,0.482182,0.415184,-0.016352,0.482180,0.000000,-0.006839
3.556000,0.216712,-0.388663,0.787140,-0.342612,0.170263,-0.427992,0.427992,3.000000,0.382587,0.000000,0.000000,0.000563,0.000307,0.000656,0.415186,-0.016352,0.482181,0.415184,-0.016352,0.482180,0.000000,-0.005593
3.567000,0.179690,-0.408162,0.790597,-0.379634,0.150765,-0.424535,0.424535,3.000000,0.408476,0.000000,0.000000,0.000093,-0.000018,-0.000587,0.415184,-0.016354,0.482178,0.415184,-0.016352,0.482180,0.000000,0.005011
3.578000,0.203638,-0.399122,0.825505,-0.355687,0.159804,-0.389627,0.389627,3.000000,0.389936,0.000000,0.000000,0.000097,0.000400,0.000551,0.415185,-0.016350,0.482184,0.415184,-0.016352,0.482180,0.000000,-0.004750
3.589000,0.180645,-0.333547,0.848522,-0.378679,0.225379,-0.366610,0.366610,3.000000,0.440674,0.000000,0.000000,0.000029,-0.000192,0.000415,0.415186,-0.016353,0.482182,0.415184,-0.016352,0.482180,0.000000,-0.003554
3.600000,0.225680,-0.344990,0.778599,-0.333645,0.213936,-0.436533,0.436533,3.000000,0.396343,0.000000,0.000000,0.000242,0.000137,-0.000005,0.415184,-0.016352,0.482181,0.415184,-0.016352,0.482180,0.000000,0.000033
3.611000,0.252840,-0.429271,0.793062,-0.306485,0.129655,-0.422070,0.422070,3.000000,0.332781,0.000000,0.000000,0.000194,-0.000212,-0.001126,0.415185,-0.016353,0.482179,0.415184,-0.016352,0.482180,0.000000,0.009580
3.622000,0.200201,-0.393226,0.792460,-0.359123,0.165700,-0.422672,0.422672,3.000000,0.395507,0.000000,0.000000,0.000143,0.000808,-0.000386,0.415185,-0.016350,0.482182,0.415184,-0.016352,0.482180,0.000000,0.003251
3.633000,0.159601,-0.384584,0.802053,-0.399724,0.174342,-0.413079,0.413079,3.000000,0.436090,0.000000,0.000000,0.000357,0.000693,0.000641,0.415185,-0.016351,0.482184,0.415184,-0.016352,0.482180,0.000000,-0.005508
3.644000,0.231997,-0.404153,0.801689,-0.327327,0.154773,-0.413443,0.413443,3.000000,0.362074,0.000000,0.000000,-0.000065,0.000518,0.000350,0.415183,-0.016352,0.482181,0.415184,-0.016352,0.482180,0.000000,-0.002985
3.655000,0.245878,-0.375240,0.778274,-0.313446,0.183686,-0.436858,0.436858,3.000000,0.363303,0.000000,0.000000,0.000088,-0.000386,0.000265,0.415183,-0.016354,0.482181,0.415184,-0.016352,0.482180,0.000000,-0.002274
3.666000,0.234986,-0.399693,0.776668,-0.324339,0.159233,-0.438464,0.438464,3.000000,0.361319,0.000000,0.000000,-0.000391,0.000776,0.000613,0.415183,-0.016350,0.482184,0.415184,-0.016352,0.482180,0.000000,-0.005270
3.677000,0.183598,-0.385289,0.792901,-0.375727,0.173637,-0.422231,0.422231,3.000000,0.413909,0.000000,0.000000,-0.000266,-0.000842,-0.000371,0.415183,-0.016355,0.482179,0.415184,-0.016352,0.482180,0.000000,0.003162
3.688000,0.186301,-0.370829,0.810252,-0.373024,0.188097,-0.404880,0.404880,3.000000,0.417765,0.000000,0.000000,-0.000012,0.000576,0.000515,0.415184,-0.016351,0.482182,0.415184,-0.016352,0.482180,0.000000,-0.004405
3.699000,0.160582,-0.341974,0.803901,-0.398743,0.216952,-0.411231,0.411231,3.000000,0.453943,0.000000,0.000000,-0.000266,-0.000421,-0.000268,0.415184,-0.016352,0.482181,0.415184,-0.016352,0.482180,0.000000,0.002268
3.710000,0.175983,-0.424797,0.813833,-0.383342,0.134129,-0.401299,0.401299,3.000000,0.406130,0.000000,0.000000,-0.000156,0.000525,-0.000537,0.415184,-0.016351,0.482180,0.415184,-0.016352,0.482180,0.000000,0.004559
3.721000,0.215858,-0.372077,0.744752,-0.343467,0.186849,-0.470380,0.470380,3.000000,0.391001,0.000000,0.000000,-0.000275,-0.000757,0.000146,0.415183,-0.016354,0.482181,0.415184,-0.016352,0.482180,0.000000,-0.001266
3.732000,0.235872,-0.363391,0.748008,-0.323453,0.195535,-0.467124,0.467124,3.000000,0.377962,0.000000,0.000000,0.000061,-0.000546,-0.000451,0.415184,-0.016353,0.482179,0.415184,-0.016352,0.482180,0.000000,0.003849
3.743000,0.221886,-0.348985,0.807695,-0.337439,0.209941,-0.407438,0.407438,3.000000,0.397417,0.000000,0.000000,0.000073,-0.000574,0.000032,0.415185,-0.016353,0.482183,0.415184,-0.016352,0.482180,0.000000,-0.000319
3.754000,0.201511,-0.398371,0.803924,-0.357814,0.160555,-0.411209,0.411209,3.000000,0.392184,0.000000,0.000000,0.000392,-0.000192,0.000457,0.415185,-0.016352,0.482181,0.415184,-0.016352,0.482180,0.000000,-0.003895
3.765000,0.165053,-0.410083,0.797361,-0.394271,0.148843,-0.417771,0.417771,3.000000,0.421431,0.000000,0.000000,0.000015,0.000393,-0.000991,0.415184,-0.016352,0.482180,0.415184,-0.016352,0.482180,0.000000,0.008411
3.776000,0.159443,-0.394498,0.847273,-0.399882,0.164428,-0.367859,0.367859,3.000000,0.432368,0.000000,0.000000,-0.000444,-0.000660,0.000661,0.415183,-0.016355,0.482183,0.415184,-0.016352,0.482180,0.000000,-0.005668
3.787000,0.228182,-0.400055,0.783727,-0.331143,0.158871,-0.431406,0.431406,3.000000,0.367281,0.000000,0.000000,0.000228,0.000032,-0.000025,0.415184,-0.016352,0.482180,0.415184,-0.016352,0.482180,0.000000,0.000215
3.798000,0.164409,-0.424930,0.801957,-0.394916,0.133996,-0.413175,0.413175,3.000000,0.417029,0.000000,0.000000,0.000077,-0.000989,-0.000447,0.415183,-0.016354,0.482180,0.415184,-0.016352,0.482180,0.000000,0.003791
3.809000,0.227284,-0.449539,0.798722,-0.332041,0.109387,-0.416410,0.416410,3.000000,0.349595,0.000000,0.000000,-0.000264,-0.000127,-0.001631,0.415183,-0.016353,0.482179,0.415184,-0.016352,0.482180,0.000000,0.013862
3.820000,0.247356,-0.422489,0.775643,-0.311968,0.136437,-0.439489,0.439489,3.000000,0.340499,0.000000,0.000000,-0.000506,0.000959,0.001435,0.415184,-0.016351,0.482184,0.415184,-0.016352,0.482180,0.000000,-0.012244
3.831000,0.362439,-0.380257,0.741096,-0.196886,0.178669,-0.474037,0.474037,3.000000,0.265869,0.000000,0.000000,0.000245,0.000930,0.000159,0.415185,-0.016350,0.482183,0.415184,-0.016352,0.482180,0.000000,-0.001392
3.842000,0.227286,-0.376950,0.774711,-0.332039,0.181976,-0.440421,0.440421,3.000000,0.378636,0.000000,0.000000,0.000184,-0.000116,0.000277,0.415183,-0.016353,0.482179,0.415184,-0.016352,0.482180,0.000000,-0.002345
3.853000,0.162491,-0.396625,0.829003,-0.396834,0.162301,-0.386129,0.386129,3.000000,0.428741,0.000000,0.000000,0.000630,-0.000401,0.000334,0.415186,-0.016354,0.482183,0.415184,-0.016352,0.482180,0.000000,-0.002885
3.864000,0.220957,-0.376647,0.776788,-0.338367,0.182279,-0.438345,0.438345,3.000000,0.384341,0.000000,0.000000,0.000133,0.000584,0.000738,0.415184,-0.016351,0.482183,0.415184,-0.016352,0.482180,0.000000,-0.006307
3.875000,0.230253,-0.395071,0.819031,-0.329071,0.163855,-0.396101,0.396101,3.000000,0.367609,0.000000,0.000000,0.000028,-0.000088,-0.000446,0.415184,-0.016352,0.482179,0.415184,-0.016352,0.482180,0.000000,0.003808
3.886000,0.188372,-0.385206,0.834027,-0.370953,0.173720,-0.381105,0.381105,3.000000,0.409615,0.000000,0.000000,0.000306,0.000136,0.000016,0.415185,-0.016350,0.482182,0.415184,-0.016352,0.482180,0.000000,-0.000171
3.897000,0.244863,-0.361218,0.788781,-0.314462,0.197708,-0.426351,0.426351,3.000000,0.371450,0.000000,0.000000,-0.000055,-0.000162,-0.000341,0.415184,-0.016353,0.482179,0.415184,-0.016352,0.482180,0.000000,0.002917
3.908000,0.231264,-0.376332,0.762408,-0.328061,0.182594,-0.452724,0.452724,3.000000,0.375452,0.000000,0.000000,-0.000201,-0.000468,-0.000171,0.415184,-0.016353,0.482181,0.415184,-0.016352,0.482180,0.000000,0.001438
3.919000,0.177789,-0.337792,0.801670,-0.381535,0.221134,-0.413462,0.413462,3.000000,0.440987,0.000000,0.000000,0.000097,-0.000406,0.000145,0.415184,-0.016352,0.482184,0.415184,-0.016352,0.482180,0.000000,-0.001299
3.930000,0.166084,-0.358873,0.826953,-0.393240,0.200053,-0.388179,0.388179,3.000000,0.441202,0.000000,0.000000,-0.000052,0.000643,0.000105,0.415184,-0.016351,0.482183,0.415184,-0.016352,0.482180,0.000000,-0.000939
3.941000,0.179593,-0.395174,0.818200,-0.379732,0.163752,-0.396932,0.396932,3.000000,0.413534,0.000000,0.000000,0.000464,0.000269,0.001161,0.415184,-0.016351,0.482184,0.415184,-0.016352,0.482180,0.000000,-0.009923
3.952000,0.243296,-0.385844,0.747212,-0.316029,0.173082,-0.467920,0.467920,3.000000,0.360321,0.000000,0.000000,0.000079,-0.000076,0.000053,0.415184,-0.016353,0.482181,0.415184,-0.016352,0.482180,0.000000,-0.000467
3.963000,0.232321,-0.365874,0.786318,-0.327004,0.193052,-0.428814,0.428814,3.000000,0.379737,0.000000,0.000000,-0.000178,-0.000678,-0.000531,0.415184,-0.016352,0.482178,0.415184,-0.016352,0.482180,0.000000,0.004544
3.974000,0.194427,-0.407735,0.793285,-0.364898,0.151191,-0.421847,0.421847,3.000000,0.394980,0.000000,0.000000,-0.000138,0.000047,0.000859,0.415184,-0.016352,0.482182,0.415184,-0.016352,0.482180,0.000000,-0.007333
3.985000,0.207523,-0.394128,0.787049,-0.351801,0.164798,-0.428083,0.428083,3.000000,0.388488,0.000000,0.000000,-0.000501,-0.001183,0.000062,0.415183,-0.016355,0.482182,0.415184,-0.016352,0.482180,0.000000,-0.000562
3.996000,0.208155,-0.412821,0.806680,-0.351170,0.146105,-0.408452,0.408452,3.000000,0.380351,0.000000,0.000000,0.000363,0.000977,-0.000160,0.415185,-0.016351,0.482181,0.415184,-0.016352,0.482180,0.000000,0.001340
4.006000,0.254155,-0.406210,0.743951,-0.305170,0.152716,-0.471181,0.471181,3.000000,0.341249,0.000000,0.000000,-0.000287,0.000391,0.000242,0.415183,-0.016351,0.482180,0.415184,-0.016352,0.482180,0.000000,-0.002051
4.016000,0.255265,-0.405064,0.772503,-0.304059,0.153862,-0.442629,0.442629,3.000000,0.340772,0.000000,0.000000,0.000478,0.000635,0.000322,0.415185,-0.016349,0.482181,0.415184,-0.016352,0.482180,0.000000,-0.002745
4.026000,0.205231,-0.385625,0.819221,-0.354094,0.173301,-0.395911,0.395911,3.000000,0.394228,0.000000,0.000000,0.000081,-0.000213,0.000930,0.415184,-0.016351,0.482183,0.415184,-0.016352,0.482180,0.000000,-0.007951
4.036000,0.193124,-0.360237,0.814292,-0.366200,0.198689,-0.400840,0.400840,3.000000,0.416629,0.000000,0.000000,0.000025,0.000333,0.000676,0.415184,-0.016352,0.482183,0.415184,-0.016352,0.482180,0.000000,-0.005780
4.046000,0.247811,-0.397256,0.778640,-0.311514,0.161670,-0.436492,0.436492,3.000000,0.350968,0.000000,0.000000,0.000091,0.000984,-0.000205,0.415184,-0.016350,0.482181,0.415184,-0.016352,0.482180,0.000000,0.001725
4.056000,0.221720,-0.418669,0.837883,-0.337605,0.140257,-0.377249,0.377249,3.000000,0.365581,0.000000,0.000000,-0.000483,0.000093,-0.000776,0.415183,-0.016352,0.482181,0.415184,-0.016352,0.482180,0.000000,0.006566
4.066000,0.191395,-0.373982,0.847861,-0.367930,0.184944,-0.367271,0.367271,3.000000,0.411797,0.000000,0.000000,-0.000093,-0.001164,-0.000167,0.415183,-0.016355,0.482179,0.415184,-0.016352,0.482180,0.000000,0.001437
4.076000,0.229660,-0.371742,0.810874,-0.329665,0.187184,-0.404258,0.404258,3.000000,0.379100,0.000000,0.000000,0.000019,-0.000047,-0.000544,0.415184,-0.016352,0.482180,0.415184,-0.016352,0.482180,0.000000,0.004608
4.086000,0.243368,-0.358916,0.778058,-0.315957,0.200010,-0.437074,0.437074,3.000000,0.373942,0.000000,0.000000,0.000139,-0.000315,0.001372,0.415185,-0.016352,0.482185,0.415184,-0.016352,0.482180,0.000000,-0.011729
4.096000,0.201717,-0.422601,0.812330,-0.357608,0.136325,-0.402802,0.402802,3.000000,0.382711,0.000000,0.000000,-0.000300,0.000198,-0.000534,0.415184,-0.016352,0.482181,0.415184,-0.016352,0.482180,0.000000,0.004520
4.106000,0.190068,-0.388239,0.824538,-0.369257,0.170687,-0.390594,0.390594,3.000000,0.406799,0.000000,0.000000,-0.000472,-0.000000,0.001034,0.415183,-0.016352,0.482183,0.415184,-0.016352,0.482180,0.000000,-0.008837
4.116000,0.200942,-0.391582,0.799137,-0.358382,0.167344,-0.415995,0.415995,3.000000,0.395527,0.000000,0.000000,-0.000263,0.000522,0.000178,0.415184,-0.016351,0.482183,0.415184,-0.016352,0.482180,0.000000,-0.001555
4.126000,0.214283,-0.430428,0.806034,-0.345042,0.128498,-0.409098,0.409098,3.000000,0.368192,0.000000,0.000000,-0.000250,0.000614,-0.000720,0.415184,-0.016349,0.482180,0.415184,-0.016352,0.482180,0.000000,0.006103
4.136000,0.229259,-0.359627,0.777897,-0.330066,0.199299,-0.437235,0.437235,3.000000,0.385569,0.000000,0.000000,0.000331,-0.000044,0.000066,0.415184,-0.016353,0.482182,0.415184,-0.016352,0.482180,0.000000,-0.000596
4.146000,0.239574,-0.350199,0.779376,-0.319751,0.208727,-0.435756,0.435756,3.000000,0.381848,0.000000,0.000000,0.000230,0.000544,0.000503,0.415184,-0.016351,0.482183,0.415184,-0.016352,0.482180,0.000000,-0.004312
4.156000,0.228191,-0.424695,0.773140,-0.331134,0.134232,-0.441992,0.441992,3.000000,0.357306,0.000000,0.000000,0.000230,0.000450,0.000707,0.415185,-0.016350,0.482184,0.415184,-0.016352,0.482180,0.000000,-0.006067
4.166000,0.273378,-0.402956,0.775159,-0.285947,0.155970,-0.439973,0.439973,3.000000,0.325718,0.000000,0.000000,-0.000075,-0.000401,0.000027,0.415184,-0.016353,0.482181,0.415184,-0.016352,0.482180,0.000000,-0.000238
4.176000,0.276635,-0.385955,0.736528,-0.282690,0.172971,-0.478604,0.478604,3.000000,0.331410,0.000000,0.000000,0.000047,0.000288,0.000657,0.415184,-0.016352,0.482182,0.415184,-0.016352,0.482180,0.000000,-0.005609
4.186000,0.212419,-0.384342,0.765378,-0.346905,0.174584,-0.449754,0.449754,3.000000,0.388359,0.000000,0.000000,0.000142,0.000128,0.000749,0.415185,-0.016352,0.482183,0.415184,-0.016352,0.482180,0.000000,-0.006409
4.196000,0.260097,-0.401815,0.796698,-0.299228,0.157111,-0.418434,0.418434,3.000000,0.337966,0.000000,0.000000,-0.000235,0.000289,0.000106,0.415184,-0.016353,0.482181,0.415184,-0.016352,0.482180,0.000000,-0.000924
4.206000,0.268622,-0.382807,0.781188,-0.290703,0.176119,-0.433944,0.433944,3.000000,0.339891,0.000000,0.000000,-0.000152,0.000087,0.000184,0.415183,-0.016353,0.482181,0.415184,-0.016352,0.482180,0.000000,-0.001581
4.216000,0.205747,-0.376566,0.790124,-0.353578,0.182360,-0.425008,0.425008,3.000000,0.397835,0.000000,0.000000,0.000093,0.000297,-0.000746,0.415184,-0.016351,0.482180,0.415184,-0.016352,0.482180,0.000000,0.006323
4.226000,0.198571,-0.367775,0.831291,-0.360754,0.191151,-0.383842,0.383842,3.000000,0.408267,0.000000,0.000000,-0.000469,-0.000287,0.000217,0.415183,-0.016352,0.482183,0.415184,-0.016352,0.482180,0.000000,-0.001895
4.236000,0.240758,-0.367441,0.817965,-0.318566,0.191485,-0.397167,0.397167,3.000000,0.371687,0.000000,0.000000,0.000177,-0.000378,0.000067,0.415185,-0.016353,0.482182,0.415184,-0.016352,0.482180,0.000000,-0.000612
4.246000,0.182631,-0.387650,0.844794,-0.376694,0.171276,-0.370338,0.370338,3.000000,0.413804,0.000000,0.000000,-0.000022,0.000085,-0.000830,0.415184,-0.016352,0.482181,0.415184,-0.016352,0.482180,0.000000,0.007022
4.256000,0.157983,-0.414385,0.817487,-0.401342,0.144541,-0.397645,0.397645,3.000000,0.426576,0.000000,0.000000,-0.000077,-0.000329,-0.000174,0.415184,-0.016353,0.482182,0.415184,-0.016352,0.482180,0.000000,0.001450
4.266000,0.194481,-0.371371,0.821458,-0.364844,0.187555,-0.393674,0.393674,3.000000,0.410229,0.000000,0.000000,-0.000345,0.000019,0.000700,0.415183,-0.016353,0.482183,0.415184,-0.016352,0.482180,0.000000,-0.005986
4.276000,0.228160,-0.375052,0.789487,-0.331165,0.183874,-0.425645,0.425645,3.000000,0.378787,0.000000,0.000000,-0.000031,0.000441,0.000249,0.415184,-0.016351,0.482183,0.415184,-0.016352,0.482180,0.000000,-0.002159
4.286000,0.191390,-0.399601,0.831583,-0.367935,0.159325,-0.383549,0.383549,3.000000,0.400949,0.000000,0.000000,-0.000294,0.000009,-0.000467,0.415184,-0.016352,0.482182,0.415184,-0.016352,0.482180,0.000000,0.003933
4.296000,0.212557,-0.359434,0.794089,-0.346768,0.199492,-0.421043,0.421043,3.000000,0.400057,0.000000,0.000000,0.000066,-0.000006,-0.000216,0.415184,-0.016351,0.482183,0.415184,-0.016352,0.482180,0.000000,0.001772
4.306000,0.193493,-0.362024,0.823811,-0.365832,0.196902,-0.391322,0.391322,3.000000,0.415456,0.000000,0.000000,-0.000394,-0.000160,0.000044,0.415183,-0.016353,0.482183,0.415184,-0.016352,0.482180,0.000000,-0.000422
4.316000,0.259110,-0.366121,0.790803,-0.300215,0.192805,-0.424329,0.424329,3.000000,0.356796,0.000000,0.000000,0.000060,-0.000008,-0.000317,0.415183,-0.016351,0.482181,0.415184,-0.016352,0.482180,0.000000,0.002669
4.326000,0.236622,-0.388183,0.796589,-0.322703,0.170743,-0.418543,0.418543,3.000000,0.365090,0.000000,0.000000,-0.000285,0.000350,0.000428,0.415184,-0.016352,0.482183,0.415184,-0.016352,0.482180,0.000000,-0.003684
4.336000,0.266738,-0.434970,0.764990,-0.292587,0.123956,-0.450142,0.450142,3.000000,0.317761,0.000000,0.000000,-0.000453,0.000116,0.000042,0.415183,-0.016350,0.482181,0.415184,-0.016352,0.482180,0.000000,-0.000382
4.346000,0.221512,-0.342807,0.803309,-0.337812,0.216119,-0.411823,0.411823,3.000000,0.401029,0.000000,0.000000,0.000061,-0.001146,-0.001446,0.415184,-0.016354,0.482177,0.415184,-0.016352,0.482180,0.000000,0.012317
4.356000,0.241896,-0.393126,0.813178,-0.317428,0.165800,-0.401954,0.401954,3.000000,0.358121,0.000000,0.000000,-0.000131,0.000574,0.000307,0.415184,-0.016352,0.482182,0.415184,-0.016352,0.482180,0.000000,-0.002632
4.366000,0.289313,-0.400606,0.770405,-0.270011,0.158320,-0.444727,0.444727,3.000000,0.313004,0.000000,0.000000,-0.000160,0.000401,0.000381,0.415184,-0.016351,0.482183,0.415184,-0.016352,0.482180,0.000000,-0.003291
4.376000,0.238058,-0.363074,0.783581,-0.321266,0.195852,-0.431551,0.431551,3.000000,0.376258,0.000000,0.000000,0.000152,-0.000377,-0.000984,0.415184,-0.016353,0.482178,0.415184,-0.016352,0.482180,0.000000,0.008384
4.386000,0.199734,-0.393339,0.776584,-0.359591,0.165587,-0.438548,0.438548,3.000000,0.395885,0.000000,0.000000,0.000322,-0.000107,0.000288,0.415184,-0.016353,0.482180,0.415184,-0.016352,0.482180,0.000000,-0.002457
4.396000,0.217748,-0.390035,0.796627,-0.341577,0.168891,-0.418505,0.418505,3.000000,0.381050,0.000000,0.000000,-0.000171,-0.000951,-0.000663,0.415183,-0.016354,0.482180,0.415184,-0.016352,0.482180,0.000000,0.005620
4.406000,0.243522,-0.382563,0.773945,-0.315802,0.176363,-0.441187,0.441187,3.000000,0.361711,0.000000,0.000000,-0.000111,0.000308,0.000174,0.415183,-0.016350,0.482182,0.415184,-0.016352,0.482180,0.000000,-0.001506
4.416000,0.224184,-0.353436,0.795290,-0.335140,0.205490,-0.419842,0.419842,3.000000,0.393122,0.000000,0.000000,-0.000387,0.000099,0.000086,0.415183,-0.016351,0.482184,0.415184,-0.016352,0.482180,0.000000,-0.000796
4.426000,0.197916,-0.384391,0.828134,-0.361409,0.174535,-0.386999,0.386999,3.000000,0.401346,0.000000,0.000000,0.000462,-0.000249,-0.000189,0.415185,-0.016353,0.482181,0.415184,-0.016352,0.482180,0.000000,0.001593
4.436000,0.270216,-0.424891,0.794001,-0.289109,0.134035,-0.421131,0.421131,3.000000,0.318668,0.000000,0.000000,0.000015,0.000538,-0.000397,0.415183,-0.016351,0.482180,0.415184,-0.016352,0.482180,0.000000,0.003380
4.446000,0.260425,-0.376948,0.773509,-0.298900,0.181978,-0.441623,0.441623,3.000000,0.349938,0.000000,0.000000,0.000064,-0.000851,-0.000626,0.415184,-0.016354,0.482179,0.415184,-0.016352,0.482180,0.000000,0.005321
4.456000,0.223891,-0.369357,0.820180,-0.335434,0.189569,-0.394952,0.394952,3.000000,0.385295,0.000000,0.000000,0.000229,0.000115,0.000029,0.415184,-0.016352,0.482181,0.415184,-0.016352,0.482180,0.000000,-0.000254
4.466000,0.221625,-0.381368,0.796087,-0.337700,0.177558,-0.419045,0.419045,3.000000,0.381533,0.000000,0.000000,0.000518,0.000673,-0.000369,0.415185,-0.016349,0.482181,0.415184,-0.016352,0.482180,0.000000,0.003117
4.476000,0.139048,-0.407936,0.814423,-0.420277,0.150990,-0.400709,0.400709,3.000000,0.446576,0.000000,0.000000,0.000020,0.000740,-0.000776,0.415183,-0.016349,0.482180,0.415184,-0.016352,0.482180,0.000000,0.006587
4.486000,0.169032,-0.417164,0.822650,-0.390293,0.141762,-0.392482,0.392482,3.000000,0.415241,0.000000,0.000000,-0.000315,0.001077,-0.000334,0.415183,-0.016349,0.482180,0.415184,-0.016352,0.482180,0.000000,0.002830
4.496000,0.246607,-0.435628,0.781543,-0.312718,0.123299,-0.433589,0.433589,3.000000,0.336148,0.000000,0.000000,-0.000215,0.000518,-0.000886,0.415183,-0.016352,0.482180,0.415184,-0.016352,0.482180,0.000000,0.007526
4.506000,0.207249,-0.379100,0.819533,-0.352075,0.179826,-0.395599,0.395599,3.000000,0.395341,0.000000,0.000000,0.000100,-0.000305,-0.000595,0.415185,-0.016352,0.482182,0.415184,-0.016352,0.482180,0.000000,0.005013
4.516000,0.239403,-0.361077,0.788714,-0.319922,0.197849,-0.426418,0.426418,3.000000,0.376157,0.000000,0.000000,-0.000006,0.001224,0.001044,0.415185,-0.016350,0.482184,0.415184,-0.016352,0.482180,0.000000,-0.008938
4.526000,0.284849,-0.348987,0.783434,-0.274476,0.209939,-0.431698,0.431698,3.000000,0.345559,0.000000,0.000000,0.000347,-0.000339,0.000725,0.415184,-0.016353,0.482182,0.415184,-0.016352,0.482180,0.000000,-0.006183
4.536000,0.225555,-0.351146,0.797865,-0.333770,0.207780,-0.417267,0.417267,3.000000,0.393160,0.000000,0.000000,0.000603,-0.000032,0.000315,0.415184,-0.016353,0.482180,0.415184,-0.016352,0.482180,0.000000,-0.002678
4.546000,0.196716,-0.377069,0.821768,-0.362608,0.181857,-0.393364,0.393364,3.000000,0.405656,0.000000,0.000000,-0.000428,-0.000040,-0.001051,0.415184,-0.016351,0.482178,0.415184,-0.016352,0.482180,0.000000,0.008947
4.556000,0.314860,-0.363703,0.759497,-0.244464,0.195223,-0.455635,0.455635,3.000000,0.312850,0.000000,0.000000,-0.000256,0.000242,-0.000264,0.415184,-0.016351,0.482181,0.415184,-0.016352,0.482180,0.000000,0.002222
4.566000,0.275104,-0.384587,0.748510,-0.284221,0.174339,-0.466622,0.466622,3.000000,0.333430,0.000000,0.000000,0.000014,0.000335,0.001743,0.415184,-0.016351,0.482184,0.415184,-0.016352,0.482180,0.000000,-0.014867
4.576000,0.189189,-0.407058,0.761364,-0.370136,0.151868,-0.453768,0.453768,3.000000,0.400080,0.000000,0.000000,-0.000205,-0.000082,0.000070,0.415183,-0.016353,0.482180,0.415184,-0.016352,0.482180,0.000000,-0.000587
4.586000,0.223209,-0.415534,0.783521,-0.336116,0.143392,-0.431611,0.431611,3.000000,0.365425,0.000000,0.000000,0.000243,0.000688,-0.000071,0.415184,-0.016353,0.482180,0.415184,-0.016352,0.482180,0.000000,0.000593
4.596000,0.148928,-0.444453,0.829567,-0.410397,0.114473,-0.385565,0.385565,3.000000,0.426063,0.000000,0.000000,-0.000180,-0.000040,-0.000679,0.415184,-0.016354,0.482181,0.415184,-0.016352,0.482180,0.000000,0.005742
4.606000,0.145353,-0.335294,0.855869,-0.413971,0.223632,-0.359263,0.359263,3.000000,0.470514,0.000000,0.000000,0.000123,0.000032,-0.000207,0.415184,-0.016353,0.482182,0.415184,-0.016352,0.482180,0.000000,0.001718
4.616000,0.192925,-0.355859,0.802161,-0.366400,0.203067,-0.412971,0.412971,3.000000,0.418910,0.000000,0.000000,-0.000169,-0.000868,0.000235,0.415183,-0.016354,0.482181,0.415184,-0.016352,0.482180,0.000000,-0.002012
4.626000,0.246213,-0.383627,0.772887,-0.313111,0.175299,-0.442245,0.442245,3.000000,0.358843,0.000000,0.000000,0.000098,-0.000169,0.000707,0.415183,-0.016352,0.482183,0.415184,-0.016352,0.482180,0.000000,-0.006051
4.636000,0.260685,-0.398302,0.788858,-0.298639,0.160624,-0.426274,0.426274,3.000000,0.339095,0.000000,0.000000,0.000044,-0.000145,-0.000462,0.415184,-0.016354,0.482180,0.415184,-0.016352,0.482180,0.000000,0.003919
4.646000,0.237931,-0.410438,0.795045,-0.321394,0.148488,-0.420087,0.420087,3.000000,0.354038,0.000000,0.000000,-0.000107,-0.000899,-0.000177,0.415184,-0.016354,0.482180,0.415184,-0.016352,0.482180,0.000000,0.001508
4.656000,0.278614,-0.362562,0.739569,-0.280711,0.196364,-0.475564,0.475564,3.000000,0.342574,0.000000,0.000000,-0.000416,-0.000159,0.000749,0.415183,-0.016353,0.482184,0.415184,-0.016352,0.482180,0.000000,-0.006418
4.666000,0.235600,-0.449825,0.788361,-0.323725,0.109101,-0.426771,0.426771,3.000000,0.341615,0.000000,0.000000,0.000119,0.000905,0.000220,0.415184,-0.016349,0.482181,0.415184,-0.016352,0.482180,0.000000,-0.001876
4.676000,0.223123,-0.361278,0.781733,-0.336202,0.197648,-0.433399,0.433399,3.000000,0.389996,0.000000,0.000000,-0.000047,0.000475,-0.000773,0.415184,-0.016351,0.482178,0.415184,-0.016352,0.482180,0.000000,0.006593
4.686000,0.204991,-0.370413,0.802435,-0.354333,0.188513,-0.412697,0.412697,3.000000,0.401359,0.000000,0.000000,0.000141,-0.000488,0.000091,0.415184,-0.016353,0.482181,0.415184,-0.016352,0.482180,0.000000,-0.000795
4.696000,0.214562,-0.378127,0.784149,-0.344763,0.180799,-0.430983,0.430983,3.000000,0.389294,0.000000,0.000000,-0.000483,-0.000052,0.000600,0.415183,-0.016352,0.482182,0.415184,-0.016352,0.482180,0.000000,-0.005129
4.706000,0.209376,-0.387315,0.810095,-0.349949,0.171612,-0.405037,0.405037,3.000000,0.389763,0.000000,0.000000,0.000156,-0.000546,-0.000023,0.415185,-0.016352,0.482182,0.415184,-0.016352,0.482180,0.000000,0.000164
4.716000,0.181224,-0.394313,0.854315,-0.378101,0.164613,-0.360817,0.360817,3.000000,0.412381,0.000000,0.000000,-0.000111,0.000312,0.000036,0.415184,-0.016350,0.482181,0.415184,-0.016352,0.482180,0.000000,-0.000328
4.726000,0.226238,-0.353743,0.802722,-0.333086,0.205183,-0.412410,0.412410,3.000000,0.391212,0.000000,0.000000,0.000113,0.000306,-0.000186,0.415184,-0.016351,0.482180,0.415184,-0.016352,0.482180,0.000000,0.001572
4.736000,0.214198,-0.373770,0.807638,-0.345127,0.185156,-0.407494,0.407494,3.000000,0.391657,0.000000,0.000000,0.000075,0.001276,0.000772,0.415183,-0.016350,0.482182,0.415184,-0.016352,0.482180,0.000000,-0.006579
4.746000,0.210006,-0.387493,0.846885,-0.349318,0.171433,-0.368247,0.368247,3.000000,0.389118,0.000000,0.000000,-0.000254,-0.000326,-0.000199,0.415183,-0.016353,0.482181,0.415184,-0.016352,0.482180,0.000000,0.001664
4.756000,0.245349,-0.374082,0.820072,-0.313976,0.184844,-0.395060,0.395060,3.000000,0.364347,0.000000,0.000000,0.000070,-0.000013,0.000224,0.415184,-0.016352,0.482182,0.415184,-0.016352,0.482180,0.000000,-0.001938
4.766000,0.237114,-0.407253,0.808846,-0.322210,0.151673,-0.406286,0.406286,3.000000,0.356124,0.000000,0.000000,0.000306,-0.000314,0.001086,0.415184,-0.016353,0.482184,0.415184,-0.016352,0.482180,0.000000,-0.009290
4.776000,0.257880,-0.450255,0.781280,-0.301445,0.108671,-0.433852,0.433852,3.000000,0.320435,0.000000,0.000000,-0.000347,0.000566,0.000196,0.415183,-0.016351,0.482181,0.415184,-0.016352,0.482180,0.000000,-0.001683
4.786000,0.242421,-0.425605,0.796149,-0.316904,0.133321,-0.418983,0.418983,3.000000,0.343806,0.000000,0.000000,-0.000081,-0.000373,0.000246,0.415184,-0.016353,0.482181,0.415184,-0.016352,0.482180,0.000000,-0.002100
4.796000,0.253202,-0.347680,0.780885,-0.306123,0.211246,-0.434247,0.434247,3.000000,0.371936,0.000000,0.000000,-0.000028,-0.000088,0.000880,0.415185,-0.016352,0.482184,0.415184,-0.016352,0.482180,0.000000,-0.007533
4.806000,0.201800,-0.374414,0.794547,-0.357525,0.184512,-0.420585,0.420585,3.000000,0.402329,0.000000,0.000000,-0.000230,-0.000216,-0.000256,0.415183,-0.016353,0.482182,0.415184,-0.016352,0.482180,0.000000,0.002131
4.816000,0.161671,-0.365755,0.827413,-0.397654,0.193171,-0.387719,0.387719,3.000000,0.442090,0.000000,0.000000,0.000170,-0.000494,-0.000696,0.415184,-0.016353,0.482178,0.415184,-0.016352,0.482180,0.000000,0.005940
4.826000,0.203171,-0.380941,0.786398,-0.356154,0.177985,-0.428734,0.428734,3.000000,0.398151,0.000000,0.000000,0.000361,0.000693,0.000395,0.415185,-0.016351,0.482183,0.415184,-0.016352,0.482180,0.000000,-0.003407
4.836000,0.180609,-0.408520,0.826654,-0.378716,0.150406,-0.388479,0.388479,3.000000,0.407489,0.000000,0.000000,-0.000155,0.000016,-0.000137,0.415184,-0.016352,0.482181,0.415184,-0.016352,0.482180,0.000000,0.001137
4.846000,0.252129,-0.372949,0.805978,-0.307196,0.185977,-0.409154,0.409154,3.000000,0.359106,0.000000,0.000000,0.000219,-0.000610,0.000672,0.415184,-0.016353,0.482181,0.415184,-0.016352,0.482180,0.000000,-0.005721
4.856000,0.200796,-0.409145,0.798937,-0.358529,0.149781,-0.416195,0.416195,3.000000,0.388558,0.000000,0.000000,-0.000115,-0.000629,0.000009,0.415184,-0.016353,0.482180,0.415184,-0.016352,0.482180,0.000000,-0.000077
4.866000,0.236891,-0.377531,0.801454,-0.322434,0.181395,-0.413678,0.413678,3.000000,0.369956,0.000000,0.000000,-0.000197,0.000064,0.000290,0.415183,-0.016352,0.482180,0.415184,-0.016352,0.482180,0.000000,-0.002460
4.876000,0.248144,-0.383973,0.788058,-0.311181,0.174953,-0.427074,0.427074,3.000000,0.356990,0.000000,0.000000,-0.000015,-0.000383,-0.000926,0.415184,-0.016352,0.482180,0.415184,-0.016352,0.482180,0.000000,0.007866
4.886000,0.242080,-0.435604,0.777074,-0.317245,0.123322,-0.438058,0.438058,3.000000,0.340371,0.000000,0.000000,-0.000314,0.000315,-0.000005,0.415183,-0.016351,0.482182,0.415184,-0.016352,0.482180,0.000000,0.000005
4.896000,0.215311,-0.370449,0.800513,-0.344013,0.188477,-0.414619,0.414619,3.000000,0.392261,0.000000,0.000000,0.000183,-0.000443,-0.000260,0.415184,-0.016353,0.482183,0.415184,-0.016352,0.482180,0.000000,0.002152
4.906000,0.212611,-0.345725,0.797143,-0.346714,0.213201,-0.417989,0.417989,3.000000,0.407020,0.000000,0.000000,-0.000282,-0.000642,0.001021,0.415184,-0.016353,0.482185,0.415184,-0.016352,0.482180,0.000000,-0.008758
4.916000,0.247218,-0.410009,0.806192,-0.312106,0.148917,-0.408940,0.408940,3.000000,0.345813,0.000000,0.000000,0.000456,0.000045,0.000579,0.415185,-0.016353,0.482182,0.415184,-0.016352,0.482180,0.000000,-0.004950
4.926000,0.238825,-0.399048,0.772966,-0.320500,0.159878,-0.442166,0.442166,3.000000,0.358164,0.000000,0.000000,-0.000100,0.000330,0.000250,0.415183,-0.016349,0.482182,0.415184,-0.016352,0.482180,0.000000,-0.002148
4.936000,0.156405,-0.361688,0.779818,-0.402920,0.197238,-0.435314,0.435314,3.000000,0.448606,0.000000,0.000000,0.000032,0.000155,-0.000446,0.415184,-0.016352,0.482182,0.415184,-0.016352,0.482180,0.000000,0.003759
4.946000,0.125115,-0.366740,0.821112,-0.434210,0.192186,-0.394020,0.394020,3.000000,0.474841,0.000000,0.000000,0.000153,-0.000317,-0.000119,0.415183,-0.016352,0.482182,0.415184,-0.016352,0.482180,0.000000,0.000981
4.956000,0.196249,-0.395548,0.803497,-0.363076,0.163378,-0.411635,0.411635,3.000000,0.398141,0.000000,0.000000,0.000130,0.001235,-0.000039,0.415185,-0.016350,0.482181,0.415184,-0.016352,0.482180,0.000000,0.000306
4.966000,0.239080,-0.419959,0.752183,-0.320245,0.138967,-0.462949,0.462949,3.000000,0.349097,0.000000,0.000000,0.000037,0.000256,0.000064,0.415184,-0.016352,0.482180,0.415184,-0.016352,0.482180,0.000000,-0.000541
4.976000,0.243094,-0.418727,0.774039,-0.316231,0.140199,-0.441093,0.441093,3.000000,0.345916,0.000000,0.000000,-0.000050,-0.000552,0.000091,0.415184,-0.016352,0.482183,0.415184,-0.016352,0.482180,0.000000,-0.000819
4.986000,0.156038,-0.399384,0.833287,-0.403287,0.159542,-0.381845,0.381845,3.000000,0.433698,0.000000,0.000000,0.000310,0.000532,-0.000270,0.415184,-0.016352,0.482182,0.415184,-0.016352,0.482180,0.000000,0.002266
4.996000,0.231028,-0.363802,0.793736,-0.328296,0.195124,-0.421396,0.421396,3.000000,0.381905,0.000000,0.000000,-0.000198,-0.000958,0.000520,0.415184,-0.016354,0.482184,0.415184,-0.016352,0.482180,0.000000,-0.004474
5.006000,0.247474,-0.372518,0.783573,-0.311851,0.186408,-0.431559,0.431559,3.000000,0.363316,0.000000,0.000000,0.000062,-0.000104,-0.000345,0.415185,-0.016351,0.482180,0.415184,-0.016352,0.482180,0.000000,0.002920
5.016000,0.205708,-0.387480,0.799402,-0.353616,0.171446,-0.415731,0.415731,3.000000,0.392986,0.000000,0.000000,-0.000162,0.000023,-0.000539,0.415184,-0.016350,0.482179,0.415184,-0.016352,0.482180,0.000000,0.004601
5.026000,0.243490,-0.409898,0.795979,-0.315835,0.149028,-0.419153,0.419153,3.000000,0.349229,0.000000,0.000000,-0.000413,0.000547,0.000242,0.415183,-0.016351,0.482182,0.415184,-0.016352,0.482180,0.000000,-0.002100
5.036000,0.198010,-0.380490,0.831803,-0.361315,0.178436,-0.383329,0.383329,3.000000,0.402974,0.000000,0.000000,0.000095,0.000335,-0.000083,0.415185,-0.016352,0.482181,0.415184,-0.016352,0.482180,0.000000,0.000680
5.046000,0.197254,-0.409065,0.811443,-0.362070,0.149861,-0.403689,0.403689,3.000000,0.391859,0.000000,0.000000,-0.000339,0.000883,-0.000059,0.415184,-0.016350,0.482182,0.415184,-0.016352,0.482180,0.000000,0.000455
5.056000,0.170724,-0.384808,0.792079,-0.388601,0.174118,-0.423053,0.423053,3.000000,0.425826,0.000000,0.000000,-0.000188,-0.000024,0.000268,0.415184,-0.016353,0.482183,0.415184,-0.016352,0.482180,0.000000,-0.002326
5.066000,0.183532,-0.410096,0.773624,-0.375792,0.148830,-0.441508,0.441508,3.000000,0.404191,0.000000,0.000000,0.000218,-0.000136,0.000478,0.415184,-0.016353,0.482182,0.415184,-0.016352,0.482180,0.000000,-0.004097
5.076000,0.279402,-0.402003,0.750641,-0.279923,0.156923,-0.464491,0.464491,3.000000,0.320908,0.000000,0.000000,0.000113,0.001500,-0.000685,0.415184,-0.016348,0.482179,0.415184,-0.016352,0.482180,0.000000,0.005834
5.086000,0.233710,-0.373520,0.802722,-0.325615,0.185406,-0.412410,0.412410,3.000000,0.374701,0.000000,0.000000,-0.000482,0.000035,-0.000827,0.415183,-0.016352,0.482178,0.415184,-0.016352,0.482180,0.000000,0.007050
5.096000,0.271952,-0.405289,0.757436,-0.287373,0.153637,-0.457696,0.457696,3.000000,0.325865,0.000000,0.000000,-0.000003,-0.000540,0.000194,0.415184,-0.016354,0.482180,0.415184,-0.016352,0.482180,0.000000,-0.001651
5.106000,0.234465,-0.373354,0.804452,-0.324860,0.185572,-0.410680,0.410680,3.000000,0.374127,0.000000,0.000000,0.000263,0.000115,-0.000235,0.415185,-0.016352,0.482181,0.415184,-0.016352,0.482180,0.000000,0.001970
5.116000,0.205686,-0.358855,0.821400,-0.353638,0.200071,-0.393732,0.393732,3.000000,0.406311,0.000000,0.000000,-0.000551,0.000159,-0.000259,0.415184,-0.016352,0.482181,0.415184,-0.016352,0.482180,0.000000,0.002173
5.126000,0.173432,-0.348843,0.824970,-0.385893,0.210083,-0.390162,0.390162,3.000000,0.439372,0.000000,0.000000,0.000730,0.000895,0.000493,0.415185,-0.016350,0.482183,0.415184,-0.016352,0.482180,0.000000,-0.004229
5.136000,0.198099,-0.387906,0.782445,-0.361225,0.171020,-0.432687,0.432687,3.000000,0.399664,0.000000,0.000000,-0.000058,0.000336,0.000704,0.415184,-0.016349,0.482184,0.415184,-0.016352,0.482180,0.000000,-0.006035
5.146000,0.206625,-0.390894,0.808164,-0.352700,0.168032,-0.406968,0.406968,3.000000,0.390681,0.000000,0.000000,0.000429,-0.000493,0.000318,0.415185,-0.016354,0.482181,0.415184,-0.016352,0.482180,0.000000,-0.002719
5.156000,0.223295,-0.392362,0.796008,-0.336030,0.166564,-0.419124,0.419124,3.000000,0.375046,0.000000,0.000000,-0.000396,0.000662,-0.000447,0.415183,-0.016351,0.482181,0.415184,-0.016352,0.482180,0.000000,0.003777
5.166000,0.222572,-0.416362,0.827795,-0.336753,0.142564,-0.387337,0.387337,3.000000,0.365687,0.000000,0.000000,-0.000281,-0.000100,-0.000974,0.415183,-0.016354,0.482179,0.415184,-0.016352,0.482180,0.000000,0.008273
5.176000,0.236541,-0.418387,0.796448,-0.322784,0.140539,-0.418684,0.418684,3.000000,0.352052,0.000000,0.000000,-0.000262,0.000369,0.000225,0.415183,-0.016353,0.482180,0.415184,-0.016352,0.482180,0.000000,-0.001916
5.186000,0.291212,-0.399927,0.780076,-0.268113,0.158999,-0.435056,0.435056,3.000000,0.311714,0.000000,0.000000,-0.000197,0.000897,0.000101,0.415184,-0.016350,0.482182,0.415184,-0.016352,0.482180,0.000000,-0.000898
5.196000,0.224273,-0.343117,0.812319,-0.335051,0.215809,-0.402813,0.402813,3.000000,0.398538,0.000000,0.000000,0.000031,-0.000129,0.000820,0.415185,-0.016353,0.482183,0.415184,-0.016352,0.482180,0.000000,-0.007005
5.206000,0.239258,-0.410621,0.801629,-0.320067,0.148305,-0.413503,0.413503,3.000000,0.352757,0.000000,0.000000,0.000007,-0.000039,0.000786,0.415184,-0.016352,0.482183,0.415184,-0.016352,0.482180,0.000000,-0.006722
5.216000,0.259141,-0.360695,0.800371,-0.300184,0.198231,-0.414761,0.414761,3.000000,0.359730,0.000000,0.000000,-0.000070,-0.000334,0.001077,0.415185,-0.016353,0.482183,0.415184,-0.016352,0.482180,0.000000,-0.009198
5.226000,0.270809,-0.342828,0.788505,-0.288516,0.216098,-0.426627,0.426627,3.000000,0.360471,0.000000,0.000000,0.000475,-0.000140,0.000038,0.415185,-0.016353,0.482181,0.415184,-0.016352,0.482180,0.000000,-0.000347
5.236000,0.202478,-0.366812,0.792604,-0.356847,0.192114,-0.422528,0.422528,3.000000,0.405274,0.000000,0.000000,-0.000001,-0.001180,0.000294,0.415184,-0.016355,0.482182,0.415184,-0.016352,0.482180,0.000000,-0.002523
5.246000,0.228875,-0.372758,0.850327,-0.330449,0.186168,-0.364805,0.364805,3.000000,0.379283,0.000000,0.000000,-0.000464,-0.000310,-0.000379,0.415183,-0.016352,0.482181,0.415184,-0.016352,0.482180,0.000000,0.003198
5.256000,0.299319,-0.455711,0.814598,-0.260005,0.103215,-0.400534,0.400534,3.000000,0.279743,0.000000,0.000000,0.000395,-0.000149,-0.000196,0.415185,-0.016354,0.482180,0.415184,-0.016352,0.482180,0.000000,0.001665
5.266000,0.270392,-0.412207,0.813604,-0.288933,0.146720,-0.401528,0.401528,3.000000,0.324051,0.000000,0.000000,-0.000270,0.000548,0.000313,0.415183,-0.016352,0.482183,0.415184,-0.016352,0.482180,0.000000,-0.002713
5.276000,0.279046,-0.351801,0.801317,-0.280278,0.207125,-0.413815,0.413815,3.000000,0.348507,0.000000,0.000000,0.000000,-0.000050,0.001163,0.415184,-0.016352,0.482182,0.415184,-0.016352,0.482180,0.000000,-0.009894
5.286000,0.262680,-0.324718,0.796356,-0.296645,0.234208,-0.418776,0.418776,3.000000,0.377957,0.000000,0.000000,-0.000084,-0.000740,0.000128,0.415183,-0.016352,0.482182,0.415184,-0.016352,0.482180,0.000000,-0.001122
5.296000,0.241393,-0.359881,0.785317,-0.317932,0.199045,-0.429815,0.429815,3.000000,0.375100,0.000000,0.000000,0.000078,-0.000539,0.001246,0.415184,-0.016353,0.482183,0.415184,-0.016352,0.482180,0.000000,-0.010625
5.306000,0.219824,-0.407155,0.800698,-0.339501,0.151771,-0.414434,0.414434,3.000000,0.371881,0.000000,0.000000,-0.000060,-0.000163,-0.000330,0.415184,-0.016353,0.482180,0.415184,-0.016352,0.482180,0.000000,0.002795
5.316000,0.160742,-0.395228,0.840799,-0.398582,0.163698,-0.374333,0.374333,3.000000,0.430889,0.000000,0.000000,-0.000089,0.000299,-0.000918,0.415183,-0.016351,0.482178,0.415184,-0.016352,0.482180,0.000000,0.007826
5.326000,0.171574,-0.419637,0.834201,-0.387750,0.139289,-0.380932,0.380932,3.000000,0.412009,0.000000,0.000000,0.000233,0.000454,-0.000538,0.415184,-0.016351,0.482180,0.415184,-0.016352,0.482180,0.000000,0.004561
5.336000,0.168224,-0.410009,0.838165,-0.391101,0.148917,-0.376967,0.376967,3.000000,0.418493,0.000000,0.000000,-0.000070,0.001012,0.000227,0.415184,-0.016348,0.482181,0.415184,-0.016352,0.482180,0.000000,-0.001948
5.346000,0.259179,-0.400549,0.793093,-0.300145,0.158377,-0.422039,0.422039,3.000000,0.339368,0.000000,0.000000,0.000171,-0.000264,0.000794,0.415183,-0.016353,0.482181,0.415184,-0.016352,0.482180,0.000000,-0.006766
5.356000,0.295862,-0.384858,0.788807,-0.263462,0.174068,-0.426325,0.426325,3.000000,0.315772,0.000000,0.000000,-0.000114,0.000337,0.000128,0.415184,-0.016350,0.482184,0.415184,-0.016352,0.482180,0.000000,-0.001160
5.366000,0.232750,-0.380944,0.814657,-0.326574,0.177982,-0.400475,0.400475,3.000000,0.371925,0.000000,0.000000,0.000008,-0.000010,-0.000387,0.415184,-0.016353,0.482180,0.415184,-0.016352,0.482180,0.000000,0.003278
5.376000,0.200545,-0.399551,0.814431,-0.358780,0.159375,-0.400701,0.400701,3.000000,0.392585,0.000000,0.000000,-0.000193,-0.000249,-0.000225,0.415183,-0.016352,0.482178,0.415184,-0.016352,0.482180,0.000000,0.001946
5.386000,0.288442,-0.393570,0.765874,-0.270883,0.165356,-0.449258,0.449258,3.000000,0.317365,0.000000,0.000000,-0.000165,0.000534,-0.000322,0.415183,-0.016352,0.482178,0.415184,-0.016352,0.482180,0.000000,0.002764
5.396000,0.250767,-0.445650,0.760206,-0.308557,0.113276,-0.454926,0.454926,3.000000,0.328693,0.000000,0.000000,0.000321,-0.000113,0.001222,0.415185,-0.016352,0.482184,0.415184,-0.016352,0.482180,0.000000,-0.010438
5.406000,0.236284,-0.381234,0.780208,-0.323041,0.177692,-0.434924,0.434924,3.000000,0.368687,0.000000,0.000000,-0.000099,-0.000102,0.000791,0.415184,-0.016352,0.482184,0.415184,-0.016352,0.482180,0.000000,-0.006795
5.416000,0.132916,-0.349271,0.864034,-0.426409,0.209655,-0.351098,0.351098,3.000000,0.475163,0.000000,0.000000,-0.000709,-0.000068,-0.000555,0.415183,-0.016352,0.482180,0.415184,-0.016352,0.482180,0.000000,0.004705
5.426000,0.212276,-0.386836,0.843512,-0.347048,0.172090,-0.371621,0.371621,3.000000,0.387373,0.000000,0.000000,0.000054,-0.000114,0.000009,0.415184,-0.016352,0.482180,0.415184,-0.016352,0.482180,0.000000,-0.000085
5.436000,0.186928,-0.343565,0.826419,-0.372397,0.215361,-0.388713,0.388713,3.000000,0.430185,0.000000,0.000000,0.000435,0.000781,-0.000054,0.415184,-0.016350,0.482181,0.415184,-0.016352,0.482180,0.000000,0.000431
5.446000,0.226231,-0.359200,0.781225,-0.333094,0.199726,-0.433907,0.433907,3.000000,0.388383,0.000000,0.000000,0.000024,-0.000223,0.000269,0.415183,-0.016353,0.482182,0.415184,-0.016352,0.482180,0.000000,-0.002324
5.456000,0.236750,-0.411409,0.774329,-0.322575,0.147517,-0.440803,0.440803,3.000000,0.354705,0.000000,0.000000,0.000132,-0.000659,0.000611,0.415184,-0.016355,0.482184,0.415184,-0.016352,0.482180,0.000000,-0.005257
5.466000,0.237035,-0.370212,0.801029,-0.322289,0.188714,-0.414103,0.414103,3.000000,0.373475,0.000000,0.000000,0.000100,0.000859,-0.000201,0.415185,-0.016350,0.482181,0.415184,-0.016352,0.482180,0.000000,0.001687
5.476000,0.243672,-0.375091,0.818793,-0.315653,0.183835,-0.396339,0.396339,3.000000,0.365284,0.000000,0.000000,-0.000093,-0.000408,0.000058,0.415183,-0.016352,0.482181,0.415184,-0.016352,0.482180,0.000000,-0.000503
5.486000,0.213582,-0.393671,0.816260,-0.345743,0.165255,-0.398872,0.398872,3.000000,0.383206,0.000000,0.000000,0.000200,-0.000228,-0.000839,0.415184,-0.016352,0.482179,0.415184,-0.016352,0.482180,0.000000,0.007140
5.496000,0.252206,-0.373661,0.788803,-0.307119,0.185265,-0.426329,0.426329,3.000000,0.358671,0.000000,0.000000,-0.000018,0.000699,-0.000269,0.415183,-0.016350,0.482181,0.415184,-0.016352,0.482180,0.000000,0.002267
5.506000,0.198429,-0.427052,0.828588,-0.360896,0.131874,-0.386544,0.386544,3.000000,0.384235,0.000000,0.000000,0.000425,-0.000836,-0.000675,0.415184,-0.016353,0.482180,0.415184,-0.016352,0.482180,0.000000,0.005724
5.516000,0.159273,-0.290888,0.875838,-0.400052,0.268038,-0.339294,0.339294,3.000000,0.481546,0.000000,0.000000,-0.000446,-0.000515,-0.000042,0.415183,-0.016352,0.482180,0.415184,-0.016352,0.482180,0.000000,0.000353
5.526000,0.237525,-0.354478,0.792937,-0.321800,0.204448,-0.422195,0.422195,3.000000,0.381253,0.000000,0.000000,-0.000274,0.000073,-0.000506,0.415183,-0.016352,0.482179,0.415184,-0.016352,0.482180,0.000000,0.004313
5.536000,0.288755,-0.414080,0.786930,-0.270570,0.144846,-0.428202,0.428202,3.000000,0.306901,0.000000,0.000000,0.000313,-0.000013,0.000599,0.415185,-0.016352,0.482182,0.415184,-0.016352,0.482180,0.000000,-0.005116
5.546000,0.268336,-0.410739,0.790221,-0.290988,0.148187,-0.424911,0.424911,3.000000,0.326548,0.000000,0.000000,0.000295,0.000627,0.001110,0.415185,-0.016351,0.482185,0.415184,-0.016352,0.482180,0.000000,-0.009498
5.556000,0.211602,-0.398036,0.819304,-0.347723,0.160890,-0.395828,0.395828,3.000000,0.383141,0.000000,0.000000,-0.000264,-0.000306,0.000401,0.415183,-0.016353,0.482181,0.415184,-0.016352,0.482180,0.000000,-0.003423
5.566000,0.221743,-0.405663,0.820664,-0.337582,0.153263,-0.394468,0.394468,3.000000,0.370744,0.000000,0.000000,-0.000034,0.000674,-0.000078,0.415184,-0.016350,0.482180,0.415184,-0.016352,0.482180,0.000000,0.000652
5.576000,0.272940,-0.415480,0.815896,-0.286385,0.143446,-0.399236,0.399236,3.000000,0.320302,0.000000,0.000000,-0.000306,0.000762,0.000575,0.415183,-0.016351,0.482182,0.415184,-0.016352,0.482180,0.000000,-0.004909
5.586000,0.252989,-0.378230,0.822177,-0.306336,0.180696,-0.392955,0.392955,3.000000,0.355658,0.000000,0.000000,-0.000017,-0.000427,-0.000023,0.415184,-0.016353,0.482181,0.415184,-0.016352,0.482180,0.000000,0.000166
5.596000,0.264508,-0.421536,0.800277,-0.294817,0.137390,-0.414855,0.414855,3.000000,0.325258,0.000000,0.000000,-0.000526,0.000965,-0.000216,0.415183,-0.016351,0.482183,0.415184,-0.016352,0.482180,0.000000,0.001773
5.606000,0.201395,-0.393856,0.851505,-0.357930,0.165070,-0.363627,0.363627,3.000000,0.394160,0.000000,0.000000,-0.000340,0.000042,-0.000919,0.415184,-0.016353,0.482180,0.415184,-0.016352,0.482180,0.000000,0.007794
5.616000,0.203296,-0.368254,0.834817,-0.356028,0.190672,-0.380315,0.380315,3.000000,0.403871,0.000000,0.000000,0.000273,-0.000667,0.000638,0.415185,-0.016353,0.482181,0.415184,-0.016352,0.482180,0.000000,-0.005431
5.626000,0.221936,-0.344790,0.824956,-0.337388,0.214136,-0.390176,0.390176,3.000000,0.399606,0.000000,0.000000,0.000411,0.000016,0.000136,0.415184,-0.016352,0.482180,0.415184,-0.016352,0.482180,0.000000,-0.001145
5.636000,0.183443,-0.340805,0.793398,-0.375882,0.218121,-0.421734,0.421734,3.000000,0.434585,0.000000,0.000000,0.000193,0.000534,0.001391,0.415184,-0.016351,0.482184,0.415184,-0.016352,0.482180,0.000000,-0.011878
5.646000,0.202505,-0.371871,0.830164,-0.356819,0.187055,-0.384968,0.384968,3.000000,0.402877,0.000000,0.000000,0.000233,-0.000073,0.000067,0.415185,-0.016353,0.482183,0.415184,-0.016352,0.482180,0.000000,-0.000621
5.656000,0.197314,-0.373134,0.872275,-0.362011,0.185792,-0.342857,0.342857,3.000000,0.406904,0.000000,0.000000,0.000106,-0.000090,0.000651,0.415185,-0.016352,0.482182,0.415184,-0.016352,0.482180,0.000000,-0.005561
5.666000,0.250587,-0.425458,0.865660,-0.308737,0.133468,-0.349472,0.349472,3.000000,0.336352,0.000000,0.000000,-0.000094,-0.000263,0.000051,0.415184,-0.016354,0.482181,0.415184,-0.016352,0.482180,0.000000,-0.000448
5.676000,0.304784,-0.411787,0.791916,-0.254541,0.147139,-0.423216,0.423216,3.000000,0.294009,0.000000,0.000000,0.000223,0.000355,0.000688,0.415184,-0.016351,0.482181,0.415184,-0.016352,0.482180,0.000000,-0.005856
5.686000,0.283227,-0.403183,0.801225,-0.276097,0.155743,-0.413907,0.413907,3.000000,0.316995,0.000000,0.000000,0.000325,-0.000315,0.000716,0.415186,-0.016353,0.482185,0.415184,-0.016352,0.482180,0.000000,-0.006164
5.696000,0.178786,-0.368405,0.851523,-0.380539,0.190521,-0.363609,0.363609,3.000000,0.425568,0.000000,0.000000,-0.000019,0.000131,0.001081,0.415184,-0.016352,0.482185,0.415184,-0.016352,0.482180,0.000000,-0.009259
5.706000,0.225754,-0.365987,0.824215,-0.333571,0.192939,-0.390917,0.390917,3.000000,0.385350,0.000000,0.000000,-0.000169,-0.000167,-0.000060,0.415184,-0.016352,0.482182,0.415184,-0.016352,0.482180,0.000000,0.000468
5.716000,0.223601,-0.382233,0.880359,-0.335723,0.176693,-0.334773,0.334773,3.000000,0.379382,0.000000,0.000000,0.000120,-0.000170,-0.000884,0.415183,-0.016352,0.482178,0.415184,-0.016352,0.482180,0.000000,0.007529
5.726000,0.170358,-0.359060,0.896392,-0.388967,0.199866,-0.318740,0.318740,3.000000,0.437312,0.000000,0.000000,-0.000057,-0.000488,0.000268,0.415184,-0.016355,0.482181,0.415184,-0.016352,0.482180,0.000000,-0.002292
5.736000,0.259547,-0.391687,0.837091,-0.299778,0.167239,-0.378041,0.378041,3.000000,0.343272,0.000000,0.000000,-0.000203,0.000710,0.000930,0.415184,-0.016351,0.482185,0.415184,-0.016352,0.482180,0.000000,-0.007976
5.746000,0.249244,-0.399626,0.828564,-0.310081,0.159300,-0.386568,0.386568,3.000000,0.348606,0.000000,0.000000,0.000515,0.000425,0.000808,0.415186,-0.016351,0.482184,0.415184,-0.016352,0.482180,0.000000,-0.006935
5.756000,0.192380,-0.410361,0.869474,-0.366945,0.148565,-0.345658,0.345658,3.000000,0.395879,0.000000,0.000000,0.000137,0.000770,0.000494,0.415184,-0.016350,0.482182,0.415184,-0.016352,0.482180,0.000000,-0.004222
5.766000,0.243645,-0.384732,0.840752,-0.315680,0.174194,-0.374380,0.374380,3.000000,0.360551,0.000000,0.000000,-0.000164,-0.000755,-0.000272,0.415184,-0.016354,0.482179,0.415184,-0.016352,0.482180,0.000000,0.002327
5.776000,0.206157,-0.344188,0.874266,-0.353168,0.214738,-0.340866,0.340866,3.000000,0.413328,0.000000,0.000000,-0.000136,0.000763,-0.001292,0.415184,-0.016349,0.482180,0.415184,-0.016352,0.482180,0.000000,0.010966
5.786000,0.200084,-0.401139,0.863442,-0.359241,0.157787,-0.351690,0.351690,3.000000,0.392366,0.000000,0.000000,-0.000002,0.000015,-0.000487,0.415185,-0.016352,0.482181,0.415184,-0.016352,0.482180,0.000000,0.004110
5.796000,0.223860,-0.406111,0.844852,-0.335464,0.152815,-0.370280,0.370280,3.000000,0.368631,0.000000,0.000000,0.000039,0.001169,-0.000980,0.415185,-0.016349,0.482181,0.415184,-0.016352,0.482180,0.000000,0.008297
5.806000,0.218227,-0.360861,0.834354,-0.341097,0.198065,-0.380778,0.380778,3.000000,0.394433,0.000000,0.000000,0.000486,-0.000895,0.000646,0.415185,-0.016355,0.482182,0.415184,-0.016352,0.482180,0.000000,-0.005511
5.816000,0.254051,-0.391624,0.813809,-0.305273,0.167302,-0.401323,0.401323,3.000000,0.348112,0.000000,0.000000,0.000483,-0.000287,-0.000563,0.415186,-0.016353,0.482180,0.415184,-0.016352,0.482180,0.000000,0.004778
5.826000,0.250484,-0.417926,0.831045,-0.308841,0.141000,-0.384087,0.384087,3.000000,0.339505,0.000000,0.000000,-0.000233,0.000406,0.000330,0.415184,-0.016351,0.482182,0.415184,-0.016352,0.482180,0.000000,-0.002836
5.836000,0.285343,-0.401689,0.823740,-0.273982,0.157237,-0.391392,0.391392,3.000000,0.315895,0.000000,0.000000,0.000089,0.000359,-0.000362,0.415184,-0.016352,0.482181,0.415184,-0.016352,0.482180,0.000000,0.003061
5.846000,0.206269,-0.357887,0.834227,-0.353055,0.201039,-0.380906,0.380906,3.000000,0.406282,0.000000,0.000000,-0.000128,-0.000733,-0.000456,0.415185,-0.016354,0.482181,0.415184,-0.016352,0.482180,0.000000,0.003859
5.856000,0.234946,-0.380905,0.828223,-0.324378,0.178021,-0.386909,0.386909,3.000000,0.370017,0.000000,0.000000,0.000328,-0.000481,-0.000119,0.415184,-0.016353,0.482180,0.415184,-0.016352,0.482180,0.000000,0.001017
5.866000,0.213049,-0.369058,0.847423,-0.346276,0.189868,-0.367709,0.367709,3.000000,0.394914,0.000000,0.000000,0.000088,-0.000039,-0.000019,0.415185,-0.016353,0.482181,0.415184,-0.016352,0.482180,0.000000,0.000146
5.876000,0.234724,-0.383645,0.838936,-0.324601,0.175281,-0.376196,0.376196,3.000000,0.368903,0.000000,0.000000,-0.000095,-0.000089,0.000456,0.415184,-0.016351,0.482181,0.415184,-0.016352,0.482180,0.000000,-0.003896
5.886000,0.227647,-0.364769,0.857122,-0.331677,0.194157,-0.358010,0.358010,3.000000,0.384326,0.000000,0.000000,0.000098,0.000037,0.000141,0.415185,-0.016350,0.482183,0.415184,-0.016352,0.482180,0.000000,-0.001243
5.896000,0.279768,-0.387331,0.831885,-0.279557,0.171595,-0.383247,0.383247,3.000000,0.328020,0.000000,0.000000,-0.000343,0.000878,0.000261,0.415184,-0.016350,0.482181,0.415184,-0.016352,0.482180,0.000000,-0.002227
5.906000,0.314788,-0.431045,0.791049,-0.244536,0.127881,-0.424083,0.424083,3.000000,0.275956,0.000000,0.000000,0.000015,-0.000348,0.000435,0.415184,-0.016352,0.482180,0.415184,-0.016352,0.482180,0.000000,-0.003695
5.916000,0.264705,-0.425401,0.782700,-0.294620,0.133525,-0.432432,0.432432,3.000000,0.323465,0.000000,0.000000,0.000040,-0.000204,0.001221,0.415184,-0.016352,0.482182,0.415184,-0.016352,0.482180,0.000000,-0.010401
5.926000,0.234815,-0.404376,0.856267,-0.324509,0.154550,-0.358865,0.358865,3.000000,0.359433,0.000000,0.000000,-0.000099,0.000427,-0.000181,0.415185,-0.016351,0.482181,0.415184,-0.016352,0.482180,0.000000,0.001513
5.936000,0.141383,-0.368990,0.898161,-0.417941,0.189936,-0.316971,0.316971,3.000000,0.459076,0.000000,0.000000,0.000403,0.000250,0.000271,0.415185,-0.016353,0.482182,0.415184,-0.016352,0.482180,0.000000,-0.002338
5.946000,0.174923,-0.385059,0.875184,-0.384402,0.173867,-0.339949,0.339949,3.000000,0.421894,0.000000,0.000000,-0.000196,-0.000543,-0.000424,0.415183,-0.016353,0.482180,0.415184,-0.016352,0.482180,0.000000,0.003605
5.956000,0.230095,-0.401246,0.866717,-0.329229,0.157680,-0.348415,0.348415,3.000000,0.365041,0.000000,0.000000,-0.000003,-0.001222,-0.000083,0.415183,-0.016353,0.482181,0.415184,-0.016352,0.482180,0.000000,0.000695
5.966000,0.175967,-0.354101,0.874144,-0.383358,0.204825,-0.340988,0.340988,3.000000,0.434645,0.000000,0.000000,-0.000107,0.000065,0.000449,0.415184,-0.016353,0.482183,0.415184,-0.016352,0.482180,0.000000,-0.003856
5.976000,0.259472,-0.410907,0.809332,-0.299852,0.148019,-0.405800,0.405800,3.000000,0.334397,0.000000,0.000000,0.000514,0.000740,0.000901,0.415185,-0.016349,0.482185,0.415184,-0.016352,0.482180,0.000000,-0.007739
5.986000,0.306162,-0.407333,0.786633,-0.253163,0.151593,-0.428499,0.428499,3.000000,0.295080,0.000000,0.000000,-0.000090,-0.001091,0.000466,0.415184,-0.016355,0.482182,0.415184,-0.016352,0.482180,0.000000,-0.003986
5.996000,0.276505,-0.378015,0.818318,-0.282820,0.180911,-0.396814,0.396814,3.000000,0.335732,0.000000,0.000000,0.000157,-0.000023,-0.000419,0.415183,-0.016351,0.482179,0.415184,-0.016352,0.482180,0.000000,0.003574
6.006000,0.260130,-0.354849,0.827522,-0.299194,0.204077,-0.387610,0.387610,3.000000,0.362167,0.000000,0.000000,0.000690,-0.001123,0.000969,0.415185,-0.016354,0.482183,0.415184,-0.016352,0.482180,0.000000,-0.008281
6.016000,0.247006,-0.339620,0.853987,-0.312319,0.219306,-0.361145,0.361145,3.000000,0.381626,0.000000,0.000000,-0.000036,0.000955,-0.000361,0.415185,-0.016349,0.482182,0.415184,-0.016352,0.482180,0.000000,0.003027
6.026000,0.255452,-0.406151,0.853616,-0.303873,0.152775,-0.361516,0.361516,3.000000,0.340116,0.000000,0.000000,0.000492,-0.000252,0.000024,0.415185,-0.016353,0.482182,0.415184,-0.016352,0.482180,0.000000,-0.000230
6.036000,0.178866,-0.353117,0.867083,-0.380459,0.205809,-0.348049,0.348049,3.000000,0.432558,0.000000,0.000000,-0.000040,-0.000167,-0.000455,0.415184,-0.016352,0.482180,0.415184,-0.016352,0.482180,0.000000,0.003862
6.046000,0.223363,-0.386280,0.833149,-0.335961,0.172646,-0.381983,0.381983,3.000000,0.377726,0.000000,0.000000,-0.000140,-0.000013,-0.000402,0.415184,-0.016351,0.482180,0.415184,-0.016352,0.482180,0.000000,0.003400
6.056000,0.179531,-0.386278,0.852372,-0.379794,0.172648,-0.362760,0.362760,3.000000,0.417194,0.000000,0.000000,-0.000053,-0.000995,0.000445,0.415184,-0.016355,0.482182,0.415184,-0.016352,0.482180,0.000000,-0.003810
6.066000,0.188508,-0.395281,0.840570,-0.370816,0.163645,-0.374562,0.374562,3.000000,0.405320,0.000000,0.000000,-0.000104,-0.000968,-0.000189,0.415184,-0.016355,0.482182,0.415184,-0.016352,0.482180,0.000000,0.001561
6.076000,0.234027,-0.419272,0.869031,-0.325297,0.139654,-0.346101,0.346101,3.000000,0.354008,0.000000,0.000000,-0.000210,0.000356,-0.000587,0.415184,-0.016352,0.482181,0.415184,-0.016352,0.482180,0.000000,0.004962
6.086000,0.234922,-0.354681,0.841797,-0.324403,0.204245,-0.373335,0.373335,3.000000,0.383345,0.000000,0.000000,-0.000108,0.000409,-0.000383,0.415184,-0.016350,0.482180,0.415184,-0.016352,0.482180,0.000000,0.003254
6.096000,0.202234,-0.416529,0.841748,-0.357090,0.142397,-0.373384,0.373384,3.000000,0.384435,0.000000,0.000000,0.000320,-0.000009,-0.001022,0.415184,-0.016351,0.482178,0.415184,-0.016352,0.482180,0.000000,0.008708
6.106000,0.221511,-0.373381,0.815605,-0.337814,0.185545,-0.399527,0.399527,3.000000,0.385416,0.000000,0.000000,-0.000087,0.000842,0.000571,0.415184,-0.016352,0.482183,0.415184,-0.016352,0.482180,0.000000,-0.004898
6.116000,0.214466,-0.441631,0.823539,-0.344859,0.117295,-0.391593,0.391593,3.000000,0.364261,0.000000,0.000000,-0.000213,-0.000255,-0.000096,0.415185,-0.016351,0.482184,0.415184,-0.016352,0.482180,0.000000,0.000751
6.126000,0.216537,-0.367549,0.817321,-0.342788,0.191377,-0.397811,0.397811,3.000000,0.392592,0.000000,0.000000,-0.000031,-0.000623,0.000109,0.415184,-0.016353,0.482181,0.415184,-0.016352,0.482180,0.000000,-0.000939
6.136000,0.232551,-0.363711,0.823937,-0.326774,0.195215,-0.391195,0.391195,3.000000,0.380644,0.000000,0.000000,-0.000088,0.000260,0.000397,0.415184,-0.016350,0.482180,0.415184,-0.016352,0.482180,0.000000,-0.003367
6.146000,0.280127,-0.427949,0.812433,-0.279198,0.130977,-0.402699,0.402699,3.000000,0.308394,0.000000,0.000000,-0.000092,0.000484,0.000314,0.415184,-0.016351,0.482181,0.415184,-0.016352,0.482180,0.000000,-0.002685
6.156000,0.278510,-0.345724,0.805789,-0.280814,0.213202,-0.409343,0.409343,3.000000,0.352579,0.000000,0.000000,-0.000305,-0.000914,0.001398,0.415184,-0.016353,0.482184,0.415184,-0.016352,0.482180,0.000000,-0.011943
6.166000,0.228487,-0.371021,0.848837,-0.330838,0.187905,-0.366295,0.366295,3.000000,0.380476,0.000000,0.000000,0.000217,0.001422,0.000734,0.415184,-0.016350,0.482182,0.415184,-0.016352,0.482180,0.000000,-0.006261
6.176000,0.206654,-0.421064,0.837096,-0.352671,0.137862,-0.378037,0.378037,3.000000,0.378659,0.000000,0.000000,0.000436,-0.000255,0.001000,0.415186,-0.016352,0.482184,0.415184,-0.016352,0.482180,0.000000,-0.008560
6.186000,0.182741,-0.404537,0.865934,-0.376584,0.154390,-0.349198,0.349198,3.000000,0.407003,0.000000,0.000000,-0.000178,-0.000849,-0.000709,0.415184,-0.016353,0.482178,0.415184,-0.016352,0.482180,0.000000,0.006058
6.196000,0.173574,-0.376411,0.886015,-0.385751,0.182515,-0.329117,0.329117,3.000000,0.426750,0.000000,0.000000,-0.000495,0.000819,0.000244,0.415183,-0.016351,0.482182,0.415184,-0.016352,0.482180,0.000000,-0.002100
6.206000,0.233113,-0.402629,0.854666,-0.326212,0.156297,-0.360466,0.360466,3.000000,0.361722,0.000000,0.000000,0.000144,0.000858,-0.000747,0.415185,-0.016350,0.482182,0.415184,-0.016352,0.482180,0.000000,0.006304
6.216000,0.239654,-0.387393,0.858623,-0.319671,0.171533,-0.356510,0.356510,3.000000,0.362785,0.000000,0.000000,-0.000180,-0.000236,-0.001511,0.415184,-0.016352,0.482179,0.415184,-0.016352,0.482180,0.000000,0.012847
6.226000,0.164032,-0.401110,0.871096,-0.395293,0.157816,-0.344036,0.344036,3.000000,0.425632,0.000000,0.000000,0.000614,0.000802,0.000820,0.415185,-0.016351,0.482183,0.415184,-0.016352,0.482180,0.000000,-0.007016
6.236000,0.182169,-0.373461,0.842143,-0.377156,0.185465,-0.372989,0.372989,3.000000,0.420290,0.000000,0.000000,0.000247,-0.000222,-0.000665,0.415184,-0.016352,0.482180,0.415184,-0.016352,0.482180,0.000000,0.005649
6.246000,0.215854,-0.380955,0.843563,-0.343471,0.177971,-0.371569,0.371569,3.000000,0.386841,0.000000,0.000000,-0.000114,-0.000525,-0.000246,0.415185,-0.016353,0.482180,0.415184,-0.016352,0.482180,0.000000,0.002082
6.256000,0.268305,-0.366131,0.816877,-0.291019,0.192795,-0.398255,0.398255,3.000000,0.349088,0.000000,0.000000,0.000054,-0.000007,-0.000873,0.415184,-0.016351,0.482180,0.415184,-0.016352,0.482180,0.000000,0.007411
6.266000,0.234261,-0.409840,0.837062,-0.325063,0.149086,-0.378070,0.378070,3.000000,0.357621,0.000000,0.000000,0.000154,0.000572,0.000950,0.415184,-0.016351,0.482182,0.415184,-0.016352,0.482180,0.000000,-0.008106
6.276000,0.285880,-0.400134,0.802376,-0.273445,0.158792,-0.412756,0.412756,3.000000,0.316207,0.000000,0.000000,-0.000358,0.000292,-0.000233,0.415184,-0.016351,0.482180,0.415184,-0.016352,0.482180,0.000000,0.001967
6.286000,0.263037,-0.378146,0.841449,-0.296288,0.180780,-0.373683,0.373683,3.000000,0.347085,0.000000,0.000000,0.000069,0.000023,-0.000563,0.415184,-0.016352,0.482181,0.415184,-0.016352,0.482180,0.000000,0.004757
6.296000,0.186277,-0.393397,0.878526,-0.373048,0.165529,-0.336606,0.336606,3.000000,0.408123,0.000000,0.000000,-0.001011,0.000165,-0.001267,0.415183,-0.016352,0.482179,0.415184,-0.016352,0.482180,0.000000,0.010760
6.306000,0.231659,-0.415627,0.868223,-0.327666,0.143299,-0.346909,0.346909,3.000000,0.357630,0.000000,0.000000,0.000018,0.000076,0.001054,0.415185,-0.016352,0.482183,0.415184,-0.016352,0.482180,0.000000,-0.008994
6.316000,0.309970,-0.394294,0.798810,-0.249354,0.164632,-0.416322,0.416322,3.000000,0.298800,0.000000,0.000000,0.000306,0.000525,-0.000188,0.415186,-0.016350,0.482180,0.415184,-0.016352,0.482180,0.000000,0.001590
6.326000,0.205745,-0.382386,0.855894,-0.353579,0.176540,-0.359238,0.359238,3.000000,0.395202,0.000000,0.000000,-0.000164,0.000485,-0.000032,0.415184,-0.016352,0.482181,0.415184,-0.016352,0.482180,0.000000,0.000257
6.336000,0.251923,-0.376159,0.808768,-0.307401,0.182767,-0.406364,0.406364,3.000000,0.357630,0.000000,0.000000,-0.000030,0.000408,0.000420,0.415185,-0.016350,0.482180,0.415184,-0.016352,0.482180,0.000000,-0.003567
6.346000,0.217282,-0.355938,0.813871,-0.342043,0.202988,-0.401261,0.401261,3.000000,0.397740,0.000000,0.000000,0.000028,-0.000157,0.000349,0.415184,-0.016351,0.482182,0.415184,-0.016352,0.482180,0.000000,-0.003007
6.356000,0.175395,-0.385216,0.863364,-0.383930,0.173710,-0.351768,0.351768,3.000000,0.421399,0.000000,0.000000,0.000281,-0.000163,0.000252,0.415184,-0.016352,0.482182,0.415184,-0.016352,0.482180,0.000000,-0.002173
6.366000,0.230880,-0.390740,0.834741,-0.328445,0.168186,-0.380391,0.380391,3.000000,0.369002,0.000000,0.000000,0.000146,0.000188,-0.000298,0.415184,-0.016352,0.482180,0.415184,-0.016352,0.482180,0.000000,0.002519
6.376000,0.283673,-0.389947,0.791081,-0.275652,0.168979,-0.424051,0.424051,3.000000,0.323323,0.000000,0.000000,0.000253,0.000250,0.000770,0.415185,-0.016352,0.482183,0.415184,-0.016352,0.482180,0.000000,-0.006598
6.386000,0.197206,-0.351294,0.827967,-0.362119,0.207632,-0.387165,0.387165,3.000000,0.417422,0.000000,0.000000,0.000289,0.000050,-0.000388,0.415185,-0.016350,0.482181,0.415184,-0.016352,0.482180,0.000000,0.003279
6.396000,0.200723,-0.410490,0.859566,-0.358602,0.148436,-0.355566,0.355566,3.000000,0.388109,0.000000,0.000000,-0.000065,0.000184,0.000245,0.415184,-0.016351,0.482182,0.415184,-0.016352,0.482180,0.000000,-0.002110
6.406000,0.276253,-0.402680,0.867851,-0.283072,0.156246,-0.347281,0.347281,3.000000,0.323330,0.000000,0.000000,0.000111,-0.000132,0.000095,0.415186,-0.016353,0.482182,0.415184,-0.016352,0.482180,0.000000,-0.000841
6.416000,0.204074,-0.372839,0.916609,-0.355251,0.186087,-0.298523,0.298523,3.000000,0.401038,0.000000,0.000000,-0.000106,-0.000531,-0.000796,0.415184,-0.016353,0.482181,0.415184,-0.016352,0.482180,0.000000,0.006735
6.426000,0.246968,-0.407688,0.872776,-0.312356,0.151238,-0.342356,0.342356,3.000000,0.347044,0.000000,0.000000,-0.000412,0.000311,-0.000832,0.415183,-0.016351,0.482179,0.415184,-0.016352,0.482180,0.000000,0.007066
6.436000,0.260367,-0.429225,0.863477,-0.298958,0.129701,-0.351655,0.351655,3.000000,0.325880,0.000000,0.000000,-0.000076,-0.000244,-0.000511,0.415184,-0.016353,0.482178,0.415184,-0.016352,0.482180,0.000000,0.004368
6.446000,0.304708,-0.404563,0.806112,-0.254617,0.154363,-0.409020,0.409020,3.000000,0.297754,0.000000,0.000000,0.000231,-0.000088,-0.000111,0.415185,-0.016353,0.482181,0.415184,-0.016352,0.482180,0.000000,0.000930
6.456000,0.264580,-0.408533,0.842008,-0.294745,0.150393,-0.373124,0.373124,3.000000,0.330897,0.000000,0.000000,-0.000072,-0.000506,-0.000063,0.415185,-0.016353,0.482182,0.415184,-0.016352,0.482180,0.000000,0.000504
6.466000,0.293478,-0.395868,0.811218,-0.265847,0.163058,-0.403914,0.403914,3.000000,0.311869,0.000000,0.000000,0.000148,-0.000298,-0.000578,0.415185,-0.016352,0.482179,0.415184,-0.016352,0.482180,0.000000,0.004921
6.476000,0.243413,-0.431390,0.849738,-0.315911,0.127536,-0.365394,0.365394,3.000000,0.340684,0.000000,0.000000,-0.000148,-0.000362,-0.000308,0.415185,-0.016354,0.482182,0.415184,-0.016352,0.482180,0.000000,0.002589
6.486000,0.227316,-0.397294,0.870459,-0.332009,0.161632,-0.344673,0.344673,3.000000,0.369262,0.000000,0.000000,0.000078,-0.000510,0.000661,0.415185,-0.016352,0.482183,0.415184,-0.016352,0.482180,0.000000,-0.005655
6.496000,0.195302,-0.350353,0.857240,-0.364023,0.208573,-0.357892,0.357892,3.000000,0.419541,0.000000,0.000000,-0.000390,-0.000058,0.000125,0.415184,-0.016353,0.482182,0.415184,-0.016352,0.482180,0.000000,-0.001104
6.506000,0.234036,-0.389324,0.864532,-0.325289,0.169602,-0.350600,0.350600,3.000000,0.366848,0.000000,0.000000,0.000236,-0.000671,-0.000659,0.415185,-0.016354,0.482181,0.415184,-0.016352,0.482180,0.000000,0.005578
6.516000,0.276352,-0.400711,0.816682,-0.282973,0.158215,-0.398450,0.398450,3.000000,0.324200,0.000000,0.000000,-0.000012,-0.000115,-0.000153,0.415183,-0.016351,0.482180,0.415184,-0.016352,0.482180,0.000000,0.001302
6.526000,0.274763,-0.382958,0.793768,-0.284562,0.175968,-0.421364,0.421364,3.000000,0.334575,0.000000,0.000000,0.000182,0.001060,-0.000941,0.415185,-0.016350,0.482179,0.415184,-0.016352,0.482180,0.000000,0.008006
6.536000,0.239691,-0.395511,0.828028,-0.319634,0.163415,-0.387104,0.387104,3.000000,0.358985,0.000000,0.000000,0.000128,0.000033,-0.000407,0.415184,-0.016354,0.482180,0.415184,-0.016352,0.482180,0.000000,0.003447
6.546000,0.213017,-0.426146,0.836906,-0.346308,0.132780,-0.378226,0.378226,3.000000,0.370890,0.000000,0.000000,0.000143,0.000119,-0.000648,0.415185,-0.016350,0.482181,0.415184,-0.016352,0.482180,0.000000,0.005479
6.556000,0.269349,-0.404015,0.809501,-0.289975,0.154911,-0.405631,0.405631,3.000000,0.328760,0.000000,0.000000,-0.000272,-0.000258,-0.000231,0.415184,-0.016352,0.482183,0.415184,-0.016352,0.482180,0.000000,0.001913
6.566000,0.202620,-0.427220,0.885747,-0.356705,0.131706,-0.329385,0.329385,3.000000,0.380243,0.000000,0.000000,0.000240,-0.000096,-0.000496,0.415184,-0.016352,0.482179,0.415184,-0.016352,0.482180,0.000000,0.004222
6.576000,0.229554,-0.398884,0.831245,-0.329771,0.160042,-0.383887,0.383887,3.000000,0.366555,0.000000,0.000000,0.000570,-0.000524,-0.000656,0.415185,-0.016353,0.482178,0.415184,-0.016352,0.482180,0.000000,0.005599
6.586000,0.239444,-0.441167,0.847248,-0.319881,0.117759,-0.367884,0.367884,3.000000,0.340868,0.000000,0.000000,-0.000266,0.000328,0.000481,0.415184,-0.016352,0.482184,0.415184,-0.016352,0.482180,0.000000,-0.004149
6.596000,0.211456,-0.399232,0.854636,-0.347869,0.159694,-0.360496,0.360496,3.000000,0.382773,0.000000,0.000000,0.000026,0.000094,-0.000139,0.415185,-0.016351,0.482181,0.415184,-0.016352,0.482180,0.000000,0.001164
6.606000,0.248316,-0.374730,0.848025,-0.311008,0.184196,-0.367107,0.367107,3.000000,0.361461,0.000000,0.000000,-0.000382,0.000438,0.000150,0.415183,-0.016351,0.482182,0.415184,-0.016352,0.482180,0.000000,-0.001312
6.616000,0.254917,-0.376499,0.854086,-0.304408,0.182427,-0.361046,0.361046,3.000000,0.354886,0.000000,0.000000,-0.000221,0.000342,-0.000310,0.415184,-0.016351,0.482179,0.415184,-0.016352,0.482180,0.000000,0.002653
6.626000,0.259450,-0.381117,0.835775,-0.299874,0.177809,-0.379357,0.379357,3.000000,0.348627,0.000000,0.000000,-0.000035,-0.000509,-0.000014,0.415184,-0.016352,0.482180,0.415184,-0.016352,0.482180,0.000000,0.000115
6.636000,0.293597,-0.354479,0.813262,-0.265728,0.204447,-0.401870,0.401870,3.000000,0.335275,0.000000,0.000000,-0.000429,-0.000428,-0.000399,0.415184,-0.016353,0.482182,0.415184,-0.016352,0.482180,0.000000,0.003357
6.646000,0.270076,-0.352723,0.839257,-0.289249,0.206203,-0.375875,0.375875,3.000000,0.355225,0.000000,0.000000,0.000516,-0.000552,-0.000893,0.415186,-0.016354,0.482183,0.415184,-0.016352,0.482180,0.000000,0.007527
6.656000,0.167458,-0.383037,0.877571,-0.391867,0.175889,-0.337561,0.337561,3.000000,0.429531,0.000000,0.000000,0.000060,0.000105,0.000278,0.415184,-0.016352,0.482182,0.415184,-0.016352,0.482180,0.000000,-0.002391
6.666000,0.146194,-0.400268,0.903919,-0.413131,0.158658,-0.311213,0.311213,3.000000,0.442549,0.000000,0.000000,0.000329,-0.000595,-0.000131,0.415184,-0.016353,0.482181,0.415184,-0.016352,0.482180,0.000000,0.001101
6.676000,0.225272,-0.344121,0.856720,-0.334053,0.214805,-0.358412,0.358412,3.000000,0.397155,0.000000,0.000000,-0.000311,0.000352,-0.000019,0.415184,-0.016351,0.482180,0.415184,-0.016352,0.482180,0.000000,0.000156
6.686000,0.305980,-0.387747,0.804132,-0.253345,0.171179,-0.411000,0.411000,3.000000,0.305755,0.000000,0.000000,0.000095,-0.000013,0.000184,0.415186,-0.016352,0.482184,0.415184,-0.016352,0.482180,0.000000,-0.001639
6.696000,0.242045,-0.409414,0.809873,-0.317279,0.149512,-0.405259,0.405259,3.000000,0.350742,0.000000,0.000000,0.000403,0.000661,-0.000605,0.415185,-0.016349,0.482180,0.415184,-0.016352,0.482180,0.000000,0.005135
6.706000,0.211311,-0.385726,0.860841,-0.348014,0.173200,-0.354291,0.354291,3.000000,0.388731,0.000000,0.000000,-0.000159,0.000331,0.001068,0.415184,-0.016350,0.482183,0.415184,-0.016352,0.482180,0.000000,-0.009122
6.716000,0.177009,-0.389656,0.858773,-0.382316,0.169270,-0.356359,0.356359,3.000000,0.418112,0.000000,0.000000,0.000135,-0.000197,0.000187,0.415184,-0.016352,0.482180,0.415184,-0.016352,0.482180,0.000000,-0.001578
6.726000,0.305836,-0.394685,0.787843,-0.253489,0.164241,-0.427289,0.427289,3.000000,0.302046,0.000000,0.000000,0.000248,-0.000085,0.000381,0.415186,-0.016352,0.482182,0.415184,-0.016352,0.482180,0.000000,-0.003275
6.736000,0.262651,-0.387722,0.815955,-0.296674,0.171204,-0.399177,0.399177,3.000000,0.342529,0.000000,0.000000,0.000491,0.000040,-0.000026,0.415185,-0.016352,0.482182,0.415184,-0.016352,0.482180,0.000000,0.000190
6.746000,0.238580,-0.447321,0.830619,-0.320744,0.111605,-0.384513,0.384513,3.000000,0.339607,0.000000,0.000000,0.000329,0.000810,0.000755,0.415186,-0.016351,0.482184,0.415184,-0.016352,0.482180,0.000000,-0.006478
6.756000,0.248904,-0.397057,0.845060,-0.310421,0.161869,-0.370072,0.370072,3.000000,0.350090,0.000000,0.000000,-0.000093,-0.000497,0.000674,0.415184,-0.016352,0.482181,0.415184,-0.016352,0.482180,0.000000,-0.005743
6.766000,0.281863,-0.367395,0.808387,-0.277462,0.191531,-0.406745,0.406745,3.000000,0.337148,0.000000,0.000000,0.000020,0.000499,0.000600,0.415185,-0.016350,0.482181,0.415184,-0.016352,0.482180,0.000000,-0.005104
6.776000,0.240934,-0.374787,0.809877,-0.318391,0.184139,-0.405255,0.405255,3.000000,0.367804,0.000000,0.000000,-0.000473,-0.000000,0.000100,0.415185,-0.016353,0.482183,0.415184,-0.016352,0.482180,0.000000,-0.000898
6.786000,0.260917,-0.421350,0.836906,-0.298408,0.137576,-0.378226,0.378226,3.000000,0.328595,0.000000,0.000000,0.000039,-0.000478,0.000408,0.415185,-0.016352,0.482183,0.415184,-0.016352,0.482180,0.000000,-0.003509
6.796000,0.173277,-0.408928,0.859725,-0.386047,0.149999,-0.355407,0.355407,3.000000,0.414164,0.000000,0.000000,-0.000039,-0.000070,-0.000411,0.415184,-0.016355,0.482180,0.415184,-0.016352,0.482180,0.000000,0.003486
6.806000,0.147950,-0.381511,0.882012,-0.411375,0.177415,-0.333120,0.333120,3.000000,0.448002,0.000000,0.000000,0.000251,0.000075,-0.000091,0.415186,-0.016353,0.482181,0.415184,-0.016352,0.482180,0.000000,0.000749
6.816000,0.198463,-0.378092,0.846801,-0.360862,0.180834,-0.368331,0.368331,3.000000,0.403636,0.000000,0.000000,-0.000331,0.000398,0.000619,0.415183,-0.016350,0.482184,0.415184,-0.016352,0.482180,0.000000,-0.005315
6.826000,0.289198,-0.400452,0.815195,-0.270127,0.158474,-0.399937,0.399937,3.000000,0.313181,0.000000,0.000000,-0.000169,-0.000046,-0.000505,0.415184,-0.016354,0.482180,0.415184,-0.016352,0.482180,0.000000,0.004296
6.836000,0.263149,-0.375391,0.835975,-0.296176,0.183535,-0.379157,0.379157,3.000000,0.348432,0.000000,0.000000,-0.000488,-0.000776,-0.000572,0.415183,-0.016353,0.482179,0.415184,-0.016352,0.482180,0.000000,0.004867
6.846000,0.234982,-0.338858,0.852396,-0.324343,0.220068,-0.362736,0.362736,3.000000,0.391954,0.000000,0.000000,-0.000078,-0.000327,-0.000981,0.415184,-0.016351,0.482180,0.415184,-0.016352,0.482180,0.000000,0.008330
6.856000,0.198512,-0.353856,0.865293,-0.360813,0.205070,-0.349839,0.349839,3.000000,0.415018,0.000000,0.000000,0.000283,-0.000046,-0.000466,0.415185,-0.016352,0.482180,0.415184,-0.016352,0.482180,0.000000,0.003957
6.866000,0.233554,-0.430498,0.827240,-0.325771,0.128428,-0.387892,0.387892,3.000000,0.350172,0.000000,0.000000,0.000261,-0.000133,-0.000524,0.415185,-0.016353,0.482180,0.415184,-0.016352,0.482180,0.000000,0.004449
6.876000,0.210982,-0.406759,0.829108,-0.348342,0.152167,-0.386024,0.386024,3.000000,0.380128,0.000000,0.000000,0.000410,0.000322,-0.000102,0.415185,-0.016352,0.482181,0.415184,-0.016352,0.482180,0.000000,0.000845
6.886000,0.218016,-0.441110,0.817055,-0.341309,0.117816,-0.398077,0.398077,3.000000,0.361071,0.000000,0.000000,0.000037,-0.000141,-0.000722,0.415184,-0.016354,0.482180,0.415184,-0.016352,0.482180,0.000000,0.006128
6.896000,0.229247,-0.481266,0.854164,-0.330078,0.077661,-0.360968,0.360968,3.000000,0.339091,0.000000,0.000000,0.000222,0.000156,-0.000568,0.415185,-0.016353,0.482180,0.415184,-0.016352,0.482180,0.000000,0.004821
6.906000,0.224783,-0.412947,0.823630,-0.334541,0.145979,-0.391502,0.391502,3.000000,0.365004,0.000000,0.000000,-0.000595,-0.000585,0.000317,0.415183,-0.016354,0.482183,0.415184,-0.016352,0.482180,0.000000,-0.002735
6.916000,0.210075,-0.403606,0.842555,-0.349250,0.155320,-0.372577,0.372577,3.000000,0.382230,0.000000,0.000000,0.000107,0.000693,-0.000201,0.415184,-0.016349,0.482181,0.415184,-0.016352,0.482180,0.000000,0.001684
6.926000,0.220025,-0.382317,0.856323,-0.339300,0.176609,-0.358809,0.358809,3.000000,0.382511,0.000000,0.000000,-0.000441,-0.000009,-0.000837,0.415183,-0.016353,0.482178,0.415184,-0.016352,0.482180,0.000000,0.007130
6.936000,0.293815,-0.425952,0.812869,-0.265509,0.132974,-0.402263,0.402263,3.000000,0.296947,0.000000,0.000000,0.000218,-0.000638,0.000403,0.415185,-0.016354,0.482182,0.415184,-0.016352,0.482180,0.000000,-0.003455
6.946000,0.268990,-0.389167,0.783148,-0.290334,0.169759,-0.431984,0.431984,3.000000,0.336322,0.000000,0.000000,0.000230,0.000198,0.000387,0.415184,-0.016353,0.482183,0.415184,-0.016352,0.482180,0.000000,-0.003336
6.956000,0.259465,-0.365466,0.809306,-0.299859,0.193460,-0.405826,0.405826,3.000000,0.356850,0.000000,0.000000,-0.000296,0.000123,-0.000052,0.415184,-0.016352,0.482183,0.415184,-0.016352,0.482180,0.000000,0.000384
6.966000,0.212547,-0.366581,0.823230,-0.346777,0.192346,-0.391902,0.391902,3.000000,0.396549,0.000000,0.000000,-0.000485,0.000031,0.000233,0.415183,-0.016352,0.482181,0.415184,-0.016352,0.482180,0.000000,-0.002002
6.976000,0.235983,-0.353009,0.795255,-0.323342,0.205917,-0.419877,0.419877,3.000000,0.383343,0.000000,0.000000,0.000084,-0.000345,-0.000263,0.415184,-0.016353,0.482181,0.415184,-0.016352,0.482180,0.000000,0.002221
6.986000,0.206873,-0.367333,0.877649,-0.352451,0.191593,-0.337483,0.337483,3.000000,0.401161,0.000000,0.000000,-0.000100,-0.000784,0.000425,0.415185,-0.016353,0.482184,0.415184,-0.016352,0.482180,0.000000,-0.003674
6.996000,0.221964,-0.384126,0.856113,-0.337361,0.174800,-0.359019,0.359019,3.000000,0.379957,0.000000,0.000000,-0.000169,0.000179,0.000772,0.415184,-0.016350,0.482182,0.415184,-0.016352,0.482180,0.000000,-0.006586
7.006000,0.237400,-0.356957,0.834716,-0.321925,0.201969,-0.380416,0.380416,3.000000,0.380036,0.000000,0.000000,0.000303,-0.000212,-0.000836,0.415185,-0.016354,0.482178,0.415184,-0.016352,0.482180,0.000000,0.007133
7.016000,0.179475,-0.371125,0.859098,-0.379850,0.187801,-0.356034,0.356034,3.000000,0.423740,0.000000,0.000000,0.000294,0.000232,0.000469,0.415185,-0.016351,0.482184,0.415184,-0.016352,0.482180,0.000000,-0.004050
7.026000,0.209408,-0.395615,0.826953,-0.349917,0.163311,-0.388180,0.388180,3.000000,0.386151,0.000000,0.000000,-0.000191,0.000848,-0.000831,0.415184,-0.016351,0.482180,0.415184,-0.016352,0.482180,0.000000,0.007058
7.036000,0.224891,-0.426832,0.826856,-0.334434,0.132094,-0.388276,0.388276,3.000000,0.359576,0.000000,0.000000,-0.000044,0.000652,-0.000345,0.415184,-0.016350,0.482180,0.415184,-0.016352,0.482180,0.000000,0.002938
7.046000,0.221527,-0.385333,0.817571,-0.337797,0.173593,-0.397561,0.397561,3.000000,0.379792,0.000000,0.000000,-0.000089,-0.000140,0.000480,0.415184,-0.016352,0.482181,0.415184,-0.016352,0.482180,0.000000,-0.004095
7.056000,0.244534,-0.360962,0.796937,-0.314791,0.197964,-0.418195,0.418195,3.000000,0.371864,0.000000,0.000000,0.000162,0.000821,0.000053,0.415185,-0.016351,0.482181,0.415184,-0.016352,0.482180,0.000000,-0.000473
7.066000,0.149727,-0.414237,0.851278,-0.409597,0.144689,-0.363854,0.363854,3.000000,0.434402,0.000000,0.000000,0.000136,-0.000083,0.000172,0.415184,-0.016353,0.482182,0.415184,-0.016352,0.482180,0.000000,-0.001488
7.076000,0.201036,-0.373512,0.830544,-0.358288,0.185414,-0.384588,0.384588,3.000000,0.403422,0.000000,0.000000,0.000032,0.000706,-0.000672,0.415185,-0.016351,0.482181,0.415184,-0.016352,0.482180,0.000000,0.005681
7.086000,0.169763,-0.419037,0.873214,-0.389562,0.139889,-0.341918,0.341918,3.000000,0.413917,0.000000,0.000000,-0.000117,-0.000928,0.000168,0.415185,-0.016354,0.482183,0.415184,-0.016352,0.482180,0.000000,-0.001484
7.096000,0.260228,-0.404888,0.821819,-0.299097,0.154038,-0.393313,0.393313,3.000000,0.336432,0.000000,0.000000,0.000255,0.000049,0.000409,0.415185,-0.016352,0.482181,0.415184,-0.016352,0.482180,0.000000,-0.003485
7.106000,0.230455,-0.358720,0.822092,-0.328870,0.200206,-0.393041,0.393041,3.000000,0.385017,0.000000,0.000000,0.000177,-0.000653,0.000593,0.415184,-0.016354,0.482184,0.415184,-0.016352,0.482180,0.000000,-0.005107
7.116000,0.242983,-0.356538,0.830468,-0.316342,0.202388,-0.384664,0.384664,3.000000,0.375544,0.000000,0.000000,-0.000139,-0.000526,-0.000988,0.415185,-0.016353,0.482179,0.415184,-0.016352,0.482180,0.000000,0.008404
7.126000,0.263303,-0.316340,0.816767,-0.296021,0.242586,-0.398366,0.398366,3.000000,0.382723,0.000000,0.000000,0.000254,-0.000628,-0.000539,0.415185,-0.016352,0.482180,0.415184,-0.016352,0.482180,0.000000,0.004582
7.136000,0.209644,-0.378808,0.856098,-0.349681,0.180118,-0.359034,0.359034,3.000000,0.393344,0.000000,0.000000,-0.000593,0.000538,-0.000372,0.415183,-0.016352,0.482180,0.415184,-0.016352,0.482180,0.000000,0.003153
7.146000,0.248793,-0.404143,0.852125,-0.310532,0.154783,-0.363007,0.363007,3.000000,0.346969,0.000000,0.000000,0.000393,-0.000357,0.000118,0.415185,-0.016353,0.482181,0.415184,-0.016352,0.482180,0.000000,-0.001025
7.156000,0.240526,-0.404689,0.809285,-0.318799,0.154237,-0.405847,0.405847,3.000000,0.354149,0.000000,0.000000,-0.000077,-0.000418,0.000558,0.415184,-0.016353,0.482183,0.415184,-0.016352,0.482180,0.000000,-0.004790
7.166000,0.280733,-0.383874,0.817539,-0.278592,0.175052,-0.397593,0.397593,3.000000,0.329024,0.000000,0.000000,0.000293,-0.000428,0.000138,0.415185,-0.016353,0.482182,0.415184,-0.016352,0.482180,0.000000,-0.001205
7.176000,0.271500,-0.405637,0.844093,-0.287825,0.153289,-0.371039,0.371039,3.000000,0.326099,0.000000,0.000000,-0.000319,-0.000224,0.001336,0.415184,-0.016353,0.482183,0.415184,-0.016352,0.482180,0.000000,-0.011403
7.186000,0.338739,-0.402464,0.811974,-0.220585,0.156462,-0.403158,0.403158,3.000000,0.270441,0.000000,0.000000,0.000272,-0.000525,0.000598,0.415184,-0.016353,0.482180,0.415184,-0.016352,0.482180,0.000000,-0.005071
7.196000,0.245741,-0.359097,0.855474,-0.313584,0.199829,-0.359658,0.359658,3.000000,0.371842,0.000000,0.000000,0.000267,0.000914,0.000016,0.415185,-0.016350,0.482183,0.415184,-0.016352,0.482180,0.000000,-0.000179
7.206000,0.239133,-0.394454,0.864701,-0.320191,0.164472,-0.350431,0.350431,3.000000,0.359963,0.000000,0.000000,0.000416,-0.000705,0.000963,0.415185,-0.016352,0.482184,0.415184,-0.016352,0.482180,0.000000,-0.008233
7.216000,0.217037,-0.375239,0.833719,-0.342288,0.183687,-0.381413,0.381413,3.000000,0.388461,0.000000,0.000000,0.000635,-0.000030,0.000283,0.415185,-0.016353,0.482181,0.415184,-0.016352,0.482180,0.000000,-0.002417
7.226000,0.240743,-0.350822,0.852708,-0.318582,0.208104,-0.362424,0.362424,3.000000,0.380528,0.000000,0.000000,-0.000229,-0.001197,-0.000723,0.415184,-0.016354,0.482179,0.415184,-0.016352,0.482180,0.000000,0.006156
7.236000,0.234211,-0.369267,0.870609,-0.325114,0.189659,-0.344523,0.344523,3.000000,0.376390,0.000000,0.000000,-0.000359,0.000303,0.000913,0.415184,-0.016352,0.482184,0.415184,-0.016352,0.482180,0.000000,-0.007813
7.246000,0.304157,-0.445484,0.828152,-0.255168,0.113442,-0.386980,0.386980,3.000000,0.279249,0.000000,0.000000,-0.000357,0.000408,-0.000942,0.415185,-0.016352,0.482180,0.415184,-0.016352,0.482180,0.000000,0.008005
7.256000,0.246352,-0.386403,0.848322,-0.312973,0.172523,-0.366810,0.366810,3.000000,0.357374,0.000000,0.000000,-0.000011,0.000246,-0.000370,0.415185,-0.016352,0.482181,0.415184,-0.016352,0.482180,0.000000,0.003124
7.266000,0.257701,-0.385320,0.815153,-0.301624,0.173606,-0.399979,0.399979,3.000000,0.348017,0.000000,0.000000,0.000078,-0.000063,-0.000726,0.415184,-0.016352,0.482179,0.415184,-0.016352,0.482180,0.000000,0.006179
7.276000,0.195781,-0.411363,0.846624,-0.363544,0.147563,-0.368508,0.368508,3.000000,0.392351,0.000000,0.000000,0.000103,-0.000027,0.001467,0.415184,-0.016354,0.482184,0.415184,-0.016352,0.482180,0.000000,-0.012515
7.286000,0.237062,-0.418916,0.803887,-0.322262,0.140010,-0.411245,0.411245,3.000000,0.351363,0.000000,0.000000,0.000244,-0.000145,-0.000120,0.415185,-0.016351,0.482182,0.415184,-0.016352,0.482180,0.000000,0.000981
7.296000,0.162390,-0.363892,0.867815,-0.396935,0.195034,-0.347317,0.347317,3.000000,0.442262,0.000000,0.000000,0.000059,0.000489,-0.000432,0.415185,-0.016351,0.482181,0.415184,-0.016352,0.482180,0.000000,0.003637
7.306000,0.229211,-0.405774,0.839417,-0.330114,0.153152,-0.375715,0.375715,3.000000,0.363910,0.000000,0.000000,-0.000002,-0.000208,-0.001370,0.415184,-0.016353,0.482177,0.415184,-0.016352,0.482180,0.000000,0.011679
7.316000,0.257731,-0.391885,0.841314,-0.301594,0.167041,-0.373818,0.373818,3.000000,0.344763,0.000000,0.000000,0.000390,-0.000860,0.000117,0.415185,-0.016354,0.482181,0.415184,-0.016352,0.482180,0.000000,-0.001002
7.326000,0.190704,-0.354137,0.863993,-0.368620,0.204790,-0.351139,0.351139,3.000000,0.421687,0.000000,0.000000,0.000049,-0.000576,0.000401,0.415184,-0.016353,0.482184,0.415184,-0.016352,0.482180,0.000000,-0.003471
7.336000,0.239610,-0.395114,0.827725,-0.319715,0.163812,-0.387407,0.387407,3.000000,0.359238,0.000000,0.000000,0.000221,-0.000500,-0.000059,0.415184,-0.016352,0.482182,0.415184,-0.016352,0.482180,0.000000,0.000457
7.346000,0.204993,-0.423392,0.842157,-0.354332,0.135534,-0.372975,0.372975,3.000000,0.379369,0.000000,0.000000,-0.000387,-0.000169,-0.000565,0.415183,-0.016352,0.482181,0.415184,-0.016352,0.482180,0.000000,0.004785
7.356000,0.205583,-0.381000,0.831585,-0.353742,0.177926,-0.383547,0.383547,3.000000,0.395968,0.000000,0.000000,0.000298,-0.001004,0.000392,0.415185,-0.016354,0.482184,0.415184,-0.016352,0.482180,0.000000,-0.003390
7.366000,0.245561,-0.377296,0.822889,-0.313764,0.181630,-0.392243,0.392243,3.000000,0.362543,0.000000,0.000000,0.000045,-0.000749,0.000569,0.415185,-0.016353,0.482183,0.415184,-0.016352,0.482180,0.000000,-0.004883
7.376000,0.293902,-0.402095,0.761490,-0.265423,0.156831,-0.453642,0.453642,3.000000,0.308294,0.000000,0.000000,-0.000478,0.000142,-0.000280,0.415184,-0.016352,0.482181,0.415184,-0.016352,0.482180,0.000000,0.002350
7.386000,0.234199,-0.399942,0.819433,-0.325125,0.158984,-0.395699,0.395699,3.000000,0.361915,0.000000,0.000000,0.000161,0.000371,-0.000297,0.415185,-0.016350,0.482180,0.415184,-0.016352,0.482180,0.000000,0.002512
7.396000,0.161974,-0.341818,0.839410,-0.397351,0.217109,-0.375722,0.375722,3.000000,0.452796,0.000000,0.000000,0.000242,-0.000917,-0.000140,0.415185,-0.016353,0.482182,0.415184,-0.016352,0.482180,0.000000,0.001158
7.406000,0.255428,-0.367908,0.799444,-0.303897,0.191018,-0.415689,0.415689,3.000000,0.358945,0.000000,0.000000,-0.000099,0.000701,0.000380,0.415185,-0.016350,0.482182,0.415184,-0.016352,0.482180,0.000000,-0.003257
7.416000,0.241463,-0.416460,0.815512,-0.317862,0.142466,-0.399620,0.399620,3.000000,0.348329,0.000000,0.000000,0.000132,-0.000052,-0.000492,0.415184,-0.016352,0.482178,0.415184,-0.016352,0.482180,0.000000,0.004204
7.426000,0.236568,-0.352169,0.788408,-0.322756,0.206757,-0.426725,0.426725,3.000000,0.383302,0.000000,0.000000,-0.000048,-0.000632,0.000867,0.415184,-0.016351,0.482183,0.415184,-0.016352,0.482180,0.000000,-0.007402
7.436000,0.231853,-0.340210,0.798745,-0.327472,0.218716,-0.416387,0.416387,3.000000,0.393795,0.000000,0.000000,-0.000086,-0.000331,-0.000601,0.415185,-0.016354,0.482180,0.415184,-0.016352,0.482180,0.000000,0.005100
7.446000,0.183621,-0.416331,0.849321,-0.375704,0.142595,-0.365811,0.365811,3.000000,0.401854,0.000000,0.000000,0.000376,0.000904,0.000215,0.415185,-0.016351,0.482181,0.415184,-0.016352,0.482180,0.000000,-0.001840
7.456000,0.208714,-0.369828,0.847590,-0.350611,0.189098,-0.367542,0.367542,3.000000,0.398355,0.000000,0.000000,0.000250,-0.000723,0.000379,0.415185,-0.016353,0.482180,0.415184,-0.016352,0.482180,0.000000,-0.003227
7.466000,0.214806,-0.347000,0.845905,-0.344519,0.211926,-0.369227,0.369227,3.000000,0.404482,0.000000,0.000000,0.000075,-0.000505,-0.000572,0.415185,-0.016353,0.482180,0.415184,-0.016352,0.482180,0.000000,0.004853
7.476000,0.204208,-0.379162,0.817692,-0.355117,0.179764,-0.397440,0.397440,3.000000,0.398024,0.000000,0.000000,0.000372,0.001054,-0.000982,0.415185,-0.016350,0.482180,0.415184,-0.016352,0.482180,0.000000,0.008337
7.486000,0.208122,-0.412764,0.845113,-0.351203,0.146162,-0.370020,0.370020,3.000000,0.380404,0.000000,0.000000,0.000112,-0.000422,0.000219,0.415184,-0.016355,0.482181,0.415184,-0.016352,0.482180,0.000000,-0.001884
7.496000,0.275466,-0.380408,0.792687,-0.283858,0.178518,-0.422445,0.422445,3.000000,0.335327,0.000000,0.000000,0.000280,-0.000737,-0.000289,0.415185,-0.016352,0.482182,0.415184,-0.016352,0.482180,0.000000,0.002420
7.506000,0.265624,-0.354110,0.823688,-0.293701,0.204816,-0.391444,0.391444,3.000000,0.358064,0.000000,0.000000,-0.000005,0.000475,-0.000061,0.415185,-0.016351,0.482180,0.415184,-0.016352,0.482180,0.000000,0.000516
7.516000,0.196680,-0.395855,0.830115,-0.362645,0.163071,-0.385017,0.385017,3.000000,0.397622,0.000000,0.000000,0.000231,0.000036,0.000953,0.415185,-0.016353,0.482184,0.415184,-0.016352,0.482180,0.000000,-0.008152
7.526000,0.211120,-0.423309,0.833784,-0.348205,0.135617,-0.381348,0.381348,3.000000,0.373683,0.000000,0.000000,0.000178,0.000635,0.000069,0.415184,-0.016350,0.482181,0.415184,-0.016352,0.482180,0.000000,-0.000606
7.536000,0.238578,-0.406407,0.825085,-0.320747,0.152519,-0.390047,0.390047,3.000000,0.355163,0.000000,0.000000,0.000352,0.000147,0.001248,0.415185,-0.016351,0.482184,0.415184,-0.016352,0.482180,0.000000,-0.010658
7.546000,0.217761,-0.388750,0.816908,-0.341564,0.170176,-0.398224,0.398224,3.000000,0.381609,0.000000,0.000000,-0.000043,-0.000336,0.000821,0.415184,-0.016353,0.482183,0.415184,-0.016352,0.482180,0.000000,-0.007012
7.556000,0.195379,-0.362959,0.858556,-0.363946,0.195967,-0.356576,0.356576,3.000000,0.413352,0.000000,0.000000,0.000244,-0.000338,-0.000275,0.415185,-0.016352,0.482182,0.415184,-0.016352,0.482180,0.000000,0.002297
7.566000,0.219876,-0.391239,0.853990,-0.339449,0.167687,-0.361142,0.361142,3.000000,0.378608,0.000000,0.000000,0.000332,-0.000421,-0.000190,0.415185,-0.016353,0.482181,0.415184,-0.016352,0.482180,0.000000,0.001596
7.576000,0.210257,-0.392340,0.829193,-0.349068,0.166586,-0.385939,0.385939,3.000000,0.386781,0.000000,0.000000,0.000063,0.000066,-0.000445,0.415184,-0.016352,0.482178,0.415184,-0.016352,0.482180,0.000000,0.003807
7.586000,0.229165,-0.421309,0.810614,-0.330160,0.137617,-0.404518,0.404518,3.000000,0.357693,0.000000,0.000000,0.000260,0.000758,-0.000226,0.415185,-0.016351,0.482181,0.415184,-0.016352,0.482180,0.000000,0.001891
7.596000,0.161211,-0.411206,0.851035,-0.398114,0.147720,-0.364097,0.364097,3.000000,0.424636,0.000000,0.000000,0.000082,-0.000090,0.000242,0.415185,-0.016351,0.482183,0.415184,-0.016352,0.482180,0.000000,-0.002100
7.606000,0.141892,-0.361915,0.866197,-0.417432,0.197011,-0.348935,0.348935,3.000000,0.461588,0.000000,0.000000,-0.000042,-0.000871,0.000234,0.415185,-0.016353,0.482182,0.415184,-0.016352,0.482180,0.000000,-0.002013
7.616000,0.251090,-0.363781,0.832868,-0.308235,0.195145,-0.382264,0.382264,3.000000,0.364816,0.000000,0.000000,-0.000413,-0.000633,-0.000003,0.415184,-0.016353,0.482181,0.415184,-0.016352,0.482180,0.000000,0.000010
7.626000,0.220746,-0.374763,0.842440,-0.338578,0.184163,-0.372692,0.372692,3.000000,0.385423,0.000000,0.000000,0.000235,-0.000273,0.000496,0.415184,-0.016353,0.482182,0.415184,-0.016352,0.482180,0.000000,-0.004244
7.636000,0.193135,-0.416814,0.853007,-0.366189,0.142112,-0.362125,0.362125,3.000000,0.392798,0.000000,0.000000,-0.000111,0.001099,-0.000376,0.415184,-0.016351,0.482181,0.415184,-0.016352,0.482180,0.000000,0.003161
7.646000,0.199948,-0.395061,0.838358,-0.359376,0.163865,-0.376774,0.376774,3.000000,0.394972,0.000000,0.000000,0.000027,-0.000525,-0.001020,0.415184,-0.016353,0.482178,0.415184,-0.016352,0.482180,0.000000,0.008692
7.656000,0.248588,-0.386825,0.814227,-0.310737,0.172101,-0.400905,0.400905,3.000000,0.355213,0.000000,0.000000,-0.000080,0.000225,-0.000585,0.415184,-0.016351,0.482179,0.415184,-0.016352,0.482180,0.000000,0.004982
7.666000,0.234428,-0.397884,0.795984,-0.324897,0.161042,-0.419148,0.419148,3.000000,0.362619,0.000000,0.000000,0.000417,0.000056,0.001154,0.415185,-0.016353,0.482182,0.415184,-0.016352,0.482180,0.000000,-0.009833
7.676000,0.211271,-0.391300,0.810425,-0.348054,0.167626,-0.404707,0.404707,3.000000,0.386316,0.000000,0.000000,0.000321,0.000247,-0.000437,0.415185,-0.016352,0.482181,0.415184,-0.016352,0.482180,0.000000,0.003689
7.686000,0.226250,-0.379253,0.843827,-0.333075,0.179673,-0.371305,0.371305,3.000000,0.378446,0.000000,0.000000,-0.000507,-0.000372,-0.000805,0.415183,-0.016352,0.482181,0.415184,-0.016352,0.482180,0.000000,0.006813
7.696000,0.231311,-0.425479,0.866985,-0.328013,0.133447,-0.348147,0.348147,3.000000,0.354120,0.000000,0.000000,0.000211,0.000094,-0.000478,0.415184,-0.016351,0.482179,0.415184,-0.016352,0.482180,0.000000,0.004068
7.706000,0.228030,-0.367252,0.856070,-0.331295,0.191674,-0.359062,0.359062,3.000000,0.382747,0.000000,0.000000,-0.000190,-0.000353,-0.000444,0.415183,-0.016352,0.482181,0.415184,-0.016352,0.482180,0.000000,0.003748
7.716000,0.251881,-0.366147,0.854220,-0.307443,0.192779,-0.360912,0.360912,3.000000,0.362884,0.000000,0.000000,0.000208,0.000711,-0.000731,0.415185,-0.016351,0.482181,0.415184,-0.016352,0.482180,0.000000,0.006197
7.726000,0.264934,-0.395482,0.851662,-0.294390,0.163444,-0.363470,0.363470,3.000000,0.336719,0.000000,0.000000,-0.000045,0.000603,-0.000715,0.415185,-0.016351,0.482180,0.415184,-0.016352,0.482180,0.000000,0.006069
7.736000,0.282132,-0.401233,0.816572,-0.277193,0.157693,-0.398560,0.398560,3.000000,0.318909,0.000000,0.000000,0.000007,-0.000211,-0.000883,0.415184,-0.016354,0.482180,0.415184,-0.016352,0.482180,0.000000,0.007499
7.746000,0.259524,-0.427895,0.837304,-0.299801,0.131031,-0.377828,0.377828,3.000000,0.327185,0.000000,0.000000,-0.000057,0.000118,0.001291,0.415185,-0.016351,0.482183,0.415184,-0.016352,0.482180,0.000000,-0.011004
7.756000,0.302264,-0.417276,0.827756,-0.257061,0.141650,-0.387376,0.387376,3.000000,0.293505,0.000000,0.000000,0.000022,0.000658,-0.000807,0.415185,-0.016351,0.482182,0.415184,-0.016352,0.482180,0.000000,0.006819
7.766000,0.264501,-0.408906,0.863603,-0.294823,0.150020,-0.351529,0.351529,3.000000,0.330797,0.000000,0.000000,0.000188,0.000532,0.000634,0.415184,-0.016351,0.482184,0.415184,-0.016352,0.482180,0.000000,-0.005455
7.776000,0.231315,-0.411460,0.859279,-0.328010,0.147466,-0.355853,0.355853,3.000000,0.359634,0.000000,0.000000,0.000080,-0.000142,0.000530,0.415184,-0.016352,0.482180,0.415184,-0.016352,0.482180,0.000000,-0.004499
7.786000,0.284224,-0.401594,0.830626,-0.275100,0.157332,-0.384507,0.384507,3.000000,0.316913,0.000000,0.000000,-0.000197,-0.000557,-0.000411,0.415185,-0.016352,0.482181,0.415184,-0.016352,0.482180,0.000000,0.003476
7.796000,0.312017,-0.373512,0.801104,-0.247307,0.185414,-0.414028,0.414028,3.000000,0.309094,0.000000,0.000000,0.000017,-0.000823,0.000168,0.415184,-0.016353,0.482180,0.415184,-0.016352,0.482180,0.000000,-0.001425
7.806000,0.246342,-0.380588,0.843137,-0.312983,0.178338,-0.371995,0.371995,3.000000,0.360225,0.000000,0.000000,-0.000452,0.000613,0.000011,0.415184,-0.016350,0.482182,0.415184,-0.016352,0.482180,0.000000,-0.000137
7.816000,0.220681,-0.420110,0.835511,-0.338644,0.138816,-0.379621,0.379621,3.000000,0.365991,0.000000,0.000000,-0.000030,-0.000836,-0.000104,0.415184,-0.016354,0.482183,0.415184,-0.016352,0.482180,0.000000,0.000831
7.826000,0.157448,-0.362890,0.863635,-0.401877,0.196036,-0.351497,0.351497,3.000000,0.447141,0.000000,0.000000,-0.000087,-0.000284,0.000026,0.415183,-0.016352,0.482180,0.415184,-0.016352,0.482180,0.000000,-0.000217
7.836000,0.231704,-0.393284,0.872008,-0.327621,0.165642,-0.343124,0.343124,3.000000,0.367114,0.000000,0.000000,0.000109,0.000794,0.000131,0.415185,-0.016351,0.482182,0.415184,-0.016352,0.482180,0.000000,-0.001156
7.846000,0.280994,-0.362759,0.827956,-0.278331,0.196167,-0.387176,0.387176,3.000000,0.340514,0.000000,0.000000,0.000209,-0.000656,-0.000421,0.415185,-0.016354,0.482179,0.415184,-0.016352,0.482180,0.000000,0.003592
7.856000,0.273730,-0.395693,0.838751,-0.285594,0.163233,-0.376381,0.376381,3.000000,0.328952,0.000000,0.000000,-0.000125,0.000648,0.000202,0.415184,-0.016350,0.482181,0.415184,-0.016352,0.482180,0.000000,-0.001743
7.866000,0.280975,-0.401840,0.840788,-0.278349,0.157086,-0.374344,0.374344,3.000000,0.319616,0.000000,0.000000,-0.000762,-0.000050,0.000072,0.415183,-0.016351,0.482181,0.415184,-0.016352,0.482180,0.000000,-0.000636
7.876000,0.229324,-0.387622,0.855798,-0.330001,0.171304,-0.359334,0.359334,3.000000,0.371814,0.000000,0.000000,0.000041,-0.000729,0.000570,0.415185,-0.016353,0.482182,0.415184,-0.016352,0.482180,0.000000,-0.004874
7.886000,0.209812,-0.375792,0.856028,-0.349513,0.183134,-0.359104,0.359104,3.000000,0.394585,0.000000,0.000000,-0.000009,0.000677,-0.000500,0.415185,-0.016351,0.482181,0.415184,-0.016352,0.482180,0.000000,0.004233
7.896000,0.240231,-0.412061,0.842826,-0.319094,0.146865,-0.372306,0.372306,3.000000,0.351269,0.000000,0.000000,-0.000261,-0.000527,0.000157,0.415184,-0.016353,0.482181,0.415184,-0.016352,0.482180,0.000000,-0.001344
7.906000,0.223485,-0.373786,0.845831,-0.335839,0.185140,-0.369301,0.369301,3.000000,0.383490,0.000000,0.000000,0.000138,-0.001585,-0.000446,0.415184,-0.016354,0.482180,0.415184,-0.016352,0.482180,0.000000,0.003782
7.916000,0.198807,-0.368691,0.833916,-0.360518,0.190235,-0.381216,0.381216,3.000000,0.407630,0.000000,0.000000,0.000846,-0.000634,0.000261,0.415185,-0.016354,0.482182,0.415184,-0.016352,0.482180,0.000000,-0.002249
7.926000,0.174853,-0.389530,0.859435,-0.384472,0.169396,-0.355698,0.355698,3.000000,0.420135,0.000000,0.000000,0.000105,-0.000408,0.000870,0.415185,-0.016353,0.482184,0.415184,-0.016352,0.482180,0.000000,-0.007452
7.936000,0.318771,-0.403881,0.771176,-0.240553,0.155045,-0.443956,0.443956,3.000000,0.286191,0.000000,0.000000,-0.000225,0.000915,-0.000295,0.415184,-0.016349,0.482181,0.415184,-0.016352,0.482180,0.000000,0.002496
7.946000,0.243215,-0.389628,0.831439,-0.316109,0.169298,-0.383693,0.383693,3.000000,0.358590,0.000000,0.000000,0.000013,-0.000253,0.000299,0.415184,-0.016353,0.482181,0.415184,-0.016352,0.482180,0.000000,-0.002543
7.956000,0.225364,-0.383711,0.859040,-0.333961,0.175215,-0.356092,0.356092,3.000000,0.377134,0.000000,0.000000,0.000328,-0.000695,0.000043,0.415185,-0.016354,0.482182,0.415184,-0.016352,0.482180,0.000000,-0.000391
7.966000,0.174930,-0.423872,0.873539,-0.384395,0.135054,-0.341593,0.341593,3.000000,0.407430,0.000000,0.000000,-0.000064,0.000558,0.000423,0.415184,-0.016351,0.482184,0.415184,-0.016352,0.482180,0.000000,-0.003662
7.976000,0.225998,-0.429738,0.830184,-0.333326,0.129188,-0.384948,0.384948,3.000000,0.357486,0.000000,0.000000,-0.000012,0.001028,0.000246,0.415185,-0.016351,0.482180,0.415184,-0.016352,0.482180,0.000000,-0.002080
7.986000,0.301558,-0.428966,0.774016,-0.257766,0.129960,-0.441116,0.441116,3.000000,0.288675,0.000000,0.000000,-0.000607,-0.000241,0.001392,0.415183,-0.016352,0.482185,0.415184,-0.016352,0.482180,0.000000,-0.011896
7.996000,0.327344,-0.362062,0.796204,-0.231981,0.196864,-0.418928,0.418928,3.000000,0.304254,0.000000,0.000000,-0.000106,0.000253,0.000979,0.415184,-0.016352,0.482183,0.415184,-0.016352,0.482180,0.000000,-0.008368
8.007000,0.343315,-0.390711,0.801146,-0.216010,0.168215,-0.413987,0.413987,3.000000,0.273782,0.000000,0.000000,-0.000427,-0.000308,0.000936,0.415184,-0.016353,0.482184,0.415184,-0.016352,0.482180,0.000000,-0.008007
8.018000,0.226396,-0.382756,0.839450,-0.332929,0.176170,-0.375682,0.375682,3.000000,0.376666,0.000000,0.000000,-0.000218,0.000049,0.001248,0.415184,-0.016351,0.482183,0.415184,-0.016352,0.482180,0.000000,-0.010642
8.029000,0.257191,-0.394895,0.793871,-0.302134,0.164031,-0.421261,0.421261,3.000000,0.343789,0.000000,0.000000,0.000362,-0.000141,0.001064,0.415185,-0.016353,0.482183,0.415184,-0.016352,0.482180,0.000000,-0.009084
8.040000,0.205783,-0.396804,0.851001,-0.353542,0.162122,-0.364131,0.364131,3.000000,0.388941,0.000000,0.000000,-0.000145,-0.000170,-0.000711,0.415184,-0.016354,0.482180,0.415184,-0.016352,0.482180,0.000000,0.006028
8.051000,0.162348,-0.362268,0.864302,-0.396977,0.196658,-0.350830,0.350830,3.000000,0.443018,0.000000,0.000000,-0.000331,-0.000816,0.000486,0.415184,-0.016354,0.482182,0.415184,-0.016352,0.482180,0.000000,-0.004158
8.062000,0.187989,-0.362948,0.847044,-0.371336,0.195978,-0.368088,0.368088,3.000000,0.419878,0.000000,0.000000,-0.000111,0.000485,-0.000190,0.415184,-0.016351,0.482182,0.415184,-0.016352,0.482180,0.000000,0.001585
8.073000,0.201986,-0.336171,0.804866,-0.357339,0.222755,-0.410266,0.410266,3.000000,0.421083,0.000000,0.000000,-0.000240,-0.000170,0.001020,0.415183,-0.016352,0.482182,0.415184,-0.016352,0.482180,0.000000,-0.008693
8.084000,0.251350,-0.434178,0.817158,-0.307975,0.124748,-0.397974,0.397974,3.000000,0.332281,0.000000,0.000000,-0.000393,0.000415,-0.001744,0.415184,-0.016352,0.482179,0.415184,-0.016352,0.482180,0.000000,0.014823
8.095000,0.219045,-0.389036,0.840628,-0.340280,0.169890,-0.374504,0.374504,3.000000,0.380333,0.000000,0.000000,0.000154,-0.000743,-0.000932,0.415185,-0.016353,0.482180,0.415184,-0.016352,0.482180,0.000000,0.007908
8.106000,0.176167,-0.384594,0.868346,-0.383157,0.174332,-0.346786,0.346786,3.000000,0.420953,0.000000,0.000000,0.000017,0.000213,-0.000146,0.415184,-0.016353,0.482180,0.415184,-0.016352,0.482180,0.000000,0.001238
8.117000,0.233487,-0.401639,0.810126,-0.325837,0.157287,-0.405006,0.405006,3.000000,0.361814,0.000000,0.000000,0.000214,-0.000073,0.000243,0.415185,-0.016352,0.482181,0.415184,-0.016352,0.482180,0.000000,-0.002083
8.128000,0.223377,-0.394276,0.808171,-0.335947,0.164650,-0.406961,0.406961,3.000000,0.374126,0.000000,0.000000,0.000063,0.000684,0.000876,0.415184,-0.016351,0.482182,0.415184,-0.016352,0.482180,0.000000,-0.007473
8.139000,0.215151,-0.359577,0.840667,-0.344174,0.199349,-0.374465,0.374465,3.000000,0.397739,0.000000,0.000000,0.000102,-0.000691,-0.000116,0.415185,-0.016352,0.482179,0.415184,-0.016352,0.482180,0.000000,0.001008
8.150000,0.266022,-0.353845,0.856585,-0.293303,0.205081,-0.358547,0.358547,3.000000,0.357889,0.000000,0.000000,-0.000205,0.000456,-0.000654,0.415184,-0.016350,0.482178,0.415184,-0.016352,0.482180,0.000000,0.005580
8.161000,0.260150,-0.420568,0.854727,-0.299175,0.138358,-0.360405,0.360405,3.000000,0.329619,0.000000,0.000000,-0.000318,0.000811,-0.000849,0.415184,-0.016351,0.482180,0.415184,-0.016352,0.482180,0.000000,0.007199
8.172000,0.209793,-0.385120,0.876899,-0.349532,0.173806,-0.338233,0.338233,3.000000,0.390360,0.000000,0.000000,-0.000280,-0.000471,-0.000202,0.415184,-0.016353,0.482181,0.415184,-0.016352,0.482180,0.000000,0.001699
8.183000,0.255533,-0.407570,0.833854,-0.303791,0.151356,-0.381278,0.381278,3.000000,0.339408,0.000000,0.000000,0.000125,-0.000229,-0.000645,0.415185,-0.016353,0.482180,0.415184,-0.016352,0.482180,0.000000,0.005471
8.194000,0.163172,-0.410545,0.853530,-0.396153,0.148381,-0.361602,0.361602,3.000000,0.423029,0.000000,0.000000,-0.000079,-0.000262,0.000784,0.415184,-0.016352,0.482184,0.415184,-0.016352,0.482180,0.000000,-0.006729
8.205000,0.200191,-0.387900,0.836482,-0.359134,0.171026,-0.378650,0.378650,3.000000,0.397778,0.000000,0.000000,0.000399,-0.000642,0.000629,0.415185,-0.016353,0.482183,0.415184,-0.016352,0.482180,0.000000,-0.005393
8.216000,0.188854,-0.394451,0.838376,-0.370470,0.164475,-0.376756,0.376756,3.000000,0.405340,0.000000,0.000000,-0.000323,0.000209,0.000218,0.415184,-0.016351,0.482181,0.415184,-0.016352,0.482180,0.000000,-0.001856
8.227000,0.262463,-0.413041,0.821426,-0.296861,0.145885,-0.393706,0.393706,3.000000,0.330770,0.000000,0.000000,-0.000397,-0.000454,-0.000326,0.415184,-0.016352,0.482181,0.415184,-0.016352,0.482180,0.000000,0.002758
8.238000,0.243811,-0.408365,0.820041,-0.315514,0.150561,-0.395091,0.395091,3.000000,0.349596,0.000000,0.000000,0.000027,-0.000086,-0.000657,0.415184,-0.016352,0.482181,0.415184,-0.016352,0.482180,0.000000,0.005564
8.249000,0.122527,-0.385403,0.846929,-0.436798,0.173523,-0.368203,0.368203,3.000000,0.470003,0.000000,0.000000,0.000203,-0.000901,-0.000617,0.415185,-0.016353,0.482178,0.415184,-0.016352,0.482180,0.000000,0.005264
8.260000,0.199469,-0.358432,0.809144,-0.359855,0.200494,-0.405988,0.405988,3.000000,0.411939,0.000000,0.000000,-0.000074,0.000187,-0.000125,0.415185,-0.016350,0.482181,0.415184,-0.016352,0.482180,0.000000,0.001036
8.271000,0.179048,-0.410105,0.863463,-0.380277,0.148821,-0.351670,0.351670,3.000000,0.408361,0.000000,0.000000,0.000230,-0.000218,0.000217,0.415185,-0.016352,0.482183,0.415184,-0.016352,0.482180,0.000000,-0.001903
8.282000,0.180409,-0.385315,0.826407,-0.378916,0.173611,-0.388725,0.388725,3.000000,0.416795,0.000000,0.000000,-0.000394,-0.000112,-0.001655,0.415183,-0.016352,0.482178,0.415184,-0.016352,0.482180,0.000000,0.014072
8.293000,0.182063,-0.396728,0.855831,-0.377261,0.162198,-0.359301,0.359301,3.000000,0.410651,0.000000,0.000000,-0.000320,0.000166,0.000151,0.415183,-0.016351,0.482180,0.415184,-0.016352,0.482180,0.000000,-0.001284
8.304000,0.289077,-0.426583,0.800674,-0.270248,0.132343,-0.414458,0.414458,3.000000,0.300913,0.000000,0.000000,0.000456,-0.000955,-0.000646,0.415185,-0.016354,0.482180,0.415184,-0.016352,0.482180,0.000000,0.005483
8.315000,0.209150,-0.385605,0.826005,-0.350175,0.173321,-0.389127,0.389127,3.000000,0.390721,0.000000,0.000000,0.000235,0.000524,-0.000316,0.415185,-0.016351,0.482182,0.415184,-0.016352,0.482180,0.000000,0.002644
8.326000,0.142780,-0.438369,0.865078,-0.416545,0.120557,-0.350054,0.350054,3.000000,0.433640,0.000000,0.000000,0.000242,0.000392,-0.000250,0.415184,-0.016352,0.482182,0.415184,-0.016352,0.482180,0.000000,0.002090
8.337000,0.268402,-0.407522,0.797742,-0.290923,0.151404,-0.417390,0.417390,3.000000,0.327962,0.000000,0.000000,-0.000386,-0.000007,-0.001114,0.415184,-0.016351,0.482177,0.415184,-0.016352,0.482180,0.000000,0.009497
8.348000,0.255725,-0.386283,0.812947,-0.303599,0.172644,-0.402185,0.402185,3.000000,0.349254,0.000000,0.000000,0.000248,0.000120,-0.000323,0.415185,-0.016351,0.482178,0.415184,-0.016352,0.482180,0.000000,0.002774
8.359000,0.277381,-0.370340,0.820011,-0.281944,0.188586,-0.395121,0.395121,3.000000,0.339201,0.000000,0.000000,0.000241,-0.000756,-0.000134,0.415185,-0.016352,0.482182,0.415184,-0.016352,0.482180,0.000000,0.001102
8.370000,0.184739,-0.375431,0.865322,-0.374585,0.183495,-0.349810,0.349810,3.000000,0.417115,0.000000,0.000000,-0.000378,0.000958,-0.000261,0.415184,-0.016350,0.482180,0.415184,-0.016352,0.482180,0.000000,0.002210
8.381000,0.264352,-0.411470,0.819621,-0.294973,0.147456,-0.395511,0.395511,3.000000,0.329776,0.000000,0.000000,-0.000050,0.000034,-0.000568,0.415184,-0.016351,0.482180,0.415184,-0.016352,0.482180,0.000000,0.004822
8.392000,0.222487,-0.425826,0.835709,-0.336837,0.133100,-0.379423,0.379423,3.000000,0.362181,0.000000,0.000000,-0.000252,-0.000087,0.000176,0.415184,-0.016351,0.482181,0.415184,-0.016352,0.482180,0.000000,-0.001521
8.403000,0.276418,-0.361729,0.772164,-0.282907,0.197197,-0.442968,0.442968,3.000000,0.344852,0.000000,0.000000,-0.000327,0.000469,0.000011,0.415184,-0.016351,0.482182,0.415184,-0.016352,0.482180,0.000000,-0.000120
8.414000,0.262791,-0.375196,0.797320,-0.296534,0.183730,-0.417812,0.417812,3.000000,0.348840,0.000000,0.000000,-0.000629,-0.000905,-0.000452,0.415183,-0.016353,0.482182,0.415184,-0.016352,0.482180,0.000000,0.003805
8.425000,0.246575,-0.352245,0.826121,-0.312750,0.206681,-0.389011,0.389011,3.000000,0.374873,0.000000,0.000000,0.000269,-0.000058,-0.000221,0.415184,-0.016352,0.482178,0.415184,-0.016352,0.482180,0.000000,0.001912
8.436000,0.234079,-0.418695,0.849431,-0.325246,0.140231,-0.365702,0.365702,3.000000,0.354188,0.000000,0.000000,0.000027,-0.000214,-0.000659,0.415184,-0.016353,0.482178,0.415184,-0.016352,0.482180,0.000000,0.005619
8.447000,0.239635,-0.395208,0.808866,-0.319690,0.163718,-0.406267,0.406267,3.000000,0.359173,0.000000,0.000000,0.000316,0.000011,0.001017,0.415185,-0.016352,0.482185,0.415184,-0.016352,0.482180,0.000000,-0.008712
8.458000,0.234743,-0.385019,0.818989,-0.324582,0.173907,-0.396143,0.396143,3.000000,0.368235,0.000000,0.000000,-0.000260,-0.000846,0.000352,0.415184,-0.016354,0.482183,0.415184,-0.016352,0.482180,0.000000,-0.003032
8.469000,0.219981,-0.406066,0.843701,-0.339343,0.152860,-0.371431,0.371431,3.000000,0.372183,0.000000,0.000000,0.000249,-0.000147,0.000458,0.415185,-0.016352,0.482182,0.415184,-0.016352,0.482180,0.000000,-0.003931
8.480000,0.180475,-0.400300,0.873934,-0.378849,0.158626,-0.341198,0.341198,3.000000,0.410718,0.000000,0.000000,0.000035,0.000513,-0.000779,0.415185,-0.016350,0.482180,0.415184,-0.016352,0.482180,0.000000,0.006616
8.491000,0.222891,-0.391916,0.839028,-0.336434,0.167010,-0.376104,0.376104,3.000000,0.375606,0.000000,0.000000,-0.000193,0.000449,-0.001108,0.415184,-0.016350,0.482179,0.415184,-0.016352,0.482180,0.000000,0.009416
8.502000,0.214669,-0.378054,0.818392,-0.344656,0.180872,-0.396740,0.396740,3.000000,0.389233,0.000000,0.000000,-0.000223,-0.000225,-0.000300,0.415183,-0.016352,0.482180,0.415184,-0.016352,0.482180,0.000000,0.002542
8.513000,0.259437,-0.443074,0.810622,-0.299888,0.115852,-0.404510,0.404510,3.000000,0.321488,0.000000,0.000000,-0.000226,0.000098,0.000154,0.415184,-0.016352,0.482181,0.415184,-0.016352,0.482180,0.000000,-0.001320
8.524000,0.246347,-0.415920,0.854258,-0.312978,0.143006,-0.360874,0.360874,3.000000,0.344101,0.000000,0.000000,-0.000184,0.000579,-0.000479,0.415184,-0.016351,0.482179,0.415184,-0.016352,0.482180,0.000000,0.004073
8.535000,0.209086,-0.406454,0.852144,-0.350239,0.152472,-0.362988,0.362988,3.000000,0.381988,0.000000,0.000000,-0.000042,-0.000386,-0.000190,0.415185,-0.016353,0.482183,0.415184,-0.016352,0.482180,0.000000,0.001567
8.546000,0.232795,-0.420775,0.812599,-0.326530,0.138151,-0.402533,0.402533,3.000000,0.354553,0.000000,0.000000,0.000128,0.000342,0.000573,0.415186,-0.016351,0.482182,0.415184,-0.016352,0.482180,0.000000,-0.004898
8.557000,0.248506,-0.412749,0.790997,-0.310819,0.146177,-0.424135,0.424135,3.000000,0.343477,0.000000,0.000000,-0.000302,0.000429,0.000400,0.415184,-0.016351,0.482181,0.415184,-0.016352,0.482180,0.000000,-0.003419
8.568000,0.216743,-0.398555,0.816140,-0.342581,0.160371,-0.398992,0.398992,3.000000,0.378260,0.000000,0.000000,0.000304,-0.000108,0.001115,0.415184,-0.016352,0.482181,0.415184,-0.016352,0.482180,0.000000,-0.009482
8.579000,0.245867,-0.400943,0.819084,-0.313457,0.157983,-0.396048,0.396048,3.000000,0.351019,0.000000,0.000000,0.000216,0.000071,0.000047,0.415184,-0.016350,0.482181,0.415184,-0.016352,0.482180,0.000000,-0.000418
8.590000,0.195080,-0.446000,0.849554,-0.364245,0.112926,-0.365578,0.365578,3.000000,0.381348,0.000000,0.000000,-0.000204,0.000338,-0.000266,0.415184,-0.016353,0.482182,0.415184,-0.016352,0.482180,0.000000,0.002227
8.601000,0.223399,-0.441089,0.853385,-0.335925,0.117837,-0.361747,0.361747,3.000000,0.355994,0.000000,0.000000,0.000117,0.000791,-0.000747,0.415185,-0.016350,0.482180,0.415184,-0.016352,0.482180,0.000000,0.006339
8.612000,0.252330,-0.387947,0.840195,-0.306994,0.170979,-0.374937,0.374937,3.000000,0.351396,0.000000,0.000000,0.000347,-0.000159,0.001184,0.415185,-0.016352,0.482182,0.415184,-0.016352,0.482180,0.000000,-0.010085
8.623000,0.316691,-0.383725,0.771141,-0.242634,0.175201,-0.443991,0.443991,3.000000,0.299276,0.000000,0.000000,-0.000099,0.000040,0.000123,0.415184,-0.016351,0.482182,0.415184,-0.016352,0.482180,0.000000,-0.001071
8.634000,0.274863,-0.390384,0.807619,-0.284462,0.168542,-0.407513,0.407513,3.000000,0.330643,0.000000,0.000000,0.000424,0.000197,0.000191,0.415185,-0.016351,0.482183,0.415184,-0.016352,0.482180,0.000000,-0.001671
8.645000,0.188512,-0.367486,0.851816,-0.370812,0.191440,-0.363317,0.363317,3.000000,0.417314,0.000000,0.000000,-0.000283,-0.000570,-0.000409,0.415184,-0.016353,0.482180,0.415184,-0.016352,0.482180,0.000000,0.003463
8.656000,0.188212,-0.431851,0.847531,-0.371112,0.127075,-0.367601,0.367601,3.000000,0.392266,0.000000,0.000000,0.000144,0.000387,0.000220,0.415184,-0.016352,0.482181,0.415184,-0.016352,0.482180,0.000000,-0.001881
8.667000,0.231548,-0.443362,0.820852,-0.327776,0.115564,-0.394280,0.394280,3.000000,0.347552,0.000000,0.000000,-0.000168,-0.000167,-0.000220,0.415184,-0.016352,0.482181,0.415184,-0.016352,0.482180,0.000000,0.001840
8.678000,0.162243,-0.389284,0.852729,-0.397082,0.169642,-0.362403,0.362403,3.000000,0.431801,0.000000,0.000000,0.000070,-0.000010,0.000473,0.415185,-0.016352,0.482183,0.415184,-0.016352,0.482180,0.000000,-0.004058
8.689000,0.122960,-0.392496,0.857559,-0.436365,0.166430,-0.357573,0.357573,3.000000,0.467026,0.000000,0.000000,-0.000186,0.000067,-0.000030,0.415184,-0.016352,0.482181,0.415184,-0.016352,0.482180,0.000000,0.000242
8.700000,0.246022,-0.379620,0.785862,-0.313303,0.179306,-0.429270,0.429270,3.000000,0.360984,0.000000,0.000000,-0.000072,0.000421,0.000270,0.415183,-0.016352,0.482180,0.415184,-0.016352,0.482180,0.000000,-0.002299
8.711000,0.261619,-0.356498,0.798278,-0.297705,0.202428,-0.416854,0.416854,3.000000,0.360008,0.000000,0.000000,-0.000416,0.001015,-0.000217,0.415184,-0.016351,0.482180,0.415184,-0.016352,0.482180,0.000000,0.001834
8.722000,0.171839,-0.359800,0.867850,-0.387486,0.199126,-0.347282,0.347282,3.000000,0.435656,0.000000,0.000000,0.000229,0.000138,0.000275,0.415185,-0.016351,0.482182,0.415184,-0.016352,0.482180,0.000000,-0.002372
8.733000,0.182019,-0.384714,0.843380,-0.377306,0.174212,-0.371752,0.371752,3.000000,0.415583,0.000000,0.000000,-0.000204,-0.000019,0.000891,0.415184,-0.016352,0.482183,0.415184,-0.016352,0.482180,0.000000,-0.007609
8.744000,0.181164,-0.374141,0.846711,-0.378160,0.184785,-0.368422,0.368422,3.000000,0.420893,0.000000,0.000000,0.000338,0.000110,-0.000360,0.415184,-0.016352,0.482180,0.415184,-0.016352,0.482180,0.000000,0.003055
8.755000,0.187653,-0.372595,0.809446,-0.371672,0.186331,-0.405686,0.405686,3.000000,0.415764,0.000000,0.000000,0.000019,-0.000079,0.000717,0.415184,-0.016353,0.482183,0.415184,-0.016352,0.482180,0.000000,-0.006134
8.766000,0.259114,-0.387610,0.823225,-0.300211,0.171316,-0.391907,0.391907,3.000000,0.345653,0.000000,0.000000,-0.000043,0.000217,0.000049,0.415184,-0.016352,0.482182,0.415184,-0.016352,0.482180,0.000000,-0.000451
8.777000,0.260707,-0.415972,0.824048,-0.298617,0.142954,-0.391084,0.391084,3.000000,0.331071,0.000000,0.000000,-0.000184,0.000288,0.000860,0.415184,-0.016352,0.482184,0.415184,-0.016352,0.482180,0.000000,-0.007359
8.788000,0.226305,-0.356340,0.840949,-0.333020,0.202586,-0.374183,0.374183,3.000000,0.389799,0.000000,0.000000,-0.000084,0.000250,-0.000407,0.415184,-0.016352,0.482180,0.415184,-0.016352,0.482180,0.000000,0.003461
8.799000,0.240243,-0.373093,0.824593,-0.319082,0.185833,-0.390539,0.390539,3.000000,0.369252,0.000000,0.000000,-0.000359,-0.000482,0.000106,0.415183,-0.016353,0.482182,0.415184,-0.016352,0.482180,0.000000,-0.000939
8.810000,0.229443,-0.395591,0.858066,-0.329882,0.163335,-0.357067,0.357067,3.000000,0.368103,0.000000,0.000000,-0.000292,-0.000042,-0.000042,0.415184,-0.016352,0.482182,0.415184,-0.016352,0.482180,0.000000,0.000319
8.821000,0.184671,-0.365826,0.873274,-0.374654,0.193100,-0.341858,0.341858,3.000000,0.421489,0.000000,0.000000,-0.000182,-0.000898,-0.000245,0.415184,-0.016354,0.482182,0.415184,-0.016352,0.482180,0.000000,0.002047
8.832000,0.202523,-0.372705,0.864652,-0.356802,0.186221,-0.350480,0.350480,3.000000,0.402475,0.000000,0.000000,-0.000293,-0.000096,0.000460,0.415184,-0.016353,0.482181,0.415184,-0.016352,0.482180,0.000000,-0.003927
8.843000,0.198599,-0.412788,0.862183,-0.360726,0.146138,-0.352949,0.352949,3.000000,0.389204,0.000000,0.000000,0.000157,-0.000384,-0.001192,0.415184,-0.016352,0.482179,0.415184,-0.016352,0.482180,0.000000,0.010135
8.854000,0.251241,-0.399768,0.795078,-0.308084,0.159158,-0.420054,0.420054,3.000000,0.346766,0.000000,0.000000,0.000080,-0.000403,0.000302,0.415184,-0.016353,0.482182,0.415184,-0.016352,0.482180,0.000000,-0.002589
8.865000,0.240839,-0.378301,0.820797,-0.318486,0.180625,-0.394335,0.394335,3.000000,0.366140,0.000000,0.000000,-0.000530,0.000456,-0.000621,0.415184,-0.016351,0.482180,0.415184,-0.016352,0.482180,0.000000,0.005274
8.876000,0.283129,-0.392764,0.803999,-0.276195,0.166162,-0.411133,0.411133,3.000000,0.322325,0.000000,0.000000,0.000301,0.000090,0.000372,0.415185,-0.016354,0.482182,0.415184,-0.016352,0.482180,0.000000,-0.003182
8.887000,0.210818,-0.411591,0.825405,-0.348507,0.147335,-0.389727,0.389727,3.000000,0.378371,0.000000,0.000000,-0.000103,-0.000268,-0.000154,0.415183,-0.016353,0.482181,0.415184,-0.016352,0.482180,0.000000,0.001288
8.898000,0.254177,-0.368508,0.826499,-0.305148,0.190418,-0.388633,0.388633,3.000000,0.359686,0.000000,0.000000,0.000411,-0.000450,0.000203,0.415186,-0.016352,0.482183,0.415184,-0.016352,0.482180,0.000000,-0.001774
8.909000,0.215642,-0.369138,0.856560,-0.343683,0.189788,-0.358572,0.358572,3.000000,0.392604,0.000000,0.000000,0.000390,-0.000669,-0.000520,0.415185,-0.016355,0.482180,0.415184,-0.016352,0.482180,0.000000,0.004408
8.920000,0.229868,-0.407333,0.853418,-0.329457,0.151593,-0.361714,0.361714,3.000000,0.362660,0.000000,0.000000,0.000357,-0.000155,-0.000897,0.415185,-0.016353,0.482180,0.415184,-0.016352,0.482180,0.000000,0.007609
8.931000,0.261468,-0.391627,0.814164,-0.297857,0.167299,-0.400968,0.400968,3.000000,0.341625,0.000000,0.000000,-0.000243,-0.000283,0.000786,0.415184,-0.016352,0.482181,0.415184,-0.016352,0.482180,0.000000,-0.006691
8.942000,0.266888,-0.370894,0.793362,-0.292436,0.188032,-0.421770,0.421770,3.000000,0.347671,0.000000,0.000000,-0.000357,-0.000451,-0.000574,0.415184,-0.016353,0.482181,0.415184,-0.016352,0.482180,0.000000,0.004861
8.953000,0.184481,-0.427508,0.858496,-0.374844,0.131418,-0.356636,0.356636,3.000000,0.397213,0.000000,0.000000,0.000321,0.000690,-0.000243,0.415184,-0.016352,0.482181,0.415184,-0.016352,0.482180,0.000000,0.002043
8.964000,0.210386,-0.412119,0.857800,-0.348939,0.146807,-0.357332,0.357332,3.000000,0.378564,0.000000,0.000000,0.000033,-0.000018,0.000002,0.415185,-0.016353,0.482181,0.415184,-0.016352,0.482180,0.000000,-0.000042
8.975000,0.255374,-0.384212,0.827768,-0.303951,0.174714,-0.387364,0.387364,3.000000,0.350587,0.000000,0.000000,0.000357,0.000190,0.000152,0.415186,-0.016351,0.482182,0.415184,-0.016352,0.482180,0.000000,-0.001322
8.986000,0.176169,-0.352533,0.843016,-0.383155,0.206393,-0.372116,0.372116,3.000000,0.435208,0.000000,0.000000,0.000595,0.000605,0.000253,0.415185,-0.016349,0.482183,0.415184,-0.016352,0.482180,0.000000,-0.002198
8.997000,0.246841,-0.374766,0.823142,-0.312484,0.184160,-0.391990,0.391990,3.000000,0.362713,0.000000,0.000000,0.000428,0.000801,0.000322,0.415185,-0.016350,0.482182,0.415184,-0.016352,0.482180,0.000000,-0.002772
9.008000,0.275738,-0.398676,0.829604,-0.283586,0.160250,-0.385528,0.385528,3.000000,0.325732,0.000000,0.000000,-0.000407,0.000464,-0.000506,0.415184,-0.016351,0.482181,0.415184,-0.016352,0.482180,0.000000,0.004284
9.019000,0.226652,-0.399958,0.821459,-0.332673,0.158968,-0.393673,0.393673,3.000000,0.368703,0.000000,0.000000,-0.000067,0.000125,0.000008,0.415184,-0.016353,0.482182,0.415184,-0.016352,0.482180,0.000000,-0.000099
9.030000,0.192129,-0.409671,0.824352,-0.367196,0.149255,-0.390780,0.390780,3.000000,0.396371,0.000000,0.000000,0.000269,0.000067,-0.000527,0.415184,-0.016354,0.482180,0.415184,-0.016352,0.482180,0.000000,0.004463
9.041000,0.242335,-0.394485,0.844065,-0.316990,0.164441,-0.371067,0.371067,3.000000,0.357104,0.000000,0.000000,-0.000285,0.000076,0.000810,0.415184,-0.016352,0.482184,0.415184,-0.016352,0.482180,0.000000,-0.006933
9.052000,0.285713,-0.419959,0.804494,-0.273612,0.138967,-0.410638,0.410638,3.000000,0.306880,0.000000,0.000000,-0.000192,-0.000520,0.000046,0.415184,-0.016354,0.482180,0.415184,-0.016352,0.482180,0.000000,-0.000386
9.063000,0.198084,-0.416985,0.819070,-0.361241,0.141941,-0.396062,0.396062,3.000000,0.388126,0.000000,0.000000,-0.000103,0.000617,-0.001084,0.415184,-0.016350,0.482179,0.415184,-0.016352,0.482180,0.000000,0.009210
9.074000,0.214907,-0.373133,0.835495,-0.344418,0.185793,-0.379637,0.379637,3.000000,0.391335,0.000000,0.000000,-0.000147,-0.000408,-0.000505,0.415184,-0.016352,0.482181,0.415184,-0.016352,0.482180,0.000000,0.004274
9.085000,0.288699,-0.375535,0.777566,-0.270626,0.183391,-0.437566,0.437566,3.000000,0.326910,0.000000,0.000000,0.000565,-0.000232,0.000678,0.415185,-0.016353,0.482183,0.415184,-0.016352,0.482180,0.000000,-0.005801
9.096000,0.170683,-0.362375,0.856786,-0.388642,0.196551,-0.358346,0.358346,3.000000,0.435517,0.000000,0.000000,0.000147,-0.000086,0.000805,0.415185,-0.016351,0.482184,0.415184,-0.016352,0.482180,0.000000,-0.006900
9.107000,0.243118,-0.407897,0.830283,-0.316207,0.151029,-0.384849,0.384849,3.000000,0.350424,0.000000,0.000000,-0.000108,0.000107,-0.000463,0.415185,-0.016352,0.482182,0.415184,-0.016352,0.482180,0.000000,0.003897
9.118000,0.204308,-0.391703,0.832351,-0.355016,0.167223,-0.382781,0.382781,3.000000,0.392429,0.000000,0.000000,0.000107,0.000744,0.000007,0.415184,-0.016350,0.482182,0.415184,-0.016352,0.482180,0.000000,-0.000092
9.129000,0.207372,-0.353927,0.825222,-0.351952,0.204999,-0.389910,0.389910,3.000000,0.407302,0.000000,0.000000,-0.000147,-0.001569,-0.000748,0.415184,-0.016354,0.482179,0.415184,-0.016352,0.482180,0.000000,0.006354
9.140000,0.202194,-0.367739,0.866274,-0.357131,0.191187,-0.348858,0.348858,3.000000,0.405086,0.000000,0.000000,0.000062,0.000796,-0.000519,0.415185,-0.016351,0.482180,0.415184,-0.016352,0.482180,0.000000,0.004398
9.151000,0.232273,-0.399586,0.822738,-0.327051,0.159340,-0.392394,0.392394,3.000000,0.363802,0.000000,0.000000,0.000051,-0.000235,-0.000025,0.415184,-0.016351,0.482180,0.415184,-0.016352,0.482180,0.000000,0.000217
9.162000,0.273292,-0.383579,0.805214,-0.286032,0.175347,-0.409918,0.409918,3.000000,0.335501,0.000000,0.000000,0.000412,-0.000327,-0.000418,0.415185,-0.016352,0.482181,0.415184,-0.016352,0.482180,0.000000,0.003525
9.173000,0.213322,-0.381302,0.823255,-0.346002,0.177625,-0.391877,0.391877,3.000000,0.388932,0.000000,0.000000,0.000345,-0.000959,0.000095,0.415185,-0.016353,0.482181,0.415184,-0.016352,0.482180,0.000000,-0.000825
9.184000,0.218886,-0.404361,0.808478,-0.340439,0.154565,-0.406654,0.406654,3.000000,0.373884,0.000000,0.000000,0.000445,0.000454,-0.000791,0.415185,-0.016352,0.482179,0.415184,-0.016352,0.482180,0.000000,0.006724
9.195000,0.267486,-0.385700,0.802498,-0.291839,0.173226,-0.412635,0.412635,3.000000,0.339378,0.000000,0.000000,-0.000082,-0.000639,0.000420,0.415184,-0.016354,0.482180,0.415184,-0.016352,0.482180,0.000000,-0.003563
9.206000,0.283685,-0.392705,0.825078,-0.275640,0.166221,-0.390054,0.390054,3.000000,0.321880,0.000000,0.000000,-0.000485,-0.000191,0.001006,0.415184,-0.016353,0.482183,0.415184,-0.016352,0.482180,0.000000,-0.008596
9.217000,0.228297,-0.364872,0.858850,-0.331027,0.194054,-0.356282,0.356282,3.000000,0.383713,0.000000,0.000000,-0.000196,0.000040,-0.000387,0.415184,-0.016353,0.482182,0.415184,-0.016352,0.482180,0.000000,0.003247
9.228000,0.188578,-0.404689,0.857389,-0.370746,0.154237,-0.357743,0.357743,3.000000,0.401549,0.000000,0.000000,-0.000341,0.000728,-0.000597,0.415185,-0.016352,0.482180,0.415184,-0.016352,0.482180,0.000000,0.005071
9.239000,0.238442,-0.426064,0.820711,-0.320883,0.132862,-0.394421,0.394421,3.000000,0.347301,0.000000,0.000000,-0.000324,-0.001015,0.000191,0.415184,-0.016354,0.482182,0.415184,-0.016352,0.482180,0.000000,-0.001655
9.250000,0.180950,-0.392614,0.849495,-0.378375,0.166312,-0.365638,0.365638,3.000000,0.413313,0.000000,0.000000,0.000104,0.000687,-0.000564,0.415184,-0.016352,0.482180,0.415184,-0.016352,0.482180,0.000000,0.004785
9.261000,0.219162,-0.358656,0.827379,-0.340163,0.200270,-0.387753,0.387753,3.000000,0.394739,0.000000,0.000000,-0.000175,-0.000652,0.000059,0.415184,-0.016354,0.482181,0.415184,-0.016352,0.482180,0.000000,-0.000519
9.272000,0.177919,-0.430861,0.887092,-0.381405,0.128065,-0.328040,0.328040,3.000000,0.402332,0.000000,0.000000,0.000182,0.000792,-0.000208,0.415185,-0.016352,0.482182,0.415184,-0.016352,0.482180,0.000000,0.001731
9.283000,0.214904,-0.390658,0.845548,-0.344421,0.168268,-0.369584,0.369584,3.000000,0.383327,0.000000,0.000000,-0.000158,0.000270,0.000095,0.415185,-0.016350,0.482182,0.415184,-0.016352,0.482180,0.000000,-0.000845
9.294000,0.210801,-0.366542,0.843518,-0.348524,0.192384,-0.371614,0.371614,3.000000,0.398096,0.000000,0.000000,0.000181,-0.000017,-0.000073,0.415184,-0.016352,0.482182,0.415184,-0.016352,0.482180,0.000000,0.000587
9.305000,0.243752,-0.392935,0.796706,-0.315572,0.165991,-0.418426,0.418426,3.000000,0.356566,0.000000,0.000000,0.000115,0.000235,0.000096,0.415184,-0.016352,0.482183,0.415184,-0.016352,0.482180,0.000000,-0.000871
9.316000,0.196516,-0.372655,0.810461,-0.362809,0.186272,-0.404671,0.404671,3.000000,0.407832,0.000000,0.000000,-0.000124,0.000137,-0.000464,0.415185,-0.016351,0.482181,0.415184,-0.016352,0.482180,0.000000,0.003912
9.327000,0.230724,-0.408647,0.797541,-0.328600,0.150279,-0.417591,0.417591,3.000000,0.361334,0.000000,0.000000,-0.000021,0.000247,-0.000617,0.415185,-0.016352,0.482181,0.415184,-0.016352,0.482180,0.000000,0.005221
9.338000,0.240930,-0.357247,0.828469,-0.318395,0.201679,-0.386663,0.386663,3.000000,0.376895,0.000000,0.000000,-0.000173,-0.000949,0.000254,0.415184,-0.016353,0.482183,0.415184,-0.016352,0.482180,0.000000,-0.002217
9.349000,0.288180,-0.394164,0.786074,-0.271144,0.164762,-0.429058,0.429058,3.000000,0.317279,0.000000,0.000000,-0.000248,0.000802,0.000093,0.415184,-0.016349,0.482180,0.415184,-0.016352,0.482180,0.000000,-0.000782
9.360000,0.212360,-0.356661,0.827506,-0.346965,0.202265,-0.387627,0.387627,3.000000,0.401616,0.000000,0.000000,0.000130,0.000047,0.000842,0.415184,-0.016352,0.482183,0.415184,-0.016352,0.482180,0.000000,-0.007193
9.371000,0.202758,-0.410204,0.832286,-0.356567,0.148722,-0.382846,0.382846,3.000000,0.386340,0.000000,0.000000,0.000047,0.000206,0.000800,0.415185,-0.016353,0.482183,0.415184,-0.016352,0.482180,0.000000,-0.006848
9.382000,0.193097,-0.410683,0.823960,-0.366228,0.148243,-0.391172,0.391172,3.000000,0.395094,0.000000,0.000000,-0.000077,-0.000206,-0.000066,0.415184,-0.016353,0.482181,0.415184,-0.016352,0.482180,0.000000,0.000550
9.393000,0.275704,-0.413106,0.822099,-0.283620,0.145820,-0.393033,0.393033,3.000000,0.318911,0.000000,0.000000,-0.000071,-0.000193,0.000683,0.415184,-0.016352,0.482184,0.415184,-0.016352,0.482180,0.000000,-0.005861
9.404000,0.268092,-0.368414,0.823501,-0.291233,0.190512,-0.391631,0.391631,3.000000,0.348011,0.000000,0.000000,0.000080,-0.000162,-0.000078,0.415185,-0.016352,0.482181,0.415184,-0.016352,0.482180,0.000000,0.000633
9.415000,0.198256,-0.355876,0.870365,-0.361069,0.203050,-0.344767,0.344767,3.000000,0.414246,0.000000,0.000000,-0.000341,-0.000712,-0.000813,0.415184,-0.016354,0.482180,0.415184,-0.016352,0.482180,0.000000,0.006904
9.426000,0.205847,-0.415793,0.843991,-0.353478,0.143133,-0.371141,0.371141,3.000000,0.381358,0.000000,0.000000,-0.000026,0.000883,0.000487,0.415185,-0.016352,0.482183,0.415184,-0.016352,0.482180,0.000000,-0.004180
9.437000,0.289143,-0.398945,0.829040,-0.270182,0.159981,-0.386092,0.386092,3.000000,0.313994,0.000000,0.000000,-0.000216,-0.000327,0.000035,0.415184,-0.016352,0.482183,0.415184,-0.016352,0.482180,0.000000,-0.000345
9.448000,0.271246,-0.377396,0.805633,-0.288079,0.181530,-0.409499,0.409499,3.000000,0.340504,0.000000,0.000000,-0.000234,0.000743,-0.000282,0.415184,-0.016349,0.482181,0.415184,-0.016352,0.482180,0.000000,0.002381
9.459000,0.174124,-0.367958,0.850861,-0.385200,0.190968,-0.364271,0.364271,3.000000,0.429939,0.000000,0.000000,0.000061,0.000419,-0.000162,0.415184,-0.016350,0.482182,0.415184,-0.016352,0.482180,0.000000,0.001340
9.470000,0.128064,-0.367540,0.906783,-0.431261,0.191386,-0.308349,0.308349,3.000000,0.471820,0.000000,0.000000,0.000134,-0.000177,-0.000936,0.415185,-0.016354,0.482180,0.415184,-0.016352,0.482180,0.000000,0.007942
9.481000,0.201421,-0.380482,0.852140,-0.357904,0.178444,-0.362992,0.362992,3.000000,0.399922,0.000000,0.000000,-0.000124,-0.000030,-0.000211,0.415184,-0.016353,0.482181,0.415184,-0.016352,0.482180,0.000000,0.001764
9.492000,0.264772,-0.364894,0.831825,-0.294553,0.194032,-0.383307,0.383307,3.000000,0.352718,0.000000,0.000000,-0.000227,0.000007,-0.000294,0.415184,-0.016351,0.482180,0.415184,-0.016352,0.482180,0.000000,0.002501
9.503000,0.249932,-0.365442,0.837177,-0.309392,0.193484,-0.377955,0.377955,3.000000,0.364910,0.000000,0.000000,-0.000411,0.000486,0.000263,0.415182,-0.016353,0.482182,0.415184,-0.016352,0.482180,0.000000,-0.002267
9.514000,0.247631,-0.385691,0.846761,-0.311693,0.173235,-0.368371,0.368371,3.000000,0.356600,0.000000,0.000000,0.000055,-0.000641,-0.000207,0.415185,-0.016352,0.482181,0.415184,-0.016352,0.482180,0.000000,0.001750
9.525000,0.271775,-0.389922,0.831358,-0.287549,0.169004,-0.383774,0.383774,3.000000,0.333537,0.000000,0.000000,-0.000428,-0.000357,0.000308,0.415184,-0.016354,0.482184,0.415184,-0.016352,0.482180,0.000000,-0.002678
9.536000,0.242149,-0.381524,0.849833,-0.317176,0.177402,-0.365299,0.365299,3.000000,0.363417,0.000000,0.000000,-0.000150,-0.000494,-0.000345,0.415184,-0.016353,0.482182,0.415184,-0.016352,0.482180,0.000000,0.002895
9.547000,0.192199,-0.434985,0.829590,-0.367125,0.123941,-0.385542,0.385542,3.000000,0.387482,0.000000,0.000000,0.000266,0.000408,-0.000290,0.415184,-0.016351,0.482180,0.415184,-0.016352,0.482180,0.000000,0.002472
9.558000,0.211648,-0.353724,0.834381,-0.347676,0.205203,-0.380751,0.380751,3.000000,0.403716,0.000000,0.000000,0.000336,0.000434,0.000095,0.415185,-0.016351,0.482181,0.415184,-0.016352,0.482180,0.000000,-0.000817
9.569000,0.233334,-0.356071,0.817328,-0.325991,0.202855,-0.397804,0.397804,3.000000,0.383953,0.000000,0.000000,-0.000068,-0.000055,0.000859,0.415184,-0.016353,0.482183,0.415184,-0.016352,0.482180,0.000000,-0.007345
9.580000,0.285926,-0.385333,0.824848,-0.273399,0.173593,-0.390284,0.390284,3.000000,0.323854,0.000000,0.000000,0.000010,0.000494,-0.000716,0.415184,-0.016351,0.482180,0.415184,-0.016352,0.482180,0.000000,0.006071
9.591000,0.233443,-0.370720,0.865444,-0.325881,0.188206,-0.349688,0.349688,3.000000,0.376325,0.000000,0.000000,-0.000211,0.001327,0.000283,0.415185,-0.016350,0.482182,0.415184,-0.016352,0.482180,0.000000,-0.002433
9.602000,0.255053,-0.391832,0.854680,-0.304271,0.167094,-0.360452,0.360452,3.000000,0.347134,0.000000,0.000000,-0.000138,0.000699,-0.000502,0.415184,-0.016351,0.482180,0.415184,-0.016352,0.482180,0.000000,0.004253
9.613000,0.246326,-0.392842,0.832549,-0.312999,0.166084,-0.382583,0.382583,3.000000,0.354333,0.000000,0.000000,-0.000193,0.000329,0.000529,0.415184,-0.016351,0.482182,0.415184,-0.016352,0.482180,0.000000,-0.004520
9.624000,0.308372,-0.377793,0.805667,-0.250952,0.181133,-0.409465,0.409465,3.000000,0.309494,0.000000,0.000000,0.000014,-0.000291,0.001188,0.415184,-0.016352,0.482183,0.415184,-0.016352,0.482180,0.000000,-0.010135
9.635000,0.261876,-0.398788,0.826389,-0.297449,0.160138,-0.388743,0.388743,3.000000,0.337816,0.000000,0.000000,0.000053,-0.000501,0.000634,0.415185,-0.016354,0.482182,0.415184,-0.016352,0.482180,0.000000,-0.005407
9.646000,0.273914,-0.390605,0.813281,-0.285411,0.168321,-0.401851,0.401851,3.000000,0.331347,0.000000,0.000000,-0.000097,-0.000050,-0.000351,0.415184,-0.016352,0.482181,0.415184,-0.016352,0.482180,0.000000,0.002969
9.657000,0.255134,-0.353780,0.812187,-0.304191,0.205146,-0.402946,0.402946,3.000000,0.366902,0.000000,0.000000,0.000036,-0.000309,0.000025,0.415184,-0.016353,0.482181,0.415184,-0.016352,0.482180,0.000000,-0.000226
9.668000,0.237830,-0.359203,0.835146,-0.321495,0.199723,-0.379986,0.379986,3.000000,0.378482,0.000000,0.000000,-0.000298,-0.000945,0.000782,0.415183,-0.016353,0.482182,0.415184,-0.016352,0.482180,0.000000,-0.006672
9.679000,0.211785,-0.354802,0.822458,-0.347540,0.204124,-0.392674,0.392674,3.000000,0.403052,0.000000,0.000000,0.000262,-0.000182,-0.000885,0.415185,-0.016352,0.482180,0.415184,-0.016352,0.482180,0.000000,0.007505
9.690000,0.213958,-0.383248,0.854996,-0.345366,0.175678,-0.360136,0.360136,3.000000,0.387480,0.000000,0.000000,-0.000142,-0.000432,0.000220,0.415184,-0.016353,0.482182,0.415184,-0.016352,0.482180,0.000000,-0.001894
9.701000,0.270482,-0.362993,0.816857,-0.288843,0.195933,-0.398275,0.398275,3.000000,0.349027,0.000000,0.000000,0.000574,0.000407,0.000430,0.415185,-0.016352,0.482182,0.415184,-0.016352,0.482180,0.000000,-0.003684
9.712000,0.257506,-0.427114,0.815849,-0.301818,0.131812,-0.399283,0.399283,3.000000,0.329346,0.000000,0.000000,0.000091,-0.000221,-0.000086,0.415185,-0.016354,0.482181,0.415184,-0.016352,0.482180,0.000000,0.000710
9.723000,0.224842,-0.420828,0.856084,-0.334482,0.138098,-0.359048,0.359048,3.000000,0.361870,0.000000,0.000000,0.000243,0.000447,0.000451,0.415185,-0.016351,0.482180,0.415184,-0.016352,0.482180,0.000000,-0.003830
9.734000,0.209958,-0.403286,0.833533,-0.349367,0.155640,-0.381599,0.381599,3.000000,0.382467,0.000000,0.000000,-0.000016,0.000438,0.000570,0.415185,-0.016351,0.482182,0.415184,-0.016352,0.482180,0.000000,-0.004869
9.745000,0.222142,-0.317323,0.834503,-0.337183,0.241603,-0.380629,0.380629,3.000000,0.414806,0.000000,0.000000,0.000250,-0.000247,-0.000239,0.415184,-0.016354,0.482180,0.415184,-0.016352,0.482180,0.000000,0.002036
9.756000,0.175917,-0.359710,0.841084,-0.383408,0.199217,-0.374048,0.374048,3.000000,0.432075,0.000000,0.000000,-0.000088,-0.000515,-0.000102,0.415184,-0.016354,0.482180,0.415184,-0.016352,0.482180,0.000000,0.000858
9.767000,0.232572,-0.358378,0.771385,-0.326752,0.200548,-0.443747,0.443747,3.000000,0.383388,0.000000,0.000000,-0.000153,-0.000151,-0.000134,0.415184,-0.016351,0.482182,0.415184,-0.016352,0.482180,0.000000,0.001095
9.778000,0.238337,-0.318925,0.818937,-0.320987,0.240001,-0.396195,0.396195,3.000000,0.400791,0.000000,0.000000,-0.000183,0.000275,0.000353,0.415185,-0.016349,0.482183,0.415184,-0.016352,0.482180,0.000000,-0.003054
9.789000,0.219474,-0.373192,0.826385,-0.339850,0.185734,-0.388747,0.388747,3.000000,0.387293,0.000000,0.000000,0.000039,0.000613,0.000179,0.415185,-0.016351,0.482183,0.415184,-0.016352,0.482180,0.000000,-0.001564
9.800000,0.183148,-0.396798,0.869793,-0.376177,0.162128,-0.345339,0.345339,3.000000,0.409627,0.000000,0.000000,-0.000129,0.001375,-0.000708,0.415184,-0.016350,0.482180,0.415184,-0.016352,0.482180,0.000000,0.006013
9.811000,0.209555,-0.434203,0.825959,-0.349770,0.124723,-0.389173,0.389173,3.000000,0.371342,0.000000,0.000000,0.000125,0.000155,0.000049,0.415185,-0.016354,0.482183,0.415184,-0.016352,0.482180,0.000000,-0.000472
9.822000,0.218163,-0.371379,0.839908,-0.341161,0.187547,-0.375224,0.375224,3.000000,0.389314,0.000000,0.000000,-0.000339,-0.000099,-0.000639,0.415184,-0.016353,0.482180,0.415184,-0.016352,0.482180,0.000000,0.005434
9.833000,0.265238,-0.355628,0.814665,-0.294087,0.203298,-0.400468,0.400468,3.000000,0.357515,0.000000,0.000000,-0.000245,-0.000084,0.000751,0.415183,-0.016353,0.482182,0.415184,-0.016352,0.482180,0.000000,-0.006411
9.844000,0.270778,-0.412380,0.791509,-0.288546,0.146546,-0.423624,0.423624,3.000000,0.323628,0.000000,0.000000,0.000329,-0.000677,0.001071,0.415185,-0.016352,0.482183,0.415184,-0.016352,0.482180,0.000000,-0.009154
9.855000,0.206713,-0.391684,0.851236,-0.352612,0.167242,-0.363896,0.363896,3.000000,0.390263,0.000000,0.000000,-0.000478,0.000187,0.000904,0.415183,-0.016352,0.482183,0.415184,-0.016352,0.482180,0.000000,-0.007727
9.866000,0.207834,-0.374430,0.851106,-0.351491,0.184496,-0.364026,0.364026,3.000000,0.396970,0.000000,0.000000,-0.000064,-0.000230,0.000102,0.415184,-0.016352,0.482182,0.415184,-0.016352,0.482180,0.000000,-0.000906
9.877000,0.204346,-0.418963,0.845582,-0.354979,0.139963,-0.369550,0.369550,3.000000,0.381575,0.000000,0.000000,-0.000126,-0.000019,-0.000398,0.415184,-0.016354,0.482181,0.415184,-0.016352,0.482180,0.000000,0.003370
9.888000,0.234562,-0.368146,0.848807,-0.324763,0.190780,-0.366325,0.366325,3.000000,0.376653,0.000000,0.000000,-0.000088,-0.000119,0.000185,0.415184,-0.016351,0.482181,0.415184,-0.016352,0.482180,0.000000,-0.001577
9.899000,0.242787,-0.403953,0.832055,-0.316538,0.154973,-0.383077,0.383077,3.000000,0.352438,0.000000,0.000000,-0.000217,0.000757,-0.000691,0.415184,-0.016352,0.482181,0.415184,-0.016352,0.482180,0.000000,0.005846
9.910000,0.248746,-0.417535,0.820903,-0.310579,0.141391,-0.394229,0.394229,3.000000,0.341249,0.000000,0.000000,0.000475,0.000350,-0.000423,0.415184,-0.016352,0.482181,0.415184,-0.016352,0.482180,0.000000,0.003582
9.921000,0.211586,-0.366572,0.830944,-0.347739,0.192354,-0.384188,0.384188,3.000000,0.397395,0.000000,0.000000,0.000091,0.000692,-0.000235,0.415185,-0.016350,0.482182,0.415184,-0.016352,0.482180,0.000000,0.001966
9.932000,0.216590,-0.390752,0.818318,-0.342735,0.168174,-0.396814,0.396814,3.000000,0.381772,0.000000,0.000000,0.000206,-0.000232,0.000153,0.415184,-0.016353,0.482180,0.415184,-0.016352,0.482180,0.000000,-0.001304
9.943000,0.194615,-0.385099,0.822919,-0.364710,0.173827,-0.392213,0.392213,3.000000,0.404016,0.000000,0.000000,-0.000176,-0.000323,0.000307,0.415184,-0.016354,0.482181,0.415184,-0.016352,0.482180,0.000000,-0.002632
9.954000,0.252396,-0.325037,0.809181,-0.306929,0.233889,-0.405951,0.405951,3.000000,0.385888,0.000000,0.000000,-0.000076,-0.000458,-0.000339,0.415184,-0.016354,0.482181,0.415184,-0.016352,0.482180,0.000000,0.002866
9.965000,0.242550,-0.383149,0.796440,-0.316774,0.175777,-0.418692,0.418692,3.000000,0.362275,0.000000,0.000000,-0.000298,-0.001653,-0.000306,0.415183,-0.016357,0.482180,0.415184,-0.016352,0.482180,0.000000,0.002588
9.976000,0.258026,-0.356284,0.833256,-0.301298,0.202642,-0.381876,0.381876,3.000000,0.363104,0.000000,0.000000,0.000145,0.000336,0.000699,0.415184,-0.016351,0.482183,0.415184,-0.016352,0.482180,0.000000,-0.005984
9.987000,0.299199,-0.387281,0.809772,-0.260125,0.171645,-0.405361,0.405361,3.000000,0.311653,0.000000,0.000000,-0.000734,-0.000841,-0.000217,0.415184,-0.016355,0.482181,0.415184,-0.016352,0.482180,0.000000,0.001824
9.998000,0.310735,-0.387744,0.772080,-0.248589,0.171182,-0.443052,0.443052,3.000000,0.301827,0.000000,0.000000,-0.000274,0.000042,0.000263,0.415184,-0.016353,0.482181,0.415184,-0.016352,0.482180,0.000000,-0.002248
10.009000,0.280208,-0.359781,0.801709,-0.279117,0.199145,-0.413423,0.413423,3.000000,0.342877,0.000000,0.000000,-0.000099,-0.000995,0.000451,0.415184,-0.016352,0.482182,0.415184,-0.016352,0.482180,0.000000,-0.003857
10.020000,0.231040,-0.324716,0.829207,-0.328285,0.234210,-0.385925,0.385925,3.000000,0.403269,0.000000,0.000000,0.000182,0.000844,-0.000926,0.415185,-0.016350,0.482181,0.415184,-0.016352,0.482180,0.000000,0.007837
10.031000,0.170475,-0.396956,0.863471,-0.388850,0.161970,-0.351661,0.351661,3.000000,0.421234,0.000000,0.000000,0.000384,0.000182,-0.000032,0.415186,-0.016351,0.482181,0.415184,-0.016352,0.482180,0.000000,0.000247
10.042000,0.233503,-0.416040,0.838136,-0.325822,0.142886,-0.376996,0.376996,3.000000,0.355775,0.000000,0.000000,-0.000341,-0.000540,0.000236,0.415183,-0.016355,0.482181,0.415184,-0.016352,0.482180,0.000000,-0.002022
10.053000,0.250644,-0.375676,0.839474,-0.308681,0.183250,-0.375658,0.375658,3.000000,0.358977,0.000000,0.000000,-0.000252,-0.000031,-0.000082,0.415184,-0.016353,0.482181,0.415184,-0.016352,0.482180,0.000000,0.000691
10.064000,0.235378,-0.369120,0.834922,-0.323947,0.189806,-0.380210,0.380210,3.000000,0.375457,0.000000,0.000000,-0.000673,-0.000757,-0.000277,0.415184,-0.016355,0.482180,0.415184,-0.016352,0.482180,0.000000,0.002355
10.075000,0.242118,-0.404245,0.803868,-0.317206,0.154681,-0.411265,0.411265,3.000000,0.352911,0.000000,0.000000,0.000362,0.001203,0.000973,0.415185,-0.016349,0.482182,0.415184,-0.016352,0.482180,0.000000,-0.008296
10.086000,0.214983,-0.422700,0.841392,-0.344342,0.136226,-0.373740,0.373740,3.000000,0.370309,0.000000,0.000000,0.000331,0.000387,0.000455,0.415185,-0.016352,0.482181,0.415184,-0.016352,0.482180,0.000000,-0.003872
10.097000,0.165263,-0.362740,0.867075,-0.394062,0.196186,-0.348057,0.348057,3.000000,0.440198,0.000000,0.000000,-0.000242,-0.000471,-0.000922,0.415184,-0.016353,0.482179,0.415184,-0.016352,0.482180,0.000000,0.007836
10.108000,0.174818,-0.366314,0.856661,-0.384507,0.192612,-0.358471,0.358471,3.000000,0.430052,0.000000,0.000000,-0.000135,0.000262,-0.000283,0.415184,-0.016351,0.482181,0.415184,-0.016352,0.482180,0.000000,0.002381
10.119000,0.216115,-0.425418,0.825571,-0.343210,0.133508,-0.389561,0.389561,3.000000,0.368263,0.000000,0.000000,-0.000226,-0.000164,0.000450,0.415184,-0.016353,0.482181,0.415184,-0.016352,0.482180,0.000000,-0.003829
10.130000,0.294025,-0.344573,0.775179,-0.265300,0.214353,-0.439954,0.439954,3.000000,0.341073,0.000000,0.000000,0.000391,-0.000988,0.000183,0.415185,-0.016353,0.482181,0.415184,-0.016352,0.482180,0.000000,-0.001574
10.141000,0.220918,-0.416715,0.850903,-0.338407,0.142211,-0.364229,0.364229,3.000000,0.367074,0.000000,0.000000,-0.000449,0.000374,-0.000227,0.415183,-0.016351,0.482180,0.415184,-0.016352,0.482180,0.000000,0.001922
10.152000,0.227086,-0.430087,0.843135,-0.332238,0.128839,-0.371997,0.371997,3.000000,0.356345,0.000000,0.000000,-0.000097,-0.000203,-0.000205,0.415184,-0.016351,0.482181,0.415184,-0.016352,0.482180,0.000000,0.001728
10.163000,0.202696,-0.369367,0.858489,-0.356629,0.189559,-0.356643,0.356643,3.000000,0.403877,0.000000,0.000000,-0.000418,0.000813,-0.000887,0.415185,-0.016348,0.482182,0.415184,-0.016352,0.482180,0.000000,0.007499
10.174000,0.224407,-0.396122,0.844967,-0.334918,0.162804,-0.370165,0.370165,3.000000,0.372391,0.000000,0.000000,-0.000014,0.000025,0.000178,0.415184,-0.016352,0.482182,0.415184,-0.016352,0.482180,0.000000,-0.001553
10.185000,0.262286,-0.403087,0.796996,-0.297039,0.155839,-0.418136,0.418136,3.000000,0.335437,0.000000,0.000000,-0.000046,-0.000442,0.000166,0.415184,-0.016352,0.482181,0.415184,-0.016352,0.482180,0.000000,-0.001433
10.196000,0.194935,-0.362469,0.835273,-0.364390,0.196457,-0.379859,0.379859,3.000000,0.413975,0.000000,0.000000,0.000240,0.000118,-0.000288,0.415184,-0.016351,0.482180,0.415184,-0.016352,0.482180,0.000000,0.002451
10.207000,0.209633,-0.368592,0.833179,-0.349692,0.190334,-0.381953,0.381953,3.000000,0.398135,0.000000,0.000000,0.000161,0.000386,0.000500,0.415185,-0.016351,0.482182,0.415184,-0.016352,0.482180,0.000000,-0.004274
10.218000,0.268621,-0.378372,0.806853,-0.290704,0.180554,-0.408279,0.408279,3.000000,0.342211,0.000000,0.000000,0.000335,0.000403,-0.000289,0.415185,-0.016350,0.482179,0.415184,-0.016352,0.482180,0.000000,0.002463
10.229000,0.287347,-0.433560,0.797998,-0.271978,0.125366,-0.417135,0.417135,3.000000,0.299481,0.000000,0.000000,-0.000107,-0.000108,0.000681,0.415185,-0.016354,0.482183,0.415184,-0.016352,0.482180,0.000000,-0.005822
10.240000,0.276910,-0.390148,0.812942,-0.282414,0.168778,-0.402190,0.402190,3.000000,0.329005,0.000000,0.000000,0.000051,-0.000244,0.000128,0.415184,-0.016352,0.482182,0.415184,-0.016352,0.482180,0.000000,-0.001130
10.251000,0.219690,-0.373236,0.855710,-0.339634,0.185690,-0.359422,0.359422,3.000000,0.387082,0.000000,0.000000,0.000118,-0.000268,-0.001256,0.415184,-0.016352,0.482179,0.415184,-0.016352,0.482180,0.000000,0.010684
10.262000,0.225820,-0.393857,0.825153,-0.333504,0.165069,-0.389979,0.389979,3.000000,0.372119,0.000000,0.000000,0.000209,-0.000029,-0.000065,0.415184,-0.016353,0.482181,0.415184,-0.016352,0.482180,0.000000,0.000529
10.273000,0.264191,-0.433496,0.809478,-0.295134,0.125430,-0.405654,0.405654,3.000000,0.320681,0.000000,0.000000,0.000337,0.000575,0.000045,0.415185,-0.016351,0.482182,0.415184,-0.016352,0.482180,0.000000,-0.000416
10.284000,0.233256,-0.409457,0.832996,-0.326068,0.149470,-0.382136,0.382136,3.000000,0.358694,0.000000,0.000000,0.000397,0.000103,0.000113,0.415186,-0.016352,0.482182,0.415184,-0.016352,0.482180,0.000000,-0.000991
10.295000,0.219712,-0.400417,0.845102,-0.339612,0.158509,-0.370030,0.370030,3.000000,0.374782,0.000000,0.000000,-0.000247,0.001204,-0.000658,0.415184,-0.016349,0.482179,0.415184,-0.016352,0.482180,0.000000,0.005606
10.306000,0.203069,-0.377957,0.883442,-0.356255,0.180969,-0.331690,0.331690,3.000000,0.399584,0.000000,0.000000,0.000040,-0.000966,0.000178,0.415184,-0.016354,0.482182,0.415184,-0.016352,0.482180,0.000000,-0.001543
10.317000,0.266622,-0.313490,0.841830,-0.292702,0.245436,-0.373302,0.373302,3.000000,0.381986,0.000000,0.000000,-0.000193,-0.000057,-0.000034,0.415185,-0.016350,0.482181,0.415184,-0.016352,0.482180,0.000000,0.000268
10.328000,0.262898,-0.350424,0.837664,-0.296427,0.208502,-0.377469,0.377469,3.000000,0.362411,0.000000,0.000000,-0.000170,-0.000627,-0.000166,0.415183,-0.016354,0.482181,0.415184,-0.016352,0.482180,0.000000,0.001395
10.339000,0.195223,-0.404391,0.860708,-0.364101,0.154535,-0.354424,0.354424,3.000000,0.395538,0.000000,0.000000,-0.000087,-0.000096,0.000444,0.415184,-0.016352,0.482183,0.415184,-0.016352,0.482180,0.000000,-0.003824
10.350000,0.306019,-0.378604,0.816575,-0.253305,0.180322,-0.398557,0.398557,3.000000,0.310933,0.000000,0.000000,-0.000016,-0.000677,0.000137,0.415185,-0.016352,0.482183,0.415184,-0.016352,0.482180,0.000000,-0.001213
10.361000,0.301978,-0.407809,0.818694,-0.257347,0.151117,-0.396438,0.396438,3.000000,0.298436,0.000000,0.000000,0.000238,0.000505,-0.000180,0.415185,-0.016352,0.482180,0.415184,-0.016352,0.482180,0.000000,0.001523
10.372000,0.241978,-0.375238,0.834983,-0.317347,0.183688,-0.380149,0.380149,3.000000,0.366674,0.000000,0.000000,-0.000316,-0.000574,0.000402,0.415184,-0.016353,0.482182,0.415184,-0.016352,0.482180,0.000000,-0.003454
10.383000,0.272103,-0.396730,0.796058,-0.287221,0.162196,-0.419074,0.419074,3.000000,0.329854,0.000000,0.000000,0.000190,-0.000393,0.000437,0.415185,-0.016352,0.482182,0.415184,-0.016352,0.482180,0.000000,-0.003742
10.394000,0.187985,-0.397190,0.867921,-0.371340,0.161736,-0.347211,0.347211,3.000000,0.405033,0.000000,0.000000,-0.000227,-0.000892,0.000565,0.415185,-0.016354,0.482181,0.415184,-0.016352,0.482180,0.000000,-0.004811
10.405000,0.243799,-0.388256,0.832757,-0.315526,0.170671,-0.382375,0.382375,3.000000,0.358727,0.000000,0.000000,-0.000407,0.000052,-0.000192,0.415183,-0.016351,0.482181,0.415184,-0.016352,0.482180,0.000000,0.001620
10.416000,0.260496,-0.385524,0.845981,-0.298829,0.173402,-0.369151,0.369151,3.000000,0.345496,0.000000,0.000000,0.000356,-0.000024,0.000212,0.415185,-0.016352,0.482183,0.415184,-0.016352,0.482180,0.000000,-0.001851
10.427000,0.241356,-0.390124,0.854444,-0.317969,0.168802,-0.360688,0.360688,3.000000,0.359997,0.000000,0.000000,-0.000377,0.000266,-0.000141,0.415183,-0.016351,0.482180,0.415184,-0.016352,0.482180,0.000000,0.001201
10.438000,0.202444,-0.411325,0.874878,-0.356881,0.147601,-0.340254,0.340254,3.000000,0.386199,0.000000,0.000000,-0.000010,0.000428,0.000243,0.415184,-0.016349,0.482182,0.415184,-0.016352,0.482180,0.000000,-0.002093
10.449000,0.278078,-0.381207,0.798369,-0.281247,0.177719,-0.416763,0.416763,3.000000,0.332692,0.000000,0.000000,0.000317,0.000549,0.000582,0.415185,-0.016350,0.482182,0.415184,-0.016352,0.482180,0.000000,-0.004968
10.460000,0.258540,-0.354562,0.833492,-0.300785,0.204364,-0.381640,0.381640,3.000000,0.363643,0.000000,0.000000,0.000298,-0.000022,0.000080,0.415185,-0.016352,0.482181,0.415184,-0.016352,0.482180,0.000000,-0.000703
10.471000,0.190033,-0.378586,0.840127,-0.369292,0.180340,-0.375005,0.375005,3.000000,0.410973,0.000000,0.000000,0.000510,-0.000920,0.000091,0.415185,-0.016352,0.482182,0.415184,-0.016352,0.482180,0.000000,-0.000802
10.482000,0.208237,-0.415953,0.867113,-0.351088,0.142973,-0.348019,0.348019,3.000000,0.379083,0.000000,0.000000,0.000402,0.000825,0.000042,0.415186,-0.016349,0.482183,0.415184,-0.016352,0.482180,0.000000,-0.000401
10.493000,0.228685,-0.359290,0.849793,-0.330639,0.199636,-0.365339,0.365339,3.000000,0.386234,0.000000,0.000000,0.000075,-0.000650,-0.000597,0.415184,-0.016352,0.482178,0.415184,-0.016352,0.482180,0.000000,0.005097
10.504000,0.269824,-0.409231,0.809003,-0.289501,0.149695,-0.406129,0.406129,3.000000,0.325913,0.000000,0.000000,0.000000,0.000091,-0.000762,0.415184,-0.016352,0.482179,0.415184,-0.016352,0.482180,0.000000,0.006487
10.515000,0.239367,-0.415526,0.828532,-0.319958,0.143400,-0.386600,0.386600,3.000000,0.350623,0.000000,0.000000,-0.000414,-0.000043,-0.000541,0.415184,-0.016352,0.482180,0.415184,-0.016352,0.482180,0.000000,0.004597
10.526000,0.227625,-0.340488,0.858225,-0.331699,0.218438,-0.356907,0.356907,3.000000,0.397165,0.000000,0.000000,0.000011,-0.000128,0.000697,0.415185,-0.016351,0.482183,0.415184,-0.016352,0.482180,0.000000,-0.005967
10.537000,0.183439,-0.374639,0.877461,-0.375886,0.184287,-0.337671,0.337671,3.000000,0.418631,0.000000,0.000000,0.000036,0.000921,0.000558,0.415184,-0.016351,0.482183,0.415184,-0.016352,0.482180,0.000000,-0.004799
10.548000,0.224616,-0.409040,0.840543,-0.334708,0.149886,-0.374589,0.374589,3.000000,0.366737,0.000000,0.000000,0.000312,-0.000709,0.001426,0.415185,-0.016354,0.482184,0.415184,-0.016352,0.482180,0.000000,-0.012168
10.559000,0.321415,-0.395650,0.795866,-0.237910,0.163276,-0.419266,0.419266,3.000000,0.288548,0.000000,0.000000,-0.000375,-0.000627,-0.000742,0.415184,-0.016351,0.482178,0.415184,-0.016352,0.482180,0.000000,0.006334
10.570000,0.289909,-0.433263,0.818100,-0.269416,0.125663,-0.397032,0.397032,3.000000,0.297281,0.000000,0.000000,-0.000200,0.000320,0.000664,0.415184,-0.016352,0.482182,0.415184,-0.016352,0.482180,0.000000,-0.005666
10.581000,0.291517,-0.408459,0.802094,-0.267808,0.150467,-0.413038,0.413038,3.000000,0.307183,0.000000,0.000000,-0.000735,0.000043,-0.000387,0.415183,-0.016352,0.482181,0.415184,-0.016352,0.482180,0.000000,0.003260
10.592000,0.225054,-0.428900,0.833729,-0.334271,0.130026,-0.381403,0.381403,3.000000,0.358670,0.000000,0.000000,0.000201,0.000922,0.000445,0.415184,-0.016351,0.482182,0.415184,-0.016352,0.482180,0.000000,-0.003807
10.603000,0.133331,-0.437033,0.890943,-0.425994,0.121893,-0.324189,0.324189,3.000000,0.443090,0.000000,0.000000,-0.000041,0.001231,-0.000391,0.415184,-0.016350,0.482182,0.415184,-0.016352,0.482180,0.000000,0.003289
10.614000,0.157862,-0.399200,0.867272,-0.401463,0.159726,-0.347860,0.347860,3.000000,0.432071,0.000000,0.000000,0.000056,-0.000350,-0.000114,0.415184,-0.016354,0.482182,0.415184,-0.016352,0.482180,0.000000,0.000940
10.625000,0.238703,-0.403773,0.868501,-0.320622,0.155153,-0.346631,0.346631,3.000000,0.356189,0.000000,0.000000,-0.000218,0.000408,0.000380,0.415184,-0.016351,0.482182,0.415184,-0.016352,0.482180,0.000000,-0.003258
10.636000,0.244309,-0.346226,0.848248,-0.315016,0.212700,-0.366884,0.366884,3.000000,0.380100,0.000000,0.000000,-0.000006,-0.000421,-0.000535,0.415183,-0.016353,0.482180,0.415184,-0.016352,0.482180,0.000000,0.004534
10.647000,0.248295,-0.365137,0.804544,-0.311030,0.193789,-0.410588,0.410588,3.000000,0.366461,0.000000,0.000000,0.000323,0.000459,0.001024,0.415184,-0.016351,0.482184,0.415184,-0.016352,0.482180,0.000000,-0.008763
10.658000,0.207720,-0.422611,0.857370,-0.351604,0.136315,-0.357762,0.357762,3.000000,0.377104,0.000000,0.000000,0.000154,0.000217,-0.000547,0.415185,-0.016352,0.482181,0.415184,-0.016352,0.482180,0.000000,0.004631
10.669000,0.255443,-0.424950,0.806276,-0.303882,0.133976,-0.408856,0.408856,3.000000,0.332105,0.000000,0.000000,0.000170,-0.000609,0.000138,0.415184,-0.016353,0.482182,0.415184,-0.016352,0.482180,0.000000,-0.001214
10.680000,0.279952,-0.376426,0.819585,-0.279372,0.182500,-0.395548,0.395548,3.000000,0.333699,0.000000,0.000000,0.000158,-0.000902,-0.001498,0.415185,-0.016353,0.482179,0.415184,-0.016352,0.482180,0.000000,0.012726
10.691000,0.254261,-0.395722,0.832216,-0.305064,0.163204,-0.382916,0.382916,3.000000,0.345976,0.000000,0.000000,-0.000207,-0.000624,0.000208,0.415184,-0.016354,0.482182,0.415184,-0.016352,0.482180,0.000000,-0.001810
10.702000,0.286858,-0.373216,0.841092,-0.272466,0.185710,-0.374040,0.374040,3.000000,0.329737,0.000000,0.000000,-0.000241,-0.000988,0.000644,0.415185,-0.016352,0.482184,0.415184,-0.016352,0.482180,0.000000,-0.005535
10.713000,0.316949,-0.383208,0.821424,-0.242376,0.175718,-0.393708,0.393708,3.000000,0.299371,0.000000,0.000000,-0.000227,-0.000836,-0.001325,0.415184,-0.016354,0.482178,0.415184,-0.016352,0.482180,0.000000,0.011285
10.724000,0.238926,-0.391125,0.854551,-0.320398,0.167801,-0.360581,0.360581,3.000000,0.361680,0.000000,0.000000,0.000096,0.000089,0.000391,0.415184,-0.016353,0.482181,0.415184,-0.016352,0.482180,0.000000,-0.003330
10.735000,0.228270,-0.392134,0.856089,-0.331055,0.166792,-0.359043,0.359043,3.000000,0.370698,0.000000,0.000000,-0.000516,-0.000914,0.000525,0.415183,-0.016354,0.482182,0.415184,-0.016352,0.482180,0.000000,-0.004498
10.746000,0.243008,-0.391841,0.859212,-0.316317,0.167085,-0.355920,0.355920,3.000000,0.357734,0.000000,0.000000,-0.000309,0.000399,-0.000243,0.415184,-0.016350,0.482180,0.415184,-0.016352,0.482180,0.000000,0.002057
10.757000,0.308669,-0.403842,0.838399,-0.250656,0.155084,-0.376733,0.376733,3.000000,0.294753,0.000000,0.000000,-0.000234,-0.000772,-0.000901,0.415185,-0.016353,0.482180,0.415184,-0.016352,0.482180,0.000000,0.007651
10.768000,0.262815,-0.422078,0.823555,-0.296509,0.136848,-0.391577,0.391577,3.000000,0.326566,0.000000,0.000000,-0.000280,-0.000493,0.000977,0.415183,-0.016352,0.482182,0.415184,-0.016352,0.482180,0.000000,-0.008326
10.779000,0.226161,-0.382520,0.824872,-0.333164,0.176406,-0.390260,0.390260,3.000000,0.376985,0.000000,0.000000,-0.000071,0.000327,-0.000693,0.415184,-0.016351,0.482181,0.415184,-0.016352,0.482180,0.000000,0.005869
10.790000,0.233112,-0.405680,0.863519,-0.326212,0.153246,-0.351613,0.351613,3.000000,0.360415,0.000000,0.000000,-0.000378,-0.000343,0.000275,0.415184,-0.016353,0.482183,0.415184,-0.016352,0.482180,0.000000,-0.002398
10.801000,0.239028,-0.411483,0.836147,-0.320297,0.147443,-0.378985,0.378985,3.000000,0.352604,0.000000,0.000000,-0.000045,-0.000359,0.000373,0.415184,-0.016354,0.482183,0.415184,-0.016352,0.482180,0.000000,-0.003207
10.812000,0.209130,-0.396761,0.815055,-0.350195,0.162165,-0.400077,0.400077,3.000000,0.385920,0.000000,0.000000,-0.000235,0.000681,0.000838,0.415184,-0.016350,0.482183,0.415184,-0.016352,0.482180,0.000000,-0.007160
10.823000,0.189881,-0.422079,0.835675,-0.369443,0.136847,-0.379457,0.379457,3.000000,0.393974,0.000000,0.000000,0.000232,-0.000360,0.000152,0.415184,-0.016353,0.482182,0.415184,-0.016352,0.482180,0.000000,-0.001324
10.834000,0.166551,-0.414661,0.832100,-0.392774,0.144265,-0.383032,0.383032,3.000000,0.418430,0.000000,0.000000,0.000312,0.000168,-0.000466,0.415184,-0.016351,0.482181,0.415184,-0.016352,0.482180,0.000000,0.003947
10.845000,0.220043,-0.396692,0.827742,-0.339282,0.162234,-0.387390,0.387390,3.000000,0.376075,0.000000,0.000000,0.000060,-0.000349,0.000798,0.415185,-0.016353,0.482184,0.415184,-0.016352,0.482180,0.000000,-0.006836
10.856000,0.215091,-0.386678,0.848005,-0.344234,0.172248,-0.367127,0.367127,3.000000,0.384923,0.000000,0.000000,0.000163,-0.000306,-0.000634,0.415184,-0.016351,0.482181,0.415184,-0.016352,0.482180,0.000000,0.005368
10.867000,0.231462,-0.377073,0.837154,-0.327862,0.181853,-0.377978,0.377978,3.000000,0.374919,0.000000,0.000000,-0.000172,0.000388,-0.000731,0.415184,-0.016351,0.482179,0.415184,-0.016352,0.482180,0.000000,0.006212
10.878000,0.262874,-0.370973,0.804731,-0.296451,0.187953,-0.410401,0.410401,3.000000,0.351012,0.000000,0.000000,0.000064,0.000140,-0.000104,0.415184,-0.016351,0.482182,0.415184,-0.016352,0.482180,0.000000,0.000860
10.889000,0.234033,-0.405001,0.856552,-0.325292,0.153925,-0.358580,0.358580,3.000000,0.359871,0.000000,0.000000,-0.000423,0.000505,-0.000609,0.415183,-0.016350,0.482180,0.415184,-0.016352,0.482180,0.000000,0.005161
10.900000,0.281848,-0.397266,0.818721,-0.277477,0.161660,-0.396411,0.396411,3.000000,0.321135,0.000000,0.000000,0.000246,-0.000380,0.000146,0.415184,-0.016353,0.482180,0.415184,-0.016352,0.482180,0.000000,-0.001234
10.911000,0.277484,-0.415544,0.794957,-0.281840,0.143382,-0.420175,0.420175,3.000000,0.316216,0.000000,0.000000,-0.000355,0.000235,0.000192,0.415184,-0.016352,0.482181,0.415184,-0.016352,0.482180,0.000000,-0.001641
10.922000,0.244374,-0.392142,0.839705,-0.314951,0.166784,-0.375427,0.375427,3.000000,0.356386,0.000000,0.000000,0.000027,-0.000027,-0.000647,0.415184,-0.016353,0.482180,0.415184,-0.016352,0.482180,0.000000,0.005480
10.933000,0.206803,-0.395555,0.859090,-0.352522,0.163371,-0.356042,0.356042,3.000000,0.388538,0.000000,0.000000,0.000221,-0.000319,0.000761,0.415184,-0.016353,0.482182,0.415184,-0.016352,0.482180,0.000000,-0.006498
10.944000,0.196078,-0.392279,0.860074,-0.363246,0.166647,-0.355058,0.355058,3.000000,0.399649,0.000000,0.000000,-0.000202,-0.000148,-0.000317,0.415185,-0.016353,0.482181,0.415184,-0.016352,0.482180,0.000000,0.002660
10.955000,0.225251,-0.386948,0.861372,-0.334073,0.171978,-0.353760,0.353760,3.000000,0.375741,0.000000,0.000000,-0.000157,0.000002,-0.000515,0.415183,-0.016352,0.482179,0.415184,-0.016352,0.482180,0.000000,0.004394
10.966000,0.312431,-0.371536,0.837598,-0.246894,0.187390,-0.377534,0.377534,3.000000,0.309954,0.000000,0.000000,-0.000496,-0.000320,-0.001305,0.415183,-0.016352,0.482177,0.415184,-0.016352,0.482180,0.000000,0.011123
10.977000,0.282028,-0.377503,0.827271,-0.277296,0.181423,-0.387862,0.387862,3.000000,0.331372,0.000000,0.000000,-0.000312,-0.000559,0.000189,0.415184,-0.016355,0.482181,0.415184,-0.016352,0.482180,0.000000,-0.001626
10.988000,0.287000,-0.399416,0.846747,-0.272325,0.159510,-0.368385,0.368385,3.000000,0.315601,0.000000,0.000000,-0.000071,0.000363,0.000139,0.415184,-0.016352,0.482183,0.415184,-0.016352,0.482180,0.000000,-0.001237
10.999000,0.226334,-0.373663,0.884756,-0.332991,0.185263,-0.330376,0.330376,3.000000,0.381058,0.000000,0.000000,0.000161,0.000598,-0.001003,0.415184,-0.016352,0.482179,0.415184,-0.016352,0.482180,0.000000,0.008529
11.010000,0.195839,-0.387332,0.862951,-0.363486,0.171594,-0.352181,0.352181,3.000000,0.401954,0.000000,0.000000,0.000014,0.000396,-0.000167,0.415184,-0.016352,0.482181,0.415184,-0.016352,0.482180,0.000000,0.001401
11.021000,0.242139,-0.417361,0.847984,-0.317185,0.141565,-0.367149,0.367149,3.000000,0.347343,0.000000,0.000000,-0.000249,-0.000047,-0.000871,0.415183,-0.016353,0.482179,0.415184,-0.016352,0.482180,0.000000,0.007402
11.032000,0.236952,-0.405853,0.854708,-0.322373,0.153073,-0.360424,0.360424,3.000000,0.356869,0.000000,0.000000,0.000108,0.000828,-0.000349,0.415184,-0.016351,0.482182,0.415184,-0.016352,0.482180,0.000000,0.002922
11.043000,0.252394,-0.405146,0.832905,-0.306931,0.153780,-0.382227,0.382227,3.000000,0.343300,0.000000,0.000000,-0.000293,-0.000268,0.000382,0.415185,-0.016352,0.482182,0.415184,-0.016352,0.482180,0.000000,-0.003275
11.054000,0.326591,-0.378903,0.774479,-0.232734,0.180023,-0.440654,0.440654,3.000000,0.294234,0.000000,0.000000,0.000145,0.000266,0.000257,0.415186,-0.016352,0.482181,0.415184,-0.016352,0.482180,0.000000,-0.002205
11.065000,0.208341,-0.366857,0.835545,-0.350984,0.192069,-0.379587,0.379587,3.000000,0.400100,0.000000,0.000000,0.000177,-0.000802,-0.000029,0.415184,-0.016353,0.482180,0.415184,-0.016352,0.482180,0.000000,0.000249
11.076000,0.191251,-0.418048,0.826451,-0.368073,0.140878,-0.388681,0.388681,3.000000,0.394112,0.000000,0.000000,0.000222,0.001287,0.000135,0.415185,-0.016350,0.482182,0.415184,-0.016352,0.482180,0.000000,-0.001174
11.087000,0.180902,-0.411217,0.833582,-0.378423,0.147709,-0.381550,0.381550,3.000000,0.406229,0.000000,0.000000,-0.000095,0.001083,-0.001131,0.415184,-0.016350,0.482179,0.415184,-0.016352,0.482180,0.000000,0.009621
11.098000,0.242242,-0.395431,0.809154,-0.317083,0.163495,-0.405978,0.405978,3.000000,0.356752,0.000000,0.000000,-0.000259,0.000365,0.000155,0.415184,-0.016351,0.482181,0.415184,-0.016352,0.482180,0.000000,-0.001330
11.109000,0.320211,-0.373542,0.792995,-0.239114,0.185384,-0.422137,0.422137,3.000000,0.302561,0.000000,0.000000,-0.000137,0.000125,-0.001242,0.415184,-0.016351,0.482178,0.415184,-0.016352,0.482180,0.000000,0.010578
11.120000,0.263537,-0.354540,0.807840,-0.295788,0.204386,-0.407292,0.407292,3.000000,0.359533,0.000000,0.000000,0.000007,-0.000309,0.000088,0.415185,-0.016354,0.482181,0.415184,-0.016352,0.482180,0.000000,-0.000760
11.131000,0.272172,-0.394952,0.803895,-0.287153,0.163974,-0.411237,0.411237,3.000000,0.330673,0.000000,0.000000,0.000027,0.000270,0.000286,0.415184,-0.016352,0.482182,0.415184,-0.016352,0.482180,0.000000,-0.002456
11.142000,0.187653,-0.398320,0.873858,-0.371672,0.160606,-0.341274,0.341274,3.000000,0.404888,0.000000,0.000000,-0.000050,0.000454,-0.000396,0.415184,-0.016351,0.482181,0.415184,-0.016352,0.482180,0.000000,0.003351
11.153000,0.160825,-0.342713,0.881321,-0.398500,0.216213,-0.333811,0.333811,3.000000,0.453376,0.000000,0.000000,0.000090,-0.000391,-0.000657,0.415185,-0.016352,0.482181,0.415184,-0.016352,0.482180,0.000000,0.005556
11.164000,0.203424,-0.350688,0.852130,-0.355901,0.208238,-0.363002,0.363002,3.000000,0.412345,0.000000,0.000000,-0.000028,-0.000367,-0.000052,0.415184,-0.016352,0.482180,0.415184,-0.016352,0.482180,0.000000,0.000446
11.175000,0.291469,-0.372088,0.821624,-0.267856,0.186838,-0.393508,0.393508,3.000000,0.326581,0.000000,0.000000,-0.000407,-0.000932,0.000817,0.415184,-0.016353,0.482182,0.415184,-0.016352,0.482180,0.000000,-0.006961
11.186000,0.284694,-0.369443,0.826888,-0.274631,0.189483,-0.388244,0.388244,3.000000,0.333656,0.000000,0.000000,0.000091,0.000408,0.000266,0.415185,-0.016351,0.482182,0.415184,-0.016352,0.482180,0.000000,-0.002287
11.197000,0.252205,-0.390769,0.804629,-0.307119,0.168157,-0.410503,0.410503,3.000000,0.350141,0.000000,0.000000,0.000025,-0.000569,0.000664,0.415184,-0.016354,0.482182,0.415184,-0.016352,0.482180,0.000000,-0.005675
11.208000,0.251684,-0.395165,0.835792,-0.307641,0.163761,-0.379340,0.379340,3.000000,0.348512,0.000000,0.000000,-0.000455,0.000119,-0.000340,0.415184,-0.016352,0.482178,0.415184,-0.016352,0.482180,0.000000,0.002909
11.219000,0.290437,-0.389378,0.835421,-0.268887,0.169548,-0.379711,0.379711,3.000000,0.317879,0.000000,0.000000,-0.000310,0.000520,0.000053,0.415185,-0.016350,0.482182,0.415184,-0.016352,0.482180,0.000000,-0.000476
11.230000,0.217950,-0.419733,0.868258,-0.341375,0.139193,-0.346874,0.346874,3.000000,0.368662,0.000000,0.000000,0.000022,0.000106,0.000177,0.415184,-0.016352,0.482182,0.415184,-0.016352,0.482180,0.000000,-0.001537
11.241000,0.193032,-0.408611,0.874148,-0.366293,0.150315,-0.340984,0.340984,3.000000,0.395936,0.000000,0.000000,0.000197,0.000758,0.000356,0.415185,-0.016351,0.482180,0.415184,-0.016352,0.482180,0.000000,-0.003018
11.252000,0.223182,-0.405011,0.810279,-0.336143,0.153915,-0.404853,0.404853,3.000000,0.369705,0.000000,0.000000,-0.000127,-0.000537,0.000041,0.415185,-0.016353,0.482181,0.415184,-0.016352,0.482180,0.000000,-0.000377
11.263000,0.246925,-0.376861,0.854034,-0.312400,0.182065,-0.361098,0.361098,3.000000,0.361582,0.000000,0.000000,-0.000128,0.000539,0.000129,0.415184,-0.016350,0.482181,0.415184,-0.016352,0.482180,0.000000,-0.001114
11.274000,0.181946,-0.438772,0.894983,-0.377378,0.120154,-0.320149,0.320149,3.000000,0.396045,0.000000,0.000000,0.000340,-0.000645,0.000680,0.415185,-0.016354,0.482184,0.415184,-0.016352,0.482180,0.000000,-0.005837
11.285000,0.242016,-0.400405,0.856435,-0.317308,0.158521,-0.358698,0.358698,3.000000,0.354702,0.000000,0.000000,-0.000031,0.000030,0.000019,0.415185,-0.016353,0.482183,0.415184,-0.016352,0.482180,0.000000,-0.000213
11.296000,0.256684,-0.346327,0.845292,-0.302641,0.212599,-0.369840,0.369840,3.000000,0.369851,0.000000,0.000000,-0.000135,-0.000078,-0.000372,0.415184,-0.016352,0.482181,0.415184,-0.016352,0.482180,0.000000,0.003135
11.307000,0.244398,-0.405541,0.852602,-0.314926,0.153385,-0.362530,0.362530,3.000000,0.350293,0.000000,0.000000,0.000011,0.000059,-0.000193,0.415185,-0.016353,0.482179,0.415184,-0.016352,0.482180,0.000000,0.001655
11.318000,0.287019,-0.423944,0.834063,-0.272306,0.134982,-0.381069,0.381069,3.000000,0.303925,0.000000,0.000000,0.000115,-0.000689,0.000297,0.415184,-0.016354,0.482183,0.415184,-0.016352,0.482180,0.000000,-0.002569
11.329000,0.250718,-0.379117,0.825905,-0.308607,0.179809,-0.389227,0.389227,3.000000,0.357169,0.000000,0.000000,-0.000640,-0.000230,0.000199,0.415183,-0.016353,0.482181,0.415184,-0.016352,0.482180,0.000000,-0.001711
11.340000,0.236415,-0.352219,0.821815,-0.322910,0.206707,-0.393317,0.393317,3.000000,0.383404,0.000000,0.000000,0.000228,0.000351,-0.000419,0.415185,-0.016351,0.482181,0.415184,-0.016352,0.482180,0.000000,0.003535
11.351000,0.241939,-0.381827,0.816051,-0.317386,0.177100,-0.399082,0.399082,3.000000,0.363453,0.000000,0.000000,0.000128,0.000063,-0.000071,0.415184,-0.016353,0.482182,0.415184,-0.016352,0.482180,0.000000,0.000572
11.362000,0.198434,-0.435718,0.856364,-0.360890,0.123208,-0.358768,0.358768,3.000000,0.381343,0.000000,0.000000,-0.000166,0.000565,0.000549,0.415185,-0.016352,0.482183,0.415184,-0.016352,0.482180,0.000000,-0.004718
11.373000,0.224696,-0.410219,0.829020,-0.334628,0.148707,-0.386112,0.386112,3.000000,0.366183,0.000000,0.000000,0.000128,0.000299,0.000428,0.415185,-0.016352,0.482183,0.415184,-0.016352,0.482180,0.000000,-0.003674
11.384000,0.260308,-0.394792,0.811304,-0.299017,0.164134,-0.403828,0.403828,3.000000,0.341103,0.000000,0.000000,-0.000012,0.001109,-0.001074,0.415184,-0.016349,0.482180,0.415184,-0.016352,0.482180,0.000000,0.009118
11.395000,0.222222,-0.431851,0.862071,-0.337102,0.127075,-0.353062,0.353062,3.000000,0.360258,0.000000,0.000000,-0.000315,0.000035,-0.000387,0.415184,-0.016351,0.482181,0.415184,-0.016352,0.482180,0.000000,0.003273
11.406000,0.212145,-0.399952,0.849307,-0.347179,0.158974,-0.365826,0.365826,3.000000,0.381846,0.000000,0.000000,-0.000178,0.000062,0.000193,0.415184,-0.016352,0.482182,0.415184,-0.016352,0.482180,0.000000,-0.001677
11.417000,0.253680,-0.355577,0.824079,-0.305645,0.203349,-0.391053,0.391053,3.000000,0.367110,0.000000,0.000000,-0.000173,0.000305,-0.000164,0.415184,-0.016350,0.482182,0.415184,-0.016352,0.482180,0.000000,0.001354
11.428000,0.251162,-0.345585,0.824486,-0.308163,0.213341,-0.390646,0.390646,3.000000,0.374805,0.000000,0.000000,0.000092,0.000919,0.000770,0.415185,-0.016350,0.482183,0.415184,-0.016352,0.482180,0.000000,-0.006588
11.439000,0.234446,-0.403186,0.848599,-0.324878,0.155740,-0.366533,0.366533,3.000000,0.360279,0.000000,0.000000,-0.000065,-0.000164,-0.000759,0.415184,-0.016353,0.482179,0.415184,-0.016352,0.482180,0.000000,0.006453
11.450000,0.171366,-0.365969,0.855531,-0.387958,0.192957,-0.359601,0.359601,3.000000,0.433295,0.000000,0.000000,-0.000045,0.001193,-0.001396,0.415184,-0.016350,0.482178,0.415184,-0.016352,0.482180,0.000000,0.011881
11.461000,0.232969,-0.359840,0.830701,-0.326356,0.199086,-0.384431,0.384431,3.000000,0.382287,0.000000,0.000000,-0.000289,-0.000545,0.001003,0.415184,-0.016352,0.482185,0.415184,-0.016352,0.482180,0.000000,-0.008593
11.472000,0.191126,-0.383245,0.842881,-0.368199,0.175681,-0.372251,0.372251,3.000000,0.407964,0.000000,0.000000,0.000070,0.000226,-0.000169,0.415185,-0.016351,0.482181,0.415184,-0.016352,0.482180,0.000000,0.001412
11.483000,0.237378,-0.389675,0.825469,-0.321946,0.169251,-0.389663,0.389663,3.000000,0.363724,0.000000,0.000000,-0.000144,-0.000782,-0.000032,0.415184,-0.016354,0.482181,0.415184,-0.016352,0.482180,0.000000,0.000252
11.494000,0.182363,-0.349183,0.842808,-0.376962,0.209743,-0.372324,0.372324,3.000000,0.431384,0.000000,0.000000,0.000098,0.000536,-0.000544,0.415185,-0.016351,0.482180,0.415184,-0.016352,0.482180,0.000000,0.004618
11.505000,0.210181,-0.393491,0.830807,-0.349144,0.165435,-0.384325,0.384325,3.000000,0.386355,0.000000,0.000000,0.000017,0.000274,0.000524,0.415185,-0.016351,0.482181,0.415184,-0.016352,0.482180,0.000000,-0.004469
11.516000,0.236334,-0.395453,0.821890,-0.322990,0.163473,-0.393242,0.393242,3.000000,0.362003,0.000000,0.000000,0.000311,-0.000283,0.000416,0.415185,-0.016354,0.482182,0.415184,-0.016352,0.482180,0.000000,-0.003556
11.527000,0.267955,-0.364474,0.807254,-0.291370,0.194452,-0.407879,0.407879,3.000000,0.350297,0.000000,0.000000,-0.000151,0.000183,-0.000378,0.415185,-0.016349,0.482181,0.415184,-0.016352,0.482180,0.000000,0.003196
11.538000,0.249680,-0.397109,0.814600,-0.309645,0.161817,-0.400532,0.400532,3.000000,0.349377,0.000000,0.000000,-0.000224,-0.000371,-0.000474,0.415183,-0.016353,0.482179,0.415184,-0.016352,0.482180,0.000000,0.004039
11.549000,0.167682,-0.378335,0.876147,-0.391643,0.180591,-0.338985,0.338985,3.000000,0.431274,0.000000,0.000000,0.000518,0.000375,-0.000763,0.415185,-0.016351,0.482178,0.415184,-0.016352,0.482180,0.000000,0.006498
11.560000,0.175123,-0.424989,0.860845,-0.384202,0.133937,-0.354287,0.354287,3.000000,0.406879,0.000000,0.000000,-0.000248,0.000463,0.000165,0.415184,-0.016351,0.482182,0.415184,-0.016352,0.482180,0.000000,-0.001444
11.571000,0.270054,-0.409585,0.804321,-0.289271,0.149341,-0.410811,0.410811,3.000000,0.325546,0.000000,0.000000,0.000290,0.000716,0.000290,0.415185,-0.016351,0.482182,0.415184,-0.016352,0.482180,0.000000,-0.002507
11.582000,0.267918,-0.350658,0.835618,-0.291407,0.208268,-0.379515,0.379515,3.000000,0.358181,0.000000,0.000000,0.000169,0.000160,-0.000381,0.415184,-0.016352,0.482182,0.415184,-0.016352,0.482180,0.000000,0.003198
11.593000,0.236920,-0.375764,0.823479,-0.322404,0.183162,-0.391653,0.391653,3.000000,0.370800,0.000000,0.000000,0.000225,-0.000059,0.000630,0.415185,-0.016351,0.482183,0.415184,-0.016352,0.482180,0.000000,-0.005390
11.604000,0.318562,-0.380535,0.780825,-0.240763,0.178391,-0.434308,0.434308,3.000000,0.299650,0.000000,0.000000,0.000278,0.000479,-0.000962,0.415184,-0.016351,0.482179,0.415184,-0.016352,0.482180,0.000000,0.008181
11.615000,0.172064,-0.388307,0.882510,-0.387260,0.170619,-0.332622,0.332622,3.000000,0.423180,0.000000,0.000000,0.000290,-0.000245,-0.000713,0.415185,-0.016352,0.482182,0.415184,-0.016352,0.482180,0.000000,0.006022
11.626000,0.190001,-0.371402,0.848698,-0.369324,0.187524,-0.366434,0.366434,3.000000,0.414204,0.000000,0.000000,0.000020,0.000526,-0.000936,0.415184,-0.016353,0.482181,0.415184,-0.016352,0.482180,0.000000,0.007917
11.637000,0.215027,-0.387808,0.852807,-0.344298,0.171118,-0.362325,0.362325,3.000000,0.384476,0.000000,0.000000,-0.000051,0.000121,0.000266,0.415184,-0.016353,0.482180,0.415184,-0.016352,0.482180,0.000000,-0.002250
11.648000,0.293434,-0.382636,0.774019,-0.265890,0.176290,-0.441113,0.441113,3.000000,0.319023,0.000000,0.000000,-0.000346,0.000385,-0.000309,0.415184,-0.016353,0.482180,0.415184,-0.016352,0.482180,0.000000,0.002623
11.659000,0.235959,-0.381601,0.820315,-0.323366,0.177325,-0.394817,0.394817,3.000000,0.368795,0.000000,0.000000,-0.000595,-0.000189,-0.000843,0.415183,-0.016353,0.482179,0.415184,-0.016352,0.482180,0.000000,0.007173
11.670000,0.208372,-0.381730,0.850438,-0.350953,0.177196,-0.364694,0.364694,3.000000,0.393149,0.000000,0.000000,0.000027,0.000995,-0.000925,0.415185,-0.016350,0.482181,0.415184,-0.016352,0.482180,0.000000,0.007834
11.681000,0.226303,-0.371093,0.861390,-0.333021,0.187833,-0.353742,0.353742,3.000000,0.382341,0.000000,0.000000,-0.000113,-0.000005,-0.000530,0.415185,-0.016351,0.482181,0.415184,-0.016352,0.482180,0.000000,0.004487
11.692000,0.263042,-0.331652,0.827643,-0.296283,0.227274,-0.387489,0.387489,3.000000,0.373413,0.000000,0.000000,0.000116,-0.000073,0.000477,0.415184,-0.016352,0.482182,0.415184,-0.016352,0.482180,0.000000,-0.004077
11.703000,0.274924,-0.382393,0.828627,-0.284401,0.176533,-0.386505,0.386505,3.000000,0.334736,0.000000,0.000000,-0.000429,0.000063,0.000368,0.415183,-0.016352,0.482183,0.415184,-0.016352,0.482180,0.000000,-0.003179
11.714000,0.262993,-0.417479,0.820539,-0.296332,0.141447,-0.394593,0.394593,3.000000,0.328359,0.000000,0.000000,0.000186,-0.000516,0.000409,0.415186,-0.016352,0.482182,0.415184,-0.016352,0.482180,0.000000,-0.003501
11.725000,0.220807,-0.367823,0.847142,-0.338518,0.191103,-0.367991,0.367991,3.000000,0.388735,0.000000,0.000000,-0.000146,-0.000423,-0.000151,0.415185,-0.016354,0.482182,0.415184,-0.016352,0.482180,0.000000,0.001244
11.736000,0.214374,-0.398124,0.859656,-0.344951,0.160802,-0.355476,0.355476,3.000000,0.380590,0.000000,0.000000,-0.000153,0.000684,-0.000046,0.415184,-0.016350,0.482181,0.415184,-0.016352,0.482180,0.000000,0.000375
11.747000,0.253451,-0.439154,0.820815,-0.305874,0.119772,-0.394317,0.394317,3.000000,0.328488,0.000000,0.000000,-0.000200,-0.000277,-0.000182,0.415185,-0.016352,0.482180,0.415184,-0.016352,0.482180,0.000000,0.001549
11.758000,0.262616,-0.363872,0.807497,-0.296709,0.195054,-0.407635,0.407635,3.000000,0.355081,0.000000,0.000000,-0.000096,0.000495,-0.000997,0.415184,-0.016351,0.482178,0.415184,-0.016352,0.482180,0.000000,0.008488
11.769000,0.237496,-0.411603,0.846446,-0.321829,0.147323,-0.368686,0.368686,3.000000,0.353946,0.000000,0.000000,0.000728,-0.000885,0.000020,0.415185,-0.016355,0.482182,0.415184,-0.016352,0.482180,0.000000,-0.000200
11.780000,0.190437,-0.370406,0.885535,-0.368888,0.188520,-0.329597,0.329597,3.000000,0.414268,0.000000,0.000000,0.000239,0.000001,0.000361,0.415184,-0.016352,0.482182,0.415184,-0.016352,0.482180,0.000000,-0.003096
11.791000,0.243486,-0.394604,0.843299,-0.315839,0.164322,-0.371833,0.371833,3.000000,0.356028,0.000000,0.000000,-0.000119,-0.000965,0.000132,0.415184,-0.016354,0.482182,0.415184,-0.016352,0.482180,0.000000,-0.001144
11.802000,0.301175,-0.392101,0.834050,-0.258149,0.166825,-0.381082,0.381082,3.000000,0.307362,0.000000,0.000000,-0.000116,-0.000754,-0.000149,0.415184,-0.016353,0.482181,0.415184,-0.016352,0.482180,0.000000,0.001247
11.813000,0.304694,-0.387550,0.796470,-0.254631,0.171376,-0.418662,0.418662,3.000000,0.306931,0.000000,0.000000,-0.000063,0.000412,0.000211,0.415183,-0.016353,0.482183,0.415184,-0.016352,0.482180,0.000000,-0.001845
11.824000,0.288156,-0.412954,0.813787,-0.271168,0.145972,-0.401345,0.401345,3.000000,0.307961,0.000000,0.000000,-0.000294,-0.000012,-0.000743,0.415184,-0.016352,0.482179,0.415184,-0.016352,0.482180,0.000000,0.006316
11.835000,0.289911,-0.377975,0.825183,-0.269414,0.180951,-0.389949,0.389949,3.000000,0.324541,0.000000,0.000000,-0.000234,-0.000118,-0.000775,0.415184,-0.016352,0.482180,0.415184,-0.016352,0.482180,0.000000,0.006571
11.846000,0.247744,-0.440450,0.847277,-0.311581,0.118476,-0.367856,0.367856,3.000000,0.333345,0.000000,0.000000,-0.000140,-0.000085,-0.000177,0.415184,-0.016354,0.482179,0.415184,-0.016352,0.482180,0.000000,0.001531
11.857000,0.282539,-0.432672,0.843020,-0.276786,0.126254,-0.372112,0.372112,3.000000,0.304221,0.000000,0.000000,0.000419,-0.000083,0.001432,0.415186,-0.016354,0.482184,0.415184,-0.016352,0.482180,0.000000,-0.012228
11.868000,0.207873,-0.421125,0.850286,-0.351452,0.137801,-0.364846,0.364846,3.000000,0.377502,0.000000,0.000000,-0.000146,0.000353,-0.000067,0.415184,-0.016352,0.482181,0.415184,-0.016352,0.482180,0.000000,0.000547
11.879000,0.228422,-0.384942,0.863399,-0.330903,0.173984,-0.351733,0.351733,3.000000,0.373854,0.000000,0.000000,-0.000567,0.000585,-0.000534,0.415184,-0.016351,0.482180,0.415184,-0.016352,0.482180,0.000000,0.004538
11.890000,0.202481,-0.374649,0.876630,-0.356843,0.184277,-0.338502,0.338502,3.000000,0.401616,0.000000,0.000000,-0.000211,-0.000282,-0.000036,0.415184,-0.016353,0.482181,0.415184,-0.016352,0.482180,0.000000,0.000276
11.901000,0.192070,-0.308144,0.855301,-0.367255,0.250782,-0.359831,0.359831,3.000000,0.444711,0.000000,0.000000,0.000200,-0.000448,0.000384,0.415185,-0.016352,0.482183,0.415184,-0.016352,0.482180,0.000000,-0.003305
11.912000,0.281707,-0.378186,0.774509,-0.277618,0.180740,-0.440623,0.440623,3.000000,0.331268,0.000000,0.000000,-0.000412,0.000684,0.000977,0.415183,-0.016352,0.482184,0.415184,-0.016352,0.482180,0.000000,-0.008363
11.923000,0.233262,-0.409593,0.823337,-0.326062,0.149333,-0.391795,0.391795,3.000000,0.358632,0.000000,0.000000,-0.000240,0.000063,-0.000656,0.415184,-0.016352,0.482182,0.415184,-0.016352,0.482180,0.000000,0.005539
11.934000,0.184112,-0.366833,0.849782,-0.375213,0.192093,-0.365350,0.365350,3.000000,0.421527,0.000000,0.000000,0.000060,-0.000441,0.000886,0.415185,-0.016353,0.482183,0.415184,-0.016352,0.482180,0.000000,-0.007572
11.945000,0.206804,-0.341822,0.854888,-0.352521,0.217104,-0.360244,0.360244,3.000000,0.414011,0.000000,0.000000,0.000228,0.001067,0.000678,0.415185,-0.016350,0.482182,0.415184,-0.016352,0.482180,0.000000,-0.005784
11.956000,0.219416,-0.380278,0.810565,-0.339908,0.178648,-0.404567,0.404567,3.000000,0.383996,0.000000,0.000000,0.000190,0.000380,0.000047,0.415185,-0.016351,0.482181,0.415184,-0.016352,0.482180,0.000000,-0.000411
11.967000,0.179782,-0.379300,0.844480,-0.379542,0.179626,-0.370652,0.370652,3.000000,0.419902,0.000000,0.000000,0.000305,0.000255,-0.000485,0.415185,-0.016355,0.482181,0.415184,-0.016352,0.482180,0.000000,0.004103
11.978000,0.154440,-0.431597,0.879172,-0.404885,0.127329,-0.335961,0.335961,3.000000,0.424434,0.000000,0.000000,0.000053,0.000781,-0.000289,0.415185,-0.016352,0.482182,0.415184,-0.016352,0.482180,0.000000,0.002426
11.989000,0.157596,-0.353415,0.850725,-0.401729,0.205511,-0.364408,0.364408,3.000000,0.451244,0.000000,0.000000,0.000078,-0.000043,-0.000307,0.415185,-0.016352,0.482181,0.415184,-0.016352,0.482180,0.000000,0.002592
12.000000,0.250793,-0.352881,0.814986,-0.308531,0.206045,-0.400146,0.400146,3.000000,0.371007,0.000000,0.000000,0.000385,-0.000017,-0.000245,0.415186,-0.016350,0.482180,0.415184,-0.016352,0.482180,0.000000,0.002080
12.011000,0.183057,-0.363729,0.851569,-0.376268,0.195197,-0.363563,0.363563,3.000000,0.423886,0.000000,0.000000,-0.000139,-0.000406,-0.000953,0.415185,-0.016352,0.482180,0.415184,-0.016352,0.482180,0.000000,0.008094
12.022000,0.204671,-0.367671,0.846053,-0.354654,0.191255,-0.369079,0.369079,3.000000,0.402936,0.000000,0.000000,-0.000186,-0.000064,0.000317,0.415184,-0.016352,0.482182,0.415184,-0.016352,0.482180,0.000000,-0.002722
12.033000,0.271870,-0.382963,0.799753,-0.287455,0.175963,-0.415379,0.415379,3.000000,0.337036,0.000000,0.000000,0.000144,0.000610,0.000028,0.415185,-0.016352,0.482182,0.415184,-0.016352,0.482180,0.000000,-0.000267
12.044000,0.226861,-0.389696,0.842403,-0.332463,0.169230,-0.372729,0.372729,3.000000,0.373056,0.000000,0.000000,-0.000050,0.000449,-0.000999,0.415183,-0.016351,0.482180,0.415184,-0.016352,0.482180,0.000000,0.008489
12.055000,0.182627,-0.431208,0.844261,-0.376697,0.127718,-0.370871,0.370871,3.000000,0.397760,0.000000,0.000000,0.000073,0.000766,-0.000565,0.415185,-0.016352,0.482179,0.415184,-0.016352,0.482180,0.000000,0.004815
12.066000,0.248460,-0.434195,0.830877,-0.310865,0.124731,-0.384255,0.384255,3.000000,0.334955,0.000000,0.000000,0.000135,0.000007,-0.000310,0.415185,-0.016352,0.482182,0.415184,-0.016352,0.482180,0.000000,0.002592
12.077000,0.202866,-0.379387,0.835564,-0.356459,0.179539,-0.379568,0.379568,3.000000,0.399120,0.000000,0.000000,-0.000015,0.000325,-0.001117,0.415185,-0.016351,0.482177,0.415184,-0.016352,0.482180,0.000000,0.009527
12.088000,0.201009,-0.357183,0.828513,-0.358315,0.201743,-0.386619,0.386619,3.000000,0.411206,0.000000,0.000000,-0.000029,-0.001323,-0.000364,0.415185,-0.016355,0.482182,0.415184,-0.016352,0.482180,0.000000,0.003062
12.099000,0.272928,-0.362580,0.807994,-0.286397,0.196346,-0.407138,0.407138,3.000000,0.347239,0.000000,0.000000,-0.000294,0.000059,-0.000334,0.415185,-0.016351,0.482181,0.415184,-0.016352,0.482180,0.000000,0.002822
12.110000,0.258645,-0.390030,0.798082,-0.300679,0.168896,-0.417051,0.417051,3.000000,0.344868,0.000000,0.000000,0.000306,-0.000557,-0.000318,0.415185,-0.016353,0.482181,0.415184,-0.016352,0.482180,0.000000,0.002685
12.121000,0.201902,-0.401750,0.841186,-0.357423,0.157176,-0.373946,0.373946,3.000000,0.390456,0.000000,0.000000,0.000301,-0.000913,-0.000424,0.415185,-0.016354,0.482181,0.415184,-0.016352,0.482180,0.000000,0.003578
12.132000,0.238778,-0.382023,0.824022,-0.320547,0.176903,-0.391110,0.391110,3.000000,0.366121,0.000000,0.000000,0.000061,-0.000140,0.000400,0.415184,-0.016352,0.482184,0.415184,-0.016352,0.482180,0.000000,-0.003454
12.143000,0.232188,-0.363871,0.859802,-0.327136,0.195055,-0.355330,0.355330,3.000000,0.380874,0.000000,0.000000,-0.000228,0.000808,-0.000660,0.415184,-0.016353,0.482180,0.415184,-0.016352,0.482180,0.000000,0.005609
12.154000,0.250870,-0.423398,0.852800,-0.308455,0.135528,-0.362332,0.362332,3.000000,0.336916,0.000000,0.000000,-0.000367,0.000356,0.000067,0.415183,-0.016352,0.482181,0.415184,-0.016352,0.482180,0.000000,-0.000580
12.165000,0.259464,-0.374213,0.849817,-0.299861,0.184713,-0.365315,0.365315,3.000000,0.352187,0.000000,0.000000,-0.000202,-0.000567,-0.000729,0.415184,-0.016353,0.482180,0.415184,-0.016352,0.482180,0.000000,0.006180
12.176000,0.254793,-0.404651,0.822797,-0.304532,0.154275,-0.392335,0.392335,3.000000,0.341380,0.000000,0.000000,0.000086,0.000233,0.000554,0.415184,-0.016353,0.482182,0.415184,-0.016352,0.482180,0.000000,-0.004740
12.187000,0.297312,-0.376238,0.817429,-0.262013,0.182688,-0.397703,0.397703,3.000000,0.319415,0.000000,0.000000,-0.000033,-0.000491,-0.000343,0.415184,-0.016352,0.482179,0.415184,-0.016352,0.482180,0.000000,0.002918
12.198000,0.247398,-0.369844,0.846767,-0.311926,0.189082,-0.368365,0.368365,3.000000,0.364760,0.000000,0.000000,0.000219,0.000007,0.000992,0.415185,-0.016353,0.482184,0.415184,-0.016352,0.482180,0.000000,-0.008490
12.209000,0.232635,-0.387050,0.837430,-0.326689,0.171876,-0.377702,0.377702,3.000000,0.369144,0.000000,0.000000,0.000720,0.000232,0.000362,0.415186,-0.016350,0.482181,0.415184,-0.016352,0.482180,0.000000,-0.003087
12.220000,0.198359,-0.323831,0.824861,-0.360966,0.235095,-0.390271,0.390271,3.000000,0.430774,0.000000,0.000000,-0.000166,0.000579,-0.000490,0.415185,-0.016351,0.482181,0.415184,-0.016352,0.482180,0.000000,0.004136
12.231000,0.188837,-0.352179,0.827424,-0.370487,0.206747,-0.387708,0.387708,3.000000,0.424270,0.000000,0.000000,0.000471,-0.000606,-0.000435,0.415185,-0.016353,0.482180,0.415184,-0.016352,0.482180,0.000000,0.003685
12.242000,0.239920,-0.370962,0.793355,-0.319405,0.187964,-0.421777,0.421777,3.000000,0.370607,0.000000,0.000000,-0.000019,0.000289,-0.000315,0.415184,-0.016352,0.482179,0.415184,-0.016352,0.482180,0.000000,0.002693
12.253000,0.276880,-0.362038,0.822350,-0.282445,0.196888,-0.392782,0.392782,3.000000,0.344297,0.000000,0.000000,0.000335,-0.000520,0.000190,0.415185,-0.016354,0.482181,0.415184,-0.016352,0.482180,0.000000,-0.001629
12.264000,0.290383,-0.444124,0.826255,-0.268942,0.114802,-0.388877,0.388877,3.000000,0.292420,0.000000,0.000000,-0.000203,0.000528,0.000144,0.415184,-0.016352,0.482181,0.415184,-0.016352,0.482180,0.000000,-0.001246
12.275000,0.245566,-0.417429,0.836885,-0.313759,0.141497,-0.378247,0.378247,3.000000,0.344189,0.000000,0.000000,-0.000189,0.000962,-0.001010,0.415184,-0.016350,0.482180,0.415184,-0.016352,0.482180,0.000000,0.008573
12.286000,0.230386,-0.406595,0.856274,-0.328938,0.152331,-0.358858,0.358858,3.000000,0.362499,0.000000,0.000000,-0.000074,0.000324,0.000654,0.415184,-0.016351,0.482181,0.415184,-0.016352,0.482180,0.000000,-0.005560
12.297000,0.252390,-0.386788,0.825576,-0.306935,0.172138,-0.389557,0.389557,3.000000,0.351910,0.000000,0.000000,0.000003,0.000093,-0.000629,0.415185,-0.016351,0.482180,0.415184,-0.016352,0.482180,0.000000,0.005342
12.308000,0.280858,-0.322514,0.824531,-0.278467,0.236412,-0.390601,0.390601,3.000000,0.365287,0.000000,0.000000,-0.000368,-0.000621,-0.000205,0.415184,-0.016353,0.482180,0.415184,-0.016352,0.482180,0.000000,0.001743
12.319000,0.253813,-0.376165,0.849492,-0.305512,0.182761,-0.365640,0.365640,3.000000,0.356004,0.000000,0.000000,0.000376,0.000598,0.000346,0.415186,-0.016352,0.482182,0.415184,-0.016352,0.482180,0.000000,-0.002977
12.330000,0.210329,-0.419172,0.847671,-0.348995,0.139754,-0.367461,0.367461,3.000000,0.375937,0.000000,0.000000,0.000154,0.000046,-0.000916,0.415184,-0.016351,0.482181,0.415184,-0.016352,0.482180,0.000000,0.007759
12.341000,0.165582,-0.345340,0.873781,-0.393742,0.213586,-0.341351,0.341351,3.000000,0.447942,0.000000,0.000000,0.000127,0.000128,-0.000376,0.415185,-0.016351,0.482181,0.415184,-0.016352,0.482180,0.000000,0.003183
12.352000,0.142092,-0.386383,0.884693,-0.417233,0.172543,-0.330439,0.330439,3.000000,0.451502,0.000000,0.000000,-0.000336,-0.000531,-0.000578,0.415183,-0.016352,0.482180,0.415184,-0.016352,0.482180,0.000000,0.004899
12.363000,0.222411,-0.347037,0.804007,-0.336914,0.211889,-0.411125,0.411125,3.000000,0.398005,0.000000,0.000000,0.000023,-0.000460,0.001026,0.415184,-0.016352,0.482183,0.415184,-0.016352,0.482180,0.000000,-0.008764
12.374000,0.224433,-0.374469,0.837973,-0.334892,0.184457,-0.377159,0.377159,3.000000,0.382331,0.000000,0.000000,0.000016,-0.000672,-0.000348,0.415183,-0.016354,0.482180,0.415184,-0.016352,0.482180,0.000000,0.002953
12.385000,0.227042,-0.384107,0.840587,-0.332283,0.174819,-0.374545,0.374545,3.000000,0.375464,0.000000,0.000000,0.000503,-0.000656,0.000879,0.415184,-0.016352,0.482184,0.415184,-0.016352,0.482180,0.000000,-0.007533
12.396000,0.234033,-0.419629,0.846745,-0.325291,0.139297,-0.368387,0.368387,3.000000,0.353862,0.000000,0.000000,-0.000068,-0.000289,-0.000603,0.415184,-0.016352,0.482179,0.415184,-0.016352,0.482180,0.000000,0.005130
12.407000,0.277413,-0.424934,0.851233,-0.281912,0.133992,-0.363899,0.363899,3.000000,0.312135,0.000000,0.000000,0.000088,0.000367,-0.000353,0.415185,-0.016351,0.482181,0.415184,-0.016352,0.482180,0.000000,0.002977
12.418000,0.237552,-0.410989,0.859112,-0.321773,0.147937,-0.356020,0.356020,3.000000,0.354152,0.000000,0.000000,0.000242,-0.000142,0.000082,0.415185,-0.016352,0.482182,0.415184,-0.016352,0.482180,0.000000,-0.000734
12.429000,0.253704,-0.370932,0.823354,-0.305620,0.187994,-0.391778,0.391778,3.000000,0.358811,0.000000,0.000000,0.000399,-0.000092,-0.000431,0.415184,-0.016352,0.482179,0.415184,-0.016352,0.482180,0.000000,0.003663
12.440000,0.233747,-0.394129,0.830441,-0.325577,0.164797,-0.384691,0.384691,3.000000,0.364909,0.000000,0.000000,0.000061,-0.000409,-0.000498,0.415184,-0.016353,0.482181,0.415184,-0.016352,0.482180,0.000000,0.004205
12.451000,0.215227,-0.383276,0.870899,-0.344098,0.175650,-0.344234,0.344234,3.000000,0.386337,0.000000,0.000000,-0.000265,-0.000503,0.000331,0.415184,-0.016353,0.482182,0.415184,-0.016352,0.482180,0.000000,-0.002843
12.462000,0.220026,-0.394039,0.819247,-0.339299,0.164887,-0.395885,0.395885,3.000000,0.377242,0.000000,0.000000,0.000140,-0.000626,0.000589,0.415185,-0.016354,0.482184,0.415184,-0.016352,0.482180,0.000000,-0.005078
12.473000,0.211533,-0.383798,0.842920,-0.347792,0.175128,-0.372212,0.372212,3.000000,0.389396,0.000000,0.000000,0.000081,0.000223,-0.000464,0.415184,-0.016352,0.482181,0.415184,-0.016352,0.482180,0.000000,0.003929
12.484000,0.189990,-0.359219,0.844289,-0.369335,0.199707,-0.370843,0.370843,3.000000,0.419870,0.000000,0.000000,-0.000012,-0.000746,-0.000285,0.415185,-0.016354,0.482181,0.415184,-0.016352,0.482180,0.000000,0.002405
12.495000,0.176635,-0.396844,0.825298,-0.382690,0.162082,-0.389834,0.389834,3.000000,0.415598,0.000000,0.000000,0.000062,-0.000446,-0.000721,0.415184,-0.016354,0.482179,0.415184,-0.016352,0.482180,0.000000,0.006137
12.506000,0.274437,-0.423965,0.773123,-0.284888,0.134961,-0.442009,0.442009,3.000000,0.315239,0.000000,0.000000,-0.000062,0.000298,-0.000418,0.415183,-0.016352,0.482179,0.415184,-0.016352,0.482180,0.000000,0.003571
12.517000,0.283992,-0.396745,0.792099,-0.275333,0.162181,-0.423033,0.423033,3.000000,0.319547,0.000000,0.000000,-0.000201,0.000218,-0.001239,0.415185,-0.016352,0.482179,0.415184,-0.016352,0.482180,0.000000,0.010530
12.528000,0.244220,-0.383225,0.796781,-0.315105,0.175701,-0.418351,0.418351,3.000000,0.360779,0.000000,0.000000,-0.000206,0.000379,0.000236,0.415184,-0.016352,0.482183,0.415184,-0.016352,0.482180,0.000000,-0.002050
12.539000,0.326709,-0.407945,0.805145,-0.232616,0.150981,-0.409987,0.409987,3.000000,0.277319,0.000000,0.000000,-0.000183,0.000627,0.000383,0.415184,-0.016352,0.482182,0.415184,-0.016352,0.482180,0.000000,-0.003280
12.550000,0.249360,-0.390835,0.843302,-0.309965,0.168091,-0.371831,0.371831,3.000000,0.352609,0.000000,0.000000,0.000108,-0.000378,0.000865,0.415184,-0.016353,0.482183,0.415184,-0.016352,0.482180,0.000000,-0.007388
12.561000,0.273326,-0.421135,0.795171,-0.285999,0.137791,-0.419961,0.419961,3.000000,0.317461,0.000000,0.000000,-0.000052,0.000861,-0.000568,0.415184,-0.016350,0.482180,0.415184,-0.016352,0.482180,0.000000,0.004819
12.572000,0.223932,-0.401614,0.842464,-0.335393,0.157312,-0.372668,0.372668,3.000000,0.370453,0.000000,0.000000,-0.000489,0.000874,-0.000895,0.415184,-0.016350,0.482179,0.415184,-0.016352,0.482180,0.000000,0.007613
12.583000,0.245797,-0.387096,0.802363,-0.313528,0.171830,-0.412769,0.412769,3.000000,0.357527,0.000000,0.000000,0.000298,0.000111,0.001043,0.415184,-0.016352,0.482183,0.415184,-0.016352,0.482180,0.000000,-0.008902
12.594000,0.215899,-0.339383,0.795513,-0.343426,0.219543,-0.419619,0.419619,3.000000,0.407603,0.000000,0.000000,0.000178,-0.000190,0.000700,0.415185,-0.016352,0.482182,0.415184,-0.016352,0.482180,0.000000,-0.005976
12.605000,0.225327,-0.389025,0.836642,-0.333998,0.169901,-0.378490,0.378490,3.000000,0.374728,0.000000,0.000000,0.000136,-0.000130,-0.000701,0.415185,-0.016352,0.482179,0.415184,-0.016352,0.482180,0.000000,0.005964
12.616000,0.199876,-0.370776,0.866261,-0.359449,0.188150,-0.348871,0.348871,3.000000,0.405714,0.000000,0.000000,0.000003,-0.000446,-0.000552,0.415185,-0.016352,0.482181,0.415184,-0.016352,0.482180,0.000000,0.004677
12.627000,0.205416,-0.414147,0.837058,-0.353908,0.144779,-0.378074,0.378074,3.000000,0.382377,0.000000,0.000000,-0.000226,-0.000423,0.000230,0.415184,-0.016353,0.482181,0.415184,-0.016352,0.482180,0.000000,-0.001973
12.638000,0.206292,-0.397530,0.847507,-0.353032,0.161396,-0.367625,0.367625,3.000000,0.388176,0.000000,0.000000,0.000430,0.000667,0.000298,0.415185,-0.016351,0.482180,0.415184,-0.016352,0.482180,0.000000,-0.002527
12.649000,0.161499,-0.345071,0.826186,-0.397826,0.213855,-0.388946,0.388946,3.000000,0.451663,0.000000,0.000000,0.000054,-0.000442,0.000114,0.415184,-0.016351,0.482182,0.415184,-0.016352,0.482180,0.000000,-0.000992
12.660000,0.253050,-0.362902,0.753719,-0.306275,0.196024,-0.461413,0.461413,3.000000,0.363634,0.000000,0.000000,-0.000160,-0.000043,0.000518,0.415185,-0.016352,0.482183,0.415184,-0.016352,0.482180,0.000000,-0.004444
12.671000,0.194920,-0.372990,0.846633,-0.364405,0.185936,-0.368499,0.368499,3.000000,0.409100,0.000000,0.000000,0.000075,-0.000371,-0.000150,0.415184,-0.016353,0.482180,0.415184,-0.016352,0.482180,0.000000,0.001268
12.682000,0.220814,-0.378812,0.858573,-0.338511,0.180114,-0.356559,0.356559,3.000000,0.383446,0.000000,0.000000,0.000479,-0.000524,0.001162,0.415186,-0.016354,0.482185,0.415184,-0.016352,0.482180,0.000000,-0.009942
12.693000,0.215490,-0.390467,0.843177,-0.343834,0.168459,-0.371955,0.371955,3.000000,0.382885,0.000000,0.000000,-0.000357,-0.000711,-0.000499,0.415184,-0.016353,0.482180,0.415184,-0.016352,0.482180,0.000000,0.004243
12.704000,0.189861,-0.383789,0.847028,-0.369464,0.175137,-0.368104,0.368104,3.000000,0.408873,0.000000,0.000000,0.000587,0.000191,0.000845,0.415185,-0.016351,0.482184,0.415184,-0.016352,0.482180,0.000000,-0.007241
12.715000,0.232206,-0.423581,0.819596,-0.327119,0.135345,-0.395536,0.395536,3.000000,0.354012,0.000000,0.000000,0.000219,-0.000632,0.001235,0.415184,-0.016354,0.482184,0.415184,-0.016352,0.482180,0.000000,-0.010560
12.726000,0.256542,-0.425888,0.813054,-0.302783,0.133038,-0.402078,0.402078,3.000000,0.330721,0.000000,0.000000,-0.000076,-0.000565,-0.000979,0.415185,-0.016353,0.482179,0.415184,-0.016352,0.482180,0.000000,0.008326
12.737000,0.257052,-0.345838,0.802089,-0.302273,0.213089,-0.413043,0.413043,3.000000,0.369832,0.000000,0.000000,0.000057,-0.001045,0.000765,0.415185,-0.016354,0.482181,0.415184,-0.016352,0.482180,0.000000,-0.006514
12.748000,0.241270,-0.336788,0.798269,-0.318055,0.222138,-0.416863,0.416863,3.000000,0.387948,0.000000,0.000000,-0.000138,-0.000138,0.000135,0.415183,-0.016352,0.482181,0.415184,-0.016352,0.482180,0.000000,-0.001159
12.759000,0.214855,-0.369598,0.820597,-0.344469,0.189328,-0.394535,0.394535,3.000000,0.393070,0.000000,0.000000,0.000230,-0.000397,0.000321,0.415184,-0.016352,0.482180,0.415184,-0.016352,0.482180,0.000000,-0.002726
12.770000,0.242006,-0.407516,0.800923,-0.317319,0.151410,-0.414209,0.414209,3.000000,0.351591,0.000000,0.000000,0.000138,0.000799,0.000052,0.415184,-0.016350,0.482181,0.415184,-0.016352,0.482180,0.000000,-0.000463
12.781000,0.195661,-0.393819,0.857526,-0.363664,0.165107,-0.357606,0.357606,3.000000,0.399389,0.000000,0.000000,-0.000011,-0.000252,0.000466,0.415185,-0.016354,0.482181,0.415184,-0.016352,0.482180,0.000000,-0.003984
12.792000,0.193824,-0.379266,0.871016,-0.365500,0.179660,-0.344116,0.344116,3.000000,0.407269,0.000000,0.000000,0.000091,-0.000657,-0.000419,0.415184,-0.016353,0.482181,0.415184,-0.016352,0.482180,0.000000,0.003539
12.803000,0.272522,-0.402528,0.848018,-0.286803,0.156398,-0.367114,0.367114,3.000000,0.326675,0.000000,0.000000,0.000080,0.000168,0.000745,0.415185,-0.016352,0.482185,0.415184,-0.016352,0.482180,0.000000,-0.006408
12.814000,0.245981,-0.388177,0.825457,-0.313343,0.170749,-0.389675,0.389675,3.000000,0.356846,0.000000,0.000000,0.000181,0.000331,0.000018,0.415185,-0.016352,0.482181,0.415184,-0.016352,0.482180,0.000000,-0.000165
12.825000,0.249627,-0.382731,0.825590,-0.309698,0.176195,-0.389542,0.389542,3.000000,0.356311,0.000000,0.000000,-0.000074,0.000133,0.000248,0.415185,-0.016350,0.482182,0.415184,-0.016352,0.482180,0.000000,-0.002131
12.836000,0.256218,-0.387291,0.806504,-0.303106,0.171635,-0.408628,0.408628,3.000000,0.348328,0.000000,0.000000,-0.000275,0.000701,-0.000991,0.415184,-0.016349,0.482177,0.415184,-0.016352,0.482180,0.000000,0.008455
12.847000,0.255665,-0.403706,0.825280,-0.303659,0.155220,-0.389853,0.389853,3.000000,0.341031,0.000000,0.000000,-0.000094,0.000047,-0.000614,0.415184,-0.016352,0.482179,0.415184,-0.016352,0.482180,0.000000,0.005233
12.858000,0.214800,-0.391511,0.870923,-0.344524,0.167415,-0.344209,0.344209,3.000000,0.383047,0.000000,0.000000,-0.000341,-0.001198,-0.000828,0.415183,-0.016355,0.482180,0.415184,-0.016352,0.482180,0.000000,0.007025
12.869000,0.202155,-0.389682,0.838079,-0.357170,0.169244,-0.377053,0.377053,3.000000,0.395239,0.000000,0.000000,-0.000024,0.000394,0.001044,0.415185,-0.016351,0.482184,0.415184,-0.016352,0.482180,0.000000,-0.008933
