time,raw_fx,raw_fy,raw_fz,corrected_fx,corrected_fy,corrected_fz,contact_force,target_force,force_xy_norm,v_des_x,v_des_y,v_x,v_y,z_dot,x,y,z,x_d,y_d,z_d,z_offset,f_z
0.000000,0.320187,-0.452764,0.991317,0.044675,0.017833,0.016256,0.000000,3.000000,0.048102,0.000000,0.000000,0.000054,-0.000272,0.000926,0.415185,-0.016353,0.482184,0.415185,-0.016351,0.482182,0.000000,-0.007896
0.010000,0.280450,-0.502800,0.970329,0.004938,-0.032203,-0.004733,0.004733,3.000000,0.032579,0.000000,0.000000,-0.000087,0.000254,-0.000648,0.415184,-0.016351,0.482181,0.415185,-0.016351,0.482182,0.000000,0.005502
0.020000,0.183797,-0.415530,0.920926,-0.091715,0.055067,-0.054135,0.054135,3.000000,0.106976,0.000000,0.000000,0.000245,-0.000260,-0.000449,0.415185,-0.016352,0.482181,0.415185,-0.016351,0.482182,0.000000,0.003829
0.030000,0.146561,-0.406720,0.848641,-0.128951,0.063877,-0.126420,0.126420,3.000000,0.143905,0.000000,0.000000,0.000109,0.000725,-0.000512,0.415185,-0.016352,0.482181,0.415185,-0.016351,0.482182,0.000000,0.004358
0.040000,0.180611,-0.439147,0.783931,-0.094902,0.031450,-0.191131,0.191131,3.000000,0.099977,0.000000,0.000000,-0.000202,-0.000029,-0.000430,0.415184,-0.016352,0.482180,0.415185,-0.016351,0.482182,0.000000,0.003676
0.050000,0.184810,-0.410611,0.754687,-0.090702,0.059985,-0.220374,0.220374,3.000000,0.108743,0.000000,0.000000,-0.000246,-0.000119,-0.000240,0.415184,-0.016353,0.482180,0.415185,-0.016351,0.482182,0.000000,0.002064
0.060000,0.191694,-0.393915,0.718530,-0.083818,0.076682,-0.256532,0.256532,3.000000,0.113603,0.000000,0.000000,-0.000530,-0.001105,-0.000181,0.415184,-0.016354,0.482181,0.415185,-0.016351,0.482182,0.000000,0.001547
0.070000,0.209200,-0.405605,0.710733,-0.066312,0.064991,-0.264328,0.264328,3.000000,0.092850,0.000000,0.000000,-0.000469,0.000407,-0.000745,0.415183,-0.016351,0.482180,0.415185,-0.016351,0.482182,0.000000,0.006357
0.080000,0.192476,-0.373450,0.698590,-0.083036,0.097146,-0.276472,0.276472,3.000000,0.127798,0.000000,0.000000,0.000071,0.000379,0.000016,0.415185,-0.016352,0.482181,0.415185,-0.016351,0.482182,0.000000,-0.000114
0.090000,0.148331,-0.374881,0.741384,-0.127181,0.095716,-0.233677,0.233677,3.000000,0.159175,0.000000,0.000000,0.000034,-0.000222,0.000115,0.415184,-0.016353,0.482180,0.415185,-0.016351,0.482182,0.000000,-0.000945
0.100000,0.149766,-0.406360,0.723336,-0.125746,0.064236,-0.251726,0.251726,3.000000,0.141203,0.000000,0.000000,0.000131,-0.000876,-0.000443,0.415185,-0.016353,0.482180,0.415185,-0.016351,0.482182,0.000000,0.003793
0.110000,0.101302,-0.388573,0.711721,-0.174210,0.082024,-0.263340,0.263340,3.000000,0.192554,0.000000,0.000000,0.000091,-0.000536,-0.000002,0.415184,-0.016353,0.482182,0.415185,-0.016351,0.482182,0.000000,0.000019
0.120000,0.092082,-0.399012,0.725913,-0.183430,0.071584,-0.249149,0.249149,3.000000,0.196903,0.000000,0.000000,0.000009,0.000095,0.000066,0.415184,-0.016352,0.482180,0.415185,-0.016351,0.482182,0.000000,-0.000531
0.131000,0.163672,-0.390099,0.695487,-0.111840,0.080498,-0.279575,0.279575,3.000000,0.137797,0.000000,0.000000,-0.000180,0.000188,-0.000308,0.415184,-0.016351,0.482181,0.415185,-0.016351,0.482182,0.000000,0.002624
0.141000,0.127131,-0.401671,0.716690,-0.148381,0.068925,-0.258372,0.258372,3.000000,0.163609,0.000000,0.000000,-0.000313,0.000425,-0.000282,0.415184,-0.016350,0.482183,0.415185,-0.016351,0.482182,0.000000,0.002375
0.151000,0.107961,-0.399125,0.706880,-0.167551,0.071472,-0.268181,0.268181,3.000000,0.182158,0.000000,0.000000,-0.000562,-0.000819,-0.000763,0.415184,-0.016354,0.482179,0.415185,-0.016351,0.482182,0.000000,0.006528
0.161000,0.117940,-0.403302,0.699156,-0.157572,0.067295,-0.275906,0.275906,3.000000,0.171340,0.000000,0.000000,0.000442,0.000374,0.000650,0.415186,-0.016351,0.482184,0.415185,-0.016351,0.482182,0.000000,-0.005558
0.171000,0.184975,-0.378227,0.654527,-0.090537,0.092369,-0.320534,0.320534,3.000000,0.129341,0.000000,0.000000,-0.000485,0.000200,-0.000903,0.415183,-0.016352,0.482179,0.415185,-0.016351,0.482182,0.000000,0.007712
0.181000,0.144101,-0.397932,0.647648,-0.131411,0.072664,-0.327414,0.327414,3.000000,0.150163,0.000000,0.000000,-0.000018,0.000453,-0.000694,0.415184,-0.016351,0.482179,0.415185,-0.016351,0.482182,0.000000,0.005932
0.191000,0.091204,-0.399300,0.708158,-0.184308,0.071297,-0.266903,0.266903,3.000000,0.197617,0.000000,0.000000,-0.000423,-0.000198,-0.000710,0.415184,-0.016353,0.482179,0.415185,-0.016351,0.482182,0.000000,0.006065
0.201000,0.122153,-0.363727,0.679095,-0.153359,0.106870,-0.295967,0.295967,3.000000,0.186923,0.000000,0.000000,0.000457,0.000138,0.001030,0.415185,-0.016350,0.482184,0.415185,-0.016351,0.482182,0.000000,-0.008779
0.211000,0.093458,-0.377805,0.696968,-0.182054,0.092792,-0.278094,0.278094,3.000000,0.204338,0.000000,0.000000,0.000163,-0.000678,-0.000579,0.415185,-0.016353,0.482179,0.415185,-0.016351,0.482182,0.000000,0.004962
0.221000,0.114513,-0.401977,0.689790,-0.160999,0.068619,-0.285271,0.285271,3.000000,0.175012,0.000000,0.000000,0.000378,0.000145,0.000541,0.415184,-0.016352,0.482182,0.415185,-0.016351,0.482182,0.000000,-0.004594
0.231000,0.113920,-0.404391,0.676604,-0.161592,0.066206,-0.298458,0.298458,3.000000,0.174628,0.000000,0.000000,-0.000094,-0.000068,0.000415,0.415185,-0.016352,0.482183,0.415185,-0.016351,0.482182,0.000000,-0.003547
0.241000,0.115504,-0.390223,0.684408,-0.160009,0.080374,-0.290653,0.290653,3.000000,0.179061,0.000000,0.000000,0.000045,0.000406,-0.001087,0.415185,-0.016351,0.482180,0.415185,-0.016351,0.482182,0.000000,0.009254
0.252000,0.036953,-0.370050,0.713166,-0.238560,0.100546,-0.261896,0.261896,3.000000,0.258883,0.000000,0.000000,0.000012,-0.000447,0.000108,0.415184,-0.016353,0.482182,0.415185,-0.016351,0.482182,0.000000,-0.000924
0.262000,0.076660,-0.341902,0.674196,-0.198852,0.128694,-0.300866,0.300866,3.000000,0.236864,0.000000,0.000000,-0.000284,-0.000188,0.000379,0.415184,-0.016350,0.482184,0.415185,-0.016351,0.482182,0.000000,-0.003255
0.272000,0.129009,-0.371280,0.668823,-0.146503,0.099316,-0.306238,0.306238,3.000000,0.176994,0.000000,0.000000,-0.000577,-0.000283,-0.000381,0.415183,-0.016353,0.482181,0.415185,-0.016351,0.482182,0.000000,0.003241
0.282000,0.097536,-0.399038,0.706813,-0.177976,0.071558,-0.268248,0.268248,3.000000,0.191823,0.000000,0.000000,0.000221,0.000170,-0.000318,0.415185,-0.016353,0.482180,0.415185,-0.016351,0.482182,0.000000,0.002726
0.292000,0.195863,-0.374092,0.600555,-0.079649,0.096504,-0.374507,0.374507,3.000000,0.125128,0.000000,0.000000,-0.000045,0.000044,-0.000723,0.415185,-0.016351,0.482180,0.415185,-0.016351,0.482182,0.000000,0.006162
0.302000,0.150989,-0.346643,0.648745,-0.124523,0.123954,-0.326317,0.326317,3.000000,0.175700,0.000000,0.000000,0.000225,-0.001282,-0.000001,0.415186,-0.016355,0.482182,0.415185,-0.016351,0.482182,0.000000,0.000009
0.312000,0.184350,-0.367265,0.640207,-0.091162,0.103332,-0.334854,0.334854,3.000000,0.137797,0.000000,0.000000,-0.000392,-0.000424,0.000092,0.415184,-0.016354,0.482182,0.415185,-0.016351,0.482182,0.000000,-0.000786
0.322000,0.123230,-0.377148,0.680236,-0.152282,0.093449,-0.294825,0.294825,3.000000,0.178668,0.000000,0.000000,-0.000121,0.000205,-0.000172,0.415184,-0.016351,0.482181,0.415185,-0.016351,0.482182,0.000000,0.001471
0.332000,0.140044,-0.427811,0.653881,-0.135468,0.042786,-0.321180,0.321180,3.000000,0.142064,0.000000,0.000000,-0.000057,-0.000173,0.000983,0.415184,-0.016352,0.482183,0.415185,-0.016351,0.482182,0.000000,-0.008357
0.342000,0.134116,-0.381903,0.676597,-0.141396,0.088694,-0.298465,0.298465,3.000000,0.166911,0.000000,0.000000,-0.000133,-0.000852,-0.000523,0.415184,-0.016353,0.482180,0.415185,-0.016351,0.482182,0.000000,0.004465
0.352000,0.129149,-0.373281,0.679659,-0.146363,0.097315,-0.295403,0.295403,3.000000,0.175763,0.000000,0.000000,-0.000279,0.000099,0.001374,0.415184,-0.016354,0.482184,0.415185,-0.016351,0.482182,0.000000,-0.011710
0.362000,0.137980,-0.418854,0.690950,-0.137533,0.051743,-0.284112,0.284112,3.000000,0.146944,0.000000,0.000000,-0.000001,-0.000074,0.000271,0.415184,-0.016352,0.482182,0.415185,-0.016351,0.482182,0.000000,-0.002297
0.372000,0.092464,-0.375595,0.703673,-0.183048,0.095001,-0.271389,0.271389,3.000000,0.206232,0.000000,0.000000,0.000391,-0.000206,-0.000267,0.415186,-0.016351,0.482181,0.415185,-0.016351,0.482182,0.000000,0.002277
0.382000,0.066063,-0.363959,0.684908,-0.209449,0.106638,-0.290154,0.290154,3.000000,0.235033,0.000000,0.000000,0.000128,-0.000109,-0.000406,0.415184,-0.016353,0.482181,0.415185,-0.016351,0.482182,0.000000,0.003466
0.392000,0.107030,-0.387785,0.669958,-0.168482,0.082812,-0.305103,0.305103,3.000000,0.187734,0.000000,0.000000,0.000045,0.000110,-0.000455,0.415184,-0.016350,0.482178,0.415185,-0.016351,0.482182,0.000000,0.003919
0.402000,0.149868,-0.382717,0.628493,-0.125645,0.087880,-0.346568,0.346568,3.000000,0.153328,0.000000,0.000000,-0.000107,-0.000330,-0.000771,0.415185,-0.016354,0.482180,0.415185,-0.016351,0.482182,0.000000,0.006575
0.412000,0.071565,-0.369462,0.716268,-0.203947,0.101135,-0.258794,0.258794,3.000000,0.227646,0.000000,0.000000,0.000122,0.000001,0.000102,0.415185,-0.016352,0.482182,0.415185,-0.016351,0.482182,0.000000,-0.000865
0.422000,0.111056,-0.360856,0.678938,-0.164456,0.109741,-0.296123,0.296123,3.000000,0.197709,0.000000,0.000000,-0.000057,0.000002,-0.000386,0.415184,-0.016352,0.482180,0.415185,-0.016351,0.482182,0.000000,0.003310
0.432000,0.136939,-0.383282,0.661304,-0.138573,0.087315,-0.313757,0.313757,3.000000,0.163788,0.000000,0.000000,-0.000516,0.000220,-0.000815,0.415184,-0.016351,0.482182,0.415185,-0.016351,0.482182,0.000000,0.006918
0.442000,0.065888,-0.379137,0.712750,-0.209624,0.091460,-0.262312,0.262312,3.000000,0.228708,0.000000,0.000000,0.000341,0.000152,-0.000086,0.415185,-0.016351,0.482183,0.415185,-0.016351,0.482182,0.000000,0.000703
0.452000,0.076112,-0.368348,0.692737,-0.199400,0.102248,-0.282325,0.282325,3.000000,0.224087,0.000000,0.000000,0.000013,-0.000791,0.000046,0.415185,-0.016352,0.482181,0.415185,-0.016351,0.482182,0.000000,-0.000378
0.462000,0.077135,-0.374071,0.693161,-0.198377,0.096525,-0.281900,0.281900,3.000000,0.220614,0.000000,0.000000,-0.000652,-0.000408,-0.000305,0.415184,-0.016353,0.482183,0.415185,-0.016351,0.482182,0.000000,0.002562
0.472000,0.077135,-0.397948,0.670787,-0.198377,0.072649,-0.304275,0.304275,3.000000,0.211261,0.000000,0.000000,-0.000296,0.000384,0.000341,0.415184,-0.016352,0.482184,0.415185,-0.016351,0.482182,0.000000,-0.002937
0.482000,0.106787,-0.380542,0.643840,-0.168726,0.090055,-0.331222,0.331222,3.000000,0.191254,0.000000,0.000000,-0.000271,-0.000900,-0.000018,0.415183,-0.016355,0.482182,0.415185,-0.016351,0.482182,0.000000,0.000146
0.492000,0.154188,-0.382975,0.647087,-0.121324,0.087621,-0.327974,0.327974,3.000000,0.149656,0.000000,0.000000,0.000471,-0.000258,0.000277,0.415185,-0.016354,0.482182,0.415185,-0.016351,0.482182,0.000000,-0.002354
0.503000,0.109098,-0.430353,0.673384,-0.166414,0.040244,-0.301677,0.301677,3.000000,0.171211,0.000000,0.000000,0.000153,-0.000090,-0.000232,0.415185,-0.016353,0.482182,0.415185,-0.016351,0.482182,0.000000,0.001967
0.513000,0.117268,-0.399969,0.664352,-0.158244,0.070628,-0.310710,0.310710,3.000000,0.173290,0.000000,0.000000,0.000055,-0.000069,0.001294,0.415185,-0.016352,0.482183,0.415185,-0.016351,0.482182,0.000000,-0.011007
0.523000,0.138797,-0.408326,0.653314,-0.136715,0.062271,-0.321747,0.321747,3.000000,0.150229,0.000000,0.000000,-0.000017,0.000397,-0.000467,0.415185,-0.016351,0.482179,0.415185,-0.016351,0.482182,0.000000,0.004014
0.533000,0.165669,-0.352022,0.643396,-0.109843,0.118574,-0.331665,0.331665,3.000000,0.161633,0.000000,0.000000,-0.000584,0.000488,0.000363,0.415183,-0.016351,0.482182,0.415185,-0.016351,0.482182,0.000000,-0.003073
0.543000,0.101873,-0.348809,0.688609,-0.173639,0.121788,-0.286452,0.286452,3.000000,0.212092,0.000000,0.000000,-0.000091,0.000550,-0.000765,0.415184,-0.016352,0.482179,0.415185,-0.016351,0.482182,0.000000,0.006543
0.553000,0.079059,-0.371376,0.681872,-0.196453,0.099221,-0.293190,0.293190,3.000000,0.220088,0.000000,0.000000,0.000091,0.000112,-0.000141,0.415185,-0.016351,0.482179,0.415185,-0.016351,0.482182,0.000000,0.001239
0.563000,0.071516,-0.358646,0.696015,-0.203996,0.111951,-0.279046,0.279046,3.000000,0.232695,0.000000,0.000000,-0.000073,0.000162,-0.000175,0.415184,-0.016352,0.482182,0.415185,-0.016351,0.482182,0.000000,0.001479
0.573000,0.080030,-0.372661,0.696003,-0.195482,0.097935,-0.279059,0.279059,3.000000,0.218643,0.000000,0.000000,-0.000105,-0.000500,-0.000290,0.415185,-0.016354,0.482182,0.415185,-0.016351,0.482182,0.000000,0.002454
0.583000,0.091249,-0.375858,0.696299,-0.184263,0.094739,-0.278763,0.278763,3.000000,0.207191,0.000000,0.000000,0.000228,-0.000189,-0.001067,0.415185,-0.016352,0.482180,0.415185,-0.016351,0.482182,0.000000,0.009086
0.593000,0.073991,-0.387088,0.679874,-0.201522,0.083509,-0.295188,0.295188,3.000000,0.218139,0.000000,0.000000,-0.000426,-0.000209,0.000141,0.415183,-0.016352,0.482182,0.415185,-0.016351,0.482182,0.000000,-0.001197
0.603000,0.113621,-0.357099,0.654495,-0.161891,0.113497,-0.320567,0.320567,3.000000,0.197713,0.000000,0.000000,-0.000129,-0.000410,-0.000195,0.415184,-0.016353,0.482182,0.415185,-0.016351,0.482182,0.000000,0.001654
0.613000,0.098139,-0.328122,0.641398,-0.177373,0.142475,-0.333664,0.333664,3.000000,0.227509,0.000000,0.000000,-0.000054,-0.000088,-0.000211,0.415184,-0.016352,0.482180,0.415185,-0.016351,0.482182,0.000000,0.001817
0.623000,0.123856,-0.374877,0.662966,-0.151656,0.095719,-0.312096,0.312096,3.000000,0.179337,0.000000,0.000000,0.000121,0.000513,-0.000216,0.415184,-0.016351,0.482180,0.415185,-0.016351,0.482182,0.000000,0.001864
0.633000,0.112014,-0.397365,0.662997,-0.163499,0.073232,-0.312065,0.312065,3.000000,0.179150,0.000000,0.000000,0.000422,-0.000026,-0.000551,0.415185,-0.016351,0.482180,0.415185,-0.016351,0.482182,0.000000,0.004704
0.643000,0.119687,-0.376409,0.660629,-0.155825,0.094187,-0.314432,0.314432,3.000000,0.182079,0.000000,0.000000,0.000439,0.000297,0.001273,0.415185,-0.016351,0.482185,0.415185,-0.016351,0.482182,0.000000,-0.010858
0.653000,0.122580,-0.403515,0.666406,-0.152932,0.067082,-0.308656,0.308656,3.000000,0.166997,0.000000,0.000000,-0.000233,0.000132,-0.000052,0.415183,-0.016353,0.482180,0.415185,-0.016351,0.482182,0.000000,0.000465
0.663000,0.180964,-0.406474,0.616296,-0.094549,0.064123,-0.358766,0.358766,3.000000,0.114242,0.000000,0.000000,0.000549,-0.000060,-0.000207,0.415185,-0.016353,0.482181,0.415185,-0.016351,0.482182,0.000000,0.001772
0.673000,0.185044,-0.391450,0.637164,-0.090468,0.079146,-0.337898,0.337898,3.000000,0.120203,0.000000,0.000000,-0.000524,-0.000048,-0.000124,0.415184,-0.016353,0.482182,0.415185,-0.016351,0.482182,0.000000,0.001048
0.683000,0.109280,-0.347116,0.681070,-0.166232,0.123481,-0.293992,0.293992,3.000000,0.207077,0.000000,0.000000,-0.000339,-0.000957,0.000611,0.415185,-0.016353,0.482183,0.415185,-0.016351,0.482182,0.000000,-0.005200
0.693000,0.105157,-0.369851,0.661751,-0.170355,0.100746,-0.313311,0.313311,3.000000,0.197916,0.000000,0.000000,0.000235,-0.000937,0.000352,0.415185,-0.016354,0.482182,0.415185,-0.016351,0.482182,0.000000,-0.002990
0.703000,0.054500,-0.395131,0.698405,-0.221012,0.075466,-0.276657,0.276657,3.000000,0.233541,0.000000,0.000000,0.000031,-0.000218,-0.000594,0.415184,-0.016352,0.482181,0.415185,-0.016351,0.482182,0.000000,0.005064
0.713000,0.088928,-0.399408,0.710707,-0.186584,0.071189,-0.264355,0.264355,3.000000,0.199703,0.000000,0.000000,-0.000261,-0.000820,0.001549,0.415184,-0.016354,0.482184,0.415185,-0.016351,0.482182,0.000000,-0.013186
0.723000,0.168196,-0.354233,0.654118,-0.107316,0.116364,-0.320944,0.320944,3.000000,0.158295,0.000000,0.000000,-0.000391,0.000094,0.000238,0.415183,-0.016352,0.482182,0.415185,-0.016351,0.482182,0.000000,-0.002033
0.733000,0.136327,-0.417825,0.701832,-0.139185,0.052772,-0.273229,0.273229,3.000000,0.148854,0.000000,0.000000,-0.000309,-0.000113,-0.000555,0.415184,-0.016353,0.482181,0.415185,-0.016351,0.482182,0.000000,0.004735
0.743000,0.090772,-0.383291,0.709306,-0.184740,0.087305,-0.265755,0.265755,3.000000,0.204331,0.000000,0.000000,-0.000199,0.000406,-0.000808,0.415184,-0.016352,0.482179,0.415185,-0.016351,0.482182,0.000000,0.006909
0.753000,0.122638,-0.435943,0.669744,-0.152874,0.034653,-0.305317,0.305317,3.000000,0.156752,0.000000,0.000000,-0.000609,-0.000371,0.000245,0.415183,-0.016354,0.482183,0.415185,-0.016351,0.482182,0.000000,-0.002097
0.763000,0.123195,-0.405084,0.671434,-0.152317,0.065513,-0.303628,0.303628,3.000000,0.165809,0.000000,0.000000,0.000093,-0.000223,-0.000091,0.415185,-0.016354,0.482181,0.415185,-0.016351,0.482182,0.000000,0.000789
0.773000,0.129600,-0.366987,0.670011,-0.145912,0.103610,-0.305051,0.305051,3.000000,0.178956,0.000000,0.000000,-0.000152,0.000214,0.001145,0.415184,-0.016351,0.482184,0.415185,-0.016351,0.482182,0.000000,-0.009759
0.783000,0.093985,-0.399215,0.662612,-0.181527,0.071381,-0.312450,0.312450,3.000000,0.195057,0.000000,0.000000,0.000259,-0.000440,0.000180,0.415185,-0.016353,0.482181,0.415185,-0.016351,0.482182,0.000000,-0.001516
0.793000,0.077594,-0.340723,0.671149,-0.197918,0.129874,-0.303913,0.303913,3.000000,0.236725,0.000000,0.000000,-0.000132,0.000196,-0.000264,0.415184,-0.016352,0.482181,0.415185,-0.016351,0.482182,0.000000,0.002249
0.803000,0.062684,-0.438372,0.687229,-0.212828,0.032225,-0.287833,0.287833,3.000000,0.215254,0.000000,0.000000,-0.000146,-0.000396,-0.000283,0.415185,-0.016354,0.482182,0.415185,-0.016351,0.482182,0.000000,0.002402
0.813000,0.091824,-0.406583,0.669710,-0.183688,0.064014,-0.305352,0.305352,3.000000,0.194522,0.000000,0.000000,0.000341,0.001060,0.000677,0.415186,-0.016349,0.482183,0.415185,-0.016351,0.482182,0.000000,-0.005758
0.823000,0.130144,-0.396678,0.654581,-0.145369,0.073918,-0.320481,0.320481,3.000000,0.163082,0.000000,0.000000,-0.000244,0.000300,0.000050,0.415184,-0.016352,0.482182,0.415185,-0.016351,0.482182,0.000000,-0.000423
0.833000,0.113687,-0.354019,0.677061,-0.161826,0.116578,-0.298001,0.298001,3.000000,0.199444,0.000000,0.000000,-0.000566,-0.000588,0.000018,0.415183,-0.016353,0.482181,0.415185,-0.016351,0.482182,0.000000,-0.000137
0.843000,0.076868,-0.354131,0.703100,-0.198645,0.116466,-0.271962,0.271962,3.000000,0.230269,0.000000,0.000000,0.000086,-0.001351,0.000555,0.415184,-0.016355,0.482183,0.415185,-0.016351,0.482182,0.000000,-0.004726
0.853000,0.128180,-0.361729,0.650192,-0.147332,0.108867,-0.324869,0.324869,3.000000,0.183191,0.000000,0.000000,0.000196,0.000218,-0.000541,0.415184,-0.016352,0.482180,0.415185,-0.016351,0.482182,0.000000,0.004617
0.863000,0.080855,-0.365293,0.682849,-0.194657,0.105304,-0.292213,0.292213,3.000000,0.221315,0.000000,0.000000,0.000242,0.000314,0.001010,0.415184,-0.016349,0.482184,0.415185,-0.016351,0.482182,0.000000,-0.008601
0.873000,0.117108,-0.359077,0.668410,-0.158404,0.111520,-0.306652,0.306652,3.000000,0.193723,0.000000,0.000000,0.000199,0.000178,0.000938,0.415184,-0.016351,0.482184,0.415185,-0.016351,0.482182,0.000000,-0.007996
0.883000,0.194320,-0.408576,0.660756,-0.081192,0.062020,-0.314305,0.314305,3.000000,0.102170,0.000000,0.000000,0.000042,-0.000654,0.000006,0.415185,-0.016352,0.482181,0.415185,-0.016351,0.482182,0.000000,-0.000032
0.893000,0.114251,-0.365827,0.712485,-0.161261,0.104769,-0.262576,0.262576,3.000000,0.192307,0.000000,0.000000,0.000848,0.000064,0.000627,0.415184,-0.016351,0.482182,0.415185,-0.016351,0.482182,0.000000,-0.005330
0.903000,0.146982,-0.364926,0.682336,-0.128530,0.105670,-0.292726,0.292726,3.000000,0.166392,0.000000,0.000000,0.000451,-0.000256,0.000308,0.415186,-0.016352,0.482182,0.415185,-0.016351,0.482182,0.000000,-0.002619
0.913000,0.144513,-0.395809,0.680273,-0.130999,0.074787,-0.294789,0.294789,3.000000,0.150844,0.000000,0.000000,-0.000186,-0.000395,0.000241,0.415184,-0.016353,0.482183,0.415185,-0.016351,0.482182,0.000000,-0.002062
0.923000,0.133137,-0.426898,0.691395,-0.142375,0.043699,-0.283666,0.283666,3.000000,0.148930,0.000000,0.000000,-0.000012,0.000396,-0.000356,0.415184,-0.016351,0.482180,0.415185,-0.016351,0.482182,0.000000,0.003045
0.933000,0.114274,-0.360853,0.691215,-0.161238,0.109744,-0.283846,0.283846,3.000000,0.195042,0.000000,0.000000,0.000589,0.000755,0.000996,0.415185,-0.016350,0.482184,0.415185,-0.016351,0.482182,0.000000,-0.008492
0.943000,0.155283,-0.392694,0.662585,-0.120229,0.077903,-0.312477,0.312477,3.000000,0.143261,0.000000,0.000000,-0.000053,0.000517,0.000560,0.415185,-0.016352,0.482182,0.415185,-0.016351,0.482182,0.000000,-0.004761
0.953000,0.168737,-0.395188,0.697076,-0.106775,0.075408,-0.277985,0.277985,3.000000,0.130719,0.000000,0.000000,0.000410,0.000323,0.000232,0.415185,-0.016351,0.482182,0.415185,-0.016351,0.482182,0.000000,-0.001967
0.963000,0.137935,-0.375427,0.708192,-0.137578,0.095170,-0.266870,0.266870,3.000000,0.167287,0.000000,0.000000,0.000446,-0.000949,0.000372,0.415186,-0.016355,0.482183,0.415185,-0.016351,0.482182,0.000000,-0.003178
0.973000,0.097653,-0.385937,0.715811,-0.177859,0.084659,-0.259251,0.259251,3.000000,0.196980,0.000000,0.000000,-0.000171,-0.000645,0.000634,0.415183,-0.016354,0.482183,0.415185,-0.016351,0.482182,0.000000,-0.005392
0.983000,0.143516,-0.388131,0.685827,-0.131996,0.082466,-0.289235,0.289235,3.000000,0.155639,0.000000,0.000000,-0.000042,0.000755,0.000253,0.415184,-0.016351,0.482182,0.415185,-0.016351,0.482182,0.000000,-0.002159
0.993000,0.091897,-0.392446,0.719034,-0.183615,0.078151,-0.256028,0.256028,3.000000,0.199555,0.000000,0.000000,-0.000032,0.000807,-0.000600,0.415184,-0.016351,0.482181,0.415185,-0.016351,0.482182,0.000000,0.005113
1.004000,0.154984,-0.401611,0.700471,-0.120528,0.068986,-0.274591,0.274591,3.000000,0.138874,0.000000,0.000000,-0.000014,-0.000163,-0.000496,0.415184,-0.016354,0.482181,0.415185,-0.016351,0.482182,0.000000,0.004230
1.015000,0.185761,-0.365365,0.690196,-0.089751,0.105232,-0.284865,0.284865,3.000000,0.138308,0.000000,0.000000,-0.000316,-0.000117,0.000012,0.415185,-0.016353,0.482182,0.415185,-0.016351,0.482182,0.000000,-0.000114
1.026000,0.104597,-0.349036,0.722794,-0.170915,0.121561,-0.252268,0.252268,3.000000,0.209736,0.000000,0.000000,-0.000183,0.000763,-0.000417,0.415185,-0.016350,0.482181,0.415185,-0.016351,0.482182,0.000000,0.003560
1.037000,0.107344,-0.347482,0.678697,-0.168168,0.123114,-0.296364,0.296364,3.000000,0.208417,0.000000,0.000000,0.000053,0.000512,0.000126,0.415185,-0.016352,0.482183,0.415185,-0.016351,0.482182,0.000000,-0.001100
1.048000,0.090302,-0.369354,0.654918,-0.185210,0.101243,-0.320144,0.320144,3.000000,0.211076,0.000000,0.000000,-0.000022,-0.000716,0.000008,0.415185,-0.016353,0.482182,0.415185,-0.016351,0.482182,0.000000,-0.000077
1.059000,0.120634,-0.318916,0.686850,-0.154878,0.151681,-0.288211,0.288211,3.000000,0.216782,0.000000,0.000000,-0.000038,-0.000052,0.000654,0.415185,-0.016352,0.482182,0.415185,-0.016351,0.482182,0.000000,-0.005555
1.070000,0.128229,-0.380632,0.669464,-0.147283,0.089965,-0.305598,0.305598,3.000000,0.172586,0.000000,0.000000,-0.000109,-0.000989,0.000395,0.415185,-0.016355,0.482182,0.415185,-0.016351,0.482182,0.000000,-0.003360
1.081000,0.114427,-0.372503,0.651582,-0.161085,0.098093,-0.323479,0.323479,3.000000,0.188602,0.000000,0.000000,0.000082,-0.000325,0.000299,0.415185,-0.016352,0.482184,0.415185,-0.016351,0.482182,0.000000,-0.002569
1.092000,0.113157,-0.371090,0.679873,-0.162355,0.099506,-0.295189,0.295189,3.000000,0.190422,0.000000,0.000000,-0.000056,-0.000966,0.000317,0.415185,-0.016353,0.482183,0.415185,-0.016351,0.482182,0.000000,-0.002704
1.103000,0.100170,-0.350513,0.693913,-0.175342,0.120083,-0.281148,0.281148,3.000000,0.212520,0.000000,0.000000,0.000091,0.000002,-0.000007,0.415184,-0.016351,0.482182,0.415185,-0.016351,0.482182,0.000000,0.000064
1.114000,0.137337,-0.397733,0.678783,-0.138175,0.072864,-0.296279,0.296279,3.000000,0.156210,0.000000,0.000000,0.000025,-0.000173,0.000293,0.415184,-0.016353,0.482181,0.415185,-0.016351,0.482182,0.000000,-0.002478
1.125000,0.149015,-0.411394,0.677626,-0.126497,0.059203,-0.297436,0.297436,3.000000,0.139666,0.000000,0.000000,0.000098,0.000246,0.000165,0.415185,-0.016352,0.482182,0.415185,-0.016351,0.482182,0.000000,-0.001405
1.136000,0.081227,-0.403462,0.683415,-0.194285,0.067135,-0.291647,0.291647,3.000000,0.205557,0.000000,0.000000,0.000199,0.000752,0.000600,0.415185,-0.016350,0.482183,0.415185,-0.016351,0.482182,0.000000,-0.005116
1.147000,0.109174,-0.376090,0.680092,-0.166338,0.094507,-0.294970,0.294970,3.000000,0.191311,0.000000,0.000000,-0.000507,0.000487,0.000064,0.415183,-0.016351,0.482183,0.415185,-0.016351,0.482182,0.000000,-0.000559
1.158000,0.125681,-0.410911,0.686868,-0.149832,0.059685,-0.288194,0.288194,3.000000,0.161282,0.000000,0.000000,-0.000019,-0.000623,-0.000726,0.415184,-0.016354,0.482179,0.415185,-0.016351,0.482182,0.000000,0.006217
1.169000,0.132233,-0.367339,0.672688,-0.143279,0.103258,-0.302374,0.302374,3.000000,0.176610,0.000000,0.000000,0.000337,0.000309,0.000056,0.415185,-0.016352,0.482183,0.415185,-0.016351,0.482182,0.000000,-0.000494
1.180000,0.149093,-0.370258,0.650793,-0.126419,0.100338,-0.324268,0.324268,3.000000,0.161399,0.000000,0.000000,-0.000287,0.000130,0.000349,0.415184,-0.016353,0.482182,0.415185,-0.016351,0.482182,0.000000,-0.002971
1.191000,0.135494,-0.369450,0.662218,-0.140018,0.101146,-0.312844,0.312844,3.000000,0.172730,0.000000,0.000000,-0.000238,0.000322,0.000154,0.415185,-0.016352,0.482181,0.415185,-0.016351,0.482182,0.000000,-0.001289
1.202000,0.115823,-0.361472,0.672546,-0.159689,0.109124,-0.302516,0.302516,3.000000,0.193413,0.000000,0.000000,0.000118,0.000021,-0.000307,0.415184,-0.016352,0.482179,0.415185,-0.016351,0.482182,0.000000,0.002660
1.213000,0.084213,-0.386041,0.696839,-0.191299,0.084556,-0.278223,0.278223,3.000000,0.209153,0.000000,0.000000,-0.000559,-0.000157,-0.000331,0.415183,-0.016353,0.482181,0.415185,-0.016351,0.482182,0.000000,0.002814
1.224000,0.042225,-0.400297,0.726965,-0.233287,0.070300,-0.248096,0.248096,3.000000,0.243649,0.000000,0.000000,0.000009,0.000699,0.000167,0.415184,-0.016352,0.482180,0.415185,-0.016351,0.482182,0.000000,-0.001383
1.235000,0.118190,-0.393177,0.649655,-0.157322,0.077420,-0.325407,0.325407,3.000000,0.175340,0.000000,0.000000,0.000321,0.001128,0.000465,0.415186,-0.016350,0.482183,0.415185,-0.016351,0.482182,0.000000,-0.003966
1.246000,0.145044,-0.426353,0.664387,-0.130469,0.044243,-0.310675,0.310675,3.000000,0.137766,0.000000,0.000000,-0.000111,0.000161,0.000070,0.415185,-0.016352,0.482181,0.415185,-0.016351,0.482182,0.000000,-0.000580
1.257000,0.133209,-0.353056,0.676191,-0.142303,0.117540,-0.298871,0.298871,3.000000,0.184570,0.000000,0.000000,0.000054,-0.000525,0.000144,0.415185,-0.016353,0.482180,0.415185,-0.016351,0.482182,0.000000,-0.001191
1.268000,0.137169,-0.360680,0.671555,-0.138343,0.109917,-0.303506,0.303506,3.000000,0.176694,0.000000,0.000000,-0.000107,-0.001304,0.000017,0.415184,-0.016354,0.482181,0.415185,-0.016351,0.482182,0.000000,-0.000141
1.279000,0.100098,-0.369835,0.681528,-0.175414,0.100762,-0.293534,0.293534,3.000000,0.202294,0.000000,0.000000,0.000296,0.000750,0.001069,0.415185,-0.016351,0.482184,0.415185,-0.016351,0.482182,0.000000,-0.009117
1.290000,0.174556,-0.377428,0.654263,-0.100956,0.093168,-0.320798,0.320798,3.000000,0.137377,0.000000,0.000000,0.000081,-0.001048,0.000896,0.415184,-0.016355,0.482183,0.415185,-0.016351,0.482182,0.000000,-0.007620
1.301000,0.140040,-0.393174,0.696200,-0.135472,0.077422,-0.278862,0.278862,3.000000,0.156035,0.000000,0.000000,-0.000039,-0.000712,0.001122,0.415184,-0.016354,0.482186,0.415185,-0.016351,0.482182,0.000000,-0.009597
1.312000,0.061543,-0.327660,0.738085,-0.213969,0.142936,-0.236977,0.236977,3.000000,0.257320,0.000000,0.000000,-0.000172,-0.000398,0.000316,0.415184,-0.016352,0.482181,0.415185,-0.016351,0.482182,0.000000,-0.002667
1.323000,0.133047,-0.332123,0.682722,-0.142466,0.138473,-0.292340,0.292340,3.000000,0.198674,0.000000,0.000000,0.000256,-0.000137,-0.000268,0.415185,-0.016353,0.482179,0.415185,-0.016351,0.482182,0.000000,0.002321
1.334000,0.154554,-0.390144,0.692106,-0.120958,0.080453,-0.282955,0.282955,3.000000,0.145270,0.000000,0.000000,-0.000107,0.000070,0.000207,0.415184,-0.016353,0.482181,0.415185,-0.016351,0.482182,0.000000,-0.001733
1.345000,0.137461,-0.400566,0.683997,-0.138051,0.070031,-0.291064,0.291064,3.000000,0.154798,0.000000,0.000000,0.000123,-0.000011,-0.000194,0.415185,-0.016352,0.482180,0.415185,-0.016351,0.482182,0.000000,0.001675
1.356000,0.135858,-0.410096,0.688015,-0.139654,0.060500,-0.287047,0.287047,3.000000,0.152195,0.000000,0.000000,-0.000211,-0.000528,-0.000405,0.415185,-0.016354,0.482181,0.415185,-0.016351,0.482182,0.000000,0.003456
1.367000,0.187652,-0.401669,0.690302,-0.087860,0.068928,-0.284760,0.284760,3.000000,0.111671,0.000000,0.000000,0.000317,0.001018,0.001439,0.415186,-0.016352,0.482186,0.415185,-0.016351,0.482182,0.000000,-0.012277
1.378000,0.179261,-0.394866,0.651435,-0.096251,0.075731,-0.323626,0.323626,3.000000,0.122472,0.000000,0.000000,0.000163,-0.000266,-0.000126,0.415184,-0.016351,0.482179,0.415185,-0.016351,0.482182,0.000000,0.001112
1.389000,0.163226,-0.331365,0.674450,-0.112286,0.139231,-0.300611,0.300611,3.000000,0.178867,0.000000,0.000000,0.000222,-0.000635,0.000057,0.415185,-0.016353,0.482181,0.415185,-0.016351,0.482182,0.000000,-0.000471
1.400000,0.119617,-0.369396,0.683943,-0.155895,0.101201,-0.291118,0.291118,3.000000,0.185862,0.000000,0.000000,-0.000063,-0.000412,-0.000255,0.415184,-0.016353,0.482181,0.415185,-0.016351,0.482182,0.000000,0.002185
1.411000,0.119669,-0.380677,0.717526,-0.155843,0.089920,-0.257536,0.257536,3.000000,0.179924,0.000000,0.000000,0.000196,0.000577,0.000023,0.415185,-0.016351,0.482181,0.415185,-0.016351,0.482182,0.000000,-0.000178
1.422000,0.116359,-0.380548,0.724237,-0.159153,0.090049,-0.250824,0.250824,3.000000,0.182862,0.000000,0.000000,-0.000247,-0.000027,-0.000170,0.415184,-0.016351,0.482181,0.415185,-0.016351,0.482182,0.000000,0.001466
1.433000,0.098410,-0.387466,0.719414,-0.177102,0.083130,-0.255648,0.255648,3.000000,0.195642,0.000000,0.000000,-0.000164,-0.000628,-0.000647,0.415185,-0.016353,0.482181,0.415185,-0.016351,0.482182,0.000000,0.005498
1.444000,0.173600,-0.367185,0.642926,-0.101912,0.103411,-0.332136,0.332136,3.000000,0.145190,0.000000,0.000000,-0.000422,0.000464,0.000438,0.415184,-0.016350,0.482183,0.415185,-0.016351,0.482182,0.000000,-0.003734
1.455000,0.150895,-0.355558,0.659210,-0.124617,0.115039,-0.315851,0.315851,3.000000,0.169598,0.000000,0.000000,-0.000214,-0.000469,0.000038,0.415185,-0.016353,0.482182,0.415185,-0.016351,0.482182,0.000000,-0.000317
1.466000,0.104178,-0.376658,0.697459,-0.171334,0.093939,-0.277603,0.277603,3.000000,0.195396,0.000000,0.000000,-0.000274,-0.000911,-0.000940,0.415183,-0.016354,0.482180,0.415185,-0.016351,0.482182,0.000000,0.008013
1.477000,0.092825,-0.395431,0.687009,-0.182687,0.075165,-0.288053,0.288053,3.000000,0.197546,0.000000,0.000000,-0.000119,-0.000088,-0.000436,0.415184,-0.016353,0.482181,0.415185,-0.016351,0.482182,0.000000,0.003719
1.488000,0.110522,-0.414882,0.688894,-0.164990,0.055714,-0.286167,0.286167,3.000000,0.174143,0.000000,0.000000,0.000002,-0.001039,-0.000323,0.415185,-0.016353,0.482181,0.415185,-0.016351,0.482182,0.000000,0.002752
1.499000,0.106983,-0.390056,0.680863,-0.168529,0.080541,-0.294198,0.294198,3.000000,0.186786,0.000000,0.000000,-0.000436,0.000011,-0.000147,0.415183,-0.016353,0.482181,0.415185,-0.016351,0.482182,0.000000,0.001268
1.510000,0.139252,-0.379414,0.669732,-0.136260,0.091183,-0.305330,0.305330,3.000000,0.163954,0.000000,0.000000,-0.000368,-0.000217,0.000222,0.415185,-0.016352,0.482181,0.415185,-0.016351,0.482182,0.000000,-0.001875
1.521000,0.102862,-0.376169,0.697081,-0.172651,0.094427,-0.277981,0.277981,3.000000,0.196786,0.000000,0.000000,-0.000121,0.001197,0.000278,0.415185,-0.016348,0.482183,0.415185,-0.016351,0.482182,0.000000,-0.002380
1.532000,0.122837,-0.403058,0.684175,-0.152675,0.067539,-0.290887,0.290887,3.000000,0.166947,0.000000,0.000000,0.000055,-0.000631,0.000782,0.415185,-0.016354,0.482183,0.415185,-0.016351,0.482182,0.000000,-0.006653
1.543000,0.139812,-0.386815,0.666411,-0.135700,0.083781,-0.308650,0.308650,3.000000,0.159479,0.000000,0.000000,0.000163,-0.000445,0.000416,0.415185,-0.016353,0.482183,0.415185,-0.016351,0.482182,0.000000,-0.003555
1.554000,0.097083,-0.354404,0.700859,-0.178430,0.116192,-0.274202,0.274202,3.000000,0.212927,0.000000,0.000000,0.000506,0.000044,0.000269,0.415186,-0.016352,0.482183,0.415185,-0.016351,0.482182,0.000000,-0.002304
1.565000,0.062296,-0.358946,0.705738,-0.213216,0.111651,-0.269324,0.269324,3.000000,0.240680,0.000000,0.000000,-0.000236,-0.000404,0.000526,0.415184,-0.016353,0.482182,0.415185,-0.016351,0.482182,0.000000,-0.004458
1.576000,0.125763,-0.390817,0.663660,-0.149749,0.079780,-0.311402,0.311402,3.000000,0.169675,0.000000,0.000000,-0.000289,0.000299,-0.000276,0.415185,-0.016353,0.482180,0.415185,-0.016351,0.482182,0.000000,0.002374
1.587000,0.109787,-0.370730,0.684845,-0.165725,0.099867,-0.290216,0.290216,3.000000,0.193490,0.000000,0.000000,-0.000246,-0.000088,-0.000786,0.415184,-0.016352,0.482179,0.415185,-0.016351,0.482182,0.000000,0.006719
1.598000,0.084655,-0.355411,0.663459,-0.190857,0.115185,-0.311603,0.311603,3.000000,0.222922,0.000000,0.000000,0.000401,0.000026,0.000897,0.415186,-0.016352,0.482184,0.415185,-0.016351,0.482182,0.000000,-0.007644
1.609000,0.107818,-0.361168,0.659018,-0.167694,0.109429,-0.316044,0.316044,3.000000,0.200240,0.000000,0.000000,0.000087,0.000044,-0.000377,0.415184,-0.016351,0.482180,0.415185,-0.016351,0.482182,0.000000,0.003240
1.620000,0.116795,-0.374616,0.649886,-0.158717,0.095980,-0.325175,0.325175,3.000000,0.185482,0.000000,0.000000,-0.000021,-0.000310,0.000357,0.415184,-0.016353,0.482180,0.415185,-0.016351,0.482182,0.000000,-0.003008
1.631000,0.079206,-0.408721,0.680689,-0.196306,0.061876,-0.294372,0.294372,3.000000,0.205827,0.000000,0.000000,0.000262,-0.000032,-0.000038,0.415184,-0.016352,0.482181,0.415185,-0.016351,0.482182,0.000000,0.000327
1.642000,0.084841,-0.367110,0.685380,-0.190672,0.103487,-0.289682,0.289682,3.000000,0.216945,0.000000,0.000000,0.000016,-0.000074,-0.000677,0.415184,-0.016352,0.482180,0.415185,-0.016351,0.482182,0.000000,0.005779
1.653000,0.112394,-0.369475,0.663087,-0.163119,0.101121,-0.311974,0.311974,3.000000,0.191920,0.000000,0.000000,0.000103,0.000128,0.000076,0.415184,-0.016353,0.482180,0.415185,-0.016351,0.482182,0.000000,-0.000617
1.664000,0.136928,-0.389177,0.672876,-0.138584,0.081419,-0.302185,0.302185,3.000000,0.160731,0.000000,0.000000,-0.000151,-0.000115,0.000169,0.415184,-0.016352,0.482181,0.415185,-0.016351,0.482182,0.000000,-0.001424
1.675000,0.177253,-0.389132,0.651117,-0.098259,0.081465,-0.323945,0.323945,3.000000,0.127638,0.000000,0.000000,0.000092,0.000510,0.000802,0.415184,-0.016351,0.482182,0.415185,-0.016351,0.482182,0.000000,-0.006804
1.686000,0.157330,-0.330439,0.681247,-0.118182,0.140158,-0.293815,0.293815,3.000000,0.183334,0.000000,0.000000,0.000039,-0.000370,-0.000351,0.415185,-0.016352,0.482182,0.415185,-0.016351,0.482182,0.000000,0.002970
1.697000,0.131983,-0.344525,0.690534,-0.143529,0.126072,-0.284527,0.284527,3.000000,0.191036,0.000000,0.000000,0.000163,-0.000232,-0.000057,0.415184,-0.016352,0.482183,0.415185,-0.016351,0.482182,0.000000,0.000471
1.708000,0.109996,-0.329419,0.697767,-0.165516,0.141177,-0.277294,0.277294,3.000000,0.217547,0.000000,0.000000,0.000084,-0.000730,0.000078,0.415185,-0.016353,0.482182,0.415185,-0.016351,0.482182,0.000000,-0.000664
1.719000,0.130173,-0.344103,0.679828,-0.145339,0.126493,-0.295234,0.295234,3.000000,0.192676,0.000000,0.000000,-0.000082,0.000219,0.000088,0.415185,-0.016350,0.482179,0.415185,-0.016351,0.482182,0.000000,-0.000701
1.730000,0.155846,-0.343191,0.666624,-0.119666,0.127406,-0.308437,0.308437,3.000000,0.174792,0.000000,0.000000,-0.000421,-0.000472,0.001235,0.415183,-0.016353,0.482183,0.415185,-0.016351,0.482182,0.000000,-0.010509
1.741000,0.122861,-0.467143,0.680469,-0.152652,0.003454,-0.294593,0.294593,3.000000,0.152691,0.000000,0.000000,0.000299,0.000909,-0.000201,0.415185,-0.016351,0.482179,0.415185,-0.016351,0.482182,0.000000,0.001748
1.752000,0.087472,-0.431610,0.704025,-0.188040,0.038986,-0.271036,0.271036,3.000000,0.192039,0.000000,0.000000,-0.000220,0.000282,-0.000064,0.415184,-0.016352,0.482182,0.415185,-0.016351,0.482182,0.000000,0.000544
1.763000,0.052872,-0.389821,0.721155,-0.222640,0.080775,-0.253907,0.253907,3.000000,0.236840,0.000000,0.000000,0.000108,-0.000133,0.000821,0.415185,-0.016351,0.482183,0.415185,-0.016351,0.482182,0.000000,-0.006978
1.774000,0.149657,-0.405201,0.658292,-0.125855,0.065395,-0.316770,0.316770,3.000000,0.141831,0.000000,0.000000,0.000000,-0.000565,0.000699,0.415184,-0.016353,0.482182,0.415185,-0.016351,0.482182,0.000000,-0.005940
1.785000,0.150899,-0.430777,0.662243,-0.124613,0.039820,-0.312818,0.312818,3.000000,0.130820,0.000000,0.000000,-0.000016,0.000085,-0.000484,0.415185,-0.016352,0.482180,0.415185,-0.016351,0.482182,0.000000,0.004137
1.796000,0.098855,-0.328544,0.685266,-0.176657,0.142053,-0.289796,0.289796,3.000000,0.226686,0.000000,0.000000,-0.000036,-0.001171,0.000106,0.415184,-0.016355,0.482182,0.415185,-0.016351,0.482182,0.000000,-0.000904
1.807000,0.125811,-0.357313,0.685307,-0.149701,0.113283,-0.289755,0.289755,3.000000,0.187732,0.000000,0.000000,-0.000223,0.000049,-0.000453,0.415185,-0.016352,0.482181,0.415185,-0.016351,0.482182,0.000000,0.003858
1.818000,0.103579,-0.353394,0.689848,-0.171933,0.117203,-0.285214,0.285214,3.000000,0.208080,0.000000,0.000000,-0.000163,0.000514,-0.000562,0.415185,-0.016350,0.482180,0.415185,-0.016351,0.482182,0.000000,0.004807
1.829000,0.111317,-0.386560,0.714966,-0.164195,0.084037,-0.260096,0.260096,3.000000,0.184451,0.000000,0.000000,-0.000472,0.000056,-0.000366,0.415184,-0.016355,0.482181,0.415185,-0.016351,0.482182,0.000000,0.003109
1.840000,0.140666,-0.431742,0.673602,-0.134846,0.038855,-0.301460,0.301460,3.000000,0.140333,0.000000,0.000000,0.000203,0.000771,0.000976,0.415185,-0.016351,0.482182,0.415185,-0.016351,0.482182,0.000000,-0.008279
1.851000,0.123740,-0.391460,0.658650,-0.151773,0.079137,-0.316412,0.316412,3.000000,0.171165,0.000000,0.000000,0.000131,-0.000372,0.000688,0.415185,-0.016352,0.482183,0.415185,-0.016351,0.482182,0.000000,-0.005853
1.862000,0.109547,-0.360819,0.696040,-0.165966,0.109777,-0.279021,0.279021,3.000000,0.198986,0.000000,0.000000,0.000065,-0.000042,0.000347,0.415185,-0.016352,0.482181,0.415185,-0.016351,0.482182,0.000000,-0.002943
1.873000,0.142960,-0.393570,0.675401,-0.132552,0.077027,-0.299660,0.299660,3.000000,0.153308,0.000000,0.000000,0.000139,0.000501,0.000131,0.415185,-0.016351,0.482181,0.415185,-0.016351,0.482182,0.000000,-0.001104
1.884000,0.105667,-0.351050,0.693775,-0.169845,0.119547,-0.281286,0.281286,3.000000,0.207699,0.000000,0.000000,0.000103,-0.000340,-0.000178,0.415185,-0.016353,0.482181,0.415185,-0.016351,0.482182,0.000000,0.001520
1.895000,0.160289,-0.374963,0.666583,-0.115223,0.095633,-0.308479,0.308479,3.000000,0.149740,0.000000,0.000000,-0.000409,-0.000033,-0.000214,0.415184,-0.016351,0.482181,0.415185,-0.016351,0.482182,0.000000,0.001832
1.906000,0.096530,-0.366689,0.701982,-0.178982,0.103908,-0.273080,0.273080,3.000000,0.206958,0.000000,0.000000,0.000224,-0.000410,-0.000594,0.415185,-0.016353,0.482178,0.415185,-0.016351,0.482182,0.000000,0.005107
1.917000,0.114495,-0.362706,0.684055,-0.161017,0.107891,-0.291007,0.291007,3.000000,0.193822,0.000000,0.000000,0.000575,0.000120,-0.000002,0.415186,-0.016352,0.482182,0.415185,-0.016351,0.482182,0.000000,0.000015
1.928000,0.107752,-0.376009,0.676263,-0.167760,0.094587,-0.298799,0.298799,3.000000,0.192588,0.000000,0.000000,-0.000226,0.000163,-0.000025,0.415184,-0.016351,0.482183,0.415185,-0.016351,0.482182,0.000000,0.000195
1.939000,0.128831,-0.415995,0.659577,-0.146681,0.054601,-0.315484,0.315484,3.000000,0.156514,0.000000,0.000000,0.000203,0.000285,0.000359,0.415184,-0.016353,0.482182,0.415185,-0.016351,0.482182,0.000000,-0.003041
1.950000,0.111246,-0.354887,0.689267,-0.164266,0.115710,-0.285795,0.285795,3.000000,0.200928,0.000000,0.000000,0.000435,0.000171,-0.000604,0.415185,-0.016352,0.482181,0.415185,-0.016351,0.482182,0.000000,0.005146
1.961000,0.152644,-0.371945,0.657845,-0.122868,0.098652,-0.317217,0.317217,3.000000,0.157571,0.000000,0.000000,0.000244,-0.000290,0.001165,0.415185,-0.016353,0.482185,0.415185,-0.016351,0.482182,0.000000,-0.009935
1.972000,0.144453,-0.332149,0.672403,-0.131059,0.138448,-0.302658,0.302658,3.000000,0.190642,0.000000,0.000000,-0.000002,-0.000220,-0.000386,0.415184,-0.016353,0.482181,0.415185,-0.016351,0.482182,0.000000,0.003294
1.983000,0.104797,-0.388994,0.717138,-0.170715,0.081603,-0.257924,0.257924,3.000000,0.189216,0.000000,0.000000,0.000534,-0.000141,-0.000336,0.415185,-0.016353,0.482182,0.415185,-0.016351,0.482182,0.000000,0.002847
1.994000,0.112001,-0.401011,0.719293,-0.163511,0.069586,-0.255768,0.255768,3.000000,0.177702,0.000000,0.000000,-0.000134,-0.000119,-0.000275,0.415185,-0.016353,0.482181,0.415185,-0.016351,0.482182,0.000000,0.002350
2.005000,0.102893,-0.401639,0.710834,-0.172619,0.068958,-0.264228,0.264228,3.000000,0.185883,0.000000,0.000000,0.000040,-0.000086,-0.000476,0.415185,-0.016353,0.482182,0.415185,-0.016351,0.482182,0.000000,0.004043
2.016000,0.115722,-0.349405,0.685065,-0.159790,0.121191,-0.289996,0.289996,3.000000,0.200550,0.000000,0.000000,-0.000341,-0.000512,0.000164,0.415184,-0.016354,0.482181,0.415185,-0.016351,0.482182,0.000000,-0.001382
2.027000,0.111706,-0.343271,0.687411,-0.163806,0.127325,-0.287650,0.287650,3.000000,0.207471,0.000000,0.000000,-0.000120,-0.000575,-0.000707,0.415184,-0.016354,0.482181,0.415185,-0.016351,0.482182,0.000000,0.006010
2.038000,0.123926,-0.391166,0.664454,-0.151586,0.079431,-0.310608,0.310608,3.000000,0.171136,0.000000,0.000000,0.000174,-0.000151,0.000128,0.415184,-0.016352,0.482181,0.415185,-0.016351,0.482182,0.000000,-0.001080
2.049000,0.121910,-0.351636,0.679612,-0.153602,0.118960,-0.295450,0.295450,3.000000,0.194281,0.000000,0.000000,0.000250,0.000310,0.000931,0.415185,-0.016351,0.482185,0.415185,-0.016351,0.482182,0.000000,-0.007952
2.060000,0.143602,-0.345340,0.666577,-0.131910,0.125256,-0.308485,0.308485,3.000000,0.181905,0.000000,0.000000,0.000106,0.000737,-0.000322,0.415184,-0.016350,0.482180,0.415185,-0.016351,0.482182,0.000000,0.002765
2.071000,0.159367,-0.397306,0.676687,-0.116145,0.073291,-0.298375,0.298375,3.000000,0.137336,0.000000,0.000000,-0.000440,0.000671,0.000311,0.415183,-0.016350,0.482182,0.415185,-0.016351,0.482182,0.000000,-0.002646
2.082000,0.139322,-0.338073,0.694376,-0.136190,0.132523,-0.280685,0.280685,3.000000,0.190027,0.000000,0.000000,-0.000135,-0.000089,-0.000617,0.415185,-0.016351,0.482180,0.415185,-0.016351,0.482182,0.000000,0.005266
2.093000,0.144260,-0.365813,0.690450,-0.131253,0.104783,-0.284611,0.284611,3.000000,0.167949,0.000000,0.000000,0.000232,0.000539,-0.000331,0.415185,-0.016352,0.482181,0.415185,-0.016351,0.482182,0.000000,0.002827
2.104000,0.173355,-0.374876,0.654791,-0.102157,0.095720,-0.320270,0.320270,3.000000,0.139995,0.000000,0.000000,-0.000273,-0.000177,-0.000592,0.415184,-0.016352,0.482181,0.415185,-0.016351,0.482182,0.000000,0.005028
2.115000,0.135307,-0.377086,0.688123,-0.140205,0.093510,-0.286938,0.286938,3.000000,0.168528,0.000000,0.000000,-0.000306,-0.000337,-0.000793,0.415185,-0.016353,0.482179,0.415185,-0.016351,0.482182,0.000000,0.006771
2.126000,0.133510,-0.388755,0.693496,-0.142003,0.081842,-0.281566,0.281566,3.000000,0.163899,0.000000,0.000000,-0.000331,-0.000646,0.000613,0.415184,-0.016354,0.482183,0.415185,-0.016351,0.482182,0.000000,-0.005234
2.137000,0.102471,-0.358947,0.665257,-0.173041,0.111650,-0.309805,0.309805,3.000000,0.205934,0.000000,0.000000,0.000286,0.000357,-0.000405,0.415185,-0.016352,0.482180,0.415185,-0.016351,0.482182,0.000000,0.003461
2.148000,0.099759,-0.409646,0.686825,-0.175753,0.060951,-0.288237,0.288237,3.000000,0.186022,0.000000,0.000000,0.000502,0.001250,0.000004,0.415186,-0.016350,0.482182,0.415185,-0.016351,0.482182,0.000000,-0.000042
2.159000,0.121837,-0.394685,0.667287,-0.153675,0.075912,-0.307774,0.307774,3.000000,0.171402,0.000000,0.000000,-0.000316,0.000517,-0.000510,0.415184,-0.016351,0.482180,0.415185,-0.016351,0.482182,0.000000,0.004368
2.170000,0.134980,-0.396526,0.669104,-0.140532,0.074070,-0.305957,0.305957,3.000000,0.158857,0.000000,0.000000,-0.000327,-0.000671,-0.000104,0.415184,-0.016353,0.482181,0.415185,-0.016351,0.482182,0.000000,0.000886
2.181000,0.119941,-0.324210,0.647668,-0.155571,0.146386,-0.327394,0.327394,3.000000,0.213614,0.000000,0.000000,-0.000353,-0.000223,-0.000103,0.415183,-0.016354,0.482179,0.415185,-0.016351,0.482182,0.000000,0.000914
2.192000,0.097335,-0.397299,0.663707,-0.178177,0.073297,-0.311355,0.311355,3.000000,0.192664,0.000000,0.000000,-0.000292,-0.000497,0.000368,0.415184,-0.016354,0.482182,0.415185,-0.016351,0.482182,0.000000,-0.003129
2.203000,0.130604,-0.394802,0.669504,-0.144908,0.075795,-0.305557,0.305557,3.000000,0.163533,0.000000,0.000000,-0.000041,0.000213,-0.000792,0.415184,-0.016353,0.482179,0.415185,-0.016351,0.482182,0.000000,0.006763
2.214000,0.106057,-0.381283,0.681915,-0.169455,0.089314,-0.293147,0.293147,3.000000,0.191551,0.000000,0.000000,-0.000061,0.000312,0.000616,0.415184,-0.016352,0.482182,0.415185,-0.016351,0.482182,0.000000,-0.005240
2.225000,0.100244,-0.361935,0.668126,-0.175268,0.108661,-0.306935,0.306935,3.000000,0.206219,0.000000,0.000000,-0.000207,0.000602,-0.000571,0.415184,-0.016352,0.482180,0.415185,-0.016351,0.482182,0.000000,0.004871
2.236000,0.090445,-0.339500,0.703523,-0.185067,0.131097,-0.271539,0.271539,3.000000,0.226796,0.000000,0.000000,0.000130,0.000797,-0.000022,0.415185,-0.016349,0.482181,0.415185,-0.016351,0.482182,0.000000,0.000192
2.247000,0.069754,-0.352884,0.699096,-0.205758,0.117713,-0.275966,0.275966,3.000000,0.237050,0.000000,0.000000,-0.000283,-0.000460,-0.000371,0.415183,-0.016354,0.482182,0.415185,-0.016351,0.482182,0.000000,0.003144
2.258000,0.167557,-0.359311,0.644510,-0.107955,0.111285,-0.330551,0.330551,3.000000,0.155044,0.000000,0.000000,-0.000681,0.000633,0.000576,0.415183,-0.016349,0.482183,0.415185,-0.016351,0.482182,0.000000,-0.004912
2.269000,0.132257,-0.396888,0.678923,-0.143255,0.073709,-0.296139,0.296139,3.000000,0.161106,0.000000,0.000000,0.000422,-0.000269,0.000008,0.415185,-0.016352,0.482181,0.415185,-0.016351,0.482182,0.000000,-0.000059
2.280000,0.179113,-0.380509,0.656635,-0.096399,0.090088,-0.318427,0.318427,3.000000,0.131941,0.000000,0.000000,0.000164,-0.000347,0.000340,0.415185,-0.016354,0.482182,0.415185,-0.016351,0.482182,0.000000,-0.002893
2.291000,0.151410,-0.394763,0.699993,-0.124102,0.075833,-0.275069,0.275069,3.000000,0.145437,0.000000,0.000000,-0.000011,-0.000495,-0.000074,0.415185,-0.016353,0.482183,0.415185,-0.016351,0.482182,0.000000,0.000606
2.302000,0.106996,-0.357358,0.699478,-0.168516,0.113239,-0.275584,0.275584,3.000000,0.203029,0.000000,0.000000,-0.000038,-0.000085,0.001016,0.415184,-0.016353,0.482183,0.415185,-0.016351,0.482182,0.000000,-0.008639
2.313000,0.085825,-0.388207,0.673042,-0.189687,0.082390,-0.302020,0.302020,3.000000,0.206808,0.000000,0.000000,0.000080,0.000150,0.000216,0.415185,-0.016350,0.482181,0.415185,-0.016351,0.482182,0.000000,-0.001818
2.324000,0.088125,-0.399259,0.690658,-0.187387,0.071338,-0.284403,0.284403,3.000000,0.200506,0.000000,0.000000,-0.000081,0.000607,-0.000108,0.415184,-0.016350,0.482181,0.415185,-0.016351,0.482182,0.000000,0.000939
2.335000,0.102586,-0.372516,0.690706,-0.172926,0.098081,-0.284355,0.284355,3.000000,0.198804,0.000000,0.000000,0.000430,-0.000066,-0.000409,0.415185,-0.016353,0.482182,0.415185,-0.016351,0.482182,0.000000,0.003474
2.346000,0.104209,-0.381898,0.690105,-0.171304,0.088699,-0.284957,0.284957,3.000000,0.192905,0.000000,0.000000,-0.000187,-0.001079,-0.000017,0.415184,-0.016354,0.482181,0.415185,-0.016351,0.482182,0.000000,0.000149
2.357000,0.124287,-0.341112,0.709947,-0.151225,0.129484,-0.265115,0.265115,3.000000,0.199086,0.000000,0.000000,-0.000384,0.000525,-0.000752,0.415184,-0.016350,0.482180,0.415185,-0.016351,0.482182,0.000000,0.006403
2.368000,0.152054,-0.341405,0.690051,-0.123458,0.129191,-0.285011,0.285011,3.000000,0.178696,0.000000,0.000000,-0.000193,0.000345,-0.000187,0.415184,-0.016351,0.482182,0.415185,-0.016351,0.482182,0.000000,0.001588
2.379000,0.128703,-0.368586,0.699373,-0.146809,0.102010,-0.275689,0.275689,3.000000,0.178771,0.000000,0.000000,-0.000111,-0.000052,0.000289,0.415185,-0.016352,0.482183,0.415185,-0.016351,0.482182,0.000000,-0.002468
2.390000,0.134973,-0.397900,0.682958,-0.140539,0.072696,-0.292104,0.292104,3.000000,0.158228,0.000000,0.000000,-0.000016,-0.000440,0.000058,0.415185,-0.016353,0.482182,0.415185,-0.016351,0.482182,0.000000,-0.000492
2.401000,0.095896,-0.401453,0.678881,-0.179616,0.069144,-0.296180,0.296180,3.000000,0.192465,0.000000,0.000000,-0.000165,0.000657,-0.000746,0.415184,-0.016351,0.482181,0.415185,-0.016351,0.482182,0.000000,0.006352
2.412000,0.152466,-0.360838,0.627783,-0.123047,0.109759,-0.347279,0.347279,3.000000,0.164886,0.000000,0.000000,0.000088,-0.000371,0.000654,0.415185,-0.016353,0.482185,0.415185,-0.016351,0.482182,0.000000,-0.005605
2.423000,0.117792,-0.359283,0.654838,-0.157720,0.111313,-0.320224,0.320224,3.000000,0.193045,0.000000,0.000000,0.000056,-0.000251,-0.000257,0.415185,-0.016353,0.482181,0.415185,-0.016351,0.482182,0.000000,0.002206
2.434000,0.068322,-0.391152,0.679279,-0.207190,0.079445,-0.295782,0.295782,3.000000,0.221899,0.000000,0.000000,0.000176,-0.000007,-0.001371,0.415185,-0.016352,0.482178,0.415185,-0.016351,0.482182,0.000000,0.011700
2.445000,0.106204,-0.357976,0.674915,-0.169308,0.112620,-0.300147,0.300147,3.000000,0.203344,0.000000,0.000000,0.000191,-0.000628,-0.000091,0.415184,-0.016353,0.482181,0.415185,-0.016351,0.482182,0.000000,0.000786
2.456000,0.140613,-0.401211,0.667681,-0.134900,0.069385,-0.307381,0.307381,3.000000,0.151698,0.000000,0.000000,0.000293,0.000723,-0.000500,0.415184,-0.016351,0.482181,0.415185,-0.016351,0.482182,0.000000,0.004247
2.467000,0.158210,-0.397326,0.671462,-0.117302,0.073271,-0.303599,0.303599,3.000000,0.138306,0.000000,0.000000,0.000413,-0.000722,-0.000454,0.415184,-0.016353,0.482180,0.415185,-0.016351,0.482182,0.000000,0.003878
2.478000,0.180591,-0.381043,0.629710,-0.094921,0.089553,-0.345351,0.345351,3.000000,0.130498,0.000000,0.000000,0.000077,0.000611,-0.000071,0.415184,-0.016351,0.482181,0.415185,-0.016351,0.482182,0.000000,0.000621
2.489000,0.152272,-0.382618,0.655806,-0.123240,0.087978,-0.319256,0.319256,3.000000,0.151421,0.000000,0.000000,-0.000032,0.000252,0.000740,0.415184,-0.016352,0.482184,0.415185,-0.016351,0.482182,0.000000,-0.006327
2.500000,0.150219,-0.388676,0.699650,-0.125293,0.081920,-0.275411,0.275411,3.000000,0.149697,0.000000,0.000000,-0.000018,0.000079,0.001301,0.415184,-0.016351,0.482185,0.415185,-0.016351,0.482182,0.000000,-0.011093
2.511000,0.127626,-0.393815,0.675876,-0.147886,0.076782,-0.299186,0.299186,3.000000,0.166630,0.000000,0.000000,-0.000254,-0.000242,0.000507,0.415185,-0.016352,0.482183,0.415185,-0.016351,0.482182,0.000000,-0.004335
2.522000,0.142806,-0.373853,0.661724,-0.132706,0.096743,-0.313338,0.313338,3.000000,0.164226,0.000000,0.000000,0.000061,-0.000404,0.000605,0.415184,-0.016354,0.482183,0.415185,-0.016351,0.482182,0.000000,-0.005162
2.533000,0.087495,-0.368787,0.701417,-0.188017,0.101810,-0.273645,0.273645,3.000000,0.213812,0.000000,0.000000,-0.000077,-0.000142,-0.000632,0.415184,-0.016353,0.482179,0.415185,-0.016351,0.482182,0.000000,0.005411
2.544000,0.121067,-0.385978,0.663219,-0.154445,0.084618,-0.311843,0.311843,3.000000,0.176107,0.000000,0.000000,0.000562,-0.001024,-0.000396,0.415185,-0.016353,0.482180,0.415185,-0.016351,0.482182,0.000000,0.003394
2.555000,0.089948,-0.378798,0.650319,-0.185564,0.091799,-0.324742,0.324742,3.000000,0.207029,0.000000,0.000000,0.000040,-0.001084,0.001557,0.415184,-0.016355,0.482185,0.415185,-0.016351,0.482182,0.000000,-0.013271
2.566000,0.095207,-0.382138,0.675692,-0.180305,0.088459,-0.299370,0.299370,3.000000,0.200835,0.000000,0.000000,0.000161,0.000244,-0.000093,0.415185,-0.016351,0.482182,0.415185,-0.016351,0.482182,0.000000,0.000781
2.577000,0.100709,-0.414183,0.680524,-0.174803,0.056413,-0.294538,0.294538,3.000000,0.183681,0.000000,0.000000,-0.000335,-0.000790,0.000799,0.415184,-0.016354,0.482183,0.415185,-0.016351,0.482182,0.000000,-0.006801
2.588000,0.112245,-0.336759,0.655739,-0.163267,0.133837,-0.319322,0.319322,3.000000,0.211113,0.000000,0.000000,-0.000018,0.000139,0.000950,0.415185,-0.016349,0.482184,0.415185,-0.016351,0.482182,0.000000,-0.008109
2.599000,0.122640,-0.358098,0.636548,-0.152872,0.112498,-0.338514,0.338514,3.000000,0.189804,0.000000,0.000000,-0.000523,-0.000142,0.000395,0.415183,-0.016353,0.482183,0.415185,-0.016351,0.482182,0.000000,-0.003371
2.610000,0.083799,-0.336496,0.687670,-0.191713,0.134101,-0.287391,0.287391,3.000000,0.233959,0.000000,0.000000,-0.000139,-0.000507,-0.001400,0.415184,-0.016352,0.482178,0.415185,-0.016351,0.482182,0.000000,0.011942
2.621000,0.117622,-0.392220,0.669170,-0.157890,0.078377,-0.305891,0.305891,3.000000,0.176273,0.000000,0.000000,-0.000127,0.000135,0.001039,0.415184,-0.016352,0.482185,0.415185,-0.016351,0.482182,0.000000,-0.008868
2.632000,0.154951,-0.377479,0.650025,-0.120562,0.093118,-0.325037,0.325037,3.000000,0.152335,0.000000,0.000000,-0.000523,-0.001047,-0.000071,0.415184,-0.016353,0.482181,0.415185,-0.016351,0.482182,0.000000,0.000619
2.643000,0.200330,-0.387424,0.628695,-0.075183,0.083173,-0.346367,0.346367,3.000000,0.112116,0.000000,0.000000,0.000161,-0.000793,0.000040,0.415185,-0.016353,0.482181,0.415185,-0.016351,0.482182,0.000000,-0.000334
2.654000,0.129590,-0.382841,0.656034,-0.145922,0.087755,-0.319028,0.319028,3.000000,0.170277,0.000000,0.000000,-0.000062,0.000464,-0.000701,0.415184,-0.016351,0.482181,0.415185,-0.016351,0.482182,0.000000,0.005964
2.665000,0.069681,-0.419766,0.699417,-0.205831,0.050830,-0.275645,0.275645,3.000000,0.212015,0.000000,0.000000,-0.000399,-0.000452,-0.000340,0.415184,-0.016353,0.482182,0.415185,-0.016351,0.482182,0.000000,0.002878
2.676000,0.089289,-0.430385,0.699674,-0.186223,0.040211,-0.275388,0.275388,3.000000,0.190515,0.000000,0.000000,-0.000261,-0.000689,-0.000121,0.415184,-0.016355,0.482181,0.415185,-0.016351,0.482182,0.000000,0.001052
2.687000,0.125657,-0.385767,0.664340,-0.149855,0.084830,-0.310721,0.310721,3.000000,0.172199,0.000000,0.000000,0.000269,-0.000189,0.000305,0.415185,-0.016352,0.482183,0.415185,-0.016351,0.482182,0.000000,-0.002609
2.698000,0.107555,-0.341385,0.705408,-0.167957,0.129212,-0.269653,0.269653,3.000000,0.211909,0.000000,0.000000,-0.000241,-0.000264,-0.000006,0.415185,-0.016351,0.482183,0.415185,-0.016351,0.482182,0.000000,0.000029
2.709000,0.147364,-0.372852,0.661461,-0.128149,0.097745,-0.313601,0.313601,3.000000,0.161171,0.000000,0.000000,-0.000375,-0.000272,0.000589,0.415184,-0.016352,0.482183,0.415185,-0.016351,0.482182,0.000000,-0.005032
2.720000,0.155577,-0.377539,0.687235,-0.119935,0.093058,-0.287827,0.287827,3.000000,0.151803,0.000000,0.000000,0.000018,-0.000095,-0.000244,0.415185,-0.016352,0.482179,0.415185,-0.016351,0.482182,0.000000,0.002119
2.731000,0.163760,-0.393209,0.663191,-0.111752,0.077387,-0.311871,0.311871,3.000000,0.135931,0.000000,0.000000,0.000442,0.001115,-0.000513,0.415185,-0.016350,0.482179,0.415185,-0.016351,0.482182,0.000000,0.004398
2.742000,0.103561,-0.373211,0.653872,-0.171951,0.097386,-0.321190,0.321190,3.000000,0.197614,0.000000,0.000000,0.000130,-0.000835,-0.000514,0.415185,-0.016353,0.482180,0.415185,-0.016351,0.482182,0.000000,0.004394
2.753000,0.099160,-0.338080,0.680898,-0.176352,0.132517,-0.294164,0.294164,3.000000,0.220592,0.000000,0.000000,0.000268,-0.000300,-0.000220,0.415186,-0.016352,0.482182,0.415185,-0.016351,0.482182,0.000000,0.001875
2.764000,0.129904,-0.367225,0.710194,-0.145609,0.103372,-0.264867,0.264867,3.000000,0.178571,0.000000,0.000000,-0.000342,-0.001278,-0.001157,0.415184,-0.016356,0.482179,0.415185,-0.016351,0.482182,0.000000,0.009866
2.775000,0.119970,-0.413985,0.693039,-0.155542,0.056611,-0.282022,0.282022,3.000000,0.165524,0.000000,0.000000,-0.000265,-0.000019,-0.000403,0.415184,-0.016353,0.482180,0.415185,-0.016351,0.482182,0.000000,0.003452
2.786000,0.123676,-0.426197,0.663861,-0.151836,0.044400,-0.311201,0.311201,3.000000,0.158195,0.000000,0.000000,0.000298,0.000176,0.001008,0.415185,-0.016351,0.482184,0.415185,-0.016351,0.482182,0.000000,-0.008588
2.797000,0.037693,-0.411625,0.714167,-0.237819,0.058971,-0.260895,0.260895,3.000000,0.245022,0.000000,0.000000,-0.000326,-0.000252,0.000030,0.415184,-0.016351,0.482182,0.415185,-0.016351,0.482182,0.000000,-0.000261
2.808000,0.110442,-0.370817,0.670599,-0.165070,0.099779,-0.304463,0.304463,3.000000,0.192883,0.000000,0.000000,0.000193,-0.000541,0.000595,0.415185,-0.016353,0.482183,0.415185,-0.016351,0.482182,0.000000,-0.005065
2.819000,0.113806,-0.356078,0.656397,-0.161706,0.114518,-0.318664,0.318664,3.000000,0.198150,0.000000,0.000000,-0.000159,0.000380,0.000286,0.415185,-0.016353,0.482182,0.415185,-0.016351,0.482182,0.000000,-0.002429
2.830000,0.082593,-0.369203,0.660841,-0.192919,0.101393,-0.314220,0.314220,3.000000,0.217941,0.000000,0.000000,0.000044,-0.000423,0.000161,0.415184,-0.016354,0.482182,0.415185,-0.016351,0.482182,0.000000,-0.001376
2.841000,0.061711,-0.379210,0.707880,-0.213801,0.091386,-0.267181,0.267181,3.000000,0.232513,0.000000,0.000000,0.000147,-0.000024,-0.000707,0.415185,-0.016353,0.482179,0.415185,-0.016351,0.482182,0.000000,0.006056
2.852000,0.149221,-0.393673,0.621800,-0.126291,0.076924,-0.353261,0.353261,3.000000,0.147874,0.000000,0.000000,-0.000173,-0.000040,0.000652,0.415184,-0.016351,0.482181,0.415185,-0.016351,0.482182,0.000000,-0.005517
2.863000,0.137851,-0.367060,0.648902,-0.137661,0.103537,-0.326160,0.326160,3.000000,0.172251,0.000000,0.000000,-0.000342,-0.000211,-0.000194,0.415184,-0.016352,0.482181,0.415185,-0.016351,0.482182,0.000000,0.001666
2.874000,0.093244,-0.379327,0.722680,-0.182268,0.091270,-0.252382,0.252382,3.000000,0.203843,0.000000,0.000000,-0.000069,-0.000702,0.000307,0.415184,-0.016354,0.482182,0.415185,-0.016351,0.482182,0.000000,-0.002610
2.885000,0.106519,-0.361743,0.702826,-0.168993,0.108854,-0.272235,0.272235,3.000000,0.201017,0.000000,0.000000,0.000276,0.000549,0.000408,0.415185,-0.016350,0.482183,0.415185,-0.016351,0.482182,0.000000,-0.003485
2.896000,0.082070,-0.408621,0.708611,-0.193443,0.061976,-0.266451,0.266451,3.000000,0.203128,0.000000,0.000000,0.000318,0.000432,-0.000001,0.415185,-0.016352,0.482182,0.415185,-0.016351,0.482182,0.000000,0.000002
2.907000,0.104082,-0.408012,0.706099,-0.171431,0.062585,-0.268963,0.268963,3.000000,0.182497,0.000000,0.000000,-0.000027,0.000032,0.000669,0.415184,-0.016352,0.482182,0.415185,-0.016351,0.482182,0.000000,-0.005683
2.918000,0.121442,-0.383039,0.668684,-0.154070,0.087557,-0.306378,0.306378,3.000000,0.177212,0.000000,0.000000,0.000330,-0.000341,0.000153,0.415185,-0.016354,0.482183,0.415185,-0.016351,0.482182,0.000000,-0.001318
2.929000,0.076318,-0.374384,0.712169,-0.199194,0.096213,-0.262893,0.262893,3.000000,0.221213,0.000000,0.000000,0.000353,0.000576,-0.000278,0.415185,-0.016353,0.482181,0.415185,-0.016351,0.482182,0.000000,0.002378
2.940000,0.118131,-0.373986,0.678609,-0.157381,0.096610,-0.296453,0.296453,3.000000,0.184668,0.000000,0.000000,0.000060,0.000185,0.000576,0.415185,-0.016352,0.482182,0.415185,-0.016351,0.482182,0.000000,-0.004885
2.951000,0.117621,-0.375165,0.711677,-0.157891,0.095431,-0.263384,0.263384,3.000000,0.184491,0.000000,0.000000,-0.000113,0.000606,-0.000514,0.415185,-0.016350,0.482182,0.415185,-0.016351,0.482182,0.000000,0.004365
2.962000,0.168435,-0.327505,0.668427,-0.107077,0.143092,-0.306634,0.306634,3.000000,0.178720,0.000000,0.000000,-0.000295,0.000079,-0.000385,0.415184,-0.016352,0.482180,0.415185,-0.016351,0.482182,0.000000,0.003302
2.973000,0.144625,-0.344282,0.666532,-0.130887,0.126314,-0.308529,0.308529,3.000000,0.181897,0.000000,0.000000,0.000653,-0.000393,-0.000502,0.415185,-0.016354,0.482180,0.415185,-0.016351,0.482182,0.000000,0.004292
2.984000,0.110635,-0.382258,0.696865,-0.164877,0.088338,-0.278197,0.278197,3.000000,0.187051,0.000000,0.000000,-0.000178,0.000858,0.000104,0.415184,-0.016351,0.482181,0.415185,-0.016351,0.482182,0.000000,-0.000865
2.995000,0.118977,-0.356670,0.675791,-0.156535,0.113927,-0.299271,0.299271,3.000000,0.193604,0.000000,0.000000,-0.000087,-0.000742,-0.000133,0.415185,-0.016352,0.482179,0.415185,-0.016351,0.482182,0.000000,0.001173
3.006000,0.104740,-0.332545,0.670088,-0.170772,0.138052,-0.304974,0.304974,3.000000,0.219594,0.000000,0.000000,-0.000261,0.000573,0.000125,0.415184,-0.016351,0.482181,0.415185,-0.016351,0.482182,0.000000,-0.001054
3.017000,0.100733,-0.339260,0.685677,-0.174779,0.131336,-0.289385,0.289385,3.000000,0.218625,0.000000,0.000000,0.000067,0.000268,-0.000537,0.415184,-0.016352,0.482180,0.415185,-0.016351,0.482182,0.000000,0.004587
3.028000,0.068015,-0.339652,0.710250,-0.207497,0.130945,-0.264811,0.264811,3.000000,0.245360,0.000000,0.000000,-0.000235,0.001035,-0.000624,0.415185,-0.016350,0.482182,0.415185,-0.016351,0.482182,0.000000,0.005297
3.039000,0.092890,-0.398643,0.701035,-0.182622,0.071954,-0.274027,0.274027,3.000000,0.196286,0.000000,0.000000,-0.000214,0.000075,-0.000051,0.415184,-0.016352,0.482181,0.415185,-0.016351,0.482182,0.000000,0.000452
3.050000,0.119097,-0.358772,0.693783,-0.156415,0.111824,-0.281278,0.281278,3.000000,0.192277,0.000000,0.000000,0.000017,0.000041,-0.000426,0.415184,-0.016353,0.482181,0.415185,-0.016351,0.482182,0.000000,0.003635
3.061000,0.121022,-0.395616,0.684773,-0.154490,0.074980,-0.290289,0.290289,3.000000,0.171725,0.000000,0.000000,-0.000426,0.000125,-0.000481,0.415185,-0.016352,0.482182,0.415185,-0.016351,0.482182,0.000000,0.004078
3.072000,0.144115,-0.365226,0.687271,-0.131397,0.105371,-0.287791,0.287791,3.000000,0.168429,0.000000,0.000000,0.000044,0.000126,0.000725,0.415185,-0.016351,0.482182,0.415185,-0.016351,0.482182,0.000000,-0.006152
3.083000,0.165176,-0.385906,0.682470,-0.110336,0.084690,-0.292591,0.292591,3.000000,0.139092,0.000000,0.000000,-0.000109,-0.000393,-0.000007,0.415184,-0.016352,0.482181,0.415185,-0.016351,0.482182,0.000000,0.000062
3.094000,0.145732,-0.386801,0.695655,-0.129780,0.083795,-0.279407,0.279407,3.000000,0.154482,0.000000,0.000000,0.000004,-0.000161,0.000193,0.415186,-0.016352,0.482183,0.415185,-0.016351,0.482182,0.000000,-0.001662
3.105000,0.148670,-0.367046,0.684096,-0.126842,0.103550,-0.290966,0.290966,3.000000,0.163742,0.000000,0.000000,0.000091,-0.000785,0.000228,0.415184,-0.016353,0.482181,0.415185,-0.016351,0.482182,0.000000,-0.001911
3.116000,0.133847,-0.366882,0.670178,-0.141665,0.103715,-0.304884,0.304884,3.000000,0.175572,0.000000,0.000000,-0.000171,-0.000583,-0.000971,0.415184,-0.016354,0.482179,0.415185,-0.016351,0.482182,0.000000,0.008282
3.127000,0.089096,-0.384292,0.680646,-0.186416,0.086305,-0.294415,0.294415,3.000000,0.205425,0.000000,0.000000,0.000118,-0.000390,0.000151,0.415185,-0.016353,0.482182,0.415185,-0.016351,0.482182,0.000000,-0.001282
3.138000,0.152989,-0.346968,0.662738,-0.122524,0.123628,-0.312324,0.312324,3.000000,0.174057,0.000000,0.000000,0.000032,-0.000241,-0.000060,0.415185,-0.016352,0.482182,0.415185,-0.016351,0.482182,0.000000,0.000511
3.149000,0.118440,-0.401939,0.670408,-0.157072,0.068657,-0.304654,0.304654,3.000000,0.171422,0.000000,0.000000,0.000156,0.000566,0.000125,0.415185,-0.016352,0.482181,0.415185,-0.016351,0.482182,0.000000,-0.001042
3.160000,0.149364,-0.394206,0.648461,-0.126148,0.076390,-0.326600,0.326600,3.000000,0.147475,0.000000,0.000000,0.000000,-0.000037,-0.000310,0.415184,-0.016352,0.482181,0.415185,-0.016351,0.482182,0.000000,0.002650
3.171000,0.081393,-0.407792,0.668964,-0.194119,0.062804,-0.306097,0.306097,3.000000,0.204026,0.000000,0.000000,-0.000186,-0.000978,0.000467,0.415184,-0.016354,0.482183,0.415185,-0.016351,0.482182,0.000000,-0.003979
3.182000,0.122168,-0.400559,0.687026,-0.153345,0.070037,-0.288036,0.288036,3.000000,0.168582,0.000000,0.000000,0.000283,0.000543,-0.000039,0.415185,-0.016351,0.482180,0.415185,-0.016351,0.482182,0.000000,0.000363
3.193000,0.091162,-0.357863,0.700644,-0.184350,0.112734,-0.274418,0.274418,3.000000,0.216087,0.000000,0.000000,0.000253,-0.000037,-0.000696,0.415185,-0.016352,0.482181,0.415185,-0.016351,0.482182,0.000000,0.005922
3.204000,0.126158,-0.373296,0.693187,-0.149354,0.097301,-0.281874,0.281874,3.000000,0.178253,0.000000,0.000000,-0.000018,0.001100,0.000593,0.415184,-0.016351,0.482182,0.415185,-0.016351,0.482182,0.000000,-0.005033
3.215000,0.108143,-0.412082,0.710061,-0.167369,0.058515,-0.265000,0.265000,3.000000,0.177303,0.000000,0.000000,-0.000307,0.000434,-0.000244,0.415185,-0.016351,0.482182,0.415185,-0.016351,0.482182,0.000000,0.002077
3.226000,0.074890,-0.417626,0.712001,-0.200622,0.052971,-0.263060,0.263060,3.000000,0.207497,0.000000,0.000000,-0.000033,-0.000450,-0.000509,0.415185,-0.016353,0.482181,0.415185,-0.016351,0.482182,0.000000,0.004337
3.237000,0.130593,-0.389863,0.628091,-0.144919,0.080733,-0.346970,0.346970,3.000000,0.165890,0.000000,0.000000,-0.000315,-0.000439,0.000413,0.415185,-0.016352,0.482181,0.415185,-0.016351,0.482182,0.000000,-0.003493
3.248000,0.089203,-0.384149,0.664946,-0.186309,0.086448,-0.310116,0.310116,3.000000,0.205388,0.000000,0.000000,0.000282,-0.000302,0.000208,0.415185,-0.016354,0.482181,0.415185,-0.016351,0.482182,0.000000,-0.001750
3.259000,0.109309,-0.347533,0.672859,-0.166203,0.123064,-0.302203,0.302203,3.000000,0.206805,0.000000,0.000000,0.000304,0.000027,-0.000626,0.415185,-0.016350,0.482180,0.415185,-0.016351,0.482182,0.000000,0.005340
3.270000,0.160598,-0.353408,0.650326,-0.114915,0.117188,-0.324736,0.324736,3.000000,0.164129,0.000000,0.000000,-0.000703,-0.000117,0.000513,0.415184,-0.016351,0.482182,0.415185,-0.016351,0.482182,0.000000,-0.004368
3.281000,0.162425,-0.362275,0.626103,-0.113087,0.108322,-0.348959,0.348959,3.000000,0.156596,0.000000,0.000000,-0.000120,-0.000579,0.000519,0.415184,-0.016353,0.482182,0.415185,-0.016351,0.482182,0.000000,-0.004406
3.292000,0.080355,-0.359538,0.687422,-0.195157,0.111059,-0.287639,0.287639,3.000000,0.224545,0.000000,0.000000,0.000525,0.000201,-0.000105,0.415185,-0.016351,0.482182,0.415185,-0.016351,0.482182,0.000000,0.000886
3.303000,0.051127,-0.375701,0.727965,-0.224385,0.094896,-0.247097,0.247097,3.000000,0.243626,0.000000,0.000000,0.000243,-0.000495,-0.000549,0.415184,-0.016352,0.482181,0.415185,-0.016351,0.482182,0.000000,0.004674
3.314000,0.069752,-0.388116,0.744175,-0.205760,0.082480,-0.230886,0.230886,3.000000,0.221676,0.000000,0.000000,0.000147,-0.000410,-0.000467,0.415184,-0.016354,0.482181,0.415185,-0.016351,0.482182,0.000000,0.003966
3.325000,0.110421,-0.381085,0.691088,-0.165091,0.089512,-0.283974,0.283974,3.000000,0.187796,0.000000,0.000000,-0.000100,0.000227,-0.001005,0.415184,-0.016351,0.482178,0.415185,-0.016351,0.482182,0.000000,0.008589
3.336000,0.141624,-0.388348,0.646614,-0.133888,0.082249,-0.328448,0.328448,3.000000,0.157133,0.000000,0.000000,0.000047,0.000378,0.000549,0.415184,-0.016351,0.482182,0.415185,-0.016351,0.482182,0.000000,-0.004662
3.347000,0.191318,-0.393074,0.669321,-0.084194,0.077523,-0.305741,0.305741,3.000000,0.114448,0.000000,0.000000,-0.000477,0.001019,0.000477,0.415183,-0.016349,0.482183,0.415185,-0.016351,0.482182,0.000000,-0.004058
3.358000,0.140243,-0.373973,0.693727,-0.135269,0.096623,-0.281335,0.281335,3.000000,0.166234,0.000000,0.000000,0.000020,0.000341,-0.000416,0.415185,-0.016350,0.482180,0.415185,-0.016351,0.482182,0.000000,0.003559
3.369000,0.127166,-0.404687,0.693455,-0.148346,0.065910,-0.281606,0.281606,3.000000,0.162329,0.000000,0.000000,0.000016,-0.000250,0.000336,0.415184,-0.016353,0.482182,0.415185,-0.016351,0.482182,0.000000,-0.002866
3.380000,0.149745,-0.397048,0.688067,-0.125767,0.073549,-0.286995,0.286995,3.000000,0.145694,0.000000,0.000000,0.000000,0.000044,0.000902,0.415185,-0.016351,0.482183,0.415185,-0.016351,0.482182,0.000000,-0.007682
3.391000,0.142494,-0.381175,0.693715,-0.133018,0.089422,-0.281347,0.281347,3.000000,0.160281,0.000000,0.000000,-0.000257,0.000835,-0.000148,0.415184,-0.016350,0.482181,0.415185,-0.016351,0.482182,0.000000,0.001267
3.402000,0.135776,-0.309987,0.653266,-0.139736,0.160610,-0.321795,0.321795,3.000000,0.212889,0.000000,0.000000,0.000182,0.000941,-0.000211,0.415184,-0.016350,0.482181,0.415185,-0.016351,0.482182,0.000000,0.001804
3.413000,0.159024,-0.354848,0.658189,-0.116489,0.115749,-0.316873,0.316873,3.000000,0.164217,0.000000,0.000000,-0.000113,0.000357,0.000584,0.415184,-0.016352,0.482181,0.415185,-0.016351,0.482182,0.000000,-0.004936
3.424000,0.129477,-0.413032,0.694739,-0.146036,0.057565,-0.280323,0.280323,3.000000,0.156972,0.000000,0.000000,0.000133,-0.000719,-0.000018,0.415185,-0.016353,0.482182,0.415185,-0.016351,0.482182,0.000000,0.000157
3.435000,0.115184,-0.338009,0.709704,-0.160328,0.132588,-0.265358,0.265358,3.000000,0.208049,0.000000,0.000000,-0.000320,-0.000267,0.001231,0.415184,-0.016352,0.482184,0.415185,-0.016351,0.482182,0.000000,-0.010491
3.446000,0.097428,-0.364600,0.687894,-0.178084,0.105997,-0.287168,0.287168,3.000000,0.207242,0.000000,0.000000,-0.000124,-0.000129,0.000032,0.415184,-0.016352,0.482181,0.415185,-0.016351,0.482182,0.000000,-0.000252
3.457000,0.141886,-0.398318,0.665226,-0.133626,0.072279,-0.309836,0.309836,3.000000,0.151922,0.000000,0.000000,0.000011,-0.000160,-0.000002,0.415185,-0.016354,0.482181,0.415185,-0.016351,0.482182,0.000000,0.000032
3.468000,0.115625,-0.389735,0.707323,-0.159887,0.080861,-0.267738,0.267738,3.000000,0.179172,0.000000,0.000000,-0.000104,0.000490,-0.000088,0.415185,-0.016351,0.482182,0.415185,-0.016351,0.482182,0.000000,0.000743
3.479000,0.133590,-0.377519,0.663109,-0.141922,0.093077,-0.311953,0.311953,3.000000,0.169721,0.000000,0.000000,0.000661,0.000037,0.000064,0.415186,-0.016352,0.482182,0.415185,-0.016351,0.482182,0.000000,-0.000538
3.490000,0.094984,-0.396057,0.673952,-0.180528,0.074539,-0.301109,0.301109,3.000000,0.195311,0.000000,0.000000,0.000067,0.000162,0.000337,0.415184,-0.016351,0.482181,0.415185,-0.016351,0.482182,0.000000,-0.002849
3.501000,0.140446,-0.402173,0.656980,-0.135066,0.068424,-0.318081,0.318081,3.000000,0.151409,0.000000,0.000000,-0.000696,0.000695,-0.000214,0.415184,-0.016350,0.482181,0.415185,-0.016351,0.482182,0.000000,0.001827
3.512000,0.104234,-0.403587,0.663225,-0.171279,0.067010,-0.311836,0.311836,3.000000,0.183920,0.000000,0.000000,0.000483,-0.000419,-0.000109,0.415184,-0.016353,0.482181,0.415185,-0.016351,0.482182,0.000000,0.000938
3.523000,0.114602,-0.403004,0.664603,-0.160910,0.067592,-0.310458,0.310458,3.000000,0.174530,0.000000,0.000000,0.000427,-0.000189,-0.000713,0.415186,-0.016352,0.482180,0.415185,-0.016351,0.482182,0.000000,0.006090
3.534000,0.111366,-0.378108,0.694312,-0.164146,0.092488,-0.280750,0.280750,3.000000,0.188409,0.000000,0.000000,0.000546,-0.000487,0.001717,0.415186,-0.016353,0.482184,0.415185,-0.016351,0.482182,0.000000,-0.014612
3.545000,0.126018,-0.417681,0.679570,-0.149495,0.052916,-0.295492,0.295492,3.000000,0.158583,0.000000,0.000000,0.000202,0.000650,0.000798,0.415185,-0.016351,0.482184,0.415185,-0.016351,0.482182,0.000000,-0.006807
3.556000,0.054222,-0.360943,0.697365,-0.221290,0.109654,-0.277697,0.277697,3.000000,0.246968,0.000000,0.000000,0.000310,-0.000465,0.000400,0.415185,-0.016353,0.482183,0.415185,-0.016351,0.482182,0.000000,-0.003415
3.567000,0.092780,-0.375713,0.702480,-0.182732,0.094883,-0.272582,0.272582,3.000000,0.205897,0.000000,0.000000,-0.000308,0.001116,0.000673,0.415184,-0.016351,0.482183,0.415185,-0.016351,0.482182,0.000000,-0.005737
3.578000,0.128091,-0.385146,0.710116,-0.147421,0.085451,-0.264946,0.264946,3.000000,0.170396,0.000000,0.000000,-0.000342,0.000009,0.000494,0.415184,-0.016352,0.482182,0.415185,-0.016351,0.482182,0.000000,-0.004192
3.589000,0.125288,-0.377108,0.696906,-0.150224,0.093489,-0.278156,0.278156,3.000000,0.176939,0.000000,0.000000,-0.000489,0.000148,-0.000416,0.415184,-0.016352,0.482180,0.415185,-0.016351,0.482182,0.000000,0.003552
3.600000,0.161696,-0.363379,0.693210,-0.113816,0.107217,-0.281851,0.281851,3.000000,0.156364,0.000000,0.000000,0.000061,0.000682,0.000264,0.415184,-0.016352,0.482182,0.415185,-0.016351,0.482182,0.000000,-0.002247
3.611000,0.141127,-0.402172,0.717678,-0.134385,0.068425,-0.257384,0.257384,3.000000,0.150802,0.000000,0.000000,-0.000334,0.000594,-0.000323,0.415183,-0.016351,0.482181,0.415185,-0.016351,0.482182,0.000000,0.002754
3.622000,0.146268,-0.387782,0.665885,-0.129244,0.082814,-0.309177,0.309177,3.000000,0.153500,0.000000,0.000000,-0.000128,-0.000173,0.000641,0.415184,-0.016352,0.482183,0.415185,-0.016351,0.482182,0.000000,-0.005460
3.633000,0.112461,-0.367023,0.667904,-0.163051,0.103574,-0.307157,0.307157,3.000000,0.193166,0.000000,0.000000,0.000229,-0.000929,0.000148,0.415185,-0.016355,0.482183,0.415185,-0.016351,0.482182,0.000000,-0.001268
3.644000,0.081445,-0.394935,0.716833,-0.194067,0.075661,-0.258229,0.258229,3.000000,0.208295,0.000000,0.000000,0.000117,-0.000015,0.000565,0.415184,-0.016352,0.482182,0.415185,-0.016351,0.482182,0.000000,-0.004797
3.655000,0.107966,-0.413076,0.695071,-0.167546,0.057521,-0.279991,0.279991,3.000000,0.177145,0.000000,0.000000,-0.000141,-0.000175,0.000842,0.415184,-0.016354,0.482182,0.415185,-0.016351,0.482182,0.000000,-0.007153
3.666000,0.132066,-0.346992,0.668428,-0.143446,0.123604,-0.306634,0.306634,3.000000,0.189354,0.000000,0.000000,0.000168,0.000537,0.000131,0.415185,-0.016350,0.482182,0.415185,-0.016351,0.482182,0.000000,-0.001116
3.677000,0.146938,-0.362534,0.670054,-0.128574,0.108062,-0.305007,0.305007,3.000000,0.167955,0.000000,0.000000,0.000113,-0.000065,0.001270,0.415185,-0.016352,0.482184,0.415185,-0.016351,0.482182,0.000000,-0.010823
3.688000,0.112351,-0.377073,0.671380,-0.163161,0.093523,-0.303681,0.303681,3.000000,0.188064,0.000000,0.000000,0.000422,0.001058,-0.000163,0.415185,-0.016350,0.482182,0.415185,-0.016351,0.482182,0.000000,0.001390
3.699000,0.122619,-0.382851,0.711646,-0.152893,0.087745,-0.263416,0.263416,3.000000,0.176282,0.000000,0.000000,-0.000320,-0.000011,0.000338,0.415184,-0.016352,0.482181,0.415185,-0.016351,0.482182,0.000000,-0.002846
3.710000,0.169891,-0.376737,0.671552,-0.105621,0.093860,-0.303509,0.303509,3.000000,0.141299,0.000000,0.000000,-0.000059,-0.000473,0.000364,0.415185,-0.016352,0.482182,0.415185,-0.016351,0.482182,0.000000,-0.003091
3.721000,0.194126,-0.346985,0.674304,-0.081386,0.123612,-0.300758,0.300758,3.000000,0.147999,0.000000,0.000000,-0.000151,0.000665,0.000176,0.415184,-0.016350,0.482181,0.415185,-0.016351,0.482182,0.000000,-0.001492
3.732000,0.163586,-0.382486,0.691536,-0.111926,0.088111,-0.283526,0.283526,3.000000,0.142446,0.000000,0.000000,-0.000009,0.000792,-0.001025,0.415185,-0.016350,0.482180,0.415185,-0.016351,0.482182,0.000000,0.008729
3.743000,0.122986,-0.412219,0.711939,-0.152526,0.058378,-0.263123,0.263123,3.000000,0.163317,0.000000,0.000000,0.000512,-0.001104,0.000789,0.415185,-0.016354,0.482182,0.415185,-0.016351,0.482182,0.000000,-0.006693
3.754000,0.134707,-0.384200,0.695046,-0.140805,0.086397,-0.280016,0.280016,3.000000,0.165198,0.000000,0.000000,-0.000032,-0.000198,-0.000340,0.415184,-0.016353,0.482179,0.415185,-0.016351,0.482182,0.000000,0.002940
3.765000,0.109513,-0.348596,0.693566,-0.165999,0.122000,-0.281495,0.281495,3.000000,0.206009,0.000000,0.000000,0.000302,-0.001028,-0.000013,0.415184,-0.016353,0.482182,0.415185,-0.016351,0.482182,0.000000,0.000101
3.776000,0.172092,-0.382780,0.705511,-0.103420,0.087816,-0.269551,0.269551,3.000000,0.135674,0.000000,0.000000,-0.000351,0.000567,-0.000442,0.415184,-0.016350,0.482180,0.415185,-0.016351,0.482182,0.000000,0.003773
3.787000,0.146648,-0.388963,0.693021,-0.128864,0.081634,-0.282041,0.282041,3.000000,0.152545,0.000000,0.000000,0.000183,0.000255,-0.000263,0.415185,-0.016352,0.482181,0.415185,-0.016351,0.482182,0.000000,0.002251
3.798000,0.093302,-0.410781,0.716076,-0.182210,0.059816,-0.258986,0.258986,3.000000,0.191777,0.000000,0.000000,0.000290,0.000169,0.000383,0.415185,-0.016351,0.482183,0.415185,-0.016351,0.482182,0.000000,-0.003276
3.809000,0.141259,-0.410211,0.688395,-0.134254,0.060385,-0.286666,0.286666,3.000000,0.147209,0.000000,0.000000,-0.000258,0.000083,0.000136,0.415184,-0.016351,0.482183,0.415185,-0.016351,0.482182,0.000000,-0.001169
3.820000,0.153335,-0.416687,0.680486,-0.122178,0.053909,-0.294576,0.294576,3.000000,0.133542,0.000000,0.000000,0.000019,-0.000519,0.000675,0.415184,-0.016353,0.482181,0.415185,-0.016351,0.482182,0.000000,-0.005706
3.831000,0.153733,-0.360814,0.661162,-0.121780,0.109783,-0.313900,0.313900,3.000000,0.163959,0.000000,0.000000,-0.000119,0.000035,0.000367,0.415184,-0.016352,0.482181,0.415185,-0.016351,0.482182,0.000000,-0.003108
3.842000,0.146741,-0.370266,0.649446,-0.128771,0.100330,-0.325616,0.325616,3.000000,0.163243,0.000000,0.000000,-0.000229,-0.000041,0.000050,0.415184,-0.016352,0.482182,0.415185,-0.016351,0.482182,0.000000,-0.000422
3.853000,0.095510,-0.368954,0.679102,-0.180002,0.101643,-0.295960,0.295960,3.000000,0.206717,0.000000,0.000000,-0.000077,-0.000134,0.000342,0.415184,-0.016352,0.482183,0.415185,-0.016351,0.482182,0.000000,-0.002919
3.864000,0.109214,-0.364501,0.697958,-0.166298,0.106095,-0.277104,0.277104,3.000000,0.197259,0.000000,0.000000,-0.000245,0.000103,-0.000290,0.415184,-0.016352,0.482180,0.415185,-0.016351,0.482182,0.000000,0.002498
3.875000,0.105004,-0.412042,0.696684,-0.170508,0.058555,-0.278378,0.278378,3.000000,0.180283,0.000000,0.000000,-0.000353,-0.000363,0.000759,0.415183,-0.016352,0.482183,0.415185,-0.016351,0.482182,0.000000,-0.006467
3.886000,0.098573,-0.386745,0.683853,-0.176939,0.083852,-0.291209,0.291209,3.000000,0.195803,0.000000,0.000000,-0.000187,-0.000324,-0.000807,0.415184,-0.016351,0.482178,0.415185,-0.016351,0.482182,0.000000,0.006913
3.897000,0.109909,-0.415032,0.677311,-0.165603,0.055564,-0.297751,0.297751,3.000000,0.174676,0.000000,0.000000,0.000220,-0.000241,-0.000510,0.415185,-0.016354,0.482179,0.415185,-0.016351,0.482182,0.000000,0.004371
3.908000,0.049769,-0.410438,0.738199,-0.225743,0.060159,-0.236862,0.236862,3.000000,0.233621,0.000000,0.000000,0.000118,-0.000376,-0.000947,0.415185,-0.016353,0.482181,0.415185,-0.016351,0.482182,0.000000,0.008049
3.919000,0.121220,-0.396421,0.692181,-0.154292,0.074175,-0.282881,0.282881,3.000000,0.171196,0.000000,0.000000,-0.000129,0.000371,-0.000588,0.415184,-0.016352,0.482181,0.415185,-0.016351,0.482182,0.000000,0.005013
3.930000,0.102421,-0.394192,0.686324,-0.173091,0.076405,-0.288738,0.288738,3.000000,0.189204,0.000000,0.000000,-0.000074,0.000780,-0.000390,0.415185,-0.016350,0.482181,0.415185,-0.016351,0.482182,0.000000,0.003329
3.941000,0.119736,-0.425867,0.653221,-0.155776,0.044730,-0.321841,0.321841,3.000000,0.162071,0.000000,0.000000,-0.000186,0.000496,0.000100,0.415184,-0.016350,0.482181,0.415185,-0.016351,0.482182,0.000000,-0.000839
3.952000,0.115928,-0.409560,0.671996,-0.159585,0.061036,-0.303066,0.303066,3.000000,0.170859,0.000000,0.000000,0.000144,0.000490,0.000197,0.415185,-0.016352,0.482181,0.415185,-0.016351,0.482182,0.000000,-0.001656
3.963000,0.137691,-0.396228,0.675108,-0.137822,0.074369,-0.299954,0.299954,3.000000,0.156606,0.000000,0.000000,0.000205,0.000192,-0.000381,0.415186,-0.016350,0.482180,0.415185,-0.016351,0.482182,0.000000,0.003260
3.974000,0.104739,-0.424823,0.685631,-0.170773,0.045774,-0.289431,0.289431,3.000000,0.176801,0.000000,0.000000,0.000398,0.000469,-0.000825,0.415185,-0.016351,0.482180,0.415185,-0.016351,0.482182,0.000000,0.007024
3.985000,0.107173,-0.369708,0.671419,-0.168339,0.100889,-0.303643,0.303643,3.000000,0.196257,0.000000,0.000000,0.000217,-0.000478,-0.000372,0.415185,-0.016351,0.482181,0.415185,-0.016351,0.482182,0.000000,0.003173
3.996000,0.108236,-0.354886,0.689594,-0.167276,0.115711,-0.285468,0.285468,3.000000,0.203397,0.000000,0.000000,0.000365,-0.000093,-0.000479,0.415184,-0.016351,0.482181,0.415185,-0.016351,0.482182,0.000000,0.004083
4.006000,0.131460,-0.409662,0.667676,-0.144052,0.060935,-0.307386,0.307386,3.000000,0.156410,0.000000,0.000000,0.000006,0.000053,0.000036,0.415184,-0.016353,0.482182,0.415185,-0.016351,0.482182,0.000000,-0.000315
4.016000,0.132299,-0.412462,0.681213,-0.143213,0.058135,-0.293848,0.293848,3.000000,0.154563,0.000000,0.000000,-0.000012,0.000317,-0.000256,0.415184,-0.016352,0.482180,0.415185,-0.016351,0.482182,0.000000,0.002201
4.026000,0.120834,-0.378306,0.674761,-0.154678,0.092291,-0.300300,0.300300,3.000000,0.180119,0.000000,0.000000,0.000549,-0.000044,0.000363,0.415185,-0.016352,0.482182,0.415185,-0.016351,0.482182,0.000000,-0.003086
4.036000,0.175985,-0.393740,0.657394,-0.099527,0.076857,-0.317668,0.317668,3.000000,0.125748,0.000000,0.000000,0.000257,-0.000445,-0.000393,0.415185,-0.016352,0.482180,0.415185,-0.016351,0.482182,0.000000,0.003364
4.046000,0.131785,-0.387865,0.691183,-0.143727,0.082731,-0.283878,0.283878,3.000000,0.165837,0.000000,0.000000,0.000533,0.000248,-0.000029,0.415185,-0.016351,0.482181,0.415185,-0.016351,0.482182,0.000000,0.000266
4.056000,0.087611,-0.388454,0.684976,-0.187901,0.082143,-0.290086,0.290086,3.000000,0.205071,0.000000,0.000000,-0.000213,-0.000405,0.000346,0.415184,-0.016354,0.482182,0.415185,-0.016351,0.482182,0.000000,-0.002935
4.066000,0.186911,-0.394615,0.661994,-0.088601,0.075981,-0.313068,0.313068,3.000000,0.116719,0.000000,0.000000,-0.000254,-0.000217,-0.000092,0.415184,-0.016352,0.482181,0.415185,-0.016351,0.482182,0.000000,0.000782
4.076000,0.133873,-0.391481,0.677520,-0.141639,0.079116,-0.297542,0.297542,3.000000,0.162237,0.000000,0.000000,-0.000218,0.000255,-0.000250,0.415185,-0.016353,0.482182,0.415185,-0.016351,0.482182,0.000000,0.002119
4.086000,0.116248,-0.366065,0.682289,-0.159264,0.104531,-0.292773,0.292773,3.000000,0.190505,0.000000,0.000000,0.000341,0.000288,-0.000479,0.415186,-0.016351,0.482181,0.415185,-0.016351,0.482182,0.000000,0.004071
4.096000,0.084814,-0.352924,0.675365,-0.190698,0.117673,-0.299697,0.299697,3.000000,0.224081,0.000000,0.000000,-0.000302,-0.000478,0.000004,0.415183,-0.016353,0.482181,0.415185,-0.016351,0.482182,0.000000,-0.000012
4.106000,0.094723,-0.362673,0.660003,-0.180789,0.107923,-0.315058,0.315058,3.000000,0.210552,0.000000,0.000000,-0.000132,0.000571,0.000058,0.415184,-0.016352,0.482181,0.415185,-0.016351,0.482182,0.000000,-0.000481
4.116000,0.133680,-0.383360,0.659352,-0.141832,0.087237,-0.315709,0.315709,3.000000,0.166513,0.000000,0.000000,-0.000008,0.000161,0.000842,0.415185,-0.016352,0.482183,0.415185,-0.016351,0.482182,0.000000,-0.007170
4.126000,0.134578,-0.373588,0.639680,-0.140934,0.097009,-0.335382,0.335382,3.000000,0.171094,0.000000,0.000000,0.000255,-0.001218,0.000525,0.415185,-0.016355,0.482183,0.415185,-0.016351,0.482182,0.000000,-0.004467
4.136000,0.087146,-0.387327,0.671442,-0.188366,0.083270,-0.303620,0.303620,3.000000,0.205951,0.000000,0.000000,0.000209,-0.000674,-0.000609,0.415184,-0.016352,0.482180,0.415185,-0.016351,0.482182,0.000000,0.005206
4.146000,0.113383,-0.384941,0.697621,-0.162129,0.085656,-0.277440,0.277440,3.000000,0.183365,0.000000,0.000000,-0.000178,-0.000229,0.000372,0.415185,-0.016352,0.482183,0.415185,-0.016351,0.482182,0.000000,-0.003177
4.156000,0.135233,-0.372228,0.703494,-0.140279,0.098368,-0.271568,0.271568,3.000000,0.171332,0.000000,0.000000,-0.000316,0.000520,-0.000742,0.415184,-0.016350,0.482179,0.415185,-0.016351,0.482182,0.000000,0.006336
4.166000,0.125611,-0.373737,0.674939,-0.149901,0.096860,-0.300123,0.300123,3.000000,0.178472,0.000000,0.000000,-0.000130,-0.000093,0.000185,0.415184,-0.016351,0.482181,0.415185,-0.016351,0.482182,0.000000,-0.001562
4.176000,0.135800,-0.381090,0.665381,-0.139712,0.089506,-0.309680,0.309680,3.000000,0.165924,0.000000,0.000000,-0.000044,-0.000229,-0.000029,0.415185,-0.016351,0.482183,0.415185,-0.016351,0.482182,0.000000,0.000229
4.186000,0.094889,-0.365659,0.691993,-0.180623,0.104937,-0.283069,0.283069,3.000000,0.208894,0.000000,0.000000,0.000286,-0.000144,-0.000209,0.415184,-0.016352,0.482179,0.415185,-0.016351,0.482182,0.000000,0.001825
4.196000,0.071015,-0.367864,0.703260,-0.204497,0.102732,-0.271802,0.271802,3.000000,0.228852,0.000000,0.000000,0.000043,-0.000457,-0.000578,0.415185,-0.016353,0.482180,0.415185,-0.016351,0.482182,0.000000,0.004937
4.206000,0.074916,-0.381730,0.700006,-0.200596,0.088867,-0.275056,0.275056,3.000000,0.219400,0.000000,0.000000,-0.000061,-0.000846,0.000569,0.415185,-0.016354,0.482184,0.415185,-0.016351,0.482182,0.000000,-0.004870
4.216000,0.086902,-0.403943,0.693893,-0.188610,0.066654,-0.281169,0.281169,3.000000,0.200041,0.000000,0.000000,-0.000185,0.000541,-0.000512,0.415184,-0.016351,0.482181,0.415185,-0.016351,0.482182,0.000000,0.004358
4.226000,0.132425,-0.408559,0.645718,-0.143087,0.062037,-0.329343,0.329343,3.000000,0.155957,0.000000,0.000000,-0.000109,-0.000607,0.000113,0.415184,-0.016353,0.482182,0.415185,-0.016351,0.482182,0.000000,-0.000967
4.236000,0.148702,-0.370060,0.648843,-0.126810,0.100536,-0.326219,0.326219,3.000000,0.161828,0.000000,0.000000,-0.000245,-0.000644,0.000009,0.415183,-0.016353,0.482182,0.415185,-0.016351,0.482182,0.000000,-0.000069
4.246000,0.112649,-0.381738,0.695384,-0.162863,0.088859,-0.279677,0.279677,3.000000,0.185527,0.000000,0.000000,0.000069,-0.000219,0.000459,0.415184,-0.016352,0.482182,0.415185,-0.016351,0.482182,0.000000,-0.003904
4.256000,0.089742,-0.340761,0.709804,-0.185770,0.129835,-0.265258,0.265258,3.000000,0.226644,0.000000,0.000000,0.000554,-0.000356,-0.000637,0.415185,-0.016351,0.482179,0.415185,-0.016351,0.482182,0.000000,0.005449
4.266000,0.143253,-0.329472,0.667383,-0.132259,0.141124,-0.307679,0.307679,3.000000,0.193413,0.000000,0.000000,-0.000137,-0.000283,-0.000198,0.415185,-0.016352,0.482182,0.415185,-0.016351,0.482182,0.000000,0.001688
4.276000,0.086464,-0.352184,0.706599,-0.189048,0.118412,-0.268463,0.268463,3.000000,0.223071,0.000000,0.000000,-0.000171,-0.000742,-0.000902,0.415184,-0.016353,0.482179,0.415185,-0.016351,0.482182,0.000000,0.007697
4.286000,0.119438,-0.348813,0.687670,-0.156074,0.121784,-0.287392,0.287392,3.000000,0.197966,0.000000,0.000000,0.000431,-0.000244,0.000325,0.415185,-0.016352,0.482184,0.415185,-0.016351,0.482182,0.000000,-0.002790
4.296000,0.096869,-0.380246,0.718913,-0.178643,0.090350,-0.256149,0.256149,3.000000,0.200191,0.000000,0.000000,-0.000000,-0.000445,0.000540,0.415185,-0.016352,0.482183,0.415185,-0.016351,0.482182,0.000000,-0.004611
4.306000,0.177434,-0.409835,0.672286,-0.098078,0.060761,-0.302776,0.302776,3.000000,0.115374,0.000000,0.000000,-0.000342,0.000407,-0.000327,0.415183,-0.016351,0.482181,0.415185,-0.016351,0.482182,0.000000,0.002787
4.316000,0.178529,-0.386443,0.679698,-0.096983,0.084154,-0.295363,0.295363,3.000000,0.128404,0.000000,0.000000,-0.000192,-0.000486,0.000783,0.415184,-0.016352,0.482183,0.415185,-0.016351,0.482182,0.000000,-0.006666
4.326000,0.155732,-0.363343,0.708915,-0.119780,0.107254,-0.266147,0.266147,3.000000,0.160781,0.000000,0.000000,0.000035,0.000519,-0.000184,0.415184,-0.016350,0.482181,0.415185,-0.016351,0.482182,0.000000,0.001577
4.336000,0.126962,-0.434432,0.698953,-0.148550,0.036165,-0.276108,0.276108,3.000000,0.152889,0.000000,0.000000,0.000298,-0.000148,0.000496,0.415185,-0.016353,0.482182,0.415185,-0.016351,0.482182,0.000000,-0.004219
4.346000,0.124011,-0.466161,0.702704,-0.151501,0.004436,-0.272357,0.272357,3.000000,0.151566,0.000000,0.000000,0.000409,0.000252,0.000045,0.415185,-0.016351,0.482181,0.415185,-0.016351,0.482182,0.000000,-0.000370
4.356000,0.119068,-0.404179,0.711596,-0.156444,0.066417,-0.263465,0.263465,3.000000,0.169959,0.000000,0.000000,-0.000027,0.000217,-0.001119,0.415184,-0.016353,0.482178,0.415185,-0.016351,0.482182,0.000000,0.009564
4.366000,0.078081,-0.400966,0.723425,-0.197431,0.069631,-0.251637,0.251637,3.000000,0.209350,0.000000,0.000000,-0.000055,0.000463,-0.000677,0.415185,-0.016352,0.482181,0.415185,-0.016351,0.482182,0.000000,0.005763
4.376000,0.113383,-0.429563,0.661990,-0.162129,0.041034,-0.313071,0.313071,3.000000,0.167241,0.000000,0.000000,0.000387,-0.000491,0.001041,0.415185,-0.016353,0.482184,0.415185,-0.016351,0.482182,0.000000,-0.008870
4.386000,0.076859,-0.394294,0.686367,-0.198654,0.076303,-0.288695,0.288695,3.000000,0.212804,0.000000,0.000000,-0.000204,-0.000564,-0.000508,0.415184,-0.016353,0.482180,0.415185,-0.016351,0.482182,0.000000,0.004345
4.396000,0.112675,-0.355414,0.675182,-0.162838,0.115183,-0.299880,0.299880,3.000000,0.199457,0.000000,0.000000,0.000125,0.000196,0.000635,0.415185,-0.016351,0.482183,0.415185,-0.016351,0.482182,0.000000,-0.005421
4.406000,0.141307,-0.397416,0.669460,-0.134205,0.073180,-0.305602,0.305602,3.000000,0.152861,0.000000,0.000000,-0.000274,0.000623,-0.000170,0.415184,-0.016350,0.482182,0.415185,-0.016351,0.482182,0.000000,0.001437
4.416000,0.121897,-0.388134,0.670807,-0.153615,0.082463,-0.304254,0.304254,3.000000,0.174349,0.000000,0.000000,-0.000481,-0.000313,-0.000137,0.415183,-0.016352,0.482182,0.415185,-0.016351,0.482182,0.000000,0.001160
4.426000,0.146645,-0.380402,0.645603,-0.128867,0.090194,-0.329459,0.329459,3.000000,0.157295,0.000000,0.000000,-0.000144,-0.000218,0.000292,0.415184,-0.016352,0.482182,0.415185,-0.016351,0.482182,0.000000,-0.002490
4.436000,0.122122,-0.364361,0.659965,-0.153390,0.106235,-0.315096,0.315096,3.000000,0.186587,0.000000,0.000000,0.000206,0.000108,0.000717,0.415184,-0.016352,0.482183,0.415185,-0.016351,0.482182,0.000000,-0.006112
4.446000,0.097435,-0.370575,0.678067,-0.178077,0.100022,-0.296995,0.296995,3.000000,0.204244,0.000000,0.000000,0.000016,-0.001041,0.000374,0.415185,-0.016354,0.482183,0.415185,-0.016351,0.482182,0.000000,-0.003187
4.456000,0.081484,-0.343000,0.681416,-0.194028,0.127597,-0.293645,0.293645,3.000000,0.232223,0.000000,0.000000,0.000657,-0.000813,-0.000130,0.415186,-0.016354,0.482181,0.415185,-0.016351,0.482182,0.000000,0.001117
4.466000,0.159397,-0.360902,0.648212,-0.116115,0.109695,-0.326849,0.326849,3.000000,0.159736,0.000000,0.000000,-0.000163,-0.001003,-0.000368,0.415184,-0.016355,0.482180,0.415185,-0.016351,0.482182,0.000000,0.003150
4.476000,0.166265,-0.369808,0.645104,-0.109247,0.100789,-0.329957,0.329957,3.000000,0.148638,0.000000,0.000000,0.000238,-0.000301,-0.000267,0.415185,-0.016351,0.482180,0.415185,-0.016351,0.482182,0.000000,0.002297
4.486000,0.141943,-0.416793,0.661645,-0.133569,0.053804,-0.313416,0.313416,3.000000,0.143999,0.000000,0.000000,-0.000228,0.000248,-0.000434,0.415184,-0.016351,0.482179,0.415185,-0.016351,0.482182,0.000000,0.003728
4.496000,0.131056,-0.410403,0.686999,-0.144456,0.060193,-0.288062,0.288062,3.000000,0.156496,0.000000,0.000000,-0.000188,0.000655,-0.000982,0.415184,-0.016351,0.482179,0.415185,-0.016351,0.482182,0.000000,0.008380
4.506000,0.092817,-0.466073,0.667836,-0.182695,0.004523,-0.307226,0.307226,3.000000,0.182751,0.000000,0.000000,0.000069,0.000556,-0.000588,0.415184,-0.016352,0.482181,0.415185,-0.016351,0.482182,0.000000,0.005004
4.516000,0.093141,-0.433481,0.666871,-0.182371,0.037115,-0.308190,0.308190,3.000000,0.186110,0.000000,0.000000,0.000557,0.000751,0.001000,0.415185,-0.016350,0.482182,0.415185,-0.016351,0.482182,0.000000,-0.008486
4.526000,0.128191,-0.406028,0.663029,-0.147321,0.064569,-0.312032,0.312032,3.000000,0.160850,0.000000,0.000000,0.000020,-0.000391,-0.000218,0.415185,-0.016352,0.482180,0.415185,-0.016351,0.482182,0.000000,0.001882
4.536000,0.182373,-0.415364,0.633776,-0.093139,0.055233,-0.341286,0.341286,3.000000,0.108285,0.000000,0.000000,0.000202,0.000235,-0.000114,0.415186,-0.016350,0.482180,0.415185,-0.016351,0.482182,0.000000,0.001000
4.546000,0.176845,-0.403410,0.648929,-0.098667,0.067187,-0.326133,0.326133,3.000000,0.119370,0.000000,0.000000,-0.000127,-0.000544,-0.000307,0.415184,-0.016353,0.482181,0.415185,-0.016351,0.482182,0.000000,0.002629
4.556000,0.128044,-0.374317,0.662330,-0.147468,0.096279,-0.312731,0.312731,3.000000,0.176115,0.000000,0.000000,0.000303,0.001158,0.000911,0.415185,-0.016350,0.482183,0.415185,-0.016351,0.482182,0.000000,-0.007753
4.566000,0.111829,-0.409729,0.685604,-0.163683,0.060867,-0.289458,0.289458,3.000000,0.174634,0.000000,0.000000,-0.000466,-0.001363,0.000207,0.415184,-0.016356,0.482180,0.415185,-0.016351,0.482182,0.000000,-0.001726
4.576000,0.118934,-0.378970,0.694920,-0.156579,0.091627,-0.280142,0.280142,3.000000,0.181418,0.000000,0.000000,0.000096,-0.001014,0.001295,0.415184,-0.016355,0.482185,0.415185,-0.016351,0.482182,0.000000,-0.011042
4.586000,0.074501,-0.403143,0.716040,-0.201011,0.067454,-0.259021,0.259021,3.000000,0.212027,0.000000,0.000000,0.000074,0.000430,-0.000169,0.415185,-0.016351,0.482181,0.415185,-0.016351,0.482182,0.000000,0.001449
4.596000,0.091628,-0.379524,0.707686,-0.183884,0.091072,-0.267375,0.267375,3.000000,0.205201,0.000000,0.000000,0.000140,-0.000399,0.000198,0.415184,-0.016353,0.482181,0.415185,-0.016351,0.482182,0.000000,-0.001663
4.606000,0.157778,-0.393882,0.662954,-0.117734,0.076715,-0.312108,0.312108,3.000000,0.140522,0.000000,0.000000,-0.000212,0.000609,-0.000530,0.415184,-0.016351,0.482181,0.415185,-0.016351,0.482182,0.000000,0.004505
4.616000,0.128179,-0.371182,0.705262,-0.147333,0.099414,-0.269800,0.269800,3.000000,0.177736,0.000000,0.000000,0.000050,0.000439,-0.000016,0.415185,-0.016352,0.482180,0.415185,-0.016351,0.482182,0.000000,0.000166
4.626000,0.154968,-0.396481,0.683068,-0.120544,0.074116,-0.291994,0.291994,3.000000,0.141506,0.000000,0.000000,-0.000154,0.000083,-0.000222,0.415184,-0.016351,0.482180,0.415185,-0.016351,0.482182,0.000000,0.001910
4.636000,0.093645,-0.414961,0.690708,-0.181867,0.055636,-0.284353,0.284353,3.000000,0.190186,0.000000,0.000000,0.000417,-0.000013,-0.000637,0.415184,-0.016353,0.482180,0.415185,-0.016351,0.482182,0.000000,0.005436
4.646000,0.054878,-0.411698,0.716751,-0.220634,0.058899,-0.258311,0.258311,3.000000,0.228360,0.000000,0.000000,0.000036,0.000259,-0.000173,0.415185,-0.016351,0.482180,0.415185,-0.016351,0.482182,0.000000,0.001498
4.656000,0.101581,-0.340910,0.692380,-0.173931,0.129686,-0.282682,0.282682,3.000000,0.216957,0.000000,0.000000,0.000485,-0.000591,-0.000119,0.415186,-0.016354,0.482182,0.415185,-0.016351,0.482182,0.000000,0.001008
4.666000,0.126131,-0.361179,0.682530,-0.149381,0.109418,-0.292532,0.292532,3.000000,0.185168,0.000000,0.000000,0.000207,-0.000430,0.000531,0.415185,-0.016353,0.482183,0.415185,-0.016351,0.482182,0.000000,-0.004529
4.676000,0.147127,-0.345735,0.691182,-0.128385,0.124862,-0.283880,0.283880,3.000000,0.179090,0.000000,0.000000,-0.000295,-0.000397,-0.000610,0.415185,-0.016352,0.482180,0.415185,-0.016351,0.482182,0.000000,0.005211
4.686000,0.189309,-0.362468,0.643373,-0.086203,0.108129,-0.331689,0.331689,3.000000,0.138286,0.000000,0.000000,0.000136,0.000715,-0.000266,0.415185,-0.016349,0.482182,0.415185,-0.016351,0.482182,0.000000,0.002255
4.696000,0.125705,-0.377173,0.666206,-0.149807,0.093424,-0.308856,0.308856,3.000000,0.176550,0.000000,0.000000,-0.000093,0.000034,0.000281,0.415184,-0.016353,0.482181,0.415185,-0.016351,0.482182,0.000000,-0.002375
4.706000,0.125581,-0.388211,0.668235,-0.149931,0.082386,-0.306826,0.306826,3.000000,0.171075,0.000000,0.000000,0.000299,0.000729,0.000159,0.415185,-0.016349,0.482181,0.415185,-0.016351,0.482182,0.000000,-0.001332
4.716000,0.150847,-0.401308,0.671701,-0.124665,0.069288,-0.303361,0.303361,3.000000,0.142626,0.000000,0.000000,0.000099,-0.000397,-0.000636,0.415185,-0.016353,0.482181,0.415185,-0.016351,0.482182,0.000000,0.005413
4.726000,0.105760,-0.383204,0.724607,-0.169753,0.087393,-0.250454,0.250454,3.000000,0.190928,0.000000,0.000000,0.000555,-0.000438,0.000712,0.415185,-0.016353,0.482182,0.415185,-0.016351,0.482182,0.000000,-0.006049
4.736000,0.102081,-0.423808,0.709721,-0.173431,0.046789,-0.265341,0.265341,3.000000,0.179632,0.000000,0.000000,0.000186,0.000923,0.001203,0.415185,-0.016351,0.482184,0.415185,-0.016351,0.482182,0.000000,-0.010251
4.746000,0.137910,-0.429017,0.699087,-0.137602,0.041580,-0.275974,0.275974,3.000000,0.143747,0.000000,0.000000,0.000121,-0.000357,-0.000335,0.415184,-0.016352,0.482180,0.415185,-0.016351,0.482182,0.000000,0.002877
4.756000,0.115075,-0.404593,0.688685,-0.160437,0.066004,-0.286376,0.286376,3.000000,0.173483,0.000000,0.000000,-0.000151,-0.000018,-0.000183,0.415185,-0.016352,0.482182,0.415185,-0.016351,0.482182,0.000000,0.001553
4.766000,0.133022,-0.360174,0.705503,-0.142490,0.110423,-0.269559,0.269559,3.000000,0.180269,0.000000,0.000000,0.000131,0.000615,0.000024,0.415185,-0.016351,0.482182,0.415185,-0.016351,0.482182,0.000000,-0.000202
4.776000,0.119227,-0.404350,0.693033,-0.156285,0.066247,-0.282029,0.282029,3.000000,0.169746,0.000000,0.000000,0.000062,-0.000961,-0.001093,0.415184,-0.016355,0.482179,0.415185,-0.016351,0.482182,0.000000,0.009324
4.786000,0.096418,-0.399689,0.711658,-0.179094,0.070907,-0.263404,0.263404,3.000000,0.192620,0.000000,0.000000,-0.000228,0.000388,-0.000510,0.415184,-0.016352,0.482180,0.415185,-0.016351,0.482182,0.000000,0.004361
4.796000,0.124419,-0.418635,0.688826,-0.151093,0.051961,-0.286236,0.286236,3.000000,0.159778,0.000000,0.000000,0.000323,0.000756,0.000064,0.415185,-0.016350,0.482182,0.415185,-0.016351,0.482182,0.000000,-0.000541
4.806000,0.133003,-0.387604,0.697656,-0.142509,0.082992,-0.277406,0.277406,3.000000,0.164914,0.000000,0.000000,-0.000271,-0.000270,0.000457,0.415184,-0.016354,0.482182,0.415185,-0.016351,0.482182,0.000000,-0.003884
4.816000,0.126203,-0.362272,0.683054,-0.149309,0.108324,-0.292008,0.292008,3.000000,0.184465,0.000000,0.000000,0.000037,-0.000025,-0.000198,0.415184,-0.016351,0.482182,0.415185,-0.016351,0.482182,0.000000,0.001668
4.826000,0.119997,-0.365106,0.707363,-0.155515,0.105490,-0.267699,0.267699,3.000000,0.187918,0.000000,0.000000,-0.000212,-0.000549,0.000710,0.415184,-0.016351,0.482182,0.415185,-0.016351,0.482182,0.000000,-0.006020
4.836000,0.227548,-0.361975,0.647242,-0.047964,0.108622,-0.327819,0.327819,3.000000,0.118740,0.000000,0.000000,0.000135,-0.000395,-0.000439,0.415185,-0.016353,0.482179,0.415185,-0.016351,0.482182,0.000000,0.003769
4.846000,0.187898,-0.377499,0.682624,-0.087614,0.093097,-0.292437,0.292437,3.000000,0.127841,0.000000,0.000000,0.000173,0.000260,-0.000327,0.415185,-0.016352,0.482180,0.415185,-0.016351,0.482182,0.000000,0.002803
4.856000,0.131429,-0.392030,0.694590,-0.144083,0.078567,-0.280472,0.280472,3.000000,0.164111,0.000000,0.000000,0.000002,0.000070,-0.000367,0.415185,-0.016351,0.482181,0.415185,-0.016351,0.482182,0.000000,0.003133
4.866000,0.139430,-0.408664,0.676624,-0.136082,0.061932,-0.298437,0.298437,3.000000,0.149512,0.000000,0.000000,0.000565,0.000238,-0.000178,0.415186,-0.016351,0.482182,0.415185,-0.016351,0.482182,0.000000,0.001517
4.876000,0.083291,-0.348508,0.706092,-0.192221,0.122089,-0.268970,0.268970,3.000000,0.227716,0.000000,0.000000,0.000062,0.000687,0.000393,0.415185,-0.016348,0.482182,0.415185,-0.016351,0.482182,0.000000,-0.003342
4.886000,0.092983,-0.320123,0.687671,-0.182529,0.150473,-0.287390,0.287390,3.000000,0.236557,0.000000,0.000000,-0.000212,0.000048,0.000170,0.415184,-0.016352,0.482182,0.415185,-0.016351,0.482182,0.000000,-0.001455
4.896000,0.083355,-0.360020,0.700759,-0.192157,0.110576,-0.274302,0.274302,3.000000,0.221701,0.000000,0.000000,0.000543,0.000285,0.000274,0.415185,-0.016351,0.482181,0.415185,-0.016351,0.482182,0.000000,-0.002315
4.906000,0.143718,-0.427242,0.642744,-0.131794,0.043355,-0.332318,0.332318,3.000000,0.138742,0.000000,0.000000,0.000491,0.000229,0.001288,0.415185,-0.016352,0.482183,0.415185,-0.016351,0.482182,0.000000,-0.010962
4.916000,0.131223,-0.403130,0.678774,-0.144289,0.067467,-0.296288,0.296288,3.000000,0.159283,0.000000,0.000000,-0.000087,-0.000720,-0.000717,0.415185,-0.016352,0.482180,0.415185,-0.016351,0.482182,0.000000,0.006109
4.926000,0.125876,-0.377940,0.699984,-0.149636,0.092656,-0.275078,0.275078,3.000000,0.176000,0.000000,0.000000,0.000258,-0.000047,-0.001001,0.415184,-0.016350,0.482179,0.415185,-0.016351,0.482182,0.000000,0.008547
4.936000,0.108731,-0.348316,0.692652,-0.166781,0.122280,-0.282410,0.282410,3.000000,0.206805,0.000000,0.000000,0.000007,0.000110,0.000244,0.415185,-0.016351,0.482182,0.415185,-0.016351,0.482182,0.000000,-0.002070
4.946000,0.170274,-0.374807,0.666039,-0.105238,0.095789,-0.309023,0.309023,3.000000,0.142305,0.000000,0.000000,-0.000082,-0.000046,-0.000117,0.415184,-0.016350,0.482181,0.415185,-0.016351,0.482182,0.000000,0.001002
4.956000,0.101079,-0.415978,0.708830,-0.174433,0.054618,-0.266232,0.266232,3.000000,0.182785,0.000000,0.000000,0.000226,-0.000529,0.000082,0.415185,-0.016353,0.482181,0.415185,-0.016351,0.482182,0.000000,-0.000677
4.966000,0.125826,-0.398072,0.681138,-0.149686,0.072524,-0.293923,0.293923,3.000000,0.166330,0.000000,0.000000,0.000034,-0.000303,0.000986,0.415185,-0.016352,0.482183,0.415185,-0.016351,0.482182,0.000000,-0.008381
4.976000,0.111662,-0.373108,0.669350,-0.163850,0.097488,-0.305712,0.305712,3.000000,0.190659,0.000000,0.000000,0.000294,0.000206,-0.000313,0.415185,-0.016350,0.482181,0.415185,-0.016351,0.482182,0.000000,0.002674
4.986000,0.123384,-0.388591,0.693405,-0.152128,0.082005,-0.281656,0.281656,3.000000,0.172823,0.000000,0.000000,-0.000134,-0.000562,-0.000928,0.415184,-0.016353,0.482178,0.415185,-0.016351,0.482182,0.000000,0.007935
4.996000,0.144191,-0.421592,0.682318,-0.131322,0.049005,-0.292744,0.292744,3.000000,0.140167,0.000000,0.000000,-0.000251,-0.000449,-0.000036,0.415185,-0.016352,0.482181,0.415185,-0.016351,0.482182,0.000000,0.000311
5.006000,0.138898,-0.365519,0.680968,-0.136614,0.105077,-0.294094,0.294094,3.000000,0.172350,0.000000,0.000000,-0.000109,0.000024,0.000003,0.415185,-0.016351,0.482183,0.415185,-0.016351,0.482182,0.000000,-0.000056
5.016000,0.170826,-0.411034,0.661216,-0.104686,0.059562,-0.313845,0.313845,3.000000,0.120444,0.000000,0.000000,-0.000421,0.000048,0.000217,0.415184,-0.016351,0.482182,0.415185,-0.016351,0.482182,0.000000,-0.001853
5.026000,0.123157,-0.382082,0.686548,-0.152356,0.088515,-0.288513,0.288513,3.000000,0.176202,0.000000,0.000000,-0.000079,-0.000614,-0.001014,0.415184,-0.016354,0.482179,0.415185,-0.016351,0.482182,0.000000,0.008656
5.036000,0.105030,-0.353579,0.684922,-0.170482,0.117018,-0.290139,0.290139,3.000000,0.206778,0.000000,0.000000,0.000217,-0.000750,-0.000315,0.415185,-0.016352,0.482181,0.415185,-0.016351,0.482182,0.000000,0.002693
5.046000,0.122961,-0.384396,0.680577,-0.152551,0.086201,-0.294484,0.294484,3.000000,0.175221,0.000000,0.000000,0.000184,0.000272,-0.000898,0.415185,-0.016351,0.482179,0.415185,-0.016351,0.482182,0.000000,0.007664
5.056000,0.177832,-0.378038,0.645994,-0.097680,0.092559,-0.329068,0.329068,3.000000,0.134568,0.000000,0.000000,0.000394,0.000241,0.000199,0.415185,-0.016352,0.482182,0.415185,-0.016351,0.482182,0.000000,-0.001688
5.066000,0.135505,-0.380748,0.649386,-0.140007,0.089848,-0.325676,0.325676,3.000000,0.166357,0.000000,0.000000,0.000578,-0.000694,-0.000292,0.415186,-0.016353,0.482180,0.415185,-0.016351,0.482182,0.000000,0.002505
5.076000,0.134989,-0.433011,0.684209,-0.140524,0.037586,-0.290852,0.290852,3.000000,0.145463,0.000000,0.000000,-0.000111,0.000610,0.000258,0.415184,-0.016351,0.482182,0.415185,-0.016351,0.482182,0.000000,-0.002192
5.086000,0.124187,-0.402202,0.684183,-0.151326,0.068395,-0.290879,0.290879,3.000000,0.166064,0.000000,0.000000,0.000178,-0.000557,-0.000166,0.415186,-0.016352,0.482181,0.415185,-0.016351,0.482182,0.000000,0.001414
5.096000,0.116855,-0.346187,0.703595,-0.158657,0.124410,-0.271467,0.271467,3.000000,0.201618,0.000000,0.000000,0.000014,0.000093,-0.000944,0.415184,-0.016352,0.482179,0.415185,-0.016351,0.482182,0.000000,0.008060
5.106000,0.106091,-0.366667,0.698278,-0.169421,0.103930,-0.276784,0.276784,3.000000,0.198758,0.000000,0.000000,-0.000057,-0.000053,0.000400,0.415185,-0.016351,0.482182,0.415185,-0.016351,0.482182,0.000000,-0.003404
5.116000,0.150520,-0.385782,0.671534,-0.124992,0.084814,-0.303528,0.303528,3.000000,0.151051,0.000000,0.000000,0.000590,-0.000588,0.000568,0.415185,-0.016353,0.482182,0.415185,-0.016351,0.482182,0.000000,-0.004827
5.126000,0.109163,-0.369725,0.684735,-0.166350,0.100872,-0.290326,0.290326,3.000000,0.194544,0.000000,0.000000,0.000374,-0.000587,-0.000573,0.415185,-0.016352,0.482178,0.415185,-0.016351,0.482182,0.000000,0.004929
5.136000,0.105075,-0.407773,0.680928,-0.170437,0.062823,-0.294134,0.294134,3.000000,0.181647,0.000000,0.000000,-0.000404,0.000837,-0.000270,0.415184,-0.016352,0.482182,0.415185,-0.016351,0.482182,0.000000,0.002298
5.146000,0.106657,-0.393443,0.690730,-0.168855,0.077154,-0.284332,0.284332,3.000000,0.185647,0.000000,0.000000,-0.000018,0.000175,-0.000839,0.415185,-0.016351,0.482180,0.415185,-0.016351,0.482182,0.000000,0.007150
5.156000,0.107926,-0.378620,0.696564,-0.167587,0.091976,-0.278497,0.278497,3.000000,0.191167,0.000000,0.000000,-0.000240,-0.000144,-0.000119,0.415184,-0.016351,0.482181,0.415185,-0.016351,0.482182,0.000000,0.001028
5.166000,0.087496,-0.410810,0.693892,-0.188016,0.059787,-0.281169,0.281169,3.000000,0.197293,0.000000,0.000000,0.000096,0.000025,-0.000446,0.415184,-0.016353,0.482182,0.415185,-0.016351,0.482182,0.000000,0.003786
5.176000,0.118896,-0.397032,0.685530,-0.156617,0.073565,-0.289532,0.289532,3.000000,0.173033,0.000000,0.000000,0.000245,-0.000061,-0.000651,0.415185,-0.016351,0.482180,0.415185,-0.016351,0.482182,0.000000,0.005559
5.186000,0.109124,-0.374815,0.671298,-0.166388,0.095782,-0.303764,0.303764,3.000000,0.191987,0.000000,0.000000,0.000337,-0.000128,0.000188,0.415184,-0.016353,0.482182,0.415185,-0.016351,0.482182,0.000000,-0.001598
5.196000,0.154273,-0.427717,0.656570,-0.121239,0.042879,-0.318492,0.318492,3.000000,0.128599,0.000000,0.000000,0.000120,-0.000175,0.000431,0.415185,-0.016351,0.482182,0.415185,-0.016351,0.482182,0.000000,-0.003670
5.206000,0.124490,-0.399884,0.694657,-0.151022,0.070713,-0.280405,0.280405,3.000000,0.166757,0.000000,0.000000,-0.000367,0.000268,-0.000015,0.415184,-0.016353,0.482182,0.415185,-0.016351,0.482182,0.000000,0.000125
5.216000,0.152238,-0.382339,0.688783,-0.123275,0.088258,-0.286278,0.286278,3.000000,0.151612,0.000000,0.000000,-0.000015,0.000137,-0.000596,0.415185,-0.016354,0.482180,0.415185,-0.016351,0.482182,0.000000,0.005086
5.226000,0.144883,-0.381749,0.670432,-0.130629,0.088847,-0.304629,0.304629,3.000000,0.157980,0.000000,0.000000,0.000281,-0.000703,0.000013,0.415185,-0.016354,0.482181,0.415185,-0.016351,0.482182,0.000000,-0.000097
5.236000,0.101220,-0.379026,0.692600,-0.174292,0.091571,-0.282462,0.282462,3.000000,0.196884,0.000000,0.000000,0.000196,0.000519,-0.000461,0.415186,-0.016351,0.482181,0.415185,-0.016351,0.482182,0.000000,0.003928
5.246000,0.095043,-0.346497,0.692744,-0.180469,0.124099,-0.282318,0.282318,3.000000,0.219020,0.000000,0.000000,0.000094,-0.000184,-0.000320,0.415186,-0.016352,0.482182,0.415185,-0.016351,0.482182,0.000000,0.002722
5.256000,0.120515,-0.359468,0.683675,-0.154997,0.111129,-0.291387,0.291387,3.000000,0.190719,0.000000,0.000000,-0.000114,-0.000398,-0.000505,0.415185,-0.016352,0.482181,0.415185,-0.016351,0.482182,0.000000,0.004294
5.266000,0.110749,-0.372199,0.670632,-0.164763,0.098398,-0.304430,0.304430,3.000000,0.191909,0.000000,0.000000,-0.000115,0.000636,-0.000171,0.415183,-0.016351,0.482180,0.415185,-0.016351,0.482182,0.000000,0.001486
5.276000,0.090907,-0.391117,0.692220,-0.184606,0.079480,-0.282841,0.282841,3.000000,0.200988,0.000000,0.000000,-0.000084,-0.000417,-0.000308,0.415184,-0.016352,0.482181,0.415185,-0.016351,0.482182,0.000000,0.002628
5.286000,0.089570,-0.392428,0.682164,-0.185942,0.078168,-0.292897,0.292897,3.000000,0.201704,0.000000,0.000000,0.000213,0.000369,0.000564,0.415185,-0.016349,0.482182,0.415185,-0.016351,0.482182,0.000000,-0.004799
5.296000,0.136921,-0.352401,0.648120,-0.138591,0.118195,-0.326941,0.326941,3.000000,0.182147,0.000000,0.000000,0.000055,-0.000084,0.000841,0.415185,-0.016351,0.482183,0.415185,-0.016351,0.482182,0.000000,-0.007164
5.306000,0.126350,-0.353276,0.644331,-0.149162,0.117320,-0.330730,0.330730,3.000000,0.189772,0.000000,0.000000,0.000214,0.000093,0.000135,0.415185,-0.016352,0.482182,0.415185,-0.016351,0.482182,0.000000,-0.001152
5.316000,0.104091,-0.377828,0.670261,-0.171421,0.092769,-0.304800,0.304800,3.000000,0.194914,0.000000,0.000000,-0.000305,-0.000504,-0.000199,0.415184,-0.016353,0.482181,0.415185,-0.016351,0.482182,0.000000,0.001710
5.326000,0.123367,-0.375016,0.696976,-0.152145,0.095581,-0.278086,0.278086,3.000000,0.179677,0.000000,0.000000,-0.000021,0.000417,0.000762,0.415185,-0.016351,0.482183,0.415185,-0.016351,0.482182,0.000000,-0.006486
5.336000,0.157017,-0.393606,0.663945,-0.118495,0.076991,-0.311117,0.311117,3.000000,0.141310,0.000000,0.000000,0.000449,0.000008,0.000463,0.415186,-0.016352,0.482182,0.415185,-0.016351,0.482182,0.000000,-0.003933
5.346000,0.108947,-0.384496,0.659634,-0.166565,0.086101,-0.315428,0.315428,3.000000,0.187502,0.000000,0.000000,0.000079,0.000823,-0.000360,0.415185,-0.016350,0.482181,0.415185,-0.016351,0.482182,0.000000,0.003077
5.356000,0.086214,-0.385063,0.691558,-0.189298,0.085534,-0.283503,0.283503,3.000000,0.207725,0.000000,0.000000,0.000109,0.000926,0.000768,0.415184,-0.016351,0.482184,0.415185,-0.016351,0.482182,0.000000,-0.006557
5.366000,0.111746,-0.407864,0.689070,-0.163766,0.062733,-0.285991,0.285991,3.000000,0.175370,0.000000,0.000000,-0.000116,0.001360,-0.000066,0.415183,-0.016350,0.482181,0.415185,-0.016351,0.482182,0.000000,0.000574
5.376000,0.108358,-0.402594,0.691193,-0.167154,0.068002,-0.283868,0.283868,3.000000,0.180457,0.000000,0.000000,0.000132,-0.000241,-0.000867,0.415184,-0.016353,0.482179,0.415185,-0.016351,0.482182,0.000000,0.007401
5.386000,0.121158,-0.344466,0.703066,-0.154354,0.126131,-0.271996,0.271996,3.000000,0.199334,0.000000,0.000000,-0.000088,0.000255,-0.000512,0.415184,-0.016351,0.482181,0.415185,-0.016351,0.482182,0.000000,0.004366
5.396000,0.136928,-0.399067,0.676931,-0.138584,0.071530,-0.298131,0.298131,3.000000,0.155955,0.000000,0.000000,0.000020,-0.000178,0.000577,0.415185,-0.016353,0.482183,0.415185,-0.016351,0.482182,0.000000,-0.004910
5.406000,0.128840,-0.389131,0.682675,-0.146672,0.081466,-0.292387,0.292387,3.000000,0.167778,0.000000,0.000000,0.000062,0.000224,0.000174,0.415184,-0.016351,0.482182,0.415185,-0.016351,0.482182,0.000000,-0.001487
5.416000,0.110122,-0.382944,0.681919,-0.165390,0.087653,-0.293143,0.293143,3.000000,0.187181,0.000000,0.000000,0.000086,-0.000241,0.000557,0.415185,-0.016353,0.482182,0.415185,-0.016351,0.482182,0.000000,-0.004730
5.426000,0.170035,-0.404074,0.630254,-0.105477,0.066523,-0.344808,0.344808,3.000000,0.124703,0.000000,0.000000,0.000185,-0.000082,-0.000424,0.415185,-0.016352,0.482181,0.415185,-0.016351,0.482182,0.000000,0.003621
5.436000,0.134699,-0.398172,0.680365,-0.140813,0.072424,-0.294696,0.294696,3.000000,0.158346,0.000000,0.000000,0.000262,-0.001167,0.000106,0.415185,-0.016355,0.482182,0.415185,-0.016351,0.482182,0.000000,-0.000909
5.446000,0.099876,-0.389830,0.699722,-0.175636,0.080767,-0.275339,0.275339,3.000000,0.193317,0.000000,0.000000,0.000069,-0.000058,0.000044,0.415184,-0.016352,0.482181,0.415185,-0.016351,0.482182,0.000000,-0.000354
5.456000,0.158845,-0.404895,0.689704,-0.116667,0.065702,-0.285358,0.285358,3.000000,0.133895,0.000000,0.000000,-0.000027,0.000508,0.001303,0.415185,-0.016352,0.482184,0.415185,-0.016351,0.482182,0.000000,-0.011096
5.466000,0.137980,-0.389207,0.685917,-0.137532,0.081390,-0.289145,0.289145,3.000000,0.159810,0.000000,0.000000,0.000091,-0.000190,-0.000041,0.415185,-0.016352,0.482181,0.415185,-0.016351,0.482182,0.000000,0.000360
5.476000,0.109415,-0.414366,0.707960,-0.166097,0.056230,-0.267102,0.267102,3.000000,0.175357,0.000000,0.000000,0.000268,0.001080,-0.000042,0.415185,-0.016350,0.482181,0.415185,-0.016351,0.482182,0.000000,0.000376
5.486000,0.103379,-0.371638,0.708759,-0.172133,0.098959,-0.266303,0.266303,3.000000,0.198552,0.000000,0.000000,0.000289,-0.000324,0.000577,0.415185,-0.016351,0.482184,0.415185,-0.016351,0.482182,0.000000,-0.004938
5.496000,0.099286,-0.325177,0.706650,-0.176226,0.145419,-0.268412,0.268412,3.000000,0.228478,0.000000,0.000000,0.000079,-0.000071,-0.000712,0.415183,-0.016351,0.482181,0.415185,-0.016351,0.482182,0.000000,0.006060
5.506000,0.130409,-0.328318,0.697500,-0.145103,0.142279,-0.277561,0.277561,3.000000,0.203220,0.000000,0.000000,-0.000014,0.000268,-0.000519,0.415185,-0.016352,0.482182,0.415185,-0.016351,0.482182,0.000000,0.004401
5.516000,0.139130,-0.362072,0.687531,-0.136383,0.108525,-0.287531,0.287531,3.000000,0.174292,0.000000,0.000000,-0.000353,0.000192,-0.000381,0.415183,-0.016351,0.482182,0.415185,-0.016351,0.482182,0.000000,0.003224
5.526000,0.171581,-0.384981,0.672291,-0.103931,0.085616,-0.302770,0.302770,3.000000,0.134654,0.000000,0.000000,-0.000022,0.000515,0.000838,0.415185,-0.016352,0.482185,0.415185,-0.016351,0.482182,0.000000,-0.007163
5.536000,0.175484,-0.397103,0.644071,-0.100028,0.073494,-0.330991,0.330991,3.000000,0.124124,0.000000,0.000000,0.000132,-0.000035,-0.000064,0.415185,-0.016351,0.482181,0.415185,-0.016351,0.482182,0.000000,0.000555
5.546000,0.200278,-0.392762,0.666748,-0.075234,0.077835,-0.308314,0.308314,3.000000,0.108252,0.000000,0.000000,-0.000260,-0.000011,0.000013,0.415185,-0.016353,0.482182,0.415185,-0.016351,0.482182,0.000000,-0.000115
5.556000,0.178752,-0.407163,0.680770,-0.096760,0.063434,-0.294292,0.294292,3.000000,0.115699,0.000000,0.000000,-0.000273,0.001037,0.000691,0.415184,-0.016348,0.482183,0.415185,-0.016351,0.482182,0.000000,-0.005878
5.566000,0.178061,-0.376827,0.673359,-0.097451,0.093770,-0.301703,0.301703,3.000000,0.135238,0.000000,0.000000,-0.000141,-0.000326,-0.001125,0.415184,-0.016353,0.482178,0.415185,-0.016351,0.482182,0.000000,0.009612
5.576000,0.169283,-0.386822,0.671462,-0.106229,0.083774,-0.303599,0.303599,3.000000,0.135288,0.000000,0.000000,-0.000277,-0.000445,0.001218,0.415184,-0.016354,0.482184,0.415185,-0.016351,0.482182,0.000000,-0.010384
5.586000,0.142353,-0.369598,0.642498,-0.133159,0.100998,-0.332564,0.332564,3.000000,0.167128,0.000000,0.000000,-0.000140,0.000351,-0.000122,0.415185,-0.016351,0.482180,0.415185,-0.016351,0.482182,0.000000,0.001070
5.596000,0.115179,-0.356539,0.683178,-0.160333,0.114058,-0.291883,0.291883,3.000000,0.196763,0.000000,0.000000,0.000133,0.000126,0.001192,0.415184,-0.016353,0.482184,0.415185,-0.016351,0.482182,0.000000,-0.010146
5.606000,0.113439,-0.385897,0.680100,-0.162073,0.084699,-0.294962,0.294962,3.000000,0.182871,0.000000,0.000000,0.000324,0.000015,-0.000038,0.415185,-0.016353,0.482181,0.415185,-0.016351,0.482182,0.000000,0.000334
5.616000,0.108952,-0.376666,0.655714,-0.166561,0.093930,-0.319347,0.319347,3.000000,0.191221,0.000000,0.000000,0.000512,0.000846,0.001075,0.415186,-0.016349,0.482183,0.415185,-0.016351,0.482182,0.000000,-0.009147
5.626000,0.117675,-0.386430,0.701427,-0.157837,0.084167,-0.273635,0.273635,3.000000,0.178876,0.000000,0.000000,-0.000015,0.000290,-0.000590,0.415184,-0.016351,0.482179,0.415185,-0.016351,0.482182,0.000000,0.005051
5.636000,0.088345,-0.381477,0.724714,-0.187167,0.089120,-0.250348,0.250348,3.000000,0.207301,0.000000,0.000000,-0.000120,-0.000318,0.000407,0.415184,-0.016352,0.482182,0.415185,-0.016351,0.482182,0.000000,-0.003463
5.646000,0.107889,-0.420493,0.741931,-0.167623,0.050104,-0.233131,0.233131,3.000000,0.174951,0.000000,0.000000,-0.000206,0.000288,-0.000757,0.415185,-0.016351,0.482179,0.415185,-0.016351,0.482182,0.000000,0.006468
5.656000,0.114944,-0.386655,0.715602,-0.160568,0.083942,-0.259460,0.259460,3.000000,0.181186,0.000000,0.000000,-0.000130,0.001048,-0.000885,0.415185,-0.016351,0.482179,0.415185,-0.016351,0.482182,0.000000,0.007557
5.666000,0.147977,-0.388238,0.694017,-0.127535,0.082359,-0.281045,0.281045,3.000000,0.151816,0.000000,0.000000,-0.000054,0.000477,0.000119,0.415184,-0.016351,0.482181,0.415185,-0.016351,0.482182,0.000000,-0.001003
5.676000,0.179026,-0.382513,0.664019,-0.096486,0.088083,-0.311043,0.311043,3.000000,0.130646,0.000000,0.000000,-0.000268,-0.001571,0.000816,0.415184,-0.016355,0.482183,0.415185,-0.016351,0.482182,0.000000,-0.006956
5.686000,0.156109,-0.347263,0.690858,-0.119404,0.123334,-0.284204,0.284204,3.000000,0.171664,0.000000,0.000000,-0.000032,-0.000161,-0.000127,0.415184,-0.016351,0.482180,0.415185,-0.016351,0.482182,0.000000,0.001107
5.696000,0.152077,-0.406630,0.693553,-0.123435,0.063967,-0.281509,0.281509,3.000000,0.139025,0.000000,0.000000,0.000221,0.000171,0.000156,0.415185,-0.016352,0.482180,0.415185,-0.016351,0.482182,0.000000,-0.001299
5.706000,0.149233,-0.346440,0.688985,-0.126279,0.124156,-0.286076,0.286076,3.000000,0.177091,0.000000,0.000000,0.000169,-0.000910,0.000395,0.415185,-0.016354,0.482182,0.415185,-0.016351,0.482182,0.000000,-0.003352
5.716000,0.148873,-0.369725,0.680219,-0.126639,0.100871,-0.294843,0.294843,3.000000,0.161903,0.000000,0.000000,-0.000157,-0.000044,0.000164,0.415184,-0.016352,0.482182,0.415185,-0.016351,0.482182,0.000000,-0.001389
5.726000,0.083710,-0.354994,0.713324,-0.191802,0.115602,-0.261737,0.261737,3.000000,0.223946,0.000000,0.000000,-0.000207,-0.000080,0.000062,0.415184,-0.016352,0.482181,0.415185,-0.016351,0.482182,0.000000,-0.000519
5.736000,0.091751,-0.407943,0.698206,-0.183761,0.062653,-0.276856,0.276856,3.000000,0.194148,0.000000,0.000000,0.000024,-0.000211,0.000398,0.415183,-0.016353,0.482181,0.415185,-0.016351,0.482182,0.000000,-0.003367
5.746000,0.127015,-0.388455,0.676861,-0.148498,0.082141,-0.298201,0.298201,3.000000,0.169702,0.000000,0.000000,0.000517,0.000189,0.000007,0.415185,-0.016352,0.482182,0.415185,-0.016351,0.482182,0.000000,-0.000065
5.756000,0.136823,-0.417811,0.694625,-0.138689,0.052786,-0.280437,0.280437,3.000000,0.148395,0.000000,0.000000,-0.000091,0.000773,0.000204,0.415185,-0.016350,0.482182,0.415185,-0.016351,0.482182,0.000000,-0.001727
5.766000,0.144443,-0.403972,0.678404,-0.131069,0.066625,-0.296658,0.296658,3.000000,0.147030,0.000000,0.000000,0.000080,0.000703,-0.000096,0.415184,-0.016350,0.482181,0.415185,-0.016351,0.482182,0.000000,0.000840
5.776000,0.148754,-0.402698,0.702796,-0.126758,0.067899,-0.272265,0.272265,3.000000,0.143798,0.000000,0.000000,-0.000035,0.000234,0.000286,0.415184,-0.016352,0.482184,0.415185,-0.016351,0.482182,0.000000,-0.002461
5.786000,0.102585,-0.382995,0.713410,-0.172927,0.087602,-0.261652,0.261652,3.000000,0.193850,0.000000,0.000000,0.000275,0.000267,0.000678,0.415185,-0.016351,0.482184,0.415185,-0.016351,0.482182,0.000000,-0.005782
5.796000,0.205813,-0.349990,0.660228,-0.069699,0.120607,-0.314834,0.314834,3.000000,0.139298,0.000000,0.000000,0.000294,-0.000142,-0.000349,0.415185,-0.016352,0.482180,0.415185,-0.016351,0.482182,0.000000,0.002993
5.806000,0.181475,-0.417226,0.689088,-0.094037,0.053370,-0.285974,0.285974,3.000000,0.108127,0.000000,0.000000,0.000053,0.000227,-0.000535,0.415183,-0.016352,0.482179,0.415185,-0.016351,0.482182,0.000000,0.004596
5.816000,0.210151,-0.373899,0.703072,-0.065361,0.096697,-0.271990,0.271990,3.000000,0.116715,0.000000,0.000000,-0.000161,-0.000071,0.000594,0.415185,-0.016353,0.482183,0.415185,-0.016351,0.482182,0.000000,-0.005062
5.826000,0.152066,-0.363869,0.732705,-0.123446,0.106728,-0.242357,0.242357,3.000000,0.163186,0.000000,0.000000,-0.000037,-0.000208,0.000454,0.415184,-0.016352,0.482181,0.415185,-0.016351,0.482182,0.000000,-0.003834
5.836000,0.162972,-0.398688,0.705280,-0.112541,0.071909,-0.269781,0.269781,3.000000,0.133553,0.000000,0.000000,-0.000101,-0.000752,0.000858,0.415184,-0.016352,0.482184,0.415185,-0.016351,0.482182,0.000000,-0.007313
5.846000,0.124214,-0.376284,0.723017,-0.151298,0.094312,-0.252044,0.252044,3.000000,0.178286,0.000000,0.000000,0.000083,0.000285,0.000406,0.415185,-0.016351,0.482185,0.415185,-0.016351,0.482182,0.000000,-0.003496
5.856000,0.127556,-0.392676,0.728458,-0.147956,0.077921,-0.246603,0.246603,3.000000,0.167221,0.000000,0.000000,0.000464,0.000023,0.000242,0.415185,-0.016352,0.482181,0.415185,-0.016351,0.482182,0.000000,-0.002039
5.866000,0.099543,-0.369164,0.723134,-0.175969,0.101433,-0.251927,0.251927,3.000000,0.203110,0.000000,0.000000,-0.000222,-0.000078,-0.000167,0.415184,-0.016353,0.482180,0.415185,-0.016351,0.482182,0.000000,0.001451
5.876000,0.145283,-0.382826,0.713126,-0.130229,0.087771,-0.261936,0.261936,3.000000,0.157046,0.000000,0.000000,0.000036,-0.000328,-0.000543,0.415185,-0.016352,0.482181,0.415185,-0.016351,0.482182,0.000000,0.004630
5.886000,0.157354,-0.371307,0.705001,-0.118158,0.099289,-0.270061,0.270061,3.000000,0.154336,0.000000,0.000000,0.000110,0.000140,0.000018,0.415185,-0.016350,0.482181,0.415185,-0.016351,0.482182,0.000000,-0.000140
5.896000,0.178905,-0.355695,0.694773,-0.096607,0.114901,-0.280289,0.280289,3.000000,0.150118,0.000000,0.000000,-0.000049,-0.000900,0.000385,0.415184,-0.016353,0.482182,0.415185,-0.016351,0.482182,0.000000,-0.003268
5.906000,0.185372,-0.348235,0.667652,-0.090140,0.122362,-0.307410,0.307410,3.000000,0.151979,0.000000,0.000000,0.000134,-0.000367,-0.000276,0.415184,-0.016352,0.482182,0.415185,-0.016351,0.482182,0.000000,0.002344
5.916000,0.119959,-0.405274,0.711134,-0.155554,0.065323,-0.263928,0.263928,3.000000,0.168713,0.000000,0.000000,0.000274,0.000161,0.000223,0.415185,-0.016352,0.482183,0.415185,-0.016351,0.482182,0.000000,-0.001910
5.926000,0.149975,-0.397400,0.698050,-0.125537,0.073197,-0.277012,0.277012,3.000000,0.145318,0.000000,0.000000,0.000010,-0.000006,-0.000000,0.415184,-0.016352,0.482182,0.415185,-0.016351,0.482182,0.000000,-0.000009
5.936000,0.130760,-0.384601,0.684051,-0.144753,0.085996,-0.291011,0.291011,3.000000,0.168370,0.000000,0.000000,0.000098,0.000059,-0.000012,0.415185,-0.016352,0.482181,0.415185,-0.016351,0.482182,0.000000,0.000117
5.946000,0.138300,-0.377023,0.677979,-0.137212,0.093574,-0.297083,0.297083,3.000000,0.166082,0.000000,0.000000,0.000284,-0.000285,-0.000939,0.415185,-0.016351,0.482180,0.415185,-0.016351,0.482182,0.000000,0.007999
5.956000,0.149752,-0.397611,0.659194,-0.125761,0.072986,-0.315868,0.315868,3.000000,0.145405,0.000000,0.000000,0.000048,-0.001205,-0.000112,0.415184,-0.016354,0.482181,0.415185,-0.016351,0.482182,0.000000,0.000975
5.966000,0.136154,-0.408603,0.666715,-0.139359,0.061993,-0.308347,0.308347,3.000000,0.152525,0.000000,0.000000,0.000019,0.000963,0.000473,0.415184,-0.016350,0.482182,0.415185,-0.016351,0.482182,0.000000,-0.004030
5.976000,0.169470,-0.401893,0.686498,-0.106042,0.068704,-0.288564,0.288564,3.000000,0.126353,0.000000,0.000000,-0.000223,0.000046,0.000106,0.415184,-0.016352,0.482181,0.415185,-0.016351,0.482182,0.000000,-0.000892
5.986000,0.117665,-0.346195,0.701176,-0.157848,0.124401,-0.273885,0.273885,3.000000,0.200976,0.000000,0.000000,-0.000304,0.000246,-0.000391,0.415184,-0.016351,0.482182,0.415185,-0.016351,0.482182,0.000000,0.003311
5.996000,0.085918,-0.379535,0.718255,-0.189594,0.091061,-0.256806,0.256806,3.000000,0.210328,0.000000,0.000000,0.000185,-0.000300,-0.000428,0.415185,-0.016354,0.482180,0.415185,-0.016351,0.482182,0.000000,0.003658
6.006000,0.147453,-0.428184,0.668491,-0.128059,0.042412,-0.306570,0.306570,3.000000,0.134900,0.000000,0.000000,-0.000019,0.000704,0.000529,0.415184,-0.016350,0.482183,0.415185,-0.016351,0.482182,0.000000,-0.004513
6.016000,0.134049,-0.397931,0.653960,-0.141463,0.072666,-0.321102,0.321102,3.000000,0.159035,0.000000,0.000000,0.000431,0.000252,-0.000388,0.415185,-0.016352,0.482181,0.415185,-0.016351,0.482182,0.000000,0.003309
6.026000,0.084328,-0.379490,0.699066,-0.191184,0.091107,-0.275996,0.275996,3.000000,0.211783,0.000000,0.000000,-0.000019,-0.000741,0.000741,0.415184,-0.016355,0.482184,0.415185,-0.016351,0.482182,0.000000,-0.006332
6.036000,0.114195,-0.420486,0.669162,-0.161317,0.050110,-0.305900,0.305900,3.000000,0.168920,0.000000,0.000000,0.000207,-0.000076,-0.000469,0.415184,-0.016352,0.482180,0.415185,-0.016351,0.482182,0.000000,0.004010
6.046000,0.160496,-0.422677,0.682204,-0.115016,0.047920,-0.292858,0.292858,3.000000,0.124599,0.000000,0.000000,-0.000334,0.000384,-0.000255,0.415184,-0.016351,0.482182,0.415185,-0.016351,0.482182,0.000000,0.002156
6.056000,0.143217,-0.365241,0.703739,-0.132295,0.105356,-0.271323,0.271323,3.000000,0.169121,0.000000,0.000000,0.000050,0.000119,0.000703,0.415184,-0.016351,0.482183,0.415185,-0.016351,0.482182,0.000000,-0.005989
6.066000,0.172165,-0.398410,0.657255,-0.103347,0.072187,-0.317807,0.317807,3.000000,0.126062,0.000000,0.000000,0.000070,0.001142,-0.000083,0.415184,-0.016350,0.482179,0.415185,-0.016351,0.482182,0.000000,0.000747
6.076000,0.146653,-0.363072,0.670528,-0.128859,0.107525,-0.304533,0.304533,3.000000,0.167828,0.000000,0.000000,-0.000082,-0.000452,-0.000776,0.415184,-0.016352,0.482181,0.415185,-0.016351,0.482182,0.000000,0.006605
6.086000,0.093780,-0.346209,0.714445,-0.181732,0.124387,-0.260617,0.260617,3.000000,0.220224,0.000000,0.000000,0.000399,-0.000520,0.000608,0.415185,-0.016352,0.482184,0.415185,-0.016351,0.482182,0.000000,-0.005191
6.096000,0.113038,-0.398084,0.681636,-0.162474,0.072512,-0.293426,0.293426,3.000000,0.177921,0.000000,0.000000,0.000184,-0.000679,0.000205,0.415185,-0.016353,0.482180,0.415185,-0.016351,0.482182,0.000000,-0.001708
6.106000,0.129092,-0.439734,0.677366,-0.146420,0.030863,-0.297696,0.297696,3.000000,0.149637,0.000000,0.000000,0.000022,0.000623,-0.000542,0.415185,-0.016351,0.482179,0.415185,-0.016351,0.482182,0.000000,0.004651
6.116000,0.068851,-0.356606,0.710751,-0.206661,0.113991,-0.264310,0.264310,3.000000,0.236014,0.000000,0.000000,0.000202,-0.000032,-0.000400,0.415185,-0.016351,0.482181,0.415185,-0.016351,0.482182,0.000000,0.003407
6.126000,0.129158,-0.379373,0.666357,-0.146354,0.091224,-0.308704,0.308704,3.000000,0.172457,0.000000,0.000000,-0.000243,-0.000028,0.000770,0.415183,-0.016351,0.482183,0.415185,-0.016351,0.482182,0.000000,-0.006561
6.136000,0.139906,-0.368765,0.661153,-0.135606,0.101832,-0.313909,0.313909,3.000000,0.169584,0.000000,0.000000,-0.000266,0.001106,0.001030,0.415184,-0.016350,0.482183,0.415185,-0.016351,0.482182,0.000000,-0.008757
6.146000,0.142755,-0.396492,0.696185,-0.132757,0.074105,-0.278876,0.278876,3.000000,0.152040,0.000000,0.000000,0.000087,-0.000669,0.000152,0.415185,-0.016355,0.482181,0.415185,-0.016351,0.482182,0.000000,-0.001282
6.156000,0.130537,-0.412172,0.713070,-0.144975,0.058425,-0.261992,0.261992,3.000000,0.156305,0.000000,0.000000,0.000189,0.000709,-0.000351,0.415185,-0.016350,0.482182,0.415185,-0.016351,0.482182,0.000000,0.002978
6.166000,0.125217,-0.387367,0.719364,-0.150295,0.083230,-0.255697,0.255697,3.000000,0.171801,0.000000,0.000000,-0.000738,0.000003,0.000355,0.415183,-0.016352,0.482182,0.415185,-0.016351,0.482182,0.000000,-0.003023
6.176000,0.139716,-0.358728,0.686034,-0.135797,0.111869,-0.289028,0.289028,3.000000,0.175941,0.000000,0.000000,0.000029,0.001330,-0.000001,0.415185,-0.016349,0.482181,0.415185,-0.016351,0.482182,0.000000,0.000021
6.186000,0.161195,-0.372808,0.699067,-0.114318,0.097789,-0.275994,0.275994,3.000000,0.150436,0.000000,0.000000,-0.000019,0.000403,0.000842,0.415184,-0.016352,0.482183,0.415185,-0.016351,0.482182,0.000000,-0.007157
6.196000,0.142400,-0.389331,0.708185,-0.133112,0.081265,-0.266876,0.266876,3.000000,0.155958,0.000000,0.000000,0.000096,0.000109,0.000333,0.415185,-0.016352,0.482182,0.415185,-0.016351,0.482182,0.000000,-0.002837
6.206000,0.112169,-0.369518,0.717188,-0.163343,0.101079,-0.257873,0.257873,3.000000,0.192088,0.000000,0.000000,0.000041,0.000169,-0.000371,0.415184,-0.016353,0.482180,0.415185,-0.016351,0.482182,0.000000,0.003191
6.216000,0.150612,-0.430506,0.673960,-0.124900,0.040091,-0.301101,0.301101,3.000000,0.131176,0.000000,0.000000,-0.000725,0.000263,0.000060,0.415184,-0.016352,0.482181,0.415185,-0.016351,0.482182,0.000000,-0.000496
6.226000,0.158238,-0.390853,0.717988,-0.117274,0.079743,-0.257073,0.257073,3.000000,0.141818,0.000000,0.000000,0.000118,0.000269,0.000165,0.415185,-0.016351,0.482182,0.415185,-0.016351,0.482182,0.000000,-0.001398
6.236000,0.196626,-0.405595,0.679818,-0.078886,0.065002,-0.295244,0.295244,3.000000,0.102216,0.000000,0.000000,-0.000367,0.000648,0.000053,0.415184,-0.016352,0.482181,0.415185,-0.016351,0.482182,0.000000,-0.000433
6.246000,0.138641,-0.420905,0.689980,-0.136871,0.049692,-0.285082,0.285082,3.000000,0.145612,0.000000,0.000000,0.000011,-0.000408,0.000030,0.415185,-0.016352,0.482181,0.415185,-0.016351,0.482182,0.000000,-0.000238
6.256000,0.094079,-0.398080,0.708061,-0.181433,0.072516,-0.267001,0.267001,3.000000,0.195388,0.000000,0.000000,-0.000125,-0.000295,-0.000284,0.415183,-0.016353,0.482181,0.415185,-0.016351,0.482182,0.000000,0.002431
6.266000,0.085832,-0.363881,0.699789,-0.189680,0.106716,-0.275273,0.275273,3.000000,0.217639,0.000000,0.000000,0.000149,0.000359,-0.000200,0.415184,-0.016351,0.482181,0.415185,-0.016351,0.482182,0.000000,0.001712
6.276000,0.090624,-0.367029,0.713281,-0.184888,0.103567,-0.261781,0.261781,3.000000,0.211920,0.000000,0.000000,0.000099,0.000197,-0.000176,0.415184,-0.016352,0.482181,0.415185,-0.016351,0.482182,0.000000,0.001512
6.286000,0.123050,-0.375043,0.685919,-0.152462,0.095553,-0.289143,0.289143,3.000000,0.179931,0.000000,0.000000,-0.000252,-0.000888,-0.000351,0.415184,-0.016352,0.482182,0.415185,-0.016351,0.482182,0.000000,0.002982
6.296000,0.096511,-0.367350,0.720828,-0.179002,0.103247,-0.254234,0.254234,3.000000,0.206643,0.000000,0.000000,-0.000055,0.000746,-0.001179,0.415184,-0.016352,0.482179,0.415185,-0.016351,0.482182,0.000000,0.010061
6.306000,0.100081,-0.451695,0.739677,-0.175431,0.018901,-0.235385,0.235385,3.000000,0.176446,0.000000,0.000000,0.000081,0.000708,0.000678,0.415185,-0.016351,0.482184,0.415185,-0.016351,0.482182,0.000000,-0.005797
6.316000,0.086935,-0.396312,0.726830,-0.188577,0.074284,-0.248232,0.248232,3.000000,0.202681,0.000000,0.000000,0.000216,0.000328,-0.000090,0.415185,-0.016352,0.482183,0.415185,-0.016351,0.482182,0.000000,0.000744
6.326000,0.149043,-0.409513,0.678717,-0.126469,0.061083,-0.296345,0.296345,3.000000,0.140448,0.000000,0.000000,-0.000107,0.000431,-0.000275,0.415185,-0.016350,0.482182,0.415185,-0.016351,0.482182,0.000000,0.002337
6.336000,0.126707,-0.383345,0.666643,-0.148805,0.087251,-0.308419,0.308419,3.000000,0.172499,0.000000,0.000000,0.000090,0.000279,0.000123,0.415185,-0.016352,0.482181,0.415185,-0.016351,0.482182,0.000000,-0.001035
6.346000,0.125615,-0.348178,0.666908,-0.149897,0.122419,-0.308154,0.308154,3.000000,0.193535,0.000000,0.000000,-0.000209,-0.000040,-0.000364,0.415185,-0.016352,0.482181,0.415185,-0.016351,0.482182,0.000000,0.003109
6.356000,0.163383,-0.375352,0.673470,-0.112129,0.095245,-0.301591,0.301591,3.000000,0.147121,0.000000,0.000000,-0.000105,0.000354,0.000642,0.415185,-0.016351,0.482184,0.415185,-0.016351,0.482182,0.000000,-0.005489
6.366000,0.122596,-0.365951,0.682498,-0.152916,0.104646,-0.292563,0.292563,3.000000,0.185295,0.000000,0.000000,-0.000119,-0.000110,-0.000899,0.415184,-0.016352,0.482179,0.415185,-0.016351,0.482182,0.000000,0.007674
6.376000,0.088128,-0.315417,0.661862,-0.187384,0.155179,-0.313200,0.313200,3.000000,0.243297,0.000000,0.000000,0.000522,-0.000495,0.000161,0.415186,-0.016353,0.482182,0.415185,-0.016351,0.482182,0.000000,-0.001372
6.386000,0.111747,-0.375073,0.667201,-0.163765,0.095524,-0.307860,0.307860,3.000000,0.189589,0.000000,0.000000,-0.000152,0.000540,0.000156,0.415184,-0.016351,0.482183,0.415185,-0.016351,0.482182,0.000000,-0.001348
6.396000,0.129389,-0.382631,0.660561,-0.146123,0.087966,-0.314501,0.314501,3.000000,0.170558,0.000000,0.000000,0.000171,-0.000442,0.000195,0.415185,-0.016354,0.482180,0.415185,-0.016351,0.482182,0.000000,-0.001623
6.406000,0.099573,-0.351551,0.665530,-0.175939,0.119045,-0.309532,0.309532,3.000000,0.212430,0.000000,0.000000,-0.000580,-0.001274,-0.001165,0.415184,-0.016355,0.482179,0.415185,-0.016351,0.482182,0.000000,0.009939
6.416000,0.120143,-0.372854,0.663218,-0.155369,0.097743,-0.311844,0.311844,3.000000,0.183557,0.000000,0.000000,-0.000349,-0.001253,-0.000074,0.415185,-0.016355,0.482180,0.415185,-0.016351,0.482182,0.000000,0.000666
6.426000,0.117591,-0.416360,0.684670,-0.157921,0.054237,-0.290391,0.290391,3.000000,0.166975,0.000000,0.000000,-0.000425,-0.000312,0.000221,0.415183,-0.016353,0.482183,0.415185,-0.016351,0.482182,0.000000,-0.001894
6.436000,0.127199,-0.415262,0.705725,-0.148314,0.055334,-0.269336,0.269336,3.000000,0.158300,0.000000,0.000000,0.000102,0.000211,0.000964,0.415184,-0.016351,0.482182,0.415185,-0.016351,0.482182,0.000000,-0.008184
6.446000,0.119209,-0.423891,0.680488,-0.156303,0.046705,-0.294574,0.294574,3.000000,0.163132,0.000000,0.000000,-0.000006,-0.000540,0.000133,0.415185,-0.016352,0.482182,0.415185,-0.016351,0.482182,0.000000,-0.001127
6.456000,0.119137,-0.366643,0.679767,-0.156375,0.103953,-0.295294,0.295294,3.000000,0.187775,0.000000,0.000000,-0.000062,-0.000379,0.000550,0.415184,-0.016351,0.482184,0.415185,-0.016351,0.482182,0.000000,-0.004699
6.466000,0.124776,-0.364475,0.637146,-0.150736,0.106121,-0.337915,0.337915,3.000000,0.184345,0.000000,0.000000,-0.000062,-0.000420,-0.000602,0.415184,-0.016352,0.482180,0.415185,-0.016351,0.482182,0.000000,0.005136
6.476000,0.066117,-0.346431,0.693835,-0.209395,0.124165,-0.281226,0.281226,3.000000,0.243441,0.000000,0.000000,0.000052,0.000094,-0.000779,0.415184,-0.016352,0.482180,0.415185,-0.016351,0.482182,0.000000,0.006638
6.486000,0.090864,-0.425534,0.664242,-0.184649,0.045063,-0.310819,0.310819,3.000000,0.190068,0.000000,0.000000,-0.000138,-0.000534,0.000150,0.415184,-0.016353,0.482182,0.415185,-0.016351,0.482182,0.000000,-0.001265
6.496000,0.109635,-0.412739,0.681662,-0.165877,0.057858,-0.293399,0.293399,3.000000,0.175678,0.000000,0.000000,-0.000498,-0.000151,-0.000422,0.415183,-0.016351,0.482181,0.415185,-0.016351,0.482182,0.000000,0.003601
6.506000,0.107611,-0.393126,0.682770,-0.167901,0.077471,-0.292291,0.292291,3.000000,0.184912,0.000000,0.000000,0.000047,0.000513,-0.000851,0.415185,-0.016351,0.482179,0.415185,-0.016351,0.482182,0.000000,0.007269
6.516000,0.108817,-0.399758,0.675382,-0.166695,0.070839,-0.299679,0.299679,3.000000,0.181123,0.000000,0.000000,-0.000213,-0.000375,-0.000467,0.415184,-0.016353,0.482180,0.415185,-0.016351,0.482182,0.000000,0.003993
6.526000,0.145258,-0.378124,0.677743,-0.130254,0.092473,-0.297319,0.297319,3.000000,0.159741,0.000000,0.000000,-0.000033,-0.000139,0.000591,0.415184,-0.016352,0.482183,0.415185,-0.016351,0.482182,0.000000,-0.005026
6.536000,0.117498,-0.387655,0.686413,-0.158014,0.082942,-0.288649,0.288649,3.000000,0.178460,0.000000,0.000000,-0.000191,-0.000325,-0.000848,0.415184,-0.016353,0.482180,0.415185,-0.016351,0.482182,0.000000,0.007229
6.546000,0.088902,-0.382084,0.715018,-0.186610,0.088513,-0.260043,0.260043,3.000000,0.206538,0.000000,0.000000,0.000155,-0.000526,-0.000510,0.415185,-0.016352,0.482180,0.415185,-0.016351,0.482182,0.000000,0.004355
6.556000,0.103729,-0.396891,0.703979,-0.171783,0.073705,-0.271083,0.271083,3.000000,0.186928,0.000000,0.000000,-0.000252,0.001055,0.000162,0.415183,-0.016350,0.482181,0.415185,-0.016351,0.482182,0.000000,-0.001363
6.566000,0.150311,-0.388482,0.672548,-0.125201,0.082114,-0.302513,0.302513,3.000000,0.149727,0.000000,0.000000,-0.000311,0.000306,0.000438,0.415183,-0.016351,0.482181,0.415185,-0.016351,0.482182,0.000000,-0.003703
6.576000,0.104910,-0.386819,0.709329,-0.170602,0.083778,-0.265733,0.265733,3.000000,0.190062,0.000000,0.000000,0.000398,0.000216,-0.000114,0.415185,-0.016351,0.482182,0.415185,-0.016351,0.482182,0.000000,0.000961
6.586000,0.130469,-0.411041,0.699230,-0.145043,0.059556,-0.275831,0.275831,3.000000,0.156794,0.000000,0.000000,-0.000128,-0.000271,-0.000029,0.415183,-0.016354,0.482182,0.415185,-0.016351,0.482182,0.000000,0.000235
6.596000,0.124553,-0.362066,0.697773,-0.150959,0.108531,-0.277289,0.277289,3.000000,0.185924,0.000000,0.000000,-0.000030,-0.000394,-0.000984,0.415185,-0.016353,0.482180,0.415185,-0.016351,0.482182,0.000000,0.008393
6.606000,0.126599,-0.329981,0.690344,-0.148913,0.140616,-0.284718,0.284718,3.000000,0.204812,0.000000,0.000000,0.000279,0.000079,-0.000102,0.415185,-0.016351,0.482181,0.415185,-0.016351,0.482182,0.000000,0.000880
6.616000,0.088507,-0.400090,0.696766,-0.187005,0.070506,-0.278295,0.278295,3.000000,0.199855,0.000000,0.000000,-0.000021,0.000907,-0.000471,0.415185,-0.016351,0.482181,0.415185,-0.016351,0.482182,0.000000,0.004018
6.626000,0.119995,-0.406275,0.673538,-0.155517,0.064322,-0.301523,0.301523,3.000000,0.168294,0.000000,0.000000,0.000207,0.000486,0.000607,0.415185,-0.016352,0.482184,0.415185,-0.016351,0.482182,0.000000,-0.005191
6.636000,0.103003,-0.359283,0.669360,-0.172509,0.111314,-0.305702,0.305702,3.000000,0.205305,0.000000,0.000000,-0.000481,0.000410,0.000102,0.415183,-0.016353,0.482180,0.415185,-0.016351,0.482182,0.000000,-0.000838
6.646000,0.128840,-0.381071,0.662854,-0.146672,0.089525,-0.312207,0.312207,3.000000,0.171835,0.000000,0.000000,-0.000114,0.000680,-0.000647,0.415185,-0.016351,0.482178,0.415185,-0.016351,0.482182,0.000000,0.005547
6.656000,0.159088,-0.412534,0.660576,-0.116424,0.058062,-0.314485,0.314485,3.000000,0.130099,0.000000,0.000000,0.000406,0.000067,0.000675,0.415186,-0.016352,0.482184,0.415185,-0.016351,0.482182,0.000000,-0.005765
6.666000,0.125736,-0.388629,0.694414,-0.149776,0.081968,-0.280647,0.280647,3.000000,0.170739,0.000000,0.000000,-0.000267,0.000718,0.000438,0.415185,-0.016350,0.482182,0.415185,-0.016351,0.482182,0.000000,-0.003722
6.676000,0.147154,-0.392971,0.685143,-0.128359,0.077626,-0.289918,0.289918,3.000000,0.150006,0.000000,0.000000,-0.000058,-0.000199,-0.000513,0.415185,-0.016353,0.482181,0.415185,-0.016351,0.482182,0.000000,0.004370
6.686000,0.066471,-0.380918,0.727639,-0.209041,0.089678,-0.247422,0.247422,3.000000,0.227465,0.000000,0.000000,-0.000372,0.000574,0.000379,0.415184,-0.016353,0.482182,0.415185,-0.016351,0.482182,0.000000,-0.003226
6.696000,0.131608,-0.365555,0.658696,-0.143904,0.105041,-0.316366,0.316366,3.000000,0.178163,0.000000,0.000000,-0.000761,0.000322,-0.000339,0.415183,-0.016351,0.482181,0.415185,-0.016351,0.482182,0.000000,0.002891
6.706000,0.131688,-0.363458,0.673587,-0.143825,0.107138,-0.301475,0.301475,3.000000,0.179344,0.000000,0.000000,-0.000034,-0.000005,-0.000392,0.415185,-0.016351,0.482180,0.415185,-0.016351,0.482182,0.000000,0.003356
6.716000,0.110737,-0.346873,0.685039,-0.164775,0.123724,-0.290023,0.290023,3.000000,0.206054,0.000000,0.000000,-0.000119,-0.000793,-0.001004,0.415184,-0.016353,0.482179,0.415185,-0.016351,0.482182,0.000000,0.008571
6.726000,0.121390,-0.341752,0.671481,-0.154122,0.128845,-0.303581,0.303581,3.000000,0.200885,0.000000,0.000000,-0.000462,-0.000124,-0.000966,0.415184,-0.016350,0.482180,0.415185,-0.016351,0.482182,0.000000,0.008229
6.736000,0.136697,-0.380033,0.659468,-0.138816,0.090564,-0.315594,0.315594,3.000000,0.165746,0.000000,0.000000,0.000457,-0.000123,0.000577,0.415185,-0.016353,0.482184,0.415185,-0.016351,0.482182,0.000000,-0.004928
6.746000,0.102694,-0.383709,0.669876,-0.172818,0.086888,-0.305185,0.305185,3.000000,0.193431,0.000000,0.000000,0.000446,0.001210,-0.000128,0.415185,-0.016349,0.482181,0.415185,-0.016351,0.482182,0.000000,0.001101
6.756000,0.082158,-0.406438,0.673236,-0.193354,0.064159,-0.301825,0.301825,3.000000,0.203721,0.000000,0.000000,0.000212,0.000195,0.000264,0.415184,-0.016352,0.482182,0.415185,-0.016351,0.482182,0.000000,-0.002248
6.766000,0.100966,-0.401620,0.690545,-0.174546,0.068976,-0.284517,0.284517,3.000000,0.187680,0.000000,0.000000,0.000167,0.000360,0.000017,0.415185,-0.016351,0.482182,0.415185,-0.016351,0.482182,0.000000,-0.000143
6.776000,0.136483,-0.375340,0.691386,-0.139029,0.095257,-0.283676,0.283676,3.000000,0.168531,0.000000,0.000000,0.000234,0.000164,0.000093,0.415185,-0.016352,0.482182,0.415185,-0.016351,0.482182,0.000000,-0.000783
6.786000,0.109462,-0.399962,0.695613,-0.166050,0.070635,-0.279448,0.279448,3.000000,0.180449,0.000000,0.000000,0.000017,-0.000261,0.000635,0.415185,-0.016353,0.482184,0.415185,-0.016351,0.482182,0.000000,-0.005424
6.796000,0.182623,-0.380905,0.632557,-0.092889,0.089692,-0.342505,0.342505,3.000000,0.129124,0.000000,0.000000,0.000349,-0.000775,0.000639,0.415185,-0.016354,0.482183,0.415185,-0.016351,0.482182,0.000000,-0.005446
6.806000,0.093509,-0.348124,0.683952,-0.182003,0.122473,-0.291109,0.291109,3.000000,0.219373,0.000000,0.000000,-0.000005,-0.001121,0.000532,0.415184,-0.016353,0.482181,0.415185,-0.016351,0.482182,0.000000,-0.004509
6.816000,0.072221,-0.303032,0.689507,-0.203291,0.167564,-0.285555,0.285555,3.000000,0.263448,0.000000,0.000000,0.000198,-0.000595,-0.000139,0.415185,-0.016352,0.482180,0.415185,-0.016351,0.482182,0.000000,0.001215
6.826000,0.142948,-0.360829,0.664655,-0.132564,0.109768,-0.310406,0.310406,3.000000,0.172111,0.000000,0.000000,0.000443,-0.000258,-0.000300,0.415185,-0.016352,0.482179,0.415185,-0.016351,0.482182,0.000000,0.002597
6.836000,0.104149,-0.424568,0.710884,-0.171363,0.046028,-0.264178,0.264178,3.000000,0.177437,0.000000,0.000000,0.000053,0.000455,0.000872,0.415184,-0.016350,0.482182,0.415185,-0.016351,0.482182,0.000000,-0.007405
6.846000,0.156785,-0.407501,0.661328,-0.118727,0.063095,-0.313734,0.313734,3.000000,0.134451,0.000000,0.000000,-0.000069,0.000622,0.000096,0.415184,-0.016351,0.482181,0.415185,-0.016351,0.482182,0.000000,-0.000801
6.856000,0.148208,-0.425276,0.685449,-0.127304,0.045320,-0.289613,0.289613,3.000000,0.135130,0.000000,0.000000,-0.000001,0.000027,-0.000739,0.415185,-0.016351,0.482179,0.415185,-0.016351,0.482182,0.000000,0.006325
6.866000,0.109054,-0.337055,0.676272,-0.166458,0.133542,-0.298789,0.298789,3.000000,0.213405,0.000000,0.000000,-0.000062,-0.001471,0.000804,0.415184,-0.016355,0.482182,0.415185,-0.016351,0.482182,0.000000,-0.006833
6.876000,0.088551,-0.359911,0.710595,-0.186962,0.110686,-0.264467,0.264467,3.000000,0.217269,0.000000,0.000000,-0.000050,0.000379,-0.000205,0.415184,-0.016352,0.482181,0.415185,-0.016351,0.482182,0.000000,0.001755
6.886000,0.138313,-0.370482,0.708916,-0.137199,0.100114,-0.266146,0.266146,3.000000,0.169842,0.000000,0.000000,-0.000200,-0.000522,0.000791,0.415185,-0.016354,0.482182,0.415185,-0.016351,0.482182,0.000000,-0.006713
6.896000,0.115067,-0.402328,0.704520,-0.160446,0.068269,-0.270541,0.270541,3.000000,0.174366,0.000000,0.000000,-0.000154,-0.001256,-0.000291,0.415185,-0.016354,0.482181,0.415185,-0.016351,0.482182,0.000000,0.002482
6.906000,0.109591,-0.353954,0.697354,-0.165921,0.116642,-0.277708,0.277708,3.000000,0.202818,0.000000,0.000000,-0.000225,-0.000230,0.000245,0.415184,-0.016352,0.482182,0.415185,-0.016351,0.482182,0.000000,-0.002090
6.916000,0.112441,-0.340503,0.690326,-0.163071,0.130093,-0.284736,0.284736,3.000000,0.208606,0.000000,0.000000,-0.000174,0.000154,-0.000268,0.415184,-0.016352,0.482181,0.415185,-0.016351,0.482182,0.000000,0.002292
6.926000,0.137351,-0.384879,0.676501,-0.138161,0.085718,-0.298561,0.298561,3.000000,0.162592,0.000000,0.000000,-0.000090,-0.001234,0.000806,0.415184,-0.016354,0.482183,0.415185,-0.016351,0.482182,0.000000,-0.006861
6.936000,0.120605,-0.401106,0.684384,-0.154907,0.069491,-0.290678,0.290678,3.000000,0.169779,0.000000,0.000000,0.000025,0.001123,0.000563,0.415184,-0.016350,0.482182,0.415185,-0.016351,0.482182,0.000000,-0.004790
6.946000,0.084971,-0.401658,0.709994,-0.190541,0.068939,-0.265068,0.265068,3.000000,0.202629,0.000000,0.000000,0.000000,0.000372,0.000187,0.415184,-0.016350,0.482182,0.415185,-0.016351,0.482182,0.000000,-0.001589
6.956000,0.179100,-0.381121,0.668354,-0.096412,0.089475,-0.306707,0.306707,3.000000,0.131533,0.000000,0.000000,-0.000441,-0.000862,-0.000389,0.415184,-0.016354,0.482183,0.415185,-0.016351,0.482182,0.000000,0.003280
6.966000,0.128695,-0.382486,0.672825,-0.146817,0.088111,-0.302237,0.302237,3.000000,0.171227,0.000000,0.000000,0.000133,-0.000481,-0.000347,0.415183,-0.016353,0.482181,0.415185,-0.016351,0.482182,0.000000,0.002964
6.976000,0.116350,-0.364344,0.681225,-0.159162,0.106253,-0.293837,0.293837,3.000000,0.191369,0.000000,0.000000,0.000102,-0.000068,0.000757,0.415184,-0.016351,0.482183,0.415185,-0.016351,0.482182,0.000000,-0.006441
6.986000,0.122547,-0.396011,0.706686,-0.152965,0.074586,-0.268375,0.268375,3.000000,0.170181,0.000000,0.000000,0.000152,0.000302,0.000333,0.415185,-0.016352,0.482183,0.415185,-0.016351,0.482182,0.000000,-0.002848
6.996000,0.139462,-0.424404,0.672399,-0.136050,0.046193,-0.302662,0.302662,3.000000,0.143678,0.000000,0.000000,-0.000455,0.000097,0.001274,0.415184,-0.016352,0.482185,0.415185,-0.016351,0.482182,0.000000,-0.010867
7.006000,0.155131,-0.437305,0.644641,-0.120381,0.033292,-0.330421,0.330421,3.000000,0.124900,0.000000,0.000000,-0.000166,0.000300,0.000228,0.415184,-0.016353,0.482183,0.415185,-0.016351,0.482182,0.000000,-0.001954
7.016000,0.118403,-0.374437,0.671396,-0.157109,0.096160,-0.303666,0.303666,3.000000,0.184201,0.000000,0.000000,-0.000000,-0.000406,0.000015,0.415184,-0.016353,0.482181,0.415185,-0.016351,0.482182,0.000000,-0.000111
7.026000,0.120588,-0.383905,0.672771,-0.154924,0.086692,-0.302291,0.302291,3.000000,0.177530,0.000000,0.000000,0.000106,-0.000599,-0.000236,0.415185,-0.016352,0.482180,0.415185,-0.016351,0.482182,0.000000,0.002032
7.036000,0.180281,-0.349519,0.663202,-0.095231,0.121077,-0.311860,0.311860,3.000000,0.154041,0.000000,0.000000,-0.000150,-0.000664,0.000289,0.415185,-0.016352,0.482182,0.415185,-0.016351,0.482182,0.000000,-0.002454
7.046000,0.164373,-0.371744,0.680038,-0.111139,0.098853,-0.295024,0.295024,3.000000,0.148741,0.000000,0.000000,0.000191,0.000194,0.000079,0.415185,-0.016352,0.482182,0.415185,-0.016351,0.482182,0.000000,-0.000670
7.056000,0.143336,-0.363129,0.679810,-0.132176,0.107467,-0.295252,0.295252,3.000000,0.170352,0.000000,0.000000,0.000027,-0.000926,0.000533,0.415185,-0.016354,0.482182,0.415185,-0.016351,0.482182,0.000000,-0.004527
7.066000,0.147228,-0.348566,0.676518,-0.128284,0.122031,-0.298544,0.298544,3.000000,0.177054,0.000000,0.000000,0.000121,0.000685,0.000527,0.415185,-0.016350,0.482185,0.415185,-0.016351,0.482182,0.000000,-0.004531
7.076000,0.136541,-0.360474,0.697033,-0.138972,0.110123,-0.278028,0.278028,3.000000,0.177314,0.000000,0.000000,-0.000422,0.000407,0.000377,0.415184,-0.016351,0.482183,0.415185,-0.016351,0.482182,0.000000,-0.003212
7.086000,0.179079,-0.393973,0.671672,-0.096433,0.076624,-0.303390,0.303390,3.000000,0.123169,0.000000,0.000000,-0.000135,0.000476,-0.000523,0.415185,-0.016351,0.482180,0.415185,-0.016351,0.482182,0.000000,0.004470
7.096000,0.112968,-0.357731,0.663863,-0.162544,0.112866,-0.311198,0.311198,3.000000,0.197887,0.000000,0.000000,-0.000076,-0.000165,-0.000886,0.415184,-0.016351,0.482180,0.415185,-0.016351,0.482182,0.000000,0.007559
7.106000,0.075966,-0.344798,0.698578,-0.199546,0.125799,-0.276484,0.276484,3.000000,0.235890,0.000000,0.000000,0.000168,-0.000678,-0.000528,0.415185,-0.016353,0.482180,0.415185,-0.016351,0.482182,0.000000,0.004517
7.116000,0.036666,-0.372229,0.718555,-0.238846,0.098368,-0.256507,0.256507,3.000000,0.258309,0.000000,0.000000,-0.000122,-0.000423,0.000175,0.415184,-0.016354,0.482183,0.415185,-0.016351,0.482182,0.000000,-0.001498
7.126000,0.063629,-0.419427,0.703329,-0.211884,0.051170,-0.271733,0.271733,3.000000,0.217975,0.000000,0.000000,-0.000096,0.001741,-0.000060,0.415185,-0.016350,0.482182,0.415185,-0.016351,0.482182,0.000000,0.000518
7.136000,0.145499,-0.456863,0.654492,-0.130013,0.013733,-0.320569,0.320569,3.000000,0.130736,0.000000,0.000000,0.000150,0.000201,-0.000096,0.415185,-0.016350,0.482179,0.415185,-0.016351,0.482182,0.000000,0.000861
7.146000,0.133692,-0.396528,0.689686,-0.141820,0.074069,-0.285376,0.285376,3.000000,0.159997,0.000000,0.000000,0.000024,-0.000658,0.000290,0.415185,-0.016353,0.482182,0.415185,-0.016351,0.482182,0.000000,-0.002465
7.156000,0.077540,-0.370307,0.698689,-0.197973,0.100290,-0.276373,0.276373,3.000000,0.221926,0.000000,0.000000,0.000156,0.000780,0.000102,0.415184,-0.016350,0.482180,0.415185,-0.016351,0.482182,0.000000,-0.000837
7.166000,0.063768,-0.393383,0.704290,-0.211744,0.077214,-0.270771,0.270771,3.000000,0.225383,0.000000,0.000000,0.000745,0.001153,-0.000369,0.415186,-0.016349,0.482181,0.415185,-0.016351,0.482182,0.000000,0.003146
7.176000,0.140132,-0.389122,0.659547,-0.135380,0.081475,-0.315514,0.315514,3.000000,0.158006,0.000000,0.000000,0.000227,-0.000449,-0.001095,0.415185,-0.016354,0.482179,0.415185,-0.016351,0.482182,0.000000,0.009340
7.186000,0.126641,-0.367726,0.725911,-0.148871,0.102871,-0.249151,0.249151,3.000000,0.180956,0.000000,0.000000,-0.000115,-0.000086,-0.000038,0.415184,-0.016351,0.482181,0.415185,-0.016351,0.482182,0.000000,0.000344
7.196000,0.156761,-0.379873,0.666870,-0.118751,0.090723,-0.308192,0.308192,3.000000,0.149441,0.000000,0.000000,0.000207,0.000377,-0.000674,0.415185,-0.016352,0.482179,0.415185,-0.016351,0.482182,0.000000,0.005764
7.206000,0.113573,-0.365426,0.691353,-0.161939,0.105170,-0.283708,0.283708,3.000000,0.193093,0.000000,0.000000,0.000218,-0.000377,-0.000291,0.415185,-0.016353,0.482181,0.415185,-0.016351,0.482182,0.000000,0.002486
7.216000,0.163761,-0.379744,0.693393,-0.111751,0.090853,-0.281669,0.281669,3.000000,0.144023,0.000000,0.000000,-0.000196,-0.000944,0.000361,0.415184,-0.016355,0.482183,0.415185,-0.016351,0.482182,0.000000,-0.003082
7.226000,0.144203,-0.385877,0.698389,-0.131309,0.084719,-0.276672,0.276672,3.000000,0.156267,0.000000,0.000000,-0.000559,-0.000412,0.000001,0.415183,-0.016353,0.482181,0.415185,-0.016351,0.482182,0.000000,0.000002
7.236000,0.157102,-0.393311,0.674143,-0.118411,0.077285,-0.300918,0.300918,3.000000,0.141400,0.000000,0.000000,-0.000133,0.000381,-0.000075,0.415185,-0.016350,0.482182,0.415185,-0.016351,0.482182,0.000000,0.000639
7.246000,0.151764,-0.393403,0.677684,-0.123748,0.077194,-0.297378,0.297378,3.000000,0.145851,0.000000,0.000000,-0.000293,0.001731,0.000305,0.415183,-0.016348,0.482182,0.415185,-0.016351,0.482182,0.000000,-0.002597
7.256000,0.109277,-0.416396,0.682191,-0.166235,0.054201,-0.292871,0.292871,3.000000,0.174848,0.000000,0.000000,0.000382,-0.000371,0.000707,0.415185,-0.016352,0.482185,0.415185,-0.016351,0.482182,0.000000,-0.006057
7.266000,0.099176,-0.408150,0.687887,-0.176336,0.062446,-0.287175,0.287175,3.000000,0.187067,0.000000,0.000000,0.000382,0.000115,0.000682,0.415185,-0.016351,0.482184,0.415185,-0.016351,0.482182,0.000000,-0.005821
7.276000,0.089943,-0.408587,0.703500,-0.185569,0.062010,-0.271562,0.271562,3.000000,0.195656,0.000000,0.000000,0.000227,-0.000716,0.000273,0.415185,-0.016354,0.482182,0.415185,-0.016351,0.482182,0.000000,-0.002323
7.286000,0.163667,-0.381703,0.656339,-0.111845,0.088894,-0.318723,0.318723,3.000000,0.142868,0.000000,0.000000,0.000219,0.000546,-0.000278,0.415185,-0.016350,0.482181,0.415185,-0.016351,0.482182,0.000000,0.002366
7.296000,0.169235,-0.379334,0.645389,-0.106278,0.091262,-0.329672,0.329672,3.000000,0.140085,0.000000,0.000000,0.000141,-0.000282,-0.000136,0.415185,-0.016352,0.482181,0.415185,-0.016351,0.482182,0.000000,0.001168
7.306000,0.152643,-0.360852,0.687462,-0.122869,0.109745,-0.287599,0.287599,3.000000,0.164744,0.000000,0.000000,0.000151,0.000327,0.000460,0.415185,-0.016351,0.482183,0.415185,-0.016351,0.482182,0.000000,-0.003923
7.316000,0.138903,-0.381632,0.685686,-0.136609,0.088965,-0.289376,0.289376,3.000000,0.163024,0.000000,0.000000,-0.000241,-0.000790,-0.000049,0.415184,-0.016353,0.482180,0.415185,-0.016351,0.482182,0.000000,0.000448
7.326000,0.115742,-0.332744,0.682902,-0.159770,0.137853,-0.292160,0.292160,3.000000,0.211021,0.000000,0.000000,0.000186,0.000064,-0.000693,0.415184,-0.016353,0.482180,0.415185,-0.016351,0.482182,0.000000,0.005912
7.336000,0.042352,-0.384291,0.746184,-0.233160,0.086305,-0.228877,0.228877,3.000000,0.248621,0.000000,0.000000,-0.000377,0.000226,-0.000749,0.415183,-0.016351,0.482181,0.415185,-0.016351,0.482182,0.000000,0.006364
7.346000,0.077236,-0.374358,0.699874,-0.198276,0.096239,-0.275188,0.275188,3.000000,0.220398,0.000000,0.000000,0.000164,-0.000173,-0.000027,0.415185,-0.016353,0.482181,0.415185,-0.016351,0.482182,0.000000,0.000232
7.356000,0.170708,-0.413432,0.637238,-0.104804,0.057164,-0.337823,0.337823,3.000000,0.119381,0.000000,0.000000,0.000180,0.001285,0.000069,0.415184,-0.016349,0.482183,0.415185,-0.016351,0.482182,0.000000,-0.000602
7.366000,0.142055,-0.365331,0.687406,-0.133457,0.105265,-0.287656,0.287656,3.000000,0.169975,0.000000,0.000000,0.000073,0.000095,0.000282,0.415185,-0.016351,0.482182,0.415185,-0.016351,0.482182,0.000000,-0.002393
7.376000,0.131314,-0.419299,0.724330,-0.144198,0.051297,-0.250732,0.250732,3.000000,0.153051,0.000000,0.000000,-0.000530,-0.000164,-0.000782,0.415184,-0.016352,0.482179,0.415185,-0.016351,0.482182,0.000000,0.006674
7.386000,0.164071,-0.410542,0.693294,-0.111442,0.060055,-0.281767,0.281767,3.000000,0.126593,0.000000,0.000000,0.000220,-0.000755,0.000853,0.415184,-0.016355,0.482182,0.415185,-0.016351,0.482182,0.000000,-0.007248
7.396000,0.223645,-0.392422,0.664078,-0.051867,0.078175,-0.310984,0.310984,3.000000,0.093816,0.000000,0.000000,-0.000365,-0.000022,-0.000476,0.415184,-0.016352,0.482180,0.415185,-0.016351,0.482182,0.000000,0.004073
7.406000,0.139457,-0.383688,0.711816,-0.136055,0.086909,-0.263246,0.263246,3.000000,0.161444,0.000000,0.000000,0.000035,-0.000426,0.000359,0.415185,-0.016354,0.482183,0.415185,-0.016351,0.482182,0.000000,-0.003068
7.416000,0.154084,-0.366143,0.654108,-0.121428,0.104453,-0.320953,0.320953,3.000000,0.160173,0.000000,0.000000,-0.000221,-0.000721,0.000583,0.415184,-0.016354,0.482181,0.415185,-0.016351,0.482182,0.000000,-0.004936
7.426000,0.145461,-0.379550,0.664022,-0.130052,0.091047,-0.311039,0.311039,3.000000,0.158754,0.000000,0.000000,0.000427,0.000269,0.000487,0.415186,-0.016350,0.482183,0.415185,-0.016351,0.482182,0.000000,-0.004152
7.436000,0.130363,-0.434780,0.684955,-0.145149,0.035817,-0.290107,0.290107,3.000000,0.149503,0.000000,0.000000,0.000145,-0.000048,0.000010,0.415185,-0.016353,0.482182,0.415185,-0.016351,0.482182,0.000000,-0.000091
7.446000,0.097532,-0.388454,0.704085,-0.177980,0.082143,-0.270977,0.270977,3.000000,0.196021,0.000000,0.000000,0.000197,-0.000464,-0.000472,0.415185,-0.016354,0.482181,0.415185,-0.016351,0.482182,0.000000,0.004023
7.456000,0.077817,-0.408118,0.722357,-0.197695,0.062478,-0.252704,0.252704,3.000000,0.207333,0.000000,0.000000,-0.000083,-0.000259,-0.000069,0.415184,-0.016353,0.482180,0.415185,-0.016351,0.482182,0.000000,0.000613
7.466000,0.147272,-0.394700,0.638048,-0.128240,0.075896,-0.337013,0.337013,3.000000,0.149016,0.000000,0.000000,0.000056,0.000178,0.000409,0.415185,-0.016352,0.482182,0.415185,-0.016351,0.482182,0.000000,-0.003475
7.476000,0.110905,-0.401478,0.697643,-0.164607,0.069119,-0.277419,0.277419,3.000000,0.178530,0.000000,0.000000,-0.000238,-0.000302,-0.000137,0.415184,-0.016353,0.482181,0.415185,-0.016351,0.482182,0.000000,0.001178
7.486000,0.129487,-0.382535,0.686432,-0.146025,0.088062,-0.288629,0.288629,3.000000,0.170523,0.000000,0.000000,0.000021,0.000968,0.000112,0.415184,-0.016350,0.482183,0.415185,-0.016351,0.482182,0.000000,-0.000978
7.496000,0.155140,-0.412183,0.691629,-0.120372,0.058414,-0.283433,0.283433,3.000000,0.133797,0.000000,0.000000,-0.000200,-0.000067,-0.000464,0.415184,-0.016352,0.482182,0.415185,-0.016351,0.482182,0.000000,0.003927
7.506000,0.148042,-0.360482,0.689103,-0.127470,0.110115,-0.285959,0.285959,3.000000,0.168446,0.000000,0.000000,0.000325,-0.000487,-0.000081,0.415186,-0.016352,0.482181,0.415185,-0.016351,0.482182,0.000000,0.000698
7.516000,0.168153,-0.350344,0.655448,-0.107359,0.120252,-0.319614,0.319614,3.000000,0.161203,0.000000,0.000000,0.000477,-0.000270,0.000447,0.415186,-0.016352,0.482182,0.415185,-0.016351,0.482182,0.000000,-0.003805
7.526000,0.098728,-0.352088,0.697165,-0.176785,0.118509,-0.277897,0.277897,3.000000,0.212831,0.000000,0.000000,-0.000080,-0.000397,-0.001732,0.415184,-0.016353,0.482179,0.415185,-0.016351,0.482182,0.000000,0.014743
7.536000,0.099217,-0.321001,0.712155,-0.176295,0.149595,-0.262906,0.262906,3.000000,0.231211,0.000000,0.000000,0.000365,0.000138,-0.000740,0.415185,-0.016352,0.482179,0.415185,-0.016351,0.482182,0.000000,0.006328
7.546000,0.127469,-0.392333,0.682077,-0.148043,0.078264,-0.292985,0.292985,3.000000,0.167458,0.000000,0.000000,0.000169,0.000162,0.000253,0.415185,-0.016352,0.482182,0.415185,-0.016351,0.482182,0.000000,-0.002153
7.556000,0.142790,-0.365155,0.678681,-0.132722,0.105442,-0.296381,0.296381,3.000000,0.169509,0.000000,0.000000,-0.000628,-0.000072,-0.000819,0.415184,-0.016353,0.482181,0.415185,-0.016351,0.482182,0.000000,0.006971
7.566000,0.081137,-0.385002,0.721962,-0.194376,0.085594,-0.253100,0.253100,3.000000,0.212387,0.000000,0.000000,-0.000101,0.000770,0.000182,0.415184,-0.016349,0.482182,0.415185,-0.016351,0.482182,0.000000,-0.001551
7.576000,0.094267,-0.427172,0.707546,-0.181245,0.043425,-0.267516,0.267516,3.000000,0.186375,0.000000,0.000000,-0.000094,0.000805,-0.000071,0.415184,-0.016350,0.482181,0.415185,-0.016351,0.482182,0.000000,0.000617
7.586000,0.132312,-0.438253,0.663364,-0.143200,0.032343,-0.311698,0.311698,3.000000,0.146807,0.000000,0.000000,-0.000173,-0.000460,0.000275,0.415184,-0.016352,0.482182,0.415185,-0.016351,0.482182,0.000000,-0.002336
7.596000,0.158334,-0.450738,0.666452,-0.117178,0.019859,-0.308610,0.308610,3.000000,0.118849,0.000000,0.000000,0.000084,0.000637,-0.000957,0.415185,-0.016351,0.482180,0.415185,-0.016351,0.482182,0.000000,0.008151
7.606000,0.111708,-0.418174,0.668285,-0.163804,0.052423,-0.306777,0.306777,3.000000,0.171988,0.000000,0.000000,0.000129,0.001083,-0.000103,0.415186,-0.016350,0.482181,0.415185,-0.016351,0.482182,0.000000,0.000892
7.616000,0.154576,-0.394580,0.655901,-0.120936,0.076016,-0.319161,0.319161,3.000000,0.142842,0.000000,0.000000,-0.000102,0.000427,0.000059,0.415184,-0.016352,0.482181,0.415185,-0.016351,0.482182,0.000000,-0.000486
7.626000,0.152234,-0.381963,0.648316,-0.123278,0.088634,-0.326745,0.326745,3.000000,0.151834,0.000000,0.000000,0.000343,-0.000176,-0.000413,0.415185,-0.016353,0.482181,0.415185,-0.016351,0.482182,0.000000,0.003519
7.636000,0.182395,-0.381105,0.640208,-0.093117,0.089492,-0.334853,0.334853,3.000000,0.129149,0.000000,0.000000,-0.000581,-0.000120,0.000345,0.415183,-0.016351,0.482182,0.415185,-0.016351,0.482182,0.000000,-0.002935
7.646000,0.122421,-0.377529,0.680780,-0.153091,0.093067,-0.294282,0.294282,3.000000,0.179160,0.000000,0.000000,-0.000120,0.000465,0.000145,0.415184,-0.016351,0.482182,0.415185,-0.016351,0.482182,0.000000,-0.001238
7.656000,0.109054,-0.395665,0.706594,-0.166458,0.074932,-0.268468,0.268468,3.000000,0.182546,0.000000,0.000000,0.000390,0.000869,-0.000681,0.415185,-0.016351,0.482181,0.415185,-0.016351,0.482182,0.000000,0.005802
7.666000,0.095995,-0.418443,0.702017,-0.179517,0.052154,-0.273044,0.273044,3.000000,0.186940,0.000000,0.000000,0.000234,0.000301,0.000375,0.415185,-0.016352,0.482182,0.415185,-0.016351,0.482182,0.000000,-0.003185
7.676000,0.097825,-0.416596,0.668583,-0.177687,0.054001,-0.306478,0.306478,3.000000,0.185711,0.000000,0.000000,-0.000060,-0.000464,-0.000325,0.415184,-0.016352,0.482181,0.415185,-0.016351,0.482182,0.000000,0.002775
7.686000,0.038974,-0.322637,0.722451,-0.236538,0.147960,-0.252611,0.252611,3.000000,0.279002,0.000000,0.000000,0.000267,-0.000170,-0.000085,0.415185,-0.016353,0.482181,0.415185,-0.016351,0.482182,0.000000,0.000735
7.696000,0.092332,-0.375290,0.678943,-0.183180,0.095306,-0.296118,0.296118,3.000000,0.206490,0.000000,0.000000,0.000064,0.000314,-0.000914,0.415185,-0.016352,0.482179,0.415185,-0.016351,0.482182,0.000000,0.007806
7.706000,0.122593,-0.356235,0.672665,-0.152919,0.114361,-0.302397,0.302397,3.000000,0.190952,0.000000,0.000000,-0.000247,-0.000414,-0.000080,0.415184,-0.016354,0.482182,0.415185,-0.016351,0.482182,0.000000,0.000682
7.716000,0.163172,-0.385985,0.680239,-0.112340,0.084611,-0.294823,0.294823,3.000000,0.140639,0.000000,0.000000,-0.000713,-0.000494,-0.000714,0.415183,-0.016354,0.482178,0.415185,-0.016351,0.482182,0.000000,0.006128
7.726000,0.161810,-0.357428,0.661160,-0.113703,0.113169,-0.313901,0.313901,3.000000,0.160423,0.000000,0.000000,0.000141,-0.000680,-0.000674,0.415185,-0.016352,0.482180,0.415185,-0.016351,0.482182,0.000000,0.005757
7.736000,0.105076,-0.330344,0.693380,-0.170436,0.140252,-0.281682,0.281682,3.000000,0.220724,0.000000,0.000000,-0.000021,-0.000280,-0.000002,0.415184,-0.016353,0.482182,0.415185,-0.016351,0.482182,0.000000,0.000005
7.746000,0.095163,-0.332377,0.711522,-0.180349,0.138220,-0.263540,0.263540,3.000000,0.227224,0.000000,0.000000,-0.000043,-0.000463,0.000245,0.415185,-0.016352,0.482182,0.415185,-0.016351,0.482182,0.000000,-0.002081
7.756000,0.110715,-0.365478,0.692421,-0.164798,0.105119,-0.282641,0.282641,3.000000,0.195469,0.000000,0.000000,-0.000490,0.000097,0.000127,0.415184,-0.016352,0.482182,0.415185,-0.016351,0.482182,0.000000,-0.001075
7.766000,0.144741,-0.419047,0.669250,-0.130772,0.051549,-0.305812,0.305812,3.000000,0.140565,0.000000,0.000000,0.000036,-0.000251,-0.000165,0.415185,-0.016351,0.482182,0.415185,-0.016351,0.482182,0.000000,0.001387
7.776000,0.139391,-0.411561,0.652997,-0.136122,0.059035,-0.322064,0.322064,3.000000,0.148372,0.000000,0.000000,0.000129,-0.000024,0.000354,0.415185,-0.016350,0.482182,0.415185,-0.016351,0.482182,0.000000,-0.003003
7.786000,0.126155,-0.352011,0.678395,-0.149358,0.118586,-0.296667,0.296667,3.000000,0.190710,0.000000,0.000000,0.000352,0.000281,0.000727,0.415185,-0.016349,0.482184,0.415185,-0.016351,0.482182,0.000000,-0.006204
7.796000,0.134928,-0.427165,0.678074,-0.140584,0.043431,-0.296987,0.296987,3.000000,0.147140,0.000000,0.000000,0.000117,-0.000239,-0.000175,0.415185,-0.016352,0.482180,0.415185,-0.016351,0.482182,0.000000,0.001526
7.806000,0.168438,-0.436161,0.642676,-0.107074,0.034435,-0.332386,0.332386,3.000000,0.112475,0.000000,0.000000,0.000145,-0.000328,0.000327,0.415185,-0.016353,0.482181,0.415185,-0.016351,0.482182,0.000000,-0.002767
7.816000,0.101800,-0.412798,0.688030,-0.173712,0.057799,-0.287032,0.287032,3.000000,0.183075,0.000000,0.000000,-0.000374,-0.000333,-0.000084,0.415184,-0.016352,0.482181,0.415185,-0.016351,0.482182,0.000000,0.000718
7.826000,0.136695,-0.416033,0.667001,-0.138817,0.054563,-0.308060,0.308060,3.000000,0.149155,0.000000,0.000000,0.000651,0.000476,0.001035,0.415185,-0.016351,0.482184,0.415185,-0.016351,0.482182,0.000000,-0.008820
7.836000,0.137468,-0.390510,0.640593,-0.138044,0.080086,-0.334469,0.334469,3.000000,0.159593,0.000000,0.000000,0.000164,0.000262,0.000225,0.415185,-0.016352,0.482183,0.415185,-0.016351,0.482182,0.000000,-0.001931
7.846000,0.112083,-0.410463,0.654616,-0.163430,0.060134,-0.320446,0.320446,3.000000,0.174141,0.000000,0.000000,0.000147,0.000155,0.000297,0.415185,-0.016351,0.482182,0.415185,-0.016351,0.482182,0.000000,-0.002529
7.856000,0.107958,-0.373761,0.685532,-0.167554,0.096836,-0.289529,0.289529,3.000000,0.193524,0.000000,0.000000,-0.000587,0.000288,0.000171,0.415183,-0.016353,0.482182,0.415185,-0.016351,0.482182,0.000000,-0.001452
7.866000,0.156671,-0.403131,0.678205,-0.118841,0.067466,-0.296857,0.296857,3.000000,0.136656,0.000000,0.000000,-0.000278,0.000643,-0.000539,0.415184,-0.016351,0.482181,0.415185,-0.016351,0.482182,0.000000,0.004576
7.876000,0.097819,-0.384929,0.705302,-0.177694,0.085667,-0.269760,0.269760,3.000000,0.197266,0.000000,0.000000,0.000134,-0.000323,0.000981,0.415184,-0.016353,0.482184,0.415185,-0.016351,0.482182,0.000000,-0.008360
7.886000,0.105195,-0.391644,0.682264,-0.170317,0.078953,-0.292798,0.292798,3.000000,0.187727,0.000000,0.000000,0.000360,-0.000223,0.000281,0.415185,-0.016352,0.482181,0.415185,-0.016351,0.482182,0.000000,-0.002366
7.896000,0.105957,-0.391579,0.660310,-0.169555,0.079018,-0.314751,0.314751,3.000000,0.187064,0.000000,0.000000,0.000431,0.000760,0.000479,0.415185,-0.016352,0.482183,0.415185,-0.016351,0.482182,0.000000,-0.004085
7.906000,0.129966,-0.369639,0.689003,-0.145546,0.100958,-0.286059,0.286059,3.000000,0.177133,0.000000,0.000000,0.000030,-0.000441,-0.000059,0.415184,-0.016352,0.482181,0.415185,-0.016351,0.482182,0.000000,0.000511
7.916000,0.088402,-0.306205,0.705433,-0.187110,0.164391,-0.269628,0.269628,3.000000,0.249067,0.000000,0.000000,0.000228,-0.000596,0.000246,0.415184,-0.016353,0.482183,0.415185,-0.016351,0.482182,0.000000,-0.002109
7.926000,0.094392,-0.380746,0.664653,-0.181121,0.089850,-0.310409,0.310409,3.000000,0.202182,0.000000,0.000000,0.000118,-0.000122,-0.000186,0.415184,-0.016353,0.482181,0.415185,-0.016351,0.482182,0.000000,0.001604
7.936000,0.143193,-0.436055,0.626696,-0.132319,0.034541,-0.348366,0.348366,3.000000,0.136753,0.000000,0.000000,-0.000017,-0.000212,0.000970,0.415185,-0.016352,0.482184,0.415185,-0.016351,0.482182,0.000000,-0.008264
7.946000,0.143467,-0.422937,0.654052,-0.132046,0.047659,-0.321010,0.321010,3.000000,0.140383,0.000000,0.000000,0.000308,-0.000495,0.000237,0.415186,-0.016353,0.482182,0.415185,-0.016351,0.482182,0.000000,-0.002015
7.956000,0.101049,-0.386967,0.683854,-0.174463,0.083630,-0.291207,0.291207,3.000000,0.193471,0.000000,0.000000,0.000161,-0.000999,-0.000299,0.415185,-0.016353,0.482181,0.415185,-0.016351,0.482182,0.000000,0.002542
7.966000,0.119383,-0.333493,0.681179,-0.156130,0.137104,-0.293883,0.293883,3.000000,0.207783,0.000000,0.000000,-0.000310,-0.000758,-0.000161,0.415185,-0.016355,0.482182,0.415185,-0.016351,0.482182,0.000000,0.001357
7.976000,0.121111,-0.444638,0.675798,-0.154401,0.025959,-0.299264,0.299264,3.000000,0.156568,0.000000,0.000000,0.000340,-0.000278,-0.000371,0.415185,-0.016353,0.482181,0.415185,-0.016351,0.482182,0.000000,0.003159
7.986000,0.062103,-0.367880,0.719997,-0.213409,0.102717,-0.255064,0.255064,3.000000,0.236842,0.000000,0.000000,-0.000140,-0.000093,-0.000331,0.415184,-0.016352,0.482181,0.415185,-0.016351,0.482182,0.000000,0.002814
7.996000,0.107884,-0.370516,0.708685,-0.167628,0.100080,-0.266377,0.266377,3.000000,0.195231,0.000000,0.000000,0.000088,0.000142,-0.000937,0.415185,-0.016351,0.482180,0.415185,-0.016351,0.482182,0.000000,0.007988
8.007000,0.123017,-0.419429,0.698259,-0.152495,0.051168,-0.276803,0.276803,3.000000,0.160851,0.000000,0.000000,-0.000155,0.000100,0.000964,0.415185,-0.016350,0.482184,0.415185,-0.016351,0.482182,0.000000,-0.008214
8.018000,0.112191,-0.396890,0.683509,-0.163321,0.073707,-0.291553,0.291553,3.000000,0.179182,0.000000,0.000000,-0.000034,0.000047,0.000021,0.415185,-0.016351,0.482181,0.415185,-0.016351,0.482182,0.000000,-0.000170
8.029000,0.172769,-0.407901,0.635578,-0.102743,0.062696,-0.339483,0.339483,3.000000,0.120362,0.000000,0.000000,-0.000108,0.000238,0.000456,0.415184,-0.016351,0.482182,0.415185,-0.016351,0.482182,0.000000,-0.003862
8.040000,0.074341,-0.378794,0.684072,-0.201171,0.091802,-0.290989,0.290989,3.000000,0.221127,0.000000,0.000000,0.000085,-0.001414,-0.000132,0.415185,-0.016356,0.482181,0.415185,-0.016351,0.482182,0.000000,0.001134
8.051000,0.096814,-0.350901,0.684945,-0.178698,0.119696,-0.290116,0.290116,3.000000,0.215082,0.000000,0.000000,0.000294,-0.000984,0.000293,0.415185,-0.016353,0.482182,0.415185,-0.016351,0.482182,0.000000,-0.002495
8.062000,0.179731,-0.414402,0.660913,-0.095781,0.056195,-0.314149,0.314149,3.000000,0.111049,0.000000,0.000000,-0.000033,-0.000494,0.000623,0.415185,-0.016354,0.482183,0.415185,-0.016351,0.482182,0.000000,-0.005299
8.073000,0.147263,-0.407222,0.673197,-0.128249,0.063375,-0.301865,0.301865,3.000000,0.143053,0.000000,0.000000,-0.000452,0.000445,0.000171,0.415184,-0.016351,0.482182,0.415185,-0.016351,0.482182,0.000000,-0.001448
8.084000,0.170901,-0.379801,0.688638,-0.104611,0.090795,-0.286423,0.286423,3.000000,0.138518,0.000000,0.000000,-0.000194,-0.000652,-0.000307,0.415185,-0.016353,0.482180,0.415185,-0.016351,0.482182,0.000000,0.002636
8.095000,0.123583,-0.370809,0.681571,-0.151929,0.099788,-0.293491,0.293491,3.000000,0.181769,0.000000,0.000000,-0.000172,-0.000121,0.000089,0.415185,-0.016352,0.482185,0.415185,-0.016351,0.482182,0.000000,-0.000812
8.106000,0.121212,-0.370758,0.651514,-0.154300,0.099838,-0.323548,0.323548,3.000000,0.183783,0.000000,0.000000,0.000050,-0.000375,-0.000399,0.415185,-0.016353,0.482181,0.415185,-0.016351,0.482182,0.000000,0.003400
8.117000,0.089630,-0.340798,0.696254,-0.185883,0.129798,-0.278808,0.278808,3.000000,0.226716,0.000000,0.000000,-0.000318,-0.001414,-0.000459,0.415185,-0.016354,0.482181,0.415185,-0.016351,0.482182,0.000000,0.003907
8.128000,0.091153,-0.391210,0.695810,-0.184359,0.079387,-0.279251,0.279251,3.000000,0.200725,0.000000,0.000000,-0.000249,-0.000032,-0.000038,0.415184,-0.016352,0.482182,0.415185,-0.016351,0.482182,0.000000,0.000319
8.139000,0.104652,-0.384944,0.696269,-0.170860,0.085653,-0.278792,0.278792,3.000000,0.191127,0.000000,0.000000,0.000084,-0.000728,0.000108,0.415184,-0.016353,0.482181,0.415185,-0.016351,0.482182,0.000000,-0.000912
8.150000,0.106579,-0.394824,0.701541,-0.168934,0.075773,-0.273521,0.273521,3.000000,0.185149,0.000000,0.000000,0.000109,-0.000513,0.000704,0.415184,-0.016353,0.482183,0.415185,-0.016351,0.482182,0.000000,-0.005996
8.161000,0.135869,-0.373252,0.696168,-0.139643,0.097345,-0.278893,0.278893,3.000000,0.170224,0.000000,0.000000,0.000105,-0.000266,-0.000577,0.415185,-0.016353,0.482180,0.415185,-0.016351,0.482182,0.000000,0.004919
8.172000,0.140164,-0.382686,0.675153,-0.135349,0.087911,-0.299909,0.299909,3.000000,0.161392,0.000000,0.000000,-0.000164,-0.001031,-0.000354,0.415184,-0.016354,0.482181,0.415185,-0.016351,0.482182,0.000000,0.003024
8.183000,0.115770,-0.399272,0.694919,-0.159742,0.071324,-0.280143,0.280143,3.000000,0.174942,0.000000,0.000000,-0.000049,0.001180,0.000074,0.415184,-0.016350,0.482181,0.415185,-0.016351,0.482182,0.000000,-0.000619
8.194000,0.131951,-0.349727,0.685123,-0.143561,0.120870,-0.289939,0.289939,3.000000,0.187668,0.000000,0.000000,0.000136,0.000792,0.000620,0.415185,-0.016350,0.482182,0.415185,-0.016351,0.482182,0.000000,-0.005261
8.205000,0.170284,-0.394825,0.677672,-0.105228,0.075772,-0.297390,0.297390,3.000000,0.129670,0.000000,0.000000,-0.000184,-0.000339,0.000231,0.415184,-0.016352,0.482182,0.415185,-0.016351,0.482182,0.000000,-0.001969
8.216000,0.158559,-0.423575,0.642754,-0.116953,0.047022,-0.332308,0.332308,3.000000,0.126052,0.000000,0.000000,0.000252,0.001250,-0.000956,0.415185,-0.016349,0.482179,0.415185,-0.016351,0.482182,0.000000,0.008167
8.227000,0.159925,-0.425293,0.663028,-0.115587,0.045304,-0.312034,0.312034,3.000000,0.124148,0.000000,0.000000,0.000059,0.000233,0.000090,0.415185,-0.016353,0.482181,0.415185,-0.016351,0.482182,0.000000,-0.000752
8.238000,0.129555,-0.392142,0.710325,-0.145957,0.078454,-0.264737,0.264737,3.000000,0.165706,0.000000,0.000000,0.000062,-0.000213,0.000760,0.415184,-0.016353,0.482183,0.415185,-0.016351,0.482182,0.000000,-0.006481
8.249000,0.112286,-0.366484,0.701769,-0.163226,0.104113,-0.273293,0.273293,3.000000,0.193603,0.000000,0.000000,0.000322,-0.000641,-0.000758,0.415185,-0.016353,0.482178,0.415185,-0.016351,0.482182,0.000000,0.006497
8.260000,0.175452,-0.353244,0.648752,-0.100060,0.117353,-0.326310,0.326310,3.000000,0.154219,0.000000,0.000000,0.000245,0.000142,0.000868,0.415185,-0.016351,0.482183,0.415185,-0.016351,0.482182,0.000000,-0.007379
8.271000,0.159863,-0.368868,0.664676,-0.115649,0.101729,-0.310385,0.310385,3.000000,0.154024,0.000000,0.000000,-0.000005,-0.000056,0.000176,0.415184,-0.016353,0.482181,0.415185,-0.016351,0.482182,0.000000,-0.001488
8.282000,0.137882,-0.433320,0.683338,-0.137630,0.037277,-0.291723,0.291723,3.000000,0.142589,0.000000,0.000000,0.000242,-0.000003,0.000400,0.415185,-0.016353,0.482184,0.415185,-0.016351,0.482182,0.000000,-0.003428
8.293000,0.102961,-0.397124,0.708116,-0.172552,0.073472,-0.266945,0.266945,3.000000,0.187543,0.000000,0.000000,-0.000341,0.001141,0.000002,0.415184,-0.016350,0.482181,0.415185,-0.016351,0.482182,0.000000,-0.000008
8.304000,0.139731,-0.352249,0.686013,-0.135781,0.118347,-0.289049,0.289049,3.000000,0.180118,0.000000,0.000000,0.000033,-0.000015,0.000092,0.415185,-0.016354,0.482183,0.415185,-0.016351,0.482182,0.000000,-0.000792
8.315000,0.111201,-0.388589,0.702706,-0.164311,0.082008,-0.272356,0.272356,3.000000,0.183639,0.000000,0.000000,-0.000030,0.000351,-0.000033,0.415184,-0.016352,0.482181,0.415185,-0.016351,0.482182,0.000000,0.000287
8.326000,0.114114,-0.413242,0.678226,-0.161398,0.057355,-0.296836,0.296836,3.000000,0.171286,0.000000,0.000000,0.000435,0.000508,0.000045,0.415185,-0.016350,0.482181,0.415185,-0.016351,0.482182,0.000000,-0.000373
8.337000,0.105207,-0.363062,0.681740,-0.170306,0.107535,-0.293322,0.293322,3.000000,0.201414,0.000000,0.000000,0.000051,0.000182,-0.000632,0.415185,-0.016353,0.482180,0.415185,-0.016351,0.482182,0.000000,0.005393
8.348000,0.137216,-0.342062,0.667792,-0.138296,0.128535,-0.307269,0.307269,3.000000,0.188804,0.000000,0.000000,-0.000112,0.001016,0.000790,0.415184,-0.016352,0.482181,0.415185,-0.016351,0.482182,0.000000,-0.006696
8.359000,0.085210,-0.360072,0.708517,-0.190302,0.110525,-0.266545,0.266545,3.000000,0.220070,0.000000,0.000000,0.000124,0.000217,0.000225,0.415185,-0.016349,0.482183,0.415185,-0.016351,0.482182,0.000000,-0.001927
8.370000,0.058386,-0.354514,0.702325,-0.217126,0.116083,-0.272737,0.272737,3.000000,0.246209,0.000000,0.000000,0.000299,0.000224,0.000510,0.415185,-0.016352,0.482183,0.415185,-0.016351,0.482182,0.000000,-0.004344
8.381000,0.051966,-0.403971,0.691159,-0.223546,0.066626,-0.283902,0.283902,3.000000,0.233264,0.000000,0.000000,-0.000084,0.000359,-0.001043,0.415184,-0.016350,0.482180,0.415185,-0.016351,0.482182,0.000000,0.008890
8.392000,0.078189,-0.335873,0.696437,-0.197323,0.134724,-0.278624,0.278624,3.000000,0.238929,0.000000,0.000000,-0.000027,-0.000548,-0.000289,0.415184,-0.016352,0.482181,0.415185,-0.016351,0.482182,0.000000,0.002467
8.403000,0.106174,-0.387679,0.664374,-0.169339,0.082917,-0.310687,0.310687,3.000000,0.188549,0.000000,0.000000,-0.000427,0.000204,0.000152,0.415184,-0.016352,0.482182,0.415185,-0.016351,0.482182,0.000000,-0.001298
8.414000,0.153529,-0.393238,0.669740,-0.121983,0.077359,-0.305321,0.305321,3.000000,0.144444,0.000000,0.000000,-0.000110,-0.000172,0.000121,0.415184,-0.016353,0.482182,0.415185,-0.016351,0.482182,0.000000,-0.001026
8.425000,0.181794,-0.363166,0.662655,-0.093718,0.107431,-0.312406,0.312406,3.000000,0.142564,0.000000,0.000000,-0.000119,0.000384,0.000121,0.415184,-0.016351,0.482180,0.415185,-0.016351,0.482182,0.000000,-0.000997
8.436000,0.100004,-0.371462,0.702225,-0.175508,0.099135,-0.272836,0.272836,3.000000,0.201571,0.000000,0.000000,0.000207,0.000104,0.000877,0.415185,-0.016351,0.482184,0.415185,-0.016351,0.482182,0.000000,-0.007486
8.447000,0.100918,-0.412789,0.705338,-0.174594,0.057807,-0.269723,0.269723,3.000000,0.183915,0.000000,0.000000,-0.000025,-0.000400,-0.000189,0.415185,-0.016354,0.482181,0.415185,-0.016351,0.482182,0.000000,0.001618
8.458000,0.125681,-0.367821,0.690901,-0.149831,0.102776,-0.284161,0.284161,3.000000,0.181693,0.000000,0.000000,0.000099,0.000013,-0.000392,0.415184,-0.016352,0.482181,0.415185,-0.016351,0.482182,0.000000,0.003342
8.469000,0.117292,-0.379135,0.657996,-0.158220,0.091461,-0.317065,0.317065,3.000000,0.182753,0.000000,0.000000,0.000477,0.000280,0.000391,0.415185,-0.016353,0.482183,0.415185,-0.016351,0.482182,0.000000,-0.003340
8.480000,0.130246,-0.425122,0.645815,-0.145266,0.045474,-0.329247,0.329247,3.000000,0.152217,0.000000,0.000000,0.000165,-0.000231,0.000099,0.415185,-0.016354,0.482181,0.415185,-0.016351,0.482182,0.000000,-0.000824
8.491000,0.093424,-0.344060,0.673178,-0.182088,0.126537,-0.301884,0.301884,3.000000,0.221738,0.000000,0.000000,0.000557,-0.000107,0.000107,0.415186,-0.016353,0.482182,0.415185,-0.016351,0.482182,0.000000,-0.000917
8.502000,0.078726,-0.364649,0.691436,-0.196786,0.105947,-0.283626,0.283626,3.000000,0.223494,0.000000,0.000000,-0.000648,-0.000086,0.000124,0.415184,-0.016353,0.482184,0.415185,-0.016351,0.482182,0.000000,-0.001084
8.513000,0.083923,-0.362943,0.716965,-0.191590,0.107654,-0.258096,0.258096,3.000000,0.219763,0.000000,0.000000,-0.000212,-0.000073,-0.001429,0.415184,-0.016353,0.482179,0.415185,-0.016351,0.482182,0.000000,0.012176
8.524000,0.136155,-0.409644,0.664008,-0.139357,0.060953,-0.311053,0.311053,3.000000,0.152104,0.000000,0.000000,-0.000124,-0.000081,-0.000110,0.415184,-0.016352,0.482181,0.415185,-0.016351,0.482182,0.000000,0.000937
8.535000,0.137573,-0.382935,0.651830,-0.137939,0.087662,-0.323231,0.323231,3.000000,0.163437,0.000000,0.000000,-0.000209,-0.000685,-0.000005,0.415184,-0.016353,0.482181,0.415185,-0.016351,0.482182,0.000000,0.000051
8.546000,0.108387,-0.396206,0.676949,-0.167125,0.074391,-0.298113,0.298113,3.000000,0.182934,0.000000,0.000000,0.000137,-0.000023,-0.000387,0.415184,-0.016353,0.482181,0.415185,-0.016351,0.482182,0.000000,0.003300
8.557000,0.116768,-0.372329,0.680132,-0.158744,0.098268,-0.294930,0.294930,3.000000,0.186698,0.000000,0.000000,-0.000103,-0.000948,0.000170,0.415185,-0.016355,0.482182,0.415185,-0.016351,0.482182,0.000000,-0.001453
8.568000,0.107581,-0.368243,0.693245,-0.167931,0.102353,-0.281817,0.281817,3.000000,0.196665,0.000000,0.000000,-0.000347,-0.000334,-0.000789,0.415183,-0.016352,0.482179,0.415185,-0.016351,0.482182,0.000000,0.006737
8.579000,0.138419,-0.384618,0.681183,-0.137093,0.085979,-0.293878,0.293878,3.000000,0.161824,0.000000,0.000000,-0.000081,-0.000000,-0.000122,0.415184,-0.016352,0.482181,0.415185,-0.016351,0.482182,0.000000,0.001050
8.590000,0.095479,-0.420352,0.685145,-0.180033,0.050244,-0.289916,0.289916,3.000000,0.186913,0.000000,0.000000,0.000313,0.000222,-0.000035,0.415184,-0.016352,0.482181,0.415185,-0.016351,0.482182,0.000000,0.000320
8.601000,0.146824,-0.390147,0.671327,-0.128688,0.080450,-0.303734,0.303734,3.000000,0.151765,0.000000,0.000000,-0.000179,0.000909,-0.000179,0.415185,-0.016350,0.482181,0.415185,-0.016351,0.482182,0.000000,0.001536
8.612000,0.166685,-0.345622,0.648540,-0.108827,0.124975,-0.326521,0.326521,3.000000,0.165717,0.000000,0.000000,0.000110,0.000337,-0.000224,0.415185,-0.016351,0.482182,0.415185,-0.016351,0.482182,0.000000,0.001895
8.623000,0.126764,-0.374627,0.689486,-0.148748,0.095970,-0.285576,0.285576,3.000000,0.177020,0.000000,0.000000,-0.000109,-0.000674,-0.000654,0.415185,-0.016353,0.482180,0.415185,-0.016351,0.482182,0.000000,0.005582
8.634000,0.109954,-0.393761,0.702553,-0.165558,0.076836,-0.272509,0.272509,3.000000,0.182519,0.000000,0.000000,0.000251,0.000471,0.000672,0.415184,-0.016353,0.482184,0.415185,-0.016351,0.482182,0.000000,-0.005743
8.645000,0.123257,-0.415116,0.669719,-0.152256,0.055480,-0.305343,0.305343,3.000000,0.162049,0.000000,0.000000,0.000031,-0.000291,-0.000365,0.415184,-0.016352,0.482180,0.415185,-0.016351,0.482182,0.000000,0.003124
8.656000,0.102504,-0.380425,0.672008,-0.173008,0.090171,-0.303054,0.303054,3.000000,0.195097,0.000000,0.000000,0.000114,-0.000089,0.000060,0.415185,-0.016353,0.482182,0.415185,-0.016351,0.482182,0.000000,-0.000509
8.667000,0.140852,-0.371384,0.678121,-0.134660,0.099212,-0.296941,0.296941,3.000000,0.167262,0.000000,0.000000,-0.000236,0.000240,-0.000818,0.415184,-0.016351,0.482180,0.415185,-0.016351,0.482182,0.000000,0.006975
8.678000,0.166359,-0.357344,0.670052,-0.109153,0.113253,-0.305010,0.305010,3.000000,0.157291,0.000000,0.000000,0.000079,-0.000119,-0.000240,0.415185,-0.016352,0.482181,0.415185,-0.016351,0.482182,0.000000,0.002051
8.689000,0.127022,-0.328065,0.682377,-0.148490,0.142531,-0.292685,0.292685,3.000000,0.205826,0.000000,0.000000,-0.000575,0.000180,-0.000748,0.415183,-0.016351,0.482179,0.415185,-0.016351,0.482182,0.000000,0.006394
8.700000,0.096184,-0.378288,0.693720,-0.179328,0.092309,-0.281342,0.281342,3.000000,0.201692,0.000000,0.000000,0.000158,0.000384,-0.000076,0.415185,-0.016352,0.482182,0.415185,-0.016351,0.482182,0.000000,0.000641
8.711000,0.126791,-0.413146,0.675169,-0.148721,0.057451,-0.299893,0.299893,3.000000,0.159432,0.000000,0.000000,0.000197,0.000118,0.000575,0.415185,-0.016351,0.482183,0.415185,-0.016351,0.482182,0.000000,-0.004895
8.722000,0.125828,-0.378662,0.644762,-0.149684,0.091934,-0.330299,0.330299,3.000000,0.175662,0.000000,0.000000,0.000116,0.000208,-0.000733,0.415185,-0.016352,0.482182,0.415185,-0.016351,0.482182,0.000000,0.006223
8.733000,0.104934,-0.401215,0.665613,-0.170578,0.069382,-0.309448,0.309448,3.000000,0.184148,0.000000,0.000000,0.000397,0.000558,-0.000304,0.415185,-0.016350,0.482180,0.415185,-0.016351,0.482182,0.000000,0.002609
8.744000,0.136944,-0.361539,0.657571,-0.138568,0.109057,-0.317491,0.317491,3.000000,0.176337,0.000000,0.000000,-0.000171,0.000835,-0.000893,0.415184,-0.016350,0.482181,0.415185,-0.016351,0.482182,0.000000,0.007593
8.755000,0.104589,-0.388589,0.688607,-0.170923,0.082007,-0.286454,0.286454,3.000000,0.189578,0.000000,0.000000,0.000237,-0.000191,-0.000275,0.415185,-0.016353,0.482182,0.415185,-0.016351,0.482182,0.000000,0.002331
8.766000,0.072063,-0.386338,0.676202,-0.203449,0.084259,-0.298859,0.298859,3.000000,0.220207,0.000000,0.000000,-0.000089,-0.000008,0.000504,0.415184,-0.016352,0.482182,0.415185,-0.016351,0.482182,0.000000,-0.004277
8.777000,0.126339,-0.383694,0.657878,-0.149173,0.086903,-0.317183,0.317183,3.000000,0.172641,0.000000,0.000000,0.000160,-0.000059,-0.000680,0.415186,-0.016353,0.482179,0.415185,-0.016351,0.482182,0.000000,0.005818
8.788000,0.141178,-0.346508,0.661336,-0.134334,0.124089,-0.313726,0.313726,3.000000,0.182876,0.000000,0.000000,0.000145,-0.000182,0.000337,0.415185,-0.016352,0.482182,0.415185,-0.016351,0.482182,0.000000,-0.002865
8.799000,0.109349,-0.359503,0.662743,-0.166163,0.111093,-0.312319,0.312319,3.000000,0.199880,0.000000,0.000000,0.000298,-0.000476,0.000017,0.415185,-0.016352,0.482182,0.415185,-0.016351,0.482182,0.000000,-0.000144
8.810000,0.101556,-0.333824,0.670615,-0.173956,0.136773,-0.304447,0.304447,3.000000,0.221286,0.000000,0.000000,-0.000239,0.000219,0.000511,0.415185,-0.016350,0.482184,0.415185,-0.016351,0.482182,0.000000,-0.004365
8.821000,0.099800,-0.422337,0.693544,-0.175712,0.048260,-0.281518,0.281518,3.000000,0.182219,0.000000,0.000000,0.000308,-0.000064,0.000095,0.415184,-0.016353,0.482181,0.415185,-0.016351,0.482182,0.000000,-0.000795
8.832000,0.122496,-0.400499,0.688375,-0.153016,0.070097,-0.286686,0.286686,3.000000,0.168308,0.000000,0.000000,-0.000115,0.000556,-0.000502,0.415185,-0.016352,0.482180,0.415185,-0.016351,0.482182,0.000000,0.004289
8.843000,0.103083,-0.377446,0.673782,-0.172429,0.093150,-0.301279,0.301279,3.000000,0.195981,0.000000,0.000000,-0.000137,-0.000386,0.000692,0.415184,-0.016353,0.482182,0.415185,-0.016351,0.482182,0.000000,-0.005874
8.854000,0.124013,-0.344858,0.670489,-0.151500,0.125738,-0.304573,0.304573,3.000000,0.196881,0.000000,0.000000,-0.000566,-0.001688,-0.000925,0.415184,-0.016354,0.482180,0.415185,-0.016351,0.482182,0.000000,0.007890
8.865000,0.105490,-0.391679,0.695506,-0.170022,0.078918,-0.279556,0.279556,3.000000,0.187445,0.000000,0.000000,0.000098,0.000976,0.000528,0.415185,-0.016351,0.482182,0.415185,-0.016351,0.482182,0.000000,-0.004477
8.876000,0.142237,-0.378464,0.647579,-0.133275,0.092133,-0.327483,0.327483,3.000000,0.162021,0.000000,0.000000,0.000099,-0.000104,0.000036,0.415185,-0.016352,0.482182,0.415185,-0.016351,0.482182,0.000000,-0.000301
8.887000,0.111389,-0.401561,0.701637,-0.164123,0.069036,-0.273424,0.273424,3.000000,0.178052,0.000000,0.000000,0.000185,0.000001,0.000784,0.415185,-0.016352,0.482182,0.415185,-0.016351,0.482182,0.000000,-0.006650
8.898000,0.137602,-0.411911,0.686036,-0.137910,0.058685,-0.289026,0.289026,3.000000,0.149877,0.000000,0.000000,-0.000285,0.000284,0.000754,0.415184,-0.016352,0.482182,0.415185,-0.016351,0.482182,0.000000,-0.006403
8.909000,0.113792,-0.387878,0.704203,-0.161720,0.082719,-0.270858,0.270858,3.000000,0.181648,0.000000,0.000000,0.000197,0.000801,0.000762,0.415186,-0.016350,0.482185,0.415185,-0.016351,0.482182,0.000000,-0.006513
8.920000,0.066081,-0.412725,0.740291,-0.209431,0.057871,-0.234771,0.234771,3.000000,0.217280,0.000000,0.000000,0.000210,0.001048,-0.000964,0.415185,-0.016349,0.482180,0.415185,-0.016351,0.482182,0.000000,0.008214
8.931000,0.055018,-0.346193,0.755668,-0.220494,0.124404,-0.219393,0.219393,3.000000,0.253168,0.000000,0.000000,0.000226,-0.000076,-0.000209,0.415185,-0.016352,0.482182,0.415185,-0.016351,0.482182,0.000000,0.001771
8.942000,0.069918,-0.372296,0.710309,-0.205594,0.098301,-0.264752,0.264752,3.000000,0.227886,0.000000,0.000000,0.000351,-0.000256,-0.000404,0.415185,-0.016352,0.482180,0.415185,-0.016351,0.482182,0.000000,0.003459
8.953000,0.119559,-0.400552,0.666535,-0.155953,0.070044,-0.308527,0.308527,3.000000,0.170961,0.000000,0.000000,-0.000180,-0.000839,-0.000058,0.415184,-0.016354,0.482181,0.415185,-0.016351,0.482182,0.000000,0.000498
8.964000,0.131594,-0.418295,0.690660,-0.143919,0.052301,-0.284402,0.284402,3.000000,0.153127,0.000000,0.000000,0.000225,-0.000027,0.000523,0.415185,-0.016352,0.482181,0.415185,-0.016351,0.482182,0.000000,-0.004429
8.975000,0.124659,-0.359880,0.703538,-0.150853,0.110716,-0.271523,0.271523,3.000000,0.187123,0.000000,0.000000,0.000201,0.000025,-0.000954,0.415185,-0.016352,0.482180,0.415185,-0.016351,0.482182,0.000000,0.008119
8.986000,0.124713,-0.355187,0.683168,-0.150799,0.115410,-0.291894,0.291894,3.000000,0.189894,0.000000,0.000000,-0.000306,-0.000485,-0.000705,0.415184,-0.016352,0.482179,0.415185,-0.016351,0.482182,0.000000,0.006035
8.997000,0.135927,-0.341426,0.661444,-0.139585,0.129171,-0.313617,0.313617,3.000000,0.190182,0.000000,0.000000,0.000093,-0.000196,0.000042,0.415185,-0.016351,0.482182,0.415185,-0.016351,0.482182,0.000000,-0.000369
9.008000,0.125374,-0.391614,0.688942,-0.150138,0.078982,-0.286120,0.286120,3.000000,0.169646,0.000000,0.000000,-0.000265,0.000571,-0.000121,0.415185,-0.016351,0.482182,0.415185,-0.016351,0.482182,0.000000,0.001018
9.019000,0.104764,-0.397266,0.646923,-0.170748,0.073331,-0.328139,0.328139,3.000000,0.185829,0.000000,0.000000,0.000003,0.000242,-0.000379,0.415185,-0.016352,0.482183,0.415185,-0.016351,0.482182,0.000000,0.003200
9.030000,0.149731,-0.385583,0.674345,-0.125781,0.085013,-0.300717,0.300717,3.000000,0.151816,0.000000,0.000000,0.000024,-0.001161,0.001154,0.415186,-0.016354,0.482183,0.415185,-0.016351,0.482182,0.000000,-0.009814
9.041000,0.140849,-0.371856,0.673690,-0.134663,0.098741,-0.301372,0.301372,3.000000,0.166985,0.000000,0.000000,-0.000066,0.000352,0.000570,0.415184,-0.016351,0.482183,0.415185,-0.016351,0.482182,0.000000,-0.004855
9.052000,0.104774,-0.374745,0.690180,-0.170738,0.095851,-0.284882,0.284882,3.000000,0.195803,0.000000,0.000000,0.000243,-0.000774,-0.000620,0.415185,-0.016353,0.482179,0.415185,-0.016351,0.482182,0.000000,0.005317
9.063000,0.104044,-0.389881,0.674030,-0.171468,0.080715,-0.301032,0.301032,3.000000,0.189516,0.000000,0.000000,-0.000273,0.000168,-0.000240,0.415184,-0.016351,0.482181,0.415185,-0.016351,0.482182,0.000000,0.002041
9.074000,0.112682,-0.387289,0.689863,-0.162830,0.083308,-0.285198,0.285198,3.000000,0.182904,0.000000,0.000000,0.000045,0.000676,-0.000409,0.415185,-0.016351,0.482181,0.415185,-0.016351,0.482182,0.000000,0.003494
9.085000,0.133278,-0.419066,0.690807,-0.142234,0.051530,-0.284254,0.284254,3.000000,0.151281,0.000000,0.000000,0.000267,0.000726,-0.000005,0.415184,-0.016352,0.482181,0.415185,-0.016351,0.482182,0.000000,0.000049
9.096000,0.089605,-0.428133,0.706418,-0.185907,0.042463,-0.268643,0.268643,3.000000,0.190695,0.000000,0.000000,-0.000193,0.000329,-0.000493,0.415185,-0.016352,0.482181,0.415185,-0.016351,0.482182,0.000000,0.004199
9.107000,0.157056,-0.371470,0.653012,-0.118456,0.099126,-0.322050,0.322050,3.000000,0.154460,0.000000,0.000000,0.000166,-0.000443,0.000072,0.415185,-0.016352,0.482182,0.415185,-0.016351,0.482182,0.000000,-0.000609
9.118000,0.110478,-0.377570,0.657685,-0.165034,0.093027,-0.317376,0.317376,3.000000,0.189447,0.000000,0.000000,-0.000450,-0.000078,-0.000180,0.415183,-0.016353,0.482180,0.415185,-0.016351,0.482182,0.000000,0.001548
9.129000,0.140147,-0.359683,0.636113,-0.135365,0.110914,-0.338948,0.338948,3.000000,0.175001,0.000000,0.000000,0.000394,0.000076,-0.000654,0.415185,-0.016353,0.482180,0.415185,-0.016351,0.482182,0.000000,0.005580
9.140000,0.094332,-0.384593,0.675513,-0.181180,0.086003,-0.299548,0.299548,3.000000,0.200556,0.000000,0.000000,-0.000115,0.000022,-0.000192,0.415184,-0.016351,0.482181,0.415185,-0.016351,0.482182,0.000000,0.001642
9.151000,0.094961,-0.378281,0.684947,-0.180551,0.092315,-0.290115,0.290115,3.000000,0.202783,0.000000,0.000000,-0.000267,0.000589,0.000225,0.415184,-0.016351,0.482182,0.415185,-0.016351,0.482182,0.000000,-0.001918
9.162000,0.103819,-0.351296,0.668362,-0.171693,0.119301,-0.306700,0.306700,3.000000,0.209072,0.000000,0.000000,-0.000387,0.000207,-0.000149,0.415184,-0.016351,0.482181,0.415185,-0.016351,0.482182,0.000000,0.001280
9.173000,0.094378,-0.416959,0.694181,-0.181134,0.053638,-0.280881,0.280881,3.000000,0.188909,0.000000,0.000000,0.000294,-0.000551,-0.001342,0.415186,-0.016352,0.482179,0.415185,-0.016351,0.482182,0.000000,0.011434
9.184000,0.079332,-0.418216,0.687290,-0.196180,0.052381,-0.287772,0.287772,3.000000,0.203053,0.000000,0.000000,0.000374,0.000052,0.000386,0.415185,-0.016352,0.482181,0.415185,-0.016351,0.482182,0.000000,-0.003263
9.195000,0.121518,-0.381670,0.659953,-0.153994,0.088927,-0.315108,0.315108,3.000000,0.177826,0.000000,0.000000,-0.000178,-0.000564,-0.000099,0.415184,-0.016352,0.482181,0.415185,-0.016351,0.482182,0.000000,0.000852
9.206000,0.146372,-0.372845,0.661672,-0.129140,0.097751,-0.313389,0.313389,3.000000,0.161965,0.000000,0.000000,-0.000065,-0.000415,-0.001183,0.415185,-0.016353,0.482178,0.415185,-0.016351,0.482182,0.000000,0.010106
9.217000,0.075358,-0.394384,0.698528,-0.200154,0.076212,-0.276534,0.276534,3.000000,0.214173,0.000000,0.000000,0.000029,-0.000630,-0.000513,0.415185,-0.016353,0.482182,0.415185,-0.016351,0.482182,0.000000,0.004351
9.228000,0.119328,-0.372718,0.648504,-0.156184,0.097879,-0.326558,0.326558,3.000000,0.184319,0.000000,0.000000,0.000189,-0.000378,0.001338,0.415185,-0.016353,0.482182,0.415185,-0.016351,0.482182,0.000000,-0.011359
9.239000,0.150467,-0.367170,0.619054,-0.125045,0.103426,-0.356008,0.356008,3.000000,0.162276,0.000000,0.000000,-0.000148,-0.001008,0.000720,0.415185,-0.016352,0.482184,0.415185,-0.016351,0.482182,0.000000,-0.006151
9.250000,0.157731,-0.442287,0.633503,-0.117781,0.028310,-0.341559,0.341559,3.000000,0.121135,0.000000,0.000000,-0.000159,-0.000649,0.000400,0.415185,-0.016354,0.482183,0.415185,-0.016351,0.482182,0.000000,-0.003405
9.261000,0.127510,-0.430844,0.662119,-0.148003,0.039753,-0.312942,0.312942,3.000000,0.153248,0.000000,0.000000,-0.000112,-0.000187,0.000331,0.415184,-0.016352,0.482179,0.415185,-0.016351,0.482182,0.000000,-0.002761
9.272000,0.138221,-0.342082,0.661911,-0.137291,0.128514,-0.313151,0.313151,3.000000,0.188055,0.000000,0.000000,0.000031,-0.000979,-0.000088,0.415185,-0.016352,0.482181,0.415185,-0.016351,0.482182,0.000000,0.000761
9.283000,0.046823,-0.349343,0.710776,-0.228689,0.121254,-0.264285,0.264285,3.000000,0.258846,0.000000,0.000000,0.000052,-0.000624,0.000254,0.415184,-0.016352,0.482182,0.415185,-0.016351,0.482182,0.000000,-0.002165
9.294000,0.075497,-0.356071,0.698762,-0.200015,0.114525,-0.276300,0.276300,3.000000,0.230482,0.000000,0.000000,-0.000089,0.000315,-0.001018,0.415185,-0.016351,0.482179,0.415185,-0.016351,0.482182,0.000000,0.008681
9.305000,0.079418,-0.376326,0.686651,-0.196094,0.094271,-0.288411,0.288411,3.000000,0.217577,0.000000,0.000000,-0.000027,-0.000108,0.001555,0.415185,-0.016351,0.482186,0.415185,-0.016351,0.482182,0.000000,-0.013263
9.316000,0.145147,-0.392484,0.667504,-0.130365,0.078113,-0.307558,0.307558,3.000000,0.151976,0.000000,0.000000,-0.000412,-0.000515,0.000983,0.415184,-0.016353,0.482184,0.415185,-0.016351,0.482182,0.000000,-0.008379
9.327000,0.120805,-0.376502,0.688374,-0.154707,0.094094,-0.286688,0.286688,3.000000,0.181075,0.000000,0.000000,-0.000082,0.000843,-0.000083,0.415185,-0.016351,0.482181,0.415185,-0.016351,0.482182,0.000000,0.000723
9.338000,0.092649,-0.380253,0.694441,-0.182863,0.090343,-0.280620,0.280620,3.000000,0.203963,0.000000,0.000000,0.000333,-0.000047,-0.000919,0.415185,-0.016353,0.482181,0.415185,-0.016351,0.482182,0.000000,0.007816
9.349000,0.067856,-0.440363,0.700091,-0.207656,0.030234,-0.274971,0.274971,3.000000,0.209845,0.000000,0.000000,-0.000137,0.000873,-0.000144,0.415185,-0.016350,0.482183,0.415185,-0.016351,0.482182,0.000000,0.001191
9.360000,0.100224,-0.402934,0.685843,-0.175288,0.067663,-0.289219,0.289219,3.000000,0.187894,0.000000,0.000000,0.000011,0.000329,-0.000305,0.415185,-0.016352,0.482180,0.415185,-0.016351,0.482182,0.000000,0.002622
9.371000,0.105556,-0.363189,0.683988,-0.169956,0.107407,-0.291074,0.291074,3.000000,0.201051,0.000000,0.000000,0.000101,-0.000062,0.000789,0.415185,-0.016351,0.482182,0.415185,-0.016351,0.482182,0.000000,-0.006703
9.382000,0.152672,-0.368679,0.647061,-0.122840,0.101917,-0.328001,0.328001,3.000000,0.159615,0.000000,0.000000,-0.000401,-0.000476,0.000269,0.415183,-0.016353,0.482182,0.415185,-0.016351,0.482182,0.000000,-0.002282
9.393000,0.135237,-0.425692,0.672510,-0.140275,0.044905,-0.302552,0.302552,3.000000,0.147287,0.000000,0.000000,-0.000037,0.000286,0.000490,0.415185,-0.016351,0.482181,0.415185,-0.016351,0.482182,0.000000,-0.004152
9.404000,0.101179,-0.444722,0.651916,-0.174333,0.025875,-0.323145,0.323145,3.000000,0.176243,0.000000,0.000000,0.000359,0.000237,-0.000576,0.415184,-0.016352,0.482181,0.415185,-0.016351,0.482182,0.000000,0.004908
9.415000,0.080463,-0.405295,0.676064,-0.195050,0.065301,-0.298998,0.298998,3.000000,0.205691,0.000000,0.000000,0.000308,0.000003,0.000370,0.415185,-0.016353,0.482182,0.415185,-0.016351,0.482182,0.000000,-0.003146
9.426000,0.112088,-0.372606,0.694396,-0.163424,0.097991,-0.280666,0.280666,3.000000,0.190551,0.000000,0.000000,-0.000094,-0.000171,0.000229,0.415184,-0.016351,0.482183,0.415185,-0.016351,0.482182,0.000000,-0.001968
9.437000,0.116852,-0.348821,0.703348,-0.158660,0.121776,-0.271713,0.271713,3.000000,0.200006,0.000000,0.000000,0.000026,-0.000075,-0.000426,0.415185,-0.016350,0.482181,0.415185,-0.016351,0.482182,0.000000,0.003631
9.448000,0.125038,-0.349606,0.686457,-0.150474,0.120990,-0.288605,0.288605,3.000000,0.193083,0.000000,0.000000,0.000001,-0.000392,-0.000211,0.415185,-0.016352,0.482182,0.415185,-0.016351,0.482182,0.000000,0.001779
9.459000,0.136038,-0.384583,0.673516,-0.139474,0.086014,-0.301546,0.301546,3.000000,0.163864,0.000000,0.000000,-0.000401,0.000314,-0.000393,0.415183,-0.016352,0.482180,0.415185,-0.016351,0.482182,0.000000,0.003371
9.470000,0.141459,-0.458499,0.684805,-0.134053,0.012098,-0.290256,0.290256,3.000000,0.134597,0.000000,0.000000,0.000118,-0.000675,-0.000561,0.415185,-0.016354,0.482181,0.415185,-0.016351,0.482182,0.000000,0.004774
9.481000,0.180846,-0.377502,0.645221,-0.094666,0.093094,-0.329840,0.329840,3.000000,0.132771,0.000000,0.000000,0.000223,-0.000563,0.000157,0.415186,-0.016353,0.482182,0.415185,-0.016351,0.482182,0.000000,-0.001339
9.492000,0.161401,-0.383363,0.662360,-0.114111,0.087233,-0.312701,0.312701,3.000000,0.143635,0.000000,0.000000,0.000194,-0.000030,0.000626,0.415185,-0.016353,0.482183,0.415185,-0.016351,0.482182,0.000000,-0.005330
9.503000,0.169390,-0.387200,0.663652,-0.106122,0.083397,-0.311410,0.311410,3.000000,0.134970,0.000000,0.000000,-0.000154,0.000528,0.000056,0.415184,-0.016352,0.482181,0.415185,-0.016351,0.482182,0.000000,-0.000464
9.514000,0.139868,-0.416350,0.690347,-0.135644,0.054246,-0.284714,0.284714,3.000000,0.146089,0.000000,0.000000,0.000011,0.000141,0.000035,0.415185,-0.016354,0.482182,0.415185,-0.016351,0.482182,0.000000,-0.000292
9.525000,0.084422,-0.383472,0.739068,-0.191090,0.087124,-0.235994,0.235994,3.000000,0.210014,0.000000,0.000000,0.000107,-0.000192,-0.000509,0.415185,-0.016354,0.482180,0.415185,-0.016351,0.482182,0.000000,0.004349
9.536000,0.125654,-0.379564,0.710759,-0.149858,0.091033,-0.264302,0.264302,3.000000,0.175341,0.000000,0.000000,0.000454,0.000421,-0.000799,0.415185,-0.016350,0.482181,0.415185,-0.016351,0.482182,0.000000,0.006799
9.547000,0.144099,-0.369873,0.682067,-0.131414,0.100724,-0.292995,0.292995,3.000000,0.165574,0.000000,0.000000,0.000262,0.000804,0.001193,0.415185,-0.016351,0.482185,0.415185,-0.016351,0.482182,0.000000,-0.010184
9.558000,0.143035,-0.402625,0.674873,-0.132478,0.067972,-0.300189,0.300189,3.000000,0.148898,0.000000,0.000000,0.000018,0.000942,-0.000065,0.415184,-0.016350,0.482180,0.415185,-0.016351,0.482182,0.000000,0.000573
9.569000,0.129483,-0.393605,0.686364,-0.146030,0.076992,-0.288698,0.288698,3.000000,0.165083,0.000000,0.000000,0.000237,0.000508,0.000539,0.415185,-0.016351,0.482182,0.415185,-0.016351,0.482182,0.000000,-0.004565
9.580000,0.134587,-0.359748,0.679143,-0.140925,0.110849,-0.295918,0.295918,3.000000,0.179297,0.000000,0.000000,-0.000208,-0.000115,-0.000290,0.415184,-0.016351,0.482182,0.415185,-0.016351,0.482182,0.000000,0.002465
9.591000,0.165258,-0.358145,0.679875,-0.110254,0.112452,-0.295186,0.295186,3.000000,0.157485,0.000000,0.000000,0.000174,-0.000212,-0.000210,0.415185,-0.016352,0.482180,0.415185,-0.016351,0.482182,0.000000,0.001825
9.602000,0.104980,-0.349567,0.720599,-0.170532,0.121029,-0.254462,0.254462,3.000000,0.209116,0.000000,0.000000,-0.000724,-0.000055,-0.000195,0.415184,-0.016353,0.482181,0.415185,-0.016351,0.482182,0.000000,0.001678
9.613000,0.133772,-0.369579,0.666268,-0.141740,0.101018,-0.308794,0.308794,3.000000,0.174054,0.000000,0.000000,0.000418,0.000443,0.001025,0.415185,-0.016352,0.482184,0.415185,-0.016351,0.482182,0.000000,-0.008731
9.624000,0.133742,-0.352518,0.675280,-0.141770,0.118079,-0.299782,0.299782,3.000000,0.184503,0.000000,0.000000,0.000045,-0.000315,-0.000419,0.415185,-0.016353,0.482182,0.415185,-0.016351,0.482182,0.000000,0.003546
9.635000,0.113428,-0.349748,0.715281,-0.162085,0.120848,-0.259781,0.259781,3.000000,0.202177,0.000000,0.000000,-0.000239,0.000593,-0.000197,0.415184,-0.016351,0.482180,0.415185,-0.016351,0.482182,0.000000,0.001711
9.646000,0.175493,-0.388858,0.688186,-0.100020,0.081738,-0.286876,0.286876,3.000000,0.129171,0.000000,0.000000,-0.000227,0.000023,-0.000480,0.415184,-0.016351,0.482180,0.415185,-0.016351,0.482182,0.000000,0.004105
9.657000,0.209983,-0.408283,0.653724,-0.065530,0.062314,-0.321338,0.321338,3.000000,0.090427,0.000000,0.000000,-0.000179,-0.000364,0.000324,0.415185,-0.016352,0.482182,0.415185,-0.016351,0.482182,0.000000,-0.002756
9.668000,0.134261,-0.356076,0.704518,-0.141251,0.114520,-0.270544,0.270544,3.000000,0.181843,0.000000,0.000000,0.000035,0.000485,0.000586,0.415184,-0.016351,0.482183,0.415185,-0.016351,0.482182,0.000000,-0.004997
9.679000,0.087736,-0.409055,0.710585,-0.187776,0.061541,-0.264477,0.264477,3.000000,0.197603,0.000000,0.000000,-0.000001,0.000108,-0.000307,0.415184,-0.016352,0.482180,0.415185,-0.016351,0.482182,0.000000,0.002640
9.690000,0.106883,-0.405883,0.662293,-0.168629,0.064714,-0.312769,0.312769,3.000000,0.180620,0.000000,0.000000,-0.000303,-0.000110,0.000040,0.415184,-0.016352,0.482183,0.415185,-0.016351,0.482182,0.000000,-0.000354
9.701000,0.146757,-0.331567,0.667047,-0.128755,0.139030,-0.308014,0.308014,3.000000,0.189492,0.000000,0.000000,-0.000233,-0.000543,-0.000034,0.415184,-0.016352,0.482181,0.415185,-0.016351,0.482182,0.000000,0.000293
9.712000,0.104391,-0.349862,0.705488,-0.171122,0.120735,-0.269573,0.269573,3.000000,0.209427,0.000000,0.000000,0.000301,-0.000463,0.000179,0.415186,-0.016353,0.482183,0.415185,-0.016351,0.482182,0.000000,-0.001540
9.723000,0.089926,-0.392448,0.699956,-0.185587,0.078149,-0.275105,0.275105,3.000000,0.201369,0.000000,0.000000,0.000075,0.000191,-0.000555,0.415184,-0.016353,0.482179,0.415185,-0.016351,0.482182,0.000000,0.004756
9.734000,0.054733,-0.428620,0.733024,-0.220779,0.041977,-0.242037,0.242037,3.000000,0.224734,0.000000,0.000000,-0.000054,0.000531,-0.000241,0.415184,-0.016351,0.482181,0.415185,-0.016351,0.482182,0.000000,0.002063
9.745000,0.122474,-0.384160,0.676971,-0.153038,0.086436,-0.298091,0.298091,3.000000,0.175761,0.000000,0.000000,-0.000371,0.000218,-0.000237,0.415183,-0.016351,0.482180,0.415185,-0.016351,0.482182,0.000000,0.002035
9.756000,0.131673,-0.382305,0.686971,-0.143839,0.088292,-0.288090,0.288090,3.000000,0.168775,0.000000,0.000000,0.000270,-0.000299,-0.000324,0.415185,-0.016353,0.482180,0.415185,-0.016351,0.482182,0.000000,0.002779
9.767000,0.114689,-0.389695,0.687055,-0.160823,0.080902,-0.288007,0.288007,3.000000,0.180025,0.000000,0.000000,0.000303,0.000116,-0.000428,0.415185,-0.016352,0.482180,0.415185,-0.016351,0.482182,0.000000,0.003657
9.778000,0.107441,-0.394394,0.651741,-0.168071,0.076202,-0.323321,0.323321,3.000000,0.184539,0.000000,0.000000,0.000114,0.000737,0.000689,0.415185,-0.016350,0.482182,0.415185,-0.016351,0.482182,0.000000,-0.005857
9.789000,0.147069,-0.393879,0.652159,-0.128443,0.076718,-0.322903,0.322903,3.000000,0.149610,0.000000,0.000000,-0.000520,-0.000382,0.000609,0.415184,-0.016352,0.482183,0.415185,-0.016351,0.482182,0.000000,-0.005183
9.800000,0.108194,-0.338384,0.688349,-0.167318,0.132213,-0.286713,0.286713,3.000000,0.213250,0.000000,0.000000,0.000304,-0.001260,-0.000352,0.415185,-0.016353,0.482180,0.415185,-0.016351,0.482182,0.000000,0.003014
9.811000,0.112005,-0.357439,0.698581,-0.163507,0.113158,-0.276481,0.276481,3.000000,0.198845,0.000000,0.000000,0.000057,-0.000086,0.000129,0.415185,-0.016351,0.482181,0.415185,-0.016351,0.482182,0.000000,-0.001072
9.822000,0.101982,-0.406780,0.673897,-0.173530,0.063817,-0.301165,0.301165,3.000000,0.184893,0.000000,0.000000,0.000115,-0.000089,0.000571,0.415185,-0.016351,0.482182,0.415185,-0.016351,0.482182,0.000000,-0.004856
9.833000,0.190109,-0.363345,0.642989,-0.085403,0.107252,-0.332073,0.332073,3.000000,0.137101,0.000000,0.000000,0.000088,-0.000999,0.001128,0.415184,-0.016353,0.482185,0.415185,-0.016351,0.482182,0.000000,-0.009627
9.844000,0.194798,-0.386133,0.635889,-0.080714,0.084464,-0.339172,0.339172,3.000000,0.116829,0.000000,0.000000,-0.000118,0.000344,0.000494,0.415184,-0.016351,0.482182,0.415185,-0.016351,0.482182,0.000000,-0.004195
9.855000,0.181168,-0.409945,0.668847,-0.094344,0.060652,-0.306215,0.306215,3.000000,0.112158,0.000000,0.000000,0.000027,0.001129,-0.000485,0.415186,-0.016352,0.482180,0.415185,-0.016351,0.482182,0.000000,0.004137
9.866000,0.131976,-0.404763,0.728260,-0.143536,0.065833,-0.246802,0.246802,3.000000,0.157913,0.000000,0.000000,-0.000141,0.000322,0.000479,0.415185,-0.016350,0.482183,0.415185,-0.016351,0.482182,0.000000,-0.004093
9.877000,0.151738,-0.367245,0.694314,-0.123775,0.103352,-0.280747,0.280747,3.000000,0.161250,0.000000,0.000000,-0.000469,-0.000075,0.000030,0.415184,-0.016352,0.482181,0.415185,-0.016351,0.482182,0.000000,-0.000250
9.888000,0.109863,-0.384316,0.680096,-0.165649,0.086281,-0.294966,0.294966,3.000000,0.186773,0.000000,0.000000,0.000256,-0.001001,0.000783,0.415186,-0.016355,0.482184,0.415185,-0.016351,0.482182,0.000000,-0.006679
9.899000,0.091816,-0.371238,0.668959,-0.183696,0.099359,-0.306103,0.306103,3.000000,0.208845,0.000000,0.000000,-0.000089,0.000188,-0.000083,0.415184,-0.016352,0.482180,0.415185,-0.016351,0.482182,0.000000,0.000734
9.910000,0.111152,-0.418562,0.674730,-0.164360,0.052034,-0.300332,0.300332,3.000000,0.172400,0.000000,0.000000,0.000007,0.000478,-0.000752,0.415185,-0.016353,0.482180,0.415185,-0.016351,0.482182,0.000000,0.006423
9.921000,0.107894,-0.414652,0.683638,-0.167618,0.055944,-0.291423,0.291423,3.000000,0.176708,0.000000,0.000000,-0.000138,0.000001,-0.000400,0.415185,-0.016353,0.482181,0.415185,-0.016351,0.482182,0.000000,0.003400
9.932000,0.099214,-0.351466,0.699878,-0.176298,0.119130,-0.275183,0.275183,3.000000,0.212775,0.000000,0.000000,-0.000496,0.000025,-0.000233,0.415183,-0.016351,0.482181,0.415185,-0.016351,0.482182,0.000000,0.001985
9.943000,0.101906,-0.328114,0.683744,-0.173606,0.142483,-0.291318,0.291318,3.000000,0.224589,0.000000,0.000000,-0.000228,-0.000108,0.000220,0.415184,-0.016353,0.482182,0.415185,-0.016351,0.482182,0.000000,-0.001863
9.954000,0.146124,-0.405081,0.648955,-0.129388,0.065515,-0.326107,0.326107,3.000000,0.145030,0.000000,0.000000,-0.000213,0.000498,0.000488,0.415184,-0.016352,0.482182,0.415185,-0.016351,0.482182,0.000000,-0.004136
9.965000,0.161323,-0.364784,0.645066,-0.114189,0.105813,-0.329996,0.329996,3.000000,0.155677,0.000000,0.000000,0.000173,-0.000537,0.000271,0.415184,-0.016353,0.482180,0.415185,-0.016351,0.482182,0.000000,-0.002269
9.976000,0.112339,-0.392491,0.667359,-0.163173,0.078106,-0.307702,0.307702,3.000000,0.180903,0.000000,0.000000,0.000046,0.000328,-0.000322,0.415184,-0.016351,0.482179,0.415185,-0.016351,0.482182,0.000000,0.002781
9.987000,0.175048,-0.367515,0.626726,-0.100464,0.103082,-0.348335,0.348335,3.000000,0.143941,0.000000,0.000000,-0.000142,0.000107,-0.000139,0.415184,-0.016353,0.482180,0.415185,-0.016351,0.482182,0.000000,0.001207
9.998000,0.133727,-0.383298,0.659441,-0.141785,0.087298,-0.315621,0.315621,3.000000,0.166505,0.000000,0.000000,0.000265,0.000490,0.000709,0.415185,-0.016350,0.482184,0.415185,-0.016351,0.482182,0.000000,-0.006048
10.009000,0.063136,-0.394468,0.717626,-0.212376,0.076128,-0.257436,0.257436,3.000000,0.225608,0.000000,0.000000,-0.000283,-0.000692,0.000146,0.415183,-0.016353,0.482181,0.415185,-0.016351,0.482182,0.000000,-0.001235
10.020000,0.083580,-0.323299,0.693959,-0.191932,0.147298,-0.281103,0.281103,3.000000,0.241940,0.000000,0.000000,0.000192,-0.000736,0.000696,0.415185,-0.016352,0.482184,0.415185,-0.016351,0.482182,0.000000,-0.005946
10.031000,0.109241,-0.350443,0.690499,-0.166271,0.120154,-0.284562,0.284562,3.000000,0.205141,0.000000,0.000000,-0.000116,0.000765,0.000195,0.415184,-0.016349,0.482182,0.415185,-0.016351,0.482182,0.000000,-0.001652
10.042000,0.071591,-0.419085,0.720802,-0.203921,0.051512,-0.254260,0.254260,3.000000,0.210327,0.000000,0.000000,0.000022,0.000871,-0.000453,0.415184,-0.016351,0.482181,0.415185,-0.016351,0.482182,0.000000,0.003849
10.053000,0.079844,-0.373983,0.709353,-0.195668,0.096614,-0.265709,0.265709,3.000000,0.218220,0.000000,0.000000,0.000091,0.000741,0.000152,0.415184,-0.016350,0.482181,0.415185,-0.016351,0.482182,0.000000,-0.001275
10.064000,0.149643,-0.385184,0.666680,-0.125869,0.085413,-0.308382,0.308382,3.000000,0.152113,0.000000,0.000000,0.000078,0.001020,-0.000744,0.415185,-0.016350,0.482180,0.415185,-0.016351,0.482182,0.000000,0.006337
10.075000,0.131554,-0.403673,0.658990,-0.143958,0.066923,-0.316072,0.316072,3.000000,0.158753,0.000000,0.000000,0.000366,-0.000206,0.000287,0.415185,-0.016354,0.482182,0.415185,-0.016351,0.482182,0.000000,-0.002444
10.086000,0.114922,-0.383612,0.700416,-0.160590,0.086985,-0.274645,0.274645,3.000000,0.182635,0.000000,0.000000,-0.000157,0.000006,-0.000108,0.415184,-0.016353,0.482182,0.415185,-0.016351,0.482182,0.000000,0.000920
10.097000,0.118662,-0.398522,0.694800,-0.156850,0.072075,-0.280261,0.280261,3.000000,0.172617,0.000000,0.000000,-0.000316,-0.000025,-0.000795,0.415183,-0.016351,0.482179,0.415185,-0.016351,0.482182,0.000000,0.006785
10.108000,0.121866,-0.377217,0.697766,-0.153646,0.093380,-0.277296,0.277296,3.000000,0.179797,0.000000,0.000000,-0.000266,0.000401,0.001403,0.415184,-0.016350,0.482184,0.415185,-0.016351,0.482182,0.000000,-0.011952
10.119000,0.160969,-0.408203,0.657847,-0.114543,0.062394,-0.317214,0.317214,3.000000,0.130434,0.000000,0.000000,0.000140,0.000548,0.000813,0.415185,-0.016351,0.482183,0.415185,-0.016351,0.482182,0.000000,-0.006920
10.130000,0.113625,-0.352877,0.678078,-0.161887,0.117720,-0.296984,0.296984,3.000000,0.200163,0.000000,0.000000,-0.000001,-0.000696,0.000452,0.415184,-0.016352,0.482183,0.415185,-0.016351,0.482182,0.000000,-0.003864
10.141000,0.106928,-0.368187,0.694452,-0.168584,0.102410,-0.280610,0.280610,3.000000,0.197252,0.000000,0.000000,-0.000032,0.000234,-0.000867,0.415185,-0.016353,0.482180,0.415185,-0.016351,0.482182,0.000000,0.007396
10.152000,0.158107,-0.431033,0.676903,-0.117405,0.039564,-0.298159,0.298159,3.000000,0.123892,0.000000,0.000000,-0.000162,0.000882,-0.000450,0.415185,-0.016350,0.482182,0.415185,-0.016351,0.482182,0.000000,0.003821
10.163000,0.126847,-0.388919,0.676836,-0.148665,0.081677,-0.298226,0.298226,3.000000,0.169624,0.000000,0.000000,-0.000280,-0.000132,0.000239,0.415184,-0.016353,0.482182,0.415185,-0.016351,0.482182,0.000000,-0.002029
10.174000,0.132329,-0.377132,0.635616,-0.143183,0.093464,-0.339445,0.339445,3.000000,0.170988,0.000000,0.000000,0.000179,0.001094,0.001108,0.415185,-0.016349,0.482184,0.415185,-0.016351,0.482182,0.000000,-0.009436
10.185000,0.134957,-0.420395,0.658588,-0.140556,0.050202,-0.316474,0.316474,3.000000,0.149252,0.000000,0.000000,0.000285,0.000450,0.000656,0.415185,-0.016352,0.482182,0.415185,-0.016351,0.482182,0.000000,-0.005575
10.196000,0.132544,-0.386411,0.631214,-0.142968,0.084186,-0.343848,0.343848,3.000000,0.165913,0.000000,0.000000,0.000133,0.000531,0.000476,0.415185,-0.016350,0.482181,0.415185,-0.016351,0.482182,0.000000,-0.004029
10.207000,0.130439,-0.384734,0.665532,-0.145073,0.085862,-0.309530,0.309530,3.000000,0.168578,0.000000,0.000000,0.000494,-0.000425,-0.000207,0.415185,-0.016352,0.482181,0.415185,-0.016351,0.482182,0.000000,0.001773
10.218000,0.134085,-0.410899,0.688235,-0.141427,0.059697,-0.286827,0.286827,3.000000,0.153510,0.000000,0.000000,0.000086,-0.000477,0.000968,0.415185,-0.016354,0.482185,0.415185,-0.016351,0.482182,0.000000,-0.008268
10.229000,0.110961,-0.378251,0.699752,-0.164551,0.092345,-0.275310,0.275310,3.000000,0.188692,0.000000,0.000000,0.000301,-0.000253,0.000744,0.415185,-0.016353,0.482184,0.415185,-0.016351,0.482182,0.000000,-0.006360
10.240000,0.089893,-0.346993,0.654870,-0.185619,0.123603,-0.320192,0.320192,3.000000,0.223007,0.000000,0.000000,0.000510,0.000169,-0.000305,0.415185,-0.016353,0.482180,0.415185,-0.016351,0.482182,0.000000,0.002619
10.251000,0.115427,-0.379719,0.664570,-0.160085,0.090878,-0.310492,0.310492,3.000000,0.184082,0.000000,0.000000,0.000197,-0.000027,-0.000051,0.415186,-0.016352,0.482181,0.415185,-0.016351,0.482182,0.000000,0.000436
10.262000,0.155748,-0.371445,0.648639,-0.119765,0.099151,-0.326422,0.326422,3.000000,0.155482,0.000000,0.000000,0.000118,0.000518,-0.000636,0.415186,-0.016351,0.482181,0.415185,-0.016351,0.482182,0.000000,0.005412
10.273000,0.100239,-0.411082,0.673722,-0.175273,0.059515,-0.301339,0.301339,3.000000,0.185101,0.000000,0.000000,-0.000074,-0.000400,0.000179,0.415184,-0.016353,0.482181,0.415185,-0.016351,0.482182,0.000000,-0.001507
10.284000,0.093084,-0.399612,0.659000,-0.182429,0.070984,-0.316062,0.316062,3.000000,0.195752,0.000000,0.000000,0.000018,0.000053,0.001340,0.415184,-0.016352,0.482185,0.415185,-0.016351,0.482182,0.000000,-0.011429
10.295000,0.070270,-0.356697,0.699753,-0.205242,0.113899,-0.275309,0.275309,3.000000,0.234729,0.000000,0.000000,-0.000034,-0.000212,0.000054,0.415185,-0.016351,0.482181,0.415185,-0.016351,0.482182,0.000000,-0.000445
10.306000,0.141630,-0.384326,0.665885,-0.133882,0.086270,-0.309177,0.309177,3.000000,0.159270,0.000000,0.000000,0.000109,0.000077,0.000181,0.415185,-0.016352,0.482183,0.415185,-0.016351,0.482182,0.000000,-0.001548
10.317000,0.119057,-0.432952,0.667501,-0.156455,0.037644,-0.307560,0.307560,3.000000,0.160920,0.000000,0.000000,0.000405,-0.000284,-0.000144,0.415185,-0.016353,0.482180,0.415185,-0.016351,0.482182,0.000000,0.001252
10.328000,0.052943,-0.355297,0.698179,-0.222569,0.115299,-0.276883,0.276883,3.000000,0.250661,0.000000,0.000000,0.000210,-0.000018,-0.000302,0.415185,-0.016351,0.482183,0.415185,-0.016351,0.482182,0.000000,0.002548
10.339000,0.092727,-0.372000,0.668846,-0.182785,0.098597,-0.306216,0.306216,3.000000,0.207682,0.000000,0.000000,-0.000156,-0.000118,0.000369,0.415184,-0.016351,0.482183,0.415185,-0.016351,0.482182,0.000000,-0.003160
10.350000,0.114088,-0.357182,0.633411,-0.161424,0.113415,-0.341650,0.341650,3.000000,0.197283,0.000000,0.000000,-0.000203,-0.000443,0.000102,0.415184,-0.016352,0.482182,0.415185,-0.016351,0.482182,0.000000,-0.000872
10.361000,0.115429,-0.365337,0.647331,-0.160083,0.105259,-0.327731,0.327731,3.000000,0.191589,0.000000,0.000000,-0.000061,-0.000026,-0.000314,0.415184,-0.016351,0.482181,0.415185,-0.016351,0.482182,0.000000,0.002679
10.372000,0.075945,-0.406879,0.657936,-0.199568,0.063718,-0.317125,0.317125,3.000000,0.209493,0.000000,0.000000,-0.000005,-0.000073,-0.001197,0.415184,-0.016352,0.482179,0.415185,-0.016351,0.482182,0.000000,0.010203
10.383000,0.040752,-0.386739,0.691657,-0.234760,0.083858,-0.283405,0.283405,3.000000,0.249287,0.000000,0.000000,-0.000197,-0.000850,0.000200,0.415184,-0.016354,0.482183,0.415185,-0.016351,0.482182,0.000000,-0.001724
10.394000,0.073508,-0.408357,0.701285,-0.202004,0.062239,-0.273777,0.273777,3.000000,0.211375,0.000000,0.000000,-0.000189,0.000825,-0.000416,0.415184,-0.016350,0.482181,0.415185,-0.016351,0.482182,0.000000,0.003546
10.405000,0.090784,-0.390199,0.680285,-0.184728,0.080397,-0.294777,0.294777,3.000000,0.201465,0.000000,0.000000,-0.000041,0.000380,-0.000417,0.415185,-0.016353,0.482180,0.415185,-0.016351,0.482182,0.000000,0.003575
10.416000,0.124381,-0.359035,0.660892,-0.151131,0.111561,-0.314170,0.314170,3.000000,0.187847,0.000000,0.000000,0.000350,0.000407,-0.000777,0.415185,-0.016350,0.482180,0.415185,-0.016351,0.482182,0.000000,0.006621
10.427000,0.092002,-0.388303,0.669948,-0.183510,0.082294,-0.305113,0.305113,3.000000,0.201117,0.000000,0.000000,0.000289,0.001566,-0.000087,0.415185,-0.016347,0.482182,0.415185,-0.016351,0.482182,0.000000,0.000740
10.438000,0.054875,-0.371195,0.682524,-0.220637,0.099401,-0.292538,0.292538,3.000000,0.241995,0.000000,0.000000,0.000106,-0.000178,0.000495,0.415185,-0.016352,0.482183,0.415185,-0.016351,0.482182,0.000000,-0.004228
10.449000,0.185034,-0.415250,0.624583,-0.090478,0.055347,-0.350478,0.350478,3.000000,0.106064,0.000000,0.000000,-0.000659,-0.000367,-0.000705,0.415183,-0.016352,0.482179,0.415185,-0.016351,0.482182,0.000000,0.006025
10.460000,0.140438,-0.365617,0.631966,-0.135074,0.104980,-0.343095,0.343095,3.000000,0.171072,0.000000,0.000000,-0.000346,-0.000689,-0.000972,0.415185,-0.016353,0.482180,0.415185,-0.016351,0.482182,0.000000,0.008280
10.471000,0.122030,-0.384753,0.667379,-0.153482,0.085844,-0.307682,0.307682,3.000000,0.175858,0.000000,0.000000,0.000145,-0.000801,0.000212,0.415185,-0.016354,0.482181,0.415185,-0.016351,0.482182,0.000000,-0.001782
10.482000,0.077844,-0.334188,0.692384,-0.197668,0.136408,-0.282678,0.282678,3.000000,0.240166,0.000000,0.000000,0.000293,-0.000070,0.000350,0.415185,-0.016352,0.482182,0.415185,-0.016351,0.482182,0.000000,-0.002973
10.493000,0.106469,-0.404950,0.649175,-0.169043,0.065647,-0.325887,0.325887,3.000000,0.181343,0.000000,0.000000,0.000259,-0.000213,0.000179,0.415185,-0.016353,0.482183,0.415185,-0.016351,0.482182,0.000000,-0.001536
10.504000,0.148995,-0.369183,0.643902,-0.126517,0.101414,-0.331159,0.331159,3.000000,0.162146,0.000000,0.000000,-0.000064,-0.000067,0.000243,0.415184,-0.016352,0.482180,0.415185,-0.016351,0.482182,0.000000,-0.002026
10.515000,0.164832,-0.386150,0.666542,-0.110680,0.084447,-0.308519,0.308519,3.000000,0.139217,0.000000,0.000000,-0.000086,-0.000538,0.000034,0.415185,-0.016353,0.482182,0.415185,-0.016351,0.482182,0.000000,-0.000291
10.526000,0.129524,-0.390059,0.674275,-0.145988,0.080538,-0.300787,0.300787,3.000000,0.166730,0.000000,0.000000,0.000234,0.000638,0.000449,0.415185,-0.016351,0.482183,0.415185,-0.016351,0.482182,0.000000,-0.003826
10.537000,0.073298,-0.418913,0.690725,-0.202214,0.051684,-0.284337,0.284337,3.000000,0.208714,0.000000,0.000000,0.000077,0.000529,-0.000466,0.415185,-0.016350,0.482180,0.415185,-0.016351,0.482182,0.000000,0.003986
10.548000,0.078566,-0.393057,0.695404,-0.196946,0.077540,-0.279657,0.279657,3.000000,0.211660,0.000000,0.000000,0.000280,0.000745,0.000170,0.415186,-0.016351,0.482183,0.415185,-0.016351,0.482182,0.000000,-0.001463
10.559000,0.110334,-0.396362,0.691504,-0.165179,0.074235,-0.283558,0.283558,3.000000,0.181093,0.000000,0.000000,-0.000009,-0.000017,-0.000224,0.415184,-0.016352,0.482181,0.415185,-0.016351,0.482182,0.000000,0.001907
10.570000,0.085156,-0.374450,0.665852,-0.190357,0.096146,-0.309209,0.309209,3.000000,0.213260,0.000000,0.000000,-0.000272,0.000239,0.000582,0.415184,-0.016353,0.482183,0.415185,-0.016351,0.482182,0.000000,-0.004968
10.581000,0.126718,-0.364798,0.675897,-0.148794,0.105799,-0.299164,0.299164,3.000000,0.182573,0.000000,0.000000,0.000066,0.000921,-0.000839,0.415184,-0.016350,0.482180,0.415185,-0.016351,0.482182,0.000000,0.007158
10.592000,0.138252,-0.341409,0.674288,-0.137260,0.129188,-0.300774,0.300774,3.000000,0.188494,0.000000,0.000000,0.000445,0.000277,-0.000013,0.415185,-0.016353,0.482182,0.415185,-0.016351,0.482182,0.000000,0.000105
10.603000,0.157347,-0.403825,0.668836,-0.118166,0.066772,-0.306226,0.306226,3.000000,0.135726,0.000000,0.000000,-0.000194,0.000234,-0.000057,0.415184,-0.016352,0.482182,0.415185,-0.016351,0.482182,0.000000,0.000478
10.614000,0.118656,-0.397943,0.676855,-0.156856,0.072654,-0.298207,0.298207,3.000000,0.172865,0.000000,0.000000,-0.000585,0.000494,-0.000589,0.415183,-0.016352,0.482181,0.415185,-0.016351,0.482182,0.000000,0.005022
10.625000,0.152964,-0.389783,0.666230,-0.122548,0.080813,-0.308832,0.308832,3.000000,0.146795,0.000000,0.000000,0.000150,0.000194,-0.000005,0.415185,-0.016351,0.482181,0.415185,-0.016351,0.482182,0.000000,0.000056
10.636000,0.179472,-0.358581,0.650797,-0.096040,0.112015,-0.324265,0.324265,3.000000,0.147550,0.000000,0.000000,-0.000025,-0.000528,0.000311,0.415185,-0.016353,0.482181,0.415185,-0.016351,0.482182,0.000000,-0.002621
10.647000,0.148864,-0.300641,0.690915,-0.126648,0.169956,-0.284146,0.284146,3.000000,0.211955,0.000000,0.000000,0.000338,0.000868,-0.000565,0.415185,-0.016350,0.482181,0.415185,-0.016351,0.482182,0.000000,0.004805
10.658000,0.092954,-0.356757,0.706256,-0.182558,0.113839,-0.268806,0.268806,3.000000,0.215143,0.000000,0.000000,0.000442,-0.000271,-0.000548,0.415186,-0.016352,0.482181,0.415185,-0.016351,0.482182,0.000000,0.004660
10.669000,0.108029,-0.361837,0.666336,-0.167483,0.108760,-0.308726,0.308726,3.000000,0.199698,0.000000,0.000000,-0.000659,0.000168,0.000015,0.415183,-0.016352,0.482181,0.415185,-0.016351,0.482182,0.000000,-0.000112
10.680000,0.067210,-0.376681,0.720211,-0.208302,0.093915,-0.254850,0.254850,3.000000,0.228495,0.000000,0.000000,0.000307,-0.000326,-0.000610,0.415186,-0.016352,0.482181,0.415185,-0.016351,0.482182,0.000000,0.005183
10.691000,0.091619,-0.394854,0.682473,-0.183893,0.075743,-0.292589,0.292589,3.000000,0.198881,0.000000,0.000000,0.000136,0.000598,-0.000241,0.415185,-0.016352,0.482181,0.415185,-0.016351,0.482182,0.000000,0.002061
10.702000,0.060359,-0.375098,0.685417,-0.215153,0.095499,-0.289645,0.289645,3.000000,0.235395,0.000000,0.000000,0.000134,-0.000365,-0.000190,0.415184,-0.016353,0.482182,0.415185,-0.016351,0.482182,0.000000,0.001615
10.713000,0.110976,-0.402647,0.662860,-0.164536,0.067949,-0.312202,0.312202,3.000000,0.178014,0.000000,0.000000,-0.000172,-0.000514,0.000855,0.415184,-0.016352,0.482184,0.415185,-0.016351,0.482182,0.000000,-0.007295
10.724000,0.146820,-0.377268,0.673653,-0.128692,0.093329,-0.301409,0.301409,3.000000,0.158972,0.000000,0.000000,-0.000056,0.000275,-0.000164,0.415185,-0.016351,0.482181,0.415185,-0.016351,0.482182,0.000000,0.001405
10.735000,0.106354,-0.423085,0.701635,-0.169158,0.047512,-0.273426,0.273426,3.000000,0.175704,0.000000,0.000000,-0.000132,-0.000036,0.000130,0.415185,-0.016352,0.482182,0.415185,-0.016351,0.482182,0.000000,-0.001114
10.746000,0.111169,-0.381661,0.688256,-0.164343,0.088935,-0.286805,0.286805,3.000000,0.186864,0.000000,0.000000,0.000284,0.001635,-0.000920,0.415185,-0.016348,0.482179,0.415185,-0.016351,0.482182,0.000000,0.007853
10.757000,0.158152,-0.391613,0.636694,-0.117360,0.078983,-0.338368,0.338368,3.000000,0.141463,0.000000,0.000000,-0.000003,-0.000027,0.000479,0.415186,-0.016351,0.482183,0.415185,-0.016351,0.482182,0.000000,-0.004092
10.768000,0.115542,-0.358717,0.672139,-0.159970,0.111880,-0.302922,0.302922,3.000000,0.195211,0.000000,0.000000,-0.000447,-0.001247,-0.000388,0.415184,-0.016355,0.482180,0.415185,-0.016351,0.482182,0.000000,0.003324
10.779000,0.068529,-0.388234,0.693195,-0.206983,0.082362,-0.281867,0.281867,3.000000,0.222768,0.000000,0.000000,0.000484,0.000545,0.000218,0.415186,-0.016351,0.482183,0.415185,-0.016351,0.482182,0.000000,-0.001878
10.790000,0.076902,-0.378780,0.678161,-0.198610,0.091817,-0.296901,0.296901,3.000000,0.218806,0.000000,0.000000,0.000131,-0.000183,-0.000598,0.415185,-0.016351,0.482180,0.415185,-0.016351,0.482182,0.000000,0.005110
10.801000,0.119855,-0.375559,0.650255,-0.155657,0.095038,-0.324806,0.324806,3.000000,0.182377,0.000000,0.000000,0.000423,0.000039,0.000914,0.415185,-0.016351,0.482182,0.415185,-0.016351,0.482182,0.000000,-0.007770
10.812000,0.091850,-0.408930,0.640125,-0.183662,0.061667,-0.334937,0.334937,3.000000,0.193739,0.000000,0.000000,0.000198,0.000000,0.000222,0.415185,-0.016352,0.482180,0.415185,-0.016351,0.482182,0.000000,-0.001850
10.823000,0.080699,-0.372725,0.660535,-0.194813,0.097871,-0.314527,0.314527,3.000000,0.218016,0.000000,0.000000,-0.000024,-0.000404,0.000037,0.415185,-0.016354,0.482182,0.415185,-0.016351,0.482182,0.000000,-0.000313
10.834000,0.117753,-0.372932,0.678177,-0.157759,0.097664,-0.296885,0.296885,3.000000,0.185543,0.000000,0.000000,0.000182,0.000374,-0.000351,0.415185,-0.016352,0.482181,0.415185,-0.016351,0.482182,0.000000,0.002991
10.845000,0.154771,-0.410787,0.655664,-0.120741,0.059809,-0.319398,0.319398,3.000000,0.134742,0.000000,0.000000,0.000039,0.000342,-0.000092,0.415184,-0.016350,0.482181,0.415185,-0.016351,0.482182,0.000000,0.000801
10.856000,0.106949,-0.371415,0.677554,-0.168563,0.099181,-0.297507,0.297507,3.000000,0.195577,0.000000,0.000000,0.000289,-0.000787,0.000440,0.415186,-0.016353,0.482182,0.415185,-0.016351,0.482182,0.000000,-0.003747
10.867000,0.098564,-0.392328,0.692067,-0.176948,0.078269,-0.282995,0.282995,3.000000,0.193485,0.000000,0.000000,-0.000171,-0.000533,-0.000245,0.415185,-0.016352,0.482180,0.415185,-0.016351,0.482182,0.000000,0.002108
10.878000,0.135125,-0.386685,0.687358,-0.140387,0.083911,-0.287704,0.287704,3.000000,0.163553,0.000000,0.000000,-0.000525,0.000653,-0.000010,0.415183,-0.016351,0.482182,0.415185,-0.016351,0.482182,0.000000,0.000088
10.889000,0.154506,-0.372566,0.666687,-0.121006,0.098031,-0.308375,0.308375,3.000000,0.155732,0.000000,0.000000,0.000237,0.000147,-0.000335,0.415185,-0.016352,0.482181,0.415185,-0.016351,0.482182,0.000000,0.002856
10.900000,0.117802,-0.416850,0.699453,-0.157710,0.053747,-0.275608,0.275608,3.000000,0.166617,0.000000,0.000000,-0.000305,0.000049,-0.000362,0.415184,-0.016351,0.482182,0.415185,-0.016351,0.482182,0.000000,0.003063
10.911000,0.066391,-0.441334,0.715627,-0.209121,0.029263,-0.259435,0.259435,3.000000,0.211158,0.000000,0.000000,-0.000283,0.000142,-0.000277,0.415184,-0.016354,0.482181,0.415185,-0.016351,0.482182,0.000000,0.002358
10.922000,0.106858,-0.378429,0.658802,-0.168654,0.092167,-0.316260,0.316260,3.000000,0.192195,0.000000,0.000000,0.000225,-0.000724,-0.000351,0.415185,-0.016353,0.482181,0.415185,-0.016351,0.482182,0.000000,0.002993
10.933000,0.054407,-0.376592,0.671661,-0.221105,0.094005,-0.303401,0.303401,3.000000,0.240259,0.000000,0.000000,-0.000189,0.001210,-0.000936,0.415184,-0.016349,0.482180,0.415185,-0.016351,0.482182,0.000000,0.007979
10.944000,0.074407,-0.351306,0.672452,-0.201106,0.119290,-0.302610,0.302610,3.000000,0.233824,0.000000,0.000000,-0.000120,-0.000222,-0.000455,0.415184,-0.016352,0.482180,0.415185,-0.016351,0.482182,0.000000,0.003888
10.955000,0.107739,-0.363334,0.650386,-0.167773,0.107262,-0.324676,0.324676,3.000000,0.199131,0.000000,0.000000,-0.000163,-0.000719,-0.000149,0.415184,-0.016352,0.482182,0.415185,-0.016351,0.482182,0.000000,0.001257
10.966000,0.091671,-0.346027,0.688523,-0.183841,0.124570,-0.286538,0.286538,3.000000,0.222070,0.000000,0.000000,-0.000304,0.000407,-0.000361,0.415185,-0.016350,0.482179,0.415185,-0.016351,0.482182,0.000000,0.003106
10.977000,0.133171,-0.375538,0.656947,-0.142341,0.095059,-0.318115,0.318115,3.000000,0.171164,0.000000,0.000000,-0.000028,-0.000438,-0.000233,0.415184,-0.016354,0.482180,0.415185,-0.016351,0.482182,0.000000,0.002002
10.988000,0.120340,-0.397859,0.633898,-0.155172,0.072738,-0.341163,0.341163,3.000000,0.171374,0.000000,0.000000,0.000208,-0.000132,-0.000229,0.415185,-0.016352,0.482181,0.415185,-0.016351,0.482182,0.000000,0.001961
10.999000,0.128010,-0.392877,0.665447,-0.147502,0.077719,-0.309615,0.309615,3.000000,0.166725,0.000000,0.000000,0.000146,0.000672,0.000093,0.415185,-0.016351,0.482181,0.415185,-0.016351,0.482182,0.000000,-0.000780
11.010000,0.175823,-0.400338,0.654926,-0.099690,0.070259,-0.320135,0.320135,3.000000,0.121960,0.000000,0.000000,-0.000016,0.000432,0.000494,0.415185,-0.016351,0.482182,0.415185,-0.016351,0.482182,0.000000,-0.004194
11.021000,0.163423,-0.361560,0.662418,-0.112089,0.109037,-0.312644,0.312644,3.000000,0.156374,0.000000,0.000000,0.000451,0.000011,-0.000661,0.415185,-0.016352,0.482181,0.415185,-0.016351,0.482182,0.000000,0.005621
11.032000,0.102516,-0.350687,0.675632,-0.172996,0.119909,-0.299430,0.299430,3.000000,0.210490,0.000000,0.000000,-0.000499,-0.000494,0.000166,0.415184,-0.016353,0.482182,0.415185,-0.016351,0.482182,0.000000,-0.001409
11.043000,0.112213,-0.361778,0.707196,-0.163299,0.108819,-0.267865,0.267865,3.000000,0.196235,0.000000,0.000000,0.000041,-0.000712,-0.000271,0.415185,-0.016353,0.482181,0.415185,-0.016351,0.482182,0.000000,0.002313
11.054000,0.100816,-0.365737,0.692322,-0.174696,0.104860,-0.282739,0.282739,3.000000,0.203751,0.000000,0.000000,0.000093,0.000739,-0.001388,0.415185,-0.016351,0.482179,0.415185,-0.016351,0.482182,0.000000,0.011836
11.065000,0.109303,-0.413631,0.666445,-0.166210,0.056966,-0.308617,0.308617,3.000000,0.175701,0.000000,0.000000,0.000492,-0.000311,-0.000014,0.415186,-0.016353,0.482180,0.415185,-0.016351,0.482182,0.000000,0.000144
11.076000,0.162661,-0.366010,0.678695,-0.112851,0.104586,-0.296367,0.296367,3.000000,0.153862,0.000000,0.000000,-0.000297,-0.000456,0.000626,0.415184,-0.016352,0.482183,0.415185,-0.016351,0.482182,0.000000,-0.005329
11.087000,0.138150,-0.365476,0.680229,-0.137362,0.105121,-0.294833,0.294833,3.000000,0.172970,0.000000,0.000000,0.000092,-0.000397,0.000243,0.415184,-0.016352,0.482181,0.415185,-0.016351,0.482182,0.000000,-0.002050
11.098000,0.120921,-0.421186,0.675184,-0.154591,0.049411,-0.299877,0.299877,3.000000,0.162296,0.000000,0.000000,0.000158,0.000276,0.000136,0.415185,-0.016352,0.482183,0.415185,-0.016351,0.482182,0.000000,-0.001180
11.109000,0.075662,-0.362678,0.706015,-0.199850,0.107919,-0.269047,0.269047,3.000000,0.227126,0.000000,0.000000,0.000140,0.000279,0.000391,0.415185,-0.016351,0.482182,0.415185,-0.016351,0.482182,0.000000,-0.003323
11.120000,0.069110,-0.370950,0.681279,-0.206403,0.099647,-0.293783,0.293783,3.000000,0.229198,0.000000,0.000000,-0.000338,0.000086,-0.000074,0.415183,-0.016351,0.482180,0.415185,-0.016351,0.482182,0.000000,0.000648
11.131000,0.101793,-0.396901,0.639246,-0.173719,0.073695,-0.335816,0.335816,3.000000,0.188704,0.000000,0.000000,0.000014,0.000339,-0.000135,0.415185,-0.016350,0.482181,0.415185,-0.016351,0.482182,0.000000,0.001161
11.142000,0.090198,-0.405420,0.681522,-0.185314,0.065177,-0.293539,0.293539,3.000000,0.196442,0.000000,0.000000,-0.000217,0.000569,0.000756,0.415185,-0.016350,0.482183,0.415185,-0.016351,0.482182,0.000000,-0.006434
11.153000,0.126108,-0.372688,0.665484,-0.149404,0.097909,-0.309577,0.309577,3.000000,0.178627,0.000000,0.000000,0.000019,-0.000314,-0.000674,0.415184,-0.016352,0.482180,0.415185,-0.016351,0.482182,0.000000,0.005757
11.164000,0.096243,-0.416179,0.693425,-0.179269,0.054418,-0.281637,0.281637,3.000000,0.187346,0.000000,0.000000,-0.000230,0.000321,-0.000622,0.415184,-0.016350,0.482182,0.415185,-0.016351,0.482182,0.000000,0.005277
11.175000,0.086631,-0.399113,0.708580,-0.188881,0.071484,-0.266482,0.266482,3.000000,0.201955,0.000000,0.000000,0.000185,-0.000069,0.000508,0.415185,-0.016353,0.482182,0.415185,-0.016351,0.482182,0.000000,-0.004306
11.186000,0.128914,-0.391645,0.648302,-0.146598,0.078952,-0.326759,0.326759,3.000000,0.166506,0.000000,0.000000,0.000185,-0.000140,0.001295,0.415184,-0.016352,0.482184,0.415185,-0.016351,0.482182,0.000000,-0.011037
11.197000,0.147039,-0.352842,0.642342,-0.128473,0.117755,-0.332719,0.332719,3.000000,0.174274,0.000000,0.000000,-0.000545,0.000786,-0.000668,0.415184,-0.016350,0.482181,0.415185,-0.016351,0.482182,0.000000,0.005684
11.208000,0.113435,-0.380335,0.687325,-0.162077,0.090262,-0.287737,0.287737,3.000000,0.185516,0.000000,0.000000,-0.000461,-0.001051,0.000177,0.415183,-0.016353,0.482181,0.415185,-0.016351,0.482182,0.000000,-0.001480
11.219000,0.139126,-0.361445,0.661819,-0.136386,0.109151,-0.313243,0.313243,3.000000,0.174686,0.000000,0.000000,-0.000239,-0.000440,-0.000092,0.415184,-0.016353,0.482180,0.415185,-0.016351,0.482182,0.000000,0.000815
11.230000,0.155738,-0.400166,0.637934,-0.119775,0.070431,-0.337128,0.337128,3.000000,0.138948,0.000000,0.000000,0.000339,0.000250,0.000390,0.415185,-0.016351,0.482182,0.415185,-0.016351,0.482182,0.000000,-0.003313
11.241000,0.142491,-0.416843,0.665699,-0.133021,0.053754,-0.309362,0.309362,3.000000,0.143471,0.000000,0.000000,-0.000264,0.000128,-0.000104,0.415184,-0.016352,0.482181,0.415185,-0.016351,0.482182,0.000000,0.000906
11.252000,0.067988,-0.369444,0.693742,-0.207524,0.101152,-0.281320,0.281320,3.000000,0.230863,0.000000,0.000000,0.000012,0.001025,-0.000095,0.415185,-0.016349,0.482182,0.415185,-0.016351,0.482182,0.000000,0.000811
11.263000,0.065396,-0.405635,0.723102,-0.210116,0.064961,-0.251960,0.251960,3.000000,0.219929,0.000000,0.000000,0.000095,0.000843,-0.000777,0.415185,-0.016352,0.482180,0.415185,-0.016351,0.482182,0.000000,0.006618
11.274000,0.103028,-0.383335,0.679822,-0.172484,0.087262,-0.295240,0.295240,3.000000,0.193301,0.000000,0.000000,0.000277,0.000593,-0.000264,0.415185,-0.016350,0.482181,0.415185,-0.016351,0.482182,0.000000,0.002258
11.285000,0.098645,-0.357872,0.697566,-0.176867,0.112725,-0.277496,0.277496,3.000000,0.209736,0.000000,0.000000,-0.000413,0.000404,-0.000702,0.415183,-0.016351,0.482181,0.415185,-0.016351,0.482182,0.000000,0.005981
11.296000,0.106027,-0.364982,0.710631,-0.169485,0.105614,-0.264431,0.264431,3.000000,0.199699,0.000000,0.000000,-0.000239,-0.000562,-0.000696,0.415185,-0.016353,0.482180,0.415185,-0.016351,0.482182,0.000000,0.005938
11.307000,0.164388,-0.429866,0.680478,-0.111124,0.040731,-0.294584,0.294584,3.000000,0.118353,0.000000,0.000000,-0.000335,0.001255,-0.001042,0.415184,-0.016351,0.482178,0.415185,-0.016351,0.482182,0.000000,0.008904
11.318000,0.144481,-0.418023,0.682764,-0.131032,0.052574,-0.292297,0.292297,3.000000,0.141185,0.000000,0.000000,-0.000305,-0.000155,-0.000156,0.415184,-0.016353,0.482179,0.415185,-0.016351,0.482182,0.000000,0.001367
11.329000,0.169070,-0.352283,0.662096,-0.106442,0.118313,-0.312966,0.312966,3.000000,0.159148,0.000000,0.000000,-0.000189,0.000097,0.001045,0.415184,-0.016352,0.482184,0.415185,-0.016351,0.482182,0.000000,-0.008906
11.340000,0.152943,-0.370858,0.699005,-0.122569,0.099738,-0.276057,0.276057,3.000000,0.158022,0.000000,0.000000,-0.000130,0.000481,-0.000367,0.415184,-0.016352,0.482179,0.415185,-0.016351,0.482182,0.000000,0.003163
11.351000,0.074967,-0.404791,0.731303,-0.200545,0.065806,-0.243758,0.243758,3.000000,0.211066,0.000000,0.000000,-0.000103,-0.000081,-0.000135,0.415184,-0.016353,0.482181,0.415185,-0.016351,0.482182,0.000000,0.001156
11.362000,0.095265,-0.397375,0.692648,-0.180247,0.073222,-0.282414,0.282414,3.000000,0.194552,0.000000,0.000000,-0.000112,0.000739,0.000307,0.415184,-0.016350,0.482182,0.415185,-0.016351,0.482182,0.000000,-0.002612
11.373000,0.136780,-0.404461,0.675289,-0.138732,0.066136,-0.299773,0.299773,3.000000,0.153690,0.000000,0.000000,0.000024,-0.000094,-0.000063,0.415185,-0.016354,0.482180,0.415185,-0.016351,0.482182,0.000000,0.000560
11.384000,0.149878,-0.378593,0.653872,-0.125634,0.092004,-0.321190,0.321190,3.000000,0.155719,0.000000,0.000000,-0.000440,-0.000674,-0.001257,0.415184,-0.016353,0.482178,0.415185,-0.016351,0.482182,0.000000,0.010734
11.395000,0.065716,-0.358327,0.725509,-0.209796,0.112269,-0.249552,0.249552,3.000000,0.237947,0.000000,0.000000,0.000012,0.000685,0.000396,0.415184,-0.016351,0.482183,0.415185,-0.016351,0.482182,0.000000,-0.003389
11.406000,0.116550,-0.430394,0.701253,-0.158962,0.040203,-0.273808,0.273808,3.000000,0.163967,0.000000,0.000000,-0.000061,-0.000471,-0.000077,0.415185,-0.016353,0.482180,0.415185,-0.016351,0.482182,0.000000,0.000679
11.417000,0.096808,-0.381599,0.691035,-0.178705,0.088998,-0.284027,0.284027,3.000000,0.199639,0.000000,0.000000,-0.000466,-0.000453,0.000700,0.415184,-0.016353,0.482184,0.415185,-0.016351,0.482182,0.000000,-0.005980
11.428000,0.091029,-0.357512,0.688116,-0.184483,0.113084,-0.286945,0.286945,3.000000,0.216384,0.000000,0.000000,-0.000096,0.000144,0.000746,0.415184,-0.016351,0.482183,0.415185,-0.016351,0.482182,0.000000,-0.006356
11.439000,0.086840,-0.351247,0.684353,-0.188672,0.119350,-0.290709,0.290709,3.000000,0.223252,0.000000,0.000000,0.000158,-0.000427,-0.000628,0.415185,-0.016350,0.482180,0.415185,-0.016351,0.482182,0.000000,0.005359
11.450000,0.098054,-0.417453,0.668496,-0.177458,0.053144,-0.306566,0.306566,3.000000,0.185245,0.000000,0.000000,-0.000135,0.000893,-0.000612,0.415185,-0.016351,0.482179,0.415185,-0.016351,0.482182,0.000000,0.005241
11.461000,0.111501,-0.402427,0.643566,-0.164011,0.068169,-0.331495,0.331495,3.000000,0.177614,0.000000,0.000000,0.000220,-0.000772,0.001844,0.415185,-0.016355,0.482186,0.415185,-0.016351,0.482182,0.000000,-0.015713
11.472000,0.053075,-0.331274,0.680662,-0.222437,0.139322,-0.294399,0.294399,3.000000,0.262467,0.000000,0.000000,-0.000287,-0.000253,-0.001000,0.415184,-0.016353,0.482179,0.415185,-0.016351,0.482182,0.000000,0.008527
11.483000,0.095359,-0.340073,0.668696,-0.180153,0.130523,-0.306366,0.306366,3.000000,0.222467,0.000000,0.000000,-0.000795,0.001081,-0.000297,0.415183,-0.016349,0.482182,0.415185,-0.016351,0.482182,0.000000,0.002524
11.494000,0.144817,-0.347360,0.666271,-0.130695,0.123236,-0.308791,0.308791,3.000000,0.179634,0.000000,0.000000,-0.000064,0.000132,0.000061,0.415185,-0.016352,0.482182,0.415185,-0.016351,0.482182,0.000000,-0.000517
11.505000,0.061050,-0.356855,0.689999,-0.214462,0.113741,-0.285063,0.285063,3.000000,0.242758,0.000000,0.000000,0.000080,-0.001149,-0.001109,0.415185,-0.016354,0.482179,0.415185,-0.016351,0.482182,0.000000,0.009454
11.516000,0.124134,-0.329146,0.682725,-0.151378,0.141451,-0.292336,0.292336,3.000000,0.207180,0.000000,0.000000,-0.000017,-0.000399,0.000092,0.415185,-0.016353,0.482181,0.415185,-0.016351,0.482182,0.000000,-0.000757
11.527000,0.134061,-0.339251,0.642926,-0.141451,0.131346,-0.332135,0.332135,3.000000,0.193029,0.000000,0.000000,-0.000271,-0.000271,0.000670,0.415184,-0.016351,0.482183,0.415185,-0.016351,0.482182,0.000000,-0.005702
11.538000,0.090998,-0.368414,0.676763,-0.184515,0.102183,-0.298299,0.298299,3.000000,0.210919,0.000000,0.000000,0.000041,0.000601,0.000350,0.415185,-0.016351,0.482183,0.415185,-0.016351,0.482182,0.000000,-0.002981
11.549000,0.100175,-0.406607,0.674890,-0.175338,0.063989,-0.300172,0.300172,3.000000,0.186649,0.000000,0.000000,0.000160,-0.000599,0.000617,0.415184,-0.016352,0.482181,0.415185,-0.016351,0.482182,0.000000,-0.005225
11.560000,0.108235,-0.342361,0.673723,-0.167277,0.128236,-0.301339,0.301339,3.000000,0.210775,0.000000,0.000000,-0.000022,0.000134,0.001350,0.415184,-0.016351,0.482184,0.415185,-0.016351,0.482182,0.000000,-0.011490
11.571000,0.138234,-0.394569,0.663070,-0.137278,0.076028,-0.311992,0.311992,3.000000,0.156925,0.000000,0.000000,-0.000731,-0.000485,-0.001459,0.415183,-0.016352,0.482179,0.415185,-0.016351,0.482182,0.000000,0.012425
11.582000,0.094973,-0.390939,0.697130,-0.180539,0.079657,-0.277931,0.277931,3.000000,0.197332,0.000000,0.000000,0.000055,0.000067,-0.000396,0.415185,-0.016352,0.482181,0.415185,-0.016351,0.482182,0.000000,0.003377
11.593000,0.115340,-0.346840,0.663454,-0.160172,0.123756,-0.311608,0.311608,3.000000,0.202412,0.000000,0.000000,0.000203,-0.000429,-0.000040,0.415184,-0.016352,0.482180,0.415185,-0.016351,0.482182,0.000000,0.000373
11.604000,0.126132,-0.367521,0.666768,-0.149380,0.103075,-0.308293,0.308293,3.000000,0.181491,0.000000,0.000000,0.000269,-0.000098,-0.000787,0.415186,-0.016353,0.482179,0.415185,-0.016351,0.482182,0.000000,0.006720
11.615000,0.142219,-0.368269,0.658495,-0.133293,0.102328,-0.316566,0.316566,3.000000,0.168041,0.000000,0.000000,-0.000452,0.000882,-0.000413,0.415184,-0.016349,0.482179,0.415185,-0.016351,0.482182,0.000000,0.003551
11.626000,0.099251,-0.384718,0.711927,-0.176262,0.085879,-0.263134,0.263134,3.000000,0.196070,0.000000,0.000000,0.000090,-0.000234,-0.000283,0.415185,-0.016352,0.482181,0.415185,-0.016351,0.482182,0.000000,0.002415
11.637000,0.089661,-0.380197,0.717465,-0.185851,0.090400,-0.257597,0.257597,3.000000,0.206671,0.000000,0.000000,0.000344,0.000128,-0.000174,0.415185,-0.016351,0.482181,0.415185,-0.016351,0.482182,0.000000,0.001494
11.648000,0.091311,-0.410433,0.708983,-0.184201,0.060163,-0.266079,0.266079,3.000000,0.193777,0.000000,0.000000,0.000150,-0.000315,0.000021,0.415185,-0.016353,0.482181,0.415185,-0.016351,0.482182,0.000000,-0.000156
11.659000,0.101990,-0.390634,0.702825,-0.173523,0.079962,-0.272237,0.272237,3.000000,0.191060,0.000000,0.000000,-0.000313,0.000403,0.000916,0.415184,-0.016351,0.482183,0.415185,-0.016351,0.482182,0.000000,-0.007799
11.670000,0.144200,-0.368187,0.663967,-0.131312,0.102410,-0.311095,0.311095,3.000000,0.166525,0.000000,0.000000,0.000060,-0.000275,-0.000018,0.415184,-0.016353,0.482180,0.415185,-0.016351,0.482182,0.000000,0.000185
11.681000,0.132210,-0.386943,0.680969,-0.143302,0.083654,-0.294092,0.294092,3.000000,0.165932,0.000000,0.000000,0.000284,0.000460,0.000070,0.415185,-0.016350,0.482179,0.415185,-0.016351,0.482182,0.000000,-0.000545
11.692000,0.152495,-0.416096,0.679665,-0.123017,0.054500,-0.295396,0.295396,3.000000,0.134549,0.000000,0.000000,-0.000292,0.000740,-0.000032,0.415184,-0.016350,0.482179,0.415185,-0.016351,0.482182,0.000000,0.000322
11.703000,0.143803,-0.395740,0.694686,-0.131709,0.074857,-0.280376,0.280376,3.000000,0.151496,0.000000,0.000000,-0.000055,0.000120,0.000470,0.415185,-0.016352,0.482183,0.415185,-0.016351,0.482182,0.000000,-0.004011
11.714000,0.141735,-0.403540,0.668997,-0.133777,0.067056,-0.306064,0.306064,3.000000,0.149642,0.000000,0.000000,0.000074,0.000711,-0.000138,0.415185,-0.016351,0.482182,0.415185,-0.016351,0.482182,0.000000,0.001171
11.725000,0.094292,-0.425833,0.699160,-0.181221,0.044763,-0.275902,0.275902,3.000000,0.186667,0.000000,0.000000,0.000435,0.000237,0.000334,0.415185,-0.016350,0.482181,0.415185,-0.016351,0.482182,0.000000,-0.002824
11.736000,0.099557,-0.391514,0.684578,-0.175955,0.079083,-0.290484,0.290484,3.000000,0.192910,0.000000,0.000000,0.000451,0.000202,0.000022,0.415185,-0.016352,0.482179,0.415185,-0.016351,0.482182,0.000000,-0.000143
11.747000,0.101156,-0.396704,0.683524,-0.174356,0.073892,-0.291538,0.291538,3.000000,0.189368,0.000000,0.000000,0.000062,-0.000562,-0.000116,0.415184,-0.016353,0.482181,0.415185,-0.016351,0.482182,0.000000,0.001004
11.758000,0.034875,-0.362406,0.691996,-0.240637,0.108191,-0.283065,0.283065,3.000000,0.263840,0.000000,0.000000,0.000709,-0.000785,0.000060,0.415186,-0.016354,0.482181,0.415185,-0.016351,0.482182,0.000000,-0.000500
11.769000,0.032804,-0.379797,0.699665,-0.242708,0.090800,-0.275397,0.275397,3.000000,0.259137,0.000000,0.000000,-0.000016,0.000515,0.000334,0.415185,-0.016351,0.482183,0.415185,-0.016351,0.482182,0.000000,-0.002861
11.780000,0.094608,-0.377496,0.686192,-0.180904,0.093100,-0.288869,0.288869,3.000000,0.203455,0.000000,0.000000,-0.000110,-0.000343,-0.000141,0.415184,-0.016351,0.482181,0.415185,-0.016351,0.482182,0.000000,0.001211
11.791000,0.124128,-0.315627,0.678014,-0.151384,0.154970,-0.297048,0.297048,3.000000,0.216640,0.000000,0.000000,-0.000345,-0.000288,0.000976,0.415184,-0.016352,0.482183,0.415185,-0.016351,0.482182,0.000000,-0.008308
11.802000,0.174125,-0.340955,0.647638,-0.101388,0.129642,-0.327424,0.327424,3.000000,0.164579,0.000000,0.000000,0.000042,0.000328,0.000507,0.415185,-0.016351,0.482182,0.415185,-0.016351,0.482182,0.000000,-0.004310
11.813000,0.114815,-0.379414,0.666878,-0.160697,0.091183,-0.308183,0.308183,3.000000,0.184764,0.000000,0.000000,-0.000111,0.000347,-0.000222,0.415184,-0.016352,0.482180,0.415185,-0.016351,0.482182,0.000000,0.001916
11.824000,0.092390,-0.407867,0.674973,-0.183123,0.062729,-0.300088,0.300088,3.000000,0.193569,0.000000,0.000000,-0.000472,-0.000558,-0.000580,0.415183,-0.016355,0.482180,0.415185,-0.016351,0.482182,0.000000,0.004955
11.835000,0.099762,-0.354110,0.679968,-0.175750,0.116486,-0.295094,0.295094,3.000000,0.210849,0.000000,0.000000,0.000363,0.000105,0.000303,0.415185,-0.016353,0.482183,0.415185,-0.016351,0.482182,0.000000,-0.002589
11.846000,0.112018,-0.355600,0.668934,-0.163494,0.114996,-0.306128,0.306128,3.000000,0.199886,0.000000,0.000000,0.000716,0.000394,-0.000105,0.415186,-0.016352,0.482182,0.415185,-0.016351,0.482182,0.000000,0.000887
11.857000,0.077860,-0.351019,0.689146,-0.197652,0.119578,-0.285916,0.285916,3.000000,0.231009,0.000000,0.000000,0.000533,0.000061,0.000650,0.415186,-0.016351,0.482183,0.415185,-0.016351,0.482182,0.000000,-0.005538
11.868000,0.167501,-0.367982,0.677592,-0.108011,0.102615,-0.297469,0.297469,3.000000,0.148984,0.000000,0.000000,0.000488,0.000680,-0.000577,0.415184,-0.016351,0.482179,0.415185,-0.016351,0.482182,0.000000,0.004939
11.879000,0.110617,-0.377057,0.687423,-0.164895,0.093540,-0.287639,0.287639,3.000000,0.189578,0.000000,0.000000,0.000100,0.000364,0.000256,0.415185,-0.016352,0.482183,0.415185,-0.016351,0.482182,0.000000,-0.002184
11.890000,0.147842,-0.384157,0.681926,-0.127670,0.086439,-0.293136,0.293136,3.000000,0.154180,0.000000,0.000000,-0.000197,-0.000030,-0.000175,0.415184,-0.016352,0.482180,0.415185,-0.016351,0.482182,0.000000,0.001514
11.901000,0.137448,-0.411998,0.690063,-0.138064,0.058599,-0.284999,0.284999,3.000000,0.149985,0.000000,0.000000,-0.000347,0.000481,-0.000471,0.415183,-0.016350,0.482180,0.415185,-0.016351,0.482182,0.000000,0.004035
11.912000,0.076506,-0.386817,0.705417,-0.199006,0.083780,-0.269644,0.269644,3.000000,0.215922,0.000000,0.000000,-0.000030,0.000265,-0.001070,0.415185,-0.016352,0.482180,0.415185,-0.016351,0.482182,0.000000,0.009106
11.923000,0.099882,-0.416175,0.707948,-0.175630,0.054422,-0.267113,0.267113,3.000000,0.183868,0.000000,0.000000,-0.000269,0.000758,0.000350,0.415183,-0.016351,0.482182,0.415185,-0.016351,0.482182,0.000000,-0.002982
11.934000,0.146166,-0.373386,0.681514,-0.129346,0.097211,-0.293548,0.293548,3.000000,0.161804,0.000000,0.000000,0.000488,0.000591,-0.000514,0.415186,-0.016352,0.482181,0.415185,-0.016351,0.482182,0.000000,0.004373
11.945000,0.115715,-0.344843,0.693589,-0.159798,0.125753,-0.281472,0.281472,3.000000,0.203345,0.000000,0.000000,0.000007,0.000370,0.000423,0.415185,-0.016350,0.482183,0.415185,-0.016351,0.482182,0.000000,-0.003603
11.956000,0.183094,-0.334717,0.684522,-0.092418,0.135880,-0.290539,0.290539,3.000000,0.164330,0.000000,0.000000,0.000357,-0.001000,0.000239,0.415186,-0.016354,0.482181,0.415185,-0.016351,0.482182,0.000000,-0.002025
11.967000,0.193539,-0.389601,0.686425,-0.081973,0.080995,-0.288637,0.288637,3.000000,0.115238,0.000000,0.000000,-0.000285,0.000207,0.000008,0.415184,-0.016351,0.482183,0.415185,-0.016351,0.482182,0.000000,-0.000085
11.978000,0.166278,-0.376433,0.691976,-0.109234,0.094163,-0.283085,0.283085,3.000000,0.144218,0.000000,0.000000,-0.000148,0.000161,0.000050,0.415184,-0.016352,0.482183,0.415185,-0.016351,0.482182,0.000000,-0.000454
11.989000,0.162542,-0.382980,0.664183,-0.112970,0.087617,-0.310879,0.310879,3.000000,0.142964,0.000000,0.000000,-0.000299,-0.000278,0.000268,0.415184,-0.016353,0.482182,0.415185,-0.016351,0.482182,0.000000,-0.002275
12.000000,0.163323,-0.354599,0.656714,-0.112189,0.115997,-0.318348,0.318348,3.000000,0.161374,0.000000,0.000000,-0.000201,-0.000570,0.000969,0.415183,-0.016353,0.482184,0.415185,-0.016351,0.482182,0.000000,-0.008257
12.011000,0.073829,-0.347533,0.707639,-0.201683,0.123064,-0.267422,0.267422,3.000000,0.236264,0.000000,0.000000,-0.000306,-0.000352,-0.000862,0.415184,-0.016353,0.482180,0.415185,-0.016351,0.482182,0.000000,0.007354
12.022000,0.067427,-0.367932,0.718156,-0.208085,0.102665,-0.256905,0.256905,3.000000,0.232033,0.000000,0.000000,0.000161,0.000434,-0.001024,0.415185,-0.016352,0.482179,0.415185,-0.016351,0.482182,0.000000,0.008741
12.033000,0.126335,-0.356329,0.651417,-0.149177,0.114268,-0.323644,0.323644,3.000000,0.187913,0.000000,0.000000,0.000282,-0.000737,0.000527,0.415185,-0.016354,0.482182,0.415185,-0.016351,0.482182,0.000000,-0.004464
12.044000,0.112427,-0.392924,0.651985,-0.163085,0.077672,-0.323077,0.323077,3.000000,0.180637,0.000000,0.000000,-0.000447,-0.000142,0.001260,0.415183,-0.016353,0.482183,0.415185,-0.016351,0.482182,0.000000,-0.010711
12.055000,0.112975,-0.404273,0.654002,-0.162537,0.066323,-0.321060,0.321060,3.000000,0.175548,0.000000,0.000000,-0.000141,-0.000803,0.000657,0.415184,-0.016353,0.482182,0.415185,-0.016351,0.482182,0.000000,-0.005584
12.066000,0.123613,-0.382034,0.658764,-0.151899,0.088563,-0.316297,0.316297,3.000000,0.175832,0.000000,0.000000,0.000322,0.000013,-0.001018,0.415184,-0.016352,0.482180,0.415185,-0.016351,0.482182,0.000000,0.008670
12.077000,0.105215,-0.350863,0.671793,-0.170297,0.119734,-0.303268,0.303268,3.000000,0.208176,0.000000,0.000000,0.000449,-0.001015,0.001078,0.415185,-0.016353,0.482185,0.415185,-0.016351,0.482182,0.000000,-0.009200
12.088000,0.133313,-0.324147,0.648082,-0.142199,0.146450,-0.326980,0.326980,3.000000,0.204128,0.000000,0.000000,0.000013,-0.000627,-0.000243,0.415185,-0.016353,0.482181,0.415185,-0.016351,0.482182,0.000000,0.002072
12.099000,0.109259,-0.361563,0.712078,-0.166253,0.109034,-0.262984,0.262984,3.000000,0.198818,0.000000,0.000000,-0.000177,-0.001088,-0.000100,0.415184,-0.016353,0.482181,0.415185,-0.016351,0.482182,0.000000,0.000851
12.110000,0.071363,-0.325435,0.704494,-0.204149,0.145161,-0.270568,0.270568,3.000000,0.250497,0.000000,0.000000,0.000128,0.000193,0.000001,0.415184,-0.016350,0.482181,0.415185,-0.016351,0.482182,0.000000,0.000004
12.121000,0.135366,-0.403885,0.680587,-0.140147,0.066711,-0.294475,0.294475,3.000000,0.155214,0.000000,0.000000,-0.000086,0.000687,-0.000360,0.415184,-0.016350,0.482181,0.415185,-0.016351,0.482182,0.000000,0.003080
12.132000,0.180621,-0.426933,0.647419,-0.094891,0.043663,-0.327643,0.327643,3.000000,0.104454,0.000000,0.000000,-0.000324,-0.000755,0.000257,0.415184,-0.016353,0.482182,0.415185,-0.016351,0.482182,0.000000,-0.002179
12.143000,0.116088,-0.415722,0.692631,-0.159424,0.054874,-0.282430,0.282430,3.000000,0.168604,0.000000,0.000000,-0.000200,-0.000128,0.000153,0.415184,-0.016353,0.482182,0.415185,-0.016351,0.482182,0.000000,-0.001300
12.154000,0.117640,-0.329859,0.666954,-0.157872,0.140738,-0.308107,0.308107,3.000000,0.211496,0.000000,0.000000,0.000026,-0.000226,-0.000601,0.415185,-0.016351,0.482181,0.415185,-0.016351,0.482182,0.000000,0.005112
12.165000,0.124289,-0.381221,0.678624,-0.151224,0.089376,-0.296438,0.296438,3.000000,0.175661,0.000000,0.000000,-0.000146,-0.000946,0.001008,0.415185,-0.016355,0.482185,0.415185,-0.016351,0.482182,0.000000,-0.008601
12.176000,0.137725,-0.373807,0.661004,-0.137788,0.096790,-0.314058,0.314058,3.000000,0.168386,0.000000,0.000000,-0.000004,-0.000347,-0.000474,0.415184,-0.016352,0.482181,0.415185,-0.016351,0.482182,0.000000,0.004038
12.187000,0.105334,-0.345220,0.667119,-0.170179,0.125376,-0.307943,0.307943,3.000000,0.211376,0.000000,0.000000,0.000185,-0.000822,0.000718,0.415185,-0.016354,0.482183,0.415185,-0.016351,0.482182,0.000000,-0.006105
12.198000,0.075529,-0.361525,0.678858,-0.199984,0.109072,-0.296203,0.296203,3.000000,0.227794,0.000000,0.000000,0.000212,0.000899,0.000353,0.415185,-0.016349,0.482182,0.415185,-0.016351,0.482182,0.000000,-0.003000
12.209000,0.081987,-0.412543,0.683041,-0.193525,0.058054,-0.292021,0.292021,3.000000,0.202045,0.000000,0.000000,0.000164,0.000327,-0.000203,0.415185,-0.016350,0.482180,0.415185,-0.016351,0.482182,0.000000,0.001748
12.220000,0.081374,-0.384443,0.667268,-0.194139,0.086154,-0.307793,0.307793,3.000000,0.212396,0.000000,0.000000,-0.000145,-0.000395,-0.000776,0.415185,-0.016350,0.482180,0.415185,-0.016351,0.482182,0.000000,0.006615
12.231000,0.116413,-0.367459,0.662665,-0.159099,0.103138,-0.312397,0.312397,3.000000,0.189605,0.000000,0.000000,0.000095,-0.000460,0.000403,0.415185,-0.016353,0.482182,0.415185,-0.016351,0.482182,0.000000,-0.003427
12.242000,0.176311,-0.376055,0.608249,-0.099201,0.094541,-0.366812,0.366812,3.000000,0.137036,0.000000,0.000000,0.000134,-0.000817,-0.000140,0.415185,-0.016352,0.482180,0.415185,-0.016351,0.482182,0.000000,0.001218
12.253000,0.090526,-0.343159,0.679802,-0.184986,0.127437,-0.295259,0.295259,3.000000,0.224633,0.000000,0.000000,-0.000073,0.001013,0.000032,0.415184,-0.016349,0.482180,0.415185,-0.016351,0.482182,0.000000,-0.000241
12.264000,0.078558,-0.391056,0.694830,-0.196954,0.079541,-0.280231,0.280231,3.000000,0.212409,0.000000,0.000000,-0.000003,-0.000463,0.000297,0.415184,-0.016354,0.482182,0.415185,-0.016351,0.482182,0.000000,-0.002526
12.275000,0.082147,-0.406330,0.685309,-0.193365,0.064267,-0.289753,0.289753,3.000000,0.203765,0.000000,0.000000,0.000154,0.000030,0.000150,0.415185,-0.016353,0.482183,0.415185,-0.016351,0.482182,0.000000,-0.001298
12.286000,0.075013,-0.410734,0.679122,-0.200499,0.059863,-0.295939,0.295939,3.000000,0.209245,0.000000,0.000000,-0.000111,0.001159,-0.000523,0.415184,-0.016349,0.482180,0.415185,-0.016351,0.482182,0.000000,0.004468
12.297000,0.093402,-0.437309,0.678975,-0.182110,0.033288,-0.296086,0.296086,3.000000,0.185128,0.000000,0.000000,0.000153,0.000355,0.000252,0.415185,-0.016351,0.482180,0.415185,-0.016351,0.482182,0.000000,-0.002111
12.308000,0.078960,-0.367521,0.703087,-0.196552,0.103075,-0.271975,0.271975,3.000000,0.221940,0.000000,0.000000,0.000205,-0.000625,-0.000657,0.415184,-0.016352,0.482180,0.415185,-0.016351,0.482182,0.000000,0.005605
12.319000,0.150537,-0.385925,0.669323,-0.124975,0.084672,-0.305739,0.305739,3.000000,0.150957,0.000000,0.000000,-0.000177,0.000706,-0.000956,0.415184,-0.016350,0.482180,0.415185,-0.016351,0.482182,0.000000,0.008133
12.330000,0.119350,-0.389239,0.701485,-0.156162,0.081358,-0.273577,0.273577,3.000000,0.176084,0.000000,0.000000,-0.000209,0.000254,-0.000881,0.415185,-0.016352,0.482180,0.415185,-0.016351,0.482182,0.000000,0.007505
12.341000,0.110574,-0.352927,0.677789,-0.164939,0.117670,-0.297273,0.297273,3.000000,0.202610,0.000000,0.000000,0.000123,0.000122,0.000684,0.415185,-0.016352,0.482183,0.415185,-0.016351,0.482182,0.000000,-0.005820
12.352000,0.141327,-0.387490,0.646581,-0.134185,0.083107,-0.328481,0.328481,3.000000,0.157837,0.000000,0.000000,-0.000096,-0.000282,-0.000215,0.415184,-0.016354,0.482181,0.415185,-0.016351,0.482182,0.000000,0.001843
12.363000,0.105691,-0.339945,0.697855,-0.169822,0.130652,-0.277206,0.277206,3.000000,0.214265,0.000000,0.000000,-0.000022,0.000887,0.000651,0.415184,-0.016351,0.482182,0.415185,-0.016351,0.482182,0.000000,-0.005531
12.374000,0.093471,-0.367424,0.694972,-0.182042,0.103173,-0.280089,0.280089,3.000000,0.209246,0.000000,0.000000,0.000166,0.000186,-0.000227,0.415185,-0.016351,0.482180,0.415185,-0.016351,0.482182,0.000000,0.001952
12.385000,0.085184,-0.362314,0.680410,-0.190328,0.108282,-0.294651,0.294651,3.000000,0.218975,0.000000,0.000000,-0.000075,-0.000245,-0.000592,0.415185,-0.016351,0.482180,0.415185,-0.016351,0.482182,0.000000,0.005056
12.396000,0.129115,-0.414712,0.671201,-0.146397,0.055885,-0.303860,0.303860,3.000000,0.156701,0.000000,0.000000,-0.000230,-0.000267,0.000623,0.415184,-0.016353,0.482184,0.415185,-0.016351,0.482182,0.000000,-0.005320
12.407000,0.120038,-0.357549,0.649612,-0.155474,0.113047,-0.325449,0.325449,3.000000,0.192229,0.000000,0.000000,0.000137,-0.000617,0.000187,0.415184,-0.016352,0.482181,0.415185,-0.016351,0.482182,0.000000,-0.001570
12.418000,0.113782,-0.350603,0.640639,-0.161730,0.119993,-0.334422,0.334422,3.000000,0.201383,0.000000,0.000000,-0.000335,0.000119,0.000490,0.415184,-0.016352,0.482182,0.415185,-0.016351,0.482182,0.000000,-0.004155
12.429000,0.160921,-0.414407,0.647536,-0.114591,0.056189,-0.327526,0.327526,3.000000,0.127626,0.000000,0.000000,0.000139,-0.000048,-0.000013,0.415185,-0.016354,0.482182,0.415185,-0.016351,0.482182,0.000000,0.000104
12.440000,0.126888,-0.391578,0.659660,-0.148624,0.079019,-0.315401,0.315401,3.000000,0.168324,0.000000,0.000000,-0.000276,0.000568,0.000413,0.415184,-0.016351,0.482183,0.415185,-0.016351,0.482182,0.000000,-0.003530
12.451000,0.078738,-0.381249,0.718594,-0.196774,0.089347,-0.256468,0.256468,3.000000,0.216109,0.000000,0.000000,0.000060,-0.000197,0.000427,0.415185,-0.016352,0.482182,0.415185,-0.016351,0.482182,0.000000,-0.003629
12.462000,0.098724,-0.415602,0.699603,-0.176788,0.054994,-0.275458,0.275458,3.000000,0.185144,0.000000,0.000000,-0.000034,0.000324,-0.000013,0.415184,-0.016352,0.482181,0.415185,-0.016351,0.482182,0.000000,0.000125
12.473000,0.106903,-0.362150,0.671246,-0.168609,0.108447,-0.303816,0.303816,3.000000,0.200474,0.000000,0.000000,0.000240,-0.001167,-0.000351,0.415185,-0.016353,0.482180,0.415185,-0.016351,0.482182,0.000000,0.003002
12.484000,0.081024,-0.313119,0.695155,-0.194489,0.157477,-0.279907,0.279907,3.000000,0.250250,0.000000,0.000000,-0.000553,-0.000234,-0.000537,0.415184,-0.016352,0.482180,0.415185,-0.016351,0.482182,0.000000,0.004601
12.495000,0.100284,-0.386056,0.697748,-0.175229,0.084541,-0.277314,0.277314,3.000000,0.194556,0.000000,0.000000,-0.000241,0.000165,0.000224,0.415185,-0.016350,0.482180,0.415185,-0.016351,0.482182,0.000000,-0.001875
12.506000,0.108752,-0.351758,0.683427,-0.166760,0.118839,-0.291635,0.291635,3.000000,0.204772,0.000000,0.000000,-0.000138,-0.001240,0.000200,0.415184,-0.016355,0.482183,0.415185,-0.016351,0.482182,0.000000,-0.001723
12.517000,0.088666,-0.390141,0.676587,-0.186846,0.080456,-0.298474,0.298474,3.000000,0.203432,0.000000,0.000000,0.000079,-0.000276,-0.000493,0.415184,-0.016353,0.482180,0.415185,-0.016351,0.482182,0.000000,0.004213
12.528000,0.141223,-0.407042,0.651389,-0.134289,0.063555,-0.323673,0.323673,3.000000,0.148569,0.000000,0.000000,-0.000016,0.000236,0.000400,0.415184,-0.016353,0.482181,0.415185,-0.016351,0.482182,0.000000,-0.003389
12.539000,0.124456,-0.375233,0.657854,-0.151056,0.095363,-0.317208,0.317208,3.000000,0.178639,0.000000,0.000000,0.000021,0.000318,-0.000478,0.415185,-0.016351,0.482180,0.415185,-0.016351,0.482182,0.000000,0.004078
12.550000,0.086453,-0.375820,0.672576,-0.189059,0.094776,-0.302485,0.302485,3.000000,0.211485,0.000000,0.000000,0.000149,-0.000295,0.000761,0.415185,-0.016352,0.482183,0.415185,-0.016351,0.482182,0.000000,-0.006474
12.561000,0.107712,-0.403017,0.683653,-0.167800,0.067579,-0.291409,0.291409,3.000000,0.180898,0.000000,0.000000,-0.000052,-0.000074,0.000047,0.415185,-0.016353,0.482182,0.415185,-0.016351,0.482182,0.000000,-0.000415
12.572000,0.114474,-0.408666,0.673641,-0.161038,0.061930,-0.301421,0.301421,3.000000,0.172536,0.000000,0.000000,0.000564,0.000505,0.000088,0.415185,-0.016351,0.482180,0.415185,-0.016351,0.482182,0.000000,-0.000724
12.583000,0.113190,-0.458527,0.682179,-0.162322,0.012070,-0.292883,0.292883,3.000000,0.162770,0.000000,0.000000,-0.000205,0.000748,0.000463,0.415184,-0.016351,0.482183,0.415185,-0.016351,0.482182,0.000000,-0.003962
12.594000,0.120483,-0.373924,0.679684,-0.155029,0.096673,-0.295378,0.295378,3.000000,0.182701,0.000000,0.000000,0.000314,0.001087,0.000548,0.415184,-0.016348,0.482182,0.415185,-0.016351,0.482182,0.000000,-0.004648
12.605000,0.131005,-0.355645,0.701672,-0.144507,0.114951,-0.273390,0.273390,3.000000,0.184651,0.000000,0.000000,0.000099,0.000438,-0.000490,0.415185,-0.016351,0.482179,0.415185,-0.016351,0.482182,0.000000,0.004205
12.616000,0.113422,-0.377987,0.692560,-0.162090,0.092610,-0.282502,0.282502,3.000000,0.186681,0.000000,0.000000,-0.000151,-0.001048,0.000394,0.415184,-0.016354,0.482183,0.415185,-0.016351,0.482182,0.000000,-0.003365
12.627000,0.129032,-0.381564,0.704224,-0.146480,0.089032,-0.270837,0.270837,3.000000,0.171415,0.000000,0.000000,-0.000141,0.000712,-0.000049,0.415184,-0.016350,0.482181,0.415185,-0.016351,0.482182,0.000000,0.000430
12.638000,0.132075,-0.358357,0.687599,-0.143437,0.112240,-0.287462,0.287462,3.000000,0.182132,0.000000,0.000000,0.000356,-0.000343,0.001091,0.415185,-0.016352,0.482184,0.415185,-0.016351,0.482182,0.000000,-0.009294
12.649000,0.095597,-0.384273,0.673995,-0.179915,0.086324,-0.301067,0.301067,3.000000,0.199553,0.000000,0.000000,0.000340,-0.000174,0.000150,0.415185,-0.016351,0.482183,0.415185,-0.016351,0.482182,0.000000,-0.001294
12.660000,0.091838,-0.386384,0.658186,-0.183674,0.084213,-0.316876,0.316876,3.000000,0.202059,0.000000,0.000000,-0.000010,0.001292,0.000697,0.415185,-0.016348,0.482183,0.415185,-0.016351,0.482182,0.000000,-0.005943
12.671000,0.082054,-0.376023,0.679518,-0.193458,0.094574,-0.295544,0.295544,3.000000,0.215338,0.000000,0.000000,-0.000013,-0.000820,-0.001013,0.415185,-0.016353,0.482179,0.415185,-0.016351,0.482182,0.000000,0.008647
12.682000,0.130728,-0.374157,0.639132,-0.144784,0.096440,-0.335929,0.335929,3.000000,0.173963,0.000000,0.000000,0.000253,-0.000762,0.000436,0.415185,-0.016354,0.482182,0.415185,-0.016351,0.482182,0.000000,-0.003699
12.693000,0.094321,-0.378218,0.677508,-0.181191,0.092379,-0.297554,0.297554,3.000000,0.203381,0.000000,0.000000,0.000309,0.000080,0.000732,0.415185,-0.016352,0.482183,0.415185,-0.016351,0.482182,0.000000,-0.006227
12.704000,0.095415,-0.356365,0.682791,-0.180098,0.114232,-0.292271,0.292271,3.000000,0.213270,0.000000,0.000000,-0.000156,-0.000255,-0.000575,0.415184,-0.016351,0.482181,0.415185,-0.016351,0.482182,0.000000,0.004901
12.715000,0.142179,-0.389206,0.647554,-0.133333,0.081391,-0.327508,0.327508,3.000000,0.156212,0.000000,0.000000,-0.000123,-0.000404,0.001193,0.415184,-0.016353,0.482183,0.415185,-0.016351,0.482182,0.000000,-0.010153
12.726000,0.153184,-0.368913,0.614555,-0.122328,0.101684,-0.360506,0.360506,3.000000,0.159072,0.000000,0.000000,0.000181,-0.000929,0.000509,0.415185,-0.016354,0.482182,0.415185,-0.016351,0.482182,0.000000,-0.004317
12.737000,0.128181,-0.391339,0.665770,-0.147331,0.079257,-0.309292,0.309292,3.000000,0.167296,0.000000,0.000000,0.000388,0.000338,0.000670,0.415185,-0.016352,0.482183,0.415185,-0.016351,0.482182,0.000000,-0.005712
12.748000,0.097079,-0.439855,0.697721,-0.178434,0.030742,-0.277341,0.277341,3.000000,0.181062,0.000000,0.000000,-0.000005,-0.000435,-0.000037,0.415184,-0.016353,0.482181,0.415185,-0.016351,0.482182,0.000000,0.000328
12.759000,0.109360,-0.366006,0.685471,-0.166152,0.104591,-0.289590,0.289590,3.000000,0.196331,0.000000,0.000000,-0.000457,-0.000391,0.000088,0.415184,-0.016353,0.482181,0.415185,-0.016351,0.482182,0.000000,-0.000734
12.770000,0.103210,-0.351670,0.705501,-0.172302,0.118927,-0.269561,0.269561,3.000000,0.209360,0.000000,0.000000,-0.000322,0.000158,-0.000637,0.415185,-0.016351,0.482179,0.415185,-0.016351,0.482182,0.000000,0.005452
12.781000,0.091418,-0.379533,0.705785,-0.184094,0.091064,-0.269277,0.269277,3.000000,0.205385,0.000000,0.000000,-0.000134,0.000612,-0.000728,0.415184,-0.016350,0.482181,0.415185,-0.016351,0.482182,0.000000,0.006195
12.792000,0.082634,-0.347494,0.697513,-0.192878,0.123102,-0.277548,0.277548,3.000000,0.228814,0.000000,0.000000,-0.000091,-0.000478,-0.000903,0.415185,-0.016352,0.482180,0.415185,-0.016351,0.482182,0.000000,0.007692
12.803000,0.079121,-0.394649,0.694375,-0.196391,0.075948,-0.280687,0.280687,3.000000,0.210565,0.000000,0.000000,0.000238,0.000851,0.000868,0.415185,-0.016351,0.482183,0.415185,-0.016351,0.482182,0.000000,-0.007392
12.814000,0.188146,-0.409400,0.621841,-0.087366,0.061196,-0.353221,0.353221,3.000000,0.106667,0.000000,0.000000,-0.000623,-0.000241,-0.000107,0.415183,-0.016351,0.482181,0.415185,-0.016351,0.482182,0.000000,0.000928
12.825000,0.136010,-0.410382,0.681683,-0.139503,0.060215,-0.293379,0.293379,3.000000,0.151943,0.000000,0.000000,0.000337,-0.000361,0.000756,0.415186,-0.016352,0.482183,0.415185,-0.016351,0.482182,0.000000,-0.006434
12.836000,0.086017,-0.399664,0.707994,-0.189496,0.070932,-0.267067,0.267067,3.000000,0.202336,0.000000,0.000000,0.000175,-0.000133,-0.000397,0.415185,-0.016353,0.482181,0.415185,-0.016351,0.482182,0.000000,0.003385
12.847000,0.101257,-0.360639,0.701835,-0.174255,0.109958,-0.273226,0.273226,3.000000,0.206047,0.000000,0.000000,-0.000140,0.000167,-0.000578,0.415185,-0.016351,0.482181,0.415185,-0.016351,0.482182,0.000000,0.004918
12.858000,0.096117,-0.359437,0.692970,-0.179395,0.111160,-0.282092,0.282092,3.000000,0.211043,0.000000,0.000000,-0.000439,-0.000187,0.000744,0.415184,-0.016351,0.482182,0.415185,-0.016351,0.482182,0.000000,-0.006321
12.869000,0.135727,-0.364255,0.668718,-0.139785,0.106341,-0.306344,0.306344,3.000000,0.175637,0.000000,0.000000,-0.000216,0.000554,-0.000243,0.415185,-0.016350,0.482181,0.415185,-0.016351,0.482182,0.000000,0.002082
12.880000,0.074047,-0.364489,0.665888,-0.201465,0.106107,-0.309173,0.309173,3.000000,0.227699,0.000000,0.000000,0.000486,-0.000675,-0.001026,0.415185,-0.016353,0.482179,0.415185,-0.016351,0.482182,0.000000,0.008748
12.891000,0.088536,-0.385693,0.679435,-0.186976,0.084903,-0.295627,0.295627,3.000000,0.205350,0.000000,0.000000,-0.000148,-0.000457,0.000114,0.415184,-0.016352,0.482182,0.415185,-0.016351,0.482182,0.000000,-0.000972
12.902000,0.120541,-0.378715,0.693706,-0.154971,0.091882,-0.281355,0.281355,3.000000,0.180161,0.000000,0.000000,-0.000410,0.000080,-0.000407,0.415184,-0.016351,0.482180,0.415185,-0.016351,0.482182,0.000000,0.003488
12.913000,0.056166,-0.348475,0.693817,-0.219346,0.122121,-0.281245,0.281245,3.000000,0.251050,0.000000,0.000000,-0.000001,-0.000623,0.000324,0.415184,-0.016353,0.482182,0.415185,-0.016351,0.482182,0.000000,-0.002760
12.924000,0.079552,-0.389522,0.691139,-0.195960,0.081075,-0.283923,0.283923,3.000000,0.212070,0.000000,0.000000,-0.000065,-0.000198,0.000644,0.415184,-0.016351,0.482182,0.415185,-0.016351,0.482182,0.000000,-0.005470
12.935000,0.130846,-0.381365,0.666358,-0.144667,0.089231,-0.308704,0.308704,3.000000,0.169972,0.000000,0.000000,-0.000202,0.001410,-0.001051,0.415185,-0.016349,0.482179,0.415185,-0.016351,0.482182,0.000000,0.008970
12.946000,0.130667,-0.386075,0.663392,-0.144845,0.084522,-0.311670,0.311670,3.000000,0.167702,0.000000,0.000000,0.000215,-0.000541,-0.000916,0.415185,-0.016354,0.482179,0.415185,-0.016351,0.482182,0.000000,0.007820
12.957000,0.109914,-0.380124,0.680494,-0.165598,0.090472,-0.294568,0.294568,3.000000,0.188700,0.000000,0.000000,-0.000026,0.000969,0.000844,0.415185,-0.016350,0.482182,0.415185,-0.016351,0.482182,0.000000,-0.007165
12.968000,0.144772,-0.454206,0.661463,-0.130740,0.016391,-0.313598,0.313598,3.000000,0.131763,0.000000,0.000000,0.000536,0.000579,-0.000051,0.415185,-0.016352,0.482181,0.415185,-0.016351,0.482182,0.000000,0.000446
12.979000,0.130651,-0.435496,0.690902,-0.144862,0.035100,-0.284160,0.284160,3.000000,0.149053,0.000000,0.000000,0.000436,-0.001391,0.000524,0.415185,-0.016356,0.482181,0.415185,-0.016351,0.482182,0.000000,-0.004429
12.990000,0.105346,-0.376978,0.707495,-0.170166,0.093619,-0.267567,0.267567,3.000000,0.194219,0.000000,0.000000,-0.000438,0.000114,-0.000023,0.415184,-0.016351,0.482181,0.415185,-0.016351,0.482182,0.000000,0.000212
13.001000,0.141006,-0.357245,0.703188,-0.134506,0.113351,-0.271873,0.271873,3.000000,0.175899,0.000000,0.000000,-0.000310,-0.000728,0.000457,0.415184,-0.016353,0.482182,0.415185,-0.016351,0.482182,0.000000,-0.003885
13.012000,0.155022,-0.323422,0.693907,-0.120490,0.147175,-0.281154,0.281154,3.000000,0.190206,0.000000,0.000000,-0.000232,-0.000395,-0.000635,0.415183,-0.016354,0.482181,0.415185,-0.016351,0.482182,0.000000,0.005410
13.023000,0.076435,-0.374015,0.742026,-0.199078,0.096582,-0.233035,0.233035,3.000000,0.221269,0.000000,0.000000,0.000857,0.000409,-0.000304,0.415186,-0.016350,0.482181,0.415185,-0.016351,0.482182,0.000000,0.002594
13.034000,0.135147,-0.356428,0.672753,-0.140365,0.114169,-0.302309,0.302309,3.000000,0.180933,0.000000,0.000000,-0.000160,-0.000153,0.000212,0.415184,-0.016352,0.482181,0.415185,-0.016351,0.482182,0.000000,-0.001787
13.045000,0.182646,-0.417475,0.668022,-0.092866,0.053122,-0.307040,0.307040,3.000000,0.106986,0.000000,0.000000,-0.000082,0.000883,0.000440,0.415184,-0.016350,0.482181,0.415185,-0.016351,0.482182,0.000000,-0.003728
13.056000,0.131733,-0.451931,0.665277,-0.143779,0.018666,-0.309784,0.309784,3.000000,0.144985,0.000000,0.000000,0.000126,0.000315,-0.000393,0.415185,-0.016353,0.482180,0.415185,-0.016351,0.482182,0.000000,0.003362
13.067000,0.115224,-0.364175,0.664884,-0.160289,0.106421,-0.310178,0.310178,3.000000,0.192400,0.000000,0.000000,0.000384,-0.000049,0.000704,0.415186,-0.016350,0.482183,0.415185,-0.016351,0.482182,0.000000,-0.005996
13.078000,0.089969,-0.339110,0.699401,-0.185543,0.131487,-0.275661,0.275661,3.000000,0.227409,0.000000,0.000000,0.000002,0.000104,0.000113,0.415184,-0.016351,0.482181,0.415185,-0.016351,0.482182,0.000000,-0.000949
13.089000,0.089102,-0.414198,0.683776,-0.186410,0.056398,-0.291286,0.291286,3.000000,0.194755,0.000000,0.000000,-0.000095,-0.001141,-0.000309,0.415185,-0.016354,0.482180,0.415185,-0.016351,0.482182,0.000000,0.002654
13.100000,0.093747,-0.372258,0.682158,-0.181765,0.098339,-0.292904,0.292904,3.000000,0.206661,0.000000,0.000000,-0.000014,-0.000831,0.000188,0.415184,-0.016355,0.482181,0.415185,-0.016351,0.482182,0.000000,-0.001570
13.111000,0.117290,-0.370924,0.676291,-0.158222,0.099672,-0.298770,0.298770,3.000000,0.187000,0.000000,0.000000,-0.000775,-0.001266,-0.001103,0.415182,-0.016354,0.482178,0.415185,-0.016351,0.482182,0.000000,0.009417
13.122000,0.144448,-0.327538,0.692989,-0.131064,0.143059,-0.282073,0.282073,3.000000,0.194020,0.000000,0.000000,-0.000530,0.000184,0.000022,0.415184,-0.016350,0.482181,0.415185,-0.016351,0.482182,0.000000,-0.000169
13.133000,0.178670,-0.404101,0.676080,-0.096842,0.066496,-0.298981,0.298981,3.000000,0.117474,0.000000,0.000000,0.000054,-0.000510,-0.000633,0.415184,-0.016354,0.482180,0.415185,-0.016351,0.482182,0.000000,0.005406
13.144000,0.143167,-0.426269,0.702215,-0.132345,0.044328,-0.272847,0.272847,3.000000,0.139571,0.000000,0.000000,-0.000183,0.000295,-0.000276,0.415184,-0.016351,0.482181,0.415185,-0.016351,0.482182,0.000000,0.002359
13.155000,0.105385,-0.369752,0.694199,-0.170127,0.100845,-0.280863,0.280863,3.000000,0.197770,0.000000,0.000000,0.000317,0.000576,-0.000587,0.415185,-0.016351,0.482180,0.415185,-0.016351,0.482182,0.000000,0.005017
13.166000,0.110696,-0.428229,0.680857,-0.164816,0.042368,-0.294204,0.294204,3.000000,0.170175,0.000000,0.000000,-0.000145,0.000017,-0.000911,0.415185,-0.016352,0.482180,0.415185,-0.016351,0.482182,0.000000,0.007763
13.177000,0.143578,-0.429298,0.682464,-0.131934,0.041299,-0.292598,0.292598,3.000000,0.138247,0.000000,0.000000,-0.000006,0.000491,0.000714,0.415185,-0.016352,0.482183,0.415185,-0.016351,0.482182,0.000000,-0.006089
13.188000,0.091495,-0.387998,0.705569,-0.184017,0.082598,-0.269493,0.269493,3.000000,0.201704,0.000000,0.000000,-0.000088,-0.000035,-0.000502,0.415185,-0.016352,0.482179,0.415185,-0.016351,0.482182,0.000000,0.004302
13.199000,0.110232,-0.355536,0.648586,-0.165280,0.115061,-0.326475,0.326475,3.000000,0.201387,0.000000,0.000000,-0.000264,0.000277,-0.000088,0.415184,-0.016353,0.482181,0.415185,-0.016351,0.482182,0.000000,0.000764
13.210000,0.128548,-0.378948,0.669508,-0.146964,0.091648,-0.305554,0.305554,3.000000,0.173199,0.000000,0.000000,0.000424,0.001070,0.000086,0.415185,-0.016349,0.482181,0.415185,-0.016351,0.482182,0.000000,-0.000718
13.221000,0.125453,-0.376576,0.651406,-0.150059,0.094021,-0.323656,0.323656,3.000000,0.177081,0.000000,0.000000,-0.000179,-0.000078,0.000349,0.415184,-0.016351,0.482183,0.415185,-0.016351,0.482182,0.000000,-0.002983
13.232000,0.067295,-0.387196,0.716313,-0.208217,0.083400,-0.258749,0.258749,3.000000,0.224299,0.000000,0.000000,0.000049,0.000991,0.000504,0.415184,-0.016349,0.482183,0.415185,-0.016351,0.482182,0.000000,-0.004293
13.243000,0.141135,-0.352668,0.665363,-0.134377,0.117929,-0.309699,0.309699,3.000000,0.178786,0.000000,0.000000,0.000121,0.000082,0.000650,0.415184,-0.016352,0.482183,0.415185,-0.016351,0.482182,0.000000,-0.005533
13.254000,0.140580,-0.380633,0.675397,-0.134932,0.089964,-0.299665,0.299665,3.000000,0.162173,0.000000,0.000000,0.000264,-0.000071,0.000104,0.415185,-0.016353,0.482182,0.415185,-0.016351,0.482182,0.000000,-0.000888
13.265000,0.150794,-0.382822,0.692914,-0.124718,0.087774,-0.282148,0.282148,3.000000,0.152509,0.000000,0.000000,0.000042,-0.000077,0.000607,0.415184,-0.016352,0.482183,0.415185,-0.016351,0.482182,0.000000,-0.005176
13.276000,0.113447,-0.388222,0.688913,-0.162065,0.082374,-0.286148,0.286148,3.000000,0.181799,0.000000,0.000000,-0.000291,0.000151,0.000158,0.415184,-0.016353,0.482181,0.415185,-0.016351,0.482182,0.000000,-0.001317
13.287000,0.128702,-0.407701,0.688705,-0.146810,0.062896,-0.286357,0.286357,3.000000,0.159716,0.000000,0.000000,-0.000211,0.000616,0.000507,0.415184,-0.016350,0.482182,0.415185,-0.016351,0.482182,0.000000,-0.004306
13.298000,0.130124,-0.349550,0.657011,-0.145388,0.121047,-0.318050,0.318050,3.000000,0.189183,0.000000,0.000000,-0.000014,-0.000796,0.000067,0.415184,-0.016353,0.482181,0.415185,-0.016351,0.482182,0.000000,-0.000549
13.309000,0.086434,-0.356135,0.670492,-0.189079,0.114462,-0.304570,0.304570,3.000000,0.221025,0.000000,0.000000,0.000050,0.000847,0.001103,0.415185,-0.016349,0.482185,0.415185,-0.016351,0.482182,0.000000,-0.009413
13.320000,0.124597,-0.391908,0.681243,-0.150915,0.078688,-0.293818,0.293818,3.000000,0.170197,0.000000,0.000000,0.000047,-0.000504,0.000063,0.415185,-0.016351,0.482182,0.415185,-0.016351,0.482182,0.000000,-0.000542
13.331000,0.124256,-0.385304,0.682775,-0.151256,0.085293,-0.292287,0.292287,3.000000,0.173647,0.000000,0.000000,-0.000272,-0.000027,0.000592,0.415184,-0.016353,0.482183,0.415185,-0.016351,0.482182,0.000000,-0.005044
13.342000,0.077508,-0.356237,0.713448,-0.198005,0.114360,-0.261613,0.261613,3.000000,0.228657,0.000000,0.000000,-0.000101,0.000247,-0.001065,0.415185,-0.016352,0.482179,0.415185,-0.016351,0.482182,0.000000,0.009085
13.353000,0.129043,-0.330466,0.688597,-0.146469,0.140131,-0.286465,0.286465,3.000000,0.202707,0.000000,0.000000,-0.000245,0.000182,-0.000401,0.415185,-0.016350,0.482182,0.415185,-0.016351,0.482182,0.000000,0.003399
13.364000,0.095190,-0.378525,0.709377,-0.180323,0.092072,-0.265684,0.265684,3.000000,0.202468,0.000000,0.000000,-0.000004,-0.000963,-0.000047,0.415185,-0.016353,0.482182,0.415185,-0.016351,0.482182,0.000000,0.000401
13.375000,0.126905,-0.353682,0.667782,-0.148607,0.116915,-0.307280,0.307280,3.000000,0.189085,0.000000,0.000000,0.000476,-0.000312,-0.000049,0.415185,-0.016352,0.482180,0.415185,-0.016351,0.482182,0.000000,0.000446
13.386000,0.124194,-0.363980,0.661938,-0.151318,0.106617,-0.313123,0.313123,3.000000,0.185106,0.000000,0.000000,-0.000167,0.000302,-0.000275,0.415184,-0.016351,0.482181,0.415185,-0.016351,0.482182,0.000000,0.002348
13.397000,0.119986,-0.384572,0.660662,-0.155526,0.086025,-0.314399,0.314399,3.000000,0.177732,0.000000,0.000000,-0.000137,-0.000128,-0.000263,0.415185,-0.016352,0.482181,0.415185,-0.016351,0.482182,0.000000,0.002255
13.408000,0.159540,-0.397360,0.690148,-0.115972,0.073236,-0.284913,0.284913,3.000000,0.137161,0.000000,0.000000,0.000173,0.000474,0.000398,0.415185,-0.016351,0.482183,0.415185,-0.016351,0.482182,0.000000,-0.003396
13.419000,0.145901,-0.429979,0.670473,-0.129611,0.040618,-0.304589,0.304589,3.000000,0.135827,0.000000,0.000000,-0.000211,-0.000212,-0.000780,0.415184,-0.016354,0.482180,0.415185,-0.016351,0.482182,0.000000,0.006650
13.430000,0.110534,-0.388224,0.667764,-0.164978,0.082373,-0.307298,0.307298,3.000000,0.184399,0.000000,0.000000,0.000065,-0.000323,-0.000621,0.415185,-0.016352,0.482179,0.415185,-0.016351,0.482182,0.000000,0.005317
13.441000,0.080783,-0.358665,0.675840,-0.194729,0.111932,-0.299222,0.299222,3.000000,0.224607,0.000000,0.000000,0.000062,-0.000250,-0.000655,0.415184,-0.016352,0.482180,0.415185,-0.016351,0.482182,0.000000,0.005591
13.452000,0.084726,-0.407718,0.675336,-0.190786,0.062879,-0.299726,0.299726,3.000000,0.200881,0.000000,0.000000,0.000240,0.000823,0.000137,0.415185,-0.016350,0.482182,0.415185,-0.016351,0.482182,0.000000,-0.001159
13.463000,0.116542,-0.383506,0.665842,-0.158970,0.087090,-0.309219,0.309219,3.000000,0.181263,0.000000,0.000000,-0.000192,0.000080,-0.000577,0.415184,-0.016351,0.482181,0.415185,-0.016351,0.482182,0.000000,0.004921
13.474000,0.080837,-0.391153,0.698961,-0.194675,0.079443,-0.276100,0.276100,3.000000,0.210261,0.000000,0.000000,-0.000301,0.000187,-0.000241,0.415183,-0.016352,0.482181,0.415185,-0.016351,0.482182,0.000000,0.002053
13.485000,0.128216,-0.368991,0.636969,-0.147296,0.101606,-0.338092,0.338092,3.000000,0.178941,0.000000,0.000000,-0.000147,-0.000389,0.000568,0.415185,-0.016351,0.482182,0.415185,-0.016351,0.482182,0.000000,-0.004819
13.496000,0.145755,-0.388011,0.640235,-0.129757,0.082586,-0.334826,0.334826,3.000000,0.153809,0.000000,0.000000,-0.000527,-0.000469,-0.000182,0.415184,-0.016352,0.482181,0.415185,-0.016351,0.482182,0.000000,0.001556
13.507000,0.128895,-0.364955,0.656962,-0.146617,0.105641,-0.318100,0.318100,3.000000,0.180712,0.000000,0.000000,-0.000328,-0.000949,-0.000229,0.415183,-0.016355,0.482181,0.415185,-0.016351,0.482182,0.000000,0.001967
13.518000,0.076184,-0.369762,0.702649,-0.199328,0.100835,-0.272412,0.272412,3.000000,0.223382,0.000000,0.000000,0.000420,0.000968,-0.000215,0.415186,-0.016350,0.482182,0.415185,-0.016351,0.482182,0.000000,0.001823
13.529000,0.085364,-0.401713,0.682173,-0.190148,0.068883,-0.292888,0.292888,3.000000,0.202240,0.000000,0.000000,0.000656,0.000578,-0.000109,0.415186,-0.016350,0.482182,0.415185,-0.016351,0.482182,0.000000,0.000925
13.540000,0.105158,-0.398473,0.675232,-0.170354,0.072123,-0.299830,0.299830,3.000000,0.184993,0.000000,0.000000,-0.000029,0.000455,0.000694,0.415184,-0.016352,0.482182,0.415185,-0.016351,0.482182,0.000000,-0.005880
13.551000,0.134880,-0.375370,0.665559,-0.140632,0.095227,-0.309503,0.309503,3.000000,0.169840,0.000000,0.000000,0.000365,-0.000713,0.000200,0.415186,-0.016353,0.482184,0.415185,-0.016351,0.482182,0.000000,-0.001729
13.562000,0.115532,-0.374602,0.654753,-0.159980,0.095994,-0.320308,0.320308,3.000000,0.186571,0.000000,0.000000,0.000233,0.000055,0.000565,0.415185,-0.016351,0.482183,0.415185,-0.016351,0.482182,0.000000,-0.004811
13.573000,0.140108,-0.378051,0.673204,-0.135404,0.092546,-0.301858,0.301858,3.000000,0.164009,0.000000,0.000000,0.000154,0.000435,0.000242,0.415185,-0.016352,0.482182,0.415185,-0.016351,0.482182,0.000000,-0.002053
13.584000,0.127161,-0.347707,0.680059,-0.148351,0.122890,-0.295002,0.295002,3.000000,0.192640,0.000000,0.000000,-0.000267,0.000207,-0.000352,0.415185,-0.016351,0.482182,0.415185,-0.016351,0.482182,0.000000,0.002990
13.595000,0.063736,-0.343574,0.686156,-0.211776,0.127022,-0.288905,0.288905,3.000000,0.246949,0.000000,0.000000,-0.000262,-0.000816,-0.000221,0.415183,-0.016353,0.482181,0.415185,-0.016351,0.482182,0.000000,0.001899
13.606000,0.093425,-0.386841,0.665163,-0.182087,0.083755,-0.309898,0.309898,3.000000,0.200426,0.000000,0.000000,0.000234,-0.000219,-0.000603,0.415184,-0.016351,0.482180,0.415185,-0.016351,0.482182,0.000000,0.005141
13.617000,0.110091,-0.415436,0.675851,-0.165421,0.055160,-0.299210,0.299210,3.000000,0.174375,0.000000,0.000000,0.000100,-0.000543,0.000388,0.415185,-0.016353,0.482183,0.415185,-0.016351,0.482182,0.000000,-0.003317
13.628000,0.116120,-0.385532,0.688610,-0.159392,0.085065,-0.286451,0.286451,3.000000,0.180670,0.000000,0.000000,-0.000167,-0.000097,-0.000262,0.415184,-0.016351,0.482180,0.415185,-0.016351,0.482182,0.000000,0.002263
13.639000,0.128089,-0.376296,0.660054,-0.147423,0.094301,-0.315008,0.315008,3.000000,0.175004,0.000000,0.000000,-0.000053,0.000156,-0.000343,0.415184,-0.016351,0.482180,0.415185,-0.016351,0.482182,0.000000,0.002943
13.650000,0.130005,-0.414293,0.671045,-0.145507,0.056304,-0.304017,0.304017,3.000000,0.156021,0.000000,0.000000,0.000445,0.000650,-0.000186,0.415186,-0.016351,0.482181,0.415185,-0.016351,0.482182,0.000000,0.001589
13.661000,0.106875,-0.409095,0.691100,-0.168637,0.061501,-0.283961,0.283961,3.000000,0.179502,0.000000,0.000000,-0.000022,0.000542,-0.000501,0.415184,-0.016351,0.482180,0.415185,-0.016351,0.482182,0.000000,0.004284
13.672000,0.109755,-0.371024,0.659912,-0.165757,0.099572,-0.315150,0.315150,3.000000,0.193365,0.000000,0.000000,-0.000108,-0.000092,-0.000139,0.415184,-0.016351,0.482182,0.415185,-0.016351,0.482182,0.000000,0.001184
13.683000,0.125030,-0.421418,0.666725,-0.150482,0.049179,-0.308337,0.308337,3.000000,0.158314,0.000000,0.000000,-0.000287,0.000264,0.001211,0.415184,-0.016351,0.482185,0.415185,-0.016351,0.482182,0.000000,-0.010329
13.694000,0.154271,-0.413567,0.654730,-0.121241,0.057029,-0.320332,0.320332,3.000000,0.133984,0.000000,0.000000,0.000084,0.000172,0.000631,0.415184,-0.016351,0.482182,0.415185,-0.016351,0.482182,0.000000,-0.005370
13.705000,0.133753,-0.396709,0.677606,-0.141759,0.073888,-0.297456,0.297456,3.000000,0.159860,0.000000,0.000000,-0.000171,0.000112,-0.000179,0.415185,-0.016352,0.482181,0.415185,-0.016351,0.482182,0.000000,0.001532
13.716000,0.144409,-0.384944,0.670462,-0.131103,0.085652,-0.304599,0.304599,3.000000,0.156602,0.000000,0.000000,0.000214,0.000427,-0.000363,0.415185,-0.016351,0.482183,0.415185,-0.016351,0.482182,0.000000,0.003062
13.727000,0.055792,-0.401166,0.710483,-0.219720,0.069430,-0.264579,0.264579,3.000000,0.230429,0.000000,0.000000,0.000178,0.000848,-0.000345,0.415184,-0.016351,0.482182,0.415185,-0.016351,0.482182,0.000000,0.002918
13.738000,0.143204,-0.462943,0.661050,-0.132308,0.007654,-0.314012,0.314012,3.000000,0.132529,0.000000,0.000000,-0.000187,0.000202,0.000515,0.415184,-0.016351,0.482182,0.415185,-0.016351,0.482182,0.000000,-0.004382
13.749000,0.120377,-0.423602,0.665141,-0.155135,0.046995,-0.309921,0.309921,3.000000,0.162097,0.000000,0.000000,-0.000047,0.000781,-0.000340,0.415185,-0.016350,0.482181,0.415185,-0.016351,0.482182,0.000000,0.002900
13.760000,0.121038,-0.407724,0.687293,-0.154474,0.062873,-0.287769,0.287769,3.000000,0.166779,0.000000,0.000000,-0.000177,-0.000257,0.000477,0.415184,-0.016353,0.482182,0.415185,-0.016351,0.482182,0.000000,-0.004061
13.771000,0.153701,-0.382465,0.661984,-0.121811,0.088131,-0.313077,0.313077,3.000000,0.150350,0.000000,0.000000,-0.000266,-0.000316,-0.000253,0.415184,-0.016353,0.482180,0.415185,-0.016351,0.482182,0.000000,0.002170
13.782000,0.128237,-0.383988,0.675716,-0.147275,0.086609,-0.299346,0.299346,3.000000,0.170854,0.000000,0.000000,-0.000223,0.001165,-0.000312,0.415185,-0.016351,0.482182,0.415185,-0.016351,0.482182,0.000000,0.002651
13.793000,0.194216,-0.358822,0.634255,-0.081296,0.111775,-0.340806,0.340806,3.000000,0.138212,0.000000,0.000000,-0.000111,-0.001362,0.000855,0.415185,-0.016354,0.482185,0.415185,-0.016351,0.482182,0.000000,-0.007303
13.804000,0.136218,-0.387964,0.669747,-0.139294,0.082633,-0.305315,0.305315,3.000000,0.161960,0.000000,0.000000,-0.000172,-0.000018,0.000571,0.415184,-0.016353,0.482182,0.415185,-0.016351,0.482182,0.000000,-0.004848
13.815000,0.137284,-0.413254,0.660352,-0.138229,0.057343,-0.314709,0.314709,3.000000,0.149651,0.000000,0.000000,0.000151,0.000466,0.000173,0.415184,-0.016350,0.482182,0.415185,-0.016351,0.482182,0.000000,-0.001462
13.826000,0.148259,-0.379188,0.634897,-0.127253,0.091408,-0.340164,0.340164,3.000000,0.156680,0.000000,0.000000,-0.000011,0.000512,-0.000494,0.415185,-0.016351,0.482181,0.415185,-0.016351,0.482182,0.000000,0.004209
13.837000,0.101884,-0.390913,0.703503,-0.173629,0.079684,-0.271558,0.271558,3.000000,0.191040,0.000000,0.000000,-0.000231,0.000009,0.000544,0.415184,-0.016352,0.482181,0.415185,-0.016351,0.482182,0.000000,-0.004608
13.848000,0.099131,-0.348348,0.633906,-0.176381,0.122248,-0.341156,0.341156,3.000000,0.214604,0.000000,0.000000,0.000030,0.000211,0.000791,0.415185,-0.016352,0.482183,0.415185,-0.016351,0.482182,0.000000,-0.006735
13.859000,0.047366,-0.389861,0.700864,-0.228147,0.080735,-0.274198,0.274198,3.000000,0.242010,0.000000,0.000000,-0.000136,-0.000233,-0.000998,0.415184,-0.016351,0.482179,0.415185,-0.016351,0.482182,0.000000,0.008524
13.870000,0.065680,-0.377150,0.682725,-0.209832,0.093447,-0.292337,0.292337,3.000000,0.229699,0.000000,0.000000,0.000176,-0.000567,-0.000086,0.415184,-0.016352,0.482182,0.415185,-0.016351,0.482182,0.000000,0.000736
13.881000,0.085650,-0.368512,0.676721,-0.189862,0.102085,-0.298341,0.298341,3.000000,0.215566,0.000000,0.000000,0.000072,0.000933,-0.000234,0.415185,-0.016350,0.482181,0.415185,-0.016351,0.482182,0.000000,0.002008
13.892000,0.086708,-0.441611,0.676266,-0.188804,0.028986,-0.298795,0.298795,3.000000,0.191016,0.000000,0.000000,0.000168,-0.000073,-0.000281,0.415185,-0.016353,0.482181,0.415185,-0.016351,0.482182,0.000000,0.002394
13.903000,0.133298,-0.428338,0.664462,-0.142214,0.042259,-0.310599,0.310599,3.000000,0.148360,0.000000,0.000000,-0.000121,0.000461,-0.000264,0.415185,-0.016353,0.482182,0.415185,-0.016351,0.482182,0.000000,0.002237
13.914000,0.068718,-0.425654,0.697791,-0.206794,0.044943,-0.277270,0.277270,3.000000,0.211621,0.000000,0.000000,-0.000258,0.000103,0.000170,0.415184,-0.016352,0.482182,0.415185,-0.016351,0.482182,0.000000,-0.001450
13.925000,0.064884,-0.350696,0.707252,-0.210629,0.119901,-0.267810,0.267810,3.000000,0.242365,0.000000,0.000000,-0.000586,0.000321,-0.000147,0.415184,-0.016352,0.482181,0.415185,-0.016351,0.482182,0.000000,0.001253
13.936000,0.121510,-0.340510,0.636213,-0.154002,0.130087,-0.338848,0.338848,3.000000,0.201592,0.000000,0.000000,0.000080,0.000531,0.000570,0.415185,-0.016350,0.482184,0.415185,-0.016351,0.482182,0.000000,-0.004868
13.947000,0.084724,-0.428339,0.681777,-0.190788,0.042258,-0.293284,0.293284,3.000000,0.195412,0.000000,0.000000,0.000030,0.000474,0.000985,0.415185,-0.016352,0.482184,0.415185,-0.016351,0.482182,0.000000,-0.008395
13.958000,0.140034,-0.408155,0.649172,-0.135478,0.062442,-0.325890,0.325890,3.000000,0.149175,0.000000,0.000000,0.000232,0.000509,-0.000859,0.415185,-0.016352,0.482180,0.415185,-0.016351,0.482182,0.000000,0.007321
13.969000,0.085223,-0.393649,0.660241,-0.190289,0.076948,-0.314820,0.314820,3.000000,0.205258,0.000000,0.000000,-0.000114,-0.000565,-0.000262,0.415184,-0.016352,0.482181,0.415185,-0.016351,0.482182,0.000000,0.002246
13.980000,0.067779,-0.357044,0.672386,-0.207733,0.113553,-0.302675,0.302675,3.000000,0.236743,0.000000,0.000000,-0.000013,0.000886,0.000090,0.415185,-0.016350,0.482182,0.415185,-0.016351,0.482182,0.000000,-0.000764
13.991000,0.127790,-0.440051,0.659043,-0.147722,0.030545,-0.316019,0.316019,3.000000,0.150847,0.000000,0.000000,-0.000353,0.000058,0.000006,0.415184,-0.016352,0.482181,0.415185,-0.016351,0.482182,0.000000,-0.000045
14.002000,0.108483,-0.361344,0.678853,-0.167029,0.109253,-0.296209,0.296209,3.000000,0.199587,0.000000,0.000000,0.000190,0.000006,0.000049,0.415185,-0.016353,0.482182,0.415185,-0.016351,0.482182,0.000000,-0.000431
14.013000,0.121560,-0.393484,0.653420,-0.153952,0.077112,-0.321641,0.321641,3.000000,0.172184,0.000000,0.000000,0.000323,0.000848,0.000167,0.415185,-0.016350,0.482181,0.415185,-0.016351,0.482182,0.000000,-0.001401
14.024000,0.175409,-0.371998,0.619100,-0.100103,0.098598,-0.355961,0.355961,3.000000,0.140507,0.000000,0.000000,-0.000253,-0.000018,-0.000022,0.415184,-0.016350,0.482180,0.415185,-0.016351,0.482182,0.000000,0.000223
14.035000,0.172342,-0.399653,0.650653,-0.103170,0.070944,-0.324409,0.324409,3.000000,0.125208,0.000000,0.000000,-0.000284,-0.000672,-0.000076,0.415184,-0.016354,0.482180,0.415185,-0.016351,0.482182,0.000000,0.000666
14.046000,0.154710,-0.399296,0.666226,-0.120802,0.071301,-0.308835,0.308835,3.000000,0.140275,0.000000,0.000000,0.000259,0.000527,-0.000299,0.415185,-0.016350,0.482180,0.415185,-0.016351,0.482182,0.000000,0.002573
14.057000,0.068642,-0.390227,0.720075,-0.206871,0.080370,-0.254987,0.254987,3.000000,0.221934,0.000000,0.000000,-0.000390,-0.000560,0.000046,0.415184,-0.016353,0.482182,0.415185,-0.016351,0.482182,0.000000,-0.000401
14.068000,0.122984,-0.383844,0.669246,-0.152528,0.086753,-0.305815,0.305815,3.000000,0.175473,0.000000,0.000000,-0.000171,-0.000439,0.000703,0.415184,-0.016353,0.482182,0.415185,-0.016351,0.482182,0.000000,-0.005979
14.079000,0.140936,-0.407612,0.664756,-0.134576,0.062984,-0.310306,0.310306,3.000000,0.148586,0.000000,0.000000,-0.000055,-0.000057,0.000443,0.415185,-0.016353,0.482182,0.415185,-0.016351,0.482182,0.000000,-0.003770
14.090000,0.057680,-0.377396,0.679135,-0.217832,0.093200,-0.295926,0.295926,3.000000,0.236933,0.000000,0.000000,0.000079,-0.001723,-0.000816,0.415185,-0.016355,0.482180,0.415185,-0.016351,0.482182,0.000000,0.006955
14.101000,0.102031,-0.391575,0.679940,-0.173481,0.079021,-0.295121,0.295121,3.000000,0.190631,0.000000,0.000000,-0.000321,0.000161,-0.000099,0.415184,-0.016352,0.482180,0.415185,-0.016351,0.482182,0.000000,0.000865
14.112000,0.181080,-0.378994,0.632456,-0.094432,0.091603,-0.342606,0.342606,3.000000,0.131562,0.000000,0.000000,0.000096,-0.000158,0.000285,0.415185,-0.016352,0.482182,0.415185,-0.016351,0.482182,0.000000,-0.002413
14.123000,0.117319,-0.365648,0.669026,-0.158193,0.104949,-0.306036,0.306036,3.000000,0.189840,0.000000,0.000000,0.000340,-0.000213,-0.000596,0.415184,-0.016353,0.482179,0.415185,-0.016351,0.482182,0.000000,0.005108
14.134000,0.106730,-0.357313,0.711173,-0.168782,0.113284,-0.263889,0.263889,3.000000,0.203275,0.000000,0.000000,-0.000396,-0.000699,-0.000222,0.415184,-0.016355,0.482181,0.415185,-0.016351,0.482182,0.000000,0.001894
14.145000,0.086314,-0.387769,0.714173,-0.189198,0.082827,-0.260888,0.260888,3.000000,0.206534,0.000000,0.000000,0.000052,0.000571,-0.000132,0.415184,-0.016352,0.482181,0.415185,-0.016351,0.482182,0.000000,0.001139
14.156000,0.120415,-0.374290,0.684810,-0.155097,0.096306,-0.290251,0.290251,3.000000,0.182565,0.000000,0.000000,0.000532,-0.000003,0.000990,0.415185,-0.016352,0.482184,0.415185,-0.016351,0.482182,0.000000,-0.008433
14.167000,0.154191,-0.376441,0.658091,-0.121321,0.094156,-0.316971,0.316971,3.000000,0.153571,0.000000,0.000000,-0.000210,0.000248,-0.000600,0.415184,-0.016352,0.482180,0.415185,-0.016351,0.482182,0.000000,0.005127
14.178000,0.159655,-0.360093,0.676694,-0.115857,0.110504,-0.298368,0.298368,3.000000,0.160106,0.000000,0.000000,0.000179,-0.000001,-0.000367,0.415185,-0.016352,0.482180,0.415185,-0.016351,0.482182,0.000000,0.003144
14.189000,0.132013,-0.364772,0.681781,-0.143499,0.105825,-0.293280,0.293280,3.000000,0.178300,0.000000,0.000000,0.000196,0.000409,0.000380,0.415185,-0.016350,0.482182,0.415185,-0.016351,0.482182,0.000000,-0.003228
14.200000,0.103021,-0.344287,0.695230,-0.172492,0.126310,-0.279832,0.279832,3.000000,0.213793,0.000000,0.000000,0.000227,0.000104,0.000286,0.415185,-0.016351,0.482182,0.415185,-0.016351,0.482182,0.000000,-0.002421
14.211000,0.080132,-0.377105,0.719317,-0.195380,0.093492,-0.255744,0.255744,3.000000,0.216596,0.000000,0.000000,0.000098,0.000355,-0.000174,0.415185,-0.016351,0.482182,0.415185,-0.016351,0.482182,0.000000,0.001472
14.222000,0.115022,-0.376224,0.672030,-0.160490,0.094373,-0.303032,0.303032,3.000000,0.186181,0.000000,0.000000,-0.000019,-0.000513,-0.000432,0.415184,-0.016354,0.482181,0.415185,-0.016351,0.482182,0.000000,0.003682
14.233000,0.121311,-0.354453,0.686577,-0.154201,0.116144,-0.288485,0.288485,3.000000,0.193048,0.000000,0.000000,-0.000008,0.000097,-0.000978,0.415185,-0.016351,0.482180,0.415185,-0.016351,0.482182,0.000000,0.008336
14.244000,0.141467,-0.385882,0.676935,-0.134045,0.084715,-0.298127,0.298127,3.000000,0.158570,0.000000,0.000000,-0.000223,-0.000029,-0.000320,0.415183,-0.016353,0.482180,0.415185,-0.016351,0.482182,0.000000,0.002753
14.255000,0.152956,-0.421872,0.686159,-0.122556,0.048724,-0.288903,0.288903,3.000000,0.131886,0.000000,0.000000,0.000122,-0.000063,-0.000462,0.415185,-0.016353,0.482181,0.415185,-0.016351,0.482182,0.000000,0.003938
14.266000,0.084260,-0.386343,0.714532,-0.191252,0.084254,-0.260529,0.260529,3.000000,0.208988,0.000000,0.000000,0.000320,-0.000525,-0.001406,0.415185,-0.016354,0.482179,0.415185,-0.016351,0.482182,0.000000,0.011977
14.277000,0.064650,-0.374618,0.705046,-0.210862,0.095979,-0.270016,0.270016,3.000000,0.231678,0.000000,0.000000,0.000442,0.000511,0.000457,0.415186,-0.016352,0.482183,0.415185,-0.016351,0.482182,0.000000,-0.003902
14.288000,0.153253,-0.385884,0.630099,-0.122259,0.084713,-0.344963,0.344963,3.000000,0.148740,0.000000,0.000000,0.000543,-0.000840,0.001092,0.415185,-0.016354,0.482184,0.415185,-0.016351,0.482182,0.000000,-0.009318
14.299000,0.154504,-0.354893,0.619496,-0.121009,0.115703,-0.355565,0.355565,3.000000,0.167423,0.000000,0.000000,-0.000006,-0.000355,0.000704,0.415184,-0.016354,0.482182,0.415185,-0.016351,0.482182,0.000000,-0.005973
14.310000,0.163903,-0.349792,0.652526,-0.111609,0.120805,-0.322536,0.322536,3.000000,0.164470,0.000000,0.000000,-0.000332,-0.000578,0.000191,0.415184,-0.016351,0.482182,0.415185,-0.016351,0.482182,0.000000,-0.001618
14.321000,0.124957,-0.355608,0.684117,-0.150555,0.114989,-0.290944,0.290944,3.000000,0.189444,0.000000,0.000000,-0.000198,0.000979,0.000209,0.415184,-0.016351,0.482182,0.415185,-0.016351,0.482182,0.000000,-0.001788
14.332000,0.140285,-0.391624,0.678502,-0.135227,0.078973,-0.296560,0.296560,3.000000,0.156598,0.000000,0.000000,-0.000096,-0.000265,0.000281,0.415184,-0.016352,0.482183,0.415185,-0.016351,0.482182,0.000000,-0.002417
14.343000,0.134835,-0.413696,0.654614,-0.140677,0.056900,-0.320447,0.320447,3.000000,0.151749,0.000000,0.000000,0.000911,0.000356,0.000902,0.415186,-0.016351,0.482184,0.415185,-0.016351,0.482182,0.000000,-0.007692
14.354000,0.104902,-0.351268,0.680152,-0.170610,0.119329,-0.294910,0.294910,3.000000,0.208200,0.000000,0.000000,-0.000129,-0.000362,0.000482,0.415185,-0.016351,0.482183,0.415185,-0.016351,0.482182,0.000000,-0.004111
14.365000,0.050927,-0.374061,0.686283,-0.224585,0.096536,-0.288778,0.288778,3.000000,0.244454,0.000000,0.000000,0.000228,-0.000357,-0.000022,0.415185,-0.016353,0.482182,0.415185,-0.016351,0.482182,0.000000,0.000180
14.376000,0.060210,-0.355821,0.672567,-0.215302,0.114776,-0.302495,0.302495,3.000000,0.243985,0.000000,0.000000,-0.000033,-0.000129,0.000315,0.415185,-0.016352,0.482183,0.415185,-0.016351,0.482182,0.000000,-0.002685
14.387000,0.102917,-0.400271,0.663804,-0.172596,0.070326,-0.311257,0.311257,3.000000,0.186373,0.000000,0.000000,-0.000340,0.000144,0.001283,0.415184,-0.016352,0.482185,0.415185,-0.016351,0.482182,0.000000,-0.010944
14.398000,0.135104,-0.406620,0.658555,-0.140408,0.063977,-0.316507,0.316507,3.000000,0.154296,0.000000,0.000000,-0.000193,0.000402,-0.000347,0.415185,-0.016351,0.482181,0.415185,-0.016351,0.482182,0.000000,0.002963
14.409000,0.117585,-0.384705,0.669151,-0.157927,0.085892,-0.305910,0.305910,3.000000,0.179773,0.000000,0.000000,-0.000259,0.000614,-0.000790,0.415184,-0.016351,0.482180,0.415185,-0.016351,0.482182,0.000000,0.006735
14.420000,0.112021,-0.387171,0.664947,-0.163492,0.083426,-0.310115,0.310115,3.000000,0.183547,0.000000,0.000000,0.000307,0.000195,0.000835,0.415185,-0.016351,0.482183,0.415185,-0.016351,0.482182,0.000000,-0.007118
14.431000,0.119880,-0.334266,0.677297,-0.155632,0.136330,-0.297765,0.297765,3.000000,0.206899,0.000000,0.000000,0.000059,-0.001085,-0.000559,0.415185,-0.016355,0.482181,0.415185,-0.016351,0.482182,0.000000,0.004758
14.442000,0.106097,-0.385501,0.692709,-0.169415,0.085095,-0.282353,0.282353,3.000000,0.189585,0.000000,0.000000,-0.000003,0.000939,-0.000379,0.415185,-0.016351,0.482181,0.415185,-0.016351,0.482182,0.000000,0.003229
14.453000,0.110039,-0.375982,0.684863,-0.165473,0.094615,-0.290199,0.290199,3.000000,0.190613,0.000000,0.000000,-0.000228,-0.000987,-0.000034,0.415184,-0.016354,0.482182,0.415185,-0.016351,0.482182,0.000000,0.000288
14.464000,0.107236,-0.417844,0.698192,-0.168276,0.052753,-0.276870,0.276870,3.000000,0.176351,0.000000,0.000000,-0.000479,-0.000134,-0.001323,0.415183,-0.016352,0.482178,0.415185,-0.016351,0.482182,0.000000,0.011296
14.475000,0.123357,-0.387464,0.686731,-0.152155,0.083133,-0.288331,0.288331,3.000000,0.173385,0.000000,0.000000,-0.000158,0.000149,-0.000336,0.415184,-0.016350,0.482180,0.415185,-0.016351,0.482182,0.000000,0.002874
14.486000,0.120992,-0.378006,0.669196,-0.154520,0.092590,-0.305865,0.305865,3.000000,0.180137,0.000000,0.000000,0.000462,-0.000392,0.000541,0.415185,-0.016351,0.482183,0.415185,-0.016351,0.482182,0.000000,-0.004617
14.497000,0.074004,-0.339238,0.695533,-0.201508,0.131359,-0.279529,0.279529,3.000000,0.240542,0.000000,0.000000,-0.000066,0.000081,0.000401,0.415184,-0.016352,0.482184,0.415185,-0.016351,0.482182,0.000000,-0.003439
14.508000,0.132318,-0.443729,0.689925,-0.143194,0.026867,-0.285136,0.285136,3.000000,0.145693,0.000000,0.000000,0.000402,0.000668,0.000593,0.415185,-0.016351,0.482182,0.415185,-0.016351,0.482182,0.000000,-0.005037
14.519000,0.171280,-0.378705,0.655729,-0.104232,0.091891,-0.319332,0.319332,3.000000,0.138955,0.000000,0.000000,-0.000186,0.000791,0.000590,0.415184,-0.016351,0.482183,0.415185,-0.016351,0.482182,0.000000,-0.005027
14.530000,0.196145,-0.391457,0.659537,-0.079367,0.079140,-0.315525,0.315525,3.000000,0.112081,0.000000,0.000000,-0.000182,0.000756,-0.000224,0.415184,-0.016351,0.482180,0.415185,-0.016351,0.482182,0.000000,0.001936
14.541000,0.168591,-0.360374,0.685184,-0.106921,0.110223,-0.289878,0.289878,3.000000,0.153561,0.000000,0.000000,-0.000230,-0.000417,-0.000513,0.415184,-0.016352,0.482180,0.415185,-0.016351,0.482182,0.000000,0.004384
14.552000,0.098742,-0.396339,0.692206,-0.176770,0.074257,-0.282855,0.282855,3.000000,0.191733,0.000000,0.000000,0.000387,0.000025,0.000522,0.415185,-0.016353,0.482183,0.415185,-0.016351,0.482182,0.000000,-0.004448
14.563000,0.165115,-0.427487,0.653598,-0.110397,0.043109,-0.321464,0.321464,3.000000,0.118516,0.000000,0.000000,0.000530,-0.000400,0.000757,0.415187,-0.016353,0.482185,0.415185,-0.016351,0.482182,0.000000,-0.006479
14.574000,0.160662,-0.368239,0.691997,-0.114850,0.102358,-0.283065,0.283065,3.000000,0.153843,0.000000,0.000000,-0.000290,0.000506,-0.000117,0.415185,-0.016350,0.482181,0.415185,-0.016351,0.482182,0.000000,0.001004
14.585000,0.103811,-0.373189,0.682521,-0.171702,0.097408,-0.292540,0.292540,3.000000,0.197408,0.000000,0.000000,0.000344,0.000175,0.000859,0.415185,-0.016351,0.482184,0.415185,-0.016351,0.482182,0.000000,-0.007318
14.596000,0.075559,-0.353455,0.677200,-0.199953,0.117141,-0.297862,0.297862,3.000000,0.231740,0.000000,0.000000,-0.000017,-0.000694,0.000264,0.415185,-0.016352,0.482183,0.415185,-0.016351,0.482182,0.000000,-0.002262
14.607000,0.074044,-0.361212,0.701810,-0.201469,0.109384,-0.273252,0.273252,3.000000,0.229248,0.000000,0.000000,0.000085,-0.000550,-0.000212,0.415185,-0.016352,0.482181,0.415185,-0.016351,0.482182,0.000000,0.001816
14.618000,0.146235,-0.372128,0.653603,-0.129277,0.098469,-0.321458,0.321458,3.000000,0.162507,0.000000,0.000000,0.000012,0.000414,-0.000391,0.415184,-0.016351,0.482181,0.415185,-0.016351,0.482182,0.000000,0.003335
14.629000,0.107560,-0.393051,0.668360,-0.167952,0.077546,-0.306701,0.306701,3.000000,0.184990,0.000000,0.000000,0.000107,-0.000353,-0.000045,0.415185,-0.016353,0.482180,0.415185,-0.016351,0.482182,0.000000,0.000420
14.640000,0.147649,-0.391500,0.650498,-0.127863,0.079097,-0.324563,0.324563,3.000000,0.150350,0.000000,0.000000,-0.000088,0.000029,0.000163,0.415183,-0.016353,0.482180,0.415185,-0.016351,0.482182,0.000000,-0.001356
14.651000,0.129862,-0.348583,0.652431,-0.145650,0.122014,-0.322631,0.322631,3.000000,0.190003,0.000000,0.000000,-0.000297,-0.000087,0.000030,0.415184,-0.016352,0.482181,0.415185,-0.016351,0.482182,0.000000,-0.000245
14.662000,0.132730,-0.420739,0.687752,-0.142782,0.049858,-0.287309,0.287309,3.000000,0.151237,0.000000,0.000000,0.000024,0.000345,-0.000169,0.415185,-0.016350,0.482182,0.415185,-0.016351,0.482182,0.000000,0.001435
14.673000,0.148804,-0.417794,0.700242,-0.126708,0.052803,-0.274819,0.274819,3.000000,0.137270,0.000000,0.000000,0.000230,0.000488,0.000127,0.415185,-0.016351,0.482182,0.415185,-0.016351,0.482182,0.000000,-0.001084
14.684000,0.158931,-0.401447,0.666499,-0.116581,0.069150,-0.308563,0.308563,3.000000,0.135547,0.000000,0.000000,-0.000402,-0.000747,-0.000430,0.415183,-0.016353,0.482180,0.415185,-0.016351,0.482182,0.000000,0.003674
14.695000,0.100263,-0.390410,0.681768,-0.175249,0.080186,-0.293293,0.293293,3.000000,0.192722,0.000000,0.000000,0.000211,-0.000852,-0.000300,0.415185,-0.016354,0.482182,0.415185,-0.016351,0.482182,0.000000,0.002546
14.706000,0.068621,-0.365813,0.723264,-0.206892,0.104783,-0.251798,0.251798,3.000000,0.231913,0.000000,0.000000,0.000318,0.000199,0.000084,0.415185,-0.016352,0.482183,0.415185,-0.016351,0.482182,0.000000,-0.000733
14.717000,0.150759,-0.427618,0.666232,-0.124753,0.042979,-0.308830,0.308830,3.000000,0.131949,0.000000,0.000000,-0.000168,-0.000097,0.000165,0.415184,-0.016352,0.482181,0.415185,-0.016351,0.482182,0.000000,-0.001390
14.728000,0.104931,-0.412875,0.670717,-0.170581,0.057721,-0.304345,0.304345,3.000000,0.180083,0.000000,0.000000,0.000306,0.000136,0.000198,0.415186,-0.016352,0.482184,0.415185,-0.016351,0.482182,0.000000,-0.001719
14.739000,0.097841,-0.388551,0.657966,-0.177672,0.082045,-0.317095,0.317095,3.000000,0.195700,0.000000,0.000000,0.000114,-0.000312,-0.000022,0.415185,-0.016352,0.482181,0.415185,-0.016351,0.482182,0.000000,0.000196
14.750000,0.097421,-0.417074,0.672539,-0.178092,0.053522,-0.302522,0.302522,3.000000,0.185960,0.000000,0.000000,0.000473,0.001039,-0.000296,0.415186,-0.016350,0.482181,0.415185,-0.016351,0.482182,0.000000,0.002524
14.761000,0.153892,-0.363446,0.643571,-0.121620,0.107151,-0.331491,0.331491,3.000000,0.162089,0.000000,0.000000,0.000323,-0.000246,-0.000025,0.415186,-0.016352,0.482182,0.415185,-0.016351,0.482182,0.000000,0.000208
14.772000,0.136908,-0.360738,0.678968,-0.138604,0.109858,-0.296094,0.296094,3.000000,0.176861,0.000000,0.000000,-0.000097,0.000024,-0.000404,0.415185,-0.016352,0.482182,0.415185,-0.016351,0.482182,0.000000,0.003431
14.783000,0.084893,-0.403561,0.682431,-0.190619,0.067036,-0.292630,0.292630,3.000000,0.202063,0.000000,0.000000,0.000117,0.000076,-0.000436,0.415184,-0.016351,0.482180,0.415185,-0.016351,0.482182,0.000000,0.003732
14.794000,0.127159,-0.376880,0.698603,-0.148353,0.093716,-0.276458,0.276458,3.000000,0.175475,0.000000,0.000000,0.000030,0.000070,-0.000958,0.415185,-0.016351,0.482179,0.415185,-0.016351,0.482182,0.000000,0.008171
14.805000,0.107706,-0.404116,0.700177,-0.167806,0.066481,-0.274885,0.274885,3.000000,0.180496,0.000000,0.000000,-0.000237,-0.000339,0.000101,0.415184,-0.016353,0.482180,0.415185,-0.016351,0.482182,0.000000,-0.000836
14.816000,0.161646,-0.343722,0.662029,-0.113866,0.126875,-0.313032,0.313032,3.000000,0.170478,0.000000,0.000000,-0.000091,-0.000253,0.000073,0.415185,-0.016354,0.482183,0.415185,-0.016351,0.482182,0.000000,-0.000629
14.827000,0.127044,-0.387763,0.697007,-0.148468,0.082834,-0.278055,0.278055,3.000000,0.170012,0.000000,0.000000,0.000172,-0.000126,0.000068,0.415185,-0.016353,0.482182,0.415185,-0.016351,0.482182,0.000000,-0.000581
14.838000,0.145210,-0.379601,0.681665,-0.130302,0.090996,-0.293396,0.293396,3.000000,0.158930,0.000000,0.000000,0.000169,0.000089,-0.000347,0.415185,-0.016351,0.482180,0.415185,-0.016351,0.482182,0.000000,0.002984
14.849000,0.134253,-0.372604,0.677615,-0.141259,0.097993,-0.297447,0.297447,3.000000,0.171920,0.000000,0.000000,-0.000038,0.000026,0.000376,0.415184,-0.016353,0.482182,0.415185,-0.016351,0.482182,0.000000,-0.003194
14.860000,0.105712,-0.358206,0.704186,-0.169800,0.112390,-0.270876,0.270876,3.000000,0.203627,0.000000,0.000000,0.000047,-0.000273,0.000053,0.415184,-0.016352,0.482183,0.415185,-0.016351,0.482182,0.000000,-0.000466
14.871000,0.095819,-0.402806,0.667183,-0.179693,0.067790,-0.307879,0.307879,3.000000,0.192055,0.000000,0.000000,0.000299,-0.000001,-0.000390,0.415185,-0.016352,0.482181,0.415185,-0.016351,0.482182,0.000000,0.003333
14.882000,0.083325,-0.352880,0.710161,-0.192187,0.117716,-0.264901,0.264901,3.000000,0.225373,0.000000,0.000000,0.000075,-0.000432,0.000046,0.415184,-0.016352,0.482182,0.415185,-0.016351,0.482182,0.000000,-0.000405
14.893000,0.093791,-0.343734,0.693162,-0.181721,0.126863,-0.281900,0.281900,3.000000,0.221623,0.000000,0.000000,0.000435,0.000164,-0.000548,0.415185,-0.016350,0.482181,0.415185,-0.016351,0.482182,0.000000,0.004666
14.904000,0.138969,-0.371189,0.674341,-0.136543,0.099407,-0.300721,0.300721,3.000000,0.168896,0.000000,0.000000,-0.000125,-0.000017,-0.000202,0.415185,-0.016353,0.482181,0.415185,-0.016351,0.482182,0.000000,0.001722
14.915000,0.193680,-0.427781,0.661342,-0.081832,0.042815,-0.313720,0.313720,3.000000,0.092356,0.000000,0.000000,0.000174,0.000495,0.000566,0.415185,-0.016351,0.482183,0.415185,-0.016351,0.482182,0.000000,-0.004820
14.926000,0.138658,-0.381775,0.688356,-0.136854,0.088821,-0.286705,0.286705,3.000000,0.163151,0.000000,0.000000,-0.000005,0.000018,-0.000122,0.415185,-0.016352,0.482181,0.415185,-0.016351,0.482182,0.000000,0.001048
14.937000,0.150319,-0.369433,0.673086,-0.125193,0.101163,-0.301975,0.301975,3.000000,0.160958,0.000000,0.000000,0.000168,-0.000298,0.001007,0.415185,-0.016352,0.482183,0.415185,-0.016351,0.482182,0.000000,-0.008566
14.948000,0.199886,-0.366632,0.643387,-0.075626,0.103964,-0.331675,0.331675,3.000000,0.128561,0.000000,0.000000,-0.000114,-0.000311,0.000073,0.415185,-0.016351,0.482181,0.415185,-0.016351,0.482182,0.000000,-0.000603
14.959000,0.131091,-0.396157,0.644339,-0.144421,0.074439,-0.330722,0.330722,3.000000,0.162476,0.000000,0.000000,0.000114,0.000967,0.001289,0.415185,-0.016349,0.482185,0.415185,-0.016351,0.482182,0.000000,-0.010989
14.970000,0.102766,-0.418357,0.620320,-0.172746,0.052240,-0.354742,0.354742,3.000000,0.180472,0.000000,0.000000,0.000338,0.000360,0.000496,0.415185,-0.016351,0.482182,0.415185,-0.016351,0.482182,0.000000,-0.004207
14.981000,0.094405,-0.404329,0.665426,-0.181107,0.066268,-0.309636,0.309636,3.000000,0.192850,0.000000,0.000000,0.000055,0.000789,-0.000122,0.415184,-0.016351,0.482180,0.415185,-0.016351,0.482182,0.000000,0.001065
14.992000,0.045645,-0.373398,0.687435,-0.229867,0.097199,-0.287626,0.287626,3.000000,0.249572,0.000000,0.000000,-0.000045,0.000706,-0.000266,0.415185,-0.016350,0.482180,0.415185,-0.016351,0.482182,0.000000,0.002293
15.003000,0.120872,-0.392334,0.648112,-0.154640,0.078263,-0.326949,0.326949,3.000000,0.173317,0.000000,0.000000,-0.000274,0.000666,-0.000390,0.415184,-0.016351,0.482181,0.415185,-0.016351,0.482182,0.000000,0.003319
15.014000,0.079970,-0.435490,0.714032,-0.195543,0.035107,-0.261030,0.261030,3.000000,0.198669,0.000000,0.000000,0.000373,-0.000123,0.000569,0.415185,-0.016353,0.482183,0.415185,-0.016351,0.482182,0.000000,-0.004846
15.025000,0.115926,-0.370155,0.695541,-0.159586,0.100442,-0.279521,0.279521,3.000000,0.188564,0.000000,0.000000,-0.000127,0.000623,-0.000144,0.415184,-0.016351,0.482182,0.415185,-0.016351,0.482182,0.000000,0.001214
15.036000,0.107809,-0.335725,0.698882,-0.167703,0.134872,-0.276179,0.276179,3.000000,0.215208,0.000000,0.000000,-0.000074,0.000056,-0.000603,0.415184,-0.016351,0.482181,0.415185,-0.016351,0.482182,0.000000,0.005135
15.047000,0.155164,-0.385893,0.676948,-0.120348,0.084704,-0.298113,0.298113,3.000000,0.147168,0.000000,0.000000,0.000115,-0.000143,0.001222,0.415185,-0.016353,0.482183,0.415185,-0.016351,0.482182,0.000000,-0.010400
15.058000,0.157811,-0.337604,0.660947,-0.117701,0.132992,-0.314115,0.314115,3.000000,0.177597,0.000000,0.000000,-0.000064,0.000130,0.000056,0.415185,-0.016351,0.482182,0.415185,-0.016351,0.482182,0.000000,-0.000480
15.069000,0.152393,-0.432029,0.652112,-0.123120,0.038568,-0.322950,0.322950,3.000000,0.129019,0.000000,0.000000,0.000014,0.000475,-0.000242,0.415185,-0.016351,0.482181,0.415185,-0.016351,0.482182,0.000000,0.002061
15.080000,0.152021,-0.353998,0.662033,-0.123491,0.116598,-0.313028,0.313028,3.000000,0.169839,0.000000,0.000000,-0.000004,-0.000330,-0.001065,0.415185,-0.016353,0.482178,0.415185,-0.016351,0.482182,0.000000,0.009096
15.091000,0.121427,-0.419104,0.659616,-0.154086,0.051493,-0.315445,0.315445,3.000000,0.162462,0.000000,0.000000,0.000452,0.000825,-0.000109,0.415185,-0.016350,0.482180,0.415185,-0.016351,0.482182,0.000000,0.000954
15.102000,0.105088,-0.401765,0.665876,-0.170424,0.068831,-0.309186,0.309186,3.000000,0.183799,0.000000,0.000000,-0.000010,0.000521,-0.000278,0.415185,-0.016351,0.482181,0.415185,-0.016351,0.482182,0.000000,0.002373
15.113000,0.099552,-0.348602,0.685970,-0.175960,0.121995,-0.289091,0.289091,3.000000,0.214114,0.000000,0.000000,0.000056,-0.000343,-0.000080,0.415184,-0.016351,0.482180,0.415185,-0.016351,0.482182,0.000000,0.000710
15.124000,0.093798,-0.378216,0.688405,-0.181714,0.092380,-0.286657,0.286657,3.000000,0.203848,0.000000,0.000000,-0.000142,0.000186,0.000526,0.415185,-0.016352,0.482183,0.415185,-0.016351,0.482182,0.000000,-0.004475
15.135000,0.099765,-0.343380,0.709266,-0.175747,0.127216,-0.265796,0.265796,3.000000,0.216959,0.000000,0.000000,-0.000452,-0.000552,-0.000362,0.415184,-0.016353,0.482181,0.415185,-0.016351,0.482182,0.000000,0.003078
15.146000,0.156857,-0.418864,0.670922,-0.118656,0.051733,-0.304140,0.304140,3.000000,0.129443,0.000000,0.000000,0.000076,0.000922,0.000138,0.415184,-0.016350,0.482182,0.415185,-0.016351,0.482182,0.000000,-0.001177
15.157000,0.114469,-0.399446,0.690351,-0.161043,0.071151,-0.284710,0.284710,3.000000,0.176061,0.000000,0.000000,0.000095,-0.000392,0.000613,0.415185,-0.016353,0.482182,0.415185,-0.016351,0.482182,0.000000,-0.005203
15.168000,0.114823,-0.429240,0.682847,-0.160689,0.041356,-0.292215,0.292215,3.000000,0.165925,0.000000,0.000000,-0.000380,0.000364,-0.000086,0.415183,-0.016351,0.482181,0.415185,-0.016351,0.482182,0.000000,0.000738
15.179000,0.083360,-0.321527,0.703105,-0.192153,0.149069,-0.271957,0.271957,3.000000,0.243196,0.000000,0.000000,-0.000246,-0.000621,0.000374,0.415185,-0.016353,0.482183,0.415185,-0.016351,0.482182,0.000000,-0.003184
15.190000,0.126320,-0.303071,0.670388,-0.149192,0.167525,-0.304673,0.304673,3.000000,0.224328,0.000000,0.000000,0.000007,-0.000763,0.000405,0.415184,-0.016353,0.482184,0.415185,-0.016351,0.482182,0.000000,-0.003470
15.201000,0.076900,-0.362712,0.673551,-0.198612,0.107884,-0.301511,0.301511,3.000000,0.226022,0.000000,0.000000,0.000218,0.000451,0.000157,0.415184,-0.016353,0.482182,0.415185,-0.016351,0.482182,0.000000,-0.001331
15.212000,0.135362,-0.397085,0.618005,-0.140151,0.073511,-0.357057,0.357057,3.000000,0.158259,0.000000,0.000000,-0.000174,0.000528,0.000584,0.415184,-0.016349,0.482181,0.415185,-0.016351,0.482182,0.000000,-0.004938
15.223000,0.148709,-0.396464,0.653530,-0.126803,0.074132,-0.321532,0.321532,3.000000,0.146883,0.000000,0.000000,0.000108,-0.000393,0.000064,0.415185,-0.016352,0.482182,0.415185,-0.016351,0.482182,0.000000,-0.000540
15.234000,0.078464,-0.361431,0.713000,-0.197048,0.109166,-0.262062,0.262062,3.000000,0.225267,0.000000,0.000000,-0.000011,0.000400,-0.000677,0.415184,-0.016350,0.482179,0.415185,-0.016351,0.482182,0.000000,0.005792
15.245000,0.123316,-0.409929,0.695037,-0.152196,0.060668,-0.280024,0.280024,3.000000,0.163842,0.000000,0.000000,-0.000043,0.000131,-0.000910,0.415185,-0.016352,0.482180,0.415185,-0.016351,0.482182,0.000000,0.007755
15.256000,0.098086,-0.377134,0.699208,-0.177427,0.093463,-0.275854,0.275854,3.000000,0.200538,0.000000,0.000000,0.000213,-0.000691,-0.000115,0.415185,-0.016354,0.482182,0.415185,-0.016351,0.482182,0.000000,0.000975
15.267000,0.106278,-0.394382,0.719991,-0.169234,0.076215,-0.255071,0.255071,3.000000,0.185604,0.000000,0.000000,0.000197,-0.000167,0.000923,0.415185,-0.016352,0.482183,0.415185,-0.016351,0.482182,0.000000,-0.007864
15.278000,0.115396,-0.323510,0.682237,-0.160117,0.147086,-0.292824,0.292824,3.000000,0.217421,0.000000,0.000000,0.000060,-0.000623,0.000492,0.415185,-0.016353,0.482181,0.415185,-0.016351,0.482182,0.000000,-0.004156
15.289000,0.122155,-0.381875,0.674176,-0.153357,0.088721,-0.300885,0.300885,3.000000,0.177172,0.000000,0.000000,0.000314,-0.000377,0.000322,0.415185,-0.016353,0.482183,0.415185,-0.016351,0.482182,0.000000,-0.002762
15.300000,0.079016,-0.384240,0.655656,-0.196496,0.086357,-0.319406,0.319406,3.000000,0.214635,0.000000,0.000000,0.000363,-0.001340,0.000771,0.415185,-0.016354,0.482184,0.415185,-0.016351,0.482182,0.000000,-0.006577
15.311000,0.093020,-0.384561,0.659043,-0.182492,0.086036,-0.316019,0.316019,3.000000,0.201756,0.000000,0.000000,0.000202,0.000558,0.000487,0.415184,-0.016352,0.482182,0.415185,-0.016351,0.482182,0.000000,-0.004142
15.322000,0.121080,-0.383394,0.683131,-0.154432,0.087203,-0.291930,0.291930,3.000000,0.177352,0.000000,0.000000,-0.000170,0.000205,-0.000477,0.415184,-0.016351,0.482179,0.415185,-0.016351,0.482182,0.000000,0.004091
15.333000,0.121756,-0.397275,0.663554,-0.153756,0.073322,-0.311508,0.311508,3.000000,0.170344,0.000000,0.000000,-0.000088,-0.000260,-0.000464,0.415184,-0.016353,0.482180,0.415185,-0.016351,0.482182,0.000000,0.003974
15.344000,0.084768,-0.379180,0.680502,-0.190744,0.091417,-0.294560,0.294560,3.000000,0.211519,0.000000,0.000000,-0.000144,0.000236,-0.000250,0.415184,-0.016352,0.482181,0.415185,-0.016351,0.482182,0.000000,0.002131
15.355000,0.090119,-0.354943,0.687239,-0.185393,0.115654,-0.287823,0.287823,3.000000,0.218509,0.000000,0.000000,0.000309,-0.001136,-0.000973,0.415185,-0.016354,0.482180,0.415185,-0.016351,0.482182,0.000000,0.008288
15.366000,0.046388,-0.382441,0.701317,-0.229124,0.088155,-0.273745,0.273745,3.000000,0.245498,0.000000,0.000000,0.000287,-0.000604,-0.000997,0.415185,-0.016352,0.482180,0.415185,-0.016351,0.482182,0.000000,0.008486
15.377000,0.130573,-0.406801,0.670588,-0.144939,0.063795,-0.304473,0.304473,3.000000,0.158358,0.000000,0.000000,-0.000009,-0.000221,0.000086,0.415184,-0.016352,0.482183,0.415185,-0.016351,0.482182,0.000000,-0.000745
15.388000,0.092920,-0.383400,0.661879,-0.182592,0.087197,-0.313182,0.313182,3.000000,0.202344,0.000000,0.000000,-0.000081,0.000343,0.000040,0.415184,-0.016352,0.482181,0.415185,-0.016351,0.482182,0.000000,-0.000319
15.399000,0.137948,-0.369815,0.644635,-0.137564,0.100782,-0.330426,0.330426,3.000000,0.170531,0.000000,0.000000,0.000291,-0.000662,0.000537,0.415186,-0.016354,0.482183,0.415185,-0.016351,0.482182,0.000000,-0.004580
15.410000,0.102739,-0.345173,0.675123,-0.172773,0.125423,-0.299938,0.299938,3.000000,0.213498,0.000000,0.000000,-0.000392,0.000183,0.000823,0.415183,-0.016351,0.482182,0.415185,-0.016351,0.482182,0.000000,-0.006977
15.421000,0.114273,-0.374440,0.681758,-0.161240,0.096156,-0.293303,0.293303,3.000000,0.187734,0.000000,0.000000,-0.000097,-0.001111,0.000364,0.415184,-0.016354,0.482182,0.415185,-0.016351,0.482182,0.000000,-0.003097
15.432000,0.095601,-0.365111,0.666426,-0.179911,0.105485,-0.308636,0.308636,3.000000,0.208555,0.000000,0.000000,0.000330,-0.000215,0.000434,0.415186,-0.016354,0.482183,0.415185,-0.016351,0.482182,0.000000,-0.003702
15.443000,0.107181,-0.411635,0.672824,-0.168331,0.058962,-0.302237,0.302237,3.000000,0.178359,0.000000,0.000000,0.000205,0.000412,-0.000162,0.415184,-0.016352,0.482180,0.415185,-0.016351,0.482182,0.000000,0.001396
15.454000,0.092394,-0.383891,0.687564,-0.183118,0.086705,-0.287497,0.287497,3.000000,0.202608,0.000000,0.000000,-0.000312,0.000168,0.000354,0.415184,-0.016351,0.482182,0.415185,-0.016351,0.482182,0.000000,-0.002997
15.465000,0.119694,-0.363371,0.648599,-0.155818,0.107226,-0.326463,0.326463,3.000000,0.189147,0.000000,0.000000,-0.000005,0.000236,-0.000660,0.415184,-0.016350,0.482181,0.415185,-0.016351,0.482182,0.000000,0.005624
15.476000,0.073521,-0.351958,0.709424,-0.201991,0.118638,-0.265638,0.265638,3.000000,0.234255,0.000000,0.000000,-0.000173,-0.000135,0.000289,0.415184,-0.016351,0.482182,0.415185,-0.016351,0.482182,0.000000,-0.002460
15.487000,0.078637,-0.354473,0.687220,-0.196875,0.116123,-0.287842,0.287842,3.000000,0.228570,0.000000,0.000000,0.000387,0.000653,-0.000043,0.415185,-0.016349,0.482181,0.415185,-0.016351,0.482182,0.000000,0.000377
15.498000,0.110397,-0.360004,0.665846,-0.165116,0.110593,-0.309215,0.309215,3.000000,0.198731,0.000000,0.000000,0.000310,0.000246,0.000668,0.415184,-0.016350,0.482182,0.415185,-0.016351,0.482182,0.000000,-0.005676
15.509000,0.116178,-0.388733,0.672856,-0.159335,0.081864,-0.302205,0.302205,3.000000,0.179135,0.000000,0.000000,0.000159,-0.001003,0.000023,0.415185,-0.016353,0.482181,0.415185,-0.016351,0.482182,0.000000,-0.000189
15.520000,0.139356,-0.377345,0.665872,-0.136156,0.093252,-0.309190,0.309190,3.000000,0.165029,0.000000,0.000000,0.000324,-0.000099,-0.000379,0.415185,-0.016351,0.482180,0.415185,-0.016351,0.482182,0.000000,0.003249
15.531000,0.102029,-0.408257,0.690830,-0.173483,0.062340,-0.284232,0.284232,3.000000,0.184344,0.000000,0.000000,0.000316,0.000000,0.000404,0.415185,-0.016351,0.482183,0.415185,-0.016351,0.482182,0.000000,-0.003444
15.542000,0.123040,-0.395429,0.688111,-0.152472,0.075167,-0.286951,0.286951,3.000000,0.169994,0.000000,0.000000,-0.000427,0.000186,-0.000384,0.415184,-0.016351,0.482181,0.415185,-0.016351,0.482182,0.000000,0.003270
15.553000,0.142630,-0.367798,0.679460,-0.132882,0.102799,-0.295602,0.295602,3.000000,0.168004,0.000000,0.000000,-0.000206,-0.000196,0.000519,0.415184,-0.016353,0.482181,0.415185,-0.016351,0.482182,0.000000,-0.004392
15.564000,0.119249,-0.433109,0.658427,-0.156263,0.037488,-0.316634,0.316634,3.000000,0.160697,0.000000,0.000000,0.000059,0.000127,-0.000119,0.415185,-0.016351,0.482183,0.415185,-0.016351,0.482182,0.000000,0.000995
15.575000,0.129538,-0.382629,0.700355,-0.145974,0.087967,-0.274707,0.274707,3.000000,0.170430,0.000000,0.000000,-0.000555,0.000466,0.000087,0.415184,-0.016351,0.482182,0.415185,-0.016351,0.482182,0.000000,-0.000746
15.586000,0.154630,-0.386115,0.667472,-0.120882,0.084481,-0.307590,0.307590,3.000000,0.147477,0.000000,0.000000,-0.000291,0.000345,-0.000150,0.415184,-0.016351,0.482181,0.415185,-0.016351,0.482182,0.000000,0.001283
15.597000,0.102530,-0.391566,0.659788,-0.172982,0.079030,-0.315273,0.315273,3.000000,0.190180,0.000000,0.000000,-0.000018,-0.000162,0.000624,0.415185,-0.016353,0.482181,0.415185,-0.016351,0.482182,0.000000,-0.005290
15.608000,0.149159,-0.349710,0.621283,-0.126353,0.120886,-0.353778,0.353778,3.000000,0.174867,0.000000,0.000000,-0.000140,0.000124,0.000744,0.415184,-0.016351,0.482183,0.415185,-0.016351,0.482182,0.000000,-0.006339
15.619000,0.134360,-0.374962,0.674689,-0.141152,0.095634,-0.300373,0.300373,3.000000,0.170499,0.000000,0.000000,-0.000319,-0.001033,0.000225,0.415184,-0.016354,0.482181,0.415185,-0.016351,0.482182,0.000000,-0.001892
15.630000,0.101842,-0.364508,0.695545,-0.173670,0.106089,-0.279516,0.279516,3.000000,0.203509,0.000000,0.000000,0.000010,-0.000287,-0.000365,0.415185,-0.016353,0.482182,0.415185,-0.016351,0.482182,0.000000,0.003098
15.641000,0.083478,-0.425933,0.720768,-0.192034,0.044663,-0.254294,0.254294,3.000000,0.197160,0.000000,0.000000,0.000462,0.000678,-0.001096,0.415186,-0.016352,0.482179,0.415185,-0.016351,0.482182,0.000000,0.009340
15.652000,0.085479,-0.392094,0.677710,-0.190033,0.078503,-0.297351,0.297351,3.000000,0.205609,0.000000,0.000000,0.000312,-0.000054,-0.000652,0.415185,-0.016351,0.482180,0.415185,-0.016351,0.482182,0.000000,0.005562
15.663000,0.078697,-0.368715,0.673537,-0.196815,0.101881,-0.301525,0.301525,3.000000,0.221621,0.000000,0.000000,-0.000391,-0.000366,-0.000334,0.415184,-0.016352,0.482181,0.415185,-0.016351,0.482182,0.000000,0.002845
15.674000,0.087231,-0.369825,0.687492,-0.188281,0.100772,-0.287570,0.287570,3.000000,0.213553,0.000000,0.000000,0.000011,-0.000295,-0.000368,0.415185,-0.016354,0.482180,0.415185,-0.016351,0.482182,0.000000,0.003153
15.685000,0.110771,-0.371058,0.661222,-0.164741,0.099539,-0.313839,0.313839,3.000000,0.192477,0.000000,0.000000,-0.000214,0.000466,-0.000099,0.415185,-0.016351,0.482180,0.415185,-0.016351,0.482182,0.000000,0.000869
15.696000,0.100517,-0.390124,0.658217,-0.174995,0.080473,-0.316844,0.316844,3.000000,0.192612,0.000000,0.000000,-0.000150,0.000915,0.000780,0.415183,-0.016350,0.482183,0.415185,-0.016351,0.482182,0.000000,-0.006641
15.707000,0.121752,-0.384466,0.672279,-0.153760,0.086131,-0.302782,0.302782,3.000000,0.176240,0.000000,0.000000,-0.000126,0.000365,-0.000183,0.415184,-0.016352,0.482180,0.415185,-0.016351,0.482182,0.000000,0.001589
15.718000,0.106230,-0.407532,0.654913,-0.169282,0.063065,-0.320148,0.320148,3.000000,0.180648,0.000000,0.000000,-0.000026,0.000022,-0.000204,0.415184,-0.016351,0.482181,0.415185,-0.016351,0.482182,0.000000,0.001740
15.729000,0.064396,-0.387029,0.710578,-0.211116,0.083567,-0.264484,0.264484,3.000000,0.227054,0.000000,0.000000,0.000134,0.000318,-0.000022,0.415185,-0.016351,0.482182,0.415185,-0.016351,0.482182,0.000000,0.000186
15.740000,0.088258,-0.413084,0.667487,-0.187254,0.057513,-0.307574,0.307574,3.000000,0.195887,0.000000,0.000000,-0.000259,0.000765,0.000285,0.415184,-0.016351,0.482184,0.415185,-0.016351,0.482182,0.000000,-0.002462
15.751000,0.148023,-0.339824,0.648434,-0.127489,0.130772,-0.326628,0.326628,3.000000,0.182633,0.000000,0.000000,-0.000117,0.000092,0.000102,0.415184,-0.016350,0.482181,0.415185,-0.016351,0.482182,0.000000,-0.000853
15.762000,0.128751,-0.329735,0.678472,-0.146761,0.140861,-0.296590,0.296590,3.000000,0.203422,0.000000,0.000000,0.000379,-0.000380,-0.000419,0.415185,-0.016353,0.482180,0.415185,-0.016351,0.482182,0.000000,0.003590
15.773000,0.099230,-0.394454,0.669221,-0.176282,0.076142,-0.305841,0.305841,3.000000,0.192024,0.000000,0.000000,-0.000139,-0.000456,-0.000938,0.415185,-0.016353,0.482178,0.415185,-0.016351,0.482182,0.000000,0.008021
15.784000,0.138746,-0.402231,0.689779,-0.136766,0.068365,-0.285283,0.285283,3.000000,0.152901,0.000000,0.000000,0.000167,-0.000617,0.000520,0.415185,-0.016353,0.482183,0.415185,-0.016351,0.482182,0.000000,-0.004430
15.795000,0.100332,-0.372655,0.699684,-0.175181,0.097942,-0.275377,0.275377,3.000000,0.200701,0.000000,0.000000,-0.000261,0.000083,0.000666,0.415185,-0.016352,0.482183,0.415185,-0.016351,0.482182,0.000000,-0.005680
15.806000,0.103741,-0.393987,0.681315,-0.171771,0.076609,-0.293746,0.293746,3.000000,0.188081,0.000000,0.000000,0.000067,0.001339,0.000311,0.415184,-0.016350,0.482183,0.415185,-0.016351,0.482182,0.000000,-0.002650
15.817000,0.095445,-0.422478,0.689856,-0.180067,0.048119,-0.285206,0.285206,3.000000,0.186386,0.000000,0.000000,-0.000381,0.000560,0.000051,0.415184,-0.016352,0.482181,0.415185,-0.016351,0.482182,0.000000,-0.000413
15.828000,0.134979,-0.397858,0.664569,-0.140533,0.072738,-0.310492,0.310492,3.000000,0.158241,0.000000,0.000000,-0.000074,0.001004,0.000080,0.415185,-0.016351,0.482181,0.415185,-0.016351,0.482182,0.000000,-0.000674
15.839000,0.110336,-0.418862,0.632151,-0.165176,0.051734,-0.342911,0.342911,3.000000,0.173088,0.000000,0.000000,-0.000322,-0.000135,0.000428,0.415184,-0.016353,0.482183,0.415185,-0.016351,0.482182,0.000000,-0.003658
15.850000,0.127025,-0.397723,0.666832,-0.148487,0.072874,-0.308229,0.308229,3.000000,0.165406,0.000000,0.000000,-0.000055,-0.000132,-0.000199,0.415185,-0.016351,0.482181,0.415185,-0.016351,0.482182,0.000000,0.001709
15.861000,0.059151,-0.321745,0.704039,-0.216361,0.148851,-0.271022,0.271022,3.000000,0.262619,0.000000,0.000000,0.000039,0.000055,0.000399,0.415185,-0.016352,0.482181,0.415185,-0.016351,0.482182,0.000000,-0.003380
15.872000,0.092468,-0.391782,0.646650,-0.183044,0.078815,-0.328411,0.328411,3.000000,0.199291,0.000000,0.000000,0.000145,0.000840,0.000365,0.415185,-0.016350,0.482182,0.415185,-0.016351,0.482182,0.000000,-0.003102
15.883000,0.101064,-0.370708,0.657633,-0.174449,0.099888,-0.317428,0.317428,3.000000,0.201022,0.000000,0.000000,0.000367,-0.000694,0.000940,0.415185,-0.016354,0.482184,0.415185,-0.016351,0.482182,0.000000,-0.008011
15.894000,0.103631,-0.360935,0.668166,-0.171882,0.109662,-0.306896,0.306896,3.000000,0.203885,0.000000,0.000000,-0.000089,0.000067,0.000562,0.415184,-0.016352,0.482182,0.415185,-0.016351,0.482182,0.000000,-0.004768
15.905000,0.181933,-0.379865,0.640133,-0.093579,0.090732,-0.334928,0.334928,3.000000,0.130343,0.000000,0.000000,-0.000047,0.000049,0.000129,0.415185,-0.016352,0.482182,0.415185,-0.016351,0.482182,0.000000,-0.001105
15.916000,0.157853,-0.412149,0.668577,-0.117659,0.058447,-0.306485,0.306485,3.000000,0.131376,0.000000,0.000000,-0.000345,-0.000616,0.000264,0.415184,-0.016353,0.482184,0.415185,-0.016351,0.482182,0.000000,-0.002274
15.927000,0.108363,-0.367082,0.708928,-0.167149,0.103514,-0.266133,0.266133,3.000000,0.196606,0.000000,0.000000,0.000000,0.000175,-0.000638,0.415184,-0.016352,0.482180,0.415185,-0.016351,0.482182,0.000000,0.005451
15.938000,0.088219,-0.391845,0.706659,-0.187293,0.078751,-0.268402,0.268402,3.000000,0.203176,0.000000,0.000000,-0.000526,-0.000421,-0.000854,0.415184,-0.016353,0.482180,0.415185,-0.016351,0.482182,0.000000,0.007274
15.949000,0.127048,-0.357586,0.679876,-0.148464,0.113011,-0.295186,0.295186,3.000000,0.186583,0.000000,0.000000,-0.000128,0.000417,0.000041,0.415185,-0.016351,0.482183,0.415185,-0.016351,0.482182,0.000000,-0.000361
15.960000,0.088267,-0.416028,0.691371,-0.187245,0.054568,-0.283691,0.283691,3.000000,0.195035,0.000000,0.000000,0.000000,0.000330,-0.000700,0.415185,-0.016352,0.482179,0.415185,-0.016351,0.482182,0.000000,0.005996
15.971000,0.127813,-0.441103,0.665850,-0.147699,0.029494,-0.309212,0.309212,3.000000,0.150615,0.000000,0.000000,0.000261,-0.000172,0.001027,0.415184,-0.016353,0.482183,0.415185,-0.016351,0.482182,0.000000,-0.008737
15.982000,0.109800,-0.385919,0.689480,-0.165713,0.084678,-0.285581,0.285581,3.000000,0.186094,0.000000,0.000000,-0.000086,0.000483,-0.000525,0.415185,-0.016351,0.482181,0.415185,-0.016351,0.482182,0.000000,0.004479
15.993000,0.066112,-0.376025,0.706595,-0.209401,0.094571,-0.268466,0.268466,3.000000,0.229766,0.000000,0.000000,0.000090,-0.000001,-0.000012,0.415185,-0.016353,0.482181,0.415185,-0.016351,0.482182,0.000000,0.000121
16.004000,0.138957,-0.388911,0.641116,-0.136556,0.081686,-0.333946,0.333946,3.000000,0.159123,0.000000,0.000000,0.000130,0.000260,-0.000172,0.415186,-0.016351,0.482182,0.415185,-0.016351,0.482182,0.000000,0.001461
16.014000,0.084901,-0.342330,0.675287,-0.190611,0.128267,-0.299775,0.299775,3.000000,0.229750,0.000000,0.000000,0.000074,0.000260,0.000598,0.415185,-0.016352,0.482183,0.415185,-0.016351,0.482182,0.000000,-0.005091
16.024000,0.108565,-0.348755,0.652216,-0.166947,0.121842,-0.322846,0.322846,3.000000,0.206680,0.000000,0.000000,-0.000768,-0.000344,0.000732,0.415182,-0.016353,0.482183,0.415185,-0.016351,0.482182,0.000000,-0.006235
16.034000,0.051764,-0.363121,0.693801,-0.223748,0.107476,-0.281261,0.281261,3.000000,0.248222,0.000000,0.000000,0.000111,0.000240,0.000676,0.415185,-0.016351,0.482184,0.415185,-0.016351,0.482182,0.000000,-0.005781
16.044000,0.098730,-0.408111,0.669599,-0.176782,0.062486,-0.305463,0.305463,3.000000,0.187501,0.000000,0.000000,0.000455,-0.000109,0.001244,0.415186,-0.016352,0.482185,0.415185,-0.016351,0.482182,0.000000,-0.010604
16.054000,0.149418,-0.405179,0.669916,-0.126094,0.065417,-0.305146,0.305146,3.000000,0.142053,0.000000,0.000000,0.000008,-0.000663,0.000596,0.415185,-0.016353,0.482181,0.415185,-0.016351,0.482182,0.000000,-0.005047
16.064000,0.137011,-0.388060,0.667021,-0.138501,0.082536,-0.308041,0.308041,3.000000,0.161229,0.000000,0.000000,0.000487,-0.000026,-0.000500,0.415185,-0.016351,0.482180,0.415185,-0.016351,0.482182,0.000000,0.004270
16.074000,0.207607,-0.394252,0.639372,-0.067905,0.076344,-0.335689,0.335689,3.000000,0.102174,0.000000,0.000000,-0.000085,0.000564,0.001085,0.415185,-0.016350,0.482183,0.415185,-0.016351,0.482182,0.000000,-0.009226
16.084000,0.150331,-0.351840,0.652474,-0.125181,0.118756,-0.322588,0.322588,3.000000,0.172549,0.000000,0.000000,-0.000115,-0.000107,-0.000440,0.415184,-0.016352,0.482179,0.415185,-0.016351,0.482182,0.000000,0.003775
16.094000,0.133144,-0.349760,0.685279,-0.142368,0.120837,-0.289783,0.289783,3.000000,0.186735,0.000000,0.000000,-0.000638,-0.000330,0.000760,0.415184,-0.016352,0.482183,0.415185,-0.016351,0.482182,0.000000,-0.006479
16.104000,0.142316,-0.381517,0.668504,-0.133196,0.089080,-0.306557,0.306557,3.000000,0.160239,0.000000,0.000000,0.000031,-0.000734,0.000100,0.415185,-0.016353,0.482182,0.415185,-0.016351,0.482182,0.000000,-0.000860
16.114000,0.109562,-0.406167,0.697059,-0.165950,0.064430,-0.278002,0.278002,3.000000,0.178018,0.000000,0.000000,0.000256,0.001390,-0.000303,0.415185,-0.016351,0.482181,0.415185,-0.016351,0.482182,0.000000,0.002585
16.124000,0.124261,-0.482918,0.696796,-0.151251,-0.012322,-0.278266,0.278266,3.000000,0.151752,0.000000,0.000000,-0.000170,-0.000016,-0.000311,0.415185,-0.016352,0.482182,0.415185,-0.016351,0.482182,0.000000,0.002639
16.134000,0.096682,-0.363951,0.734728,-0.178830,0.106646,-0.240333,0.240333,3.000000,0.208215,0.000000,0.000000,-0.000298,0.000141,-0.000229,0.415184,-0.016351,0.482181,0.415185,-0.016351,0.482182,0.000000,0.001954
16.144000,0.091137,-0.384896,0.744298,-0.184375,0.085701,-0.230763,0.230763,3.000000,0.203319,0.000000,0.000000,0.000367,0.000384,0.000004,0.415185,-0.016352,0.482181,0.415185,-0.016351,0.482182,0.000000,-0.000022
16.154000,0.113285,-0.369227,0.686787,-0.162227,0.101370,-0.288274,0.288274,3.000000,0.191294,0.000000,0.000000,0.000139,-0.000025,0.000261,0.415185,-0.016352,0.482181,0.415185,-0.016351,0.482182,0.000000,-0.002197
16.164000,0.090444,-0.403983,0.705456,-0.185068,0.066614,-0.269606,0.269606,3.000000,0.196692,0.000000,0.000000,0.000146,0.000251,-0.000546,0.415184,-0.016351,0.482180,0.415185,-0.016351,0.482182,0.000000,0.004672
16.174000,0.144706,-0.400727,0.676921,-0.130807,0.069870,-0.298140,0.298140,3.000000,0.148298,0.000000,0.000000,0.000189,-0.000179,0.000433,0.415185,-0.016352,0.482185,0.415185,-0.016351,0.482182,0.000000,-0.003720
16.184000,0.135953,-0.356293,0.703867,-0.139560,0.114304,-0.271195,0.271195,3.000000,0.180395,0.000000,0.000000,-0.000297,-0.000099,0.000215,0.415183,-0.016352,0.482183,0.415185,-0.016351,0.482182,0.000000,-0.001841
16.194000,0.130289,-0.342239,0.695150,-0.145223,0.128357,-0.279912,0.279912,3.000000,0.193818,0.000000,0.000000,-0.000039,0.000556,-0.000476,0.415185,-0.016351,0.482181,0.415185,-0.016351,0.482182,0.000000,0.004057
16.204000,0.149167,-0.343671,0.685526,-0.126345,0.126926,-0.289536,0.289536,3.000000,0.179090,0.000000,0.000000,0.000463,-0.000155,-0.000228,0.415185,-0.016351,0.482182,0.415185,-0.016351,0.482182,0.000000,0.001934
16.214000,0.096371,-0.329864,0.689308,-0.179142,0.140732,-0.285754,0.285754,3.000000,0.227810,0.000000,0.000000,0.000030,-0.000670,0.000259,0.415185,-0.016353,0.482182,0.415185,-0.016351,0.482182,0.000000,-0.002190
16.224000,0.132673,-0.347203,0.648940,-0.142839,0.123394,-0.326122,0.326122,3.000000,0.188756,0.000000,0.000000,0.000211,0.000454,-0.000007,0.415185,-0.016350,0.482183,0.415185,-0.016351,0.482182,0.000000,0.000036
16.234000,0.099148,-0.405652,0.664185,-0.176365,0.064944,-0.310876,0.310876,3.000000,0.187942,0.000000,0.000000,-0.000241,0.000387,-0.000193,0.415185,-0.016351,0.482181,0.415185,-0.016351,0.482182,0.000000,0.001646
16.244000,0.125998,-0.406185,0.647910,-0.149514,0.064411,-0.327151,0.327151,3.000000,0.162798,0.000000,0.000000,0.000425,-0.001062,-0.000129,0.415186,-0.016355,0.482181,0.415185,-0.016351,0.482182,0.000000,0.001111
16.254000,0.092685,-0.404245,0.659049,-0.182827,0.066351,-0.316013,0.316013,3.000000,0.194494,0.000000,0.000000,-0.000002,0.000444,-0.000068,0.415185,-0.016349,0.482182,0.415185,-0.016351,0.482182,0.000000,0.000582
16.264000,0.090789,-0.365617,0.668729,-0.184723,0.104979,-0.306333,0.306333,3.000000,0.212469,0.000000,0.000000,0.000047,0.000816,-0.000907,0.415185,-0.016350,0.482180,0.415185,-0.016351,0.482182,0.000000,0.007723
16.274000,0.097537,-0.389570,0.678090,-0.177975,0.081027,-0.296972,0.296972,3.000000,0.195552,0.000000,0.000000,0.000235,-0.000150,-0.000825,0.415185,-0.016352,0.482179,0.415185,-0.016351,0.482182,0.000000,0.007045
16.284000,0.109171,-0.360285,0.688198,-0.166341,0.110312,-0.286863,0.286863,3.000000,0.199595,0.000000,0.000000,-0.000305,-0.000495,-0.000417,0.415184,-0.016353,0.482182,0.415185,-0.016351,0.482182,0.000000,0.003541
16.294000,0.141317,-0.357486,0.662593,-0.134195,0.113111,-0.312469,0.312469,3.000000,0.175506,0.000000,0.000000,0.000337,-0.000623,0.000147,0.415185,-0.016353,0.482183,0.415185,-0.016351,0.482182,0.000000,-0.001261
16.304000,0.130113,-0.345211,0.639841,-0.145399,0.125386,-0.335221,0.335221,3.000000,0.191996,0.000000,0.000000,-0.000239,-0.000374,-0.000480,0.415185,-0.016352,0.482181,0.415185,-0.016351,0.482182,0.000000,0.004095
16.314000,0.134194,-0.363127,0.643564,-0.141319,0.107469,-0.331497,0.331497,3.000000,0.177540,0.000000,0.000000,0.000015,0.000098,0.000111,0.415185,-0.016351,0.482182,0.415185,-0.016351,0.482182,0.000000,-0.000944
16.324000,0.109532,-0.403037,0.650185,-0.165980,0.067559,-0.324876,0.324876,3.000000,0.179203,0.000000,0.000000,0.000283,-0.000132,0.000278,0.415185,-0.016352,0.482182,0.415185,-0.016351,0.482182,0.000000,-0.002360
16.334000,0.126579,-0.359913,0.652626,-0.148933,0.110683,-0.322436,0.322436,3.000000,0.185558,0.000000,0.000000,-0.000501,-0.000408,0.000229,0.415184,-0.016353,0.482182,0.415185,-0.016351,0.482182,0.000000,-0.001950
16.344000,0.139948,-0.397233,0.670344,-0.135564,0.073364,-0.304718,0.304718,3.000000,0.154142,0.000000,0.000000,0.000679,0.000868,0.000311,0.415186,-0.016350,0.482183,0.415185,-0.016351,0.482182,0.000000,-0.002662
16.354000,0.154306,-0.420049,0.631397,-0.121207,0.050548,-0.343665,0.343665,3.000000,0.131324,0.000000,0.000000,0.000254,0.000056,-0.000142,0.415185,-0.016353,0.482181,0.415185,-0.016351,0.482182,0.000000,0.001224
16.364000,0.148831,-0.398179,0.644694,-0.126681,0.072417,-0.330368,0.330368,3.000000,0.145919,0.000000,0.000000,-0.000031,-0.000053,0.000718,0.415184,-0.016353,0.482182,0.415185,-0.016351,0.482182,0.000000,-0.006093
16.374000,0.164546,-0.425281,0.651001,-0.110966,0.045316,-0.324061,0.324061,3.000000,0.119862,0.000000,0.000000,-0.000188,0.000305,0.000149,0.415184,-0.016353,0.482181,0.415185,-0.016351,0.482182,0.000000,-0.001259
16.384000,0.165932,-0.382480,0.619861,-0.109580,0.088117,-0.355200,0.355200,3.000000,0.140614,0.000000,0.000000,0.000114,-0.000519,-0.000331,0.415185,-0.016351,0.482180,0.415185,-0.016351,0.482182,0.000000,0.002843
16.394000,0.124237,-0.363492,0.669769,-0.151275,0.107104,-0.305293,0.305293,3.000000,0.185352,0.000000,0.000000,-0.000095,0.000141,-0.000483,0.415185,-0.016351,0.482181,0.415185,-0.016351,0.482182,0.000000,0.004108
16.404000,0.064784,-0.357905,0.709523,-0.210729,0.112691,-0.265538,0.265538,3.000000,0.238968,0.000000,0.000000,0.000580,0.000171,-0.000460,0.415186,-0.016350,0.482181,0.415185,-0.016351,0.482182,0.000000,0.003918
16.414000,0.058421,-0.392652,0.731178,-0.217091,0.077945,-0.243883,0.243883,3.000000,0.230660,0.000000,0.000000,0.000163,0.000188,-0.000941,0.415186,-0.016351,0.482181,0.415185,-0.016351,0.482182,0.000000,0.007994
16.424000,0.049551,-0.365324,0.684974,-0.225961,0.105272,-0.290088,0.290088,3.000000,0.249280,0.000000,0.000000,0.000138,-0.000087,-0.000179,0.415185,-0.016352,0.482182,0.415185,-0.016351,0.482182,0.000000,0.001514
16.434000,0.088521,-0.371605,0.647699,-0.186991,0.098991,-0.327363,0.327363,3.000000,0.211578,0.000000,0.000000,0.000175,-0.000548,0.000432,0.415185,-0.016353,0.482183,0.415185,-0.016351,0.482182,0.000000,-0.003680
16.444000,0.126675,-0.405463,0.637370,-0.148837,0.065134,-0.337691,0.337691,3.000000,0.162465,0.000000,0.000000,-0.000344,0.000967,-0.000236,0.415185,-0.016351,0.482181,0.415185,-0.016351,0.482182,0.000000,0.002014
16.454000,0.145806,-0.425736,0.654779,-0.129706,0.044861,-0.320282,0.320282,3.000000,0.137245,0.000000,0.000000,-0.000390,-0.000789,0.000036,0.415185,-0.016355,0.482181,0.415185,-0.016351,0.482182,0.000000,-0.000286
16.464000,0.118734,-0.396708,0.663059,-0.156778,0.073888,-0.312002,0.312002,3.000000,0.173317,0.000000,0.000000,-0.000233,0.000631,0.000108,0.415184,-0.016351,0.482183,0.415185,-0.016351,0.482182,0.000000,-0.000937
16.474000,0.102304,-0.392607,0.647679,-0.173208,0.077989,-0.327382,0.327382,3.000000,0.189956,0.000000,0.000000,-0.000336,0.000562,0.000240,0.415184,-0.016349,0.482182,0.415185,-0.016351,0.482182,0.000000,-0.002042
16.484000,0.167331,-0.385522,0.604847,-0.108181,0.085074,-0.370214,0.370214,3.000000,0.137625,0.000000,0.000000,0.000248,-0.000121,-0.000819,0.415185,-0.016352,0.482180,0.415185,-0.016351,0.482182,0.000000,0.006984
16.494000,0.121051,-0.320597,0.675298,-0.154461,0.150000,-0.299764,0.299764,3.000000,0.215309,0.000000,0.000000,-0.000077,-0.000475,-0.000653,0.415184,-0.016353,0.482182,0.415185,-0.016351,0.482182,0.000000,0.005548
16.504000,0.117303,-0.393082,0.683337,-0.158209,0.077515,-0.291724,0.291724,3.000000,0.176178,0.000000,0.000000,0.000127,0.000350,-0.000269,0.415184,-0.016350,0.482180,0.415185,-0.016351,0.482182,0.000000,0.002320
16.514000,0.095060,-0.379392,0.646979,-0.180452,0.091205,-0.328082,0.328082,3.000000,0.202191,0.000000,0.000000,0.000684,0.000298,-0.000578,0.415185,-0.016351,0.482180,0.415185,-0.016351,0.482182,0.000000,0.004935
16.524000,0.076250,-0.351447,0.669350,-0.199262,0.119150,-0.305712,0.305712,3.000000,0.232168,0.000000,0.000000,0.000274,-0.000131,0.000443,0.415186,-0.016352,0.482183,0.415185,-0.016351,0.482182,0.000000,-0.003784
16.534000,0.120371,-0.428508,0.675183,-0.155141,0.042089,-0.299879,0.299879,3.000000,0.160749,0.000000,0.000000,-0.000489,-0.000271,0.000027,0.415183,-0.016352,0.482181,0.415185,-0.016351,0.482182,0.000000,-0.000205
16.544000,0.096985,-0.415687,0.682615,-0.178527,0.054909,-0.292447,0.292447,3.000000,0.186780,0.000000,0.000000,0.000565,-0.000660,-0.000856,0.415186,-0.016352,0.482180,0.415185,-0.016351,0.482182,0.000000,0.007305
16.554000,0.137639,-0.416569,0.640746,-0.137873,0.054027,-0.334316,0.334316,3.000000,0.148081,0.000000,0.000000,0.000297,0.000260,0.000163,0.415184,-0.016353,0.482181,0.415185,-0.016351,0.482182,0.000000,-0.001370
16.564000,0.093504,-0.376491,0.673811,-0.182009,0.094106,-0.301251,0.301251,3.000000,0.204898,0.000000,0.000000,0.000359,0.000273,-0.000110,0.415185,-0.016352,0.482181,0.415185,-0.016351,0.482182,0.000000,0.000938
16.574000,0.108443,-0.403601,0.680488,-0.167070,0.066996,-0.294574,0.294574,3.000000,0.180002,0.000000,0.000000,0.000055,0.000034,0.000166,0.415185,-0.016351,0.482182,0.415185,-0.016351,0.482182,0.000000,-0.001404
16.584000,0.094495,-0.352160,0.670969,-0.181017,0.118437,-0.304093,0.304093,3.000000,0.216320,0.000000,0.000000,0.000310,0.000407,0.000275,0.415185,-0.016350,0.482183,0.415185,-0.016351,0.482182,0.000000,-0.002347
16.594000,0.100768,-0.373126,0.692160,-0.174744,0.097471,-0.282902,0.282902,3.000000,0.200090,0.000000,0.000000,0.000181,0.000355,-0.000115,0.415185,-0.016350,0.482182,0.415185,-0.016351,0.482182,0.000000,0.000971
16.604000,0.110043,-0.379601,0.713355,-0.165469,0.090996,-0.261707,0.261707,3.000000,0.188839,0.000000,0.000000,-0.000007,0.000362,0.000241,0.415184,-0.016351,0.482182,0.415185,-0.016351,0.482182,0.000000,-0.002048
16.614000,0.204068,-0.406174,0.662263,-0.071444,0.064422,-0.312799,0.312799,3.000000,0.096200,0.000000,0.000000,-0.000133,-0.000182,0.000007,0.415184,-0.016353,0.482182,0.415185,-0.016351,0.482182,0.000000,-0.000059
16.624000,0.193375,-0.365585,0.654002,-0.082137,0.105011,-0.321060,0.321060,3.000000,0.133319,0.000000,0.000000,0.000158,-0.000262,-0.000950,0.415185,-0.016352,0.482179,0.415185,-0.016351,0.482182,0.000000,0.008109
16.634000,0.155766,-0.347645,0.674432,-0.119746,0.122951,-0.300629,0.300629,3.000000,0.171628,0.000000,0.000000,-0.000109,-0.000370,0.000234,0.415183,-0.016352,0.482181,0.415185,-0.016351,0.482182,0.000000,-0.001972
16.644000,0.178036,-0.325103,0.641388,-0.097476,0.145494,-0.333673,0.333673,3.000000,0.175128,0.000000,0.000000,0.000621,-0.000488,0.000829,0.415186,-0.016352,0.482182,0.415185,-0.016351,0.482182,0.000000,-0.007038
16.654000,0.148850,-0.374927,0.658587,-0.126662,0.095670,-0.316475,0.316475,3.000000,0.158732,0.000000,0.000000,0.000197,-0.001382,0.000804,0.415185,-0.016354,0.482183,0.415185,-0.016351,0.482182,0.000000,-0.006843
16.664000,0.073750,-0.362917,0.683204,-0.201762,0.107679,-0.291858,0.291858,3.000000,0.228698,0.000000,0.000000,0.000527,0.000730,-0.000191,0.415185,-0.016350,0.482181,0.415185,-0.016351,0.482182,0.000000,0.001640
16.674000,0.028384,-0.419557,0.688676,-0.247128,0.051039,-0.286386,0.286386,3.000000,0.252343,0.000000,0.000000,-0.000259,-0.000765,-0.000866,0.415183,-0.016353,0.482180,0.415185,-0.016351,0.482182,0.000000,0.007370
16.684000,0.079054,-0.360498,0.679210,-0.196458,0.110098,-0.295851,0.295851,3.000000,0.225205,0.000000,0.000000,-0.000171,0.000092,0.000239,0.415184,-0.016351,0.482183,0.415185,-0.016351,0.482182,0.000000,-0.002042
16.694000,0.119523,-0.443005,0.693395,-0.155989,0.027592,-0.281666,0.281666,3.000000,0.158411,0.000000,0.000000,0.000230,0.000335,-0.000218,0.415185,-0.016351,0.482182,0.415185,-0.016351,0.482182,0.000000,0.001838
16.704000,0.118494,-0.395529,0.669714,-0.157018,0.075068,-0.305348,0.305348,3.000000,0.174039,0.000000,0.000000,-0.000451,0.000352,-0.000352,0.415183,-0.016350,0.482183,0.415185,-0.016351,0.482182,0.000000,0.002969
16.714000,0.110968,-0.347606,0.665490,-0.164545,0.122991,-0.309571,0.309571,3.000000,0.205430,0.000000,0.000000,0.000385,-0.000431,-0.000520,0.415185,-0.016352,0.482181,0.415185,-0.016351,0.482182,0.000000,0.004430
16.724000,0.140684,-0.391807,0.634511,-0.134828,0.078789,-0.340550,0.340550,3.000000,0.156162,0.000000,0.000000,-0.000284,0.000702,-0.000316,0.415184,-0.016351,0.482181,0.415185,-0.016351,0.482182,0.000000,0.002701
16.734000,0.125627,-0.387550,0.655917,-0.149885,0.083046,-0.319145,0.319145,3.000000,0.171354,0.000000,0.000000,-0.000033,0.000125,-0.000111,0.415184,-0.016352,0.482182,0.415185,-0.016351,0.482182,0.000000,0.000944
16.744000,0.100538,-0.360039,0.671179,-0.174974,0.110558,-0.303882,0.303882,3.000000,0.206976,0.000000,0.000000,0.000189,-0.000508,0.000815,0.415185,-0.016353,0.482183,0.415185,-0.016351,0.482182,0.000000,-0.006939
16.754000,0.155647,-0.394730,0.641114,-0.119865,0.075867,-0.333947,0.333947,3.000000,0.141857,0.000000,0.000000,0.000262,0.000139,0.000237,0.415185,-0.016351,0.482183,0.415185,-0.016351,0.482182,0.000000,-0.002021
16.764000,0.120482,-0.392642,0.672266,-0.155030,0.077954,-0.302796,0.302796,3.000000,0.173526,0.000000,0.000000,-0.000205,0.000304,0.000421,0.415184,-0.016353,0.482182,0.415185,-0.016351,0.482182,0.000000,-0.003574
16.774000,0.164223,-0.380881,0.667772,-0.111290,0.089716,-0.307290,0.307290,3.000000,0.142948,0.000000,0.000000,-0.000278,0.000605,-0.001162,0.415183,-0.016350,0.482179,0.415185,-0.016351,0.482182,0.000000,0.009915
16.784000,0.143027,-0.410684,0.671541,-0.132485,0.059913,-0.303521,0.303521,3.000000,0.145402,0.000000,0.000000,0.000156,-0.000366,-0.000591,0.415185,-0.016352,0.482180,0.415185,-0.016351,0.482182,0.000000,0.005055
16.794000,0.172596,-0.373753,0.664530,-0.102916,0.096844,-0.310531,0.310531,3.000000,0.141317,0.000000,0.000000,0.000168,-0.000022,0.000514,0.415185,-0.016352,0.482181,0.415185,-0.016351,0.482182,0.000000,-0.004351
